v -23.5865001678467 34.7054672241211 -3.85073947906494
v -23.4647216796875 35.6492881774902 -3.92034769058228
v -23.3710956573486 36.5972023010254 -3.97472381591797
v -23.2867298126221 37.5464210510254 -4.02388668060303
v -23.2038593292236 38.4955139160156 -4.07284784317017
v -23.1237525939941 39.445011138916 -4.11890459060669
v -23.0486011505127 40.3943176269531 -4.16240549087524
v -22.9656963348389 41.3421821594238 -4.21009874343872
v -22.8876132965088 42.2903938293457 -4.25207185745239
v -22.8059482574463 43.2381706237793 -4.29352855682373
v -22.72243309021 44.1858444213867 -4.33365631103516
v -22.6319141387939 45.1327972412109 -4.37176370620728
v -22.5582313537598 46.0824203491211 -4.40601396560669
v -22.4892921447754 47.0317420959473 -4.42932367324829
v -22.4252700805664 47.9814987182617 -4.44921207427979
v -22.3707065582275 48.9322319030762 -4.47017192840576
v -22.3249320983887 49.8837623596191 -4.48622035980225
v -22.288106918335 50.8368988037109 -4.50051403045654
v -22.251485824585 51.7893524169922 -4.51641941070557
v -22.2265338897705 52.7424850463867 -4.53027248382568
v -22.2063007354736 53.6965560913086 -4.54328489303589
v -22.1843185424805 54.6500205993652 -4.55098819732666
v -22.1548156738281 55.6038246154785 -4.55918788909912
v -22.1234321594238 56.5571060180664 -4.5642557144165
v -22.0943202972412 57.5099716186523 -4.56060647964478
v -22.067777633667 58.4620056152344 -4.55114603042603
v -22.0362396240234 59.4117889404297 -4.54090976715088
v -22.0030689239502 60.3625907897949 -4.52733516693115
v -21.9709320068359 61.3128967285156 -4.50676012039185
v -21.9402141571045 62.2607955932617 -4.48196935653687
v -21.9168643951416 63.2068939208984 -4.44217443466187
v -21.8926181793213 64.1501922607422 -4.40066814422607
v -21.8768882751465 65.0944137573242 -4.34948968887329
v -21.8631324768066 66.0353393554688 -4.29107141494751
v -21.8496322631836 66.9749374389648 -4.23788976669312
v -21.8555889129639 67.9141464233398 -4.16725540161133
v -21.8545894622803 68.8532104492188 -4.10207414627075
v -21.8568859100342 69.7927932739258 -4.01812744140625
v -21.8388843536377 70.731559753418 -3.92310452461243
v -21.8298645019531 71.6726760864258 -3.8077974319458
v -21.7942218780518 72.6084671020508 -3.67573547363281
v -21.7458972930908 73.5441665649414 -3.53397607803345
v -21.6838932037354 74.4763641357422 -3.39865159988403
v -21.6140079498291 75.4078903198242 -3.23103809356689
v -21.5218029022217 76.3414077758789 -3.06560564041138
v -21.3802433013916 77.2715225219727 -2.91160249710083
v -21.214864730835 78.1988372802734 -2.78133416175842
v -20.9948787689209 79.1172332763672 -2.6671826839447
v -20.700704574585 80.0137786865234 -2.56034207344055
v -20.3481578826904 80.8944625854492 -2.45500898361206
v -20.0840702056885 81.8123779296875 -2.39272809028625
v -19.8437767028809 82.7657775878906 -2.34556078910828
v -19.5828037261963 83.7216110229492 -2.34712290763855
v -19.290210723877 84.6622085571289 -2.26537680625916
v -19.0400390625 85.6428756713867 -2.21588206291199
v -18.8295764923096 86.6602096557617 -2.20515298843384
v -18.6240139007568 87.7133636474609 -2.20630431175232
v 18.9031238555908 87.1276092529297 -2.13049387931824
v 19.1070556640625 86.0922775268555 -2.16166496276855
v 19.3402194976807 85.100944519043 -2.17013239860535
v 19.5622634887695 84.1392974853516 -2.23578023910522
v 19.8210601806641 83.1693572998047 -2.26224517822266
v 20.0909595489502 82.2288665771484 -2.32356691360474
v 20.2856941223145 81.29345703125 -2.36640620231628
v 20.5115451812744 80.3748016357422 -2.46283507347107
v 20.8127059936523 79.4854202270508 -2.58076477050781
v 21.1229858398438 78.6033172607422 -2.709468126297
v 21.4214744567871 77.7245864868164 -2.83046698570251
v 21.7205123901367 76.8473281860352 -2.95519328117371
v 21.9463176727295 75.943603515625 -3.10173869132996
v 22.1458320617676 75.041015625 -3.25375723838806
v 22.3222713470459 74.1354370117188 -3.42892837524414
v 22.4946784973145 73.2335891723633 -3.61369013786316
v 22.6365203857422 72.3250045776367 -3.81456971168518
v 22.7623386383057 71.4163055419922 -4.00860977172852
v 22.858304977417 70.5062408447266 -4.22007608413696
v 22.9531993865967 69.5933456420898 -4.42186689376831
v 23.0172176361084 68.6754150390625 -4.62739610671997
v 23.0795726776123 67.7529449462891 -4.82401466369629
v 23.1332054138184 66.8273010253906 -5.01014423370361
v 23.1844329833984 65.8981704711914 -5.17026090621948
v 23.2312393188477 64.9651107788086 -5.31475877761841
v 23.2697105407715 64.0273818969727 -5.4548602104187
v 23.3099422454834 63.0865135192871 -5.58220434188843
v 23.3571758270264 62.1417465209961 -5.67597532272339
v 23.4071559906006 61.1956443786621 -5.76186656951904
v 23.458381652832 60.2457237243652 -5.83691167831421
v 23.5051879882812 59.2930679321289 -5.90132093429565
v 23.5569915771484 58.341438293457 -5.94204807281494
v 23.6107883453369 57.3887825012207 -5.9703164100647
v 23.6593112945557 56.4347076416016 -5.99267196655273
v 23.7001667022705 55.4783554077148 -6.00749444961548
v 23.7415084838867 54.5224800109863 -6.0069317817688
v 23.7806091308594 53.5649948120117 -5.99931240081787
v 23.8246841430664 52.6098747253418 -5.98287057876587
v 23.8635215759277 51.6559829711914 -5.96563673019409
v 23.9169845581055 50.7062187194824 -5.94245052337646
v 23.9693183898926 49.7593955993652 -5.92013454437256
v 24.038330078125 48.8187484741211 -5.90151309967041
v 24.1129856109619 47.8816452026367 -5.88030624389648
v 24.2041568756104 46.9500694274902 -5.86201763153076
v 24.3032741546631 46.0210914611816 -5.84110069274902
v 24.4078540802002 45.0946655273438 -5.81399250030518
v 24.5319385528564 44.1729202270508 -5.78275632858276
v 24.7489833831787 43.272388458252 -5.75606298446655
v 24.9668979644775 42.3739356994629 -5.72516584396362
v 25.3448143005371 41.5334968566895 -5.69981575012207
v 25.2733936309814 40.6117401123047 -5.7156777381897
v 25.1973857879639 39.6906394958496 -5.73529863357544
v 25.2474479675293 38.7701988220215 -5.75490379333496
v 25.3106956481934 37.8514099121094 -5.77594709396362
v 25.3844470977783 36.934139251709 -5.79516553878784
v 25.4746608734131 36.0192489624023 -5.81431150436401
v 25.5897598266602 35.1076049804688 -5.83121204376221
v -18.4188022613525 88.7473297119141 -2.27123594284058
v -18.3124599456787 89.7389755249023 -2.14280772209167
v -18.2039985656738 90.6966934204102 -2.07845187187195
v -18.0972919464111 91.6455001831055 -2.01730895042419
v -18.0029048919678 92.5529479980469 -1.82517123222351
v -17.8652992248535 93.4376831054688 -1.71732687950134
v -17.6697540283203 94.3040008544922 -1.59580945968628
v -17.4241371154785 95.1571655273438 -1.45604074001312
v -17.1182441711426 95.9718551635742 -1.38326358795166
v -16.7681770324707 96.7648391723633 -1.27801692485809
v -16.4161796569824 97.4980621337891 -1.10136306285858
v -16.0475463867188 98.2842559814453 -0.911846458911896
v -15.7436447143555 99.0463943481445 -0.747784733772278
v -15.4865579605103 99.8258361816406 -0.601096510887146
v -15.2807664871216 100.628242492676 -0.439376145601273
v -15.0983352661133 101.410354614258 -0.297860592603683
v -14.8892116546631 102.229858398438 -0.283450484275818
v -14.71213722229 103.034736633301 -0.199802920222282
v -14.5274953842163 103.834014892578 -0.10068516433239
v -14.2971086502075 104.62654876709 0.000665691797621548
v -14.075249671936 105.435211181641 0.089290015399456
v -13.984715461731 106.294380187988 0.167702943086624
v 14.6060962677002 105.975868225098 0.144151732325554
v 14.7081747055054 105.091651916504 0.0780075043439865
v 14.9346170425415 104.253196716309 -0.000904367188923061
v 15.1878566741943 103.432258605957 -0.0690944269299507
v 15.3900680541992 102.601303100586 -0.151258111000061
v 15.5740823745728 101.776359558105 -0.254322052001953
v 15.7617702484131 100.939155578613 -0.405049413442612
v 15.9347057342529 100.106597900391 -0.457914024591446
v 16.0936698913574 99.2795562744141 -0.551153957843781
v 16.2807655334473 98.4697875976562 -0.730277717113495
v 16.5669116973877 97.6901397705078 -0.95860344171524
v 16.9224224090576 96.910530090332 -1.12855923175812
v 17.2596969604492 96.145637512207 -1.3281672000885
v 17.529468536377 95.3684692382812 -1.57520842552185
v 17.7931175231934 94.5498580932617 -1.69980752468109
v 17.9816188812256 93.7440490722656 -1.95344197750092
v 18.1328449249268 92.8992080688477 -2.13305139541626
v 18.2706508636475 91.9365844726562 -2.01849460601807
v 18.3478374481201 91.0037689208984 -2.1351535320282
v 18.4482517242432 90.0689544677734 -2.19238495826721
v 18.5568523406982 89.1599884033203 -2.21988034248352
v 18.719051361084 88.1545944213867 -2.06073355674744
v 18.9737339019775 87.1531066894531 -0.919874668121338
v 18.9647388458252 87.1196594238281 0.336231410503387
v 18.8214778900146 87.0384979248047 1.6259959936142
v 18.4837856292725 86.8383407592773 2.88192105293274
v 17.993293762207 86.5350341796875 4.08454513549805
v 17.3315258026123 86.3799743652344 5.15064811706543
v 16.5153198242188 86.118896484375 6.15126180648804
v 15.6098260879517 85.8538665771484 6.98228454589844
v 14.6559391021729 85.6913909912109 7.58118534088135
v 13.4741554260254 85.4622573852539 8.12334251403809
v 12.3040828704834 85.2672805786133 8.5380277633667
v 11.1809549331665 85.0604476928711 8.93078804016113
v 10.1348705291748 84.8486404418945 9.29049205780029
v 9.08320140838623 84.7473220825195 9.60025691986084
v 7.95417213439941 84.6319961547852 9.94039249420166
v 6.83486843109131 84.5099411010742 10.2667064666748
v 5.71261692047119 84.3597106933594 10.5835790634155
v 4.54236602783203 84.2630081176758 10.8982849121094
v 3.3728666305542 84.1830062866211 11.2053689956665
v 2.28805351257324 84.0673294067383 11.4637832641602
v 1.16521430015564 84.0290832519531 11.7288017272949
v -0.0504356361925602 84.0515899658203 11.7166595458984
v -1.17113959789276 84.1367034912109 11.5630350112915
v -2.35981345176697 84.2568664550781 11.3776321411133
v -3.51750922203064 84.386833190918 11.1723098754883
v -4.62983989715576 84.4644546508789 10.9695119857788
v -5.71005630493164 84.6983489990234 10.7163887023926
v -6.84285831451416 84.8358688354492 10.4551849365234
v -7.95220899581909 84.935302734375 10.1596021652222
v -9.02049255371094 85.111213684082 9.91974067687988
v -10.1135272979736 85.2549896240234 9.62105274200439
v -11.1898794174194 85.4767837524414 9.38715839385986
v -12.3312931060791 85.6863861083984 9.10778427124023
v -13.4706020355225 85.939323425293 8.70016193389893
v -14.5751037597656 86.2392349243164 8.08275127410889
v -15.6066637039185 86.5190048217773 7.32323122024536
v -16.5342044830322 86.8159255981445 6.39497137069702
v -17.3082447052002 87.0802764892578 5.30981111526489
v -17.8967342376709 87.2620620727539 4.16973209381104
v -18.330415725708 87.541015625 2.9175398349762
v -18.6361312866211 87.6161727905273 1.68469977378845
v -18.7762641906738 87.7567520141602 0.388231158256531
v -18.7528095245361 87.8001251220703 -0.971915364265442
v -18.3007125854492 87.9505767822266 -3.40232753753662
v -17.9328746795654 88.0792617797852 -4.59735345840454
v -17.5214252471924 88.1369934082031 -5.68511152267456
v -17.0665397644043 88.3014602661133 -6.71836614608765
v -16.4508018493652 88.4528961181641 -7.81690645217896
v -15.7010288238525 88.5488128662109 -8.95961380004883
v -14.8836297988892 88.6421813964844 -10.0035924911499
v -14.036717414856 88.5991897583008 -10.8998937606812
v -13.0900249481201 88.6934204101562 -11.6924495697021
v -12.1142950057983 88.6641311645508 -12.4011564254761
v -11.0785627365112 88.7523193359375 -12.9882478713989
v -9.9827766418457 88.6587448120117 -13.5056409835815
v -8.84908103942871 88.696418762207 -13.8802032470703
v -7.62290573120117 88.6801605224609 -14.1631259918213
v -6.41516160964966 88.6465530395508 -14.3154392242432
v -5.20928478240967 88.5879364013672 -14.3588905334473
v -4.16799688339233 88.5335006713867 -14.3886194229126
v -3.09148073196411 88.5732116699219 -14.387487411499
v -1.93538963794708 88.5661697387695 -14.4093885421753
v -0.759631097316742 88.5262451171875 -14.4467239379883
v 0.409241139888763 88.4770355224609 -14.4899244308472
v 1.53548467159271 88.472900390625 -14.5220947265625
v 2.59276127815247 88.442756652832 -14.5666580200195
v 3.62778544425964 88.498779296875 -14.5895090103149
v 4.77458190917969 88.5621185302734 -14.6264362335205
v 6.00027847290039 88.5508117675781 -14.6210689544678
v 7.22813940048218 88.5317306518555 -14.523549079895
v 8.34320259094238 88.5090484619141 -14.3058300018311
v 9.44582653045654 88.5709915161133 -13.9607887268066
v 10.5222053527832 88.4859771728516 -13.5348424911499
v 11.572437286377 88.5190277099609 -13.0058469772339
v 12.6294393539429 88.5077362060547 -12.3272304534912
v 13.5788202285767 88.4203796386719 -11.5861978530884
v 14.4636163711548 88.4260482788086 -10.7441902160645
v 15.3001127243042 88.2928466796875 -9.88118743896484
v 16.0166835784912 88.2374114990234 -8.92676067352295
v 16.6982307434082 88.1229400634766 -7.86008930206299
v 17.305643081665 87.9555816650391 -6.71080207824707
v 17.795051574707 87.715202331543 -5.64104843139648
v 18.241418838501 87.5826950073242 -4.51378774642944
v 18.6285438537598 87.4147186279297 -3.28623175621033
v -23.7614498138428 34.433780670166 -3.7482602596283
v 25.5910491943359 34.7837028503418 -5.83972930908203
v 25.3928890228271 34.9745445251465 -4.71892309188843
v 25.1498851776123 35.1633071899414 -3.60288000106812
v 24.9469547271729 35.358097076416 -2.48406767845154
v 24.2623805999756 35.5173721313477 -1.59104716777802
v 23.3698329925537 35.5646057128906 -1.87843441963196
v 22.6833076477051 35.605712890625 -2.55864453315735
v 22.0369892120361 35.6542739868164 -3.2888810634613
v 21.444974899292 35.7067985534668 -4.08127212524414
v 21.5241851806641 35.8036842346191 -5.2185959815979
v 21.7548160552979 35.9433746337891 -6.34026288986206
v 21.9965724945068 36.1017761230469 -7.44683408737183
v 22.3373928070068 36.2688446044922 -8.51560592651367
v 22.473237991333 36.3935050964355 -9.52495384216309
v 22.4121837615967 36.4692993164062 -10.4105367660522
v 22.2651557922363 36.5341148376465 -11.2796030044556
v 21.9759311676025 36.585578918457 -12.1242952346802
v 21.4193210601807 36.6042709350586 -12.8510761260986
v 20.6091461181641 36.5875053405762 -13.2860670089722
v 19.7031135559082 36.5830268859863 -13.2607727050781
v 18.8300628662109 36.584415435791 -13.0881071090698
v 17.838794708252 36.5943794250488 -13.0939931869507
v 16.7938461303711 36.6075172424316 -13.1685886383057
v 15.704213142395 36.6181755065918 -13.3058547973633
v 14.6828603744507 36.602481842041 -13.6699552536011
v 13.565637588501 36.6056175231934 -13.8740911483765
v 12.3015813827515 36.6393775939941 -13.8741788864136
v 10.6805667877197 36.741096496582 -13.2743282318115
v 8.92355155944824 36.8715972900391 -12.365626335144
v 7.19562244415283 36.9954261779785 -11.5445718765259
v 5.57392644882202 37.101978302002 -11.1078634262085
v 3.98057413101196 37.2130241394043 -10.6672229766846
v 2.4144287109375 37.32958984375 -10.2017459869385
v 0.672167241573334 37.4110221862793 -9.91827011108398
v -1.26869034767151 37.4293937683105 -9.95974063873291
v -3.15966081619263 37.4297256469727 -10.0376443862915
v -5.07778072357178 37.3905868530273 -10.2676601409912
v -6.94796895980835 37.330436706543 -10.6162910461426
v -8.20334911346436 37.1725311279297 -11.2928800582886
v -8.85230445861816 36.9883308410645 -12.0635576248169
v -9.50803089141846 36.8078880310059 -12.8326778411865
v -10.472770690918 36.6677589416504 -13.4717988967896
v -11.8581447601318 36.6845092773438 -13.3997936248779
v -13.2588243484497 36.7815856933594 -12.9726514816284
v -14.6850233078003 36.9018020629883 -12.4335250854492
v -15.9337072372437 36.9537391662598 -12.2253904342651
v -17.0950946807861 36.9944152832031 -12.0946798324585
v -18.011531829834 37.013240814209 -12.2134704589844
v -18.8250770568848 37.0329627990723 -12.4199333190918
v -19.480073928833 37.0387802124023 -12.784704208374
v -20.2330913543701 37.0630111694336 -13.0319490432739
v -21.039945602417 37.1101913452148 -13.1387586593628
v -21.6357383728027 37.0827369689941 -12.4739942550659
v -21.9226493835449 36.9596824645996 -11.600869178772
v -22.0786075592041 36.8056297302246 -10.6850442886353
v -22.0915260314941 36.6331367492676 -9.75308322906494
v -22.0429000854492 36.4516716003418 -8.81169986724854
v -21.9377784729004 36.2657318115234 -7.85291337966919
v -21.7617797851562 36.0761489868164 -6.83438968658447
v -21.5917205810547 35.8876914978027 -5.80362415313721
v -21.4848365783691 35.7059745788574 -4.73579931259155
v -21.4073810577393 35.5325927734375 -3.66519522666931
v -21.3176174163818 35.3590812683105 -2.59309887886047
v -21.1417007446289 35.1721382141113 -1.527960896492
v -21.3818492889404 35.0694541931152 -0.500891268253326
v -22.2854423522949 34.8994178771973 -0.954874336719513
v -22.7358894348145 34.7195053100586 -1.91343247890472
v -23.1147804260254 34.5386810302734 -2.90191388130188
v -0.220281958580017 61.6665954589844 -13.0055131912231
v -16.2078704833984 52.1818313598633 -13.2382478713989
v 15.5267133712769 51.737922668457 -12.5864677429199
v -10.6074542999268 72.9980163574219 -13.427375793457
v 10.2283792495728 73.0158309936523 -13.4865846633911
v -1.09351170063019 50.3062362670898 -12.0774354934692
v 13.919958114624 62.5546684265137 -12.6294651031494
v -16.8856925964355 63.3714408874512 -12.4285678863525
v 21.1796569824219 45.9184188842773 -8.26181221008301
v -20.7157783508301 46.1313972473145 -8.72535800933838
v 19.7187366485596 57.7058410644531 -8.70493030548096
v -0.236151665449142 77.7037048339844 -14.3859920501709
v 10.9833688735962 44.7280426025391 -13.7958211898804
v -11.0621004104614 44.8291282653809 -13.9273281097412
v -19.6541519165039 56.231861114502 -8.27040958404541
v -1.93700397014618 69.3718185424805 -13.6521968841553
v -10.4393653869629 57.9755859375 -14.1548690795898
v 8.52356624603271 56.5350151062012 -13.7995758056641
v 18.0900840759277 69.7905654907227 -10.4729242324829
v 15.9023818969727 79.5673294067383 -10.9032878875732
v -15.7149305343628 79.9154739379883 -10.8933715820312
v -18.2209625244141 70.7970504760742 -10.1097412109375
v -9.83208084106445 65.6580047607422 -13.8314075469971
v 7.28857660293579 66.2419662475586 -13.771577835083
v 8.09300804138184 80.3406600952148 -14.3535537719727
v -0.342002153396606 43.8538856506348 -11.1104202270508
v -8.14252758026123 79.7726440429688 -14.0325937271118
v -17.9703712463379 46.2364807128906 -13.1121673583984
v 18.5113525390625 43.1086730957031 -12.9740333557129
v 18.9083957672119 63.8923225402832 -8.98727989196777
v -9.56148624420166 50.5387954711914 -14.225492477417
v -0.578162014484406 55.9649505615234 -12.6236324310303
v 8.58926200866699 50.7646255493164 -13.7400178909302
v 20.6310768127441 51.7853927612305 -9.60946559906006
v -18.6774978637695 62.953296661377 -6.68100023269653
v -16.9237213134766 57.7696228027344 -13.0830230712891
v 14.6573371887207 57.1641693115234 -12.6270275115967
v 21.3577079772949 41.5630798339844 -3.41582822799683
v -19.3790740966797 50.8067626953125 -4.98931694030762
v -20.399040222168 41.5050621032715 -4.47790431976318
v 20.4640445709229 49.5725326538086 -3.58483982086182
v 13.0782442092896 67.7201156616211 -12.7980117797852
v -20.0873146057129 51.062572479248 -10.8616123199463
v -20.9476184844971 42.2788734436035 -12.2317056655884
v -16.3548717498779 41.8297119140625 -12.3179502487183
v 8.70757675170898 61.3781700134277 -13.7703351974487
v 21.7978172302246 41.368335723877 -10.3372869491577
v 4.76486444473267 70.8859329223633 -13.9344892501831
v -2.62449812889099 82.7297286987305 -14.7744922637939
v 18.209379196167 75.0956726074219 -8.02482318878174
v 19.1648273468018 47.9043464660645 -12.557071685791
v -14.7500152587891 67.613395690918 -12.8532743453979
v -4.68150043487549 73.8061981201172 -14.0936326980591
v -18.232105255127 75.9088745117188 -7.95270395278931
v 5.37486028671265 75.7889175415039 -14.1578578948975
v -8.48697566986084 41.5370292663574 -12.270580291748
v -19.6963844299316 46.1365509033203 -3.37892079353333
v 20.1028709411621 54.6489143371582 -3.86149144172668
v 14.9637041091919 74.7674255371094 -11.9851999282837
v 4.31957674026489 47.06494140625 -12.4058084487915
v 2.81944346427917 81.8329544067383 -14.7991056442261
v -15.5252161026001 74.1611633300781 -11.9230298995972
v 19.7638969421387 60.1151123046875 -4.25033092498779
v 13.6320428848267 40.8618927001953 -13.4653739929199
v 6.65768623352051 41.5053977966309 -12.2183361053467
v -18.4797916412354 67.6867523193359 -6.18928480148315
v 19.057315826416 67.513427734375 -5.67561292648315
v 17.9157962799072 60.3394508361816 -11.9097805023193
v -7.54323053359985 47.585636138916 -12.517279624939
v -14.4065179824829 48.4594078063965 -12.9123020172119
v 13.3416566848755 83.4935531616211 -12.7335052490234
v -12.2908782958984 83.4099502563477 -13.1812734603882
v 13.0935153961182 48.2960739135742 -13.1966304779053
v 18.6652050018311 54.8111000061035 -12.1378021240234
v -4.81162357330322 65.1119766235352 -13.3256635665894
v -7.97262811660767 61.6904029846191 -14.2355947494507
v 18.1056900024414 83.2116317749023 -7.64770841598511
v -5.96767520904541 58.6049652099609 -13.0929679870605
v -7.87224149703979 54.605152130127 -13.8192481994629
v -19.0713424682617 58.5206108093262 -4.15680503845215
v -12.8148355484009 62.510986328125 -13.1962995529175
v -17.8279800415039 83.6087799072266 -7.66287231445312
v -19.275749206543 60.024097442627 -10.0502767562866
v 11.8868293762207 77.8085708618164 -13.1140651702881
v 20.8623180389404 45.5402030944824 -3.5006947517395
v -13.9429512023926 55.3597373962402 -13.1935987472534
v 1.827800989151 65.3431777954102 -13.3782920837402
v -7.36594343185425 69.5112838745117 -14.1823406219482
v 16.8647918701172 66.039421081543 -11.8985385894775
v 19.0900802612305 71.4907150268555 -6.20622491836548
v -12.1844444274902 77.1240997314453 -12.959698677063
v -18.9607124328613 54.6243171691895 -12.0747966766357
v -18.7502040863037 72.4498977661133 -5.95785284042358
v 4.2816309928894 59.2083473205566 -13.2948894500732
v 11.6891651153564 53.619312286377 -13.4329061508179
v 18.9078769683838 79.1176071166992 -7.17653512954712
v -7.22599315643311 83.9922637939453 -14.7713108062744
v 4.71554374694824 53.8836441040039 -13.1459875106812
v 0.566389679908752 73.4906234741211 -14.0846614837646
v -19.3920116424561 54.5223045349121 -3.30918216705322
v -18.3394165039062 66.8224258422852 -10.5777416229248
v 19.5598983764648 63.8955307006836 -4.66842603683472
v -21.4614639282227 40.4036712646484 -8.65721225738525
v -18.8218059539795 79.7693634033203 -6.77868366241455
v 6.5706672668457 84.1838912963867 -15.0668802261353
v 9.60110855102539 69.3112487792969 -13.6351566314697
v 10.8951807022095 64.3323211669922 -13.3820209503174
v 14.7964239120483 71.0480575561523 -12.3108587265015
v 11.9283351898193 59.5249214172363 -13.1261415481567
v -2.07855844497681 40.659122467041 -10.6143436431885
v 15.1932897567749 45.1201362609863 -12.8253765106201
v 20.2600841522217 40.0204238891602 -12.9924983978271
v -20.9640941619873 38.9605827331543 -1.21785938739777
v -11.5226755142212 69.4289932250977 -13.2659111022949
v 20.813814163208 45.0384750366211 -11.6563396453857
v 23.6656093597412 39.1733856201172 -1.844477891922
v -4.14775657653809 53.1143455505371 -12.5524978637695
v -8.106032371521 75.9572448730469 -13.8848724365234
v -4.04409170150757 79.2047576904297 -14.3726921081543
v 21.5262145996094 39.619499206543 -6.85950708389282
v -11.7592601776123 41.7237319946289 -13.7033357620239
v -1.5403698682785 46.9192085266113 -11.6540946960449
v -21.0922031402588 42.5514869689941 -1.34778916835785
v -15.2744064331055 60.5004234313965 -13.168568611145
v -15.2732648849487 70.8452758789062 -12.4227647781372
v 21.0716724395752 42.8326530456543 -6.87746858596802
v 9.21844100952148 47.6905784606934 -13.6955890655518
v -8.13275814056396 44.5474395751953 -12.4591283798218
v 23.3906536102295 43.5792961120605 -2.20546889305115
v -15.5856904983521 44.8775405883789 -12.4986600875854
v -20.1998252868652 47.7979354858398 -11.8339052200317
v -17.9344577789307 49.5151863098145 -13.2168779373169
v -20.3902492523193 49.1506156921387 -2.03478980064392
v 19.1438503265381 60.8316879272461 -7.94330787658691
v 4.40764999389648 62.6430511474609 -13.4048919677734
v 17.527868270874 72.8336181640625 -10.7793121337891
v 17.2567386627197 40.5276985168457 -12.8205451965332
v -18.8166637420654 40.2133979797363 -12.8573474884033
v -18.5282821655273 43.2333297729492 -13.0138416290283
v 18.6427154541016 66.8552703857422 -9.13894367218018
v 0.868193864822388 84.8619079589844 -14.9094190597534
v 22.9565658569336 47.2483711242676 -2.44131708145142
v 2.44329237937927 68.3419342041016 -13.6607885360718
v -19.9194755554199 52.941707611084 -7.96526098251343
v -13.0149402618408 52.3155288696289 -13.4277791976929
v -10.3735179901123 47.6731452941895 -14.1656532287598
v -6.79178714752197 50.452751159668 -12.6158590316772
v -0.26383575797081 58.805492401123 -12.8259868621826
v 4.12546014785767 49.9732246398926 -12.7039709091187
v 19.9138603210449 54.5337562561035 -7.74328756332397
v 20.9612865447998 48.6508827209473 -9.95184516906738
v 18.9326438903809 51.0025939941406 -12.398627281189
v -15.5231790542603 83.1988296508789 -10.8606424331665
v -19.3882064819336 61.6372566223145 -3.46386194229126
v -19.1784725189209 65.1801300048828 -4.01575469970703
v 21.9623470306396 52.2430114746094 -2.66765451431274
v 19.9040603637695 51.7995872497559 -6.06528663635254
v 4.69573020935059 78.964973449707 -14.4324769973755
v 4.78194141387939 44.2378463745117 -12.1210641860962
v 17.110990524292 63.1449241638184 -12.094202041626
v -19.9250545501709 48.020637512207 -6.23433685302734
v -20.878927230835 43.2131004333496 -7.49853420257568
v -21.059944152832 38.8497581481934 -5.78454303741455
v -18.9397716522217 62.8976707458496 -10.0241250991821
v 9.03959941864014 75.9828262329102 -13.7628955841064
v 9.98029804229736 83.1404495239258 -14.3451318740845
v -12.6854124069214 80.2452163696289 -12.8443145751953
v -19.2014675140381 57.3372840881348 -11.1516962051392
v -16.4877796173096 54.9751167297363 -13.318247795105
v -13.9922122955322 39.5558090209961 -12.7950096130371
v -20.8186798095703 45.0015411376953 -11.4198274612427
v 21.4890727996826 38.5177726745605 -3.78548741340637
v 19.9169521331787 76.7077865600586 -5.60533428192139
v 18.7397022247314 57.6279678344727 -11.6949596405029
v 3.81587100028992 56.5486831665039 -13.0918750762939
v 12.0697412490845 50.9303436279297 -13.3429107666016
v 14.864239692688 59.9860649108887 -12.6089544296265
v 21.3066005706787 57.4746551513672 -3.19022369384766
v 19.500768661499 57.5013771057129 -5.35574340820312
v 14.5432004928589 54.4074630737305 -12.6212091445923
v 11.7272682189941 56.8171653747559 -13.28395652771
v 16.2477474212646 47.6107444763184 -12.5290946960449
v 17.642017364502 77.3840026855469 -9.6585111618042
v 20.352783203125 48.3399047851562 -6.65817642211914
v -5.21771144866943 61.2726287841797 -13.1248340606689
v -21.5300388336182 39.6507911682129 -11.7792959213257
v -15.2571401596069 77.0273742675781 -11.632080078125
v -20.0943851470947 51.9281806945801 -2.33305168151855
v -19.6272487640381 77.2889175415039 -5.39917516708374
v -14.48597240448 64.8116760253906 -13.0241174697876
v -13.7606019973755 58.1587791442871 -13.2131986618042
v 16.0538425445557 85.0912017822266 -10.0004615783691
v 3.23605036735535 39.8816795349121 -10.9576768875122
v -18.6775054931641 65.407096862793 -8.02478313446045
v -18.9554538726807 60.1528244018555 -6.85729074478149
v 1.05990850925446 52.7043952941895 -12.3898248672485
v -9.87164688110352 39.2901649475098 -13.4440727233887
v 13.5233373641968 65.124755859375 -12.6791019439697
v 15.8543128967285 68.4709091186523 -12.1416540145874
v -19.36598777771 70.0216369628906 -4.44027376174927
v -20.4293556213379 48.8375587463379 -9.13842296600342
v -18.5438175201416 52.0360870361328 -12.8616323471069
v -6.84366130828857 66.7913284301758 -14.0687065124512
v 10.5285539627075 39.4434089660645 -13.5174875259399
v -17.7016525268555 78.2054977416992 -9.32979583740234
v -18.3411178588867 73.2509994506836 -8.75592422485352
v 19.6998977661133 74.0609588623047 -5.61471509933472
v -10.934684753418 54.2819061279297 -14.1646299362183
v 13.3742036819458 80.4804458618164 -12.7883043289185
v -21.4834594726562 45.4592781066895 -1.65604615211487
v -18.3683185577393 70.0589370727539 -7.32740449905396
v 21.9161243438721 39.0388221740723 -11.4177846908569
v 20.2197418212891 69.6878051757812 -4.20972537994385
v -3.70994400978088 85.5347671508789 -14.7874202728271
v 10.5148839950562 66.8580932617188 -13.4563121795654
v 22.6540870666504 49.7733154296875 -2.60425806045532
v 15.7574825286865 82.3367919921875 -10.9538793563843
v 8.587646484375 54.0568046569824 -13.8327398300171
v -17.6849632263184 60.1332969665527 -12.3795757293701
v 11.97385597229 70.8601684570312 -13.085901260376
v -4.76461315155029 42.5954704284668 -11.1767177581787
v -5.00568199157715 76.5325775146484 -14.1502799987793
v -13.8642635345459 85.8501129150391 -11.7853469848633
v 7.99265384674072 58.9764137268066 -13.7558441162109
v 11.4065599441528 61.9006614685059 -13.2386112213135
v 7.51692533493042 63.7441558837891 -13.7306232452393
v -5.47189521789551 81.6614761352539 -14.5578088760376
v 22.352180480957 54.7829780578613 -3.1719822883606
v 20.8502922058105 42.6046180725098 -12.2138395309448
v 21.5419692993164 43.7676582336426 -9.64407062530518
v -6.92318153381348 39.706859588623 -11.0726366043091
v -16.3209533691406 85.7212982177734 -9.18877696990967
v 18.1084098815918 45.6285133361816 -12.8507947921753
v -4.5759801864624 71.047477722168 -13.9196119308472
v -7.71562528610229 73.3150634765625 -14.050856590271
v -1.86570727825165 75.3076248168945 -14.184380531311
v 15.5620365142822 42.6389007568359 -13.0412969589233
v -12.1219463348389 60.094970703125 -13.4467277526855
v -10.1054677963257 85.5717697143555 -14.0256357192993
v -1.19041776657104 80.2730484008789 -14.589147567749
v 19.4755058288574 81.5316696166992 -5.52631139755249
v 7.88315963745117 71.4649200439453 -13.8716592788696
v 1.33141446113586 70.8921890258789 -13.8778657913208
v 5.79982137680054 68.4860229492188 -13.8051862716675
v -7.67829895019531 52.4089546203613 -13.3772611618042
v -16.9440650939941 69.0219268798828 -11.8153820037842
v -12.2447166442871 67.0287322998047 -13.1519975662231
v -5.06259155273438 55.310977935791 -12.7767667770386
v -19.7336177825928 74.756591796875 -4.94662523269653
v -20.3672943115234 56.8169403076172 -2.5583655834198
v 11.4927034378052 85.6497421264648 -13.5909643173218
v 18.3731651306152 69.315185546875 -7.60933685302734
v -21.2642269134521 42.5587120056152 -9.88764572143555
v 21.1810894012451 62.1343803405762 -3.56729412078857
v 20.7480735778809 65.9953842163086 -3.8340961933136
v -0.619199395179749 67.1107788085938 -13.4325313568115
v 18.6346683502197 85.0288543701172 -5.31530427932739
v 2.12929534912109 75.8548812866211 -14.2574901580811
v -19.6274700164795 67.5351943969727 -3.62825107574463
v -20.2132129669189 45.3150978088379 -6.074791431427
v -19.9664974212646 43.6902465820312 -3.39257788658142
v 3.87000751495361 73.4403305053711 -14.0842380523682
v -18.3383331298828 85.476203918457 -5.3148078918457
v 11.6830644607544 75.2054290771484 -13.1203260421753
v -13.3482427597046 72.5714874267578 -12.8868656158447
v -17.0232448577881 39.6612777709961 -12.2217063903809
v 14.9331903457642 38.81591796875 -13.3102312088013
v 3.72855758666992 84.3851928710938 -15.0065269470215
v 13.3072032928467 72.9088439941406 -12.6955881118774
v -9.51636505126953 82.2159652709961 -14.2094202041626
v 15.5292997360229 77.1448745727539 -11.4764814376831
v -19.2045993804932 82.2232666015625 -5.38446998596191
v 18.6091480255127 65.4804000854492 -6.97067785263062
v -7.40392065048218 64.3553085327148 -14.1147403717041
v -1.28419005870819 63.921329498291 -13.1626243591309
v -19.3035087585449 54.6798858642578 -6.14345932006836
v 2.70520877838135 42.140438079834 -11.2192144393921
v 10.7181844711304 41.6487007141113 -13.6971969604492
v -16.5212802886963 66.1049041748047 -12.3364105224609
v 7.37435340881348 45.592845916748 -13.0172786712646
v 1.57609963417053 48.6383399963379 -11.9643936157227
v 23.1158790588379 41.3352890014648 -1.93791115283966
v 7.41033172607422 73.9331970214844 -13.9354972839355
v 21.8176212310791 59.7525520324707 -3.5519380569458
v 10.8016910552979 80.743278503418 -13.891884803772
v 7.27655982971191 77.9271087646484 -14.1398591995239
v 17.4758052825928 81.1208190917969 -9.11950302124023
v -16.6240119934082 47.9267616271973 -12.9099521636963
v 1.49236238002777 79.6372375488281 -14.5612010955811
v 5.56426620483398 81.3182830810547 -14.7114791870117
v -17.2510662078857 72.6350173950195 -11.0383720397949
v -17.2762222290039 75.7098007202148 -10.4527940750122
v -4.34299850463867 67.5546798706055 -13.5049495697021
v -12.3765897750854 74.7401504516602 -12.9983587265015
v 17.2791423797607 75.1291885375977 -10.6203289031982
v -20.4199180603027 59.7066078186035 -2.81316900253296
v 19.1024131774902 61.8947372436523 -10.3032522201538
v -17.4948539733887 81.1407775878906 -8.78653335571289
v -4.40576171875 44.6996803283691 -11.5077819824219
v 1.90603482723236 45.7038269042969 -11.6087503433228
v -12.1909580230713 64.6818923950195 -13.2086572647095
v -10.242579460144 63.0140419006348 -13.8272085189819
v 18.2205905914307 72.7710189819336 -8.20578002929688
v 13.9721927642822 85.9146957397461 -11.8803930282593
v -9.29755973815918 42.8793411254883 -13.4912662506104
v 0.150286018848419 82.3958969116211 -14.8145456314087
v 17.3974952697754 49.4066047668457 -12.7022676467896
v -15.9555234909058 50.0273857116699 -12.9643278121948
v 19.921558380127 56.0564613342285 -10.4440898895264
v 20.1794528961182 53.8346824645996 -10.4898900985718
v 22.1845855712891 38.6477279663086 -9.2410249710083
v -7.94243097305298 56.917594909668 -14.0451383590698
v -2.37126803398132 72.6661224365234 -13.9686098098755
v 20.4679622650146 72.3713684082031 -4.21270847320557
v -9.52499103546143 70.8530426025391 -13.7497119903564
v -9.40299415588379 67.9405899047852 -13.8811645507812
v -4.39337205886841 48.9433097839355 -12.1022062301636
v -11.9860954284668 49.4984359741211 -13.7739763259888
v -13.5113821029663 46.354175567627 -13.1360836029053
v -8.40514278411865 48.9777565002441 -13.5605564117432
v -8.92642116546631 46.1695594787598 -13.6015062332153
v 19.4711074829102 59.3926811218262 -10.3195829391479
v 20.1417636871338 78.8653182983398 -4.94877815246582
v -19.9210872650146 53.2567100524902 -10.4313840866089
v -9.50168895721436 59.9320831298828 -14.2896757125854
v 4.93623971939087 64.9843215942383 -13.5530157089233
v -10.5043983459473 78.8449630737305 -13.472469329834
v -20.0342330932617 50.6288299560547 -7.60736036300659
v 8.92276096343994 85.4877624511719 -14.6189041137695
v 16.6687679290771 58.5366477966309 -12.5588655471802
v -22.2073974609375 37.1529731750488 -1.08032298088074
v -18.587028503418 68.7803421020508 -9.40198612213135
v 11.8432769775391 46.6071166992188 -13.6220226287842
v 14.2651958465576 50.0148239135742 -12.7404441833496
v 18.6599426269531 38.7357406616211 -13.0036602020264
v 13.3807783126831 43.8342399597168 -13.3576917648315
v -19.1455860137939 57.9287567138672 -6.67723321914673
v 16.9692764282227 56.3195686340332 -12.5980749130249
v 17.618896484375 52.8648338317871 -12.7070007324219
v 10.8889589309692 49.2324409484863 -13.767352104187
v -3.16118931770325 57.3950653076172 -12.8208875656128
v -7.18150091171265 59.9411964416504 -13.8360834121704
v 4.1772780418396 51.9547004699707 -12.9051761627197
v -20.9743347167969 37.5073280334473 -2.84142541885376
v 20.6567707061768 50.0513458251953 -8.20670413970947
v -21.688497543335 38.3506813049316 -8.10551357269287
v 24.944263458252 37.5841102600098 -2.97140026092529
v 18.8429222106934 62.7827682495117 -6.76561880111694
v -14.8828258514404 62.5494537353516 -13.1133098602295
v 6.75121593475342 39.5442886352539 -11.8984575271606
v -19.0988426208496 56.398120880127 -4.64911699295044
v 8.39224529266357 43.4824142456055 -13.1075525283813
v -19.5409832000732 58.1928558349609 -9.03638362884521
v -20.657413482666 39.5208473205566 -3.58307218551636
v -21.0970916748047 53.8419799804688 -2.4115743637085
v 17.4092922210693 85.7891540527344 -7.67846727371216
v -5.94186067581177 63.1399192810059 -13.4484128952026
v -18.3095951080322 64.7065277099609 -10.9961538314819
v -19.4717636108398 48.2249870300293 -3.83779144287109
v -13.271767616272 43.5778732299805 -13.1738224029541
v -19.7134799957275 46.0646705627441 -12.785080909729
v 9.74719524383545 78.6780776977539 -13.8146152496338
v -11.7707386016846 56.2682762145996 -13.7588567733765
v -15.1976270675659 56.8483276367188 -13.2756681442261
v -15.1229581832886 53.7711448669434 -13.1444044113159
v 21.0132465362549 47.5861892700195 -2.96059250831604
v 21.4741325378418 43.6052665710449 -2.8724057674408
v 20.5406188964844 44.815601348877 -5.93803310394287
v -9.57726097106934 52.5246849060059 -14.3687496185303
v 17.8875122070312 67.79296875 -11.031795501709
v 18.28489112854 64.7299270629883 -11.0014352798462
v 20.2297229766846 52.5273551940918 -3.74438810348511
v -20.958984375 40.7948722839355 -6.54450082778931
v -22.2951965332031 40.7046012878418 -1.74032092094421
v -19.1040668487549 61.6266250610352 -8.34917068481445
v 18.6172389984131 77.0922088623047 -7.55956029891968
v 24.8495388031006 40.5697898864746 -3.17295169830322
v -19.8857975006104 79.3001556396484 -4.72152137756348
v -19.2446098327637 52.8990859985352 -4.79307746887207
v -20.0442695617676 43.9277191162109 -12.8185777664185
v 15.2909870147705 64.1282730102539 -12.4644937515259
v 21.1340484619141 46.6347045898438 -10.3326387405396
v 13.5134515762329 52.7082786560059 -12.8109502792358
v 10.276572227478 52.1517601013184 -13.7588987350464
v 1.69189977645874 63.191349029541 -13.185962677002
v 6.00636100769043 57.6332168579102 -13.5003089904785
v -2.67811727523804 77.2904052734375 -14.2956113815308
v 13.5066890716553 76.4342575073242 -12.5154361724854
v 10.4337911605835 55.2848510742188 -13.670599937439
v -6.91076707839966 77.8741607666016 -14.0414485931396
v -17.9389877319336 56.1568565368652 -12.7604551315308
v -19.7150344848633 55.5969772338867 -10.354287147522
v -20.0000915527344 72.7346496582031 -3.96108031272888
v 2.34024143218994 55.0311279296875 -12.7454919815063
v 7.02843856811523 52.5153121948242 -13.5106735229492
v 6.25921535491943 55.4087562561035 -13.4854316711426
v 19.2233409881592 59.3400268554688 -6.35065746307373
v 14.9111747741699 66.6808547973633 -12.4552087783813
v 6.19101524353027 60.5456466674805 -13.5624132156372
v 1.86328446865082 60.2387962341309 -13.0058813095093
v -2.52869820594788 60.1852493286133 -12.9508876800537
v -7.16490411758423 86.3558502197266 -14.671516418457
v 10.3473129272461 58.2406349182129 -13.6614980697632
v 21.246208190918 64.1093597412109 -3.7308247089386
v 5.47968626022339 86.2893600463867 -15.0212469100952
v 20.3291873931885 46.9639701843262 -4.93641757965088
v -13.8363342285156 78.5363464355469 -12.2263135910034
v -10.1496467590332 74.9958038330078 -13.5215625762939
v 22.7116947174072 37.5813903808594 -2.5251636505127
v -21.0011024475098 44.416088104248 -9.5293607711792
v 20.3563365936279 50.2627830505371 -10.9857759475708
v -20.3630695343018 41.0250511169434 -2.30738472938538
v -20.2956104278564 63.4893188476562 -3.03965067863464
v -21.8145809173584 38.6010284423828 -10.0872535705566
v -20.4248180389404 40.5940475463867 -13.0273838043213
v 24.0216331481934 45.4902038574219 -3.19450831413269
v -17.3418636322021 44.5630416870117 -12.7275714874268
v -18.4728775024414 77.8264007568359 -7.29892110824585
v 4.36179637908936 66.8971481323242 -13.6320924758911
v -18.8715591430664 63.2840614318848 -4.48124599456787
v 14.1579761505127 78.6215667724609 -12.1586332321167
v -18.4613971710205 74.3226699829102 -6.82315969467163
v -21.7027645111084 47.5413208007812 -2.12224674224854
v 21.1037483215332 67.9742736816406 -3.95762491226196
v -1.50894737243652 84.7212295532227 -14.8533668518066
v 7.06893634796143 49.2491760253906 -13.2861700057983
v -19.3018169403076 50.3704681396484 -12.4726181030273
v 21.6650447845459 37.7849006652832 -6.56963300704956
v 0.141812860965729 39.2093238830566 -10.1958980560303
v 19.5916805267334 62.0047378540039 -4.54252910614014
v 22.2791042327881 45.4925880432129 -2.22987985610962
v 15.755181312561 61.7010879516602 -12.5400114059448
v -17.6921939849854 53.6489677429199 -13.1377334594727
v -6.39392423629761 46.0573883056641 -11.9942655563354
v 22.0897541046143 40.0080413818359 -2.75337767601013
v -18.613941192627 67.2367401123047 -8.29628849029541
v -13.8768424987793 82.0516662597656 -12.2781543731689
v -20.3485641479492 43.2334785461426 -5.42961502075195
v 16.6640148162842 54.5233917236328 -12.6948680877686
v 20.7339401245117 42.9166717529297 -4.64205932617188
v 20.864330291748 41.161003112793 -5.61179208755493
v 21.0223770141602 38.3698120117188 -12.829701423645
v -6.7597017288208 71.486930847168 -14.1497402191162
v -4.96744155883789 83.6902236938477 -14.8039121627808
v 7.56617307662964 82.2823638916016 -14.8184499740601
v -13.1562881469727 70.6429901123047 -13.0227918624878
v -20.4836139678955 38.8032493591309 -13.135329246521
v 8.66011714935303 67.6725769042969 -13.7965888977051
v 11.6324853897095 68.9620895385742 -13.1731271743774
v -9.580322265625 55.7088279724121 -14.3633918762207
v 21.9358730316162 40.3977355957031 -8.81154918670654
v -14.1159000396729 50.6545562744141 -13.0543880462646
v 10.006628036499 71.1480865478516 -13.5379772186279
v 14.1458520889282 69.2880859375 -12.5596609115601
v 16.5094432830811 70.20703125 -11.753360748291
v 15.3170366287231 72.8809509277344 -12.0398349761963
v 20.669849395752 75.3112640380859 -4.26613569259644
v 14.453164100647 46.8417854309082 -12.8911695480347
v 17.0624542236328 44.2801246643066 -12.6340951919556
v 13.2778081893921 55.8308181762695 -12.8039999008179
v -21.4645042419434 41.1430931091309 -10.896484375
v -0.416502684354782 54.2474479675293 -12.4709663391113
v 5.8988471031189 72.4619827270508 -13.999415397644
v -18.6582260131836 61.3735008239746 -11.1649255752563
v 19.5987606048584 55.6132545471191 -5.85604476928711
v -9.97394847869873 76.9244689941406 -13.548755645752
v -6.34836292266846 56.8760986328125 -13.0722103118896
v -13.2072401046753 68.5890197753906 -13.0447807312012
v 3.20839715003967 86.4307632446289 -14.8853368759155
v 10.4463682174683 60.3958740234375 -13.5995454788208
v 12.466118812561 63.5970687866211 -12.8672161102295
v 12.9791078567505 58.1210899353027 -12.81374168396
v 9.62459945678711 62.9703674316406 -13.6779851913452
v 12.8982696533203 61.0292854309082 -12.7960577011108
v 9.06847286224365 65.0291213989258 -13.7311687469482
v -18.5417747497559 65.8614807128906 -5.93423700332642
v 2.00182914733887 77.7659225463867 -14.3951406478882
v 18.2903213500977 71.0095138549805 -8.09665203094482
v -4.44978094100952 69.2753753662109 -13.7398614883423
v -22.3146190643311 43.649040222168 -2.34527850151062
v 21.346981048584 40.9386215209961 -11.9717283248901
v 18.8670825958252 41.2961120605469 -13.003604888916
v 17.7393951416016 79.2270736694336 -8.98869323730469
v -0.604498267173767 42.1980857849121 -10.7995281219482
v -3.56019377708435 39.0927963256836 -10.4053592681885
v 19.3503341674805 65.6300659179688 -4.9820818901062
v -6.40488433837891 74.8598403930664 -14.0654544830322
v -18.3624172210693 71.728874206543 -7.83898639678955
v 21.7262115478516 42.2721748352051 -8.78258037567139
v 20.0372371673584 49.9673843383789 -5.7070050239563
v -22.6023025512695 38.8680763244629 -2.05981278419495
v -21.5069351196289 50.7091445922852 -2.38187599182129
v 24.6432609558105 42.4145431518555 -3.38467478752136
v 1.34434759616852 57.3345909118652 -12.7734298706055
v 12.9319534301758 38.3453559875488 -13.9015130996704
v 19.4097347259521 52.6573944091797 -11.7997703552246
v -1.90818011760712 51.904914855957 -12.3178281784058
v 12.1457462310791 66.1876525878906 -13.0109424591064
v -19.2779846191406 41.752326965332 -13.1477193832397
v -17.9391384124756 41.6267623901367 -12.5842618942261
v -20.7283306121826 46.550968170166 -10.5730428695679
v -20.287992477417 49.3135299682617 -10.9526834487915
v -18.8237285614014 47.8502922058105 -13.0875768661499
v -16.626895904541 46.2105827331543 -12.6510047912598
v -16.7326641082764 61.5999908447266 -12.7667045593262
v -15.4008073806763 58.6758308410645 -13.2642974853516
v 19.4018859863281 83.2946548461914 -4.54594755172729
v -18.302188873291 58.5594787597656 -12.09778881073
v -3.57368659973145 62.7118759155273 -13.0960865020752
v -10.7819013595581 61.3643798828125 -13.7615442276001
v -6.74343538284302 53.8992500305176 -12.9704685211182
v 6.76162147521973 70.0069274902344 -13.9101581573486
v -19.8964138031006 54.5530853271484 -8.79463481903076
v -8.39951133728027 58.5195465087891 -14.307240486145
v 22.7279949188232 56.505054473877 -3.89520525932312
v 19.7642364501953 53.6552886962891 -5.70098114013672
v 20.3184127807617 46.6739196777344 -11.9431295394897
v 19.9045391082764 43.9684829711914 -12.6620292663574
v -6.04238271713257 79.8353424072266 -14.2913074493408
v -3.17220449447632 80.8920059204102 -14.5855226516724
v 1.83750832080841 51.054931640625 -12.3132295608521
v -17.5158557891846 85.3812484741211 -7.3804407119751
v 23.1251907348633 53.3081893920898 -3.86659836769104
v -1.21295666694641 45.3561744689941 -11.4127626419067
v -0.245938211679459 86.5621871948242 -14.7419862747192
v 23.4471797943115 51.1041259765625 -3.85102200508118
v -18.3404445648193 38.6932945251465 -12.455883026123
v -14.215615272522 75.4859619140625 -12.3592948913574
v -18.8730487823486 60.2837295532227 -4.74432373046875
v 16.8654479980469 38.9703063964844 -13.0639963150024
v -17.0725574493408 50.8576011657715 -13.2746829986572
v 18.5925884246826 81.5099563598633 -7.38375377655029
v -9.67162227630615 40.9478492736816 -13.528995513916
v -14.2146644592285 42.1453971862793 -12.8007974624634
v 23.7203712463379 48.5947036743164 -3.68320083618164
v -11.4519176483154 81.6093215942383 -13.5357007980347
v -13.7167520523071 61.0384826660156 -13.1616077423096
v -7.46247816085815 82.1490173339844 -14.5272169113159
v -1.92877590656281 65.5440216064453 -13.2865409851074
v -19.6054763793945 51.9022331237793 -6.47826242446899
v -20.1724300384521 51.6533050537109 -9.16191959381104
v -18.8112354278564 44.8229751586914 -13.1762323379517
v 18.4679641723633 68.5517425537109 -9.3675479888916
v 19.1248550415039 69.1823501586914 -5.73117017745972
v 11.6769485473633 43.097339630127 -13.8587455749512
v -2.49351572990417 70.9681396484375 -13.8057680130005
v 21.2848472595215 44.2895774841309 -7.90317487716675
v -12.1008348464966 85.2964477539062 -13.1018667221069
v 6.60487651824951 62.099437713623 -13.628719329834
v -20.1030960083008 47.417366027832 -2.2328794002533
v -16.4145584106445 43.4411239624023 -12.3955907821655
v -11.4419002532959 71.3804321289062 -13.282247543335
v -15.2191600799561 69.2033767700195 -12.5891799926758
v -16.9771003723145 71.0150833129883 -11.5078582763672
v -15.6104011535645 72.4791870117188 -12.1214256286621
v 20.1919593811035 52.7696647644043 -7.92213296890259
v 19.920783996582 56.074047088623 -8.51477241516113
v -20.3586120605469 69.097785949707 -3.33567309379578
v 24.4287223815918 44.0077323913574 -3.77250647544861
v 3.7797224521637 76.8885803222656 -14.2935428619385
v -8.73237419128418 38.7125549316406 -12.1672086715698
v -19.4788665771484 49.8208885192871 -3.40957307815552
v -19.0221672058105 75.8502960205078 -6.24906301498413
v -20.6247215270996 65.4044570922852 -3.23957085609436
v 19.4198246002197 59.2610092163086 -8.2836275100708
v -21.2224559783936 37.3143196105957 -5.0607647895813
v 12.3483753204346 81.9218902587891 -13.372145652771
v 21.3145790100098 50.7052116394043 -2.7006733417511
v 21.1273784637451 53.6515808105469 -2.92024564743042
v -11.9420948028564 38.3564186096191 -13.4848184585571
v -20.8864879608154 61.2934875488281 -3.01543259620667
v -6.52638816833496 41.2431678771973 -11.2151441574097
v 6.50311708450317 47.7638053894043 -13.0161972045898
v 9.8860034942627 46.1528625488281 -13.779468536377
v -13.5078630447388 53.840404510498 -13.2717847824097
v -11.582594871521 51.0431213378906 -13.9847421646118
v -14.874960899353 52.0859756469727 -12.9772615432739
v -13.7397127151489 66.2417221069336 -13.0159502029419
v 20.966064453125 39.6545677185059 -4.92250299453735
v -8.24362182617188 43.0485992431641 -12.3166618347168
v -9.14073181152344 44.6402740478516 -13.5792026519775
v 17.0710391998291 82.7568359375 -9.36570358276367
v 14.7861452102661 84.3255386352539 -11.5156764984131
v -18.7307586669922 61.5281105041504 -5.90498399734497
v 2.22329711914062 72.3988723754883 -14.0261640548706
v -15.6417798995972 38.5157852172852 -12.304557800293
v 13.2825984954834 45.4262580871582 -13.3422746658325
v -4.75347375869751 47.4237022399902 -11.9292707443237
v 20.2681064605713 48.7080688476562 -11.5240802764893
v 21.0947685241699 47.4346885681152 -8.83135890960693
v -19.24538230896 56.3549346923828 -6.50080966949463
v 22.5903549194336 58.3447189331055 -4.07726812362671
v 0.223480075597763 75.1678009033203 -14.2058191299438
v -0.418777257204056 71.890495300293 -13.9363307952881
v 20.530387878418 58.8504409790039 -3.49546122550964
v 20.1029853820801 56.4125900268555 -3.79858493804932
v -19.0626468658447 83.9046401977539 -4.45535945892334
v 1.07619917392731 40.9250793457031 -10.6199340820312
v -18.3687705993652 82.0242538452148 -7.21937131881714
v 4.80386161804199 38.5754699707031 -11.1507482528687
v 17.6833896636963 71.2566299438477 -10.8320064544678
v 18.0484008789062 74.0680465698242 -9.54653263092041
v -15.3894538879395 47.1236991882324 -12.607460975647
v 19.1148548126221 60.9611701965332 -5.95997714996338
v 3.89756178855896 61.0609169006348 -13.2898473739624
v -1.4592912197113 48.4408874511719 -11.8504629135132
v -9.93198204040527 80.4617462158203 -13.8076705932617
v 19.0660076141357 49.4509086608887 -12.4687662124634
v 17.1728057861328 50.9946441650391 -12.7110233306885
v -21.8072566986084 49.1336555480957 -2.66315269470215
v 1.83593416213989 47.1683044433594 -11.8140516281128
v 13.2748003005981 42.3496894836426 -13.4413738250732
v -21.5930042266846 52.3288650512695 -2.64824295043945
v 0.692748606204987 69.3404846191406 -13.684871673584
v 1.70206844806671 66.8866424560547 -13.4941139221191
v 4.03382110595703 69.4120712280273 -13.8189716339111
v -21.1656913757324 41.7505073547363 -7.95073366165161
v -20.7759304046631 44.7269058227539 -7.95231151580811
v 19.0459384918213 62.294017791748 -8.5251522064209
v -17.810661315918 74.1340560913086 -10.1819276809692
v 4.48600101470947 82.7483444213867 -14.9189510345459
v 4.01588010787964 48.5292434692383 -12.5143461227417
v 6.04304838180542 50.8269729614258 -13.2005348205566
v 2.08523273468018 83.4494552612305 -14.9235363006592
v 17.3629150390625 42.1106033325195 -12.7154321670532
v 15.4346265792847 40.2605628967285 -13.1468706130981
v 21.1600360870361 37.266960144043 -4.80241727828979
v -20.3788013458252 70.9548873901367 -3.37505078315735
v -8.77006053924561 78.1882400512695 -13.7939500808716
v 18.7273197174072 63.3175010681152 -10.677508354187
v -20.1559429168701 44.8974990844727 -2.27939963340759
v -6.08806657791138 51.920970916748 -12.6080904006958
v -18.9157390594482 64.3662796020508 -9.37454891204834
v -6.12963962554932 68.3683700561523 -13.9947862625122
v 20.1225433349609 51.024356842041 -4.30280160903931
v 24.8842658996582 39.0766258239746 -3.01870083808899
v 24.0143241882324 46.9265327453613 -3.90558218955994
v 13.2570219039917 74.5529479980469 -12.6774063110352
v -20.204948425293 76.2324447631836 -4.09542512893677
v -11.2890090942383 86.9212341308594 -13.2876882553101
v -11.1452169418335 43.0913963317871 -13.8383798599243
v 18.7821178436279 65.3595504760742 -9.37929534912109
v 18.5030727386475 66.9570999145508 -7.32444524765015
v 18.2309608459473 66.2377090454102 -10.785174369812
v 19.6439189910889 45.4565544128418 -12.5918502807617
v 15.9153242111206 53.1853942871094 -12.635910987854
v -16.2452602386475 81.6032791137695 -10.3318319320679
v -14.0215291976929 83.8203887939453 -12.0415487289429
v -16.678653717041 83.9979553222656 -9.3271369934082
v -8.06942176818848 50.9025382995605 -13.5133361816406
v -12.4112358093262 48.0886688232422 -13.5964193344116
v -9.90467739105225 49.0946960449219 -14.2094068527222
v -10.6515922546387 46.2361221313477 -14.0686025619507
v -7.24334669113159 49.0231285095215 -12.5812883377075
v -4.02594757080078 50.359561920166 -12.2402429580688
v 2.26866173744202 58.8061408996582 -12.9460124969482
v -19.7372398376465 49.6186561584473 -6.16984939575195
v -20.3350276947021 46.6554222106934 -7.10872459411621
v -19.8344116210938 46.6626663208008 -5.17481327056885
v -20.471887588501 55.2627410888672 -2.43300914764404
v 19.534496307373 56.8285331726074 -7.00104093551636
v 8.79090881347656 38.3680992126465 -12.5066576004028
v 6.32083940505981 79.8122253417969 -14.4281101226807
v 3.33444452285767 80.1826553344727 -14.6076469421387
v 21.3432559967041 45.147159576416 -10.2070627212524
v 20.589527130127 46.8089179992676 -6.82157468795776
v 2.30531811714172 44.279125213623 -11.480845451355
v 6.12466764450073 42.9403533935547 -12.2940654754639
v 4.3383846282959 45.6573638916016 -12.2084426879883
v 3.20791125297546 64.1855239868164 -13.3755741119385
v 21.1956691741943 71.0119171142578 -4.15474128723145
v 22.3148365020752 42.536491394043 -2.23544788360596
v 17.2109394073486 84.3735809326172 -8.68152618408203
v 15.2563304901123 86.6358642578125 -10.4470348358154
v 20.9056968688965 77.2230072021484 -4.34504413604736
v 10.2992429733276 77.1327285766602 -13.5497398376465
v 7.20913887023926 76.2722702026367 -14.0385112762451
v 10.0568313598633 74.6362762451172 -13.5264835357666
v -8.51284980773926 40.1400299072266 -12.0813837051392
v -18.5730514526367 64.4661483764648 -6.69363355636597
v -17.2787094116211 67.501106262207 -11.7363119125366
v -19.2899990081787 53.1238708496094 -11.978590965271
v -1.7095057964325 78.6908264160156 -14.4350166320801
v -18.4263916015625 68.575325012207 -7.54334592819214
v -2.07919192314148 86.4376907348633 -14.7115993499756
v 5.55945014953613 77.3584671020508 -14.2361793518066
v -11.6248302459717 40.190803527832 -13.6560153961182
v -18.9410591125488 63.0782279968262 -8.34300518035889
v -18.1890926361084 63.2897109985352 -11.4370050430298
v 16.9169940948486 64.5870056152344 -12.0276956558228
v 17.959846496582 61.8715133666992 -11.6906404495239
v -2.98279929161072 58.7917327880859 -12.8924293518066
v 11.354377746582 79.2887802124023 -13.4580860137939
v 20.6374588012695 73.8393859863281 -4.21309804916382
v -16.8510818481445 86.8501968383789 -7.84173727035522
v 21.9788188934326 39.9216423034668 -10.2494401931763
v -14.1286792755127 59.6073532104492 -13.1760244369507
v 11.6432752609253 83.8732681274414 -13.6777076721191
v 8.35671043395996 83.8139038085938 -14.8171644210815
v 9.32152366638184 81.5555572509766 -14.4090442657471
v 10.1669654846191 86.8083572387695 -14.0367212295532
v -19.8196678161621 80.9517822265625 -4.35168027877808
v -21.3385162353516 39.5583992004395 -7.31950330734253
v -8.54036235809326 47.5711288452148 -13.506872177124
v 23.9619274139404 36.988826751709 -1.7341034412384
v -22.5065517425537 42.1298446655273 -2.51198291778564
v -9.15750598907471 83.9378280639648 -14.4097948074341
v 21.5087909698486 42.7603034973145 -10.8420104980469
v 21.0482864379883 55.4632911682129 -3.07744169235229
v -20.9148120880127 43.6179695129395 -11.7695293426514
v 19.9060249328613 71.0588607788086 -4.76690435409546
v 7.77820730209351 86.8587417602539 -14.7485523223877
v 22.2026596069336 37.9230804443359 -10.5563535690308
v 16.2787246704102 71.6906967163086 -11.7391204833984
v 19.4706230163574 77.9408187866211 -6.37328910827637
v 19.0987224578857 75.8590240478516 -6.80917644500732
v -12.1995344161987 78.6956329345703 -12.9338455200195
v -14.2595796585083 80.076545715332 -11.9494009017944
v -15.1266374588013 86.8267974853516 -10.342493057251
v -16.7797508239746 77.2133255004883 -10.5499496459961
v -5.24558877944946 86.6923141479492 -14.6961584091187
v -15.6466407775879 40.5029716491699 -12.378716468811
v 14.7771463394165 48.5420150756836 -12.6768198013306
v 16.5254249572754 73.8653335571289 -11.3868427276611
v -13.9226846694946 73.9919052124023 -12.6195774078369
v -21.1740379333496 58.2604866027832 -2.91356515884399
v -13.1467170715332 44.9569129943848 -13.2445974349976
v 12.6347808837891 39.770435333252 -13.836597442627
v 8.4558162689209 40.4316825866699 -12.6925344467163
v 21.5002002716064 41.0186080932617 -7.31170701980591
v 14.9852867126465 58.5664405822754 -12.609938621521
v 15.4938335418701 55.597053527832 -12.6390829086304
v 20.2125473022461 48.4767227172852 -4.79363107681274
v -21.485876083374 37.527645111084 -6.71218013763428
v 20.2043361663818 80.4238815307617 -4.38347482681274
v 22.314847946167 61.1724624633789 -4.1862268447876
v -16.4596195220947 56.4091682434082 -13.2662763595581
v -13.9196224212646 56.7626075744629 -13.1825313568115
v -12.1959390640259 57.6972846984863 -13.5433130264282
v -19.300573348999 58.6586074829102 -10.5322246551514
v -19.0291957855225 56.0012245178223 -11.6914167404175
v -19.6655521392822 56.9018859863281 -9.71900653839111
v -16.3920001983643 53.5672607421875 -13.3279762268066
v -15.238224029541 55.1558647155762 -13.2515554428101
v -18.9003849029541 59.0898551940918 -5.71852922439575
v 5.10584497451782 40.6113357543945 -11.6489877700806
v 19.7242259979248 57.4889907836914 -10.3923377990723
v 18.5394859313965 59.0486793518066 -11.6461172103882
v 18.5237255096436 56.232666015625 -12.0463943481445
v -17.1053104400635 64.8085556030273 -12.1188230514526
v -18.6827201843262 70.9008483886719 -5.76995658874512
v -19.0029754638672 68.5448760986328 -4.76154184341431
v 4.01255416870117 57.8832054138184 -13.1853351593018
v 16.5164051055908 46.0616683959961 -12.5438976287842
v -15.5157899856567 63.8570327758789 -12.9527606964111
v -13.905330657959 63.4923553466797 -13.0666666030884
v -18.7472705841064 65.6868286132812 -9.81786823272705
v -20.1981544494629 48.9137992858887 -7.56145906448364
v 5.59074783325195 73.9594345092773 -14.0650644302368
v 20.2226333618164 54.8832817077637 -9.38644218444824
v 14.9880952835083 80.836311340332 -11.698127746582
v 14.3083019256592 82.2337951660156 -12.1842966079712
v -20.8940277099609 36.688720703125 -1.30245542526245
v -7.72636747360229 67.9155197143555 -14.2179946899414
v -8.57979583740234 66.6212463378906 -14.1647300720215
v -19.2618370056152 60.2315788269043 -8.44723796844482
v 15.8130655288696 50.3443832397461 -12.5736017227173
v -20.7253856658936 40.0877151489258 -5.11814737319946
v 20.7661800384521 44.2282028198242 -4.06413793563843
v -9.85069942474365 69.3976440429688 -13.6933422088623
v -20.5575580596924 47.977123260498 -10.3438024520874
v -20.2990894317627 50.2426986694336 -9.09032440185547
v 1.49185216426849 86.7675476074219 -14.7697477340698
v -8.90155601501465 86.9417953491211 -14.243709564209
v -15.179253578186 84.8640518188477 -10.8234281539917
v 17.6630744934082 48.0023956298828 -12.7453279495239
v -21.114725112915 44.0491256713867 -1.46140944957733
v -19.7282657623291 49.0569610595703 -12.2443447113037
v 11.7547512054443 72.3894119262695 -13.1296682357788
v -9.06731224060059 72.3080444335938 -13.8614778518677
v 12.9273252487183 54.4301948547363 -12.9656133651733
v 20.2662773132324 41.4280319213867 -12.787787437439
v -20.5260906219482 47.5306777954102 -8.4238862991333
v 19.5258598327637 80.0532150268555 -5.91916704177856
v 3.1352367401123 53.1619758605957 -12.7526245117188
v 12.390022277832 49.5743560791016 -13.3137216567993
v 11.8651523590088 52.2749824523926 -13.3838262557983
v 10.510760307312 50.8017997741699 -13.772515296936
v 22.0706157684326 48.4112930297852 -2.39481377601624
v 11.5653305053711 47.9617881774902 -13.6262083053589
v 19.9411869049072 67.1160507202148 -4.32228088378906
v -6.71630430221558 61.2919807434082 -13.7059812545776
v -5.13762617111206 59.9253959655762 -13.0305051803589
v -16.3813228607178 59.6917304992676 -13.0897846221924
v 16.435754776001 86.3805694580078 -9.04815864562988
v 14.0008535385132 51.3802871704102 -12.7442750930786
v -19.4899578094482 53.3104972839355 -6.46183919906616
v -19.2719173431396 58.9933891296387 -7.72185516357422
v 2.08591747283936 61.8081893920898 -13.1321506500244
v -3.43862628936768 75.9313430786133 -14.1897525787354
v -22.8105201721191 36.2510566711426 -2.32166481018066
v 19.5535640716553 58.8161659240723 -4.78644514083862
v 13.365927696228 59.4786148071289 -12.7328252792358
v 16.4113693237305 60.4344444274902 -12.5203609466553
v -9.6486120223999 38.0517463684082 -13.1523580551147
v -17.2331886291504 82.6162109375 -8.95051193237305
v 18.6717662811279 73.9449996948242 -7.03937673568726
v 10.2300615310669 56.8809471130371 -13.6929979324341
v -17.0668678283691 79.6847915649414 -9.63313293457031
v -20.2184066772461 42.4475708007812 -2.54968118667603
v 18.0346641540527 76.2693252563477 -8.8111572265625
v 16.8395500183105 78.523567199707 -10.2331504821777
v -5.46410179138184 66.3300018310547 -13.6187381744385
v -6.33129692077637 43.6414947509766 -11.5783529281616
v -5.92524814605713 85.1295928955078 -14.8314552307129
v -21.5437202453613 56.1279716491699 -3.05924582481384
v -18.505931854248 69.2189636230469 -6.08987903594971
v 4.29434823989868 55.1850700378418 -13.1300888061523
v 20.3094825744629 51.3536720275879 -7.6549186706543
v -9.17832469940186 64.2009048461914 -14.1194667816162
v -8.56907844543457 62.9108123779297 -14.2885570526123
v 11.9003601074219 55.4876403808594 -13.257230758667
v -20.0240440368652 44.4535827636719 -4.78797626495361
v -19.2766170501709 78.5238800048828 -6.04096460342407
v -15.8571853637695 75.6191711425781 -11.5025510787964
v -13.7465200424194 76.8781204223633 -12.4168148040771
v -15.8470592498779 78.3983993530273 -11.0185127258301
v -17.997974395752 79.8598403930664 -8.22642993927002
v -2.79156494140625 61.482120513916 -13.0222969055176
v -2.49726462364197 55.0113830566406 -12.6260538101196
v -19.4163856506348 51.2264137268066 -3.4572606086731
v -20.19677734375 50.5358963012695 -2.23661518096924
v -19.490550994873 53.0700798034668 -3.15447354316711
v -19.3780879974365 38.3987617492676 -12.9046983718872
v -21.4754104614258 38.4460983276367 -12.3881931304932
v -18.8267688751221 66.9231719970703 -4.87250852584839
v 19.9337596893311 81.8489456176758 -3.94122266769409
v -20.3064823150635 77.6284713745117 -3.9116518497467
v 18.8601455688477 64.1800079345703 -6.21973133087158
v 18.7788124084473 85.9823760986328 -3.94364070892334
v 12.6241912841797 86.8205337524414 -12.6966104507446
v 21.5443000793457 69.32177734375 -4.17348957061768
v -13.5472536087036 40.8280906677246 -13.0170030593872
v -19.4446563720703 55.9045257568359 -3.17216444015503
v -3.6134147644043 45.981876373291 -11.6444110870361
v 20.8183460235596 48.684886932373 -8.24737739562988
v 1.2468546628952 81.169548034668 -14.7115421295166
v -18.6101493835449 83.4589691162109 -6.09089994430542
v -19.3478164672852 57.2780342102051 -3.45301866531372
v 16.1241226196289 37.8471717834473 -13.2180500030518
v -20.6398525238037 41.9975624084473 -5.94802665710449
v 22.0235500335693 65.249755859375 -4.32504463195801
v 3.89615702629089 43.1302947998047 -11.7233915328979
v -11.2868490219116 52.315975189209 -14.102635383606
v 18.5792503356934 40.0481910705566 -12.9434118270874
v -18.4845581054688 86.4869918823242 -3.96270346641541
v -15.0770597457886 66.0434112548828 -12.9044914245605
v 14.4896860122681 67.9940567016602 -12.51171875
v 16.2579479217529 67.2115173339844 -12.0860805511475
v 17.2436370849609 68.9142456054688 -11.493631362915
v 11.9738168716431 73.8006210327148 -13.0590467453003
v -5.24356031417847 72.3410110473633 -14.0686101913452
v 8.03167343139648 68.9751968383789 -13.8605756759644
v -12.5097961425781 54.8368263244629 -13.551043510437
v -9.20518779754639 53.8781356811523 -14.3840885162354
v -19.7886047363281 58.4328079223633 -2.80034565925598
v -6.95279550552368 55.5902404785156 -13.2691259384155
v 2.50418925285339 38.7276458740234 -10.538535118103
v -5.74911642074585 69.932014465332 -14.0286560058594
v 9.01584053039551 66.3574066162109 -13.75270652771
v -4.34834241867065 63.8842086791992 -13.1937236785889
v 19.9181747436523 51.4664573669434 -11.4001569747925
v -17.5191707611084 43.2821731567383 -12.6426229476929
v 12.8082628250122 79.0796661376953 -12.8570852279663
v -19.5123653411865 51.5949172973633 -12.0132846832275
v -17.354377746582 52.1292953491211 -13.2589130401611
v -18.1198749542236 77.0643310546875 -8.62968444824219
v 13.8614168167114 63.8614044189453 -12.630560874939
v 2.23469066619873 74.2825469970703 -14.1498003005981
v 3.88049983978271 74.9365997314453 -14.1757307052612
v -10.6095371246338 66.9712295532227 -13.5123510360718
v -11.4741191864014 65.8587799072266 -13.3073358535767
v -17.675422668457 48.2064666748047 -13.1834926605225
v 14.3436374664307 61.2030220031738 -12.6130504608154
v 18.1775360107422 72.1461334228516 -9.64156150817871
v -17.2257690429688 38.3864593505859 -12.1596059799194
v -10.8606767654419 84.1312789916992 -13.813178062439
v -21.6531028747559 39.8715705871582 -10.505558013916
v 18.008451461792 86.2892227172852 -6.04468965530396
v -18.2276706695557 74.6329345703125 -8.71911334991455
v -18.3811988830566 71.9789123535156 -9.31229209899902
v -18.3446617126465 73.0144195556641 -7.29407024383545
v 19.2043037414551 84.485725402832 -3.81617259979248
v 19.6225357055664 72.6840896606445 -5.52035522460938
v 22.5451126098633 38.8010787963867 -3.01338386535645
v 8.77539443969727 77.3972930908203 -13.8869218826294
v 12.1482038497925 64.8630218505859 -12.9789342880249
v 13.5166635513306 66.4394912719727 -12.6946411132812
v -18.2431106567383 50.7829093933105 -13.1138534545898
v 18.7096366882324 83.7188415527344 -6.08424043655396
v -20.3212261199951 74.1132431030273 -3.59704375267029
v -5.45041751861572 78.4948196411133 -14.2152080535889
v 22.1670951843262 63.0980491638184 -4.29347705841064
v -21.012300491333 38.4336929321289 -4.32710266113281
v 13.4037599563599 70.4812316894531 -12.7118921279907
v -17.6942367553711 86.6832275390625 -6.16831350326538
v -21.2087287902832 41.0092926025391 -12.1559448242188
v -11.158411026001 76.0673522949219 -13.2846069335938
v 15.5124778747559 65.4781646728516 -12.4041395187378
v -8.10044574737549 45.7817687988281 -12.727445602417
v -18.5295925140381 70.0752563476562 -8.86878395080566
v 10.8389921188354 70.0433120727539 -13.3664083480835
v -2.88734459877014 66.6972732543945 -13.365611076355
v 21.9896945953369 37.3417472839355 -3.70680928230286
v -8.61838054656982 74.535514831543 -13.858983039856
v 19.8441638946533 75.3768692016602 -5.58761978149414
v 11.7234878540039 58.2526626586914 -13.2848806381226
v 19.9534339904785 68.413688659668 -4.38932132720947
v -17.9964714050293 68.5254440307617 -10.8543548583984
v -22.3176708221436 45.5638961791992 -2.95305681228638
v -22.7895221710205 37.5961685180664 -2.43640947341919
v -8.43199920654297 85.3803405761719 -14.5488185882568
v 1.2370640039444 49.8753051757812 -12.0781211853027
v 20.3649845123291 63.1364707946777 -3.79807066917419
v 20.3322982788086 61.1663284301758 -3.70816016197205
v -10.6864957809448 64.6091918945312 -13.5892314910889
v 18.9525184631348 46.6155166625977 -12.7272348403931
v 18.6257667541504 44.3916931152344 -12.9124011993408
v 3.04936003684998 71.1790466308594 -13.9451370239258
v -0.526721119880676 70.4663619995117 -13.7922515869141
v 16.0580902099609 49.0758361816406 -12.5646800994873
v -17.7274398803711 65.9181289672852 -11.5568027496338
v -4.52159023284912 40.1859321594238 -10.697922706604
v -6.12976598739624 38.567195892334 -10.6423692703247
v -2.93413019180298 56.1904640197754 -12.7273292541504
v 21.2823181152344 39.5325546264648 -12.3834314346313
v 21.8545360565186 37.8677215576172 -11.9902563095093
v 19.3541431427002 58.2104454040527 -7.25890398025513
v 18.2239475250244 78.2245025634766 -8.17167663574219
v 8.83144378662109 55.2857894897461 -13.8353834152222
v 10.2384977340698 54.0402297973633 -13.7004137039185
v 6.57550525665283 54.1686019897461 -13.4979343414307
v 20.7823638916016 50.477855682373 -9.65456199645996
v -4.81876420974731 75.1611633300781 -14.1245956420898
v -6.56246280670166 76.2419128417969 -14.0421705245972
v -13.724627494812 87.3029327392578 -11.5674657821655
v -1.18757522106171 53.0847091674805 -12.3925590515137
v -2.98850655555725 84.18701171875 -14.8311815261841
v -3.65435838699341 87.0965423583984 -14.6591739654541
v 16.7892169952393 76.4757232666016 -10.7568349838257
v -17.9363288879395 54.8881530761719 -12.9040451049805
v 10.4454231262207 68.1965026855469 -13.4696321487427
v 11.756386756897 67.3930053710938 -13.1293210983276
v 10.9196720123291 65.63330078125 -13.3549737930298
v 25.0792579650879 38.2798042297363 -4.29263687133789
v 17.7381381988525 37.8730163574219 -13.002290725708
v 16.0481243133545 41.3938827514648 -13.0535583496094
v 15.7203750610352 43.8900718688965 -12.8021430969238
v 16.3105564117432 81.0029144287109 -10.5261831283569
v 16.1630744934082 83.6547470092773 -10.2541608810425
v 9.07560062408447 49.5107803344727 -13.7618856430054
v -7.1497278213501 62.7953910827637 -14.0103435516357
v 18.7585411071777 72.7004318237305 -6.75684309005737
v -19.3943500518799 71.7827758789062 -4.86538219451904
v 21.7665557861328 46.6652679443359 -2.4021635055542
v -20.7326107025146 66.7811508178711 -3.2938015460968
v -3.29237842559814 74.5798645019531 -14.1070070266724
v -0.692637145519257 76.3264923095703 -14.2791414260864
v -1.23347532749176 73.9288482666016 -14.0916709899902
v -8.3015661239624 65.3294677734375 -14.2400131225586
v 21.3080005645752 44.0433616638184 -10.9620370864868
v -20.4845809936523 46.1894149780273 -11.7969055175781
v 11.2629175186157 63.1490287780762 -13.2695436477661
v 0.917669832706451 76.7487869262695 -14.323073387146
v 18.2383308410645 80.3165283203125 -8.13103580474854
v -7.15699243545532 58.7426834106445 -13.7056703567505
v 7.93141555786133 57.734203338623 -13.7500276565552
v 8.89075756072998 60.0803413391113 -13.7685766220093
v 6.11345672607422 59.307014465332 -13.5362501144409
v -18.6958255767822 59.7230072021484 -11.4275579452515
v -13.8001747131348 38.0375442504883 -12.8620357513428
v -19.1255397796631 73.6980514526367 -5.68659496307373
v 25.1538505554199 36.5132789611816 -4.1147837638855
v -19.6985664367676 82.2917175292969 -3.83264780044556
v -6.67138767242432 65.5470352172852 -13.9354648590088
v 6.06459712982178 82.7638397216797 -14.9684572219849
v 4.30899333953857 72.153564453125 -14.0135860443115
v 19.0466175079346 60.5998420715332 -10.8277912139893
v 21.8276309967041 66.8748321533203 -4.27154207229614
v 20.0990238189697 64.9217071533203 -4.07479906082153
v 7.42791366577148 64.9896697998047 -13.7524042129517
v 5.87467622756958 63.2633476257324 -13.5820932388306
v -0.202125549316406 60.4460639953613 -12.9238538742065
v 20.806282043457 47.7309226989746 -10.8807802200317
v -7.16992425918579 42.3334503173828 -11.6226854324341
v -2.33178663253784 43.0511779785156 -11.0902118682861
v -3.93676495552063 41.4811210632324 -10.8796405792236
v -19.1871757507324 61.2797164916992 -9.78509902954102
v -8.10698986053467 53.350040435791 -13.8739938735962
v 19.8804836273193 38.840389251709 -13.2189445495605
v 23.2595996856689 54.5491638183594 -4.42062616348267
v -10.862359046936 68.2649765014648 -13.406702041626
v -18.4826850891113 66.6469802856445 -7.04873037338257
v -18.969856262207 81.081169128418 -6.33143329620361
v 22.119457244873 37.6101951599121 -8.20320606231689
v 23.70627784729 49.8472442626953 -4.25718784332275
v 18.6191596984863 68.3119506835938 -6.75582933425903
v 18.3874835968018 69.9015197753906 -8.94752883911133
v 18.7760276794434 70.2416305541992 -6.52202177047729
v -8.73719501495361 51.6093711853027 -14.1168308258057
v -18.0385990142822 57.3856353759766 -12.529634475708
v -20.5197048187256 44.1897354125977 -6.65829133987427
v 19.7457046508789 42.7587852478027 -12.8601388931274
v -4.16731882095337 77.7127990722656 -14.2496404647827
v -12.9557209014893 59.1200485229492 -13.3019065856934
v -10.8456115722656 59.2577323913574 -13.9010963439941
v -12.4452533721924 61.3073387145996 -13.3169651031494
v 15.291916847229 62.878791809082 -12.5062894821167
v -4.67436361312866 80.4856262207031 -14.4642457962036
v -4.00090837478638 82.0952911376953 -14.6750755310059
v 12.6244277954102 62.212963104248 -12.8448057174683
v 11.6776161193848 60.7151641845703 -13.1812038421631
v 10.1196069717407 61.8086128234863 -13.6161289215088
v 8.48596954345703 70.2217330932617 -13.8178958892822
v 9.11481475830078 72.1850357055664 -13.695631980896
v 11.103720664978 38.2670288085938 -13.6459903717041
v 2.09360408782959 56.2163391113281 -12.7862358093262
v 18.1020374298096 84.7775955200195 -6.83996295928955
v -21.0666656494141 40.339729309082 -1.20809495449066
v 8.95321273803711 73.7306823730469 -13.728759765625
v 10.3726997375488 84.643310546875 -14.1904449462891
v 12.8094005584717 84.8560485839844 -12.9225997924805
v -0.856671810150146 57.1508331298828 -12.7102327346802
v -20.249490737915 46.1513137817383 -2.09180092811584
v 19.4251384735107 60.4377174377441 -9.38700866699219
v -6.17623424530029 73.3309478759766 -14.1155204772949
v -7.93108987808228 55.7566452026367 -13.9453754425049
v -9.07196998596191 57.4093933105469 -14.4206676483154
v -0.130283772945404 79.1556549072266 -14.5080623626709
v -1.81275296211243 81.5514526367188 -14.694299697876
v -19.3633975982666 59.6570243835449 -3.51630854606628
v 20.2623481750488 52.5236053466797 -10.6807870864868
v 14.6246328353882 41.7849082946777 -13.2325677871704
v 8.00898170471191 46.8403167724609 -13.3167362213135
v 6.03806209564209 67.2033309936523 -13.7449111938477
v 4.20055389404297 68.1448287963867 -13.7193450927734
v -8.50050067901611 81.1340408325195 -14.2042274475098
v -6.09268426895142 64.3378067016602 -13.6365642547607
v 20.2034282684326 57.6650238037109 -3.71587514877319
v -18.6485004425049 64.7805480957031 -5.28737592697144
v -18.8747158050537 85.1515884399414 -3.70266366004944
v 2.32900452613831 69.809944152832 -13.7976398468018
v 20.34619140625 53.6342811584473 -9.07242965698242
v 8.2236499786377 62.5335502624512 -13.7695417404175
v -1.24747598171234 62.7141647338867 -13.0749816894531
v 0.846241295337677 64.3148956298828 -13.2099857330322
v -6.21458005905151 82.9164962768555 -14.7051191329956
v -11.9401378631592 72.5791320800781 -13.1881694793701
v -14.1539287567139 71.5555648803711 -12.7587270736694
v 0.250447392463684 65.9692535400391 -13.3215608596802
v 0.863862991333008 67.9455032348633 -13.5328550338745
v -2.28026151657104 68.0253219604492 -13.4993467330933
v 8.13539218902588 42.3044052124023 -12.8553247451782
v -15.0303153991699 43.7465324401855 -12.5818204879761
v 2.78395795822144 78.9216156005859 -14.4869070053101
v 7.4236741065979 85.4172592163086 -14.953574180603
v -16.110990524292 67.9977645874023 -12.3384475708008
v -17.6116828918457 70.0145797729492 -11.1292753219604
v 6.36278200149536 71.2450714111328 -13.9465799331665
v -21.2198619842529 62.6408538818359 -3.29679393768311
v 21.1304225921631 38.4455337524414 -5.33214569091797
v -15.8943767547607 65.0250015258789 -12.6879930496216
v 11.514720916748 76.5184936523438 -13.1802263259888
v -20.0424404144287 42.6654014587402 -12.9849090576172
v 5.58426427841187 66.0587005615234 -13.6611385345459
v -20.4796237945557 39.7357940673828 -2.2021791934967
v -10.3783330917358 56.7496757507324 -14.2425537109375
v -16.2483234405518 70.0270156860352 -12.11181640625
v -21.9029350280762 37.685173034668 -9.15467834472656
v -16.8472309112549 49.1919555664062 -13.1040506362915
v -19.7252292633057 39.6886291503906 -13.1245613098145
v 17.5103893280029 46.7797431945801 -12.7159404754639
v 22.4835300445557 51.1229476928711 -2.69836759567261
v -21.2856254577637 42.3373718261719 -11.0772552490234
v -21.1211948394775 42.7849884033203 -8.67729091644287
v -21.408805847168 41.3000564575195 -9.6322660446167
v 21.4600048065186 49.4649314880371 -2.63395762443542
v -15.0204019546509 81.3153457641602 -11.4674587249756
v -20.1377696990967 42.5935096740723 -3.94561910629272
v -4.6727728843689 54.2003707885742 -12.6852760314941
v -0.207367599010468 83.806526184082 -14.8919868469238
v -19.1652698516846 54.1880569458008 -4.73769378662109
v -19.5334300994873 55.3830795288086 -7.27913093566895
v 3.07611036300659 66.1542282104492 -13.5082101821899
v -19.5685501098633 66.3113861083984 -3.61378788948059
v -13.4468946456909 67.3963012695312 -13.0240077972412
v 18.451566696167 67.81640625 -8.28672504425049
v 4.66465473175049 41.7415390014648 -11.6976499557495
v 1.12593233585358 42.9576606750488 -11.0166540145874
v 19.1692943572998 37.6536331176758 -13.1185607910156
v -21.0527458190918 44.0500755310059 -10.6738414764404
v -15.6617069244385 51.2106781005859 -13.0154228210449
v 22.7739696502686 59.5092811584473 -4.5852518081665
v -21.6388130187988 39.4757385253906 -9.34072017669678
v -8.03841972351074 70.6821594238281 -14.1087026596069
v 15.6998863220215 75.8549423217773 -11.5362796783447
v -21.8430366516113 38.1268692016602 -11.2209138870239
v -20.8247451782227 68.0002822875977 -3.30909442901611
v -13.945556640625 69.6484298706055 -12.9338598251343
v 12.9088563919067 68.9103851318359 -12.8425579071045
v -17.3295841217041 59.023021697998 -12.763822555542
v -19.4632873535156 49.5918960571289 -4.7781867980957
v 21.9272975921631 38.7779235839844 -7.86255264282227
v -19.7124614715576 54.071475982666 -7.5402774810791
v 18.2939605712891 70.9630432128906 -9.52130031585693
v -16.777063369751 73.8089065551758 -11.231390953064
v -6.73384141921997 80.9910049438477 -14.3702821731567
v 13.6968851089478 71.712272644043 -12.6054887771606
v 14.1768426895142 87.1947555541992 -11.3703556060791
v -17.5194244384766 62.4282455444336 -12.1602773666382
v 1.67095911502838 53.9697074890137 -12.5769367218018
v -6.96184492111206 57.6661148071289 -13.515528678894
v -19.8773803710938 54.4250030517578 -10.1249704360962
v 7.39199304580688 72.6714935302734 -13.9189386367798
v 6.64513301849365 75.0549468994141 -14.0353574752808
v 8.34550476074219 74.87890625 -13.8397169113159
v -12.7061948776245 86.5396728515625 -12.511830329895
v -17.1669807434082 40.8750343322754 -12.295205116272
v 12.4386758804321 41.4857177734375 -13.7869138717651
v 11.1978530883789 40.4853248596191 -13.7853765487671
v -18.7811813354492 64.2195281982422 -8.02790451049805
v -9.30130195617676 61.1282348632812 -14.2608785629272
v -8.16809749603271 60.4399032592773 -14.2665491104126
v 21.2851295471191 40.3467826843262 -3.74782228469849
v 13.3267107009888 56.9994697570801 -12.7635946273804
v 15.4007415771484 69.5656204223633 -12.2290830612183
v -18.0510482788086 39.8025550842285 -12.4414596557617
v 11.2181577682495 82.5857086181641 -13.8904314041138
v -22.0279808044434 39.6010131835938 -1.20145726203918
v 3.10940217971802 41.0064926147461 -11.1558809280396
v -11.2523422241211 80.0012817382812 -13.373948097229
v 14.0629405975342 39.7208023071289 -13.5513248443604
v 14.3087530136108 37.7883453369141 -13.6706371307373
v -2.55046772956848 79.7297210693359 -14.4974784851074
v -20.6083583831787 38.5633926391602 -2.39285612106323
v -19.4461498260498 80.1769332885742 -5.54654407501221
v -15.7974662780762 48.784309387207 -12.7655153274536
v -14.8830242156982 49.6257705688477 -12.8297119140625
v -17.1949768066406 46.9678649902344 -12.9946365356445
v -20.8820762634277 45.3854827880859 -10.2888870239258
v -15.0325107574463 45.9663925170898 -12.6500825881958
v 2.42871379852295 85.1493606567383 -14.9490938186646
v 5.11792421340942 83.9801483154297 -15.0552597045898
v 18.7007865905762 64.3942794799805 -7.66131258010864
v -12.9452571868896 75.8597564697266 -12.7806806564331
v -18.0405731201172 75.952995300293 -9.28135204315186
v 5.54472732543945 56.5199241638184 -13.4096536636353
v 20.3850364685059 45.9803123474121 -5.74000453948975
v 14.2144708633423 73.7722930908203 -12.3386058807373
v 18.583568572998 66.0277786254883 -8.18888092041016
v 18.8253879547119 66.4184799194336 -6.10739469528198
v -20.6491889953613 47.048267364502 -9.50980281829834
v 9.44524478912354 53.1261215209961 -13.7745895385742
v 22.3248062133789 37.5302581787109 -9.52490139007568
v -19.970142364502 51.7880249023438 -7.76469945907593
v -11.4765968322754 62.4462280273438 -13.4629440307617
v -11.4967107772827 63.6343727111816 -13.4122295379639
v -11.0367679595947 82.8255462646484 -13.7555561065674
v 7.53574800491333 79.1719512939453 -14.2357025146484
v 6.05106401443481 78.5591659545898 -14.2991924285889
v -22.739990234375 39.9875831604004 -2.79929780960083
v 13.1974010467529 46.5534591674805 -13.2855091094971
v 15.767183303833 78.3450088500977 -11.1496820449829
v 24.3027191162109 38.1543273925781 -1.82931351661682
v 24.9501953125 36.4743461608887 -2.70840549468994
v -8.56763076782227 68.8565139770508 -14.1235828399658
v -19.0248260498047 57.2225952148438 -5.62997627258301
v -21.6863574981689 54.862678527832 -3.1640796661377
v 17.8736934661865 82.1390762329102 -8.34384918212891
v 16.9429759979248 79.9839782714844 -9.85374546051025
v 20.6920795440674 60.0636405944824 -3.47452569007874
v 21.4196701049805 44.9653778076172 -9.00345706939697
v -18.1031188964844 84.4780426025391 -6.62893962860107
v 5.72527837753296 46.2603530883789 -12.6550159454346
v 6.78947019577026 44.4632606506348 -12.7018365859985
v 9.30026912689209 45.1732902526855 -13.5811738967896
v -3.85094857215881 72.1776962280273 -13.9499998092651
v 25.0189380645752 39.7499580383301 -4.24767971038818
v 6.74775218963623 38.1218452453613 -11.6238126754761
v 22.1153926849365 41.443775177002 -2.48527479171753
v 23.6861991882324 42.4126930236816 -2.23145866394043
v 24.2473773956299 41.4421348571777 -2.55786991119385
v 23.8255310058594 40.3552780151367 -2.02320122718811
v -17.7708778381348 61.2729225158691 -12.1484575271606
v 18.7710514068604 82.6082763671875 -6.60977935791016
v 18.6678943634033 53.5952072143555 -12.2643632888794
v -13.398042678833 64.5077133178711 -13.0635175704956
v 7.23518514633179 68.0388488769531 -13.8312749862671
v -10.2313632965088 51.4877395629883 -14.3369913101196
v -12.006875038147 53.4369087219238 -13.8338184356689
v 20.9096088409424 51.809139251709 -2.9742374420166
v -19.8378028869629 44.9630966186523 -3.57321262359619
v 9.49828433990479 80.3179779052734 -14.1462440490723
v 12.0456972122192 80.3853988647461 -13.402717590332
v -19.8913440704346 52.2179298400879 -11.0282602310181
v 8.77810573577881 52.1691246032715 -13.8272199630737
v -15.9637107849121 87.2636032104492 -9.1146125793457
v -1.21075999736786 82.7096099853516 -14.8079147338867
v -19.6594314575195 50.759693145752 -6.29655599594116
v -10.2610321044922 71.8621139526367 -13.5084447860718
v -5.70932531356812 67.379508972168 -13.7962188720703
v 16.8317527770996 43.1819877624512 -12.6567287445068
v -6.60750532150269 44.6637268066406 -11.8045063018799
v -2.55769395828247 44.1089096069336 -11.2935028076172
v 25.024356842041 41.4546165466309 -4.20196914672852
v 21.4671802520752 73.0732192993164 -4.25732088088989
v -19.5797538757324 54.0080032348633 -11.2823286056519
v -20.0743503570557 52.8181838989258 -9.25180530548096
v 16.1309146881104 57.3597068786621 -12.649037361145
v 17.5407943725586 57.4252777099609 -12.4546098709106
v -21.2276439666748 37.8205299377441 -1.01250731945038
v -12.6721792221069 73.5663528442383 -12.9907598495483
v -11.1570043563843 74.1481475830078 -13.3213453292847
v -9.38836002349854 73.5089721679688 -13.7279119491577
v 6.9021897315979 80.9633636474609 -14.5845937728882
v 4.7963662147522 80.2466278076172 -14.5820627212524
v 4.20186233520508 81.5177154541016 -14.7631359100342
v -18.0562992095947 73.0380401611328 -10.0237321853638
v -17.8952369689941 71.7890853881836 -10.5381116867065
v -19.7555675506592 60.6270027160645 -2.99114871025085
v 9.46920299530029 59.0750541687012 -13.7515563964844
v -13.6406955718994 47.462474822998 -13.142484664917
v -12.0660448074341 45.7431831359863 -13.6918344497681
v -10.7419481277466 70.3696365356445 -13.4125680923462
v 19.6797618865967 55.7111778259277 -7.23663330078125
v 23.2508449554443 44.7646560668945 -2.26953625679016
v 22.1440162658691 44.349437713623 -2.24857974052429
v 5.3121132850647 61.4813423156738 -13.4913759231567
v -21.4723072052002 59.3556251525879 -3.31431674957275
v 19.7082252502441 54.9098052978516 -11.1006450653076
v 21.6105289459229 58.6408157348633 -3.32877469062805
v -18.9221839904785 49.430061340332 -12.9174480438232
v -18.9245300292969 76.9688415527344 -6.54661417007446
v -19.4165725708008 57.0796279907227 -7.47052907943726
v -0.166270524263382 51.2958526611328 -12.1594171524048
v -11.6499137878418 47.0982704162598 -13.8659830093384
v -13.4663162231445 49.297176361084 -13.2481498718262
v -2.55672001838684 53.9253692626953 -12.5473098754883
v 4.31339883804321 87.2675170898438 -14.8303632736206
v -3.41542315483093 73.3995666503906 -14.0271453857422
v 10.792799949646 59.3149299621582 -13.5460691452026
v 15.0855207443237 85.4885787963867 -10.9365310668945
v 0.0848149955272675 46.2273597717285 -11.4994325637817
v 22.2542419433594 53.6494636535645 -2.94257736206055
v 10.2117233276367 43.7992706298828 -13.7144107818604
v 10.0415687561035 42.7258682250977 -13.5730781555176
v -21.8890914916992 41.7260398864746 -1.43561625480652
v -22.3434810638428 36.0311813354492 -1.1280779838562
v 10.3744506835938 75.9087448120117 -13.4773998260498
v -0.171634957194328 81.1559295654297 -14.690899848938
v -18.1184272766113 78.6835632324219 -8.09630489349365
v -10.1987428665161 43.9411277770996 -13.939112663269
v 20.8967170715332 79.1431655883789 -3.91834115982056
v -6.61549711227417 52.8793792724609 -12.8208618164062
v 20.804759979248 43.9784049987793 -11.96448802948
v 17.166576385498 86.9781875610352 -7.52281808853149
v 21.5700187683105 43.3557929992676 -8.55736827850342
v -10.3588380813599 42.1882629394531 -13.8185262680054
v -8.82931423187256 42.2402801513672 -12.8781728744507
v -8.80832386016846 43.8401069641113 -13.0810842514038
v 23.0431537628174 52.1581764221191 -3.43713474273682
v -0.571474194526672 68.5689163208008 -13.5807809829712
v -19.8232555389404 64.5077133178711 -3.22870421409607
v -18.2415714263916 69.4993286132812 -10.2308225631714
v 18.0412311553955 51.7928581237793 -12.6812582015991
v 16.6050109863281 52.2505302429199 -12.6932153701782
v -20.2919368743896 43.534538269043 -2.13186717033386
v 20.9051933288574 45.1935806274414 -7.21888113021851
v 20.8328800201416 43.901065826416 -6.65214204788208
v 20.5203018188477 45.1754951477051 -4.65696716308594
v 0.0145470080897212 47.6848907470703 -11.7098512649536
v -19.8998603820801 45.5685348510742 -4.87163734436035
v 6.18958044052124 64.3725433349609 -13.6355667114258
v 18.1749038696289 73.9868621826172 -8.27237510681152
v -20.2369785308838 45.0395240783691 -12.4715280532837
v 18.11083984375 50.2537422180176 -12.7457008361816
v -14.3650064468384 53.0600433349609 -13.0720891952515
v -18.4742679595947 67.8357315063477 -10.0767831802368
v 19.3151626586914 58.4190635681152 -10.9606838226318
v 19.6669807434082 58.6625328063965 -9.37337493896484
v -11.2345428466797 77.8887939453125 -13.2413187026978
v -9.32765865325928 79.2987976074219 -13.7720584869385
v -18.8662509918213 61.3956718444824 -4.60815000534058
v 18.0187358856201 75.1832885742188 -9.29285144805908
v 18.9406700134277 61.6717224121094 -7.03906965255737
v 19.1739921569824 62.9332237243652 -5.35269403457642
v 18.8510494232178 63.261043548584 -7.94308137893677
v 21.7874813079834 40.5525741577148 -11.0714502334595
v 20.2634658813477 37.6701164245605 -13.2628107070923
v 5.34235191345215 49.1316223144531 -12.891942024231
v -14.8986005783081 79.1080856323242 -11.5804843902588
v -19.1225662231445 55.3106918334961 -5.05110883712769
v 20.5809364318848 43.8602256774902 -5.27283096313477
v 5.34151124954224 69.8487243652344 -13.8785305023193
v -20.2699432373047 75.1782608032227 -3.81121897697449
v -7.86044073104858 38.7632637023926 -11.299732208252
v 22.2992343902588 36.6301231384277 -2.86339592933655
v -4.08761692047119 51.4713973999023 -12.3693056106567
v -15.5892028808594 42.6586418151855 -12.4304714202881
v -12.9913721084595 84.4418640136719 -12.6640405654907
v -22.1457443237305 46.7639389038086 -3.07251882553101
v -12.7067089080811 65.7171096801758 -13.1058044433594
v 14.7887716293335 52.6789703369141 -12.593376159668
v 19.3367862701416 56.7603607177734 -11.2643232345581
v -5.97152519226074 48.2069320678711 -12.1663494110107
v -5.70246982574463 49.6917724609375 -12.3040351867676
v -8.61997413635254 49.940975189209 -13.870002746582
v -2.70662951469421 49.602294921875 -12.0791578292847
v -9.54419994354248 46.9147262573242 -13.9911918640137
v -9.83514308929443 45.4237213134766 -13.9729871749878
v -10.7189483642578 49.9345664978027 -14.2349491119385
v -7.87753248214722 49.7484321594238 -13.0556421279907
v -11.1548595428467 48.575382232666 -14.0737781524658
v -8.29738140106201 46.8141670227051 -12.9995937347412
v -9.20676708221436 48.2218322753906 -13.9778518676758
v 0.541666924953461 44.7764434814453 -11.2918548583984
v -12.071063041687 68.4555587768555 -13.1730947494507
v 13.2112731933594 77.6807632446289 -12.605863571167
v 14.361180305481 77.3214950561523 -12.1007127761841
v 23.6324806213379 52.0172233581543 -4.6814022064209
v 17.4944477081299 59.3468589782715 -12.2807607650757
v 15.8649263381958 59.3462028503418 -12.6152486801147
v 19.0935020446777 62.8322143554688 -9.62500953674316
v 11.4293241500854 86.8764038085938 -13.4208221435547
v -15.8028955459595 66.9336242675781 -12.5491943359375
v 20.147008895874 77.7432174682617 -5.05550718307495
v -9.63483905792236 58.7890968322754 -14.3328475952148
v -18.6510028839111 63.7077674865723 -5.68546199798584
v 17.7420997619629 55.4662895202637 -12.5267963409424
v -18.8413734436035 61.900333404541 -7.11989450454712
v 21.5544109344482 74.508918762207 -4.1846604347229
v 2.80696654319763 49.3047943115234 -12.3080835342407
v 24.2756958007812 45.5636863708496 -4.57793474197388
v -2.16602063179016 38.3374977111816 -10.1595802307129
v 14.8240871429443 79.6415176391602 -11.7500028610229
v 21.4089069366455 41.9439125061035 -11.5651998519897
v -18.7042617797852 63.8345184326172 -10.460916519165
v -20.4247570037842 41.6645927429199 -12.9004898071289
v -22.6968460083008 41.1008338928223 -2.89640784263611
v 10.7117013931274 47.2291870117188 -13.8002882003784
v 11.9378099441528 45.4984016418457 -13.6625833511353
v -21.2671699523926 36.738353729248 -3.82379388809204
v -21.0447063446045 36.4263496398926 -2.5026535987854
v 19.4187564849854 70.1968231201172 -5.3905725479126
v -18.2209720611572 80.944709777832 -7.71004629135132
v -10.8797702789307 60.3158416748047 -13.8052797317505
v 12.8704357147217 51.6831588745117 -13.1014451980591
v 16.4857215881348 72.7664566040039 -11.5401859283447
v -8.04634952545166 77.1676177978516 -13.8839712142944
v 19.9365081787109 56.8394813537598 -9.4253568649292
v 0.86903965473175 78.3759765625 -14.4485502243042
v 22.3519630432129 64.1974716186523 -4.52904462814331
v 18.9346809387207 80.2428817749023 -7.03063201904297
v 12.3410387039185 69.8286361694336 -12.9910459518433
v -3.25515341758728 64.751350402832 -13.2017393112183
v 14.2880716323853 42.9833183288574 -13.271580696106
v 14.1619348526001 44.6093826293945 -13.1938009262085
v 12.1436595916748 44.0432510375977 -13.6988925933838
v -21.3756275177002 57.1961555480957 -2.97890734672546
v -8.90888023376465 40.6757354736328 -12.8028163909912
v -5.92834997177124 62.1007614135742 -13.354395866394
v 13.2493095397949 50.6207160949707 -13.0326156616211
v 13.5626249313354 49.2231750488281 -13.0023641586304
v -15.9121809005737 62.8913078308105 -12.9253168106079
v -13.8937873840332 62.4359970092773 -13.0971174240112
v -14.7211580276489 61.4394798278809 -13.1456871032715
v 23.5814647674561 46.4078330993652 -2.76918196678162
v 4.74722099304199 85.2042999267578 -15.0553302764893
v -3.32629036903381 69.9656829833984 -13.7009544372559
v 9.73208999633789 64.0663604736328 -13.6519403457642
v -6.28409290313721 60.4569320678711 -13.3343677520752
v -20.1124229431152 62.3934783935547 -2.97913217544556
v -21.9637508392334 51.263671875 -3.40590810775757
v -12.728874206543 81.4617156982422 -12.9375228881836
v 21.6725635528564 42.713623046875 -9.78413581848145
v 14.515398979187 75.8267440795898 -12.1061563491821
v 21.508487701416 42.5495834350586 -2.99513649940491
v 21.2233085632324 44.6215057373047 -3.04806685447693
v -14.5313425064087 72.9907379150391 -12.5196342468262
v -19.4181537628174 59.2428665161133 -8.90102100372314
v 3.05970740318298 47.7958755493164 -12.1819791793823
v 1.6495304107666 82.3111572265625 -14.8305368423462
v 3.03393936157227 46.383674621582 -11.9784278869629
v 20.5694332122803 48.4653930664062 -3.54099011421204
v 20.682918548584 46.6687164306641 -3.66152572631836
v 4.70260143280029 63.9424171447754 -13.487283706665
v -18.703161239624 62.5837326049805 -5.48324489593506
v 23.2264308929443 55.6782608032227 -4.66639852523804
v -22.0032653808594 50.1084213256836 -3.28220582008362
v -20.5884571075439 45.7327461242676 -7.6453652381897
v -20.9566822052002 43.8152542114258 -8.47184085845947
v -4.51289033889771 58.0917282104492 -12.8973093032837
v -1.65398502349854 58.0936660766602 -12.7973203659058
v 4.39862108230591 50.9436683654785 -12.8658590316772
v 4.63894748687744 52.8870162963867 -13.0659847259521
v 2.64931583404541 52.2341461181641 -12.5808639526367
v 9.87356185913086 48.571590423584 -13.8097515106201
v 20.7578582763672 47.7283706665039 -7.64304780960083
v -11.3521385192871 55.270149230957 -14.0029201507568
v -12.8927545547485 55.826976776123 -13.420841217041
v -12.1114110946655 44.1403617858887 -13.6711435317993
v -12.4760417938232 42.6527862548828 -13.5053987503052
v -20.9956760406494 39.6820411682129 -12.7369785308838
v 24.7571201324463 43.1142463684082 -4.42746829986572
v -21.8370456695557 37.3045539855957 -8.12234020233154
v -7.97544717788696 71.7787475585938 -14.0894231796265
v 19.2737483978271 74.7256393432617 -6.44628763198853
v -21.2671051025391 64.5340270996094 -3.39333462715149
v -21.7952613830566 53.355094909668 -3.29626631736755
v -20.2847023010254 53.029613494873 -2.25205969810486
v -20.0923500061035 54.2443313598633 -2.42356705665588
v 20.8908958435059 49.4908714294434 -9.2321310043335
v 20.3092746734619 49.4800758361816 -6.97730493545532
v 4.98747730255127 39.6387100219727 -11.4120435714722
v 8.6169376373291 39.4442596435547 -12.6089487075806
v -8.8104419708252 54.886661529541 -14.3439359664917
v -15.4738168716431 39.5038909912109 -12.3749341964722
v 8.8220272064209 82.6232528686523 -14.6414556503296
v -4.93943929672241 56.3265953063965 -12.8252115249634
v 19.5768947601318 53.6628341674805 -11.4875478744507
v -10.6254863739014 53.2349967956543 -14.2447299957275
v -3.02784299850464 78.4275512695312 -14.3606204986572
v -19.6872081756592 47.7545166015625 -4.98539972305298
v -19.6681938171387 48.8463592529297 -2.87617540359497
v -19.5942230224609 47.2197113037109 -3.30649614334106
v -20.5171070098877 40.5037689208984 -4.05211782455444
v -0.0664013624191284 49.1639213562012 -11.9204950332642
v -0.598945677280426 64.8703002929688 -13.2347984313965
v 10.8258047103882 78.240364074707 -13.4808464050293
v 19.8989067077637 52.6020774841309 -5.07780981063843
v 20.2774791717529 53.593822479248 -3.5988233089447
v -14.9305391311646 41.3187446594238 -12.5561618804932
v 21.4508304595947 72.0344543457031 -4.25607538223267
v -12.8308095932007 63.5761413574219 -13.1497440338135
v 16.8859081268311 62.0916290283203 -12.2930479049683
v -19.9814033508301 46.9259033203125 -12.3217267990112
v -18.8713455200195 46.6943855285645 -13.1285953521729
v 20.1171684265137 47.7207870483398 -11.9482822418213
v -16.9870872497559 42.6075134277344 -12.3785209655762
v -22.0564727783203 48.1537132263184 -3.20794606208801
v -21.2417602539062 46.5556449890137 -1.6825567483902
v -21.2232933044434 48.47314453125 -1.84607231616974
v -0.917353093624115 72.8873901367188 -14.0125875473022
v -19.3306427001953 51.8866729736328 -5.24056911468506
v 21.3469581604004 60.9178199768066 -3.48781037330627
v -21.3609619140625 38.5704154968262 -6.87363958358765
v 19.8764877319336 53.5591888427734 -7.05801486968994
v 20.0472583770752 50.8218803405762 -6.53819990158081
v -8.136549949646 83.1591033935547 -14.5953979492188
v -3.70736956596375 68.5209655761719 -13.5539169311523
v 16.0780220031738 74.8400650024414 -11.4810314178467
v -15.8537817001343 57.691837310791 -13.2874851226807
v -14.6293716430664 56.0794792175293 -13.1940088272095
v -14.5239143371582 57.5346374511719 -13.2138357162476
v -18.7286357879639 66.7105712890625 -9.39846038818359
v -20.862096786499 41.3666229248047 -1.37054359912872
v -16.3748016357422 82.7140884399414 -9.98586845397949
v -19.9176712036133 49.9276580810547 -11.7443037033081
v -19.6890048980713 76.2369232177734 -5.2572193145752
v 21.3152122497559 45.9793701171875 -9.47259044647217
v 21.0615119934082 45.7916564941406 -10.9606189727783
v -1.37747085094452 87.4626235961914 -14.5960245132446
v 19.5890522003174 78.9824523925781 -6.03820085525513
v -19.6718444824219 48.7418632507324 -5.42434692382812
v -16.8312511444092 78.6242065429688 -10.1538219451904
v -20.270866394043 47.680591583252 -7.30578804016113
v 4.40500640869141 77.8685455322266 -14.3422527313232
v 22.0987396240234 38.9300155639648 -10.4637031555176
v 22.0539512634277 55.8062133789062 -3.16651225090027
v 17.585786819458 66.8332290649414 -11.474892616272
v 18.1639366149902 68.7566452026367 -10.5433416366577
v 18.4393005371094 67.1878509521484 -10.2728490829468
v -21.9646377563477 44.5754089355469 -1.98757946491241
v 3.2559654712677 54.1740760803223 -12.8463354110718
v 3.43452095985413 44.9118614196777 -11.8730325698853
v 3.33393883705139 83.2471237182617 -14.9383106231689
v 17.7307548522949 65.4776153564453 -11.5072650909424
v 17.7222061157227 63.9671401977539 -11.6437673568726
v 18.8110733032227 64.4547576904297 -9.97866153717041
v -15.6849908828735 61.851879119873 -13.0639505386353
v -12.6346235275269 71.6373062133789 -13.0774068832397
v -18.582498550415 62.3985900878906 -11.0615139007568
v -8.1001148223877 48.3435401916504 -13.0449743270874
v 19.3023777008057 76.8716430664062 -6.62239170074463
v -11.1472253799438 37.5141906738281 -13.5520286560059
v 17.8842945098877 39.4111099243164 -12.8597898483276
v 17.2569217681885 61.1305503845215 -12.2307748794556
v -20.9510307312012 70.0769882202148 -3.30552101135254
v -20.6990909576416 72.0766677856445 -3.23468375205994
v -16.3895874023438 58.6288719177246 -13.1698350906372
v -12.7875547409058 69.5937271118164 -13.083779335022
v -15.6960601806641 53.0067710876465 -13.2051801681519
v -15.7782030105591 54.3600730895996 -13.3083572387695
v -14.5534048080444 54.5633544921875 -13.1335020065308
v 19.0634765625 61.987678527832 -5.83357238769531
v 15.2974710464478 83.3300018310547 -11.2356758117676
v -16.760871887207 80.7382354736328 -9.76785659790039
v 11.3636169433594 54.6021766662598 -13.5068073272705
v -18.4460411071777 71.57373046875 -6.6563663482666
v 11.4103994369507 50.157600402832 -13.542275428772
v 18.3102149963379 48.7808570861816 -12.7723846435547
v 5.83339166641235 51.8632888793945 -13.2409076690674
v -20.282018661499 50.1419792175293 -10.2408857345581
v 23.1088523864746 36.5231628417969 -2.16802310943604
v -18.0844993591309 47.2604522705078 -13.1636362075806
v -18.6182041168213 53.7321891784668 -12.5957336425781
v 3.29942727088928 65.1700210571289 -13.4454164505005
v 22.0855808258057 67.8608551025391 -4.42343854904175
v -9.44035148620605 62.1668281555176 -14.1548633575439
v -21.218111038208 60.3404541015625 -3.19090461730957
v 22.8530406951904 39.5358390808105 -2.30990242958069
v 19.2613563537598 61.4535217285156 -9.21845149993896
v -22.0333862304688 38.5507736206055 -1.0465521812439
v -16.9819622039795 84.9183349609375 -8.53083419799805
v 17.7975101470947 54.2227554321289 -12.5989713668823
v -19.7777671813965 73.7822875976562 -4.65262174606323
v -21.2655925750732 40.5455017089844 -7.60632419586182
v -21.0029335021973 39.8203239440918 -6.18272542953491
v -12.7104749679565 50.4535217285156 -13.5232105255127
v -6.39339542388916 59.4202117919922 -13.3122959136963
v -17.6327152252197 64.0083160400391 -11.8812379837036
v -8.84625148773193 69.8838729858398 -14.0309267044067
v 23.4302043914795 38.2873115539551 -2.33257722854614
v 17.4764671325684 73.853630065918 -10.6242027282715
v -19.1677284240723 43.8658981323242 -13.1753358840942
v 20.9512596130371 41.131462097168 -4.3744854927063
v -7.7059760093689 78.7249908447266 -13.9946660995483
v -5.96140193939209 77.1987228393555 -14.1042575836182
v -20.2776298522949 79.4345092773438 -3.54071640968323
v 18.3898410797119 71.9484634399414 -7.57097959518433
v -3.77052760124207 83.2346343994141 -14.7887744903564
v -19.5078563690186 40.689323425293 -13.1386499404907
v 7.23031568527222 51.3573799133301 -13.4848356246948
v 7.09886312484741 56.220703125 -13.6292791366577
v 1.02868294715881 71.9123611450195 -13.9664525985718
v 21.4281845092773 76.3711547851562 -4.0795636177063
v -19.0415706634521 60.8894805908203 -7.6069860458374
v -19.1006278991699 62.3430595397949 -9.11425495147705
v -19.5974349975586 57.1979026794434 -8.61521625518799
v -19.8050594329834 78.2816772460938 -5.02141046524048
v 7.59687328338623 53.3757171630859 -13.6509704589844
v 5.94738006591797 53.265323638916 -13.3500299453735
v 18.3846035003662 76.0959854125977 -7.72173643112183
v -17.6368713378906 76.8479614257812 -9.75682067871094
v 12.4756441116333 75.9833221435547 -12.882866859436
v -18.1389389038086 44.2054901123047 -12.9779672622681
v -17.9101123809814 45.2164688110352 -12.9990968704224
v -16.5555305480957 44.4310073852539 -12.4560680389404
v -19.2697639465332 62.6457977294922 -3.64216089248657
v 20.9438152313232 56.5007133483887 -3.18789744377136
v -20.6484394073486 41.0641326904297 -5.46256113052368
v 20.8506393432617 67.002815246582 -3.90062570571899
v -13.2551698684692 60.0950012207031 -13.2198114395142
v -11.5146951675415 58.4729270935059 -13.719199180603
v 19.6515121459961 50.2556686401367 -11.9256048202515
v 8.99572467803955 87.3562316894531 -14.3778448104858
v 6.61334466934204 87.4331283569336 -14.8128318786621
v 8.40218257904053 41.3644409179688 -12.8224983215332
v -8.11161327362061 59.4782409667969 -14.254301071167
v 17.6202659606934 76.0691299438477 -9.98431301116943
v 19.3510856628418 58.418586730957 -5.87206268310547
v 19.306583404541 60.0272102355957 -5.38979005813599
v 19.0927543640137 60.2701454162598 -6.90815734863281
v 20.6614589691162 49.3162841796875 -10.7164278030396
v 20.5387496948242 51.1226043701172 -10.4445924758911
v 5.04737758636475 59.9968528747559 -13.4166173934937
v 7.33051776885986 59.8566665649414 -13.7028541564941
v 7.34164714813232 61.1930351257324 -13.7134094238281
v -1.39824235439301 77.2340698242188 -14.329873085022
v -2.25421524047852 76.2987594604492 -14.2440528869629
v 6.79936504364014 58.4249000549316 -13.6081409454346
v 5.10382747650146 58.4070930480957 -13.3941211700439
v -16.11962890625 71.5617141723633 -12.0034875869751
v -18.4837818145752 71.0454864501953 -9.00460052490234
v 0.911888241767883 62.3873977661133 -13.0743246078491
v 0.138069823384285 63.360179901123 -13.1232433319092
v 2.91775488853455 62.6158218383789 -13.2682247161865
v 7.57947015762329 54.8379745483398 -13.6806621551514
v -8.94801712036133 39.4312019348145 -12.7307443618774
v 16.12864112854 63.537654876709 -12.3804941177368
v 14.5747690200806 64.8777770996094 -12.5294942855835
v -10.112232208252 86.7489776611328 -13.8538637161255
v 3.17523050308228 67.4714202880859 -13.6171216964722
v 9.62421131134033 56.0157661437988 -13.7620134353638
v 11.1218156814575 56.0504379272461 -13.5487356185913
v 11.1044130325317 71.5095825195312 -13.304388999939
v 21.1091461181641 47.5430374145508 -9.9076976776123
v 2.99045825004578 59.6032409667969 -13.0930395126343
v 0.637125670909882 59.6259460449219 -12.8956508636475
v 1.08364140987396 61.0732383728027 -13.0062828063965
v -19.4406185150146 72.7755813598633 -5.03693008422852
v -20.7866058349609 73.0731582641602 -3.19349932670593
v 12.7389078140259 53.4348335266113 -13.0559339523315
v 14.1411037445068 53.501091003418 -12.6702356338501
v 11.1745986938477 51.5385665893555 -13.5603399276733
v 10.7345323562622 53.0544929504395 -13.6534204483032
v -8.55299377441406 37.8956146240234 -11.7875785827637
v 14.3105373382568 65.8299942016602 -12.5516996383667
v -14.8811120986938 78.0303421020508 -11.7224674224854
v -7.47118711471558 51.6015930175781 -13.0515222549438
v 19.814323425293 55.5832023620605 -4.53647994995117
v 19.7332000732422 54.6529808044434 -5.18664598464966
v 19.6978912353516 54.6948127746582 -6.49531030654907
v 19.6658229827881 56.5617790222168 -4.87997436523438
v -11.2811050415039 39.222843170166 -13.646068572998
v 9.32836151123047 57.6187324523926 -13.765887260437
v -19.7659568786621 55.9837837219238 -9.34590530395508
v -19.48708152771 56.4565162658691 -10.8251428604126
v -19.4207592010498 55.1791076660156 -11.3006639480591
v -17.1164684295654 55.7122421264648 -13.1853857040405
v 15.8464984893799 87.2749176025391 -9.53689670562744
v 8.33840274810791 48.5561256408691 -13.5459909439087
v 7.66016054153442 50.0682182312012 -13.4692096710205
v -21.7241954803467 39.0543441772461 -10.9854879379272
v -21.9383430480957 37.6774520874023 -10.3244485855103
v -18.9087352752686 39.2323875427246 -12.7969074249268
v 0.978646993637085 55.5606536865234 -12.6400299072266
v -7.74231100082397 87.4542388916016 -14.4173650741577
v -6.34640884399414 87.3607330322266 -14.5962600708008
v -7.1318154335022 85.1575469970703 -14.7752656936646
v -16.8452568054199 60.6060562133789 -12.8321313858032
v 23.1262550354004 57.7818641662598 -4.92431974411011
v -17.2982387542725 56.8445472717285 -13.0260906219482
v -19.5278034210205 57.8140525817871 -10.0680160522461
v 6.72964429855347 40.4630241394043 -12.0533323287964
v -3.9499683380127 60.7251014709473 -13.0085515975952
v -1.12696325778961 59.6130256652832 -12.8806180953979
v 11.0726976394653 57.5022621154785 -13.5096445083618
v -19.2858924865723 52.2343254089355 -3.81030249595642
v 14.3186740875244 55.4046020507812 -12.6405811309814
v 20.6332511901855 51.0942802429199 -8.76935863494873
v -13.6463203430176 80.8938369750977 -12.4206991195679
v -20.2340717315674 41.6509742736816 -3.29822373390198
v -19.1108512878418 64.1791000366211 -4.023681640625
v 21.029203414917 65.0657196044922 -3.77918291091919
v 20.4036064147949 76.2742462158203 -4.58818864822388
v -18.519702911377 69.2177810668945 -8.36366367340088
v 16.8947772979736 85.4062576293945 -8.76262855529785
v -16.6966190338135 74.8844833374023 -11.1247329711914
v 8.51058959960938 44.4075775146484 -13.2540283203125
v 20.7678871154785 42.2509956359863 -5.71345853805542
v 21.0733299255371 40.2191047668457 -5.96885633468628
v -13.8690452575684 51.6124801635742 -13.1418428421021
v -3.60041618347168 65.7936553955078 -13.2971248626709
v -9.13674640655518 75.4630508422852 -13.7230129241943
v -18.5965557098389 84.3804244995117 -5.44825458526611
v -21.5809688568115 39.3266716003418 -8.34269905090332
v 6.19455718994141 85.3059692382812 -15.082293510437
v 12.4670066833496 47.3452949523926 -13.399133682251
v 16.4727611541748 77.5334548950195 -10.7386951446533
v -19.59130859375 48.1240768432617 -12.5747375488281
v -18.3962211608887 48.6915130615234 -13.1457748413086
v -3.3920955657959 48.1548385620117 -11.9265546798706
v 19.3112277984619 66.7068710327148 -5.09560823440552
v 8.36496067047119 78.3957138061523 -14.0471315383911
v 8.87362384796143 79.384147644043 -14.0809602737427
v -4.35626220703125 38.2555122375488 -10.3071775436401
v -2.52111911773682 85.3362808227539 -14.8049907684326
v -0.331020265817642 84.9698181152344 -14.8721609115601
v -1.93041861057281 83.653938293457 -14.8425626754761
v 17.8215236663818 58.390251159668 -12.2233371734619
v -6.98285865783691 72.5021667480469 -14.1188831329346
v -6.7278733253479 70.4374542236328 -14.1571884155273
v -5.61544561386108 71.3516159057617 -14.0713596343994
v 18.021167755127 77.260368347168 -8.52006053924561
v 13.864818572998 60.3348693847656 -12.6658868789673
v -13.1340055465698 79.3116226196289 -12.5635251998901
v -13.1192016601562 77.7213897705078 -12.5996913909912
v -7.25855112075806 56.5043792724609 -13.5729064941406
v 13.8767118453979 84.837516784668 -12.1630516052246
v -4.41526746749878 43.7960319519043 -11.3596363067627
v 20.2065353393555 47.7754898071289 -5.63334941864014
v -22.4952049255371 44.5070648193359 -3.16469359397888
v -18.0579490661621 42.5444259643555 -12.7610883712769
v -7.77688407897949 57.8732948303223 -14.0233678817749
v -5.01276540756226 68.2992172241211 -13.7245111465454
v -18.9419422149658 66.029411315918 -4.48638010025024
v 12.7357053756714 72.0657577514648 -12.8716516494751
v -19.3822612762451 58.0204429626465 -7.77967023849487
v -20.85618019104 45.3410224914551 -9.27660846710205
v -21.1329803466797 43.5148124694824 -9.82437992095947
v 1.76008367538452 39.5755271911621 -10.4863471984863
v 0.970248937606812 38.3344802856445 -10.1052570343018
v -0.235212415456772 40.1787948608398 -10.3883085250854
v -2.05033755302429 39.7319030761719 -10.4372110366821
v -14.2449188232422 68.7066421508789 -12.9212675094604
v 20.4033203125 47.6732902526855 -4.1560583114624
v 2.8952534198761 57.3274993896484 -12.9674873352051
v 23.0814456939697 48.2415580749512 -2.65911650657654
v 16.9863338470459 67.9565582275391 -11.7296838760376
v 20.5175704956055 52.779125213623 -9.63546276092529
v -2.43248200416565 50.9665451049805 -12.2507362365723
v 13.7806482315063 79.56005859375 -12.4320878982544
v -18.3160972595215 73.9876556396484 -7.92089891433716
v -19.0964870452881 74.8655395507812 -5.96603775024414
v -18.4018096923828 75.2988739013672 -7.09739780426025
v 15.6377849578857 46.7999534606934 -12.5985460281372
v 0.391830801963806 80.165397644043 -14.6067581176758
v 18.0662498474121 73.0933609008789 -9.75858211517334
v 21.4580116271973 42.0344619750977 -7.58373403549194
v -14.1126737594604 44.3602600097656 -12.8682374954224
v -17.1655139923096 45.508171081543 -12.7932386398315
v -7.56288290023804 46.5771827697754 -12.3856897354126
v 20.8130588531494 78.1986312866211 -4.2975025177002
v -12.1855516433716 87.5471801757812 -12.6502199172974
v 2.38663721084595 80.8336029052734 -14.6832227706909
v 20.5323867797852 50.5545768737793 -3.35024976730347
v -12.7983636856079 56.8523063659668 -13.4076528549194
v 22.5835628509521 62.1656608581543 -4.62520122528076
v -12.0160722732544 70.4262924194336 -13.1859893798828
v -2.55761623382568 87.5203323364258 -14.5709619522095
v 21.4018573760986 36.6539878845215 -5.6656813621521
v 12.2503318786621 37.5763282775879 -13.8498125076294
v 21.7760009765625 41.3262481689453 -8.44658756256104
v -18.6689834594727 78.7929992675781 -7.08445072174072
v -18.2815475463867 76.867561340332 -7.59176683425903
v -18.9688873291016 45.7480583190918 -13.1456613540649
v 24.0234985351562 47.8495178222656 -4.55115938186646
v 16.857328414917 81.7658920288086 -9.80353927612305
v 19.7553596496582 82.7816619873047 -3.44183301925659
v 5.58954572677612 50.001766204834 -13.032078742981
v 3.19854068756104 77.9491271972656 -14.3900136947632
v 10.8719539642334 73.8919067382812 -13.3418092727661
v -21.2445449829102 49.7551193237305 -1.9831018447876
v -20.7895050048828 51.2991409301758 -2.02959942817688
v 10.3116254806519 79.5995025634766 -13.8383407592773
v 19.3259525299072 55.7798042297363 -11.4443397521973
v -18.1857070922852 40.7113380432129 -12.587628364563
v -18.6317138671875 41.3594741821289 -12.8747205734253
v 23.5923652648926 52.9737091064453 -4.89031410217285
v 0.879663825035095 83.3239517211914 -14.8905229568481
v 24.1832828521729 43.1543846130371 -2.81420922279358
v -14.2231197357178 70.5920257568359 -12.8108568191528
v -1.12734150886536 85.8094253540039 -14.7872591018677
v 19.9220943450928 52.6012916564941 -6.78545570373535
v 15.3221635818481 60.8373489379883 -12.596019744873
v -14.884955406189 82.3852615356445 -11.5169315338135
v -13.3025455474854 82.9674987792969 -12.5993099212646
v 21.1941032409668 48.4951400756836 -2.74033403396606
v 10.0316390991211 66.0236358642578 -13.5798683166504
v 22.869291305542 40.4345741271973 -2.02231860160828
v 21.2958660125732 63.082332611084 -3.6497814655304
v -20.6170864105225 43.119270324707 -12.4783926010132
v -19.1975555419922 42.7064056396484 -13.1615695953369
v -18.591516494751 68.1707611083984 -8.56320190429688
v -18.4487762451172 67.5534210205078 -7.28267574310303
v -18.6815624237061 66.2856979370117 -8.42413997650146
v 3.43611598014832 70.2653198242188 -13.8726749420166
v 10.0462617874146 37.6278648376465 -13.0768585205078
v -20.2395496368408 49.7793464660645 -8.12504768371582
v -17.9864177703857 75.0100555419922 -9.65652275085449
v 21.60888671875 38.6999816894531 -6.74450397491455
v 21.9187335968018 37.0446014404297 -7.26648235321045
v 19.4619541168213 61.0162200927734 -4.77670907974243
v 20.2666206359863 62.1172294616699 -3.78596663475037
v -18.5690383911133 55.423755645752 -12.3731260299683
v 5.42419576644897 87.5741653442383 -14.8403882980347
v -21.435920715332 63.5888671875 -3.5243992805481
v -17.1857490539551 54.4137420654297 -13.2471466064453
v -17.9939155578613 52.7623291015625 -13.0751066207886
v 15.179986000061 47.6632423400879 -12.634801864624
v 14.0994625091553 47.8722496032715 -12.9205932617188
v -22.8993320465088 38.936466217041 -3.14732503890991
v 17.9112491607666 41.2384300231934 -12.8033809661865
v 18.3357009887695 42.1699409484863 -12.9091596603394
v 19.6791114807129 40.7749786376953 -13.0985794067383
v -18.5539569854736 56.6823196411133 -12.1676464080811
v 18.8740558624268 78.1390762329102 -7.27115869522095
v 22.6532306671143 46.3573799133301 -2.29394006729126
v 21.4507846832275 45.4660682678223 -2.68074727058411
v -18.9439926147461 51.2062759399414 -12.6819381713867
v -7.15588569641113 54.6621932983398 -13.257194519043
v -19.2107086181641 84.2414169311523 -3.34521913528442
v -19.5095996856689 83.2413177490234 -3.42676496505737
v 11.8619956970215 48.8155326843262 -13.4974088668823
v 15.8875818252563 56.4551124572754 -12.6630249023438
v 22.838415145874 60.486888885498 -4.82154893875122
v -5.81390237808228 65.2509613037109 -13.6172132492065
v -15.9126663208008 55.6726264953613 -13.3418455123901
v 5.87599039077759 45.3273963928223 -12.5650634765625
v -5.44625234603882 45.3856315612793 -11.7162046432495
v -7.43775653839111 45.3119277954102 -12.1601762771606
v 21.6124401092529 75.4524536132812 -4.05439376831055
v 15.3345756530762 67.5415496826172 -12.3426780700684
v 21.288459777832 39.4198226928711 -3.92464017868042
v -15.1827583312988 50.5068244934082 -12.8564138412476
v 13.8395214080811 38.8266525268555 -13.6327867507935
v 11.9190425872803 38.9531707763672 -13.8826599121094
v 14.3331022262573 83.2766952514648 -12.0514879226685
v 14.7621145248413 62.0652389526367 -12.5640230178833
v -10.5581111907959 38.4629211425781 -13.5872488021851
v 9.47396373748779 51.3897972106934 -13.7870388031006
v -7.65683317184448 66.1177597045898 -14.2085647583008
v 20.4701156616211 52.0136413574219 -8.54263210296631
v 14.1366529464722 45.9678535461426 -13.0849027633667
v 23.6638050079346 47.6196708679199 -3.22232556343079
v -18.5183715820312 66.7898559570312 -5.93845367431641
v -18.5297756195068 65.3867034912109 -6.93317127227783
v -19.0704040527344 57.3383026123047 -4.52000904083252
v -10.5763006210327 87.7610855102539 -13.4802684783936
v -15.0270109176636 59.5548095703125 -13.2169933319092
v -14.5150318145752 58.7322578430176 -13.2020139694214
v -5.31300830841064 39.3802795410156 -10.6334562301636
v 17.2075786590576 45.2454528808594 -12.6447305679321
v 14.7128171920776 72.0406875610352 -12.2781667709351
v 15.8280897140503 66.3641357421875 -12.2823076248169
v -16.4969329833984 45.3350372314453 -12.519793510437
v 10.6244125366211 69.11865234375 -13.425368309021
v 19.0134544372559 84.1676635742188 -4.93358373641968
v 19.5279121398926 82.3464889526367 -4.85632562637329
v 16.9710922241211 53.6234321594238 -12.6970930099487
v -18.9635753631592 58.1591682434082 -5.64804697036743
v 15.2262935638428 73.8361358642578 -11.9727029800415
v 12.2713041305542 82.9937057495117 -13.4142084121704
v -4.37849950790405 66.639045715332 -13.4167633056641
v -4.99533224105835 82.6200714111328 -14.7045679092407
v -6.06799507141113 83.9800872802734 -14.8292903900146
v -4.13053846359253 84.473747253418 -14.8232221603394
v 20.2389888763428 81.0035705566406 -3.47911047935486
v -20.596643447876 43.2690391540527 -6.47355794906616
v -20.3647136688232 42.3681564331055 -4.95766305923462
v -20.092456817627 43.4588508605957 -4.422607421875
v -6.55320978164673 78.8610610961914 -14.1375780105591
v 2.68979334831238 50.227108001709 -12.3834981918335
v -20.5364952087402 47.9422492980957 -9.31972885131836
v -3.09722399711609 42.256160736084 -10.9860639572144
v 25.1777572631836 37.3642959594727 -4.70959138870239
v 21.0642223358154 43.121753692627 -3.64982080459595
v 20.9219417572021 42.0660247802734 -4.19150972366333
v 13.8796968460083 58.6534423828125 -12.6737384796143
v -21.5231094360352 40.3785057067871 -9.58621406555176
v -20.9413871765137 41.6906204223633 -6.91649627685547
v 6.46708536148071 73.2916030883789 -13.9930124282837
v 16.2335796356201 45.224235534668 -12.5797882080078
v -9.97976875305176 83.2220001220703 -14.1291608810425
v -20.6773910522461 37.7316665649414 -1.84504699707031
v -20.2142028808594 50.996452331543 -9.86319351196289
v 14.9850444793701 50.9732208251953 -12.5790147781372
v 10.0331554412842 85.6991958618164 -14.2378225326538
v 22.1830940246582 43.4375762939453 -2.26838660240173
v -14.6150417327881 87.7417526245117 -10.5946769714355
v -22.6432514190674 43.0052375793457 -3.15187001228333
v -8.52270889282227 52.5051536560059 -14.0824241638184
v -19.9868545532227 69.9046783447266 -3.56538343429565
v -19.5230178833008 69.102294921875 -3.98882412910461
v 21.1201686859131 41.638542175293 -6.58347129821777
v 4.17159986495972 75.9177169799805 -14.2221202850342
v 21.3758640289307 37.5206985473633 -12.7067584991455
v -7.57433652877808 75.0292205810547 -13.9847583770752
v 21.5732364654541 38.700382232666 -12.1881189346313
v 12.4376792907715 76.9921646118164 -12.8876667022705
v 16.5238990783691 87.2818450927734 -8.51873207092285
v -10.2424869537354 54.9784622192383 -14.328519821167
v -8.90961837768555 56.493480682373 -14.4065008163452
v 18.0474319458008 62.8507080078125 -11.5077390670776
v 7.3137378692627 83.3242340087891 -14.9834537506104
v 8.17165660858154 81.3692092895508 -14.5991516113281
v -12.5989284515381 39.5968322753906 -13.3735227584839
v -18.1526374816895 86.4381637573242 -5.10017585754395
v 16.5758743286133 55.4522666931152 -12.6765651702881
v 15.5870218276978 54.6728210449219 -12.6325721740723
v 24.4278259277344 39.6768493652344 -2.30130481719971
v -16.4849891662598 37.7300643920898 -12.1983671188354
v 20.152853012085 74.7027130126953 -4.94069242477417
v 0.373848617076874 53.4905662536621 -12.4277124404907
v -0.733712792396545 55.0986289978027 -12.5488128662109
v 9.57944393157959 70.2709655761719 -13.6306066513062
v 21.8546257019043 39.7263107299805 -8.00895977020264
v -20.0994472503662 37.9875831604004 -13.0949096679688
v -20.9964065551758 38.0433349609375 -13.0492458343506
v 12.2720584869385 68.1874008178711 -12.9985218048096
v -4.82596063613892 85.3230590820312 -14.8053903579712
v 14.1658096313477 56.3296203613281 -12.6487970352173
v 12.5742597579956 56.4367294311523 -13.0124206542969
v -12.5649566650391 37.5145835876465 -13.2583265304565
v 20.1247024536133 49.0419158935547 -5.92983055114746
v 20.1573925018311 49.4435729980469 -4.67614555358887
v 20.6720142364502 68.9363861083984 -4.04354953765869
v -18.0010643005371 37.9208831787109 -12.2533283233643
v -1.3870815038681 61.0281105041504 -12.9737663269043
v 19.1798133850098 64.6863632202148 -5.24434232711792
v 19.9901466369629 50.8503837585449 -5.395339012146
v -20.0865440368652 52.1961860656738 -10.0162467956543
v 21.8304042816162 41.5599517822266 -9.42417049407959
v 21.9250049591064 40.7025184631348 -9.75952434539795
v 21.1800098419189 52.7053031921387 -2.86761212348938
v 22.0748748779297 39.5872764587402 -9.37642860412598
v 15.7831449508667 70.8406829833984 -12.015645980835
v 14.6254053115845 70.1216659545898 -12.413402557373
v 16.3397083282471 69.2917327880859 -11.9081211090088
v 17.372652053833 69.8325347900391 -11.3106918334961
v 9.75651454925537 67.4829559326172 -13.6337203979492
v 9.03171253204346 68.5353088378906 -13.7452259063721
v 8.05537033081055 66.9119720458984 -13.7898435592651
v 21.1977977752686 43.2202072143555 -11.5839853286743
v 20.6331825256348 39.1990013122559 -12.9180688858032
v -18.4036045074463 70.7818450927734 -7.98042726516724
v 19.218147277832 73.4534606933594 -6.33116436004639
v -15.8594818115234 84.1255722045898 -10.2655582427979
v 4.36624622344971 65.8379135131836 -13.5584754943848
v -12.734169960022 51.3399696350098 -13.5264730453491
v -16.031213760376 60.9923362731934 -13.0606107711792
v 17.6787815093994 43.5326690673828 -12.7443704605103
v -4.88334798812866 57.2354698181152 -12.8715906143188
v -6.08309173583984 57.7405738830566 -13.0596084594727
v 19.2266521453857 42.0691757202148 -13.0527610778809
v 0.0854397565126419 57.9224586486816 -12.7650146484375
v 0.435526460409164 56.6425704956055 -12.6820821762085
v 12.8469734191895 44.6420783996582 -13.4305324554443
v -2.01119232177734 41.5456466674805 -10.7775278091431
v 20.6435985565186 79.9800109863281 -3.54947352409363
v 22.304859161377 57.4053535461426 -3.58279323577881
v -22.0533657073975 42.6704559326172 -1.73783528804779
v 20.4679012298584 46.1000785827637 -4.50514078140259
v -17.2275409698486 41.7387084960938 -12.3662796020508
v -21.5388240814209 61.7303009033203 -3.67369103431702
v -19.9378814697266 71.6550140380859 -3.88202333450317
v 15.1883268356323 46.0190696716309 -12.7405424118042
v -21.2747478485107 41.8950462341309 -8.9336519241333
v 18.2652034759521 47.2650756835938 -12.8369340896606
v 10.1680011749268 72.0710067749023 -13.5062303543091
v 8.96112251281738 71.2610397338867 -13.7298927307129
v -11.1981525421143 75.1043853759766 -13.2933979034424
v -16.533561706543 76.2898712158203 -10.9293937683105
v -18.9247016906738 60.5239715576172 -10.8692655563354
v -18.3028259277344 60.6302757263184 -11.7202005386353
v -21.7642154693604 57.938346862793 -3.68246698379517
v 3.17763447761536 55.6635627746582 -12.9252576828003
v -8.94839859008789 76.5887680053711 -13.743369102478
v -10.0538492202759 75.9540405273438 -13.5352125167847
v -10.1702337265015 77.8943176269531 -13.5140972137451
v -21.7496814727783 38.5798759460449 -9.17369747161865
v -21.192195892334 43.137020111084 -10.6609487533569
v -19.4996871948242 70.9368896484375 -4.47039270401001
v -17.062801361084 53.0061264038086 -13.2951717376709
v -14.2319269180298 84.8424987792969 -11.6873579025269
v 12.2491064071655 57.5659294128418 -13.0825853347778
v 12.4048557281494 58.8005905151367 -12.9674520492554
v 2.63855457305908 73.3358612060547 -14.0861015319824
v -18.9703311920166 59.404857635498 -4.44383955001831
v -18.846981048584 60.0153961181641 -5.80402851104736
v -22.9466457366943 35.3992881774902 -2.63565754890442
v 19.9260234832764 53.4324264526367 -4.59823656082153
v -20.5259704589844 47.3581008911133 -11.0422582626343
v -15.0314512252808 37.7510681152344 -12.3841571807861
v -16.3731708526611 64.2771682739258 -12.582142829895
v 20.2121143341064 64.0279541015625 -3.94051647186279
v 5.33311176300049 54.6090927124023 -13.299430847168
v 12.4321718215942 40.6231956481934 -13.8505554199219
v -21.5993556976318 36.4718818664551 -0.695249438285828
v -21.4771461486816 40.469783782959 -11.4556188583374
v 13.3953676223755 81.5906524658203 -12.7943992614746
v -19.6089992523193 44.7073860168457 -12.9902458190918
v 8.61912250518799 63.3529014587402 -13.7486810684204
v 8.25971126556396 65.7027359008789 -13.7566995620728
v 10.1791877746582 64.9775161743164 -13.5646076202393
v 8.49513721466064 64.2546005249023 -13.7511320114136
v 24.1844158172607 46.4301681518555 -4.83790922164917
v -19.9882850646973 53.7641220092773 -9.3691873550415
v 18.2119121551514 71.6533203125 -8.79707145690918
v -12.2692670822144 82.3631820678711 -13.1920547485352
v 17.756233215332 78.2672424316406 -9.16445827484131
v 18.3340530395508 79.3650283813477 -8.05328845977783
v 20.9723682403564 46.8190422058105 -7.9572057723999
v -18.3488655090332 65.9373397827148 -10.7182216644287
v 21.4153461456299 36.6461448669434 -4.03811836242676
v 6.6094822883606 86.3165740966797 -14.9991989135742
v 1.10595142841339 51.8388938903809 -12.3150396347046
v 10.2216167449951 82.1555023193359 -14.2191114425659
v 4.88581848144531 72.9502182006836 -14.0498456954956
v 20.0203666687012 73.4120483398438 -4.93985557556152
v -17.7018547058105 39.0926399230957 -12.2474584579468
v -21.9207801818848 46.1318283081055 -2.25531959533691
v -9.09062671661377 37.6154975891113 -12.5609836578369
v 23.9484443664551 44.2357139587402 -2.75128149986267
v -18.0149917602539 67.5519638061523 -10.9925479888916
v -8.29748249053955 39.4162139892578 -11.7314300537109
v 13.2455406188965 63.1428031921387 -12.7261371612549
v 12.9135446548462 64.4042434692383 -12.7749834060669
v 11.6656684875488 63.9546356201172 -13.1214742660522
v -16.5371627807617 47.0849761962891 -12.73890209198
v 19.8753395080566 71.9482955932617 -4.96186447143555
v -15.5254535675049 85.8108978271484 -10.2116785049438
v 18.4080238342285 61.0826454162598 -11.4476556777954
v 13.7133665084839 68.4704132080078 -12.6639595031738
v 19.6816253662109 63.0162811279297 -4.45394611358643
v -15.3852224349976 48.0206298828125 -12.661337852478
v -18.7352428436279 37.9110107421875 -12.5080251693726
v 2.55051827430725 76.8311767578125 -14.3189792633057
v -20.4191284179688 78.4934234619141 -3.38352727890015
v 19.5691318511963 83.6938858032227 -3.22306680679321
v 21.7640151977539 40.7853393554688 -3.05014443397522
v 1.17022979259491 42.1241111755371 -10.8518781661987
v 13.5874042510986 75.4679946899414 -12.5242853164673
v 22.4213085174561 66.2502670288086 -4.63913583755493
v -0.416203767061234 52.3563499450684 -12.2861566543579
v -3.47004437446594 52.3184852600098 -12.4340076446533
v -19.9865188598633 81.468635559082 -3.42908310890198
v 2.48540592193604 87.3297882080078 -14.8270692825317
v 3.67366170883179 85.4533386230469 -14.9912843704224
v 21.4118423461914 54.5773773193359 -2.93962168693542
v 18.5311145782471 71.202507019043 -7.05543613433838
v 18.3568344116211 70.2353286743164 -7.56591129302979
v 6.78607225418091 69.0487899780273 -13.8650817871094
v 10.8150682449341 61.2226486206055 -13.4652547836304
v 13.414454460144 61.7856903076172 -12.7087507247925
v 9.70114421844482 60.9953269958496 -13.7013959884644
v 12.6678323745728 60.1157493591309 -12.8564643859863
v 9.66337776184082 50.2336616516113 -13.7847013473511
v 18.9983196258545 51.909797668457 -12.2556686401367
v 18.5893402099609 52.715087890625 -12.4010372161865
v 15.0542850494385 49.3763198852539 -12.571722984314
v 9.44857501983643 84.0423278808594 -14.5280246734619
v -7.9413595199585 40.9492301940918 -11.7575359344482
v -21.5089454650879 36.7212257385254 -6.23063468933105
v 20.7642154693604 40.6752738952637 -12.6281661987305
v 3.76439547538757 63.3969612121582 -13.3778676986694
v 1.024005651474 74.40966796875 -14.1568775177002
v 19.1258316040039 82.9687271118164 -5.56551790237427
v 23.2517719268799 56.5788536071777 -4.92231416702271
v 20.966272354126 41.6641578674316 -12.2859582901001
v 19.17160987854 39.3777465820312 -13.0725612640381
v 16.9483833312988 48.6479835510254 -12.6588373184204
v 13.2775316238403 87.518928527832 -12.0818815231323
v -19.1789646148682 60.7966003417969 -3.83761692047119
v -22.9827346801758 36.9160385131836 -3.08557415008545
v -20.1989803314209 48.6514930725098 -11.5630407333374
v -20.4480819702148 48.8533592224121 -10.112964630127
v 5.33124351501465 71.6873397827148 -13.9857816696167
v 6.48008108139038 81.8528747558594 -14.7969055175781
v -21.2428970336914 41.6822166442871 -11.6302309036255
v -7.66353034973145 37.9695587158203 -11.0443744659424
v -6.56706285476685 63.5369415283203 -13.8063373565674
v -14.3889894485474 45.2187118530273 -12.7973937988281
v -17.7584915161133 79.1199340820312 -8.93317699432373
v -4.72210359573364 70.1211090087891 -13.8562698364258
v 18.338752746582 86.5871505737305 -4.87592506408691
v 13.8790645599365 67.2819976806641 -12.6257562637329
v -3.92858958244324 76.7740249633789 -14.2154569625854
v -13.193546295166 38.7736282348633 -13.1185493469238
v 21.7546939849854 47.5645561218262 -2.42036032676697
v -20.5030422210693 76.8869247436523 -3.32597970962524
v -21.9715957641602 52.2245216369629 -3.64067506790161
v 21.8500690460205 70.2928924560547 -4.31990051269531
v -19.0708141326904 58.8358688354492 -6.71314191818237
v 11.7213125228882 42.2091445922852 -13.8820209503174
v -4.61646699905396 87.5639877319336 -14.6164741516113
v 10.4333982467651 63.4736251831055 -13.5045337677002
v -18.7605991363525 63.5053863525391 -7.458580493927
v -13.7967662811279 65.3351593017578 -13.0256652832031
v -18.3369312286377 72.5408172607422 -8.20099830627441
v 12.1433372497559 61.4705047607422 -13.0158271789551
v 7.09095621109009 62.9412689208984 -13.6866016387939
v 18.6616859436035 65.1157608032227 -8.32738018035889
v -20.8158359527588 39.303768157959 -4.56142282485962
v 14.9760932922363 68.7620010375977 -12.3808183670044
v 18.8926963806152 65.5580139160156 -5.92805433273315
v 19.968542098999 65.7821884155273 -4.23811912536621
v -5.65202856063843 75.7459335327148 -14.0995979309082
v -10.9361305236816 40.973705291748 -13.7483406066895
v -10.2650299072266 40.117130279541 -13.6297693252563
v 14.3599882125854 72.8705062866211 -12.3344650268555
v -19.4164924621582 81.2882385253906 -5.29902982711792
v -14.4045534133911 60.4784965515137 -13.168065071106
v -13.2926969528198 61.7853698730469 -13.1687173843384
v 23.3680896759033 49.3820495605469 -3.26169490814209
v 23.9342861175537 49.0289001464844 -4.75284481048584
v -7.63553237915039 43.8566970825195 -12.0832548141479
v 18.5486965179443 67.6938018798828 -9.317702293396
v -0.122948877513409 74.2737884521484 -14.1353588104248
v -19.7862071990967 55.4076843261719 -8.59634971618652
v -19.848503112793 55.1211433410645 -9.54489994049072
v -5.65678834915161 74.1926727294922 -14.1046962738037
v -6.91839122772217 73.9976959228516 -14.064736366272
v 16.5015754699707 39.8701629638672 -13.067195892334
v 15.6581974029541 39.405158996582 -13.1368227005005
v 6.18259811401367 65.2630310058594 -13.6633653640747
v 3.22315835952759 37.9630661010742 -10.5605964660645
v 21.5814781188965 40.1207962036133 -11.8047885894775
v -17.8531055450439 87.311653137207 -5.32093334197998
v 23.2865123748779 50.2747535705566 -3.36466431617737
v -16.3261947631836 50.7627372741699 -13.1378946304321
v -14.5239791870117 38.8184127807617 -12.5900287628174
v 19.4914360046387 56.7562980651855 -5.9278678894043
v 13.8806705474854 57.756519317627 -12.6837224960327
v -20.5233726501465 45.0121955871582 -7.04746007919312
v -18.9317035675049 58.1910743713379 -11.3998498916626
v -17.6692886352539 58.148006439209 -12.6878690719604
v -18.0388774871826 59.3683280944824 -12.2140274047852
v -9.43045902252197 87.8162307739258 -13.9033889770508
v 17.6132354736328 80.1975479125977 -9.01721954345703
v -9.55059146881104 67.0349960327148 -13.8744106292725
v -3.01736903190613 47.3461647033691 -11.7953519821167
v 19.607349395752 47.1431579589844 -12.4236297607422
v -15.1006336212158 75.0229797363281 -12.0116577148438
v -14.5660257339478 76.3684616088867 -12.0846652984619
v -13.3445310592651 75.0173110961914 -12.7099590301514
v -19.9874305725098 49.8286895751953 -7.14076089859009
v -17.7712821960449 82.0121231079102 -8.23173236846924
v 4.88319444656372 76.6249618530273 -14.2289371490479
v -19.7510757446289 50.7772178649902 -11.8251838684082
v -19.2963008880615 82.9458160400391 -4.59014797210693
v 4.41671514511108 86.2116851806641 -14.9765520095825
v 9.76230239868164 40.8223724365234 -13.3620939254761
v -5.3306131362915 50.8565711975098 -12.3952531814575
v 20.3838005065918 45.7599296569824 -12.055549621582
v 20.8208160400391 46.5953674316406 -11.1883487701416
v 12.9113826751709 65.7473831176758 -12.8091259002686
v 12.5395803451538 66.9854507446289 -12.9147720336914
v 11.2975463867188 66.4376068115234 -13.2496576309204
v -20.8667182922363 74.7840118408203 -3.12725567817688
v 13.0277624130249 85.8605422973633 -12.6097888946533
v -18.6812362670898 42.1924057006836 -12.9635906219482
v -10.6546592712402 55.9147262573242 -14.2211790084839
v -1.13531100749969 66.2955093383789 -13.3587350845337
v -0.589314520359039 43.007755279541 -10.9497308731079
v -3.73992156982422 59.5369529724121 -12.9415502548218
v -11.6017980575562 67.6771392822266 -13.2525787353516
v 5.06181669235229 74.8420257568359 -14.1328449249268
v 19.0862674713135 81.1218643188477 -6.50217628479004
v -19.2825832366943 53.8675270080566 -5.70218086242676
v 20.2627201080322 55.5124969482422 -3.59986615180969
v 4.62730503082275 57.1331939697266 -13.2709169387817
v 3.33228778839111 61.8177757263184 -13.259729385376
v -18.8952674865723 69.3920974731445 -5.08881378173828
v -20.1083297729492 48.3118133544922 -2.20403361320496
v -17.2258338928223 49.9559593200684 -13.2302389144897
v 9.23649501800537 62.1861000061035 -13.7377510070801
v 18.9784812927246 59.7402076721191 -11.1167478561401
v -19.3737907409668 52.6541633605957 -5.77461290359497
v -14.5141286849976 42.9653129577637 -12.7314176559448
v -20.5561962127686 44.2627639770508 -12.2454805374146
v -19.1996574401855 55.6436157226562 -4.10300970077515
v 5.73185920715332 47.1072959899902 -12.7598991394043
v 5.08075761795044 47.906322479248 -12.691930770874
v -6.13990354537964 46.8901062011719 -12.0421571731567
v 25.1159267425537 40.6118698120117 -4.58636999130249
v -2.20206952095032 74.4066467285156 -14.112829208374
v -19.3952312469482 47.274528503418 -12.8447427749634
v -20.4248752593994 40.3662796020508 -3.00409913063049
v -6.71893119812012 62.1384735107422 -13.7704200744629
v -11.4177532196045 57.0743713378906 -13.8226375579834
v 0.904067695140839 54.716682434082 -12.5692939758301
v 10.7568521499634 62.430419921875 -13.436842918396
v 12.6622018814087 43.2829818725586 -13.5970764160156
v -19.2291717529297 53.497200012207 -4.03913259506226
v 23.762279510498 51.1586952209473 -4.97299814224243
v -21.3798542022705 41.7936668395996 -10.3770713806152
v -7.70117235183716 63.4728355407715 -14.1690406799316
v 18.6169013977051 62.2894859313965 -11.0395088195801
v -20.7585315704346 46.1692008972168 -9.69565868377686
v 19.5481472015381 59.5608177185059 -9.27837657928467
v 6.83611345291138 43.6216278076172 -12.5926494598389
v -21.1524562835693 37.5766448974609 -4.13455581665039
v 24.9492206573486 42.2663650512695 -4.6239218711853
v -4.71876049041748 62.0915374755859 -13.104603767395
v -4.85059022903442 63.0739936828613 -13.1888971328735
v -2.37341642379761 63.2758140563965 -13.1132335662842
v -20.9245147705078 38.321949005127 -3.3123607635498
v -21.747953414917 37.7462310791016 -11.9494619369507
v 3.23754978179932 51.4289016723633 -12.6375513076782
v -18.9860210418701 62.0303382873535 -10.2423715591431
v -16.6885452270508 62.4651145935059 -12.6786060333252
v 24.4288330078125 44.6484870910645 -4.76661348342896
v 21.1693935394287 39.2266273498535 -5.88865661621094
v -4.36710214614868 72.8991317749023 -14.0338802337646
v -20.0203914642334 47.067138671875 -6.17596197128296
v -20.0792961120605 46.1909408569336 -5.99454593658447
v -5.01950454711914 79.5889434814453 -14.3464660644531
v -5.71893930435181 80.7327346801758 -14.4207897186279
v -7.09271287918091 79.6864395141602 -14.1637601852417
v -20.7845458984375 75.7176742553711 -3.1295645236969
v -2.97240972518921 45.223388671875 -11.49449634552
v 20.7065601348877 43.1307182312012 -5.88943576812744
v 23.0917739868164 58.7387084960938 -5.04135704040527
v -21.7338008880615 36.8708114624023 -7.25568771362305
v 5.06027126312256 55.7844924926758 -13.3001117706299
v 21.6169414520264 66.0313491821289 -4.12709426879883
v 8.83624267578125 58.3840103149414 -13.7721509933472
v 0.544014692306519 87.3817825317383 -14.6713838577271
v 23.3223190307617 45.6128349304199 -2.43118047714233
v -19.6579036712646 46.750114440918 -4.16233253479004
v -17.7575855255127 66.7676467895508 -11.3991508483887
v -16.4440536499023 72.9583587646484 -11.6191549301147
v 11.8981304168701 62.6141471862793 -13.071249961853
v -20.763988494873 45.8491592407227 -11.0356998443604
v 7.11372661590576 57.0820350646973 -13.6396751403809
v -10.4948558807373 81.9547958374023 -13.8766679763794
v -11.9244346618652 80.7956390380859 -13.2740392684937
v 22.5833625793457 52.8503875732422 -3.08735585212708
v 20.1125755310059 53.7325859069824 -8.06576251983643
v -11.8908500671387 59.2692451477051 -13.5474500656128
v 7.30925607681274 70.7434463500977 -13.9113531112671
v 19.1293201446533 43.6647872924805 -12.9141321182251
v 20.3261566162109 44.6359786987305 -12.2889680862427
v 20.4472141265869 43.3352317810059 -12.4159507751465
v 21.8153743743896 39.1515121459961 -3.25501990318298
v -20.144495010376 51.1561050415039 -8.38227367401123
v -7.36493587493896 53.2197074890137 -13.2405986785889
v -5.98770570755005 54.6135406494141 -12.8155374526978
v -22.4409294128418 37.9258689880371 -1.58483624458313
v -18.7203998565674 52.8962020874023 -12.6391592025757
v 16.5631637573242 75.584846496582 -11.0936040878296
v 9.40074348449707 54.5869750976562 -13.76877784729
v 22.1656608581543 38.1390075683594 -3.43916082382202
v -9.31754875183105 39.9838256835938 -13.17711353302
v 15.0880928039551 37.309741973877 -13.3886823654175
v 19.8396167755127 49.3989143371582 -11.898211479187
v 19.4833545684814 48.6837539672852 -12.3154401779175
v -18.4862403869629 70.0974960327148 -6.27745866775513
v -10.4780130386353 62.1642570495605 -13.8035402297974
v 8.49423408508301 46.0271110534668 -13.3852872848511
v -12.9806499481201 41.9570465087891 -13.2815246582031
v 13.4458808898926 82.5444183349609 -12.7339611053467
v 14.692234992981 40.925594329834 -13.2424516677856
v -20.2835121154785 44.1027069091797 -5.6745080947876
v -14.7286376953125 63.4090270996094 -13.0759544372559
v 0.715551972389221 85.9535598754883 -14.8316402435303
v 20.9705486297607 70.1631011962891 -4.09416198730469
v -16.9164028167725 85.8698425292969 -8.17921447753906
v -17.9717617034912 85.3730087280273 -6.35965776443481
v -17.6110935211182 84.4900588989258 -7.61204528808594
v 14.419960975647 43.7915267944336 -13.197735786438
v 0.236752152442932 72.6377105712891 -14.0126867294312
v 18.750020980835 63.6118774414062 -7.0016655921936
v 3.10312128067017 60.4406585693359 -13.15260887146
v 19.4023513793945 57.5965995788574 -6.45107793807983
v 14.9691734313965 87.5634078979492 -10.4637203216553
v -19.8813877105713 57.5497894287109 -2.70004916191101
v -19.2190818786621 55.5596122741699 -6.05412673950195
v -20.847038269043 47.6632308959961 -1.7680230140686
v -3.72096419334412 80.0939331054688 -14.4781589508057
v -2.15436267852783 80.6528244018555 -14.5997476577759
v -2.82667136192322 81.7809371948242 -14.6861743927002
v 17.0264892578125 41.3798141479492 -12.7667741775513
v 12.1516342163086 87.7002716064453 -12.8321466445923
v 3.37162041664124 72.6557769775391 -14.0454654693604
v 12.8548860549927 71.1813888549805 -12.8505268096924
v 15.1004123687744 53.6934852600098 -12.6034355163574
v -11.2173528671265 76.9745178222656 -13.2529859542847
v -12.664698600769 67.8009414672852 -13.100474357605
v 14.4737815856934 63.2589149475098 -12.5645799636841
v -1.09768307209015 44.553638458252 -11.2708415985107
v -5.62700653076172 53.526180267334 -12.6840991973877
v -4.9214243888855 46.4338035583496 -11.8061246871948
v -21.3724708557129 67.3954238891602 -3.50514221191406
v 20.8185348510742 46.0519981384277 -7.26264810562134
v 14.1379852294922 81.0580062866211 -12.3176612854004
v -1.6028208732605 46.1209945678711 -11.5481119155884
v 0.648150384426117 50.6170616149902 -12.1155862808228
v -20.0239868164062 68.301513671875 -3.44109964370728
v -8.57987880706787 44.9969902038574 -12.9809293746948
v -0.598222494125366 41.1081924438477 -10.5822439193726
v 18.6770458221436 69.1487655639648 -6.65055227279663
v 19.6433849334717 69.4814910888672 -4.95322942733765
v 19.0236625671387 68.3459091186523 -5.8106255531311
v -14.7312917709351 85.7013854980469 -11.0522861480713
v 8.16277027130127 37.6553993225098 -12.1079530715942
v -11.0714120864868 85.1426391601562 -13.6505355834961
v -12.9923372268677 85.6214218139648 -12.5008687973022
v -12.0106983184814 84.3348236083984 -13.2689237594604
v -21.1041984558105 35.797492980957 -0.908025920391083
v -0.862748920917511 74.9398193359375 -14.1752729415894
v -18.5245914459229 76.2361145019531 -6.98818635940552
v -20.1982421875 80.4006881713867 -3.44612646102905
v 17.0601367950439 72.1232452392578 -11.2561273574829
v -17.928071975708 51.5602493286133 -13.1719522476196
v -14.9314470291138 70.0216369628906 -12.631854057312
v -9.53740310668945 81.2838592529297 -14.0643577575684
v 21.1461334228516 46.2635383605957 -2.92634105682373
v -19.9187450408936 53.7629013061523 -8.42193031311035
v 2.59559965133667 42.9349060058594 -11.3289022445679
v 0.74729710817337 65.1214904785156 -13.2682695388794
v 18.0558204650879 81.2647323608398 -8.25742244720459
v 2.11141848564148 57.9980964660645 -12.8842973709106
v -12.0015449523926 75.6272583007812 -13.0663871765137
v -7.6191554069519 53.9855766296387 -13.5280294418335
v 21.2602806091309 43.4775276184082 -7.57354831695557
v 21.5125770568848 44.1393127441406 -8.84899711608887
v 16.5288200378418 49.758861541748 -12.6260166168213
v -14.3586397171021 86.5759048461914 -11.1732625961304
v 6.64969158172607 77.1173934936523 -14.1380529403687
v 2.03309178352356 71.5365676879883 -13.9552116394043
v -16.3541870117188 39.1041984558105 -12.2298078536987
v 17.6139907836914 87.0607070922852 -6.52168989181519
v -16.7590789794922 51.6281547546387 -13.2929592132568
v 18.6326675415039 74.7817840576172 -7.19613790512085
v 2.01148152351379 64.5032043457031 -13.3240652084351
v 16.0818500518799 62.4798393249512 -12.4622106552124
v -6.48125171661377 81.8697509765625 -14.5354824066162
v -8.49187183380127 82.0394592285156 -14.3838720321655
v 20.0548000335693 51.9005813598633 -4.41792964935303
v -14.1579360961914 66.9737701416016 -12.9718437194824
v -12.9514179229736 66.5257034301758 -13.0701084136963
v -20.0532321929932 52.2913589477539 -8.52346324920654
v 8.22630786895752 76.5829238891602 -13.9351205825806
v -16.3877754211426 79.3994216918945 -10.3956995010376
v -21.2803649902344 69.2292404174805 -3.44807553291321
v 11.2853851318359 59.9836654663086 -13.3493881225586
v 19.5317783355713 57.4535980224609 -7.73002862930298
v 13.4075441360474 37.4319534301758 -13.8424644470215
v -2.33749079704285 73.5342407226562 -14.0416526794434
v -3.53713178634644 71.3429183959961 -13.8550252914429
v 16.4045333862305 42.1515846252441 -12.8066654205322
v -11.4830627441406 73.3311004638672 -13.2635259628296
v 14.9081792831421 78.0929489135742 -11.750431060791
v -22.9787864685059 37.9897155761719 -3.29581570625305
v 20.3504867553711 50.5295753479004 -7.44070529937744
v 7.87715530395508 47.6338081359863 -13.353443145752
v 7.00627613067627 48.4617614746094 -13.2043437957764
v -18.8769626617432 62.2879524230957 -4.5044641494751
v 8.1067590713501 73.2693634033203 -13.8424253463745
v 25.3054885864258 35.8317794799805 -4.76621723175049
v 11.1730823516846 73.0565490722656 -13.2750444412231
v -17.0479297637939 43.8329429626465 -12.5056819915771
v -9.44769668579102 41.8129730224609 -13.4781799316406
v -1.82646262645721 71.8351593017578 -13.9017839431763
v -1.88247418403625 70.2279357910156 -13.7448196411133
v -8.94985198974609 41.4428253173828 -12.9330186843872
v -21.5193920135498 43.2983474731445 -1.47277283668518
v -10.5669479370117 50.7296371459961 -14.2848863601685
v -17.4001483917236 87.5041427612305 -6.39923906326294
v 5.870276927948 38.9890556335449 -11.5263214111328
v -19.761116027832 52.4349822998047 -7.21363639831543
v 18.3303089141846 69.2958831787109 -9.74418449401855
v 18.4220199584961 68.6739883422852 -8.3381233215332
v -20.8215999603271 42.533561706543 -6.899010181427
v 17.8097801208496 84.1545562744141 -7.71961450576782
v 5.74731111526489 42.1898498535156 -12.0748434066772
v 11.364616394043 81.5990295410156 -13.7960662841797
v 23.5280666351318 53.8502388000488 -4.98637056350708
v 16.0200996398926 38.6461219787598 -13.1354188919067
v 4.54638195037842 74.0942077636719 -14.1144943237305
v 22.7871360778809 54.145866394043 -3.59795117378235
v -12.1134128570557 63.0483283996582 -13.3124990463257
v 22.1368560791016 68.732551574707 -4.42931985855103
v -18.8749923706055 70.2073211669922 -5.27207946777344
v -14.8077430725098 51.2609672546387 -12.9283361434937
v -15.7221632003784 82.2953491210938 -10.7672967910767
v -16.962007522583 81.7422561645508 -9.42927932739258
v -15.7248678207397 80.8537902832031 -10.8422117233276
v -8.89881038665771 53.1655311584473 -14.2648706436157
v 19.7904090881348 56.9003105163574 -8.43249988555908
v 20.0632171630859 56.0243072509766 -9.49457454681396
v 19.900806427002 55.3229751586914 -8.07533931732178
v -18.7486972808838 67.7546997070312 -5.17299938201904
v -18.5883865356445 68.4455184936523 -5.71604633331299
v 13.6000003814697 47.240047454834 -13.1257410049438
v 21.9139499664307 50.1569328308105 -2.53736424446106
v 21.6073341369629 51.4862365722656 -2.68189120292664
v -6.13009214401245 40.4756469726562 -10.9814071655273
v -5.94162750244141 41.9995460510254 -11.2187719345093
v -18.6743907928467 57.5087127685547 -11.8813333511353
v -21.4676399230957 66.4413681030273 -3.56644868850708
v -21.8517322540283 56.9933700561523 -3.78395342826843
v -20.3656368255615 49.5723648071289 -9.58130836486816
v -18.1842308044434 73.7466812133789 -9.46169185638428
v -17.4989280700684 73.4072341918945 -10.6493244171143
v 21.774206161499 56.7384490966797 -3.18135762214661
v -19.2168788909912 52.3391456604004 -12.2365112304688
v -11.5953979492188 60.9197235107422 -13.5369291305542
v -7.65537929534912 40.252326965332 -11.4816303253174
v -16.2766761779785 84.8230895996094 -9.58299922943115
v 5.53890514373779 62.4971237182617 -13.5364379882812
v -23.0903720855713 36.0858879089355 -3.22491645812988
v -18.5493965148926 73.5373992919922 -6.50069952011108
v 20.4041213989258 51.3724212646484 -3.49346566200256
v 20.6415138244629 54.2763214111328 -3.25710415840149
v -15.2704362869263 68.3502197265625 -12.6230192184448
v -16.12965965271 69.2055282592773 -12.2446374893188
v -10.2891111373901 73.8022537231445 -13.4980773925781
v -2.78246712684631 64.0211029052734 -13.1558237075806
v -18.6905975341797 67.5371246337891 -9.21117401123047
v -15.3968238830566 73.3085327148438 -12.1157350540161
v -17.7158641815186 71.0027313232422 -10.8691463470459
v -15.2013359069824 71.6952590942383 -12.380747795105
v -16.9176044464111 71.8635406494141 -11.4441337585449
v 5.23127603530884 67.7996978759766 -13.7346105575562
v 12.715371131897 52.4734039306641 -13.1173076629639
v -17.4462432861328 74.8502349853516 -10.4729356765747
v 18.4655437469482 37.3411521911621 -13.0141725540161
v -21.9210548400879 54.1327743530273 -3.75612854957581
v 22.2501564025879 59.0785255432129 -3.83831596374512
v 1.57771015167236 73.1200485229492 -14.0671701431274
v 1.04366886615753 58.5011863708496 -12.8420295715332
v -12.2777919769287 40.9644050598145 -13.5402002334595
v 6.97780084609985 71.9015274047852 -13.943169593811
v -0.545310795307159 69.6149368286133 -13.6995944976807
v 1.25470876693726 70.0582580566406 -13.7846078872681
v 1.80938339233398 69.0584945678711 -13.6959438323975
v -5.39553308486938 68.9973373413086 -13.8886880874634
v -6.43085432052612 69.1897277832031 -14.0846700668335
v -6.51819610595703 67.5853576660156 -14.0299091339111
v 17.2607746124268 37.2379531860352 -13.0992231369019
v -11.1364345550537 72.1752777099609 -13.3342542648315
v 13.7025413513184 54.7945556640625 -12.7231960296631
v 11.0622425079346 46.0820465087891 -13.7371730804443
v -21.4822635650635 65.5000076293945 -3.57472062110901
v -19.7678756713867 65.3186874389648 -3.31872010231018
v 22.0802993774414 37.2085266113281 -11.629674911499
v -19.816686630249 51.2542266845703 -7.05086517333984
v -19.4061107635498 49.0949935913086 -3.92425727844238
v -19.8512401580811 49.6154556274414 -2.56696343421936
v -19.3328018188477 50.2550010681152 -4.2379002571106
v -10.5632705688477 63.7970886230469 -13.6715812683105
v -21.2501678466797 38.0898590087891 -6.09066104888916
v 1.01508510112762 75.824836730957 -14.257004737854
v 3.16210770606995 75.6093139648438 -14.2294759750366
v -18.8411178588867 61.1647529602051 -6.753258228302
v 24.5925102233887 43.8526725769043 -4.78231334686279
v -19.9594707489014 75.5340576171875 -4.62424087524414
v -19.9961051940918 76.8890991210938 -4.64021682739258
v 16.4073219299316 65.2827835083008 -12.1746244430542
v 20.8898315429688 40.4895133972168 -5.00214576721191
v -18.9466037750244 62.3558883666992 -7.90501737594604
v 16.2361793518066 40.625804901123 -13.0674629211426
v -18.9454021453857 63.76904296875 -8.78576564788818
v -20.0445594787598 61.4046630859375 -2.92383241653442
v 17.8862056732178 38.6323623657227 -12.9143419265747
v 24.2790832519531 44.8178787231445 -3.74034714698792
v -20.4152164459229 48.3921546936035 -8.31440830230713
v -21.3472480773926 36.5297622680664 -4.72177171707153
v 12.5552883148193 46.0394859313965 -13.486762046814
v -19.2787170410156 51.5595779418945 -4.33674383163452
v -21.6686096191406 38.7717781066895 -11.7122259140015
v -1.2317990064621 71.1323089599609 -13.8472919464111
v -0.852270424365997 81.8413925170898 -14.7422351837158
v 19.4540214538574 68.0280990600586 -5.0430588722229
v -7.66603136062622 80.5864791870117 -14.216178894043
v 1.74110066890717 75.0463714599609 -14.2031011581421
v 1.30129528045654 43.7393455505371 -11.1880445480347
v 9.70685958862305 46.9304161071777 -13.7760229110718
v 10.4172220230103 45.4365272521973 -13.7818918228149
v -18.7943630218506 65.6044235229492 -8.90060520172119
v -22.7640590667725 41.8596534729004 -3.38845801353455
v 16.4169502258301 51.4724502563477 -12.6475687026978
v -21.0698833465576 38.1887245178223 -5.19447660446167
v 5.77232074737549 70.5831909179688 -13.933162689209
v -22.1011848449707 48.9400405883789 -3.54279136657715
v 19.5554103851318 58.4684448242188 -8.43836116790771
v 19.3324565887451 60.1016540527344 -8.44779205322266
v 19.2629947662354 59.0540313720703 -7.32072114944458
v -15.5722808837891 52.0047912597656 -13.0793886184692
v 17.7827281951904 44.6056632995605 -12.8292951583862
v -19.2827262878418 60.576587677002 -9.31309986114502
v -8.73097229003906 71.2506408691406 -13.9982051849365
v 7.02128314971924 46.3745994567871 -13.0063409805298
v 5.90086698532104 76.5276107788086 -14.1603746414185
v 21.0543479919434 48.1278953552246 -9.29726314544678
v 21.21240234375 46.8158531188965 -9.46627044677734
v 23.4287242889404 37.4899291992188 -2.10844039916992
v 18.6562366485596 66.1445465087891 -9.81553745269775
v 18.5032157897949 65.4799957275391 -10.4948301315308
v -20.8072242736816 58.9876976013184 -2.85501933097839
v -15.8860769271851 46.4159088134766 -12.5464248657227
v -14.3690977096558 46.8901710510254 -12.874174118042
v 19.2579479217529 61.1261940002441 -10.1113033294678
v -19.457592010498 63.502857208252 -3.4738597869873
v 22.3275890350342 37.0297050476074 -8.85350131988525
v 13.1728639602661 69.6899871826172 -12.7760105133057
v -18.0876121520996 61.9665031433105 -11.720850944519
v -17.9998188018799 82.7425765991211 -7.64311790466309
v -18.8386001586914 81.9503555297852 -6.30634880065918
v -19.2648506164551 79.3901290893555 -6.01956033706665
v -19.7249908447266 54.8195991516113 -7.93436908721924
v 20.1994743347168 50.1822280883789 -4.2175874710083
v 20.7553386688232 48.52294921875 -10.7680988311768
v 8.01266098022461 75.7123641967773 -13.9253559112549
v 19.8496074676514 57.1150894165039 -4.2293062210083
v 19.7021942138672 57.9703102111816 -4.49058532714844
v 19.1200542449951 85.280876159668 -3.24258422851562
v 8.21294498443604 60.6914596557617 -13.7576313018799
v -7.01745986938477 68.5022735595703 -14.1351747512817
v -13.431547164917 53.0522956848145 -13.2831296920776
v -13.7238740921021 54.6011734008789 -13.2306232452393
v -20.5670852661133 46.4930419921875 -7.97527694702148
v -18.7902584075928 60.796314239502 -5.49245119094849
v 20.5028591156006 71.5070343017578 -4.15204095840454
v 21.9567794799805 71.4216079711914 -4.23414945602417
v -17.2524013519287 83.5040054321289 -8.60272979736328
v -8.7609806060791 43.1100654602051 -12.9121646881104
v -8.33720302581787 42.2949562072754 -12.266134262085
v -19.823881149292 46.6348419189453 -2.68298888206482
v 17.618480682373 82.9593276977539 -8.51791667938232
v 16.3790264129639 82.7762145996094 -10.1866798400879
v -9.0167293548584 45.4055824279785 -13.5739336013794
v -20.4100685119629 41.7894668579102 -1.99768209457397
v -19.9509677886963 80.1070709228516 -4.35789680480957
v 24.4452457427979 38.8992576599121 -2.13911414146423
v 1.77072596549988 78.7960891723633 -14.4837312698364
v 7.69852828979492 38.9326972961426 -12.1286497116089
v 9.72889709472656 38.8754234313965 -13.0552988052368
v 2.27311372756958 40.4732246398926 -10.8106031417847
v -19.5442199707031 50.2185554504395 -5.59487581253052
v -19.8698558807373 48.830192565918 -6.35079574584961
v -18.198371887207 87.2497100830078 -4.34223127365112
v 3.66013216972351 39.1103553771973 -10.9324903488159
v 4.55808305740356 37.8552398681641 -10.9464597702026
v -16.6813125610352 66.9161071777344 -12.1628923416138
v -16.9476356506348 68.2140197753906 -11.9150609970093
v 20.2605037689209 70.4940948486328 -4.23051166534424
v -13.1245269775391 57.6071357727051 -13.3172922134399
v -18.3741073608398 70.8338088989258 -7.06804084777832
v 22.8153171539307 48.9910469055176 -2.58402156829834
v -17.7999782562256 69.260009765625 -11.0244550704956
v -18.7794189453125 85.931884765625 -3.20869898796082
v 20.1496829986572 54.6599578857422 -10.3186311721802
v -21.6918678283691 60.795238494873 -3.81169533729553
v -21.6103134155273 51.512321472168 -2.58787131309509
v -20.8177146911621 52.3778495788574 -2.16756868362427
v -21.3791961669922 53.0906982421875 -2.49107241630554
v 14.5095052719116 59.243350982666 -12.6211137771606
v -22.2249164581299 47.4488105773926 -3.65642666816711
v 16.6519908905029 46.8504486083984 -12.5543384552002
v 17.3559875488281 46.0140762329102 -12.676308631897
v 25.1100673675537 39.2119789123535 -4.95411729812622
v 15.461498260498 84.6765441894531 -10.7667350769043
v -15.0662441253662 80.3670043945312 -11.4086675643921
v 18.3897399902344 68.0304489135742 -10.1939830780029
v 18.3736095428467 82.3265838623047 -7.48413133621216
v -7.53308916091919 61.0729484558105 -14.0501279830933
v 2.95211601257324 69.0947799682617 -13.7508487701416
v 5.02650260925293 69.0811538696289 -13.8197183609009
v 10.0236110687256 59.7039833068848 -13.6718235015869
v -18.4429588317871 68.3663787841797 -6.65349054336548
v 22.7340393066406 55.4662971496582 -3.72910523414612
v -12.3895750045776 46.5244178771973 -13.6063690185547
v -19.9351253509521 44.3688354492188 -2.90827870368958
v -19.8263664245605 45.4551544189453 -2.86165976524353
v -20.6159934997559 45.4281806945801 -1.76327979564667
v -6.12813282012939 86.1333084106445 -14.7810230255127
v -4.29108572006226 86.3206787109375 -14.7248001098633
v 0.593749940395355 66.7564544677734 -13.4038696289062
v 2.04634642601013 67.6127319335938 -13.5810232162476
v 1.90598690509796 66.1165771484375 -13.444655418396
v -9.03937435150146 80.1210250854492 -13.931526184082
v -10.8704652786255 80.8111190795898 -13.624174118042
v -10.2073841094971 79.6581497192383 -13.6198682785034
v 0.187633544206619 48.4276695251465 -11.8195142745972
v 10.0021390914917 87.7535018920898 -13.9338226318359
v 22.7194499969482 63.5479278564453 -4.89163541793823
v -15.3262147903442 87.7985000610352 -9.76545906066895
v -19.0782890319824 56.4240036010742 -5.59698581695557
v -19.4767189025879 56.2942695617676 -7.38272476196289
v -19.1914081573486 57.1416358947754 -6.58659791946411
v -12.4701309204102 58.4521903991699 -13.4303674697876
v 20.4094371795654 79.6138381958008 -4.51097536087036
v 19.8637619018555 81.2051391601562 -4.64726257324219
v 0.3448186814785 71.2683868408203 -13.8934497833252
v -16.0501098632812 47.6747741699219 -12.7098970413208
v 17.7983531951904 70.4659957885742 -10.8173027038574
v 17.7769393920898 72.0709457397461 -10.592643737793
v 17.1515312194824 70.7334899902344 -11.3771705627441
v 22.2508487701416 37.2187576293945 -10.9003477096558
v -18.7796974182129 58.9504661560059 -11.4674386978149
v -10.1250944137573 60.7677917480469 -14.0218868255615
v 19.4940624237061 40.0375137329102 -13.1532363891602
v 15.6713333129883 85.8654403686523 -10.2051734924316
v 14.6310815811157 86.2627868652344 -11.1796102523804
v 11.100604057312 87.7517623901367 -13.4311285018921
v 13.3509244918823 73.7317047119141 -12.6594715118408
v 12.5846490859985 75.1178741455078 -12.8734321594238
v 14.1175832748413 74.5914459228516 -12.3377599716187
v 20.1762943267822 59.5369873046875 -3.78158354759216
v 20.7823810577393 58.0810012817383 -3.33791637420654
v 21.1603183746338 59.3001594543457 -3.35522794723511
v -18.730899810791 64.5913696289062 -10.2129735946655
v -18.8249835968018 64.8073425292969 -8.61050033569336
v 21.0549774169922 38.9348526000977 -4.58568906784058
v -18.140266418457 77.8398590087891 -8.18862247467041
v 21.1567153930664 38.0387153625488 -4.45691156387329
v 21.328010559082 37.4269142150879 -5.75019931793213
v 15.0632629394531 38.0645561218262 -13.3241262435913
v -8.67747783660889 50.8579521179199 -14.0152387619019
v -7.99915456771851 51.6715774536133 -13.5576763153076
v -7.72833585739136 50.5207939147949 -13.0641384124756
v -18.462100982666 82.7820663452148 -6.73506736755371
v -5.95994186401367 48.9491653442383 -12.2533349990845
v -4.80230808258057 65.8859176635742 -13.3937072753906
v 16.5604305267334 84.358528137207 -9.58205318450928
v -20.3443927764893 45.9045600891113 -6.79900074005127
v 20.1766567230225 54.3810997009277 -8.64184284210205
v 21.2499713897705 45.1468391418457 -8.13776683807373
v 17.6908206939697 74.5625152587891 -10.140398979187
v 11.3503847122192 68.1369705200195 -13.2436962127686
v -16.8334674835205 87.6856918334961 -7.46038722991943
v 2.76876068115234 61.1759300231934 -13.1560831069946
v 21.9147148132324 39.7563400268555 -11.0279884338379
v 13.2814483642578 41.5939025878906 -13.4583005905151
v 1.97286581993103 41.4700584411621 -10.9004201889038
v -14.6860637664795 83.2595672607422 -11.5744132995605
v -18.4078388214111 72.3459854125977 -6.84398984909058
v -16.5844707489014 49.9133567810059 -13.1143732070923
v -2.72821187973022 48.8521194458008 -11.9819107055664
v -4.96189308166504 52.4588432312012 -12.5275192260742
v -6.70751476287842 51.2101097106934 -12.6870975494385
v 20.967414855957 50.0228424072266 -2.90335059165955
v -1.56641829013824 47.6864013671875 -11.7558679580688
v 15.2912511825562 57.7886657714844 -12.6163778305054
v -22.6685085296631 35.5701751708984 -1.78532350063324
v 24.8131446838379 38.3117294311523 -2.64949178695679
v -19.6264705657959 43.2860679626465 -13.0935001373291
v 0.543877720832825 45.5180435180664 -11.4084968566895
v -5.23833179473877 64.3462219238281 -13.3453493118286
v -9.96907997131348 44.6762351989746 -13.9542589187622
v -14.593713760376 40.5862617492676 -12.6328964233398
v 3.33672428131104 81.0914154052734 -14.7127933502197
v -19.2269744873047 77.6862335205078 -6.11708498001099
v 18.9637413024902 50.2250480651855 -12.4571123123169
v 4.94343566894531 60.7666130065918 -13.4204053878784
v 22.0327262878418 39.1840896606445 -8.625168800354
v -19.6874237060547 53.2416000366211 -11.2536754608154
v 15.6793508529663 80.4140014648438 -11.1034145355225
v 15.625657081604 81.4357757568359 -11.1231927871704
v 1.75650405883789 46.4413642883301 -11.6850452423096
v 1.41893815994263 47.8992919921875 -11.8480396270752
v 9.37504196166992 41.8412551879883 -13.3003511428833
v -0.402361303567886 87.6342315673828 -14.5989799499512
v 16.1244010925293 64.3097839355469 -12.3347606658936
v 17.1369285583496 83.559684753418 -9.02890872955322
v 2.24929428100586 86.1151885986328 -14.8509063720703
v -9.33143043518066 84.9090423583984 -14.3340978622437
v -8.19793796539307 84.0811462402344 -14.6316471099854
v -11.9436988830566 51.7720336914062 -13.8741073608398
v -19.6809043884277 48.019832611084 -2.93333601951599
v -11.7061471939087 50.2071990966797 -13.9124574661255
v 20.4068908691406 47.548999786377 -6.5607123374939
v 20.3147430419922 46.759578704834 -5.87326049804688
v -21.6268291473389 40.956241607666 -1.23615729808807
v 23.6958560943604 36.2571144104004 -1.72778189182281
v 24.5277271270752 36.2531814575195 -1.84212183952332
v 24.6084632873535 37.4505195617676 -2.05281138420105
v -18.7380790710449 71.6870193481445 -5.77176666259766
v 21.6516132354736 41.3382835388184 -11.1166715621948
v -18.5533199310303 65.0978851318359 -6.10967445373535
v -18.6988010406494 62.2526245117188 -6.32385063171387
v -15.8658065795898 86.4452743530273 -9.52497577667236
v -14.4123935699463 53.8184242248535 -13.1029434204102
v 19.8547058105469 78.3071365356445 -5.60779619216919
v 0.00825364049524069 46.9585075378418 -11.5939893722534
v 12.6306276321411 81.0979080200195 -13.1901817321777
v -10.1096391677856 37.3809814453125 -13.3796482086182
v 2.53589153289795 82.6676635742188 -14.8751773834229
v 1.40550637245178 84.0799331665039 -14.9334478378296
v 2.82853269577026 84.0102767944336 -14.9745426177979
v -20.7632942199707 45.3769607543945 -8.45328903198242
v -20.8171348571777 43.9811515808105 -7.67691993713379
v -20.8916454315186 44.5574684143066 -8.73854732513428
v -9.21064949035645 77.4237365722656 -13.6980838775635
v 2.38966965675354 79.9689102172852 -14.5923852920532
v 4.09357500076294 79.6371307373047 -14.5302324295044
v 8.22799682617188 84.777473449707 -14.8429155349731
v -18.3610343933105 79.3849792480469 -7.60068845748901
v -4.10234498977661 81.2061080932617 -14.5765676498413
v 8.68443870544434 86.4289703369141 -14.5893173217773
v -4.47810697555542 58.8502235412598 -12.9298820495605
v 22.0866088867188 37.8964309692383 -11.2839841842651
v -14.0573568344116 77.6948089599609 -12.1985712051392
v -11.6937942504883 61.6964530944824 -13.4576444625854
v 18.0416202545166 51.0230979919434 -12.7294607162476
v -19.4103908538818 59.239372253418 -9.84729766845703
v -19.1378707885742 59.4312477111816 -10.7019052505493
v 17.8987731933594 85.6320419311523 -6.75372791290283
v -21.0439701080322 42.5287666320801 -7.87717866897583
v -21.3280925750732 41.1814270019531 -8.51126861572266
v 3.67647886276245 82.2493591308594 -14.8522891998291
v 5.28777837753296 82.1938400268555 -14.8611927032471
v 4.21394205093384 83.6052093505859 -14.9932641983032
v -18.7117805480957 50.1851921081543 -12.961877822876
v -0.59935337305069 38.1294555664062 -10.0400295257568
v 21.5151958465576 42.7042007446289 -8.06027889251709
v -9.39805126190186 43.618408203125 -13.6319417953491
v -14.959132194519 66.8759994506836 -12.8676290512085
v -7.15665817260742 83.1044540405273 -14.7080898284912
v 3.96143126487732 49.2587776184082 -12.5934400558472
v 2.84702730178833 48.529224395752 -12.2136220932007
v 14.8497638702393 76.6233901977539 -11.8987159729004
v 19.0967674255371 61.5442352294922 -8.31157493591309
v 18.8970489501953 62.534912109375 -7.65718078613281
v -19.1597385406494 53.8746185302734 -11.9931335449219
v -9.38403511047363 38.7927017211914 -13.0689077377319
v -10.9291753768921 86.0740051269531 -13.6234426498413
v 17.2338771820068 50.1879577636719 -12.7003679275513
v -21.0953559875488 71.4281387329102 -3.34423589706421
v 15.1758193969727 78.893196105957 -11.520770072937
v 24.0338325500488 46.1964454650879 -3.59030866622925
v 21.9373245239258 61.8829383850098 -3.94296860694885
v -18.754487991333 64.0930786132812 -4.87053632736206
v -9.53464031219482 74.3536834716797 -13.6654024124146
v -21.0361461639404 73.8855819702148 -3.14474439620972
v -22.467456817627 39.9471244812012 -1.922327876091
v 21.6915664672852 42.1552505493164 -10.3752746582031
v 21.5176372528076 43.4747352600098 -10.431414604187
v -19.2144794464111 54.8352813720703 -4.18344354629517
v 18.9415607452393 63.3546524047852 -6.1243109703064
v -6.90939855575562 77.0229873657227 -14.0172367095947
v 9.88840770721436 73.8021850585938 -13.5554895401001
v 10.7917499542236 75.1509246826172 -13.3656539916992
v 9.27742958068848 75.1426620483398 -13.6865530014038
v 23.8672733306885 50.2163276672363 -5.14528179168701
v 12.5342884063721 83.8369598388672 -13.2044973373413
v 10.7022943496704 83.7696151733398 -14.1025247573853
v 11.8845062255859 84.7898101806641 -13.4907312393188
v 17.7620639801025 42.749568939209 -12.7576780319214
v 7.71724700927734 61.8872947692871 -13.7463445663452
v 18.8423099517822 64.6502532958984 -9.0738697052002
v -14.0857982635498 52.3462257385254 -13.105640411377
v 15.6881618499756 48.2902908325195 -12.5390787124634
v 12.1001844406128 54.2875823974609 -13.2309055328369
v -19.1542358398438 67.8656692504883 -4.31367969512939
v 18.4154167175293 85.8203964233398 -5.27398347854614
v -11.885027885437 86.1806716918945 -13.0828332901001
v 19.8629283905029 79.5170822143555 -5.36715888977051
v 19.4191074371338 44.6699485778809 -12.779577255249
v 18.8770294189453 45.285285949707 -12.8583650588989
v -14.7866144180298 84.142822265625 -11.3612728118896
v -16.1303520202637 70.7863616943359 -12.1162118911743
v 18.0934429168701 74.5883636474609 -8.77074718475342
v -2.64560914039612 53.1975173950195 -12.483021736145
v -15.8252153396606 44.1665954589844 -12.4468040466309
v 13.5991134643555 86.7031173706055 -12.0129117965698
v 18.712610244751 67.1290130615234 -6.42170906066895
v 18.572114944458 66.24755859375 -7.00372695922852
v 18.5086116790771 67.0485076904297 -8.24836540222168
v 18.5653896331787 64.0560913085938 -10.7545175552368
v 18.9303245544434 63.7077026367188 -9.89102268218994
v -15.2727088928223 55.9060478210449 -13.278000831604
v -9.39119338989258 63.4016609191895 -14.1004724502563
v -8.28511428833008 64.5187911987305 -14.259373664856
v -9.19506168365479 65.0168991088867 -14.0715341567993
v -19.0630874633789 48.5527000427246 -12.9195384979248
v -21.0639305114746 54.6777229309082 -2.48131346702576
v -21.2412071228027 55.4417724609375 -2.68414306640625
v -20.7167949676514 56.0669288635254 -2.52348899841309
v -19.7970752716064 54.9306335449219 -2.70794010162354
v 19.2587871551514 54.389762878418 -11.6505546569824
v 3.74356126785278 78.6872406005859 -14.4428691864014
v 1.87779235839844 59.5044784545898 -12.9558782577515
v 3.47292447090149 58.6427612304688 -13.1307716369629
v -18.6037044525146 63.7132759094238 -6.58675765991211
v 21.9717617034912 60.5020141601562 -3.82012796401978
v 22.8779888153076 61.4532470703125 -4.96758413314819
v 1.55164873600006 85.5053329467773 -14.8984727859497
v 16.0235805511475 53.9674835205078 -12.6504440307617
v -22.5389671325684 36.6656188964844 -1.65025699138641
v 24.8778133392334 39.820972442627 -3.12698578834534
v 25.0787963867188 35.9414253234863 -3.43491005897522
v 20.5316772460938 47.2510833740234 -11.4584360122681
v -20.3854465484619 39.839282989502 -13.0959930419922
v 7.06162214279175 66.9873428344727 -13.7967615127563
v -22.4095897674561 41.4074592590332 -2.15107750892639
v 5.05289363861084 43.4672393798828 -12.081395149231
v -17.1650390625 46.2396354675293 -12.8901996612549
v -13.8070201873779 58.9158058166504 -13.205756187439
v 22.2769393920898 40.7073974609375 -2.43181300163269
v -5.03094339370728 77.3594665527344 -14.1819524765015
v -19.5816059112549 51.8969955444336 -3.03256416320801
v -19.8020915985107 51.1940498352051 -2.58801579475403
v -19.6242237091064 50.4562225341797 -2.88258337974548
v 21.4418487548828 44.3454132080078 -10.20241355896
v 21.1697311401367 45.0417747497559 -10.9611282348633
v 15.6483898162842 52.4784049987793 -12.6057815551758
v 18.2670650482178 57.0044212341309 -12.1127614974976
v 19.7974987030029 46.2243804931641 -12.4205408096313
v 12.111834526062 52.9798126220703 -13.309253692627
v 10.7910757064819 86.1786041259766 -13.8700342178345
v -19.4432353973389 75.5144729614258 -5.56859111785889
v -17.3276557922363 80.3798294067383 -9.15702247619629
v 11.0932760238647 77.4748077392578 -13.3449640274048
v 10.0143995285034 77.904426574707 -13.6660032272339
v 9.75210571289062 76.4853286743164 -13.6391344070435
v 12.0191698074341 44.7661933898926 -13.7091178894043
v -15.151162147522 57.9250297546387 -13.2622003555298
v 19.6683864593506 80.7486419677734 -5.4158787727356
v 19.9583644866943 58.5822601318359 -4.00881242752075
v -18.6465682983398 64.7916259765625 -7.46297597885132
v -8.65862369537354 55.6143112182617 -14.3411798477173
v 14.6247224807739 51.9146575927734 -12.6096048355103
v 20.7306308746338 49.9908027648926 -10.3119382858276
v -11.4129028320312 42.3966369628906 -13.7847671508789
v -12.1993856430054 43.3343162536621 -13.6173524856567
v -10.1340045928955 42.8959503173828 -13.842303276062
v 20.1242504119873 55.3973808288574 -10.050012588501
v 19.4028759002686 70.9740905761719 -5.56606769561768
v 17.638256072998 84.9774398803711 -7.66506719589233
v 6.04106998443604 80.5979461669922 -14.5746545791626
v 5.38431310653687 79.5786972045898 -14.4640398025513
v 7.17477989196777 80.1689147949219 -14.414966583252
v 1.8620069026947 44.9803581237793 -11.5064678192139
v 3.53859186172485 44.1930351257324 -11.7992153167725
v 3.39808249473572 87.3135986328125 -14.8358697891235
v -20.6901721954346 57.5444869995117 -2.722243309021
v -3.08235311508179 86.3184967041016 -14.7164897918701
v -7.79108810424805 74.2279510498047 -14.007266998291
v 15.0588064193726 81.9846649169922 -11.5944299697876
v -17.3479270935059 77.5973052978516 -9.89781665802002
v -16.0559387207031 76.9583206176758 -11.1185436248779
v -21.269510269165 40.2345352172852 -12.2774515151978
v -8.51846313476562 73.7166519165039 -13.9150094985962
v 8.4086799621582 51.4967041015625 -13.7608194351196
v -13.3449821472168 48.5223503112793 -13.2734851837158
v -10.1602087020874 48.38427734375 -14.2053136825562
v -7.05626773834229 49.7397232055664 -12.6080474853516
v -11.0059833526611 45.5499076843262 -13.9885349273682
v -12.1693964004517 48.7871398925781 -13.6958045959473
v -9.45550346374512 49.7892646789551 -14.1829299926758
v -8.99763011932373 49.2067909240723 -13.9891872406006
v -11.4090061187744 47.7952842712402 -13.9686975479126
v -7.42878198623657 48.303653717041 -12.5641412734985
v -10.476954460144 46.9511451721191 -14.1217193603516
v -4.16876792907715 49.6510467529297 -12.1657238006592
v -9.68895626068115 46.1464080810547 -13.9871473312378
v -15.8069515228271 45.5872268676758 -12.4968061447144
v -1.48944056034088 39.027587890625 -10.2786855697632
v 14.3661842346191 80.2743988037109 -12.1176691055298
v 1.05659127235413 77.5638809204102 -14.3833990097046
v 22.248197555542 38.1853446960449 -9.86505508422852
v 3.06943440437317 47.0881500244141 -12.0875120162964
v 23.452169418335 55.064697265625 -5.1723461151123
v 3.95293974876404 59.943042755127 -13.262152671814
v -18.812105178833 84.6960144042969 -4.5363883972168
v 11.9130277633667 71.6302719116211 -13.0970439910889
v 12.4724721908569 72.8176116943359 -12.9330186843872
v 19.6762084960938 56.370044708252 -7.71752071380615
v -21.0188522338867 35.9274559020996 -1.78089046478271
v -18.2638530731201 75.1155319213867 -7.97468233108521
v -18.5342254638672 65.971923828125 -7.46030187606812
v -10.3791084289551 71.0805206298828 -13.4897899627686
v 3.12723875045776 45.673267364502 -11.9055662155151
v 4.22368669509888 46.3670616149902 -12.2892971038818
v 4.88912200927734 44.9567756652832 -12.2573013305664
v 2.28974223136902 63.779857635498 -13.2898988723755
v 4.10138511657715 64.5596542358398 -13.4656028747559
v -20.6597461700439 47.2333183288574 -10.2819595336914
v 22.512357711792 67.2011795043945 -4.6546516418457
v 21.8386688232422 73.7915496826172 -4.10156774520874
v -9.5028657913208 58.0565185546875 -14.376781463623
v 3.8855676651001 42.3915405273438 -11.5954360961914
v 19.5734367370605 56.1736030578613 -6.51305532455444
v 15.5687894821167 72.1110687255859 -12.0075387954712
v -19.5633525848389 47.5072631835938 -4.14245891571045
v -20.1309986114502 50.3012809753418 -11.0563907623291
v 22.9277973175049 42.0979843139648 -1.99539864063263
v 23.042366027832 42.8718223571777 -2.05887222290039
v -18.3951396942139 69.3199691772461 -7.51935577392578
v -17.5087947845459 40.2105140686035 -12.305103302002
v -22.6384906768799 43.7746086120605 -3.50389432907104
v -7.70011949539185 66.8917999267578 -14.2236232757568
v -16.4166297912598 86.5860214233398 -8.6972770690918
v 7.5767297744751 42.9858932495117 -12.7435388565063
v -15.0778360366821 53.0453147888184 -13.0813617706299
v 19.6735210418701 38.1542282104492 -13.1532506942749
v 18.3028202056885 83.8011474609375 -6.96917724609375
v 25.0344982147217 39.0093727111816 -3.97932577133179
v -12.0353155136108 79.5537338256836 -13.0351686477661
v 20.3288192749023 54.1431503295898 -9.72951126098633
v 6.32010984420776 75.8093566894531 -14.0932111740112
v 20.6196174621582 45.4814682006836 -6.39780712127686
v 18.3582191467285 73.4377288818359 -7.70462036132812
v 11.6593017578125 39.6616859436035 -13.8579034805298
v 12.8556661605835 39.0702018737793 -13.8059301376343
v 13.1854858398438 40.2795333862305 -13.6359701156616
v -7.43035650253296 41.622875213623 -11.6075553894043
v 20.8365592956543 41.688892364502 -4.96381378173828
v 19.2009334564209 82.2197036743164 -5.90471696853638
v -5.05975484848022 67.0262908935547 -13.5940408706665
v 20.2772636413574 76.9820098876953 -4.81451034545898
v 21.4958000183105 77.3262557983398 -3.68602609634399
v -1.1161504983902 78.0358428955078 -14.3977613449097
v -2.23002505302429 78.0082473754883 -14.3639259338379
v -1.62902879714966 79.5218658447266 -14.5092706680298
v -6.29132890701294 56.1528930664062 -13.0004892349243
v 14.9724798202515 44.3090476989746 -12.9759769439697
v -16.5935745239258 40.3291015625 -12.2494115829468
v -16.3482780456543 41.0621757507324 -12.2885484695435
v 3.15900301933289 74.009407043457 -14.1253929138184
v -13.7769908905029 68.0828552246094 -12.9907865524292
v 5.86819124221802 52.5647850036621 -13.2966804504395
v -17.6222610473633 86.0319137573242 -6.7801456451416
v 8.84073543548584 80.8503952026367 -14.3756036758423
v 20.0176773071289 53.2057991027832 -10.9669675827026
v -1.53128111362457 61.9499320983887 -13.0292520523071
v -13.0577907562256 74.2752685546875 -12.8448629379272
v 15.1777048110962 43.3361015319824 -13.0578622817993
v 16.2335643768311 44.4703941345215 -12.616587638855
v 18.2010383605957 49.5167007446289 -12.7582302093506
v 10.1792297363281 81.300407409668 -14.1567583084106
v 20.8038959503174 49.0525436401367 -3.08966565132141
v -9.60746288299561 78.5160369873047 -13.6544351577759
v -8.06085109710693 86.6013488769531 -14.4871263504028
v -9.40496349334717 86.1729202270508 -14.2083072662354
v -21.8236236572266 58.9028053283691 -3.89402651786804
v 15.0395374298096 56.2430229187012 -12.627179145813
v -18.9514045715332 63.6465187072754 -9.65575408935547
v -20.5337791442871 60.6087455749512 -2.87480020523071
v -0.318355232477188 67.8371810913086 -13.5010452270508
v 18.5579128265381 38.0423049926758 -12.9802618026733
v 20.0450325012207 51.8570213317871 -7.00971937179565
v 9.95960807800293 44.5177841186523 -13.6914854049683
v 10.9902124404907 67.4636459350586 -13.3359212875366
v -9.05966281890869 83.0776214599609 -14.4027547836304
v -19.3335037231445 76.6641464233398 -5.86894083023071
v -21.1267547607422 43.0057106018066 -11.3863410949707
v 21.9799022674561 72.5797500610352 -4.07265281677246
v -18.4195957183838 80.1920166015625 -7.44630241394043
v -21.8823165893555 55.578254699707 -3.63482093811035
v -19.6288166046143 81.7099304199219 -4.49428701400757
v 18.979621887207 63.1685943603516 -8.82442665100098
v 2.89222764968872 43.61279296875 -11.5147714614868
v -16.6371631622314 65.3642196655273 -12.3550729751587
v -17.7850170135498 64.7183532714844 -11.6637945175171
v -4.79313135147095 40.8706665039062 -10.8603744506836
v -2.96955299377441 72.0007019042969 -13.9069356918335
v -8.5270471572876 63.659797668457 -14.2705364227295
v -18.0657787322998 65.3536605834961 -11.2175588607788
v -18.6543083190918 63.1422309875488 -10.7585382461548
v -18.2183971405029 64.0098648071289 -11.2749147415161
v -17.583812713623 63.2841987609863 -12.0166139602661
v 16.4037036895752 61.2021903991699 -12.4783315658569
v 4.40302848815918 70.0852737426758 -13.8743486404419
v -14.7215423583984 73.7470169067383 -12.3611173629761
v -19.9951782226562 41.1477279663086 -13.0439834594727
v 8.93931293487549 72.9496078491211 -13.7241239547729
v 18.0910797119141 73.5267333984375 -9.01027393341064
v 22.9510936737061 57.1387672424316 -4.41082620620728
v 10.2137203216553 40.1376304626465 -13.4714012145996
v 7.48746633529663 87.6895294189453 -14.6551284790039
v -3.03685975074768 58.0920104980469 -12.8609504699707
v -1.60345411300659 58.7913436889648 -12.8406629562378
v 7.73652410507202 55.5707473754883 -13.7037963867188
v 16.8777694702148 63.8488273620605 -12.1327037811279
v 17.680627822876 64.6911926269531 -11.6314754486084
v -19.4996738433838 51.3785018920898 -5.84636831283569
v 2.32549023628235 70.605224609375 -13.8769254684448
v -20.3743419647217 47.0891990661621 -11.7231101989746
v 16.6921100616455 59.6872024536133 -12.4963521957397
v 10.6314296722412 47.9745788574219 -13.8234214782715
v 21.2469997406006 45.8721504211426 -10.2277784347534
v 12.7155151367188 55.2205085754395 -13.0077457427979
v 11.7065839767456 65.5000762939453 -13.1222267150879
v -20.6076431274414 46.9541397094727 -1.85453462600708
v 19.5378704071045 68.7573928833008 -5.00115299224854
v 24.7935962677002 41.3059692382812 -3.2913875579834
v 22.7290554046631 43.920841217041 -2.14940404891968
v 20.7933807373047 74.5841598510742 -4.15259647369385
v 20.4364719390869 73.1088638305664 -4.27411413192749
v 11.2354001998901 80.0676803588867 -13.6480588912964
v 11.6143493652344 78.5468978881836 -13.2657270431519
v -6.08816623687744 66.6768264770508 -13.8402156829834
v -18.1686191558838 75.3929595947266 -8.74925327301025
v -5.264732837677 84.5199432373047 -14.8255968093872
v -9.75615406036377 72.8085327148438 -13.6349992752075
v -8.19241523742676 72.5819091796875 -14.0304012298584
v 18.8621578216553 86.51953125 -3.10690021514893
v -18.5407695770264 87.0677337646484 -3.14765882492065
v -21.5809650421143 38.0122718811035 -7.36218214035034
v -21.5067863464355 40.8537940979004 -10.1925106048584
v -3.5162205696106 46.6789054870605 -11.7347936630249
v -20.8547420501709 37.0615844726562 -2.13600063323975
v 8.19099235534668 72.2085189819336 -13.830436706543
v 10.9563665390015 72.3124160766602 -13.3349704742432
v -1.90974581241608 64.8337936401367 -13.2326145172119
v -17.2023830413818 66.3587112426758 -11.8894815444946
v 21.6204223632812 40.2645645141602 -7.38874578475952
v -7.44443702697754 65.1272964477539 -14.1411008834839
v -8.68417549133301 46.8647346496582 -13.5111961364746
v -8.47989082336426 48.2716369628906 -13.5524911880493
v -8.16179084777832 47.6438636779785 -12.990026473999
v -8.02098178863525 49.0457229614258 -13.062629699707
v 18.6702251434326 64.7339859008789 -6.82963562011719
v 19.1149406433105 63.9608421325684 -5.39139127731323
v 21.3201694488525 78.0487594604492 -3.66680216789246
v -21.712287902832 59.999095916748 -3.77139925956726
v -15.4665937423706 41.9417762756348 -12.4503755569458
v -11.3884286880493 78.9637985229492 -13.2183771133423
v 11.3023710250854 43.788501739502 -13.818097114563
v 22.4619216918945 47.7919540405273 -2.3992178440094
v -11.0251808166504 49.2719764709473 -14.1407670974731
v -6.52206039428711 64.8572006225586 -13.8372411727905
v -21.508508682251 38.9189834594727 -7.65619134902954
v -3.92246460914612 70.5813751220703 -13.8036079406738
v -15.9041538238525 56.9153938293457 -13.3177738189697
v 22.3302993774414 37.3254737854004 -10.2172002792358
v 7.88109493255615 77.3243865966797 -14.0221843719482
v 20.4721298217773 67.5918579101562 -4.08810806274414
v 20.2922401428223 66.5253677368164 -4.03684997558594
v 20.4160060882568 52.7220039367676 -8.77987003326416
v -2.51847815513611 50.2826805114746 -12.1648397445679
v -13.0124969482422 78.5049819946289 -12.6200799942017
v -12.3054428100586 77.9096527099609 -12.901312828064
v -12.6779317855835 47.226692199707 -13.4735689163208
v -12.6150217056274 54.0793952941895 -13.5400485992432
v 17.5837345123291 86.3731155395508 -6.95603084564209
v 15.8787088394165 73.4209289550781 -11.7312965393066
v 17.0044345855713 73.3264007568359 -11.0957679748535
v 17.0297908782959 74.4241943359375 -10.9552211761475
v 11.6476488113403 41.116886138916 -13.8779745101929
v 12.2189559936523 86.0913009643555 -13.1012878417969
v 3.02503609657288 71.9399642944336 -14.0030822753906
v 21.850643157959 38.1786117553711 -7.33350086212158
v 21.1617603302002 40.9035148620605 -6.43931722640991
v -13.5205354690552 50.0418090820312 -13.2287769317627
v -20.8710975646973 44.3114166259766 -11.5995197296143
v -17.3631076812744 37.6849098205566 -12.1250791549683
v -13.0022716522217 60.7861175537109 -13.2378768920898
v 24.1085872650146 47.1531257629395 -4.79544496536255
v -1.54294800758362 56.4874076843262 -12.6852874755859
v -16.6552333831787 57.1015586853027 -13.181510925293
v -7.79595613479614 77.930305480957 -13.9388856887817
v -20.1605129241943 65.9811477661133 -3.22734093666077
v -8.7720947265625 67.3740463256836 -14.1081085205078
v -9.36421489715576 66.281135559082 -13.9644689559937
v 13.3820991516113 53.8323173522949 -12.8165607452393
v -21.0463523864746 44.8159828186035 -1.5224689245224
v 22.1255626678467 49.250415802002 -2.44883155822754
v 16.0099620819092 43.2035636901855 -12.7907876968384
v -1.21707022190094 49.5928077697754 -11.9910440444946
v -20.1134929656982 48.3535232543945 -6.98695182800293
v -14.6369314193726 47.5925216674805 -12.8144636154175
v -12.1036071777344 44.8397636413574 -13.670355796814
v -13.5895252227783 45.6401023864746 -13.0797414779663
v 19.5274925231934 76.2738800048828 -6.21823596954346
v 19.7032871246338 77.3147964477539 -6.01326847076416
v -3.61506056785583 69.2457733154297 -13.62158203125
v 15.8395042419434 58.6258697509766 -12.6436166763306
v -6.16774129867554 72.1507568359375 -14.1221914291382
v -20.1711463928223 78.8426895141602 -4.10144376754761
v -9.41401958465576 68.7077026367188 -13.8535509109497
v -10.6945190429688 69.0690231323242 -13.4300289154053
v -9.64981365203857 70.118293762207 -13.7263269424438
v 2.66318106651306 74.9595108032227 -14.1930828094482
v 3.41076469421387 50.7247886657715 -12.6057100296021
v 11.4455146789551 58.945556640625 -13.3472099304199
v 5.18278503417969 78.2975234985352 -14.3360776901245
v 11.1769666671753 70.7419662475586 -13.2913379669189
v -17.6425476074219 50.4986381530762 -13.2437191009521
v 20.4462471008301 42.1077651977539 -12.5916795730591
v -14.1379766464233 79.2822341918945 -12.0294513702393
v -13.4632959365845 80.063835144043 -12.4250001907349
v -16.3501071929932 87.7368011474609 -8.34430503845215
v -21.4249801635742 39.9532318115234 -8.00657176971436
v 19.1886234283447 62.1328659057617 -9.48016834259033
v -14.3870849609375 64.0592422485352 -13.0594539642334
v 13.1419744491577 49.8932495117188 -13.0978555679321
v -14.3279800415039 74.6950912475586 -12.4042997360229
v -13.7505722045898 73.2416458129883 -12.7354907989502
v -16.1857509613037 51.4622383117676 -13.1760635375977
v 19.78515625 57.911548614502 -9.6110372543335
v -20.6302013397217 46.8533172607422 -8.67665386199951
v -21.7722663879395 48.2500228881836 -2.40511226654053
v -15.2104406356812 64.5595779418945 -12.969012260437
v -15.0950918197632 65.2949752807617 -12.9396162033081
v -16.200834274292 63.581428527832 -12.7268362045288
v -13.3164281845093 63.0533866882324 -13.1249656677246
v -14.3392667770386 65.842399597168 -12.9900150299072
v -22.8017673492432 38.3484649658203 -2.59898900985718
v 4.34295082092285 61.6746788024902 -13.3664178848267
v 20.3262634277344 51.7796936035156 -10.7638988494873
v 19.3421363830566 57.4812431335449 -11.1342811584473
v 19.874813079834 56.7771339416504 -10.2860498428345
v -17.603494644165 42.2262840270996 -12.537335395813
v -15.9075956344604 74.8391418457031 -11.6028213500977
v -15.3747234344482 76.2470321655273 -11.6852769851685
v 12.7031650543213 79.892692565918 -13.0388536453247
v -19.6075077056885 53.8228034973145 -2.94592070579529
v -1.07039296627045 81.0683212280273 -14.6659526824951
v 7.49640083312988 40.9456100463867 -12.4065446853638
v -19.4551467895508 39.0785980224609 -13.0191698074341
v 18.5636615753174 86.8328018188477 -3.96314311027527
v -12.5258111953735 52.8899269104004 -13.6177806854248
v 6.50472688674927 74.0512084960938 -14.0134706497192
v -12.9582452774048 87.2999267578125 -12.1628189086914
v -11.9634952545166 73.9584503173828 -13.1351890563965
v -21.137903213501 40.1709823608398 -6.90100383758545
v -21.1917762756348 39.2250137329102 -6.58873128890991
v 18.1539916992188 59.6557693481445 -11.8579721450806
v 18.543758392334 58.3268623352051 -11.7737903594971
v 13.9557867050171 84.0083694458008 -12.2359390258789
v -8.41264057159424 43.6758193969727 -12.5607690811157
v -7.30016708374023 43.0545692443848 -11.7998523712158
v -6.13425445556641 42.8589286804199 -11.4071989059448
v -5.46474933624268 44.2094268798828 -11.5585813522339
v 25.076042175293 37.217472076416 -3.78933262825012
v 25.2642135620117 36.6909599304199 -4.9670238494873
v -20.4131107330322 48.5926933288574 -10.8275356292725
v -5.28192377090454 73.1390914916992 -14.0929193496704
v -4.83018684387207 71.7281799316406 -13.992751121521
v -14.6068992614746 72.2222900390625 -12.5683603286743
v -19.0399570465088 63.0652847290039 -9.18387985229492
v -7.66035032272339 81.381233215332 -14.3488283157349
v -10.6110773086548 66.159797668457 -13.5390539169312
v -10.7264585494995 65.3882446289062 -13.5363569259644
v -11.5232601165771 65.1169662475586 -13.3260765075684
v -10.156343460083 67.6008071899414 -13.631196975708
v -11.4473323822021 66.9610443115234 -13.2932214736938
v 12.4501161575317 42.5877494812012 -13.6858568191528
v -16.416618347168 48.6723823547363 -12.9342555999756
v -16.1294174194336 49.3256340026855 -12.9305286407471
v 11.4841470718384 74.4324340820312 -13.1816654205322
v 18.5238914489746 67.6295700073242 -7.00517082214355
v -17.0488700866699 59.9370460510254 -12.8126020431519
v -15.6786651611328 59.8908195495605 -13.1774520874023
v -15.9285011291504 59.1420974731445 -13.1955652236938
v 7.51972389221191 84.1899185180664 -14.9688568115234
v 18.7420444488525 55.5324478149414 -11.9967260360718
v 17.7874183654785 56.1840438842773 -12.4672431945801
v 16.8053226470947 52.9323616027832 -12.6997680664062
v -19.5020542144775 58.484546661377 -9.77383136749268
v -14.5749216079712 56.8332786560059 -13.2025938034058
v -13.9625768661499 56.0618324279785 -13.1822443008423
v -18.6904792785645 65.5327224731445 -5.1412935256958
v -19.0481491088867 56.7086868286133 -11.5345726013184
v -17.2867546081543 86.9106903076172 -6.99022817611694
v -20.6848583221436 77.6233901977539 -3.10055780410767
v 9.73079586029053 66.7482986450195 -13.6396827697754
v -16.4339466094971 52.8423767089844 -13.3131685256958
v -16.5331172943115 54.2626075744629 -13.3298082351685
v 16.8970012664795 80.9887847900391 -9.83067512512207
v 6.87331867218018 42.3514671325684 -12.4213638305664
v -19.792085647583 52.523853302002 -2.6919469833374
v 13.8231239318848 48.545036315918 -12.9701595306396
v -17.0281295776367 53.7190437316895 -13.2920989990234
v -19.5118389129639 57.095329284668 -10.4738140106201
v -19.6895198822021 56.2655296325684 -10.0784921646118
v -19.6079692840576 57.529857635498 -9.33475685119629
v -20.4574508666992 44.2527923583984 -1.888552069664
v -15.1832599639893 54.4617958068848 -13.2050590515137
v -14.6260557174683 55.2546691894531 -13.1728181838989
v -17.5143222808838 47.5321960449219 -13.1191215515137
v -0.40546065568924 73.5453796386719 -14.0746431350708
v 1.65409290790558 87.6179351806641 -14.7518873214722
v 16.9043216705322 47.9392509460449 -12.6277847290039
v 18.4353809356689 47.9441947937012 -12.7940397262573
v 7.68506336212158 39.9577903747559 -12.3404808044434
v -11.3262662887573 57.7733345031738 -13.8244762420654
v 14.8202848434448 39.4983062744141 -13.3076839447021
v -20.782621383667 43.4027938842773 -1.54453456401825
v -20.4913558959961 42.7553291320801 -1.84143936634064
v -5.19473838806152 60.5978660583496 -13.0750436782837
v -5.43487501144409 59.2447700500488 -13.030707359314
v -8.54529285430908 78.9413223266602 -13.8782901763916
v 19.2978897094727 79.5155029296875 -6.51885271072388
v -18.9719352722168 58.8143463134766 -4.93455028533936
v 5.87855911254883 40.0552253723145 -11.7509517669678
v 5.93658685684204 41.0203971862793 -11.9236993789673
v 4.23203039169312 40.2041854858398 -11.3055820465088
v -16.9531345367432 69.7737045288086 -11.6978769302368
v 0.225851848721504 76.2248306274414 -14.282958984375
v 20.4472694396973 56.9858093261719 -3.4757227897644
v 19.0753936767578 77.4916000366211 -6.96942090988159
v -9.47936153411865 71.5896301269531 -13.7483816146851
v -18.5643177032471 65.2286758422852 -10.4554195404053
v -18.8425102233887 65.0396728515625 -9.55523490905762
v 9.15881824493408 78.1007843017578 -13.8743486404419
v -18.352991104126 45.6528930664062 -13.1337757110596
v -8.36483860015869 53.9763336181641 -14.0834846496582
v -10.149130821228 53.8515281677246 -14.3350791931152
v -20.9451599121094 44.7837944030762 -10.6981868743896
v 5.23507690429688 51.3388328552246 -13.0760946273804
v 11.6345739364624 70.1377792358398 -13.1759824752808
v 0.0484457686543465 76.970588684082 -14.3345289230347
v -8.84413719177246 59.0929107666016 -14.2988395690918
v -19.5261306762695 48.636890411377 -4.57712459564209
v -14.027063369751 61.71484375 -13.1227798461914
v -10.2024040222168 41.4466361999512 -13.7306671142578
v 0.490930199623108 41.5493583679199 -10.68101978302
v -15.3737182617188 61.2050933837891 -13.1224632263184
v -21.4461078643799 37.7668342590332 -12.5890712738037
v -13.4813938140869 42.9182014465332 -13.0911741256714
v 11.1707620620728 75.8220062255859 -13.2705669403076
v 20.094165802002 55.4584655761719 -8.90458869934082
v -8.57177257537842 68.0968551635742 -14.1362323760986
v 20.5296459197998 44.5576095581055 -5.09436845779419
v -16.4834690093994 77.9576568603516 -10.6090488433838
v -15.6982154846191 77.6416397094727 -11.2456188201904
v -15.7633819580078 79.1543197631836 -10.9755029678345
v 16.4340839385986 50.7628135681152 -12.6235961914062
v 15.0743522644043 50.0792579650879 -12.5691232681274
v -20.0001907348633 55.8198051452637 -2.60383534431458
v -7.13406181335449 52.2654609680176 -12.9667224884033
v 14.5728158950806 40.2353134155273 -13.3270177841187
v 24.0366725921631 48.3981628417969 -5.15309429168701
v -19.7527351379395 46.0154495239258 -4.22079277038574
v -6.99187278747559 87.9604263305664 -14.4295063018799
v 18.8589458465576 76.4925994873047 -7.18826675415039
v 19.5999755859375 58.6870536804199 -10.229998588562
v -3.73877048492432 56.7358016967773 -12.8030042648315
v 21.6836090087891 37.0251350402832 -6.40076589584351
v 17.9742221832275 86.9713897705078 -5.63957262039185
v -21.9602966308594 37.4583778381348 -10.9769372940063
v 17.1921234130859 60.2552146911621 -12.3430547714233
v 15.6482887268066 60.2027168273926 -12.6075897216797
v -7.49562549591064 59.2584457397461 -13.9387845993042
v -19.2097930908203 60.9372863769531 -8.58186340332031
v -19.1290473937988 60.1894760131836 -7.64747714996338
v 23.1017723083496 38.8831748962402 -2.53129935264587
v 6.40280389785767 77.8488693237305 -14.2119016647339
v 5.83179998397827 48.3988342285156 -12.925103187561
v -9.69023704528809 54.4401435852051 -14.3813095092773
v 1.9284029006958 62.528434753418 -13.1621141433716
v -19.1408596038818 66.6664199829102 -4.16270875930786
v -6.36136913299561 55.2347755432129 -12.9526996612549
v 21.7266788482666 63.6238555908203 -4.01366472244263
v 11.6039266586304 49.4798469543457 -13.5337152481079
v 1.02827954292297 68.6550216674805 -13.6094207763672
v 4.88474178314209 42.6923942565918 -11.91565990448
v -18.9555778503418 59.5005722045898 -6.39477872848511
v 18.7488803863525 85.4161529541016 -4.54615020751953
v 13.8837566375732 69.9481658935547 -12.6102285385132
v -20.105712890625 43.1567611694336 -2.80003094673157
v -18.8560829162598 38.5334815979004 -12.6800870895386
v -19.2509441375732 37.7211494445801 -12.7704210281372
v 8.82583522796631 42.8105278015137 -13.2003288269043
v -21.2850437164307 36.1587104797363 -3.24876570701599
v -20.875171661377 39.4295997619629 -5.37525033950806
v -20.8330745697021 40.4346733093262 -5.84098148345947
v 21.6421546936035 39.8371772766113 -3.35982489585876
v 16.2313690185547 81.781135559082 -10.5048704147339
v -5.69156646728516 37.9680442810059 -10.4409151077271
v 10.6283330917358 50.1180152893066 -13.7777576446533
v 20.6084785461426 52.9856872558594 -3.26806044578552
v 1.58639943599701 53.3003997802734 -12.5036821365356
v 12.299617767334 48.2053642272949 -13.4158363342285
v 11.692008972168 47.2788963317871 -13.6478071212769
v 11.0773658752441 48.5455665588379 -13.7465553283691
v 5.77330684661865 84.541633605957 -15.1044654846191
v 18.5931949615479 75.4762725830078 -7.36101198196411
v -19.4134311676025 58.5343132019043 -8.33167743682861
v 20.7095909118652 43.6106605529785 -4.47569894790649
v 21.0695152282715 43.8158493041992 -3.49079942703247
v 20.8533229827881 44.8529014587402 -3.69132256507874
v -12.6785163879395 40.3576126098633 -13.3795700073242
v -13.7061138153076 40.1753311157227 -12.9471988677979
v -13.6947612762451 41.514087677002 -12.9813117980957
v -7.06119632720947 60.6340484619141 -13.8333168029785
v -6.17069244384766 61.1498794555664 -13.3529205322266
v 21.8593673706055 52.9942512512207 -2.75631213188171
v 16.9360771179199 37.8776168823242 -13.0805997848511
v -13.8716611862183 57.4600372314453 -13.1958227157593
v 3.54711675643921 52.5245552062988 -12.8031606674194
v 3.85266780853271 53.5979270935059 -12.9381475448608
v -21.3681011199951 68.5248184204102 -3.50402450561523
v -21.8749656677246 46.8554267883301 -2.28557276725769
v 12.1964111328125 50.2492218017578 -13.3333110809326
v 12.6527242660522 48.9070625305176 -13.2763137817383
v -19.3647613525391 59.8742256164551 -9.26045799255371
v -19.5499095916748 49.7299880981445 -12.328369140625
v 9.41217994689941 56.6751899719238 -13.7775754928589
v 10.3109855651855 57.5555992126465 -13.6941585540771
v 11.048394203186 56.8130836486816 -13.5618362426758
v 8.55432987213135 52.8805160522461 -13.8378868103027
v -11.3851919174194 87.7510147094727 -13.0651226043701
v -9.99472904205322 84.3259201049805 -14.1390743255615
v -16.8205413818359 83.1882934570312 -9.35541439056396
v 9.54768657684326 84.8939056396484 -14.4781656265259
v 20.1590270996094 50.1391487121582 -6.72477340698242
v 4.11425495147705 80.7315826416016 -14.6624011993408
v -12.3075542449951 76.3545684814453 -12.949197769165
v 21.2166614532471 46.3971405029297 -8.84951114654541
v -5.50291585922241 87.7307434082031 -14.5541362762451
v 14.3686380386353 45.2742691040039 -13.0804271697998
v 19.2192459106445 59.7722969055176 -7.63924980163574
v 1.18073058128357 40.2024879455566 -10.4896984100342
v -20.0231037139893 74.4091873168945 -4.2905011177063
v -20.2524318695068 73.3899993896484 -3.64825940132141
v -18.9904861450195 82.9714660644531 -5.48696517944336
v 23.3819999694824 52.5406761169434 -4.15656137466431
v -16.0987567901611 73.5997009277344 -11.7204790115356
v 16.8679733276367 86.5772552490234 -8.26839637756348
v 22.2234573364258 37.9916305541992 -8.91916084289551
v 21.8553047180176 57.9547653198242 -3.35549402236938
v -14.0512781143188 37.3986625671387 -12.7339315414429
v 19.007661819458 40.5895309448242 -13.0437841415405
v -13.057713508606 82.2026290893555 -12.7995672225952
v 13.454626083374 43.1614799499512 -13.3844060897827
v 13.1298151016235 58.8112297058105 -12.7665309906006
v -16.3345165252686 72.246467590332 -11.7954692840576
v 18.4112281799316 68.6158218383789 -7.49613475799561
v 19.0061473846436 60.9621200561523 -7.11461544036865
v -21.3930168151855 39.1924171447754 -12.3349866867065
v -21.0664653778076 38.6995887756348 -12.867621421814
v -19.2759380340576 59.613395690918 -8.08900356292725
v -19.0969848632812 59.5185050964355 -7.19625949859619
v -2.80010557174683 62.1769714355469 -13.0544366836548
v 23.6786670684814 50.5808563232422 -4.39871311187744
v 16.2636337280273 85.7309722900391 -9.52351188659668
v 15.861385345459 86.5094375610352 -9.75796318054199
v -15.5708847045898 49.433177947998 -12.793514251709
v -15.108546257019 48.9124717712402 -12.7501926422119
v -20.3605613708496 49.1183204650879 -8.43454647064209
v 0.868450164794922 81.8979034423828 -14.7816295623779
v 1.24974405765533 80.3808822631836 -14.6341686248779
v 2.00893378257751 81.5332565307617 -14.7599334716797
v -13.1171140670776 65.1438369750977 -13.0722904205322
v 20.8693428039551 49.3685722351074 -9.99662399291992
v 4.97526359558105 57.7427253723145 -13.3602313995361
v 19.2355537414551 78.6202163696289 -6.70599603652954
v -19.5203132629395 45.413158416748 -12.9688835144043
v 17.3835277557373 82.0856552124023 -9.11287975311279
v 12.5313110351562 62.915153503418 -12.8479223251343
v -19.7084140777588 53.1381149291992 -7.21653747558594
v -19.4525585174561 54.041374206543 -6.51664257049561
v -19.5218906402588 54.6776390075684 -6.9810848236084
v 20.3397445678711 48.9967422485352 -4.03577184677124
v -19.6027183532715 52.6162185668945 -11.5716285705566
v 11.9768056869507 51.5993614196777 -13.3790998458862
v 10.3977975845337 51.4747734069824 -13.7775907516479
v 11.049412727356 52.4021492004395 -13.5808515548706
v 11.2870073318481 50.8641738891602 -13.5520486831665
v -20.0616607666016 51.6913414001465 -10.5391836166382
v -4.1222186088562 55.8256988525391 -12.7650003433228
v 14.254150390625 50.7067337036133 -12.7056884765625
v 13.8322696685791 52.0634536743164 -12.7565603256226
v -18.7613830566406 61.9277839660645 -5.21210813522339
v 22.2483291625977 69.4278564453125 -4.40970182418823
v 21.4399108886719 68.6160888671875 -4.10561609268188
v 12.6548385620117 70.4849624633789 -12.9083423614502
v 14.1411895751953 70.6576385498047 -12.5258941650391
v 18.9023475646973 81.8623428344727 -6.63829469680786
v -1.57526612281799 54.5562515258789 -12.5458126068115
v -1.65030765533447 55.5571556091309 -12.6221351623535
v -3.96972918510437 54.8622245788574 -12.6982126235962
v -18.660945892334 66.3425369262695 -5.32931900024414
v 17.1826629638672 79.2016143798828 -9.75906753540039
v 16.5531883239746 79.3986206054688 -10.3354873657227
v 11.4331283569336 64.8281936645508 -13.2079210281372
v -2.42130851745605 59.4271583557129 -12.9065370559692
v -18.4445095062256 54.4346351623535 -12.6362981796265
v -18.5575370788574 85.7140731811523 -4.36101055145264
v -5.2736644744873 70.5794906616211 -13.9940366744995
v -17.195276260376 76.4458618164062 -10.3781404495239
v 16.5570049285889 43.831714630127 -12.6253728866577
v -21.9569301605225 37.8382339477539 -0.941714823246002
v -2.16362571716309 52.5838851928711 -12.398193359375
v -16.2221088409424 80.3930969238281 -10.383975982666
v -6.41414260864258 47.5392608642578 -12.173882484436
v 6.26432275772095 61.2254943847656 -13.5820426940918
v 12.3740892410278 78.4232177734375 -12.9724340438843
v -19.4123420715332 58.8722496032715 -3.44289755821228
v -19.7581825256348 59.3183746337891 -2.87743592262268
v 21.8622875213623 36.6891555786133 -3.45380878448486
v 6.85420799255371 47.0404396057129 -13.0296621322632
v -21.4944972991943 37.178638458252 -0.802242517471313
v -18.8500690460205 83.6781921386719 -5.2760910987854
v -18.2318344116211 83.4697799682617 -6.90134191513062
v -2.65228748321533 75.620246887207 -14.1886854171753
v -3.08200621604919 76.6177825927734 -14.2400398254395
v -4.31205940246582 76.0678863525391 -14.1676616668701
v -8.52527236938477 87.9010391235352 -14.1786680221558
v -9.91709136962891 61.6241760253906 -14.0318355560303
v 18.6952991485596 71.8772659301758 -6.77520036697388
v 19.2037658691406 72.2488632202148 -6.16680574417114
v 14.5602989196777 85.0879135131836 -11.5625820159912
v -21.613410949707 54.148681640625 -2.96521544456482
v 19.3377494812012 59.2903060913086 -5.45667839050293
v 19.7080726623535 59.4115028381348 -4.37626981735229
v 17.4397926330566 62.5378646850586 -11.9532537460327
v -13.1082944869995 44.2857971191406 -13.2563056945801
v -17.0509567260742 48.4433517456055 -13.0859985351562
v -17.4641094207764 48.9894866943359 -13.2048673629761
v -19.6230278015137 56.6589241027832 -2.91270756721497
v 18.2097091674805 46.3676109313965 -12.8535766601562
v -9.72635173797607 53.2501068115234 -14.3942251205444
v -21.9023094177246 56.2838592529297 -3.80357456207275
v -9.06606292724609 38.3540306091309 -12.6806812286377
v -23.2272300720215 35.161865234375 -3.33454370498657
v 18.2238864898682 63.5455207824707 -11.2580051422119
v 20.5389156341553 48.8316307067871 -7.37974452972412
v 21.8612575531006 44.9626541137695 -2.41409420967102
v -1.09943294525146 86.6571197509766 -14.7057771682739
v -15.6940488815308 53.6885833740234 -13.2560682296753
v -17.854663848877 77.4443130493164 -9.25417423248291
v 16.9658432006836 71.4166564941406 -11.4266290664673
v -21.3349990844727 37.3652114868164 -5.89670324325562
v -20.5173740386963 45.4650726318359 -11.9425954818726
v -18.6139621734619 66.3083648681641 -10.0628509521484
v -13.8143434524536 76.1266632080078 -12.4547281265259
v -12.9660730361938 76.9851837158203 -12.6994457244873
v -21.8659973144531 40.2898216247559 -1.22390413284302
v 17.3505077362061 78.0331268310547 -9.88657569885254
v -11.5278491973877 83.6759872436523 -13.5256481170654
v 17.8423099517822 76.8382339477539 -9.21536350250244
v 18.1848125457764 76.6828689575195 -8.11359596252441
v 18.0902557373047 75.7012023925781 -8.39508056640625
v -19.759801864624 70.4776611328125 -3.92957949638367
v -12.2004737854004 66.2870559692383 -13.1696805953979
v -18.5831089019775 67.1895751953125 -9.91460514068604
v 17.5973415374756 66.145751953125 -11.5575819015503
v 7.65014982223511 70.0657958984375 -13.8905363082886
v -8.5386905670166 62.1895866394043 -14.2998533248901
v -19.6850433349609 56.5763473510742 -8.95113372802734
v 19.8166904449463 53.1785125732422 -6.32420921325684
v 18.1293487548828 72.8203506469727 -9.02600288391113
v 18.6637344360352 84.3744888305664 -5.7280969619751
v -7.56458806991577 55.2803497314453 -13.6530303955078
v -22.3617744445801 46.1604652404785 -3.54408311843872
v -1.96084463596344 67.2891082763672 -13.4271516799927
v -3.20173192024231 67.4692306518555 -13.4464092254639
v -20.2164821624756 50.4539566040039 -8.37125778198242
v 22.5827617645264 64.8884735107422 -4.76765060424805
v 22.5839748382568 65.5895690917969 -4.77629613876343
v 21.6017017364502 64.6985397338867 -4.01444244384766
v -20.5597057342529 64.6911010742188 -3.19753122329712
v 7.52504777908325 75.1020431518555 -13.9600095748901
v 17.0974578857422 77.132698059082 -10.326774597168
v 16.1822032928467 76.8752288818359 -11.0693368911743
v -2.63155198097229 60.8348159790039 -12.9885272979736
v -4.08310794830322 61.5383644104004 -13.0441789627075
v 19.8432521820068 52.4928817749023 -5.92994451522827
v 14.8647794723511 82.7227172851562 -11.6795110702515
v 18.6855030059814 66.1901397705078 -8.98284244537354
v 3.3854386806488 55.0054473876953 -12.9258975982666
v 4.12220287322998 54.4865570068359 -13.0543622970581
v 11.2780456542969 37.2955551147461 -13.6137142181396
v 14.6221103668213 67.3217620849609 -12.5068817138672
v 20.0350914001465 72.6245269775391 -4.80597352981567
v -21.7908687591553 35.6978416442871 -0.62644624710083
v -20.2371292114258 50.9520950317383 -9.11189651489258
v -1.09292125701904 83.9593200683594 -14.8745269775391
v 0.960413157939911 61.728889465332 -13.0307874679565
v 7.26077699661255 60.5254516601562 -13.7045116424561
v 22.4481430053711 60.064323425293 -4.2100043296814
v 18.1587009429932 70.4144515991211 -10.0739107131958
v 21.7582569122314 40.6878280639648 -8.07791709899902
v 11.9202432632446 56.1657905578613 -13.2397880554199
v 11.2443590164185 55.3865928649902 -13.5459289550781
v -17.786018371582 80.5342483520508 -8.44283962249756
v -19.6493587493896 54.6186218261719 -10.8643321990967
v 17.7613124847412 53.5371971130371 -12.6517324447632
v 18.4354057312012 69.1711730957031 -8.91952133178711
v -16.1931400299072 60.3387451171875 -13.0822172164917
v -20.8693790435791 63.9402618408203 -3.21248173713684
v -7.39705038070679 76.3896179199219 -13.9647569656372
v 22.7826995849609 62.8354682922363 -4.93264532089233
v -20.153938293457 44.7820930480957 -5.51758432388306
v -19.9661445617676 44.0724105834961 -4.09072160720825
v -8.36230564117432 75.2411804199219 -13.8727359771729
v 16.4731521606445 37.2326164245605 -13.2023439407349
v -3.90349173545837 78.4476699829102 -14.3117914199829
v 19.6046447753906 41.4632148742676 -13.0516328811646
v -18.9169425964355 78.1119995117188 -6.66178941726685
v -19.5824337005615 78.9952545166016 -5.43853759765625
v -19.9780731201172 66.9317398071289 -3.35955309867859
v -7.80124187469482 68.6142120361328 -14.20285987854
v 18.7671585083008 61.609691619873 -11.0025606155396
v 19.9145946502686 54.1745262145996 -4.49068355560303
v 20.4125690460205 53.4498748779297 -9.86509799957275
v -22.010311126709 47.5037422180176 -2.87331509590149
v 20.9695281982422 48.8070487976074 -9.22002410888672
v -20.8672637939453 50.5992698669434 -1.9731320142746
v -20.3576202392578 49.8580017089844 -2.08053135871887
v 20.9535961151123 48.0509567260742 -8.51412391662598
v 20.6879081726074 49.3541450500488 -7.99288702011108
v -20.7969722747803 38.283447265625 -1.38415789604187
v 18.1035766601562 43.9861717224121 -12.8939933776855
v 20.9671764373779 37.0839614868164 -13.0130729675293
v 8.10605335235596 83.0418395996094 -14.8184185028076
v -16.260160446167 83.482795715332 -9.9729175567627
v 5.76476573944092 37.7557907104492 -11.2939748764038
v 8.81126976013184 69.2194519042969 -13.7738609313965
v 8.26631832122803 68.2942733764648 -13.8450031280518
v 3.81457233428955 71.5543594360352 -13.9764471054077
v 19.1887588500977 59.0935325622559 -10.994610786438
v 23.2748775482178 39.9137916564941 -1.89274775981903
v -3.37513613700867 40.896484375 -10.7400741577148
v 20.9540195465088 44.494945526123 -7.1296501159668
v -21.0434761047363 61.9717292785645 -3.14709067344666
v 22.139232635498 36.9367980957031 -8.06220054626465
v 19.9859809875488 82.1233215332031 -3.16175842285156
v -20.7446823120117 38.9638442993164 -3.07238101959229
v -19.9755477905273 77.5997009277344 -4.69623136520386
v 10.6301326751709 78.9481887817383 -13.6236820220947
v -18.2508754730225 48.0407638549805 -13.1670837402344
v 16.309419631958 80.2122497558594 -10.4950952529907
v 13.3476934432983 78.4926071166992 -12.573784828186
v 15.5890026092529 64.7849807739258 -12.4154663085938
v 15.1596202850342 66.0559463500977 -12.4472322463989
v 16.574197769165 68.658561706543 -11.8671064376831
v 17.5479335784912 68.336181640625 -11.299430847168
v 17.7248725891113 69.3124618530273 -10.9881496429443
v -9.18208122253418 47.5529479980469 -13.9092130661011
v -18.5475387573242 69.5044860839844 -9.43258571624756
v -18.4139595031738 70.151496887207 -9.77555274963379
v -18.441089630127 70.1046981811523 -8.0949182510376
v -20.5817909240723 37.5741653442383 -13.1119403839111
v 21.9093437194824 42.091724395752 -2.6274631023407
v -19.2935352325439 57.9407157897949 -10.7887191772461
v -18.4046993255615 68.5114517211914 -10.1489601135254
v -17.4755954742432 68.6888656616211 -11.4070568084717
v -17.641092300415 68.0307540893555 -11.3249816894531
v -19.2649383544922 56.5334815979004 -3.71452736854553
v -19.1575508117676 57.8349685668945 -3.94696855545044
v 21.7335433959961 62.5534133911133 -3.86790537834167
v -7.14714527130127 75.6846237182617 -14.0003795623779
v -8.56438446044922 40.7543411254883 -12.2388219833374
v 22.7850646972656 38.264965057373 -2.5876247882843
v 9.28208637237549 74.403450012207 -13.6735076904297
v -21.8332176208496 43.8940238952637 -1.79294335842133
v 18.889705657959 64.8670883178711 -6.01312351226807
v -18.0184364318848 85.9924087524414 -5.85296487808228
v -2.55647087097168 68.7222366333008 -13.5721044540405
v -8.11019039154053 50.1121978759766 -13.4359292984009
v -12.7402172088623 88.0534820556641 -12.1585168838501
v -14.3231010437012 49.1198959350586 -12.9557456970215
v 18.9301261901855 62.7019729614258 -10.4287309646606
v 12.4961948394775 74.3688735961914 -12.9053373336792
v 7.12671947479248 50.6952056884766 -13.4068536758423
v 21.8852310180664 40.5627746582031 -10.4136734008789
v 4.71992158889771 63.2668533325195 -13.4629287719727
v 18.8106231689453 45.9607086181641 -12.8241500854492
v -8.48559761047363 46.1510353088379 -13.1192893981934
v -7.53289318084717 45.9339179992676 -12.2835159301758
v -4.24867582321167 74.545768737793 -14.1087284088135
v -3.92373871803284 75.2704238891602 -14.1421527862549
v -16.5724277496338 75.5824356079102 -11.0707550048828
v 0.667744159698486 79.4484786987305 -14.5427989959717
v -22.806812286377 40.5375328063965 -3.38571238517761
v -19.3933296203613 55.2182006835938 -3.2815272808075
v -11.8263912200928 54.35693359375 -13.8694772720337
v 18.0270595550537 40.5325050354004 -12.8275499343872
v 21.4282817840576 67.3997650146484 -4.09596300125122
v -13.3654489517212 71.3558197021484 -12.9492282867432
v -18.1238765716553 62.630729675293 -11.6025323867798
v -6.57178258895874 39.1263427734375 -10.8684768676758
v 12.6351757049561 59.4416542053223 -12.8704442977905
v -21.094783782959 43.4172515869141 -9.08406162261963
v 19.3205604553223 60.0506210327148 -10.4719343185425
v 18.5831184387207 60.2833290100098 -11.4233703613281
v 18.2683906555176 85.389045715332 -5.99710321426392
v 2.21766328811646 51.6387748718262 -12.4380111694336
v 4.0885157585144 55.8317527770996 -13.120379447937
v -20.4338760375977 47.1112632751465 -7.69258308410645
v -12.0875082015991 55.6566276550293 -13.6698350906372
v 5.77514934539795 43.8928642272949 -12.3416967391968
v -18.9148502349854 64.6906509399414 -4.51626777648926
v 17.1856136322021 58.0289077758789 -12.4893074035645
v -20.3535175323486 40.9674682617188 -3.47686862945557
v 21.6830615997314 55.2176551818848 -3.04957962036133
v 0.485213845968246 70.5848007202148 -13.8233232498169
v -18.3650150299072 73.7079849243164 -7.23805665969849
v 1.34651291370392 38.9234161376953 -10.2831726074219
v 6.58701229095459 50.171012878418 -13.2572526931763
v -19.4794330596924 55.8066329956055 -11.0287246704102
v -23.5935916900635 34.3707313537598 -3.8513081073761
v -24.1583442687988 34.6630325317383 -4.74395179748535
v -25.00075340271 34.9713935852051 -5.30521488189697
v -25.9566478729248 35.2683868408203 -5.44625473022461
v -26.6400146484375 35.4523391723633 -4.7445764541626
v -26.9576854705811 35.5439414978027 -3.7545793056488
v -26.6293849945068 35.5360679626465 -2.70990586280823
v -26.0290946960449 35.510124206543 -1.79991376399994
v -25.5141334533691 35.4918403625488 -0.833591639995575
v -25.1931133270264 35.5013236999512 0.213317185640335
v -25.1382751464844 35.5442352294922 1.29298949241638
v -25.1168174743652 35.5934829711914 2.37075877189636
v -24.9425773620605 35.6138305664062 3.44321656227112
v -24.7410526275635 35.6309967041016 4.50559377670288
v -24.4318675994873 35.6400985717773 5.53411960601807
v -23.7531337738037 35.6408538818359 6.43463277816772
v -22.4842567443848 35.655876159668 6.70468425750732
v -21.154541015625 35.696346282959 6.72017908096313
v -19.8665943145752 35.7372932434082 6.7764835357666
v -19.3117485046387 35.753044128418 7.13839817047119
v -19.3406944274902 35.7616195678711 7.59947633743286
v -20.0855598449707 35.759822845459 8.12613964080811
v -20.3881549835205 35.7587471008301 8.62788772583008
v -20.4590282440186 35.7496223449707 9.11435890197754
v -20.3366737365723 35.7239875793457 9.58158588409424
v -20.0358657836914 35.72119140625 10.0177145004272
v -19.0290050506592 35.8568229675293 10.275221824646
v -17.5225200653076 36.1522789001465 10.3516216278076
v -15.9793367385864 36.4370994567871 10.4266138076782
v -14.0235195159912 36.5244827270508 10.4904203414917
v -12.0746669769287 36.6233901977539 10.5457544326782
v -10.1256103515625 36.7077331542969 10.6122245788574
v -8.16533184051514 36.9061737060547 10.5913572311401
v -6.20573854446411 37.0823173522949 10.5828742980957
v -4.24265336990356 37.3001747131348 10.5503559112549
v -2.26358890533447 37.547046661377 10.5073251724243
v -0.235581547021866 37.8236503601074 10.4568605422974
v 1.86870813369751 38.1163024902344 10.4048566818237
v 4.02299499511719 38.4263305664062 10.3472623825073
v 6.1821985244751 38.7387428283691 10.2892093658447
v 8.44247150421143 39.1261520385742 10.2069644927979
v 10.4429960250854 39.3228302001953 10.1870985031128
v 11.5022106170654 38.9165992736816 10.3547744750977
v 11.5180330276489 38.0004234313965 10.7117328643799
v 11.3477363586426 37.0218467712402 11.1084289550781
v 12.2838706970215 36.5778732299805 11.1347627639771
v 13.6178321838379 36.5042762756348 10.868447303772
v 14.933708190918 36.5102806091309 10.4394683837891
v 16.1183090209961 36.5452346801758 9.82678127288818
v 17.2425193786621 36.5899085998535 9.13232707977295
v 18.3999919891357 36.6266555786133 8.41835880279541
v 19.5393695831299 36.664924621582 7.70356750488281
v 20.6656131744385 36.6990547180176 6.97394275665283
v 21.5469055175781 36.7136535644531 6.2141261100769
v 22.2340278625488 36.731201171875 5.44169569015503
v 22.9922962188721 36.6795310974121 4.68460130691528
v 23.826265335083 36.5499610900879 3.96109771728516
v 24.8265361785889 36.3475112915039 3.3281397819519
v 25.7075004577637 36.1693496704102 2.58692479133606
v 26.3467502593994 36.0213890075684 1.65165877342224
v 26.5135803222656 35.9356079101562 0.535445749759674
v 26.6349811553955 35.8663024902344 -0.600965082645416
v 26.6804141998291 35.7891159057617 -1.73596155643463
v 26.8384380340576 35.7340621948242 -2.88279366493225
v 27.1259326934814 35.7008285522461 -4.02131223678589
v 27.3875637054443 35.6670455932617 -5.16549825668335
v 27.6480674743652 35.634593963623 -6.31055164337158
v 27.5631408691406 35.5697021484375 -7.42898750305176
v 26.6726665496826 35.337718963623 -7.66254615783691
v 25.8854846954346 35.041202545166 -6.94076204299927
v 25.7800445556641 34.8480224609375 -5.8136191368103
v -1.03159725666046 60.9487495422363 9.32501411437988
v 16.1475162506104 51.313045501709 9.3931188583374
v -17.0861377716064 51.2027244567871 8.40796947479248
v 11.1369724273682 71.0884857177734 9.70531845092773
v -11.8536386489868 71.5546035766602 10.1998481750488
v 0.424936205148697 50.2943992614746 9.1047534942627
v -17.049446105957 62.7355155944824 7.09942436218262
v 12.6503019332886 60.7621650695801 9.91607761383057
v -0.493537694215775 69.7856597900391 9.89424991607666
v 23.4018230438232 45.7920913696289 3.59781551361084
v -23.320068359375 45.4583282470703 3.84193706512451
v 20.501594543457 58.6121520996094 4.55459690093994
v 11.3973121643066 45.2568893432617 10.3071784973145
v 18.7461929321289 66.9754257202148 5.41352367401123
v -15.1018571853638 44.5847473144531 9.73354244232178
v 3.91054797172546 77.6094512939453 9.77316284179688
v 7.87926912307739 55.573356628418 9.70411491394043
v -21.9571723937988 55.6841621398926 3.68848085403442
v -12.3921175003052 57.2351989746094 10.1485872268677
v 16.9852752685547 78.0476531982422 7.30878305435181
v -17.256498336792 78.8823699951172 7.2523365020752
v -5.78833723068237 77.9452667236328 10.224365234375
v -19.1934871673584 70.5827484130859 5.55191373825073
v -9.16033554077148 64.5901947021484 9.98759078979492
v -11.0724296569824 51.2060585021973 9.85681247711182
v 6.55984020233154 65.8398132324219 9.65987873077393
v 21.8156471252441 52.1222076416016 4.31264877319336
v -17.5128688812256 45.0168609619141 7.54910373687744
v -3.9205584526062 44.0482292175293 9.62196159362793
v 17.571325302124 45.9520111083984 8.24224758148193
v -1.60091197490692 55.2509918212891 9.08793449401855
v 17.6276817321777 72.3535003662109 6.83108997344971
v -21.403434753418 61.821117401123 1.87355351448059
v -16.7909736633301 56.8692436218262 7.58253145217896
v 9.83757400512695 51.0364570617676 9.67348194122314
v 25.8426380157471 41.7806930541992 -1.82106757164001
v -15.1525974273682 67.0080261230469 9.17579555511475
v -24.8442802429199 41.4529647827148 -0.901391386985779
v 10.5764713287354 79.6533050537109 9.57802200317383
v -23.3839683532715 50.6363220214844 -0.0986646860837936
v -21.4438171386719 50.1903533935547 6.28426218032837
v 20.4134731292725 41.6804695129395 6.50604009628296
v 24.8758888244629 48.6827583312988 -1.38960540294647
v 13.3301162719727 55.5100936889648 10.2982664108276
v 13.0817546844482 66.0836791992188 9.44393348693848
v 6.64700174331665 60.0752029418945 9.62344741821289
v -21.5336265563965 40.957389831543 6.78024816513062
v 22.2359275817871 63.4272499084473 1.49363374710083
v 23.7840747833252 55.1730766296387 -0.444590151309967
v -19.2338371276855 40.6056518554688 8.66910266876221
v -11.7879180908203 76.513801574707 10.3631582260132
v 5.46843290328979 46.8370056152344 9.42677879333496
v -21.0205726623535 67.0046081542969 1.71667385101318
v -13.3245315551758 81.228385925293 9.56700801849365
v -5.61571884155273 72.7283248901367 10.2355508804321
v -2.71911692619324 65.2353134155273 9.67826175689697
v 5.33712577819824 70.4149551391602 9.81704807281494
v -20.1034240722656 75.7772903442383 3.53209924697876
v 14.2811031341553 40.8474578857422 10.4637680053711
v 20.1398143768311 76.182502746582 3.11916732788086
v -0.741186916828156 80.4905624389648 9.68913841247559
v 21.0402011871338 71.0887069702148 2.30403637886047
v -16.7199039459229 73.6373138427734 7.86552762985229
v -24.988676071167 46.2936325073242 -1.82523393630981
v -1.11893594264984 75.6851272583008 10.02672290802
v 9.58103370666504 43.5016593933105 9.71856880187988
v -13.6677217483521 40.971248626709 10.0006523132324
v 17.4275493621826 62.034725189209 7.14977359771729
v 18.3058128356934 54.8441276550293 6.79454612731934
v -7.28170537948608 47.3045425415039 9.45583438873291
v -17.4535980224609 47.3598823547363 9.26815700531006
v 24.6340942382812 40.5911979675293 3.14840054512024
v -14.0919666290283 62.4847602844238 9.72687244415283
v 13.3292322158813 47.8625068664551 10.5760860443115
v 12.3835802078247 75.4039154052734 9.76938247680664
v 19.4169769287109 81.6859512329102 3.38862657546997
v 5.63964748382568 81.1305313110352 9.46049213409424
v -8.00392055511475 68.8101272583008 10.0798444747925
v -19.1516094207764 82.886474609375 3.60599398612976
v 15.2858543395996 81.6302642822266 8.08442115783691
v 23.193531036377 59.5381851196289 -0.618969798088074
v 2.56687998771667 58.0641059875488 9.08369255065918
v 11.7390756607056 52.2803916931152 10.4114284515381
v -7.59694623947144 81.4462280273438 9.80547046661377
v 4.41989183425903 53.4116897583008 9.12409400939941
v -16.0820293426514 54.436653137207 9.64233684539795
v -6.12826633453369 57.7221412658691 9.65933418273926
v -23.2908172607422 57.613353729248 -0.857793509960175
v 18.9832515716553 49.5529556274414 6.80346727371216
v -6.79376554489136 61.3355140686035 9.8176155090332
v 2.3023157119751 63.8073310852051 9.47942924499512
v -20.8334712982178 72.4150009155273 1.15726149082184
v 21.7529029846191 67.3397827148438 1.44412934780121
v -18.7626037597656 66.578727722168 6.05987930297852
v 7.44238138198853 74.203239440918 9.9179573059082
v -19.1988315582275 53.6879425048828 6.87500190734863
v -20.6452713012695 58.9911308288574 5.81359529495239
v 15.9255256652832 58.5441017150879 9.09994983673096
v -24.3149070739746 39.6567611694336 3.4127824306488
v -9.86225605010986 54.6938056945801 9.97858428955078
v -15.8236684799194 58.9940376281738 9.39099502563477
v 1.88159966468811 72.8851013183594 9.99524784088135
v 14.9651041030884 69.4614334106445 8.83437728881836
v -20.2207221984863 79.5466232299805 2.25925350189209
v 26.1852607727051 45.3954582214355 -3.75539684295654
v 1.51165187358856 42.0431213378906 9.86252021789551
v -26.3120555877686 39.3543319702148 -4.01471376419067
v 27.2225761413574 39.4148941040039 -5.24379730224609
v -15.9382619857788 50.4036674499512 9.81006813049316
v -12.653284072876 47.9637336730957 9.74869632720947
v -4.33203840255737 52.1117858886719 9.21963500976562
v -24.1568927764893 54.0836372375488 -1.8244127035141
v 2.93467092514038 67.7887802124023 9.71101474761963
v 8.68775749206543 62.5913848876953 9.76901340484619
v 8.86508941650391 68.420051574707 9.69024467468262
v 9.81314468383789 57.4344444274902 9.99343967437744
v -6.31440830230713 40.5646057128906 10.0628690719604
v 22.1045360565186 48.9176445007324 4.33548879623413
v 21.4559001922607 55.3751449584961 4.24492025375366
v -16.496150970459 70.3000259399414 8.21581172943115
v 24.933780670166 52.2042007446289 -2.80056548118591
v -25.7150173187256 42.8570518493652 -4.08489751815796
v -1.07770788669586 47.2722282409668 9.28798294067383
v -18.3981056213379 43.7139358520508 8.97172546386719
v -17.2417507171631 48.1875152587891 7.82583093643188
v -21.0235118865967 44.3078117370605 6.81491422653198
v -10.0851888656616 44.070426940918 9.76237010955811
v -20.5479774475098 63.8242874145508 5.05156183242798
v -9.21920585632324 74.0034561157227 10.4065380096436
v 16.4731388092041 64.9001007080078 8.22251224517822
v -22.5134906768799 64.3264083862305 -0.895238101482391
v 26.1322460174561 38.9521522521973 -0.223322868347168
v -16.8627910614014 81.9236602783203 7.2862720489502
v 25.0177345275879 45.7538795471191 0.108946427702904
v -11.9291906356812 68.4488983154297 9.8987398147583
v 8.96006679534912 77.0158309936523 9.77102184295654
v 20.3387908935547 44.8823699951172 5.96514892578125
v 14.9466829299927 43.8970603942871 10.1292572021484
v 24.1146869659424 50.4193992614746 1.80217385292053
v 16.599925994873 48.5538139343262 9.05360698699951
v 26.8369884490967 42.6903343200684 -5.43339872360229
v 14.5125331878662 72.8754043579102 9.11065864562988
v -10.2046022415161 79.2962265014648 10.2598571777344
v 25.1492862701416 43.1841773986816 1.95809233188629
v -23.2090110778809 60.8834800720215 -1.42499673366547
v -10.6747932434082 61.6544647216797 10.0515012741089
v 9.13680744171143 82.132080078125 9.5535135269165
v -4.32852506637573 69.8976516723633 10.0253076553345
v -22.4164047241211 52.3930625915527 3.14661931991577
v 19.7919673919678 63.9650802612305 4.69854021072388
v -18.4941577911377 38.978328704834 7.29808616638184
v -17.9635391235352 42.0172271728516 7.32076263427734
v -24.7543659210205 50.3455619812012 -3.20532274246216
v 14.027416229248 78.7450408935547 9.09531021118164
v 17.996618270874 75.4253005981445 6.48621606826782
v 18.7820720672607 69.9900894165039 5.35303258895874
v 6.05931758880615 49.6394996643066 9.30919742584229
v -21.6881542205811 58.6018981933594 2.15663647651672
v 17.2267627716064 42.2482643127441 8.65472507476807
v 17.4964389801025 39.4186248779297 8.66040515899658
v -23.9253921508789 44.105411529541 0.612552642822266
v -24.789083480835 38.5179481506348 0.248845860362053
v -15.2234592437744 76.0438537597656 8.98057556152344
v -19.8736419677734 47.3303108215332 6.94320297241211
v -23.3494071960449 47.5852203369141 0.925422608852386
v -23.7191009521484 42.455150604248 4.55281114578247
v 16.3936920166016 55.7675285339355 8.91826820373535
v -1.95687913894653 72.5545043945312 10.097074508667
v 3.72662115097046 55.7495613098145 9.09204769134521
v -4.35419750213623 80.4204025268555 9.6251106262207
v -6.06086349487305 66.4514770507812 9.91364288330078
v 9.82486820220947 48.0187683105469 9.56356525421143
v -16.7506790161133 54.0009574890137 8.05307102203369
v -17.3458366394043 59.8168983459473 7.06089019775391
v 21.1703586578369 73.9206771850586 0.498153328895569
v 19.850399017334 73.3121185302734 3.9791579246521
v -17.7564506530762 41.5345420837402 9.81784915924072
v -19.2189197540283 38.6415481567383 9.80286407470703
v 11.2095327377319 42.6101989746094 10.4271097183228
v 11.1531677246094 39.9745597839355 10.6920194625854
v 9.28213500976562 53.3110122680664 9.73357009887695
v 18.0353736877441 57.5993919372559 6.76137924194336
v 22.3526058197021 42.886157989502 4.48821496963501
v 17.9974670410156 83.5948028564453 5.22248840332031
v 23.0246028900146 57.2570381164551 1.87107241153717
v 19.3747329711914 78.7196350097656 4.28904151916504
v -16.6667900085449 65.2117614746094 7.89907217025757
v -12.2093467712402 65.6966323852539 9.82583522796631
v 2.27481174468994 81.7005157470703 10.5114469528198
v 2.53170132637024 79.7977066040039 9.39370059967041
v 18.2305850982666 52.0874481201172 7.22487115859985
v 22.6971759796143 64.9160995483398 -1.72446382045746
v 22.1922836303711 39.5364379882812 5.01604318618774
v -22.8670864105225 38.339038848877 6.56136083602905
v -2.74903416633606 82.0635528564453 10.5765695571899
v 9.83603191375732 45.7862281799316 9.59055519104004
v -21.9500923156738 69.019287109375 -0.764939963817596
v 25.9827899932861 48.0592308044434 -4.67343616485596
v 19.5952835083008 61.2126502990723 5.03983449935913
v -20.7748069763184 77.2451705932617 0.483150273561478
v -0.022646576166153 78.2307357788086 10.078254699707
v -13.3652248382568 52.5879783630371 10.0463743209839
v -22.9105453491211 48.2559509277344 4.26431608200073
v 6.44650554656982 57.7652740478516 9.62285041809082
v -20.7063770294189 69.7202224731445 2.3985059261322
v 10.9050416946411 54.8908958435059 10.2019453048706
v 16.8600292205811 67.6797180175781 7.72991037368774
v -17.8334903717041 50.4002685546875 7.22152280807495
v 22.1704158782959 60.6328887939453 2.5292489528656
v 20.6358089447021 78.5631561279297 0.905881345272064
v 23.0288944244385 62.2116355895996 -1.52074193954468
v 10.0440835952759 64.9368286132812 9.73929214477539
v -9.54487133026123 59.4466552734375 10.0346059799194
v 9.83531284332275 60.060619354248 9.93169975280762
v 13.0381479263306 58.1146965026855 10.1259651184082
v 14.3200607299805 53.0557327270508 10.2428531646729
v 3.01054620742798 61.4157409667969 9.27638912200928
v 13.8894681930542 63.3263854980469 9.56653499603271
v -7.94040584564209 49.5340843200684 9.54547214508057
v 19.5009727478027 84.2721481323242 1.31566917896271
v -5.98325681686401 63.8790550231934 9.81259155273438
v -10.6329231262207 82.7204971313477 9.78087329864502
v -1.58175480365753 58.7231254577637 9.12528610229492
v 12.2555494308472 81.8185501098633 9.07465553283691
v 19.5773029327393 47.1744766235352 6.48548889160156
v -19.0514011383057 77.7833709716797 5.09509897232056
v -19.9760074615479 73.1384429931641 4.31194686889648
v 21.9351940155029 69.4821166992188 -0.923081994056702
v 15.4802532196045 75.5420532226562 8.59933376312256
v -19.6941528320312 56.3721542358398 6.56291151046753
v 24.5737476348877 56.6709632873535 -3.31850934028625
v -6.36778020858765 53.8540306091309 9.50707721710205
v 6.63541078567505 78.828483581543 9.96083354949951
v -15.3493490219116 83.8318786621094 8.11599445343018
v -22.5631198883057 54.5022048950195 0.815823674201965
v -6.3071551322937 75.3297500610352 10.3080492019653
v -8.57468509674072 71.3682632446289 10.2470617294312
v -13.1444101333618 59.6661796569824 10.009838104248
v 12.0135498046875 68.6565246582031 9.52644729614258
v 11.3980197906494 47.6637077331543 10.1828565597534
v 24.4219360351562 47.7345352172852 2.20451974868774
v -17.049711227417 68.0749282836914 7.32011699676514
v 0.635507643222809 65.9934844970703 9.62605667114258
v -12.6604671478271 74.1361389160156 10.1239519119263
v -8.77031707763672 77.1750869750977 10.323094367981
v -14.4357681274414 78.4141540527344 9.32086181640625
v 5.19309520721436 44.4808044433594 9.5803394317627
v 23.6614665985107 53.0327186584473 1.79129087924957
v 15.4616975784302 61.3395614624023 9.18052577972412
v -3.45916986465454 62.4946823120117 9.55516242980957
v -19.7964134216309 38.2091445922852 8.5482120513916
v 1.08794617652893 45.4262542724609 9.45099067687988
v -2.59465956687927 67.756591796875 9.82877922058105
v -17.8460597991943 84.5098266601562 5.45798397064209
v -25.0787506103516 45.3728790283203 -4.39331293106079
v -24.8212280273438 47.8982391357422 -4.02809906005859
v -13.4396448135376 54.829948425293 10.1247386932373
v 20.494291305542 68.6825256347656 3.64294791221619
v -0.0865091308951378 53.300048828125 9.10131645202637
v 1.9851541519165 75.582763671875 9.9311990737915
v 5.64391088485718 63.6565170288086 9.59930419921875
v -24.088508605957 41.7908363342285 1.78467345237732
v 15.4740219116211 46.4594421386719 9.87518501281738
v -20.8724727630615 74.8294982910156 0.810411334037781
v -21.1553764343262 64.5247573852539 1.86897802352905
v 14.9472923278809 38.6972160339355 10.3529939651489
v -19.2928428649902 85.0710601806641 1.05058658123016
v 7.60398769378662 41.3009071350098 9.94928359985352
v 17.5342540740967 80.6975173950195 6.40548944473267
v 21.0078964233398 76.3171157836914 0.0881395116448402
v -16.3026638031006 38.5944061279297 10.1862096786499
v -11.3518342971802 39.189151763916 10.2369117736816
v 8.02883148193359 71.6637649536133 9.82817935943604
v 2.35454082489014 70.4810791015625 9.86927318572998
v 5.88265657424927 68.1103897094727 9.71249294281006
v -2.92797636985779 78.4976272583008 10.2933340072632
v 20.3532962799072 38.9570770263672 6.92925024032593
v -25.2342853546143 43.8770713806152 -1.79576194286346
v -8.90362453460693 42.0865592956543 9.91414451599121
v 4.93874216079712 72.8643188476562 9.93343067169189
v -22.2443332672119 66.6889877319336 -0.931756317615509
v 21.6581325531006 71.8397064208984 -0.814757764339447
v 13.6229381561279 50.1527671813965 10.5157413482666
v 22.3636360168457 67.2431259155273 -1.63684606552124
v -20.8811302185059 61.4249458312988 5.0039963722229
v 17.5226078033447 59.7088851928711 7.20825862884521
v -20.059928894043 82.0086059570312 0.817929148674011
v 16.6133518218994 53.532398223877 8.91005229949951
v 11.4489126205444 50.6411323547363 10.2478485107422
v -17.5588340759277 76.0424270629883 7.11126041412354
v 20.3179893493652 80.9538650512695 0.700426042079926
v -9.69676303863525 66.8327255249023 10.0120286941528
v -17.7887744903564 72.0489044189453 6.65975141525269
v -14.7006244659424 71.7833404541016 9.2000904083252
v 25.5893936157227 38.3779792785645 2.37306666374207
v -3.60685586929321 74.4479598999023 10.218822479248
v 4.7922887802124 75.2741165161133 9.91217994689941
v -16.4899368286133 60.8232154846191 8.28293991088867
v -24.391206741333 48.7523498535156 -1.23649990558624
v -5.08959913253784 55.9772758483887 9.41171169281006
v 25.7691173553467 41.13916015625 0.853500723838806
v 4.22016334533691 51.4176216125488 9.17994594573975
v 11.8297128677368 73.1969757080078 9.81098747253418
v -18.4084148406982 80.9175567626953 5.58687543869019
v -18.637414932251 74.5270614624023 5.72960805892944
v -15.1340732574463 56.713134765625 9.84766674041748
v 25.5665016174316 50.1123924255371 -3.61890435218811
v 20.006721496582 53.7566757202148 5.40820360183716
v 11.3089456558228 62.8347930908203 9.84749698638916
v -16.191499710083 62.9998931884766 8.71130657196045
v -14.549222946167 64.753547668457 9.47130298614502
v -4.36428451538086 59.8100090026855 9.53413867950439
v -9.34474468231201 56.8626556396484 10.0055494308472
v 11.5825424194336 77.6170196533203 9.69777965545654
v -14.3314552307129 42.9223442077637 9.86629295349121
v 5.11935234069824 82.5335388183594 10.4701156616211
v -15.4162197113037 48.4565238952637 9.82148933410645
v -11.7458305358887 46.2947387695312 9.6782693862915
v -3.91185712814331 49.2939682006836 9.22666645050049
v -5.91463613510132 45.6124153137207 9.49866199493408
v -17.2246437072754 45.3998031616211 9.51839542388916
v -17.4446430206299 49.1777000427246 8.79734897613525
v -17.8600368499756 46.3713035583496 8.35201454162598
v 24.1625499725342 58.9748458862305 -3.3367908000946
v 24.7725658416748 54.4444236755371 -2.92573714256287
v -21.8302173614502 53.6550827026367 5.42373132705688
v 18.5966415405273 44.0361175537109 7.63960027694702
v -0.387930512428284 62.8645477294922 9.43226718902588
v -5.54227066040039 82.6446151733398 10.3264360427856
v 25.4105758666992 43.7028465270996 -0.652798414230347
v 13.169605255127 45.3158531188965 10.5981893539429
v 17.8099136352539 64.2438735961914 6.4651575088501
v -22.4047508239746 46.5077362060547 5.92567157745361
v -20.4994239807129 67.9041519165039 4.27917909622192
v -24.0132789611816 56.3075141906738 -3.04502844810486
v -23.6528015136719 58.9198799133301 -2.97641324996948
v -11.638897895813 63.589038848877 9.9429178237915
v 27.3533382415771 37.7260551452637 -6.98562622070312
v 8.15462398529053 80.5247268676758 9.36772155761719
v -25.7680568695068 37.5027885437012 -5.19905185699463
v 2.96554064750671 48.2226295471191 9.28784465789795
v -14.4148502349854 69.0051574707031 9.32845306396484
v 17.1415767669678 70.1699905395508 7.38448858261108
v 20.5768032073975 66.069091796875 3.73838043212891
v 14.1601867675781 83.4305038452148 8.29105281829834
v 3.54323625564575 65.6603775024414 9.60152626037598
v -15.8754405975342 52.4116172790527 9.82236671447754
v -24.7241153717041 37.6669960021973 2.70239496231079
v 26.5728092193604 38.0508079528809 -2.89653992652893
v -26.2842655181885 37.6667556762695 -2.38435029983521
v -25.63844871521 39.6087036132812 -1.72206270694733
v 9.84227848052979 74.9706344604492 9.87819385528564
v -0.502855956554413 56.8213768005371 9.26811599731445
v 1.55979776382446 59.7896842956543 9.20275592803955
v 19.6789379119873 56.7466430664062 5.35336017608643
v 26.3917407989502 44.6423492431641 -6.21462297439575
v -3.35193157196045 76.6412658691406 10.0756692886353
v 23.5784797668457 57.4109802246094 -0.924696922302246
v -6.66808176040649 79.6813507080078 10.3065328598022
v -8.20811176300049 83.1613082885742 9.9751443862915
v 17.4621124267578 50.2979736328125 8.17526817321777
v 20.5096797943115 50.6081886291504 5.31907558441162
v -16.4390544891357 57.1943969726562 8.85591793060303
v 12.8900814056396 42.4995460510254 10.6932773590088
v -21.7911052703857 71.2533416748047 -1.03875517845154
v 6.41706037521362 54.3679504394531 9.44974899291992
v 7.27605533599854 52.326473236084 9.4511137008667
v 23.2199401855469 55.0495796203613 2.24611306190491
v -2.30070781707764 39.955810546875 10.1513681411743
v -22.1510372161865 56.722412109375 1.21918201446533
v -22.9265251159668 49.405704498291 1.99432575702667
v -17.1334247589111 52.3687324523926 7.44205379486084
v 6.38127660751343 76.9876708984375 9.77671241760254
v -0.136662304401398 82.3619232177734 10.9786567687988
v 10.7124395370483 66.8770904541016 9.64274787902832
v -18.3003482818604 43.2868232727051 8.0504789352417
v -10.4017200469971 69.9636154174805 10.1428260803223
v -13.0499505996704 83.1428756713867 9.39345359802246
v 21.2519054412842 46.4264793395996 5.07731246948242
v -23.7213287353516 40.5233535766602 5.44060468673706
v 0.368383467197418 67.9220428466797 9.75587463378906
v -25.0743846893311 40.9579963684082 -5.08352994918823
v 5.56955432891846 61.7990760803223 9.59762859344482
v 21.2115573883057 62.2656860351562 3.50425243377686
v -20.7074642181396 65.8554458618164 4.09991836547852
v -8.26428604125977 62.7276268005371 9.93629837036133
v 26.6505947113037 40.25732421875 -7.17701816558838
v 25.5010604858398 47.0155906677246 -2.54521155357361
v 26.2028617858887 43.4530181884766 -3.17842864990234
v 26.2027320861816 39.905876159668 -2.30735659599304
v -20.6845321655273 79.2680816650391 -0.207008093595505
v -14.7692747116089 73.7278137207031 9.25225830078125
v -24.2850799560547 52.550048828125 -3.71279072761536
v -22.8492221832275 52.489444732666 0.635439395904541
v 18.0712890625 47.9873161315918 7.72130823135376
v -21.5301399230957 73.5254364013672 -0.98632138967514
v 24.1968288421631 51.8067817687988 -0.23876166343689
v -17.7298526763916 64.6911697387695 6.57548046112061
v -18.9340076446533 68.5825729370117 5.8646354675293
v 3.00485873222351 40.3133201599121 10.1064643859863
v 16.4521751403809 74.0202255249023 7.93736886978149
v -16.8754539489746 53.0043678283691 9.01904201507568
v 22.1302013397217 65.4240570068359 0.79198694229126
v -0.514035403728485 43.5280990600586 9.63261127471924
v -21.6176910400391 57.5254173278809 4.48774480819702
v -18.4526500701904 58.117919921875 6.76184415817261
v -20.5097312927246 71.4429092407227 3.44948959350586
v 5.70733547210693 42.696117401123 9.79361629486084
v -19.8447589874268 51.7310905456543 6.82277011871338
v -17.5952758789062 55.2229080200195 7.15872573852539
v -9.64727020263672 53.0175628662109 9.87130355834961
v -6.59469985961914 70.4260406494141 10.134391784668
v -24.365177154541 37.5732040405273 4.9691367149353
v -19.1367015838623 62.3051910400391 6.20936822891235
v -15.3675079345703 60.9151229858398 9.4874153137207
v -20.055305480957 37.7822799682617 6.73785018920898
v 10.2640447616577 49.4038772583008 9.67122840881348
v 16.2454319000244 83.439079284668 7.08931875228882
v 11.0955190658569 40.9184303283691 10.0756826400757
v -23.1454582214355 62.834358215332 -2.52432298660278
v 4.37453889846802 59.2000427246094 9.22605800628662
v 14.4133443832397 59.6297721862793 9.71201229095459
v 14.7135877609253 56.9645195007324 9.84177780151367
v 26.7953643798828 41.070686340332 -4.15751266479492
v -22.6642475128174 50.2204246520996 4.15386629104614
v -26.0408515930176 41.3485946655273 -2.7272253036499
v -19.6287364959717 81.1392211914062 3.19888687133789
v -20.1553230285645 77.6461486816406 2.89944839477539
v -24.4017276763916 51.700756072998 -1.71935093402863
v -12.2263126373291 78.4292984008789 10.164174079895
v -15.1593465805054 80.4086456298828 8.77009868621826
v 25.1077156066895 53.0582160949707 -4.914231300354
v 11.9244737625122 83.4940414428711 9.04998302459717
v -7.07265043258667 59.5735168457031 9.8202953338623
v 14.8416576385498 67.4464111328125 8.98639583587646
v -21.4367618560791 60.1697311401367 3.35348582267761
v -16.9471492767334 40.0105934143066 9.99874401092529
v -19.7426929473877 42.6007194519043 6.85887575149536
v 9.46117496490479 73.0960159301758 9.85961818695068
v -2.37471508979797 51.0314559936523 9.10522270202637
v -8.12736129760742 51.126781463623 9.60973167419434
v -3.0501024723053 53.7577629089355 9.13732242584229
v 15.764347076416 71.4320678710938 8.39397621154785
v 13.5331935882568 71.0332794189453 9.37370872497559
v -22.5218620300293 59.295108795166 -0.059824027121067
v -4.89021873474121 68.0963668823242 9.94238758087158
v 26.0407276153564 46.5187492370605 -6.06577062606812
v 21.5372161865234 69.1681137084961 1.49210131168365
v -12.9058904647827 70.1181564331055 9.79727935791016
v 15.0724954605103 77.2954177856445 8.70705699920654
v 21.8835620880127 41.3171348571777 5.05141687393188
v 23.8008575439453 60.974178314209 -3.37351775169373
v -23.9035301208496 54.5883903503418 -3.84994649887085
v -23.6014881134033 55.7331695556641 -0.950551271438599
v 10.4051008224487 53.9401779174805 10.011435508728
v 19.1737079620361 40.4374237060547 7.52139329910278
v 0.365847587585449 74.2853012084961 10.0438680648804
v 0.409745335578918 71.4721527099609 9.97050857543945
v 4.89227390289307 57.0318183898926 9.19546127319336
v 7.39400672912598 82.9920043945312 10.0461330413818
v -18.9104671478271 40.5112113952637 6.89185762405396
v -9.81884002685547 81.0840530395508 9.97078132629395
v 1.06709146499634 51.9016342163086 9.08148860931396
v 16.7925071716309 44.3891525268555 8.90647506713867
v 18.810525894165 59.1879997253418 5.84315538406372
v -14.8788747787476 46.2482872009277 9.72861194610596
v 1.29514169692993 54.7301139831543 9.10449600219727
v 8.47770404815674 66.680793762207 9.68731594085693
v 13.5137910842896 80.4306030273438 9.06971645355225
v -24.4516410827637 40.0476150512695 1.29179048538208
v 15.844783782959 63.141674041748 8.86210823059082
v 7.70106267929077 64.2462005615234 9.69212913513184
v -16.6332054138184 55.5800857543945 8.46446514129639
v 16.0213565826416 79.3920440673828 7.91645669937134
v -23.7534236907959 43.4000701904297 2.63921999931335
v 7.92892742156982 61.2140922546387 9.72288417816162
v 21.3493576049805 64.527702331543 3.04554104804993
v 22.3644981384277 53.7361297607422 3.70388674736023
v 22.1560726165771 44.657154083252 4.50450134277344
v -16.5346069335938 58.9491729736328 8.2020320892334
v 11.6675462722778 48.9216537475586 10.3149156570435
v -22.7632751464844 65.5186920166016 -2.56442475318909
v 23.9082698822021 39.2463722229004 3.69473695755005
v 25.3321323394775 51.2131958007812 -5.34929656982422
v 15.5354013442993 49.6817016601562 9.84108448028564
v 7.07968616485596 50.936897277832 9.39455699920654
v -17.4870376586914 46.7392196655273 7.2578821182251
v 4.45906209945679 79.0183334350586 10.0730152130127
v 19.1180744171143 76.8603363037109 4.94148445129395
v 18.6410980224609 73.9344177246094 5.68165826797485
v 12.1858711242676 64.4741592407227 9.65541172027588
v -24.766695022583 39.1044845581055 -5.27667045593262
v -22.359691619873 62.4036598205566 -0.311556041240692
v 23.380163192749 63.2978973388672 -3.39440393447876
v -19.2824306488037 45.6626853942871 6.92920017242432
v 22.8116569519043 59.0738220214844 1.6856734752655
v -23.5046329498291 45.7416343688965 1.55797004699707
v -0.568033993244171 64.5071792602539 9.56107330322266
v 12.7316884994507 39.5781478881836 10.8133974075317
v -21.8303070068359 48.2384452819824 6.2140154838562
v 19.8248386383057 71.4863510131836 4.17252206802368
v -10.9451465606689 49.6709976196289 9.75172996520996
v -9.86272144317627 47.8617057800293 9.62951850891113
v -19.3932514190674 60.3659591674805 6.30784940719604
v -13.8943014144897 50.161205291748 9.90879058837891
v -17.0636138916016 50.6492881774902 9.22999095916748
v 19.9333114624023 82.8368682861328 0.104310430586338
v -3.48144912719727 57.4897766113281 9.22022724151611
v 27.2156887054443 37.4056968688965 -4.87411737442017
v 9.37682056427002 56.3093070983887 9.89686107635498
v 11.7497882843018 56.8418502807617 10.2695960998535
v 8.74776077270508 59.0650939941406 9.82736682891846
v -23.1443099975586 44.0912933349609 5.5248327255249
v -22.534107208252 42.4936981201172 6.31134414672852
v 12.6475200653076 54.0180015563965 10.4516944885254
v 20.2531414031982 48.6926383972168 5.68822765350342
v -20.8370475769043 39.3821563720703 6.7671070098877
v -16.8712749481201 48.9264717102051 9.52151584625244
v 17.428186416626 66.2982940673828 6.98496913909912
v 15.0671787261963 65.7321090698242 9.03143882751465
v -22.1216354370117 51.8437881469727 5.38701915740967
v -19.3489112854004 79.4943466186523 4.3633189201355
v 22.7715835571289 61.0774040222168 0.343156933784485
v -18.8579349517822 84.6616134643555 3.29048657417297
v -17.9256134033203 43.6362457275391 7.12676429748535
v -21.1562328338623 75.9749908447266 -0.931848108768463
v 11.0517482757568 58.486515045166 10.1406736373901
v 19.2084102630615 45.646068572998 7.05285978317261
v 20.1000061035156 43.2988815307617 6.53459405899048
v 10.6775999069214 61.2837257385254 9.95815658569336
v -16.1226253509521 68.5875015258789 8.57140445709229
v -18.8296718597412 42.2335624694824 8.70568180084229
v -17.4307498931885 43.8233795166016 9.59356689453125
v 15.3995227813721 42.338020324707 9.88250827789307
v -4.00391578674316 42.3642272949219 9.80711841583252
v 4.12215852737427 69.1080093383789 9.76730155944824
v 9.30219078063965 70.1343231201172 9.73813629150391
v 7.08533048629761 69.4029998779297 9.74933242797852
v 12.0693693161011 38.1432647705078 11.0196771621704
v -18.0700263977051 48.6280517578125 7.16624593734741
v 22.7716026306152 50.4540367126465 3.76375389099121
v 23.0499401092529 47.4077987670898 3.75571537017822
v 8.8276309967041 78.6823577880859 9.80742359161377
v -17.5878620147705 70.3660125732422 6.74891519546509
v -16.5035743713379 71.964729309082 8.1132926940918
v 1.75354373455048 77.4200820922852 9.81315422058105
v 15.8607521057129 40.065788269043 9.65219974517822
v 15.0073804855347 54.6749992370605 9.88460731506348
v 11.1099348068237 42.0891799926758 10.0320024490356
v 3.39088296890259 74.051628112793 9.97498035430908
v 16.7296257019043 60.6075096130371 8.28343296051025
v 21.4166507720947 57.0799179077148 4.06312799453735
v -8.3206090927124 38.6463012695312 10.3602294921875
v 24.14892578125 53.5022811889648 -1.0225841999054
v 26.2628326416016 41.8843269348145 -6.99013710021973
v 24.7429847717285 50.6648635864258 -1.74350345134735
v -13.9294767379761 58.0651092529297 9.99465274810791
v 17.0357990264893 82.1382904052734 6.67633438110352
v 20.0359859466553 52.1499176025391 5.55202007293701
v -18.8533668518066 37.3565368652344 7.24000692367554
v -19.1196975708008 39.6231460571289 8.06008434295654
v -12.7592792510986 44.5735321044922 9.75568199157715
v -21.0806694030762 62.7974281311035 3.52258086204529
v -10.9341650009155 74.9459915161133 10.4380350112915
v -7.2266960144043 73.7252197265625 10.3312768936157
v -10.0921001434326 72.419189453125 10.3670568466187
v -22.1954612731934 54.0560760498047 3.31291937828064
v -7.43370866775513 56.3302917480469 9.773118019104
v -21.2672672271729 55.2967224121094 5.81841325759888
v -24.0200786590576 49.370475769043 -4.52843046188354
v -1.14922893047333 48.8245735168457 9.16935348510742
v -2.68535900115967 45.6967430114746 9.4400520324707
v -4.28740692138672 47.177490234375 9.36342525482178
v 18.2389717102051 79.3191070556641 5.84846591949463
v 20.5878105163574 74.6410217285156 2.4400691986084
v -24.3533496856689 42.8957939147949 -5.05839538574219
v -17.1383876800537 49.7388763427734 8.05720710754395
v -23.2895584106445 60.5406379699707 -3.31840300559998
v 13.5280389785767 74.1373062133789 9.49032211303711
v -9.97396659851074 68.4134216308594 10.067440032959
v 19.9104175567627 80.2251892089844 2.83397030830383
v 24.7702121734619 54.9558525085449 -4.91091966629028
v 25.7428779602051 39.7535285949707 1.65790796279907
v 25.5699806213379 49.5350151062012 -5.58794689178467
v -18.2022476196289 44.7532424926758 8.36120986938477
v -13.2190074920654 67.2148513793945 9.65036964416504
v 18.9599609375 65.3672485351562 5.2760124206543
v 18.5073051452637 62.9619674682617 5.78887844085693
v -7.08729982376099 44.0342063903809 9.63650894165039
v -8.91989994049072 45.6553039550781 9.6480598449707
v -11.8210411071777 42.5748405456543 9.85717487335205
v 23.7499752044678 43.5434532165527 3.51085114479065
v -25.155309677124 37.0660209655762 -0.49043670296669
v -2.33552432060242 70.7645797729492 10.0118837356567
v -3.87932729721069 71.8634338378906 10.1304492950439
v 4.68981266021729 66.8927459716797 9.66463851928711
v 16.8855247497559 57.4373741149902 8.30576419830322
v -19.0354251861572 76.149543762207 5.18217945098877
v 18.4133930206299 82.1016387939453 5.06334114074707
v 9.64449214935303 83.4822845458984 9.49062919616699
v 2.8323917388916 82.922248840332 10.8375797271729
v 18.8230361938477 84.9822387695312 3.16216993331909
v 23.1036682128906 38.1460189819336 4.35857391357422
v 3.29284882545471 50.0576782226562 9.19693565368652
v 5.99726819992065 48.2304344177246 9.37442111968994
v 26.2766952514648 37.5462913513184 0.697288930416107
v 3.83489036560059 71.5286407470703 9.89795589447021
v -20.2209625244141 69.4836654663086 4.48357486724854
v -23.9511890411377 46.3750190734863 -0.218707948923111
v -1.70017111301422 77.5303955078125 9.96411228179932
v -19.6348724365234 65.0976104736328 5.75983238220215
v -18.1980590820312 82.4937515258789 5.54578685760498
v -15.1913566589355 82.1257781982422 8.52236747741699
v -17.1020355224609 80.4221038818359 7.25251865386963
v -19.1523132324219 37.247013092041 10.0648126602173
v -19.967924118042 37.4203681945801 9.35022354125977
v 23.6984043121338 49.0835456848145 3.08209991455078
v 19.1713523864746 83.2637252807617 3.2585346698761
v 25.4338817596436 45.0748901367188 -1.79380571842194
v 24.8856811523438 47.2132530212402 -0.598963737487793
v 24.6747970581055 46.1412010192871 2.13431286811829
v -8.48176288604736 58.3005294799805 9.94177341461182
v 14.5167016983032 51.5208358764648 10.2492341995239
v 16.9294204711914 47.1817970275879 8.76232719421387
v -9.13905429840088 75.5787658691406 10.430814743042
v -16.4035758972168 46.840145111084 9.66623973846436
v -22.6588020324707 50.9853172302246 2.28657937049866
v 17.6933898925781 68.9634399414062 6.63439464569092
v -13.7664127349854 76.7722778320312 9.72687149047852
v -16.7071380615234 77.2148666381836 7.85341358184814
v -16.1326866149902 74.9425964355469 8.38363933563232
v -20.4187526702881 74.3323974609375 2.80665516853333
v 12.5600357055664 43.9713325500488 10.6442642211914
v 23.459321975708 51.6694374084473 2.82893466949463
v -21.7073669433594 60.3106689453125 1.23040342330933
v -11.9681348800659 79.9410247802734 10.1004915237427
v -21.0133304595947 70.8488082885742 0.805042743682861
v 7.80885601043701 75.7853164672852 9.85588645935059
v -1.03648507595062 66.8390197753906 9.71900081634521
v -18.3825244903564 42.4874725341797 9.40306854248047
v -10.5221424102783 77.6451034545898 10.3979768753052
v -8.34050941467285 78.7364196777344 10.3288536071777
v 2.410564661026 46.7921104431152 9.37844276428223
v -5.61908340454102 81.4366989135742 9.8985710144043
v -18.6381130218506 41.6122589111328 8.04300689697266
v -19.6614208221436 83.4342803955078 1.47853994369507
v -19.0542411804199 40.2493171691895 9.49221801757812
v 15.2227201461792 47.8402671813965 10.0135154724121
v 7.39186143875122 81.6340255737305 9.54202842712402
v 9.91312599182129 81.0633544921875 9.22622776031494
v -22.3768215179443 68.3168258666992 -2.44025325775146
v 4.1172399520874 81.4739837646484 10.1760454177856
v 0.436636567115784 81.2530364990234 10.346230506897
v 24.4526329040527 48.9768371582031 0.74168449640274
v 21.6314144134521 73.4126815795898 -1.5252867937088
v 21.3749256134033 75.0414047241211 -1.18411231040955
v 21.2490234375 72.4022674560547 1.06822323799133
v 20.9300174713135 77.7892379760742 -0.799661934375763
v 25.1941413879395 44.4524917602539 1.04338669776917
v 25.0556087493896 41.8181457519531 2.49896860122681
v 21.6627368927002 38.2055549621582 5.79506731033325
v 19.8446197509766 55.2501640319824 5.37657117843628
v -11.1572179794312 55.6028099060059 10.0799474716187
v -21.4512176513672 65.8185119628906 0.560403227806091
v 1.29526257514954 69.2263793945312 9.816086769104
v 10.6961612701416 76.3027496337891 9.80549907684326
v 22.9131374359131 66.0846481323242 -3.15958118438721
v 18.686222076416 38.1500358581543 8.05548858642578
v 16.6193256378174 38.0589256286621 9.35348701477051
v 17.2524757385254 40.8327980041504 8.69142723083496
v -24.4271869659424 42.943000793457 -0.49142324924469
v -24.1089096069336 46.6514434814453 -4.87888526916504
v -19.5759773254395 39.2341003417969 9.04037094116211
v -24.4618091583252 44.9984703063965 -0.873716652393341
v 21.5527362823486 70.5632553100586 0.457634747028351
v 4.03460311889648 62.9466743469238 9.45975971221924
v 20.6068267822266 79.8093566894531 -0.524939715862274
v -23.1918106079102 46.9478187561035 2.83366847038269
v -23.4121417999268 49.0707168579102 0.223936349153519
v 19.0957660675049 68.5173797607422 5.06174802780151
v 18.186279296875 71.1616897583008 6.11264848709106
v 10.9050531387329 44.2455101013184 9.78785514831543
v 11.2384901046753 44.5844917297363 10.0510292053223
v -8.82167148590088 61.2569961547852 9.97866344451904
v -12.3798761367798 62.1317672729492 9.94467163085938
v -13.1825332641602 72.7564315795898 9.93496513366699
v -2.29306507110596 69.2471389770508 9.91560745239258
v -7.46288537979126 54.8971519470215 9.7070140838623
v 17.8880672454834 76.9918518066406 6.51237058639526
v -17.9004135131836 45.9712562561035 9.02313327789307
v -1.7913407087326 83.0887069702148 10.9328422546387
v 18.8203811645508 41.8257789611816 7.62623262405396
v -1.47583281993866 74.1000518798828 10.1176023483276
v -24.0065937042236 39.0217437744141 5.34556341171265
v 26.4002704620361 37.3024024963379 -1.203852891922
v 22.0990581512451 70.7463912963867 -2.20077800750732
v 22.4608001708984 68.6690139770508 -2.59773206710815
v 21.0840148925781 40.3322219848633 6.06240844726562
v -24.0487689971924 41.1972618103027 3.55924391746521
v -14.5638666152954 53.4478721618652 10.0699291229248
v 12.1743211746216 41.0589561462402 10.7538385391235
v -23.8556232452393 51.140682220459 -4.41703128814697
v -11.9657897949219 84.2259674072266 9.39686393737793
v 19.1467456817627 51.0363464355469 6.49241781234741
v -19.6069030761719 84.2279052734375 -0.379715174436569
v -17.6356220245361 47.8085556030273 8.50934410095215
v -8.40436363220215 80.1815490722656 10.1562337875366
v -16.2984657287598 55.8117980957031 9.31414604187012
v -16.3585338592529 43.0171852111816 9.7842493057251
v -18.2956390380859 85.8927383422852 3.97265028953552
v -19.6572647094727 49.6023750305176 6.93371248245239
v 4.16075801849365 80.4350128173828 9.25490951538086
v 20.0735988616943 70.0552597045898 3.98168253898621
v 12.3563470840454 79.2420959472656 9.49147891998291
v -8.06374168395996 66.015380859375 9.97596073150635
v -2.453932762146 63.8071365356445 9.58267402648926
v 17.244197845459 54.8571548461914 8.09799861907959
v -21.6642189025879 63.5727996826172 0.530725300312042
v 12.6866750717163 49.2609405517578 10.5460557937622
v 10.8749122619629 46.389404296875 9.73067569732666
v 11.2242555618286 47.0663185119629 9.94097137451172
v -16.6319484710693 85.1508255004883 6.7746205329895
v -14.0347995758057 84.6115951538086 8.67732048034668
v -2.47237849235535 79.9362564086914 9.57520008087158
v -2.37012696266174 81.0036468505859 10.0277261734009
v -5.02045583724976 79.1228942871094 10.4085884094238
v 10.3886451721191 51.9629325866699 9.84051704406738
v -4.11083221435547 66.7552185058594 9.83126258850098
v -4.85336256027222 65.2668762207031 9.79618740081787
v 26.1386909484863 38.3906517028809 -7.22890949249268
v -7.36881446838379 67.4401779174805 10.0041761398315
v 17.2604064941406 84.7755966186523 5.77400255203247
v 19.6426830291748 74.7937850952148 4.15842390060425
v 24.3602485656738 57.7843627929688 -4.65165996551514
v 19.3738021850586 85.3435668945312 -0.396822065114975
v 25.5690860748291 42.5017013549805 0.328454405069351
v 13.3655281066895 77.3461761474609 9.43649387359619
v -13.774582862854 61.0163497924805 9.84127807617188
v -6.53429746627808 52.5607566833496 9.47517871856689
v -20.4271373748779 80.5524215698242 0.645283758640289
v -9.95116329193115 63.1986618041992 10.0158290863037
v -15.5617437362671 41.471752166748 9.94212532043457
v 20.0153045654297 77.6767501831055 3.28695893287659
v 0.456285268068314 55.8048324584961 9.16020965576172
v -4.07713413238525 83.3278656005859 10.5810356140137
v -4.73700284957886 61.1468048095703 9.62272644042969
v 0.453347325325012 76.4270324707031 9.89292526245117
v 20.9733905792236 60.818000793457 3.94575309753418
v -24.7320899963379 39.9291839599609 -0.371310085058212
v 2.33817505836487 56.8241996765137 9.05496025085449
v -1.68325233459473 41.6825523376465 9.88847064971924
v 17.8326606750488 56.1178207397461 7.16496133804321
v -13.6411008834839 79.5104522705078 9.64266586303711
v -11.5770330429077 81.5114364624023 9.92541027069092
v 2.65257978439331 78.4945678710938 10.0401134490967
v -17.5936908721924 61.367015838623 6.83468580245972
v -16.9095268249512 58.3649787902832 7.40448999404907
v -5.24225521087646 38.7836265563965 10.3300495147705
v -24.4795742034912 50.2232208251953 -1.52864170074463
v 21.8017177581787 59.2282562255859 3.34706020355225
v -7.28976535797119 64.7831039428711 9.9137544631958
v 5.87120246887207 55.561695098877 9.39940643310547
v 4.26621007919312 54.5723533630371 9.12761402130127
v 25.9585666656494 43.3178787231445 -6.79382562637329
v -24.9675312042236 37.0375213623047 1.19877421855927
v 18.8102226257324 72.5298767089844 5.38055992126465
v 11.1205139160156 41.4440574645996 10.4843378067017
v 11.3689861297607 38.8790321350098 10.7398910522461
v 8.42412376403809 49.1201591491699 9.46681690216064
v 8.55141925811768 47.0359268188477 9.49256992340088
v 12.6000185012817 46.7665672302246 10.5734825134277
v -9.82496643066406 83.8275756835938 9.97192859649658
v 1.69725728034973 62.4995727539062 9.39014434814453
v -11.2490425109863 60.0785903930664 10.1013593673706
v -12.0612545013428 58.6481323242188 10.1422176361084
v 15.6790447235107 52.5099487304688 9.66642379760742
v 25.9155597686768 40.3067054748535 -0.602199852466583
v -15.8862104415894 79.3291320800781 8.35941123962402
v -16.8738708496094 52.607349395752 8.29260444641113
v -22.1232395172119 70.0740203857422 -2.19106483459473
v -18.2493858337402 40.5767517089844 7.47644472122192
v 10.7880144119263 52.6759452819824 10.034948348999
v 8.79998970031738 54.4693069458008 9.73336887359619
v -13.260913848877 49.1700325012207 9.81727123260498
v 12.1696920394897 59.3920783996582 10.0925979614258
v 14.9893054962158 45.1782455444336 10.1153135299683
v -26.5070381164551 37.9063034057617 -3.9690842628479
v -15.8486881256104 65.7246398925781 8.88946342468262
v -16.7398490905762 63.8003463745117 7.69762468338013
v -17.2992401123047 65.9746398925781 6.85266256332397
v -14.1244831085205 38.0628814697266 10.2999019622803
v 23.4070301055908 56.1054191589355 0.874988436698914
v 22.494478225708 56.1860122680664 3.1271800994873
v 9.41662120819092 63.6925315856934 9.79094982147217
v 2.72321343421936 80.8288879394531 9.81155967712402
v 0.6015704870224 79.5569458007812 9.84442329406738
v -2.49050521850586 56.5311622619629 9.07635688781738
v 17.144624710083 52.2848777770996 8.42451953887939
v 17.8573741912842 53.4487648010254 7.47076940536499
v -17.3275718688965 53.7941589355469 7.32088708877563
v 23.1940135955811 41.5520324707031 3.98436594009399
v 21.1645088195801 43.676586151123 5.42151927947998
v -9.17985248565674 40.5489692687988 10.1045894622803
v -22.5337791442871 66.9191436767578 -2.73348951339722
v -5.01147747039795 50.2762489318848 9.25903129577637
v -1.3140754699707 78.9688949584961 10.2982301712036
v 11.8133087158203 46.1179122924805 10.4041900634766
v 21.4597911834717 47.7436866760254 4.83521127700806
v -17.9808139801025 77.8523406982422 6.5665135383606
v -16.4554347991943 67.0399551391602 8.28075504302979
v 2.24775815010071 44.3141746520996 9.57473945617676
v -7.5710768699646 76.2323379516602 10.3282604217529
v -6.19791269302368 69.0398406982422 10.0455026626587
v -25.5690898895264 45.1506881713867 -2.78721308708191
v -1.60351943969727 52.3318786621094 9.05403137207031
v 16.3984489440918 45.5502510070801 9.22874355316162
v 4.58090257644653 60.381706237793 9.33666133880615
v 1.0749706029892 60.9508247375488 9.28335189819336
v 22.2224369049072 62.0399703979492 2.05008721351624
v 7.07670783996582 45.7941131591797 9.49688148498535
v 8.2955322265625 44.6772956848145 9.5835542678833
v -11.4713726043701 67.0317077636719 9.91211700439453
v -10.8500146865845 64.881965637207 9.97109508514404
v 12.8815536499023 62.1870307922363 9.76462745666504
v 18.4280910491943 60.4997444152832 6.05155277252197
v -21.5935878753662 67.7158279418945 0.110304906964302
v -20.9098033905029 68.4754486083984 1.48683190345764
v 26.2836570739746 36.7704010009766 -7.39514207839966
v -24.5967884063721 36.4596939086914 -5.15527009963989
v -10.4715633392334 58.0857276916504 10.0790300369263
v 19.1777210235596 85.6926879882812 1.31287586688995
v 26.1190814971924 46.6929168701172 -4.37665987014771
v 25.5362606048584 48.361988067627 -3.00117921829224
v 25.5265579223633 47.8294067382812 -6.19647455215454
v -22.6257438659668 39.8047866821289 6.4619026184082
v -20.5736522674561 78.4403533935547 1.32131695747375
v -14.4986944198608 70.3974761962891 9.25138092041016
v 19.8263759613037 62.5738983154297 4.77741718292236
v 13.9865713119507 76.0682983398438 9.31451892852783
v 22.4064846038818 64.2451705932617 -0.0663765519857407
v 23.1866130828857 64.705810546875 -3.51218962669373
v -9.08301639556885 82.1184005737305 10.0456447601318
v 20.6307697296143 77.1300964355469 1.56822717189789
v -24.1477909088135 44.3679733276367 -4.97983741760254
v 16.943920135498 63.7502403259277 7.77527236938477
v -23.6030597686768 37.0370292663574 6.30024671554565
v 19.9604415893555 59.9013557434082 4.8442907333374
v 24.3562660217285 50.265739440918 0.00591030763462186
v -19.7285823822021 74.4676055908203 4.42629289627075
v -7.05120944976807 48.6114807128906 9.40759944915771
v -13.3013334274292 63.7870178222656 9.75256729125977
v 15.1471166610718 64.3231658935547 9.09374332427979
v -25.7618808746338 42.7235221862793 -2.52255153656006
v 15.984845161438 68.4926452636719 8.50816059112549
v 26.5113639831543 44.232105255127 -4.61009788513184
v -13.9510335922241 66.0259323120117 9.53024101257324
v 7.08169460296631 58.8283309936523 9.66807174682617
v 26.9503402709961 41.3684539794922 -5.81045484542847
v -16.0153560638428 64.3568954467773 8.83005523681641
v 20.78737449646 73.2599182128906 2.40706920623779
v -1.16973328590393 81.5702362060547 10.5784940719604
v 7.0411696434021 62.4178810119629 9.66355323791504
v 24.5143375396729 44.5779151916504 2.81877660751343
v 18.701868057251 80.6854934692383 4.9467077255249
v 13.1233730316162 67.5436553955078 9.35979270935059
v -19.1315174102783 85.985481262207 -0.555968284606934
v -23.3189258575439 53.6875038146973 -0.403687119483948
v 10.8514575958252 56.1148071289062 10.1861333847046
v 0.687071025371552 58.7380409240723 9.11441612243652
v -0.728126287460327 59.704475402832 9.27179336547852
v -3.96390748023987 58.5409965515137 9.38129043579102
v -25.1058368682861 47.7769317626953 -2.34022521972656
v 13.2961578369141 69.635139465332 9.33633041381836
v -3.92919254302979 54.7279434204102 9.20843887329102
v 24.6009674072266 37.7452201843262 3.32844161987305
v 12.8204231262207 52.7277984619141 10.4942331314087
v -15.3702363967896 77.4726257324219 8.83829689025879
v -20.8700828552246 78.0546646118164 -1.0488532781601
v -20.4899940490723 76.5529251098633 2.02847719192505
v -19.107421875 63.7231101989746 6.1120662689209
v -11.2970142364502 53.4860038757324 10.0087480545044
v -14.4185075759888 51.2342681884766 9.99750518798828
v -11.7614583969116 52.1769752502441 9.95249938964844
v 21.8513698577881 68.3360824584961 0.133841782808304
v 21.5869102478027 65.8430938720703 2.37745404243469
v -19.629093170166 37.2151870727539 8.02553367614746
v -21.8258666992188 57.2414131164551 2.78165721893311
v -17.0144386291504 50.9315872192383 7.74147033691406
v 6.77839660644531 72.8114471435547 9.90123844146729
v 5.87212371826172 71.6781692504883 9.86817169189453
v -0.23270420730114 72.8507690429688 10.0496244430542
v 27.1229820251465 39.021484375 -6.78887033462524
v 19.0981712341309 52.9083480834961 6.30676603317261
v 16.4439353942871 66.2577133178711 8.24737644195557
v 7.54282379150391 56.6944160461426 9.70518112182617
v 8.31647396087646 57.8061294555664 9.78097152709961
v -8.22901248931885 70.1057434082031 10.1555843353271
v -7.28596067428589 72.3370513916016 10.2676496505737
v -16.7335605621338 54.3887481689453 8.94981479644775
v 23.1821594238281 58.1669273376465 0.460718333721161
v -5.15558576583862 76.5951995849609 10.1843128204346
v -23.4206809997559 58.966968536377 -1.37536597251892
v 23.2634906768799 60.804615020752 -1.5927118062973
v 22.8898620605469 63.5665435791016 -1.72032570838928
v 22.5963077545166 62.4924964904785 0.231758028268814
v -3.94710326194763 81.3911666870117 10.2240791320801
v 11.431079864502 53.583854675293 10.3204526901245
v -18.709005355835 73.1172943115234 5.60651731491089
v 15.0830478668213 74.1969299316406 8.82747840881348
v -6.12569093704224 42.9142150878906 9.74766159057617
v 5.42355537414551 78.0795135498047 9.81309127807617
v 7.56733083724976 77.8528060913086 9.7486457824707
v 5.77587747573853 79.9906234741211 9.4693078994751
v -25.3571434020996 38.3270111083984 -1.15355086326599
v 12.9930219650269 72.2337112426758 9.61962604522705
v -22.8425636291504 64.1561584472656 -3.11414837837219
v -13.8227529525757 56.1029510498047 10.1152839660645
v -18.4016704559326 79.1633453369141 5.91720962524414
v 8.22708892822266 65.4151840209961 9.69881057739258
v -15.1321001052856 55.3719787597656 9.93045902252197
v -6.55706739425659 62.6071548461914 9.82220268249512
v 19.3246555328369 58.0062866210938 5.51886653900146
v -17.7718677520752 73.3557815551758 6.7934045791626
v 22.8872509002686 40.3773231506348 4.2908182144165
v 14.5534572601318 58.2598152160645 9.78293895721436
v 17.7927665710449 67.6704025268555 6.42773580551147
v 20.0842227935791 46.1160163879395 6.06282424926758
v 9.82733058929443 55.1784629821777 9.92821407318115
v -18.9603691101074 86.4277648925781 1.21692478656769
v -14.5638437271118 59.2201080322266 9.82400131225586
v 4.10507297515869 45.6477508544922 9.4518575668335
v 3.55382299423218 43.2427177429199 9.71654319763184
v 14.1972064971924 48.8823471069336 10.3941307067871
v -6.70824289321899 83.5970840454102 10.3296566009521
v 10.6380004882812 82.6942977905273 9.29648876190186
v -22.2062873840332 58.0615692138672 0.696355938911438
v -5.61184072494507 74.109619140625 10.3012075424194
v -20.2816581726074 81.5062255859375 -0.708410978317261
v -11.0421886444092 73.5678176879883 10.3956985473633
v -13.6864290237427 75.3790969848633 9.78057765960693
v 4.58097219467163 58.1066055297852 9.21014404296875
v -19.742130279541 71.8312377929688 4.84643650054932
v -20.4855670928955 73.0102615356445 2.65664458274841
v 11.4699258804321 80.7207794189453 9.33108520507812
v 13.8066692352295 81.7127838134766 8.76492500305176
v 17.5892238616943 49.0736045837402 8.10374736785889
v -16.7568531036377 83.4274444580078 7.08650779724121
v -21.477123260498 58.9014091491699 4.2187385559082
v 11.3364734649658 65.6271514892578 9.66340827941895
v 23.6809215545654 54.2583541870117 0.937756061553955
v 15.4375524520874 84.4546661376953 7.44789266586304
v -4.30563497543335 63.5386390686035 9.68201732635498
v -23.3030624389648 57.0727195739746 -4.05023288726807
v 16.258430480957 76.7934646606445 7.9802074432373
v 16.7941303253174 75.3427886962891 7.66415166854858
v 18.5066471099854 46.8048057556152 7.47541379928589
v 19.2644519805908 48.3538970947266 6.67466354370117
v -20.0410671234131 57.7157363891602 6.33279371261597
v -17.9800796508789 56.5430030822754 6.97283506393433
v -19.7038154602051 54.9973220825195 6.6417670249939
v -23.1065235137939 46.6583099365234 4.46598052978516
v 1.60473227500916 67.0270004272461 9.68046092987061
v 1.17882013320923 64.7751235961914 9.55285453796387
v -22.4482517242432 53.3404922485352 1.80685305595398
v -22.1546821594238 55.1560249328613 2.17567658424377
v -24.9344596862793 49.0930290222168 -2.62410974502563
v 24.541711807251 56.3136100769043 -4.96988010406494
v 24.0058174133301 56.230224609375 -1.69059252738953
v 11.595006942749 43.2576637268066 10.5405521392822
v -9.05087757110596 52.0283279418945 9.74705123901367
v -21.778736114502 36.9817733764648 6.6969313621521
v 15.0322513580322 80.2420120239258 8.43054103851318
v 10.964469909668 69.7482452392578 9.64263343811035
v -17.5906753540039 67.3033828735352 6.55709171295166
v 19.7063426971436 82.8987884521484 1.80655801296234
v 9.63407325744629 42.2632217407227 9.85584926605225
v 13.8873605728149 37.7057800292969 10.7003383636475
v 13.2366762161255 56.8295211791992 10.2210683822632
v 26.5844402313232 42.3253517150879 -3.86378622055054
v 15.9092540740967 72.739128112793 8.32890129089355
v -0.0123801026493311 39.3480339050293 10.2410087585449
v -24.5478286743164 38.9265403747559 2.17159914970398
v -24.4596309661865 37.7885208129883 -5.12945795059204
v 21.2789649963379 42.4735107421875 5.44374799728394
v 20.057638168335 67.3146820068359 4.22715616226196
v 12.9932050704956 51.356861114502 10.5370359420776
v -5.10507488250732 70.9910202026367 10.117772102356
v 11.140191078186 50.3484115600586 9.96801662445068
v -10.1500396728516 71.1895370483398 10.2521839141846
v 10.5130157470703 68.1929168701172 9.63299560546875
v -21.4444217681885 74.7763290405273 -1.70013546943665
v -15.1987781524658 63.3480224609375 9.39900016784668
v -23.863395690918 57.5932235717773 -2.41154789924622
v -25.7747688293457 43.9202041625977 -3.25148749351501
v -14.6737337112427 47.427619934082 9.7651834487915
v 2.97844052314758 76.6048431396484 9.81966209411621
v -16.9625339508057 69.3295745849609 7.58346462249756
v 1.52029979228973 49.1518440246582 9.17450523376465
v 16.5830821990967 62.164981842041 8.34874629974365
v 15.7055978775024 41.2286682128906 9.69287300109863
v 7.32275342941284 53.3435363769531 9.50297260284424
v -21.2169914245605 45.6481094360352 6.67101383209229
v -22.5592479705811 49.1988143920898 5.26943969726562
v -23.5653705596924 44.1193733215332 3.96225070953369
v -26.5882186889648 36.7119178771973 -4.48117065429688
v -25.293285369873 46.5602607727051 -3.45189690589905
v -21.0652084350586 52.5893402099609 6.25313234329224
v 5.22458505630493 39.8104133605957 10.1681280136108
v 20.2243099212646 81.7954864501953 -0.696006059646606
v -23.7387523651123 48.1379318237305 -4.83766460418701
v 8.9406795501709 50.3368225097656 9.53268527984619
v 9.67675971984863 71.778450012207 9.79801559448242
v 5.22088146209717 64.994026184082 9.60761165618896
v 3.76578831672668 64.4179916381836 9.53560161590576
v -26.0775127410889 40.7246284484863 -4.09351253509521
v -12.7874269485474 53.8801803588867 10.0900468826294
v 13.7351818084717 64.8237380981445 9.44434261322021
v -7.34731149673462 77.8367691040039 10.2498178482056
v -2.67803430557251 61.4869728088379 9.40835094451904
v 16.0915451049805 43.3878517150879 9.45450496673584
v -23.562816619873 51.9111824035645 -0.520609557628632
v 26.7618389129639 39.8401107788086 -3.81209468841553
v 20.2013301849365 78.9637603759766 2.49602079391479
v -0.959770202636719 54.2520027160645 9.0952205657959
v 2.19061970710754 53.746021270752 9.08348655700684
v -19.937292098999 82.9256439208984 -0.676132261753082
v 17.5503177642822 73.6342544555664 6.94982957839966
v -18.9367351531982 41.3920364379883 9.20879650115967
v 0.858574092388153 80.4600601196289 9.75806140899658
v 21.0568218231201 67.2272109985352 2.96449208259583
v 14.1214475631714 60.857738494873 9.67872142791748
v 14.7103853225708 62.3392181396484 9.38796901702881
v 3.25499248504639 52.4299697875977 9.11561679840088
v -1.41990625858307 44.8698043823242 9.49743366241455
v -0.159329101443291 46.3066368103027 9.35998058319092
v -20.1413192749023 36.9746437072754 8.77162075042725
v -3.36683440208435 73.1267776489258 10.1776742935181
v -4.73305892944336 75.3282775878906 10.2337284088135
v -1.14972460269928 68.37841796875 9.82388687133789
v -23.4399833679199 53.2823333740234 -4.46099853515625
v -7.8442587852478 74.8958053588867 10.3716764450073
v 22.0792655944824 66.6601638793945 -0.00389087595976889
v 6.23392915725708 75.7163238525391 9.86706733703613
v 22.386302947998 58.1166305541992 2.84230899810791
v -13.7808237075806 39.622428894043 10.1306438446045
v -0.964560031890869 65.6368179321289 9.64246082305908
v -21.8446464538574 72.4370956420898 -1.97521448135376
v 24.0994834899902 60.0078506469727 -4.46239185333252
v 1.41168189048767 82.4224395751953 10.9984350204468
v 20.9728450775146 69.7724914550781 2.75897979736328
v -4.16425609588623 77.7511444091797 10.1095762252808
v -17.3701076507568 46.9175071716309 7.82263517379761
v -10.9364328384399 37.9348220825195 10.4206571578979
v -23.0455589294434 45.388484954834 5.40026617050171
v -11.1525526046753 41.1428565979004 9.9871711730957
v 25.9392127990723 37.1867294311523 2.10065937042236
v 0.823538064956665 40.6980133056641 10.0508670806885
v 14.0787143707275 46.813793182373 10.4367265701294
v 1.85129535198212 74.1767196655273 10.004150390625
v 18.5028820037842 61.7320022583008 5.88393640518188
v 10.3685779571533 78.4488525390625 9.67310619354248
v -23.9422779083252 47.6687202453613 -0.472523063421249
v 5.40335130691528 52.2766876220703 9.23559665679932
v 22.8062343597412 67.3329315185547 -3.24959182739258
v 9.49797534942627 40.3584365844727 10.0653648376465
v -19.1641292572021 38.443058013916 7.89941024780273
v -22.3404026031494 61.0520896911621 -0.0768977031111717
v 15.7735118865967 59.7845420837402 9.1106424331665
v -23.0209331512451 48.223331451416 2.68241667747498
v -13.2790403366089 71.3478546142578 9.80489444732666
v -15.7011375427246 72.760368347168 8.63556861877441
v -23.3969097137451 55.7416038513184 -4.17096090316772
v -19.1606006622314 39.296745300293 6.85998439788818
v 6.90835666656494 70.6662139892578 9.80545043945312
v 11.2663316726685 49.1078872680664 9.96932601928711
v 5.74969387054443 74.0583724975586 9.93887424468994
v 3.40998125076294 72.7742156982422 9.95774555206299
v 18.8925380706787 55.8712730407715 6.13071918487549
v -20.9818935394287 65.7502136230469 2.39006972312927
v -20.9349632263184 64.6323318481445 3.58355784416199
v -23.5544548034668 44.7807960510254 2.61944222450256
v 6.0879225730896 81.8354263305664 10.1194553375244
v -24.6848068237305 36.8042297363281 3.86935520172119
v -19.415885925293 43.8160018920898 6.89427852630615
v 15.5271091461182 53.653247833252 9.69969081878662
v -24.3632106781006 41.1918334960938 0.501311540603638
v -24.0284748077393 42.8549537658691 0.922955095767975
v 9.31876373291016 61.2022361755371 9.85081481933594
v -17.6789226531982 69.1422500610352 6.48998212814331
v 16.3598899841309 80.8994216918945 7.45904445648193
v -12.351035118103 60.841381072998 10.0221109390259
v 6.86973333358765 67.0455093383789 9.68361854553223
v 20.9816741943359 75.150032043457 0.868034660816193
v 20.7538928985596 37.8358383178711 6.75738143920898
v 18.9009761810303 39.2564888000488 7.79586696624756
v 7.39095640182495 68.2246322631836 9.70839786529541
v 14.5238189697266 39.7598114013672 10.439793586731
v -7.96078443527222 60.4026641845703 9.90696811676025
v 17.427001953125 43.4238700866699 8.4734411239624
v -17.0413417816162 51.7738189697266 8.97829246520996
v 14.1028871536255 68.4367523193359 9.1493616104126
v 24.7135486602783 46.9560432434082 0.973052978515625
v 23.9065246582031 51.8884468078613 1.33192765712738
v -20.8638248443604 76.0401458740234 0.595918893814087
v -21.0348682403564 73.6040725708008 0.557028472423553
v 19.0165882110596 75.568489074707 5.16105508804321
v -15.2213506698608 57.9498863220215 9.73511123657227
v -24.3795528411865 38.5690002441406 4.11463069915771
v 0.350046545267105 61.8995971679688 9.35300350189209
v 19.6694831848145 84.073371887207 -0.167892277240753
v -15.3674392700195 85.2173156738281 7.80748319625854
v -10.2378826141357 76.4138107299805 10.4639472961426
v 18.496150970459 78.1266784667969 5.65709972381592
v -19.813835144043 78.6592178344727 3.48025465011597
v -16.7263031005859 55.2010154724121 7.80695343017578
v -21.2664661407471 69.5791473388672 0.522489845752716
v 11.9150924682617 51.1571617126465 10.4352502822876
v -19.6412982940674 82.2935028076172 2.4532995223999
v -26.2684135437012 40.0591468811035 -2.90870714187622
v 20.4609298706055 79.7433166503906 1.04941642284393
v 19.9702625274658 81.3774337768555 2.04207229614258
v -18.1085548400879 38.3848342895508 10.1068754196167
v -16.4952068328857 37.4349098205566 10.2944402694702
v 0.624232411384583 63.7479705810547 9.4811897277832
v 11.8462820053101 55.0880088806152 10.3638725280762
v 23.6466197967529 59.7023277282715 -2.18685865402222
v 23.5915393829346 58.5843238830566 -1.46511328220367
v 24.1209087371826 57.6976509094238 -2.47694969177246
v 25.1608982086182 46.181713104248 -1.3267742395401
v 14.6804790496826 55.7746200561523 9.94810199737549
v -25.2741260528564 43.9692001342773 -4.5320405960083
v 19.0128517150879 42.949764251709 7.43525886535645
v 3.84856986999512 70.334358215332 9.83474731445312
v 2.34306836128235 71.6837921142578 9.93507862091064
v -16.5416889190674 57.6322746276855 8.09681510925293
v -18.4209613800049 76.8497848510742 6.10930061340332
v -17.6449718475342 74.7173767089844 6.9893274307251
v 21.2974395751953 76.2623596191406 -1.51401698589325
v 0.53723007440567 83.1537246704102 11.3941774368286
v -6.62536239624023 81.9969329833984 10.2446556091309
v -18.421594619751 83.6706771850586 4.74712657928467
v 21.9773025512695 72.3734283447266 -2.31474018096924
v -24.0532875061035 52.9454383850098 -1.20502996444702
v -20.0072364807129 66.3017730712891 5.32984066009521
v -17.1050052642822 49.1836280822754 7.54058456420898
v -18.0356864929199 44.8481521606445 7.05928945541382
v -22.8595428466797 56.5207901000977 -0.124230228364468
v 17.1749114990234 79.2557907104492 6.99026346206665
v -8.63333129882812 72.8756637573242 10.3419885635376
v -9.4465799331665 43.1192436218262 9.81202793121338
v -2.45929837226868 59.6392021179199 9.19740200042725
v -15.4826688766479 62.1574096679688 9.34189033508301
v 15.9466619491577 56.8106880187988 9.20556259155273
v -20.5306510925293 80.3065795898438 -1.08974778652191
v 26.878999710083 36.9028549194336 -3.44950294494629
v 26.9907760620117 38.4954681396484 -4.26697540283203
v 26.2554912567139 38.4219093322754 -1.52660393714905
v 8.16646194458008 60.1343879699707 9.75850772857666
v -5.68721055984497 58.8258209228516 9.65693378448486
v 17.4744052886963 58.4394226074219 7.4052939414978
v -3.02344083786011 38.6085357666016 10.3556270599365
v -21.1414184570312 56.5885772705078 5.72038650512695
v 4.43039274215698 76.4954376220703 9.80915451049805
v -2.59463095664978 66.4194793701172 9.7368860244751
v -24.1174850463867 55.2946815490723 -2.18134260177612
v -5.58341026306152 56.8489189147949 9.53013324737549
v 5.6218581199646 69.2591705322266 9.75862789154053
v 0.899674475193024 70.3606491088867 9.8935604095459
v -26.3674468994141 38.8538436889648 -2.74697422981262
v -21.2271595001221 61.6029815673828 3.4457848072052
v -20.7225437164307 60.2238121032715 5.52902603149414
v -20.6932621002197 62.6204299926758 5.07012510299683
v -7.79970598220825 57.2929611206055 9.84989452362061
v -10.9480457305908 56.9593696594238 10.098858833313
v -9.4150562286377 55.7855987548828 9.97684860229492
v -18.0583667755127 44.8250885009766 9.13892364501953
v -22.9462127685547 61.7983779907227 -3.60433769226074
v 23.6369457244873 42.4738655090332 3.66798663139343
v -8.74101066589355 67.7636184692383 10.0489377975464
v -9.52020645141602 65.6876449584961 9.9981689453125
v 16.5210571289062 50.2971954345703 9.09889888763428
v 16.3596649169922 54.6118431091309 9.03348731994629
v 25.1032943725586 39.4698791503906 2.82824778556824
v 26.0792484283447 38.6387138366699 1.1332905292511
v -4.1407642364502 82.3084182739258 10.4750108718872
v -22.2232780456543 65.4907608032227 -0.623594462871552
v 17.6102695465088 60.9349517822266 6.93267965316772
v 16.8749237060547 58.99462890625 8.21877765655518
v 22.4438877105713 66.0500030517578 -1.31595373153687
v -21.2632331848145 63.0182876586914 1.94112741947174
v 2.336092710495 50.9583740234375 9.10381317138672
v 5.28367233276367 50.5693626403809 9.24185562133789
v 10.8286762237549 48.3511505126953 9.73397541046143
v -16.4004611968994 51.3280143737793 9.64517211914062
v 10.5679721832275 73.8684692382812 9.87766170501709
v -1.11177241802216 71.5191650390625 10.0177459716797
v -14.3286714553833 82.868782043457 8.90927505493164
v 25.460973739624 51.3585243225098 -3.82082414627075
v -10.0346975326538 48.8865737915039 9.66019248962402
v 12.3167495727539 70.4222946166992 9.56520843505859
v 23.6939449310303 62.1687088012695 -4.12405061721802
v -13.1824760437012 77.7187881469727 9.92276096343994
v 27.384407043457 38.3093452453613 -5.76913547515869
v 6.06718969345093 83.485595703125 10.1090116500854
v -16.6434535980225 47.9424285888672 9.61715888977051
v -15.8222064971924 49.362922668457 9.81053066253662
v -3.53640055656433 68.6058883666992 9.91665840148926
v 5.15760278701782 41.4492530822754 9.94743919372559
v 20.8065776824951 63.4202156066895 3.78927135467529
v 22.8103199005127 52.629810333252 3.44759607315063
v 10.7367429733276 72.5040664672852 9.80571937561035
v 15.1529951095581 50.6561508178711 9.99980449676514
v -20.7501792907715 54.1730270385742 6.28413391113281
v 3.37099957466125 75.277473449707 9.92656421661377
v 21.385627746582 39.2667350769043 5.93679475784302
v -2.34711360931396 75.0224761962891 10.1397218704224
v -5.96564054489136 51.0657119750977 9.35263538360596
v -16.5596580505371 62.1806640625 8.03466415405273
v 18.2476787567139 45.0770683288574 7.80877161026001
v 19.6690731048584 44.306583404541 6.79097366333008
v -23.838191986084 45.2622871398926 0.288673490285873
v 12.9632005691528 84.3447647094727 8.46351623535156
v -24.0807189941406 40.1418228149414 -5.04089021682739
v -4.48740243911743 40.1031036376953 10.125919342041
v 4.35755348205566 67.9932861328125 9.71246719360352
v -17.1255187988281 71.2245635986328 7.48718357086182
v -18.2560977935791 71.2793960571289 5.99718379974365
v 16.271520614624 39.0845489501953 9.45428466796875
v -6.30186033248901 71.5598754882812 10.1909923553467
v 12.2389554977417 76.552116394043 9.73395442962646
v -17.549201965332 85.5640411376953 5.50492763519287
v -1.65999603271484 49.7731094360352 9.11793899536133
v -5.03339529037476 48.1431846618652 9.31417560577393
v -7.12880611419678 41.6840705871582 9.89415550231934
v 25.5450401306152 45.47412109375 -6.55109643936157
v 10.9690256118774 43.2382965087891 9.87435245513916
v -24.212345123291 40.7061462402344 2.3443706035614
v -16.1243114471436 45.1338882446289 9.71889972686768
v -19.7052879333496 76.7729873657227 3.9641375541687
v 17.879602432251 65.4769439697266 6.30167198181152
v -21.5079727172852 72.3373870849609 -0.431536465883255
v -14.9190979003906 74.8625259399414 9.18001079559326
v -16.7266998291016 60.6468963623047 7.49418258666992
v -16.3230152130127 59.7202186584473 8.73656463623047
v -8.2779426574707 53.8508796691895 9.76776695251465
v -12.3144302368164 75.1728363037109 10.2303466796875
v -22.9250526428223 41.3409957885742 6.17481231689453
v 5.62505960464478 59.3964385986328 9.58481979370117
v -5.15950345993042 62.181224822998 9.69247722625732
v 19.0998382568359 79.7347640991211 4.58903408050537
v -23.904468536377 42.2716598510742 2.99370121955872
v -18.5780658721924 59.3244323730469 6.63078784942627
v -16.1930503845215 61.5875663757324 8.80310440063477
v 25.7230072021484 41.5576286315918 -0.43370246887207
v 23.3235702514648 44.759635925293 3.69982886314392
v -21.9364280700684 54.7457466125488 4.71771860122681
v -22.2629833221436 53.0867691040039 4.2451171875
v 12.1549158096313 74.2975616455078 9.80545806884766
v -20.3445281982422 48.4833984375 6.82768774032593
v -3.67665338516235 79.375244140625 10.2564706802368
v 21.2169914245605 53.2858505249023 4.56252384185791
v 20.7746143341064 54.5290756225586 4.75518083572388
v 19.0012111663818 54.0448951721191 6.25582218170166
v -21.994047164917 71.208740234375 -2.50105762481689
v -21.7953567504883 70.14208984375 -0.675106823444366
v -23.7537231445312 45.5002136230469 -4.91203165054321
v -18.8403282165527 81.9211730957031 4.62695837020874
v -19.870906829834 41.4183006286621 6.83447265625
v -16.3972625732422 76.0800170898438 8.165452003479
v -17.6922473907471 81.4305725097656 6.49152088165283
v 25.1903820037842 49.3787803649902 -2.53696298599243
v 25.807689666748 49.0813865661621 -4.1194486618042
v -15.5664682388306 71.1407318115234 8.74122905731201
v -1.8276606798172 62.3837738037109 9.44463539123535
v 8.06964588165283 48.2370223999023 9.44660568237305
v -20.5162906646729 75.3846435546875 2.05810689926147
v 12.5224800109863 63.3197364807129 9.70523071289062
v 10.0826921463013 62.3950653076172 9.87215232849121
v 10.7326374053955 63.9012069702148 9.79323577880859
v -24.0235939025879 41.6790199279785 -5.05722808837891
v -9.53506183624268 46.5370292663574 9.64278316497803
v -11.9080438613892 47.2551193237305 9.70362663269043
v -13.3592004776001 45.3399620056152 9.73050975799561
v 2.11032867431641 65.9948043823242 9.61032772064209
v 3.28409576416016 66.7271118164062 9.65347099304199
v 3.4698691368103 82.1539459228516 10.5967130661011
v 2.71732091903687 69.3854293823242 9.79874324798584
v -24.4371967315674 53.1199531555176 -2.53925228118896
v -24.5403060913086 51.4546546936035 -3.44697284698486
v -13.2447395324707 64.9544296264648 9.70722961425781
v 15.4594326019287 37.5206184387207 10.1513509750366
v 18.3447647094727 50.3947906494141 7.28239822387695
v 10.2492361068726 77.3685913085938 9.73388671875
v 3.2356390953064 59.9786567687988 9.20657253265381
v 20.0308723449707 65.0807342529297 4.42026519775391
v 14.7807369232178 82.5532302856445 8.22079372406006
v 13.1757869720459 82.6282577514648 8.7763500213623
v 18.1305141448975 85.344367980957 4.38852787017822
v -12.5438995361328 55.8424491882324 10.1413536071777
v 1.32792043685913 78.2759780883789 10.0581474304199
v -2.40717315673828 60.609317779541 9.25338840484619
v 27.5411987304688 36.8074569702148 -6.12712574005127
v -23.5337524414062 59.952823638916 -2.16206216812134
v 20.3504219055176 47.6453857421875 5.6844630241394
v -12.2454929351807 43.5116386413574 9.7997932434082
v -14.6396818161011 43.7823600769043 9.78477096557617
v -10.9124555587769 66.0079879760742 9.95541381835938
v -21.596118927002 64.7052841186523 0.463482707738876
v -25.7530307769775 36.3841590881348 -5.38782167434692
v -25.8748741149902 38.6697731018066 -4.96513652801514
v -17.3791255950928 48.7696990966797 8.28702545166016
v -22.4182186126709 55.6530532836914 0.832962095737457
v 4.22787666320801 83.3395233154297 10.5393104553223
v -17.5237636566162 48.2136039733887 9.0048770904541
v -17.7807922363281 45.5341033935547 8.00619220733643
v -17.8216075897217 46.9508247375488 8.80296516418457
v -17.2695331573486 50.1525917053223 8.56846904754639
v 25.4234294891357 40.7937355041504 2.04904413223267
v -5.08354139328003 44.7732810974121 9.5599193572998
v -8.04613304138184 44.941333770752 9.60622978210449
v -6.74235391616821 46.4378242492676 9.45461654663086
v 0.744156897068024 48.0856895446777 9.24182033538818
v 8.95740795135498 52.5241012573242 9.63141441345215
v -25.6651077270508 39.9388275146484 -4.91906929016113
v -25.227518081665 42.0986518859863 -4.8847599029541
v -15.4113779067993 39.9896240234375 10.0858840942383
v -22.5444278717041 51.2974472045898 3.62037754058838
v -22.1840534210205 67.9871444702148 -1.12191700935364
v 24.8848838806152 52.1882247924805 -5.88284826278687
v -6.46342372894287 76.9787826538086 10.2229433059692
v -16.8210620880127 66.3489303588867 7.63921165466309
v 1.54633677005768 52.8572654724121 9.07770824432373
v -11.7993307113647 72.6541061401367 10.2816925048828
v 19.5762596130371 66.2920989990234 4.77623224258423
v 20.6276988983154 72.073600769043 2.95151996612549
v 26.3467864990234 45.7497215270996 -5.12924718856812
v -5.75011205673218 80.5073699951172 9.72795104980469
v -19.5875453948975 67.6204833984375 5.54227590560913
v -20.7983684539795 67.7715530395508 2.7862913608551
v -20.6542568206787 68.8687896728516 3.42973732948303
v 13.9291887283325 54.0623474121094 10.286678314209
v -0.606773793697357 57.7835655212402 9.27762317657471
v 1.20159363746643 57.5362968444824 9.0513744354248
v 20.6786193847656 75.990966796875 1.76279044151306
v -20.0960788726807 80.6741485595703 2.04038596153259
v -5.39546203613281 83.7388153076172 10.5197257995605
v 2.34229612350464 58.9609642028809 9.14878940582275
v 17.4700489044189 63.1612968444824 7.01888847351074
v 18.6998538970947 64.0450134277344 5.55310487747192
v 24.7932929992676 55.5281448364258 -3.63169527053833
v 24.190357208252 54.5784645080566 -1.60795664787292
v 24.652681350708 53.3037033081055 -2.42198586463928
v 24.232759475708 58.9188423156738 -4.7813081741333
v -18.6064147949219 52.5420722961426 7.03852462768555
v -18.3788394927979 51.4350509643555 7.10711050033569
v 17.0814800262451 51.1962432861328 8.56122875213623
v 8.06895446777344 73.1648406982422 9.88749408721924
v 24.4071674346924 52.4665107727051 -1.43786191940308
v 25.6993312835693 42.9668464660645 -1.84123587608337
v 25.2211284637451 44.7310485839844 -0.284415692090988
v 4.72145843505859 48.9379463195801 9.26807403564453
v 4.22308206558228 47.5446853637695 9.33756065368652
v 7.5354061126709 43.6685829162598 9.67431640625
v -18.1585540771484 40.4024200439453 9.8853588104248
v 23.8953151702881 53.2741355895996 0.385574966669083
v 16.0475807189941 70.2906112670898 8.32352352142334
v 17.9249420166016 70.0455017089844 6.37556457519531
v 17.352746963501 71.2726058959961 7.12070083618164
v 22.1995906829834 46.8438835144043 4.35761022567749
v -5.71671295166016 60.2200088500977 9.70009136199951
v 6.91035556793213 80.9434356689453 9.14798355102539
v 13.4237632751465 38.7094039916992 10.6758842468262
v -12.316032409668 50.2336769104004 9.84971523284912
v 13.9163980484009 44.4762878417969 10.4812688827515
v -21.1613121032715 46.7527465820312 6.64306735992432
v -22.8005676269531 47.4744262695312 5.30067348480225
v -9.29569244384766 69.3814315795898 10.1198244094849
v -23.1700782775879 58.2672157287598 -4.00035095214844
v -23.0613269805908 59.5300178527832 -3.90252137184143
v 21.4423789978027 72.8117370605469 -0.292338669300079
v 11.4886522293091 60.3598136901855 10.0317735671997
v -13.2554063796997 68.3518753051758 9.64441394805908
v -14.3854284286499 67.8690719604492 9.34790992736816
v -15.41490650177 69.7884216308594 8.912841796875
v 11.9504709243774 42.1046714782715 10.6873455047607
v 22.4413146972656 69.804328918457 -2.98324060440063
v -17.8362312316895 79.8755493164062 6.52959728240967
v -7.4358115196228 63.6995429992676 9.89293479919434
v -13.3306665420532 46.3092803955078 9.72120571136475
v -14.7578372955322 54.4316215515137 10.0422229766846
v 21.2044067382812 68.3279342651367 2.5194149017334
v -22.160982131958 44.8618278503418 6.27117109298706
v -26.716739654541 36.7324485778809 -3.11721968650818
v 9.38251686096191 80.0985488891602 9.5374002456665
v 7.12207365036011 79.8309860229492 9.61071681976318
v 8.68511772155762 81.4586639404297 9.11787986755371
v 9.80764389038086 69.1329879760742 9.67926979064941
v -10.9660043716431 80.5792617797852 10.1025314331055
v -11.1724662780762 62.5980644226074 10.0196361541748
v 25.6611557006836 44.0339622497559 -2.12838864326477
v 22.8719387054443 59.9590911865234 0.685262262821198
v -5.74042701721191 54.830696105957 9.45977783203125
v 15.8998041152954 78.2598876953125 8.12727451324463
v 24.945837020874 50.3087463378906 -6.10705089569092
v 12.6709566116333 78.2035903930664 9.58098125457764
v -25.8172340393066 36.6921043395996 -1.60551714897156
v -8.0096378326416 52.9313621520996 9.68891716003418
v 11.4614391326904 40.1758995056152 10.8242015838623
v -23.3711490631104 52.15478515625 -4.59246444702148
v 11.7528553009033 67.5702743530273 9.55329322814941
v -20.6665325164795 70.8421783447266 2.24298000335693
v 6.26377964019775 56.2822113037109 9.56750583648682
v 12.2799167633057 47.8513221740723 10.4969778060913
v -12.6613531112671 51.1552505493164 9.92414283752441
v -20.0004539489746 36.660514831543 9.75906372070312
v 1.30746734142303 43.1248664855957 9.71055507659912
v 14.7217798233032 70.5885391235352 8.90159797668457
v -23.7807292938232 56.7634773254395 -1.48774254322052
v 19.6304302215576 50.2176551818848 6.11362075805664
v 21.6956901550293 50.0215682983398 4.54897451400757
v 21.6928157806396 51.0769882202148 4.48001098632812
v 14.225775718689 84.5313339233398 8.02994918823242
v -17.7027435302734 43.8906211853027 7.60071277618408
v -19.3027591705322 84.2223205566406 2.19637417793274
v -15.974925994873 42.2305564880371 9.85149574279785
v -0.366800725460052 77.3295669555664 9.87311363220215
v -22.1556720733643 43.5918502807617 6.39453077316284
v 26.6489086151123 43.6353645324707 -5.96920347213745
v 25.4377784729004 44.4211578369141 -6.63198709487915
v -25.9861965179443 41.7969589233398 -3.88384437561035
v 26.3230686187744 41.5077095031738 -3.03410720825195
v 20.8008518218994 78.8861770629883 -1.26262068748474
v 15.8627662658691 44.6540603637695 9.60697364807129
v -16.2348899841309 78.3775939941406 8.19494724273682
v -14.8639478683472 52.0941925048828 10.0086421966553
v -15.6962251663208 53.5037422180176 9.85313034057617
v 7.53105497360229 63.2708473205566 9.68916606903076
v -3.92715716362 41.2998313903809 9.9462194442749
v 11.7312469482422 61.7936820983887 9.91324615478516
v 25.054370880127 54.0098876953125 -4.20528173446655
v 20.7152996063232 49.5739440917969 5.24929285049438
v -4.59303998947144 73.4380645751953 10.2389430999756
v -18.9729080200195 38.2275047302246 6.98835468292236
v -19.505729675293 36.8354034423828 6.84852743148804
v -21.4684276580811 38.0265350341797 6.67043018341064
v 7.59123849868774 42.341983795166 9.82486629486084
v -18.3049812316895 75.6258926391602 6.26595544815063
v -17.3356685638428 46.3089714050293 9.41919612884521
v -25.1262474060059 42.4914741516113 -1.4097957611084
v -24.9531002044678 36.6622276306152 2.37159609794617
v -20.1789588928223 50.6381988525391 6.78408765792847
v -21.1467456817627 51.4056282043457 6.34116983413696
v 17.7119083404541 37.5180969238281 8.73584461212158
v -7.92069435119629 83.8739547729492 10.495475769043
v -24.7986907958984 38.0989074707031 1.42773735523224
v -11.6602821350098 70.4462280273438 10.1088094711304
v -11.8733863830566 69.4683685302734 9.97206592559814
v -16.3229465484619 58.3275985717773 8.89680576324463
v -15.9389362335205 57.1940078735352 9.48544883728027
v 11.082314491272 75.2613296508789 9.87025165557861
v 9.47598838806152 76.0192794799805 9.83087921142578
v 8.85943603515625 74.1703948974609 9.89498805999756
v -25.2301578521729 40.524715423584 -1.30849182605743
v 17.134859085083 56.4226608276367 8.05895328521729
v -20.5622692108154 70.3158493041992 3.52711367607117
v 13.206521987915 41.5173301696777 10.6952486038208
v 10.8916873931885 81.7676696777344 9.16958999633789
v 20.3470497131348 57.5668067932129 4.76285171508789
v 18.695240020752 56.9240303039551 6.18346261978149
v 20.4860401153564 56.0378646850586 4.80740356445312
v 24.7004280090332 54.0779571533203 -5.71307945251465
v 9.89302539825439 59.0769157409668 9.96274089813232
v 14.3945360183716 42.9271392822266 10.3746185302734
v 22.1482467651367 68.2563858032227 -1.27518820762634
v 27.3712692260742 36.6164779663086 -7.37343454360962
v 16.9159984588623 69.0670166015625 7.65012121200562
v -17.6707897186279 83.4116592407227 6.03109121322632
v -16.6531734466553 52.2099494934082 9.45186042785645
v 24.1092109680176 46.9360160827637 2.94366812705994
v -2.03041625022888 76.471061706543 10.0067386627197
v -3.4861364364624 75.5467987060547 10.1588439941406
v 16.2102565765381 47.6486740112305 9.3968334197998
v 10.8169889450073 84.066162109375 8.8939037322998
v 8.35744953155518 83.7939834594727 9.55589962005615
v 24.6334457397461 47.9390678405762 0.413753867149353
v 21.6736793518066 63.1900329589844 2.79331684112549
v 10.5569477081299 50.0983200073242 9.77322864532471
v 17.8827934265137 51.1694259643555 7.67973756790161
v -22.7288093566895 63.1780319213867 -3.60977482795715
v -22.9538173675537 63.765697479248 -1.91089177131653
v -23.0668678283691 62.050651550293 -1.45010089874268
v -9.3193359375 78.0682830810547 10.3193798065186
v 12.1855669021606 45.0230178833008 10.5492391586304
v 7.67568159103394 76.8355331420898 9.78701400756836
v 14.3528623580933 45.9347534179688 10.3582649230957
v 25.3969554901123 43.4639549255371 0.747942507266998
v -6.60676765441895 78.6526565551758 10.3570909500122
v -7.23854446411133 80.5652618408203 9.828857421875
v -18.1359577178955 42.4849739074707 7.75461578369141
v -18.4646015167236 43.7440147399902 8.48210525512695
v -23.3365936279297 61.372486114502 -2.56089115142822
v 10.0637626647949 66.0004196166992 9.68787860870361
v 9.44272613525391 67.3954849243164 9.66729164123535
v 11.9292259216309 66.5142211914062 9.57270050048828
v -21.0777378082275 77.0093688964844 -1.54371237754822
v 21.7325744628906 74.3678131103516 -2.18468427658081
v 6.04167413711548 53.0469932556152 9.30111026763916
v 7.29243850708008 54.9019508361816 9.60457706451416
v 5.51629638671875 53.9292678833008 9.23182773590088
v 8.27669239044189 51.5263557434082 9.5089225769043
v -3.59250855445862 55.6572685241699 9.17963123321533
v 25.7244281768799 40.8966674804688 -7.00949239730835
v 22.4590244293213 55.1545639038086 3.37121343612671
v 23.2684345245361 53.9267768859863 2.55628895759583
v -16.8789806365967 53.1395454406738 7.77957630157471
v -3.50537729263306 64.3908538818359 9.67418003082275
v -2.92926406860352 77.6596298217773 10.0523500442505
v 22.4361038208008 37.6565284729004 5.07622480392456
v 10.2931900024414 58.0749588012695 10.046257019043
v 27.0794467926025 40.2935256958008 -6.00311851501465
v 17.2572345733643 64.8254547119141 7.27462863922119
v -21.230842590332 42.8425331115723 6.80203151702881
v -9.17137908935547 39.4944763183594 10.2372360229492
v 1.58377492427826 80.9912033081055 10.1368026733398
v 6.97725200653076 47.5115394592285 9.42665767669678
v -20.5325202941895 64.8820495605469 4.83257961273193
v 5.56917572021484 60.8306732177734 9.59064674377441
v -18.6594753265381 86.5061416625977 2.63207602500916
v -20.834566116333 66.7003631591797 3.11219239234924
v 2.91737508773804 39.2296447753906 10.2549104690552
v -21.9855899810791 56.2449684143066 2.47087788581848
v -22.8046913146973 49.2530708312988 3.43743872642517
v -23.096565246582 49.9245872497559 0.843166828155518
v -23.1327114105225 48.5063247680664 1.42888128757477
v 3.1869375705719 62.2708206176758 9.37044811248779
v 25.1722526550293 53.0622711181641 -3.60210561752319
v 2.56270575523376 64.9850845336914 9.55373859405518
v 14.2949476242065 75.0648880004883 9.22506332397461
v -22.9152393341064 51.323902130127 0.895659267902374
v 21.5099754333496 58.2629890441895 3.83250379562378
v -18.9752674102783 40.607349395752 8.15576934814453
v 3.63761186599731 41.9958534240723 9.87639904022217
v -6.21309995651245 68.0022811889648 9.99089527130127
v -7.15692663192749 58.6108322143555 9.81744384765625
v -23.833740234375 49.7874450683594 -0.611937046051025
v -19.0268497467041 85.4754028320312 2.14792394638062
v 25.6790065765381 45.937557220459 -2.64828133583069
v 4.38223552703857 61.5393257141113 9.39818572998047
v 5.70278310775757 62.7114601135254 9.59953880310059
v -16.5617485046387 56.5836181640625 8.21827793121338
v 10.9473266601562 59.4776153564453 10.0811672210693
v -3.03671002388 46.6033706665039 9.36873245239258
v 23.3084754943848 57.128604888916 0.560938656330109
v 22.2195243835449 45.6893081665039 4.39748287200928
v 21.2053527832031 45.379566192627 5.20530796051025
v -19.1024494171143 80.5465621948242 4.51256036758423
v -24.1639747619629 53.5869369506836 -3.66512298583984
v 16.6666736602783 72.1505126953125 7.75109481811523
v 14.6401538848877 71.7820587158203 9.01645088195801
v -16.7862548828125 61.7038803100586 7.38454246520996
v -24.6193428039551 47.2223358154297 -1.34829843044281
v -1.85341680049896 57.3324394226074 9.07666492462158
v -23.8197402954102 41.4077682495117 4.74566984176636
v -24.0922565460205 40.327709197998 4.30979871749878
v 23.4119968414307 62.3418769836426 -2.81927990913391
v -16.905797958374 51.8086547851562 7.98377180099487
v -21.2601680755615 74.441764831543 -0.394988059997559
v -21.6597156524658 73.418815612793 -2.26083087921143
v -12.0879802703857 64.5697479248047 9.88708400726318
v -7.8559398651123 82.2261962890625 10.1301069259644
v 24.6329021453857 42.7724151611328 2.92560124397278
v -11.8949861526489 82.5485992431641 9.70443916320801
v -13.2760572433472 82.2049102783203 9.45071697235107
v 1.76397895812988 79.0861434936523 10.1457014083862
v 15.5764284133911 66.6983795166016 8.78016376495361
v -24.3292140960693 43.9877319335938 -0.520221829414368
v -2.92082500457764 83.6289672851562 10.8162307739258
v -23.7026081085205 54.6568450927734 -0.891533255577087
v 22.1632251739502 64.4377212524414 1.21826732158661
v 26.4681072235107 36.7733726501465 -0.0895209014415741
v 26.612979888916 43.2458229064941 -4.3932032585144
v -1.86321592330933 53.1891136169434 9.06554508209229
v 7.62827682495117 49.8822593688965 9.42575740814209
v 1.66080403327942 68.0084991455078 9.73805332183838
v 0.0977618843317032 68.8971786499023 9.82335758209229
v 0.291997939348221 66.9375839233398 9.69272994995117
v 26.1761322021484 44.4358444213867 -3.39380359649658
v -13.8384819030762 42.1514434814453 9.91940689086914
v -17.4189872741699 46.014965057373 7.60440587997437
v 21.820499420166 70.4869003295898 -0.880600869655609
v -20.0430240631104 70.8995513916016 4.57288599014282
v 0.752381563186646 75.3404541015625 9.98390102386475
v -22.9817562103271 55.1826782226562 -0.0892451480031013
v -9.93932247161865 50.6679534912109 9.73390960693359
v 11.4362030029297 39.6295738220215 10.3521308898926
v 11.3021631240845 40.2170143127441 10.4101037979126
v 9.60024166107178 41.3306465148926 9.95945644378662
v 18.9908695220947 71.0261611938477 5.13564252853394
v -2.3363139629364 47.8670768737793 9.26076126098633
v 23.1314849853516 48.3602294921875 3.65473961830139
v -3.86207938194275 70.8502197265625 10.0677661895752
v -21.0654964447021 63.7782363891602 2.91098260879517
v -9.16930198669434 49.9991989135742 9.64187622070312
v -18.4657382965088 41.4927787780762 6.97769451141357
v -1.15764427185059 56.0120582580566 9.14508247375488
v -10.6889476776123 44.9182052612305 9.70171451568604
v -19.7959785461426 80.0694198608398 3.20445561408997
v 25.51340675354 42.0295791625977 1.40002715587616
v -16.465892791748 53.511417388916 9.46726989746094
v -19.447603225708 75.3861083984375 4.62973165512085
v -22.2072334289551 69.2868194580078 -3.00569796562195
v 13.9192981719971 66.7908172607422 9.273118019104
v 23.8957557678223 61.0028228759766 -4.69741678237915
v 20.4871730804443 80.7072525024414 -1.27014493942261
v 12.2569274902344 50.2120590209961 10.4849739074707
v 4.76825666427612 65.9231491088867 9.62611484527588
v -13.6432256698608 57.1190338134766 10.0849380493164
v -2.11754488945007 43.8758125305176 9.60875606536865
v 0.177889779210091 44.5161476135254 9.51950263977051
v 15.3140096664429 48.7581634521484 9.96649646759033
v -17.8002281188965 63.5991859436035 6.61233425140381
v 21.7178802490234 61.4465751647949 3.06713175773621
v 20.3839569091797 61.7951774597168 4.32382965087891
v -17.3132839202881 47.8119049072266 7.35277318954468
v -18.4628868103027 47.6608581542969 7.07730865478516
v -18.7781753540039 46.6446418762207 7.01287937164307
v 6.3703031539917 64.4026565551758 9.63747882843018
v -7.65467834472656 61.9509582519531 9.89217758178711
v -9.54543018341064 62.3198509216309 10.0031700134277
v 24.674898147583 49.701171875 -1.10772681236267
v 20.9989109039307 59.7866630554199 4.06182909011841
v 24.2907390594482 41.558219909668 3.33370900154114
v 16.883810043335 49.4805221557617 8.76605987548828
v -18.2882976531982 42.648796081543 7.00520992279053
v 25.9521465301514 40.1761360168457 0.614176630973816
v -0.71798187494278 51.6224212646484 9.07044887542725
v -9.76146602630615 53.8485565185547 9.92985820770264
v 11.0763568878174 51.7145195007324 10.0925045013428
v -9.52400493621826 83.0465850830078 9.75691604614258
v -10.8338737487793 84.4493560791016 9.74923515319824
v -17.1639842987061 49.6320343017578 9.25244617462158
v 25.8106117248535 39.4476432800293 -6.97446250915527
v -22.5859069824219 52.0492515563965 1.88054716587067
v 25.8588924407959 47.5372352600098 -3.58645510673523
v 25.1562004089355 47.8354148864746 -1.9632762670517
v 22.3600273132324 65.221076965332 -0.488614797592163
v -15.8299388885498 81.3988723754883 8.18889808654785
v -14.040075302124 80.5227966308594 9.3585090637207
v -14.7270040512085 79.4145812988281 9.09658241271973
v 23.6367950439453 56.1736068725586 -0.421115696430206
v -15.8043594360352 73.7495422363281 8.59674167633057
v -14.3363008499146 72.6883010864258 9.43328285217285
v -13.8646488189697 74.2121276855469 9.69159603118896
v -20.5535621643066 79.47216796875 1.00912773609161
v -20.758337020874 79.0249481201172 -1.41927683353424
v -9.33983612060547 70.4854507446289 10.1963167190552
v -19.5494499206543 39.1968955993652 8.54026985168457
v 26.4959259033203 39.0669136047363 -2.98614287376404
v 25.9467296600342 40.7798919677734 -1.71614789962769
v 26.0955810546875 39.3654670715332 -1.29555857181549
v 25.1844234466553 46.9097862243652 -6.38126659393311
v -24.3224811553955 36.6439666748047 5.44975709915161
v -23.8656063079834 38.0992126464844 5.81343698501587
v 17.2883472442627 48.2006340026855 8.40653133392334
v 18.5140419006348 48.7789993286133 7.28056287765503
v -16.8342933654785 53.6513481140137 8.589599609375
v -3.98552823066711 51.3119583129883 9.17674541473389
v 20.4639091491699 78.0060043334961 2.06024241447449
v 8.01795482635498 70.0782241821289 9.7628812789917
v -13.0169343948364 84.9632110595703 9.0113000869751
v -20.6410503387451 74.0378723144531 1.59510350227356
v 8.38945293426514 79.5801391601562 9.67858982086182
v 24.1313419342041 51.0741500854492 0.674384891986847
v -24.7503528594971 49.4452133178711 -3.72241759300232
v -17.6371917724609 45.7618713378906 7.19619560241699
v 17.3061466217041 74.6431350708008 7.19493103027344
v -3.71505284309387 65.8383560180664 9.7602014541626
v -6.50045680999756 39.4971656799316 10.2214460372925
v -18.1894969940186 65.651725769043 6.31495332717896
v -17.0131683349609 65.0005493164062 7.16707754135132
v -18.7657527923584 69.5865249633789 5.89544677734375
v -19.907693862915 68.5761795043945 5.08643770217896
v 12.4339027404785 71.3697128295898 9.64245510101318
v -9.77251815795898 60.377067565918 10.0300731658936
v -21.7973918914795 56.6604537963867 3.92449879646301
v -21.0627059936523 58.058032989502 5.46655225753784
v -21.6580009460449 58.1817359924316 3.40173268318176
v -3.1011278629303 48.5828247070312 9.23121738433838
v 8.07176113128662 53.9201507568359 9.61563014984131
v -22.4502773284912 50.9983291625977 4.85222673416138
v -15.3461818695068 59.874267578125 9.55251502990723
v 13.2466230392456 59.8336410522461 9.94133758544922
v 19.4125690460205 80.6626968383789 3.76687741279602
v 21.9146270751953 66.3783950805664 1.26880204677582
v 19.8077430725098 83.5359191894531 -1.15355896949768
v 5.65666055679321 58.5779991149902 9.53511810302734
v -17.5422496795654 57.4338150024414 7.11051559448242
v -19.5559577941895 58.6282043457031 6.42098760604858
v -21.2963466644287 49.1667900085449 6.43399858474731
v 21.3597621917725 71.4166641235352 1.05593276023865
v -8.7362117767334 63.7012557983398 9.96590995788574
v -21.3401336669922 75.6842193603516 -2.10013222694397
v -23.3780479431152 50.216007232666 -4.73215389251709
v 13.4558992385864 73.1618576049805 9.50901794433594
v 19.2192726135254 51.9732818603516 6.30970764160156
v -17.7204189300537 37.6241912841797 10.2109861373901
v -10.982795715332 83.6282958984375 9.59211540222168
v -7.16376686096191 37.9588470458984 10.4609212875366
v -20.3450164794922 72.382926940918 3.71222066879272
v -20.6209945678711 71.8209762573242 2.21571135520935
v -7.26367998123169 69.5974044799805 10.1063299179077
v -7.42660236358643 71.1035003662109 10.2001485824585
v -5.56774806976318 69.9218521118164 10.0712480545044
v -18.5550060272217 54.5528831481934 6.98018217086792
v -17.1042003631592 55.9881324768066 7.41498231887817
v -18.7715873718262 55.663143157959 6.87506914138794
v -21.4366855621338 68.6539459228516 0.278017610311508
v -20.7396240234375 78.3084564208984 0.117580950260162
v 24.8737697601318 45.1651802062988 1.94465708732605
v 1.80837726593018 83.2841796875 11.2847604751587
v 13.6110563278198 52.0254096984863 10.4542465209961
v 0.812301695346832 47.1861228942871 9.3070125579834
v -14.6329612731934 61.5895156860352 9.64803504943848
v 4.5601487159729 74.2705688476562 9.95058250427246
v -20.1193141937256 61.8463745117188 5.80741500854492
v -17.9233474731445 62.3555145263672 6.62606191635132
v 13.7294664382935 58.856372833252 9.95199203491211
v 25.7097339630127 37.4349517822266 -6.79753589630127
v -20.3652954101562 40.3768920898438 6.78654909133911
v -18.436767578125 39.9001197814941 7.15281343460083
v -21.661111831665 62.5092697143555 0.762111306190491
v -22.739236831665 53.5461311340332 0.620273947715759
v -11.3657169342041 54.6458854675293 10.0606756210327
v -18.9353637695312 57.2204360961914 6.67442417144775
v -18.9552459716797 86.8489151000977 -0.0532934926450253
v -5.02093124389648 53.4689712524414 9.31060600280762
v -3.82330465316772 67.6763916015625 9.87186527252197
v 26.0615653991699 47.3440475463867 -5.46993112564087
v 24.3268814086914 48.7142219543457 2.00317144393921
v 19.6870174407959 42.2950096130371 6.99621915817261
v -18.1504516601562 45.240909576416 8.74814701080322
v -22.5965690612793 63.3253707885742 -0.841733753681183
v -19.6875667572021 38.412281036377 9.37618255615234
v -22.9045791625977 58.455265045166 -0.461629211902618
v -21.8917789459229 59.2911529541016 1.0631936788559
v -22.7448692321777 60.2208480834961 -0.566203892230988
v 11.1576271057129 43.1172332763672 10.0813360214233
v -11.1367464065552 40.2108993530273 10.0895223617554
v 6.28743600845337 82.6262664794922 10.2687330245972
v 2.17607402801514 56.0153045654297 9.05873775482178
v -11.0131464004517 78.5542144775391 10.3076076507568
v -11.7146940231323 77.4883651733398 10.3327398300171
v 8.63961601257324 82.828987121582 9.88968658447266
v -4.09191942214966 78.5174407958984 10.3540210723877
v 7.14501762390137 83.8513870239258 9.83127403259277
v -0.71057140827179 83.3556976318359 11.3424196243286
v -19.9197463989258 63.0857467651367 5.78748750686646
v 22.4333477020264 57.1501045227051 2.99205207824707
v -10.9502401351929 68.9076080322266 10.0255899429321
v -19.3305130004883 85.0800247192383 -1.15830945968628
v 11.3974523544312 44.3363037109375 10.3727951049805
v -20.570369720459 77.4954299926758 1.6403431892395
v -10.5474338531494 63.9693832397461 10.006893157959
v -6.16597461700439 65.4327697753906 9.87624359130859
v -21.7237606048584 61.2902297973633 0.893348693847656
v -21.0645618438721 41.8886108398438 6.83625841140747
v -18.0731296539307 44.2176666259766 8.00667858123779
v 17.1976909637451 83.7803115844727 6.13130474090576
v 15.2606449127197 83.5012741088867 7.78214120864868
v 16.141918182373 82.426025390625 7.39303731918335
v 6.87110757827759 60.8647804260254 9.6513614654541
v -1.66146945953369 82.3161010742188 10.6954708099365
v 26.5834579467773 36.705623626709 -2.22348880767822
v 21.337100982666 70.3156585693359 1.6981406211853
v -7.07919931411743 82.8521347045898 10.1255588531494
v 20.2529773712158 40.755443572998 6.77686834335327
v 20.1266231536865 39.8624267578125 6.98490715026855
v -8.51354885101318 66.8544311523438 10.0097589492798
v 18.8740234375 86.0461730957031 2.38557267189026
v 22.0309925079346 43.7894821166992 4.66768217086792
v -18.8273372650146 61.2778129577637 6.41085910797119
v -21.6555824279785 66.7426376342773 0.12578159570694
v 25.3187236785889 52.0728797912598 -4.72094535827637
v -19.8812637329102 52.8285446166992 6.75276660919189
v -17.0459423065186 72.8134918212891 7.58094453811646
v 15.0389862060547 60.4366569519043 9.4094934463501
v -16.1260395050049 80.305534362793 8.08483123779297
v 15.5160322189331 57.6230392456055 9.37976455688477
v 1.67260420322418 61.6852493286133 9.33426189422607
v -25.1187114715576 44.8598976135254 -1.77198207378387
v -25.5028457641602 41.6452255249023 -1.80649542808533
v -23.5233402252197 43.3954925537109 4.80091524124146
v 10.8927116394043 45.6093139648438 9.73919200897217
v 19.1566257476807 86.1773681640625 0.104298800230026
v -19.6468563079834 77.7464141845703 4.01544666290283
v -24.5609226226807 52.175968170166 -2.71898698806763
v -24.0264568328857 50.9721183776855 -0.979765057563782
v -24.6851844787598 51.0261688232422 -2.44021892547607
v 11.2055797576904 43.8208045959473 10.0681009292603
v -3.45759892463684 80.8779525756836 9.76352882385254
v 7.50811004638672 40.352840423584 10.0667419433594
v -16.0141944885254 60.4096908569336 9.10509395599365
v 4.97622442245483 55.2344741821289 9.15907573699951
v -21.7125873565674 55.926342010498 4.85687351226807
v 20.7981548309326 77.6908264160156 0.464055448770523
v 20.0864429473877 81.9206619262695 0.844898402690887
v -8.20216178894043 55.5238876342773 9.82674598693848
v -6.75613737106323 55.7136726379395 9.65199089050293
v -6.23627901077271 51.8281059265137 9.40365314483643
v -1.29982674121857 79.8512191772461 9.54232883453369
v 18.9026126861572 47.5744590759277 7.08017063140869
v -18.2588768005371 39.1807403564453 10.0041370391846
v 8.75920391082764 64.5411758422852 9.73032474517822
v -4.8038969039917 64.347038269043 9.75267505645752
v 11.4648199081421 37.6771125793457 11.084490776062
v 14.5321922302246 41.7243156433105 10.33860206604
v 26.8946285247803 41.8853988647461 -4.85644483566284
v 18.0937519073486 74.476203918457 6.37097787857056
v -10.1308937072754 81.920166015625 9.88399124145508
v -8.75270652770996 81.4240875244141 9.80589485168457
v -9.62474727630615 80.14453125 10.1797857284546
v 11.7816038131714 82.6573715209961 8.99510765075684
v 12.2078189849854 55.8661003112793 10.3577194213867
v -15.5772705078125 51.2956771850586 9.89715957641602
v -24.2940864562988 42.152027130127 0.216395378112793
v 25.1029949188232 48.7880172729492 -6.22806262969971
v 22.2610378265381 42.036548614502 4.64365100860596
v 22.055850982666 40.4243850708008 5.0225715637207
v 21.1568279266357 41.2275314331055 5.84675979614258
v 5.20325946807861 77.2078323364258 9.76691341400146
v -10.4698467254639 67.5412139892578 9.99819660186768
v 24.6668853759766 53.1302337646484 -5.91392660140991
v -23.8545265197754 39.2135581970215 -4.82702016830444
v -8.3096342086792 59.5373382568359 9.93187522888184
v 27.0625171661377 40.3142509460449 -4.82671499252319
v 5.55179309844971 43.6379737854004 9.67747688293457
v -16.5625400543213 59.9420013427734 8.07133674621582
v -16.7042179107666 59.2400016784668 7.56925249099731
v 11.2385606765747 45.4111862182617 10.0191125869751
v -13.4020204544067 69.3198547363281 9.62040710449219
v 5.96075916290283 57.0757141113281 9.56648921966553
v 26.2512874603271 38.0395202636719 -0.474311202764511
v 27.1684970855713 36.5420913696289 -4.47974014282227
v -16.7752323150635 39.218692779541 10.0899953842163
v -1.56234347820282 63.2196464538574 9.49803447723389
v 0.65620481967926 51.1072731018066 9.09010410308838
v -14.4138631820679 60.1941337585449 9.79762363433838
v -1.06148970127106 50.622142791748 9.08081722259521
v -2.97838091850281 50.1684532165527 9.14892864227295
v 17.7184715270996 47.1787185668945 8.07006359100342
v -13.705735206604 47.0899200439453 9.73413467407227
v -16.2900047302246 45.9349098205566 9.69506072998047
v -21.5504665374756 59.6128540039062 2.30729413032532
v -21.2016162872314 60.7836227416992 4.21179437637329
v -21.3694515228271 60.9798927307129 2.58908104896545
v -22.7115097045898 50.1556663513184 2.96266055107117
v -19.7021560668945 44.7351188659668 6.88137722015381
v 26.1197776794434 42.4102554321289 -2.73472332954407
v -17.6951198577881 42.4183120727539 9.72254753112793
v 16.3794269561768 85.0528411865234 6.5613317489624
v -23.3791770935059 42.0979309082031 5.57140970230103
v -20.2217903137207 36.5991058349609 9.21634769439697
v 23.1025848388672 56.302318572998 2.04291343688965
v 17.0918617248535 45.2137031555176 8.64326572418213
v 17.6388187408447 44.264476776123 8.27451229095459
v -23.6669025421143 44.7630081176758 1.4191278219223
v -23.3510341644287 46.7388496398926 1.6512553691864
v -23.3418636322021 45.9527969360352 2.73162317276001
v -17.7931480407715 43.071174621582 7.42102956771851
v -4.57441663742065 68.9915161132812 9.98050308227539
v -5.18631744384766 67.164794921875 9.90537643432617
v 18.1317958831787 58.574333190918 6.53959465026855
v 15.2747049331665 76.4097137451172 8.6629810333252
v 14.3507804870605 77.8844757080078 9.04859924316406
v -10.4876346588135 52.0692138671875 9.87945938110352
v 7.78476190567017 82.2321395874023 9.94599437713623
v 26.4606304168701 40.5758972167969 -3.13049459457397
v 2.92324686050415 55.065731048584 9.06953620910645
v -0.254920065402985 54.8843879699707 9.14802837371826
v 0.680020689964294 53.9879608154297 9.12025165557861
v -0.049236711114645 52.5367889404297 9.08657455444336
v -7.74866104125977 43.0954780578613 9.74284934997559
v 8.7282075881958 72.3655776977539 9.84398078918457
v 18.4398822784424 69.0653381347656 5.70563697814941
v 0.834324479103088 72.4009552001953 10.0034446716309
v -0.191242799162865 70.6814422607422 9.94055652618408
v -3.59854435920715 52.9362449645996 9.17308616638184
v -2.37073040008545 54.5543899536133 9.08970355987549
v 4.80483293533325 56.2800941467285 9.14768409729004
v 3.43340659141541 57.3651504516602 9.09609127044678
v -9.29659938812256 37.6736717224121 10.4920330047607
v 15.1058320999146 78.7508850097656 8.5565357208252
v -25.4734439849854 44.6414756774902 -3.87067413330078
v 10.7045316696167 54.3654136657715 10.1212110519409
v 9.81791114807129 53.8041839599609 9.84762477874756
v 11.0363473892212 53.0472984313965 10.1795301437378
v 18.5725555419922 83.0874252319336 4.47926902770996
v 18.8330993652344 83.9961395263672 3.71620941162109
v 16.4092044830322 46.4432220458984 9.23316669464111
v 23.5777244567871 50.7175178527832 2.88336038589478
v 22.6365566253662 51.4202690124512 3.76239252090454
v 22.6625423431396 49.5809783935547 3.90859746932983
v 19.4364891052246 77.7741546630859 4.36197566986084
v 18.559419631958 76.1727676391602 5.75868225097656
v 19.5740413665771 76.2447204589844 4.2491250038147
v 21.1840076446533 44.526195526123 5.31110715866089
v -3.09298086166382 82.847412109375 10.6470460891724
v 21.6726512908936 68.2637481689453 1.35581386089325
v 21.7281837463379 69.2364196777344 0.270297348499298
v 25.6351757049561 42.4223747253418 -0.863108575344086
v 11.8396949768066 72.152587890625 9.76328945159912
v -22.5680103302002 65.9844055175781 -1.58967006206512
v 0.872211396694183 73.3887176513672 10.0296230316162
v -12.6069507598877 63.0568428039551 9.87945747375488
v 21.2030506134033 48.6311149597168 4.9639720916748
v 19.6080341339111 49.1082420349121 6.25626754760742
v -18.8361568450928 39.6320533752441 9.77244853973389
v 25.7853832244873 48.5477828979492 -5.60471725463867
v -9.08508586883545 79.3747711181641 10.294716835022
v -24.9582328796387 39.0555458068848 -0.657975971698761
v 15.1893692016602 59.007942199707 9.47272205352783
v 9.82472610473633 44.9416580200195 9.62801647186279
v -18.4684619903564 72.2016906738281 5.81775331497192
v 19.1586990356445 73.4192047119141 4.9268593788147
v 18.2724056243896 73.0287475585938 6.11215305328369
v 7.56787204742432 66.2032623291016 9.68583393096924
v -22.2206649780273 69.2060546875 -1.87626564502716
v 18.238094329834 39.9760208129883 8.12115097045898
v 19.2628955841064 84.1504974365234 2.5114426612854
v 10.7706298828125 57.1900253295898 10.1414890289307
v 12.3951969146729 57.4205360412598 10.2519664764404
v -5.04766130447388 81.8721313476562 10.3833160400391
v 12.0707693099976 69.5474090576172 9.55115604400635
v 13.8745155334473 57.5543212890625 10.0373611450195
v -13.0527048110962 84.056282043457 9.18567180633545
v 11.2941761016846 78.9554901123047 9.57725238800049
v 2.77587580680847 63.0413627624512 9.42305755615234
v -23.0998058319092 54.2220764160156 -4.50844144821167
v -0.008888921700418 60.4294776916504 9.27173709869385
v 9.92216110229492 46.5762634277344 9.57503700256348
v 23.5204887390137 55.1758117675781 1.06097543239594
v 1.13397717475891 81.7466354370117 10.6622619628906
v -24.2812328338623 54.2509994506836 -2.92039489746094
v -24.0686359405518 55.3842544555664 -3.29683542251587
v 24.5066547393799 51.5240783691406 -1.35751712322235
v 14.496244430542 80.9118728637695 8.65354347229004
v 12.9138917922974 81.1228256225586 9.14299011230469
v 14.0786666870117 79.676139831543 8.97342586517334
v 19.5601234436035 72.3700103759766 4.45638227462769
v 20.4476928710938 70.9644165039062 3.45550060272217
v -22.2725467681885 54.2216606140137 2.11500597000122
v -5.37475204467773 63.0025672912598 9.73896026611328
v 16.3995552062988 42.5854301452637 9.25559902191162
v 24.4124813079834 55.4403953552246 -2.35895800590515
v -0.614686965942383 74.800163269043 10.0694608688354
v 16.4329624176025 52.1734428405762 9.15120887756348
v 16.7276916503906 80.1506423950195 7.25753307342529
v -17.5972061157227 68.21875 6.54817962646484
v -18.0630416870117 60.5453948974609 6.71763181686401
v 11.6984968185425 39.1464233398438 10.9539279937744
v 13.4598388671875 40.2039985656738 10.6945991516113
v -12.7598638534546 76.1253814697266 10.1030139923096
v 22.054801940918 67.5469055175781 -0.428700983524323
v -14.63121509552 45.5155448913574 9.72393703460693
v -12.8684091567993 37.4373054504395 10.4249486923218
v 17.4866809844971 76.0733108520508 6.97323799133301
v 20.9255828857422 51.7908401489258 4.91011524200439
v -22.8210887908936 64.712776184082 -1.9402996301651
v 20.5850257873535 64.2972412109375 3.91421699523926
v 20.8309860229492 65.2075119018555 3.54513192176819
v 26.0401916503906 35.9095001220703 -7.18790483474731
v -15.8080415725708 83.0460891723633 7.97507190704346
v -20.1183490753174 36.5498161315918 8.37722301483154
v -16.9614295959473 86.0791778564453 6.12973356246948
v -24.349946975708 35.5652961730957 -4.96133518218994
v 2.13131499290466 60.4530563354492 9.24483203887939
v 21.7890472412109 54.4945297241211 4.1076488494873
v -17.0710620880127 50.100414276123 7.55320596694946
v -5.0385046005249 71.9348754882812 10.1730985641479
v -19.8865852355957 82.9755249023438 0.525814712047577
v -11.6188220977783 48.8090476989746 9.74660205841064
v 9.79094409942627 48.8853912353516 9.57703971862793
v -24.6382083892822 39.1185150146484 1.0740727186203
v 19.7984237670898 69.1294250488281 4.33719301223755
v 15.9910354614258 74.7158813476562 8.27294445037842
v 22.2843532562256 48.0624504089355 4.24844646453857
v 16.1314353942871 49.1619110107422 9.43438053131104
v 14.5254192352295 49.7164001464844 10.2776679992676
v 12.9571342468262 83.4771423339844 8.64585876464844
v 0.117318026721478 65.2154083251953 9.58805179595947
v -1.62077820301056 64.9111099243164 9.61833953857422
v 10.0054759979248 70.8613510131836 9.74937438964844
v 8.56039810180664 70.8455276489258 9.78340435028076
v 11.5440406799316 48.2323875427246 10.2693023681641
v 11.5319175720215 49.8210830688477 10.2577877044678
v -17.6944179534912 76.9569854736328 6.92842531204224
v -22.7156143188477 60.9731979370117 -3.99484777450562
v -2.59822988510132 74.0607223510742 10.1756782531738
v 26.3344688415527 36.7744827270508 1.17286038398743
v -23.3411312103271 44.7880325317383 4.64916229248047
v 2.74941468238831 51.7100143432617 9.10263252258301
v 18.1340217590332 59.6311836242676 6.42741823196411
v 19.5981273651123 58.8533897399902 5.21574115753174
v -10.7655248641968 58.8562393188477 10.0903635025024
v 6.609787940979 51.6983337402344 9.37060165405273
v 25.4814586639404 42.4698257446289 -6.83599281311035
v -14.9508266448975 50.3768043518066 9.92821311950684
v -14.7810554504395 49.3129425048828 9.87719058990479
v -2.66999387741089 71.7144546508789 10.0813465118408
v -3.18995380401611 70.123649597168 10.0003719329834
v -1.62439954280853 70.0317001342773 9.94363498687744
v -0.622372686862946 81.0218887329102 10.188009262085
v 8.41386890411377 61.8454971313477 9.75665855407715
v 9.39298152923584 51.7940559387207 9.64556312561035
v 8.84546089172363 60.5857315063477 9.81816101074219
v 13.7761936187744 43.6355476379395 10.5243091583252
v 16.0375633239746 64.0623245239258 8.67735290527344
v 14.9258003234863 63.4080619812012 9.23184490203857
v 15.7639989852905 62.230110168457 8.95363140106201
v -14.8967657089233 65.6583480834961 9.33303070068359
v 12.5347690582275 48.5205612182617 10.5359525680542
v 11.8729581832886 84.3773880004883 8.672438621521
v 24.3452911376953 45.5851058959961 2.88102626800537
v 22.3000717163086 38.5772438049316 5.06016683578491
v 15.4278345108032 73.4187316894531 8.65289306640625
v -20.5633525848389 66.7578964233398 4.31841373443604
v 23.0383701324463 59.0719146728516 0.51182347536087
v 25.0149211883545 51.2588958740234 -2.69097661972046
v 1.46385955810547 71.1352920532227 9.92606067657471
v 7.0699315071106 65.0246276855469 9.66839408874512
v 19.0608081817627 55.0108871459961 6.08462476730347
v 13.1715335845947 64.0475921630859 9.57841682434082
v 12.7534046173096 65.2269515991211 9.54135131835938
v 11.1322011947632 64.704963684082 9.73093318939209
v -14.0239343643188 83.6995544433594 8.86882209777832
v -8.63527584075928 48.6828346252441 9.57853221893311
v 16.7441482543945 73.2359466552734 7.70708179473877
v -23.8262557983398 43.581127166748 1.53671813011169
v -23.7629661560059 42.9697189331055 3.63518762588501
v 15.624945640564 55.9459686279297 9.47944164276123
v 17.2195243835449 53.1923522949219 8.26947784423828
v 18.0210704803467 42.767879486084 8.09743976593018
v -24.3702144622803 39.8044395446777 2.34146642684937
v -16.5488929748535 56.2615051269531 8.8148775100708
v -16.71946144104 54.7549591064453 8.29117012023926
v 17.7098960876465 54.3360137939453 7.52639770507812
v -13.5099248886108 78.6167449951172 9.76359176635742
v -19.3550052642822 39.4184608459473 9.43662166595459
v -24.5387306213379 37.6924209594727 3.95390677452087
v -23.9263343811035 42.6722221374512 1.98208749294281
v -6.30470275878906 49.4858436584473 9.3519983291626
v 8.29223251342773 67.5896682739258 9.68969631195068
v 16.045825958252 67.5740203857422 8.50719547271729
v 22.9224262237549 58.1662292480469 1.78352200984955
v 22.3832054138184 59.7137031555176 2.41299390792847
v -22.5488262176514 65.0060501098633 -3.51240921020508
v -22.4728927612305 66.1227493286133 -3.38027119636536
v 16.4864292144775 41.776912689209 9.2230110168457
v 0.700461268424988 77.6797637939453 9.87975692749023
v 1.56799805164337 76.5157928466797 9.84660339355469
v 2.78406596183777 77.7759704589844 9.80403804779053
v -25.032958984375 36.2814674377441 0.672854483127594
v -21.1222743988037 59.5637969970703 4.89004516601562
v 24.2354145050049 39.9388809204102 3.45163536071777
v 24.8264274597168 38.7635345458984 3.13117742538452
v 22.9620380401611 39.5288391113281 4.31754350662231
v 5.53224182128906 78.7835540771484 10.0465307235718
v 4.3737678527832 78.2834625244141 9.9242582321167
v 3.30565142631531 79.1630020141602 10.055965423584
v 15.9730949401855 69.3886108398438 8.45622730255127
v -23.9499912261963 37.0324172973633 -4.7363452911377
v 10.7216539382935 47.2794494628906 9.68801689147949
v -22.0066242218018 47.3413314819336 6.15787839889526
v -20.9601764678955 47.7065734863281 6.66670370101929
v -0.895826578140259 40.8993492126465 10.0105876922607
v -17.7814102172852 49.5025520324707 7.23228454589844
v 19.156681060791 86.2106628417969 -1.06523847579956
v 9.00905704498291 58.2273788452148 9.86213302612305
v 7.68235921859741 59.5262489318848 9.71746921539307
v 7.71882247924805 78.6181716918945 9.89176750183105
v 9.241455078125 77.8843078613281 9.70851898193359
v 9.61150169372559 79.2563018798828 9.69565773010254
v -20.0999698638916 38.6765251159668 6.73142242431641
v 24.0044231414795 59.8677558898926 -3.29803323745728
v 8.21107578277588 69.1875076293945 9.72542762756348
v -22.0128421783447 52.7567863464355 5.35460090637207
v -22.4058609008789 52.0253257751465 4.24553489685059
v -21.3857116699219 71.4773025512695 0.00716125732287765
v -23.6166076660156 43.5412063598633 -4.92900276184082
v 6.83475255966187 61.6611824035645 9.64630603790283
v -19.3683605194092 72.5905532836914 5.13419675827026
v 22.6058254241943 63.3494338989258 -0.468326449394226
v -1.16245698928833 78.2041473388672 10.1356363296509
v 24.7104759216309 51.1983261108398 -6.093590259552
v 25.6406440734863 50.3358573913574 -4.86980056762695
v -20.2389755249023 78.5117263793945 2.42517137527466
v -23.0439872741699 47.599006652832 3.54651665687561
v 17.5863456726074 38.3896598815918 8.70389080047607
v -22.4092350006104 50.1151008605957 5.30471801757812
v 9.73233795166016 47.3334693908691 9.55056667327881
v -24.2057418823242 39.402042388916 4.42161846160889
v -9.76315021514893 57.5510597229004 10.0477733612061
v -14.2992420196533 48.3065338134766 9.80434894561768
v 11.2301597595215 46.2340049743652 9.97586345672607
v 25.2285499572754 36.9637870788574 2.97789287567139
v -11.9080457687378 45.4649810791016 9.69513034820557
v -16.6286087036133 49.7902412414551 9.60884857177734
v 8.80907821655273 75.3435211181641 9.87053680419922
v -16.9746513366699 54.4398727416992 7.60250902175903
v 21.8726272583008 65.0976028442383 1.88903999328613
v -22.5027923583984 57.2648658752441 0.334078431129456
v -23.0385284423828 43.2030944824219 5.78729152679443
v 0.930263936519623 38.7264709472656 10.3306941986084
v -18.5913944244385 41.0932235717773 9.57807064056396
v -19.181116104126 40.5907096862793 9.10022354125977
v 14.1584787368774 55.0239715576172 10.1650867462158
v 19.6881141662598 37.573055267334 7.50837850570679
v 13.0392427444458 68.4188613891602 9.3474645614624
v -24.28395652771 50.2703323364258 -4.19691610336304
v 6.47418642044067 77.8374099731445 9.76885604858398
v -1.98320627212524 42.6047096252441 9.76461601257324
v -4.30180072784424 43.1606597900391 9.71873188018799
v -5.46812772750854 41.5377349853516 9.92422676086426
v -3.68367552757263 60.7838554382324 9.5093297958374
v -0.298235177993774 42.5266036987305 9.76804828643799
v -15.7314462661743 47.6069831848145 9.76716423034668
v -20.0927658081055 82.2526702880859 -1.39425408840179
v 5.65346765518188 66.3996353149414 9.65779876708984
v 5.74274015426636 67.2541580200195 9.68320846557617
v 16.9029407501221 65.7026214599609 7.72941493988037
v 17.2759571075439 67.0978164672852 7.20796251296997
v 18.0380115509033 66.4032363891602 6.09625673294067
v 18.2983264923096 41.0408401489258 8.00523376464844
v 26.9265060424805 37.6894950866699 -3.88449287414551
v -20.2758865356445 46.1958312988281 6.90268087387085
v -23.407398223877 52.7904319763184 -0.411744266748428
v 12.7036542892456 37.3256454467773 11.0026321411133
v 23.5817794799805 63.0310668945312 -4.49901819229126
v 23.4501171112061 64.008186340332 -4.26714515686035
v 20.1796913146973 75.2521133422852 3.14745450019836
v 20.9501838684082 74.3600921630859 1.43703067302704
v 20.3593235015869 73.8377075195312 3.07261443138123
v -18.6045894622803 67.4415054321289 6.07440519332886
v -18.6303997039795 78.3669281005859 5.69980335235596
v -19.1782169342041 36.6994934082031 7.60537099838257
v 3.8123140335083 80.9602890014648 9.68835353851318
v 22.5390377044678 61.2284774780273 1.54606425762177
v 23.0273284912109 60.4435272216797 -0.462051540613174
v 22.8241844177246 61.8024940490723 -0.444349110126495
v 17.4367618560791 57.2577018737793 7.55859994888306
v 16.567346572876 58.1492347717285 8.60715961456299
v 10.138484954834 55.5706443786621 10.0268793106079
v 9.22207641601562 57.096378326416 9.88786888122559
v 8.97055816650391 55.8714599609375 9.8079309463501
v 22.2611865997314 71.5691070556641 -2.87139129638672
v -18.5761604309082 36.7399253845215 10.2306299209595
v -11.2285890579224 48.094841003418 9.70336055755615
v -8.8497896194458 47.3811912536621 9.59696674346924
v -21.0830535888672 75.3840866088867 -0.0781213119626045
v -20.9871406555176 76.7613906860352 -0.434311807155609
v 23.8810348510742 54.2188453674316 -0.28764420747757
v 23.3428077697754 61.5708618164062 -2.207839012146
v 3.05951142311096 49.0064544677734 9.24194240570068
v 11.7123594284058 54.3476028442383 10.38134765625
v 13.19189453125 54.6792640686035 10.361988067627
v 13.376841545105 53.3644409179688 10.4295444488525
v 9.58327102661133 44.2589721679688 9.65356063842773
v -20.525541305542 36.9598388671875 6.70403432846069
v -24.8882083892822 46.3037300109863 -4.37230730056763
v -17.0326499938965 75.1903686523438 7.62020540237427
v -19.9526386260986 81.5538330078125 2.09272503852844
v -19.8291301727295 59.5358352661133 6.20350980758667
v 20.4762763977051 42.5162315368652 6.30694150924683
v 20.3606567382812 44.0308227539062 6.06394290924072
v -10.5509347915649 47.0364227294922 9.65005397796631
v 23.6894702911377 40.7407722473145 3.73004245758057
v -21.8672294616699 57.7817420959473 1.77536714076996
v -1.48155856132507 61.6501998901367 9.38127517700195
v 19.5500011444092 84.5081176757812 -1.25464570522308
v 24.3040599822998 49.5505676269531 1.60974943637848
v -25.8151988983154 40.4416694641113 -2.12947750091553
v -13.1189470291138 51.7352409362793 9.98160648345947
v 15.95654296875 65.4657135009766 8.66703319549561
v 14.0382032394409 65.6855926513672 9.3206729888916
v -18.5557060241699 80.0640487670898 5.59210634231567
v 20.012279510498 82.6275329589844 -1.28728699684143
v 21.2737064361572 77.112419128418 -1.9291957616806
v -13.0373659133911 80.1150894165039 9.79153060913086
v -12.5878572463989 79.288948059082 10.0028667449951
v -19.7042675018311 37.5232734680176 9.75728225708008
v -19.9738235473633 37.7231254577637 8.93503475189209
v -14.3443613052368 63.836181640625 9.57265377044678
v -17.69846534729 58.7450790405273 6.95181751251221
v 17.9071445465088 84.4660186767578 5.03239822387695
v 22.9828147888184 64.2870559692383 -2.46497178077698
v -17.0793762207031 84.3855895996094 6.54274654388428
v -25.5398025512695 37.4829750061035 -1.32321071624756
v -11.9542360305786 83.3882293701172 9.54448223114014
v 17.8156547546387 78.4406661987305 6.4361686706543
v 12.7596521377563 50.6505851745605 10.5451221466064
v -17.1939907073975 50.864631652832 8.8112964630127
v -4.69224643707275 57.7656478881836 9.44443416595459
v -2.76808381080627 58.2559661865234 9.15601634979248
v -4.21643018722534 56.7328491210938 9.30854225158691
v 21.3761863708496 56.2290534973145 4.20121574401855
v 7.09856510162354 48.8041496276855 9.39383125305176
v -24.978422164917 48.6072311401367 -3.47087454795837
v -19.0267696380615 37.7520599365234 7.63660383224487
v 12.4007225036621 80.1676559448242 9.35253047943115
v -6.81787729263306 60.386775970459 9.80678367614746
v -18.6386280059814 42.4225540161133 8.24812316894531
v 5.71830415725708 51.2559051513672 9.27098369598389
v 20.3762874603271 52.9381828308105 5.20361471176147
v -10.4075765609741 42.287540435791 9.89133834838867
v 18.2260341644287 49.5561866760254 7.46639442443848
v -22.4636402130127 67.5354690551758 -1.98872590065002
v -17.2207508087158 48.1671600341797 9.37211513519287
v -14.1688966751099 67.0007705688477 9.44525814056396
v -12.9807100296021 66.3276901245117 9.70386981964111
v -12.4748792648315 67.7603759765625 9.78104972839355
v 23.831521987915 49.8755378723145 2.66097331047058
v 19.7448482513428 45.1191596984863 6.58741760253906
v 19.2457885742188 46.473087310791 6.91356468200684
v 18.3923931121826 45.8634223937988 7.63585233688354
v 17.1548194885254 54.0149002075195 8.27549934387207
v 6.95886087417603 71.5256958007812 9.84175109863281
v 17.7947082519531 79.9388580322266 6.25948047637939
v 21.9961643218994 73.2234191894531 -2.58246922492981
v 12.0374946594238 58.2398490905762 10.1929740905762
v 11.2713975906372 57.6538429260254 10.1955833435059
v -6.4470534324646 81.0442733764648 9.79292297363281
v 11.2833728790283 38.9476127624512 10.8996906280518
v -15.684549331665 40.674934387207 10.0090236663818
v -18.9227352142334 83.733757019043 3.63654947280884
v -18.4182300567627 84.5756454467773 4.38996124267578
v -18.9881629943848 50.6665992736816 7.02298974990845
v 2.99651527404785 53.1275482177734 9.10235118865967
v 19.7065181732178 83.5275650024414 0.875421106815338
v -22.8412628173828 36.4569244384766 6.66554069519043
v 22.6474018096924 66.6987228393555 -2.44532680511475
v 2.61821174621582 45.9944343566895 9.43619346618652
v -15.4038801193237 67.9150161743164 9.02182388305664
v 21.5627479553223 75.5668563842773 -2.10659337043762
v -9.97727108001709 73.3082046508789 10.4156265258789
v -11.0377683639526 72.0502471923828 10.3034763336182
v -9.13064289093018 72.0686721801758 10.317271232605
v -19.3605213165283 85.0240097045898 -0.0418567657470703
v -19.5515613555908 84.2571029663086 0.749383568763733
v -12.7053623199463 40.4904975891113 10.0393104553223
v -22.3459968566895 67.6915054321289 -3.26644611358643
v 6.47155857086182 74.7682113647461 9.91993999481201
v -23.3330917358398 44.7248153686523 -4.81239795684814
v -12.3028326034546 38.3121910095215 10.3400897979736
v -11.0509786605835 75.8309097290039 10.4295482635498
v -11.7167406082153 74.3944778442383 10.370418548584
v -10.2836513519287 74.2058334350586 10.460072517395
v 3.36049056053162 60.6928939819336 9.24350166320801
v 24.2426929473877 37.1245574951172 3.62625646591187
v 19.0915908813477 60.0147972106934 5.52103471755981
v -14.193395614624 81.9865951538086 9.12615585327148
v -19.3262748718262 78.6156311035156 4.54850721359253
v -22.0710277557373 39.0522994995117 6.72303533554077
v 10.5458917617798 51.1964302062988 9.83589744567871
v -16.9277572631836 41.1490478515625 9.8961353302002
v -14.2333354949951 55.2641105651855 10.0932035446167
v -20.3814163208008 55.7069969177246 6.2954363822937
v -22.668872833252 48.3335304260254 5.31474733352661
v 20.3363933563232 72.8030395507812 3.34514546394348
v -23.5440082550049 46.760570526123 0.604461431503296
v 23.2786445617676 65.3281555175781 -4.32762432098389
v 16.3846988677979 37.2981948852539 9.58573627471924
v -1.41012835502625 38.4886627197266 10.3698310852051
v -17.6136856079102 44.5509376525879 9.45057010650635
v 23.3917217254639 46.5977630615234 3.54936194419861
v 26.7539539337158 42.1330108642578 -6.22958087921143
v 26.5837593078613 41.0954704284668 -7.00701332092285
v -19.0452098846436 41.3852615356445 8.79257774353027
v -18.6252307891846 42.8044738769531 9.01570129394531
v -14.8379020690918 81.2273025512695 8.8485631942749
v 3.44352555274963 58.5444030761719 9.13501453399658
v -19.3386764526367 82.0815887451172 3.55431914329529
v -0.215874820947647 49.5433197021484 9.13625335693359
v -16.267599105835 84.0381088256836 7.39231777191162
v -16.1627540588379 85.8027496337891 7.05905246734619
v -7.20242834091187 68.2895278930664 10.0374212265015
v -17.8479747772217 86.3641586303711 4.67420816421509
v 10.447548866272 60.4960441589355 9.99238109588623
v -19.8066806793213 70.0876235961914 5.04145574569702
v 24.4561233520508 57.5474128723145 -3.56398391723633
v 24.6010303497314 49.0147857666016 -0.379549205303192
v 21.0592193603516 76.9154357910156 -0.791983783245087
v -19.4278240203857 73.6414947509766 4.92467260360718
v -0.431534826755524 79.3966598510742 9.93964195251465
v 19.4614219665527 70.4439010620117 4.64064073562622
v 16.6104431152344 71.2996139526367 7.85084533691406
v 1.45224380493164 80.0314559936523 9.34258556365967
v -17.2625827789307 51.4837837219238 7.38345050811768
v 25.131965637207 50.4111022949219 -2.7079164981842
v 13.8580884933472 61.7469100952148 9.67081928253174
v -26.3372058868408 36.2799072265625 -2.29654812812805
v -20.2214069366455 60.9535331726074 5.84333181381226
v -16.4186744689941 69.432991027832 8.29445362091064
v -15.3516702651978 68.9239044189453 8.97987174987793
v -16.7416229248047 68.4927368164062 7.89645433425903
v -18.1814785003662 43.3753929138184 9.34592056274414
v -16.4649295806885 44.3010368347168 9.72707748413086
v 21.4350032806396 74.1802978515625 -1.06540524959564
v 15.8031558990479 55.1345901489258 9.41879272460938
v 18.5013446807861 53.4026260375977 6.78704023361206
v 13.875789642334 56.1961936950684 10.1487808227539
v -6.27343845367432 73.3937683105469 10.2898788452148
v -8.16807842254639 74.0575408935547 10.3691692352295
v -6.90717172622681 74.571418762207 10.3386821746826
v -18.9076557159424 86.8258514404297 -1.1655900478363
v -17.0393352508545 67.1980361938477 7.27529144287109
v 19.6550712585449 41.3890151977539 7.12900304794312
v -17.451150894165 47.5689315795898 8.10558700561523
v -21.5699615478516 40.1178741455078 6.79130935668945
v -17.7452640533447 44.3535385131836 7.30854463577271
v 20.1887798309326 80.6012191772461 1.78865551948547
v 19.8440017700195 79.3568344116211 3.37899875640869
v -4.35534143447876 72.6059875488281 10.1868343353271
v -23.266529083252 48.9113998413086 -4.80913543701172
v -24.3749561309814 48.5839653015137 -4.38968992233276
v 8.59652709960938 45.4620246887207 9.54489994049072
v -15.8595600128174 56.3541259765625 9.61047649383545
v 23.2960929870605 37.3175773620605 4.30058336257935
v -0.550613462924957 63.6370277404785 9.49765968322754
v -7.741943359375 50.4829940795898 9.55552768707275
v 5.09546518325806 83.7876815795898 10.4412908554077
v -2.8291757106781 40.7647895812988 10.0268363952637
v -20.6677055358887 73.1889419555664 1.536212682724
v 4.68030691146851 69.7921752929688 9.7952127456665
v 6.2951774597168 70.003059387207 9.78494644165039
v 3.4639310836792 68.4831619262695 9.7429027557373
v 5.00066757202148 68.6153869628906 9.73421764373779
v 6.51328229904175 68.7357559204102 9.72940349578857
v 17.0902233123779 76.7305221557617 7.31657457351685
v 22.63401222229 60.3427734375 1.6235191822052
v 10.7619752883911 45.0478820800781 9.71486663818359
v -13.1017484664917 39.0048332214355 10.2048177719116
v -25.8332920074463 38.774658203125 -1.90284907817841
v 24.2484817504883 56.9236030578613 -5.63360071182251
v 8.53080177307129 63.4043006896973 9.74332618713379
v -17.1144542694092 64.0241775512695 7.03556251525879
v -12.242208480835 80.8297729492188 9.96311378479004
v 11.3351621627808 51.9341812133789 10.2631578445435
v -23.6514492034912 40.8790130615234 -4.77635383605957
v 20.4273910522461 46.8223648071289 5.68574523925781
v -16.3925971984863 63.8301582336426 8.36261558532715
v -14.6135597229004 57.4255294799805 9.92980003356934
v -12.9046688079834 57.9526214599609 10.1111602783203
v -13.0566215515137 58.796459197998 10.0627202987671
v -16.1463966369629 82.2997741699219 7.81913042068481
v -18.4913368225098 39.6909980773926 7.56735277175903
v -0.993463277816772 76.6069641113281 9.94627857208252
v -18.3317699432373 44.3798904418945 8.72394371032715
v 21.8583030700684 63.9983711242676 2.23095488548279
v 24.6117477416992 43.5982856750488 2.84563326835632
v 22.8367614746094 43.9795303344727 4.0714282989502
v -15.9325361251831 58.0520935058594 9.39953231811523
v -18.2424507141113 70.4359817504883 6.03531789779663
v -16.4557113647461 71.1271820068359 8.23871326446533
v -17.651683807373 71.2028961181641 6.75107574462891
v -17.090503692627 70.3851547241211 7.47776556015015
v -25.6598987579346 41.3944282531738 -4.61429262161255
v 24.1105880737305 52.7425193786621 -0.433586567640305
v 18.8171977996826 78.9254302978516 5.13591003417969
v 19.007905960083 44.7094192504883 7.29816818237305
v 19.8909969329834 51.263298034668 5.77467346191406
v 10.5060682296753 42.8860855102539 9.83055973052979
v 10.8772096633911 41.7794914245605 9.96110820770264
v 11.2157068252563 40.9947738647461 10.3258237838745
v -15.1769418716431 37.2566337585449 10.3671951293945
v 10.3330307006836 63.1735763549805 9.83227157592773
v 20.6460590362549 67.8579788208008 3.49267363548279
v 15.0392379760742 40.4237823486328 10.0806093215942
v 15.3366756439209 39.4055557250977 10.0001831054688
v 16.8555145263672 40.0585670471191 9.02647686004639
v 17.1914501190186 60.3189811706543 7.61712217330933
v 17.153736114502 61.2232627868652 7.59741497039795
v 15.9799633026123 60.6760101318359 8.92337512969971
v -24.5483245849609 38.463134765625 3.104487657547
v 19.5162029266357 38.5908432006836 7.51336145401001
v -4.61674308776855 74.3054733276367 10.2684907913208
v 15.7751150131226 38.4263954162598 9.83428478240967
v 20.7380809783936 78.9628753662109 -0.150288760662079
v 26.0462818145752 39.3772163391113 0.758915841579437
v 26.5797710418701 37.6257171630859 -7.45419073104858
v 2.70199131965637 73.415283203125 9.98804473876953
v 4.17013883590698 73.4729690551758 9.96100425720215
v 21.1903686523438 74.6991958618164 -0.0922780185937881
v 21.1754264831543 75.7314987182617 -0.625224769115448
v -25.2531852722168 38.1790237426758 -5.31995296478271
v -23.6577281951904 58.1527633666992 -1.65975379943848
v 16.7488231658936 59.7768974304199 8.32411193847656
v 26.0687408447266 37.9425888061523 1.58282494544983
v -6.99091291427612 65.9327239990234 9.93469905853271
v -15.3868312835693 78.5161895751953 8.77046585083008
v 22.8417263031006 68.0769958496094 -3.82325983047485
v 17.8283634185791 82.6287841796875 5.67561388015747
v 17.1521091461182 81.3260345458984 6.71958780288696
v 11.0508298873901 48.7922210693359 9.83287811279297
v 20.6574993133545 79.693489074707 -1.56215977668762
v -7.41041326522827 79.1117935180664 10.3366107940674
v -23.6949424743652 58.0887298583984 -3.22871112823486
v 11.9646186828613 43.723316192627 10.5804004669189
v 11.3407583236694 46.0753936767578 10.2310199737549
v 25.839298248291 45.1302375793457 -2.78934192657471
v 25.187915802002 45.4140434265137 -0.850494861602783
v -13.4883518218994 43.738410949707 9.82034778594971
v 10.9300518035889 40.2855606079102 10.1147575378418
v 5.16842031478882 81.5018768310547 9.98584079742432
v -22.1886291503906 60.2487411499023 0.293661385774612
v -14.8005390167236 38.8204345703125 10.2078304290771
v 24.5329532623291 56.9798622131348 -4.33558940887451
v -22.3090476989746 45.6801338195801 6.0829815864563
v 2.13357520103455 68.7207565307617 9.77109146118164
v 19.3276557922363 67.6721420288086 4.89258289337158
v 18.5117359161377 67.8305969238281 5.60566902160645
v -23.8518371582031 38.3389358520508 -4.76729440689087
v -19.0881195068359 36.5685577392578 7.15113639831543
v 9.2430591583252 65.5522537231445 9.71256160736084
v -19.2025318145752 65.8537139892578 5.92586231231689
v 21.7191104888916 60.0791816711426 3.30508923530579
v -16.9100856781006 78.0620880126953 7.63334226608276
v -15.8408098220825 76.8367691040039 8.55194187164307
v 21.008373260498 38.5120429992676 6.40281867980957
v 21.4732131958008 37.5050086975098 6.14880752563477
v 18.3876781463623 64.7646560668945 5.81650876998901
v 19.3234844207764 64.6445846557617 5.00995111465454
v 18.7371520996094 66.1466751098633 5.44632434844971
v 13.3910121917725 75.344612121582 9.51921653747559
v 22.6544399261475 69.1223449707031 -3.52964019775391
v 10.8227777481079 68.9545364379883 9.62720680236816
v -23.6045150756836 42.4183349609375 -4.88316822052002
v -25.1785297393799 42.9312210083008 -4.80305480957031
v 4.91497182846069 71.2523422241211 9.86442184448242
v -16.4564476013184 65.8584747314453 8.27053928375244
v 17.8814926147461 41.7268981933594 8.23742771148682
v -16.1907596588135 67.7567977905273 8.53835678100586
v -8.33631038665771 77.9261016845703 10.2868738174438
v -5.05086421966553 37.9252281188965 10.4626274108887
v -4.67194557189941 81.0778579711914 9.80413246154785
v -21.8655166625977 72.0739364624023 -2.90240740776062
v -4.2234468460083 76.1211166381836 10.1592206954956
v -24.8975200653076 37.717227935791 0.59144252538681
v -24.984395980835 37.9035682678223 -0.361422419548035
v 15.4530124664307 51.6904296875 9.8161096572876
v 14.5079870223999 52.297477722168 10.2227411270142
v 14.2370500564575 50.7559928894043 10.3556413650513
v -20.8614940643311 63.2941513061523 4.32262516021729
v -20.9875297546387 62.1292877197266 4.28842496871948
v -21.2456378936768 62.3325309753418 2.67105269432068
v 23.7843322753906 47.7249870300293 3.18121957778931
v -14.4307832717896 77.5627517700195 9.37826347351074
v -14.3202667236328 76.1566390991211 9.48293018341064
v 16.6079006195068 56.6670608520508 8.65791606903076
v -22.5390014648438 37.5600318908691 6.67028665542603
v 24.8663272857666 46.1362152099609 1.06797587871552
v -22.0747680664062 54.842586517334 3.62602019309998
v -22.1317443847656 53.9105987548828 4.38932371139526
v -22.3010501861572 53.231819152832 3.17611718177795
v -12.936785697937 48.577335357666 9.77752113342285
v 22.4624061584473 70.6133728027344 -3.2117965221405
v -4.21653270721436 45.8308868408203 9.4541015625
v -3.41708302497864 44.8757667541504 9.53084754943848
v -5.82234048843384 47.217113494873 9.38456249237061
v -5.20303344726562 46.4067306518555 9.4278564453125
v 13.4241380691528 46.2736778259277 10.5590934753418
v -6.74710083007812 57.013069152832 9.71259212493896
v -8.53107929229736 56.4321250915527 9.90253162384033
v -20.1937828063965 76.5681610107422 3.07729864120483
v 0.951321661472321 56.82080078125 9.08760452270508
v -18.0525703430176 45.561164855957 8.3894624710083
v -23.5008296966553 59.7447776794434 -3.11223316192627
v -17.088809967041 50.5017395019531 8.19981288909912
v 5.65974617004395 76.4453430175781 9.81241130828857
v -24.4461498260498 45.9269180297852 -0.993326544761658
v -12.1615839004517 41.7006492614746 9.92745018005371
v 25.4099788665771 44.3786468505859 -1.21394658088684
v 19.4078598022461 43.6037216186523 7.07995748519897
v 9.05113220214844 59.6302070617676 9.85690402984619
v -16.5576705932617 81.1109466552734 7.66874694824219
v -8.97745895385742 68.5402984619141 10.082706451416
v 18.7233695983887 37.3555755615234 8.13164615631104
v 10.127124786377 56.1953926086426 10.0434722900391
v -23.8862171173096 36.1896095275879 -4.59241247177124
v 25.6623001098633 36.5057640075684 -6.62305450439453
v 24.6038188934326 46.9520378112793 2.01417970657349
v 26.2009410858154 45.7190628051758 -6.10798835754395
v -15.5406637191772 46.6750221252441 9.7406177520752
v -5.76212501525879 64.6980667114258 9.82682323455811
v 4.43290281295776 63.6737213134766 9.52969264984131
v 15.0656147003174 68.6401672363281 8.84268188476562
v 23.8277111053467 38.441234588623 3.79787683486938
v -23.1871280670166 47.5598106384277 1.98937547206879
v 24.455020904541 54.879581451416 -5.82538843154907
v 2.65707635879517 74.6794052124023 9.97146129608154
v 17.8623714447021 62.6615715026855 6.5134482383728
v 18.0862274169922 63.5613059997559 6.17596578598022
v 19.1868743896484 63.4040222167969 5.20268297195435
v 16.3341178894043 75.9709396362305 7.97454261779785
v -23.0287437438965 51.3452758789062 -4.68342876434326
v -18.8124370574951 75.3441009521484 5.49911594390869
v -19.2178268432617 77.0008392333984 4.86750268936157
v -9.96094417572021 61.1319465637207 10.0286569595337
v -15.9193506240845 55.2973403930664 9.6615161895752
v 4.81520986557007 40.5523719787598 10.0727443695068
v -8.75587272644043 54.4780158996582 9.84835720062256
v 25.7187271118164 39.0331726074219 1.96928489208221
v 25.2724876403809 40.1433334350586 2.46641540527344
v 21.6716594696045 72.6092376708984 -1.32264292240143
v -5.67535829544067 43.7613067626953 9.66084671020508
v -6.60202741622925 44.8386192321777 9.56466197967529
v -8.53431034088135 44.1215400695801 9.68558788299561
v 21.0143051147461 78.2055969238281 -1.74300062656403
v -4.2270393371582 76.9593124389648 10.1147089004517
v -25.3847103118896 36.3234519958496 -0.82998913526535
v 17.6325511932373 51.8753395080566 7.89875173568726
v 17.8263874053955 52.6434288024902 7.60654592514038
v 21.9131889343262 71.5018692016602 -1.80082738399506
v 14.2692985534668 73.6882934570312 9.24712562561035
v -8.82242202758789 83.6871490478516 10.1824579238892
v -23.8333854675293 57.1408500671387 -3.25910544395447
v -22.8564739227295 50.5683364868164 1.42573297023773
v -15.5881843566895 71.9485778808594 8.71584701538086
v -17.2330684661865 72.0621185302734 7.39835500717163
v -17.1339511871338 82.7583694458008 6.83636045455933
v -6.0974440574646 76.1830215454102 10.2546520233154
v -10.8611135482788 43.3121643066406 9.80911159515381
v -19.6779270172119 83.7259063720703 -1.25043380260468
v -17.1712913513184 48.9678764343262 7.9132137298584
v -22.8626174926758 55.1660575866699 -4.50604677200317
v -23.219612121582 46.6147155761719 -4.74502515792847
v 18.2283897399902 81.2162017822266 5.5349702835083
v 3.6730968952179 56.6912155151367 9.0944242477417
v 2.50616002082825 54.4166030883789 9.07753753662109
v 3.59439158439636 53.9724731445312 9.09964084625244
v -19.1986446380615 48.3169937133789 7.01906108856201
v 0.614586234092712 78.7358093261719 10.2670860290527
v -0.0787764936685562 80.0907363891602 9.40735530853271
v -18.5135173797607 41.005786895752 7.80381202697754
v -9.52969264984131 74.7957077026367 10.4211750030518
v 25.4401988983154 40.1481475830078 -6.60078716278076
v 7.09124326705933 46.580509185791 9.46165180206299
v 8.56953907012939 46.242561340332 9.51548290252686
v 5.57941722869873 46.0864105224609 9.46891403198242
v -24.2962760925293 40.857780456543 1.39087474346161
v -14.100248336792 85.4371185302734 8.49862480163574
v 18.8795490264893 81.56689453125 4.4790472984314
v 19.1406059265137 82.3848114013672 3.7854540348053
v 26.5464153289795 36.4943885803223 -1.21151292324066
v -23.3243942260742 39.0910949707031 6.18036985397339
v -16.6149711608887 55.2608795166016 8.96331787109375
v -23.123441696167 47.559196472168 -4.70384073257446
v 25.4459743499756 41.6495475769043 -6.77806758880615
v 16.9966335296631 55.5849761962891 8.30500984191895
v -2.70424914360046 79.2318725585938 10.2432012557983
v -3.44861888885498 80.1046295166016 9.60126876831055
v -1.80639243125916 80.4909973144531 9.61482048034668
v 20.7935543060303 43.0898513793945 5.80322599411011
v -16.6369075775146 56.0173606872559 7.88404321670532
v 4.25012302398682 72.2726974487305 9.92430210113525
v 3.02422404289246 71.0735626220703 9.8884859085083
v 4.31400299072266 62.2372283935547 9.43613147735596
v -8.66284656524658 65.3253707885742 9.98145866394043
v 8.12328147888184 74.7705688476562 9.8981819152832
v 0.139652073383331 81.7921295166016 10.6830244064331
v -24.6701354980469 47.1335830688477 -4.40609645843506
v 9.90368461608887 84.2256240844727 9.04786109924316
v 9.70308208465576 82.7155532836914 9.67385482788086
v 1.85963201522827 80.5176544189453 9.72565269470215
v -19.7799549102783 38.4792594909668 8.98804378509521
v 18.7443008422852 74.7643966674805 5.55675172805786
v 2.84597969055176 83.575309753418 11.0961427688599
v 2.52604126930237 82.2660980224609 10.8148221969604
v -20.1897468566895 74.9352111816406 3.52085089683533
v -20.3284378051758 73.589729309082 3.38917803764343
v -20.8492012023926 71.5872039794922 1.2077876329422
v -20.8899040222168 70.0597381591797 1.3230208158493
v -7.43826913833618 77.0501403808594 10.2660789489746
v -18.7597770690918 64.5498199462891 6.19021272659302
v -19.9809341430664 64.3422698974609 5.58852434158325
v 4.56456756591797 49.6682090759277 9.22924995422363
v 3.85194611549377 50.7304611206055 9.18909358978271
v 1.94621956348419 50.2640838623047 9.11785125732422
v -1.56044721603394 46.4990043640137 9.3534107208252
v 16.9071350097656 82.9509201049805 6.61748552322388
v 16.512638092041 61.3344993591309 8.47221183776855
v -9.38869667053223 58.6771812438965 10.0263481140137
v -4.71949005126953 66.068962097168 9.82501983642578
v -18.6912536621094 85.4738540649414 3.23991560935974
v -6.20485973358154 84.1208343505859 10.5638933181763
v 3.95595002174377 46.6304206848145 9.38454341888428
v -18.263090133667 86.7097244262695 3.58409237861633
v 18.8724346160889 77.5388107299805 5.26708030700684
v -6.48862504959106 50.2972984313965 9.38309764862061
v -12.2836408615112 54.9407958984375 10.1145238876343
v 12.69020652771 73.6177139282227 9.73017978668213
v 6.52534294128418 63.1296539306641 9.63934421539307
v 16.2876453399658 81.6736755371094 7.41141796112061
v 11.8827438354492 44.5306739807129 10.5079402923584
v 12.7954177856445 43.2229919433594 10.6701917648315
v 24.4282112121582 55.7249488830566 -5.68126487731934
v 4.93960857391357 64.2848358154297 9.57622909545898
v -10.9785757064819 76.9472961425781 10.40309715271
v 26.4713611602783 44.9159049987793 -5.23621463775635
v 16.9290294647217 62.9106597900391 7.81910991668701
v -19.4782104492188 83.0840072631836 2.53295087814331
v 3.8112518787384 67.3649368286133 9.68389511108398
v -19.5310726165771 69.2704696655273 5.3916335105896
v 22.1138496398926 69.9253234863281 -1.9063982963562
v -2.15985178947449 78.0969696044922 10.1428861618042
v -13.6835422515869 70.6910629272461 9.5782585144043
v -23.2359600067139 46.2593650817871 3.63117790222168
v -16.6524333953857 50.5529136657715 9.56595325469971
v -18.2010078430176 53.3218460083008 7.11343050003052
v 21.5506267547607 66.6902923583984 2.20684838294983
v -15.8963317871094 84.6894454956055 7.5464563369751
v 23.0408172607422 43.1943778991699 3.98996496200562
v -6.1889123916626 67.2185745239258 9.95182514190674
v 16.5722789764404 84.2687072753906 6.63455724716187
v -5.91596221923828 60.9522743225098 9.73521900177002
v -18.3099098205566 81.7189254760742 5.56280517578125
v -18.7412986755371 82.7100830078125 4.6018123626709
v -17.8105621337891 80.6652908325195 6.47489404678345
v -17.1117458343506 79.6213684082031 7.32145690917969
v 24.4428005218506 50.8357048034668 -0.765006363391876
v 8.50659942626953 76.3287353515625 9.81761932373047
v 6.9628643989563 76.2942504882812 9.82361316680908
v -18.6391353607178 42.9549369812012 8.50839233398438
v -0.661831974983215 67.6300964355469 9.75931453704834
v -0.136943072080612 75.7188186645508 9.981276512146
v -5.48978805541992 49.0178604125977 9.31146240234375
v 25.056640625 45.247974395752 0.917296051979065
v 17.088306427002 46.4656639099121 8.63317108154297
v -23.9633007049561 56.0199203491211 -1.7962611913681
v -11.2223815917969 79.3711776733398 10.2215452194214
v 24.9804840087891 44.0124473571777 2.06855177879333
v 26.4714469909668 37.4999313354492 -2.16715526580811
v 24.9587669372559 46.4436721801758 -0.364831656217575
v 24.7768402099609 48.0416030883789 -0.661271750926971
v 25.1214122772217 47.0911598205566 -1.59670805931091
v -7.36742305755615 66.6431121826172 9.97340774536133
v -17.0510387420654 47.0435447692871 9.50182819366455
v 20.4013214111328 81.0147552490234 -0.347894966602325
v 8.9623384475708 49.6845664978027 9.51357173919678
v -12.9508199691772 61.4417991638184 9.91819763183594
v -10.1570491790771 56.1996917724609 10.0498762130737
v 18.4825439453125 51.1374931335449 7.07818460464478
v 16.2252578735352 77.5864868164062 7.94261407852173
v -18.9789390563965 41.2003440856934 8.38484287261963
v 19.7609462738037 47.8936233520508 6.23590755462646
v 15.9034090042114 48.3336410522461 9.60272884368896
v 15.5370292663574 47.1951217651367 9.85005760192871
v 14.2446727752686 47.5554618835449 10.3883609771729
v 19.9712238311768 68.1054382324219 4.2445182800293
v 11.6035461425781 75.9172821044922 9.81420707702637
v -23.8259162902832 48.5398597717285 -0.436992079019547
v 19.0132846832275 71.8233795166016 5.11250257492065
v -10.1412954330444 75.4442749023438 10.4838094711304
v 9.80539989471436 52.6430320739746 9.77536106109619
v 17.547830581665 77.6342697143555 6.79115629196167
v -3.8619327545166 59.2445678710938 9.41154766082764
v 16.4080867767334 40.739803314209 9.30341243743896
v -24.9191455841064 40.1718559265137 -5.20420455932617
v -9.24299049377441 76.4078903198242 10.4054355621338
v 13.8551054000854 62.5359382629395 9.6201868057251
v -16.7463512420654 62.9583206176758 7.65541505813599
v 3.37611365318298 41.1418380737305 9.99805545806885
v -1.20342719554901 73.212760925293 10.093731880188
v -0.374910682439804 73.6976547241211 10.0732507705688
v 24.9372749328613 54.762866973877 -3.88740158081055
v -18.477445602417 63.0622711181641 6.40152788162231
v -16.3043441772461 48.6663818359375 9.70809364318848
v -21.9182395935059 51.0663604736328 5.77045297622681
v 19.0318546295166 62.3548736572266 5.40517902374268
v 26.0414028167725 46.1742973327637 -3.58083820343018
v -19.2980365753174 39.9547119140625 8.40365695953369
v 24.3526477813721 58.3873901367188 -4.00175285339355
v -12.2458143234253 60.0413970947266 10.0653476715088
v -11.3274841308594 60.8972625732422 10.0759944915771
v -10.5365772247314 59.6282424926758 10.074912071228
v 5.50221109390259 45.2898445129395 9.51740837097168
v 6.83325672149658 44.9420776367188 9.54486846923828
v -22.0535144805908 70.5182571411133 -3.00495505332947
v 6.4759578704834 50.2439117431641 9.33414459228516
v -7.01258945465088 54.3303260803223 9.61791038513184
v -23.5007057189941 39.8414421081543 5.89864683151245
v -25.1044883728027 35.8378067016602 -5.35014390945435
v 21.6309223175049 39.8942527770996 5.5655837059021
v -11.6838750839233 61.6145286560059 10.0329990386963
v -12.7122459411621 76.9319686889648 10.0941228866577
v -0.77580326795578 62.1820831298828 9.39067459106445
v 17.1986656188965 68.4228515625 7.30380296707153
v -20.8998222351074 69.2690734863281 1.40452909469604
v -19.0574226379395 37.9849662780762 9.95973587036133
v 1.51778244972229 63.2448654174805 9.44434642791748
v 9.86808204650879 81.8274078369141 9.1474552154541
v 7.55586767196655 57.3743286132812 9.71290683746338
v -15.7116069793701 43.8087882995605 9.7526330947876
v 21.1096591949463 73.2463607788086 1.28605341911316
v -23.0168647766113 40.5297470092773 6.20492887496948
v 19.029390335083 50.2970924377441 6.69194650650024
v 11.1530208587646 42.4135208129883 10.1512813568115
v -14.0190725326538 44.562744140625 9.75188064575195
v 3.3717794418335 63.7756805419922 9.49040222167969
v 21.1148433685303 71.8567352294922 1.88965713977814
v 21.4424171447754 72.0879745483398 0.144364595413208
v 21.5431842803955 69.8415222167969 0.920247495174408
v -24.0926876068115 51.8424339294434 -4.07799005508423
v 22.0909938812256 53.0425338745117 4.01897430419922
v 1.4438511133194 55.3941955566406 9.10324668884277
v -12.5521650314331 73.3036651611328 10.1298942565918
v 22.165246963501 68.9956741333008 -1.69999980926514
v 22.4346714019775 67.9361724853516 -2.16877770423889
v -15.6340312957764 75.4485855102539 8.72341156005859
v -16.4711399078369 74.3218154907227 8.09019184112549
v -16.8665142059326 51.4697723388672 9.34452438354492
v 4.53498697280884 48.2540588378906 9.29552268981934
v 14.7875099182129 53.924861907959 10.0232467651367
v -22.2195301055908 68.4716873168945 -3.37698721885681
v 26.6357021331787 39.4600868225098 -7.27618837356567
v 11.4097051620483 40.9833793640137 10.7219572067261
v 25.3303184509277 52.1398735046387 -3.73153376579285
v -5.10031223297119 79.9239654541016 10.064998626709
v -24.13844871521 43.4318771362305 0.169477835297585
v -24.5978813171387 42.1781158447266 -0.656062602996826
v -24.7789249420166 43.5131721496582 -1.0845981836319
v 8.57584857940674 56.8734245300293 9.79343795776367
v 2.28304696083069 47.5039291381836 9.32708168029785
v 12.2830505371094 40.300235748291 10.8024644851685
v 11.5018243789673 41.7237434387207 10.6497869491577
v 9.69928169250488 54.631763458252 9.8713493347168
v 11.7088441848755 63.7897834777832 9.74740028381348
v 20.6340160369873 56.8052635192871 4.62805414199829
v -15.4361906051636 74.365592956543 8.85134315490723
v -12.3913421630859 70.9922485351562 10.0119762420654
v 11.5681829452515 79.7395095825195 9.48255443572998
v 23.6978664398193 52.2802276611328 2.19554209709167
v 23.9088344573975 51.1952896118164 2.07477617263794
v -21.2071380615234 66.4941787719727 0.983086168766022
v -21.2719764709473 65.1650466918945 1.18055057525635
v 9.80063533782959 61.7194213867188 9.88034820556641
v 18.4778614044189 85.9833450317383 3.42438697814941
v -19.2221488952637 81.3193969726562 4.10054206848145
v 21.6365604400635 71.1279983520508 -0.320241004228592
v -0.745389878749847 48.1652641296387 9.21642208099365
v -20.6866970062256 53.3416938781738 6.41124582290649
v 4.43252372741699 82.0376510620117 10.4552602767944
v 3.18957614898682 81.5768356323242 10.3744125366211
v 12.2025585174561 53.4323577880859 10.4628257751465
v -21.5165710449219 54.5329055786133 5.6706748008728
v -9.65383338928223 84.5057601928711 10.074990272522
v 27.4554042816162 37.5382499694824 -5.81494235992432
v 15.9298667907715 50.5912284851074 9.56644344329834
v -4.25500106811523 61.8639450073242 9.60057258605957
v -8.71416187286377 57.5206108093262 9.95458507537842
v 17.768835067749 55.2534942626953 7.34012365341187
v 15.3082962036133 43.042163848877 9.92507266998291
v 22.7266521453857 65.6626892089844 -2.21208262443542
v 23.166467666626 66.0980987548828 -4.17935132980347
v 26.371244430542 42.643009185791 -6.76184177398682
v -24.3529968261719 52.4931297302246 -1.89712405204773
v -0.299292176961899 66.3155899047852 9.6648006439209
v -2.02496743202209 67.1063003540039 9.76631355285645
v -15.2574424743652 64.2196502685547 9.30811214447021
v -21.3397655487061 73.0710906982422 -0.115323528647423
v 23.1127014160156 62.8746147155762 -2.14050579071045
v -20.1804370880127 67.2617721557617 4.94025468826294
v -3.28996253013611 63.2541542053223 9.58975124359131
v -1.53250432014465 64.1888656616211 9.57164096832275
v -9.68679046630859 77.3487854003906 10.3532238006592
v -4.39356088638306 62.8037986755371 9.65316200256348
v 23.9731292724609 52.4720802307129 0.5673748254776
v -26.0257740020752 42.1250076293945 -3.06030583381653
v 20.2446365356445 79.7665100097656 2.11896824836731
v -2.41275644302368 73.2586975097656 10.1429557800293
v -10.359414100647 55.2174949645996 10.0305156707764
v -25.2693195343018 46.9226455688477 -2.52753114700317
v -25.1902446746826 47.5041236877441 -3.26275587081909
v 20.4797191619873 80.31689453125 0.239859029650688
v -8.18149757385254 46.4361915588379 9.56305599212646
v 4.19238948822021 82.6609344482422 10.5463485717773
v -1.39587569236755 60.2955894470215 9.27985286712646
v 11.9397258758545 47.3919982910156 10.4119367599487
v 12.9622688293457 47.2896347045898 10.5919198989868
v 12.6276235580444 46.0121726989746 10.5851345062256
v 10.9682178497314 83.3064956665039 9.37546253204346
v 20.3654403686523 77.2512588500977 2.55243873596191
v 17.0674877166748 85.5514373779297 5.74751949310303
v -24.0593814849854 41.5478553771973 2.69635200500488
v -24.1882476806641 40.4510803222656 3.27183485031128
v -23.8751335144043 41.8724708557129 3.97355461120605
v -19.5562782287598 36.4767723083496 10.0616579055786
v -20.7581081390381 68.877571105957 2.36415481567383
v -20.2694473266602 65.5798110961914 5.12971258163452
v 14.9737768173218 85.0314102172852 7.55375576019287
v -17.5668239593506 82.2165679931641 6.44891119003296
v -3.59260416030884 69.3905181884766 9.96736145019531
v -8.64029502868652 62.0010757446289 9.96581077575684
v -7.84673357009888 61.1462211608887 9.9031229019165
v -21.6013107299805 58.9727325439453 3.03173327445984
v -16.2100200653076 65.1345367431641 8.60823249816895
v 10.2739696502686 80.3602523803711 9.45474624633789
v 8.27923107147217 81.8721160888672 9.5444917678833
v 7.78549671173096 81.2328796386719 9.11258983612061
v 6.50725412368774 81.383430480957 9.51794910430908
v 19.5969791412354 54.4935646057129 5.6636643409729
v -22.9893856048584 62.8713798522949 -1.55303859710693
v 13.7173337936401 71.8018798828125 9.36486625671387
v -25.053279876709 36.294979095459 1.58091342449188
v -3.86460876464844 65.0772857666016 9.73023509979248
v -5.5525074005127 59.5373420715332 9.66773414611816
v -1.16192078590393 70.7303848266602 9.97202301025391
v -9.84623336791992 38.6745796203613 10.3397083282471
v 25.304515838623 44.0696182250977 0.199671477079391
v -12.4574851989746 72.1988830566406 10.0902280807495
v -13.945143699646 73.2938003540039 9.62966918945312
v 17.8532752990723 61.703369140625 6.56564855575562
v 24.0110530853271 55.4463691711426 -1.42065465450287
v 19.7034931182861 55.9955024719238 5.40603351593018
v 20.6176872253418 55.2942504882812 4.77336645126343
v 19.7485313415527 82.1010589599609 2.36139249801636
v 0.616185963153839 62.5735092163086 9.39396286010742
v -21.997615814209 70.7381896972656 -1.7209540605545
v -23.0184688568115 59.5128860473633 -0.855754971504211
v 15.6957492828369 54.3897743225098 9.54911994934082
v 0.476658523082733 69.6597518920898 9.86125564575195
v 1.89542317390442 69.8118057250977 9.83911514282227
v -2.02060103416443 83.6896286010742 11.1267328262329
v -15.3863325119019 65.0310668945312 9.19429969787598
v -17.0315933227539 51.9566116333008 8.5577917098999
v -20.2992553710938 81.3015594482422 -1.63877475261688
v 13.2346467971802 76.5319519042969 9.52562236785889
v 14.1728925704956 76.8901672363281 9.20782279968262
v -14.7559022903442 84.2695617675781 8.41556549072266
v -24.6032028198242 40.7734031677246 -0.299944519996643
v -23.3785209655762 48.3219337463379 0.556082248687744
v 1.3090888261795 46.2442665100098 9.39071178436279
v 9.86815929412842 76.7082061767578 9.79330158233643
v 11.1034126281738 76.9801406860352 9.77423477172852
v 23.9932193756104 44.1776008605957 3.29418563842773
v 22.6081809997559 61.7789726257324 0.748356401920319
v -2.95927309989929 81.4213104248047 10.3777618408203
v 17.7959156036377 81.7379913330078 5.91043901443481
v 18.6008892059326 58.037712097168 6.14856672286987
v -21.4667663574219 70.6879806518555 -0.0585720613598824
v -17.3095569610596 48.8679428100586 9.21246337890625
v -22.6369152069092 61.6995048522949 -0.644424200057983
v -19.4028167724609 39.9770774841309 8.920973777771
v 19.8677883148193 74.1055145263672 3.85436463356018
v 19.2021942138672 74.2084503173828 4.84597682952881
v -17.3082866668701 49.8922462463379 8.92248439788818
v -23.6827220916748 44.1099967956543 2.18440771102905
v 14.9107961654663 79.4746170043945 8.58472728729248
v -8.08389949798584 80.8804779052734 9.79929828643799
v 20.5692596435547 62.6519775390625 4.07557535171509
v 19.2741222381592 84.8812713623047 1.76584494113922
v 19.3582515716553 85.0730514526367 0.682782530784607
v 24.7439193725586 49.5196380615234 -6.21261310577393
v -3.85829329490662 39.4469184875488 10.2304086685181
v -25.219352722168 36.9596939086914 -5.37807559967041
v -3.17649960517883 67.1028060913086 9.80591011047363
v -19.5060157775879 38.7541427612305 8.25306606292725
v 21.0689811706543 47.1617126464844 5.1659517288208
v -13.2816219329834 62.1632614135742 9.84218692779541
v -2.56922793388367 68.510986328125 9.87702941894531
v -1.2791576385498 69.2906341552734 9.88643360137939
v 3.51123642921448 79.8795852661133 9.37525463104248
v 0.487631738185883 59.4192771911621 9.17191314697266
v -0.735721468925476 59.0122909545898 9.26086044311523
v 24.2076740264893 56.874584197998 -2.36866211891174
v 17.4264965057373 69.5400390625 7.003662109375
v 17.6532459259033 70.6840438842773 6.75442934036255
v 17.9063377380371 71.7477874755859 6.48985433578491
v -0.999587655067444 82.687744140625 10.9532785415649
v -17.9663791656494 46.2331428527832 8.70177173614502
v -17.6486797332764 46.6376152038574 9.1755485534668
v -17.6708126068115 45.6454658508301 9.29317760467529
v 23.2714347839355 58.7027053833008 -0.43017303943634
v 6.87644290924072 44.24365234375 9.61085510253906
v 19.1382236480713 69.3481292724609 5.00642871856689
v -19.0328693389893 42.0786056518555 6.91981554031372
v -22.6915588378906 58.8779563903809 -4.21274423599243
v -16.4554176330566 54.7524719238281 9.3023042678833
v -4.87381935119629 78.1480178833008 10.2407522201538
v -18.3004589080811 40.8363800048828 7.13990068435669
v 21.0027275085449 72.6037139892578 2.0096263885498
v -15.2855453491211 52.9574317932129 9.96112155914307
v -14.2738914489746 52.802188873291 10.0683975219727
v -14.0304403305054 54.136157989502 10.1065826416016
v -24.8184471130371 49.8929595947266 -2.35330295562744
v 19.4939670562744 82.6894760131836 2.80288457870483
v 14.6544456481934 61.4855804443359 9.46865367889404
v -11.0389842987061 82.081413269043 9.8856029510498
v -10.6751184463501 81.3322906494141 10.0112829208374
v -15.3309631347656 42.9905433654785 9.82096576690674
v -17.2828941345215 43.1792945861816 9.71835422515869
v 8.90296173095703 42.8723945617676 9.77123069763184
v 25.153600692749 42.4615097045898 2.15722036361694
v -12.5424537658691 81.5903244018555 9.79630279541016
v -4.94565916061401 83.0985260009766 10.5091009140015
v -4.54658699035645 83.9928894042969 10.4640493392944
v 18.2876434326172 55.5892066955566 6.72623872756958
v -22.1174449920654 41.7959175109863 6.53347301483154
v -20.237268447876 43.2565040588379 6.83994722366333
v 26.7597770690918 36.1800155639648 -7.566978931427
v -23.6651210784912 45.9905090332031 0.534663259983063
v 23.9013481140137 59.5521049499512 -5.18022632598877
v -16.2598171234131 56.6252517700195 9.22422695159912
v -8.19490337371826 72.0809097290039 10.2834377288818
v 0.948731303215027 68.5322189331055 9.78010940551758
v -18.1203231811523 44.0746269226074 9.24978065490723
v -24.6812934875488 48.0340232849121 -1.55445849895477
v -7.5946888923645 79.8255462646484 10.2969617843628
v -23.1376285552979 54.4275550842285 -0.221713587641716
v 14.5807723999023 37.1593246459961 10.5470848083496
v 1.68153691291809 39.5882911682129 10.2069635391235
v -11.3705444335938 67.8086166381836 9.94096374511719
v 9.00116157531738 55.254711151123 9.78866100311279
v -22.74973487854 56.1096954345703 -4.42882204055786
v -2.8523313999176 43.097484588623 9.70670032501221
v -10.3839740753174 45.6273727416992 9.68219089508057
v -24.2262401580811 38.3328018188477 5.03201484680176
v -24.5191478729248 40.2526893615723 0.40940997004509
v 18.4478511810303 70.555061340332 5.76536798477173
v -5.53862476348877 42.3066902160645 9.82040500640869
v -7.28938913345337 45.6978149414062 9.51743984222412
v -19.1122417449951 71.365966796875 5.48780584335327
v -18.226188659668 41.7390823364258 7.67530918121338
v -11.8611917495728 84.9741744995117 9.32344341278076
v 22.1860542297363 65.8948669433594 -0.0575746074318886
v 5.59151887893677 60.1495552062988 9.61425495147705
v 4.37831544876099 59.8528175354004 9.22021484375
v 11.2566967010498 47.6866569519043 9.96799945831299
v 22.8893013000488 54.5482940673828 2.96385502815247
v 9.06448554992676 80.7898635864258 9.29110527038574
v 7.74279356002808 72.4293060302734 9.8655424118042
v 0.770741164684296 58.1125564575195 9.08497428894043
v -18.6657733917236 49.9056434631348 7.08768844604492
v -20.661657333374 49.7538871765137 6.66536331176758
v -18.9351062774658 49.060115814209 7.04857778549194
v -3.15267205238342 72.370964050293 10.1317930221558
v 11.0363235473633 51.2582092285156 10.0026407241821
v 18.1310920715332 68.3583068847656 6.02668571472168
v -24.0627174377441 44.6028594970703 -0.0854946449398994
v -5.54979181289673 77.2636871337891 10.1681966781616
v 3.24870753288269 80.5027618408203 9.41977024078369
v 8.15904235839844 58.7090911865234 9.76679039001465
v 24.9652976989746 53.7332382202148 -3.20801711082458
v -9.022385597229 80.7229156494141 9.97175788879395
v 23.9784927368164 58.5082855224609 -2.43957901000977
v -18.0734119415283 85.2600173950195 4.80356788635254
v -18.5214462280273 77.6061630249023 5.9354362487793
v 17.6900310516357 85.7637405395508 4.94084167480469
v -17.348669052124 49.4378890991211 8.45658206939697
v -17.5624160766602 48.4733543395996 8.67883396148682
v -17.7142314910889 47.1083374023438 8.37366104125977
v 19.8239803314209 78.3585891723633 3.60142731666565
v 19.6783561706543 77.0545349121094 4.03537559509277
v 22.4046287536621 63.5604934692383 0.482433766126633
v -0.682665705680847 40.1045341491699 10.1330423355103
v -1.70811092853546 39.3020248413086 10.2530469894409
v -1.61561906337738 66.2058868408203 9.69510936737061
v 25.4001960754395 37.7335090637207 2.7384307384491
v -21.1197147369385 77.6299362182617 -2.12947750091553
v -18.2980728149414 41.8464469909668 9.57986450195312
v -1.66854751110077 57.9911079406738 9.07679843902588
v -5.18309211730957 52.5177192687988 9.2994270324707
v -7.89220285415649 51.8644332885742 9.62002086639404
v -6.6473536491394 53.158317565918 9.51917552947998
v 9.53486251831055 58.5838623046875 9.9336051940918
v 25.0053062438965 43.7905311584473 -6.4253625869751
v 19.5355587005615 83.5896530151367 2.04346752166748
v 11.4928178787231 38.0911178588867 10.8364877700806
v 23.6108055114746 60.4988059997559 -2.49258232116699
v -17.0278034210205 76.6200637817383 7.60258388519287
v -23.8853092193604 47.385799407959 -4.87084436416626
v -25.3966693878174 45.6995048522949 -3.56615376472473
v -25.4239444732666 45.992504119873 -2.64266896247864
v 18.2174739837646 54.0783500671387 6.97509670257568
v -0.345358997583389 45.5704002380371 9.42219734191895
v 20.9204883575439 41.9867897033691 5.93852949142456
v -16.4729785919189 57.860710144043 8.54036140441895
v -15.4095773696899 66.3069763183594 9.09609699249268
v -25.49977684021 44.4366989135742 -2.3946681022644
v -18.0752773284912 41.2941436767578 7.38953638076782
v -18.7048530578613 40.2427864074707 7.82308864593506
v -23.9909362792969 39.8869323730469 5.04379796981812
v -24.7585906982422 44.3456001281738 -1.19497990608215
v 9.35553932189941 62.9483413696289 9.8139705657959
v -22.5387439727783 66.7963714599609 -1.82412111759186
v 21.1801700592041 58.9461402893066 4.02848148345947
v 22.3919372558594 58.9205360412598 2.63166046142578
v 15.9326839447021 80.1483688354492 7.90249824523926
v 23.2737770080566 53.1285934448242 2.76716303825378
v -11.4118385314941 44.225528717041 9.73724174499512
v 7.26408004760742 75.1644134521484 9.89554595947266
v 26.1018524169922 44.042366027832 -6.6134819984436
v 5.14952754974365 80.6247634887695 9.19911956787109
v 4.78695917129517 79.7873077392578 9.52642917633057
v 4.73157453536987 81.0960998535156 9.62251472473145
v 20.8345623016357 39.7130393981934 6.40179252624512
v -10.0519590377808 78.5398254394531 10.3085269927979
v -19.1707973480225 85.9050445556641 0.523155987262726
v -13.5679044723511 72.1285629272461 9.73737716674805
v -19.8348197937012 82.6752090454102 1.50935482978821
v 11.3601264953613 46.7828941345215 10.1969537734985
v -21.9187831878662 66.0899276733398 -0.194742873311043
v -18.0468044281006 74.1690444946289 6.51705074310303
v -17.4152870178223 73.8973388671875 7.20576906204224
v -18.4580535888672 73.7496948242188 5.92857456207275
v -7.95439958572388 40.3089141845703 10.0974683761597
v -8.7035436630249 41.3670959472656 10.0001926422119
v 24.1393775939941 58.3015174865723 -5.36060953140259
v -18.6876964569092 43.3031578063965 6.94974088668823
v 3.89083623886108 44.865234375 9.51279544830322
v 2.48509359359741 45.1418647766113 9.50251865386963
v 13.1548566818237 79.6941604614258 9.278489112854
v 13.1600112915039 78.8894195556641 9.3669900894165
v -20.1654243469238 81.263313293457 1.25224375724792
v -20.2893543243408 81.4371795654297 0.261565834283829
v -20.1234321594238 82.1812896728516 -0.189444825053215
v 0.191446244716644 80.7840728759766 10.0220546722412
v -8.69907093048096 84.3257293701172 10.3233880996704
v 17.8274345397949 56.8711051940918 7.07665395736694
v 9.00110149383545 48.5248947143555 9.51306915283203
v -12.3729047775269 66.8898696899414 9.79179954528809
v 20.4386024475098 69.4486083984375 3.65965008735657
v -19.6684608459473 37.8872909545898 8.20083427429199
v 13.0027761459351 49.7896766662598 10.5587072372437
v 13.2880334854126 48.5894622802734 10.5795488357544
v 25.4676494598389 46.2164726257324 -6.46659755706787
v -21.9856376647949 61.9045944213867 0.341807276010513
v 23.9064807891846 45.1151885986328 3.28750896453857
v -22.0191211700439 62.9994621276855 0.0996328890323639
v -22.1685314178467 63.7884521484375 -0.24875670671463
v -21.396203994751 64.1178512573242 1.10872328281403
v -24.3834838867188 45.9421005249023 -4.84554433822632
v -18.7550926208496 42.1137275695801 9.15929126739502
v 21.7382488250732 69.9305877685547 -0.167948216199875
v -9.17285251617432 51.3535423278809 9.71275424957275
v -21.9486846923828 49.6108551025391 5.92768144607544
v 8.37253379821777 50.9344902038574 9.49075603485107
v 14.2184686660767 69.8805160522461 9.06330585479736
v 21.1788349151611 69.097526550293 2.44228911399841
v 5.84957027435303 73.2067794799805 9.92923831939697
v 6.68961429595947 73.65380859375 9.9253978729248
v 5.74673795700073 72.4385833740234 9.90506172180176
v -2.54018425941467 51.6968460083008 9.09347820281982
v 7.37816858291626 39.552188873291 10.1706323623657
v -20.3331623077393 80.0592041015625 1.4623646736145
v -20.5360012054443 80.0618515014648 -0.109457544982433
v 15.871018409729 45.9381484985352 9.61723232269287
v -24.6095809936523 43.6744232177734 -4.96457195281982
v -8.22136878967285 64.4089813232422 9.95025253295898
v 21.9031276702881 57.6102104187012 3.54206037521362
v 14.7133455276489 66.4343490600586 9.08810997009277
v -22.5287055969238 51.7172660827637 2.78095531463623
v 14.5609121322632 48.250804901123 10.2851610183716
v 22.6348857879639 64.0235977172852 -0.984790682792664
v -20.7968139648438 57.3138465881348 5.91508293151855
v -17.5784816741943 46.2350769042969 7.92857360839844
v -12.549409866333 69.0298309326172 9.80900573730469
v -12.1113977432251 56.5883979797363 10.143985748291
v -11.4176902770996 56.2056770324707 10.1051197052002
v -11.7209138870239 66.3191223144531 9.88011646270752
v -10.6167945861816 66.8049926757812 9.97848320007324
v 13.7350158691406 42.1093063354492 10.5576515197754
v 19.770923614502 75.5736389160156 3.90733504295349
v -24.731481552124 49.2813377380371 -1.79668259620667
v -16.1714878082275 52.9778938293457 9.67677211761475
v 25.4932632446289 43.0224761962891 -0.3132004737854
v 25.6890449523926 41.7846031188965 0.452158540487289
v 25.4383430480957 42.733772277832 1.22141921520233
v 25.5814514160156 38.1352958679199 -6.59211301803589
v 26.9404315948486 38.3070640563965 -7.29358863830566
v -2.46988344192505 62.8841667175293 9.51295280456543
v 12.7651510238647 52.0443801879883 10.5266571044922
v 24.5088024139404 48.3353958129883 1.20265197753906
v 14.0929737091064 64.0970993041992 9.45231056213379
v 18.0940341949463 38.9357795715332 8.31775856018066
v 8.63560771942139 47.6605758666992 9.48295116424561
v -1.01353991031647 72.3404159545898 10.0558881759644
v -24.8686542510986 37.4472694396973 1.89337968826294
v -24.9793796539307 37.0098495483398 0.350944995880127
v 21.0956478118896 52.5950546264648 4.71594572067261
v 14.7396774291992 75.7605590820312 8.97232341766357
v 21.3652572631836 73.5833892822266 -0.384435325860977
v 15.6004772186279 82.8865127563477 7.66585874557495
v 27.0101356506348 39.8044815063477 -6.66557216644287
v -5.96174287796021 79.1919174194336 10.4071769714355
v -5.5413670539856 78.5684432983398 10.3310861587524
v 24.9284248352051 41.1185150146484 2.77873110771179
v 1.71362829208374 65.3604431152344 9.57709407806396
v -2.20666074752808 55.8247261047363 9.04815101623535
v 24.0557479858398 48.3039588928223 2.7487895488739
v 5.55780172348022 47.4810218811035 9.39573192596436
v -19.8559989929199 39.7578392028809 6.7894721031189
v 19.3160991668701 85.4782409667969 -1.38106155395508
v -2.50498723983765 64.560188293457 9.62870121002197
v 11.0403203964233 71.8002548217773 9.76635360717773
v -18.6831226348877 38.0770874023438 7.28728532791138
v 13.1340045928955 40.8547859191895 10.7294187545776
v -15.0969228744507 73.1210632324219 9.02274799346924
v 11.8060350418091 61.0324935913086 9.97515201568604
v -13.578031539917 60.2869834899902 9.91239738464355
v 18.4764537811279 84.5084991455078 4.16070079803467
v -21.2291393280029 43.5779838562012 6.79344129562378
v -24.4772853851318 45.0988273620605 -4.89612102508545
v -2.04638624191284 81.3842468261719 10.4377994537354
v 24.3777408599854 53.8751411437988 -1.87770509719849
v 18.2083358764648 43.4367523193359 7.93620538711548
v 23.6225643157959 61.6726989746094 -3.13989233970642
v -22.1548233032227 55.8555297851562 1.69732320308685
v -0.131516084074974 41.736686706543 9.89055919647217
v 22.997537612915 66.7147598266602 -3.70518374443054
v -7.70111608505249 57.9697685241699 9.85981559753418
v 11.2551651000977 43.6368026733398 10.3115530014038
v -11.5519380569458 59.3525733947754 10.1192359924316
v -11.975396156311 57.949462890625 10.1476154327393
v 11.1774587631226 74.452995300293 9.88995265960693
v -11.1067533493042 71.0547485351562 10.2123937606812
v -20.4183692932129 80.8113784790039 -0.276771157979965
v -21.8430919647217 68.3272247314453 -0.410630315542221
v -13.7949180603027 64.3982925415039 9.63327884674072
v -19.3074035644531 37.555778503418 6.88793420791626
v 3.68526792526245 76.0462188720703 9.85615921020508
v 20.4579238891602 76.5689315795898 2.26667237281799
v 20.8444309234619 76.9245300292969 0.639559805393219
v -8.90647411346436 60.1031723022461 9.98933506011963
v -13.0258979797363 56.6357078552246 10.127326965332
v -14.6964626312256 56.0969581604004 9.99532222747803
v 13.752067565918 39.3020858764648 10.6454486846924
v 12.4253673553467 77.2763671875 9.67708778381348
v 11.7472314834595 46.8578453063965 10.3599195480347
v -9.60294055938721 63.90234375 10.0071134567261
v -9.08542442321777 62.9994239807129 9.98030185699463
v -10.6485738754272 79.9112701416016 10.2006711959839
v -13.8930006027222 58.8229217529297 9.95671844482422
v -14.6386232376099 58.4572563171387 9.86061954498291
v 16.3477382659912 59.1656112670898 8.74329566955566
v 22.8127555847168 38.8728942871094 4.51830911636353
v 22.8906879425049 42.2634353637695 4.14392900466919
v 22.6298046112061 41.1481513977051 4.42734622955322
v -7.0927414894104 84.1300354003906 10.5550231933594
v 24.7973327636719 47.5694732666016 -6.23974418640137
v 21.0776329040527 66.4776611328125 3.03813457489014
v 15.1375379562378 52.9753494262695 9.92410469055176
v -21.1002521514893 67.7294921875 1.05168771743774
v -22.0222072601318 67.355224609375 -0.564573585987091
v -6.74175357818604 64.2468795776367 9.86910724639893
v -7.73288583755493 65.3713989257812 9.94678020477295
v -22.699800491333 60.2001266479492 -4.12772798538208
v -20.7329082489014 67.3111801147461 3.60083842277527
v -16.6107940673828 58.5316581726074 7.83892965316772
v -5.43504428863525 68.663932800293 9.99637794494629
v 17.3630447387695 65.5636901855469 7.08906888961792
v 12.9689617156982 44.6785926818848 10.6265830993652
v 14.0040349960327 67.5134963989258 9.23606967926025
v 13.0424365997314 66.8140258789062 9.41157913208008
v -14.9694585800171 42.1987419128418 9.90192127227783
v -14.5677671432495 41.2989387512207 9.97574234008789
v -24.6869716644287 39.2974395751953 0.197160363197327
v -25.1498908996582 39.7177352905273 -1.05424296855927
v 16.2059288024902 57.5114631652832 8.97951030731201
v 9.44805431365967 66.6330947875977 9.68217372894287
v 20.2937335968018 61.0711135864258 4.47217082977295
v 21.044605255127 61.5517463684082 3.77540421485901
v 16.4655628204346 78.8697357177734 7.63350629806519
v 17.2846603393555 72.9037704467773 7.19463539123535
v -0.0920934900641441 56.2902870178223 9.22177505493164
v -0.573800981044769 55.4526023864746 9.1628942489624
v -15.2582807540894 39.3680839538574 10.1482238769531
v -1.65701627731323 67.7681884765625 9.79896450042725
v -21.5591354370117 74.0267944335938 -1.72032380104065
v 2.05872130393982 41.3912887573242 9.95987033843994
v -26.531587600708 38.1476936340332 -3.11778092384338
v 13.5370721817017 78.0667495727539 9.32581233978271
v 5.22327041625977 83.2048797607422 10.273796081543
v -16.8653678894043 57.6154747009277 7.4512414932251
v 23.7042827606201 61.7458000183105 -4.94981241226196
v 10.2962198257446 75.6702575683594 9.8434534072876
v 6.06361532211304 80.674186706543 9.17757606506348
v 11.5900211334229 58.9198417663574 10.1399574279785
v 12.8425130844116 58.8560638427734 10.0846109390259
v 12.3234090805054 60.0962028503418 10.0209617614746
v -23.6389598846436 44.018985748291 3.07972240447998
v 13.2164697647095 70.3371124267578 9.42514991760254
v 12.7298946380615 69.0769195556641 9.4247579574585
v -16.639030456543 64.4428024291992 7.94331455230713
v 17.7948970794678 59.0396423339844 6.92111539840698
v -24.0757637023926 52.1611595153809 -1.14873361587524
v 12.056999206543 49.2023010253906 10.4286785125732
v -21.7758979797363 72.8040466308594 -2.77569389343262
v -18.1586685180664 72.7160491943359 6.24164724349976
v 26.2243137359619 38.2097549438477 0.400319963693619
v 21.7284450531006 43.2302932739258 4.98834180831909
v -0.494063854217529 61.4809455871582 9.33899879455566
v 22.9218425750732 55.6821556091309 2.60467195510864
v 3.65557789802551 44.0717430114746 9.6023063659668
v 0.834029495716095 43.9656829833984 9.59520816802979
v 6.75517320632935 55.6860847473145 9.60032558441162
v 6.23630619049072 54.952564239502 9.45058250427246
v 5.40828800201416 54.6378021240234 9.21176528930664
v 3.4788544178009 78.1514663696289 9.90859127044678
v -2.68066668510437 52.5944709777832 9.10969066619873
v -22.7517356872559 49.4567031860352 4.35241937637329
v 25.8475093841553 40.7397575378418 0.108815759420395
v 26.0000057220459 39.6900177001953 -0.108014233410358
v 26.0152320861816 40.058765411377 -1.44074356555939
v -21.2708683013916 75.2408905029297 -0.989724636077881
v 10.1453447341919 53.1531143188477 9.8755054473877
v -23.2470378875732 62.0995750427246 -2.33992218971252
v 25.5095348358154 41.3865242004395 1.6762101650238
v 11.0954275131226 40.8401908874512 10.5279350280762
v 11.1603479385376 42.0079498291016 10.4603700637817
v -7.79095792770386 59.0350723266602 9.88162422180176
v -16.7194442749023 67.7344284057617 7.92620611190796
v -23.8557205200195 53.9390182495117 -1.01610112190247
v -0.160344794392586 72.0756149291992 10.0163898468018
v -2.43077778816223 77.1133880615234 10.0113201141357
v 13.3539752960205 61.1581802368164 9.80345153808594
v 25.2385768890381 43.1287155151367 -6.63288974761963
v -1.46944510936737 74.9717483520508 10.1050825119019
v 12.5784664154053 55.193733215332 10.3930759429932
v -18.9127616882324 79.0273208618164 5.14876413345337
v 20.2964839935303 81.4453735351562 -1.47171688079834
v 20.7963905334473 48.1212387084961 5.31071710586548
v 2.52918100357056 81.2314147949219 10.1983337402344
v -20.6035747528076 69.5814666748047 3.59867334365845
v 14.1699562072754 69.1623153686523 9.09312629699707
v -10.1876249313354 69.264274597168 10.1115283966064
v -5.49150514602661 75.6669464111328 10.2519960403442
v -5.599524974823 74.884391784668 10.2916088104248
v 16.3112277984619 66.9431381225586 8.34166622161865
v -23.1276473999023 49.1929740905762 1.0436133146286
v 12.1843738555908 65.8063049316406 9.5760326385498
v 12.5548295974731 61.5082168579102 9.8560152053833
v 12.0688047409058 62.4506378173828 9.81779956817627
v -17.3653602600098 77.6182250976562 7.26265811920166
v -17.8541164398193 78.6004867553711 6.63108777999878
v 16.1595134735107 44.0698585510254 9.39859676361084
v 16.6265354156494 68.3699340820312 7.96204137802124
v 10.3837022781372 56.7941589355469 10.0959739685059
v 11.245361328125 56.5197792053223 10.2245111465454
v 10.7310562133789 55.5609016418457 10.1705093383789
v 24.4076175689697 42.1904602050781 3.17611932754517
v -15.49485206604 54.2316055297852 9.87936115264893
v -17.2738056182861 48.5412406921387 7.38107395172119
v 22.7666168212891 62.6408920288086 -0.751835465431213
v 22.4288520812988 62.4049339294434 1.18844556808472
v 15.1199064254761 56.3938522338867 9.71800422668457
v -20.7003879547119 45.0246734619141 6.86415958404541
v 11.9808082580566 52.8322639465332 10.4497909545898
v -26.2121276855469 37.988582611084 -4.76114654541016
v -26.3331089019775 38.6231956481934 -4.27696657180786
v 1.73140716552734 58.4850883483887 9.10264587402344
v 20.6506690979004 70.2956619262695 3.26506948471069
v 0.348276883363724 48.6818504333496 9.19113349914551
v 16.7296085357666 52.8339920043945 8.84842300415039
v -2.80157327651978 76.0736694335938 10.0797653198242
v -16.493278503418 62.8478126525879 8.20036792755127
v 6.11462640762329 65.2317657470703 9.64084434509277
v 14.1301651000977 45.3007125854492 10.4280767440796
v 15.0913076400757 44.5489196777344 10.0690307617188
v 22.9388084411621 65.046760559082 -2.67897200584412
v -21.6105060577393 56.6622047424316 4.86379051208496
v -23.1916656494141 45.873462677002 4.63205766677856
v -18.242862701416 74.8953628540039 6.32543087005615
v 26.5656661987305 44.2423896789551 -5.51102256774902
v 10.8629550933838 61.964054107666 9.91865158081055
v 26.8246574401855 39.1210975646973 -3.84561538696289
v 24.9209079742432 49.9263343811035 -1.99698543548584
v -22.3394775390625 63.6882438659668 -4.01122522354126
v 11.1992197036743 49.7773895263672 9.94641494750977
v -21.2592887878418 76.4475173950195 -2.162437915802
v -13.8622074127197 63.2147789001465 9.70605945587158
v -12.4392518997192 63.8787460327148 9.8649320602417
v 13.6270809173584 83.9729843139648 8.36985778808594
v 14.5588989257812 65.0935363769531 9.24601459503174
v 10.4975299835205 53.3668518066406 9.99398612976074
v -11.3455028533936 57.4943695068359 10.1181325912476
v -21.2822914123535 36.3947105407715 6.71299314498901
v -3.68080520629883 47.882381439209 9.2987003326416
v -11.1868009567261 50.2632369995117 9.80063629150391
v -12.1551494598389 49.6560859680176 9.80580902099609
v 19.0701122283936 86.4381790161133 0.948422431945801
v 16.0192203521729 53.179801940918 9.41310024261475
v -17.2543792724609 60.5407791137695 7.06465768814087
v 20.1419219970703 72.1192092895508 3.72732472419739
v 27.3159084320068 38.3629684448242 -6.61678314208984
v -2.66922855377197 80.6410369873047 9.63815689086914
v 18.126802444458 67.1913452148438 5.99274587631226
v -23.4384136199951 60.6875343322754 -2.23520493507385
v -20.950439453125 78.4067687988281 -1.91438412666321
v 2.12900686264038 61.0606346130371 9.28355503082275
v -16.9204788208008 52.9291076660156 8.63004875183105
v -16.8022804260254 53.3320007324219 8.24266242980957
v 6.75901412963867 59.4489517211914 9.63390064239502
v 6.644118309021 58.3317260742188 9.63692092895508
v -13.6727676391602 49.6183395385742 9.86241436004639
v 21.618616104126 53.8320274353027 4.27892398834229
v -0.474975913763046 78.6799011230469 10.3346872329712
v 23.5900688171387 55.600658416748 0.261923968791962
v 26.2590713500977 39.2227783203125 -2.1494357585907
v 4.19797992706299 65.0584945678711 9.58013248443604
v -14.0692548751831 51.9278221130371 10.0326814651489
v -13.9525671005249 50.7781639099121 9.95305728912354
v 21.8662166595459 67.6449813842773 0.527459442615509
v -21.131814956665 65.8380508422852 1.43765032291412
v -15.7843370437622 38.1532287597656 10.2574701309204
v 5.05445194244385 73.604866027832 9.94897365570068
v -1.36671853065491 56.6259002685547 9.12502288818359
v -3.76993012428284 56.2552642822266 9.22199821472168
v -9.5952672958374 67.5416412353516 10.0369052886963
v -23.0194110870361 63.5305366516113 -2.72864246368408
v 5.08892297744751 52.8879737854004 9.18067741394043
v 6.97135400772095 81.9350662231445 9.99544906616211
v -19.7541255950928 36.4484481811523 7.98970603942871
v 21.9494113922119 56.5932655334473 3.65035033226013
v 21.9737224578857 55.81005859375 3.73863101005554
v -22.6717948913574 66.2338180541992 -2.55441045761108
v -22.2974071502686 67.0083847045898 -3.543377161026
v -16.1861839294434 66.3762435913086 8.59218978881836
v -15.8813514709473 67.0715026855469 8.78719615936279
v 24.6001014709473 47.6256294250488 1.28943252563477
v 19.7049827575684 52.7610473632812 5.77231311798096
v 7.60873031616211 43.0219078063965 9.74514007568359
v -12.1333856582642 52.7531890869141 10.0045490264893
v -10.9067573547363 52.8868675231934 9.95223140716553
v -12.4763679504395 53.302978515625 10.0497159957886
v 12.9696254730225 74.6580810546875 9.66397190093994
v -22.5646820068359 65.0273742675781 -1.18769073486328
v 16.8009948730469 47.8107109069824 8.87734317779541
v -24.621919631958 36.3970527648926 4.6616849899292
v -19.6539897918701 76.056022644043 4.18850231170654
v -10.0667133331299 64.6024551391602 10.0117950439453
v -11.6121463775635 65.1912155151367 9.90056133270264
v -11.3092088699341 64.2644348144531 9.94877815246582
v -17.2870464324951 47.5371017456055 7.65530490875244
v -17.8380031585693 66.5856323242188 6.43538665771484
v -16.9051551818848 65.6218719482422 7.37407064437866
v -21.2213821411133 38.7116622924805 6.7364239692688
v -16.1866321563721 77.6231994628906 8.2851095199585
v 22.7904148101807 46.3062553405762 3.9907386302948
v 5.29395294189453 81.985969543457 10.3035984039307
v -10.8279190063477 63.2686729431152 10.0229578018188
v -7.55397367477417 78.44921875 10.341118812561
v -23.5285797119141 41.39453125 5.52476787567139
v -15.0319957733154 76.7188110351562 9.08952903747559
v 10.584454536438 52.3703155517578 9.92749309539795
v 19.5406970977783 79.9702224731445 3.73826289176941
v 24.3930072784424 56.17431640625 -2.58804368972778
v 9.90487575531006 64.2413711547852 9.77197742462158
v 1.51674795150757 74.9143829345703 9.98506546020508
v 5.04048919677734 71.9442977905273 9.89596557617188
v 5.55858612060547 74.8204727172852 9.92479705810547
v 24.2557678222656 50.0998458862305 0.951532423496246
v -14.3709211349487 79.9617462158203 9.23349666595459
v 18.3905601501465 80.0345077514648 5.50365400314331
v -3.65198707580566 50.6201934814453 9.16848087310791
v -4.72137546539307 49.701114654541 9.24650764465332
v -3.58795356750488 81.8230819702148 10.4824600219727
v -2.66080045700073 58.8857841491699 9.17159748077393
v -5.18141317367554 58.2532501220703 9.55057239532471
v -23.6897315979004 53.9472351074219 -4.14179754257202
v 18.3721866607666 56.2994003295898 6.56394577026367
v -24.3338031768799 41.0284233093262 -5.14480304718018
v 2.83019256591797 64.3371429443359 9.51292037963867
v -16.8693370819092 42.3174629211426 9.80745887756348
v 20.1878070831299 66.6062316894531 4.14550447463989
v -17.4631175994873 54.5067749023438 7.22913837432861
v -17.1772689819336 53.0862159729004 7.40952205657959
v -0.539511919021606 58.4034080505371 9.26301288604736
v -24.911111831665 45.5634651184082 -1.57014763355255
v 24.1211318969727 46.2636642456055 3.04043483734131
v -1.47054135799408 80.8720245361328 10.0023508071899
v -2.12399339675903 78.7295913696289 10.3201837539673
v 23.2455978393555 64.0031051635742 -3.28998112678528
v -20.5363693237305 74.679931640625 1.95512020587921
v 16.9229030609131 61.7862663269043 7.87697744369507
v 15.8341093063354 64.7387466430664 8.77769756317139
v 19.4633026123047 66.9868621826172 4.81870746612549
v -16.6140022277832 61.4675064086914 7.91960668563843
v -4.03573894500732 54.0759048461914 9.22213745117188
v -20.3004894256592 36.3047561645508 6.73145627975464
v -16.9148273468018 44.7045860290527 9.62456321716309
v -21.1392917633057 72.0113220214844 0.51024466753006
v 23.2777042388916 60.1109809875488 -1.24900162220001
v -17.1255702972412 66.5791702270508 7.06415033340454
v 23.0676307678223 61.4881935119629 -1.27898871898651
v -6.2650933265686 83.0460662841797 10.257417678833
v -7.47809934616089 83.3985137939453 10.1635828018188
v -24.0426082611084 37.4055442810059 5.70951652526855
v -23.9344062805176 36.3336563110352 6.15414381027222
v -22.0428695678711 69.7680206298828 -1.38099718093872
v -6.6903977394104 63.3056755065918 9.84420776367188
v 18.4664344787598 71.8263702392578 5.80304765701294
v -11.7222576141357 53.962963104248 10.0492191314697
v -11.9139518737793 75.8352737426758 10.3355093002319
v 23.3105564117432 55.6634368896484 1.6926908493042
v -25.0474224090576 44.6725196838379 -4.62123203277588
v -18.8973903656006 39.1373710632324 7.80958461761475
v -6.89288663864136 75.8371887207031 10.3151149749756
v -8.19094657897949 75.60693359375 10.3864479064941
v -8.35388469696045 76.5420532226562 10.3493156433105
v 24.3932437896729 49.6033554077148 0.335772275924683
v 1.01014459133148 77.0831146240234 9.82396793365479
v 2.30197954177856 57.4032287597656 9.06067657470703
v -23.0215587615967 47.3874588012695 4.43360805511475
v 21.4722557067871 67.7773666381836 2.06957626342773
v -26.6148567199707 37.4365730285645 -3.06551933288574
v -26.6368427276611 37.1512756347656 -3.82923460006714
v -11.5676889419556 51.6280517578125 9.90811538696289
v -10.5699577331543 54.0934295654297 9.99719142913818
v -23.4671783447266 42.7629661560059 5.25418949127197
v -15.4569492340088 79.8413314819336 8.61981678009033
v -17.9423751831055 43.2531852722168 7.72964000701904
v 14.7519540786743 83.9932479858398 7.90853691101074
v 6.77097845077515 63.7489013671875 9.65170097351074
v 2.5684871673584 59.533260345459 9.18011665344238
v -10.8992700576782 72.7537307739258 10.3622055053711
v -25.8881530761719 43.1450843811035 -3.30204653739929
v -25.3735179901123 43.1251029968262 -1.90041899681091
v -25.6280479431152 43.6423835754395 -2.46977472305298
v -21.555871963501 74.4266967773438 -2.48839712142944
v -2.96606802940369 57.024974822998 9.13956832885742
v -20.8474884033203 77.6757278442383 -0.265447735786438
v -16.4205169677734 72.9415054321289 8.11670017242432
v 1.0887086391449 60.3331336975098 9.23613452911377
v 12.5293531417847 56.4697380065918 10.3158712387085
v 15.7622547149658 45.273853302002 9.68966102600098
v 16.5296020507812 44.9374198913574 9.12471675872803
v -15.9323244094849 59.6994857788086 9.24961471557617
v -9.31546211242676 44.958366394043 9.70021915435791
v 14.0036840438843 82.7174453735352 8.50454044342041
v 16.5318832397461 69.8631057739258 7.96415519714355
v 22.1682739257812 62.7611656188965 1.92952358722687
v 21.7890586853027 62.4591178894043 2.76859641075134
v -4.6613883972168 60.382869720459 9.59207534790039
v 8.37945938110352 78.1258163452148 9.75355529785156
v 20.5688953399658 75.3550415039062 2.28251981735229
v 19.0702075958252 60.7254219055176 5.48051500320435
v 17.8911895751953 60.218505859375 6.65445232391357
v -17.8749694824219 52.0187797546387 7.23099279403687
v -7.4017505645752 47.9227333068848 9.44594669342041
v -8.52836036682129 48.0844116210938 9.57329368591309
v -22.2300720214844 65.564697265625 -3.8441948890686
v -18.8117599487305 44.4152946472168 6.94496536254883
v 27.3859672546387 36.3880920410156 -5.36886548995972
v 8.35101222991943 52.0585479736328 9.53945827484131
v 26.2316856384277 46.4513664245605 -5.2296290397644
v 26.0719909667969 47.3679313659668 -4.59277868270874
v -23.9522533416748 56.8227767944336 -2.38660359382629
v 16.4987316131592 63.2321243286133 8.32714462280273
v 16.8121089935303 51.7358055114746 8.81029796600342
v 24.9300289154053 45.7678337097168 -6.20940399169922
v -2.90251469612122 55.2482414245605 9.10690975189209
v -11.8937540054321 73.7397308349609 10.30539894104
v -22.9393310546875 46.0993957519531 5.41052007675171
v -13.6839408874512 70.0062789916992 9.53964805603027
v 3.37572145462036 59.1289596557617 9.14149570465088
v -19.5985584259033 66.8800354003906 5.59573364257812
v 19.5887565612793 61.9093780517578 5.01599788665771
v 19.8808746337891 63.2667083740234 4.6959981918335
v 16.7353057861328 43.198787689209 8.97543334960938
v 20.4352550506592 59.3326454162598 4.53412628173828
v 19.0259265899658 85.3882827758789 2.25681853294373
v -7.98790264129639 73.3744659423828 10.3402118682861
v 10.3771476745605 73.1864166259766 9.84467315673828
v -24.7719631195068 41.6008796691895 -5.12012434005737
v -7.05304145812988 73.0361328125 10.2964534759521
v -6.37964916229248 72.2862548828125 10.2360963821411
v 14.3300704956055 74.3818664550781 9.21402931213379
v 19.7469329833984 81.183464050293 2.97894644737244
v -16.8189125061035 53.6946334838867 8.97495555877686
v -22.0578880310059 64.4827728271484 -0.193393215537071
v 25.6688442230225 35.5813407897949 -6.45447635650635
v -23.8491687774658 35.2372932434082 -4.42451906204224
v -19.9783668518066 37.2579116821289 8.41306972503662
v -16.5343933105469 79.0946197509766 7.893967628479
v 25.1736545562744 48.6834716796875 -2.28009629249573
v 25.5153961181641 47.6904487609863 -2.7559540271759
v 25.8407783508301 48.2110290527344 -3.81709027290344
v 1.46812152862549 71.8655242919922 9.96295261383057
v -6.32101106643677 55.2444725036621 9.56281852722168
v 16.8607940673828 38.6720428466797 9.1250057220459
v -23.2630615234375 60.1349716186523 -1.35044944286346
v -6.40471220016479 69.6987762451172 10.0878305435181
v 27.5075283050537 36.0937614440918 -6.88311386108398
v -24.2717399597168 49.4535484313965 -1.16371500492096
v -14.6133317947388 69.7139434814453 9.23476505279541
v -14.4293947219849 71.0810241699219 9.2917308807373
v -14.5261240005493 75.4956436157227 9.40062713623047
v -13.3538703918457 74.674446105957 9.92221355438232
v 22.2697238922119 64.8508987426758 0.321827679872513
v 15.1329593658447 78.0742797851562 8.60901927947998
v 2.61530780792236 72.4057464599609 9.96002578735352
v -20.4261856079102 68.6102066040039 4.31336545944214
v 7.91824722290039 62.4511756896973 9.71553039550781
v 21.3597297668457 63.7917404174805 3.14406991004944
v 7.64950895309448 71.0380249023438 9.80907249450684
v 18.3265590667725 52.7537155151367 7.04631567001343
v 17.3766059875488 67.8119125366211 7.0584716796875
v -8.75606250762939 82.7139663696289 9.94014644622803
v 11.3919820785522 70.3818740844727 9.64055156707764
v 10.2032051086426 70.157585144043 9.70193958282471
v -19.7280693054199 79.3536071777344 3.55282878875732
v 27.0130233764648 41.0104179382324 -5.04562330245972
v 20.4388751983643 60.3938903808594 4.4264497756958
v 19.7379627227783 60.5484390258789 4.96676206588745
v 26.3677101135254 44.887393951416 -4.34452295303345
v 26.3764724731445 43.8795280456543 -3.85831761360168
v 2.00598168373108 77.9879837036133 9.90122509002686
v -22.8323287963867 64.842399597168 -2.77337193489075
v 13.6276359558105 52.686695098877 10.4294672012329
v 25.8747997283936 46.8453521728516 -3.35115146636963
v -22.5697841644287 62.4450645446777 -3.93126130104065
v 16.8152561187744 64.4068908691406 7.88623476028442
v 17.3677234649658 64.1646118164062 7.14485025405884
v -26.3598213195801 36.140811920166 -4.95054054260254
v 25.74462890625 49.6191596984863 -4.74056720733643
v 23.2647457122803 49.883472442627 3.40619730949402
v -13.2335767745972 42.8533592224121 9.86759757995605
v -5.86277389526367 61.6267280578613 9.74142074584961
v -20.7759895324707 78.6800918579102 -0.645889937877655
v 11.7657108306885 78.3306350708008 9.61924743652344
v -13.0207185745239 65.6264953613281 9.72286415100098
v 15.7275466918945 85.1990661621094 7.04830169677734
v -23.3879852294922 49.9271507263184 0.039896834641695
v 15.1280698776245 38.08740234375 10.3046140670776
v -21.1810035705566 63.7468605041504 1.9561812877655
v 5.51871109008789 57.7114562988281 9.46986293792725
v 3.9422025680542 66.2402877807617 9.63050746917725
v 3.68412399291992 83.6926498413086 10.8718404769897
v -14.6364078521729 60.8725967407227 9.69635963439941
v -16.3057861328125 62.3078231811523 8.61884498596191
v 7.93714666366577 56.123104095459 9.72856712341309
v -2.07479119300842 75.7362213134766 10.0696697235107
v -7.89016819000244 39.4091453552246 10.2494821548462
v -18.9862480163574 74.0703964233398 5.30890512466431
v -19.2218227386475 74.730224609375 4.97166776657104
v -24.8996086120605 48.6184349060059 -1.98934400081635
v -20.0055980682373 73.8674392700195 4.16432237625122
v 6.04447746276855 79.3357086181641 9.80899047851562
v -20.6503753662109 78.887092590332 0.56348729133606
v -15.2878761291504 58.6486206054688 9.65738201141357
v -20.6692276000977 77.8764724731445 0.863790452480316
v -7.47612571716309 42.4921913146973 9.80243587493896
v 15.3609266281128 68.0153121948242 8.77416515350342
v -5.43413019180298 73.4299087524414 10.2682695388794
v -20.3122692108154 36.3371772766113 8.9135913848877
v -14.6175394058228 66.4502182006836 9.37176132202148
v -14.1619272232056 65.3566360473633 9.51480960845947
v -23.0756511688232 62.3306312561035 -3.09186363220215
v 17.1174354553223 41.5945739746094 8.75034141540527
v 16.9822044372559 66.409049987793 7.60873126983643
v -21.4449901580811 60.2968788146973 2.44575929641724
v 4.17840671539307 60.9965705871582 9.31420135498047
v -26.4287052154541 38.7531585693359 -3.52389168739319
v 12.443507194519 67.9452514648438 9.44776821136475
v -23.2380332946777 51.3682098388672 0.037489864975214
v -8.88119697570801 66.2039794921875 9.9994592666626
v 9.67368984222412 73.7940292358398 9.88245964050293
v 20.0027484893799 49.6451988220215 5.82753419876099
v 20.764591217041 73.9569473266602 2.2272891998291
v 7.13098478317261 49.3723335266113 9.39643096923828
v -22.4567565917969 64.3466644287109 -3.76517963409424
v 13.4626846313477 49.1863594055176 10.556755065918
v -21.6975421905518 73.0272216796875 -1.55170369148254
v -21.9013252258301 71.6998443603516 -1.81410384178162
v -24.1235771179199 42.1391639709473 1.03440511226654
v -1.89003002643585 65.5629653930664 9.66490745544434
v -15.9933643341064 63.632740020752 8.87644577026367
v 15.1111793518066 72.4654083251953 8.78639030456543
v 16.9721240997314 45.824146270752 8.74755573272705
v 10.6687631607056 47.8961715698242 9.67872619628906
v 24.1508235931396 57.6250419616699 -5.59040498733521
v -0.663597762584686 81.9990081787109 10.6957836151123
v -17.6142597198486 72.640495300293 6.94623279571533
v -23.3170986175537 56.8714904785156 -0.766305923461914
v -9.25999355316162 78.7323455810547 10.30837059021
v -26.1189613342285 41.1725730895996 -3.49883580207825
v -25.6831760406494 40.6921501159668 -4.75443744659424
v -26.1108913421631 40.0229949951172 -4.29206991195679
v -24.3343162536621 46.64013671875 -0.909549832344055
v -19.0381469726562 86.1145248413086 -1.48241949081421
v 12.3780632019043 72.6772994995117 9.73335742950439
v 13.7873191833496 72.4802551269531 9.37142181396484
v 5.74682188034058 71.0106964111328 9.83909034729004
v 25.6841506958008 38.7935256958008 -6.7741003036499
v -6.46571922302246 59.1550941467285 9.75633907318115
v -6.07804393768311 48.3544921875 9.36048126220703
v 26.3868999481201 37.3888893127441 -0.379841297864914
v 15.2628135681152 80.9472732543945 8.20263767242432
v -14.0779714584351 40.190616607666 10.0733442306519
v -20.944314956665 63.9247016906738 3.80013012886047
v -16.7806797027588 59.9584350585938 7.43864583969116
v -1.64461731910706 59.2911491394043 9.17004203796387
v -6.7512412071228 58.1094398498535 9.75758457183838
v 21.6073627471924 40.8196487426758 5.44098329544067
v 7.08018922805786 77.349983215332 9.76121997833252
v -23.3857116699219 37.7165641784668 6.34274911880493
v 16.1547470092773 47.0005073547363 9.43857383728027
v 15.8913888931274 83.9842376708984 7.21920537948608
v -6.77924013137817 81.5736770629883 9.88929080963135
v 11.5369415283203 73.8349456787109 9.8502893447876
v -17.5133590698242 65.3105926513672 6.70316457748413
v 23.8512668609619 56.921215057373 -1.52024447917938
v -10.6585216522217 37.2915420532227 10.5134181976318
v 23.8934268951416 37.7838401794434 3.81087899208069
v -24.3667221069336 50.9188957214355 -3.91780495643616
v 21.3935089111328 49.214714050293 4.80544376373291
v -1.74974894523621 53.8024749755859 9.06612014770508
v -5.05389451980591 54.2680282592773 9.33517742156982
v -8.68473720550537 74.6207122802734 10.3927612304688
v 2.31021189689636 49.6981811523438 9.15968990325928
v 1.99410605430603 48.5872497558594 9.233567237854
v -24.4623851776123 51.0053482055664 -1.65460574626923
v 21.9048080444336 68.8744201660156 -0.461993128061295
v 26.4044570922852 38.5828018188477 -2.38919615745544
v -6.94933843612671 38.7034530639648 10.3509998321533
v -22.8077697753906 57.6287612915039 -4.24554061889648
v -17.6940841674805 47.629508972168 8.82492351531982
v 23.4499816894531 58.0910720825195 -0.796689212322235
v 21.0648765563965 57.7274627685547 4.24433660507202
v 16.9061756134033 70.7497863769531 7.6078987121582
v 15.1469173431396 45.8049583435059 10.0412855148315
v -22.0151329040527 48.9085388183594 5.9729905128479
v 25.5474376678467 49.0495185852051 -3.2428195476532
v -26.3848648071289 36.9771308898926 -2.46186017990112
v -24.4726905822754 41.5802345275879 -0.195863306522369
v 4.7063570022583 77.7835464477539 9.76753520965576
v 6.98637199401855 78.2936248779297 9.84899711608887
v 8.30078315734863 77.4915618896484 9.74096488952637
v 6.12990808486938 78.3752212524414 9.88554668426514
v -14.8924121856689 85.6605072021484 8.0317554473877
v 3.75653553009033 78.6649856567383 10.0352363586426
v -20.4074153900146 79.0077285766602 1.74302268028259
v 18.7417812347412 52.3255271911621 6.70515823364258
v -24.885232925415 36.3605079650879 3.20120358467102
v -16.9103927612305 52.4335250854492 7.7996621131897
v -21.7392539978027 57.4799842834473 3.59486269950867
v -21.9427604675293 57.0771751403809 1.92758941650391
v 13.7712049484253 51.2636642456055 10.4600648880005
v 12.2932691574097 51.7127952575684 10.5034675598145
v 17.0602951049805 58.4028282165527 8.04322338104248
v -17.8213901519775 44.8726119995117 7.8745903968811
v -23.6974983215332 58.7677192687988 -2.14226961135864
v -20.6850414276123 76.9045181274414 1.25461316108704
v -20.3612766265869 75.9732208251953 2.63840198516846
v -20.3310394287109 77.097785949707 2.47457528114319
v -22.913387298584 46.7879943847656 5.27252578735352
v -17.0462970733643 50.3029861450195 7.87400341033936
v -16.9768657684326 51.1261367797852 8.06522083282471
v -17.2314949035645 50.7908172607422 7.41707563400269
v 5.37994575500488 75.7815856933594 9.86831188201904
v 21.504243850708 65.179443359375 2.69179773330688
v -3.69722890853882 83.9656524658203 10.6798076629639
v -3.55250549316406 78.1267700195312 10.2090768814087
v 15.309549331665 74.860466003418 8.7074499130249
v 9.13530254364014 83.9767837524414 9.27075004577637
v 25.7596435546875 47.1940231323242 -6.15948057174683
v 6.42168521881104 84.0182113647461 10.0977954864502
v 20.4709014892578 78.6919708251953 1.76116466522217
v 6.38244247436523 40.6480827331543 10.0420665740967
v -16.411169052124 59.019588470459 8.67255020141602
v 15.184193611145 55.3370819091797 9.75869655609131
v 16.9224853515625 77.3505706787109 7.43483400344849
v 20.5398063659668 51.267333984375 5.23231887817383
v -9.8526029586792 82.4485092163086 9.95161914825439
v 20.4764156341553 45.5448913574219 5.76418828964233
v -17.6278629302979 75.3891143798828 7.01894569396973
v 19.8930110931396 82.332389831543 1.45150363445282
v 18.6007919311523 76.8771438598633 5.66269588470459
v -1.92992520332336 79.4865112304688 9.99949550628662
v -23.7096576690674 57.4590644836426 -1.5353627204895
v -20.9889240264893 64.979736328125 2.6321427822113
v -20.902961730957 65.3856506347656 3.41253089904785
v -25.7793006896973 38.0717315673828 -1.74997103214264
v -5.15003156661987 63.7207832336426 9.75232219696045
v 20.1621322631836 78.290771484375 2.77209997177124
v -10.4365453720093 62.3223075866699 10.0458669662476
v -13.6848154067993 106.407836914062 -1.13475680351257
v -13.1779909133911 106.473625183105 -2.35958814620972
v -12.5420999526978 106.528549194336 -3.52777981758118
v -11.8094091415405 106.576332092285 -4.64878511428833
v -10.9765472412109 106.59595489502 -5.70607471466064
v -10.0475511550903 106.597434997559 -6.67891216278076
v -9.01410675048828 106.580009460449 -7.48600578308105
v -7.86574125289917 106.543037414551 -8.03720760345459
v -6.64407587051392 106.503303527832 -8.39138698577881
v -5.39410972595215 106.478744506836 -8.60904788970947
v -4.09356117248535 106.462936401367 -8.67410087585449
v -2.76891756057739 106.468460083008 -8.63657760620117
v -1.43299198150635 106.482597351074 -8.62453079223633
v -0.105045802891254 106.476600646973 -8.62965679168701
v 1.21392452716827 106.456596374512 -8.66065692901611
v 2.52546739578247 106.448928833008 -8.71590900421143
v 3.82542395591736 106.469429016113 -8.79403018951416
v 5.10658168792725 106.50756072998 -8.81482696533203
v 6.33738422393799 106.526542663574 -8.6687593460083
v 7.53707838058472 106.547004699707 -8.37752914428711
v 8.70514488220215 106.570121765137 -7.95427370071411
v 9.81210994720459 106.576301574707 -7.33914279937744
v 10.8142194747925 106.545867919922 -6.52447128295898
v 11.7070512771606 106.504943847656 -5.56971120834351
v 12.5156879425049 106.449325561523 -4.53435659408569
v 13.2365884780884 106.373573303223 -3.44495868682861
v 13.8746547698975 106.283012390137 -2.3130578994751
v 14.3303346633911 106.157211303711 -1.11144733428955
v 1.76910865306854 97.8058547973633 -10.6912059783936
v -9.16752910614014 95.812141418457 -10.7114057540894
v 11.4134206771851 95.153564453125 -10.6851797103882
v 10.1935911178589 100.764724731445 -8.34835338592529
v -5.80713129043579 101.020156860352 -8.71684741973877
v -1.29246127605438 93.566520690918 -12.6823215484619
v 3.41572999954224 102.040802001953 -8.85882949829102
v -11.5209550857544 102.511039733887 -6.40703964233398
v -12.5233459472656 98.6683197021484 -7.04378461837769
v -14.4113845825195 92.9346771240234 -8.98222160339355
v 5.67928791046143 92.8380966186523 -13.1504306793213
v -7.79876136779785 92.5422439575195 -12.7639760971069
v 14.5104103088379 97.3195419311523 -6.81531000137329
v -3.56756734848022 96.7198257446289 -11.0465383529663
v 15.5452289581299 92.1430969238281 -8.47226715087891
v 13.3644065856934 102.927024841309 -5.3518271446228
v -1.70275318622589 103.100929260254 -8.48424911499023
v 8.2281494140625 103.528549194336 -8.28190231323242
v 7.6130485534668 97.867301940918 -10.1578454971313
v -0.469053775072098 100.39958190918 -9.22585487365723
v -7.28627252578735 103.638221740723 -7.99565887451172
v -13.7843427658081 95.9165573120117 -8.02786445617676
v -7.22890043258667 98.3871917724609 -9.58022022247314
v 14.1031789779663 99.9870986938477 -5.50533437728882
v 10.9954538345337 92.166145324707 -12.194356918335
v 2.87322020530701 95.2191543579102 -12.0090055465698
v 6.26149988174438 100.265525817871 -9.2325553894043
v 15.2352905273438 94.8871688842773 -7.74568462371826
v -9.47659873962402 100.157318115234 -8.20531845092773
v -3.57514142990112 91.3512878417969 -13.5276355743408
v 1.52844274044037 91.3557434082031 -13.6548728942871
v -13.8532314300537 100.58039855957 -4.51710224151611
v 1.8013641834259 104.13200378418 -8.39701652526855
v -5.8333306312561 94.6094360351562 -11.979344367981
v 7.06718730926514 95.0219802856445 -11.9395046234131
v -13.0948677062988 104.135360717773 -3.95220685005188
v -3.68989706039429 99.2856674194336 -9.63347721099854
v -11.8176746368408 91.3475646972656 -11.7138671875
v -10.1877021789551 104.451072692871 -6.85085916519165
v -15.1484489440918 97.4889831542969 -4.98725509643555
v 11.1644525527954 98.552001953125 -8.62330055236816
v 5.08008289337158 103.811134338379 -8.55775928497314
v -16.3056488037109 94.1776428222656 -5.82607507705688
v -16.3064670562744 90.7911071777344 -7.17921495437622
v 2.83608341217041 99.7905502319336 -9.59700489044189
v 14.0762977600098 104.283020019531 -3.20143628120422
v -11.039363861084 97.2372436523438 -9.00140285491943
v 8.04806995391846 91.0375213623047 -13.6228008270264
v 11.5862226486206 104.556213378906 -6.43978834152222
v 4.9782772064209 96.7647933959961 -11.078763961792
v -0.493930786848068 95.5786895751953 -11.8704195022583
v -8.43690490722656 101.926383972168 -8.14287853240967
v -12.1515464782715 94.5886840820312 -10.0740919113159
v 17.2101707458496 92.8524322509766 -5.51582813262939
v 2.33556389808655 93.3136138916016 -12.8754415512085
v -3.40405082702637 104.623161315918 -8.3526668548584
v 10.9252700805664 102.644203186035 -7.59344720840454
v 16.4924240112305 95.8933258056641 -5.08376169204712
v 15.8302507400513 97.7912368774414 -4.16988801956177
v 16.8546257019043 90.0593490600586 -6.91197538375854
v 10.5312948226929 96.9042129516602 -9.95900535583496
v 13.9720773696899 90.6538391113281 -10.6248998641968
v -13.5861911773682 102.350173950195 -4.06103134155273
v -0.971197128295898 98.6572647094727 -10.2058229446411
v 7.74420213699341 101.775215148926 -8.77115726470947
v -4.77731370925903 102.725006103516 -8.48876953125
v -3.00492882728577 101.381065368652 -8.81448841094971
v 14.9160451889038 101.374618530273 -3.53452897071838
v 13.7405986785889 93.7490005493164 -9.82503604888916
v -6.73855924606323 90.7069473266602 -13.6626348495483
v 4.77115869522095 98.5093307495117 -10.149169921875
v 8.57391452789307 93.5251998901367 -12.4720802307129
v 8.61874485015869 99.3694610595703 -9.22916507720947
v -9.43924617767334 94.0477905273438 -11.6163444519043
v -11.6509037017822 100.813117980957 -6.74159955978394
v 0.893577873706818 102.591339111328 -8.61598587036133
v -0.733569741249084 104.666160583496 -8.33365917205811
v -4.90601634979248 93.017822265625 -12.8077211380005
v -6.41081523895264 96.2248611450195 -10.9754686355591
v 12.7958822250366 101.484977722168 -6.5209174156189
v 4.55362129211426 90.5837783813477 -14.026782989502
v 9.37182998657227 104.936668395996 -7.65837287902832
v 13.1670064926147 96.1591339111328 -8.98131656646729
v -16.3581733703613 95.8219375610352 -4.56022262573242
v -14.9424571990967 99.0219802856445 -3.66734337806702
v 15.508111000061 99.3005599975586 -3.31603598594666
v -5.85663366317749 104.91478729248 -8.10071086883545
v 10.9705200195312 90.3287582397461 -12.8216876983643
v 6.916579246521 104.897605895996 -8.23312091827393
v -0.928819000720978 97.1555480957031 -11.0635375976562
v -10.1892442703247 98.6918563842773 -8.50704860687256
v -16.453914642334 92.5159683227539 -6.35735416412354
v -11.785849571228 92.981330871582 -11.0691194534302
v -14.4578304290771 90.4025955200195 -9.86824512481689
v 8.01967239379883 96.4016799926758 -10.9481821060181
v -8.1688175201416 105.005058288574 -7.60714912414551
v 1.67938804626465 101.074760437012 -9.00728702545166
v -3.02585077285767 94.8060607910156 -12.0866451263428
v -9.4276704788208 103.175857543945 -7.56006336212158
v 12.2865056991577 99.7947311401367 -7.37819337844849
v 17.707893371582 90.8372039794922 -4.83794116973877
v 14.8844261169434 102.767158508301 -2.61915898323059
v -13.2469625473022 97.3101119995117 -7.42443037033081
v -14.4499549865723 94.409423828125 -8.23028659820557
v 14.4334516525269 98.5680770874023 -5.85033464431763
v -8.68889904022217 97.2441101074219 -9.88643169403076
v -5.46668767929077 97.5395431518555 -10.3386659622192
v -6.0114688873291 99.6391677856445 -9.16334629058838
v -1.27416253089905 90.2762680053711 -13.9564046859741
v 4.44422435760498 105.130294799805 -8.58033561706543
v 16.878454208374 94.3857650756836 -5.49621820449829
v 11.3851718902588 93.6530532836914 -11.4008359909058
v 5.53414011001587 101.603080749512 -8.95502090454102
v 13.4375314712524 92.1479034423828 -10.618673324585
v -9.69665718078613 90.4675598144531 -13.0710248947144
v 4.59340333938599 94.0910720825195 -12.5673942565918
v 1.50297272205353 96.3959503173828 -11.4385786056519
v -11.5940532684326 105.171562194824 -5.38913822174072
v 0.825259447097778 94.4393615722656 -12.3795471191406
v -14.5716142654419 101.24690246582 -2.66780853271484
v 6.47603034973145 102.848220825195 -8.68492984771729
v -3.07427835464478 97.9855804443359 -10.4137001037598
v -11.6539068222046 95.9333648681641 -9.58284664154053
v -1.09416329860687 92.0501708984375 -13.3014707565308
v -0.928102374076843 101.906478881836 -8.71932792663574
v 12.583664894104 97.4256286621094 -8.46407604217529
v -17.4154567718506 91.247428894043 -4.73676586151123
v -17.5248947143555 89.6591415405273 -4.96172571182251
v -13.5790958404541 105.008949279785 -2.23618912696838
v 1.93842446804047 89.93896484375 -14.1454181671143
v -14.1509742736816 103.200592041016 -2.45697665214539
v 17.9586353302002 89.059440612793 -4.633469581604
v 0.792787373065948 99.4288024902344 -9.78472232818604
v 3.97589302062988 91.9002075195312 -13.5066757202148
v 10.0717859268188 103.767066955566 -7.64772129058838
v -11.7744207382202 103.890228271484 -5.76279830932617
v -13.5713815689087 99.4225540161133 -5.50670433044434
v -12.8074035644531 101.578125 -5.41909790039062
v 6.71252250671387 99.0610122680664 -9.68736171722412
v 13.0546655654907 104.15641784668 -5.0456337928772
v 3.84976506233215 100.85090637207 -9.14801692962646
v -6.4974684715271 102.14005279541 -8.45630645751953
v 15.4654273986816 93.5284042358398 -8.10160827636719
v 14.8793058395386 96.1895980834961 -7.34237813949585
v 8.13778972625732 100.545341491699 -8.95372104644775
v -17.3824195861816 93.1990280151367 -4.04172372817993
v -3.83483552932739 90.0420379638672 -13.974102973938
v -10.268651008606 101.710800170898 -7.42869138717651
v 8.00118255615234 92.2770843505859 -13.160454750061
v -7.80686664581299 100.825347900391 -8.50072479248047
v -8.04031181335449 99.4386596679688 -8.90886402130127
v -11.2490224838257 99.6226196289062 -7.48498058319092
v -5.44968605041504 103.780693054199 -8.24207401275635
v 13.0997848510742 105.237159729004 -4.18443822860718
v -5.65403413772583 91.8808059692383 -13.267053604126
v 12.9773788452148 98.6317138671875 -7.3460841178894
v 14.3633213043213 104.921989440918 -1.72763645648956
v -12.7374591827393 90.0026626586914 -11.5616903305054
v -15.0087003707886 96.5401611328125 -6.15282201766968
v 2.55311584472656 105.230010986328 -8.48333835601807
v 2.63098049163818 103.083549499512 -8.62551689147949
v -14.9343671798706 100.046112060547 -2.65746855735779
v 15.6738243103027 89.6490936279297 -8.97722721099854
v -4.75220441818237 95.6728973388672 -11.5025310516357
v -6.7564845085144 93.5536422729492 -12.4262199401855
v -7.55220079421997 95.2130279541016 -11.4154024124146
v 0.197202235460281 103.626564025879 -8.43575382232666
v -9.80577754974365 92.858024597168 -12.0800495147705
v -13.7176027297974 91.8309173583984 -10.1052055358887
v 6.60816383361816 93.8765335083008 -12.5989570617676
v 5.05017280578613 95.5956649780273 -11.7520952224731
v 9.33220767974854 94.6994094848633 -11.7085256576538
v 13.2474870681763 94.9798355102539 -9.61137676239014
v 10.4840097427368 99.636589050293 -8.50098896026611
v 9.47241020202637 98.3335418701172 -9.46494388580322
v -12.6062622070312 105.354103088379 -3.84376740455627
v 15.6388597488403 90.8481063842773 -8.68942642211914
v -15.5414199829102 95.3627853393555 -6.30957889556885
v -4.49698400497437 100.271011352539 -9.06474494934082
v -2.53117704391479 100.219512939453 -9.27075481414795
v -5.30720186233521 98.5872039794922 -9.78989219665527
v 9.64669036865234 101.881683349609 -8.32278728485107
v 5.80103826522827 91.536003112793 -13.6844615936279
v -9.91672706604004 91.6605072021484 -12.5366773605347
v -2.04643297195435 105.411819458008 -8.36647605895996
v 9.56777477264404 95.7559280395508 -11.0264730453491
v 17.6691379547119 93.5217971801758 -3.95358467102051
v -17.067777633667 94.6994400024414 -3.86759853363037
v 12.8315763473511 89.7947616577148 -11.8202877044678
v 16.7212333679199 96.6434936523438 -3.46193218231201
v 0.823816895484924 92.4800796508789 -13.1767129898071
v -2.5731201171875 92.7345809936523 -12.9830532073975
v -9.60936260223389 105.500915527344 -6.99669742584229
v 11.9167461395264 103.431869506836 -6.63408136367798
v -14.0883560180664 98.3429565429688 -5.71787977218628
v -16.3470363616943 96.7742156982422 -3.44137573242188
v -15.747462272644 97.97802734375 -3.10716938972473
v -15.4780130386353 91.8237457275391 -8.14201831817627
v -15.9220638275146 89.7806015014648 -8.14044857025146
v 0.735296070575714 105.336128234863 -8.4123706817627
v 13.8666067123413 101.804702758789 -5.18010711669922
v 16.8633632659912 91.1785202026367 -6.5847430229187
v -3.46811676025391 103.52449798584 -8.43288421630859
v 17.3881320953369 94.7715148925781 -3.90081119537354
v 9.25968837738037 89.8794403076172 -13.6872253417969
v 2.92138051986694 98.6729431152344 -10.1713800430298
v 3.63135623931885 97.6716918945312 -10.6675806045532
v 4.76358795166016 99.6119384765625 -9.5916166305542
v 15.3399982452393 101.672515869141 -1.8930516242981
v 6.7647852897644 89.8673782348633 -14.2189989089966
v 14.0578336715698 103.372207641602 -4.01644802093506
v -15.6497049331665 93.4931716918945 -7.24458694458008
v 4.79867744445801 102.765350341797 -8.75791454315186
v 3.50211310386658 103.942367553711 -8.54767036437988
v 6.68958806991577 103.855255126953 -8.40116405487061
v -8.86619186401367 104.105895996094 -7.53502893447876
v 14.8239660263062 103.638458251953 -1.82115459442139
v 15.566798210144 100.290138244629 -2.43907523155212
v 14.9110660552979 100.412368774414 -4.0713996887207
v -12.8977327346802 103.247398376465 -4.73071575164795
v 9.41510486602783 91.6288604736328 -13.0541858673096
v 15.7951154708862 96.9778137207031 -5.26968860626221
v 10.6251783370972 105.467613220215 -6.88756513595581
v 12.0455617904663 105.411804199219 -5.53914880752563
v 8.11426162719727 105.56559753418 -8.0109395980835
v 3.22128200531006 96.1444549560547 -11.5147867202759
v 6.50143671035767 97.1147537231445 -10.7300901412964
v -4.1794171333313 94.0624694824219 -12.371036529541
v -10.7944622039795 103.381134033203 -6.74516105651855
v -2.54645657539368 102.290962219238 -8.61946487426758
v 12.2622880935669 102.485107421875 -6.70521259307861
v -12.0144119262695 97.934684753418 -7.9368724822998
v -10.1604423522949 96.6108703613281 -9.85354232788086
v -1.28363084793091 94.6701049804688 -12.2459192276001
v 1.18279755115509 95.430061340332 -11.9288129806519
v -2.55620956420898 95.8504104614258 -11.6061983108521
v 11.8784742355347 100.831687927246 -7.41184139251709
v 9.43143558502197 102.881072998047 -8.16309452056885
v 14.4260015487671 102.370063781738 -3.97432231903076
v 12.26207447052 91.0286483764648 -11.8448877334595
v -4.70548152923584 105.553039550781 -8.36072731018066
v 15.9373435974121 95.4565658569336 -6.43085432052612
v 16.109411239624 98.3557891845703 -2.40243196487427
v -14.5593690872192 102.180656433105 -1.97902131080627
v -7.09172868728638 97.4435272216797 -10.1201095581055
v -8.71312713623047 98.5731658935547 -9.12072277069092
v -9.24237537384033 101.110328674316 -8.03871154785156
v -12.6544437408447 96.6266784667969 -8.46432113647461
v -13.5128355026245 93.870002746582 -9.44088649749756
v -13.2023277282715 95.1732025146484 -8.97018909454346
v -10.7618608474731 95.2978286743164 -10.4621286392212
v -8.1003999710083 102.839668273926 -8.06601047515869
v -5.09820795059204 101.819320678711 -8.62650012969971
v -9.79537105560303 97.8504409790039 -9.15923023223877
v -5.51273059844971 89.7945861816406 -14.0245161056519
v 16.4911422729492 92.5372009277344 -6.96382856369019
v 17.9421310424805 91.7925796508789 -3.83002948760986
v -2.09237289428711 104.059875488281 -8.36063194274902
v -12.8037214279175 100.285491943359 -5.90937995910645
v -13.8240432739258 104.129280090332 -2.54472517967224
v 11.0421123504639 97.6839828491211 -9.20456981658936
v 8.86450958251953 97.1867141723633 -10.2942953109741
v 11.6431436538696 96.1192092895508 -9.95701217651367
v 17.2096176147461 95.6547622680664 -3.25363278388977
v 6.63658571243286 95.9104232788086 -11.4477434158325
v -2.11624550819397 99.3157196044922 -9.77175521850586
v 17.279935836792 88.9785385131836 -6.34046316146851
v -8.23264312744141 89.8567123413086 -13.7059631347656
v -7.21351099014282 105.671188354492 -7.92951583862305
v 11.5254430770874 101.760238647461 -7.43414974212646
v 0.148698017001152 101.262741088867 -8.87714576721191
v 14.896336555481 99.1741790771484 -4.74822044372559
v 16.542121887207 97.3786163330078 -2.58620595932007
v 13.0601167678833 100.411003112793 -6.54695892333984
v 0.477181404829025 90.6021575927734 -13.895209312439
v 2.9500994682312 94.238395690918 -12.4797306060791
v 3.98759269714355 92.9144897460938 -13.091103553772
v -6.09265279769897 102.995239257812 -8.32975387573242
v -7.81872749328613 91.4892349243164 -13.2129230499268
v 2.57014989852905 97.0455169677734 -11.0589847564697
v 6.75695276260376 101.122024536133 -8.98109817504883
v 7.87837839126587 102.679313659668 -8.57203102111816
v 13.4304943084717 99.3355865478516 -6.56003284454346
v 0.456671237945557 93.4796676635742 -12.7673854827881
v 5.68986129760742 105.629615783691 -8.52021503448486
v -13.7577285766602 101.446884155273 -4.19588994979858
v -1.41092121601105 101.097503662109 -8.87973403930664
v 0.067628987133503 97.9269332885742 -10.670859336853
v 3.66156911849976 89.6735229492188 -14.2776470184326
v 14.2173690795898 89.4568176269531 -10.7134246826172
v -12.4743137359619 99.5059814453125 -6.59349632263184
v 0.0848604366183281 89.5965957641602 -14.1996755599976
v 13.7609834671021 96.809684753418 -8.02166748046875
v 0.984830737113953 100.313346862793 -9.31335258483887
v -0.623546123504639 105.594093322754 -8.40779304504395
v 16.2989749908447 94.0763320922852 -6.74528408050537
v -7.92620229721069 96.4417419433594 -10.568678855896
v -4.9055061340332 90.7993087768555 -13.70876121521
v -12.6495399475098 102.451484680176 -5.3132209777832
v 5.22445964813232 97.6442794799805 -10.5747556686401
v -0.667964398860931 99.5240020751953 -9.70364761352539
v 14.0767726898193 100.885139465332 -5.24747323989868
v -15.5742998123169 98.8349533081055 -2.20617008209229
v -11.4677772521973 101.669296264648 -6.65258026123047
v -10.6698455810547 100.433799743652 -7.53385019302368
v 14.6131772994995 94.3064346313477 -8.74248218536377
v 14.7606735229492 92.9851760864258 -9.10964107513428
v 12.3768005371094 94.3740615844727 -10.5411176681519
v 13.7961626052856 105.105987548828 -2.97997403144836
v -9.11207103729248 94.9389038085938 -11.2442989349365
v -8.55747604370117 93.3544464111328 -12.2187156677246
v -11.0665092468262 93.9757690429688 -11.020546913147
v -17.8778858184814 90.2956390380859 -3.70279002189636
v 3.14147996902466 91.0640411376953 -13.8173112869263
v 9.52798080444336 92.6634674072266 -12.5777654647827
v 15.020528793335 97.7468414306641 -5.7387638092041
v 1.42775797843933 98.6570281982422 -10.2226858139038
v -14.9547119140625 98.2946395874023 -4.44045448303223
v -14.2704448699951 99.732551574707 -4.30681991577148
v 0.644116997718811 97.1117782592773 -11.0949392318726
v 6.25850772857666 98.2469787597656 -10.142954826355
v -17.2809638977051 92.2777099609375 -4.74074459075928
v 7.47126483917236 99.8522644042969 -9.26376247406006
v 7.9661111831665 98.6484146118164 -9.69552993774414
v 18.183687210083 89.7417526245117 -3.67777752876282
v -14.2255640029907 97.5196990966797 -6.25679206848145
v 12.1281385421753 96.7962417602539 -9.24774837493896
v -17.008810043335 95.7084121704102 -2.88862037658691
v -7.12584543228149 100.107269287109 -8.82625961303711
v -7.77689695358276 94.3019714355469 -11.9028987884521
v -0.0918847322463989 96.4066848754883 -11.4660024642944
v 0.592193901538849 104.487411499023 -8.333327293396
v -13.9363250732422 89.5903625488281 -10.6797389984131
v 9.23874759674072 100.082557678223 -8.83823299407959
v -0.418453454971313 102.863883972168 -8.53325176239014
v 2.16893196105957 102.315399169922 -8.73571968078613
v -16.9171352386475 89.3442916870117 -6.51769781112671
v 2.44478607177734 92.1706848144531 -13.3489112854004
v -14.1333255767822 104.425796508789 -1.30309236049652
v -14.7026100158691 91.2859573364258 -9.32192993164062
v 8.16762351989746 104.688262939453 -8.02027797698975
v 14.4818124771118 91.4019165039062 -9.88193225860596
v 5.70222330093384 94.5915756225586 -12.2753801345825
v 1.11055254936218 101.811683654785 -8.80332088470459
v -11.0473003387451 92.1944274902344 -11.8270778656006
v 5.59529161453247 104.637077331543 -8.44389533996582
v -6.15288257598877 92.6865005493164 -12.8983869552612
v -4.23815441131592 92.1858749389648 -13.1678495407104
v 17.3723487854004 91.8222732543945 -5.44945669174194
v 10.4618520736694 104.528205871582 -7.22951459884644
v 9.29325771331787 105.795188903809 -7.60833120346069
v -4.46741104125977 101.081596374512 -8.81410312652588
v -3.36932682991028 105.690872192383 -8.42774772644043
v -15.716760635376 96.7135696411133 -4.88290882110596
v 6.92153310775757 105.770454406738 -8.3103666305542
v -5.96755647659302 105.750190734863 -8.21383190155029
v 7.34558629989624 93.1047744750977 -12.9025106430054
v -6.14474773406982 95.4214172363281 -11.4916791915894
v -5.07977151870728 96.7215423583984 -10.8546619415283
v -8.40865230560303 105.826194763184 -7.56840419769287
v -3.80840277671814 102.008460998535 -8.66762924194336
v -1.86877298355103 91.2019653320312 -13.6250314712524
v -11.2222185134888 89.8743362426758 -12.5775051116943
v 14.1011114120483 95.4480590820312 -8.6012020111084
v -10.6976585388184 105.727508544922 -6.13679313659668
v 1.43560004234314 103.37427520752 -8.51984310150146
v -13.2690134048462 91.0105209350586 -10.8101682662964
v -14.3937063217163 103.581771850586 -1.34047162532806
v 8.98462200164795 101.152862548828 -8.66147708892822
v -12.2488269805908 104.491027832031 -4.94878721237183
v -10.3891849517822 102.64860534668 -7.19243860244751
v 8.07619094848633 94.2520370483398 -12.2199306488037
v 15.8512687683105 99.4218292236328 -1.94370365142822
v -2.84256720542908 93.654052734375 -12.5949954986572
v -4.65947818756104 104.749061584473 -8.2755126953125
v -6.45822715759277 104.222190856934 -8.01242446899414
v 12.1451606750488 92.7316436767578 -11.336766242981
v 15.2822399139404 102.381088256836 -1.35529243946075
v 15.5728416442871 98.5673599243164 -3.83561897277832
v -17.9814376831055 88.9017791748047 -3.96469640731812
v -7.37090301513672 101.56746673584 -8.44001293182373
v 8.99928379058838 104.12378692627 -7.9283504486084
v 8.0710563659668 95.6123504638672 -11.4381465911865
v -0.546759068965912 92.8454132080078 -12.9931201934814
v 11.7709274291992 89.4989852905273 -12.6208877563477
v -1.40893483161926 97.9101409912109 -10.632640838623
v -2.17345356941223 96.6441116333008 -11.2390575408936
v 4.95662689208984 100.395874023438 -9.2496452331543
v 11.6282930374146 99.2384567260742 -8.02714157104492
v -11.4100961685181 98.6731719970703 -7.85853052139282
v -10.097373008728 99.4647598266602 -8.18874359130859
v 11.2163953781128 100.227394104004 -7.98005056381226
v -16.3749923706055 94.9352798461914 -5.29160404205322
v -13.7623682022095 105.52067565918 -1.23994576931
v 9.53395462036133 90.7194671630859 -13.3042230606079
v -9.48133277893066 102.246070861816 -7.7205867767334
v -16.5793895721436 93.3136367797852 -5.80908298492432
v -16.3742923736572 91.679557800293 -6.78151988983154
v 9.85599708557129 99.0114974975586 -8.99103927612305
v 9.45937633514404 96.5223007202148 -10.5734996795654
v -13.6505289077759 103.082122802734 -3.62981581687927
v 15.6376304626465 96.3857879638672 -6.1525297164917
v -12.4576168060303 92.1667861938477 -11.0106916427612
v -13.2812252044678 92.7224349975586 -10.1470861434937
v 4.30881929397583 94.9378128051758 -12.1357336044312
v -12.0371141433716 103.11629486084 -5.77285385131836
v 18.3561344146729 88.3164825439453 -3.73265242576599
v -7.02335834503174 104.909828186035 -7.87038469314575
v -9.23948192596436 104.788581848145 -7.25503587722778
v -7.73324823379517 104.30736541748 -7.76217079162598
v -4.01890563964844 98.4953155517578 -10.0149717330933
v -3.45281529426575 100.695198059082 -9.01658153533936
v -0.0850037783384323 91.4350891113281 -13.5797185897827
v 16.540283203125 89.4216461181641 -7.71708679199219
v -15.4326810836792 94.6365966796875 -6.94735860824585
v 13.944803237915 98.0987091064453 -6.77451133728027
v -2.61670255661011 91.8752059936523 -13.3339490890503
v 14.4771614074707 103.548118591309 -2.97738814353943
v -2.56146955490112 89.4649353027344 -14.1735868453979
v -16.3279647827148 97.273567199707 -2.44736671447754
v 10.854621887207 91.2693862915039 -12.5903272628784
v -2.35070133209229 97.4076309204102 -10.8044815063477
v -13.3015327453613 98.0049362182617 -6.82673692703247
v -17.7439117431641 92.4244995117188 -3.2687714099884
v 6.54710006713867 90.7478790283203 -13.9305248260498
v -4.50692367553711 94.8170776367188 -11.9837169647217
v -4.34400415420532 104.033874511719 -8.33128929138184
v 2.64942312240601 100.56233215332 -9.25633335113525
v 2.89091205596924 101.330978393555 -9.00420475006104
v -10.9573163986206 90.7992401123047 -12.4062118530273
v 15.6038208007812 100.826713562012 -1.60078561306
v -9.73254489898682 89.5680770874023 -13.3479032516479
v -17.5188865661621 93.8758239746094 -3.14407110214233
v 17.5557746887207 89.9853668212891 -5.39841222763062
v 18.1478004455566 90.9394073486328 -3.44438552856445
v 4.15396404266357 103.370735168457 -8.66047096252441
v -13.0712099075317 105.686851501465 -2.76742815971375
v 10.7520847320557 94.4371032714844 -11.3330125808716
v 1.73687934875488 105.771049499512 -8.5166130065918
v 13.2499856948853 91.3636093139648 -11.0318059921265
v -8.32966804504395 100.179023742676 -8.56832408905029
v -14.5845556259155 95.1737823486328 -7.69461345672607
v -4.05160140991211 97.4538040161133 -10.5766458511353
v -0.901997804641724 103.928192138672 -8.37334442138672
v -15.0359897613525 100.62865447998 -1.79915714263916
v -9.85884761810303 103.802032470703 -7.19421482086182
v -11.1843843460083 104.557464599609 -6.0719952583313
v -11.9061403274536 105.766860961914 -4.65970611572266
v 11.087176322937 103.903923034668 -7.05357694625854
v -3.55585312843323 102.729301452637 -8.53910160064697
v -8.30341339111328 90.7242202758789 -13.3991365432739
v 18.0231647491455 92.5195541381836 -3.21950149536133
v -14.5927953720093 102.759544372559 -1.32270073890686
v -8.23474502563477 97.9312744140625 -9.60425281524658
v -15.5452175140381 92.6375427246094 -7.7432656288147
v 13.0201807022095 97.948974609375 -7.75437641143799
v -2.91289710998535 90.7052841186523 -13.7816038131714
v 2.20700216293335 95.805061340332 -11.7268934249878
v 4.01074743270874 99.0292129516602 -9.92688846588135
v 11.2962694168091 105.865295410156 -6.18575620651245
v -14.27867603302 98.8713455200195 -4.95168828964233
v -5.69058752059937 100.33617401123 -8.90318012237549
v -4.96367168426514 99.2894287109375 -9.47009181976318
v -6.36221694946289 98.9347610473633 -9.44631385803223
v -15.3893718719482 99.486686706543 -1.81960296630859
v -2.85621404647827 98.7098236083984 -10.0439319610596
v -13.2760944366455 104.66690826416 -3.23278450965881
v 13.3195066452026 93.0228500366211 -10.392897605896
v 3.16099977493286 105.854507446289 -8.61080932617188
v 1.96544396877289 99.2860336303711 -9.87502002716064
v 2.81057405471802 104.52108001709 -8.45966053009033
v -6.28811931610107 96.9438095092773 -10.5544748306274
v -8.38016128540039 103.490234375 -7.81316757202148
v 3.86638021469116 100.12223815918 -9.41481113433838
v 12.3759508132935 104.700561523438 -5.57519483566284
v 3.62658381462097 102.744476318359 -8.73647308349609
v -13.6780271530151 96.6142044067383 -7.58604764938354
v 4.60421371459961 102.041801452637 -8.88636684417725
v 5.67180824279785 102.325805664062 -8.82047843933105
v 6.61387634277344 101.905181884766 -8.84946155548096
v -15.1285629272461 89.4276428222656 -9.428879737854
v 12.7856760025024 103.589012145996 -5.74110078811646
v 0.229815080761909 98.8106689453125 -10.144944190979
v 15.2107133865356 98.2491226196289 -4.9474196434021
v 1.59101688861847 104.853424072266 -8.38716983795166
v -5.50400018692017 93.8969421386719 -12.3733320236206
v -15.4698190689087 90.5726089477539 -8.56711483001709
v -14.8548278808594 101.474914550781 -1.55619060993195
v -14.6687278747559 93.6125717163086 -8.40377712249756
v -10.3179750442505 94.5603408813477 -11.0318660736084
v 14.5404844284058 92.2334213256836 -9.58351135253906
v 9.87976551055908 97.5007095336914 -9.8115816116333
v -17.8053016662598 91.5672760009766 -3.42798352241516
v -6.23842096328735 97.9459609985352 -9.99154472351074
v 5.23484086990356 89.8916091918945 -14.2671585083008
v -10.5209045410156 105.061317443848 -6.43868398666382
v 16.9369201660156 93.6183929443359 -5.80244064331055
v 16.6643466949463 95.1554336547852 -5.35225057601929
v -14.3114824295044 100.892074584961 -3.5423731803894
v -14.2109775543213 101.947250366211 -3.0651068687439
v 10.8099708557129 92.9764022827148 -11.9550323486328
v -12.315260887146 93.8241271972656 -10.360221862793
v 4.38215112686157 104.385246276855 -8.54971694946289
v 4.66972732543945 105.829238891602 -8.65403842926025
v -17.0087089538574 93.9646453857422 -4.55821466445923
v 9.94202995300293 93.8275909423828 -11.9484987258911
v -1.79454565048218 95.2816543579102 -11.9469566345215
v 1.88553607463837 94.7612609863281 -12.2421913146973
v -4.60019397735596 103.383209228516 -8.39422702789307
v 3.62977623939514 93.6068649291992 -12.7771730422974
v 4.92148876190186 93.4046783447266 -12.8969535827637
v 13.1529941558838 102.292953491211 -5.8954644203186
v 17.8175868988037 88.4229583740234 -5.24249219894409
v 8.0568904876709 89.4267120361328 -14.1445760726929
v -16.9170227050781 90.1181793212891 -6.29077816009521
v -11.9784917831421 100.162071228027 -6.72106075286865
v 12.6266479492188 95.6485900878906 -9.68868732452393
v -12.185661315918 97.2761459350586 -8.2813835144043
v 16.9216537475586 96.7111587524414 -2.28083157539368
v -17.5258445739746 88.8986740112305 -5.36248826980591
v -17.3583030700684 90.4826889038086 -5.10401487350464
v 14.8986253738403 103.988159179688 -0.948196828365326
v 14.9510631561279 101.972465515137 -3.00014519691467
v 1.58581554889679 93.810173034668 -12.6446981430054
v -0.361167848110199 94.0723190307617 -12.5070648193359
v 0.229662492871284 95.0504150390625 -12.1233911514282
v 8.64273834228516 102.203880310059 -8.54457378387451
v 7.28026151657104 103.240623474121 -8.51269912719727
v 5.94098138809204 103.415939331055 -8.58778667449951
v -10.9537763595581 97.884162902832 -8.62099838256836
v 5.72937107086182 100.878143310547 -9.0926399230957
v 10.8377485275269 103.303039550781 -7.44041919708252
v 11.9012269973755 97.973030090332 -8.54297351837158
v 5.57593011856079 96.1836624145508 -11.369610786438
v -2.31044030189514 104.728401184082 -8.32901954650879
v -1.29728960990906 96.1484756469727 -11.5690288543701
v -13.4003486633301 94.5200424194336 -9.1647424697876
v 10.9577856063843 101.227066040039 -7.8942084312439
v -12.0455894470215 95.274658203125 -9.76895618438721
v -12.735369682312 95.9554290771484 -8.8664379119873
v -11.5557317733765 96.593635559082 -9.20662212371826
v -10.5251607894897 95.9952239990234 -10.0865659713745
v -13.0885438919067 100.910118103027 -5.34875726699829
v -2.00221014022827 101.714485168457 -8.74276638031006
v 0.0931350141763687 102.121841430664 -8.69468688964844
v -1.29468894004822 102.498733520508 -8.5856876373291
v 16.1383228302002 90.1980895996094 -8.15915775299072
v -10.7179098129272 101.092628479004 -7.30304956436157
v 8.00634860992432 90.2540664672852 -13.8758010864258
v -1.4760023355484 100.002754211426 -9.41390895843506
v -9.31438636779785 99.0730667114258 -8.68349552154541
v 10.4547090530396 89.3625411987305 -13.3586692810059
v -9.78745269775391 97.2274932861328 -9.54988861083984
v -14.5775918960571 92.0882034301758 -9.1560754776001
v 5.92992496490479 99.5886764526367 -9.52367210388184
v -2.33200192451477 94.262451171875 -12.3675231933594
v -17.3964672088623 94.8236389160156 -2.5565185546875
v -14.1165151596069 102.60774230957 -2.89770984649658
v 12.1918067932129 91.8000640869141 -11.6864128112793
v -4.62300062179565 97.9385604858398 -10.236403465271
v 14.2238836288452 99.2223587036133 -5.70427083969116
v 7.65430736541748 97.0297470092773 -10.6265478134155
v -12.5195426940918 103.874473571777 -4.9355788230896
v -13.1867094039917 99.0134887695312 -6.19875049591064
v 14.0034255981445 105.543067932129 -2.24693727493286
v 3.20993304252625 90.3338775634766 -14.0641441345215
v -13.6507177352905 103.694076538086 -3.29682493209839
v 7.41218852996826 104.316673278809 -8.20572376251221
v -7.42898750305176 95.8914794921875 -11.0132389068604
v 15.1635417938232 103.024833679199 -1.1483119726181
v -13.5922060012817 100.041976928711 -5.10208034515381
v 2.5160984992981 89.2847290039062 -14.3465452194214
v 2.04526114463806 90.7363128662109 -13.8987665176392
v -0.698336482048035 90.8975601196289 -13.7618961334229
v 5.30970096588135 99.0723419189453 -9.81676959991455
v -10.9900770187378 103.975723266602 -6.43228435516357
v -1.22769606113434 89.3044052124023 -14.2533550262451
v 13.7143068313599 104.051849365234 -4.10938167572021
v 3.82286047935486 97.0232086181641 -11.0067462921143
v -16.7920398712158 96.4942855834961 -2.2992091178894
v 4.89435005187988 92.4190826416016 -13.3230743408203
v 4.33820056915283 91.2856979370117 -13.7719459533691
v 1.26067113876343 89.39794921875 -14.2820768356323
v 4.50586128234863 101.37720489502 -9.01553630828857
v 17.7343254089355 94.2859725952148 -2.83427715301514
v -9.10955142974854 96.4477920532227 -10.2955255508423
v -6.896080493927 89.4754333496094 -14.0456447601318
v -12.1173944473267 102.028541564941 -5.98656129837036
v -15.9416961669922 98.192756652832 -2.00611066818237
v 14.4729557037354 104.322166442871 -2.15938138961792
v -12.2971630096436 89.4320678710938 -12.0795135498047
v 16.1385631561279 88.9626312255859 -8.51196956634521
v 14.761025428772 99.8450393676758 -4.59320068359375
v -8.97156810760498 99.6622085571289 -8.55709362030029
v 8.84288024902344 97.8254470825195 -9.91850471496582
v 9.20229339599609 103.512802124023 -8.0529727935791
v 16.3139915466309 93.3433303833008 -6.99476337432861
v 12.251763343811 104.135459899902 -5.99579620361328
v 17.5412273406982 95.1049652099609 -2.58545827865601
v -7.03158521652222 102.678642272949 -8.28580284118652
v 0.173075139522552 99.9050827026367 -9.51644706726074
v -9.15067100524902 91.1455001831055 -13.003212928772
v 6.53957748413086 92.2273941040039 -13.3623447418213
v 7.26649522781372 91.6141204833984 -13.5315799713135
v -8.60547828674316 92.0306396484375 -12.81471824646
v -5.69663286209106 102.472953796387 -8.46325397491455
v -6.350182056427 101.550765991211 -8.57928848266602
v 5.89699077606201 95.2262725830078 -11.9184188842773
v 3.79327392578125 95.5084457397461 -11.8476867675781
v 16.9911632537842 95.3850021362305 -4.37435245513916
v -10.839560508728 102.129776000977 -6.98621606826782
v 18.3576354980469 88.9480972290039 -3.35188579559326
v 14.4296255111694 101.290809631348 -4.52274417877197
v -4.76666975021362 91.6077423095703 -13.4022655487061
v -13.2103910446167 101.981811523438 -4.77272129058838
v -12.3007154464722 101.15894317627 -6.07638788223267
v 16.0392761230469 94.8038940429688 -6.73623371124268
v 15.2470350265503 89.0529479980469 -9.69306564331055
v 14.7669172286987 90.0137786865234 -9.97747421264648
v 12.1726408004761 105.979286193848 -5.11912775039673
v -2.43751668930054 100.873413085938 -8.97729110717773
v 13.3395624160767 105.665992736816 -3.478511095047
v 1.7985965013504 99.9183731079102 -9.53865337371826
v 14.3362655639648 105.493095397949 -1.31500887870789
v 13.4751873016357 103.462936401367 -4.91063690185547
v 12.9855241775513 104.735855102539 -4.73048400878906
v -17.7641334533691 93.1626586914062 -2.81032252311707
v 6.5057692527771 96.5124588012695 -11.1069393157959
v 17.1299076080322 96.1560211181641 -2.67096757888794
v 7.64753723144531 99.2364654541016 -9.47765445709229
v 15.6705532073975 92.8114852905273 -8.07308673858643
v 15.546838760376 94.1851425170898 -7.74411058425903
v 14.9381284713745 96.7398986816406 -6.79372644424438
v 14.1610975265503 96.0736770629883 -8.20992183685303
v 14.9769010543823 95.528450012207 -7.66117763519287
v -10.1862049102783 93.5296325683594 -11.6311540603638
v -6.75316858291626 100.711448669434 -8.70383834838867
v -8.30946063995361 101.329635620117 -8.28348064422607
v -16.9118041992188 91.128532409668 -5.91167831420898
v -6.99790716171265 99.395263671875 -9.13144397735596
v -7.73666429519653 98.8458480834961 -9.25121307373047
v -11.8760461807251 99.1326522827148 -7.28570985794067
v 7.15318250656128 100.528099060059 -9.08409404754639
v 8.00821495056152 101.171119689941 -8.83897972106934
v 0.268177032470703 105.873016357422 -8.482497215271
v -18.0603981018066 89.5146942138672 -3.36519312858582
v -3.95503258705139 105.156867980957 -8.37217235565186
v 10.5785894393921 102.04419708252 -7.89663553237915
v 10.3429441452026 106.073150634766 -6.95879077911377
v -3.79292893409729 95.2949142456055 -11.7867469787598
v -14.4655838012695 100.223121643066 -3.64222693443298
v -12.7068004608154 104.75984954834 -4.1376690864563
v -15.8940305709839 97.4046325683594 -3.61749815940857
v 10.4349451065063 96.1476058959961 -10.5026969909668
v 13.6186237335205 97.3923721313477 -7.65260219573975
v -3.82008004188538 89.2608032226562 -14.2030439376831
v -14.22230052948 96.9776611328125 -6.77034139633179
v 12.7943477630615 105.833595275879 -4.27507495880127
v 13.5858736038208 104.772438049316 -3.71556377410889
v 15.3318958282471 100.965835571289 -2.65366697311401
v 11.4122467041016 105.217407226562 -6.30508136749268
v -15.0784568786621 99.4197692871094 -2.90389776229858
v 14.6188402175903 93.661865234375 -9.01715278625488
v 16.3588733673096 97.2322463989258 -3.62563586235046
v 16.7831249237061 96.1660003662109 -4.05365562438965
v 8.44002532958984 92.8428802490234 -12.8026475906372
v 2.05395841598511 101.613273620605 -8.89328289031982
v -14.4727058410645 96.2114791870117 -7.09037637710571
v -15.7513046264648 96.1756973266602 -5.39295530319214
v -15.019021987915 97.0680236816406 -5.69221258163452
v 12.5928192138672 93.6378784179688 -10.6999397277832
v 16.4675998687744 90.7270889282227 -7.42634391784668
v -1.98165261745453 98.3886337280273 -10.305890083313
v 14.6981191635132 104.603248596191 -0.887184858322144
v 10.3493623733521 95.0234069824219 -11.2134342193604
v 8.29068183898926 95.0188217163086 -11.7569179534912
v -3.49958634376526 100.105041503906 -9.24911785125732
v -3.65885066986084 96.0423583984375 -11.4029626846313
v 0.737962365150452 96.0088577270508 -11.6580944061279
v -3.62217044830322 93.1575164794922 -12.7805109024048
v 15.8376598358154 99.9334106445312 -1.41453206539154
v 16.1948757171631 91.4005966186523 -7.74130630493164
v 3.47460556030273 104.992874145508 -8.52787208557129
v -6.36742734909058 103.65160369873 -8.14053916931152
v -5.54264783859253 104.357582092285 -8.14821338653564
v 17.6987590789795 92.5151596069336 -4.37207460403442
v -7.01695203781128 91.9719314575195 -13.1345472335815
v 16.004861831665 98.0736923217773 -3.25645732879639
v -9.25532054901123 101.698112487793 -7.92637491226196
v 15.0162525177002 90.6348037719727 -9.5421257019043
v 4.41680097579956 96.0532608032227 -11.5184917449951
v -13.4956474304199 90.3345718383789 -10.8521175384521
v -12.2321643829346 90.6760101318359 -11.7049522399902
v -6.31305599212646 91.4208221435547 -13.4363479614258
v 13.7068023681641 98.6701583862305 -6.60507726669312
v 12.4961566925049 99.1965789794922 -7.44756507873535
v 12.1444244384766 98.4906921386719 -8.06194019317627
v 6.63743925094604 97.6968536376953 -10.3811836242676
v -16.9371070861816 91.8303756713867 -5.65260982513428
v -7.4623384475708 102.146850585938 -8.32108211517334
v -2.73371839523315 103.109268188477 -8.48026275634766
v 11.5739469528198 102.952583312988 -7.05138540267944
v 12.6004323959351 103.067344665527 -6.15274095535278
v -11.2880229949951 105.991813659668 -5.40782737731934
v 16.8180179595947 88.7600860595703 -7.41689109802246
v 13.4229946136475 89.1701812744141 -11.5201845169067
v -2.81516408920288 99.6749954223633 -9.52238273620605
v 2.27385401725769 103.609741210938 -8.50190353393555
v 1.75912725925446 102.841270446777 -8.61532592773438
v 17.1238651275635 90.5045623779297 -6.23920392990112
v 14.6975412368774 105.779029846191 1.40885412693024
v 14.5481176376343 105.529258728027 2.69765138626099
v 14.2147750854492 105.266448974609 3.97422742843628
v 13.720871925354 104.992782592773 5.21368312835693
v 13.0919723510742 104.738090515137 6.39604091644287
v 12.3298673629761 104.492317199707 7.50244474411011
v 11.4512386322021 104.257369995117 8.50282287597656
v 10.4905614852905 104.043121337891 9.42000198364258
v 9.51025581359863 103.836265563965 10.3092813491821
v 8.52941989898682 103.634201049805 11.1983613967896
v 7.53949737548828 103.442855834961 12.091628074646
v 6.53148555755615 103.263732910156 12.9672079086304
v 5.36592149734497 103.100875854492 13.6463069915771
v 4.02999877929688 103.010971069336 14.0465803146362
v 2.5588231086731 103.002326965332 14.1535301208496
v 1.07380962371826 103.004554748535 14.2084627151489
v -0.408594369888306 103.012756347656 14.2604904174805
v -1.89676666259766 103.029479980469 14.3081769943237
v -3.29823279380798 103.136138916016 14.0618705749512
v -4.56971263885498 103.300971984863 13.5141763687134
v -5.67939901351929 103.488403320312 12.7246866226196
v -6.76072263717651 103.676383972168 11.9039316177368
v -7.82954740524292 103.909355163574 11.0886182785034
v -8.89503479003906 104.093559265137 10.2650213241577
v -9.95273971557617 104.327499389648 9.44378280639648
v -10.9246587753296 104.56697845459 8.52089500427246
v -11.7868022918701 104.815284729004 7.5046329498291
v -12.5197496414185 105.087539672852 6.41214561462402
v -13.1190614700317 105.362831115723 5.25713014602661
v -13.5744476318359 105.62841796875 4.04555368423462
v -13.8618497848511 105.881736755371 2.78564620018005
v -14.0064821243286 106.105247497559 1.48189091682434
v 7.68079519271851 93.0627212524414 12.4295063018799
v -8.01482200622559 93.9225997924805 11.8281106948853
v -0.581175565719604 88.9748687744141 13.5349321365356
v 0.263502180576324 96.5610275268555 14.485330581665
v 14.1881580352783 90.9747924804688 7.54448080062866
v 13.3389024734497 97.6689529418945 7.88038730621338
v -14.0695123672485 91.5136795043945 7.82818222045898
v -12.384617805481 99.2488327026367 8.15379524230957
v 7.3477201461792 88.7246627807617 11.259449005127
v 7.60598611831665 98.2602767944336 12.3945465087891
v -6.537109375 98.755729675293 12.4585075378418
v -7.59351491928101 89.8057174682617 11.4225778579712
v -14.723949432373 95.9304809570312 6.15381097793579
v -1.85773003101349 92.7560424804688 14.2114934921265
v 12.641429901123 93.8953399658203 8.94046401977539
v 14.34108543396 101.326606750488 5.25096082687378
v 16.3423042297363 94.2716217041016 4.22298049926758
v 10.9987945556641 100.574783325195 9.20625591278076
v 17.080545425415 89.661750793457 4.5042405128479
v -4.05105352401733 87.1347885131836 11.8395462036133
v 3.34310746192932 99.5469360351562 13.7833395004272
v 2.48571515083313 86.689338684082 12.4239473342896
v 11.7538270950317 87.9573516845703 8.93126964569092
v -17.2887363433838 90.602180480957 3.89866137504578
v -11.0687971115112 88.3134307861328 9.57136631011963
v -13.9529829025269 102.270439147949 4.79299783706665
v 3.26519870758057 91.2471771240234 13.8260746002197
v -2.35192775726318 99.6828765869141 14.0485200881958
v -4.43315172195435 95.6191177368164 13.9364328384399
v -14.95849609375 99.2902374267578 4.19060516357422
v -9.63541221618652 101.07071685791 9.85483932495117
v 5.19544458389282 95.2900848388672 13.9179773330688
v -16.741979598999 93.7258987426758 3.60737991333008
v -10.6855802536011 92.3332214355469 10.2133932113647
v 10.477578163147 91.1845474243164 10.2680463790894
v 15.7849140167236 97.110595703125 4.09576606750488
v 10.2782402038574 95.6875 10.7520341873169
v -11.549542427063 96.2053146362305 9.53313255310059
v -4.38455438613892 90.8606414794922 13.1315746307373
v 7.53835153579712 86.702766418457 10.4588623046875
v -8.02438259124756 96.559944152832 11.865348815918
v 8.20746994018555 100.952835083008 11.3968591690063
v 17.4463138580322 92.3438415527344 2.72824954986572
v 15.5382766723633 99.6064300537109 3.50818252563477
v 1.40055668354034 94.1106414794922 14.5080986022949
v 3.72175860404968 88.6718215942383 12.8982543945312
v 7.09123039245605 90.7840118408203 12.2182197570801
v 10.753303527832 98.1338119506836 10.0767116546631
v -6.8224024772644 101.233612060547 11.8088760375977
v -14.7156114578247 88.5315093994141 7.65421342849731
v -16.3398094177246 96.3869094848633 2.667560338974
v -7.6463565826416 86.9463348388672 10.5579633712769
v -14.7391128540039 93.7501068115234 6.73023271560669
v -12.0580778121948 102.460960388184 7.5698390007019
v -11.0052633285522 90.3001937866211 9.84635353088379
v -9.36816024780273 98.7656860351562 10.6144170761108
v -4.23946714401245 88.9119033813477 12.5175399780273
v -13.600227355957 97.6724472045898 7.20765113830566
v -7.58267068862915 91.7712326049805 11.8337955474854
v -12.5493717193604 94.445182800293 8.91602420806885
v -3.0669801235199 97.4366455078125 14.3761682510376
v 4.83758687973022 97.4377670288086 14.0385389328003
v 14.8484582901001 103.344528198242 3.07225012779236
v 10.419150352478 89.32421875 9.847900390625
v 4.51683330535889 93.1799087524414 13.8232736587524
v 14.2252683639526 95.9341583251953 7.03755521774292
v 12.9917097091675 102.539649963379 6.90397071838379
v 14.6968555450439 89.1189346313477 7.25581789016724
v 18.4408226013184 89.0898590087891 1.6585077047348
v -4.97612142562866 93.6976623535156 13.4017095565796
v -1.10099923610687 90.826904296875 13.9981241226196
v -0.587368726730347 85.6972351074219 12.2679557800293
v -0.529481887817383 87.3153533935547 12.8962774276733
v 14.7426662445068 87.4043197631836 7.33824729919434
v 7.95856618881226 96.1720809936523 12.4227695465088
v 16.9321041107178 95.8961868286133 1.77360570430756
v 0.561618983745575 100.84513092041 13.8703527450562
v -14.9471435546875 101.282356262207 2.80682301521301
v 15.4092273712158 101.502471923828 2.55048251152039
v -18.3184261322021 89.6250762939453 1.37764751911163
v -17.7410163879395 92.4580230712891 1.66888201236725
v 18.2525768280029 90.9610366821289 1.11820864677429
v 5.78304767608643 101.02188873291 13.1937952041626
v -15.7787580490112 98.1872482299805 2.34380102157593
v -14.1120271682739 104.04320526123 3.31932592391968
v 10.2695293426514 93.79150390625 10.7102394104004
v 12.901442527771 92.1867294311523 8.67750644683838
v 14.2347955703735 99.4115905761719 6.20584106445312
v 17.5179653167725 94.1519012451172 1.44082677364349
v -1.55112028121948 95.0322265625 14.4903173446655
v -4.44600963592529 101.251396179199 13.3832149505615
v 9.97990417480469 102.088600158691 9.8491849899292
v 4.59120464324951 85.7808303833008 11.3152093887329
v -17.3428478240967 88.7848892211914 4.51885557174683
v 14.760347366333 94.3533172607422 6.67087078094482
v 15.9981918334961 92.4346923828125 5.31021690368652
v 0.464967787265778 98.6782379150391 14.0600347518921
v -13.9777412414551 100.379699707031 5.6991114616394
v -10.55055809021 86.8126449584961 9.60470962524414
v -15.3104562759399 90.3559951782227 6.84821081161499
v 12.9608125686646 100.426666259766 7.46911764144897
v -8.55643367767334 88.5250778198242 10.5489253997803
v 10.0532875061035 86.3880996704102 9.36261940002441
v 9.43082427978516 99.3567504882812 10.7175006866455
v 17.3598480224609 88.0379638671875 4.54796552658081
v -3.34476780891418 85.6467590332031 11.6897630691528
v -11.0239334106445 97.7624053955078 9.7280912399292
v 16.0888195037842 90.7965087890625 5.58856058120728
v 5.16502857208252 87.7388534545898 11.8683271408081
v -16.1207103729248 92.1139755249023 5.39836502075195
v -12.9403743743896 89.7909545898438 8.77641010284424
v 3.14122009277344 101.336120605469 13.779748916626
v 16.141300201416 98.5660247802734 2.0371036529541
v 5.93585014343262 99.1767120361328 13.3546295166016
v 12.3865613937378 95.9987335205078 9.03457736968994
v -13.2030487060547 103.650817871094 5.63681840896606
v 15.0458145141602 98.1722793579102 5.29643821716309
v -12.5538568496704 100.938117980957 7.36954593658447
v -17.1775436401367 95.0730514526367 1.34459149837494
v -10.2583923339844 93.7395706176758 10.5362329483032
v 8.87290477752686 92.0223922729492 11.533465385437
v -2.08511996269226 101.384086608887 13.9848537445068
v -4.52617645263672 99.0229721069336 13.6582536697388
v -15.0260314941406 97.6005477905273 4.9581298828125
v 5.73298788070679 91.9414138793945 13.2594766616821
v 1.21532940864563 92.3932800292969 14.393593788147
v 1.47889673709869 90.0164337158203 13.8788166046143
v 8.8744421005249 88.088752746582 10.3000993728638
v -14.650276184082 102.850982666016 2.28927779197693
v -9.5249547958374 102.670692443848 9.75021743774414
v -16.0686340332031 94.9196853637695 4.33454036712646
v -6.4104790687561 95.2135620117188 12.804741859436
v 2.03001856803894 85.4620361328125 12.0625190734863
v 6.99270009994507 94.4988403320312 12.9327516555786
v 2.94993829727173 96.1254959106445 14.419171333313
v -10.859281539917 99.9821853637695 9.22437191009521
v -8.13845825195312 99.9062194824219 11.13720703125
v 15.9976654052734 95.6200332641602 4.3701286315918
v -12.9127407073975 92.5570678710938 8.74026012420654
v -15.4852638244629 99.6292190551758 1.85242974758148
v -5.3842191696167 97.2374801635742 13.5515871047974
v 12.6124973297119 89.3483428955078 8.64927673339844
v -6.07721281051636 88.2324066162109 11.4616222381592
v 12.3913383483887 86.8840408325195 8.4855899810791
v -6.22147607803345 92.6614227294922 12.7453947067261
v -9.85452461242676 95.1191177368164 10.734320640564
v -13.1708879470825 95.9006881713867 8.04093933105469
v 4.47779035568237 90.066764831543 13.1636142730713
v 16.502082824707 97.2617721557617 1.78780329227448
v -18.1646060943604 91.1782913208008 0.752762377262115
v -9.03592395782471 91.1111831665039 10.9223566055298
v 11.1164770126343 92.6407089233398 10.0415945053101
v 12.114387512207 90.7414321899414 9.14057064056396
v 8.90214157104492 89.9164810180664 10.9037590026855
v -13.1801385879517 87.1821060180664 8.68686676025391
v -3.91883611679077 92.1397323608398 13.6463479995728
v 13.9986257553101 103.497375488281 5.03848600387573
v 11.5596485137939 102.029182434082 8.52322483062744
v 11.8046712875366 99.3320999145508 8.90154838562012
v 2.43958568572998 97.6740036010742 14.1730375289917
v -3.08302640914917 94.0295104980469 14.1060581207275
v -2.4544620513916 89.9221649169922 13.5100755691528
v -6.22610902786255 90.5291137695312 12.1529779434204
v -17.6043167114258 93.8389511108398 0.938848435878754
v 1.39084386825562 88.1045379638672 13.2495002746582
v -5.73736667633057 85.7979202270508 11.1029577255249
v 6.38297653198242 96.5882110595703 13.4854831695557
v 6.2529091835022 89.5199432373047 12.2287969589233
v 8.77044105529785 94.4108428955078 11.783618927002
v 18.0801410675049 92.8595199584961 0.283185482025146
v 9.61655044555664 96.8774566650391 11.1641998291016
v 11.7617845535278 97.1648254394531 9.47482872009277
v 17.4222183227539 91.0639724731445 3.36546039581299
v 14.7142124176025 92.9449234008789 6.93320798873901
v 6.68697166442871 85.5911331176758 10.4615116119385
v -13.997200012207 99.0445785522461 6.2143177986145
v -15.924243927002 87.8726806640625 6.70939302444458
v -2.63577818870544 87.8361587524414 12.5705900192261
v -7.77309942245483 97.8665313720703 11.9660625457764
v -9.88912296295166 96.458137512207 10.6933517456055
v 15.8399991989136 100.564498901367 1.62010109424591
v -5.46977281570435 100.28491973877 12.8457851409912
v -8.71319389343262 86.1321105957031 10.1419277191162
v 14.9174203872681 100.369270324707 4.58763694763184
v 16.9359436035156 93.289924621582 3.40721321105957
v -11.1778583526611 101.28980255127 8.67405033111572
v 7.20328855514526 101.985656738281 12.1247262954712
v -7.87924957275391 102.500885009766 10.9923057556152
v 13.5862894058228 88.0410308837891 8.00680255889893
v -8.12612342834473 95.2037811279297 11.7814559936523
v -5.82978582382202 102.166870117188 12.448281288147
v 16.2951316833496 88.4184265136719 5.8404712677002
v 7.4532585144043 99.6395492553711 12.1563673019409
v 9.58870887756348 100.701522827148 10.3132877349854
v -11.4901514053345 103.522125244141 7.98778390884399
v 11.6184225082397 94.7003326416016 9.70472431182861
v 14.8357944488525 104.511535644531 1.98797249794006
v -12.9576511383057 88.6339874267578 8.76130199432373
v -16.340539932251 89.4121780395508 5.90489673614502
v -16.2933254241943 97.4841384887695 1.08300793170929
v 8.63150787353516 102.281265258789 10.9641590118408
v -12.291579246521 97.4132537841797 8.70312404632568
v -14.2198352813721 104.789031982422 1.68987488746643
v -5.95165395736694 87.144775390625 11.2497491836548
v -9.26702785491943 87.6971969604492 10.1762371063232
v -2.80203628540039 96.095573425293 14.4806509017944
v -0.989810228347778 97.6928176879883 14.2792587280273
v -15.7253589630127 93.1921691894531 5.56433963775635
v 7.03223562240601 87.7879486083984 11.0445585250854
v 5.62094068527222 86.8445663452148 11.2768096923828
v -15.7394504547119 97.1138763427734 3.65491390228271
v 9.23410987854004 98.0566024780273 11.2279987335205
v 13.07923412323 98.9201202392578 7.84866333007812
v -11.4037456512451 94.9984359741211 9.72297668457031
v 18.7659492492676 88.3069458007812 -0.0841693133115768
v 9.86582946777344 87.3986053466797 9.64054870605469
v 3.60348105430603 94.2419052124023 14.1786136627197
v -0.745920717716217 93.7420654296875 14.4588460922241
v 1.26774096488953 95.3927383422852 14.5642595291138
v 15.3536109924316 102.690269470215 1.54294550418854
v -12.4320011138916 91.3237838745117 9.130202293396
v 0.873045146465302 91.0720977783203 14.1818618774414
v -6.70438766479492 96.8494262695312 12.7052383422852
v -8.59473133087158 92.914306640625 11.4840431213379
v -2.1742730140686 86.2995223999023 12.0389051437378
v 3.12352395057678 87.6777801513672 12.6660652160645
v 12.1016731262207 103.222526550293 7.82947254180908
v -13.1069316864014 102.457565307617 6.18919658660889
v -8.24222660064697 101.150657653809 10.8410758972168
v -10.8080768585205 102.418502807617 8.79753398895264
v 17.4314384460449 95.3202133178711 0.409140735864639
v -14.1424446105957 96.8123550415039 6.66834115982056
v 18.5231399536133 90.0821380615234 0.0759690999984741
v 14.9381656646729 96.9724502563477 5.82858562469482
v -16.6546192169189 91.2550735473633 4.8498706817627
v -2.467209815979 88.9046859741211 13.111720085144
v 8.8138952255249 90.925178527832 11.2339019775391
v 13.711109161377 93.4512481689453 7.97479486465454
v -15.6869592666626 95.9346694946289 4.53660249710083
v -16.8634204864502 96.1992416381836 0.922355651855469
v -18.5726718902588 88.9641265869141 -0.253932625055313
v -10.7260208129883 91.2805480957031 10.0982189178467
v -0.529168248176575 91.8574600219727 14.2799301147461
v 7.34958982467651 91.8434371948242 12.492977142334
v -9.29767417907715 97.4988327026367 10.9451732635498
v -14.1147203445435 94.6744842529297 7.30872201919556
v -14.5075645446777 92.624153137207 7.24240875244141
v -16.9939727783203 92.6654586791992 3.602215051651
v 13.0382461547852 95.036865234375 8.44919776916504
v 14.4608364105225 104.238693237305 3.64313244819641
v -11.3202142715454 89.3750152587891 9.58861827850342
v -9.44986152648926 90.2145156860352 10.5990829467773
v -9.48447895050049 99.9230651855469 10.1980266571045
v -11.1214141845703 98.8865280151367 9.37050628662109
v 0.922027051448822 86.1631851196289 12.5214786529541
v 0.411857962608337 84.9174118041992 12.0722904205322
v -1.59170925617218 85.0898742675781 11.7543201446533
v 6.27522134780884 93.3760757446289 13.1926021575928
v 18.2331218719482 87.9228668212891 2.8917818069458
v -12.1962442398071 93.3082656860352 9.30912399291992
v -6.74428653717041 100.075729370117 12.021203994751
v 1.89365637302399 89.0620803833008 13.5092420578003
v 14.9049081802368 102.150520324707 3.64283514022827
v -5.80013418197632 89.4997482299805 12.0726280212402
v -4.0315260887146 89.8641510009766 12.9192342758179
v 13.9383554458618 86.4982833862305 7.82569360733032
v 16.2961826324463 87.1507949829102 6.1043872833252
v 13.898458480835 102.315185546875 5.63320732116699
v -15.3041486740112 100.787536621094 1.3837958574295
v 15.729513168335 98.2113342285156 3.74707937240601
v 0.322352319955826 101.986099243164 13.9997234344482
v -13.0080709457397 98.4271697998047 7.71985292434692
v -5.8397331237793 91.4103851318359 12.6770210266113
v 5.80547666549683 88.6035614013672 12.0035238265991
v 4.6649317741394 101.976165771484 13.6961498260498
v 8.64424419403076 85.6620635986328 9.78250312805176
v 13.53138256073 96.6473388671875 7.79198884963989
v -4.74784088134766 86.3949737548828 11.3352546691895
v 12.5335264205933 101.438331604004 7.6734504699707
v -18.1081829071045 88.6365432739258 2.86965894699097
v -13.5026941299438 93.5593414306641 8.13473796844482
v -15.1447219848633 100.168029785156 2.97778868675232
v 15.2557535171509 96.0001602172852 5.56248474121094
v -18.4195175170898 90.1112670898438 -0.476899832487106
v -2.99605965614319 98.6098480224609 14.1702480316162
v 3.81865406036377 98.3943634033203 13.9600114822388
v 6.36804580688477 97.7003402709961 13.3804016113281
v 10.8993864059448 103.016334533691 8.9824800491333
v 16.0301761627197 89.7211303710938 5.87247562408447
v 14.066596031189 89.9190368652344 7.67548084259033
v 12.0129728317261 98.2741546630859 9.05282115936279
v -11.780613899231 87.6368942260742 9.2527961730957
v 17.7938041687012 89.1278381347656 3.37415552139282
v -14.5758047103882 98.3992614746094 5.45798826217651
v -3.94650101661682 102.230049133301 13.6911010742188
v 8.88879489898682 88.9745712280273 10.5540628433228
v 10.6989212036133 90.3155670166016 9.93743133544922
v 10.5791006088257 88.4072952270508 9.57908916473389
v -1.08319854736328 100.466590881348 13.9207162857056
v 2.17466044425964 100.39608001709 13.8130798339844
v -9.12457752227783 92.1038131713867 11.056547164917
v 13.0219402313232 103.640045166016 6.62291717529297
v -3.97781372070312 100.081436157227 13.7377157211304
v -14.6391096115112 100.161773681641 4.49525499343872
v 4.69996023178101 96.248908996582 14.1760482788086
v -15.0817852020264 101.765228271484 1.23922634124756
v -14.5352611541748 101.991310119629 3.538738489151
v -17.992561340332 92.7929763793945 -0.153350457549095
v 15.9584217071533 99.5523376464844 1.99294495582581
v -13.5192747116089 104.576553344727 4.61954021453857
v -4.56011772155762 94.6035308837891 13.6945323944092
v -3.50443959236145 93.1377410888672 13.894718170166
v -6.47133016586304 93.7116394042969 12.6598262786865
v -15.1871194839478 94.9780349731445 5.77034759521484
v -17.4038829803467 91.6461563110352 3.17353391647339
v 2.55787563323975 93.2326202392578 14.2677564620972
v 3.08790254592896 92.2509155273438 14.0536088943481
v 5.3826208114624 94.2117614746094 13.6763496398926
v -14.5045490264893 103.832489013672 1.48476254940033
v 13.5025396347046 101.354797363281 6.53530311584473
v -2.93370008468628 91.1950225830078 13.7219171524048
v 3.93528127670288 85.0051727294922 11.236644744873
v 4.82965707778931 91.0198669433594 13.3522863388062
v 4.94187688827515 100.002021789551 13.6195001602173
v 6.96272659301758 100.660675048828 12.4046907424927
v -4.50240278244019 88.0835647583008 12.0066452026367
v 7.61189651489258 97.1627731323242 12.6348752975464
v 6.68654441833496 95.6059951782227 13.2654151916504
v 9.06313037872314 95.8198928833008 11.620062828064
v -13.5901584625244 101.319442749023 5.8622579574585
v 10.6032104492188 99.1626281738281 9.87598037719727
v 11.3606243133545 86.0410690307617 8.82623481750488
v -1.24950790405273 88.1106796264648 13.0914907455444
v 6.0791597366333 102.123542785645 13.0652084350586
v -0.82520204782486 89.8829727172852 13.8029985427856
v 15.106517791748 103.69409942627 1.38030898571014
v 14.8149833679199 91.9872589111328 6.90207052230835
v 15.4030227661133 91.3462600708008 6.30239486694336
v 17.0292415618896 94.8197784423828 2.4231231212616
v -17.9358158111572 90.3952865600586 2.32999157905579
v 16.4414577484131 96.3804626464844 2.9116096496582
v 0.208514109253883 99.7914428710938 13.8892002105713
v -0.592085838317871 86.5187454223633 12.5545206069946
v 1.31696426868439 87.1799240112305 12.8831615447998
v -12.4304761886597 103.977737426758 6.74334573745728
v 16.8878936767578 91.6410903930664 4.15199327468872
v -15.9645500183105 98.4263229370117 0.65157276391983
v -15.4167327880859 98.8775787353516 3.07457852363586
v -14.1527833938599 89.5319442749023 7.98309373855591
v 14.2850208282471 97.5287780761719 6.71728467941284
v -1.33269143104553 98.7959365844727 14.0947971343994
v -11.6342287063599 86.4313430786133 9.24273300170898
v 18.2914028167725 91.8796844482422 -0.155045405030251
v -7.4584379196167 87.7241897583008 10.9139137268066
v 16.8922100067139 96.7741775512695 0.558902025222778
v 18.2463970184326 89.9893188476562 1.84404289722443
v 15.1055822372437 88.3604354858398 6.96165943145752
v 17.9148063659668 91.7190170288086 1.82702124118805
v 7.5946159362793 90.0647964477539 11.7006902694702
v -14.5800142288208 87.6148147583008 7.87239646911621
v -7.74642992019653 98.8916397094727 11.6306848526001
v -16.653715133667 95.4468765258789 2.67548179626465
v 0.699826896190643 97.5989379882812 14.2421617507935
v 2.14669561386108 98.7932281494141 13.9680089950562
v 3.3205361366272 86.0712356567383 11.9001903533936
v -14.4434804916382 101.083831787109 4.4107666015625
v -13.3719654083252 99.6055679321289 6.90058660507202
v 9.86436367034912 92.7851028442383 10.9558954238892
v 8.62064838409424 100.051750183105 11.1684169769287
v 15.6855497360229 101.500190734863 1.19263768196106
v 15.4361057281494 100.566787719727 3.18827438354492
v -13.9105710983276 104.942169189453 3.28961062431335
v -14.247124671936 103.055969238281 3.60314178466797
v 12.5014667510986 92.9221649169922 9.03214073181152
v 13.3338222503662 91.45166015625 8.2952766418457
v 11.846851348877 91.5059585571289 9.42018890380859
v 14.9946603775024 99.1696701049805 5.02119207382202
v 14.2464151382446 100.378974914551 5.77242231369019
v 13.8478078842163 98.5292816162109 7.04564952850342
v 11.4263505935669 93.7115859985352 9.87455940246582
v 8.95995235443115 93.4956741333008 11.6157674789429
v 10.050518989563 94.6939163208008 10.909348487854
v -12.6668920516968 96.5864334106445 8.47624206542969
v 14.4858341217041 102.764266967773 4.35366582870483
v 17.9111518859863 93.9286193847656 -0.210264101624489
v 2.90101647377014 95.0918579101562 14.3937473297119
v 1.94640779495239 102.033882141113 13.9467458724976
v -9.90316295623779 89.4490661621094 10.2584314346313
v 6.09436988830566 86.1764755249023 10.8866682052612
v -4.48773813247681 85.2761840820312 11.1030826568604
v -13.7315635681152 103.140213012695 4.84195041656494
v 15.465558052063 93.8464660644531 5.83834266662598
v -5.35253763198853 98.304443359375 13.3687601089478
v 17.5072536468506 93.2225494384766 2.08011722564697
v -1.4463564157486 96.6187515258789 14.5453243255615
v 16.245210647583 93.35498046875 4.70193195343018
v 16.51682472229 97.8601150512695 0.380669921636581
v -6.50877237319946 97.77490234375 12.8006534576416
v -10.4802131652832 103.28963470459 8.97716045379639
v -7.62098741531372 90.6753387451172 11.5213165283203
v 15.7902593612671 94.7268371582031 5.07603883743286
v 13.232533454895 88.7541275024414 8.25536727905273
v -15.2809743881226 89.4725723266602 7.04152917861938
v -14.2098073959351 90.5643768310547 7.83039093017578
v -15.1541595458984 91.4256820678711 6.78883981704712
v -3.09757280349731 95.2182388305664 14.2900810241699
v 0.0635652467608452 94.7237396240234 14.5775079727173
v -0.634138822555542 95.7911148071289 14.5700693130493
v 13.7718801498413 94.4962997436523 7.78066062927246
v -2.45878100395203 87.0883560180664 12.278115272522
v -2.15629363059998 91.8770065307617 14.0196657180786
v -7.43518829345703 88.8681335449219 11.3252229690552
v -13.131441116333 90.7314910888672 8.65089702606201
v -4.112220287323 96.7755737304688 14.1866655349731
v 2.03691506385803 84.7452392578125 11.796275138855
v 8.00394344329834 95.2464065551758 12.3747081756592
v -9.94629764556885 88.51318359375 9.99586486816406
v -2.91720962524414 100.609382629395 13.9579563140869
v 4.17849397659302 86.951057434082 11.9414739608765
v -16.3870868682861 90.2855834960938 5.58916759490967
v 18.418924331665 91.0379333496094 -0.546476066112518
v 9.1412239074707 101.487503051758 10.5986633300781
v 10.4536008834839 101.303062438965 9.53923511505127
v 9.90407562255859 103.044952392578 9.85922718048096
v 16.1520862579346 99.2479705810547 0.81753408908844
v 4.45685911178589 100.924453735352 13.6475620269775
v -16.8268203735352 94.5942230224609 2.90320515632629
v -11.7788076400757 91.9525604248047 9.54589557647705
v -12.0228052139282 98.2416687011719 8.78357601165771
v -8.96467971801758 86.8871307373047 10.1406154632568
v 8.72578620910645 86.4308700561523 9.90447521209717
v 10.0105447769165 85.6185607910156 9.29420280456543
v 11.2398509979248 87.1465759277344 8.99952983856201
v -17.8274707794189 89.533317565918 3.14777159690857
v -2.60351300239563 102.271842956543 14.0808334350586
v -1.15020513534546 102.095268249512 14.0716934204102
v 12.0194005966187 100.592391967773 8.36620426177979
v 13.5191421508789 99.7615051269531 7.03462791442871
v -5.87070846557617 99.4321060180664 12.7400970458984
v 18.642505645752 89.1662521362305 0.0856776684522629
v -5.55225944519043 96.3439788818359 13.4635562896729
v 14.6414699554443 95.2438507080078 6.63602733612061
v 13.0537729263306 90.2233200073242 8.44837760925293
v 11.7166194915771 89.8734588623047 9.2411994934082
v 16.5622978210449 95.3337326049805 3.28043556213379
v -7.3075737953186 86.1287612915039 10.6172008514404
v -5.53969144821167 101.247169494629 12.6581048965454
v 17.7948570251465 90.4523162841797 2.81123232841492
v -10.1382083892822 98.2583770751953 10.2491836547852
v -11.017261505127 96.8757400512695 9.860520362854
v -16.9271335601807 87.8672485351562 5.55715179443359
v -17.5108108520508 94.7218627929688 0.0922074094414711
v 10.7025213241577 96.644416809082 10.3739290237427
v 14.913330078125 101.26976776123 4.114577293396
v -15.2741165161133 96.5620040893555 4.98969554901123
v -13.9578628540039 86.7968826293945 8.36555671691895
v -16.1779346466064 94.0297164916992 4.52901601791382
v -15.2204990386963 92.2925567626953 6.49468469619751
v 3.07368683815002 90.3740615844727 13.6492881774902
v -18.2742748260498 90.9815902709961 -0.697310447692871
v -11.6686906814575 100.580902099609 8.38045883178711
v 3.39558815956116 89.3698043823242 13.2529668807983
v 17.8016414642334 87.3244476318359 4.08173942565918
v -9.99897384643555 86.0271453857422 9.7354679107666
v 16.1440658569336 97.7163925170898 2.73982357978821
v 8.7205982208252 97.2005462646484 11.8022079467773
v 8.61211967468262 98.7174301147461 11.5272769927979
v 10.2404670715332 99.9740447998047 9.93913459777832
v -0.255633234977722 92.8523559570312 14.4228715896606
v 0.983803927898407 93.269287109375 14.4809856414795
v 5.34635019302368 85.2896957397461 10.8507452011108
v 16.8180847167969 90.4516067504883 4.6487832069397
v 15.2101354598999 90.0061950683594 6.6903920173645
v -5.22529315948486 91.9763946533203 13.1284952163696
v -2.99536824226379 85.01904296875 11.3446340560913
v -15.7159719467163 98.9161224365234 1.50463736057281
v -12.665225982666 103.070617675781 6.65291500091553
v -13.8919897079468 95.4966354370117 7.37135028839111
v 4.58482265472412 92.3271713256836 13.6892461776733
v -10.3639211654663 87.5338897705078 9.74544715881348
v 6.6855525970459 98.6145401000977 12.9701347351074
v 5.50159072875977 98.2649841308594 13.6739168167114
v 3.31945896148682 102.223121643066 13.9311094284058
v -6.87267541885376 102.729049682617 11.7273435592651
v -9.81165599822998 92.8910751342773 10.7769365310669
v -12.0980644226074 88.96484375 9.21005821228027
v -12.6911096572876 100.090431213379 7.52653741836548
v -12.5232086181641 101.808143615723 7.15327453613281
v -16.4289741516113 92.9531555175781 4.55773544311523
v -17.4480648040771 93.1828536987305 2.12893033027649
v 4.46337890625 88.1445846557617 12.3854999542236
v -9.11694622039795 101.774391174316 10.1493988037109
v 13.9678678512573 92.2162551879883 7.74652433395386
v 11.2842636108398 95.5151977539062 9.98041343688965
v 12.6710195541382 96.8640365600586 8.67809391021729
v 16.8656711578369 92.4731292724609 3.88653564453125
v -9.08590126037598 93.7551498413086 11.2125692367554
v -11.4709701538086 93.8299026489258 9.80335521697998
v -17.2362899780273 94.1276016235352 2.07998371124268
v 6.24693441390991 91.2686767578125 12.8842945098877
v -18.1713829040527 91.9190673828125 -0.547614634037018
v -17.2245922088623 89.6615142822266 4.42024087905884
v -17.8379936218262 93.6163864135742 -0.380776524543762
v 15.2205982208252 86.7884750366211 7.0639796257019
v -14.8534679412842 102.601493835449 1.09885430335999
v -14.8591537475586 102.085067749023 2.29962539672852
v -17.265697479248 95.5146331787109 -0.0933573320508003
v -5.03176403045654 102.583106994629 13.0803565979004
v 4.96340656280518 89.053092956543 12.6189546585083
v -15.4970235824585 97.8721542358398 3.68117547035217
v -12.9967079162598 104.442642211914 5.72186231613159
v 10.1137237548828 91.9462966918945 10.6572732925415
v -15.4438323974609 100.224189758301 0.71631395816803
v 17.7025356292725 94.76904296875 -0.362292349338531
v 7.90397357940674 102.708343505859 11.631929397583
v -6.19922733306885 86.5230255126953 10.9004335403442
v 7.47194766998291 93.8030242919922 12.6116018295288
v -7.51855754852295 93.0632629394531 12.0808849334717
v -16.624095916748 97.0022048950195 0.192841202020645
v -13.1917209625244 87.902458190918 8.65645790100098
v 1.69479608535767 96.8815155029297 14.364933013916
v -8.74161434173584 103.168159484863 10.3334407806396
v -13.5024824142456 91.9906463623047 8.28645324707031
v -2.06048154830933 85.5978622436523 12.0935344696045
v -7.64415550231934 85.549446105957 10.337984085083
v 8.02157878875732 91.362434387207 11.8798761367798
v 8.22525024414062 92.46826171875 12.0410242080688
v -5.02114343643188 87.586540222168 11.6553764343262
v -5.40620183944702 88.7208099365234 12.0664930343628
v -15.1707992553711 87.1363296508789 7.54636001586914
v 15.9971208572388 100.129417419434 0.760980546474457
v -15.5119180679321 94.3430862426758 5.49246263504028
v 5.93886423110962 90.2140274047852 12.6340036392212
v 4.68659257888794 99.104850769043 13.777813911438
v 17.1787776947021 96.0773468017578 0.404968351125717
v -4.1839337348938 98.0959320068359 14.002179145813
v -8.56968021392822 89.4867324829102 10.9630889892578
v -6.30292654037476 85.3922958374023 10.6638526916504
v -5.0177526473999 92.8365707397461 13.3232097625732
v -3.35092496871948 101.433662414551 13.8231430053711
v 11.5792407989502 96.3234786987305 9.7047872543335
v 2.02012801170349 91.6491775512695 14.1668014526367
v 15.4059553146362 97.5618896484375 4.77944374084473
v -17.8613338470459 91.2705535888672 2.11290216445923
v 6.12667369842529 100.080108642578 13.0921401977539
v 3.80517363548279 96.8327255249023 14.2789573669434
v 8.0587854385376 88.3584060668945 10.7632913589478
v 8.42602634429932 87.3447341918945 10.2498064041138
v 6.63887882232666 92.6376037597656 12.9524345397949
v -9.23731803894043 95.713752746582 11.1275129318237
v 17.0617942810059 88.8633651733398 4.74750089645386
v -7.00990104675293 94.6025314331055 12.3973045349121
v 16.8752937316895 94.0702438354492 3.17543530464172
v 16.3109016418457 98.4869766235352 0.85340678691864
v 0.514379680156708 89.4487838745117 13.7694387435913
v 0.207917779684067 90.4061737060547 14.0380945205688
v -18.5193691253662 88.479866027832 1.39101004600525
v 0.768209636211395 85.5497817993164 12.2972202301025
v -0.609167098999023 101.294364929199 13.9400835037231
v -9.6510534286499 103.498443603516 9.63941383361816
v -5.66729831695557 94.4794006347656 13.1232967376709
v -5.40914916992188 95.3362274169922 13.3941459655762
v -7.45955371856689 95.7635116577148 12.2174301147461
v -12.4582853317261 95.2517700195312 8.84354305267334
v -10.2692060470581 99.2507247924805 9.86740303039551
v -10.2810335159302 100.510757446289 9.53131580352783
v -11.7701730728149 99.7705688476562 8.54521751403809
v 12.4658489227295 87.5873031616211 8.55773544311523
v -16.1460990905762 97.1392974853516 2.3753547668457
v -14.3409624099731 97.6332778930664 6.15778923034668
v -6.39781284332275 96.0084381103516 12.897479057312
v -8.85353946685791 100.49144744873 10.5165176391602
v -8.6747350692749 99.3222122192383 10.8834285736084
v 15.4283094406128 98.7466049194336 4.28145694732666
v 14.0228052139282 104.356750488281 4.69214344024658
v 15.8618154525757 98.8860168457031 2.94297885894775
v 13.2525901794434 95.8785400390625 8.17757892608643
v 1.8810088634491 101.218719482422 13.8296718597412
v 3.32898092269897 85.4482879638672 11.6323041915894
v 15.9655246734619 96.3796081542969 4.06484365463257
v -18.2863826751709 90.4140167236328 0.834008991718292
v -18.0250110626221 91.966911315918 0.789868116378784
v 9.01236343383789 103.077949523926 10.6715002059937
v 7.45102262496948 85.1963806152344 10.1314973831177
v -12.0582237243652 90.1107788085938 9.31366539001465
v 6.35724830627441 88.1143569946289 11.4787664413452
v -15.1213293075562 98.3976669311523 4.31037092208862
v 9.5790433883667 88.6202697753906 10.1127061843872
v -1.01536738872528 99.6148147583008 13.9855432510376
v 11.4032859802246 89.0634536743164 9.27724361419678
v 12.1035299301147 88.6451187133789 8.86431312561035
v -16.1982517242432 95.7511978149414 3.56753253936768
v 15.3848991394043 95.2512130737305 5.58913660049438
v 12.6712560653687 86.2696685791016 8.35242938995361
v 18.613187789917 88.3301162719727 1.43100345134735
v 13.5654745101929 102.950149536133 5.98058223724365
v -4.18754863739014 91.4742736816406 13.4233293533325
v -14.0355863571167 105.319526672363 2.25031781196594
v 3.46635150909424 100.402000427246 13.752100944519
v 13.5531778335571 87.0746307373047 8.01481819152832
v -15.7637233734131 88.5668182373047 6.75543928146362
v 9.31861782073975 95.1122665405273 11.4477596282959
v -6.70117616653442 92.0970840454102 12.4275798797607
v 13.5155143737793 104.207954406738 5.73347043991089
v -16.9456157684326 91.9441757202148 4.02280139923096
v -10.0654497146606 101.846687316895 9.46412658691406
v -3.49237537384033 86.4953231811523 11.7035675048828
v 14.9382019042969 104.416946411133 0.963677763938904
v -9.01523590087891 94.4826965332031 11.2450094223022
v -10.8878870010376 95.5024566650391 10.0505723953247
v -10.293851852417 94.5239791870117 10.472375869751
v 7.01079845428467 102.712928771973 12.4137887954712
v 3.94383811950684 95.5973663330078 14.2872200012207
v -14.4273729324341 103.464279174805 2.56555771827698
v 6.86985301971436 87.0711441040039 10.813943862915
v -14.1124362945557 105.457244873047 1.15404081344604
v -11.1074132919312 93.0722122192383 10.0255346298218
v 12.6520252227783 99.6131439208984 8.03564167022705
v 14.791187286377 105.112777709961 1.10421276092529
v -15.6848020553589 99.266487121582 0.329784601926804
v 4.65248966217041 86.3741455078125 11.5015935897827
v 15.5167818069458 92.8398284912109 5.93001079559326
v 14.6055431365967 93.6058197021484 6.99312400817871
v 11.7302618026733 101.289321899414 8.49330806732178
v 11.7625141143799 92.2427139282227 9.54946327209473
v 6.16704750061035 94.8273468017578 13.4340925216675
v -9.85824108123779 91.7255630493164 10.5986652374268
v -8.13111972808838 91.3547821044922 11.4436988830566
v -13.7689552307129 103.908737182617 4.39944648742676
v 7.91667366027832 89.4186706542969 11.2803926467896
v 14.8509330749512 90.6430358886719 6.97712278366089
v 10.0190372467041 98.5342178344727 10.5213489532471
v -17.7121295928955 87.990837097168 4.18421459197998
v -0.612392961978912 84.6777725219727 11.864405632019
v 1.55121684074402 99.6121444702148 13.8615417480469
v -7.2485933303833 99.4906692504883 11.8272657394409
v 18.7832489013672 87.7086563110352 0.882100820541382
v 9.75468826293945 89.6765899658203 10.3110151290894
v 9.85563468933105 90.5494537353516 10.5067110061646
v 6.31176519393921 85.0024337768555 10.4852714538574
v -13.8934555053711 93.0357971191406 7.79880046844482
v -14.6798477172852 103.320686340332 0.85777336359024
v -3.59059810638428 99.3052673339844 13.9473457336426
v -16.5039463043213 96.8153381347656 1.48539471626282
v -17.7793846130371 93.1459350585938 0.827130138874054
v 14.4886331558228 103.495277404785 3.96491956710815
v -7.6291298866272 100.502182006836 11.3561782836914
v -13.2088947296143 100.688179016113 6.68723344802856
v 16.2588024139404 91.7841339111328 5.11366033554077
v -2.95457458496094 92.4218902587891 13.9585332870483
v 12.3478136062622 102.146469116211 7.73649644851685
v 10.7691583633423 102.029258728027 9.19294548034668
v -13.4320554733276 96.6062850952148 7.61540031433105
v 0.0230398066341877 88.3201904296875 13.3621044158936
v 13.6625719070435 100.505264282227 6.58924388885498
v -6.52453804016113 89.0796356201172 11.795093536377
v 16.7340507507324 96.566047668457 1.7353732585907
v 4.5650372505188 91.6595764160156 13.5836429595947
v 10.9940137863159 97.4289093017578 10.0433969497681
v 18.1330432891846 88.6060485839844 2.84718680381775
v -6.62863731384277 101.953826904297 11.8919315338135
v -3.97478413581848 93.7966537475586 13.8291845321655
v -2.52895736694336 93.3866653442383 14.159592628479
v -2.39626955986023 94.5711517333984 14.3281288146973
v -14.2133865356445 101.699516296387 4.55096435546875
v 14.5017318725586 98.7880859375 6.02381134033203
v 1.29006469249725 96.163818359375 14.4707365036011
v 15.2457866668701 102.19898223877 2.58518481254578
v 15.1366548538208 103.127487182617 2.21605706214905
v -5.38867282867432 90.7701950073242 12.6520442962646
v -6.75124883651733 91.1764450073242 12.107572555542
v -6.70684814453125 90.102912902832 11.8163681030273
v 1.43725955486298 98.1861038208008 14.1171417236328
v -5.27805662155151 89.9785385131836 12.4108629226685
v 1.919717669487 90.6262969970703 13.9618053436279
v 3.64089226722717 97.6055755615234 14.1572294235229
v -15.8541679382324 91.1393585205078 6.03273010253906
v 14.2720670700073 96.8427200317383 6.83579921722412
v 11.2187280654907 98.7463073730469 9.5470552444458
v 11.4678735733032 99.9938430786133 8.96565341949463
v -7.44105434417725 88.358154296875 10.8521213531494
v -12.1117067337036 103.32689666748 7.31615161895752
v 5.46910953521729 92.8866195678711 13.490288734436
v -8.4384069442749 90.392692565918 11.0979557037354
v 16.8830833435059 86.8370056152344 5.55190372467041
v 13.8864641189575 95.210693359375 7.547119140625
v -1.99141323566437 98.1558532714844 14.2528676986694
v 0.713298499584198 91.7460327148438 14.3118162155151
v 14.4820652008057 102.04069519043 4.65743637084961
v -2.13344478607178 90.5663146972656 13.7523603439331
v -11.9499998092651 95.6532974243164 9.24434375762939
v 8.24257469177246 97.7648849487305 12.0386219024658
v -15.2945156097412 99.5294799804688 2.93631911277771
v 0.40858981013298 87.5843200683594 13.0921669006348
v 2.37544345855713 88.5006790161133 13.2155485153198
v -17.0262660980225 96.1703414916992 -0.33544385433197
v -4.62047100067139 85.7276458740234 11.5562610626221
v 12.7963514328003 98.1733245849609 8.33098602294922
v 2.312495470047 89.6334838867188 13.6185359954834
v -1.53546571731567 89.4263076782227 13.5503072738647
v -3.41252303123474 90.2652969360352 13.3094921112061
v 7.71210193634033 85.9455108642578 10.1886577606201
v 16.2497596740723 97.0359191894531 2.93942260742188
v 8.82051658630371 96.4859771728516 11.7834367752075
v 10.1395969390869 97.5066375732422 10.6821918487549
v 9.86254978179932 96.239501953125 11.0238018035889
v -14.753794670105 96.8723983764648 5.72801160812378
v -12.0268297195435 87.0705795288086 9.13710594177246
v 7.95018434524536 94.4693832397461 12.3307600021362
v 7.50772523880005 101.301124572754 11.9195070266724
v 6.64394950866699 101.333427429199 12.5843620300293
v 15.8995370864868 88.9615936279297 6.1508469581604
v 5.7086763381958 95.9593048095703 13.815502166748
v 5.44141721725464 96.8750991821289 13.9030628204346
v 7.15710783004761 96.2993850708008 13.0059242248535
v -10.6165504455566 96.1753234863281 10.2383890151978
v -8.30735111236572 101.913505554199 10.7000865936279
v -8.30739212036133 97.3396224975586 11.612060546875
v -8.76940059661865 98.0963897705078 11.2423286437988
v -14.4944067001343 99.4695053100586 5.15067911148071
v 6.91411685943604 89.173713684082 11.7155933380127
v -3.57461476325989 87.5549087524414 12.1213512420654
v -3.55904340744019 88.3512725830078 12.4773654937744
v -1.58829462528229 87.5561676025391 12.7643804550171
v 15.5269804000854 102.224060058594 0.923828542232513
v -14.7796840667725 100.79052734375 3.72588658332825
v 2.06140995025635 85.9931030273438 12.2670421600342
v 18.4617214202881 90.4899520874023 -1.11295032501221
v -10.3154535293579 97.1686096191406 10.3335390090942
v -8.84226989746094 96.2991561889648 11.3827133178711
v -7.15808439254761 98.3044281005859 12.2063484191895
v 0.946752429008484 88.6437835693359 13.4814291000366
v 15.896143913269 87.6868896484375 6.37537240982056
v 18.0599555969238 93.3971862792969 -0.736351072788239
v 18.2163200378418 92.612678527832 -0.865997612476349
v 17.8032188415527 92.7841186523438 1.49107646942139
v -7.42976856231689 101.825485229492 11.3393268585205
v -7.94925975799561 103.220489501953 10.9433603286743
v -14.2538414001465 88.9360885620117 7.95681619644165
v 11.9114866256714 93.3090972900391 9.50100898742676
v 13.6680974960327 92.756103515625 8.04498386383057
v -6.21305227279663 103.050964355469 12.2567377090454
v -14.3158578872681 104.136367797852 2.2993791103363
v -11.9407749176025 101.275543212891 7.93646097183228
v -7.72347927093506 92.4204177856445 11.9203538894653
v 11.2474327087402 90.869987487793 9.70766735076904
v -1.91601645946503 93.8857498168945 14.3146305084229
v 10.7657098770142 93.1589126586914 10.3246517181396
v -16.1856746673584 97.9667434692383 0.0905218943953514
v 0.611237168312073 86.7119522094727 12.7286396026611
v -14.116943359375 96.1347274780273 6.89424610137939
v -16.097095489502 87.2868118286133 6.71207857131958
v -16.6187133789062 88.5573196411133 5.75911855697632
v -13.1988325119019 95.0098724365234 8.20623779296875
v 17.4820308685303 91.6920013427734 2.93041563034058
v -13.9734983444214 98.3304748535156 6.47901821136475
v -14.1002416610718 99.7360610961914 5.79912996292114
v 18.5542831420898 87.5269470214844 2.21210312843323
v 18.5647888183594 89.7236328125 -0.972145915031433
v 13.1040802001953 101.85572052002 6.91175270080566
v -12.8005037307739 86.5823059082031 8.87626266479492
v -17.3718338012695 92.2933349609375 2.89068675041199
v 18.8776626586914 87.7041015625 -0.377204209566116
v -13.3075752258301 94.218635559082 8.24547290802002
v 4.14414882659912 94.9182891845703 14.1716394424438
v -12.1144456863403 92.6443405151367 9.35849857330322
v 15.9078826904297 86.5008850097656 6.58714723587036
v -13.0355567932129 101.473739624023 6.6269588470459
v 18.6876029968262 88.8343353271484 -1.01119101047516
v 17.8675518035889 93.3888092041016 0.74951183795929
v 15.6974544525146 100.134071350098 2.62475490570068
v 15.6496047973633 101.043907165527 2.10517692565918
v 15.876781463623 100.77416229248 0.586281001567841
f 311 1 3687
f 311 243 1
f 3687 1 2
f 1569 309 2921
f 2271 1569 642
f 2628 2084 3377
f 2084 5 6
f 2347 2628 1232
f 302 2336 2497
f 3168 1994 791
f 1660 685 1482
f 1794 1231 521
f 2163 2756 9
f 1121 1400 1954
f 3459 2808 434
f 3772 2724 444
f 1762 521 2294
f 1710 1694 803
f 17 1710 2760
f 2831 1731 499
f 3717 14 1622
f 1738 2927 481
f 2831 2046 2830
f 1730 21 2703
f 3053 1489 3054
f 2451 1765 690
f 2676 1680 1127
f 1680 3055 1127
f 1361 991 1649
f 2724 1745 444
f 3464 2133 391
f 3294 27 28
f 3213 3294 1550
f 31 1381 30
f 2719 33 34
f 3366 3242 373
f 2720 3724 875
f 2824 2218 522
f 1419 3764 1277
f 2166 3031 2572
f 2954 1820 1062
f 3563 36 37
f 1810 41 1913
f 1861 2929 500
f 1275 1062 2255
f 2493 2363 950
f 3011 42 43
f 3435 2311 1149
f 45 2363 2493
f 2586 49 50
f 3348 1149 2311
f 2586 50 2319
f 3228 583 2384
f 2095 52 53
f 2095 2094 908
f 56 57 3276
f 1362 54 55
f 2827 55 56
f 2827 3276 1167
f 2180 2817 2401
f 3650 2180 574
f 3434 1006 3200
f 3434 3200 1217
f 1967 1494 1159
f 3037 2912 464
f 3170 2541 1006
f 1257 209 210
f 3393 2026 1438
f 1913 42 3011
f 3393 1257 3824
f 2121 1903 951
f 2156 1479 1198
f 3212 2943 550
f 1519 1351 360
f 1941 1233 713
f 3505 215 216
f 2032 1783 996
f 1979 1259 525
f 1980 736 2055
f 2987 2928 372
f 2501 2539 836
f 3268 2047 596
f 1463 2965 3064
f 3452 224 2320
f 1560 225 226
f 2288 1969 716
f 2806 3539 528
f 1877 229 230
f 2334 2973 3576
f 3248 229 1877
f 2345 1430 3042
f 1959 2901 503
f 1430 2549 985
f 2549 236 1932
f 3590 1577 667
f 1577 238 239
f 2606 3510 1200
f 3510 241 2358
f 58 3275 242
f 2358 241 3390
f 3390 3275 1151
f 2792 59 60
f 237 2173 1932
f 2312 2041 818
f 3790 2140 1148
f 1430 2880 3042
f 2140 2232 1046
f 2868 1574 634
f 2104 3266 768
f 2232 2140 65
f 2177 1297 416
f 3293 67 68
f 2292 2219 518
f 1665 1320 3105
f 2104 70 71
f 1005 2185 3266
f 1975 1472 378
f 2303 3737 625
f 3225 73 74
f 2822 2799 982
f 2370 2736 346
f 776 2405 1925
f 3636 78 2657
f 2657 78 1829
f 1829 3156 1300
f 2749 1975 378
f 3721 83 1673
f 82 3721 3722
f 1673 2862 1214
f 1766 1236 565
f 1871 2443 907
f 2098 86 87
f 1414 87 88
f 1943 2496 89
f 1709 91 92
f 2903 2666 461
f 2341 91 1709
f 3140 92 93
f 3588 834 2051
f 1394 2671 467
f 2117 453 2010
f 2402 1394 837
f 2053 1502 440
f 2039 2117 846
f 2090 1276 453
f 3327 100 101
f 2476 1526 804
f 2458 1499 688
f 804 1503 1502
f 2476 804 1725
f 2837 110 1266
f 3175 2922 947
f 2148 1266 111
f 3405 2148 112
f 113 114 2634
f 244 245 114
f 3405 112 113
f 2148 111 112
f 1266 110 111
f 3068 246 247
f 2458 109 1499
f 2951 248 249
f 1825 250 1618
f 2731 870 2485
f 2287 2033 938
f 251 3662 1618
f 3509 739 2893
f 2033 254 3509
f 3552 1591 396
f 2074 3321 739
f 2978 1248 523
f 3138 1789 622
f 2875 2978 1024
f 2878 2087 423
f 2171 1247 523
f 1610 1311 753
f 3209 2918 1398
f 2737 2556 448
f 3218 3173 1411
f 3759 2715 266
f 2702 264 265
f 2622 2034 806
f 2813 1736 515
f 2622 806 1454
f 3440 1879 376
f 1337 2109 806
f 2314 1410 588
f 3247 3181 515
f 2579 272 273
f 3780 273 274
f 2353 1918 1617
f 2991 740 2004
f 1900 1681 990
f 3786 2231 421
f 1978 1655 279
f 2112 1926 508
f 1617 1245 2353
f 3686 872 1918
f 3555 2534 2707
f 1806 2112 2963
f 2196 881 1806
f 3593 2266 1292
f 3389 1392 1937
f 2352 1395 355
f 1197 2605 897
f 3325 2184 290
f 2190 2191 758
f 3070 1724 726
f 3489 2481 1146
f 3489 296 2481
f 1418 1936 725
f 1726 3277 657
f 298 299 1936
f 1390 300 1726
f 1726 2497 3277
f 1079 1839 3536
f 2336 303 2743
f 3535 1663 305
f 3535 305 306
f 2271 1074 2583
f 3066 2522 642
f 2921 3066 1569
f 3428 1587 957
f 1644 3047 3229
f 2726 3049 613
f 2830 2046 803
f 1178 1990 3193
f 3173 1311 1610
f 1891 1890 1279
f 3033 2580 859
f 2369 2465 784
f 2089 1250 407
f 3338 3309 317
f 740 2006 2005
f 2327 1332 318
f 2680 1871 489
f 2346 1541 465
f 1896 1897 696
f 3194 1678 422
f 3591 3138 622
f 1069 2419 2071
f 1231 12 3717
f 2048 1551 3426
f 2904 1493 320
f 2487 3407 364
f 1877 1012 2976
f 2466 1679 647
f 2818 1735 911
f 1573 1722 325
f 1292 2404 2361
f 1434 2393 703
f 3753 1584 724
f 3843 1370 576
f 1905 1251 329
f 1874 1326 1008
f 2945 2222 456
f 1863 1716 409
f 2717 1951 491
f 3638 531 2559
f 1601 2761 322
f 1845 2020 447
f 3790 63 64
f 2144 1213 701
f 2602 534 2578
f 1809 38 39
f 3051 1237 334
f 2099 2900 386
f 3273 1521 315
f 3710 2325 823
f 1676 2925 386
f 3109 1536 336
f 1697 1417 370
f 2593 2752 3230
f 3341 3125 325
f 2859 1603 638
f 1260 218 219
f 1972 1757 442
f 3119 1218 726
f 3454 1822 362
f 2528 268 1454
f 2316 80 81
f 2430 2192 353
f 1510 1321 342
f 2899 1626 3130
f 2226 1433 389
f 2042 1611 460
f 3572 706 1862
f 3663 2455 884
f 1353 3202 3768
f 3761 2227 3358
f 3635 895 1604
f 3198 2614 363
f 2409 1422 347
f 2957 1708 346
f 3214 2194 348
f 1183 1876 463
f 3285 2189 3745
f 249 250 1825
f 1476 2645 455
f 1160 1177 3813
f 1593 1513 3504
f 3838 8 1660
f 2468 1641 96
f 3308 2512 867
f 2306 353 1421
f 2563 2111 318
f 3631 1516 354
f 3303 3048 2100
f 3619 672 2038
f 2153 1162 2648
f 1753 3196 3295
f 810 1659 1385
f 2685 3378 446
f 2151 1042 2406
f 2035 762 2205
f 3777 262 1610
f 2440 2168 366
f 2221 1828 1405
f 1852 360 1331
f 3352 2751 569
f 2020 2873 447
f 1229 1102 2749
f 2415 2241 362
f 3499 2159 1078
f 1230 2297 1599
f 1328 2386 392
f 798 1255 2394
f 2558 1298 3320
f 2701 1427 931
f 3666 393 2783
f 2603 988 2769
f 3281 2243 553
f 3400 1581 439
f 1439 2236 3196
f 1593 2489 571
f 2760 1710 921
f 2680 489 2233
f 1254 1886 345
f 2315 2883 1866
f 2213 2214 1263
f 2718 2753 1661
f 2457 2024 3657
f 2539 1980 836
f 3137 3482 323
f 2505 3589 2695
f 2418 1466 605
f 3755 2862 84
f 2664 1671 322
f 1268 2536 1354
f 1495 3151 371
f 1736 3247 515
f 1961 3220 1566
f 3331 875 2675
f 3237 1803 475
f 2199 1229 524
f 3709 1798 400
f 3678 1756 471
f 3846 420 2329
f 1635 3289 380
f 2642 1510 342
f 3418 2871 599
f 3134 815 2776
f 1645 3087 1012
f 1976 1480 1977
f 2059 1621 383
f 1233 1941 2944
f 3365 3565 1683
f 3519 2631 884
f 3426 1650 1060
f 2181 2182 1043
f 1997 1522 945
f 2867 1875 1050
f 2462 387 1273
f 2484 1801 816
f 1674 3463 407
f 1204 61 2312
f 1433 1287 389
f 1648 1327 636
f 1401 1559 428
f 3456 1875 328
f 2550 3682 561
f 1109 1701 3549
f 1131 2726 1237
f 3707 3416 1193
f 3779 2220 464
f 2643 2907 3434
f 3808 2408 479
f 3488 1687 435
f 2172 1384 395
f 3058 2972 469
f 1080 1591 3552
f 1719 3689 495
f 3431 1721 397
f 2223 3488 435
f 1904 2855 454
f 711 1911 2908
f 2794 2713 945
f 1983 1347 3347
f 1798 2734 400
f 1209 2430 2359
f 3157 1652 72
f 2281 614 1851
f 3310 3311 1989
f 2244 719 1534
f 3001 403 1827
f 2982 3567 394
f 1820 2954 404
f 3088 1780 874
f 1892 1893 1290
f 1938 2187 343
f 1133 3030 1819
f 2669 1970 384
f 1674 2284 1286
f 3189 68 69
f 2138 2995 408
f 2490 2553 430
f 3852 2249 486
f 3655 2318 3040
f 2391 2339 410
f 3352 2729 1191
f 3056 1732 971
f 2703 21 22
f 3708 3697 1776
f 3231 1383 2267
f 2076 2307 1235
f 3156 80 2316
f 1936 3511 298
f 2507 3696 482
f 2809 1457 689
f 3656 2662 332
f 2078 716 1560
f 1536 2178 336
f 2129 1263 417
f 2061 2277 786
f 1208 2301 3647
f 2275 2374 537
f 3161 2126 767
f 2635 2044 1172
f 1333 2329 420
f 2845 1542 1289
f 3135 2006 740
f 3816 1681 367
f 2082 3029 493
f 2744 1662 644
f 2400 1247 2337
f 2270 1440 375
f 723 1387 1340
f 2628 4 5
f 2439 1638 1313
f 1533 2626 1369
f 1576 2516 426
f 3035 1239 3036
f 2890 2486 890
f 1486 247 2952
f 3040 2318 428
f 3127 1632 342
f 1966 2250 429
f 994 1350 3190
f 2360 3669 533
f 1743 1455 994
f 1382 2073 2486
f 2208 1789 1007
f 3486 2381 432
f 2452 1375 671
f 2924 1564 611
f 3309 2013 317
f 2808 1777 434
f 1994 12 1231
f 1775 2123 502
f 2484 1431 319
f 1389 2589 864
f 1812 2031 425
f 2992 2599 437
f 1578 1696 541
f 2753 1355 438
f 3519 1611 2631
f 3400 439 2389
f 2807 1631 632
f 3265 1547 440
f 2485 103 104
f 2022 1375 441
f 2434 2065 450
f 3406 442 2265
f 2607 3437 313
f 2990 3357 443
f 3323 3825 1459
f 2552 1763 2447
f 1950 2467 690
f 1606 3000 659
f 2450 3397 3849
f 3378 2445 446
f 1367 1897 586
f 3245 3180 614
f 1605 1881 1122
f 1807 2396 448
f 3653 3206 770
f 3532 1937 838
f 3134 2355 441
f 2050 2434 811
f 3256 442 1757
f 3732 2773 451
f 3599 2575 1318
f 2939 3691 1783
f 2748 1571 3387
f 3503 846 2388
f 2591 396 1706
f 3526 1583 925
f 1372 2854 3217
f 2616 1476 455
f 1731 3386 1144
f 1413 2659 2107
f 2520 3501 556
f 3123 1636 457
f 2848 1544 630
f 1627 3124 458
f 3655 2317 808
f 3059 2706 1910
f 3557 1682 496
f 3480 1715 654
f 2145 1653 1234
f 1923 827 1924
f 1836 1650 385
f 1908 1305 462
f 2930 1597 463
f 1353 1183 807
f 2835 2018 493
f 2912 2059 748
f 2162 208 209
f 2237 3788 882
f 1651 2730 895
f 3432 3856 466
f 2079 31 32
f 3588 2511 834
f 2203 1769 468
f 2688 683 1512
f 1952 1254 345
f 3108 1481 469
f 2617 3092 476
f 3171 2474 663
f 1564 2570 433
f 2610 1901 471
f 1919 1209 709
f 3339 2816 1069
f 2447 1763 444
f 2985 2648 473
f 2850 2804 368
f 3301 1968 657
f 3858 1954 351
f 1309 1859 2483
f 3708 1599 412
f 2789 2617 476
f 1977 336 1514
f 2290 1739 477
f 3201 1514 336
f 3359 1988 718
f 2509 2590 2858
f 3444 3808 479
f 2247 1505 530
f 1262 1931 2080
f 3448 1815 676
f 2361 2179 881
f 3295 1620 845
f 3847 564 1396
f 1846 1867 450
f 1504 2062 593
f 2287 253 2033
f 2089 1026 3471
f 2281 3714 614
f 1600 3380 485
f 3257 3513 1115
f 2009 1338 805
f 2269 1253 409
f 3629 1098 1916
f 2631 1611 737
f 3240 743 1756
f 3846 2259 420
f 3246 2233 903
f 2762 1346 445
f 1922 776 1925
f 3096 2885 906
f 1951 2182 491
f 3083 1587 314
f 2258 2195 492
f 2525 1252 529
f 1822 2344 618
f 2018 1065 2239
f 3726 1881 1261
f 1986 1250 687
f 2949 1993 717
f 1769 3219 468
f 3605 2477 820
f 3557 1692 3556
f 3119 3601 497
f 2253 1390 657
f 1786 3117 516
f 2597 2244 605
f 3441 3078 499
f 1710 17 18
f 3223 1780 500
f 2311 48 1850
f 3376 501 3373
f 2538 1686 660
f 2823 2867 1050
f 1686 3375 392
f 1817 2838 1271
f 2649 1339 3174
f 2399 2818 911
f 2564 1637 337
f 1314 2068 3148
f 3215 1658 475
f 2798 2730 506
f 2483 1803 775
f 2186 1258 773
f 2571 1234 317
f 284 2963 2295
f 2381 2707 432
f 1189 2300 509
f 2377 1447 510
f 3799 2211 1171
f 3639 1429 419
f 2166 2572 869
f 2696 1379 333
f 2146 2349 1082
f 2616 455 1529
f 2681 2523 513
f 3438 2080 480
f 2114 3169 514
f 2136 1965 2900
f 2034 1337 806
f 2425 2938 589
f 1572 2356 516
f 3652 603 1467
f 1540 1202 1539
f 3585 1616 560
f 3266 2185 768
f 2608 1595 361
f 3098 1737 761
f 1511 1165 3391
f 2014 3385 520
f 2651 2290 1449
f 3447 3335 942
f 2946 670 1746
f 2658 1128 2446
f 1776 2755 2068
f 2978 1789 1024
f 2909 2400 1609
f 76 2365 2800
f 1320 2575 563
f 3581 1032 1940
f 2137 1331 538
f 3221 2213 1263
f 2276 1302 335
f 3606 837 2468
f 2060 1705 3209
f 2273 1073 2569
f 3620 1490 598
f 1899 529 1253
f 2113 2330 344
f 1051 2876 2408
f 1422 1105 1811
f 2126 1429 2383
f 2243 1335 553
f 2147 532 1307
f 1992 610 1525
f 2144 701 1848
f 2380 1255 798
f 2257 2578 534
f 1903 3212 550
f 1888 1289 535
f 3617 2444 1064
f 782 2506 1284
f 2326 1333 781
f 2374 1303 537
f 2609 2594 398
f 1368 2137 538
f 2975 2555 831
f 3859 1790 539
f 3140 93 2652
f 2342 3358 540
f 829 1324 2515
f 1781 1493 976
f 1282 2216 1576
f 1978 2124 796
f 1308 2673 532
f 3361 1006 2907
f 2220 3037 464
f 2765 2125 544
f 2241 1393 1087
f 1984 3651 1180
f 2638 905 2747
f 3120 3115 546
f 3302 2357 545
f 2623 1764 624
f 1285 2310 569
f 2625 1268 548
f 3220 2754 324
f 1326 1874 549
f 2532 1830 3671
f 3574 2580 550
f 3573 211 212
f 2019 551 1571
f 1455 1743 430
f 2340 2131 3186
f 3034 2868 634
f 2633 1435 594
f 1174 1509 2325
f 2604 3255 554
f 2843 1357 454
f 1509 1356 555
f 927 1357 2843
f 1921 2896 556
f 3478 1742 519
f 1585 2826 1230
f 1646 1168 590
f 2562 2439 558
f 1313 3349 627
f 1246 1141 3632
f 3501 1921 556
f 43 2432 3011
f 2372 1202 799
f 3113 1680 1037
f 1489 22 3227
f 1991 2433 615
f 1012 2861 2881
f 3672 2323 1851
f 2840 1793 681
f 3278 772 1199
f 3479 2507 482
f 1766 3008 1047
f 3755 84 85
f 1975 2379 797
f 3814 3008 565
f 2854 2436 567
f 1296 2114 514
f 2340 818 2131
f 2792 3275 59
f 2751 2339 904
f 2654 2291 573
f 2667 1147 3031
f 2567 2675 35
f 929 2407 1711
f 2488 1744 472
f 1400 3531 572
f 1088 1794 3335
f 2260 3197 573
f 2759 823 1615
f 3142 3650 574
f 2817 3276 202
f 3827 3420 575
f 3638 3481 531
f 3367 1533 576
f 1545 3350 425
f 2184 1197 897
f 3195 1439 3196
f 266 267 3759
f 3502 375 2536
f 1689 1464 579
f 1797 2987 2964
f 2559 1999 1429
f 2044 3019 3420
f 3222 2612 581
f 2750 2492 338
f 3006 2627 732
f 2524 1881 606
f 3587 2784 583
f 3748 3089 1139
f 1608 1465 2546
f 1975 3307 2379
f 1124 2099 1296
f 2532 1477 613
f 1371 1749 850
f 2478 1682 668
f 3623 587 3624
f 2866 1488 648
f 2911 2314 588
f 3159 3527 1409
f 2938 1567 589
f 3337 2625 548
f 3284 2504 992
f 1243 3232 3236
f 2101 1495 591
f 2630 1933 438
f 2961 1592 922
f 1653 2145 460
f 3076 593 2062
f 1526 107 2458
f 3244 2633 1341
f 3725 988 2789
f 86 2098 3063
f 3592 2233 489
f 2962 1515 2651
f 3201 336 2178
f 1977 2047 673
f 1480 1481 974
f 3620 598 2040
f 3701 2283 494
f 3680 3418 599
f 2355 2022 441
f 2971 2811 600
f 3137 788 1285
f 1464 1297 932
f 3578 975 2928
f 2696 1540 2698
f 1427 2701 1960
f 3836 1960 603
f 2678 1539 517
f 3718 1224 3719
f 3302 2624 857
f 1466 2418 3698
f 2626 2716 1369
f 1881 1605 606
f 3315 1669 767
f 3216 607 1831
f 3294 3213 27
f 2778 3766 608
f 3047 3046 1800
f 2356 3089 1120
f 3779 464 1778
f 2564 1525 2494
f 2899 1627 628
f 1796 3110 3150
f 2860 1748 592
f 3414 1623 1193
f 3375 1686 1067
f 3235 3049 1131
f 2656 392 1755
f 1274 3180 1118
f 3245 2020 913
f 233 2345 2557
f 3399 2110 382
f 2637 1579 616
f 2993 1573 892
f 3612 1571 617
f 1981 1259 736
f 3207 1822 618
f 2333 1684 645
f 2403 1413 619
f 3122 1543 381
f 2828 1551 3104
f 1625 3084 485
f 3768 3177 1364
f 1741 1507 3057
f 2780 3591 1316
f 2955 3013 358
f 1990 1433 778
f 3514 1880 653
f 2487 1561 1498
f 2709 1583 327
f 73 3225 1527
f 2303 3105 401
f 1081 1545 3351
f 1727 1983 754
f 1843 1487 1081
f 3415 1192 2439
f 1974 1626 628
f 966 1627 2426
f 2947 3299 629
f 962 1634 3129
f 1544 3342 630
f 2302 1460 599
f 3823 631 1628
f 1630 3287 632
f 3287 3832 632
f 964 1631 3125
f 1833 1346 2778
f 1059 1600 3398
f 2960 1784 634
f 2232 65 66
f 1516 2933 3626
f 3749 703 1930
f 2877 1443 636
f 1433 1990 623
f 1594 1707 637
f 2699 1357 555
f 3176 1452 3296
f 1219 2251 2244
f 2722 1476 639
f 1083 2158 1824
f 2160 3576 640
f 229 3248 228
f 1982 641 1642
f 2920 1530 348
f 3146 306 307
f 3700 2950 1340
f 1585 3809 643
f 2067 1314 377
f 3093 1662 2230
f 3258 1718 3546
f 2159 3499 3633
f 3365 1684 1097
f 3218 2740 646
f 2343 1166 2878
f 2544 647 1678
f 2718 1661 644
f 2133 2366 648
f 3567 2766 394
f 3857 1531 1530
f 2182 2560 491
f 3750 2332 650
f 1587 1586 920
f 2096 3546 651
f 2330 1272 344
f 3328 3508 652
f 3250 3648 1948
f 1841 653 1692
f 387 1444 1443
f 1096 1716 3561
f 3353 2145 832
f 3280 1664 1074
f 2743 303 304
f 3770 1733 1157
f 3577 1769 801
f 3362 1968 1014
f 3695 2336 877
f 1844 1485 2772
f 3068 2634 246
f 1816 1607 741
f 2375 1471 584
f 1801 1685 660
f 2538 1066 3364
f 3465 1946 661
f 2579 2070 272
f 3015 2454 1613
f 2551 902 1404
f 2474 1496 663
f 1567 1566 856
f 3549 1701 664
f 1928 3445 703
f 1456 1387 3791
f 655 2475 1663
f 1732 1731 666
f 1730 2364 20
f 1959 3590 667
f 2606 239 240
f 2470 2354 1273
f 3283 586 2693
f 1658 2888 669
f 992 2820 3284
f 2503 3162 1744
f 1785 1423 968
f 3490 2452 671
f 2355 1462 3342
f 3696 1283 672
f 2460 1972 814
f 3091 3090 987
f 2047 1514 596
f 1175 3854 1720
f 2175 1349 623
f 3303 1773 675
f 3560 502 2823
f 888 3172 1598
f 2959 2796 886
f 2362 1276 677
f 2948 1719 495
f 3807 1698 983
f 2502 1688 727
f 437 1590 2495
f 1591 1469 2235
f 1742 680 1165
f 2896 1921 961
f 2390 1793 2840
f 2011 1170 510
f 3046 1799 682
f 3253 1799 1001
f 2207 1512 3542
f 2264 1751 827
f 3537 1872 684
f 2648 2141 473
f 6 1482 2084
f 2808 1954 723
f 1858 1651 686
f 1859 2736 999
f 3471 3506 687
f 3506 1805 1027
f 1504 1503 688
f 3404 1486 658
f 1135 1861 3763
f 2809 1013 1457
f 1765 1950 690
f 2467 3386 411
f 2453 1596 691
f 2434 2050 810
f 2563 1189 692
f 2734 2127 400
f 2771 1781 693
f 2428 3069 1305
f 3334 694 1914
f 1668 1683 487
f 1252 1917 1474
f 1517 695 2113
f 3830 2338 1707
f 1897 1896 1366
f 2508 1468 697
f 1893 405 1290
f 1213 3760 1325
f 3667 1891 547
f 732 1640 1639
f 2172 1866 1384
f 3747 1819 700
f 1252 1819 406
f 2252 2970 777
f 3017 1849 1256
f 2077 2088 702
f 1931 1944 1048
f 2393 1928 703
f 3864 1929 1052
f 3005 1810 939
f 1912 1837 1293
f 2249 3733 705
f 2464 1432 773
f 3572 1517 706
f 1716 1823 654
f 2508 1855 1468
f 486 2249 1338
f 1113 1882 3676
f 2075 1816 741
f 3798 2127 1220
f 2105 2377 510
f 3742 1888 710
f 2547 1909 711
f 3141 916 2931
f 3648 2438 712
f 1910 1948 1304
f 3729 2477 3605
f 215 3505 1939
f 3670 2411 214
f 3354 1228 714
f 2500 1288 535
f 1301 1956 2268
f 2862 83 84
f 2288 1878 1023
f 3112 224 225
f 2235 1469 717
f 3625 2198 352
f 3360 1988 3359
f 2979 1989 1137
f 2251 1966 719
f 2692 3273 315
f 3817 2526 1206
f 483 1225 2892
f 2967 2001 2969
f 3224 355 1395
f 3100 1886 1254
f 1183 2331 807
f 1777 723 1340
f 3858 351 1747
f 2779 1693 724
f 2079 1381 31
f 3511 1936 1418
f 3278 2469 772
f 3601 1724 3602
f 2923 1846 2065
f 2741 2296 727
f 2591 1706 677
f 2128 728 2023
f 1868 1867 853
f 1188 2037 2891
f 3763 689 1457
f 1386 730 1356
f 1357 1904 454
f 3009 1649 731
f 2779 1870 1693
f 2627 1640 732
f 1185 3269 1004
f 3861 2687 733
f 1780 2733 500
f 3769 3564 1622
f 1345 2850 2851
f 3306 1873 1102
f 3156 79 80
f 1980 3740 736
f 1259 1981 360
f 1933 737 1272
f 3863 934 3828
f 2448 443 3357
f 1779 2348 813
f 1382 2893 739
f 1424 3591 622
f 276 2004 2399
f 3584 909 2814
f 1236 2075 741
f 1816 1606 659
f 3265 1548 1547
f 2502 2090 1688
f 2057 1195 743
f 1901 1329 692
f 3649 1262 744
f 3437 1813 313
f 3833 2024 745
f 3279 2414 433
f 1847 1445 2735
f 3517 1844 3817
f 1958 2066 995
f 3148 2119 787
f 2660 2058 1399
f 2282 1479 847
f 2142 2143 749
f 3756 1593 571
f 1650 1836 750
f 957 1587 3083
f 1698 2150 2149
f 3551 1080 1699
f 3185 752 1962
f 2167 2021 437
f 260 2169 1248
f 2217 1311 423
f 3274 1983 1727
f 3651 2357 1180
f 1032 2193 2852
f 1368 2611 849
f 3778 756 2177
f 2988 1538 932
f 3843 1802 757
f 1420 2007 864
f 3806 2191 2190
f 2190 3533 293
f 3436 1181 759
f 2325 1615 823
f 2192 2906 760
f 1223 2188 764
f 2435 1388 761
f 3520 1737 1176
f 2932 762 2189
f 3285 3322 1963
f 2222 1840 763
f 619 3609 3419
f 3356 1223 764
f 1336 2243 3281
f 2377 2306 765
f 3481 3356 531
f 2211 1447 766
f 3316 1845 447
f 1470 2134 2383
f 2209 2874 766
f 69 1857 3189
f 3343 1227 1027
f 2082 2018 769
f 1970 3545 1101
f 3776 770 2765
f 2155 2239 1065
f 1446 2194 771
f 3746 1133 1906
f 2352 2272 772
f 2152 1415 414
f 3543 2186 1432
f 3643 2521 559
f 2154 1435 774
f 2291 2350 1298
f 2246 1309 775
f 1505 1431 816
f 1924 1546 776
f 3145 2664 2621
f 2970 3210 940
f 2561 3579 402
f 3193 1990 778
f 2226 389 1713
f 2054 1420 2589
f 2614 1407 889
f 2321 1463 780
f 3112 2320 224
f 2620 1562 781
f 1927 1288 2500
f 2429 509 1208
f 2506 2373 536
f 3597 2151 783
f 2195 1446 771
f 2449 1365 784
f 2278 1302 786
f 1987 2329 785
f 2373 1333 536
f 2277 1691 786
f 1302 2278 537
f 2118 1314 787
f 1649 1708 731
f 1788 871 2043
f 2811 1672 3837
f 1426 2281 789
f 2324 2323 1320
f 2712 2357 790
f 3822 1583 1373
f 3168 791 2163
f 3335 2851 942
f 3013 2955 1657
f 2342 2337 1093
f 3841 2085 793
f 2086 2085 936
f 2412 1286 794
f 1986 3704 1122
f 2574 2231 795
f 2437 1307 337
f 2124 1244 796
f 279 1655 278
f 3820 2378 2202
f 2202 797 1301
f 3815 2380 798
f 2395 2394 1347
f 1222 2218 1895
f 517 1203 2015
f 2992 800 1578
f 3013 1657 1019
f 2197 1734 801
f 2613 1751 683
f 3654 2522 1834
f 1482 6 3838
f 18 1694 1710
f 3771 2046 1143
f 105 106 1725
f 3076 1501 593
f 2596 2706 967
f 1714 1344 652
f 268 2622 1454
f 3183 2270 375
f 3057 1507 385
f 2332 2331 1586
f 2186 2317 1258
f 2318 1619 2916
f 2431 1264 809
f 2429 1209 1919
f 3243 1659 810
f 1760 1620 356
f 449 2050 2049
f 811 1439 2049
f 2472 812 1461
f 2460 1758 672
f 2349 1824 813
f 2348 1779 1089
f 1757 1972 2460
f 3450 599 1460
f 1460 2302 3074
f 339 2023 1868
f 3239 319 1431
f 3752 3423 1105
f 1773 1811 817
f 2123 2122 1008
f 1211 2130 2340
f 2131 2041 1148
f 3433 2674 2088
f 1422 3422 1105
f 1682 2478 2477
f 3729 1140 1947
f 2980 2532 821
f 3711 1273 387
f 3523 2521 2093
f 2598 2520 1310
f 2514 3710 823
f 2844 1357 927
f 1404 2392 2786
f 2592 2280 1529
f 3514 1287 825
f 1349 1996 623
f 1312 2847 1709
f 2341 1943 90
f 3713 1768 827
f 369 1923 1922
f 1782 2427 2428
f 2788 1885 462
f 2517 1324 829
f 2516 3035 956
f 1428 2491 830
f 2492 2144 1848
f 2554 1455 831
f 2975 1330 538
f 3353 832 2482
f 2289 1556 2317
f 2801 2543 1835
f 2907 205 206
f 2655 1312 834
f 1641 2468 837
f 2564 2494 835
f 2570 2494 1156
f 3064 1084 2942
f 2032 219 220
f 2402 3606 1317
f 1641 2051 95
f 291 292 2200
f 1448 1937 449
f 3384 839 2416
f 1036 1533 3367
f 2346 840 1352
f 2366 2000 648
f 2653 2397 841
f 1807 3841 1166
f 2588 2607 842
f 3419 3418 1391
f 2841 3640 843
f 2412 3645 1491
f 1900 2527 1681
f 2640 2637 1580
f 3555 1753 845
f 3041 1869 441
f 98 2388 3021
f 2825 2010 1100
f 2059 2282 3595
f 1452 2859 638
f 2385 1687 848
f 3326 2386 1328
f 2995 1368 849
f 1428 2492 2750
f 3283 1676 850
f 3187 1522 604
f 3254 1765 851
f 2442 1403 587
f 3739 852 2158
f 2158 3631 354
f 1867 1846 853
f 3476 2038 1758
f 3045 2390 1408
f 3751 2646 1319
f 2822 2576 1665
f 2575 2577 1318
f 3417 2466 923
f 3297 3220 324
f 3234 857 2624
f 3302 1690 2357
f 1590 2599 3787
f 1493 3081 976
f 2257 2581 1621
f 2582 2580 1198
f 1334 357 2449
f 3026 860 2374
f 3262 2804 1345
f 2447 1745 2946
f 1867 728 1184
f 1620 2452 845
f 2031 1802 863
f 626 3472 2767
f 3038 436 1389
f 2691 2690 1378
f 1379 2696 865
f 3598 2505 866
f 3598 866 1894
f 3409 576 1370
f 1751 3713 827
f 2512 1364 2903
f 3492 2665 868
f 3381 1625 1058
f 939 2165 1809
f 3563 2567 36
f 103 2485 1654
f 727 2296 1547
f 2043 2310 788
f 2310 2729 569
f 3686 1900 872
f 2640 1580 367
f 2723 1745 873
f 3079 499 3078
f 2017 2016 874
f 2037 1554 729
f 32 33 1729
f 3764 1419 570
f 2761 1601 876
f 3583 445 1884
f 2758 3695 877
f 2743 304 305
f 2962 2651 878
f 2135 1449 1009
f 2402 527 1394
f 2688 2613 683
f 1752 2689 880
f 2511 3588 1582
f 285 286 1806
f 3553 2707 998
f 3788 2237 1381
f 2829 3294 28
f 2683 2335 883
f 2673 3184 1306
f 1933 2630 2631
f 1611 2996 460
f 1497 2533 885
f 2754 2718 1662
f 3313 3391 886
f 2959 3172 676
f 2222 887 1840
f 2947 2642 1632
f 2795 3028 1598
f 2107 3609 619
f 1378 363 1646
f 3615 612 1508
f 2518 2106 3538
f 1963 2486 431
f 2803 1580 891
f 2102 2494 610
f 2573 1581 892
f 2926 1573 325
f 2941 2805 893
f 3539 1270 2935
f 2110 894 1817
f 2880 1430 985
f 2957 1651 895
f 2798 506 2262
f 2705 896 1856
f 2350 2759 359
f 3167 577 2293
f 289 2266 288
f 1678 2230 898
f 2116 1483 769
f 2566 2457 899
f 2414 1974 2919
f 2788 1305 900
f 1876 2930 463
f 3580 2771 901
f 1157 1733 3774
f 1613 2864 2551
f 1555 2866 648
f 88 2496 1414
f 1552 2886 906
f 1280 2584 2391
f 3352 3197 1190
f 3451 2545 1764
f 2747 2639 857
f 1492 2887 2885
f 2885 3096 3677
f 2443 1922 907
f 2886 3096 906
f 2095 2423 1295
f 1494 2543 393
f 2005 2574 909
f 2814 1451 3467
f 2784 2898 910
f 2783 2801 1117
f 2003 2818 1179
f 3780 1500 273
f 2212 2874 2872
f 3744 1426 1319
f 3705 361 1605
f 3317 1845 1035
f 2777 1462 914
f 2871 3418 1458
f 3600 1606 915
f 1883 2075 374
f 3141 2547 916
f 3521 1896 696
f 2919 1974 917
f 3338 317 1234
f 1358 2857 2590
f 2510 3176 478
f 900 2530 2529
f 2529 1876 722
f 2981 1597 920
f 3633 1683 1107
f 15 2760 1761
f 1763 2045 444
f 1704 2936 922
f 2997 1653 933
f 3417 923 1440
f 1354 548 1268
f 2832 2831 924
f 2364 1694 19
f 3860 925 2709
f 3217 3718 1373
f 2856 2854 926
f 2855 926 1372
f 2325 2844 1615
f 359 2069 3783
f 1838 2153 928
f 2986 2240 1397
f 1396 473 1712
f 2902 2489 969
f 1606 2999 3000
f 3229 3047 341
f 1539 2678 931
f 3383 2416 373
f 1536 601 2351
f 2964 1703 935
f 2937 2997 1702
f 371 2456 2455
f 1854 934 1823
f 1715 2042 460
f 2966 1797 935
f 2965 2052 1402
f 2556 2625 936
f 2224 3653 770
f 841 2397 2396
f 1354 1677 548
f 252 253 2287
f 483 2890 2106
f 3706 2165 939
f 3005 1809 39
f 3462 1848 940
f 2250 1670 429
f 3826 2471 941
f 3046 3688 1799
f 3757 2849 1513
f 2804 861 1746
f 2426 943 1619
f 2565 2521 1401
f 3236 3473 2286
f 505 3097 2119
f 3765 2794 1075
f 3270 3187 1124
f 801 2203 2787
f 2688 1512 879
f 1504 688 2183
f 2922 2953 1485
f 3007 1688 948
f 3327 2039 100
f 2882 3827 949
f 2884 2315 1697
f 2493 950 1616
f 3088 874 2016
f 211 3573 2026
f 3033 3003 2580
f 3101 1723 952
f 2993 892 1581
f 1465 3027 2375
f 2774 1798 955
f 1471 3045 954
f 3044 3043 1472
f 953 2774 2773
f 1793 1791 681
f 2427 2516 956
f 2415 362 1759
f 3065 2132 957
f 1915 1624 694
f 1818 2661 958
f 2662 1399 2839
f 3037 2257 959
f 1621 2581 859
f 1835 2684 960
f 2661 1818 609
f 2917 2897 1921
f 556 2164 1310
f 1558 3126 3122
f 3312 2848 630
f 1636 3123 963
f 3128 3127 1628
f 1630 3133 3131
f 3129 1557 962
f 3124 1627 965
f 3289 3287 1015
f 3132 1627 966
f 2013 1619 808
f 1909 3060 967
f 2706 2596 2228
f 2725 2815 1423
f 1083 2677 3611
f 2407 2902 1711
f 3611 2677 512
f 969 2489 2488
f 3162 1746 670
f 3015 3839 2454
f 3227 23 3685
f 3145 2621 972
f 1882 2763 708
f 2644 2812 1500
f 272 2070 271
f 1537 3107 3108
f 1481 1480 597
f 3578 2972 975
f 2811 788 1672
f 2600 3081 1493
f 1782 3082 426
f 2568 977 1469
f 2949 2948 1993
f 2752 1637 978
f 3150 1704 980
f 3855 2474 979
f 3440 3171 1374
f 1496 3152 2101
f 3139 922 1702
f 1898 3153 2338
f 1828 398 1405
f 1153 2540 2365
f 2800 3225 74
f 1698 2161 983
f 3165 440 1502
f 2901 1959 984
f 3106 2984 1339
f 2549 1932 985
f 615 3674 1991
f 3293 2025 1574
f 1957 1857 768
f 1570 987 1384
f 1750 3091 673
f 3305 2617 988
f 3725 1437 594
f 2044 3018 989
f 3019 1570 3491
f 2298 1900 990
f 2683 883 2672
f 3097 1442 991
f 3432 466 1998
f 3810 2821 3811
f 3284 3231 1243
f 3626 2681 1186
f 993 1827 2523
f 2554 3192 1455
f 3191 3190 1890
f 2066 2067 995
f 2668 2667 1063
f 3691 2055 996
f 2032 1260 219
f 3518 2603 997
f 871 2421 2168
f 881 2179 1926
f 2382 2381 844
f 3410 1859 999
f 346 2736 1651
f 1803 3237 3844
f 3232 1243 1061
f 2940 2734 1001
f 1799 3253 682
f 2305 1808 1002
f 2471 2176 941
f 3249 1713 1003
f 3461 1841 1104
f 3793 2047 1004
f 3659 3796 1639
f 1527 3267 1005
f 72 1652 71
f 2541 3200 1006
f 2958 1030 2304
f 1789 2909 1007
f 2206 358 2205
f 2122 2385 1008
f 3075 1008 1326
f 3022 2135 1009
f 3024 1009 1342
f 2334 1739 1010
f 3425 416 1377
f 2651 3208 2290
f 1739 2178 756
f 3319 562 1645
f 2861 1877 230
f 49 2586 1850
f 1457 1315 415
f 3396 3395 1014
f 1968 414 1415
f 3130 3289 1804
f 3802 1630 457
f 2953 2952 1016
f 720 1825 1618
f 8 2756 1660
f 1568 2234 434
f 3574 2943 1018
f 3222 1770 2612
f 2205 3013 1696
f 3081 3082 976
f 2689 1020 2322
f 2680 2233 826
f 2254 1412 1021
f 2064 2923 1385
f 2822 1665 1022
f 2799 2303 625
f 227 228 1878
f 1969 1377 416
f 257 3304 1475
f 622 1789 2208
f 2874 2209 3694
f 2587 1669 447
f 1647 3344 2960
f 3463 1674 1095
f 3548 1864 1027
f 3506 3704 687
f 1988 3176 1028
f 3311 1028 1602
f 1695 478 1953
f 2839 1029 1612
f 207 2863 1518
f 2578 2257 1086
f 3496 3118 3495
f 3117 1865 3693
f 2853 2193 1032
f 3581 1940 216
f 2605 3195 1738
f 2927 1753 1154
f 3453 3029 2344
f 2333 1034 1684
f 2524 3317 1772
f 767 1669 3161
f 3366 2418 1036
f 2695 1700 866
f 2775 1177 1037
f 2248 2676 25
f 3679 2022 1038
f 3341 1038 1544
f 2109 3181 1039
f 2108 3457 578
f 3466 3388 1946
f 3455 1040 1736
f 2167 1041 2021
f 3745 2189 762
f 3346 2920 1042
f 2833 2151 1114
f 2097 2181 1043
f 2194 1951 771
f 2008 1044 1705
f 2198 2197 801
f 3695 2727 1045
f 2497 1726 301
f 64 65 2140
f 3618 2089 407
f 3743 1047 2098
f 3063 2030 85
f 1322 347 1944
f 3048 3449 1055
f 1774 3430 3431
f 1721 2029 674
f 3560 2823 2029
f 3456 328 1388
f 1945 3429 1051
f 2876 2410 819
f 2077 1930 1052
f 2088 2674 1322
f 3446 1945 1053
f 3445 3444 1929
f 3443 3438 1054
f 3692 3448 676
f 1814 2100 1055
f 3448 3449 1815
f 2261 2262 1056
f 2133 648 1488
f 3467 1451 1057
f 3388 1879 1040
f 2665 3381 1671
f 3369 3507 1601
f 3784 1600 1059
f 3857 1530 641
f 3084 1625 1060
f 3427 1060 1650
f 3238 3232 1842
f 2267 3372 1066
f 1912 404 1275
f 2446 2668 1063
f 2846 2668 1128
f 511 2166 2165
f 2444 2009 1064
f 3060 2596 967
f 770 2155 2125
f 1393 3453 1087
f 3373 3372 1383
f 3374 1066 1685
f 1686 2538 1067
f 1755 612 1478
f 3474 2755 1068
f 2888 3473 669
f 2816 2419 1069
f 3853 2797 969
f 2291 2654 1070
f 3392 1070 1436
f 2666 2903 3492
f 2665 3104 620
f 2934 1656 1072
f 2273 878 2535
f 2935 1072 3116
f 3399 1991 894
f 306 3146 1664
f 3775 424 1456
f 2413 3332 1076
f 2714 2794 945
f 3169 2114 1076
f 3332 2413 627
f 3604 1109 2366
f 3515 686 1309
f 3004 2601 3498
f 3498 314 2757
f 1162 684 1872
f 2376 2758 1215
f 3494 1591 1080
f 3550 3551 2149
f 3350 1545 1081
f 1843 1416 399
f 2146 3155 1473
f 3406 2348 442
f 3720 3739 1083
f 2677 1824 2349
f 2320 2942 1084
f 223 2501 222
f 1939 3211 1085
f 2411 2121 213
f 1030 2578 2304
f 2684 2220 960
f 2530 362 1822
f 2344 3029 1242
f 2234 791 2641
f 3458 1588 3459
f 3052 1089 1553
f 3568 1089 1779
f 2882 3144 1172
f 2242 1907 764
f 1521 3273 1091
f 2767 1727 1416
f 3260 2717 1092
f 3334 1915 694
f 2337 2087 1093
f 2227 2086 340
f 3853 1787 1094
f 321 2472 2001
f 2869 1046 3095
f 2441 1674 843
f 1795 1096 1432
f 3543 1096 1717
f 1684 3566 1097
f 3630 3541 1099
f 1914 3086 406
f 3086 3629 1917
f 3541 2330 1099
f 1916 3628 695
f 2010 3298 1100
f 2670 2918 879
f 1483 644 1970
f 3566 2096 1097
f 2499 566 1873
f 735 2199 3637
f 1682 3557 1103
f 3556 653 1444
f 3461 1104 2438
f 1947 3460 496
f 2410 530 1422
f 3424 3423 2122
f 2173 3590 1106
f 2879 3607 503
f 3099 2159 1107
f 2700 1668 1098
f 2645 2451 1108
f 2592 824 2280
f 3516 3603 3604
f 648 2000 1555
f 3741 1896 1110
f 2445 1898 446
f 1325 698 2360
f 3834 1561 364
f 2522 3066 1232
f 2686 3687 2
f 2790 490 2791
f 3677 3676 1883
f 3597 3846 1114
f 1987 785 1195
f 3513 2057 1115
f 1808 1756 1002
f 283 284 2295
f 3686 3002 1900
f 3575 1778 1117
f 2783 2420 910
f 1227 518 1728
f 3039 913 1605
f 1949 3571 1119
f 1927 329 1288
f 3089 1818 1120
f 3495 3118 1031
f 1954 2808 1121
f 3458 2641 1088
f 3726 494 1881
f 3705 3704 1864
f 3645 3701 1123
f 1484 1971 582
f 1965 2136 1224
f 1522 2714 945
f 3401 2389 1125
f 1992 1525 1307
f 2139 3272 2193
f 2852 1941 713
f 3055 3054 1127
f 561 3113 2550
f 3166 2846 1128
f 2531 2658 1062
f 2498 2269 1129
f 3734 3562 1795
f 1734 2629 3577
f 3219 867 2056
f 3050 3235 1131
f 1237 1478 612
f 1273 3711 1132
f 3049 1830 613
f 2195 3260 1133
f 3030 1914 406
f 2143 3757 1134
f 3756 571 1323
f 2929 1861 1135
f 3762 1135 2036
f 3384 1136 2245
f 3383 3589 1427
f 1989 3699 1137
f 2417 3698 839
f 1920 1138 1612
f 2618 1786 1120
f 2420 609 1666
f 2036 1572 729
f 1304 712 2201
f 3605 2479 1366
f 2187 3641 1141
f 3328 652 1344
f 2725 3080 1142
f 350 2745 1765
f 1142 3080 3079
f 2046 3771 803
f 3441 1144 1950
f 2467 411 1403
f 292 3533 2309
f 1937 1392 449
f 2746 2481 1418
f 3489 2191 295
f 2667 2118 1147
f 3522 1998 1406
f 62 63 2041
f 2869 2140 1046
f 46 3435 2363
f 2733 3792 500
f 3016 2546 1150
f 2202 2378 797
f 3529 3032 1151
f 3390 241 242
f 2557 2345 1152
f 3319 2433 1343
f 1829 3637 2657
f 3636 2365 76
f 2179 3554 3553
f 2707 2534 432
f 1488 662 2120
f 561 3500 3055
f 2102 2566 1156
f 2494 2570 835
f 3773 3770 1157
f 3774 656 1734
f 2964 372 1703
f 2019 1350 551
f 2423 3665 3587
f 3587 2898 2784
f 3682 2550 1160
f 3812 2120 662
f 1454 2894 2528
f 2715 2702 265
f 1872 351 1162
f 2648 2985 2153
f 1956 2499 1163
f 3524 1673 1214
f 3111 3073 1164
f 3527 2650 1409
f 2642 887 1510
f 1742 1511 519
f 2343 1807 1166
f 3594 3841 793
f 2180 3650 1167
f 3276 2827 56
f 2614 3376 2994
f 3372 3364 1066
f 2359 2306 1169
f 2105 510 1170
f 2127 2105 1170
f 400 1170 1791
f 1792 3800 3801
f 2212 2211 766
f 3144 2635 1172
f 3827 575 2883
f 3407 2487 1173
f 1985 3408 545
f 2214 3782 1174
f 1335 2514 553
f 2796 397 1175
f 3840 1175 1720
f 2663 3477 1310
f 2174 2435 761
f 3660 3813 1177
f 3661 1177 2775
f 2093 3716 1178
f 559 3193 1740
f 3862 2003 1179
f 2399 2819 275
f 2713 1984 1180
f 2357 3651 545
f 3436 2061 1181
f 2215 2276 335
f 2479 820 1182
f 2925 668 1359
f 1886 722 1183
f 3379 1183 1353
f 3382 1184 1760
f 2636 728 1869
f 2014 3796 1185
f 3385 1004 1515
f 2422 354 1186
f 2092 2588 1210
f 2081 2256 1187
f 2588 3357 1210
f 1467 365 1188
f 516 2891 1572
f 1902 692 1189
f 2299 2563 318
f 2728 2751 904
f 2705 2260 896
f 2168 2440 1191
f 3197 2654 573
f 3416 2439 1192
f 3333 2413 1076
f 2615 3707 1623
f 3414 3413 1237
f 1973 3681 1194
f 1826 1460 339
f 2057 488 1195
f 743 2111 2610
f 2873 2020 1196
f 1426 789 1319
f 2200 2293 1197
f 290 2184 289
f 2580 3574 1198
f 383 1479 2282
f 1935 725 1199
f 497 1199 2272
f 3314 2606 1200
f 3032 2358 1151
f 603 2072 1467
f 1201 2015 3147
f 2372 517 1202
f 1895 3804 1222
f 3861 2015 1203
f 2913 799 1820
f 60 61 2792
f 2130 1204 818
f 3737 1205 2292
f 2219 1274 1118
f 2518 746 1206
f 2526 720 1225
f 2603 3305 988
f 2617 1207 3092
f 2300 2301 1208
f 3647 2277 1265
f 2429 2430 1209
f 3736 1169 2105
f 2681 513 2092
f 2990 443 1553
f 1339 3715 3174
f 388 2841 1490
f 1837 3586 1212
f 560 1616 2732
f 2490 430 1213
f 701 1213 1849
f 1235 715 2063
f 3008 2030 1047
f 3536 2758 2376
f 3791 2480 1456
f 3530 2781 1216
f 1999 3144 580
f 2401 1217 2180
f 3821 3200 2542
f 2272 2352 1218
f 726 1218 1659
f 2252 777 2561
f 3579 2597 1466
f 3797 1220 2734
f 400 2127 1170
f 2103 2573 1221
f 2024 1635 380
f 1202 333 1895
f 3166 1958 995
f 1675 760 3481
f 3356 764 1907
f 2436 850 1224
f 3719 1771 1373
f 3662 2287 1225
f 720 2526 3817
f 1534 719 2692
f 1226 2170 3115
f 2185 518 1227
f 768 1227 1957
f 3354 2259 1228
f 3570 1949 1119
f 2576 524 1229
f 3263 2749 2577
f 2826 3810 1230
f 2504 2286 412
f 11 12 1994
f 3564 734 1762
f 3 4 2347
f 1112 1232 3066
f 2944 2943 1233
f 3211 3212 1085
f 2997 592 1653
f 2571 317 1556
f 1956 715 2268
f 413 2307 1607
f 1492 374 1236
f 565 1236 2076
f 3051 1131 1237
f 334 3413 3412
f 3831 3683 1238
f 3085 2415 828
f 2515 3776 1239
f 3831 3085 956
f 1856 896 2604
f 3255 2069 1363
f 2870 3860 1241
f 2639 2709 327
f 3029 2333 1242
f 2601 1242 1078
f 2286 2504 1243
f 1061 1243 3231
f 3845 542 2124
f 796 1244 2006
f 3845 2124 1245
f 3540 1978 280
f 3642 1141 1246
f 3508 1740 2225
f 2171 753 1247
f 523 2400 2909
f 2169 753 1248
f 260 2721 259
f 2548 2621 1249
f 2763 2761 876
f 2284 407 1250
f 2283 1986 494
f 1905 700 1251
f 329 3251 1855
f 1251 700 2525
f 3629 1916 695
f 1251 529 1899
f 707 2269 2498
f 3100 1254 1733
f 656 1952 2629
f 3669 3835 1255
f 2380 3815 1256
f 1849 533 1256
f 3815 798 2170
f 2162 209 1257
f 2581 3033 859
f 2317 3655 1258
f 773 1258 1559
f 1979 736 1259
f 2139 1852 755
f 2368 218 1260
f 3114 2032 996
f 3701 3726 1971
f 1772 2134 370
f 3649 2077 1262
f 2080 1931 480
f 3221 1263 2906
f 760 2129 1223
f 2431 3221 1264
f 353 2192 1421
f 2061 2431 1265
f 3647 3261 1208
f 109 2837 1499
f 3175 1266 2922
f 2740 3218 1267
f 3559 3759 1161
f 2737 2536 1268
f 448 2556 2085
f 2625 3337 1523
f 3206 422 2155
f 3539 2040 1270
f 3795 3439 1491
f 2941 1271 2901
f 2838 1817 894
f 3541 651 2330
f 344 1272 1934
f 2842 387 2462
f 2354 585 1359
f 3673 3672 1274
f 1205 2219 2292
f 1810 704 2238
f 2255 2658 511
f 2090 742 1276
f 3298 2362 1100
f 2572 570 1419
f 2675 2719 34
f 3667 2459 1278
f 3835 3834 1255
f 1890 3482 1279
f 547 1279 2584
f 2459 2584 1280
f 1764 2545 905
f 3286 3050 1281
f 1076 1281 3333
f 3014 2216 1282
f 3082 1282 426
f 2507 812 1283
f 3696 672 1596
f 2301 782 1284
f 418 2369 1691
f 1279 3482 3469
f 3469 2728 904
f 2595 843 1286
f 2284 1674 407
f 1996 1287 1433
f 389 1841 3461
f 3569 329 1927
f 535 1288 1892
f 2328 781 1289
f 1289 1888 2793
f 1888 535 1290
f 710 1290 1887
f 2982 394 2983
f 2410 1291 530
f 2266 2404 1292
f 2196 1806 286
f 2913 404 2687
f 733 1293 2016
f 1486 3404 1294
f 246 2634 245
f 51 52 1295
f 2319 3228 1013
f 3300 3286 1296
f 1124 1296 3270
f 2177 756 1297
f 416 1297 1464
f 2260 573 2558
f 3783 2350 359
f 3848 2450 1299
f 3766 1002 2471
f 3842 1829 1300
f 2499 2316 1163
f 2379 566 1301
f 2268 715 1235
f 2276 786 1302
f 335 2398 1386
f 1594 537 1303
f 1707 2338 981
f 1911 711 1304
f 3728 1947 1140
f 1759 900 1305
f 1908 2770 901
f 2335 367 3184
f 3402 3401 1125
f 1308 532 2147
f 2437 337 1410
f 2672 883 3233
f 2231 2147 795
f 3515 1309 2766
f 394 1309 2246
f 3477 2598 1310
f 2663 2164 680
f 3218 646 3173
f 753 2217 1247
f 2655 539 1312
f 834 2652 2051
f 1638 425 1313
f 3415 1313 627
f 2067 747 1314
f 377 1314 2118
f 2384 2784 1315
f 3226 1139 2974
f 255 3789 2074
f 2073 1424 431
f 2388 2387 1317
f 3021 2468 97
f 3599 3421 1408
f 3421 378 3043
f 2646 3744 1319
f 563 1319 2324
f 1665 855 1320
f 2323 2324 789
f 1510 680 1321
f 2895 2896 961
f 2408 819 2674
f 1944 3329 1048
f 2141 2537 1323
f 2968 2407 929
f 3358 2227 1324
f 540 1324 2517
f 1743 698 1325
f 1213 3077 1849
f 2823 502 2867
f 1875 1327 328
f 2513 1327 1875
f 3483 1880 825
f 1667 549 2682
f 2980 392 1477
f 2111 2563 1329
f 2610 471 1756
f 2491 538 1330
f 2553 2975 831
f 2555 2975 1331
f 360 1852 1259
f 2327 785 1332
f 318 1332 2299
f 1332 785 2373
f 536 1333 2326
f 2328 357 1334
f 2465 2369 1284
f 3781 3710 1335
f 2188 2243 764
f 2242 764 1336
f 316 3244 3018
f 2070 973 1337
f 3735 2034 270
f 2009 486 1338
f 2229 1938 343
f 3850 1339 2984
f 3106 2649 984
f 3012 3700 1450
f 2461 1747 665
f 3018 3244 1341
f 3020 2789 476
f 3023 2334 1342
f 3087 2160 1012
f 2433 1991 1343
f 3024 3022 1009
f 2229 3328 1344
f 2228 1714 459
f 2552 3262 1762
f 2851 2850 942
f 2473 3848 1346
f 2999 1833 930
f 2394 3407 1347
f 3347 1985 754
f 3716 390 1348
f 623 1348 2175
f 1648 825 3158
f 328 1349 1388
f 1158 2019 1571
f 551 1350 3192
f 3387 2554 1351
f 2555 2554 831
f 2346 1352 1541
f 3661 3660 1177
f 3308 2012 1364
f 3202 807 1741
f 2910 923 1354
f 2536 2737 937
f 2533 2768 1355
f 885 1355 2753
f 1405 730 2221
f 1356 1509 3071
f 1356 730 2699
f 555 1357 2844
f 2612 3411 1358
f 2590 2857 918
f 2470 585 2354
f 668 2925 1182
f 3096 2886 1360
f 3470 489 1871
f 2119 991 2956
f 3856 3009 1955
f 2094 54 1362
f 3142 574 1967
f 2069 2843 1363
f 2710 2711 925
f 1768 867 2512
f 1071 3177 2828
f 3026 2374 1365
f 784 1365 2275
f 1896 312 1366
f 2479 3605 820
f 3153 1367 2609
f 2594 1749 1371
f 2138 755 1368
f 2995 849 1770
f 1802 576 1369
f 2716 315 1521
f 1700 576 3409
f 2054 757 1420
f 2856 398 1371
f 2436 1371 850
f 2711 454 3526
f 1583 3822 327
f 3217 1373 1583
f 327 3345 1690
f 3388 376 1879
f 2938 3534 1567
f 1620 862 1375
f 671 3679 1722
f 2972 3058 1376
f 975 1376 2971
f 3425 1377 2973
f 640 1377 2976
f 2690 363 1378
f 2821 1378 992
f 3804 1585 3803
f 3468 865 1389
f 2708 2514 1380
f 774 2350 2291
f 2237 30 1381
f 3788 1693 2739
f 2892 2893 1382
f 2486 2073 431
f 590 1168 1383
f 3231 2267 1061
f 3090 395 1384
f 3092 1570 476
f 2453 691 2064
f 3243 1853 726
f 1594 637 2398
f 335 1386 1356
f 424 1340 1387
f 2480 2475 655
f 1720 674 2435
f 761 1388 2175
f 1379 865 3468
f 2691 1389 864
f 299 300 1390
f 725 2253 1415
f 2403 2914 842
f 3681 3680 1194
f 2190 758 3389
f 449 1392 1853
f 2836 2835 1393
f 3683 2241 1238
f 2670 879 1394
f 837 1394 1582
f 2064 355 3224
f 564 2469 1397
f 2240 2985 1396
f 564 3847 2002
f 2469 3278 1397
f 564 2240 1396
f 2825 1100 3336
f 2918 352 2028
f 2662 958 1399
f 1029 1399 1953
f 2142 351 1400
f 2142 1400 2143
f 2521 3643 1401
f 822 2565 1575
f 2052 617 1402
f 452 1402 1980
f 2451 690 2442
f 2454 3812 662
f 2865 326 1404
f 3623 3622 1108
f 2609 398 1828
f 730 1405 1904
f 3331 3764 1406
f 466 1406 1998
f 3198 2562 1407
f 889 1407 2615
f 2390 854 1408
f 3045 1408 3421
f 1451 588 1409
f 1057 1409 3466
f 2314 795 1410
f 3230 3111 1164
f 263 264 1411
f 263 1610 262
f 2002 721 1412
f 1021 1412 3324
f 2764 2659 1413
f 1413 2403 3368
f 2704 3743 1414
f 2496 88 89
f 1199 725 1415
f 3362 1014 1838
f 3351 626 1843
f 399 1416 1984
f 3727 1261 1417
f 2998 699 1640
f 2481 3511 1418
f 2746 1935 497
f 2619 869 3563
f 2567 1419 1277
f 1812 779 1420
f 757 2054 3843
f 2359 353 2306
f 2781 3638 1216
f 2409 819 1422
f 3424 2122 817
f 1744 3484 1785
f 968 1423 2815
f 3321 1316 1424
f 2932 2208 762
f 3622 3623 1425
f 2786 3624 1404
f 912 1196 1426
f 912 3744 2872
f 2679 931 1427
f 2505 2695 866
f 2611 538 1428
f 3411 2750 1358
f 3639 1216 1429
f 2383 2134 767
f 234 235 1430
f 3042 2433 1152
f 1803 3844 2782
f 2782 1431 1505
f 3562 1096 1795
f 705 2464 1938
f 2226 778 1433
f 1287 1996 825
f 2280 824 1434
f 1528 1930 403
f 3392 594 2154
f 774 2708 1380
f 3178 3725 1436
f 366 1436 2440
f 1341 594 1437
f 3818 3020 989
f 2026 3033 1438
f 1257 1438 534
f 2049 3167 1448
f 3196 1753 1033
f 3318 2367 1440
f 2910 1440 923
f 3181 3247 1441
f 2270 3318 1440
f 2889 2738 1442
f 991 2370 3061
f 2877 3671 1443
f 3556 1692 653
f 636 1443 1444
f 636 3483 1648
f 2313 3538 1445
f 2735 1963 752
f 2406 348 1446
f 783 1446 2258
f 2211 510 1447
f 766 1447 2209
f 2293 838 1448
f 3167 2049 1439
f 2135 878 1449
f 1009 1449 3023
f 1834 802 1450
f 424 1450 1340
f 2814 2911 1451
f 1057 1451 1409
f 2858 2859 1452
f 3296 1602 1028
f 3182 1453 2108
f 3457 937 2397
f 267 268 2528
f 2894 1454 2108
f 3192 994 1455
f 831 1455 2553
f 424 1387 1456
f 3775 2157 1532
f 2384 1315 1457
f 3763 2785 1135
f 2914 3419 1391
f 2871 914 2302
f 2107 763 1459
f 3609 1459 3610
f 3680 599 3450
f 339 3074 2023
f 2472 1461 2001
f 721 3479 1412
f 2777 630 1462
f 3134 2128 815
f 2321 579 1463
f 3064 2539 1084
f 3547 1464 1689
f 2989 1464 932
f 1608 341 1465
f 3291 1465 584
f 3699 3579 1466
f 3698 2418 839
f 3147 365 3271
f 3652 1031 2245
f 1855 707 1468
f 3617 1064 1893
f 2568 3179 1589
f 2235 1706 396
f 2884 370 1470
f 2383 767 2126
f 2375 953 1471
f 584 1471 3044
f 3043 378 1472
f 2378 1472 797
f 3370 1094 1473
f 812 3155 2265
f 529 1252 1474
f 529 3572 1862
f 2875 1024 3304
f 257 2780 256
f 3254 851 2722
f 2519 2616 852
f 1328 392 2980
f 2532 613 1830
f 1508 612 1755
f 1477 1478 613
f 3702 1198 1479
f 2509 2156 581
f 3305 597 1976
f 336 1480 3109
f 3108 974 1481
f 3355 997 1788
f 1450 802 3012
f 3072 1660 1017
f 2116 898 1483
f 2669 384 2083
f 3646 1123 1484
f 331 3006 1656
f 2922 1485 2810
f 2772 1825 720
f 2953 658 1486
f 1016 2952 2951
f 3349 1081 1487
f 3493 3765 1075
f 2120 2133 1488
f 2864 2866 902
f 3053 3675 1489
f 3227 22 23
f 2805 388 1490
f 598 1490 2595
f 3439 2412 1491
f 3646 3645 1123
f 2885 374 1492
f 3062 1766 1047
f 3787 858 2904
f 320 1493 1781
f 3666 1159 1494
f 2542 1967 574
f 2101 980 1495
f 2768 3663 1355
f 3855 1496 2474
f 1961 591 1497
f 1496 591 1961
f 2754 1497 885
f 1561 624 1498
f 3408 1498 545
f 108 109 2458
f 3067 3175 947
f 2812 973 1500
f 911 3780 2819
f 1445 349 2313
f 593 1501 3164
f 2053 804 1502
f 3165 3164 983
f 3264 688 1503
f 1502 1503 593
f 2183 3785 1504
f 1503 1504 593
f 2247 775 1505
f 530 1505 1942
f 3174 1211 1506
f 3640 552 2441
f 2332 3750 1507
f 1741 1551 621
f 1623 612 3615
f 501 1508 3364
f 3071 1509 2215
f 3782 1509 1174
f 1165 680 1510
f 1165 1510 2945
f 3840 1511 3313
f 886 3391 2795
f 2671 879 1512
f 3542 1752 880
f 2849 2850 1513
f 3504 2503 970
f 2047 1977 1514
f 596 1514 3208
f 1185 1004 3385
f 520 2962 2273
f 1529 635 2204
f 354 1516 1186
f 1474 695 1517
f 706 3121 1854
f 2162 1030 2863
f 207 3361 206
f 1402 617 1519
f 3740 1981 736
f 2815 350 1520
f 968 1520 2419
f 2626 315 2716
f 863 3149 1545
f 2136 1124 3187
f 604 1522 1997
f 3205 1269 3337
f 3025 340 2086
f 2389 439 1524
f 3403 1524 610
f 3403 610 1992
f 1307 1525 337
f 106 107 2476
f 804 3264 1503
f 2799 625 1754
f 73 3157 72
f 635 1434 1528
f 2933 3001 993
f 2204 852 1529
f 635 2280 1434
f 1531 649 1530
f 1530 2920 3346
f 3427 1531 3084
f 3398 1982 1059
f 1450 424 1834
f 3664 1074 2271
f 2418 605 3204
f 576 1533 1369
f 2251 719 2244
f 3394 2626 1533
f 3274 1535 3120
f 3010 2692 719
f 2351 756 1536
f 3107 3109 974
f 1538 601 3578
f 2972 3108 469
f 2988 601 1538
f 372 2928 2027
f 1202 517 1539
f 602 1539 2679
f 1539 602 1540
f 1202 1540 333
f 2739 465 1541
f 607 1541 3661
f 1562 714 1542
f 1289 1542 535
f 3122 962 1543
f 381 3340 2308
f 3125 3341 1544
f 964 2848 1557
f 3149 3351 1545
f 863 1545 2031
f 1924 461 1546
f 3160 972 2405
f 1548 742 1547
f 2296 2741 870
f 3690 1548 1699
f 2161 3165 983
f 3658 2931 1549
f 860 1549 2685
f 1541 607 3216
f 27 3213 26
f 2828 621 1551
f 620 2048 1625
f 2704 903 1552
f 2887 1552 906
f 3568 738 1553
f 1089 3052 1972
f 2585 1554 2037
f 3762 2929 1135
f 2865 902 1555
f 3712 1053 1928
f 2289 832 1556
f 808 1556 2013
f 3131 964 1557
f 962 3312 1543
f 1840 629 3323
f 3825 381 3610
f 3641 773 1559
f 1141 1559 3643
f 2321 780 2424
f 716 2078 1878
f 1280 2623 2459
f 1278 1561 3834
f 2620 3354 1562
f 2845 1562 1542
f 2838 3674 1563
f 503 1563 2879
f 1637 835 2924
f 2936 2961 922
f 2322 539 1565
f 880 3558 2207
f 1567 663 1566
f 3297 324 1679
f 3171 663 3534
f 589 1567 2367
f 3072 1017 1568
f 2950 1777 1340
f 2263 1112 2921
f 309 3738 308
f 3020 476 1570
f 3491 1866 575
f 3612 1158 1571
f 617 2748 1519
f 2974 1572 2036
f 2891 3693 1188
f 3103 1573 2993
f 2926 325 1631
f 1647 634 2025
f 67 1574 66
f 2916 943 1575
f 822 1575 2520
f 2216 2517 1576
f 1282 1576 426
f 2173 238 1577
f 667 3314 2984
f 2021 800 2992
f 858 1578 2600
f 3486 432 1579
f 3103 3101 952
f 2803 367 1580
f 891 1580 2802
f 2802 616 1581
f 439 1581 2573
f 1565 834 2511
f 467 1582 1394
f 3526 1372 1583
f 925 1583 2709
f 2720 466 1584
f 3724 3753 1729
f 333 1379 3804
f 3803 1585 643
f 2331 463 1586
f 650 1586 1587
f 3428 650 1587
f 2757 1587 920
f 3531 3459 1588
f 572 1588 2849
f 3787 2904 1589
f 3179 2568 1469
f 2495 1590 1614
f 679 3787 1589
f 679 1469 1591
f 3494 1080 1614
f 2961 433 1592
f 2937 2860 592
f 1134 1513 1593
f 1134 1593 3756
f 1302 537 1594
f 2398 637 1386
f 3180 3245 1595
f 1118 1595 2608
f 3324 482 2453
f 3619 2038 853
f 1586 463 2981
f 3004 618 2601
f 3172 2959 1598
f 888 3028 1964
f 3809 1230 1599
f 643 2694 2066
f 3369 1058 3507
f 3784 1059 2450
f 2473 876 1601
f 3507 1058 1600
f 2252 2561 1602
f 638 1602 3296
f 2857 338 1603
f 638 3210 2252
f 2798 840 1604
f 3635 2632 1708
f 2905 606 1605
f 913 3039 3245
f 3600 445 1606
f 1816 659 1607
f 2307 741 1607
f 3292 3016 1150
f 3000 930 1608
f 2546 3291 1150
f 2400 792 1609
f 3829 358 2206
f 263 1411 1610
f 3777 2169 261
f 2456 933 3519
f 737 3863 1934
f 3497 332 1612
f 1138 1920 3496
f 587 1403 1613
f 2551 2864 902
f 1590 679 1614
f 3550 1614 1080
f 2514 823 2759
f 3241 927 2069
f 2432 2493 1616
f 1212 1616 3585
f 2683 542 2298
f 872 1617 1918
f 250 251 1618
f 720 1618 1225
f 2917 943 2426
f 966 1619 2013
f 1760 862 1620
f 3295 845 1753
f 2059 959 1621
f 383 1621 2582
f 3769 1622 2834
f 14 3717 13
f 2371 889 1623
f 612 1623 3414
f 2560 1624 1915
f 3634 3099 1107
f 3381 620 1625
f 3380 1625 485
f 3657 380 1626
f 899 1626 1974
f 2899 965 1627
f 628 1627 3132
f 1633 631 3823
f 961 1628 2895
f 1974 628 2915
f 2915 3338 917
f 3802 3287 1630
f 3131 3133 964
f 2807 2926 1631
f 3133 1631 964
f 3299 2947 1632
f 963 1632 3127
f 3290 631 1633
f 3823 1628 961
f 1632 963 3299
f 3126 1634 962
f 3832 3287 1635
f 1221 2024 3833
f 3288 3802 1636
f 631 1636 3128
f 2752 337 1637
f 3110 2924 611
f 1812 425 1638
f 779 2562 3198
f 1640 699 1639
f 3796 3659 1185
f 1697 699 2998
f 582 2627 1484
f 837 1582 1641
f 96 1641 95
f 3397 1059 1642
f 3512 3257 1115
f 2833 488 1643
f 641 3257 1642
f 3363 3826 1644
f 930 3229 1608
f 2557 1152 1645
f 2881 2861 231
f 2994 1168 1646
f 1378 2820 992
f 3188 484 1647
f 2025 634 1574
f 328 1327 1648
f 3158 825 1349
f 3061 346 1649
f 3009 731 1955
f 3426 385 1650
f 649 1650 2181
f 2730 1651 1858
f 2736 2370 999
f 1527 1005 3157
f 2104 1857 70
f 592 1234 1653
f 2996 1653 460
f 102 103 1654
f 2279 3007 948
f 1978 796 1655
f 2991 2004 277
f 2934 331 1656
f 3136 520 2569
f 1609 792 2955
f 1019 1657 2216
f 3238 1000 1658
f 944 3215 2738
f 355 1385 1659
f 355 1659 1218
f 2756 1017 1660
f 8 3838 7
f 3545 644 1661
f 3258 438 1718
f 3093 324 1662
f 898 2744 1483
f 2475 2743 1663
f 655 1663 1664
f 2157 655 3280
f 1074 3146 2583
f 2576 855 1665
f 3105 1320 401
f 1315 910 1666
f 1315 3226 415
f 1327 549 1667
f 1327 1667 636
f 3634 1107 1668
f 1098 1668 3627
f 3315 1035 1669
f 1025 1669 2587
f 3754 1670 3017
f 3330 940 1848
f 2664 868 1671
f 322 1671 3369
f 1376 788 2811
f 1350 1672 323
f 82 83 3721
f 3721 1673 3723
f 3095 1095 2441
f 843 1674 1286
f 1421 760 1675
f 1421 1675 2781
f 2479 1182 2693
f 850 1676 1965
f 3596 2544 1677
f 923 1677 1354
f 3596 647 2544
f 3582 898 2116
f 2466 856 1679
f 2230 1662 898
f 2248 1037 1680
f 3685 23 24
f 2382 844 2527
f 3816 367 2335
f 2477 496 1682
f 668 2462 1273
f 3633 645 1683
f 1107 1683 1668
f 3442 3566 1684
f 645 3365 1683
f 1801 2484 1685
f 660 1685 2538
f 1687 660 3485
f 2386 1686 392
f 2385 435 1687
f 3485 660 1686
f 3007 727 1688
f 948 1688 2117
f 3547 1689 1969
f 716 2424 1560
f 3345 790 1690
f 327 1690 2639
f 2369 784 1691
f 418 1691 2277
f 3514 653 1841
f 3460 3557 496
f 1870 465 1693
f 724 1693 1381
f 2364 2830 1694
f 19 1694 18
f 1953 748 1695
f 478 1695 2510
f 1578 800 1696
f 541 1696 3014
f 582 1417 2998
f 2315 2884 949
f 2149 678 1698
f 349 3807 1501
f 1548 678 1699
f 3690 2091 742
f 3242 1700 2695
f 866 3409 2697
f 3603 3567 1701
f 3429 2982 1051
f 1704 922 3139
f 371 1702 2456
f 3614 3612 1703
f 935 1703 2052
f 3150 611 1704
f 3151 3139 371
f 1993 1044 2008
f 677 2060 2362
f 2091 396 2591
f 677 2008 1705
f 1594 1303 1707
f 3154 1707 981
f 1649 346 1708
f 731 2632 1870
f 1790 826 2847
f 3140 1709 92
f 16 17 2760
f 921 1710 2045
f 2967 929 1711
f 321 1711 2797
f 2969 721 1712
f 929 1712 2968
f 3249 652 1713
f 1003 2977 2438
f 2228 1344 1714
f 3250 3249 1003
f 3480 934 1715
f 654 2482 1717
f 3199 1823 1716
f 409 1716 3562
f 3561 654 1717
f 507 1717 2289
f 1661 438 3258
f 651 1718 1272
f 2285 901 1719
f 977 1719 2948
f 3854 674 1720
f 519 1720 2174
f 3431 1049 1721
f 397 1721 1175
f 3102 671 1722
f 952 1722 1573
f 3101 432 1723
f 952 1723 3102
f 3601 3119 1724
f 758 3070 1392
f 104 105 2731
f 870 1725 2053
f 300 301 1726
f 1390 1726 657
f 3472 1091 2767
f 1416 1727 754
f 2219 1118 1728
f 1227 1728 1027
f 1584 3753 3724
f 875 1729 2719
f 3675 1730 2703
f 21 1730 20
f 3386 1731 1732
f 1731 2831 2832
f 3056 411 1732
f 971 1732 3053
f 2770 462 3770
f 656 1733 1254
f 3774 1734 3689
f 495 1734 2197
f 2818 504 1735
f 911 1735 2644
f 2812 661 1736
f 2812 1736 2813
f 3477 1176 1737
f 390 1737 1348
f 3195 1033 1738
f 897 1738 2404
f 2290 1011 1739
f 477 1739 2334
f 3632 559 1740
f 3508 2225 652
f 807 1507 1741
f 807 3202 1353
f 1165 1511 1742
f 680 3684 2663
f 3760 430 1743
f 3191 1743 994
f 2488 970 1744
f 3484 2723 1423
f 2723 670 1745
f 873 1745 2724
f 3262 861 2804
f 2503 1744 970
f 2376 665 1747
f 1079 1747 1872
f 1592 917 2860
f 592 1748 1234
f 1367 586 1749
f 1367 2594 2609
f 3090 3091 1750
f 3269 3793 1004
f 2203 468 2613
f 683 2264 1752
f 3767 1752 2264
f 3542 880 2207
f 2927 1033 1753
f 1154 1753 3555
f 625 1527 1754
f 2800 74 75
f 1067 1508 1755
f 392 2656 1477
f 3240 1756 1808
f 1002 3678 2176
f 2265 442 3256
f 1283 1757 672
f 2038 672 1758
f 339 1758 1826
f 3069 828 1759
f 900 1759 2530
f 2636 862 1760
f 1184 3382 1995
f 14 15 2834
f 3371 921 1763
f 3564 1762 2294
f 521 1762 2851
f 1761 921 3371
f 2552 2447 861
f 2623 1280 1764
f 624 1764 2638
f 1520 350 3254
f 851 2451 2645
f 1492 1236 1766
f 1492 1766 595
f 2727 474 1767
f 3277 3301 657
f 2056 867 1768
f 827 1768 1924
f 2629 1130 1769
f 2203 2613 946
f 2944 408 1770
f 1018 3222 2156
f 1997 790 1771
f 604 1771 3719
f 3317 1035 1772
f 1417 1772 370
f 3329 1773 3303
f 675 3094 1775
f 3048 675 1774
f 3048 1774 3449
f 3094 2123 1775
f 3430 3560 1049
f 2068 747 1776
f 3697 412 2286
f 1568 434 1777
f 1568 1777 2950
f 2661 1117 1778
f 958 1778 2660
f 2092 738 2422
f 3163 813 1824
f 2732 950 1780
f 874 3223 1554
f 3580 1781 2771
f 693 3259 1782
f 3259 976 1782
f 2428 2427 828
f 2501 836 2939
f 221 1783 220
f 2960 1026 1784
f 634 1784 3034
f 472 1744 1785
f 472 1785 2816
f 3497 1138 2618
f 1120 1786 2356
f 2742 1094 1787
f 472 1787 2488
f 2421 871 1788
f 997 3355 3518
f 2978 523 1789
f 1024 1789 3138
f 3859 1020 1790
f 2847 826 1709
f 1793 955 1791
f 681 1791 2011
f 2646 854 1792
f 3801 3800 1171
f 2773 955 1793
f 2840 1792 854
f 1994 1231 1794
f 3819 1088 2641
f 3734 1795 3733
f 705 1795 1432
f 3111 978 1796
f 470 1796 3152
f 2989 932 1797
f 579 1797 2966
f 2774 682 1798
f 955 3709 1791
f 3252 1001 1799
f 471 3688 2176
f 3027 341 1800
f 953 1800 2774
f 2223 816 1801
f 1687 1801 660
f 2031 757 1802
f 863 1802 1369
f 2483 475 1803
f 775 2782 1505
f 3124 965 3290
f 631 1804 3288
f 3343 1027 1805
f 3344 3471 1026
f 1292 881 2196
f 2963 2112 1116
f 3559 841 2740
f 646 1807 2343
f 3512 1115 1808
f 379 1808 2305
f 3005 939 1809
f 38 1809 2619
f 1913 704 1810
f 41 1810 40
f 347 1422 1811
f 347 1811 1773
f 1420 757 1812
f 779 1812 1638
f 3437 1054 1813
f 313 1813 2764
f 3438 480 1814
f 1054 3692 1813
f 2796 2959 1815
f 3449 3448 1055
f 915 1606 1816
f 915 1816 2075
f 3731 2110 1817
f 528 1817 2806
f 3089 609 1818
f 1120 3656 2618
f 3747 1133 1819
f 700 1819 1252
f 2531 1062 2824
f 799 2913 2372
f 3525 3541 1821
f 3565 3630 487
f 3454 1087 1822
f 919 3207 2930
f 3828 934 1854
f 706 3199 1863
f 2677 1083 1824
f 813 3163 1779
f 2951 249 1825
f 1016 1825 2772
f 3794 3450 1826
f 814 1826 1758
f 1528 403 3001
f 2523 2081 513
f 3154 981 1828
f 637 1828 2221
f 78 79 1829
f 735 1829 3842
f 387 1443 3711
f 1132 1830 3049
f 607 1550 1831
f 882 2829 2237
f 3785 427 1832
f 746 1832 1206
f 445 1346 1833
f 930 3363 1644
f 3377 802 2522
f 1532 1834 3775
f 2541 543 1835
f 2543 2801 393
f 2132 750 1836
f 1507 1836 385
f 1912 704 1837
f 1293 1837 560
f 2986 414 1838
f 684 3395 1839
f 1767 474 3396
f 3395 684 1838
f 2222 763 1964
f 3323 629 1558
f 389 1287 1841
f 1104 1841 1692
f 3239 1000 1842
f 319 1842 2267
f 399 1487 1843
f 1416 1843 2767
f 427 1485 1844
f 427 3517 1832
f 2905 913 1845
f 1035 1845 3316
f 2274 853 1846
f 2923 2065 1385
f 349 1445 1847
f 3185 1962 751
f 1603 338 3462
f 940 3330 1670
f 3077 533 1849
f 701 1849 3017
f 48 49 1850
f 48 2311 47
f 2323 789 1851
f 1274 1851 614
f 2139 1259 1852
f 755 1852 2137
f 1392 726 1853
f 449 1853 2050
f 2113 344 3121
f 706 1854 1823
f 1899 707 3251
f 329 2508 1288
f 2705 1856 2545
f 905 1856 2870
f 69 70 1857
f 986 1857 1957
f 3516 506 1858
f 1077 1858 3515
f 1309 686 1859
f 475 3410 3215
f 2000 664 1860
f 1555 1860 326
f 1850 3348 2311
f 3792 1861 500
f 1253 529 1862
f 1253 1862 1863
f 1862 706 1863
f 1253 1863 409
f 3704 3506 1864
f 361 3548 2608
f 3117 1031 1865
f 1188 1865 1467
f 1639 699 2172
f 1384 1866 3491
f 1184 450 1867
f 3476 1758 339
f 728 1867 1868
f 3074 2302 815
f 1184 728 2636
f 862 3041 1375
f 1604 465 2632
f 731 2779 1955
f 1790 1020 1871
f 489 3470 2886
f 1747 351 1872
f 1079 1872 3537
f 3306 735 1873
f 1102 1873 3307
f 1328 549 3326
f 848 1874 2385
f 549 1327 2513
f 1050 3456 2463
f 2529 919 1876
f 722 1876 1183
f 2976 1023 1877
f 1012 1877 2861
f 3248 1023 1878
f 227 2078 226
f 3440 1374 1879
f 2425 3318 1441
f 1444 653 1880
f 1444 1880 636
f 3703 1122 1881
f 1261 1881 2524
f 2548 1249 1882
f 490 1882 2791
f 1884 915 1883
f 3676 3677 1113
f 2762 445 3583
f 708 1884 1883
f 3616 462 1885
f 722 1885 2529
f 3100 722 1886
f 345 3379 1353
f 1290 405 1887
f 710 2931 3658
f 2793 3742 1889
f 710 1888 1290
f 2449 357 3026
f 860 3658 1549
f 3190 323 1890
f 1891 1279 547
f 698 1890 1891
f 698 1891 3668
f 1288 697 1892
f 535 1892 1290
f 1892 697 1893
f 405 1893 3060
f 1389 865 3038
f 436 1894 2697
f 799 1202 1895
f 3805 3166 522
f 3741 312 1896
f 1110 3521 1898
f 1367 696 1897
f 586 1897 1366
f 2445 1110 1898
f 2338 3153 981
f 3251 1251 1899
f 707 1899 1253
f 3002 508 1900
f 872 1900 2298
f 2610 1329 1901
f 3252 2940 1001
f 1189 509 1902
f 692 1902 3797
f 2411 1903 2121
f 951 1903 3003
f 1405 926 1904
f 730 1904 1357
f 1906 700 1905
f 3569 1905 329
f 3571 492 1906
f 1119 1906 1905
f 3143 531 1907
f 3282 316 2635
f 693 1305 1908
f 693 1908 2771
f 3141 1909 2547
f 711 1909 3059
f 2706 459 1910
f 711 1910 1304
f 1304 312 1911
f 711 2908 2547
f 1275 704 1912
f 404 1912 1293
f 3586 704 1913
f 42 1913 41
f 3030 1092 1914
f 3086 2700 1098
f 957 1624 2560
f 491 3334 2717
f 3630 1099 1916
f 3627 1916 1098
f 1252 406 1917
f 1474 1917 695
f 282 283 1918
f 282 1918 2353
f 1902 509 1919
f 1902 1919 1220
f 2417 498 2979
f 718 1920 1612
f 2897 961 1921
f 943 3501 1575
f 2443 369 1922
f 2405 2548 490
f 2264 827 3767
f 1922 1923 776
f 1768 461 1924
f 1923 1924 776
f 907 1922 1925
f 907 2790 3470
f 2112 881 1926
f 508 1926 2382
f 3570 1119 1927
f 714 2500 1542
f 1860 1053 3712
f 2392 2393 824
f 3864 3445 1929
f 1052 1929 3433
f 1434 703 3749
f 403 1930 2077
f 1262 702 1931
f 480 1931 2100
f 236 237 1932
f 3608 1932 1106
f 1718 438 1933
f 1718 1933 1272
f 1272 737 1934
f 344 3828 1854
f 1199 497 1935
f 725 1935 1418
f 1390 725 1936
f 1390 1936 299
f 3532 1145 1937
f 838 1937 1448
f 1338 705 1938
f 1338 1938 2229
f 1940 713 1939
f 215 3670 214
f 2852 713 1940
f 1032 3581 2368
f 2138 408 1941
f 1126 1941 2852
f 1505 816 1942
f 3422 3752 1105
f 3246 903 1943
f 90 1943 89
f 702 1322 1944
f 702 1944 1931
f 3446 664 1945
f 1053 1945 3444
f 3465 1057 1946
f 661 3455 1736
f 2438 1104 1947
f 712 1947 3728
f 1910 459 1948
f 1304 1948 712
f 2258 492 1949
f 1228 1949 714
f 3441 1950 3078
f 2745 1950 1765
f 3214 1951 2194
f 771 2717 3260
f 656 1254 1952
f 1130 2115 3219
f 1399 748 1953
f 1029 1953 3360
f 2461 723 3858
f 351 1954 1400
f 1584 466 1955
f 1584 2779 724
f 1301 566 1956
f 3723 1956 1163
f 3188 986 1957
f 484 1957 1227
f 3803 643 1958
f 1222 1958 3805
f 3607 1106 1959
f 984 1959 3106
f 3836 3383 1960
f 603 2701 2072
f 663 1496 1961
f 663 1961 1566
f 1847 3185 2150
f 751 2495 1614
f 2735 890 1963
f 3322 3285 1041
f 3028 456 1964
f 888 1964 2659
f 1676 386 1965
f 850 1965 1224
f 3010 719 1966
f 3758 429 2170
f 3665 908 1967
f 1494 1967 2542
f 3301 1014 1968
f 657 1968 2253
f 2288 1377 1969
f 716 1969 1689
f 769 2669 2083
f 384 1970 3544
f 1484 1123 1971
f 3727 3726 1261
f 1973 814 3052
f 1089 1972 2348
f 3794 814 1973
f 443 1973 1553
f 2414 899 1974
f 2915 628 1629
f 2749 1102 1975
f 1472 1975 797
f 597 1480 1976
f 3475 1977 673
f 1480 336 1977
f 1976 1977 3475
f 3540 1245 1978
f 280 1978 279
f 2055 736 1979
f 996 1979 3114
f 2539 452 1980
f 2055 1979 996
f 1519 360 1981
f 1519 3740 1402
f 485 1531 1982
f 1059 1982 1642
f 546 1347 1983
f 546 1983 3274
f 1416 754 1984
f 399 1984 2713
f 3347 1173 1985
f 754 1985 1984
f 2283 1250 1986
f 3703 1986 1122
f 2833 1114 1987
f 488 1987 1195
f 3360 478 1988
f 718 1988 3310
f 3311 402 1989
f 718 1989 2979
f 1348 623 1990
f 1348 1990 3716
f 382 1343 3399
f 3674 2880 1563
f 3402 1125 1992
f 532 1992 1307
f 2008 717 1993
f 1044 1993 2197
f 10 3168 2163
f 791 1994 1794
f 2236 811 3382
f 1184 1995 450
f 1349 825 1996
f 623 1996 1433
f 1771 604 1997
f 790 1997 2712
f 3644 3432 1998
f 1147 1998 3522
f 3143 1090 1999
f 1429 1999 580
f 2366 1109 2000
f 1555 2000 1860
f 2967 321 2001
f 721 2001 1461
f 1712 721 3847
f 564 2254 1395
f 3862 740 2003
f 504 2003 2814
f 3135 740 2991
f 277 2004 276
f 2006 421 2005
f 740 3584 2003
f 1244 421 2006
f 796 3135 1655
f 1420 779 2007
f 864 2007 2690
f 1706 717 2008
f 1706 2008 677
f 2444 486 2009
f 1064 2596 3060
f 1688 453 2117
f 846 2825 2387
f 1791 1170 2011
f 3800 2011 1171
f 345 1353 2012
f 345 3308 2115
f 3132 966 3309
f 317 2013 1556
f 1656 732 2014
f 3136 2569 1072
f 2678 517 2015
f 3147 2017 365
f 1293 560 2016
f 733 2016 2017
f 2015 733 3147
f 365 2017 2585
f 2116 769 2239
f 1065 2018 2835
f 3837 1350 2019
f 3613 2019 1158
f 3714 1196 2020
f 913 2020 1845
f 2035 800 2021
f 1041 2167 3322
f 671 1375 2022
f 2355 3134 1462
f 728 1868 2023
f 728 2128 1869
f 3832 1635 2024
f 3657 1626 899
f 986 1647 2025
f 986 3293 3189
f 2121 951 3573
f 211 3824 210
f 3614 372 2027
f 1158 2027 3613
f 2787 946 2028
f 352 2918 3209
f 1721 1049 2029
f 674 2029 2463
f 3814 2030 3008
f 3063 85 86
f 1812 757 2031
f 425 2031 1545
f 3114 1260 2032
f 1783 2032 220
f 253 254 2033
f 3509 2074 739
f 2070 1337 3735
f 270 2622 269
f 2021 1041 2035
f 3829 1609 358
f 1139 1572 2974
f 415 2036 2785
f 874 1554 2585
f 365 2037 1188
f 1596 3619 2274
f 853 3476 1868
f 2279 948 3327
f 100 3503 99
f 2806 893 2040
f 1270 2040 3439
f 2312 62 2041
f 818 2041 2131
f 737 1611 2042
f 934 2042 1715
f 469 1788 3058
f 1376 2043 788
f 2635 316 2044
f 3420 3019 575
f 1710 803 2045
f 921 2045 1763
f 3079 1143 2046
f 499 2046 2831
f 1750 673 3793
f 1004 2047 3268
f 620 1551 2048
f 1625 2048 1060
f 2050 811 2049
f 449 2049 1448
f 1995 811 2434
f 810 2050 1853
f 94 95 2051
f 2652 834 1312
f 3612 617 2052
f 2965 1402 452
f 1725 804 2053
f 870 2053 2296
f 436 1370 2054
f 2589 1420 864
f 836 1980 2055
f 3691 996 1783
f 2115 867 3219
f 3730 3713 1751
f 3513 488 2057
f 1115 2057 3240
f 2660 464 2058
f 1399 2058 748
f 2912 959 2059
f 3595 2282 1695
f 677 1705 2060
f 1100 2060 3336
f 3436 526 2061
f 1181 2061 786
f 1832 746 2062
f 1832 2062 3785
f 3524 1214 2063
f 1235 2063 565
f 3224 1021 2064
f 355 2064 1385
f 1846 450 2065
f 1385 2065 810
f 1776 747 2694
f 643 2066 1958
f 2066 747 2067
f 995 2067 2846
f 1314 747 2068
f 2755 1776 1068
f 2844 927 3241
f 1240 2069 3255
f 2579 973 2070
f 3735 1337 2034
f 2419 639 2071
f 1069 3611 2742
f 3271 1467 2072
f 1201 2072 2678
f 3321 1424 2073
f 739 2073 1382
f 2780 1316 3789
f 255 3509 254
f 1883 915 2075
f 374 2075 1236
f 1236 741 2076
f 565 2076 1235
f 3649 403 2077
f 1262 2077 702
f 227 1878 2078
f 226 2078 1560
f 724 1381 2079
f 1729 2079 32
f 744 1262 2080
f 744 3443 2256
f 1827 744 2081
f 513 2081 2588
f 493 2018 2082
f 1034 3442 1684
f 2082 769 2083
f 2082 2083 1034
f 2628 5 2084
f 802 2084 1482
f 3841 448 2085
f 793 2085 2086
f 2227 793 2086
f 340 3025 2224
f 2337 423 2087
f 3761 793 2227
f 2077 1052 2088
f 702 2088 1322
f 687 1250 2089
f 1026 3618 1784
f 2502 742 2090
f 1688 2090 453
f 1276 742 2091
f 396 2091 1699
f 2422 1186 2092
f 738 2092 2990
f 3477 390 2598
f 822 2093 2521
f 3142 908 2094
f 54 2094 53
f 53 2094 2095
f 52 2095 1295
f 3544 1101 2096
f 1097 3525 3565
f 1530 649 2097
f 1530 2097 348
f 3062 1047 3743
f 1414 2098 87
f 3300 1296 2099
f 1359 2099 2925
f 1931 1048 2100
f 480 2100 1814
f 3152 980 2101
f 1496 2101 591
f 2103 745 2102
f 1524 2102 610
f 1524 439 2103
f 1524 2103 2102
f 768 1857 2104
f 1652 2104 71
f 2359 1169 3736
f 709 2105 2127
f 2526 483 2518
f 1445 2106 890
f 2659 763 2107
f 1413 2107 619
f 1039 1453 3182
f 806 2108 1454
f 1337 515 2109
f 806 2109 3182
f 2535 382 2110
f 1073 2110 3731
f 2327 318 2111
f 1195 2111 743
f 1806 881 2112
f 1116 2112 3002
f 3628 1099 2113
f 3121 344 1854
f 1281 1076 2114
f 1281 2114 3286
f 1952 345 2115
f 1952 2115 1130
f 1678 898 3582
f 2239 769 2018
f 2039 948 2117
f 846 2117 2010
f 2667 377 2118
f 1147 2118 3644
f 3148 505 2119
f 2956 991 1361
f 3813 391 2120
f 1160 2120 3812
f 1085 1903 2411
f 213 2121 212
f 3423 435 2122
f 817 2122 2123
f 3094 817 2123
f 502 2123 3075
f 2672 1244 2124
f 1245 2124 1978
f 2765 770 2125
f 544 2125 2836
f 419 1429 2126
f 419 3161 2209
f 3798 709 2127
f 1220 2127 2734
f 2023 815 2128
f 1869 2128 441
f 2906 1263 2129
f 1223 2129 417
f 3529 1204 2130
f 3715 2130 1211
f 2130 818 2340
f 552 2131 2869
f 3750 650 2132
f 750 2132 3065
f 3464 1056 2133
f 391 2133 2120
f 1772 1035 2134
f 370 2134 1470
f 2535 878 2135
f 382 2135 3022
f 2900 1124 2136
f 1224 2136 3719
f 1852 1331 2137
f 755 2137 1368
f 3272 755 2138
f 1126 2138 1941
f 525 1259 2139
f 3272 2138 1126
f 3790 64 2140
f 1148 2140 2869
f 1162 749 2141
f 473 2141 1323
f 1162 351 2142
f 1162 2142 749
f 1400 572 2143
f 749 2143 2537
f 830 1213 2144
f 2492 1848 338
f 1715 460 3353
f 832 2145 2571
f 2742 512 2146
f 1094 2146 1473
f 3786 1308 2231
f 795 2147 1307
f 658 1266 3404
f 1294 2148 3405
f 3551 678 2149
f 751 2149 2150
f 349 1847 2150
f 349 2150 1698
f 1446 783 2406
f 2833 1987 488
f 414 1397 2152
f 1415 2152 1199
f 684 1162 2153
f 684 2153 1838
f 594 1435 2154
f 1070 2154 2291
f 3194 422 3206
f 2125 2155 1065
f 3574 1018 2156
f 1479 2156 2509
f 1074 1532 2157
f 655 2157 1456
f 2519 852 3739
f 1824 2158 354
f 3498 1078 2159
f 314 2159 3099
f 562 1342 2160
f 1012 2160 2976
f 678 1548 2161
f 678 2161 1698
f 2863 208 2162
f 1030 2162 2602
f 9 10 2163
f 1017 2163 2234
f 1321 680 2164
f 1321 2164 2896
f 2255 511 3706
f 1809 2165 869
f 2446 1063 2166
f 2165 2166 869
f 1962 752 2167
f 1962 2167 437
f 2421 366 2168
f 871 2729 2310
f 1610 753 2169
f 261 2169 260
f 1966 429 3758
f 3115 2395 546
f 1248 753 2171
f 1248 2171 523
f 699 1866 2172
f 1639 2172 395
f 237 238 2173
f 1932 2173 1106
f 3478 519 3520
f 1737 2174 761
f 1388 1349 2175
f 761 2175 3098
f 2471 1002 2176
f 3688 471 1799
f 1739 756 3778
f 1010 3425 2973
f 1739 1011 2178
f 756 2178 1536
f 2361 481 2179
f 1926 2179 998
f 2542 574 3821
f 1217 2401 2643
f 1650 750 2181
f 649 2181 2097
f 2181 750 2182
f 1043 2182 1951
f 1485 427 2810
f 947 2183 3067
f 2200 1197 3325
f 289 2184 2266
f 2292 518 2185
f 768 2185 1227
f 3543 507 2186
f 1432 2186 773
f 2464 773 2187
f 343 2187 3642
f 3781 1335 2188
f 417 2188 1223
f 431 1424 2189
f 3745 2035 1041
f 293 294 2190
f 1145 2190 3389
f 294 295 3806
f 758 2191 3602
f 2430 1264 2192
f 1421 2192 760
f 525 2139 2193
f 525 2193 2853
f 1043 1951 3214
f 348 2194 1446
f 2258 1446 2195
f 3746 2195 1133
f 3593 1292 2196
f 287 2196 286
f 1993 495 2197
f 1044 2197 2198
f 1705 1044 3625
f 2787 2203 946
f 735 1229 2199
f 1153 2199 2540
f 2309 838 2200
f 291 3325 290
f 312 1304 2201
f 312 2201 3203
f 3292 1150 2202
f 413 2202 1301
f 801 1769 2203
f 801 2787 2198
f 2158 852 2204
f 1516 2204 635
f 800 2035 2205
f 800 2205 1696
f 2208 1007 2206
f 762 2206 2205
f 467 1512 2207
f 3558 880 1565
f 2932 622 2208
f 762 2208 2206
f 3161 1025 2209
f 419 2209 2210
f 1447 765 2210
f 1447 2210 2209
f 3799 510 2211
f 1171 2211 2212
f 3801 1171 2212
f 3694 2587 912
f 3221 526 2213
f 1263 2214 417
f 2213 759 2214
f 417 2214 3781
f 759 1181 2215
f 759 2215 1509
f 1657 540 2216
f 1019 2216 3014
f 753 1311 2217
f 1247 2217 423
f 799 1895 2218
f 799 2824 1820
f 3673 1274 2219
f 518 2219 1728
f 2304 1086 2684
f 960 3779 3575
f 1386 637 2221
f 1386 2221 730
f 2945 887 2222
f 456 2222 1964
f 1942 816 2223
f 1942 3752 3422
f 936 1523 3025
f 340 3776 2515
f 1740 778 2225
f 652 2225 1713
f 2225 778 2226
f 2225 2226 1713
f 2087 793 3761
f 1324 2227 340
f 805 1344 2228
f 805 2228 2596
f 805 1338 2229
f 805 2229 1344
f 647 1679 2230
f 647 2230 1678
f 1308 2147 2231
f 3487 2911 909
f 2868 1046 2232
f 1574 2232 66
f 3246 826 2233
f 903 3592 1552
f 2163 791 2234
f 1017 2234 1568
f 396 1591 2235
f 1706 2235 717
f 1439 811 2236
f 356 2236 1760
f 29 30 2237
f 29 2237 2829
f 704 1275 2238
f 1810 2238 939
f 3582 2116 2239
f 422 2239 2155
f 2986 928 2240
f 1397 2240 564
f 3683 1393 2241
f 1238 2241 2415
f 1090 1907 3282
f 316 2242 1336
f 2188 1335 2243
f 764 2243 1336
f 2597 1219 2244
f 605 2244 1534
f 3384 2245 3118
f 1031 3652 1865
f 2983 394 2246
f 1291 2247 530
f 2246 775 2247
f 2246 2247 1291
f 1550 1037 3213
f 26 2248 25
f 2498 1129 3852
f 1338 2249 705
f 940 1670 2970
f 777 2250 2251
f 2250 1966 2251
f 777 2251 1219
f 3210 2970 2252
f 638 2252 1602
f 725 1390 2253
f 1415 2253 1968
f 2002 1412 2254
f 2002 2254 564
f 2238 1275 2255
f 2238 3706 939
f 2081 744 2256
f 1187 3437 2607
f 3037 1086 2257
f 959 2257 1621
f 2259 783 2258
f 1228 2258 1949
f 3354 420 2259
f 1228 2259 2258
f 2339 1190 2705
f 2558 2291 1298
f 1352 840 2261
f 1352 2261 3660
f 2261 840 2262
f 1056 3528 2366
f 310 311 2263
f 1112 2686 2347
f 683 1751 2264
f 1752 3767 369
f 3155 1082 2265
f 812 3256 1283
f 2184 897 2266
f 288 2266 3593
f 1842 1061 2267
f 319 2267 3374
f 413 1301 2268
f 413 2268 2307
f 707 1253 2269
f 1129 2269 3734
f 3181 1441 2270
f 1039 2270 3183
f 3738 2271 2583
f 1074 3664 1532
f 1199 772 2272
f 497 2272 3119
f 2569 520 2273
f 2535 2135 382
f 691 1596 2274
f 691 2274 1846
f 1691 784 2275
f 1691 2278 786
f 1181 786 2276
f 1181 2276 2215
f 3647 418 2277
f 1265 2277 2061
f 2275 537 2278
f 2275 2278 1691
f 102 1654 2279
f 102 2279 101
f 2786 824 2592
f 1529 2280 635
f 1426 1196 2281
f 789 2281 1851
f 2059 383 2282
f 1695 2282 847
f 794 1250 2283
f 794 2283 3645
f 794 1286 2284
f 794 2284 1250
f 2568 320 2285
f 977 2285 1719
f 3708 412 3697
f 3473 3236 669
f 251 252 3662
f 1225 2287 938
f 1023 1377 2288
f 1878 2288 716
f 3851 832 2289
f 507 2289 2317
f 3208 1011 2290
f 1449 2290 477
f 2154 774 2291
f 573 2291 2558
f 3737 2292 3267
f 1005 2292 2185
f 2200 838 2293
f 1197 2293 2605
f 3717 1622 2294
f 1231 2294 521
f 2963 1116 2295
f 283 2295 1918
f 440 1547 2296
f 440 2296 2053
f 3811 992 2297
f 1599 2297 412
f 1617 872 2298
f 1617 2298 542
f 782 1189 2299
f 3621 1332 2506
f 1189 782 2300
f 509 2300 1208
f 2300 782 2301
f 418 2301 1284
f 2776 815 2302
f 914 2871 2308
f 3673 1205 2303
f 1022 2303 2799
f 1518 1030 2958
f 543 2304 2684
f 3849 379 2305
f 1299 3766 2778
f 2377 1169 2306
f 765 2306 1421
f 2076 741 2307
f 1235 2307 2268
f 2777 914 3340
f 381 2308 3610
f 3533 3532 2309
f 292 2309 2200
f 2043 871 2310
f 788 2310 1285
f 3435 47 2311
f 1149 3348 3792
f 61 62 2312
f 1204 2312 818
f 2062 746 3076
f 1501 2313 349
f 2574 795 3487
f 2911 588 1451
f 699 1697 2315
f 699 2315 1866
f 1873 1300 2499
f 3722 2316 81
f 1556 808 2317
f 507 2317 2186
f 2916 428 2318
f 1619 2318 808
f 51 1295 2319
f 51 2319 50
f 1560 780 3112
f 224 3452 223
f 1689 579 2321
f 2424 780 1560
f 2443 1020 2689
f 880 2322 1565
f 401 1320 2323
f 401 2323 3672
f 1319 789 2324
f 563 2324 1320
f 1509 555 2325
f 1174 2325 3710
f 2465 536 2326
f 1334 2326 2328
f 1195 785 2327
f 1195 2327 2111
f 2793 357 2328
f 781 2328 2326
f 1987 1114 2329
f 785 2329 1333
f 651 1272 2330
f 1099 2330 2113
f 1183 463 2331
f 2332 1586 650
f 807 2331 2332
f 807 2332 1507
f 3029 1034 2333
f 1242 3499 1078
f 3023 477 2334
f 3576 2973 640
f 2683 990 2335
f 3184 2803 1306
f 2743 877 2336
f 303 2336 302
f 1247 423 2337
f 792 2337 2342
f 446 1898 2338
f 446 2338 3830
f 2391 904 2339
f 410 2339 2705
f 1506 1211 2340
f 3186 2131 552
f 1709 826 2341
f 91 2341 90
f 1657 792 2342
f 1657 2342 540
f 1311 646 2343
f 1311 2878 423
f 1822 1087 2344
f 618 2344 2601
f 234 1430 2345
f 234 2345 233
f 1604 840 2346
f 1604 2346 465
f 2686 3 2347
f 1112 2347 1232
f 2349 813 3406
f 442 2348 1972
f 2146 512 2349
f 3406 813 2348
f 774 1380 2350
f 1298 2350 3783
f 1297 756 2351
f 1297 2351 2988
f 772 1395 2352
f 1218 2352 355
f 281 282 2353
f 281 2353 3540
f 668 1273 2354
f 668 2354 1359
f 1038 2022 2355
f 3342 1462 630
f 1572 1139 2356
f 516 2356 1786
f 2712 1180 2357
f 790 2357 1690
f 240 241 3510
f 3032 3529 568
f 2430 353 2359
f 1209 2359 709
f 3668 1111 2360
f 1325 2360 3077
f 2404 481 2361
f 1292 2361 881
f 453 1276 2362
f 1100 2362 2060
f 45 46 2363
f 950 2363 2733
f 1730 924 2364
f 20 2364 19
f 3636 1153 2365
f 76 2800 75
f 3604 2366 3528
f 1056 2366 2133
f 1567 856 2367
f 589 2367 3318
f 217 218 2368
f 1032 2368 2853
f 1334 784 2465
f 1284 2369 418
f 1442 999 2370
f 1442 2370 991
f 3376 889 2371
f 501 2371 1508
f 1203 517 2372
f 1203 2372 2913
f 785 1333 2373
f 1332 2373 2506
f 2685 1303 2374
f 1365 2374 2275
f 3027 953 2375
f 1465 2375 584
f 1747 1079 2376
f 665 2376 1215
f 765 1447 2377
f 1169 2377 2105
f 3044 1472 2378
f 584 3820 3291
f 3307 566 2379
f 797 2379 1301
f 3669 1255 2380
f 533 2380 1256
f 2382 998 2381
f 844 3486 2637
f 1926 998 2382
f 2527 844 1681
f 580 1470 2383
f 580 2383 1429
f 2423 583 3228
f 1013 2384 1457
f 2122 435 2385
f 1008 2385 1874
f 3485 1686 2386
f 848 2386 3326
f 2825 527 2387
f 846 2387 2388
f 2039 846 3503
f 99 2388 98
f 3401 891 2389
f 1125 2389 1524
f 451 1793 2390
f 451 2390 3045
f 2584 904 2391
f 1280 3451 1764
f 326 1928 2392
f 326 2392 1404
f 2392 1928 2393
f 824 2393 1434
f 3834 364 2394
f 798 2394 2395
f 2170 798 2395
f 546 2395 1347
f 2397 937 2396
f 841 2396 1807
f 3502 937 3457
f 578 2653 2894
f 1302 1594 2398
f 1302 2398 335
f 2004 1179 2399
f 276 2399 275
f 2337 792 2400
f 1247 2400 523
f 203 204 2401
f 2817 2180 1167
f 2387 527 2402
f 2387 2402 1317
f 3368 2403 2607
f 842 2914 2448
f 1738 481 2404
f 897 2404 2266
f 3145 972 3160
f 1925 2405 490
f 2920 348 2406
f 2151 2406 783
f 1323 571 2407
f 1323 2407 2968
f 1945 1051 3808
f 2674 819 1322
f 1322 819 2409
f 1322 2409 347
f 2876 1291 2410
f 819 2410 1422
f 1939 1085 3670
f 214 2411 213
f 2595 1286 2412
f 598 2412 3439
f 3415 627 2413
f 1192 3333 3412
f 2566 899 3279
f 433 2919 1592
f 3085 1238 2415
f 828 2415 1759
f 2417 839 3384
f 1136 2416 3383
f 2979 1137 2417
f 3384 2416 1136
f 3366 839 2418
f 3204 3394 1533
f 1520 639 2419
f 968 2419 2816
f 1666 910 2420
f 609 2420 2661
f 2769 366 2421
f 997 2421 1788
f 3163 354 2422
f 1779 2422 738
f 2095 908 2423
f 1295 2423 3228
f 1689 2321 2424
f 1689 2424 716
f 1040 1879 2425
f 1040 3247 1736
f 1627 458 2426
f 966 2426 1619
f 1782 426 2427
f 828 2427 3085
f 693 1782 2428
f 693 2428 1305
f 3261 809 2429
f 509 2429 1919
f 809 1264 2430
f 809 2430 2429
f 2061 526 2431
f 1265 2431 3261
f 43 44 2432
f 1212 2432 1616
f 3042 615 2433
f 3319 3024 562
f 450 1995 2434
f 2065 2434 810
f 674 1388 2435
f 1720 2435 2174
f 2854 1371 2436
f 567 2436 3718
f 795 1307 2437
f 795 2437 1410
f 3648 1003 2438
f 712 2438 1947
f 2562 1638 2439
f 558 2439 3416
f 3197 1191 2654
f 1070 2440 1436
f 1095 1674 2441
f 552 3640 3186
f 690 1403 2442
f 1108 2442 3623
f 2689 369 2443
f 1020 2443 1871
f 1468 486 2444
f 1468 2444 697
f 2908 1110 2445
f 916 3378 2931
f 2531 1128 2658
f 511 2446 2166
f 1746 861 2946
f 1745 2447 444
f 3357 842 2448
f 443 2448 3681
f 3026 1365 2449
f 1334 2449 784
f 3848 633 2450
f 3849 3397 379
f 851 1765 2451
f 1108 2451 2442
f 1620 1375 2452
f 845 3490 2534
f 482 1596 2453
f 1021 2453 2064
f 3839 1155 2454
f 1613 2454 662
f 1495 371 2455
f 1495 2455 2768
f 1702 933 2456
f 2455 2456 884
f 745 2024 2457
f 3279 2570 1156
f 107 108 2458
f 1526 2458 688
f 3667 547 2459
f 1278 2623 1561
f 672 1757 2460
f 1758 2460 814
f 1387 723 2461
f 1387 2461 665
f 1682 1103 2462
f 1682 2462 668
f 2029 1050 2463
f 674 2463 1388
f 705 1432 2464
f 1938 2464 2187
f 2326 1334 2465
f 536 2465 2506
f 2367 856 3417
f 923 3596 1677
f 1950 1144 2467
f 690 2467 1403
f 3606 2468 3021
f 97 2468 96
f 1395 772 2469
f 1395 2469 564
f 3050 585 3235
f 1132 2470 1273
f 2305 1002 3766
f 608 3826 3363
f 1473 812 2472
f 1473 2472 321
f 1601 633 2473
f 876 2473 2762
f 3152 1496 3855
f 979 3171 3440
f 2758 877 2475
f 1215 2475 2480
f 107 1526 2476
f 106 2476 1725
f 3729 496 2477
f 820 2477 2478
f 1182 820 2478
f 1182 2478 668
f 586 1366 2479
f 2693 1182 1676
f 665 1215 3791
f 1456 2480 655
f 296 297 2481
f 1146 2481 2746
f 654 1715 2482
f 1717 3851 2289
f 1859 475 2483
f 1309 2483 775
f 319 1685 2484
f 1431 2484 816
f 727 1654 2741
f 870 2731 1725
f 2890 1382 2486
f 890 2486 1963
f 3408 1173 2487
f 1561 2487 364
f 2489 970 2488
f 969 2488 1787
f 1593 970 2489
f 2902 969 1711
f 2491 1330 2490
f 830 2490 1213
f 1428 538 2491
f 830 2491 2490
f 830 2144 2492
f 830 2492 1428
f 44 45 2493
f 44 2493 2432
f 2102 1156 2494
f 610 2494 1525
f 1962 437 2495
f 1962 2495 751
f 903 1414 2496
f 903 2496 1943
f 2336 1045 2497
f 302 2497 301
f 1468 707 2498
f 1468 2498 486
f 1300 2316 2499
f 566 2499 1956
f 714 1927 2500
f 1542 2500 535
f 3452 1084 2501
f 222 2939 221
f 1547 742 2502
f 1547 2502 727
f 368 1746 2503
f 3504 970 1593
f 2297 992 2504
f 2297 2504 412
f 2679 1427 2505
f 602 3598 2698
f 2299 1332 3621
f 1284 2506 2465
f 1461 812 2507
f 1461 2507 3479
f 329 1855 2508
f 1288 2508 697
f 847 1479 2509
f 847 2509 2858
f 2858 1452 2510
f 847 2510 1695
f 3558 1565 2511
f 467 2511 1582
f 3308 1364 2512
f 1768 2512 461
f 1326 549 2513
f 1326 2513 2867
f 2708 553 2514
f 1380 2514 2759
f 1324 340 2515
f 829 2515 3035
f 1576 829 2516
f 426 2516 2427
f 2216 540 2517
f 1576 2517 829
f 3538 746 2518
f 2106 2518 483
f 639 1476 2519
f 639 3720 2071
f 2093 822 2598
f 1310 2520 556
f 3523 559 2521
f 822 2521 2565
f 3654 642 2522
f 1834 2522 802
f 1827 2081 2523
f 2681 2092 1186
f 1417 1261 2524
f 1417 2524 1772
f 700 1252 2525
f 1251 2525 529
f 2518 1206 2526
f 483 2526 1225
f 508 2382 2527
f 508 2527 1900
f 3759 267 2528
f 2894 2108 578
f 2530 919 2529
f 900 2529 1885
f 1822 919 2530
f 362 2530 1759
f 3166 1128 2531
f 522 2531 2824
f 2980 1477 2532
f 3671 1830 1443
f 1497 591 2533
f 885 2533 1355
f 1723 432 2534
f 1723 2534 3490
f 1073 2273 2535
f 1073 2535 2110
f 375 1354 2536
f 375 3502 3183
f 2143 1134 2537
f 749 2537 2141
f 3364 1067 2538
f 1066 2538 1685
f 1463 3064 2942
f 1084 2539 2501
f 2199 524 2540
f 2365 2540 982
f 1835 833 2541
f 543 3170 2958
f 833 1494 2542
f 3200 3821 1217
f 833 1835 2543
f 833 2543 1494
f 548 1677 3205
f 3205 2544 3194
f 3451 410 2545
f 905 2545 1856
f 659 1608 2546
f 659 3016 1607
f 405 1909 3141
f 916 2908 2445
f 2405 972 2548
f 490 2548 1882
f 235 236 2549
f 235 2549 1430
f 1177 1160 2550
f 1177 3113 1037
f 587 1613 2551
f 587 2551 3624
f 734 1763 2552
f 734 2552 1762
f 2490 1330 2553
f 430 2553 1455
f 3387 551 2554
f 1351 2554 2555
f 360 1351 2555
f 360 2555 1331
f 2737 1268 2556
f 2085 2556 936
f 232 233 2557
f 232 2557 2881
f 896 2260 2558
f 3320 3783 1240
f 1429 1216 2559
f 1999 2559 3143
f 3065 957 2560
f 491 2560 1915
f 777 1219 2561
f 1602 2561 402
f 779 1638 2562
f 1407 2562 558
f 692 1329 2563
f 1189 2563 2299
f 337 1525 2564
f 1637 2564 835
f 2916 1575 2565
f 428 2565 1401
f 745 2457 2566
f 745 2566 2102
f 3563 1419 2567
f 36 2567 35
f 2285 977 2568
f 320 2568 1589
f 2014 520 3136
f 1072 2569 3116
f 1564 835 2570
f 433 2570 3279
f 2145 1234 2571
f 832 2571 1556
f 3031 570 2572
f 869 2572 1419
f 2103 439 2573
f 2573 2807 3832
f 421 2231 2574
f 421 2574 2005
f 1320 855 2575
f 563 2575 3599
f 3263 855 2576
f 524 2576 2822
f 2575 855 2577
f 1318 2577 378
f 1257 534 2602
f 2304 2578 1086
f 1500 973 2579
f 1500 2579 273
f 3003 550 2580
f 859 2580 2582
f 534 1438 2581
f 534 2581 2257
f 1621 859 2582
f 383 2582 3702
f 1569 2271 3738
f 308 2583 307
f 1279 904 2584
f 547 2584 2459
f 2017 874 2585
f 365 2585 2037
f 689 1850 2809
f 1013 2586 2319
f 3694 1025 2587
f 912 2587 2873
f 2081 1187 2588
f 513 2588 2092
f 436 2054 2589
f 436 2589 1389
f 2612 1358 2590
f 581 2590 2509
f 1276 2091 2591
f 1276 2591 677
f 455 1425 2592
f 455 2592 1529
f 588 1410 2593
f 588 2593 3159
f 1367 1749 2594
f 398 2594 1371
f 1490 843 2595
f 598 2595 2412
f 2009 805 2596
f 2009 2596 1064
f 2561 1219 3579
f 1466 2597 605
f 822 2520 2598
f 2093 2598 390
f 1590 437 2599
f 858 2599 1578
f 1578 541 2600
f 858 2600 1493
f 2344 1242 2601
f 618 3004 3207
f 2162 1257 2602
f 1030 2602 2578
f 3518 597 2603
f 997 2769 2421
f 3320 1240 2604
f 1856 2604 554
f 2293 577 2605
f 897 2605 1738
f 1577 239 2606
f 3314 1200 2984
f 2588 1187 2607
f 842 2607 2403
f 1728 1118 2608
f 1728 2608 1027
f 696 1367 3153
f 981 2609 1828
f 2111 1329 2610
f 743 2610 1756
f 1368 538 2611
f 849 2611 3411
f 1770 849 2612
f 581 2612 2590
f 468 1751 2613
f 946 2613 2688
f 3198 1407 2614
f 363 2994 1646
f 1407 558 2615
f 889 2615 1623
f 2519 1476 2616
f 852 2616 1529
f 3305 1207 2617
f 2789 3020 1437
f 1138 1786 2618
f 332 2618 3656
f 1809 869 2619
f 38 2619 37
f 1333 420 2620
f 1333 2620 781
f 2548 972 2621
f 1249 2621 2761
f 270 2034 2622
f 269 2622 268
f 1278 2459 2623
f 1561 2623 624
f 2638 857 3234
f 1498 2624 545
f 2556 1268 2625
f 936 2625 1523
f 2692 315 2626
f 1534 2626 3394
f 582 1640 2627
f 3006 732 1656
f 2347 4 2628
f 3377 2084 802
f 1952 1130 2629
f 656 2629 1734
f 3663 884 2630
f 1355 2630 438
f 2630 884 2631
f 1933 2631 737
f 731 1708 2632
f 1870 2632 465
f 3281 2633 3244
f 1341 2633 594
f 3068 1294 2634
f 245 2634 114
f 2242 316 3282
f 1090 2635 3144
f 1760 1184 2636
f 862 2636 1869
f 1681 844 2640
f 1580 2637 616
f 1764 905 2638
f 624 2638 3234
f 2747 1241 2639
f 857 2639 1690
f 844 2637 2640
f 1681 2640 367
f 1794 1088 3819
f 2234 2641 434
f 2947 887 2642
f 1632 2642 342
f 204 205 2643
f 204 2643 2401
f 1735 661 2644
f 911 2644 1500
f 1476 851 2645
f 455 2645 3622
f 1792 330 2646
f 854 3751 2647
f 1319 563 3751
f 854 2647 1408
f 1162 2141 2648
f 2153 2985 928
f 2941 984 2649
f 3174 3715 1211
f 3527 979 2650
f 1409 2650 376
f 1515 596 2651
f 878 2651 1449
f 94 2051 2652
f 94 2652 93
f 578 2397 2653
f 1161 2653 3559
f 2440 1070 2654
f 2440 2654 1191
f 1565 539 2655
f 1565 2655 834
f 1478 1477 2656
f 1478 2656 1755
f 77 78 3636
f 3637 1829 735
f 2255 1062 2658
f 511 2658 2446
f 1964 763 2659
f 888 2659 2764
f 1778 464 2660
f 958 2660 1399
f 1778 958 2661
f 1117 2661 2420
f 1818 958 3656
f 2839 1399 1029
f 1310 2164 2663
f 1176 3684 3478
f 3145 868 2664
f 2621 2664 322
f 3492 3104 2665
f 868 2665 1671
f 1546 461 2666
f 1546 2666 3145
f 2668 377 2667
f 3031 3522 570
f 2846 377 2668
f 1128 2668 2446
f 1483 1970 2669
f 1483 2669 769
f 3336 1398 2670
f 527 2670 1394
f 1394 879 2671
f 467 2671 1512
f 2124 542 2672
f 3233 883 1308
f 1308 883 2673
f 532 2673 3402
f 479 2408 2674
f 479 2674 3433
f 2567 1277 2675
f 35 2675 34
f 2248 1680 2676
f 25 2676 24
f 2071 1083 3611
f 512 2677 2349
f 2072 931 2678
f 1201 2678 2015
f 1539 931 2679
f 602 2679 2505
f 1790 1871 2680
f 1790 2680 826
f 993 2523 2681
f 3626 1186 1516
f 549 1328 2682
f 1667 2682 821
f 2298 990 2683
f 542 2683 2672
f 1086 2220 2684
f 543 2684 1835
f 2374 860 2685
f 1303 2685 3830
f 2 3 2686
f 2263 2686 1112
f 1293 733 2687
f 1293 2687 404
f 2028 946 2688
f 2028 2688 879
f 1752 369 2689
f 880 2689 2322
f 2007 363 2690
f 864 2690 2691
f 3468 1389 2691
f 557 2691 1378
f 3010 1535 2692
f 1534 2692 2626
f 586 2479 2693
f 586 3283 1749
f 643 1599 2694
f 2066 2694 747
f 3367 1700 3242
f 3589 2505 1427
f 2698 865 2696
f 1540 2696 333
f 1894 866 2697
f 436 2697 1370
f 1540 602 2698
f 865 2698 1894
f 730 1357 2699
f 1356 2699 555
f 3634 1668 2700
f 694 2700 1914
f 603 1960 2701
f 2072 2701 931
f 2715 1267 2702
f 264 2702 1411
f 2832 1730 3675
f 1489 2703 22
f 1552 595 2704
f 903 2704 1414
f 1190 2260 2705
f 410 2705 2545
f 3059 967 2706
f 459 2706 2228
f 3553 1154 2707
f 998 2707 2381
f 3281 553 2708
f 1435 2708 774
f 2710 925 3860
f 1241 2709 2639
f 3255 1363 2710
f 3860 2709 1241
f 2843 454 2711
f 1363 2711 2710
f 2713 1180 2712
f 945 2712 1997
f 1487 399 3765
f 945 2713 2712
f 3169 1075 2714
f 514 2714 3270
f 3559 1267 2715
f 266 2715 265
f 863 1369 2716
f 863 2716 1521
f 771 1951 2717
f 1092 2717 3334
f 2754 885 2718
f 1662 2718 644
f 1729 33 2719
f 875 2719 2675
f 1406 466 2720
f 1406 2720 3331
f 260 1248 2721
f 259 2721 2875
f 851 1476 2722
f 1520 2722 639
f 3484 670 2723
f 1423 2723 2725
f 3080 873 2724
f 1143 2724 3772
f 2745 350 2725
f 873 2725 2723
f 1478 1237 2726
f 1478 2726 613
f 1767 1045 2727
f 474 2758 3536
f 1285 569 2728
f 3469 904 1279
f 2168 1191 2729
f 2168 2729 871
f 2798 895 2730
f 506 2730 1858
f 105 1725 2731
f 104 2731 2485
f 1616 950 2732
f 560 3088 2016
f 2363 1149 2733
f 950 2733 1780
f 3797 2734 2940
f 1001 2734 1798
f 1445 890 2735
f 1847 2735 752
f 686 1651 2736
f 686 2736 1859
f 2396 937 2737
f 2396 2737 448
f 2889 944 2738
f 1442 2738 999
f 1693 465 2739
f 882 2739 3216
f 1807 646 2740
f 1807 2740 841
f 2485 870 2741
f 2485 2741 1654
f 3339 1069 2742
f 1094 2742 2146
f 2475 877 2743
f 1663 2743 305
f 898 1662 2744
f 1483 2744 644
f 1142 1950 2745
f 1142 2745 2725
f 1418 1935 2746
f 1146 2746 3601
f 2870 1241 2747
f 2638 2747 857
f 617 1571 2748
f 1519 2748 1351
f 2576 1229 3263
f 2577 2749 378
f 2611 1428 3411
f 1358 2750 2857
f 2728 569 2751
f 2339 2751 1190
f 1410 337 2752
f 1410 2752 2593
f 2718 885 2753
f 1661 2753 438
f 3220 1497 2754
f 324 2754 1662
f 505 2068 2755
f 505 2755 2889
f 2163 1017 2756
f 9 2756 8
f 314 1587 2757
f 314 3498 2159
f 474 2727 2758
f 1215 2758 2475
f 2350 1380 2759
f 359 2759 1615
f 15 16 2760
f 1761 2760 921
f 2621 322 2761
f 1249 2761 2763
f 2473 1346 2762
f 876 3583 2763
f 1882 1249 2763
f 708 3583 1884
f 3172 888 2764
f 313 2764 3368
f 2224 770 3776
f 1239 2765 3036
f 3603 1077 3567
f 394 2766 1309
f 1091 1727 2767
f 626 2767 1843
f 591 1495 2768
f 591 2768 2533
f 1436 366 3178
f 2603 2769 997
f 1908 462 2770
f 901 2770 3773
f 320 1781 3580
f 901 2771 1908
f 1485 1016 2772
f 1844 2772 720
f 1471 953 3732
f 451 2773 1793
f 1800 682 2774
f 2773 2774 955
f 1550 607 2775
f 1550 2775 1037
f 914 1462 2776
f 914 2776 2302
f 1543 630 2777
f 3340 914 2308
f 3848 1299 2778
f 1833 2778 608
f 731 1870 2779
f 1955 2779 1584
f 257 1475 2780
f 3789 1316 2074
f 765 1421 2781
f 765 3530 2210
f 3844 1431 2782
f 1803 2782 775
f 1117 2420 2783
f 3666 2898 1159
f 2384 583 2784
f 1315 2784 910
f 2036 1135 2785
f 415 2785 1457
f 2592 1425 2786
f 824 2786 2392
f 352 2198 2787
f 352 2787 2028
f 900 1885 2788
f 1305 2788 462
f 988 2617 2789
f 988 3725 3178
f 1925 490 2790
f 1925 2790 907
f 1882 1113 2791
f 2790 2791 1360
f 3529 1151 2792
f 1204 2792 61
f 2328 1289 2793
f 357 2793 1889
f 399 2713 2794
f 1075 2794 2714
f 3391 456 2795
f 886 2795 1598
f 1815 397 2796
f 886 2796 3313
f 1711 969 2797
f 321 2797 3370
f 1604 895 2798
f 840 2798 2262
f 2822 1022 2799
f 982 2799 1754
f 982 1754 2800
f 982 2800 2365
f 1835 960 2801
f 393 2801 2783
f 1580 616 2802
f 891 3400 2389
f 3184 367 2803
f 1306 2803 3401
f 2850 1345 2804
f 368 2804 1746
f 2649 388 2805
f 893 2805 3620
f 2941 893 2806
f 1271 2806 1817
f 2573 892 2807
f 2573 3832 1221
f 3459 1121 2808
f 1777 2808 723
f 2586 1013 2809
f 2586 2809 1850
f 2183 947 2810
f 2183 2810 427
f 2971 1376 2811
f 600 2811 3837
f 2813 973 2812
f 661 2812 2644
f 1337 973 2813
f 1337 2813 515
f 2005 909 3584
f 504 2814 3467
f 2725 350 2815
f 968 2815 1520
f 1785 968 2816
f 472 2816 3339
f 203 2401 2817
f 203 2817 202
f 2003 504 2818
f 1179 2818 2399
f 2399 911 2819
f 275 2819 274
f 1646 590 2820
f 1646 2820 1378
f 557 1378 2821
f 3811 2297 1230
f 2540 524 2822
f 2540 2822 982
f 1775 502 3560
f 2029 2823 1050
f 799 2218 2824
f 1820 2824 1062
f 846 2010 2825
f 3336 2060 1398
f 3468 557 2826
f 1379 2826 1585
f 1362 55 2827
f 1362 2827 3650
f 3177 621 2828
f 3104 1551 620
f 882 1831 2829
f 29 2829 28
f 2364 924 2830
f 1694 2830 803
f 666 1731 2832
f 924 2831 2830
f 3675 666 2832
f 1730 2832 924
f 1042 2151 2833
f 1042 2833 1643
f 15 1761 2834
f 14 2834 1622
f 2836 1065 2835
f 1393 2835 3453
f 2125 1065 2836
f 544 2836 3683
f 109 110 2837
f 1499 2837 3175
f 2901 1271 2838
f 503 2838 1563
f 332 2662 2839
f 332 2839 1612
f 854 2390 2840
f 1792 2840 681
f 388 1506 2841
f 1490 2841 843
f 2462 1103 2842
f 387 2842 1444
f 2069 927 2843
f 1363 2843 2711
f 2325 555 2844
f 1615 2844 3241
f 781 1562 2845
f 781 2845 1289
f 2067 377 2846
f 995 2846 3166
f 539 1790 2847
f 539 2847 1312
f 964 1544 2848
f 3312 630 1543
f 3447 942 2849
f 572 2849 3757
f 2849 942 2850
f 1513 2850 368
f 1762 1345 2851
f 3335 3447 1088
f 2193 1126 2852
f 1032 2852 1940
f 3114 525 2853
f 1260 2853 2368
f 2856 1371 2854
f 926 2854 1372
f 1904 926 2855
f 454 2855 1372
f 1405 398 2856
f 1405 2856 926
f 2750 338 2857
f 918 2857 2859
f 2590 918 2858
f 847 2858 2510
f 2857 1603 2859
f 918 2859 2858
f 917 1748 2860
f 1592 2860 2937
f 1645 1012 2881
f 231 2861 230
f 1673 83 2862
f 1214 3755 2030
f 207 208 2863
f 1518 2863 1030
f 662 1488 2864
f 662 2864 1613
f 1555 326 2865
f 902 2865 1404
f 2864 1488 2866
f 902 2866 1555
f 2513 1875 2867
f 1326 2867 502
f 2232 1574 2868
f 1046 3034 3095
f 2131 1148 2869
f 3095 3034 1095
f 1856 554 2870
f 905 2870 2747
f 1458 2308 2871
f 599 2871 2302
f 330 2212 2872
f 3744 912 1426
f 2587 447 2873
f 912 2873 1196
f 2212 766 2874
f 2872 2874 912
f 258 259 2875
f 3304 3138 1475
f 2983 1291 2876
f 2408 2876 819
f 1667 821 2877
f 1667 2877 636
f 793 2087 3594
f 2343 2878 1311
f 3608 3607 2879
f 985 2879 1563
f 3674 615 2880
f 1563 2880 985
f 2557 1645 2881
f 232 2881 231
f 1470 580 2882
f 1470 2882 2884
f 2315 949 2883
f 1866 2883 575
f 1697 370 2884
f 949 2884 2882
f 3677 374 2885
f 906 2885 2887
f 3470 1360 2886
f 489 2886 3592
f 595 1552 2887
f 595 2887 1492
f 3474 3473 2888
f 944 2888 1658
f 3474 944 2889
f 505 2889 3097
f 2892 1382 2890
f 2106 2890 890
f 729 1572 2891
f 729 2891 2037
f 1225 938 2892
f 483 2892 2890
f 938 2033 2893
f 938 2893 2892
f 1161 2528 2894
f 1161 2894 2653
f 342 1321 2895
f 342 2895 1628
f 2164 556 2896
f 1321 2896 2895
f 458 1633 2897
f 458 2897 2917
f 3587 1159 2898
f 910 2898 2783
f 3130 965 2899
f 1626 2899 628
f 2099 1124 2900
f 386 2900 1965
f 2838 503 2901
f 1271 2941 2806
f 571 2489 2902
f 571 2902 2407
f 3177 1071 2903
f 2512 2903 461
f 858 1493 2904
f 1589 2904 320
f 1605 913 2905
f 606 2905 3317
f 2192 1264 2906
f 760 2906 2129
f 2643 205 2907
f 1006 3361 3170
f 1911 1110 2908
f 2547 2908 916
f 1789 523 2909
f 1007 2909 3829
f 375 1440 2910
f 375 2910 1354
f 3487 2314 2911
f 909 2911 2814
f 2058 464 2912
f 2058 2912 748
f 2687 1203 2913
f 404 2913 1820
f 2403 619 2914
f 2448 2914 1391
f 917 1974 2915
f 917 3338 1748
f 2565 428 2916
f 943 2916 1619
f 2426 458 2917
f 943 2917 1921
f 2670 1398 2918
f 879 2918 2028
f 433 2414 2919
f 1592 2919 917
f 641 1530 3346
f 1042 2920 2406
f 310 2263 2921
f 310 2921 309
f 1266 658 2922
f 947 2922 2810
f 691 1846 2923
f 691 2923 2064
f 835 1564 2924
f 1637 2924 3110
f 1676 1182 2925
f 386 2925 2099
f 892 1573 2926
f 892 2926 2807
f 1738 1033 2927
f 481 2927 3554
f 2987 1538 2928
f 2027 2928 975
f 3223 500 2929
f 1554 3762 729
f 3207 1597 2930
f 919 2930 1876
f 710 1887 2931
f 1549 2931 3378
f 1424 622 2932
f 1424 2932 2189
f 635 1528 2933
f 635 2933 1516
f 3795 331 2934
f 1270 2934 2935
f 3116 528 2935
f 1072 2935 2934
f 611 1564 2936
f 611 2936 1704
f 922 1592 2937
f 922 2937 1702
f 1879 1374 2938
f 1879 2938 2425
f 222 2501 2939
f 221 2939 1783
f 1901 692 2940
f 1901 2940 3252
f 2649 2805 2941
f 984 2941 2901
f 780 1463 2942
f 780 2942 2320
f 2944 1018 2943
f 1233 2943 3212
f 1770 1018 2944
f 408 2944 1941
f 1510 887 2945
f 1165 2945 3391
f 1745 670 2946
f 2447 2946 861
f 1840 887 2947
f 1840 2947 629
f 2949 977 2948
f 1993 2948 495
f 1469 977 2949
f 1469 2949 717
f 685 1568 2950
f 3700 1340 1450
f 2952 248 2951
f 1016 2951 1825
f 247 248 2952
f 1486 2952 2953
f 2922 658 2953
f 1485 2953 1016
f 1275 404 2954
f 1275 2954 1062
f 792 1657 2955
f 1609 2955 358
f 787 2119 2956
f 787 2956 3432
f 3635 1708 2957
f 1651 2957 346
f 3361 1518 3170
f 543 2958 2304
f 676 1815 2959
f 1598 2959 886
f 3344 1026 2960
f 1647 2960 634
f 1564 433 2961
f 1564 2961 2936
f 3385 1515 2962
f 2273 2962 878
f 285 1806 2963
f 285 2963 284
f 2987 372 2964
f 1797 2964 935
f 935 2052 2965
f 935 2965 2966
f 1463 579 2966
f 1463 2966 2965
f 1711 321 2967
f 929 2967 2969
f 473 1323 2968
f 473 2968 1712
f 2001 721 2969
f 929 2969 1712
f 2250 777 2970
f 2250 2970 1670
f 2027 975 2971
f 2027 2971 3613
f 3578 1537 2972
f 975 2972 1376
f 2334 1010 2973
f 640 2973 1377
f 3748 1139 3226
f 415 2974 2036
f 538 1331 2975
f 1330 2975 2553
f 1377 1023 2976
f 640 2976 2160
f 1713 389 2977
f 1713 2977 1003
f 2721 1248 2978
f 2721 2978 2875
f 1920 718 2979
f 1920 2979 498
f 2682 1328 2980
f 2682 2980 821
f 463 1597 2981
f 1586 2981 920
f 664 1701 3429
f 2983 2246 1291
f 1051 2982 2983
f 1051 2983 2876
f 3106 667 2984
f 1339 3850 3715
f 2240 928 2985
f 1396 2985 473
f 1838 928 2986
f 414 2986 1397
f 932 1538 2987
f 932 2987 1797
f 2351 601 2988
f 1297 2988 932
f 579 1464 2989
f 579 2989 1797
f 2092 1210 2990
f 738 2990 1553
f 278 1655 2991
f 278 2991 277
f 437 2021 2992
f 2599 2992 1578
f 952 1573 3103
f 616 2993 1581
f 3376 1168 2994
f 2614 2994 363
f 2138 1368 2995
f 408 2995 1770
f 933 1653 2996
f 933 2996 1611
f 2937 592 2997
f 1702 2997 933
f 1417 1697 2998
f 582 2998 1640
f 445 1833 2999
f 445 2999 1606
f 2999 930 3000
f 659 3000 1608
f 2933 1528 3001
f 993 3001 1827
f 2112 508 3002
f 1116 3002 3686
f 1903 550 3003
f 951 3003 3033
f 920 1597 3004
f 920 3004 3498
f 40 1810 3005
f 40 3005 39
f 1484 2627 3006
f 1484 3006 331
f 1654 727 3007
f 1654 3007 2279
f 1214 2030 3814
f 565 3008 1766
f 1361 1649 3009
f 3856 1955 466
f 3120 1535 3010
f 1226 3010 1966
f 3586 1913 3011
f 1212 3011 2432
f 1482 685 3012
f 1482 3012 802
f 2205 358 3013
f 1696 3013 1019
f 1696 1019 3014
f 541 3014 3081
f 1403 411 3015
f 1403 3015 1613
f 659 2546 3016
f 1607 3292 413
f 3330 701 3017
f 1670 3754 429
f 2044 316 3018
f 989 3018 3818
f 989 1570 3019
f 989 3019 2044
f 1341 1437 3818
f 989 3020 1570
f 2388 1317 3021
f 98 3021 97
f 1343 382 3022
f 1343 3022 3024
f 1449 477 3023
f 1009 3023 1342
f 3319 1343 3024
f 562 3024 1342
f 1523 2224 3025
f 936 3025 2086
f 1889 860 3026
f 1889 3026 357
f 1800 953 3027
f 341 3027 1465
f 2795 456 3028
f 1598 3028 888
f 2082 1034 3029
f 493 3029 3453
f 3260 1092 3030
f 1819 3030 406
f 1063 2667 3031
f 1063 3031 2166
f 1200 2358 3032
f 1200 3850 2984
f 2026 951 3033
f 1438 3033 2581
f 1046 2868 3034
f 1095 3034 1784
f 2515 1239 3035
f 829 3035 2516
f 2765 544 3036
f 3035 3036 956
f 2220 1086 3037
f 2912 3037 959
f 1894 436 3038
f 1894 3038 865
f 361 1595 3039
f 361 3039 1605
f 1559 1258 3040
f 1559 3040 428
f 862 1869 3041
f 1375 3041 441
f 2880 615 3042
f 2345 3042 1152
f 1318 378 3421
f 954 3043 3044
f 1471 954 3044
f 584 3044 2378
f 3732 451 3045
f 954 3045 3421
f 3047 941 3046
f 1800 3046 682
f 3826 941 3047
f 341 3047 1800
f 3303 675 3048
f 2100 3048 1055
f 3235 1132 3049
f 1131 3049 2726
f 3286 585 3050
f 1281 3050 3051
f 3050 1131 3051
f 1281 3051 3333
f 814 1972 3052
f 1973 3052 1553
f 1732 666 3053
f 3054 3227 1127
f 971 3053 3054
f 3055 1680 561
f 971 3054 3055
f 3500 3682 1155
f 3839 411 3056
f 3839 3056 3500
f 1551 1741 3057
f 1551 3057 385
f 2043 1376 3058
f 2043 3058 1788
f 1909 967 3059
f 711 3059 1910
f 1893 1064 3060
f 405 3060 1909
f 2370 346 3061
f 991 3061 1649
f 595 1766 3062
f 595 3743 2704
f 1047 2030 3063
f 1047 3063 2098
f 452 2539 3064
f 452 3064 2965
f 2182 750 3065
f 2182 3065 2560
f 2921 1112 3066
f 1569 3066 642
f 688 1499 3067
f 688 3067 2183
f 1486 1294 3068
f 1486 3068 247
f 2428 828 3069
f 1305 3069 1759
f 758 1724 3070
f 1392 3070 726
f 335 1356 3071
f 335 3071 2215
f 685 1660 3072
f 685 3072 1568
f 3111 470 3073
f 1164 3073 3527
f 339 1460 3074
f 2023 3074 815
f 2123 1008 3075
f 502 3075 1326
f 2313 1501 3076
f 2313 3076 746
f 2360 533 3077
f 1325 3077 1213
f 2046 499 3079
f 1142 3078 1950
f 3080 1143 3079
f 1142 3079 3078
f 2724 1143 3080
f 873 3080 2725
f 3014 1282 3081
f 541 3081 2600
f 3081 1282 3082
f 976 3082 1782
f 1624 957 3083
f 1624 3083 3099
f 1531 485 3084
f 1531 3427 649
f 3831 1238 3085
f 956 3085 2427
f 1914 2700 3086
f 406 3086 1917
f 562 2160 3087
f 562 3087 1645
f 2732 1780 3088
f 2732 3088 560
f 3748 609 3089
f 1139 3089 2356
f 1750 395 3090
f 987 3090 1384
f 3475 673 3091
f 1207 3091 987
f 987 1570 3092
f 987 3092 1207
f 1679 324 3093
f 1679 3093 2230
f 1773 817 3094
f 1773 3094 675
f 552 2869 3095
f 552 3095 2441
f 2791 1113 3096
f 2791 3096 1360
f 2889 1442 3097
f 2119 3097 991
f 1348 1737 3098
f 1348 3098 2175
f 3083 314 3099
f 1624 3634 694
f 1885 722 3100
f 1885 3100 3616
f 1579 432 3101
f 1579 3101 3103
f 3490 671 3102
f 952 3102 1722
f 616 1579 3103
f 616 3103 2993
f 1071 2828 3104
f 1071 3104 3492
f 1022 1665 3105
f 1022 3105 2303
f 1959 667 3106
f 2649 3106 1339
f 601 1536 3107
f 601 3107 1537
f 3107 974 3108
f 1537 3108 2972
f 3107 1536 3109
f 974 3109 1480
f 978 1637 3110
f 978 3110 1796
f 1796 470 3111
f 978 3111 3230
f 780 2320 3112
f 1560 3112 225
f 561 1680 3113
f 2550 3113 1177
f 2853 1260 3114
f 525 3114 1979
f 2170 2395 3115
f 1226 3120 3010
f 1817 528 3731
f 1073 3116 2569
f 3495 1031 3117
f 3693 1865 1188
f 3496 498 3118
f 1031 3118 2245
f 726 1724 3119
f 1218 3119 2272
f 1226 3115 3120
f 1535 3274 1091
f 1517 2113 3121
f 1517 3121 706
f 3126 962 3122
f 1558 3122 3825
f 1634 963 3123
f 1634 3123 457
f 1633 458 3124
f 1633 3124 3290
f 1631 325 3125
f 964 3125 1544
f 3299 1634 3126
f 629 3126 1558
f 3128 963 3127
f 1628 3127 342
f 1636 963 3128
f 631 3128 1628
f 3131 1557 3129
f 457 3129 1634
f 1626 380 3130
f 965 3130 1804
f 457 1630 3131
f 457 3131 3129
f 1629 628 3132
f 1629 3132 3309
f 632 1631 3133
f 632 3133 1630
f 2776 1462 3134
f 2128 3134 441
f 796 2006 3135
f 1655 3135 2991
f 1656 2014 3136
f 1656 3136 1072
f 1672 788 3137
f 1672 3137 323
f 3304 1024 3138
f 1475 3138 3591
f 3151 1704 3139
f 371 3139 1702
f 1312 1709 3140
f 1312 3140 2652
f 1887 405 3141
f 1887 3141 2931
f 2094 1362 3142
f 908 3142 1967
f 1907 1090 3143
f 531 3143 2559
f 1999 1090 3144
f 580 3144 2882
f 2666 868 3145
f 1546 3145 3160
f 1074 1664 3146
f 2583 3146 307
f 733 2017 3147
f 3271 365 1467
f 2068 505 3148
f 1314 3148 787
f 3472 626 3149
f 1521 3149 863
f 3110 611 3150
f 1796 3150 980
f 980 1704 3151
f 980 3151 1495
f 1796 980 3152
f 470 3152 3855
f 1898 696 3153
f 981 3153 2609
f 637 1707 3154
f 637 3154 1828
f 2146 1082 3155
f 1473 3155 812
f 1829 79 3156
f 1300 3156 2316
f 1005 1652 3157
f 1527 3157 73
f 328 1648 3158
f 328 3158 1349
f 2593 1164 3159
f 588 3159 1409
f 776 1546 3160
f 776 3160 2405
f 419 2126 3161
f 1025 3161 1669
f 2503 1746 3162
f 1744 3162 670
f 2422 1779 3163
f 354 3163 1824
f 1501 983 3164
f 593 3164 1502
f 1502 3164 3165
f 440 3165 3265
f 3805 1958 3166
f 522 3166 2531
f 2293 1448 3167
f 577 3167 3195
f 11 1994 3168
f 11 3168 10
f 2714 514 3169
f 1075 3169 3332
f 543 2541 3170
f 2958 3170 1518
f 979 2474 3171
f 3534 663 1567
f 1813 676 3172
f 1813 3172 2764
f 646 1311 3173
f 1411 3173 1610
f 388 2649 3174
f 388 3174 1506
f 2837 1266 3175
f 1499 3175 3067
f 2510 1452 3176
f 478 3176 1988
f 3768 621 3177
f 1364 3177 2903
f 2769 988 3178
f 2769 3178 366
f 679 1589 3179
f 679 3179 1469
f 1274 614 3180
f 1118 3180 1595
f 2109 515 3181
f 1039 3181 2270
f 2109 1039 3182
f 806 3182 2108
f 1453 1039 3183
f 1453 3183 3502
f 883 2335 3184
f 883 3184 2673
f 1847 752 3185
f 2150 3185 751
f 1506 2340 3186
f 1506 3640 2841
f 3270 1522 3187
f 2136 3187 604
f 1957 484 3188
f 986 3188 1647
f 3293 68 3189
f 986 3189 1857
f 1350 323 3190
f 994 3190 3191
f 698 1743 3191
f 698 3191 1890
f 1350 994 3192
f 551 3192 2554
f 3523 1178 3193
f 1740 3193 778
f 2544 1678 3194
f 1269 3194 3206
f 3167 1439 3195
f 577 3195 2605
f 2236 356 3196
f 3195 3196 1033
f 3352 1191 3197
f 1190 3197 2260
f 2007 779 3198
f 2007 3198 363
f 706 1823 3199
f 1863 3199 1716
f 833 2542 3200
f 833 3200 2541
f 1011 1514 3201
f 1011 3201 2178
f 2012 1353 3768
f 621 3202 1741
f 2201 1140 3203
f 312 3203 1366
f 1036 2418 3204
f 1036 3204 1533
f 3194 1269 3205
f 2544 3205 1677
f 3337 1269 3653
f 770 3206 2155
f 919 1822 3207
f 1597 3207 3004
f 1514 1011 3208
f 596 3208 2651
f 3625 352 3209
f 2060 3209 1398
f 3462 940 3210
f 1603 3210 638
f 713 1233 3211
f 713 3211 1939
f 3211 1233 3212
f 1085 3212 1903
f 2248 26 3213
f 2248 3213 1037
f 2097 1043 3214
f 2097 3214 348
f 944 1658 3215
f 2738 3410 999
f 2739 1541 3216
f 882 3216 1831
f 2854 567 3217
f 1372 3217 1583
f 2702 1267 3218
f 2702 3218 1411
f 1769 1130 3219
f 468 3219 2056
f 1961 1497 3220
f 1566 3220 3297
f 2431 526 3221
f 1264 3221 2906
f 1018 1770 3222
f 2156 3222 581
f 874 1780 3223
f 1554 3223 2929
f 2254 1021 3224
f 2254 3224 1395
f 1754 1527 3225
f 1754 3225 2800
f 1315 1666 3226
f 415 3226 2974
f 3054 1489 3227
f 1127 3685 2676
f 2319 1295 3228
f 1013 3228 2384
f 930 1644 3229
f 1608 3229 341
f 2752 978 3230
f 2593 3230 1164
f 590 1383 3231
f 590 3231 3284
f 3238 669 3232
f 1842 3232 1061
f 1244 2672 3233
f 1244 3786 421
f 1498 624 3234
f 1498 3234 2624
f 2470 1132 3235
f 2470 3235 585
f 3232 669 3236
f 1243 3236 2286
f 1658 1000 3237
f 1658 3237 475
f 1658 669 3238
f 1000 3238 1842
f 1842 319 3239
f 1000 3239 3844
f 2057 743 3240
f 1115 3240 1808
f 359 1615 3241
f 359 3241 2069
f 3366 1036 3242
f 373 3242 2695
f 810 1853 3243
f 1659 3243 726
f 1435 2633 3281
f 1336 3244 316
f 3039 1595 3245
f 2020 3245 3714
f 2341 826 3246
f 2341 3246 1943
f 2425 1441 3247
f 2425 3247 1040
f 1877 1023 3248
f 228 3248 1878
f 1714 652 3249
f 1714 3249 3250
f 459 1714 3250
f 459 3250 1948
f 329 1251 3251
f 1855 3251 707
f 471 1901 3252
f 471 3252 1799
f 1798 682 3253
f 1798 3253 1001
f 350 1765 3254
f 1520 3254 2722
f 2604 1240 3255
f 554 3255 2710
f 812 2265 3256
f 1283 3256 1757
f 641 1643 3257
f 1642 3512 379
f 1101 1661 3258
f 3546 1718 651
f 1781 976 3259
f 1781 3259 693
f 2195 771 3260
f 1133 3260 3030
f 2429 1208 3261
f 809 3261 2431
f 2552 861 3262
f 1762 3262 1345
f 2577 855 3263
f 2749 3263 1229
f 1526 688 3264
f 1526 3264 804
f 2161 1548 3265
f 2161 3265 3165
f 1652 1005 3266
f 1652 3266 2104
f 1527 625 3267
f 1005 3267 2292
f 1515 1004 3268
f 1515 3268 596
f 395 1750 3269
f 395 3269 3659
f 2714 1522 3270
f 514 3270 1296
f 1201 3147 3271
f 1201 3271 2072
f 2139 755 3272
f 2193 3272 1126
f 1535 1091 3273
f 1535 3273 2692
f 3120 546 3274
f 1091 3274 1727
f 2792 1151 3275
f 59 3275 58
f 2817 1167 3276
f 202 3276 57
f 1045 1767 3277
f 1045 3277 2497
f 2152 1397 3278
f 2152 3278 1199
f 899 2414 3279
f 2566 3279 1156
f 655 1664 3280
f 2157 3280 1074
f 3244 1336 3281
f 1435 3281 2708
f 1907 2242 3282
f 1090 3282 2635
f 2693 1676 3283
f 1749 3283 850
f 2820 590 3284
f 2504 3284 1243
f 431 2189 3285
f 431 3285 1963
f 3300 585 3286
f 1296 3286 2114
f 3289 1635 3287
f 1015 3287 3802
f 1804 1015 3288
f 631 3288 1636
f 3130 380 3289
f 1804 3289 1015
f 1804 631 3290
f 1804 3290 965
f 2546 1465 3291
f 1150 3820 2202
f 1607 3016 3292
f 413 3292 2202
f 1574 67 3293
f 2025 3293 986
f 1831 1550 3294
f 1831 3294 2829
f 356 1620 3295
f 356 3295 3196
f 1452 638 3296
f 3176 3296 1028
f 856 1566 3297
f 856 3297 1679
f 453 2362 3298
f 453 3298 2010
f 3126 629 3299
f 1634 3299 963
f 1359 585 3300
f 1359 3300 2099
f 3396 1014 3301
f 1767 3301 3277
f 857 1690 3302
f 2624 3302 545
f 347 1773 3329
f 1048 3303 2100
f 258 2875 3304
f 258 3304 257
f 1976 1207 3305
f 597 3305 2603
f 1229 735 3306
f 1229 3306 1102
f 1873 566 3307
f 1102 3307 1975
f 345 2012 3308
f 2115 3308 867
f 966 2013 3309
f 1629 3309 3338
f 1988 1028 3310
f 718 3310 1989
f 1602 402 3311
f 1028 3311 3310
f 1557 2848 3312
f 1557 3312 962
f 519 1511 3840
f 1175 3313 2796
f 1577 2606 3314
f 1577 3314 667
f 2134 1035 3315
f 2134 3315 767
f 1669 1035 3316
f 1669 3316 447
f 2905 1845 3317
f 606 3317 2524
f 2425 589 3318
f 1441 3318 2270
f 1152 2433 3319
f 1152 3319 1645
f 896 2558 3320
f 896 3320 2604
f 2074 1316 3321
f 739 3321 2073
f 752 1963 3322
f 752 3322 2167
f 763 1840 3323
f 763 3323 1459
f 3479 482 3324
f 1021 3324 2453
f 1197 2184 3325
f 2200 3325 291
f 1874 848 3326
f 1874 3326 549
f 948 2039 3327
f 2279 3327 101
f 3642 1246 3328
f 343 3328 2229
f 1944 347 3329
f 1048 3329 3303
f 3017 1670 3330
f 701 3330 1848
f 2675 1277 3331
f 875 3331 2720
f 3169 1076 3332
f 1075 3332 3493
f 1192 2413 3333
f 334 3333 3051
f 491 1915 3334
f 1092 3334 1914
f 521 2851 3335
f 521 3335 1794
f 527 2825 3336
f 527 3336 2670
f 3653 1523 3337
f 3205 3337 548
f 2915 1629 3338
f 1748 3338 1234
f 1787 472 3339
f 1787 3339 2742
f 1543 2777 3340
f 1543 3340 381
f 3679 1038 3341
f 1722 3341 325
f 1038 2355 3342
f 1038 3342 1544
f 484 1227 3343
f 484 3343 1805
f 484 1805 3344
f 484 3344 1647
f 1771 790 3345
f 1771 3345 3822
f 1643 641 3346
f 1643 3346 1042
f 3407 1173 3347
f 1983 3347 754
f 689 1861 3348
f 689 3348 1850
f 3350 1081 3349
f 627 3349 3493
f 1313 425 3350
f 1313 3350 3349
f 3149 626 3351
f 1081 3351 1843
f 569 2729 3352
f 2751 3352 1190
f 460 2145 3353
f 1715 3353 2482
f 2620 420 3354
f 1562 3354 714
f 469 1481 3355
f 469 3355 1788
f 3481 1223 3356
f 531 3356 1907
f 2588 842 3357
f 1210 3357 2990
f 2342 1093 3358
f 540 3358 1324
f 1612 1029 3359
f 1612 3359 718
f 1953 478 3360
f 1029 3360 3359
f 207 1518 3361
f 206 3361 2907
f 414 1968 3362
f 414 3362 1838
f 1833 608 3363
f 1833 3363 930
f 1508 1067 3364
f 501 3364 3372
f 645 1684 3365
f 1683 3565 487
f 2416 839 3366
f 2416 3366 373
f 3242 1036 3367
f 1700 3367 576
f 2764 1413 3368
f 313 3368 2607
f 1671 1058 3369
f 322 3369 1601
f 3853 1094 3370
f 321 3370 1473
f 3769 1761 3371
f 734 3371 1763
f 3373 501 3372
f 1383 3372 2267
f 2371 501 3376
f 1168 3373 1383
f 2267 1066 3374
f 319 3374 1685
f 1755 392 3375
f 1755 3375 1067
f 2614 889 3376
f 1168 3376 3373
f 1232 2628 3377
f 1232 3377 2522
f 916 2445 3378
f 1549 3378 2685
f 1886 1183 3379
f 1886 3379 345
f 1058 1625 3380
f 1058 3380 1600
f 2665 620 3381
f 1671 3381 1058
f 811 1995 3382
f 2236 3382 1760
f 3836 1136 3383
f 1960 3383 1427
f 498 2417 3384
f 498 3384 3118
f 2014 1185 3385
f 520 3385 2962
f 2467 1144 3386
f 411 3386 1732
f 1571 551 3387
f 2748 3387 1351
f 3466 376 3388
f 1946 3388 1040
f 758 1392 3389
f 1145 3389 1937
f 1151 2358 3390
f 3275 3390 242
f 2945 456 3391
f 1511 3391 3313
f 2154 1070 3392
f 594 3392 1436
f 3824 2026 3393
f 1257 3393 1438
f 605 1534 3394
f 605 3394 3204
f 3396 1839 3395
f 1014 3395 1838
f 474 1839 3396
f 1767 3396 3301
f 2450 1059 3397
f 379 3397 1642
f 485 1982 3398
f 485 3398 1600
f 894 2110 3399
f 1991 3399 1343
f 2802 1581 3400
f 2802 3400 891
f 2803 891 3401
f 1306 3402 2673
f 1306 3401 3402
f 532 3402 1992
f 1125 1524 3403
f 1125 3403 1992
f 2148 1294 3404
f 2148 3404 1266
f 2634 1294 3405
f 2634 3405 113
f 1082 2349 3406
f 1082 3406 2265
f 2394 364 3407
f 1347 3407 3347
f 2487 1498 3408
f 1173 3408 1985
f 866 1700 3409
f 2697 3409 1370
f 475 1859 3410
f 3215 3410 2738
f 1428 2750 3411
f 849 3411 2612
f 3333 334 3412
f 1192 3412 3416
f 334 1237 3413
f 3412 3413 1193
f 1237 612 3414
f 3413 3414 1193
f 2439 1313 3415
f 1192 3415 2413
f 3707 558 3416
f 1193 3416 3412
f 856 2466 3417
f 2367 3417 1440
f 3419 1458 3418
f 1391 3418 3680
f 3609 1458 3419
f 619 3419 2914
f 1172 2044 3420
f 1172 3420 3827
f 3599 1318 3421
f 954 3421 3043
f 530 1942 3422
f 530 3422 1422
f 2223 435 3752
f 1105 3423 3424
f 1811 1105 3424
f 1811 3424 817
f 2177 416 3425
f 2177 3425 1010
f 1551 385 3426
f 2048 3426 1060
f 3084 1060 3427
f 649 3427 1650
f 2132 650 3428
f 2132 3428 957
f 1701 2982 3429
f 664 3429 1945
f 675 1775 3430
f 675 3430 1774
f 3430 1049 3431
f 1774 3431 397
f 2956 1361 3432
f 787 3432 3644
f 1929 479 3433
f 1052 3433 2088
f 2907 1006 3434
f 2643 3434 1217
f 46 47 3435
f 2363 3435 1149
f 2213 526 3436
f 2213 3436 759
f 2256 1054 3437
f 2256 3437 1187
f 3443 2080 3438
f 1054 3438 1814
f 2040 598 3439
f 1270 3439 3795
f 2650 979 3440
f 2650 3440 376
f 1731 1144 3441
f 1731 3441 499
f 2083 384 3442
f 2083 3442 1034
f 744 2080 3443
f 2256 3443 1054
f 3445 1053 3444
f 1929 3444 479
f 1928 1053 3445
f 703 3445 3864
f 1860 664 3446
f 1860 3446 1053
f 3458 1088 3447
f 1588 3447 2849
f 1814 1055 3448
f 1814 3448 3692
f 397 1815 3449
f 397 3449 1774
f 3794 1194 3450
f 1826 3450 1460
f 2391 410 3451
f 2391 3451 1280
f 2501 223 3452
f 1084 3452 2320
f 2835 493 3453
f 1087 3453 2344
f 2241 1087 3454
f 2241 3454 362
f 1946 1040 3455
f 1946 3455 661
f 1050 1875 3456
f 2463 3456 1388
f 2108 1453 3457
f 578 3457 2397
f 3447 1588 3458
f 2641 3458 434
f 3531 1121 3459
f 3458 3459 434
f 1104 1692 3460
f 1104 3460 1947
f 2977 389 3461
f 2977 3461 2438
f 338 1848 3462
f 1603 3462 3210
f 3618 407 3463
f 1784 3463 1095
f 2261 1056 3464
f 2261 3464 391
f 3467 1057 3465
f 1735 3465 661
f 1409 376 3466
f 1057 3466 1946
f 1735 504 3467
f 1735 3467 3465
f 2826 1379 3468
f 557 3468 2691
f 1285 2728 3469
f 3482 1890 323
f 2790 1360 3470
f 907 3470 1871
f 3344 1805 3471
f 2089 3471 687
f 1521 1091 3472
f 1521 3472 3149
f 1068 2286 3473
f 1068 3473 3474
f 2889 2755 3474
f 944 3474 2888
f 1207 1976 3475
f 1207 3475 3091
f 853 2038 3476
f 1868 3476 339
f 1737 390 3477
f 1176 3477 2663
f 3684 1742 3478
f 1176 3478 3520
f 721 1461 3479
f 1412 3479 3324
f 1823 934 3480
f 1823 3480 654
f 760 1223 3481
f 1675 3481 3638
f 1285 3469 3482
f 1285 3482 3137
f 636 1880 3483
f 1648 3483 825
f 1744 670 3484
f 1785 3484 1423
f 848 1687 3485
f 848 3485 2386
f 844 2381 3486
f 2637 3486 1579
f 795 2314 3487
f 2574 3487 909
f 1801 1687 3488
f 1801 3488 2223
f 295 296 3489
f 2191 3489 1146
f 845 2452 3490
f 1723 3490 3102
f 1570 1384 3491
f 3019 3491 575
f 2903 1071 3492
f 2666 3492 868
f 3349 1487 3493
f 627 3493 3332
f 679 1591 3494
f 679 3494 1614
f 1786 1138 3495
f 1786 3495 3117
f 1920 498 3496
f 1138 3496 3495
f 2618 332 3497
f 1138 3497 1612
f 2601 1078 3498
f 920 3498 2757
f 2333 645 3499
f 2333 3499 1242
f 971 3055 3500
f 971 3500 3056
f 943 1921 3501
f 1575 3501 2520
f 3457 1453 3502
f 937 3502 2536
f 100 2039 3503
f 99 3503 2388
f 368 2503 3504
f 368 3504 1513
f 1940 1939 3505
f 1940 3505 216
f 1027 1864 3506
f 1805 3506 3471
f 633 1601 3507
f 633 3507 3784
f 3632 1740 3508
f 1246 3508 3328
f 255 2074 3509
f 2033 3509 2893
f 2606 240 3510
f 1200 3510 2358
f 297 298 3511
f 297 3511 2481
f 1642 3257 3512
f 379 3512 1808
f 1643 488 3513
f 1643 3513 3257
f 825 1880 3514
f 1287 3514 1841
f 1858 686 3515
f 1077 3515 2766
f 1858 1077 3516
f 506 3516 3604
f 427 1844 3517
f 1832 3517 1206
f 1481 597 3518
f 1481 3518 3355
f 933 1611 3519
f 2456 3519 884
f 2174 1737 3520
f 2174 3520 519
f 1110 1896 3521
f 1898 3521 696
f 3031 1147 3522
f 570 3522 3764
f 3193 559 3523
f 1178 3523 2093
f 3723 1673 3524
f 715 3524 2063
f 2096 651 3525
f 2096 3525 1097
f 454 1372 3526
f 2711 3526 925
f 3073 979 3527
f 1164 3527 3159
f 2262 506 3528
f 2262 3528 1056
f 2130 568 3529
f 1204 3529 2792
f 765 2781 3530
f 2210 3530 3639
f 1400 1121 3531
f 572 3531 1588
f 3533 1145 3532
f 2309 3532 838
f 2190 1145 3533
f 293 3533 292
f 1374 3171 3534
f 1374 3534 2938
f 1664 1663 3535
f 1664 3535 306
f 1839 474 3536
f 1079 3536 2376
f 1839 1079 3537
f 1839 3537 684
f 2313 746 3538
f 1445 3538 2106
f 2806 2040 3539
f 528 3539 2935
f 2353 1245 3540
f 281 3540 280
f 3525 651 3541
f 1821 3541 3630
f 683 1752 3542
f 683 3542 1512
f 1717 507 3543
f 1096 3543 1432
f 1970 1101 3544
f 384 3544 3566
f 1970 644 3545
f 1101 3545 1661
f 1101 3258 3546
f 1101 3546 2096
f 416 1464 3547
f 416 3547 1969
f 3705 1864 3548
f 2608 3548 1027
f 2000 1109 3549
f 2000 3549 664
f 751 1614 3550
f 751 3550 2149
f 1699 678 3551
f 1080 3551 3550
f 1699 1080 3552
f 1699 3552 396
f 3554 1154 3553
f 2179 3553 998
f 2927 1154 3554
f 481 3554 2179
f 2707 1154 3555
f 2534 3555 845
f 2842 1103 3556
f 2842 3556 1444
f 3556 1103 3557
f 1692 3557 3460
f 467 2207 3558
f 467 3558 2511
f 2740 1267 3559
f 841 3559 2653
f 3430 1775 3560
f 1049 3560 2029
f 1716 654 3561
f 1096 3561 1717
f 1716 1096 3562
f 409 3562 3734
f 869 1419 3563
f 2619 3563 37
f 3769 734 3564
f 1622 3564 2294
f 3525 1821 3565
f 1097 3565 3365
f 3544 2096 3566
f 384 3566 3442
f 1077 2766 3567
f 1701 3567 2982
f 1553 1089 3568
f 738 3568 1779
f 1119 1905 3569
f 1119 3569 1927
f 714 1949 3570
f 714 3570 1927
f 1949 492 3571
f 1119 3571 1906
f 1474 1517 3572
f 1474 3572 529
f 951 2026 3573
f 2121 3573 212
f 550 2943 3574
f 1198 3574 2156
f 2801 960 3575
f 2801 3575 1117
f 1342 2334 3576
f 1342 3576 2160
f 2629 1769 3577
f 1734 3577 801
f 601 1537 3578
f 1538 3578 2928
f 1219 2597 3579
f 3699 3698 1137
f 2285 320 3580
f 2285 3580 901
f 217 2368 3581
f 217 3581 216
f 422 1678 3582
f 422 3582 2239
f 876 2762 3583
f 2763 3583 708
f 740 2005 3584
f 2003 3584 2814
f 1837 1212 3585
f 1837 3585 560
f 1837 704 3586
f 1212 3586 3011
f 3665 1159 3587
f 2423 3587 583
f 1641 1582 3588
f 1641 3588 2051
f 373 2695 3589
f 373 3589 3383
f 2173 1577 3590
f 1106 3590 1959
f 2780 1475 3591
f 1316 3591 1424
f 903 2233 3592
f 1552 3592 2886
f 287 288 3593
f 287 3593 2196
f 2878 1166 3594
f 2878 3594 2087
f 748 2059 3595
f 748 3595 1695
f 2466 647 3596
f 2466 3596 923
f 783 2259 3597
f 2151 3597 1114
f 602 2505 3598
f 2698 3598 1894
f 2647 563 3599
f 2647 3599 1408
f 1884 445 3600
f 1884 3600 915
f 2746 497 3601
f 3602 1724 758
f 1146 3601 3602
f 1146 3602 2191
f 3516 1077 3603
f 1109 3603 1701
f 3603 1109 3604
f 506 3604 3528
f 3203 1140 3605
f 3203 3605 1366
f 2402 837 3606
f 1317 3606 3021
f 3608 1106 3607
f 503 3607 1959
f 985 1932 3608
f 985 3608 2879
f 3610 1458 3609
f 1459 3609 2107
f 2308 1458 3610
f 381 3825 3122
f 1069 2071 3611
f 2742 3611 512
f 3614 1158 3612
f 1703 3612 2052
f 3837 2019 3613
f 600 3613 2971
f 2027 1158 3614
f 372 3614 1703
f 2371 1623 3615
f 2371 3615 1508
f 3770 462 3616
f 1733 3616 3100
f 697 2444 3617
f 697 3617 1893
f 1026 2089 3618
f 1784 3618 3463
f 1596 672 3619
f 2274 3619 853
f 2805 1490 3620
f 893 3620 2040
f 782 2299 3621
f 782 3621 2506
f 2645 1108 3622
f 455 3622 1425
f 3624 1425 3623
f 587 3623 2442
f 2786 1425 3624
f 1404 3624 2551
f 1044 2198 3625
f 1705 3625 3209
f 993 2681 3626
f 993 3626 2933
f 487 1916 3627
f 487 3627 1668
f 1916 1099 3628
f 695 3628 2113
f 3086 1098 3629
f 1917 3629 695
f 3565 1821 3630
f 487 3630 1916
f 2204 1516 3631
f 2204 3631 2158
f 3643 559 3632
f 1246 3632 3508
f 3499 645 3633
f 2159 3633 1107
f 1624 3099 3634
f 694 3634 2700
f 1604 2632 3635
f 895 3635 2957
f 76 77 3636
f 1153 3636 2657
f 1153 2657 3637
f 1153 3637 2199
f 2781 1675 3638
f 1216 3638 2559
f 3530 1216 3639
f 2210 3639 419
f 1506 3186 3640
f 843 3640 2441
f 2187 773 3641
f 1141 3641 1559
f 2187 1141 3642
f 343 3642 3328
f 1559 1401 3643
f 1141 3643 3632
f 2118 787 3644
f 1147 3644 1998
f 2412 794 3645
f 3646 1484 331
f 1491 3645 3646
f 1491 3646 3795
f 1265 3261 3647
f 418 3647 2301
f 3250 1003 3648
f 1948 3648 712
f 1827 403 3649
f 1827 3649 744
f 2827 1167 3650
f 1362 3650 3142
f 1985 545 3651
f 1985 3651 1984
f 1467 1865 3652
f 603 3652 2245
f 1269 3206 3653
f 1523 3653 2224
f 3664 642 3654
f 1532 3654 1834
f 3040 1258 3655
f 2318 3655 808
f 958 2662 3656
f 1818 3656 1120
f 2024 380 3657
f 2457 3657 899
f 3742 710 3658
f 1889 3658 860
f 3269 1185 3659
f 395 3659 1639
f 2261 391 3660
f 3661 2775 607
f 1352 3660 3661
f 1352 3661 1541
f 252 2287 3662
f 1618 3662 1225
f 2768 2455 3663
f 1355 3663 2630
f 3654 1532 3664
f 642 3664 2271
f 2423 908 3665
f 1159 3665 1967
f 2783 2898 3666
f 393 3666 1494
f 1111 1891 3667
f 1111 3667 3835
f 1891 1111 3668
f 698 3668 2360
f 2360 1111 3669
f 533 3669 2380
f 1085 2411 3670
f 1939 3670 215
f 821 2532 3671
f 821 3671 2877
f 3673 401 3672
f 1274 3672 1851
f 2303 401 3673
f 1205 3673 2219
f 894 1991 3674
f 894 3674 2838
f 3053 666 3675
f 1489 3675 2703
f 708 1883 3676
f 708 3676 1882
f 1883 374 3677
f 1113 3677 3096
f 1002 1756 3678
f 2176 3678 471
f 671 2022 3679
f 1722 3679 3341
f 3681 1391 3680
f 1194 3680 3450
f 2448 1391 3681
f 443 3681 1973
f 3500 561 3682
f 1155 3682 3812
f 2836 1393 3683
f 544 3831 3036
f 680 1742 3684
f 2663 3684 1176
f 1127 3227 3685
f 2676 3685 24
f 2295 1116 3686
f 2295 3686 1918
f 2263 311 3687
f 2263 3687 2686
f 941 2176 3688
f 941 3688 3046
f 1719 1157 3689
f 495 3689 1734
f 1699 2091 3690
f 1548 3690 742
f 836 2055 3691
f 836 3691 2939
f 1054 1814 3692
f 1813 3692 676
f 516 3117 3693
f 516 3693 2891
f 2209 1025 3694
f 2874 3694 912
f 1045 2336 3695
f 2727 3695 2758
f 2507 1283 3696
f 482 3696 1596
f 1068 1776 3697
f 1068 3697 2286
f 3699 1466 3698
f 1137 3698 2417
f 402 3579 3699
f 402 3699 1989
f 685 2950 3700
f 685 3700 3012
f 3645 2283 3701
f 1123 3701 1971
f 2582 1198 3702
f 383 3702 1479
f 494 1986 3703
f 494 3703 1881
f 1986 687 3704
f 1122 3704 3705
f 1605 1122 3705
f 361 3705 3548
f 511 2165 3706
f 2255 3706 2238
f 2615 558 3707
f 1623 3707 1193
f 2694 1599 3708
f 2694 3708 1776
f 955 1798 3709
f 1791 3709 400
f 3781 1174 3710
f 1335 3710 2514
f 1830 1132 3711
f 1830 3711 1443
f 326 1860 3712
f 326 3712 1928
f 2056 1768 3713
f 2056 3713 3730
f 2281 1196 3714
f 614 3714 3245
f 568 2130 3715
f 568 3715 3850
f 2093 390 3716
f 1178 3716 1990
f 12 13 3717
f 1231 3717 2294
f 2436 1224 3718
f 567 3718 3217
f 2136 604 3719
f 3718 3719 1373
f 639 2519 3720
f 2071 3720 1083
f 81 82 3722
f 1163 3721 3723
f 1163 2316 3722
f 1163 3722 3721
f 715 1956 3723
f 715 3723 3524
f 2720 1584 3724
f 875 3724 1729
f 594 1436 3725
f 1437 3725 2789
f 3701 494 3726
f 1971 3726 3727
f 582 1971 3727
f 582 3727 1417
f 2201 712 3728
f 2201 3728 1140
f 1947 496 3729
f 1140 3729 3605
f 468 2056 3730
f 468 3730 1751
f 3116 1073 3731
f 3116 3731 528
f 953 2773 3732
f 1471 3732 3045
f 2249 1129 3733
f 705 3733 1795
f 2269 409 3734
f 1129 3734 3733
f 271 2070 3735
f 271 3735 270
f 709 2359 3736
f 709 3736 2105
f 2303 1205 3737
f 625 3737 3267
f 309 1569 3738
f 308 3738 2583
f 3720 2519 3739
f 1083 3739 2158
f 1519 1981 3740
f 1402 3740 1980
f 1911 312 3741
f 1911 3741 1110
f 2793 1888 3742
f 1889 3742 3658
f 595 3062 3743
f 1414 3743 2098
f 330 2872 3744
f 330 3744 2646
f 1041 3285 3745
f 2035 3745 762
f 492 2195 3746
f 492 3746 1906
f 1906 1133 3747
f 1906 3747 700
f 1666 609 3748
f 1666 3748 3226
f 1528 1434 3749
f 1528 3749 1930
f 1836 1507 3750
f 1836 3750 2132
f 854 2646 3751
f 2647 3751 563
f 435 3423 3752
f 2223 3752 1942
f 2079 1729 3753
f 2079 3753 724
f 2170 429 3815
f 1256 3754 3017
f 1214 2862 3755
f 2030 3755 85
f 2537 1134 3756
f 2537 3756 1323
f 2143 572 3757
f 1134 3757 1513
f 1226 1966 3758
f 1226 3758 2170
f 3559 2715 3759
f 1161 3759 2528
f 1213 430 3760
f 1325 3760 1743
f 1093 2087 3761
f 1093 3761 3358
f 1554 2929 3762
f 729 3762 2036
f 1457 2785 3763
f 689 3763 1861
f 3331 1277 3764
f 1406 3764 3522
f 399 2794 3765
f 1487 3765 3493
f 1299 2305 3766
f 608 3766 2471
f 1923 369 3767
f 1923 3767 827
f 3202 621 3768
f 2012 3768 1364
f 3371 734 3769
f 1761 3769 2834
f 3616 1733 3770
f 2770 3770 3773
f 2045 803 3771
f 2045 3771 3772
f 3771 1143 3772
f 2045 3772 444
f 1719 901 3773
f 1719 3773 1157
f 1733 656 3774
f 1157 3774 3689
f 1456 2157 3775
f 424 3775 1834
f 340 2224 3776
f 1239 3776 2765
f 261 262 3777
f 2169 3777 1610
f 1010 1739 3778
f 1010 3778 2177
f 960 2220 3779
f 3575 3779 1778
f 911 1500 3780
f 2819 3780 274
f 2214 1174 3781
f 417 3781 2188
f 759 1509 3782
f 759 3782 2214
f 3320 1298 3783
f 1240 3783 2069
f 3507 1600 3784
f 633 3784 2450
f 2183 427 3785
f 1504 3785 2062
f 3233 1308 3786
f 3233 3786 1244
f 2599 858 3787
f 1590 3787 679
f 2739 882 3788
f 1693 3788 1381
f 256 2780 3789
f 256 3789 255
f 2041 63 3790
f 2041 3790 1148
f 1215 2480 3791
f 665 3791 1387
f 3348 1861 3792
f 1149 3792 2733
f 673 2047 3793
f 1750 3793 3269
f 1826 814 3794
f 1194 3794 1973
f 2934 1270 3795
f 331 3795 3646
f 732 1639 3796
f 732 3796 2014
f 1902 1220 3797
f 692 3797 2940
f 1919 709 3798
f 1919 3798 1220
f 2011 510 3799
f 2011 3799 1171
f 681 2011 3800
f 681 3800 1792
f 330 1792 3801
f 330 3801 2212
f 3288 1015 3802
f 1636 3802 457
f 1379 1585 3804
f 1222 3803 1958
f 1895 333 3804
f 1222 3804 3803
f 2218 1222 3805
f 2218 3805 522
f 295 2191 3806
f 294 3806 2190
f 349 1698 3807
f 1501 3807 983
f 1051 2408 3808
f 1945 3808 3444
f 1585 1230 3809
f 643 3809 1599
f 557 2821 3810
f 557 3810 2826
f 2821 992 3811
f 3810 3811 1230
f 3682 1160 3812
f 1155 3812 2454
f 3660 391 3813
f 1160 3813 2120
f 2063 1214 3814
f 2063 3814 565
f 3754 1256 3815
f 3754 3815 429
f 990 1681 3816
f 990 3816 2335
f 1844 720 3817
f 3517 3817 1206
f 1437 3020 3818
f 1341 3818 3018
f 791 1794 3819
f 791 3819 2641
f 584 2378 3820
f 3291 3820 1150
f 2180 1217 3821
f 2180 3821 574
f 3345 327 3822
f 1771 3822 1373
f 2897 1633 3823
f 2897 3823 961
f 211 2026 3824
f 210 3824 1257
f 3323 1558 3825
f 1459 3825 3610
f 608 2471 3826
f 1644 3826 3047
f 2882 1172 3827
f 949 3827 2883
f 2042 934 3863
f 1934 3828 344
f 2909 1609 3829
f 1007 3829 2206
f 2685 446 3830
f 1303 3830 1707
f 544 3683 3831
f 3036 3831 956
f 2807 632 3832
f 1221 3832 2024
f 2103 1221 3833
f 2103 3833 745
f 3667 1278 3835
f 1255 3834 2394
f 1278 3834 3835
f 1111 3835 3669
f 2245 1136 3836
f 2245 3836 603
f 1672 1350 3837
f 600 3837 3613
f 6 7 3838
f 1482 3838 1660
f 3500 1155 3839
f 411 3839 3015
f 1720 519 3840
f 1175 3840 3313
f 1807 448 3841
f 1166 3841 3594
f 1873 735 3842
f 1873 3842 1300
f 576 1802 3843
f 1370 3843 2054
f 3239 1431 3844
f 1000 3844 3237
f 1617 542 3845
f 1617 3845 1245
f 3597 2259 3846
f 1114 3846 2329
f 721 2002 3847
f 1712 3847 1396
f 2473 633 3848
f 1346 3848 2778
f 1299 2450 3849
f 1299 3849 2305
f 3032 568 3850
f 3032 3850 1200
f 2482 832 3851
f 2482 3851 1717
f 1129 2249 3852
f 2498 3852 486
f 969 1787 3853
f 2797 3853 3370
f 1721 674 3854
f 1721 3854 1175
f 3073 470 3855
f 3073 3855 979
f 1361 3009 3856
f 1361 3856 3432
f 1982 1531 3857
f 1982 3857 641
f 723 1954 3858
f 2461 3858 1747
f 2322 1020 3859
f 2322 3859 539
f 554 2710 3860
f 554 3860 2870
f 733 2015 3861
f 2687 3861 1203
f 2004 740 3862
f 2004 3862 1179
f 737 2042 3863
f 1934 3863 3828
f 1930 703 3864
f 1930 3864 1052
f 194 6219 7575
f 6219 5909 4657
f 5503 7113 7364
f 7113 4331 5502
f 7282 5369 6361
f 6485 5605 192
f 5605 5870 4638
f 6541 4196 5562
f 7509 4300 5176
f 36 6185 6658
f 5281 6840 185
f 7331 4295 5710
f 6704 4027 5040
f 6048 3902 5465
f 7597 5512 183
f 5707 4130 7048
f 5927 3939 7039
f 180 181 5691
f 5321 6548 6651
f 6090 75 74
f 66 5367 67
f 6961 3996 6477
f 7117 4251 5684
f 6348 7284 6686
f 5441 71 6178
f 5139 7117 5684
f 5709 3997 7196
f 6122 69 68
f 7026 4110 6638
f 6892 6727 4667
f 5765 3951 5098
f 5690 5419 173
f 5048 6134 6599
f 6713 4516 6256
f 5957 4368 5157
f 5418 5957 170
f 6322 4612 5055
f 6725 4368 5418
f 6121 7165 63
f 5924 4368 5757
f 6892 4667 5233
f 5704 4280 5231
f 7445 7444 5927
f 5357 167 168
f 6121 4944 7165
f 6400 5321 76
f 7612 4910 6760
f 6911 4155 5864
f 6457 4217 6683
f 4537 5864 6795
f 5045 6114 4670
f 5714 4766 7225
f 6681 4537 5714
f 1 3865 3866
f 6012 59 58
f 6012 58 159
f 7225 4766 5729
f 7364 44 43
f 6890 4645 6528
f 7214 5637 4461
f 6221 5166 5909
f 6903 4813 7233
f 7509 6380 5199
f 5359 6545 6169
f 7486 4135 5697
f 4864 5463 199
f 5333 4689 6281
f 49 48 5590
f 5575 189 190
f 5481 6528 5463
f 6990 7061 5089
f 5463 4864 5481
f 5710 4295 5505
f 6990 4326 5589
f 6658 4586 5546
f 4864 199 200
f 6151 4216 7088
f 6467 4640 5695
f 6971 5700 5666
f 6249 5670 201
f 5536 4530 4922
f 52 4961 6467
f 7506 32 7212
f 4801 5670 6249
f 5623 4254 5168
f 5695 55 54
f 6821 27 26
f 6249 57 56
f 5643 4488 5826
f 5679 4023 6046
f 6389 3968 5105
f 6378 5643 3898
f 6469 22 5873
f 5900 3894 3895
f 5007 4270 4888
f 5983 4113 5852
f 5299 4112 6049
f 6461 5474 3975
f 6439 5344 19
f 6731 3890 3891
f 5878 5223 4047
f 7387 5019 6953
f 6352 4268 7398
f 6080 6357 3885
f 5797 4971 7490
f 5638 4637 6439
f 6259 4191 6142
f 5908 3887 7490
f 6801 4186 5592
f 6916 4190 5828
f 6357 3883 3884
f 6915 4607 6505
f 6915 6505 4191
f 5008 4086 5665
f 7324 5379 6103
f 7340 4779 6992
f 6253 4452 5664
f 20 19 5344
f 6024 4779 6187
f 7273 4348 5018
f 6372 4511 5260
f 7333 5597 3879
f 6371 6024 10
f 6091 3892 5058
f 3879 5597 7273
f 7409 7306 4317
f 6858 5007 4888
f 6383 4097 5855
f 5385 4283 7022
f 5935 3946 4939
f 5826 3897 5643
f 5768 5158 6
f 6454 5341 3872
f 7561 4888 5313
f 5768 4427 5158
f 5855 4097 7101
f 4693 6378 5096
f 7521 5054 4361
f 6235 3871 3872
f 6241 3950 5173
f 6006 4 3
f 5328 7350 7351
f 7523 4042 5054
f 7456 7493 5424
f 4693 5159 5613
f 3871 5328 3870
f 5932 5112 29
f 7417 6423 2
f 6626 4764 5910
f 5586 3998 7367
f 5464 3988 5014
f 7417 2 1
f 6626 5910 3867
f 7083 6529 186
f 4841 7301 5867
f 7417 1 3866
f 5298 4001 6102
f 6335 4999 79
f 5403 3947 4857
f 3907 5530 6347
f 6082 6780 4754
f 6347 3906 3907
f 6652 4219 4999
f 7604 4203 5143
f 6335 79 78
f 5530 3907 3908
f 6205 82 81
f 5682 6641 7154
f 6998 4127 5581
f 6385 4558 6384
f 6913 4838 7327
f 6854 3911 3912
f 5136 4387 5548
f 4912 5307 4474
f 6096 3984 4885
f 5226 3912 3913
f 5548 4387 4983
f 5388 3914 3915
f 4983 6846 87
f 7494 4605 6375
f 6846 88 87
f 5337 4167 7553
f 6278 91 90
f 6052 3916 3917
f 5585 3984 6757
f 7425 4095 5163
f 6278 6540 91
f 5453 6364 3919
f 7291 4166 6809
f 5785 3965 4891
f 5767 4367 5264
f 6193 3922 6040
f 5264 4367 5718
f 6431 4418 6001
f 7460 6030 4242
f 6040 3922 3923
f 5339 97 6029
f 6040 4810 6193
f 6797 5339 4519
f 6640 4024 5354
f 7211 3978 5206
f 6323 4067 7147
f 5761 100 99
f 5515 4541 5934
f 5170 4291 5364
f 5090 5708 3928
f 5596 6970 7395
f 6576 5090 4284
f 4790 7450 5522
f 6936 4291 5363
f 6492 5447 107
f 7388 3930 3931
f 7161 5941 106
f 6576 4284 7559
f 5752 4076 4914
f 5447 6480 108
f 5577 7529 109
f 5410 4763 6324
f 6480 109 108
f 6844 5410 3932
f 5663 4763 6424
f 5663 112 111
f 6424 112 5663
f 6844 4763 5410
f 113 7416 114
f 3934 3935 114
f 6444 7604 5143
f 5281 4869 7330
f 6068 4605 5863
f 6278 4902 6540
f 5350 5797 3889
f 5564 4081 6442
f 5927 4947 5928
f 6122 6226 5073
f 5605 4638 6868
f 6267 4027 4878
f 3904 4943 3903
f 6113 6630 5209
f 7456 31 30
f 5236 3936 4954
f 6928 6279 4049
f 6073 84 83
f 4931 3951 5996
f 5648 4083 4922
f 5934 3924 3925
f 5761 4769 7084
f 7046 5362 5457
f 4900 3953 5466
f 6393 4532 7103
f 5295 4069 6571
f 5917 4107 7515
f 6660 4702 5343
f 6882 4861 6355
f 6090 6400 75
f 6815 4006 5251
f 5900 6309 3894
f 5329 3974 6741
f 6511 177 178
f 5624 4116 5830
f 7176 3943 7160
f 6397 5191 6396
f 4851 5425 5903
f 6619 7057 5939
f 6217 3941 5167
f 5549 4612 6339
f 7467 6734 4886
f 5931 6914 7178
f 6773 4169 5970
f 7172 4171 6248
f 6512 4124 5221
f 5546 6622 38
f 5242 4123 7276
f 5319 4055 6237
f 7303 4022 6137
f 5942 4044 5141
f 5787 4561 5383
f 7032 4898 5472
f 5345 5439 7098
f 6648 3962 5145
f 5851 4024 4892
f 5702 7586 5358
f 7324 3883 5379
f 6207 3900 3901
f 4468 6835 6241
f 5067 5977 4627
f 7024 5902 3962
f 5540 3966 7110
f 6886 4831 6013
f 5303 3967 5493
f 7412 7599 5473
f 5700 4570 5790
f 4269 5273 5617
f 5485 4298 5070
f 5661 3942 5556
f 6623 4092 5518
f 7394 3937 5291
f 6294 6779 4527
f 5778 5090 3929
f 6177 3972 5318
f 7475 4245 7200
f 6283 7 5158
f 6748 5997 3875
f 6507 4082 6635
f 5604 5928 7440
f 7157 4047 5078
f 5638 18 17
f 6685 4031 5148
f 7500 4329 4956
f 6627 4128 5763
f 6991 4751 5834
f 6029 96 5264
f 7551 4053 5355
f 4390 5831 4842
f 5013 6841 5966
f 7320 4065 6118
f 6863 4091 5533
f 6871 4356 5183
f 6165 5454 5865
f 5203 3982 5664
f 6663 4096 5511
f 6205 4602 7204
f 7319 4003 6544
f 5889 6757 5286
f 7211 5565 3978
f 6633 4550 5057
f 6254 3963 5081
f 6629 3986 5687
f 6690 4707 6459
f 6656 5297 7035
f 6900 6899 4304
f 7248 3988 6678
f 5992 4739 7261
f 6214 5583 3989
f 6517 4180 7344
f 7410 7411 6246
f 4824 6986 6161
f 6220 4748 5646
f 6145 4025 6738
f 5068 3992 6373
f 4472 6020 5332
f 4878 4027 5645
f 6754 4621 6943
f 7006 4299 5401
f 6206 3913 3914
f 6897 5840 3995
f 5270 7228 5885
f 6028 4136 7241
f 6939 4647 6937
f 6311 4965 5326
f 5441 6163 72
f 6654 3998 5586
f 5317 5318 4521
f 6916 6917 4941
f 6258 5638 17
f 5235 4136 5994
f 5265 3957 4953
f 5171 4001 6306
f 4746 6955 5554
f 6276 6188 4207
f 7531 4005 5168
f 5662 4860 5856
f 6794 4319 5144
f 7585 5123 6086
f 6305 4639 5354
f 6403 4005 5256
f 6987 4375 5571
f 5140 4006 6581
f 5111 5676 6292
f 6837 4079 5506
f 6262 5453 3920
f 5626 4036 7485
f 7463 4025 6559
f 5010 4175 5929
f 6343 4656 6039
f 7059 5193 5395
f 6772 4385 5809
f 6830 4011 6760
f 6114 61 60
f 5330 5306 7121
f 6265 175 176
f 5312 4515 6420
f 7511 3991 5926
f 4640 4961 5915
f 5507 5508 6838
f 5957 169 170
f 5083 3955 6134
f 7329 6097 4146
f 5475 4695 6930
f 7195 4017 6215
f 5816 4194 5517
f 7016 4018 7584
f 5550 5930 7131
f 5505 4019 7544
f 4964 6961 6477
f 4698 6474 5444
f 6987 4046 5602
f 7009 4282 6826
f 5737 7372 5626
f 5479 7538 5094
f 6876 5278 4017
f 6460 4270 7392
f 5998 4032 5106
f 7578 4126 6586
f 7507 5923 4218
f 7285 4272 5334
f 6630 6113 7136
f 6541 4949 6429
f 6263 6708 5780
f 5346 5645 6515
f 5211 4814 5039
f 6548 4631 5525
f 5885 4436 6229
f 5461 4063 6519
f 5266 6374 7262
f 6565 4071 5429
f 6569 4682 6291
f 6685 5719 4031
f 6999 4893 5621
f 6999 4165 4893
f 6280 3942 6605
f 7079 5003 5856
f 5966 4004 5198
f 6729 4034 5499
f 7273 5018 3878
f 4951 4635 6827
f 5342 4905 6907
f 5087 5188 4350
f 6443 4021 7186
f 4994 4037 6325
f 6373 3992 7528
f 7173 4829 7495
f 6458 4077 5960
f 49 5590 5089
f 6120 4853 5322
f 5335 5522 6344
f 7084 5596 101
f 4335 6606 4992
f 5159 5373 4052
f 7193 4275 4940
f 5328 4940 3870
f 7210 5593 4284
f 7428 3931 3932
f 6117 4137 7245
f 6785 4257 5249
f 6038 4252 6061
f 6110 5216 6093
f 5529 5538 4376
f 6147 4237 5127
f 5100 4047 5513
f 4975 21 20
f 5220 4048 4897
f 7112 4974 6804
f 6536 4797 5372
f 5023 4149 6222
f 7104 4310 5438
f 6982 4038 5352
f 5183 5631 4792
f 7150 4116 6598
f 5817 5085 4214
f 5826 4988 7548
f 5489 5490 4414
f 5037 6395 6577
f 6672 5405 6140
f 5449 4183 4885
f 5161 4055 6298
f 4334 5273 6078
f 5880 4056 5293
f 5767 95 94
f 7363 4213 6923
f 6187 12 11
f 5657 4058 6523
f 6776 4187 6176
f 6567 4059 5435
f 6814 6815 5251
f 5246 4060 6252
f 5610 4430 5081
f 6009 4099 5194
f 7287 5796 5498
f 6934 4062 5541
f 6719 4005 5216
f 6519 4546 5461
f 7092 4269 5274
f 7554 4064 6247
f 6340 7286 5432
f 5952 4406 7393
f 5904 4085 5144
f 6746 4355 7151
f 7470 5125 5537
f 4712 7147 5595
f 4991 3923 3924
f 6464 4068 6289
f 7355 4713 5584
f 5958 4798 5654
f 5580 3978 6578
f 7399 7430 5775
f 5636 3959 7074
f 7379 7573 6016
f 6594 4010 5165
f 6109 4072 5155
f 5921 4477 5535
f 6538 5696 6342
f 6920 3977 5764
f 6711 5300 4183
f 5921 4053 5850
f 5555 6590 5922
f 5746 4160 6589
f 5812 4957 4359
f 5364 6910 104
f 7513 4378 4915
f 5901 4090 5839
f 6574 4365 5686
f 6941 4576 5427
f 6556 4527 6295
f 5845 5189 3971
f 7091 5314 4513
f 6739 4093 5622
f 6617 4173 6288
f 5563 4025 4856
f 6742 4082 5811
f 5690 173 174
f 5805 4083 5648
f 5647 4833 6848
f 6202 4138 5311
f 5719 4344 5289
f 7596 4820 5905
f 5456 7095 6065
f 7356 4311 5702
f 7281 6197 4129
f 5203 5539 6820
f 6478 6925 5476
f 4807 7481 6142
f 5731 6700 5223
f 6792 5883 4089
f 7379 4478 6015
f 6273 6438 5901
f 6788 4111 6077
f 5819 4091 5302
f 5859 4111 6788
f 6098 4276 5296
f 6343 3948 5428
f 4871 4093 5680
f 4883 5998 4371
f 7404 5888 4094
f 6206 5226 3913
f 5388 4603 6033
f 5029 6052 3917
f 6730 4634 5498
f 6775 4100 5469
f 6132 4285 5341
f 5385 6748 3876
f 7432 5588 7433
f 6391 4181 6334
f 5559 5560 4422
f 7348 4138 6032
f 5732 4694 5480
f 5156 4096 5801
f 7354 4101 5796
f 6842 3982 5701
f 6393 4102 5399
f 7086 4151 6385
f 5131 4103 5944
f 5933 4231 4972
f 5347 4394 5824
f 6409 4288 7109
f 5272 4105 6379
f 6477 5745 6228
f 5114 5713 4666
f 5334 4272 5849
f 6964 4107 5917
f 5771 4182 7138
f 5450 4108 6044
f 6553 4031 5289
f 5187 4109 5894
f 7093 5070 6921
f 70 69 5073
f 5884 4111 5859
f 4436 7228 5884
f 5041 4424 5839
f 4963 6049 6904
f 7462 4526 5240
f 5983 5678 4113
f 6731 3891 6091
f 4618 6275 5734
f 6307 4911 5532
f 5750 4474 6167
f 5750 3910 6072
f 5624 4936 4116
f 6282 5573 5052
f 7129 4221 5095
f 4687 5399 6493
f 7135 4118 5715
f 7081 4736 5113
f 6524 6336 4119
f 5833 5864 4537
f 5488 4120 5798
f 7339 4303 5876
f 6532 4424 5838
f 6339 66 65
f 5615 4122 7280
f 6703 4927 6127
f 7004 6154 4123
f 5849 7215 6803
f 5459 4124 5877
f 5074 179 180
f 6004 4125 5509
f 6961 4588 5947
f 6160 4223 5976
f 6455 5291 5423
f 6698 4602 6205
f 6027 6898 4840
f 7539 4386 5764
f 7019 4095 6033
f 6861 4348 5598
f 7221 3881 3882
f 5842 4680 5120
f 7230 4659 6496
f 6275 4131 5857
f 6483 3987 6530
f 5862 4586 5263
f 5652 4762 6632
f 5207 4133 5853
f 6426 4291 5170
f 7381 4134 4995
f 6756 4003 6316
f 7588 4135 5039
f 7233 5590 48
f 5994 4481 7452
f 5745 3996 6496
f 5668 6534 4951
f 5759 5129 4044
f 5467 4306 5004
f 7206 3946 5935
f 4876 7471 5631
f 6088 4445 6422
f 5400 5346 4140
f 5200 4300 6762
f 5758 4803 5060
f 6670 6857 4718
f 7442 4142 6066
f 6355 3949 6354
f 5501 4307 6232
f 5194 4435 6009
f 4431 6274 5990
f 7106 5558 7105
f 5055 4145 6322
f 5740 7067 6226
f 83 6074 6073
f 6898 4775 5514
f 6358 4147 5437
f 7160 3943 5627
f 7068 4148 5769
f 6694 4248 5108
f 5950 4149 5023
f 6245 3979 5065
f 7122 4462 6164
f 5869 4358 4860
f 6657 4151 7086
f 7583 6135 4218
f 5484 4196 6429
f 4753 5044 7136
f 7018 4153 5953
f 6435 4003 6756
f 5152 6264 6533
f 7385 6093 7384
f 59 6012 7037
f 5714 161 162
f 5451 5749 4887
f 5699 6333 4696
f 6832 4157 5507
f 5575 190 6868
f 7537 4158 6808
f 6139 4235 7252
f 6144 4404 5882
f 5157 5357 168
f 6589 4160 5239
f 7610 4072 5490
f 6196 4161 6079
f 7482 4567 6514
f 6866 5858 6026
f 4878 4567 5606
f 6646 5844 6978
f 7434 4338 5514
f 5808 4164 6438
f 5960 4077 7513
f 5651 4165 6201
f 5669 4341 4893
f 89 6952 7516
f 5488 4835 4120
f 6624 4167 5337
f 5823 3966 7396
f 6015 4168 7572
f 6806 4125 6004
f 6555 4657 6218
f 6838 3989 6281
f 7157 5078 4802
f 4502 6396 4900
f 4976 6248 7342
f 5361 6291 4682
f 4924 4172 6181
f 4922 4083 5536
f 5026 6584 7044
f 6286 4241 7070
f 6370 4174 5868
f 7488 4370 5988
f 7073 4175 6945
f 6039 4655 5774
f 6425 4176 5414
f 7461 5835 4476
f 7156 4177 6250
f 6740 4122 7128
f 7032 4178 5925
f 6634 5059 6761
f 5897 4875 5181
f 6673 4566 6654
f 6189 6597 5047
f 6517 5265 4953
f 6334 4812 6391
f 5333 7076 5756
f 6260 4755 6621
f 6449 3964 5254
f 5836 4569 5145
f 6661 4056 5963
f 6831 4966 5721
f 6331 7079 5123
f 7015 4185 5209
f 5887 4856 5184
f 5592 4186 6509
f 6143 4495 6080
f 6954 6955 4746
f 5657 6667 5257
f 6800 4188 5672
f 5945 4529 5536
f 6170 4189 6890
f 6131 6218 4657
f 5828 4749 6916
f 6829 7008 4694
f 6142 4191 6717
f 6491 14 6470
f 5234 4192 6534
f 6826 4282 5370
f 4615 6593 5919
f 5843 4819 5844
f 4698 5813 6473
f 7552 4377 5517
f 7065 4232 5098
f 5361 4136 6028
f 7358 4196 6536
f 6501 5470 5483
f 6774 6862 5021
f 5186 6730 5974
f 7202 4266 5309
f 5799 4399 5800
f 5039 4199 5211
f 5503 7364 42
f 7248 6679 5014
f 5700 6971 5002
f 6321 4201 7469
f 7153 4115 5343
f 54 6467 5695
f 5166 4189 6131
f 5143 4203 5381
f 6988 3904 3905
f 6782 6336 4493
f 6956 4404 6144
f 6226 4593 5740
f 5279 7380 5028
f 6309 4726 7249
f 7111 5261 5779
f 6752 4207 6188
f 7249 4206 5641
f 5146 4374 4947
f 7294 4825 6986
f 5964 5103 4209
f 5519 4316 4897
f 6064 4210 5160
f 6271 4471 5160
f 7316 4211 6549
f 6381 4836 7171
f 6364 4596 6363
f 6251 3977 5675
f 6923 4213 5725
f 7524 4544 4997
f 4980 6276 5683
f 5169 6058 6864
f 7294 4215 6499
f 6500 4209 5068
f 5243 4599 5121
f 7261 6185 36
f 6163 4590 6448
f 5635 3997 5709
f 5052 5550 6135
f 6590 4583 5417
f 5409 4219 6652
f 4999 7054 79
f 5789 4220 5105
f 4498 6389 5105
f 5807 5937 7129
f 5721 4184 6831
f 51 6770 6062
f 6958 5280 6106
f 6764 5020 5117
f 6244 7441 4828
f 6881 4662 6198
f 4923 3970 5422
f 5204 4225 6105
f 5545 3993 6513
f 6255 4226 5056
f 5549 65 64
f 4515 5766 7253
f 5242 4758 5115
f 6947 6949 4858
f 6299 4479 6300
f 7042 4327 5586
f 5208 4055 5319
f 7147 5570 6323
f 5959 4128 5150
f 6320 4231 4973
f 5377 6257 4972
f 6434 4485 5149
f 5429 4071 7573
f 7322 5178 4233
f 6296 4298 5394
f 6851 4997 4234
f 5480 3975 5732
f 4503 5743 5101
f 7033 3966 5540
f 5543 4236 7011
f 6446 4230 6332
f 5940 4302 4998
f 5267 4960 4194
f 7526 4850 5639
f 7526 5639 6535
f 6560 4239 5205
f 6891 4161 5071
f 5071 4533 5382
f 6463 4228 5161
f 6200 4852 7070
f 7044 4173 6617
f 5206 4242 6233
f 5339 98 97
f 4597 6745 5197
f 7441 4734 6456
f 5212 4244 7177
f 5948 4411 5023
f 6285 4245 7512
f 5737 4233 5179
f 7466 4791 7492
f 7128 4122 5615
f 6145 4369 5305
f 7302 4158 7537
f 7003 4598 6585
f 7424 4623 6624
f 5165 7072 6778
f 7465 4649 5871
f 6199 4677 5360
f 6346 4497 6642
f 5684 4395 5139
f 7473 177 6511
f 6399 4719 6038
f 6785 5576 4257
f 5324 4253 5217
f 7373 4062 5255
f 5784 4254 5167
f 7531 7384 4005
f 6450 5254 4255
f 5487 4058 5534
f 6208 4256 5111
f 6038 4930 6399
f 6790 4257 5576
f 6814 4258 6410
f 7562 4641 6895
f 5610 4422 5561
f 5062 6889 5061
f 5288 6952 88
f 4056 5471 5287
f 6757 4903 5585
f 6021 4261 5192
f 6201 4165 5097
f 6417 4464 5155
f 6304 4463 5154
f 6263 4433 6708
f 6113 4954 3936
f 4579 5867 5075
f 6840 7597 184
f 7010 4265 5431
f 5431 4079 7012
f 4721 7202 5309
f 6723 4009 5348
f 5456 4267 5175
f 6436 4523 5284
f 6008 4268 5310
f 6032 4613 6551
f 6706 4269 7092
f 5275 6732 5274
f 6573 4270 5100
f 4888 24 6858
f 5238 4271 7587
f 6821 26 5313
f 7216 4786 5849
f 7621 4081 5564
f 7013 4665 5663
f 6069 4284 5090
f 6743 4274 5331
f 5607 4478 6017
f 6006 4764 4918
f 7459 3869 3870
f 4539 7555 6098
f 5657 4970 6776
f 5775 4277 5317
f 6376 6239 7156
f 7375 5411 4278
f 6812 3967 5303
f 7309 4279 7085
f 5514 3983 6898
f 4880 5231 7374
f 7045 6129 4119
f 6063 4531 5551
f 5220 4897 5219
f 6827 6826 5370
f 5980 4408 5050
f 7579 5018 4283
f 5918 4405 6862
f 7243 4325 5595
f 7532 4541 5515
f 7101 4684 5855
f 4940 4275 5244
f 6116 5054 4286
f 5054 5104 4286
f 6565 6043 5396
f 6875 4824 6161
f 5497 4288 5277
f 7110 5814 6649
f 6215 4356 7400
f 5874 3936 6721
f 4857 4290 5403
f 7305 4687 6841
f 4076 6699 5363
f 5364 103 5170
f 5151 7477 7199
f 4986 6823 6884
f 5063 5062 4293
f 5962 5336 4431
f 6793 4642 5433
f 7029 4661 6662
f 5505 4295 7443
f 6459 6962 6690
f 5291 4296 5423
f 5600 4330 5746
f 7503 5376 4297
f 5356 4476 5836
f 6498 5050 4408
f 6296 5042 7485
f 5309 4568 5951
f 7041 4636 6668
f 6622 4715 6762
f 6732 4762 5274
f 7141 4301 5443
f 5442 4302 4936
f 4968 4998 7255
f 5949 4662 5258
f 5448 4303 7137
f 7242 3984 5585
f 3901 6048 6207
f 6859 4339 5553
f 6046 4305 4871
f 5620 4340 7581
f 6461 4306 5791
f 6432 4613 6032
f 6232 4307 7383
f 7310 4345 5649
f 5765 4308 6055
f 4978 6186 6935
f 5691 4626 6813
f 7315 4660 6496
f 5438 4310 4925
f 4884 4426 5968
f 6567 4467 6213
f 7000 4258 6895
f 7060 4312 4924
f 6856 4757 5766
f 5970 4313 5870
f 6868 190 191
f 5304 4314 5489
f 4160 6158 4862
f 7287 4315 6639
f 6036 5043 6861
f 6270 5222 6353
f 6805 4622 4974
f 7522 4317 6602
f 7409 4511 5215
f 7497 5462 5483
f 6418 4447 5407
f 4754 7377 5557
f 7439 4412 5904
f 5461 4320 7617
f 5961 7092 5464
f 7335 4321 4856
f 6737 4619 5563
f 6211 4322 5447
f 7014 4273 6324
f 6579 4323 5580
f 5482 6614 7455
f 5793 4914 4324
f 5516 5363 7208
f 5189 4712 5594
f 7559 5092 6576
f 7464 4326 5590
f 4873 6959 6960
f 5006 7042 5586
f 6943 5005 6754
f 5344 4637 6647
f 5480 7429 6595
f 4899 4329 5578
f 5878 4047 5100
f 6150 4881 5600
f 5599 4559 5785
f 6094 7149 5502
f 7132 41 6380
f 6711 4332 6302
f 6225 4589 5420
f 6359 4546 6518
f 6280 4724 5615
f 5893 4334 6078
f 6732 4140 6632
f 6899 4916 4992
f 5465 3903 4943
f 5960 4336 5920
f 6510 4425 6789
f 6769 5035 7235
f 5413 4282 7009
f 6869 4977 5629
f 4820 7085 5905
f 5351 4746 7139
f 5554 4969 5553
f 7581 4340 5622
f 7205 5739 5097
f 4893 4341 5633
f 5632 4692 6128
f 4877 4342 5526
f 5644 4878 5645
f 5381 4343 5143
f 4867 4041 5477
f 5387 4344 4942
f 7383 4307 5289
f 6044 4345 7310
f 4894 4165 5651
f 4816 7268 5572
f 6907 4376 5744
f 4832 4347 5647
f 7094 4381 5805
f 7332 4348 5597
f 5018 7579 3878
f 5692 4349 6610
f 5660 6236 5716
f 4927 5087 4008
f 7372 5179 4036
f 6394 4906 5380
f 6357 3884 3885
f 4946 4352 5422
f 6945 4656 6343
f 7027 5705 4353
f 7533 4907 6932
f 3908 6912 5530
f 7266 6836 4001
f 7493 5112 5436
f 6746 4428 5677
f 4752 6871 5183
f 6215 4017 4876
f 4966 4357 5721
f 7123 4720 7122
f 4860 4358 5723
f 6764 4483 6657
f 7447 4793 5752
f 5793 4324 5294
f 6034 4360 7145
f 5262 4562 5791
f 5726 4788 6712
f 6301 5260 7409
f 6682 4362 5491
f 5730 4363 5174
f 7590 4363 5697
f 6031 7577 4771
f 5224 5733 5731
f 6071 4329 5667
f 5982 4365 6124
f 6377 4180 6517
f 4068 6419 5582
f 5982 5137 4365
f 5718 4419 5264
f 5406 93 6433
f 6506 4535 5418
f 7217 4280 7357
f 7530 4369 7155
f 5108 4248 6407
f 7127 4174 6053
f 6065 4065 5456
f 6739 4883 4371
f 5105 3968 5790
f 5747 4372 5299
f 5360 7099 6834
f 6820 4373 5203
f 5362 4448 6047
f 7408 4374 5146
f 5397 4030 5292
f 5783 5571 4375
f 6264 4376 5538
f 5744 4376 5152
f 5538 4437 5134
f 7323 4377 5823
f 5822 7144 5517
f 5301 4378 5352
f 5493 3967 7108
f 5868 4174 7127
f 5352 4378 5494
f 7426 4837 6763
f 4023 7519 6046
f 5806 4381 5478
f 6736 4622 5945
f 101 5596 102
f 4767 6614 5271
f 5709 4383 6646
f 7349 4965 6554
f 4312 5391 5392
f 7431 4229 5208
f 6587 4385 4889
f 6957 4649 5340
f 6920 4386 4919
f 6001 4418 4859
f 6019 4387 6913
f 7119 85 6073
f 21 4975 5873
f 5878 5100 5879
f 5528 5082 4389
f 7392 4928 6460
f 6087 4863 5829
f 7219 7150 4717
f 6940 5711 5712
f 6068 6375 4605
f 5890 4392 5527
f 7423 4393 5964
f 6765 5103 5821
f 5820 5848 4826
f 5825 4394 4876
f 5824 4697 5347
f 7256 4395 5684
f 7602 175 6265
f 5182 6639 3982
f 6290 4496 6925
f 6833 4397 5754
f 5756 5854 4642
f 5816 4398 5267
f 5936 4237 4968
f 7180 4399 7371
f 5800 5154 5799
f 5404 4857 6783
f 7448 4683 7105
f 5173 4401 5787
f 5899 5218 5324
f 5685 6649 5813
f 5814 4959 5815
f 5987 5027 4403
f 5861 5965 4854
f 4880 4404 5881
f 6675 3974 5871
f 6484 4405 5172
f 7022 4700 5385
f 4967 4406 5953
f 6544 4003 5283
f 7201 5562 5965
f 5372 6279 4407
f 5601 4834 5980
f 6490 4643 5979
f 6932 4907 6792
f 7435 5809 4385
f 5016 6791 7125
f 5973 5022 5985
f 4797 6025 5948
f 4318 5462 5706
f 5905 4412 7596
f 7377 4319 5557
f 7240 5196 6648
f 5145 4569 6676
f 5489 4414 5190
f 5841 4737 5715
f 5772 4415 7605
f 6498 3969 5650
f 5956 4416 5348
f 5422 3970 4946
f 7386 5991 5992
f 4417 7271 5847
f 5118 5999 6000
f 6111 4736 7082
f 95 5264 96
f 6661 5471 4056
f 5922 5116 4420
f 7583 4558 5656
f 5518 4946 4421
f 5445 4302 5940
f 5250 7000 5524
f 6879 4475 6011
f 7576 4423 6004
f 6937 4012 6939
f 7613 4624 5839
f 5041 6510 4668
f 5753 4962 4425
f 5860 4701 5859
f 7175 4884 5968
f 6671 4244 5212
f 6602 4427 5259
f 6356 4 6006
f 6973 4428 5666
f 5002 5681 6349
f 7051 5136 5500
f 6074 82 6205
f 7387 4460 5081
f 5561 5560 4099
f 5962 4431 5989
f 7564 3947 5403
f 5973 6791 5801
f 5803 4613 5802
f 6701 4981 5925
f 7015 6707 4185
f 7071 4434 5307
f 6660 6669 7154
f 6475 6879 5194
f 6034 5625 4360
f 6229 4436 5533
f 5270 6644 6825
f 7224 4719 6399
f 6092 4438 5134
f 5971 4438 7385
f 6110 4253 5216
f 6107 5187 4439
f 5894 4691 5716
f 7246 4817 5942
f 5942 5141 5943
f 6552 4441 5576
f 6136 5252 6790
f 4944 4442 5741
f 5630 61 6114
f 6905 4443 5497
f 5101 4235 6139
f 3931 5237 7388
f 4273 7014 7229
f 6422 4445 6087
f 6666 6088 4831
f 6164 6165 5866
f 5060 4141 6099
f 6014 4447 5093
f 5454 4462 5407
f 5327 4989 4448
f 5974 4410 5186
f 6842 5457 4449
f 7354 5727 4101
f 7163 4450 6100
f 7192 4018 7016
f 6284 6802 5239
f 7551 5355 5376
f 5378 5008 6018
f 6253 3982 6639
f 6611 4453 5140
f 6042 6552 5576
f 7495 4454 6066
f 7458 4780 5283
f 6995 4455 5510
f 5967 4426 5212
f 6022 4456 6021
f 3976 5386 5387
f 6120 4457 7164
f 4362 5280 5542
f 6083 4458 5336
f 7189 3983 7376
f 5359 4459 5481
f 6169 6561 5076
f 5804 5358 4460
f 5081 4430 5792
f 7366 5440 6095
f 5637 44 7364
f 7123 7122 6164
f 4051 6909 6013
f 6158 4463 4862
f 6304 4262 5155
f 5155 4464 6109
f 5977 5034 4094
f 7209 4465 5374
f 6222 5486 5316
f 6238 4466 6177
f 6237 6300 4932
f 6977 4575 6213
f 6213 4059 6567
f 6850 4468 6208
f 6834 4250 5241
f 6696 4469 5888
f 3994 6312 4935
f 5373 4686 6056
f 6859 5553 6057
f 5222 4471 5068
f 5160 4531 6064
f 6020 4473 5031
f 7445 5332 4908
f 5102 4473 6269
f 6272 5031 4473
f 3911 4912 6072
f 6167 4115 5531
f 7187 4475 5559
f 6980 3976 6034
f 7461 4476 5837
f 5356 4297 5355
f 7314 5414 6209
f 6390 7034 5535
f 6016 4996 4478
f 6017 5329 5607
f 6300 4479 4932
f 5616 4334 5024
f 6462 4480 5208
f 7518 4858 7133
f 4931 4481 5995
f 5509 4125 6231
f 6314 4482 5163
f 6312 5032 6313
f 7606 5065 6051
f 6100 4450 5276
f 5531 6308 6307
f 7056 4114 4904
f 6325 4485 6434
f 6326 7250 5659
f 6315 4486 6331
f 6316 7319 6525
f 7258 4487 6140
f 6931 4431 5990
f 6950 5458 7478
f 7548 3895 3896
f 5293 5287 4489
f 5286 3984 6096
f 5447 4490 6211
f 6492 106 5941
f 5133 5963 6233
f 4332 5038 5608
f 7070 5552 6286
f 6288 4710 7057
f 6524 4493 6336
f 6471 4799 6486
f 5356 5902 7608
f 5640 7578 6586
f 7257 5908 4821
f 7064 4351 6103
f 6615 4496 5592
f 7418 4821 5908
f 5218 4497 6041
f 5241 4250 6346
f 6388 4498 5105
f 7535 5015 5537
f 6190 4499 5181
f 6709 4180 5427
f 7407 4833 7410
f 6246 4872 6248
f 7060 4924 6180
f 6181 6848 5084
f 5886 4502 4900
f 5192 4261 6397
f 5108 4503 6406
f 5742 4035 6445
f 5191 4504 5739
f 5148 4031 4895
f 6054 4505 5609
f 6258 15 4945
f 5167 4506 6217
f 5168 4005 6403
f 5254 6402 6401
f 6919 4187 6776
f 6404 5487 4508
f 5534 4506 5623
f 5185 4799 7298
f 6162 5892 5083
f 7504 4510 6077
f 6789 4425 5859
f 8 5215 6371
f 5828 4929 4749
f 6412 4512 5252
f 6011 4475 7187
f 7151 4355 7493
f 7091 27 5314
f 7412 4514 6458
f 6535 4238 7526
f 4832 5312 4013
f 4312 5392 5694
f 4799 5185 5628
f 7620 4678 5603
f 6609 4517 5285
f 6540 92 91
f 5253 4518 5570
f 6447 5118 4518
f 6030 4519 5339
f 5853 4769 5761
f 5435 4520 5702
f 6816 4256 5383
f 5317 4521 6155
f 7492 4246 7063
f 6367 5175 4522
f 6365 5284 6366
f 6613 4523 4995
f 5284 4267 6436
f 5254 4524 6449
f 5817 4214 7487
f 6860 5541 4525
f 6865 4255 5256
f 6415 4526 5523
f 6149 5085 6466
f 6575 4798 6294
f 6556 5715 4118
f 6132 4528 6383
f 6454 3874 5997
f 5946 6751 4529
f 7411 3990 6246
f 5944 4530 5536
f 5377 4231 6320
f 7472 4531 5220
f 4210 6271 5160
f 5095 4532 6085
f 5723 4358 5088
f 7207 5382 6440
f 6441 5730 5174
f 6830 4553 6487
f 6782 4493 6337
f 172 5419 7600
f 172 173 5419
f 179 5074 5655
f 6686 4587 6348
f 163 5233 6681
f 5832 4534 6487
f 6262 4538 5453
f 6431 6001 7080
f 5127 4539 6520
f 6521 5126 6522
f 5296 4540 6141
f 5460 4705 7020
f 6332 4541 7134
f 3925 3926 5515
f 7294 4542 6373
f 6500 5068 4542
f 6547 6223 4543
f 5526 4342 5400
f 6917 4749 7313
f 6845 5802 6204
f 5452 4545 6549
f 6291 4000 6569
f 5107 5692 4063
f 6518 5614 6359
f 6561 4547 5076
f 5205 4549 6419
f 5907 4548 5132
f 6214 4366 5583
f 6464 6735 4068
f 5322 4853 7179
f 6091 5058 5641
f 6633 4113 6125
f 6126 4551 5678
f 3889 3890 5350
f 7034 4552 5535
f 5837 4053 5535
f 4119 5832 5833
f 4534 6486 6487
f 5294 5335 4265
f 5482 4323 5064
f 6345 5064 6577
f 6578 6225 5420
f 6425 4556 6395
f 6294 4527 5506
f 7155 4557 5479
f 7220 3954 7002
f 7454 5656 6385
f 6386 5923 5147
f 7272 4559 5599
f 7514 4751 5799
f 6191 6479 4499
f 6247 4500 6248
f 5786 4930 6427
f 6061 5140 4561
f 5467 5791 4306
f 5578 4329 5474
f 6810 4563 5302
f 6066 4454 7231
f 7288 4564 6391
f 6629 5687 5137
f 6362 4565 5204
f 6891 6079 4161
f 5204 4566 6653
f 6654 5072 6948
f 7482 6513 4567
f 7589 4814 5211
f 5408 5951 6539
f 5428 4742 6343
f 5608 5038 6677
f 6933 5449 4413
f 5680 4570 6349
f 5790 3968 5700
f 6124 4688 5982
f 6124 4365 6574
f 5346 4572 6516
f 7326 5176 6023
f 6566 4573 5429
f 6503 5397 6043
f 6901 4574 6702
f 5521 4316 6568
f 6050 4582 4963
f 6835 4644 6637
f 5687 4576 5686
f 7344 4560 7343
f 6852 5854 4577
f 6941 5686 4576
f 6776 4578 5657
f 5297 4276 6667
f 6166 5272 4579
f 5735 4660 6781
f 6924 6478 6867
f 6588 6212 4467
f 6183 4581 5359
f 6106 5280 4362
f 6787 5983 4582
f 4582 5852 5299
f 6997 4583 5555
f 7542 5834 4559
f 5306 4584 6744
f 4082 5688 5811
f 6741 4585 6874
f 6635 4870 6507
f 6151 4586 6185
f 5862 4715 5546
f 6939 4587 6081
f 6720 5248 4536
f 5877 4588 5459
f 6813 4626 5707
f 4552 5674 6115
f 7017 7264 5420
f 71 5441 72
f 7026 6638 5315
f 70 6178 71
f 6328 5028 6327
f 5315 4592 6645
f 6638 6076 7504
f 67 6452 68
f 7067 4778 5279
f 5295 4594 6753
f 6571 6395 5654
f 6837 4595 5543
f 7031 6447 5253
f 6363 4596 5150
f 5453 4538 5959
f 5405 4597 6759
f 6758 5013 5966
f 6715 4598 5668
f 5234 7002 7069
f 7087 5717 6678
f 7415 4066 6974
f 5103 6765 6766
f 6849 4316 5519
f 7120 4601 5396
f 6778 5228 6777
f 5124 6697 6175
f 6697 7204 4602
f 3916 6052 6421
f 6319 5030 7019
f 7425 4604 6033
f 7469 4912 6854
f 5863 4605 6314
f 5993 5888 4469
f 7570 5760 6664
f 6927 4609 5725
f 12 5201 13
f 6505 4941 6717
f 6787 5592 4608
f 6509 6126 5678
f 6665 5511 6927
f 5511 6883 4609
f 6978 4610 6646
f 6645 4592 5635
f 4708 5470 5872
f 6501 5484 4611
f 6718 4612 5549
f 6322 4593 5367
f 5004 6432 6032
f 5802 4432 5803
f 6595 4614 5480
f 7174 4306 5468
f 6882 4615 5819
f 6819 4648 6229
f 5302 6863 6811
f 6596 4436 5884
f 5734 4617 5682
f 6102 4756 5298
f 7056 4618 5734
f 5696 5774 4618
f 4709 5619 6442
f 5769 4369 5033
f 5849 4620 5334
f 6803 4673 6584
f 7360 4874 5268
f 6650 5588 6755
f 4974 4622 6804
f 5946 4529 5945
f 5743 5742 4623
f 5572 4346 5180
f 7607 6273 6599
f 7613 4424 6532
f 6814 5676 4625
f 6581 4561 5140
f 5074 5691 4309
f 6767 182 5512
f 5711 6251 4391
f 5675 4464 5067
f 7162 4628 5890
f 6608 4826 5848
f 6489 4629 5598
f 6926 5499 6036
f 6488 4630 5515
f 5092 4067 5777
f 74 5077 6090
f 6683 4610 5525
f 77 6369 78
f 7558 4819 5409
f 6940 4633 5711
f 6627 5763 7539
f 5172 4634 6728
f 5499 4315 5498
f 7269 4951 6827
f 7186 4855 6443
f 5896 7041 6668
f 5401 4299 5320
f 7550 4637 6054
f 4328 4975 5344
f 6133 4638 5870
f 5642 4707 5575
f 5354 4639 6640
f 7578 4828 7441
f 4801 5695 6182
f 54 53 6467
f 6893 5246 6894
f 6895 4987 7000
f 5433 4642 6852
f 7520 4078 6941
f 6261 4643 6443
f 5979 4408 6490
f 6240 4575 6835
f 7099 4677 5523
f 6531 4645 6221
f 6528 6170 6890
f 6011 6877 6879
f 6171 5290 4344
f 6002 7483 6938
f 6939 6348 4587
f 6819 5919 4648
f 4193 5326 6983
f 5871 4649 6675
f 6957 5883 6956
f 6580 4650 6333
f 7501 5115 6502
f 6708 4651 5780
f 6428 4664 5699
f 5117 4652 6493
f 5976 4733 6456
f 6679 5243 6975
f 6974 5677 6973
f 6969 4654 5956
f 6135 4921 7584
f 6538 5428 3948
f 6035 4705 5875
f 5010 6338 4175
f 6007 4655 6039
f 196 6221 5909
f 6218 4882 5907
f 6485 4658 5605
f 4169 5132 5970
f 6662 5195 4105
f 6228 7241 6476
f 7048 4660 7315
f 7315 3996 5947
f 6662 4661 5195
f 6823 4986 5689
f 7289 4662 5573
f 6881 4923 4224
f 5672 4663 6800
f 6428 4696 7089
f 6749 4664 5749
f 6527 4106 5699
f 6659 4665 5577
f 6324 4763 5663
f 5806 5478 6557
f 7501 4227 5115
f 165 5795 6727
f 5703 4119 6129
f 6075 4668 6788
f 5840 4424 5041
f 5063 6224 6616
f 6351 4902 6278
f 160 5729 159
f 6173 4910 7612
f 7011 4671 5543
f 6753 4594 5431
f 6771 4672 7072
f 7116 4089 6957
f 5658 4673 6803
f 7474 5626 5782
f 6906 5671 4674
f 4167 5180 5342
f 5589 4675 6990
f 6106 4362 5053
f 5323 5636 4321
f 7275 4758 5698
f 6168 4677 6199
f 7100 6415 5523
f 5838 4678 6896
f 6726 4778 5603
f 6649 4679 7110
f 7251 4732 5540
f 5120 4680 6839
f 5842 4626 5512
f 5086 5236 4247
f 7463 4856 4025
f 5890 5527 6569
f 7346 4481 5994
f 5566 4683 7448
f 5557 4319 7106
f 5398 4684 6774
f 4286 4849 5855
f 5824 6472 4104
f 5278 4288 6409
f 6010 4686 6266
f 4041 5351 6060
f 6963 5399 4687
f 6841 4004 5966
f 3989 5583 6123
f 5584 4181 5982
f 5507 4689 6832
f 6281 4571 5333
f 7452 4690 5235
f 7576 6003 4423
f 5716 4691 5661
f 7322 4233 5188
f 5773 4692 7093
f 4109 5187 6128
f 6378 4693 5643
f 7478 4052 6950
f 7557 4694 5732
f 7481 4901 6142
f 5990 4695 6931
f 6360 4683 5566
f 6428 5699 4696
f 7090 6502 6993
f 7476 5347 7140
f 7142 4698 5444
f 7141 5738 7142
f 6473 4402 5815
f 5363 4699 6936
f 7161 106 105
f 4917 5390 4283
f 5997 3874 3875
f 6812 7336 5860
f 7336 5533 6596
f 6308 7153 4484
f 6668 4434 5896
f 3909 5750 6912
f 4474 5895 6167
f 6583 4704 5917
f 6141 4540 5210
f 5875 4705 6482
f 7020 5210 5460
f 5348 4706 6723
f 4175 6872 6945
f 5574 4707 5642
f 6962 5389 187
f 5470 4708 5724
f 6761 5059 4263
f 6628 5026 6618
f 7058 3954 7220
f 6617 6288 7057
f 6288 4492 6287
f 7226 4711 5891
f 6384 3937 5891
f 5594 4712 7148
f 6323 4518 6446
f 5584 4713 6334
f 7419 3956 5369
f 6769 4714 5501
f 7235 5601 7236
f 37 5546 38
f 7334 5200 6762
f 5539 6824 6924
f 5665 4086 6290
f 5831 4717 6282
f 7150 6598 7289
f 6670 4718 5830
f 5443 4301 5624
f 7224 5308 7239
f 7239 5943 4719
f 7123 5627 4720
f 6222 4465 5023
f 7203 4721 5309
f 4198 4993 5430
f 7351 4722 7193
f 7194 5245 7193
f 6768 4723 6740
f 6250 4177 5893
f 5615 4724 7128
f 7475 5153 5188
f 7328 4725 7280
f 7546 4333 5615
f 7249 4726 6350
f 5900 3895 7548
f 5798 4727 5488
f 5876 4885 3984
f 4979 5693 4120
f 7259 5448 4728
f 6310 4729 6928
f 4147 6358 5748
f 6806 6885 4125
f 6081 6687 7167
f 6476 4731 6228
f 6508 4730 5459
f 5497 4732 7251
f 7396 4809 5823
f 7226 5891 7198
f 3937 5116 5291
f 6918 4734 6244
f 4733 6455 6456
f 7311 4735 6553
f 6044 5050 4345
f 5567 5113 4736
f 5762 4386 7082
f 6497 4919 7135
f 5715 4414 5841
f 5169 4738 6950
f 7534 4002 5261
f 34 5992 7261
f 7260 5847 6929
f 5986 4740 6533
f 7300 5784 7299
f 7614 4741 5745
f 6549 4545 6028
f 6724 4742 5428
f 4706 6722 7073
f 7166 4743 5850
f 6802 5304 4743
f 7178 4744 5931
f 6079 7164 6196
f 6922 3972 7263
f 7263 6177 6376
f 5351 4867 7138
f 6955 4866 6176
f 7344 4747 6517
f 7343 4976 7342
f 7427 4748 5648
f 6220 4666 5478
f 7340 5066 5828
f 7313 4609 6414
f 5571 4750 6987
f 5822 4377 5671
f 7514 5834 4751
f 7370 5368 7371
f 6870 4752 5183
f 7234 4753 5911
f 7368 4753 5874
f 5724 4708 5044
f 6082 4754 5557
f 7377 5421 4319
f 4705 6481 6482
f 6483 4866 6620
f 4617 5857 6102
f 4755 6620 6621
f 5766 4757 7005
f 6155 4521 6965
f 5115 4758 7275
f 4123 5225 5504
f 5212 4759 6604
f 7043 4465 5316
f 6194 4760 5937
f 4995 4523 6435
f 5862 5263 4132
f 7248 4599 6679
f 6632 5051 5652
f 7087 3988 5274
f 5237 5410 4273
f 3933 3934 5906
f 3868 5244 6626
f 6329 5245 4427
f 6526 4765 6037
f 5939 4710 7058
f 6796 4766 6795
f 5729 160 7225
f 5673 7391 7390
f 7455 4323 5482
f 5580 4768 7420
f 7421 5579 4768
f 5673 4769 5853
f 7084 101 100
f 4629 6489 6625
f 6197 4452 6253
f 7486 4771 5653
f 6031 5049 4039
f 7399 4772 7430
f 6462 5006 7367
f 6437 4773 7403
f 5558 4319 6794
f 7270 5473 6368
f 7025 5808 4774
f 5124 5581 4127
f 7434 5514 4775
f 6130 4776 7204
f 6074 83 82
f 5755 4777 5754
f 4295 6459 5574
f 5603 4778 5740
f 5279 5028 4205
f 6104 6976 4190
f 11 10 6024
f 5952 4780 7457
f 7393 4934 6544
f 3881 6174 3880
f 7541 5598 7332
f 5938 4782 6194
f 6930 4695 5566
f 6564 4783 5565
f 7345 6115 4589
f 6227 4784 7482
f 7480 6440 5545
f 7300 5986 6570
f 5971 5134 4438
f 7216 5225 4786
f 7215 4927 4008
f 6119 4952 7218
f 5953 4406 5952
f 5365 6712 4057
f 5726 3973 5384
f 6430 4789 6005
f 4370 5510 5988
f 4914 5516 4324
f 7450 5271 4040
f 6153 4791 6154
f 6922 4723 5955
f 7237 4792 6014
f 6909 4051 5454
f 6210 4793 6211
f 5770 4957 4043
f 6768 6740 4794
f 6740 6374 4122
f 6638 4795 6825
f 6077 4111 6203
f 6504 4796 5947
f 4130 6781 7048
f 6025 4797 5484
f 7358 4407 5562
f 5654 4798 6575
f 5190 4414 6295
f 6162 7298 6471
f 4509 6134 6303
f 7499 4800 6053
f 5547 4370 7097
f 7525 4801 6249
f 6942 4864 5670
f 4899 5667 4329
f 7157 6853 5513
f 7183 4803 5758
f 7182 6088 6422
f 6807 4804 5282
f 5277 4288 5278
f 4804 6807 6808
f 7368 5911 4753
f 5094 7303 6600
f 6137 4443 6138
f 4941 6716 6717
f 5496 7524 4997
f 7126 4808 6982
f 6053 4800 5036
f 5337 4809 5446
f 7553 5671 7323
f 6000 4810 6902
f 7549 6262 6193
f 6101 4811 7454
f 6099 4141 4842
f 7288 4812 6362
f 6334 4713 5369
f 7464 4813 5653
f 6903 46 5440
f 6408 4814 7589
f 4363 6031 5697
f 6610 5556 4815
f 6518 4546 6519
f 7337 4951 7269
f 7268 4818 5810
f 5349 4818 6117
f 5759 4282 5129
f 5810 4818 7352
f 7268 4816 7267
f 5844 4819 7558
f 7247 4977 5898
f 6869 5629 4338
f 7085 4965 7309
f 6080 4821 6143
f 3886 3887 5908
f 6112 4822 5622
f 5466 3953 5620
f 5913 4823 7594
f 3938 6769 5501
f 5818 5292 6875
f 6985 5011 6984
f 6269 5009 7528
f 4824 6984 6986
f 4628 6607 6608
f 7158 5131 4393
f 7028 4827 6659
f 6691 4444 5237
f 7265 4828 5640
f 6918 4004 5981
f 7173 5510 4829
f 6118 4065 6065
f 5776 5347 4830
f 7476 6089 6666
f 7238 4831 4792
f 6636 4830 6666
f 4924 5591 4172
f 4013 5646 4832
f 7407 5084 4833
f 5647 4347 5164
f 5544 4834 7414
f 6822 6443 4643
f 7563 6817 4835
f 5962 5989 4835
f 7171 4836 6465
f 6453 4986 6884
f 6763 4837 5679
f 7587 6341 4928
f 7327 4838 6083
f 6097 5500 4146
f 7188 4839 6027
f 7317 4776 6130
f 6084 4840 6780
f 7188 6705 4839
f 5842 5120 4130
f 6379 4105 5735
f 6688 4842 7192
f 5829 4390 4842
f 4784 6227 7479
f 6026 4877 6866
f 7412 4844 7599
f 5920 4890 6438
f 6951 5169 7487
f 6057 3964 6449
f 6055 4846 5765
f 6002 4423 6003
f 7574 6055 7572
f 5429 4573 6565
f 6938 4848 6937
f 5330 4274 5306
f 6383 4849 6132
f 7618 5104 4285
f 5146 5846 4238
f 7527 5494 4077
f 7453 4851 5903
f 7212 31 5424
f 5552 4852 7069
f 7186 4021 5371
f 7179 4853 6079
f 3956 6563 5322
f 5861 4854 4403
f 5748 4729 7292
f 7070 4855 6200
f 7070 6261 4855
f 7335 4856 5887
f 4321 5563 4856
f 5938 4857 3947
f 4400 5807 6783
f 5072 6947 6948
f 7133 4228 7518
f 5999 4859 4418
f 7082 4386 5763
f 5856 4860 4033
f 5869 4913 4358
f 4563 7442 6882
f 4454 6067 7231
f 6284 4862 4314
f 4463 6157 4862
f 5829 4863 6670
f 6089 3952 6857
f 5670 4864 200
f 6528 4459 6170
f 7485 7078 4865
f 7077 6288 4173
f 6620 4866 6954
f 6530 4578 6176
f 5298 5771 4343
f 7138 4746 5351
f 6592 6997 4009
f 7507 4218 6968
f 6839 5281 7330
f 7083 187 5389
f 6635 5402 4870
f 5757 4368 6725
f 5679 4871 4380
f 7582 4822 6112
f 6248 4872 7172
f 5377 4972 4231
f 6770 4873 6062
f 4675 6958 6959
f 7397 5268 4874
f 6179 4064 6191
f 7432 4875 6392
f 4179 6190 5181
f 5825 4876 4017
f 4394 5776 7471
f 6866 4877 5526
f 4162 5644 4877
f 6514 4878 5644
f 5606 4199 5040
f 5882 4879 6144
f 4159 5402 4879
f 5882 4880 4159
f 4015 5231 4880
f 5116 5568 4296
f 4075 5599 4881
f 5076 5412 4189
f 6289 5582 4548
f 5788 6739 4371
f 4340 5621 4883
f 5437 4884 4310
f 5969 4426 4884
f 5449 4885 4303
f 5300 4489 6096
f 7543 5795 4886
f 166 167 6734
f 7038 5451 4651
f 4156 7335 5887
f 6341 4888 6460
f 7561 24 4888
f 6587 4889 7607
f 6438 4890 5901
f 7599 5920 4164
f 4336 5611 4890
f 5785 4891 4330
f 6159 4463 6158
f 5600 4892 4024
f 4330 4891 5746
f 5621 4893 4032
f 4165 4894 5669
f 5650 4894 4345
f 5632 4341 5669
f 6689 5148 4504
f 5649 4345 5651
f 7591 4896 7398
f 4613 5803 6551
f 5519 4897 4048
f 4316 5521 4897
f 7307 5472 4898
f 5925 4433 4898
f 6398 4899 4084
f 5667 4802 6071
f 7052 4900 5466
f 4170 4899 5886
f 5609 4901 6829
f 4807 6851 7481
f 5285 4902 4166
f 4517 6433 6540
f 7291 4903 5889
f 5585 4727 7242
f 6669 5320 4114
f 4904 6539 6342
f 7268 5810 4346
f 3960 5529 6979
f 5380 4906 6103
f 6174 3881 7221
f 5892 5025 6932
f 5881 4404 5883
f 5332 4925 6370
f 5868 4808 5135
f 5893 4909 6250
f 7279 4725 7328
f 6760 4910 6830
f 4442 5045 6173
f 5532 4911 4203
f 6306 4001 6836
f 5307 4912 4201
f 6072 3910 3911
f 5866 4913 5869
f 7369 5758 3979
f 7447 5752 4359
f 5516 4790 7451
f 7513 4915 5960
f 7108 3967 5860
f 3902 6048 3901
f 7053 4041 6060
f 6318 4917 4283
f 5978 5172 4405
f 6799 4918 4764
f 4427 5768 6356
f 5762 4919 4386
f 6497 4464 6108
f 6367 5269 7321
f 5326 7349 5843
f 5656 4921 7583
f 5550 4224 5930
f 5914 4922 4530
f 4347 5648 4922
f 5930 4923 7213
f 6881 5573 4662
f 6180 4924 4501
f 5591 4832 4172
f 5438 4925 4050
f 4310 5345 4925
f 5502 4926 7113
f 7149 5637 4926
f 7215 6127 4927
f 7512 4245 4927
f 7615 4928 7392
f 6341 5313 4888
f 7361 4929 4057
f 7361 4788 7363
f 6061 4930 6038
f 6427 5787 4401
f 5149 4931 4195
f 7065 5098 4931
f 6237 4932 6239
f 4479 5024 4932
f 7555 4933 6098
f 6684 5534 4058
f 5954 4934 7393
f 4184 6317 6525
f 5751 4935 4469
f 6601 4605 7494
f 5444 5442 4936
f 4302 5258 4936
f 7191 4937 5327
f 6070 5561 4099
f 5634 6980 7567
f 7145 5467 4138
f 4989 5935 4448
f 3946 5803 5016
f 3870 4940 7459
f 7351 7193 4940
f 6716 4941 6917
f 6505 4607 6104
f 6021 4942 4261
f 4456 5387 4942
f 5465 4943 6444
f 5736 6988 5000
f 6718 5549 6582
f 63 62 6121
f 6258 4945 6259
f 15 14 6491
f 5445 6981 3970
f 6623 5127 4092
f 5618 5846 7039
f 4374 5292 5818
f 6063 5551 7201
f 4611 6643 5872
f 7244 4949 6541
f 7307 4898 4026
f 5054 4950 7523
f 5365 4057 5260
f 7353 5668 7337
f 4192 6828 4951
f 7218 4952 7018
f 5968 4426 5967
f 5432 4953 3957
f 4577 5427 6377
f 6693 4954 4185
f 6059 4247 5236
f 5408 6696 4073
f 7404 4094 5034
f 5732 4956 7130
f 7500 5474 4329
f 5455 5770 4043
f 4359 5366 5812
f 6256 4958 6713
f 7620 5603 7603
f 5815 4959 4194
f 3966 5823 4959
f 6474 6473 4960
f 5815 4194 4960
f 6062 4961 52
f 5915 4581 6183
f 5972 4962 4336
f 7108 5860 4962
f 6212 4963 6977
f 6904 4112 5794
f 6231 4964 6477
f 5459 4588 6961
f 7309 4965 4920
f 7085 4820 6554
f 4967 6234 6831
f 7160 5627 4966
f 6604 6234 4967
f 6831 5954 4967
f 4960 5267 6172
f 5936 5126 4237
f 6402 4969 4507
f 5553 4339 5554
f 6523 4970 5657
f 4507 4969 6919
f 6967 7418 4186
f 7490 3888 5797
f 6880 4972 6257
f 6714 6607 4628
f 7172 4973 7171
f 5416 4292 6381
f 7112 6568 4974
f 4316 5520 4974
f 5492 4975 4328
f 5873 22 21
f 4560 7554 7343
f 6248 4171 7342
f 5409 5898 4219
f 5629 4820 6045
f 5765 6413 4308
f 7295 5011 6186
f 6994 4979 5475
f 5989 4431 6931
f 5683 4990 6184
f 5779 4372 5747
f 5926 4981 7511
f 4433 5925 4981
f 7132 4982 7508
f 7509 5176 4982
f 6616 5288 4259
f 87 86 5548
f 5655 5074 4984
f 6504 4588 5877
f 5885 7196 3997
f 6966 4193 6983
f 7199 7159 4292
f 4211 5195 5689
f 6895 6252 4987
f 7278 5559 4422
f 6752 4988 5826
f 6188 4726 5900
f 5362 5327 4448
f 7398 4896 7206
f 6951 4990 4738
f 6149 4526 6415
f 5934 4991 3924
f 6902 4810 6040
f 6855 4992 4916
f 6606 5143 5477
f 4266 5430 6405
f 4198 6591 4993
f 7293 4994 6434
f 4392 5848 4994
f 7381 4995 4760
f 7402 4773 6613
f 7465 5871 4996
f 3974 6017 4996
f 6851 5496 4997
f 4544 6204 4997
f 5442 4998 4302
f 4968 4237 4998
f 6175 4999 4219
f 7054 6698 80
f 3906 5000 3905
f 4354 5532 5000
f 7341 5001 6801
f 7040 5378 4495
f 6786 5002 6971
f 6349 4380 5680
f 6317 5003 4486
f 4357 5662 5856
f 5467 5004 4138
f 4306 5469 5004
f 5391 6674 4384
f 6674 6754 5005
f 7367 5006 5586
f 4229 5587 7042
f 22 6469 23
f 4388 5879 5007
f 5664 7036 4396
f 6018 4351 5378
f 6161 5009 7440
f 7528 3992 6269
f 5930 7213 4416
f 6338 5128 6872
f 6186 5011 6985
f 6326 4485 6325
f 6326 5012 6499
f 7436 5069 4542
f 5404 5013 4290
f 6841 6695 4004
f 7616 5014 6679
f 7617 5464 5014
f 5014 7616 7617
f 7535 4498 6387
f 3946 5016 4939
f 5801 4096 5973
f 6744 5017 6348
f 5017 7256 5684
f 6861 5984 4348
f 4283 5385 7579
f 7046 6843 4061
f 4373 5569 6953
f 5117 5020 4223
f 6657 5276 4151
f 7510 5760 5021
f 6862 4684 7101
f 5760 5022 4606
f 4197 5186 5985
f 6680 5023 4465
f 4411 5950 5023
f 4932 5024 4177
f 6297 3958 5616
f 6337 5025 5892
f 6537 5705 4015
f 6618 5026 6617
f 6584 4673 7044
f 5861 5027 3961
f 5987 5438 4050
f 6327 5028 6076
f 4205 7067 5279
f 6319 6052 5029
f 3917 3918 6364
f 5712 5030 4212
f 4391 5863 5030
f 6020 5031 4050
f 4210 5027 5031
f 6313 5032 4201
f 3994 5896 5032
f 6738 5033 6145
f 4619 5619 7068
f 5800 5034 7050
f 4399 7180 7404
f 6136 5035 6769
f 6655 5129 5413
f 7169 5036 6430
f 7097 4370 5036
f 6395 5037 6425
f 7017 4589 5674
f 6676 5038 4183
f 6677 4074 5608
f 6095 5039 4135
f 4461 6094 5039
f 5502 5040 4199
f 6704 5176 7326
f 5753 6510 4090
f 7007 6075 3995
f 7077 7078 4492
f 4036 5393 6296
f 4917 6318 4034
f 5984 5018 4348
f 7234 5724 4753
f 6761 4263 6630
f 6796 5045 4670
f 5630 62 61
f 6485 7575 4658
f 6219 195 5909
f 5687 6542 4576
f 6597 4499 6479
f 6303 5048 4121
f 6599 3955 7607
f 7446 5049 6196
f 7577 5589 7484
f 5980 5050 4108
f 4408 5485 6498
f 6784 5200 5051
f 5652 4761 7087
f 7584 5052 6135
f 6282 4717 5573
f 6545 5053 6216
f 6944 5915 4222
f 5104 5054 4042
f 4286 5398 6116
f 6255 5055 4226
f 6713 7603 5055
f 7413 5056 6760
f 7612 4442 6173
f 5641 5057 4550
f 4206 7111 5779
f 5057 5641 4206
f 3892 3893 5058
f 4898 5059 4026
f 4898 4433 5059
f 7163 5060 4450
f 4803 7184 5060
f 5062 5061 4016
f 6019 4983 4387
f 6817 5062 4016
f 7547 4903 6809
f 6224 5063 6809
f 6889 5062 5063
f 6577 5064 6579
f 4554 5482 5064
f 4913 6245 4358
f 3979 6051 5065
f 6992 5066 7340
f 4057 4929 5066
f 7050 5977 5067
f 5675 3977 6108
f 5222 5068 4209
f 6268 3992 5068
f 5012 7436 4542
f 4037 5820 7423
f 6921 5070 4298
f 4692 7118 5070
f 5931 5071 4225
f 4161 6441 5071
f 7611 5072 6105
f 6948 4858 5720
f 6328 5073 6226
f 6178 70 5073
f 4984 5074 4309
f 4984 4536 5655
f 7544 5075 5505
f 7330 4869 5710
f 6169 5076 6170
f 5412 4882 6131
f 73 5077 74
f 6448 5315 4217
f 7130 5078 6700
f 7130 6071 5078
f 5461 6733 4320
f 7401 5273 6706
f 6468 5080 4060
f 7592 4823 5913
f 6254 5081 4460
f 3963 5524 5610
f 7519 5082 6046
f 5528 4170 5247
f 6162 5083 4509
f 7107 5338 3955
f 6179 5084 4064
f 6848 4172 5647
f 6451 5085 4524
f 6466 4526 6149
f 6721 5236 5086
f 6600 4806 7302
f 7474 5658 4350
f 4927 4245 5087
f 7103 5723 5088
f 7190 5065 5975
f 6770 5089 7061
f 50 49 5089
f 3929 5090 3928
f 6069 5091 4284
f 5138 5091 4444
f 4043 4957 7210
f 6576 5092 4630
f 7559 5593 7243
f 5706 5093 4411
f 3981 6014 5093
f 6750 5094 6600
f 7055 4557 6694
f 5807 5095 4117
f 7103 4033 5723
f 6798 5096 6900
f 3899 3900 5096
f 7205 5097 6999
f 4504 6201 5097
f 4931 5098 3951
f 7595 4978 6413
f 6702 5099 6901
f 4663 5612 5099
f 6573 5100 4389
f 5879 4388 5878
f 6137 5101 4443
f 6406 4503 5101
f 6268 5102 3992
f 4210 6272 5102
f 5069 5964 4209
f 4393 5821 5103
f 7498 7115 5104
f 7618 6132 4849
f 5789 5105 5790
f 4220 6388 5105
f 6107 5106 4032
f 6236 5660 4220
f 6387 5107 4063
f 4220 5660 5107
f 7538 7055 5108
f 6694 6037 4248
f 6585 5109 7003
f 4248 6037 5109
f 6407 5110 5742
f 6585 4598 6715
f 5676 5111 4625
f 6850 6240 4468
f 29 5112 7456
f 5436 4080 5426
f 6111 5567 4736
f 7185 5506 5113
f 6220 5114 4666
f 6420 4515 7253
f 6502 5115 3959
f 7005 4757 7004
f 6692 5116 3937
f 5922 4075 5568
f 6160 5117 4223
f 4102 5975 6243
f 6446 5118 4230
f 4007 5999 5118
f 6332 5119 6446
f 7134 5777 4067
f 5867 5120 4264
f 7301 6781 4130
f 6946 5121 4599
f 7271 4417 5903
f 7382 5122 6315
f 4760 4995 5122
f 4221 5123 5095
f 4221 6315 6331
f 6697 5124 4127
f 4219 4977 5124
f 5537 5125 4498
f 4653 5666 5125
f 5781 5126 5936
f 6522 4539 6521
f 5940 6147 4421
f 6521 4539 5127
f 5917 5128 4352
f 7515 6007 4656
f 4817 5370 5759
f 4282 5413 5129
f 7545 7059 5130
f 4287 5397 7502
f 6751 5821 5131
f 7158 4826 7021
f 5907 5132 4169
f 6195 3989 5508
f 5963 5133 6661
f 4242 6030 5133
f 5538 5134 4154
f 5916 4045 6092
f 6747 5618 4379
f 7444 4908 5868
f 84 6073 85
f 7329 4146 6084
f 6391 5137 4181
f 4564 5897 6629
f 4043 5138 4827
f 4043 5091 5138
f 5690 5139 4395
f 6265 176 7473
f 5141 6611 4252
f 4453 6152 5140
f 5943 5141 4252
f 4044 6042 5141
f 5806 5672 4381
f 6804 4622 5142
f 5477 5143 4343
f 7604 4943 5736
f 5904 5144 7439
f 7403 4773 6794
f 6648 5145 4413
f 3962 5836 5145
f 5927 7039 4947
f 4238 7545 7408
f 5116 6692 4420
f 3937 6384 5147
f 4504 5148 4895
f 4261 4942 6685
f 7293 6434 4195
f 4485 5659 5149
f 6363 5150 4212
f 4596 5959 5150
f 7477 5151 7162
f 4231 5933 5151
f 7299 5602 4740
f 4046 5744 5152
f 6285 4724 7200
f 5495 4691 5178
f 6159 5154 4463
f 3965 5799 5154
f 6157 5155 4072
f 4262 7050 6417
f 6845 5156 4432
f 4544 6414 5156
f 7357 5357 7217
f 168 169 5157
f 7306 6283 5158
f 7 6 5158
f 6798 5159 4693
f 6266 4686 5373
f 6270 5160 4471
f 6546 5220 4531
f 5720 6463 4480
f 4228 5162 6299
f 5858 5162 4228
f 6866 6297 5162
f 6314 5163 4095
f 4482 6313 5163
f 4922 5164 4347
f 4922 5914 5164
f 6368 6771 4010
f 7072 4249 6778
f 5909 5166 4657
f 196 197 6221
f 5783 5167 3941
f 4254 5623 5167
f 7222 5623 5168
f 4254 6570 5168
f 6058 5169 4052
f 7487 4214 6951
f 102 7395 103
f 6426 5271 6543
f 7153 6641 4484
f 4617 6102 5171
f 5021 6484 4197
f 4405 4917 5978
f 6208 7325 4256
f 5899 5324 4401
f 7274 5174 6408
f 6441 4161 5730
f 6365 5175 4267
f 6367 3949 6067
f 7508 5176 6704
f 6023 4572 6515
f 6653 5177 7432
f 7433 4179 5181
f 5894 7227 4691
f 5178 7536 5772
f 5772 5179 4233
f 7605 5393 4036
f 6445 5180 4623
f 6908 4674 5671
f 7433 5181 4875
f 4499 6189 7338
f 5796 5182 4449
f 4315 6625 6639
f 6870 5183 7237
f 7238 4139 6636
f 6693 5184 7463
f 6710 4887 5887
f 6256 7290 4121
f 5628 4011 6486
f 5985 5186 4410
f 6728 4634 6730
f 6107 5633 5187
f 6128 4692 5773
f 4245 7475 5087
f 5153 7322 5188
f 7146 5189 7011
f 3971 5294 5845
f 6972 5190 6779
f 3945 5489 5190
f 6396 5191 3953
f 4261 5148 6689
f 6398 5192 4502
f 4084 6022 5192
f 7270 5193 6535
f 4010 5395 5193
f 5560 6475 4099
f 6878 3976 5634
f 6495 5195 6494
f 7598 4986 5452
f 7240 5197 5196
f 7024 4494 5902
f 6759 5197 4054
f 4243 5196 5197
f 4243 5198 4828
f 6745 4597 5966
f 39 5199 40
f 6762 4300 7509
f 5051 5200 4132
f 5051 6516 6784
f 6470 5201 4607
f 12 6187 5201
f 6545 6216 4014
f 6682 5491 4239
f 5539 5203 4396
f 4373 5457 5701
f 6362 5204 4098
f 6914 5931 4225
f 6560 5205 6735
f 4239 6562 5205
f 7420 5206 3978
f 7568 5207 4242
f 5206 7568 4242
f 7568 7422 5207
f 7431 5208 4772
f 6298 4055 5208
f 5780 5209 4263
f 4185 4954 5209
f 6141 5210 4704
f 4540 6656 7035
f 5606 7318 4199
f 4567 6513 5211
f 5967 5212 4153
f 6671 5214 4244
f 5214 6310 4244
f 4049 5948 6680
f 5969 5214 6671
f 7292 4729 6310
f 6371 5215 4511
f 8 7 6283
f 6041 6860 4253
f 6719 5256 4005
f 6092 5217 4438
f 5786 4401 5324
f 5324 5218 4253
f 6642 5241 6346
f 5220 5219 4281
f 4897 4178 5219
f 7472 5220 4281
f 4531 5160 6546
f 6512 5221 4536
f 6687 4587 5221
f 6766 5222 4209
f 6353 5519 4048
f 5731 5223 4328
f 5078 4047 5223
f 6647 5224 4328
f 4088 5733 5224
f 7466 5225 4123
f 4246 6127 7063
f 6321 5226 4604
f 6854 3912 5226
f 6586 5423 5227
f 4296 4881 6150
f 6777 5228 4071
f 4249 4996 5228
f 6192 5229 4752
f 7400 5282 6215
f 5269 5230 4279
f 4522 6366 5230
f 7374 5231 4280
f 4015 5705 7027
f 5757 5232 5924
f 4159 4880 5232
f 164 6892 163
f 7045 4119 5833
f 7003 5234 4598
f 4852 6200 5234
f 7452 5235 5994
f 4690 6004 5509
f 4681 6059 4954
f 5086 7537 6721
f 7229 6691 4273
f 4444 5778 7388
f 7232 5238 7426
f 4513 5314 6411
f 5851 6589 4451
f 4160 4862 6284
f 7462 5240 6346
f 4526 6466 5240
f 5218 6642 4497
f 6637 4644 6834
f 4227 5242 5115
f 7004 4123 5242
f 7271 7415 5121
f 6975 4200 6679
f 3869 7459 3868
f 6799 4764 6626
f 5259 5245 4042
f 4427 4918 6329
f 6894 5246 4641
f 4512 5080 6468
f 4900 5247 4170
f 4305 5082 5247
f 177 7473 176
f 4536 5221 6720
f 6152 5249 4006
f 6894 4641 7562
f 7586 5250 3963
f 4520 5676 6410
f 5249 7562 4006
f 7562 6895 5251
f 6412 5252 3938
f 4512 5246 6893
f 7152 5253 4236
f 4595 5567 7031
f 6402 5254 3964
f 4255 5255 6450
f 7373 5255 6865
f 6451 4524 6450
f 7373 6865 4525
f 6404 4508 6403
f 7556 5257 4276
f 7197 4506 6684
f 4936 5258 4116
f 7389 5445 5949
f 6602 5259 7522
f 4427 5245 5259
f 6301 5365 5260
f 4057 6372 5260
f 7534 5261 7111
f 4002 7100 6168
f 5625 5262 4360
f 6996 5578 4562
f 7088 5263 6151
f 4761 5652 7062
f 6029 5264 4419
f 5767 94 5406
f 7342 6465 5265
f 6884 3957 5265
f 7156 6250 4745
f 7280 4122 5266
f 4968 5267 4398
f 6172 4020 6474
f 6180 5268 3940
f 7397 4179 6650
f 7321 5269 7309
f 4522 5230 5269
f 6644 5270 3997
f 6203 4111 5884
f 7390 5271 6426
f 7450 4790 6543
f 6166 5433 5272
f 4294 7029 6662
f 6078 5273 7401
f 7437 4543 7168
f 5275 5274 4269
f 4762 7087 5274
f 7437 5275 4269
f 7168 5400 4140
f 6051 5276 4483
f 4450 6101 5276
f 7312 5277 6876
f 6905 6138 4443
f 7347 5278 6409
f 4017 7195 6876
f 7066 5279 4778
f 3995 6075 7380
f 6989 5280 4675
f 5542 4457 5491
f 6840 5281 6839
f 6529 4869 5281
f 5229 7359 7400
f 4289 6807 5282
f 7458 5283 4267
f 6544 4934 7319
f 6437 5284 4523
f 6366 4522 6365
f 6609 5285 4260
f 4517 4902 5285
f 7049 5286 4489
f 4260 5285 5889
f 5286 7049 4260
f 4489 5300 6302
f 4259 5288 4983
f 6952 89 88
f 5290 5289 4344
f 5289 7311 6553
f 5386 6171 4344
f 7594 4823 6232
f 7394 5291 6455
f 5116 4296 5291
f 5397 5292 4374
f 4030 6985 5292
f 5880 5293 4332
f 4056 5287 5293
f 5366 5793 3971
f 6416 4554 6345
f 5335 6416 4265
f 6416 6345 5295
f 6520 5296 4092
f 4276 5297 6656
f 6530 5297 4578
f 7035 5460 4540
f 6818 5771 5298
f 4343 5381 7266
f 5852 5747 5299
f 4372 6168 6199
f 4183 5300 4885
f 4183 5038 6711
f 6005 5301 4038
f 7565 5303 6230
f 5411 6810 4278
f 4563 5819 5302
f 6230 5303 5493
f 6811 4616 6812
f 6209 5304 7283
f 4477 5921 5304
f 7378 5305 6750
f 6559 4025 6145
f 6937 7121 4012
f 4274 6743 5306
f 5032 7071 4201
f 4434 5895 5307
f 5349 5308 3960
f 4440 7239 5308
f 7203 5309 4073
f 7096 5428 4568
f 4937 5310 4268
f 4937 7191 6070
f 6008 5311 7591
f 6202 4938 4138
f 5591 5312 4832
f 7170 5694 4515
f 5314 5313 4271
f 26 25 7561
f 6411 5314 4271
f 4513 5932 7091
f 6457 6448 4217
f 4590 6242 7026
f 7124 5316 4720
f 7043 5374 4465
f 7001 5775 5317
f 5318 3972 6153
f 4277 5318 5317
f 5318 6238 6177
f 7430 5319 6238
f 4772 5208 5319
f 4904 5320 4299
f 4904 4114 5320
f 6369 5321 4632
f 77 76 5321
f 6562 5322 4549
f 4239 6120 5322
f 7089 5323 7335
f 6993 3959 5636
f 4045 5786 5217
f 4401 5173 5899
f 6828 5325 4635
f 4192 6200 5325
f 6983 5326 4383
f 4193 6311 5326
f 7191 5327 4061
f 4937 4268 6352
f 3872 5341 6235
f 7350 7115 4722
f 6874 5329 6741
f 4274 5607 5329
f 7483 5330 4848
f 5330 6015 5607
f 5329 6874 4274
f 4585 6635 5331
f 5604 6020 4472
f 4050 4925 5332
f 6574 7076 4571
f 4397 6833 5333
f 7285 5334 7621
f 4620 6628 5334
f 4324 5335 5294
f 6344 4040 5482
f 6083 5336 4016
f 4458 6082 6274
f 5743 7424 4235
f 4623 5180 6624
f 5083 7107 3955
f 5827 4089 5809
f 6030 5339 4419
f 4519 5761 6797
f 7072 5340 4249
f 4672 5809 7116
f 7569 6235 5341
f 3872 3873 6454
f 4346 5342 5180
f 4346 4905 5342
f 7153 5343 4702
f 4115 5895 5343
f 20 5344 4975
f 19 18 6439
f 4925 5345 4174
f 7098 3980 5547
f 5275 7168 4140
f 6515 4027 7326
f 7140 5347 4697
f 4830 6636 5776
f 5956 5348 4009
f 5929 4175 6722
f 5308 5349 4440
f 7352 4818 5349
f 6125 5350 4550
f 4551 5797 5350
f 6056 6060 4339
f 4041 4867 5351
f 7126 6982 5352
f 4038 5301 5352
f 5082 7519 4389
f 7615 6330 4928
f 5851 5354 4024
f 4297 6305 5354
f 5376 5355 4297
f 4053 5837 5355
f 4476 5356 5355
f 7608 4494 6305
f 5924 7217 5157
f 6734 167 5357
f 4087 5434 5804
f 7586 4520 5250
f 6183 5359 4202
f 4581 6545 5359
f 7308 5360 6834
f 4112 6199 5360
f 5415 6291 4545
f 7346 5995 4481
f 5457 5362 4449
f 4061 5327 5362
f 6543 7208 4291
f 4076 6210 6699
f 6910 5364 6936
f 104 103 5364
f 7521 5365 4950
f 6712 4788 7361
f 5594 5366 3971
f 4359 4914 5366
f 6452 5367 4593
f 66 6339 5367
f 4955 7180 4073
f 7371 4751 7370
f 7419 5369 4713
f 6361 4565 7282
f 7245 5370 4817
f 6827 4635 6826
f 5325 7186 4635
f 5544 4337 5413
f 7438 5372 4797
f 6279 4729 5748
f 6058 5373 4470
f 5159 6266 5373
f 7177 5374 7176
f 4244 5213 7209
f 6887 5471 5375
f 4367 5406 5375
f 5354 7503 4297
f 4451 5850 5376
f 7489 5377 6320
f 3990 5914 6257
f 6143 7040 4495
f 4086 5008 5378
f 5378 7064 4495
f 7221 4906 6174
f 6018 5380 4351
f 4129 6394 5380
f 4911 5381 4203
f 7266 4001 5298
f 5071 5382 4225
f 6440 4240 7207
f 6816 5383 4625
f 4256 5787 5383
f 6664 5384 3973
f 4606 6665 5384
f 5997 6748 4700
f 3876 3877 7579
f 6878 5386 3976
f 4646 6877 6171
f 5625 6612 4456
f 5386 4344 5387
f 6206 5388 4604
f 6421 6052 4603
f 6529 7083 4869
f 187 188 6962
f 5918 5390 4917
f 4097 6382 5390
f 6674 5391 7060
f 5694 4070 6856
f 4384 5392 5391
f 4384 5775 7001
f 5179 7605 4036
f 4415 7093 6921
f 6847 6261 5394
f 4241 5042 5394
f 5130 7059 4287
f 4010 6594 5395
f 5395 7120 4287
f 4601 6777 5396
f 7502 5397 4374
f 6935 4573 6566
f 5726 5398 3973
f 4286 7102 5398
f 6493 5399 4102
f 6963 4117 6085
f 6223 5526 5400
f 4342 5346 5400
f 4636 5401 5320
f 5751 4469 5408
f 4879 5402 4585
f 4159 5757 5402
f 5405 6672 4290
f 7564 5475 3947
f 4857 5404 4290
f 4117 6963 5404
f 6140 5405 4054
f 4290 6758 5405
f 93 5406 94
f 4517 5375 5406
f 5486 5407 4462
f 6418 5093 4447
f 5951 5408 4073
f 7006 5401 5751
f 6651 5409 4632
f 5898 4977 4219
f 3931 7428 5237
f 3932 3933 6844
f 7375 6005 5411
f 7181 4142 6631
f 4547 5412 5076
f 6735 5205 4068
f 5035 5413 4337
f 5035 6655 5413
f 6390 5414 4176
f 7314 3945 5958
f 7159 5415 4545
f 7199 5416 5151
f 4231 5416 4973
f 4231 5151 5416
f 6590 5417 4075
f 7542 4198 5834
f 171 5418 170
f 4535 6507 6725
f 5688 5419 4395
f 7600 6506 172
f 4555 5420 5037
f 6578 3978 6225
f 5514 6293 3983
f 5144 4319 5421
f 5010 5422 4352
f 7213 4923 5422
f 5227 5423 4296
f 5227 6640 6586
f 7254 5424 4355
f 7212 32 31
f 5903 5425 4066
f 7254 4355 5425
f 7493 5436 7151
f 4080 5002 6786
f 5854 7520 4577
f 4576 6709 5427
f 5309 7096 4568
f 4266 6724 5428
f 7540 5429 7573
f 4308 6566 5429
f 7566 5430 7202
f 6405 4706 6724
f 7010 5431 4671
f 4594 6575 5431
f 7030 7029 5432
f 7286 4577 6377
f 5272 5433 4294
f 4019 6793 5433
f 6867 5434 4087
f 4580 6146 5434
f 6146 6567 4311
f 4059 6292 5435
f 4513 5436 5112
f 4513 5238 7232
f 4854 6358 4403
f 4147 4884 5437
f 5031 5987 4050
f 7104 5437 4310
f 4310 5439 5345
f 4310 4884 5439
f 45 7214 46
f 6095 4135 7366
f 6242 5441 4591
f 4590 6163 5441
f 4301 5444 4936
f 7255 4998 5442
f 6857 5443 4718
f 3952 7140 5443
f 7142 5444 4301
f 4020 5442 5444
f 6981 5445 4421
f 7389 5258 4302
f 7252 5446 4732
f 4235 5337 5446
f 5577 6480 4322
f 108 107 5447
f 5912 5448 4054
f 4413 5449 6873
f 6873 5449 4303
f 4413 5145 6933
f 7580 5450 7311
f 4714 7236 5450
f 6707 5451 4887
f 3991 5612 6749
f 7598 5452 4211
f 4986 6453 5452
f 6364 5453 4596
f 3919 3920 5453
f 6909 5454 5407
f 6165 4446 5866
f 4827 7028 4043
f 4322 6211 5455
f 7095 5456 5175
f 7457 4780 7458
f 6842 5701 5457
f 6843 5019 4061
f 7478 5458 6752
f 4738 5683 5458
f 6508 5459 4964
f 4730 7167 5459
f 4540 5460 5210
f 3987 6481 5460
f 6733 5461 4546
f 5015 7535 5461
f 5706 5462 3981
f 7497 4152 6192
f 6531 5463 4645
f 198 199 5463
f 5079 5961 4320
f 5274 3988 5464
f 6855 6048 5465
f 3902 3903 5465
f 7582 5466 4822
f 4305 5247 7052
f 4938 7145 4138
f 5791 4562 6461
f 7468 5468 3975
f 7174 5469 4306
f 6775 5469 7174
f 4100 6432 5469
f 5483 5470 4152
f 5872 4026 6634
f 5375 5471 4367
f 5375 4260 6887
f 7244 5472 4949
f 4281 5219 5472
f 5808 7025 4164
f 7270 4010 5193
f 5468 6461 3975
f 4562 5578 5474
f 6994 5475 7564
f 4979 6931 5475
f 6588 5476 3985
f 6925 4716 6290
f 4867 5477 4343
f 7114 4992 6606
f 6557 5478 4666
f 4381 7094 5478
f 6750 7530 5094
f 4369 5769 7155
f 7008 7429 4694
f 4614 5468 7468
f 6942 5481 4864
f 4202 5359 5481
f 6344 5482 4554
f 7455 4767 5579
f 4318 5483 5462
f 6501 4611 5470
f 6025 5484 4318
f 4797 6536 5484
f 5979 5485 4408
f 5070 3969 5485
f 5316 5486 4720
f 4149 5407 5486
f 6404 6401 5487
f 4507 4970 6523
f 5585 5488 4727
f 4293 7563 5488
f 7283 5489 3945
f 5841 4072 6109
f 4314 5490 5489
f 4314 4862 7610
f 5202 6682 4239
f 4362 5542 5491
f 7304 5492 4388
f 4328 5223 5492
f 4378 5493 4915
f 4378 6230 5493
f 7527 6747 5494
f 4379 5352 5494
f 3942 5495 5153
f 3942 5661 5495
f 6716 5496 4807
f 3999 6414 7524
f 4158 6138 6905
f 4443 6139 7365
f 6730 5498 4101
f 4634 5499 5498
f 6729 5499 4634
f 6926 4629 6625
f 4429 5500 5136
f 4429 4839 6705
f 7593 5501 4823
f 4714 5450 7580
f 5040 5502 4331
f 7149 4461 5637
f 41 7132 42
f 7508 4331 7113
f 7277 5504 7216
f 7276 4123 5504
f 5755 5505 4777
f 5710 4869 7331
f 6294 5506 4079
f 4527 5113 5506
f 5642 6133 4157
f 4313 5508 5507
f 5132 5508 4313
f 5132 4548 6195
f 6476 5509 4731
f 5235 4690 5509
f 5547 6995 4370
f 4455 6118 5510
f 6663 5511 4606
f 6883 5156 4609
f 6767 5512 4626
f 182 183 5512
f 6853 5528 5513
f 4389 5100 5513
f 5629 6045 4338
f 6293 5421 3983
f 6488 5515 3926
f 7532 5777 7134
f 4076 5516 4914
f 4076 5363 5516
f 5816 5517 4750
f 4194 4959 7552
f 7505 5518 4092
f 4704 6583 5518
f 6270 6353 4048
f 6849 5520 4316
f 6765 5520 4600
f 3944 6805 5520
f 6701 5521 4574
f 4178 4897 5521
f 4324 5522 5335
f 7451 4790 5522
f 7099 5523 7462
f 7100 4002 6415
f 5250 5524 3963
f 4987 4422 5524
f 6548 5525 4163
f 4631 6457 5525
f 4543 6223 5400
f 3958 6866 5526
f 4994 7293 4392
f 4195 5995 5527
f 5082 5528 5247
f 4389 5513 5528
f 6979 5529 4376
f 3960 5308 7223
f 5531 5530 4703
f 6347 5000 3906
f 5530 5531 4354
f 4703 6167 5531
f 5736 5532 4203
f 4354 6307 5532
f 6863 5533 4616
f 6229 4648 5885
f 5487 5534 4508
f 4058 5257 6684
f 5414 6390 4477
f 4552 5837 5535
f 5945 5536 4083
f 4529 5944 5536
f 7616 5537 5015
f 4200 6975 7470
f 6533 6264 4154
f 5529 4437 5538
f 6824 5539 4396
f 4087 5569 5539
f 7109 5540 4679
f 4732 5446 7033
f 6860 6041 5541
f 4497 6346 6934
f 4039 5542 5280
f 4039 5049 7446
f 7012 5543 4671
f 4595 7031 7152
f 4021 5544 5371
f 4021 6822 5544
f 7480 5545 4784
f 4533 5174 7274
f 6622 5546 4715
f 37 6658 5546
f 7098 5547 4800
f 3980 6119 5547
f 87 5548 4983
f 86 85 7119
f 7165 5549 64
f 6718 4226 5055
f 6968 5550 4654
f 5052 4224 5550
f 7244 5551 4281
f 4948 7201 5551
f 6287 5552 3954
f 4492 6286 5552
f 3964 5553 4969
f 3964 6057 5553
f 7139 5554 4339
f 4187 6919 5554
f 5923 5555 4420
f 6997 6592 4583
f 6518 5556 4333
f 6610 4349 5661
f 6360 5557 4683
f 4144 6082 5557
f 7402 5558 4773
f 7105 4683 7106
f 4987 7278 4422
f 4060 5080 7187
f 5310 6070 4099
f 5559 4475 5560
f 5610 5561 4430
f 4422 5560 5561
f 5965 5562 4407
f 4948 6541 5562
f 6737 5563 4321
f 4619 6738 5563
f 7075 5564 4321
f 4676 7285 7621
f 6564 5565 4491
f 7345 4589 6225
f 7405 5566 4782
f 6360 4144 5557
f 7031 5567 4007
f 4595 5506 7185
f 4881 5568 4075
f 4881 4296 5568
f 5804 5569 4087
f 6953 5019 6843
f 7146 5570 4712
f 4236 5253 5570
f 5783 5781 5571
f 4398 5816 5571
f 6445 5572 5180
f 7353 4816 5572
f 5052 5573 4224
f 7289 6598 4662
f 7609 5574 4157
f 7443 4295 5574
f 5642 5575 4638
f 4707 6690 5575
f 6042 5576 4453
f 4441 6136 6790
f 6659 5577 4322
f 4665 7013 7529
f 5262 6996 4562
f 4084 4899 5578
f 7391 5579 4767
f 7422 4768 5579
f 6579 5580 6578
f 7421 4768 5580
f 6998 5581 4775
f 5124 4977 6869
f 5907 6289 4548
f 6419 4549 5722
f 6195 6214 3989
f 4366 5584 7297
f 7297 5584 4688
f 4366 5722 7355
f 7547 5585 4903
f 4293 5488 5585
f 5177 6673 4327
f 6673 6654 5586
f 5005 6943 4229
f 4621 6755 5587
f 4327 5588 5177
f 6755 4621 6650
f 7484 5589 4326
f 4039 6989 5589
f 5089 5590 4326
f 48 47 7233
f 4312 5591 4924
f 4312 5312 5591
f 6787 6615 5592
f 4496 7341 6801
f 5091 7210 4284
f 4957 4325 5593
f 5812 5594 4325
f 3971 5189 5594
f 7148 5595 4325
f 4067 5092 5595
f 7601 5596 4769
f 7395 5170 103
f 3880 7333 3879
f 4781 7332 5597
f 6489 5598 4129
f 4629 6861 5598
f 4881 5599 4330
f 4075 5417 7272
f 5227 6150 4024
f 4881 4330 5600
f 7236 5601 4108
f 7414 4834 5601
f 5152 5602 4046
f 5152 4740 5602
f 7603 5603 4145
f 4678 6726 5603
f 5928 5604 4472
f 5009 4473 5604
f 192 5605 191
f 5870 4313 6133
f 4027 6267 5040
f 7318 5211 4199
f 5330 5607 4274
f 5330 4168 6015
f 7296 5608 4074
f 4783 6564 5608
f 6054 5609 4088
f 5609 6259 6142
f 3963 5610 5081
f 5524 4422 5610
f 4890 5611 4090
f 4336 4962 5611
f 5099 5612 3991
f 4663 6527 5612
f 7560 5613 7478
f 5159 4052 5613
f 7279 5614 4725
f 4029 7401 6359
f 5614 7546 4725
f 4333 6280 5615
f 4479 6297 5024
f 3958 6223 5616
f 4334 5617 5273
f 4334 5616 6547
f 5135 5618 3939
f 5135 4379 5618
f 6442 5619 4619
f 4709 6619 5619
f 5466 5620 4822
f 5739 4504 5097
f 4883 5621 4032
f 4340 7205 6999
f 6112 5622 4093
f 4340 4883 5622
f 6403 7222 5168
f 4506 5167 5623
f 5443 5624 4718
f 4301 4936 5624
f 6612 5625 6034
f 4456 6022 5625
f 5782 5626 4865
f 4350 5737 5626
f 4966 5627 4357
f 3943 7124 5627
f 7290 5628 5185
f 4516 5056 7413
f 4028 5629 4977
f 4028 6554 5629
f 4442 5630 5045
f 4442 4944 6121
f 4356 5631 5183
f 4356 4876 5631
f 3969 5632 4894
f 7118 4692 5632
f 4893 5633 4032
f 4341 5187 5633
f 5194 5634 4435
f 5194 4646 6878
f 6683 5635 4610
f 4592 6644 5635
f 7075 5636 4676
f 5323 4696 6993
f 5440 7214 4461
f 45 44 5637
f 16 6258 17
f 4505 6054 5638
f 7270 6535 4514
f 4850 7527 5639
f 6305 5640 4639
f 4494 7265 5640
f 6091 5641 4550
f 5058 7249 5641
f 6133 5642 4638
f 4157 5574 5642
f 3898 5643 3897
f 4693 5613 7560
f 4877 5644 4342
f 4162 6514 5644
f 4342 5645 5346
f 4342 5644 5645
f 4832 5646 4347
f 4013 6220 5646
f 4833 5647 5164
f 4172 4832 5647
f 5646 7427 4347
f 4748 7094 5648
f 4031 5649 4895
f 4031 6553 5649
f 4894 5650 3969
f 4345 5050 5650
f 5649 5651 4895
f 4345 4894 5651
f 4132 5652 5051
f 7062 5263 7088
f 7366 5653 4813
f 4771 7577 7484
f 6571 5654 4594
f 6972 3945 5190
f 6511 5655 4536
f 178 179 5655
f 6385 5656 4558
f 4811 7016 5656
f 6667 5657 4578
f 5257 4058 5657
f 5087 5658 4008
f 5087 4350 5658
f 7295 5659 5011
f 4232 5149 5659
f 5692 5660 4349
f 4220 5106 6236
f 5716 5661 4349
f 4691 5495 5661
f 5869 5662 4150
f 4357 5627 5662
f 7013 5663 111
f 4665 6324 5663
f 7036 5664 4452
f 4396 5203 5664
f 6824 5665 4716
f 4396 5008 5665
f 5125 5666 3968
f 4653 6973 5666
f 4170 5667 4899
f 4170 6853 5667
f 6715 5668 4035
f 6534 4192 4951
f 4165 5669 4893
f 4894 5632 5669
f 201 5670 200
f 4801 6942 5670
f 6908 5671 4167
f 6906 4046 5822
f 5142 5672 4188
f 5142 4381 5672
f 7391 5673 4133
f 4382 5596 7601
f 7264 7017 4176
f 6115 4074 6156
f 4627 5675 5067
f 4627 6251 5675
f 6814 6410 5676
f 6292 4059 6850
f 5425 5677 4066
f 5425 4355 6746
f 4186 6126 6509
f 4551 6125 5678
f 6763 5679 4380
f 4837 6330 5679
f 4871 5680 4380
f 4093 5788 5680
f 4080 5681 5002
f 7426 5238 4837
f 5171 5682 4617
f 6641 4702 7154
f 5458 5683 4207
f 4738 4990 5683
f 7284 5684 4251
f 7256 4584 5811
f 6472 5685 4104
f 4685 6409 5685
f 6574 5686 4078
f 4365 5687 5686
f 5137 5687 4365
f 6542 5047 6709
f 6507 5688 4082
f 4535 5419 5688
f 4661 5689 5195
f 4661 7030 6823
f 7602 5690 174
f 4395 5419 5690
f 180 5691 5074
f 181 6767 5691
f 6519 5692 4815
f 5107 5660 5692
f 7258 5693 6994
f 4728 5798 5693
f 5312 7170 4515
f 5392 4070 5694
f 6182 5695 4640
f 4801 7525 5695
f 7056 5696 4618
f 6538 4568 5428
f 7588 5697 4135
f 4814 7590 5697
f 7074 5698 4676
f 4758 7277 5698
f 6527 5699 4664
f 6333 4650 7090
f 5666 5700 3968
f 5002 6349 5700
f 5203 5701 3982
f 5203 4373 5701
f 7356 5702 5358
f 4311 5435 5702
f 6558 5703 4667
f 4353 5705 6524
f 6558 7543 4353
f 4886 7357 5704
f 5704 7027 4353
f 4015 7533 6537
f 5093 5706 3981
f 4411 5948 6025
f 7517 5707 4796
f 4626 5842 5707
f 6488 5708 4630
f 3927 3928 5708
f 6983 5709 4985
f 4610 5635 5709
f 5075 5710 5505
f 5075 4264 7330
f 5712 5711 4391
f 4633 5764 5711
f 5030 5712 4391
f 4212 5150 6940
f 6580 5713 4650
f 5114 7253 5713
f 6681 5714 162
f 7406 4766 5714
f 7135 5715 4737
f 6556 5113 4527
f 5660 5716 4349
f 7227 4109 7536
f 7088 5717 4761
f 4216 5121 6946
f 5471 6661 4367
f 5133 4419 5718
f 4344 5719 4942
f 5289 4031 5719
f 6462 7367 4480
f 3998 6948 5720
f 5003 5721 4357
f 5003 6317 5721
f 5582 5722 4366
f 4549 6563 5722
f 4532 6086 7103
f 4033 4860 5723
f 4753 5724 5044
f 4152 5470 5724
f 6923 5725 4749
f 6927 5511 4609
f 4788 5726 5384
f 4361 6116 5726
f 4939 5727 4448
f 4939 7125 5974
f 5774 5728 4618
f 4655 5875 5728
f 6796 5729 4766
f 7037 60 59
f 6196 5730 4161
f 5049 4363 5730
f 5224 5731 4328
f 6700 5078 5223
f 7500 5732 3975
f 4364 5733 7557
f 5731 5733 4364
f 4088 6829 5733
f 5728 6275 4618
f 5682 4114 5734
f 6379 5735 4841
f 4105 6495 5735
f 3904 6988 4943
f 5000 5532 5736
f 5188 5737 4350
f 5188 4233 5737
f 5824 5738 4697
f 4104 5813 5738
f 3953 5739 5620
f 3953 5191 5739
f 6322 5740 4593
f 4145 5603 5740
f 4226 5741 5056
f 4226 4944 5741
f 6407 5742 4503
f 5110 4035 5742
f 5101 5743 4235
f 4503 5742 5743
f 6906 5744 4046
f 4674 6907 5744
f 6494 7614 4659
f 6477 4731 6231
f 5600 5746 4892
f 4891 6158 5746
f 5057 5747 4113
f 5057 5779 5747
f 4407 5748 4854
f 4407 6279 5748
f 7619 5749 4156
f 5451 6749 5749
f 6912 5750 4703
f 3909 3910 5750
f 3994 5751 5401
f 3994 4935 5751
f 4359 5752 4914
f 4793 6210 5752
f 5611 5753 4090
f 5611 4962 5753
f 5755 5754 4397
f 4777 7443 7609
f 5756 6888 4397
f 4019 5505 5755
f 6888 5756 4642
f 4397 5333 5756
f 5402 5757 4870
f 4159 5232 5757
f 6245 7369 3979
f 4446 7183 5758
f 5942 5759 4044
f 5370 4282 5759
f 6664 5760 4606
f 5021 4197 7510
f 98 6797 99
f 5853 4133 5673
f 7081 5762 4736
f 4118 4919 5762
f 6001 5763 4128
f 4859 7082 5763
f 5711 5764 3977
f 7539 5763 4386
f 7571 5765 4846
f 6413 4978 6566
f 7253 5766 4227
f 4515 5694 6856
f 4367 5767 5406
f 5264 95 5767
f 5 5768 6
f 6356 4918 4427
f 7068 5769 5033
f 4148 6526 5769
f 4793 7447 5455
f 4359 4957 5770
f 4343 5771 4867
f 6818 4756 6621
f 5178 5772 4233
f 7536 4109 5773
f 5772 5773 4415
f 4109 6128 5773
f 5728 5774 4655
f 5696 3948 5774
f 4070 7001 5317
f 4384 6550 7399
f 7471 5776 4139
f 4394 5347 5776
f 5092 5777 4630
f 4067 5119 7134
f 6069 5778 4444
f 3929 3930 5778
f 4206 5779 5057
f 5261 4372 5779
f 5059 6263 4263
f 4651 6707 7015
f 5126 5781 3941
f 4398 5571 5781
f 4173 7044 4865
f 4673 5658 7474
f 5781 5783 3941
f 4375 5784 5783
f 5783 5784 5167
f 7299 4740 7300
f 5599 5785 4330
f 4559 6572 5785
f 5217 5786 5324
f 4045 4930 5786
f 5173 5787 4256
f 4401 5786 6427
f 5790 7496 4371
f 4570 5680 5788
f 5998 5789 4371
f 5106 4220 5789
f 7496 5790 4570
f 4371 5789 5790
f 4360 5791 5467
f 4360 5262 5791
f 6070 7191 4430
f 4061 5019 5792
f 3971 5793 5294
f 5366 4914 5793
f 6904 5794 4575
f 4112 5360 7308
f 166 7467 165
f 7543 5704 4353
f 6047 7354 4449
f 4101 5498 5796
f 3889 5797 3888
f 4551 6126 5797
f 5693 5798 4120
f 7137 4303 7339
f 6572 7514 3965
f 4751 7371 5799
f 5034 5800 4399
f 4262 5154 5800
f 4432 5801 5016
f 4432 5156 5801
f 6432 5802 4613
f 6845 4544 5156
f 5016 5803 4432
f 6551 4896 6032
f 5569 5804 4460
f 5434 4311 7356
f 5142 5805 4381
f 5142 6736 5805
f 6527 5806 4106
f 4663 5672 5806
f 6783 5807 4117
f 4400 5937 5807
f 4385 5808 4889
f 4385 6772 5808
f 6772 5809 4672
f 4385 5338 7435
f 4905 5810 3960
f 4905 4346 5810
f 6742 5811 4584
f 5688 4395 5811
f 5594 5812 5366
f 4325 4957 5812
f 5738 5813 4698
f 4104 5685 5813
f 6649 5814 4402
f 3966 4959 5814
f 6473 5815 4960
f 4402 5814 5815
f 4194 5816 5267
f 4750 5571 5816
f 6449 5817 4845
f 4524 5085 5817
f 4947 5818 4208
f 4947 4374 5818
f 6631 7442 4563
f 4615 5919 6819
f 5848 5820 4037
f 4826 7158 5820
f 6765 5821 3944
f 4393 5131 5821
f 7144 5822 4046
f 5517 4377 5822
f 7323 5823 4809
f 4377 7552 5823
f 5825 6472 4394
f 4104 5738 5824
f 5278 7347 4017
f 6472 5824 4394
f 3897 5826 3896
f 4488 6752 5826
f 4409 5827 5338
f 4409 6932 6792
f 7340 5828 4190
f 5066 4929 5828
f 4141 5829 4842
f 4141 6087 5829
f 6670 5830 4390
f 4718 5624 5830
f 7192 5831 4018
f 4390 5830 7219
f 5833 5832 4553
f 4119 6336 5832
f 5864 5833 4553
f 7045 5233 6129
f 5417 7542 4559
f 4198 6991 5834
f 6677 5835 4074
f 4569 5836 5835
f 5356 5836 3962
f 4476 5835 5836
f 6156 7461 4552
f 4476 5355 5837
f 5048 6532 4121
f 4424 6897 5838
f 5901 5839 4624
f 4090 5041 5839
f 4668 7007 5041
f 3995 6726 6897
f 5490 5841 4414
f 5490 4072 5841
f 5707 5842 4130
f 5512 4680 5842
f 5326 5843 4383
f 4028 7247 5843
f 5525 6978 4163
f 4383 5843 5844
f 4265 7010 5294
f 4671 5189 5845
f 7039 5846 5146
f 5618 4850 5846
f 4216 5847 5121
f 6929 4739 7260
f 4994 5848 4037
f 4392 6608 5848
f 7216 5849 4272
f 4786 7215 5849
f 5239 7166 4451
f 4743 5921 5850
f 6589 5851 4892
f 4451 5376 7503
f 6050 6787 4582
f 4113 5747 5852
f 4519 5853 5761
f 4519 7460 5853
f 6340 6852 4577
f 5756 4078 5854
f 7102 5855 4684
f 4849 6383 5855
f 7079 5856 4033
f 5003 4357 5856
f 6275 5857 4617
f 4131 6260 5857
f 7133 5858 4228
f 4843 6026 5858
f 5860 5859 4425
f 4701 5884 5859
f 4962 5860 4425
f 3967 6812 5860
f 5027 5861 4403
f 3961 5965 5861
f 4586 5862 5546
f 4132 5200 7334
f 7019 5863 4095
f 4391 6068 5863
f 6830 6911 4553
f 6795 4766 7406
f 4051 5865 5454
f 7182 4803 7183
f 6164 5866 4150
f 4446 7369 5866
f 5075 5867 4264
f 4579 6379 5867
f 7444 5868 5135
f 4908 6370 5868
f 5662 5869 4860
f 4150 5866 5869
f 4658 5870 5605
f 4658 5970 5870
f 4996 5871 3974
f 4996 4249 7465
f 4611 5872 5470
f 4611 6429 6643
f 5492 7304 4975
f 4388 5007 6469
f 6807 5874 4805
f 4753 7136 5874
f 5728 5875 4131
f 4655 6007 6035
f 5798 7339 4727
f 4303 4885 5876
f 4984 5877 4124
f 4984 4309 6504
f 5492 5878 4388
f 5492 5223 5878
f 4270 5879 5100
f 4270 5007 5879
f 5608 6564 4332
f 4491 5963 5880
f 7533 5881 4907
f 4015 4880 5881
f 4879 5882 4159
f 4404 4880 5882
f 5827 6792 4089
f 4907 5881 5883
f 6596 5884 4701
f 7228 5270 6203
f 7196 5885 4648
f 3997 5270 5885
f 4170 5886 4900
f 4899 6398 5886
f 6693 6710 5184
f 4887 7619 5887
f 6696 5888 4955
f 4469 4935 5993
f 4260 5889 5286
f 5285 4166 7291
f 7162 5890 4000
f 4628 6608 5890
f 5976 7198 4733
f 4711 6384 5891
f 5083 5892 4409
f 4204 6337 5892
f 5024 5893 4177
f 5024 4334 5893
f 4439 5894 5716
f 4439 5187 5894
f 5307 5895 4474
f 4434 5343 5895
f 7071 5896 4434
f 3994 5401 7041
f 6392 5897 4564
f 7338 6189 3986
f 4819 5898 5409
f 7247 4028 4977
f 3950 5899 5173
f 3950 5218 5899
f 6752 6188 4988
f 4726 6309 5900
f 6273 5901 4624
f 4890 4090 5901
f 3962 5902 5356
f 7024 5196 6148
f 7271 5903 4066
f 4417 5991 7453
f 5905 5904 4412
f 5230 4085 5904
f 5230 5905 4279
f 5230 5904 5905
f 7416 5906 3934
f 113 112 6424
f 6218 5907 4169
f 4882 6464 6289
f 7418 5908 4971
f 4821 6080 7257
f 6555 6219 4657
f 195 196 5909
f 3867 5910 3866
f 4764 6006 6423
f 7359 5911 4289
f 5229 6192 5911
f 6873 5912 4413
f 4054 5197 5912
f 6011 5913 4143
f 5080 4512 5913
f 6257 5914 4530
f 3990 7411 5914
f 6960 5915 4961
f 4222 6106 6944
f 4437 5916 5134
f 5916 7224 6399
f 6583 5917 4352
f 4704 6964 5917
f 5390 5918 4097
f 4917 4405 5918
f 6354 6593 4615
f 4193 6966 5919
f 5960 5920 4844
f 4336 4890 5920
f 5304 5921 4743
f 5535 4053 5921
f 5116 5922 5568
f 4420 5555 5922
f 5555 5923 4868
f 4420 5147 5923
f 4280 5924 5232
f 5157 4368 5924
f 7032 5925 4898
f 4178 6701 5925
f 5451 7038 3991
f 4433 4981 5926
f 4208 5928 4947
f 7445 4908 7444
f 5927 5928 4472
f 7440 5009 5604
f 4416 5929 5348
f 4416 5010 5929
f 5956 7131 4416
f 4224 4923 5930
f 6891 5931 4744
f 4225 5204 6914
f 28 5932 29
f 4513 5112 5932
f 6714 5933 4972
f 4628 5151 5933
f 5515 5934 3925
f 4541 6332 5934
f 4448 5935 4939
f 4989 7206 5935
f 4398 5936 4968
f 4398 5781 5936
f 6194 5937 4400
f 4760 7382 5937
f 7405 5938 3947
f 4400 4857 5938
f 6526 5939 4765
f 7057 4709 6617
f 4237 6147 4998
f 4421 5445 5940
f 6699 5941 4699
f 4490 5447 6492
f 7246 5942 4440
f 4817 5759 5942
f 6038 5943 4252
f 4440 5942 5943
f 5131 5944 4529
f 4103 6714 6880
f 6736 5945 4083
f 4622 5946 5945
f 6805 5946 4622
f 3944 5821 6751
f 6504 5947 4588
f 4796 7048 7315
f 6680 5948 5023
f 7438 4797 5948
f 3970 5949 5445
f 3970 6198 5949
f 5093 5950 4411
f 5093 6418 5950
f 5309 5951 4073
f 6539 4299 5408
f 7320 5952 4065
f 4787 5953 5952
f 7018 5953 4787
f 4153 6604 5953
f 4967 5954 4406
f 4184 6525 5954
f 7492 5955 4246
f 7491 3972 6922
f 6969 5956 4009
f 7131 5930 4416
f 4368 5957 5418
f 5157 169 5957
f 4556 5958 5654
f 4556 5414 7314
f 5453 5959 4596
f 7080 6001 4128
f 4336 5960 4915
f 4844 6458 5960
f 4320 5961 5464
f 5079 7401 6706
f 6817 5962 4835
f 4016 5336 5962
f 5880 5963 4056
f 6233 4242 5133
f 7423 5964 5069
f 4393 5103 5964
f 4854 5965 4407
f 7201 4948 5562
f 6745 5966 5198
f 4597 6758 5966
f 7018 5967 4153
f 4952 5968 5967
f 6119 5968 4952
f 3980 5439 7175
f 4147 5969 4884
f 4147 5214 5969
f 6773 5970 4658
f 5132 4313 5970
f 5986 5971 4785
f 4154 5134 5971
f 4915 5972 4336
f 4915 5493 5972
f 6791 5973 4410
f 4096 6663 5973
f 5727 5974 4101
f 5727 4939 5974
f 5088 5975 4102
f 5088 4358 7190
f 5981 6160 4734
f 7198 5891 4733
f 6375 5977 4094
f 5067 6417 7050
f 4034 5978 4917
f 4034 6729 5978
f 6847 5979 4643
f 4298 5485 5979
f 5601 5980 4108
f 4834 6490 5980
f 6695 5981 4004
f 4652 6160 5981
f 5584 5982 4688
f 4181 5137 5982
f 4582 5983 5852
f 4608 5678 5983
f 6318 5984 5043
f 4283 5018 5984
f 5973 5985 4410
f 5022 7510 5985
f 5971 5986 4154
f 7300 4254 5784
f 5027 5987 5031
f 4403 5438 5987
f 7181 5988 4142
f 4789 7488 5988
f 4120 5989 4979
f 4120 4835 5989
f 5336 6274 4431
f 4144 6360 5990
f 5992 5991 4417
f 33 32 7506
f 33 7386 34
f 4417 7260 5992
f 6601 5993 4935
f 4094 5888 5993
f 5361 5994 4136
f 5361 4682 7346
f 5527 5995 4682
f 4195 4931 5995
f 4931 5996 4481
f 3951 6003 7143
f 7023 5997 4700
f 4528 6454 5997
f 5789 5998 5106
f 4883 4032 5998
f 6000 5999 4418
f 4007 5567 6111
f 5118 6000 4230
f 4418 6431 6000
f 5763 6001 4859
f 4128 5959 7080
f 7574 6002 4846
f 7483 4848 6938
f 7571 6003 3951
f 4846 6002 6003
f 7143 7576 4690
f 4423 6938 6806
f 6430 6005 4038
f 4789 5411 6005
f 6356 6006 4918
f 6423 5910 4764
f 6872 7515 4656
f 4107 6035 6007
f 4099 6009 5310
f 4435 6202 6008
f 6008 6009 4435
f 6008 5310 6009
f 6899 6010 4304
f 4992 7114 7053
f 5913 6011 5080
f 6877 4646 6879
f 5729 6012 159
f 5729 4670 6012
f 6886 6013 4447
f 4831 6088 6013
f 7237 6014 3981
f 4792 6886 6014
f 7379 6015 4847
f 4478 5607 6015
f 5228 6016 4071
f 5228 4996 6016
f 4996 6017 4478
f 3974 5329 6017
f 7036 6018 5008
f 4452 7281 6018
f 4259 6019 5061
f 4259 4983 6019
f 5332 6020 4050
f 5604 4473 6020
f 6022 6021 5192
f 4456 4942 6021
f 5262 6022 4084
f 5262 5625 6022
f 4300 6023 5176
f 4300 5200 6784
f 9 6371 10
f 4511 6992 6024
f 5706 6025 4318
f 5706 4411 6025
f 6227 6026 4843
f 4162 4877 6026
f 7188 6027 4840
f 4839 6998 6027
f 7316 6549 6028
f 4545 5361 6028
f 5339 6029 4419
f 97 96 6029
f 5133 6030 4419
f 4242 5207 7460
f 5697 6031 4771
f 4363 5049 6031
f 7348 6032 4896
f 4138 5004 6032
f 5388 6033 4604
f 4603 6319 7019
f 6980 6034 4938
f 3976 6612 6034
f 4655 6035 5875
f 4107 5210 7020
f 4034 6036 5499
f 4034 5043 6036
f 6526 6037 4557
f 4765 7220 6037
f 4045 6399 4930
f 4719 5943 6038
f 6007 6039 4656
f 5774 3948 6039
f 4991 6040 3923
f 4991 6902 6040
f 5218 6041 4253
f 4497 5541 6041
f 5141 6042 4453
f 4044 5129 6552
f 4287 6043 5397
f 4287 5396 6043
f 5450 6044 4735
f 4108 5050 6044
f 6293 6045 4412
f 5514 4338 6045
f 5679 6046 4871
f 5082 4305 6046
f 5362 6047 4449
f 4448 5727 6047
f 4335 6855 5465
f 4916 6207 6048
f 4582 6049 4963
f 4582 5299 6049
f 6212 6050 4963
f 6787 4608 5983
f 7606 6051 4483
f 3979 6100 6051
f 4212 6319 5029
f 4603 5388 6421
f 7169 7127 6053
f 4174 5345 7499
f 5224 7550 4088
f 4637 5638 6054
f 5429 7540 4308
f 7572 4168 7574
f 5373 6056 4470
f 6060 5351 4339
f 6864 6057 4845
f 4470 6859 6057
f 5373 6058 4052
f 6864 4845 7487
f 4954 6059 5236
f 4681 5305 7378
f 4686 6060 6056
f 4686 6010 7053
f 5140 6061 4252
f 4561 6427 6061
f 51 6062 52
f 4873 6960 6062
f 5027 6063 3961
f 5027 4210 6064
f 6063 6064 4531
f 6063 5027 6064
f 7495 6065 4454
f 4829 6118 6065
f 7442 6066 4861
f 4142 7173 6066
f 7231 6067 3949
f 4454 7095 6067
f 6251 6068 4391
f 7494 4094 5993
f 5778 6069 5090
f 4444 5091 6069
f 4937 6070 5310
f 4430 5561 6070
f 5078 6071 4802
f 4956 4329 6071
f 4474 6072 4912
f 4474 5750 6072
f 5136 6073 4429
f 5136 7119 6073
f 7317 6074 4776
f 4429 6073 6074
f 7380 6075 4510
f 3995 5840 7007
f 6327 6076 4110
f 5028 4510 6076
f 7504 6077 4795
f 4510 6075 6788
f 7279 6078 4029
f 4909 5893 6078
f 7179 6079 4744
f 7164 4457 6196
f 6357 6080 4495
f 3885 3886 7257
f 6687 6081 4587
f 4730 6885 6081
f 6274 6082 4144
f 6780 4840 7189
f 7327 6083 4016
f 4838 7329 6083
f 6083 7329 4458
f 4146 7188 6084
f 5095 6085 4117
f 4532 5399 6085
f 5095 7585 4532
f 5123 7079 6086
f 7184 6422 6087
f 4445 6089 6087
f 6013 6088 4051
f 4831 6636 6666
f 6087 6089 4863
f 4445 6666 6089
f 6448 6457 5077
f 4631 6400 6090
f 5350 6731 4550
f 3891 3892 6091
f 5916 6092 5134
f 4045 5217 6092
f 6110 6093 4438
f 5216 4005 6093
f 4199 6094 5502
f 4199 5039 6094
f 4461 6095 5440
f 4461 5039 6095
f 5300 6096 4885
f 4489 5286 6096
f 6913 6097 4838
f 4387 7051 6097
f 6520 6098 5296
f 4933 7556 6098
f 6688 6099 4842
f 4450 5060 6099
f 6051 6100 5276
f 3979 5758 7163
f 5276 6101 4151
f 4450 6688 6101
f 5171 6102 4001
f 5857 4756 6102
f 7064 6103 5379
f 4351 5380 6103
f 6976 6104 4607
f 4190 6916 6104
f 5204 6105 4566
f 4225 7611 6105
f 6944 6106 5053
f 4222 6958 6106
f 5106 6107 4439
f 4032 5633 6107
f 5675 6108 4464
f 3977 6920 6108
f 6497 6109 4464
f 4737 5841 6109
f 5217 6110 4438
f 5217 4253 6110
f 5999 6111 4859
f 5999 4007 6111
f 4871 6112 4093
f 4871 4305 6112
f 7136 6113 3936
f 5209 4954 6113
f 7037 6114 60
f 5045 5630 6114
f 4589 6115 5674
f 6115 7345 7296
f 5726 6116 5398
f 4361 5054 6116
f 7246 6117 4817
f 4818 7267 6117
f 5510 6118 4829
f 4455 7218 7320
f 6995 6119 4455
f 3980 5968 6119
f 5491 6120 4239
f 5491 4457 6120
f 5630 6121 62
f 5630 4442 6121
f 69 6122 5073
f 68 6452 6122
f 6281 6123 4571
f 5583 4688 6123
f 6123 6124 4571
f 6123 4688 6124
f 5678 6125 4113
f 4551 5350 6125
f 7418 6126 4186
f 4971 5797 6126
f 7063 6127 4786
f 4246 6703 6127
f 4341 6128 5187
f 4341 5632 6128
f 4667 6129 5233
f 4667 5703 6129
f 6998 6130 4127
f 4839 4429 7317
f 5166 6131 4657
f 4189 5412 6131
f 6277 7618 4849
f 5341 6454 6132
f 5507 6133 4313
f 5507 4157 6133
f 6303 6134 5048
f 4509 5083 6134
f 6968 6135 5550
f 4218 6386 7583
f 6655 6136 4441
f 3938 5252 6136
f 7303 6137 4806
f 4022 5101 6137
f 7302 6138 4158
f 4806 6137 6138
f 7365 6139 7252
f 4443 5101 6139
f 7259 6140 4054
f 4487 6672 6140
f 5518 7505 4704
f 4092 5296 6141
f 5609 6142 4901
f 5609 4505 6259
f 6967 6143 4821
f 5001 4086 7040
f 6741 6675 4879
f 4649 6956 6144
f 4369 6145 5033
f 5305 4681 6559
f 5434 6146 4311
f 4580 6588 6146
f 4421 6147 5127
f 5940 4998 6147
f 4243 6148 5196
f 4243 4828 7265
f 4214 6149 4990
f 4214 5085 6149
f 4024 6150 5600
f 5227 4296 6150
f 6929 6151 4739
f 5263 4586 6151
f 5140 6152 4006
f 4453 6785 6152
f 5318 6153 4521
f 3972 7491 6153
f 7004 6965 6154
f 4521 6153 6154
f 6856 6155 4757
f 4070 5317 6155
f 6115 6156 4552
f 4074 5835 6156
f 7610 6157 4072
f 4463 6304 6157
f 5746 6158 4160
f 4891 6159 6158
f 3965 6159 4891
f 3965 5154 6159
f 4734 6160 5976
f 4652 5117 6160
f 6875 6161 4208
f 4825 7528 6161
f 7298 6162 4509
f 4204 5892 6162
f 73 6163 5077
f 73 72 6163
f 7123 6164 4150
f 4462 6165 6164
f 5454 6165 4462
f 5865 4446 6165
f 5075 7544 4579
f 4019 5433 6166
f 5750 6167 4703
f 5895 4115 6167
f 5261 6168 4372
f 5261 4002 6168
f 5359 6169 4459
f 4014 6561 6169
f 6169 6170 4459
f 5076 4189 6170
f 4646 6171 5386
f 4143 5290 6171
f 4968 6172 5267
f 4968 7255 6172
f 4155 6173 5045
f 4155 6911 6173
f 6394 6174 4906
f 4781 7333 6174
f 5124 6175 4219
f 4602 7054 6175
f 6955 6176 4187
f 4866 6483 6530
f 4277 6238 5318
f 7263 4745 7262
f 6328 6178 5073
f 4591 5441 6178
f 7360 6179 4874
f 4501 5084 6179
f 7060 6180 3940
f 4501 7360 6180
f 4501 6181 5084
f 4501 4924 6181
f 5915 6183 4640
f 4202 6942 6182
f 6182 6183 4202
f 6182 4640 6183
f 5683 6184 4980
f 4990 6415 6184
f 35 7261 36
f 4739 6151 6185
f 6503 6935 4030
f 4978 7595 7295
f 6024 6187 11
f 4779 7047 6187
f 4988 6188 5900
f 4207 5683 6276
f 6542 6189 5047
f 3986 5897 7338
f 7397 6190 4179
f 4874 6191 6190
f 6190 6191 4499
f 4874 6179 6191
f 7497 6192 4752
f 4152 7234 6192
f 6431 7549 4810
f 3921 3922 6193
f 5938 6194 4400
f 7449 4134 7381
f 5132 6195 5508
f 4548 6214 6195
f 7446 6196 4457
f 5049 5730 6196
f 6489 6197 4770
f 4129 5380 7281
f 5949 6198 4662
f 3970 4923 6198
f 5299 6199 4112
f 5299 4372 6199
f 5325 6200 4855
f 4192 5234 6200
f 4895 6201 4504
f 4895 5651 6201
f 6008 6202 5311
f 4435 7567 6202
f 6825 6203 5270
f 4795 6077 6203
f 4100 6204 5802
f 4100 4997 6204
f 6074 6205 4776
f 81 6698 6205
f 5388 6206 3914
f 4604 5226 6206
f 6900 6207 4916
f 5096 3900 6207
f 6292 6850 5111
f 4468 6241 7325
f 4477 6209 5414
f 4477 5304 6209
f 6699 6210 4490
f 4076 5752 6210
f 6210 6211 4490
f 4793 5455 6211
f 6146 6588 4467
f 3985 6050 6212
f 6212 6977 4467
f 4575 6240 6213
f 5582 6214 4548
f 5582 4366 6214
f 4356 6215 4876
f 5282 7195 6215
f 4014 6216 5202
f 5053 4362 6216
f 7197 6217 4506
f 4933 7555 6217
f 6773 6555 4169
f 6131 4882 6218
f 7575 6219 5046
f 194 195 6219
f 4748 6220 5478
f 4013 5114 6220
f 198 6531 197
f 4645 6890 6221
f 5486 6222 4149
f 5316 4465 6222
f 5617 6547 4543
f 3958 5526 6223
f 4902 6351 4166
f 6616 4259 6889
f 5565 6225 3978
f 5565 4783 7345
f 6328 6226 4205
f 6122 4593 6226
f 6026 6227 4162
f 4843 6949 7479
f 4741 6228 5745
f 7241 4136 6476
f 4091 6229 5533
f 4091 6819 6229
f 5301 6230 4378
f 5301 7375 7565
f 5509 6231 4731
f 4125 6885 6508
f 4143 7594 5290
f 4823 5501 6232
f 4491 6233 5963
f 4491 5565 7211
f 5953 6604 4967
f 4759 7176 7160
f 4285 7569 5341
f 5328 3871 6235
f 4439 6236 5106
f 4439 5716 6236
f 6238 6237 4466
f 4055 6300 6237
f 7430 6238 4277
f 5319 6237 6238
f 6237 6239 4466
f 4932 4177 6239
f 6213 6240 4059
f 4575 5794 6835
f 7325 6241 5173
f 6241 6835 6637
f 5441 6242 4590
f 4591 6327 6242
f 4102 6243 5117
f 5975 5065 7606
f 5198 6244 4828
f 5198 4004 6918
f 7190 6245 5065
f 4913 7369 6245
f 7410 6246 4500
f 3990 5377 7489
f 7554 6247 4976
f 4064 5084 7407
f 6247 6248 4976
f 4500 6246 6248
f 57 6249 201
f 56 7525 6249
f 7279 7328 4909
f 5266 4745 6250
f 6068 6251 4627
f 5711 3977 6251
f 5246 6252 4641
f 4060 7278 6252
f 6197 6253 4770
f 5664 3982 6253
f 5358 6254 4460
f 5358 3963 6254
f 4516 6255 5056
f 4516 6713 6255
f 7290 6256 4516
f 4121 6896 6256
f 6880 6257 4530
f 5377 3990 6257
f 5638 6258 4505
f 16 15 6258
f 6258 6259 4505
f 4945 4191 6259
f 5857 6260 4756
f 4131 6482 6260
f 5394 6261 4241
f 5394 4298 6847
f 3921 6262 3920
f 3921 6193 6262
f 4263 6263 5780
f 5059 4433 6263
f 4154 6264 5538
f 5152 4376 6264
f 6720 7117 5248
f 5139 7602 6265
f 6798 6266 5159
f 4304 6010 6266
f 5606 6267 4878
f 5606 5040 6267
f 4471 6268 5068
f 4471 5102 6268
f 5102 6269 3992
f 4473 5009 6269
f 5160 6270 4048
f 4471 5222 6270
f 5102 6271 4210
f 5102 4471 6271
f 5102 6272 4473
f 4210 5031 6272
f 6599 6273 4624
f 4889 6438 6273
f 5990 6274 4144
f 5336 4458 6274
f 5734 6275 4617
f 5728 4131 6275
f 7534 7111 4980
f 4726 6188 6276
f 4286 6277 4849
f 4286 5104 6277
f 7516 6278 90
f 4669 6351 6278
f 4049 6279 5372
f 4049 5213 6928
f 5556 6280 4333
f 5556 3942 6280
f 6838 6281 4689
f 3989 6123 6281
f 7584 6282 5052
f 4018 5831 6282
f 6602 7306 5158
f 5215 8 6283
f 6802 6284 4314
f 5239 4160 6284
f 6740 7128 4794
f 4724 6605 7200
f 7078 6286 4492
f 5042 4241 6286
f 5552 6287 4492
f 3954 7058 6287
f 4710 6288 6287
f 4173 4865 7077
f 4882 6289 5907
f 4068 5582 6289
f 5665 6290 4716
f 4086 5001 7341
f 4545 6291 5361
f 5415 4000 6291
f 4520 6292 5676
f 4520 5435 6292
f 6045 6293 5514
f 4412 7439 6293
f 6575 6294 4079
f 6779 5190 6295
f 6779 6295 4527
f 4414 5715 6295
f 4298 6296 5393
f 5394 5042 6296
f 5024 6297 5616
f 4479 5162 6297
f 4480 6298 5208
f 4480 5161 6298
f 4228 6299 5161
f 5162 4479 6299
f 5161 6300 4055
f 5161 6299 6300
f 7522 6301 4317
f 4950 5365 6301
f 5293 6302 4332
f 5293 4489 6302
f 5185 6303 4121
f 5185 4509 6303
f 4262 6304 5154
f 5155 6157 6304
f 7608 6305 4297
f 4494 5640 6305
f 6307 6306 4911
f 4484 5171 6306
f 5531 6307 4354
f 4484 6306 6307
f 6307 6308 4484
f 5531 4115 6308
f 3893 6309 5058
f 3893 3894 6309
f 4244 6310 5213
f 5214 7292 6310
f 6593 6311 4193
f 4920 4965 6311
f 6601 6312 4482
f 3994 5032 6312
f 6321 6313 4201
f 4482 6312 6313
f 5863 6314 4095
f 4605 6601 6314
f 7382 6315 4221
f 5122 6316 6315
f 6315 6316 4486
f 5122 6756 6316
f 6525 6317 4486
f 4184 5721 6317
f 5984 6318 4283
f 5043 4034 6318
f 6052 6319 4603
f 4212 5030 6319
f 7172 6320 4973
f 4872 7489 6320
f 7425 6321 4604
f 5163 6313 6321
f 5740 6322 4145
f 5367 4612 6322
f 4518 6323 5570
f 5119 4067 6323
f 7014 6324 4665
f 4273 5410 6324
f 7436 6325 4037
f 5012 6326 6325
f 6984 7250 4215
f 5659 4485 6326
f 7026 6327 4110
f 4591 6328 6327
f 5028 6328 4205
f 4591 6178 6328
f 6799 6329 4918
f 4275 7193 6329
f 5679 6330 4023
f 7587 4271 6341
f 4221 6331 5123
f 4486 5003 6331
f 6902 6332 4230
f 4991 5934 6332
f 4106 6333 5699
f 4106 6557 6580
f 4812 6334 5369
f 4181 5584 6334
f 6369 6335 78
f 4632 6652 6335
f 5832 6336 4534
f 4119 5703 6524
f 6471 6782 4204
f 4493 6537 6337
f 4352 6338 5010
f 4352 5128 6338
f 5549 6339 65
f 4612 5367 6339
f 4294 6340 5432
f 6852 4642 5854
f 6330 7587 4928
f 4271 5313 6341
f 4904 6342 5696
f 4904 4299 6539
f 6945 6343 4742
f 6039 3948 6343
f 5335 6344 4554
f 5522 4040 6344
f 5295 6345 4069
f 4554 5064 6345
f 7462 6346 4250
f 5240 6934 6346
f 4354 6347 5530
f 4354 5000 6347
f 6744 6348 4012
f 7284 4251 6686
f 5700 6349 4570
f 5681 4380 6349
f 6276 6350 4726
f 6276 4980 6350
f 6224 6351 4669
f 6224 4166 6351
f 5327 6352 4989
f 5327 4937 6352
f 6766 6353 5222
f 4600 6849 6353
f 6367 7321 3949
f 6593 4193 5919
f 7231 6355 4861
f 6354 4615 6355
f 5 6356 5768
f 5 4 6356
f 5379 6357 4495
f 5379 3883 6357
f 7104 6358 5437
f 4854 5748 6358
f 4029 6359 5614
f 5079 6733 6359
f 4695 6360 5566
f 4695 5990 6360
f 3956 6361 5369
f 6361 7179 7178
f 6392 7288 4098
f 4812 7282 6362
f 5029 6363 4212
f 5029 6364 6363
f 3917 6364 5029
f 3918 3919 6364
f 5175 6365 4522
f 4267 5284 6365
f 4085 6366 5284
f 4085 5230 6366
f 5175 6367 6067
f 4522 5269 6367
f 4774 6368 5473
f 4774 6771 6368
f 6335 6369 4632
f 77 5321 6369
f 5332 6370 4908
f 4925 4174 6370
f 6024 6371 4511
f 9 8 6371
f 5066 6372 4057
f 5066 6992 6372
f 6986 4215 7294
f 4542 5068 6373
f 7262 6374 4723
f 5266 4122 6374
f 4627 6375 6068
f 4627 5977 6375
f 4466 6376 6177
f 4466 6239 6376
f 7286 6377 4953
f 5427 4180 6377
f 3899 6378 3898
f 3899 5096 6378
f 5867 6379 4841
f 4579 5272 6379
f 40 6380 41
f 40 5199 6380
f 5416 6381 4973
f 4292 5452 6453
f 7023 6382 6383
f 4700 5390 6382
f 7023 6383 4528
f 6382 4097 6383
f 6385 6384 4711
f 4558 5147 6384
f 7086 6385 4711
f 4151 7454 6385
f 5923 6386 4218
f 5147 4558 6386
f 5461 7535 4063
f 4498 6388 6387
f 5107 6388 4220
f 5107 6387 6388
f 5125 6389 4498
f 5125 3968 6389
f 5674 7034 4176
f 5535 4477 6390
f 7288 6391 4812
f 4564 5137 6391
f 7432 6392 4098
f 4875 5897 6392
f 4102 6393 5088
f 5399 4532 6393
f 5598 7541 4129
f 4781 6174 6394
f 5654 6395 4556
f 4069 6577 6395
f 4900 6396 3953
f 4502 6397 6396
f 5192 6397 4502
f 4261 5191 6397
f 5192 6398 4084
f 4502 5886 6398
f 5916 6399 4045
f 5916 4437 7224
f 75 6400 76
f 4631 5321 6400
f 5254 6401 4255
f 4507 5487 6401
f 4969 6402 3964
f 4507 6401 6402
f 6404 6403 5256
f 4508 7222 6403
f 4255 6404 5256
f 4255 6401 6404
f 4993 6405 5430
f 4993 6723 6405
f 4022 6406 5101
f 4022 5108 6406
f 5108 6407 4503
f 4248 6585 6407
f 7274 6408 3993
f 5174 4363 6408
f 5685 6409 4679
f 4685 7347 6409
f 5250 6410 4258
f 5250 4520 6410
f 5238 6411 4271
f 5238 4513 6411
f 7593 6412 3938
f 7593 7592 6412
f 5098 6413 5765
f 5098 4232 7595
f 7313 6414 3999
f 4609 5156 6414
f 6184 6415 4002
f 4990 6149 6415
f 4265 6416 5295
f 5335 4554 6416
f 4262 6417 5155
f 5067 4464 6417
f 4149 6418 5407
f 4149 5950 6418
f 5582 6419 5722
f 4068 5205 6419
f 4013 6420 5114
f 4013 5312 6420
f 3915 6421 5388
f 3915 3916 6421
f 4141 7184 6087
f 4803 7182 6422
f 3 6423 6006
f 3 2 6423
f 5906 6424 4763
f 5906 7416 6424
f 4556 6425 5414
f 5037 7264 6425
f 6970 6426 5170
f 4382 7390 6426
f 6061 6427 4930
f 4561 5787 6427
f 5749 6428 4156
f 5749 4664 6428
f 6643 6429 4949
f 4611 5484 6429
f 7169 6430 4038
f 5036 4370 7488
f 7549 6431 4538
f 4810 6000 6431
f 5469 6432 5004
f 4100 5802 6432
f 5406 6433 4517
f 93 92 6433
f 4195 6434 5149
f 4994 6325 6434
f 6436 6435 4523
f 5283 4003 6435
f 5283 6436 4267
f 5283 6435 6436
f 5284 6437 4085
f 4523 6613 6437
f 5808 6438 4889
f 4164 5920 6438
f 5638 6439 18
f 4637 5344 6439
f 4533 6440 5382
f 4533 5545 6440
f 4533 6441 5174
f 4533 5071 6441
f 6737 6442 4619
f 4081 6618 6442
f 6261 6443 4855
f 4643 6490 6822
f 6606 6444 5143
f 4335 5465 6444
f 5742 6445 4623
f 4035 5572 6445
f 6323 6446 5119
f 4518 5118 6446
f 5253 6447 4518
f 4007 5118 6447
f 6163 6448 5077
f 4590 5315 6448
f 5817 6449 4524
f 4845 6057 6449
f 6451 6450 5255
f 4524 5254 6450
f 4062 6451 5255
f 4062 5085 6451
f 6122 6452 4593
f 67 5367 6452
f 6381 6453 4836
f 6381 4292 6453
f 3874 6454 3873
f 4528 6132 6454
f 7394 6455 4733
f 5423 4126 6455
f 5976 6456 4734
f 6455 4126 6456
f 6090 6457 4631
f 6090 5077 6457
f 5639 6458 4514
f 5639 4077 6458
f 5574 6459 4707
f 4295 5389 6459
f 6341 6460 4928
f 4888 4270 6460
f 4306 6461 5468
f 4562 5474 6461
f 4229 6462 5208
f 4229 5006 6462
f 4480 6463 5161
f 5720 4858 7518
f 5412 6464 4882
f 5412 4547 6735
f 6884 6465 4836
f 5265 4747 7342
f 4062 6466 5085
f 4062 6934 6466
f 52 6467 53
f 4961 4640 6467
f 5246 6468 4060
f 5246 4512 6468
f 4388 6469 5873
f 5007 6858 6469
f 13 6470 14
f 13 5201 6470
f 6782 6471 4534
f 4204 6162 6471
f 4685 6472 5825
f 4685 5685 6472
f 6172 6474 4960
f 5813 4402 6473
f 5444 6474 4020
f 4698 6473 6474
f 4099 6475 5194
f 5560 4475 6475
f 5235 6476 4136
f 5235 5509 6476
f 5745 6477 3996
f 6228 4731 6477
f 4580 6478 5476
f 4580 5434 6867
f 6597 6479 4560
f 6191 4064 6479
f 4322 6480 5447
f 5577 109 6480
f 6482 6481 4755
f 4705 5460 6481
f 6260 6482 4755
f 4131 5875 6482
f 6481 6483 4755
f 6481 3987 6483
f 4197 6484 5172
f 5021 6862 6484
f 193 6485 192
f 7575 5046 4658
f 6471 6486 4534
f 4799 5628 6486
f 5832 6487 4553
f 6486 4011 6487
f 3927 6488 3926
f 3927 5708 6488
f 6197 6489 4129
f 6926 4315 5499
f 5980 6490 4408
f 6822 4021 6443
f 4607 6915 6470
f 4945 15 6491
f 106 6492 107
f 5941 4490 6492
f 5117 6493 4102
f 4652 6695 6493
f 6495 6494 4659
f 5195 4211 6494
f 7230 6495 4659
f 4105 5195 6495
f 5735 7230 4660
f 4659 5745 6496
f 6109 6497 4737
f 6108 4919 6497
f 3969 6498 5485
f 5650 5050 6498
f 6326 6499 4215
f 5012 4542 6499
f 5069 6500 4542
f 5069 4209 6500
f 4318 6501 5483
f 4318 5484 6501
f 6993 6502 3959
f 4650 7501 6502
f 4573 6503 6043
f 4030 5397 6503
f 4984 6504 5877
f 7517 4796 6504
f 4941 6505 6104
f 4191 4945 6915
f 171 6506 5418
f 171 172 6506
f 6725 6507 4870
f 4535 5688 6507
f 6231 6508 4964
f 6231 4125 6508
f 4608 6509 5678
f 4608 5592 6509
f 4090 6510 5041
f 5753 4425 6510
f 5655 6511 178
f 4536 5248 7473
f 4984 6512 4536
f 4984 4124 6512
f 5545 6513 4784
f 3993 7589 6513
f 7482 6514 4162
f 4567 4878 6514
f 5346 6515 4572
f 5645 4027 6515
f 5346 6516 4140
f 4572 6784 6516
f 6377 6517 4953
f 4747 5265 6517
f 5556 6518 4815
f 4333 5614 6518
f 5692 6519 4063
f 4815 6518 6519
f 5127 6520 4092
f 4539 6098 6520
f 4237 6521 5127
f 4237 5126 6521
f 3941 6522 5126
f 3941 6217 6522
f 5487 6523 4058
f 5487 4507 6523
f 4353 6524 5703
f 5705 4493 6524
f 6316 6525 4486
f 4934 5954 6525
f 7155 6526 4557
f 4148 5939 6526
f 5612 6527 4664
f 4663 5806 6527
f 5463 6528 4645
f 5481 4459 6528
f 185 6529 5281
f 185 186 6529
f 4866 6530 6176
f 3987 5297 6530
f 197 6531 6221
f 198 5463 6531
f 4121 6532 5838
f 5048 4624 6532
f 5986 6533 4154
f 4740 5152 6533
f 4598 6534 5668
f 4598 5234 6534
f 4514 6535 5639
f 5193 7545 6535
f 7358 6536 5372
f 4196 5484 6536
f 6337 6537 5025
f 4493 5705 6537
f 5696 6538 3948
f 6342 4568 6538
f 4568 6539 5951
f 4568 6342 6539
f 4517 6540 4902
f 6433 92 6540
f 7244 6541 4948
f 6429 4196 6541
f 3986 6542 5687
f 3986 6189 6542
f 7208 6543 4790
f 4291 6426 6543
f 4780 6544 5283
f 7393 4406 5954
f 6169 6545 4014
f 4581 6944 6545
f 4048 6546 5160
f 4048 5220 6546
f 4334 6547 5617
f 5616 6223 6547
f 6651 6548 4163
f 5321 4631 6548
f 4741 7316 6028
f 4211 5452 6549
f 6674 6550 4384
f 5005 4229 7431
f 3946 6551 5803
f 3946 7206 6551
f 4044 6552 6042
f 5129 6655 6552
f 4307 7311 5289
f 4735 5649 6553
f 5629 6554 4820
f 4028 7349 6554
f 4169 6555 6218
f 5046 6219 6555
f 5715 6556 6295
f 4118 7081 6556
f 6580 6557 4666
f 4106 5806 6557
f 5703 6558 4353
f 4667 5795 6558
f 5305 6559 6145
f 4681 6693 7463
f 6561 6560 4547
f 5202 4239 6560
f 5202 6561 4014
f 5202 6560 6561
f 5205 6562 4549
f 4239 5322 6562
f 5722 6563 4713
f 4549 5322 6563
f 5880 6564 4491
f 5880 4332 6564
f 6043 6565 4573
f 5396 4071 6565
f 6413 6566 4308
f 4978 6935 6566
f 4311 6567 5435
f 6146 4467 6567
f 5521 6568 4574
f 4316 4974 6568
f 5890 6569 4000
f 5527 4682 6569
f 4785 6570 5986
f 4785 7531 6570
f 5295 6571 4594
f 4069 6395 6571
f 5785 6572 3965
f 4559 5834 6572
f 5353 6573 4389
f 5353 7392 6573
f 7076 6574 4078
f 4571 6124 6574
f 5431 6575 4079
f 4594 5654 6575
f 5708 6576 4630
f 5708 5090 6576
f 5037 6577 4555
f 4069 6345 6577
f 4555 6578 5420
f 4555 6579 6578
f 6577 6579 4555
f 5064 4323 6579
f 4106 6580 6333
f 4666 5713 6580
f 6815 6581 4006
f 5383 4561 6581
f 7165 6582 5549
f 4944 4226 6582
f 4946 6583 4352
f 4946 5518 6583
f 6628 6584 5026
f 6803 4008 5658
f 6407 6585 5110
f 4248 5109 6585
f 5640 6586 4639
f 4126 5423 6586
f 5338 6587 3955
f 5338 4385 6587
f 5476 6588 4580
f 3985 6212 6588
f 4451 6589 5239
f 4892 5746 6589
f 5922 6590 4075
f 5555 4583 6590
f 4583 6591 5417
f 4583 6592 6591
f 6723 6592 4009
f 4993 6591 6592
f 4920 6593 6354
f 4920 6311 6593
f 6778 6594 5165
f 4601 5395 6594
f 4997 6595 4234
f 4997 4100 6775
f 7336 6596 4701
f 5533 4436 6596
f 6603 6597 4560
f 6189 4499 6597
f 5258 6598 4116
f 5258 4662 6598
f 5048 6599 4624
f 6134 3955 6599
f 4247 6600 5086
f 4247 6750 6600
f 6312 6601 4935
f 4482 6314 6601
f 7306 6602 4317
f 5158 4427 6602
f 6709 6603 4180
f 5047 6597 6603
f 5212 6604 4153
f 4759 6234 6604
f 6280 6605 4724
f 3942 5153 6605
f 4041 7114 5477
f 4335 6444 6606
f 5933 6714 4628
f 4103 7021 6607
f 5890 6608 4392
f 6607 4826 6608
f 5375 6609 4260
f 5375 4517 6609
f 5692 6610 4815
f 5661 5556 6610
f 4252 6611 5140
f 5141 4453 6611
f 5387 6612 3976
f 5387 4456 6612
f 4134 7402 4995
f 4773 6437 6613
f 4040 6614 5482
f 4040 5271 6614
f 5476 6615 3985
f 5476 4496 6615
f 4669 6616 6224
f 4669 6952 6616
f 6618 6617 4709
f 5026 7044 6617
f 6442 6618 4709
f 6628 4620 6584
f 4148 6619 5939
f 4148 5619 6619
f 6621 6620 4182
f 4755 6483 6620
f 5771 6818 4182
f 4756 6260 6621
f 39 6622 5199
f 39 38 6622
f 4421 6623 5518
f 4421 5127 6623
f 7424 6624 5337
f 5180 4167 6624
f 4770 6625 6489
f 6639 5182 7287
f 3868 6626 3867
f 5244 6799 6626
f 6940 6627 4633
f 5150 4128 6627
f 4081 6628 6618
f 4081 5334 6628
f 4564 6629 5137
f 5897 3986 6629
f 6761 6630 5044
f 4263 5209 6630
f 5411 6631 4563
f 5411 4789 7181
f 6516 6632 4140
f 6516 5051 6632
f 4550 6633 6125
f 5057 4113 6633
f 5872 6634 4708
f 4026 5059 6634
f 5331 6635 4082
f 4585 5402 6635
f 7238 6636 4831
f 4139 5776 6636
f 6642 6637 5241
f 3950 6241 6637
f 5315 6638 4592
f 4110 6076 6638
f 4770 6639 6625
f 4770 6253 6639
f 6586 6640 4639
f 5227 4024 6640
f 5171 6641 5682
f 5171 4484 6641
f 3950 6642 5218
f 3950 6637 6642
f 5472 7307 4949
f 4026 5872 6643
f 5635 6644 3997
f 6825 4795 6203
f 6683 6645 5635
f 4217 5315 6645
f 5709 6646 4610
f 4383 5844 6646
f 5344 6647 4328
f 4637 7550 6647
f 7240 6648 4413
f 5196 7024 6648
f 5813 6649 4402
f 5685 4679 6649
f 5588 6650 4179
f 4621 6754 6650
f 5321 6651 4632
f 4163 7558 6651
f 6335 6652 4999
f 4632 5409 6652
f 5204 6653 4098
f 4566 6673 6653
f 6105 6654 4566
f 6105 5072 6654
f 6136 6655 5035
f 4441 6552 6655
f 5296 6656 4540
f 5296 4276 6656
f 6764 6657 5020
f 4483 5276 6657
f 36 6658 37
f 6185 4586 6658
f 5455 7028 4322
f 4827 7014 6659
f 6668 6660 5343
f 7154 4114 5682
f 5718 6661 5133
f 5718 4367 6661
f 5272 6662 4105
f 5272 4294 6662
f 5022 6663 4606
f 5022 5973 6663
f 5384 6664 4606
f 7570 5021 5760
f 7362 6665 4213
f 4606 5511 6665
f 7476 6666 4830
f 4445 6088 6666
f 5297 6667 4578
f 4276 5257 6667
f 6660 6668 4636
f 5343 4434 6668
f 4636 6669 6660
f 4636 5320 6669
f 5829 6670 4390
f 6857 3952 5443
f 4426 6671 5212
f 4426 5969 6671
f 7564 6672 4487
f 5403 4290 6672
f 4327 6673 5586
f 5177 6653 6673
f 6754 6674 3940
f 5005 6550 6674
f 6144 6675 4649
f 6144 4879 6675
f 6933 6676 4183
f 4569 6677 6676
f 6676 6677 5038
f 4569 5835 6677
f 7087 6678 3988
f 5717 4599 6678
f 7616 6679 4200
f 4599 5243 6679
f 7209 6680 4465
f 5213 4049 6680
f 163 6681 162
f 5233 4537 6681
f 6216 6682 5202
f 6216 4362 6682
f 6457 6683 5525
f 4217 6645 6683
f 7556 7197 5257
f 4506 5534 6684
f 4261 6685 5148
f 4942 5719 6685
f 7117 6720 4251
f 5221 4587 6686
f 4124 6687 5221
f 7167 4730 6081
f 6101 6688 4811
f 4450 6099 6688
f 5191 6689 4504
f 5191 4261 6689
f 189 6690 188
f 189 5575 6690
f 4273 6691 5237
f 5138 4444 6691
f 5147 6692 3937
f 5147 4420 6692
f 4954 6693 4681
f 4185 6710 6693
f 7055 6694 5108
f 4557 6037 6694
f 6493 6695 4687
f 4652 5981 6695
f 4073 6696 4955
f 5408 4469 6696
f 7204 6697 4127
f 4602 6175 6697
f 80 6698 81
f 80 79 7054
f 5941 6699 4490
f 4699 5363 6699
f 4364 6700 5731
f 7130 4956 6071
f 5521 6701 4178
f 4574 6901 6701
f 6568 7112 4574
f 4188 6800 6702
f 5955 6768 4246
f 4794 7512 6703
f 4331 6704 5040
f 4331 7508 6704
f 5500 6705 4146
f 5500 4429 6705
f 5079 6706 5961
f 5273 4269 6706
f 5451 6707 4651
f 4887 6710 6707
f 5926 6708 4433
f 5926 7038 6708
f 6542 6709 4576
f 5047 6603 6709
f 5184 6710 5887
f 4185 6707 6710
f 4332 6711 5038
f 6302 5300 6711
f 7521 6712 5365
f 4361 5726 6712
f 7603 6713 4958
f 5055 6255 6713
f 6880 6714 4972
f 4103 6607 6714
f 5110 6715 4035
f 5110 6585 6715
f 5496 6716 3999
f 6717 4191 6505
f 4807 6717 6716
f 4807 6142 6717
f 4226 6718 6582
f 5055 4612 6718
f 4525 6719 5216
f 4525 5256 6719
f 6686 6720 5221
f 6686 4251 6720
f 5874 6721 4805
f 3936 5236 6721
f 5348 6722 4706
f 5348 5929 6722
f 6405 6723 4706
f 4993 6592 6723
f 6405 6724 4266
f 4706 7073 6724
f 4535 6725 5418
f 4870 5757 6725
f 6897 6726 4678
f 3995 7066 6726
f 165 6727 164
f 5795 4667 6727
f 4197 6728 5186
f 4197 5172 6728
f 5172 6729 4634
f 5172 5978 6729
f 5974 6730 4101
f 5186 6728 6730
f 4550 6731 6091
f 5350 3890 6731
f 4140 6732 5275
f 6632 4762 6732
f 6359 6733 4546
f 5079 4320 6733
f 7357 6734 5357
f 4886 5795 7467
f 5412 6735 6464
f 4547 6560 6735
f 5805 6736 4083
f 5142 4622 6736
f 5564 6737 4321
f 5564 6442 6737
f 5563 6738 4025
f 4619 5033 6738
f 4093 6739 5788
f 5622 4883 6739
f 6703 6768 4794
f 4723 6374 6740
f 6675 6741 3974
f 4879 4585 6741
f 6743 6742 4584
f 5331 4082 6742
f 6742 6743 5331
f 4584 5306 6743
f 7121 6744 4012
f 4584 7256 6744
f 4243 6745 5198
f 4243 5197 6745
f 4428 6746 5426
f 5677 5425 6746
f 5618 6747 4850
f 4379 5494 6747
f 3876 6748 3875
f 5385 4700 6748
f 3991 6749 5451
f 5612 4664 6749
f 7378 6750 4247
f 5305 4369 6750
f 4529 6751 5131
f 5946 3944 6751
f 7478 6752 4488
f 5458 4207 6752
f 4265 6753 5431
f 4265 5295 6753
f 5268 6754 3940
f 5268 6650 6754
f 4327 6755 5588
f 4327 5587 6755
f 4995 6756 5122
f 4995 6435 6756
f 5286 6757 3984
f 5889 4903 6757
f 5405 6758 4597
f 4290 5013 6758
f 5405 6759 4054
f 4597 5197 6759
f 7413 6760 4011
f 5056 5741 7612
f 4708 6761 5044
f 4708 6634 6761
f 6622 6762 5199
f 4715 7334 6762
f 5681 6763 4380
f 5681 4080 7426
f 6243 6764 5117
f 6243 4483 6764
f 5520 6765 3944
f 4600 6766 6765
f 5103 6766 4209
f 4600 6353 6766
f 5691 6767 4626
f 181 182 6767
f 4246 6768 6703
f 5955 4723 6768
f 6136 6769 3938
f 5035 4337 7235
f 50 6770 51
f 50 5089 6770
f 4010 6771 5165
f 4774 5808 6772
f 6771 6772 4672
f 6771 4774 6772
f 5046 6773 4658
f 5046 6555 6773
f 7570 6774 5021
f 3973 5398 6774
f 6595 6775 4614
f 6595 4997 6775
f 6919 6776 4970
f 6176 4578 6776
f 5396 6777 4071
f 4601 6778 6777
f 6594 6778 4601
f 4249 5228 6778
f 4798 6779 6294
f 4798 6972 6779
f 4458 6780 6082
f 4458 6084 6780
f 5120 7301 4130
f 4841 5735 6781
f 4204 6782 6337
f 4534 6336 6782
f 5404 6783 4117
f 4857 4400 6783
f 6023 6784 4572
f 6023 4300 6784
f 6152 6785 5249
f 4453 5576 6785
f 5426 6786 4428
f 5426 4080 6786
f 3985 6787 6050
f 3985 6615 6787
f 4510 6788 6077
f 4668 6789 6788
f 6788 6789 5859
f 4668 6510 6789
f 4441 6790 5576
f 5252 6893 6790
f 7125 6791 4410
f 5016 5801 6791
f 4409 6792 5827
f 4907 5883 6792
f 5755 6793 4019
f 5755 6888 6793
f 7403 6794 5144
f 4773 5558 6794
f 4155 6795 5864
f 6796 4670 5729
f 4155 6796 6795
f 4155 5045 6796
f 99 6797 5761
f 98 5339 6797
f 5096 6798 4693
f 4304 6266 6798
f 4275 6799 5244
f 4275 6329 6799
f 5099 6800 4663
f 5099 6702 6800
f 4496 6801 5592
f 5001 6967 6801
f 5304 6802 4314
f 4743 7166 6802
f 4620 6803 6584
f 4620 5849 6803
f 4188 6804 5142
f 4188 7112 6804
f 5520 6805 4974
f 3944 5946 6805
f 4423 6806 6004
f 6885 4730 6508
f 7368 6807 4289
f 7312 4158 6905
f 4805 6808 6807
f 4805 6721 7537
f 6224 6809 4166
f 5063 4293 7547
f 4278 6810 5302
f 5411 4563 6810
f 7565 6811 5303
f 4278 5302 6811
f 6811 6812 5303
f 4616 5533 7336
f 7517 6813 5707
f 4309 5691 6813
f 6815 6814 4625
f 5251 4258 6814
f 5383 6815 4625
f 5383 6581 6815
f 5111 6816 4625
f 5111 4256 6816
f 5962 6817 4016
f 4835 5488 7563
f 4756 6818 5298
f 6621 4182 6818
f 5819 6819 4091
f 5819 4615 6819
f 5569 6820 5539
f 5569 4373 6820
f 5314 6821 5313
f 5314 27 6821
f 4834 6822 6490
f 4834 5544 6822
f 4661 6823 5689
f 3957 6884 6823
f 5665 6824 4396
f 6924 4087 5539
f 4592 6825 6644
f 4592 6638 6825
f 5371 6826 4635
f 5371 7009 6826
f 7245 6827 5370
f 4137 7269 6827
f 4951 6828 4635
f 4192 5325 6828
f 5733 6829 4694
f 4088 5609 6829
f 4011 6830 6487
f 4910 6911 6830
f 5954 6831 4184
f 6234 4966 6831
f 6833 6832 4689
f 5754 4157 6832
f 6832 6833 5754
f 4689 5333 6833
f 6637 6834 5241
f 4644 7308 6834
f 6240 6835 4468
f 5794 4644 6835
f 4911 6836 5381
f 4911 6306 6836
f 4595 6837 5506
f 5543 7012 6837
f 5507 6838 4689
f 5508 3989 6838
f 5120 6839 4264
f 4680 6840 6839
f 5512 7597 4680
f 184 185 6840
f 5404 7305 5013
f 4687 6695 6841
f 5182 6842 4449
f 5182 3982 6842
f 4373 6843 5457
f 4373 6953 6843
f 5906 6844 3933
f 5906 4763 6844
f 5802 6845 4432
f 6204 4544 6845
f 5288 6846 4983
f 5288 88 6846
f 5979 6847 4298
f 4643 6261 6847
f 5084 6848 4833
f 6181 4172 6848
f 6353 6849 5519
f 4600 5520 6849
f 5111 6850 6208
f 4059 6240 6850
f 7008 7481 4234
f 4807 5496 6851
f 4294 6852 6340
f 4294 5433 6852
f 5667 6853 4802
f 4170 5528 6853
f 7469 6854 5226
f 4912 3911 6854
f 4992 6855 4335
f 4916 6048 6855
f 4515 6856 5766
f 4070 6155 6856
f 4863 6857 6670
f 4863 6089 6857
f 23 6858 24
f 23 6469 6858
f 6056 6859 4470
f 6056 4339 6859
f 5216 6860 4525
f 5216 4253 6860
f 6036 6861 4629
f 5043 5984 6861
f 6484 6862 4405
f 6774 4684 6862
f 6811 6863 4616
f 5302 4091 6863
f 4470 6864 6058
f 4470 6057 6864
f 4525 6865 5256
f 5255 4255 6865
f 6297 6866 3958
f 5162 5858 6866
f 6924 6867 4087
f 6478 4580 6867
f 5605 6868 191
f 4638 5575 6868
f 5581 6869 4338
f 5581 5124 6869
f 5462 6870 3981
f 5462 4752 6870
f 5229 6871 4752
f 5229 4356 6871
f 6338 6872 4175
f 5128 7515 6872
f 5448 6873 4303
f 5448 5912 6873
f 5331 6874 4585
f 5331 4274 6874
f 5818 6875 4208
f 5292 4824 6875
f 7312 6876 4804
f 5277 5278 6876
f 4143 6877 6011
f 4143 6171 6877
f 5194 6878 5634
f 4646 5386 6878
f 5194 6879 4646
f 6475 4475 6879
f 5944 6880 4530
f 5944 4103 6880
f 4923 6881 6198
f 4224 5573 6881
f 4615 6882 6355
f 5819 4563 6882
f 4096 6883 5511
f 4096 5156 6883
f 6465 6884 5265
f 4836 6453 6884
f 4647 6885 6806
f 4647 6081 6885
f 6014 6886 4447
f 4792 4831 6886
f 7049 6887 4260
f 5287 5471 6887
f 6793 6888 4642
f 5755 4397 6888
f 6616 6889 5063
f 4259 5061 6889
f 5166 6890 4189
f 5166 6221 6890
f 5931 6891 5071
f 4744 6079 6891
f 163 6892 5233
f 164 6727 6892
f 6790 6893 4257
f 5252 4512 6893
f 4257 6894 5249
f 4257 6893 6894
f 5251 6895 4258
f 4641 6252 6895
f 6256 6896 4958
f 4121 5838 6896
f 5838 6897 4678
f 4424 5840 6897
f 7189 6898 3983
f 6027 4775 6898
f 6010 6899 4992
f 4304 6798 6900
f 6207 6900 5096
f 4916 6899 6900
f 3991 7511 5099
f 4981 6701 6901
f 6332 6902 4991
f 4230 6000 6902
f 46 6903 47
f 5440 4813 6903
f 6977 6904 4575
f 6049 4112 6904
f 5277 6905 5497
f 5277 7312 6905
f 5671 6906 5822
f 4674 5744 6906
f 5342 6907 4674
f 4905 6979 6907
f 5342 6908 4167
f 5342 4674 6908
f 4447 6909 5407
f 4447 6013 6909
f 5941 7161 4699
f 105 104 6910
f 4553 6911 5864
f 4910 6173 6911
f 5530 6912 4703
f 3908 3909 6912
f 6019 6913 5061
f 4387 6097 6913
f 4565 6914 5204
f 4565 7178 6914
f 6491 6915 4945
f 6491 6470 6915
f 6917 6916 4749
f 4941 6104 6916
f 5725 7313 4749
f 3999 6716 6917
f 4734 6918 5981
f 6244 5198 6918
f 4507 6919 4970
f 4969 5554 6919
f 4386 6920 5764
f 4919 6108 6920
f 5393 6921 4298
f 5393 4415 6921
f 4791 7491 5955
f 6922 7263 7262
f 4929 6923 4749
f 4929 7363 6923
f 4716 6924 6824
f 4716 6478 6924
f 5476 6925 4496
f 6478 4716 6925
f 4629 6926 6036
f 6625 4315 6926
f 4213 6927 5725
f 4213 6665 6927
f 6310 6928 5213
f 4729 6279 6928
f 4216 6929 5847
f 4216 6151 6929
f 7405 6930 5566
f 3947 5475 6930
f 5475 6931 4695
f 4979 5989 6931
f 5892 6932 4409
f 5025 7533 6932
f 6676 6933 5145
f 4183 5449 6933
f 4497 6934 5541
f 5240 6466 6934
f 4030 6935 6186
f 6503 4573 6935
f 6910 6936 4699
f 5364 4291 6936
f 6938 6937 4647
f 7121 5306 6744
f 6806 6938 4647
f 4423 6002 6938
f 4647 6939 6081
f 4012 6348 6939
f 4212 6940 5712
f 5150 6627 6940
f 7520 6941 5427
f 4078 5686 6941
f 6182 6942 4801
f 4202 5481 6942
f 5587 6943 4621
f 5587 4229 6943
f 6545 6944 5053
f 4581 5915 6944
f 7073 6945 4742
f 6872 4656 6945
f 5717 6946 4599
f 5717 4216 6946
f 7611 7207 5072
f 6949 4843 7133
f 6654 6948 3998
f 6947 4858 6948
f 4240 6949 6947
f 7479 6227 4843
f 5169 6950 4052
f 4738 5458 6950
f 4990 6951 4214
f 4738 5169 6951
f 6616 6952 5288
f 4669 6278 7516
f 4460 6953 5569
f 4460 7387 6953
f 7138 6954 4746
f 4182 6620 6954
f 5554 6955 4187
f 6954 4866 6955
f 6957 6956 4649
f 5883 4404 6956
f 7116 6957 5340
f 4089 5883 6957
f 6959 6958 4222
f 4675 5280 6958
f 6960 6959 4222
f 4873 7061 6959
f 5915 6960 4222
f 4961 6062 6960
f 3996 6961 5947
f 4964 5459 6961
f 6690 6962 188
f 6459 5389 6962
f 5399 6963 6085
f 4687 7305 6963
f 5210 6964 4704
f 5210 4107 6964
f 6155 6965 4757
f 4521 6154 6965
f 7196 6966 4985
f 4648 5919 6966
f 6801 6967 4186
f 5001 6143 6967
f 6969 7507 4654
f 4218 6135 6968
f 6997 6969 4009
f 7507 6968 4654
f 4382 6970 5596
f 4382 6426 6970
f 4428 6971 5666
f 4428 6786 6971
f 5958 6972 4798
f 5958 3945 6972
f 6974 6973 4653
f 5677 4428 6973
f 5243 7415 4653
f 4066 5677 6974
f 4653 6975 5243
f 4653 5125 7470
f 5201 6976 4607
f 5201 7047 6976
f 4467 6977 6213
f 4963 6904 6977
f 4163 6978 5844
f 5525 4610 6978
f 6907 6979 4376
f 4905 3960 6979
f 7567 6980 4938
f 5634 3976 6980
f 4946 6981 4421
f 4946 3970 6981
f 4379 7126 5352
f 4808 7127 7169
f 5709 6983 4383
f 4985 6966 6983
f 6985 6984 4824
f 7250 6326 4215
f 5292 6985 4824
f 4030 6186 6985
f 6161 6986 4825
f 6984 4215 6986
f 7144 6987 4750
f 5602 4375 6987
f 5000 6988 3905
f 5736 4943 6988
f 5589 6989 4675
f 4039 5280 6989
f 7061 6990 4675
f 5089 4326 6990
f 5430 7566 4198
f 7566 7370 6991
f 6024 6992 4779
f 4511 6372 6992
f 5323 6993 5636
f 4696 7090 6993
f 7258 6994 4487
f 5693 4979 6994
f 4370 6995 5510
f 5547 6119 6995
f 4084 6996 5262
f 4084 5578 6996
f 4868 6997 5555
f 4868 6969 6997
f 6027 6998 4775
f 4839 6130 6998
f 4340 6999 5621
f 5097 4165 6999
f 5524 7000 4987
f 5250 4258 7000
f 5392 7001 4070
f 5392 4384 7001
f 7220 7002 5109
f 7069 4852 5234
f 7002 7003 5109
f 7002 5234 7003
f 7005 7004 5242
f 4757 6965 7004
f 4227 7005 5242
f 4227 5766 7005
f 5408 7006 5751
f 5408 4299 7006
f 5041 7007 5840
f 4668 6075 7007
f 7429 7008 4234
f 6829 4901 7008
f 5544 7009 5371
f 5544 5413 7009
f 5845 7010 4671
f 5845 5294 7010
f 7146 7011 4236
f 5189 4671 7011
f 5431 7012 4671
f 4079 6837 7012
f 110 7013 111
f 7529 5577 4665
f 6659 7014 4665
f 7229 5138 6691
f 5780 7015 5209
f 5780 4651 7015
f 5656 7016 4921
f 4811 7192 7016
f 4176 7017 5674
f 5420 4589 7017
f 7218 7018 4787
f 4952 5967 7018
f 4603 7019 6033
f 5030 5863 7019
f 6035 7020 4705
f 6035 4107 7020
f 6607 7021 4826
f 4103 5131 7021
f 5390 7022 4283
f 5390 4700 7022
f 6382 7023 4700
f 4528 5997 7023
f 4494 7024 6148
f 3962 6648 7024
f 5473 7025 4774
f 5473 4164 7025
f 4590 7026 5315
f 6242 6327 7026
f 5231 7027 5704
f 5231 4015 7027
f 4322 7028 6659
f 5455 4043 7028
f 5432 7029 4294
f 5432 3957 7030
f 6823 7030 3957
f 4661 7029 7030
f 6447 7031 4007
f 5253 7152 7031
f 5219 7032 5472
f 5219 4178 7032
f 4732 7033 5540
f 5446 4809 7396
f 4176 7034 6390
f 5674 4552 7034
f 3987 7035 5297
f 3987 5460 7035
f 6018 7036 4452
f 5008 4396 7036
f 4670 7037 6012
f 4670 6114 7037
f 6708 7038 4651
f 5926 3991 7038
f 4947 7039 5146
f 3939 5618 7039
f 5001 7040 6143
f 4086 5378 7040
f 3994 7041 5896
f 5401 4636 7041
f 4229 7042 5006
f 5587 4327 7042
f 7124 7043 5316
f 3943 7176 7043
f 5782 7044 4673
f 5782 4865 7044
f 4537 7045 5833
f 4537 5233 7045
f 6843 7046 5457
f 4061 5362 7046
f 6976 7047 4190
f 5201 6187 7047
f 5707 7048 4796
f 6781 4660 7048
f 5287 7049 4489
f 5287 6887 7049
f 5800 7050 4262
f 5034 5977 7050
f 6097 7051 5500
f 4387 5136 7051
f 4305 7052 5466
f 5247 4900 7052
f 4686 7053 6060
f 6010 4992 7053
f 6175 7054 4999
f 4602 6698 7054
f 4022 7538 5108
f 5479 4557 7055
f 4114 7056 5734
f 4904 5696 7056
f 5939 7057 4710
f 6619 4709 7057
f 5939 7058 4765
f 4710 6287 7058
f 4287 7059 5395
f 5130 7408 7545
f 6674 7060 3940
f 5391 4312 7060
f 6959 7061 4675
f 4873 6770 7061
f 4132 7062 5652
f 4132 5263 7062
f 5225 7063 4786
f 5225 7492 7063
f 4495 7064 5379
f 5378 4351 7064
f 5149 7065 4931
f 5149 4232 7065
f 6726 7066 4778
f 3995 5279 7066
f 6226 7067 4205
f 5740 4778 7067
f 4619 7068 5033
f 5619 4148 7068
f 3954 7069 7002
f 3954 5552 7069
f 5552 7070 4852
f 4241 6261 7070
f 4201 7071 5307
f 5032 5896 7071
f 6771 7072 5165
f 4672 5340 7072
f 6724 7073 4742
f 6722 4175 7073
f 5636 7074 4676
f 3959 7275 7074
f 5564 7075 4676
f 4321 5636 7075
f 5756 7076 4078
f 5333 4571 7076
f 7078 7077 4865
f 4492 6288 7077
f 5626 7485 4865
f 5042 6286 7078
f 6086 7079 4033
f 6331 5003 7079
f 4538 7080 5959
f 4538 6431 7080
f 6556 7081 5113
f 4118 5762 7081
f 6111 7082 4859
f 4736 5762 7082
f 187 7083 186
f 5389 7331 7083
f 5761 7084 100
f 4769 5596 7084
f 5905 7085 4279
f 6554 4965 7085
f 7226 7086 4711
f 5020 6657 7086
f 5652 7087 4762
f 4761 5717 7087
f 5717 7088 4216
f 4761 7062 7088
f 6428 7089 4156
f 4696 5323 7089
f 6333 7090 4696
f 4650 6502 7090
f 28 7091 5932
f 28 27 7091
f 5464 7092 5274
f 5961 6706 7092
f 5773 7093 4415
f 4692 5070 7093
f 5648 7094 5805
f 4748 5478 7094
f 6067 7095 5175
f 4454 6065 7095
f 4266 7096 5309
f 4266 5428 7096
f 4800 7097 5036
f 4800 5547 7097
f 5345 7098 4800
f 5439 3980 7098
f 6834 7099 4250
f 5360 4677 7099
f 4677 7100 5523
f 4677 6168 7100
f 5918 7101 4097
f 5918 6862 7101
f 5398 7102 4684
f 4286 5855 7102
f 6393 7103 5088
f 6086 4033 7103
f 4403 7104 5438
f 4403 6358 7104
f 4134 7105 5558
f 7105 7449 7448
f 5557 7106 4683
f 4319 5558 7106
f 4409 7107 5083
f 4409 5338 7107
f 5972 7108 4962
f 5972 5493 7108
f 6409 7109 4679
f 4288 7251 7109
f 5540 7110 4679
f 3966 5814 7110
f 6350 7111 4206
f 6350 4980 7111
f 6702 7112 4188
f 6702 4574 7112
f 7364 7113 4926
f 5503 7508 7113
f 5477 7114 6606
f 4041 7053 7114
f 5104 7115 4285
f 7498 4042 7194
f 4672 7116 5340
f 5809 4089 7116
f 6265 7117 5139
f 6265 5248 7117
f 3969 7118 5632
f 3969 5070 7118
f 5548 7119 5136
f 5548 86 7119
f 4287 7120 5396
f 5395 4601 7120
f 4848 7121 6937
f 4848 5330 7121
f 5486 7122 4720
f 5486 4462 7122
f 5662 7123 4150
f 5662 5627 7123
f 5627 7124 4720
f 3943 7043 7124
f 5974 7125 4410
f 4939 5016 7125
f 5135 7126 4379
f 5135 4808 7126
f 5036 7169 6053
f 4808 5868 7127
f 6285 7128 4724
f 6285 4794 7128
f 5807 7129 5095
f 5937 4221 7129
f 4364 7130 6700
f 4364 5732 7130
f 4654 7131 5956
f 4654 5550 7131
f 4982 7132 6380
f 5503 42 7132
f 6949 7133 4858
f 4843 5858 7133
f 6332 7134 5119
f 4541 7532 7134
f 6497 7135 4737
f 4919 4118 7135
f 5874 7136 3936
f 5044 6630 7136
f 4728 7137 5798
f 4728 5448 7137
f 5771 7138 4867
f 4182 6954 7138
f 5351 7139 4339
f 4746 5554 7139
f 5443 7140 4697
f 3952 7476 7140
f 4697 7141 5443
f 4697 5738 7141
f 7141 7142 4301
f 5738 4698 7142
f 5996 7143 4690
f 5996 3951 7143
f 6987 7144 4046
f 4750 5517 7144
f 6034 7145 4938
f 4360 5467 7145
f 5570 7146 4236
f 4712 5189 7146
f 5595 7147 4067
f 4712 5570 7147
f 5594 7148 4325
f 4712 5595 7148
f 5502 7149 4926
f 6094 4461 7149
f 5831 7219 4717
f 5830 4116 7150
f 5426 7151 5436
f 5426 6746 7151
f 5543 7152 4236
f 5543 4595 7152
f 6641 7153 4702
f 6308 4115 7153
f 6660 7154 4702
f 6669 4114 7154
f 7530 7155 5479
f 5769 6526 7155
f 6376 7156 4745
f 6239 4177 7156
f 6853 7157 4802
f 5513 4047 7157
f 5131 7158 7021
f 4393 5820 7158
f 5452 7159 4545
f 5452 4292 7159
f 6234 7160 4966
f 6234 4759 7160
f 6910 7161 105
f 6910 4699 7161
f 7477 7162 4000
f 5151 4628 7162
f 3979 7163 6100
f 5758 5060 7163
f 4853 7164 6079
f 4853 6120 7164
f 63 7165 64
f 4944 6582 7165
f 4451 7166 5850
f 5239 6802 7166
f 4124 7167 6687
f 4124 5459 7167
f 7437 7168 5275
f 4543 5400 7168
f 6982 7169 4038
f 6982 4808 7169
f 4312 7170 5312
f 4312 5694 7170
f 6381 7171 4973
f 6465 4171 7171
f 6320 7172 4872
f 7171 4171 7172
f 5988 7173 4142
f 5988 5510 7173
f 4614 7174 5468
f 4614 6775 7174
f 3980 7175 5968
f 5439 4884 7175
f 7177 7176 4759
f 5374 7043 7176
f 5212 7177 4759
f 4244 5374 7177
f 6361 7178 4565
f 6361 3956 7179
f 7178 7179 4744
f 3956 5322 7179
f 4073 7180 5368
f 4955 7404 7180
f 5411 7181 6631
f 4789 5988 7181
f 4051 7182 5865
f 4051 6088 7182
f 5865 7183 4446
f 5865 7182 7183
f 5060 7184 4141
f 4803 6422 7184
f 5567 7185 5113
f 5567 4595 7185
f 4635 7186 5371
f 5325 4855 7186
f 4060 7187 5559
f 5080 6011 7187
f 6084 7188 4840
f 4146 6705 7188
f 6780 7189 4754
f 4840 6898 7189
f 5088 7190 5975
f 4358 6245 7190
f 5792 7191 4061
f 5792 4430 7191
f 6688 7192 4811
f 4842 5831 7192
f 7194 7193 4722
f 5245 6329 7193
f 7115 7498 4722
f 4042 5245 7194
f 4804 7195 5282
f 4804 6876 7195
f 6966 7196 4648
f 4985 5709 7196
f 5257 7197 6684
f 4933 6217 7197
f 4223 7198 5976
f 4223 7226 7198
f 7159 7199 5415
f 4292 5416 7199
f 6285 7200 4245
f 6605 5153 7200
f 3961 7201 5965
f 3961 6063 7201
f 7566 7202 4721
f 5430 4266 7202
f 5368 7203 4073
f 5368 7370 7203
f 6130 7204 4127
f 4776 6205 7204
f 5620 7205 4340
f 5620 5739 7205
f 7398 7206 4989
f 4896 6551 7206
f 6947 7207 4240
f 6947 5072 7207
f 5516 7208 4790
f 5363 4291 7208
f 4244 7209 5374
f 5213 6680 7209
f 4043 7210 5091
f 4957 5593 7210
f 6233 7211 5206
f 6233 4491 7211
f 4851 7212 5424
f 7506 5991 33
f 5010 7213 5422
f 5010 4416 7213
f 46 7214 5440
f 45 5637 7214
f 6803 7215 4008
f 4786 6127 7215
f 7277 7216 4272
f 5504 5225 7216
f 5157 7217 5357
f 5924 4280 7217
f 7320 7218 4787
f 4455 6119 7218
f 4390 7219 5831
f 5830 7150 7219
f 6037 7220 5109
f 4765 7058 7220
f 3883 7324 3882
f 6103 4906 7221
f 5534 7222 4508
f 5534 5623 7222
f 5529 7223 4437
f 5529 3960 7223
f 7223 7224 4437
f 7223 5308 7224
f 161 7225 160
f 161 5714 7225
f 5020 7226 4223
f 5020 7086 7226
f 4691 7227 5178
f 5894 4109 7227
f 5884 7228 6203
f 4436 5885 7228
f 4827 7229 7014
f 4827 5138 7229
f 4660 7230 6496
f 5735 6495 7230
f 6355 7231 3949
f 4861 6066 7231
f 5436 7232 4080
f 5436 4513 7232
f 6903 7233 47
f 4813 5590 7233
f 6192 7234 5911
f 4152 5724 7234
f 6769 7235 4714
f 4337 5601 7235
f 5450 7236 4108
f 4714 7235 7236
f 6870 7237 3981
f 5183 4792 7237
f 5631 7238 4792
f 5631 4139 7238
f 7224 7239 4719
f 4440 5943 7239
f 5912 7240 4413
f 5912 5197 7240
f 4741 7241 6228
f 4741 6028 7241
f 5876 7242 4727
f 5876 3984 7242
f 5092 7243 5595
f 5593 4325 7243
f 5551 7244 4948
f 4281 5472 7244
f 6117 7245 4817
f 4137 6827 7245
f 5349 7246 4440
f 5349 6117 7246
f 4819 7247 5898
f 4819 5843 7247
f 3988 7248 5014
f 6678 4599 7248
f 6309 7249 5058
f 6350 4206 7249
f 5011 7250 6984
f 5011 5659 7250
f 7109 7251 5540
f 4288 5497 7251
f 7365 7252 4732
f 4235 5446 7252
f 5713 7253 4227
f 5114 6420 7253
f 4851 7254 5425
f 4851 5424 7254
f 4020 7255 5442
f 4020 6172 7255
f 4395 7256 5811
f 5017 6744 7256
f 3885 7257 6080
f 3886 5908 7257
f 7259 7258 6140
f 4728 5693 7258
f 5448 7259 4054
f 4728 7258 7259
f 5992 7260 4739
f 4417 5847 7260
f 34 7261 35
f 4739 6185 7261
f 6922 7262 4723
f 4745 5266 7262
f 6177 7263 3972
f 6376 4745 7263
f 6425 7264 4176
f 5037 5420 7264
f 6148 7265 4494
f 6148 4243 7265
f 4343 7266 5298
f 5381 6836 7266
f 7337 7269 4816
f 4137 6117 7267
f 5572 7268 4346
f 7267 4818 7268
f 7267 7269 4137
f 7267 4816 7269
f 5473 7270 4514
f 6368 4010 7270
f 7415 7271 4066
f 5121 5847 7271
f 4075 7272 5599
f 5417 4559 7272
f 3879 7273 3878
f 5597 4348 7273
f 5545 7274 3993
f 5545 4533 7274
f 7074 7275 5698
f 3959 5115 7275
f 7277 7276 5504
f 4758 5242 7276
f 5698 7277 4272
f 4758 7276 7277
f 6252 7278 4987
f 4060 5559 7278
f 6078 7279 4909
f 4029 5614 7279
f 7328 7280 5266
f 4725 5615 7280
f 6018 7281 5380
f 4452 6197 7281
f 6362 7282 4565
f 4812 5369 7282
f 6209 7283 3945
f 5304 5489 7283
f 5017 7284 6348
f 5017 5684 7284
f 5698 7285 4676
f 5698 4272 7285
f 5432 7286 4953
f 6340 4577 7286
f 4315 7287 5498
f 5182 5796 7287
f 4098 7288 6362
f 6392 4564 7288
f 4717 7289 5573
f 4717 7150 7289
f 5628 7290 4516
f 5185 4121 7290
f 4903 7291 6809
f 5889 5285 7291
f 4147 7292 5214
f 4147 5748 7292
f 5527 7293 4195
f 5527 4392 7293
f 4542 7294 6499
f 6373 4825 7294
f 4978 7295 6186
f 4232 5659 7295
f 5608 7296 4783
f 4074 6115 7296
f 5583 7297 4688
f 5583 4366 7297
f 5185 7298 4509
f 4799 6471 7298
f 4375 7299 5784
f 4375 5602 7299
f 5986 7300 4740
f 6570 4254 7300
f 5867 7301 5120
f 4841 6781 7301
f 6600 7302 5086
f 4806 6138 7302
f 6600 7303 4806
f 5094 7538 7303
f 5873 7304 4388
f 5873 4975 7304
f 5013 7305 6841
f 5404 6963 7305
f 6301 7409 4317
f 5215 6283 7306
f 6643 7307 4026
f 6643 4949 7307
f 5794 7308 4644
f 5794 4112 7308
f 7321 7309 4920
f 5269 4279 7309
f 4735 7310 5649
f 4735 6044 7310
f 7580 7311 4307
f 5450 4735 7311
f 6808 7312 4804
f 6808 4158 7312
f 6917 7313 3999
f 5725 4609 7313
f 3945 7314 6209
f 5958 4556 7314
f 3996 7315 6496
f 5947 4796 7315
f 7614 7316 4741
f 6494 4211 7316
f 4839 7317 6130
f 4429 6074 7317
f 4567 7318 5606
f 4567 5211 7318
f 6525 7319 4934
f 6316 4003 7319
f 4455 7320 6118
f 4787 5952 7320
f 6354 7321 4920
f 6354 3949 7321
f 5495 7322 5153
f 5495 5178 7322
f 7553 7323 4809
f 5671 4377 7323
f 7221 7324 6103
f 7221 3882 7324
f 4256 7325 5173
f 6208 4468 7325
f 6515 7326 6023
f 4027 6704 7326
f 5061 7327 4016
f 5061 6913 7327
f 6250 7328 5266
f 6250 4909 7328
f 4458 7329 6084
f 4838 6097 7329
f 5075 7330 5710
f 4264 6839 7330
f 7083 7331 4869
f 5389 4295 7331
f 7541 7332 4781
f 5598 4348 7332
f 6174 7333 3880
f 4781 5597 7333
f 5862 7334 4715
f 5862 4132 7334
f 7089 7335 4156
f 5323 4321 7335
f 5860 7336 4701
f 6812 4616 7336
f 7353 7337 4816
f 5668 4951 7337
f 5181 7338 5897
f 5181 4499 7338
f 4727 7339 5876
f 5798 7137 7339
f 7047 7340 4190
f 7047 4779 7340
f 6290 7341 4496
f 6290 4086 7341
f 7343 7342 4747
f 4171 6465 7342
f 7344 7343 4747
f 4560 6479 7554
f 6603 7344 4180
f 6603 4560 7344
f 5565 7345 6225
f 4783 7296 7345
f 5361 7346 5994
f 4682 5995 7346
f 5825 7347 4685
f 5825 4017 7347
f 7591 7348 4896
f 5311 4138 7348
f 5843 7349 4028
f 5326 4965 7349
f 7569 7350 5328
f 4285 7115 7350
f 5328 7351 4940
f 7350 4722 7351
f 3960 7352 5349
f 3960 5810 7352
f 4035 7353 5572
f 4035 5668 7353
f 4449 7354 5796
f 6047 5727 7354
f 4366 7355 5584
f 5722 4713 7355
f 5804 7356 5358
f 5804 5434 7356
f 5704 7357 4280
f 4886 6734 7357
f 4407 7358 5372
f 5562 4196 7358
f 5911 7359 5229
f 4289 5282 7359
f 6180 7360 5268
f 4501 6179 7360
f 6712 7361 4057
f 4788 7362 7363
f 5384 7362 4788
f 5384 6665 7362
f 7361 7363 4929
f 7362 4213 7363
f 5637 7364 4926
f 43 42 7364
f 5497 7365 4732
f 5497 4443 7365
f 5440 7366 4813
f 4135 7486 7366
f 5720 7367 3998
f 5720 4480 7367
f 6807 7368 5874
f 4289 5911 7368
f 5866 7369 4913
f 4446 5758 7369
f 6991 7370 4751
f 4721 7203 7370
f 7180 7371 5368
f 4399 5799 7371
f 5626 7372 4036
f 5737 5179 7372
f 5541 7373 4525
f 5541 4062 7373
f 5232 7374 4280
f 5232 4880 7374
f 7565 7375 4278
f 5301 6005 7375
f 7189 7376 4754
f 3983 5421 7376
f 7376 7377 4754
f 7376 5421 7377
f 6059 7378 4247
f 6059 4681 7378
f 7573 7379 4847
f 6016 4478 7379
f 5028 7380 4510
f 5279 3995 7380
f 6194 7381 4760
f 6194 4782 7449
f 5937 7382 4221
f 4760 5122 7382
f 5290 7383 5289
f 5290 6232 7383
f 7385 7384 4785
f 6093 4005 7384
f 5971 7385 4785
f 4438 6093 7385
f 34 7386 5992
f 33 5991 7386
f 5792 7387 5081
f 5792 5019 7387
f 4444 7388 5237
f 5778 3930 7388
f 5258 7389 5949
f 4302 5445 7389
f 5673 7390 4382
f 4767 5271 7390
f 5579 7391 4133
f 4767 7390 7391
f 6573 7392 4270
f 5353 7615 7392
f 4780 7393 6544
f 4780 5952 7393
f 5891 7394 4733
f 5891 3937 7394
f 5596 7395 102
f 6970 5170 7395
f 7033 7396 3966
f 7033 5446 7396
f 5268 7397 6650
f 4874 6190 7397
f 6352 7398 4989
f 4268 6008 7591
f 4384 7399 5775
f 6550 4772 7399
f 5229 7400 4356
f 7359 5282 7400
f 6359 7401 5079
f 4029 6078 7401
f 4995 7402 6613
f 4134 5558 7402
f 4085 7403 5144
f 4085 6437 7403
f 4399 7404 5034
f 4955 5888 7404
f 5938 7405 4782
f 3947 6930 7405
f 4537 7406 5714
f 4537 6795 7406
f 6247 7407 4500
f 6247 4064 7407
f 4238 7408 5146
f 5130 7502 7408
f 4511 7409 5260
f 5215 7306 7409
f 7407 7410 4500
f 4833 7411 7410
f 5164 7411 4833
f 5164 5914 7411
f 4514 7412 5473
f 6458 4844 7412
f 5628 7413 4011
f 5628 4516 7413
f 4337 7414 5601
f 4337 5544 7414
f 4653 7415 6974
f 5243 5121 7415
f 114 7416 3934
f 113 6424 7416
f 5910 7417 3866
f 5910 6423 7417
f 6126 7418 4971
f 6967 4821 7418
f 6563 7419 4713
f 6563 3956 7419
f 5580 7420 3978
f 4768 7568 7420
f 4323 7421 5580
f 4323 5579 7421
f 4133 7422 5579
f 4133 5207 7422
f 7436 7423 5069
f 5820 4393 7423
f 4235 7424 5337
f 5743 4623 7424
f 4095 7425 6033
f 5163 6321 7425
f 5681 7426 6763
f 4080 7232 7426
f 4347 7427 5648
f 5646 4748 7427
f 5410 7428 3932
f 5410 5237 7428
f 6595 7429 4234
f 5480 4694 7429
f 5775 7430 4277
f 4772 5319 7430
f 6550 7431 4772
f 6550 5005 7431
f 6653 7432 4098
f 5177 5588 7432
f 7432 7433 4875
f 5588 4179 7433
f 5581 7434 4775
f 5581 4338 7434
f 5827 7435 5338
f 5827 5809 7435
f 6325 7436 5012
f 4037 7423 7436
f 5617 7437 4269
f 5617 4543 7437
f 4049 7438 5948
f 4049 5372 7438
f 5421 7439 5144
f 5421 6293 7439
f 4208 7440 5928
f 4208 6161 7440
f 4734 7441 6244
f 6456 4126 7441
f 6882 7442 4861
f 6631 4142 7442
f 7609 7443 5574
f 4777 5505 7443
f 3939 7444 5135
f 3939 5927 7444
f 4472 7445 5927
f 4472 5332 7445
f 5542 7446 4457
f 5542 4039 7446
f 5770 7447 4359
f 5770 5455 7447
f 4134 7449 7105
f 4782 5566 7448
f 6194 7449 7381
f 4782 7448 7449
f 5271 7450 6543
f 4040 5522 7450
f 4324 7451 5522
f 4324 5516 7451
f 5996 7452 4481
f 5996 4690 7452
f 4417 7453 5903
f 5991 4851 7453
f 6101 7454 4151
f 4811 5656 7454
f 4767 7455 6614
f 5579 4323 7455
f 31 7456 5424
f 30 29 7456
f 4065 7457 5456
f 4065 5952 7457
f 5456 7458 4267
f 5456 7457 7458
f 5244 7459 4940
f 5244 3868 7459
f 5853 7460 5207
f 4519 6030 7460
f 4552 7461 5837
f 6156 5835 7461
f 7099 7462 4250
f 5523 4526 7462
f 4681 7463 6559
f 5184 4856 7463
f 4813 7464 5590
f 5653 4326 7464
f 5340 7465 4249
f 5340 4649 7465
f 6154 7466 4123
f 6154 4791 7466
f 165 7467 5795
f 166 6734 7467
f 5480 7468 3975
f 5480 4614 7468
f 6321 7469 5226
f 4201 4912 7469
f 4200 7470 5537
f 6975 4653 7470
f 5631 7471 4139
f 4876 4394 7471
f 5551 7472 4281
f 5551 4531 7472
f 4536 7473 6511
f 5248 6265 7473
f 5626 7474 4350
f 5782 4673 7474
f 5153 7475 7200
f 5188 5087 7475
f 5347 7476 4830
f 3952 6089 7476
f 5415 7477 4000
f 5415 7199 7477
f 7560 7478 4488
f 5613 4052 7478
f 4240 7479 6949
f 4240 6440 7480
f 7479 7480 4784
f 7479 4240 7480
f 4234 7481 6851
f 7008 4901 7481
f 6227 7482 4162
f 4784 6513 7482
f 4168 7483 6002
f 4168 5330 7483
f 5653 7484 4326
f 5653 4771 7484
f 6296 7485 4036
f 5042 7078 7485
f 4771 7486 5697
f 5653 7366 7486
f 6864 7487 5169
f 4845 5817 7487
f 6430 7488 4789
f 6430 5036 7488
f 6246 7489 4872
f 6246 3990 7489
f 5908 7490 4971
f 3887 3888 7490
f 5955 7491 6922
f 4791 6153 7491
f 7466 7492 5225
f 4791 5955 7492
f 5424 7493 4355
f 7456 5112 7493
f 4094 7494 6375
f 5993 6601 7494
f 7173 7495 6066
f 4829 6065 7495
f 5788 7496 4570
f 5788 4371 7496
f 5462 7497 4752
f 5483 4152 7497
f 4722 7498 7194
f 5104 4042 7498
f 4174 7499 6053
f 5345 4800 7499
f 5732 7500 4956
f 3975 5474 7500
f 5713 7501 4650
f 5713 4227 7501
f 7408 7502 4374
f 5130 4287 7502
f 5851 7503 5354
f 5851 4451 7503
f 6638 7504 4795
f 6076 4510 7504
f 6141 7505 4092
f 6141 4704 7505
f 4851 7506 7212
f 4851 5991 7506
f 4868 7507 6969
f 4868 5923 7507
f 7132 7508 5503
f 4982 5176 7508
f 6380 7509 4982
f 5199 6762 7509
f 5985 7510 4197
f 5022 5760 7510
f 6901 7511 4981
f 6901 5099 7511
f 6703 7512 4927
f 4794 6285 7512
f 5494 7513 4077
f 5494 4378 7513
f 3965 7514 5799
f 6572 5834 7514
f 5917 7515 5128
f 4107 6007 7515
f 89 7516 90
f 6952 4669 7516
f 4309 7517 6504
f 4309 6813 7517
f 6463 7518 4228
f 6463 5720 7518
f 7615 7519 4023
f 5353 4389 7519
f 4577 7520 5427
f 5854 4078 7520
f 5054 7521 4950
f 4361 6712 7521
f 7523 7522 5259
f 4950 6301 7522
f 7522 7523 4950
f 5259 4042 7523
f 3999 7524 5496
f 6414 4544 7524
f 55 7525 56
f 55 5695 7525
f 5846 7526 4238
f 5846 4850 7526
f 5639 7527 4077
f 4850 6747 7527
f 6161 7528 5009
f 4825 6373 7528
f 110 7529 7013
f 110 109 7529
f 5094 7530 5479
f 6750 4369 7530
f 6570 7531 5168
f 4785 7384 7531
f 4630 7532 5515
f 4630 5777 7532
f 6537 7533 5025
f 4015 5881 7533
f 6184 7534 4980
f 6184 4002 7534
f 4498 7535 5537
f 6387 4063 7535
f 5772 7536 5773
f 5178 7227 7536
f 4805 7537 6808
f 5086 7302 7537
f 7303 7538 4022
f 5479 7055 7538
f 4633 7539 5764
f 4633 6627 7539
f 6055 7540 4847
f 6055 4308 7540
f 6394 7541 4781
f 6394 4129 7541
f 6591 7542 5417
f 6591 4198 7542
f 5795 7543 6558
f 4886 5704 7543
f 6166 7544 4019
f 6166 4579 7544
f 6535 7545 4238
f 5193 7059 7545
f 4725 7546 5615
f 5614 4333 7546
f 5063 7547 6809
f 4293 5585 7547
f 5826 7548 3896
f 4988 5900 7548
f 6262 7549 4538
f 6193 4810 7549
f 4088 7550 6054
f 5224 6647 7550
f 5850 7551 5376
f 5850 4053 7551
f 4194 7552 5517
f 4959 5823 7552
f 5337 7553 4809
f 4167 5671 7553
f 7343 7554 4976
f 6479 4064 7554
f 6522 7555 4539
f 6522 6217 7555
f 6098 7556 4276
f 4933 7197 7556
f 4364 7557 5732
f 5733 4694 7557
f 6651 7558 5409
f 4163 5844 7558
f 5593 7559 4284
f 7243 5092 7559
f 5643 7560 4488
f 5643 4693 7560
f 26 7561 5313
f 25 24 7561
f 4006 7562 5251
f 5249 6894 7562
f 5062 7563 4293
f 5062 6817 7563
f 6672 7564 5403
f 4487 6994 7564
f 5301 7565 6230
f 4278 6811 7565
f 7370 7566 4721
f 6991 4198 7566
f 6202 7567 4938
f 4435 5634 7567
f 7420 7568 5206
f 4768 7422 7568
f 7350 7569 4285
f 5328 6235 7569
f 3973 7570 6664
f 3973 6774 7570
f 6003 7571 4846
f 3951 5765 7571
f 4847 7572 6055
f 4847 6015 7572
f 7540 7573 4847
f 4071 6016 7573
f 6002 7574 4168
f 4846 6055 7574
f 193 7575 6485
f 193 194 7575
f 4690 7576 6004
f 7143 6003 7576
f 4039 7577 6031
f 4039 5589 7577
f 4828 7578 5640
f 7441 4126 7578
f 3876 7579 5385
f 3877 3878 7579
f 5501 7580 4307
f 5501 4714 7580
f 4822 7581 5622
f 4822 5620 7581
f 4305 7582 6112
f 4305 5466 7582
f 6135 7583 4921
f 6386 4558 7583
f 7016 7584 4921
f 4018 6282 7584
f 4532 7585 6086
f 5095 5123 7585
f 5358 7586 3963
f 5702 4520 7586
f 4837 7587 6330
f 4837 5238 7587
f 4814 7588 5039
f 4814 5697 7588
f 6513 7589 5211
f 3993 6408 7589
f 6408 7590 4814
f 6408 4363 7590
f 4268 7591 7398
f 5311 7348 7591
f 4512 7592 5913
f 4512 6412 7592
f 7592 7593 4823
f 3938 5501 7593
f 5290 7594 6232
f 4143 5913 7594
f 5098 7595 6413
f 4232 7295 7595
f 6045 7596 4412
f 6045 4820 7596
f 184 7597 183
f 6840 4680 7597
f 5689 7598 4211
f 5689 4986 7598
f 5473 7599 4164
f 4844 5920 7599
f 4535 7600 5419
f 4535 6506 7600
f 5673 7601 4769
f 5673 4382 7601
f 5690 7602 5139
f 174 175 7602
f 5055 7603 4145
f 4958 7620 7603
f 4943 7604 6444
f 5736 4203 7604
f 5772 7605 5179
f 4415 5393 7605
f 6243 7606 4483
f 6243 5975 7606
f 6587 7607 3955
f 4889 6273 7607
f 5356 7608 4297
f 5902 4494 7608
f 5754 7609 4157
f 5754 4777 7609
f 4314 7610 5490
f 4862 6157 7610
f 5382 7611 4225
f 5382 7207 7611
f 5056 7612 6760
f 5741 4442 7612
f 4424 7613 5839
f 6532 4624 7613
f 4659 7614 5745
f 6494 7316 7614
f 7519 7615 5353
f 4023 6330 7615
f 5537 7616 4200
f 7617 4320 5464
f 5015 7617 7616
f 5015 5461 7617
f 5104 7618 6277
f 4285 6132 7618
f 5887 7619 4156
f 4887 5749 7619
f 6896 7620 4958
f 6896 4678 7620
f 4676 7621 5564
f 5334 4081 7621
f 8029 202 115
f 7962 8142 7776
f 115 8295 8029
f 7971 8046 7741
f 8082 7837 8154
f 8073 7971 8142
f 8126 7897 7671
f 8154 8046 7795
f 7940 8291 7658
f 8064 7861 7692
f 7977 8206 122
f 124 8069 8229
f 7869 8055 7948
f 7791 7902 8256
f 7952 126 127
f 8300 7968 8311
f 7935 8192 7681
f 7909 8116 7685
f 8149 7935 7769
f 8017 7988 7909
f 7988 134 8043
f 7649 137 8273
f 8239 8067 7695
f 8323 8239 7806
f 7888 7665 7860
f 8041 8187 7886
f 8275 8308 8227
f 8219 140 141
f 7938 226 225
f 7888 7850 7665
f 7867 7735 7868
f 8309 8172 7858
f 8282 7942 7662
f 8313 7871 7708
f 8168 148 149
f 7922 8168 8313
f 8278 150 7913
f 8065 7965 7662
f 7853 7836 7760
f 8101 7836 153
f 7851 7905 7998
f 7974 8083 7750
f 242 158 58
f 8261 7781 7974
f 8056 8162 7781
f 8196 8321 7709
f 241 8162 8056
f 8339 7991 7826
f 239 8354 7916
f 8303 7912 7652
f 8321 8359 7709
f 8267 8241 237
f 7763 8140 7991
f 7937 7966 7650
f 7939 235 8355
f 7991 8339 7711
f 8355 233 8034
f 8201 231 230
f 8201 230 7854
f 8330 8080 144
f 8163 228 7859
f 8144 7938 7730
f 228 227 7859
f 8215 8222 7963
f 8011 8062 8223
f 7924 7779 7941
f 8139 7900 7959
f 8226 7941 221
f 8226 221 220
f 8023 7655 7841
f 8305 218 217
f 8305 217 7904
f 8100 7928 7719
f 8343 7947 7719
f 7917 215 214
f 8012 8081 212
f 8240 8012 212
f 8341 8016 8342
f 8288 8047 7693
f 8130 7743 7982
f 207 8130 208
f 7986 8169 7777
f 8170 7962 7776
f 204 203 8169
f 115 202 57
f 136 7622 135
f 8043 134 135
f 8017 133 7988
f 8102 132 8017
f 8086 7623 7624
f 129 8137 8094
f 8353 7626 8014
f 8069 125 8238
f 8057 8025 8059
f 8058 7865 7688
f 8005 7890 7736
f 7629 8009 7628
f 8002 8184 7705
f 8002 7633 7834
f 7632 8002 7890
f 8144 227 226
f 8294 7635 7636
f 8108 7855 7694
f 8332 8118 7759
f 8153 7638 7639
f 8004 7874 7738
f 7874 7641 7642
f 8004 7641 7874
f 7874 7642 8000
f 8109 8298 7644
f 8109 7644 7645
f 8307 8269 7646
f 8308 8275 7803
f 7834 7634 7944
f 7944 7849 7726
f 7817 7960 7661
f 8195 7879 7666
f 8267 236 235
f 8248 8234 7853
f 8187 8041 7653
f 7892 147 7922
f 7978 8111 7757
f 8194 7993 7920
f 8232 222 7941
f 7959 7900 7651
f 8316 7985 7656
f 8088 7636 7637
f 8237 7948 7657
f 7825 7624 8097
f 7846 7967 8302
f 8290 8113 7672
f 7982 8240 210
f 7881 8072 7658
f 8183 7699 8277
f 8221 224 223
f 8236 7719 7904
f 8185 7980 7700
f 8182 7910 7690
f 7956 8280 7664
f 7813 8008 8327
f 7915 8199 7950
f 8354 8063 7916
f 8101 153 154
f 8067 8227 7695
f 8124 7873 8275
f 8350 7907 7666
f 8294 8088 7849
f 8176 7931 7887
f 8153 7639 7934
f 7973 8244 7668
f 7976 7732 7912
f 7757 7828 8112
f 8233 8180 8037
f 8249 7670 7927
f 7842 7627 7628
f 8042 8064 7692
f 8191 7651 7900
f 8121 7756 8008
f 8270 8199 7829
f 8262 7888 7717
f 7653 7831 8187
f 8150 8026 7674
f 8355 234 233
f 8033 7933 7840
f 8303 7652 7835
f 8077 8123 7694
f 8038 8346 7690
f 7955 8013 7677
f 8234 152 7836
f 7896 8090 7678
f 8039 8179 7881
f 7997 8066 7679
f 8068 220 219
f 7704 7987 7840
f 8106 7947 7679
f 8311 7734 7952
f 7954 7896 7678
f 7816 7981 7682
f 8031 8245 7667
f 7979 7815 7683
f 8218 7651 7946
f 8257 7914 7684
f 8208 8070 7674
f 8216 7909 7685
f 8086 8043 7623
f 8112 7828 7686
f 7969 7766 7980
f 7989 8016 7743
f 8081 213 212
f 8145 8096 7767
f 8349 8030 7701
f 8229 7845 7977
f 7975 7844 8072
f 8018 7983 7794
f 7822 7957 7652
f 8152 7995 7691
f 7862 8128 8127
f 119 8276 8073
f 8064 7827 8091
f 206 7986 7848
f 7861 8064 7753
f 7943 8077 8272
f 7855 7720 7856
f 8171 8239 8323
f 8307 7646 7647
f 8167 8179 7696
f 8103 7895 7672
f 8074 8144 7730
f 8163 7854 230
f 8298 7872 8000
f 8181 7887 7784
f 8228 8340 7875
f 7914 8032 7684
f 8174 7883 8175
f 7969 7937 7650
f 8338 8045 7701
f 8059 7865 7745
f 8188 7900 7702
f 8053 8052 7818
f 7998 7906 7750
f 153 7836 152
f 8159 7926 7704
f 8157 8175 7884
f 8005 8057 7918
f 8158 7927 7802
f 7919 7880 7729
f 8098 7999 7698
f 8051 7871 7707
f 8335 7998 7703
f 146 8022 145
f 7965 7871 7662
f 8162 7916 7781
f 156 8084 155
f 8141 7710 7911
f 7835 8325 8032
f 8089 7991 7711
f 8267 237 236
f 8137 8149 7769
f 8237 7953 8265
f 8115 7915 8322
f 8119 7694 7855
f 8176 8018 7714
f 7983 8048 7722
f 7902 8255 7715
f 8076 8024 7705
f 8001 8010 7716
f 8195 7984 8194
f 142 143 7858
f 7951 7923 7729
f 8013 7955 7822
f 8155 8021 7821
f 7817 8254 7833
f 216 7904 217
f 8108 8224 7720
f 8347 8211 7876
f 8021 8155 7721
f 8044 8198 7697
f 8279 7722 7973
f 8048 7823 7690
f 8139 7959 7723
f 7960 7979 7814
f 7948 8237 7787
f 7908 7940 7786
f 7879 8195 8193
f 8015 7816 7682
f 8184 7834 7726
f 7981 7849 8134
f 7996 7814 7727
f 8066 7773 8011
f 7813 8007 7728
f 7894 8103 7672
f 7951 7729 7850
f 8352 8351 7843
f 227 8144 7859
f 7832 8230 8252
f 8031 7990 7731
f 8298 7643 7644
f 7976 7942 7732
f 8304 8065 7662
f 8003 8318 7733
f 8206 8082 121
f 8110 7968 7786
f 8148 8094 7769
f 146 7892 8022
f 8133 7965 7754
f 7630 8005 7918
f 8076 7852 8158
f 8070 7889 7737
f 8201 8034 232
f 7640 8004 7934
f 8217 8031 7667
f 8035 7937 7739
f 8185 8156 7885
f 8200 7895 7740
f 7903 8103 7755
f 117 8142 7962
f 8104 8138 7659
f 8151 7961 7742
f 8100 7917 7764
f 209 208 7982
f 8203 8104 7659
f 8049 7835 7744
f 8340 8228 7699
f 8009 7918 7745
f 8122 7901 7748
f 8316 7746 7993
f 8272 8119 7782
f 7877 8075 7747
f 8156 8185 7700
f 8096 7688 8225
f 8338 7896 7797
f 8105 8065 8304
f 7923 7886 7729
f 8359 7851 7750
f 155 7906 154
f 8172 7888 7751
f 8219 8171 140
f 8306 7752 8126
f 8190 8191 7772
f 8046 7692 7861
f 8186 7899 7702
f 8133 7754 7921
f 7932 8345 7749
f 8202 7903 7755
f 7946 8121 7728
f 8121 7894 7756
f 8209 8060 7771
f 8286 8111 7978
f 8113 8112 7830
f 8106 8011 7758
f 221 7941 222
f 8118 8332 7809
f 7995 7934 7738
f 8147 7853 7760
f 8246 8280 7792
f 8320 8026 7761
f 8155 8150 7964
f 8180 8233 7762
f 8129 8128 7770
f 8320 8117 8026
f 8208 8089 7889
f 8342 8079 8012
f 8081 7917 214
f 7925 8054 7765
f 7660 8006 8252
f 8328 7980 7766
f 8228 7949 7699
f 8301 7825 7767
f 8145 8014 7842
f 7933 8174 7768
f 8173 8157 7925
f 8207 8102 7780
f 8094 8114 128
f 8177 7931 7770
f 8233 8078 7656
f 8322 8035 7771
f 7663 8071 8036
f 7899 8189 8188
f 8191 8235 7651
f 7840 8062 7773
f 7841 7997 8329
f 7936 8193 7774
f 8316 8078 7746
f 7910 8182 7775
f 7942 8282 7793
f 116 117 7962
f 8348 7971 7741
f 8169 8029 7777
f 8169 7986 205
f 8301 8116 7825
f 7623 8043 7622
f 225 8221 7938
f 8226 8068 7758
f 131 8102 7893
f 8216 7685 7869
f 242 241 8056
f 157 7974 156
f 8250 7943 7782
f 8132 7966 7937
f 8230 7832 7783
f 7963 8231 7730
f 8245 8031 7784
f 8181 8098 7843
f 7878 8055 7785
f 8096 8019 7767
f 8220 7908 7786
f 7967 7844 7689
f 7935 8264 7787
f 8265 7724 7908
f 8204 7972 7788
f 7720 7970 7949
f 7695 8227 8308
f 8247 8131 7843
f 7857 8123 8037
f 8233 7656 8127
f 8158 7715 7927
f 8256 8286 8030
f 8280 7956 7792
f 8146 7945 7760
f 8283 7942 7793
f 7891 8051 7707
f 7930 8293 8292
f 7972 7983 7722
f 8142 7971 7776
f 8046 8154 7692
f 7947 7796 7904
f 8305 8068 219
f 8197 7797 7896
f 8045 8020 7748
f 8315 7964 7798
f 8253 8074 7832
f 7800 8090 7978
f 8256 8030 7791
f 8040 8243 8200
f 8290 8289 8113
f 7908 8165 7940
f 8291 7801 8039
f 8025 8334 7802
f 8255 7902 7791
f 8239 7695 7958
f 8269 8109 7645
f 8336 7996 7804
f 8343 8263 7947
f 8344 8065 7805
f 8345 8346 8038
f 8273 8323 7806
f 8273 8214 7648
f 7982 8341 7807
f 210 8240 211
f 8003 8319 7808
f 7733 8042 7837
f 8120 8134 7809
f 7759 8118 8153
f 7985 8358 7810
f 8125 8085 7862
f 8094 8148 7811
f 128 8114 127
f 7838 7711 7939
f 8241 8354 238
f 8075 8007 7813
f 8299 8327 7885
f 7996 7661 7814
f 7727 8135 7877
f 7979 7959 7815
f 8007 8218 7728
f 8093 7981 7816
f 8358 8015 7810
f 8285 7960 7817
f 7994 7833 7687
f 8016 7989 7818
f 7687 8052 7994
f 7992 7684 7819
f 7765 7819 8160
f 8340 8183 7820
f 8054 7992 7765
f 7819 7684 8021
f 8155 8087 7761
f 7955 7718 7822
f 8166 7652 7912
f 8018 7653 7983
f 8048 7690 7824
f 7973 7722 7824
f 8244 8141 7911
f 8116 8086 7825
f 8097 7624 7625
f 8140 7664 7991
f 7812 8196 8063
f 8317 8091 7827
f 8318 7827 7733
f 8111 8001 7828
f 8270 7936 8199
f 8326 8061 7829
f 7950 8132 7713
f 8143 8113 7830
f 8209 7771 8092
f 7887 8297 7831
f 8293 8018 7794
f 8231 7783 7832
f 8253 8252 7798
f 7994 7817 7833
f 7687 7833 8079
f 7633 7634 7834
f 8184 7726 7907
f 8032 7744 7835
f 8324 7835 7652
f 8234 7836 7853
f 7760 7836 8146
f 7977 7733 7837
f 121 8082 120
f 7889 7711 7838
f 8034 233 232
f 7871 8313 7839
f 8259 7913 7853
f 7987 7680 7840
f 8173 7933 7768
f 8033 7773 7841
f 8023 7877 8205
f 8009 7745 7842
f 7627 8014 7626
f 8351 8181 7843
f 8247 8124 7789
f 7975 7689 7844
f 8213 8110 7786
f 8302 8003 7845
f 8229 7977 123
f 7952 7734 7846
f 8069 8302 7845
f 8047 8104 7847
f 8136 7743 7848
f 207 206 7848
f 7743 8136 7989
f 7981 7726 7849
f 8088 8294 7636
f 8172 7717 7888
f 8161 7729 7880
f 7826 8331 8321
f 8359 7750 8083
f 8099 8158 7852
f 8350 7852 7907
f 150 8248 7913
f 8259 7853 8147
f 8044 7737 7854
f 8198 8163 7859
f 8119 7855 7966
f 7856 7949 8228
f 7650 7855 7856
f 7650 7929 7969
f 7788 8224 8204
f 8123 8077 7790
f 8309 7858 8080
f 142 7858 8027
f 229 228 8163
f 8074 7730 7832
f 7866 7751 8067
f 7789 8274 8131
f 8104 7741 7861
f 8138 7753 7898
f 8178 7770 7862
f 8085 7810 7863
f 8357 8120 7863
f 8125 8127 7656
f 7995 7738 7864
f 8178 8177 7770
f 8058 7745 7865
f 7688 7865 8095
f 8027 7751 8219
f 140 8171 139
f 8022 7735 7867
f 144 8080 143
f 8242 7951 7868
f 7867 7868 8309
f 8264 7712 7948
f 8212 7685 8019
f 7964 7674 7870
f 7798 7870 8253
f 8314 7707 7871
f 7708 7965 8133
f 7999 7731 7872
f 8310 8109 7873
f 8124 8310 7873
f 7873 8269 8307
f 7990 7738 7874
f 8000 7642 7643
f 8107 7766 7875
f 8258 8340 7820
f 8211 8277 7876
f 7970 8224 7788
f 8135 7683 7877
f 8329 8023 7841
f 8020 7657 7878
f 8095 8225 7688
f 7902 7715 8010
f 8193 8195 7774
f 7919 7706 7880
f 7729 8161 7850
f 8167 7752 7881
f 8179 7740 7903
f 8190 7696 7882
f 8235 7755 7946
f 8205 7747 7883
f 8174 8175 7768
f 8175 7700 7884
f 7675 8107 8258
f 8327 8036 7885
f 7747 8156 7883
f 7823 7653 8041
f 7923 7951 7673
f 8181 7706 7887
f 7667 7887 7931
f 8262 7850 7888
f 7751 7888 7860
f 7870 7674 8070
f 7737 7889 7838
f 7631 7632 7890
f 7736 7890 8024
f 8284 7793 7891
f 8266 7760 7945
f 146 147 7892
f 7735 7892 8028
f 8102 8207 7893
f 131 8137 130
f 7946 7755 7894
f 7756 7894 8143
f 8200 7800 7895
f 7740 8179 8039
f 8287 7799 7896
f 8197 7954 7724
f 8126 7752 7897
f 8189 8190 7772
f 7861 7753 8138
f 7659 7898 8053
f 8091 7671 7899
f 8186 7702 7898
f 8188 7772 7900
f 7702 8139 7961
f 8122 7670 7901
f 7748 7901 8045
f 8111 7654 8001
f 8010 8099 7879
f 7740 7895 7903
f 7696 8202 7882
f 8106 7796 7947
f 7719 8236 7917
f 8331 7664 7905
f 7703 8246 8146
f 7998 8335 7906
f 8084 7906 155
f 7852 7705 7907
f 7666 8093 7984
f 8265 7908 8192
f 8220 7786 7968
f 7988 7778 7909
f 7780 8216 8050
f 7824 7690 7910
f 7710 7910 7976
f 7910 7710 8141
f 7668 8211 8347
f 8049 7710 8303
f 7652 8166 7822
f 149 150 8278
f 8314 8259 7707
f 8211 7744 8277
f 7820 7914 8257
f 8326 7829 8356
f 7686 8115 8060
f 240 239 8162
f 7781 7916 8083
f 8081 7764 7917
f 215 8236 216
f 7629 7630 7918
f 7745 7918 8057
f 8297 7706 7919
f 7886 7919 7729
f 7936 7774 7920
f 7669 7920 7943
f 7868 7735 8242
f 7673 8210 7932
f 147 148 7922
f 7892 7922 8337
f 7749 7886 7923
f 7749 7923 7932
f 8222 7779 7924
f 8062 8011 7773
f 8157 7675 7925
f 7704 7925 8159
f 8160 7660 7926
f 7704 7926 7987
f 8333 7802 7927
f 7670 8249 7901
f 8254 8336 7928
f 8251 8100 7764
f 7650 7856 7929
f 7766 7929 7875
f 8292 7676 7930
f 7714 7930 8129
f 8177 7667 7931
f 7770 7931 8129
f 8210 8344 7932
f 7673 7932 7923
f 8033 7655 7933
f 7840 7933 7704
f 7639 7640 7934
f 7759 7934 7995
f 8149 7712 7935
f 7769 7935 8148
f 8061 7716 8270
f 7669 7936 7920
f 8035 7713 7937
f 7969 7929 7766
f 7963 7730 8215
f 8221 225 224
f 8268 8267 7939
f 8355 235 234
f 8165 7801 7940
f 7786 7940 8213
f 223 222 8232
f 7924 7941 7758
f 7976 7775 7942
f 7732 7942 8283
f 7920 7746 7943
f 7669 8250 7950
f 7634 7635 7944
f 7834 7944 7726
f 8147 7760 8266
f 8281 8246 7792
f 8202 7755 8235
f 7651 8218 7815
f 8263 7679 7947
f 7719 7947 7904
f 8055 7657 7948
f 7869 7948 7712
f 7856 7720 7949
f 7699 7949 7876
f 8199 7669 7950
f 7915 7950 7713
f 8242 7673 7951
f 7868 8262 7717
f 8238 126 7952
f 8311 8114 7811
f 8197 7724 7953
f 8260 7657 8020
f 8165 7724 7954
f 7801 7954 8040
f 8312 7718 7955
f 7792 7955 8281
f 7955 7792 8312
f 7718 7956 8117
f 7822 7718 7957
f 7652 7957 8087
f 8214 7806 7958
f 8214 8271 7648
f 7979 7723 7959
f 7815 7959 7651
f 8285 7723 7960
f 7661 7960 7814
f 7898 7702 8151
f 7742 8285 7817
f 8295 116 7962
f 7777 7962 8170
f 7987 7783 7963
f 8222 8215 7779
f 8006 7721 8315
f 7798 7964 7870
f 7708 7871 7965
f 7754 7965 8065
f 8132 7782 7966
f 7650 7966 7855
f 8213 7844 8110
f 7734 7967 7846
f 8148 7681 8300
f 7734 7968 8110
f 7739 7937 7969
f 8328 7884 7700
f 7876 7949 8347
f 7668 7970 7973
f 8073 7795 7971
f 7776 8348 8288
f 8292 7794 7972
f 7676 7972 8204
f 7972 7722 8279
f 7788 7973 7970
f 8056 7781 8261
f 156 7974 8084
f 8319 7689 7975
f 8072 8213 7658
f 7910 7775 7976
f 7710 7976 7912
f 7845 7733 7977
f 123 7977 122
f 8090 7799 7978
f 7800 7978 8289
f 7960 7723 7979
f 7814 7979 7683
f 7739 7969 7980
f 7739 8185 8036
f 8093 7726 7981
f 8134 8088 7809
f 7848 7743 8130
f 209 7982 210
f 7653 7823 7983
f 7794 7983 7972
f 7816 7725 7984
f 7816 7984 8093
f 8125 7656 7985
f 7993 7746 7920
f 206 205 7986
f 7848 8164 7693
f 7963 7680 7987
f 7783 7987 7926
f 8043 7778 7988
f 134 7988 133
f 8203 7818 7989
f 7847 8136 7693
f 7874 7731 7990
f 8217 7667 7864
f 7664 7826 7991
f 8089 7711 7889
f 8054 8257 7992
f 7765 7992 7819
f 7725 7985 7993
f 8194 7920 7774
f 7742 7817 7994
f 8052 8016 7818
f 8152 7759 7995
f 7691 7995 7864
f 8336 7661 7996
f 7804 7996 7997
f 7996 7727 7997
f 7804 7997 8263
f 7905 7703 7998
f 7851 7998 7750
f 8310 7698 7999
f 7731 7999 8031
f 7731 7874 8000
f 7731 8000 7872
f 7654 7902 8001
f 7828 8061 8326
f 7632 7633 8002
f 8296 8002 7705
f 8302 7689 8003
f 7845 8003 7733
f 7640 7641 8004
f 7934 8004 7738
f 7631 7890 8005
f 7631 8005 7630
f 7819 7721 8006
f 7819 8006 7660
f 7683 7815 8007
f 7683 8007 8075
f 7813 7728 8008
f 7663 8008 8092
f 7629 7918 8009
f 7628 8009 7842
f 8001 7902 8010
f 7716 8010 7879
f 8223 7758 8011
f 7773 8066 7841
f 8079 7764 8012
f 8240 212 211
f 8284 7677 8013
f 7732 8013 8166
f 7627 7842 8014
f 8353 8097 7625
f 7725 7816 8015
f 7810 8015 8357
f 8341 7743 8016
f 7687 8016 8052
f 132 133 8017
f 7780 8017 7909
f 7831 7653 8018
f 7831 8018 8176
f 7869 7685 8212
f 7785 8019 8096
f 7878 7748 8020
f 7657 8260 7953
f 8325 7821 8021
f 7819 8021 7721
f 7892 7735 8022
f 145 8330 144
f 7883 7655 8205
f 7877 8329 7727
f 8296 7705 8024
f 8334 8076 7802
f 8057 7736 8025
f 7670 8025 8333
f 8117 7763 8026
f 8150 7674 7964
f 7858 7751 8027
f 142 8027 141
f 8337 7708 8028
f 7735 8028 7921
f 203 202 8029
f 7777 8295 7962
f 8249 7791 8349
f 7701 8030 8287
f 7999 7784 8031
f 7990 8031 8217
f 7914 7744 8032
f 8325 7835 7821
f 7841 7655 8033
f 7773 8033 7840
f 7737 7838 8034
f 7737 8201 7854
f 8322 7713 8035
f 8071 7739 8036
f 8035 7739 8071
f 7663 8036 8327
f 8204 7857 8037
f 7676 8180 7930
f 8041 7749 8038
f 7823 8038 7690
f 8040 7740 8039
f 7658 8039 7881
f 7954 7678 8040
f 7801 8040 8039
f 8038 7823 8041
f 7749 8041 7886
f 7733 7827 8042
f 7837 8042 8154
f 8086 7778 8043
f 7622 8043 135
f 8070 7737 8044
f 7870 8044 7697
f 7901 7701 8045
f 8020 8045 8260
f 7971 7795 8046
f 7741 8046 7861
f 8348 7741 8047
f 7693 8047 7847
f 7983 7823 8048
f 7722 8048 7824
f 7911 7710 8049
f 7911 8049 7744
f 7893 8207 8149
f 7712 8050 7869
f 7662 7871 8282
f 7793 8051 7891
f 7742 7994 8052
f 8053 8203 7659
f 7742 8052 8053
f 7742 8053 8151
f 8258 7820 8054
f 7675 8054 7925
f 7878 7657 8055
f 7785 8055 8212
f 158 242 8056
f 158 8261 157
f 8005 7736 8057
f 7745 8057 8059
f 7842 7745 8058
f 7842 8058 8145
f 8122 7865 8059
f 7670 8059 8025
f 8112 7686 8060
f 7830 8209 8143
f 8001 7716 8061
f 8001 8061 7828
f 7680 7924 8062
f 7680 8062 7840
f 8241 7812 8063
f 7916 8063 7709
f 8091 7753 8064
f 7827 8064 8042
f 8344 7754 8065
f 8304 7942 7775
f 7997 7841 8066
f 7679 8066 8011
f 7751 7860 8067
f 7866 8067 8239
f 8106 7758 8068
f 8305 219 218
f 8238 7846 8069
f 125 8069 124
f 8208 7889 8070
f 7870 8070 8044
f 7771 8035 8071
f 7771 8071 8092
f 7752 7975 8072
f 7752 8072 7881
f 8276 7795 8073
f 119 8073 118
f 8198 7859 8074
f 7697 8074 8253
f 7877 7683 8075
f 7747 8075 8299
f 7705 7852 8076
f 8024 8076 8334
f 8078 7790 8077
f 7746 8077 7943
f 8077 7746 8078
f 7790 8078 8233
f 8251 7764 8079
f 8342 8012 7807
f 8330 7867 8080
f 143 8080 7858
f 8012 7764 8081
f 213 8081 214
f 8206 7837 8082
f 120 8082 8276
f 7916 7709 8083
f 7781 8083 7974
f 7750 7906 8084
f 7750 8084 7974
f 7691 7862 8085
f 7691 8085 7863
f 8116 7778 8086
f 7825 8086 7624
f 7957 7761 8087
f 7652 8087 8324
f 8134 7849 8088
f 7809 8088 8118
f 7763 7991 8089
f 7763 8208 8026
f 7896 7799 8090
f 8243 7800 8200
f 7899 7753 8091
f 7671 8091 8317
f 8008 7756 8092
f 7663 8092 8071
f 7907 7726 8093
f 7907 8093 7666
f 8137 7769 8094
f 129 8094 128
f 7748 7878 8095
f 7748 8095 7865
f 8225 7785 8096
f 8145 7767 8014
f 7767 7825 8097
f 7767 8353 8014
f 8247 7843 8098
f 7999 8098 7784
f 8010 7715 8099
f 7879 8350 7666
f 7719 7917 8100
f 7928 8251 8254
f 7703 7836 8335
f 7906 8101 154
f 8017 7780 8102
f 132 8102 131
f 7903 7895 8103
f 7755 8103 7894
f 8047 7741 8104
f 7847 8104 8203
f 7805 8065 8105
f 8346 8182 7690
f 8068 7796 8106
f 8011 8106 7679
f 8328 7766 8107
f 7884 8107 7675
f 8123 7857 8108
f 7855 8108 7720
f 8310 7872 8109
f 7873 8109 8269
f 7967 7734 8110
f 7967 8110 7844
f 8286 7654 8111
f 7757 8111 7828
f 8113 7757 8112
f 7830 8112 8060
f 8289 7757 8113
f 7672 8113 8143
f 8094 7811 8114
f 127 8114 7952
f 7686 7915 8115
f 8060 8115 7771
f 7909 7778 8116
f 7685 8301 8019
f 8140 7763 8117
f 7718 8320 7957
f 7637 7638 8118
f 7637 8118 8088
f 8272 7694 8119
f 7782 8119 7966
f 8357 7682 8120
f 7863 8120 8152
f 7946 7894 8121
f 7728 8121 8008
f 8059 7670 8122
f 7865 8122 7748
f 8108 7694 8123
f 8037 8123 7790
f 8247 7698 8124
f 8275 7873 7803
f 7810 8085 8125
f 7810 8125 7985
f 7975 7752 8306
f 8306 8126 8317
f 8128 7762 8127
f 7862 8127 8125
f 8129 7762 8128
f 7770 8128 7862
f 7930 7762 8129
f 7714 8129 7931
f 207 7848 8130
f 208 8130 7982
f 8352 7843 8131
f 8274 8227 7860
f 7950 7782 8132
f 7713 8132 7937
f 8028 7708 8133
f 8028 8133 7921
f 7682 7981 8134
f 7682 8134 8120
f 7814 7683 8135
f 7814 8135 7727
f 7847 7989 8136
f 7693 8136 7848
f 131 7893 8137
f 130 8137 129
f 8104 7861 8138
f 7659 8138 7898
f 7702 7900 8139
f 7961 8139 7723
f 7956 7664 8140
f 7956 8140 8117
f 7824 7910 8141
f 7824 8141 8244
f 118 8073 8142
f 118 8142 117
f 7894 7672 8143
f 7756 8143 8209
f 226 7938 8144
f 7859 8144 8074
f 7688 8096 8145
f 7688 8145 8058
f 8246 7945 8146
f 7703 8146 7836
f 7891 7707 8147
f 7891 8147 8266
f 8300 7811 8148
f 7681 8148 7935
f 8050 7712 8207
f 7893 8149 8137
f 7761 8026 8150
f 7761 8150 8155
f 7702 7961 8151
f 7898 8151 8053
f 8332 7759 8152
f 7863 8152 7691
f 8118 7638 8153
f 7759 8153 7934
f 8042 7692 8154
f 8082 8154 7795
f 7821 8087 8155
f 7721 8155 7964
f 7747 7885 8156
f 7883 8156 7700
f 7884 7675 8157
f 7768 8157 8173
f 8099 7715 8158
f 8076 8158 7802
f 8160 7926 8159
f 7765 8159 7925
f 7819 7660 8160
f 7765 8160 8159
f 7665 7850 8161
f 7665 8161 8352
f 239 7916 8162
f 240 8162 241
f 230 229 8163
f 7854 8198 8044
f 7986 7777 8164
f 7986 8164 7848
f 7954 7801 8165
f 7724 8165 7908
f 8013 7822 8166
f 7732 8166 7912
f 7897 7752 8167
f 7897 8167 8190
f 7922 148 8168
f 7839 8278 8314
f 203 8029 8169
f 204 8169 205
f 8164 7777 8170
f 8164 8288 7693
f 8219 7866 8171
f 139 8171 8323
f 8309 7717 8172
f 7858 8172 7751
f 7704 7933 8173
f 7704 8173 7925
f 7655 7883 8174
f 7655 8174 7933
f 7883 7700 8175
f 7768 8175 8157
f 7887 7831 8176
f 7931 8176 7714
f 7864 7667 8177
f 7864 8177 8178
f 7691 7864 8178
f 7691 8178 7862
f 8167 7881 8179
f 7696 8179 7903
f 7676 8037 8180
f 7930 8180 7762
f 8351 7706 8181
f 8098 8181 7784
f 8105 7775 8182
f 8105 8346 7805
f 7914 7820 8183
f 8277 7699 7876
f 8002 7834 8184
f 7705 8184 7907
f 7739 7980 8185
f 8036 8185 7885
f 7753 7899 8186
f 7753 8186 7898
f 7919 7886 8187
f 7919 8187 8297
f 8189 7772 8188
f 7899 8188 7702
f 7671 7897 8189
f 7671 8189 7899
f 8167 7696 8190
f 7897 8190 8189
f 8190 7882 8191
f 7772 8191 7900
f 7935 7787 8192
f 7681 8192 8220
f 7716 7879 8193
f 7716 8193 8270
f 7725 7993 8194
f 7725 8194 7984
f 8194 7774 8195
f 7984 8195 7666
f 8339 7826 8196
f 8063 8196 7709
f 7896 7954 8197
f 7797 8197 7953
f 7854 8163 8198
f 7697 8198 8074
f 7936 7669 8199
f 7829 8199 8356
f 8090 7800 8243
f 8040 8200 7740
f 232 231 8201
f 8034 8201 7737
f 7696 7903 8202
f 7882 8202 8235
f 7989 7847 8203
f 7818 8203 8053
f 8037 7676 8204
f 8224 7970 7720
f 7877 7747 8205
f 8023 8205 7655
f 7977 7837 8206
f 122 8206 121
f 7712 8149 8207
f 8050 8207 7780
f 7763 8089 8208
f 8026 8208 7674
f 7830 8060 8209
f 7756 8209 8092
f 7921 7754 8210
f 7921 8210 7673
f 7911 7744 8211
f 7911 8211 7668
f 8055 7869 8212
f 7785 8212 8019
f 8072 7844 8213
f 7658 8213 7940
f 8273 7806 8214
f 7648 8271 7647
f 7938 7779 8215
f 7938 8215 7730
f 7780 7909 8216
f 8050 8216 7869
f 7738 7990 8217
f 7738 8217 7864
f 8007 7815 8218
f 7728 8218 7946
f 7751 7866 8219
f 8027 8219 141
f 8192 7908 8220
f 7681 8220 7968
f 7779 7938 8221
f 7779 8232 7941
f 7680 7963 8222
f 7680 8222 7924
f 7924 7758 8223
f 7924 8223 8062
f 7857 8204 8224
f 7857 8224 8108
f 7878 7785 8225
f 7878 8225 8095
f 7758 7941 8226
f 8068 8226 220
f 8274 7789 8227
f 7860 8227 8067
f 7929 7856 8228
f 7929 8228 7875
f 8069 7845 8229
f 124 8229 123
f 7926 7660 8230
f 7926 8230 7783
f 7963 7783 8231
f 7730 8231 7832
f 8221 223 8232
f 8221 8232 7779
f 8037 7790 8233
f 7762 8233 8127
f 151 152 8234
f 151 8234 8248
f 8191 7882 8235
f 7651 8235 7946
f 215 7917 8236
f 216 8236 7904
f 8265 7787 8237
f 7953 8237 7657
f 125 126 8238
f 7846 8238 7952
f 8171 7866 8239
f 7806 8239 7958
f 7807 8012 8240
f 7807 8240 7982
f 8267 7812 8241
f 237 8241 238
f 7921 7673 8242
f 7921 8242 7735
f 7678 8090 8243
f 7678 8243 8040
f 7973 7824 8244
f 7668 8244 7911
f 7887 7667 8245
f 7887 8245 7784
f 7703 7905 8246
f 7945 8246 8281
f 8098 7698 8247
f 8131 8247 7789
f 150 151 8248
f 7913 8248 7853
f 7701 7901 8349
f 7791 8249 8255
f 7669 7943 8250
f 7950 8250 7782
f 7928 8100 8251
f 7833 8251 8079
f 8006 7798 8252
f 7660 8252 8230
f 7870 7697 8253
f 8252 8253 7832
f 7817 7661 8254
f 7833 8254 8251
f 7927 7715 8255
f 7927 8255 8249
f 7799 8030 8286
f 7654 8256 7902
f 8054 7820 8257
f 7992 8257 7684
f 8107 7875 8258
f 7675 8258 8054
f 8314 7913 8259
f 7707 8259 8147
f 7797 7953 8260
f 7797 8260 8045
f 158 8056 8261
f 157 8261 7974
f 7951 7850 8262
f 7951 8262 7868
f 7997 7679 8263
f 7804 8263 8343
f 7935 7712 8264
f 7787 8264 7948
f 7953 7724 8265
f 7787 8265 8192
f 8284 7891 8266
f 7677 8266 8281
f 8268 7812 8267
f 7939 8267 235
f 8196 7812 8339
f 7711 8268 7939
f 7803 7873 8307
f 7646 8269 7645
f 8193 7936 8270
f 8061 8270 7829
f 7958 7803 8271
f 7958 8271 8214
f 8077 7694 8272
f 7943 8272 7782
f 137 138 8273
f 7649 8273 7648
f 7665 8131 8274
f 7665 8274 7860
f 7789 8124 8275
f 7789 8275 8227
f 8082 7795 8276
f 120 8276 119
f 7914 8183 8277
f 7914 8277 7744
f 8168 149 8278
f 8168 8278 7839
f 7788 7972 8279
f 7788 8279 7973
f 7905 7664 8280
f 7905 8280 8246
f 8266 7945 8281
f 7677 8281 7955
f 8051 7793 8282
f 8051 8282 7871
f 8013 7732 8283
f 8013 8283 8284
f 8266 7677 8284
f 7793 8284 8283
f 7961 7723 8285
f 7961 8285 7742
f 8256 7654 8286
f 7799 8286 7978
f 8030 7799 8287
f 7701 8287 8338
f 8170 7776 8288
f 8170 8288 8164
f 7978 7757 8289
f 7800 8289 8290
f 7895 7800 8290
f 7895 8290 7672
f 7940 7801 8291
f 7658 8291 8039
f 7972 7676 8292
f 7794 8292 8293
f 7714 8018 8293
f 7714 8293 7930
f 7944 7635 8294
f 7944 8294 7849
f 115 116 8295
f 8029 8295 7777
f 7890 8002 8296
f 7890 8296 8024
f 7887 7706 8297
f 7831 8297 8187
f 8000 7643 8298
f 7872 8298 8109
f 8075 7813 8299
f 7747 8299 7885
f 8311 7811 8300
f 7968 8300 7681
f 7685 8116 8301
f 8019 8301 7767
f 7967 7689 8302
f 7846 8302 8069
f 7710 7912 8303
f 8049 8303 7835
f 7775 8105 8304
f 7942 8304 7662
f 7796 8068 8305
f 7796 8305 7904
f 8319 7975 8306
f 7808 8306 8317
f 8271 7803 8307
f 8271 8307 7647
f 7958 7695 8308
f 7958 8308 7803
f 7868 7717 8309
f 7867 8309 8080
f 7999 7872 8310
f 7698 8310 8124
f 7952 8114 8311
f 7734 8311 7968
f 7956 7718 8312
f 7956 8312 7792
f 8168 7839 8313
f 7922 8313 8337
f 8278 7913 8314
f 7839 8314 7871
f 7721 7964 8315
f 8006 8315 7798
f 7656 8078 8316
f 7985 8316 7993
f 8126 7671 8317
f 7808 8317 7827
f 7808 7827 8318
f 7808 8318 8003
f 8003 7689 8319
f 7808 8319 8306
f 7718 8117 8320
f 7957 8320 7761
f 8331 7851 8321
f 7826 8321 8196
f 7915 7713 8322
f 8115 8322 7771
f 138 139 8323
f 138 8323 8273
f 7821 7835 8324
f 7821 8324 8087
f 7684 8032 8325
f 7684 8325 8021
f 7686 7828 8326
f 8356 8199 7915
f 8008 7663 8327
f 7813 8327 8299
f 7700 7980 8328
f 7884 8328 8107
f 7877 8023 8329
f 7727 8329 7997
f 8022 7867 8330
f 8022 8330 145
f 7905 7851 8331
f 7664 8331 7826
f 8120 7809 8332
f 8120 8332 8152
f 8025 7802 8333
f 7670 8333 7927
f 7736 8024 8334
f 7736 8334 8025
f 8101 7906 8335
f 8101 8335 7836
f 8254 7661 8336
f 7928 8343 7719
f 8313 7708 8337
f 7892 8337 8028
f 7797 8045 8338
f 7896 8338 8287
f 8268 7711 8339
f 8268 8339 7812
f 7699 8183 8340
f 7875 8340 8258
f 7982 7743 8341
f 7807 8341 8342
f 7687 8079 8342
f 7687 8342 8016
f 8336 7804 8343
f 8336 8343 7928
f 8210 7754 8344
f 7932 8344 7805
f 7932 7805 8345
f 7749 8345 8038
f 8105 8182 8346
f 7805 8346 8345
f 7970 7668 8347
f 7970 8347 7949
f 7776 7971 8348
f 8288 8348 8047
f 7791 8030 8349
f 8249 8349 7901
f 8099 7852 8350
f 8099 8350 7879
f 7880 7706 8351
f 7880 8351 8352
f 8161 7880 8352
f 7665 8352 8131
f 7625 7626 8353
f 8097 8353 7767
f 8241 8063 8354
f 238 8354 239
f 7838 7939 8355
f 7838 8355 8034
f 7686 8326 8356
f 7686 8356 7915
f 8015 7682 8357
f 7810 8357 7863
f 7725 8015 8358
f 7725 8358 7985
f 8321 7851 8359
f 7709 8359 8083
f 8778 8374 8375
f 8788 147 146
f 8666 8503 8817
f 8361 8362 8641
f 8716 8936 8584
f 8588 8999 9010
f 8966 8548 8641
f 8682 8550 9070
f 8922 8572 8700
f 8693 8365 8618
f 9116 8470 8761
f 8760 8584 8858
f 8815 8367 8368
f 8611 141 140
f 8679 8549 8618
f 8470 9059 8845
f 8592 8483 8815
f 9163 8470 8762
f 8725 8371 8372
f 9164 8922 143
f 168 8985 169
f 8984 8833 8486
f 8665 8400 9112
f 8945 8856 8540
f 8985 8535 8723
f 166 9158 167
f 148 8746 8926
f 9076 9158 165
f 8622 150 149
f 8748 8459 8580
f 9161 8480 8785
f 9076 8658 9158
f 9076 165 164
f 9125 153 152
f 8854 162 9149
f 9126 154 153
f 9076 8496 8658
f 8831 8460 8986
f 9028 161 160
f 9160 8606 158
f 9119 8624 9150
f 8986 8460 9051
f 9150 156 9119
f 8606 9154 158
f 159 58 158
f 8641 8588 8361
f 9031 174 8975
f 8641 8454 8588
f 8727 139 8999
f 9007 136 135
f 9089 8397 8770
f 8823 8494 8667
f 9022 8396 8681
f 9141 8413 8735
f 8862 8484 8713
f 8827 8376 8377
f 176 175 8862
f 8713 8806 177
f 9002 8511 8888
f 8838 8440 8573
f 8951 8383 8384
f 8928 8803 8403
f 8781 184 183
f 8894 8843 121
f 8929 8837 8916
f 115 57 201
f 9142 8404 8869
f 8929 8916 186
f 8821 8443 8596
f 8894 120 8699
f 8855 190 189
f 9036 8472 8881
f 8871 8490 8821
f 9099 8490 8683
f 192 8847 193
f 8847 8751 8921
f 8892 8973 8699
f 8921 193 8847
f 8842 9024 196
f 9024 8485 8671
f 8972 8471 8731
f 8671 8485 8825
f 9024 8842 8485
f 8671 8948 198
f 8948 199 198
f 8632 8471 8675
f 200 8632 201
f 137 8360 9010
f 8950 8690 8468
f 8931 8482 8809
f 8998 8497 8616
f 8806 179 178
f 9133 8899 8380
f 8866 8497 8781
f 8636 9110 8840
f 8866 8781 183
f 8781 185 184
f 8753 8818 8522
f 8849 8501 8796
f 8672 8637 8444
f 9038 8440 8620
f 8960 8442 8602
f 8790 8521 8951
f 9084 8421 8673
f 8736 8386 8387
f 125 8910 9140
f 8997 8577 8422
f 9111 8421 8685
f 8782 8417 8619
f 8897 8469 8698
f 8782 9020 8764
f 8904 8660 129
f 8902 8507 8736
f 9134 8476 8763
f 8989 8390 8391
f 9033 8710 133
f 8619 8417 8721
f 134 133 8710
f 8594 8989 9007
f 8723 8823 170
f 8592 8433 8813
f 9000 8393 8581
f 9052 8440 8838
f 8806 8647 179
f 8707 8456 8608
f 8872 8401 8584
f 8662 8375 8376
f 8787 8408 8783
f 9066 8418 8933
f 9083 8603 8858
f 9040 8487 8729
f 8705 8404 8630
f 8892 8699 119
f 8832 8420 8805
f 8902 8736 8387
f 9021 8400 8687
f 8667 173 172
f 8725 8372 8666
f 8993 8807 9100
f 8614 8789 8570
f 9129 8381 8382
f 8929 185 8781
f 8930 8547 8703
f 9044 8623 9142
f 8910 125 124
f 8802 8634 8405
f 8789 8532 8784
f 8506 8587 8640
f 8628 8438 8750
f 8693 8458 8987
f 8965 8508 8661
f 8926 8746 8467
f 8728 8565 8884
f 9015 8549 8814
f 8815 8368 8974
f 9126 153 9125
f 8824 8414 8607
f 182 181 8648
f 8627 8553 8656
f 8817 8990 8715
f 9104 8423 8719
f 8801 8616 8734
f 8713 177 176
f 8748 8465 9124
f 9030 8426 8628
f 8935 8472 8973
f 8972 8851 8675
f 190 8855 8743
f 8976 8612 8804
f 8897 8697 8469
f 8852 8527 8957
f 9066 8850 8418
f 9004 8423 8696
f 9078 8742 8676
f 8931 8826 8686
f 9138 8481 9055
f 8809 8419 8690
f 8978 8421 8739
f 9011 128 127
f 8963 8422 8644
f 8570 9109 8614
f 8558 9104 8719
f 8712 8802 8547
f 8881 8472 9153
f 8630 8404 8846
f 8612 8633 8819
f 9061 8430 8664
f 9016 8903 8426
f 8793 8414 8580
f 9094 8540 8856
f 8945 146 145
f 9097 8428 8844
f 9009 8604 8829
f 8538 9082 8774
f 8758 8489 9148
f 9065 8656 9061
f 9081 8462 8712
f 8822 8494 8607
f 8979 8455 8687
f 8943 8523 8954
f 9110 8752 8964
f 8813 8433 8585
f 8906 8370 9003
f 8576 8887 8785
f 8744 8812 154
f 9162 8435 8700
f 8922 8816 144
f 8777 8610 8436
f 8953 8420 8832
f 8853 8437 8900
f 8617 8500 8882
f 8750 8438 8924
f 8714 8418 8850
f 8428 8932 8844
f 8857 9083 8718
f 8381 9129 8875
f 8652 9027 8830
f 9130 8740 8794
f 9144 8485 8842
f 9087 8898 8631
f 8705 8522 8923
f 8745 8493 8596
f 8574 8855 188
f 8923 8444 8705
f 9008 8425 8876
f 8868 8507 8619
f 9039 8489 8758
f 8779 8643 8446
f 8643 8542 8633
f 8527 8956 8644
f 9107 8429 9001
f 9047 8534 8920
f 9045 8724 9085
f 9044 8449 8623
f 8978 8739 8901
f 8692 8450 9136
f 8943 8704 8952
f 8889 8451 8651
f 8869 8404 8637
f 8805 8452 8927
f 8980 8488 8733
f 8873 8453 8678
f 9064 8488 8754
f 8659 8775 8548
f 9010 138 137
f 9029 8455 8688
f 8607 8939 8822
f 8870 8456 8708
f 8649 8525 8709
f 8800 8833 9077
f 9057 8508 8768
f 9037 8454 8641
f 8679 8366 8367
f 9103 8459 8748
f 8981 8455 8689
f 8747 8460 8624
f 8986 9028 8606
f 8909 8536 8704
f 8797 8481 8597
f 8726 8462 9081
f 8634 8517 8860
f 180 8647 9025
f 8627 8394 9091
f 8734 8464 8801
f 8617 8437 9086
f 8580 8959 8991
f 9158 166 165
f 9106 8466 8718
f 9023 8439 9070
f 8836 8467 8732
f 8746 147 8788
f 8733 8468 8690
f 8969 8503 8778
f 130 8660 8697
f 8673 8695 9117
f 9162 9163 8762
f 9116 141 8611
f 8935 8541 8731
f 116 115 8632
f 8996 8501 8639
f 8890 8818 8510
f 8564 8839 8749
f 8839 8684 8747
f 8373 8874 8666
f 8584 8401 8858
f 9140 8591 8738
f 9098 8404 9142
f 9007 135 8594
f 8896 9033 132
f 8918 8759 8772
f 8932 8506 8886
f 8765 8478 9132
f 8767 8544 8766
f 8769 8479 8575
f 8661 8427 8856
f 8785 8480 8576
f 8905 150 8622
f 8798 8481 8609
f 8786 8598 8452
f 8830 8514 8573
f 8826 8377 8378
f 9043 8483 8814
f 8974 8369 8906
f 175 174 9031
f 9006 8600 8601
f 195 9143 8842
f 8893 8731 8825
f 9132 8884 8565
f 8674 8427 8625
f 9013 8565 8728
f 8499 9022 8864
f 8912 8551 8754
f 9026 8691 8468
f 8878 9039 8758
f 8721 8417 9056
f 8821 8490 8574
f 8683 8589 8911
f 8811 8491 9068
f 8877 8416 8642
f 9046 8492 8829
f 8682 8439 9050
f 8596 8493 8808
f 8919 8411 9113
f 8607 8494 8824
f 9093 8566 8975
f 9023 8495 8858
f 8585 8433 8760
f 8942 8496 8684
f 164 163 8854
f 182 8648 8866
f 8998 8411 8669
f 8956 8645 8840
f 8663 8449 8593
f 8863 8499 8680
f 8487 8728 8729
f 8756 9012 8810
f 8938 8519 8979
f 8639 8501 8880
f 8491 8795 8796
f 8877 8502 8589
f 8795 8491 8740
f 8374 8778 8874
f 8778 8375 8662
f 8967 8661 8504
f 8971 8529 8732
f 8936 8505 8584
f 8925 8677 8873
f 8773 8587 8885
f 8668 8397 8886
f 9073 8736 8868
f 8388 8389 8701
f 9057 8741 8508
f 9069 8668 8457
f 8958 8852 8878
f 9159 8619 8721
f 8631 8510 8753
f 8898 122 8843
f 8876 8615 8888
f 8888 9000 9002
f 8903 8512 8628
f 8918 8940 8635
f 8694 8809 8482
f 8827 8950 8662
f 8784 8514 8830
f 9034 8419 8694
f 9147 8685 8961
f 8602 8442 8630
f 8891 8516 8714
f 8940 8649 9074
f 8708 8707 8517
f 8861 8609 8860
f 9045 9123 8394
f 8518 9090 8850
f 8979 8519 8689
f 8400 8665 8977
f 131 8697 8896
f 8698 8417 8764
f 8951 8521 8913
f 8790 8385 8586
f 8983 8522 8630
f 8923 8599 8444
f 8954 8523 8962
f 8952 8702 8953
f 8970 8524 8806
f 8647 180 179
f 9017 8525 8719
f 8772 8477 8773
f 8937 8526 8696
f 8777 8436 8608
f 8577 8852 8957
f 8840 8498 9120
f 9038 8528 9027
f 8644 8447 8964
f 8783 8792 8486
f 8408 8730 8836
f 9032 8530 8672
f 8612 8446 8633
f 128 9011 8904
f 8867 9011 8738
f 8597 8805 8420
f 8927 8514 8784
f 8681 8533 8793
f 8835 8544 8688
f 9113 8717 8919
f 9047 8655 9063
f 8723 8535 8824
f 8985 168 8657
f 8994 8536 8909
f 9054 8405 8609
f 8704 8943 8393
f 8841 8498 8593
f 9145 8538 8869
f 8774 8593 8449
f 8882 8665 8900
f 8891 8635 8516
f 8945 8540 8788
f 8746 148 147
f 8851 8541 8892
f 8935 8415 8706
f 8633 8542 9018
f 9019 8791 9062
f 9131 8543 8765
f 8759 8512 8903
f 8533 8834 8835
f 8766 8478 8767
f 8903 8628 8426
f 9021 8687 8545
f 8751 8546 8911
f 9152 191 8743
f 8865 8547 8930
f 8802 8462 8634
f 8364 8693 8995
f 9080 8407 8845
f 9015 8670 9042
f 8618 8365 8366
f 8828 9071 9009
f 9071 8859 8722
f 9067 8551 8937
f 8754 8395 8912
f 9053 8552 8702
f 9054 8609 9138
f 9092 8553 9081
f 9091 8726 8553
f 9062 8791 8554
f 9065 8448 8656
f 8843 8555 8890
f 121 120 8894
f 9123 8556 9086
f 8735 8413 8617
f 8411 8595 8669
f 8916 8574 188
f 8718 8558 9106
f 9105 8937 8696
f 8924 8559 8750
f 8539 8853 8900
f 8908 8560 9100
f 8993 8428 8720
f 151 8776 152
f 8749 8473 8744
f 9095 8562 8857
f 9050 8563 8682
f 9096 8844 9050
f 8886 8397 9089
f 8737 8564 9146
f 8839 8747 8473
f 9013 8783 8565
f 8629 8406 8765
f 173 8975 174
f 8431 9006 8780
f 8663 8567 9147
f 9148 8695 9111
f 194 8921 9143
f 9144 8590 8893
f 9114 8569 8627
f 8411 8998 8801
f 9122 8570 8789
f 9110 8636 9109
f 8941 8571 9107
f 9121 8636 8571
f 8700 8572 9162
f 9164 142 8761
f 8694 8573 8514
f 8838 8582 9052
f 8855 8574 8490
f 188 187 8916
f 8769 8575 8845
f 8479 8768 8575
f 8730 8944 8480
f 8887 8737 8434
f 8997 8621 8577
f 8445 8879 9135
f 9003 8578 8906
f 9102 8716 9101
f 8383 8913 9129
f 8883 8422 8620
f 8793 8580 8459
f 8414 8824 8959
f 9121 8941 8581
f 8941 9000 8581
f 8686 8899 8482
f 9133 8381 8875
f 8680 9103 8410
f 9124 8658 8496
f 8716 8584 8433
f 8505 8872 8584
f 8859 8585 8495
f 8814 8483 8813
f 8621 8586 8445
f 8385 8386 8586
f 8771 8587 8477
f 8968 8457 8668
f 8361 8588 9010
f 9060 8611 8727
f 8740 8589 8502
f 8911 8546 9099
f 8794 8590 8992
f 8893 8825 8485
f 8738 8591 8475
f 8910 124 9087
f 8370 8906 8369
f 8578 9101 8592
f 8841 8593 8429
f 8820 8399 8663
f 134 8594 135
f 9134 8763 8594
f 8803 9072 8534
f 8907 8557 8669
f 8683 8871 8416
f 8443 8745 8596
f 8797 8597 8420
f 8799 8395 8786
f 8597 8786 8452
f 8395 8754 8598
f 8880 8599 8424
f 8849 8796 8398
f 8601 8600 8500
f 9006 8939 8600
f 8810 8601 8500
f 8780 8566 9093
f 8901 8602 8515
f 8475 8591 8960
f 9096 8603 8857
f 8858 8401 9083
f 8770 8604 9089
f 8829 8492 9009
f 8889 8605 8451
f 9001 8429 9082
f 9154 8606 9028
f 158 157 9160
f 8689 8607 8414
f 8939 8431 8822
f 8707 8608 8436
f 8456 8709 8608
f 8860 8609 8405
f 8436 8798 8609
f 8912 9058 8526
f 8610 8799 8798
f 139 8727 140
f 9060 8654 9059
f 8914 8612 8530
f 8976 8502 8642
f 8947 8613 8462
f 8418 8708 8933
f 8954 8962 8432
f 8962 8953 8832
f 8876 8692 8615
f 9136 8994 8909
f 8915 8616 8497
f 8463 8734 8616
f 9085 8735 8556
f 8413 8810 8617
f 9042 8618 8549
f 8458 8693 8618
f 8868 8619 8445
f 8507 8782 8619
f 9128 9108 8620
f 9108 8521 8883
f 8790 8621 8521
f 8445 8577 8621
f 8730 8622 8467
f 8480 8776 8905
f 8961 8623 8449
f 9098 8846 8404
f 155 9119 156
f 8473 8747 8624
f 8674 8625 8457
f 8934 8661 8508
f 8893 8811 8415
f 9068 8796 8501
f 9114 8627 8448
f 9115 8464 8724
f 9030 8628 8545
f 8917 8438 8628
f 9014 8629 9132
f 8486 8800 8629
f 8983 8630 8442
f 8705 8444 8637
f 9035 8910 8631
f 9087 123 8898
f 201 8632 115
f 200 199 8948
f 8819 8633 8425
f 8446 8643 8633
f 8613 8634 8462
f 8613 8933 9079
f 8917 8635 8438
f 8918 8392 8940
f 9120 8636 8840
f 9110 8570 8752
f 8638 9032 8444
f 9145 8955 8538
f 8599 8638 8444
f 8398 8914 8638
f 8890 8881 8424
f 9153 8706 8996
f 8406 8640 8587
f 8800 8486 8833
f 8363 8966 8362
f 8548 8775 9037
f 8808 8779 8642
f 8976 8804 8502
f 8642 8779 8446
f 9075 8791 8542
f 8963 8644 8528
f 8957 8527 8644
f 8958 8645 8527
f 8399 8820 8645
f 8949 8646 8463
f 9118 8756 8413
f 8949 8647 8524
f 8463 8616 8915
f 9025 8648 181
f 8647 8463 8648
f 9074 8649 8456
f 8392 8908 8649
f 161 9149 162
f 9051 8684 8496
f 9155 8672 8651
f 9157 8819 8425
f 8752 9027 8528
f 8573 8440 8652
f 8946 8653 9090
f 9086 8437 8853
f 8845 8654 9080
f 9059 8611 9060
f 9063 8655 9065
f 8403 8803 9047
f 9061 8656 8430
f 8448 8627 8656
f 167 8657 168
f 8991 8535 8985
f 8583 9124 8496
f 8465 8657 8895
f 8987 8659 8548
f 9151 8670 8711
f 129 8660 130
f 9084 8739 8421
f 8700 8967 8504
f 8508 8625 8934
f 8377 8826 8827
f 8969 8691 8503
f 8498 8820 8593
f 8399 8758 8663
f 9062 8664 8994
f 8664 8988 8865
f 8900 8665 8559
f 8977 8600 8938
f 9102 8725 8474
f 8372 8373 8666
f 8975 8667 9093
f 172 171 8823
f 8968 8668 8506
f 8457 8625 9069
f 8907 8669 8595
f 9088 8781 8497
f 8711 8670 8492
f 9042 8549 9015
f 8632 8948 8471
f 198 197 9024
f 9157 8672 8530
f 8651 8451 9155
f 8660 8673 8469
f 8660 8531 8673
f 8833 8674 8457
f 8529 8971 8674
f 116 8675 117
f 116 8632 8675
f 8927 8676 8514
f 8452 8598 9078
f 8873 8677 8453
f 8412 8755 8677
f 9105 8678 8453
f 8558 8718 8678
f 9043 8679 8483
f 8618 8366 8679
f 8839 8863 8410
f 8864 8681 8459
f 8680 8864 8459
f 8396 8834 8681
f 8886 9089 8563
f 8604 8550 8682
f 8589 8683 8416
f 9099 8743 8490
f 8942 8684 8410
f 8496 8650 9051
f 9098 8961 8515
f 8567 9111 8685
f 8379 8686 8378
f 8899 8582 8482
f 9029 8687 8455
f 8400 8938 8687
f 8835 8688 8455
f 9137 8767 8426
f 8607 8689 8519
f 8982 8533 8981
f 8809 8690 8513
f 8980 8742 8488
f 8733 9026 8468
f 8990 8817 8503
f 9018 8692 8425
f 8542 9019 8692
f 8966 8995 8548
f 8364 8365 8693
f 8573 8694 8482
f 9034 8676 8419
f 8757 8695 8489
f 8673 8421 8695
f 9105 8696 9104
f 8526 8777 9004
f 130 8697 131
f 8660 8469 8697
f 8897 8698 8520
f 9117 8695 8757
f 119 8699 120
f 119 118 8892
f 8965 8967 8435
f 8816 145 144
f 8390 8763 8389
f 9020 8782 8507
f 9053 8702 8461
f 8552 8797 8702
f 8930 8703 8461
f 9041 8802 8405
f 8909 8704 8393
f 8536 8930 8704
f 8404 8705 8637
f 8630 8522 8705
f 8626 8706 8415
f 9153 8639 8881
f 8861 8707 8436
f 8933 8613 9066
f 9049 8870 8708
f 8456 8707 8708
f 9156 8709 8423
f 8456 8649 8709
f 8764 9005 8520
f 8594 134 8710
f 8659 8711 8407
f 8659 8458 9151
f 8988 8712 8547
f 8712 9092 9081
f 8756 8970 8484
f 8970 8806 8713
f 8924 8891 8714
f 8516 8870 9049
f 8817 8715 8474
f 8412 8677 8925
f 9101 8716 8433
f 8474 8715 8936
f 8920 8717 8448
f 8534 8919 8717
f 9095 8857 8466
f 8401 8678 8718
f 8709 9017 8423
f 8525 8807 8719
f 8807 8720 8466
f 8993 8773 8428
f 9159 8721 9039
f 9056 8698 8757
f 9070 8722 9023
f 8550 9071 8722
f 8823 8723 8494
f 170 169 8723
f 8627 8724 8394
f 8627 8569 8724
f 8474 8725 8666
f 8578 9003 8725
f 8946 8726 8394
f 8946 8947 8726
f 8454 8727 8588
f 8611 140 8727
f 9013 8728 8487
f 8884 8478 8766
f 8737 9040 8499
f 8728 8396 8729
f 8944 8730 8408
f 8480 8622 8730
f 8972 8731 8541
f 8893 8485 9144
f 8836 8732 8529
f 9048 8746 8540
f 8419 8742 8980
f 8488 8755 9026
f 8646 8734 8463
f 9141 8735 8464
f 8556 8735 8617
f 8464 8734 9141
f 8386 8736 8586
f 8387 8388 8902
f 8863 8737 8499
f 8434 8785 8887
f 8867 8738 8475
f 127 126 8738
f 8867 8739 8531
f 8475 8901 8739
f 8795 8740 8502
f 8491 8794 8740
f 8668 8741 8397
f 8625 8508 8741
f 8676 8742 8419
f 8598 8488 8742
f 9152 8743 9099
f 191 190 8743
f 9127 8749 8561
f 8473 8624 8812
f 8595 8745 8443
f 8595 8534 8745
f 8732 9048 8540
f 8467 8622 8926
f 8749 8839 8473
f 8684 8460 8747
f 8465 8748 8580
f 9103 8680 8459
f 8561 8749 8744
f 9146 8564 8749
f 9112 9021 8750
f 8545 8628 8750
f 8992 8751 8441
f 8921 194 193
f 9027 8752 8402
f 8964 8447 9110
f 8631 8753 8442
f 8818 8424 8848
f 9064 8754 8551
f 8488 8598 8754
f 8677 8755 8551
f 8412 8691 9026
f 9012 8756 8484
f 8413 8646 9118
f 8721 8757 8489
f 8698 8469 8757
f 8663 8758 8567
f 9039 8509 9159
f 9139 8759 8543
f 8477 8772 8759
f 8585 8760 8495
f 8433 8584 8760
f 9164 8761 8572
f 142 141 9116
f 8845 8762 8470
f 8575 8435 8762
f 9020 8763 8476
f 8701 8389 8763
f 9005 8764 8476
f 8520 8698 8764
f 8771 9131 8406
f 9016 8767 8478
f 8834 8766 8544
f 8396 8728 8766
f 8765 9016 8478
f 8426 9030 9137
f 8575 8768 8435
f 8479 8770 9057
f 8711 9046 8407
f 9046 8829 8769
f 8604 8770 8479
f 8397 8741 8770
f 8587 8771 8406
f 8477 8759 9139
f 8908 8772 8560
f 8392 8918 8772
f 8772 8773 8560
f 8477 8587 8773
f 8955 9082 8538
f 8429 8593 8774
f 8407 9080 8659
f 8654 8454 8775
f 9125 8776 9161
f 151 150 8905
f 9156 9004 8777
f 8526 8610 8777
f 8468 8969 8662
f 8874 8373 8374
f 8416 8808 8642
f 8493 8803 8928
f 9012 8780 8601
f 8484 8862 8780
f 8669 9088 8497
f 8557 8929 8781
f 8701 9020 8507
f 8764 8417 8782
f 8792 8783 8408
f 8486 9014 8783
f 8789 8784 8402
f 8532 8805 8927
f 9127 8785 8434
f 9161 8776 8480
f 8481 8799 8597
f 8395 8598 8786
f 8576 8787 8487
f 8576 8944 8787
f 145 8816 8945
f 8540 8746 8788
f 8752 9122 8402
f 8614 8532 8789
f 8385 8790 8384
f 8586 8621 8790
f 8643 9075 8542
f 8403 9063 8791
f 8836 8792 8408
f 8984 8674 8833
f 8681 8793 8459
f 8533 8982 8793
f 9130 8794 8441
f 8491 8811 8794
f 8804 8795 8502
f 9068 8501 8626
f 8398 8796 8795
f 8398 8638 8849
f 8702 8797 8420
f 9055 8481 8797
f 8610 8798 8436
f 8610 9058 8799
f 8597 8799 8786
f 8481 8798 8799
f 8406 8800 8640
f 8406 8629 8800
f 9115 8801 8464
f 8569 9113 8801
f 8703 9041 8405
f 8712 8462 8802
f 9075 8928 8403
f 9072 8745 8534
f 8398 8804 8612
f 8398 8795 8804
f 8832 8805 8532
f 8597 8452 8805
f 177 8806 178
f 8524 8647 8806
f 8719 8807 8466
f 9100 8560 8993
f 8596 8808 8416
f 8493 8779 8808
f 8931 8809 8513
f 8694 8419 8809
f 8617 8810 8500
f 8413 8756 8810
f 8415 8811 8626
f 8590 8794 8811
f 154 8812 155
f 8744 8473 8812
f 8814 8813 8585
f 8483 8592 8813
f 8409 8814 8585
f 8409 9015 8814
f 8679 8815 8483
f 8679 8367 8815
f 8504 8816 8700
f 8945 8788 146
f 8666 8817 8474
f 8503 8691 8990
f 8510 8818 8753
f 8510 8843 8890
f 9008 9157 8425
f 8530 8612 8819
f 8593 8820 8663
f 8498 8645 8820
f 8871 8821 8596
f 8574 8837 8821
f 8780 9093 8431
f 8667 8494 8822
f 172 8823 8667
f 171 170 8823
f 8723 8824 8494
f 8959 8580 8414
f 8471 8825 8731
f 8471 8671 8825
f 8686 8826 8378
f 8827 8662 8376
f 8513 8827 8826
f 8513 8690 8950
f 9071 8828 8409
f 8492 8670 8828
f 8479 8829 8604
f 8479 8769 8829
f 8652 8830 8573
f 8402 8784 8830
f 156 9150 157
f 8624 8460 8831
f 8614 8832 8532
f 8962 8523 8953
f 9077 8833 8457
f 8486 8792 8984
f 8681 8834 8533
f 8396 8766 8834
f 8981 8835 8455
f 8834 8544 8835
f 8792 8836 8529
f 8730 8467 8836
f 8907 8837 8557
f 8443 8821 8837
f 8482 8838 8573
f 8482 8582 8838
f 8863 8839 8564
f 8410 8684 8839
f 8956 8840 8447
f 8645 8498 8840
f 9107 8841 8429
f 8571 9120 8841
f 195 8842 196
f 8568 9144 8842
f 8898 8843 8510
f 122 121 8843
f 9095 9097 8562
f 8428 8885 8932
f 8769 8845 8407
f 8575 8762 8845
f 8602 8846 8515
f 8602 8630 8846
f 191 9152 192
f 8546 8751 8847
f 8818 8848 8522
f 8424 8599 8848
f 8599 8849 8638
f 8599 8501 8849
f 9090 8853 8850
f 8539 8714 8850
f 117 8851 118
f 117 8675 8851
f 9135 8852 8577
f 8509 8878 8852
f 8850 8853 8539
f 8653 9086 8853
f 162 8854 163
f 8650 8496 8854
f 8743 8855 8490
f 189 188 8855
f 8661 8856 8504
f 9094 8732 8540
f 8466 8857 8718
f 8562 9096 8857
f 9023 8858 8603
f 8495 8760 8858
f 8722 8859 8495
f 8409 8585 8859
f 8634 8860 8405
f 8861 8436 8609
f 8517 8861 8860
f 8517 8707 8861
f 176 8862 8713
f 8566 8780 8862
f 8410 8863 8680
f 8564 8737 8863
f 8499 8864 8680
f 8499 8729 9022
f 8994 8865 8536
f 8664 8430 8988
f 182 8866 183
f 8648 8497 8866
f 8739 8867 8475
f 8531 8904 9011
f 8586 9073 8445
f 8736 8507 8868
f 9155 9145 8637
f 8538 9044 9142
f 8418 9049 8708
f 8516 8940 9074
f 8416 8871 8596
f 8683 8490 8871
f 8873 8872 8505
f 8678 8401 8872
f 8872 8873 8678
f 8505 8925 8873
f 8503 8874 8778
f 8503 8666 8874
f 9128 9052 8875
f 9133 8380 8381
f 8889 9008 8511
f 8425 8692 8876
f 8416 8877 8589
f 8642 8502 8877
f 8399 8878 8758
f 8399 8958 8878
f 8852 9135 8509
f 8445 8619 8879
f 8639 8880 8424
f 8501 8599 8880
f 8424 8881 8639
f 9036 8699 8472
f 8617 8882 8437
f 8500 8665 8882
f 9108 8883 8620
f 8521 8621 8997
f 8728 8884 8766
f 8565 9014 9132
f 8773 8885 8428
f 8587 8506 8885
f 8932 8886 8563
f 8506 8668 8886
f 8487 8887 8576
f 8487 9040 8887
f 8876 8888 8511
f 8615 8909 8888
f 9157 9008 8651
f 8511 9002 8889
f 8881 8890 8555
f 8424 8818 8890
f 8539 8924 8714
f 8438 8635 8891
f 8851 8892 118
f 8973 8472 8699
f 8811 8893 8590
f 8415 8731 8893
f 9036 8894 8699
f 8555 8843 8894
f 9124 8895 8658
f 8657 167 8895
f 8710 9033 8520
f 132 131 8896
f 8896 8897 8520
f 8896 8697 8897
f 8631 8898 8510
f 123 122 8898
f 8379 8899 8686
f 8379 8380 8899
f 8924 8900 8559
f 8437 8882 8900
f 8978 8901 8515
f 8475 8602 8901
f 8701 8902 8388
f 8701 8507 8902
f 8767 9016 8426
f 8543 8759 8903
f 128 8904 129
f 8531 8660 8904
f 8480 8905 8622
f 8776 151 8905
f 8592 8906 8578
f 8592 8974 8906
f 8443 8907 8595
f 8443 8837 8907
f 8649 8908 8525
f 8392 8772 8908
f 8888 8909 8393
f 9136 8450 8994
f 8442 9035 8631
f 8591 9140 8910
f 9130 8911 8589
f 8441 8751 8911
f 9058 8912 8395
f 8526 8937 8912
f 9108 8913 8521
f 9129 8382 8383
f 9032 8914 8530
f 8398 8612 8914
f 8648 8915 8497
f 8648 8463 8915
f 186 8916 187
f 8837 8574 8916
f 8512 8917 8628
f 8512 8635 8917
f 8512 8918 8635
f 8512 8759 8918
f 8595 8919 8534
f 8595 8411 8919
f 8717 8920 8534
f 8448 8655 8920
f 8568 8921 8751
f 9143 195 194
f 8816 8922 8700
f 144 143 8922
f 8848 8923 8522
f 8848 8599 8923
f 8891 8924 8438
f 8539 8900 8924
f 8715 8925 8505
f 8715 8412 8925
f 149 8926 8622
f 149 148 8926
f 8532 8927 8784
f 8452 8676 8927
f 8779 8928 8643
f 8779 8493 8928
f 8837 8929 8557
f 186 185 8929
f 8704 8930 8461
f 8536 8865 8930
f 8826 8931 8513
f 8686 8482 8931
f 8844 8932 8563
f 8885 8506 8932
f 8517 8933 8708
f 9079 8634 8613
f 8427 8934 8625
f 8427 8661 8934
f 8415 8935 8731
f 8706 8472 8935
f 8474 8936 8716
f 8715 8505 8936
f 8677 9067 8453
f 8551 8912 8937
f 8977 8938 8400
f 8600 8519 8938
f 8519 8939 8607
f 8519 8600 8939
f 8635 8940 8516
f 8392 8649 8940
f 9000 8941 8537
f 8581 8954 9121
f 9103 8942 8410
f 8583 8496 8942
f 8393 8943 8581
f 8704 8461 8952
f 8787 8944 8408
f 8576 8480 8944
f 8504 8945 8816
f 8504 8856 8945
f 8947 8946 8518
f 8394 9123 8946
f 8726 8947 8462
f 8518 9066 8947
f 8471 8948 8671
f 8632 200 8948
f 9118 8949 8524
f 8463 8647 8949
f 8662 8950 8468
f 8827 8513 8950
f 8383 8951 8913
f 8384 8790 8951
f 8943 8952 8523
f 8461 8702 8952
f 8952 8953 8523
f 8702 8420 8953
f 9121 8954 8432
f 8581 8943 8954
f 8605 8955 8451
f 9082 8429 8774
f 8644 8956 8447
f 8527 8645 8956
f 8422 8957 8644
f 8422 8577 8957
f 8645 8958 8399
f 8527 8852 8958
f 8535 8959 8824
f 8535 8991 8959
f 8475 8960 8602
f 8591 9035 8960
f 9147 8961 8449
f 8685 8515 8961
f 8614 8962 8832
f 8614 8432 8962
f 9038 8963 8528
f 8620 8422 8963
f 8528 8964 8752
f 8528 8644 8964
f 8768 8965 8435
f 8768 8508 8965
f 8362 8966 8641
f 8995 8693 8987
f 8435 8967 8700
f 8965 8661 8967
f 8640 8968 8506
f 8640 9077 8968
f 8662 8969 8778
f 8468 8691 8969
f 8484 8970 8713
f 8756 8524 8970
f 9094 8971 8732
f 8427 8674 8971
f 8851 8972 8541
f 8675 8471 8972
f 8541 8973 8892
f 8541 8935 8973
f 8815 8974 8592
f 8368 8369 8974
f 8862 9031 8566
f 173 8667 8975
f 8446 8976 8642
f 8446 8612 8976
f 8500 8977 8665
f 8500 8600 8977
f 8685 8978 8515
f 8685 8421 8978
f 8455 8979 8689
f 8687 8938 8979
f 8690 8980 8733
f 8690 8419 8980
f 8414 8982 8689
f 8533 8835 8981
f 8689 8982 8981
f 8414 8793 8982
f 8753 8983 8442
f 8753 8522 8983
f 8529 8984 8792
f 8529 8674 8984
f 169 8985 8723
f 8657 8991 8985
f 9149 9028 8986
f 8606 8831 8986
f 8995 8987 8548
f 8458 8659 8987
f 8865 8988 8547
f 8430 8712 8988
f 8763 8989 8594
f 8763 8390 8989
f 8412 8990 8691
f 8412 8715 8990
f 8465 8991 8657
f 8465 8580 8991
f 8751 8992 8568
f 8441 8794 8992
f 8807 8993 8720
f 8560 8773 8993
f 9062 8994 8450
f 8664 8865 8994
f 8363 8995 8966
f 8363 8364 8995
f 8626 8996 8706
f 8626 8501 8996
f 8883 8997 8422
f 8883 8521 8997
f 8497 8998 8669
f 8616 8801 8998
f 8727 8999 8588
f 139 138 8999
f 9002 9000 8537
f 8888 8393 9000
f 9002 9001 8605
f 8537 8941 9107
f 9001 9002 8537
f 8605 8889 9002
f 8371 9003 8370
f 8371 8725 9003
f 8526 9004 8696
f 8777 8608 9156
f 9134 9005 8476
f 8710 8520 9005
f 8780 9006 8601
f 8431 8939 9006
f 8391 9007 8989
f 8391 136 9007
f 8511 9008 8876
f 8889 8651 9008
f 8828 9009 8492
f 8550 8604 9009
f 8361 9010 8360
f 8999 138 9010
f 8738 9011 127
f 8867 8531 9011
f 8780 9012 8484
f 8601 8810 9012
f 8787 9013 8487
f 8787 8783 9013
f 8783 9014 8565
f 8486 8629 9014
f 8828 9015 8409
f 8828 8670 9015
f 8543 9016 8765
f 8543 8903 9016
f 8423 9017 8719
f 8709 8525 9017
f 8633 9018 8425
f 8542 8692 9018
f 8692 9019 8450
f 8542 8791 9019
f 8763 9020 8701
f 8476 8764 9020
f 8750 9021 8545
f 8750 8559 9112
f 8864 9022 8681
f 8729 8396 9022
f 8495 9023 8722
f 8603 9096 9023
f 198 9024 8671
f 197 196 9024
f 180 9025 181
f 8647 8648 9025
f 8488 9026 8733
f 8755 8412 9026
f 8830 9027 8402
f 8652 9038 9027
f 9154 9028 160
f 8986 8650 9149
f 9030 9029 8688
f 8545 8687 9029
f 9029 9030 8545
f 8688 9137 9030
f 8566 9031 8975
f 8862 175 9031
f 8444 9032 8672
f 8638 8914 9032
f 132 9033 133
f 8896 8520 9033
f 8514 9034 8694
f 8514 8676 9034
f 8960 9035 8442
f 8591 8910 9035
f 8555 9036 8881
f 8555 8894 9036
f 8548 9037 8641
f 8775 8454 9037
f 8440 9038 8652
f 8620 8963 9038
f 8509 9039 8878
f 8721 8489 9039
f 8499 9040 8729
f 8737 8887 9040
f 8547 9041 8703
f 8547 8802 9041
f 9151 9042 8670
f 8458 8618 9042
f 8549 9043 8814
f 8549 8679 9043
f 8774 9044 8538
f 8774 8449 9044
f 8724 9045 8394
f 8724 8464 9085
f 8407 9046 8769
f 8711 8492 9046
f 8534 9047 8803
f 8920 8655 9047
f 8467 9048 8732
f 8467 8746 9048
f 8714 9049 8418
f 8714 8516 9049
f 9096 9050 8439
f 8844 8563 9050
f 8986 9051 8650
f 8460 8684 9051
f 8875 9052 8582
f 8875 8579 9128
f 8703 9053 8461
f 8703 9054 9053
f 9053 9054 8552
f 8703 8405 9054
f 8552 9055 8797
f 9138 8609 8481
f 8721 9056 8757
f 8417 8698 9056
f 8479 9057 8768
f 8770 8741 9057
f 8799 9058 8395
f 8610 8526 9058
f 8845 9059 8654
f 8470 9116 9059
f 8454 9060 8727
f 8454 8654 9060
f 9062 9061 8664
f 8554 9065 9061
f 9019 9062 8450
f 8554 9061 9062
f 8791 9063 8554
f 8403 9047 9063
f 8755 9064 8551
f 8755 8488 9064
f 9063 9065 8554
f 8655 8448 9065
f 8947 9066 8613
f 8518 8850 9066
f 8453 9067 8937
f 8677 8551 9067
f 8811 9068 8626
f 8491 8796 9068
f 8741 9069 8625
f 8741 8668 9069
f 8682 9070 8439
f 8550 8722 9070
f 8859 9071 8409
f 8550 9009 9071
f 8493 9072 8803
f 8493 8745 9072
f 8445 9073 8868
f 8586 8736 9073
f 8870 9074 8456
f 8870 8516 9074
f 8928 9075 8643
f 8403 8791 9075
f 8854 9076 164
f 8854 8496 9076
f 8968 9077 8457
f 8640 8800 9077
f 8452 9078 8676
f 8598 8742 9078
f 8517 9079 8933
f 8517 8634 9079
f 8775 9080 8654
f 8775 8659 9080
f 8430 9092 8712
f 8553 8726 9081
f 8605 9082 8955
f 8605 9001 9082
f 8718 9083 8401
f 8857 8603 9083
f 8531 9084 8673
f 8531 8739 9084
f 9045 9085 8556
f 8464 8735 9085
f 9123 9086 8653
f 8556 8617 9086
f 8910 9087 8631
f 124 123 9087
f 8557 9088 8669
f 8557 8781 9088
f 8682 9089 8604
f 8682 8563 9089
f 8946 9090 8518
f 8653 8853 9090
f 8627 9091 8553
f 8394 8726 9091
f 8656 9092 8430
f 8656 8553 9092
f 8822 9093 8667
f 8822 8431 9093
f 8427 9094 8856
f 8427 8971 9094
f 8720 9095 8466
f 8720 9097 9095
f 8844 9096 8562
f 8439 9023 9096
f 8562 9097 8844
f 8720 8428 9097
f 8961 9098 8623
f 8515 8846 9098
f 8911 9099 8683
f 8546 9152 9099
f 8525 9100 8807
f 8525 8908 9100
f 8592 9101 8433
f 8578 9102 9101
f 8725 9102 8578
f 8474 8716 9102
f 8583 9103 8748
f 8583 8942 9103
f 9105 9104 8558
f 8696 8423 9104
f 8678 9105 8558
f 8453 8937 9105
f 8719 9106 8558
f 8719 8466 9106
f 8537 9107 9001
f 8571 8841 9107
f 8440 9128 8620
f 8579 8913 9108
f 8432 9109 8636
f 8432 8614 9109
f 8840 9110 8447
f 9109 8570 9110
f 9148 9111 8567
f 8695 8421 9111
f 8665 9112 8559
f 8400 9021 9112
f 8801 9113 8411
f 8569 9114 9113
f 8717 9114 8448
f 8717 9113 9114
f 8569 9115 8724
f 8569 8801 9115
f 9059 9116 8611
f 8761 142 9116
f 8469 9117 8757
f 8469 8673 9117
f 8949 9118 8646
f 8524 8756 9118
f 8812 9119 155
f 8812 8624 9119
f 8841 9120 8498
f 8571 8636 9120
f 8636 9121 8432
f 8571 8941 9121
f 8402 9122 8789
f 8752 8570 9122
f 8946 9123 8653
f 9045 8556 9123
f 8748 9124 8583
f 8465 8895 9124
f 9126 9125 8561
f 152 8776 9125
f 8744 9126 8561
f 8744 154 9126
f 8749 9127 8434
f 8561 9125 9161
f 9052 9128 8440
f 8579 9108 9128
f 8579 9129 8913
f 8579 8875 9129
f 8911 9130 8441
f 8589 8740 9130
f 8406 9131 8765
f 8771 9139 9131
f 8765 9132 8629
f 8478 8884 9132
f 8582 9133 8875
f 8582 8899 9133
f 8710 9134 8594
f 8710 9005 9134
f 8445 9135 8577
f 8879 8509 9135
f 8615 9136 8909
f 8615 8692 9136
f 8544 9137 8688
f 8544 8767 9137
f 8552 9138 9055
f 8552 9054 9138
f 9131 9139 8543
f 8771 8477 9139
f 126 9140 8738
f 126 125 9140
f 8646 9141 8734
f 8646 8413 9141
f 8538 9142 8869
f 8623 9098 9142
f 8568 9143 8921
f 8568 8842 9143
f 8992 9144 8568
f 8992 8590 9144
f 8637 9145 8869
f 8451 8955 9145
f 8434 9146 8749
f 8434 8737 9146
f 8663 9147 8449
f 8567 8685 9147
f 8758 9148 8567
f 8489 8695 9148
f 8854 9149 8650
f 161 9028 9149
f 8831 9150 8624
f 8831 9160 9150
f 8659 9151 8711
f 8458 9042 9151
f 8847 9152 8546
f 8847 192 9152
f 8706 9153 8472
f 8996 8639 9153
f 159 9154 160
f 159 158 9154
f 9145 9155 8451
f 8637 8672 9155
f 8709 9156 8608
f 8423 9004 9156
f 8672 9157 8651
f 8530 8819 9157
f 8895 9158 8658
f 8895 167 9158
f 8879 9159 8509
f 8879 8619 9159
f 9150 9160 157
f 8831 8606 9160
f 9127 9161 8785
f 9127 8561 9161
f 9163 9162 8572
f 8762 8435 9162
f 8761 9163 8572
f 8761 8470 9163
f 142 9164 143
f 8572 8922 9164
