v -0.164120 0.894595 -0.014451
v -0.163318 0.891552 -0.014640
v -0.162477 0.891456 -0.012421
v -0.164052 0.889580 -0.012751
v -0.163719 0.904730 -0.015602
v -0.161290 0.901703 -0.012064
v -0.157591 0.912243 -0.014040
v -0.160097 0.911560 -0.011621
v -0.160099 0.921524 -0.012403
v -0.159621 0.921464 -0.014772
v -0.159766 0.931280 -0.012148
v -0.158222 0.930530 -0.013109
v -0.157253 0.939662 -0.012270
v -0.158778 0.940795 -0.011470
v -0.157733 0.949954 -0.010942
v -0.156194 0.948716 -0.011483
v -0.155178 0.957728 -0.010175
v -0.156637 0.959103 -0.010112
v -0.155666 0.968188 -0.009413
v -0.154327 0.966678 -0.009130
v -0.154158 0.977427 -0.008571
v -0.152926 0.975833 -0.007791
v -0.151473 0.986099 -0.007752
v -0.153803 0.984814 -0.007278
v -0.151227 0.995429 -0.007355
v -0.149160 0.992656 -0.006083
v -0.150106 1.004796 -0.006699
v -0.148867 1.001887 -0.004920
v -0.146220 1.010890 -0.003233
v -0.147053 1.014023 -0.006465
v -0.142084 1.022320 -0.005860
v -0.145152 1.020659 -0.002251
v -0.139099 1.031374 -0.005242
v -0.142435 1.029703 -0.000739
v -0.137472 1.038115 0.000632
v -0.138384 1.041136 -0.004654
v -0.137862 1.050653 -0.003209
v -0.134159 1.047387 0.001429
v -0.133470 1.057226 0.001826
v -0.136754 1.060312 -0.002172
v -0.132554 1.066986 0.001984
v -0.133734 1.069158 -0.002034
v -0.132965 1.076649 0.001553
v -0.129957 1.078134 -0.002874
v -0.131724 1.086013 0.002961
v -0.129130 1.087773 -0.002615
v -0.130619 1.095686 0.003019
v -0.124070 1.095597 -0.000914
v -0.127042 1.104546 0.003611
v -0.125844 1.105044 -0.001108
v 0.123020 1.103758 0.001237
v 0.125168 1.104180 -0.004597
v 0.129185 1.096695 -0.000572
v 0.125561 1.094923 -0.002998
v 0.128144 1.087408 -0.001568
v 0.128836 1.086514 -0.000071
v 0.130204 1.078193 -0.001131
v 0.132017 1.079864 -0.006089
v 0.131340 1.068774 -0.001329
v 0.132774 1.070486 -0.006596
v 0.132623 1.059027 -0.000830
v 0.133938 1.061009 -0.006657
v 0.135603 1.050113 -0.002009
v 0.134186 1.051595 -0.007125
v 0.136025 1.040434 -0.002089
v 0.136864 1.042447 -0.007577
v 0.140192 1.031802 -0.003591
v 0.137399 1.032713 -0.008248
v 0.142353 1.024295 -0.009350
v 0.141920 1.022256 -0.004600
v 0.144320 1.013111 -0.005664
v 0.145528 1.015463 -0.009771
v 0.148484 1.004742 -0.007287
v 0.146332 1.005892 -0.010344
v 0.149438 0.996945 -0.011002
v 0.148044 0.995560 -0.008564
v 0.150791 0.987778 -0.011336
v 0.149486 0.986309 -0.009869
v 0.152902 0.978681 -0.011621
v 0.151637 0.977386 -0.010649
v 0.156462 0.969604 -0.012891
v 0.154527 0.968199 -0.012860
v 0.158806 0.960655 -0.012905
v 0.156117 0.959018 -0.013422
v 0.159208 0.951577 -0.012970
v 0.158549 0.950353 -0.014663
v 0.158581 0.941959 -0.014349
v 0.157153 0.940919 -0.015688
v 0.155638 0.931577 -0.015610
v 0.158136 0.932367 -0.014380
v 0.159620 0.922595 -0.014701
v 0.159569 0.922995 -0.017697
v 0.159331 0.913392 -0.013741
v 0.161460 0.914091 -0.017919
v 0.161651 0.904365 -0.018836
v 0.161209 0.904231 -0.013963
v 0.169288 0.898727 -0.015088
v 0.161590 0.894599 -0.021407
v 0.169966 0.892854 -0.019650
v 0.165536 0.892592 -0.019086
v -0.217760 0.329466 -0.056614
v -0.219652 0.329341 -0.055493
v -0.213648 0.337814 -0.060286
v -0.215381 0.337998 -0.057835
v -0.213576 0.347685 -0.058817
v -0.212107 0.347341 -0.057448
v -0.211912 0.357409 -0.060286
v -0.211387 0.357508 -0.057577
v -0.211359 0.367521 -0.059534
v -0.210376 0.367390 -0.057763
v -0.211261 0.377421 -0.057784
v -0.209236 0.377498 -0.057502
v -0.210440 0.387283 -0.058286
v -0.207405 0.387225 -0.057232
v -0.210080 0.397389 -0.057192
v -0.207214 0.397418 -0.057163
v -0.209664 0.407261 -0.055946
v -0.205682 0.407303 -0.056832
v -0.209537 0.417283 -0.054483
v -0.206936 0.417299 -0.057050
v -0.209465 0.427242 -0.053341
v -0.206418 0.427405 -0.056988
v -0.206062 0.437488 -0.056864
v -0.207849 0.437011 -0.055398
v -0.206561 0.447527 -0.056618
v -0.207309 0.446975 -0.054559
v -0.205901 0.457632 -0.056556
v -0.206485 0.457080 -0.054354
v -0.205876 0.467270 -0.053585
v -0.205881 0.467666 -0.056115
v -0.205372 0.477389 -0.054010
v -0.207156 0.477871 -0.055158
v -0.205080 0.487496 -0.056069
v -0.206658 0.488039 -0.054947
v -0.204598 0.497459 -0.056025
v -0.207055 0.498086 -0.053675
v -0.206682 0.508296 -0.053254
v -0.203977 0.507623 -0.054791
v -0.203363 0.517854 -0.052854
v -0.205227 0.518425 -0.053717
v -0.203237 0.528151 -0.054144
v -0.205100 0.528524 -0.052750
v -0.203478 0.538374 -0.055991
v -0.203602 0.538669 -0.054040
v -0.200509 0.548670 -0.054034
v -0.202015 0.548207 -0.052487
v -0.200667 0.559085 -0.053771
v -0.201478 0.558493 -0.051474
v -0.200882 0.568838 -0.051011
v -0.200266 0.569607 -0.053235
v -0.199724 0.579870 -0.052753
v -0.200525 0.579060 -0.050401
v -0.198895 0.590267 -0.052084
v -0.200316 0.589596 -0.050261
v -0.200253 0.600037 -0.050548
v -0.198671 0.600699 -0.051669
v -0.198372 0.611278 -0.050614
v -0.199988 0.610400 -0.049556
v -0.197842 0.621758 -0.049480
v -0.200342 0.620877 -0.049620
v -0.200631 0.631573 -0.049501
v -0.199333 0.632056 -0.048047
v -0.199764 0.641780 -0.047648
v -0.200785 0.642315 -0.045885
v -0.200490 0.652821 -0.044893
v -0.199767 0.652309 -0.046841
v -0.198354 0.662213 -0.043510
v -0.198218 0.663163 -0.045435
v -0.197739 0.672701 -0.041973
v -0.198240 0.673769 -0.044771
v -0.198212 0.684464 -0.043739
v -0.197391 0.683349 -0.041366
v -0.199165 0.694845 -0.040581
v -0.197240 0.694155 -0.040732
v -0.198569 0.705286 -0.038198
v -0.197724 0.705166 -0.040382
v -0.197773 0.716053 -0.039058
v -0.199062 0.715856 -0.040567
v -0.199539 0.726552 -0.039515
v -0.196588 0.726732 -0.038872
v -0.197290 0.736740 -0.037229
v -0.196199 0.736847 -0.035553
v -0.195213 0.746911 -0.032124
v -0.195243 0.746926 -0.034153
v -0.194608 0.757426 -0.031066
v -0.193298 0.756652 -0.029726
v -0.191636 0.765456 -0.024760
v -0.190689 0.765948 -0.026463
v -0.190712 0.776486 -0.024220
v -0.189896 0.775793 -0.022281
v -0.189351 0.786932 -0.021983
v -0.188142 0.786222 -0.020265
v -0.184910 0.796841 -0.020817
v -0.186289 0.796899 -0.019388
v -0.185030 0.807351 -0.016502
v -0.184153 0.807569 -0.018546
v -0.182595 0.818672 -0.016928
v -0.182967 0.818038 -0.015001
v -0.179293 0.829119 -0.016382
v -0.180053 0.828583 -0.014608
v -0.175154 0.839241 -0.018583
v -0.176804 0.838189 -0.018045
v -0.172523 0.849884 -0.017710
v -0.173936 0.848810 -0.016769
v -0.171457 0.859180 -0.018508
v -0.168915 0.860102 -0.018781
v -0.169251 0.870477 -0.015451
v -0.169569 0.870219 -0.017863
v -0.165680 0.880735 -0.015019
v -0.168852 0.881209 -0.017621
v 0.166253 0.882184 -0.021326
v 0.168303 0.881733 -0.021171
v 0.170623 0.872390 -0.023412
v 0.169151 0.871907 -0.025836
v 0.172968 0.861780 -0.025447
v 0.174036 0.862242 -0.023633
v 0.177332 0.851803 -0.025223
v 0.178419 0.852648 -0.023328
v 0.180723 0.841596 -0.026973
v 0.182522 0.842403 -0.023464
v 0.186572 0.832463 -0.025494
v 0.185897 0.832132 -0.023645
v 0.188126 0.821441 -0.022484
v 0.191216 0.822494 -0.026363
v 0.192379 0.811237 -0.026456
v 0.190994 0.810976 -0.024731
v 0.191685 0.799943 -0.027435
v 0.193218 0.800702 -0.026462
v 0.196374 0.790292 -0.030177
v 0.195928 0.790077 -0.027199
v 0.197242 0.779459 -0.030836
v 0.198036 0.779306 -0.028421
v 0.199575 0.768872 -0.032475
v 0.199922 0.768841 -0.030453
v 0.201197 0.757951 -0.032583
v 0.201052 0.758325 -0.034469
v 0.201307 0.747547 -0.035587
v 0.201084 0.747358 -0.033544
v 0.202622 0.736966 -0.035298
v 0.202266 0.736708 -0.037275
v 0.204014 0.726477 -0.037562
v 0.202231 0.726034 -0.039300
v 0.202437 0.715400 -0.040765
v 0.204830 0.715734 -0.039835
v 0.205257 0.705047 -0.040878
v 0.203406 0.704734 -0.042192
v 0.204486 0.694092 -0.043133
v 0.205562 0.694224 -0.041437
v 0.204078 0.683301 -0.044496
v 0.205717 0.683804 -0.043437
v 0.205549 0.673699 -0.046765
v 0.207112 0.673138 -0.045437
v 0.207184 0.662544 -0.046727
v 0.205797 0.663138 -0.048149
v 0.206485 0.652642 -0.047695
v 0.205109 0.652408 -0.049002
v 0.206612 0.642198 -0.048636
v 0.205600 0.641969 -0.050363
v 0.206759 0.631665 -0.050160
v 0.207893 0.631630 -0.051860
v 0.206533 0.621293 -0.052231
v 0.208320 0.621359 -0.053558
v 0.205878 0.611230 -0.055093
v 0.207900 0.611087 -0.055116
v 0.204766 0.601014 -0.057593
v 0.205709 0.600931 -0.055785
v 0.205440 0.590662 -0.057112
v 0.203950 0.591038 -0.060056
v 0.205686 0.580401 -0.058890
v 0.204548 0.580729 -0.060668
v 0.205635 0.570052 -0.060303
v 0.204689 0.570413 -0.062057
v 0.204718 0.559974 -0.062882
v 0.205465 0.559787 -0.060915
v 0.204907 0.549748 -0.063706
v 0.205515 0.549543 -0.061823
v 0.204844 0.539461 -0.064221
v 0.204406 0.539501 -0.061246
v 0.204425 0.529267 -0.062372
v 0.204898 0.529275 -0.064393
v 0.205015 0.519221 -0.064059
v 0.205386 0.519356 -0.062094
v 0.204168 0.508926 -0.064169
v 0.206326 0.509268 -0.063598
v 0.206640 0.498895 -0.063429
v 0.205358 0.498698 -0.065690
v 0.204788 0.488618 -0.064591
v 0.205936 0.489034 -0.066220
v 0.205130 0.478561 -0.065419
v 0.205971 0.478899 -0.067123
v 0.205146 0.468477 -0.065644
v 0.206139 0.468649 -0.067209
v 0.206357 0.458954 -0.068698
v 0.206330 0.458533 -0.066870
v 0.206782 0.449039 -0.069914
v 0.206288 0.448479 -0.066401
v 0.206400 0.438793 -0.068858
v 0.207120 0.439030 -0.071278
v 0.206529 0.428713 -0.069181
v 0.206906 0.429110 -0.071130
v 0.206202 0.418940 -0.070671
v 0.206163 0.419172 -0.072686
v 0.206349 0.408966 -0.070431
v 0.206326 0.409240 -0.073759
v 0.206240 0.399273 -0.074443
v 0.206521 0.399225 -0.072417
v 0.207069 0.389341 -0.074101
v 0.208688 0.389769 -0.075311
v 0.206732 0.379381 -0.076129
v 0.208676 0.379803 -0.076401
v 0.206691 0.369500 -0.076776
v 0.208266 0.369690 -0.075473
v 0.207891 0.359735 -0.074197
v 0.207736 0.359591 -0.076182
v 0.207889 0.349698 -0.075867
v 0.208018 0.349722 -0.073858
v 0.208450 0.339784 -0.075170
v 0.207832 0.340143 -0.073177
v 0.209162 0.329950 -0.077019
v 0.208888 0.330417 -0.074483
v 0.168468 0.896400 -0.007460
v 0.168193 0.891675 -0.012006
v 0.170885 0.893013 -0.004672
v 0.166391 0.894869 0.000091
v 0.166492 0.895421 0.008248
v 0.170592 0.892287 0.003623
v 0.166522 0.895477 0.016567
v 0.170029 0.892076 0.011814
v 0.169832 0.891491 0.019785
v 0.166529 0.895200 0.024251
v 0.170108 0.892475 0.027433
v 0.164734 0.895680 0.031927
v 0.162339 0.895682 0.039328
v 0.167652 0.892463 0.035064
v 0.159355 0.896057 0.046577
v 0.164712 0.891598 0.041911
v 0.154762 0.896047 0.053134
v 0.159803 0.890319 0.047771
v 0.150133 0.895743 0.058815
v 0.158755 0.890442 0.054871
v 0.151967 0.889554 0.057717
v 0.145035 0.896103 0.064247
v 0.138012 0.896454 0.068325
v 0.146232 0.889608 0.063266
v 0.140581 0.889674 0.069132
v 0.130836 0.896431 0.072155
v 0.122987 0.896393 0.074724
v 0.134952 0.890388 0.075445
v 0.126973 0.890351 0.077973
v 0.115955 0.897234 0.079339
v 0.108330 0.898720 0.083263
v 0.118605 0.891267 0.080594
v 0.109517 0.891291 0.080722
v 0.100388 0.897237 0.079418
v 0.101472 0.891201 0.084352
v 0.094103 0.897529 0.085218
v 0.085738 0.897359 0.083276
v 0.092827 0.891730 0.083260
v 0.084194 0.891664 0.084936
v 0.078216 0.898068 0.087190
v 0.075409 0.892495 0.084936
v 0.069696 0.897360 0.087229
v 0.066547 0.892700 0.086155
v 0.061206 0.897733 0.085413
v 0.055060 0.897853 0.090832
v 0.057988 0.892703 0.088851
v 0.049138 0.893923 0.091007
v 0.046406 0.898202 0.092879
v 0.038186 0.897818 0.091677
v 0.040361 0.893984 0.093094
v 0.031841 0.894185 0.095445
v 0.029864 0.897586 0.093630
v 0.022837 0.893690 0.097267
v 0.021429 0.897714 0.092328
v 0.014083 0.893864 0.098706
v 0.014102 0.897705 0.096557
v 0.005277 0.893322 0.097319
v 0.005829 0.897765 0.095140
v -0.003128 0.892852 0.095706
v -0.002934 0.897508 0.095799
v -0.011193 0.897637 0.096058
v -0.011645 0.892555 0.097057
v -0.020098 0.892876 0.096574
v -0.018939 0.897685 0.092723
v -0.028561 0.891893 0.095061
v -0.026590 0.898047 0.095087
v -0.036910 0.892373 0.093805
v -0.033561 0.897610 0.090791
v -0.041839 0.897170 0.090052
v -0.045359 0.892341 0.093604
v -0.053528 0.891192 0.092444
v -0.050161 0.896397 0.090840
v -0.058119 0.896559 0.088529
v -0.061839 0.891434 0.090817
v -0.070273 0.890842 0.090659
v -0.066349 0.896058 0.089562
v -0.074600 0.896847 0.090359
v -0.078262 0.891184 0.091353
v -0.082536 0.896213 0.087672
v -0.087247 0.891344 0.091466
v -0.091155 0.895952 0.088312
v -0.095788 0.890577 0.090706
v -0.098868 0.896523 0.091027
v -0.104420 0.890513 0.090107
v -0.106420 0.895757 0.087779
v -0.112607 0.890397 0.089444
v -0.114108 0.898084 0.090538
v -0.121093 0.890905 0.086803
v -0.129637 0.891137 0.084172
v -0.119865 0.896372 0.084868
v -0.137307 0.890812 0.080790
v -0.127657 0.895469 0.081741
v -0.144623 0.890589 0.077063
v -0.134929 0.894848 0.079012
v -0.149547 0.890571 0.071038
v -0.141830 0.895386 0.075076
v -0.147308 0.894473 0.068972
v -0.155096 0.890126 0.064595
v -0.159848 0.890137 0.058628
v -0.151930 0.894073 0.062983
v -0.163085 0.890656 0.052243
v -0.156269 0.894275 0.056836
v -0.167717 0.890769 0.045808
v -0.159574 0.893959 0.049645
v -0.162538 0.893817 0.042311
v -0.167140 0.891274 0.037985
v -0.169567 0.891226 0.030516
v -0.164678 0.893540 0.034537
v -0.165548 0.893238 0.026948
v -0.169857 0.890963 0.022763
v -0.170449 0.891688 0.015096
v -0.166260 0.893727 0.019257
v -0.165791 0.893123 0.011518
v -0.169597 0.891525 0.007213
v -0.164990 0.893271 0.003534
v -0.168830 0.892136 -0.000569
v -0.163751 0.892774 -0.004465
v -0.170028 0.892925 -0.008647
v -0.161316 0.895235 -0.021609
v -0.162808 0.893398 -0.022340
v -0.158227 0.895901 -0.028842
v -0.162234 0.895695 -0.029874
v -0.154905 0.896552 -0.036701
v -0.158287 0.896563 -0.037141
v -0.156735 0.897639 -0.044569
v -0.152044 0.896919 -0.043821
v -0.153254 0.899376 -0.051353
v -0.148951 0.898029 -0.051103
v -0.145632 0.898996 -0.058213
v -0.149134 0.900926 -0.057913
v -0.145508 0.900846 -0.064940
v -0.143658 0.899792 -0.065706
v -0.139214 0.901003 -0.072161
v -0.140573 0.902144 -0.071085
v -0.135528 0.904032 -0.077824
v -0.133247 0.901237 -0.077779
v -0.130288 0.905118 -0.084603
v -0.127917 0.902330 -0.084385
v -0.124047 0.904162 -0.091515
v -0.125659 0.905876 -0.091407
v -0.118437 0.905769 -0.096863
v -0.119610 0.907022 -0.096818
v -0.110851 0.905859 -0.098443
v -0.113291 0.906861 -0.101124
v -0.105094 0.906512 -0.103275
v -0.107048 0.908641 -0.105272
v -0.100214 0.909269 -0.108370
v -0.098105 0.907217 -0.106340
v -0.092477 0.908646 -0.109353
v -0.092060 0.907652 -0.111403
v -0.085799 0.908621 -0.113257
v -0.084701 0.907008 -0.112974
v -0.078626 0.908887 -0.115310
v -0.077460 0.906973 -0.114683
v -0.070554 0.909055 -0.117726
v -0.069624 0.906971 -0.116703
v -0.062028 0.909266 -0.118190
v -0.061055 0.906948 -0.116792
v -0.053777 0.908861 -0.117317
v -0.052909 0.907387 -0.115976
v -0.045925 0.907739 -0.117242
v -0.045397 0.906926 -0.119206
v -0.037454 0.906271 -0.118572
v -0.038029 0.909344 -0.119413
v -0.029659 0.906941 -0.122252
v -0.029420 0.908643 -0.118643
v -0.020906 0.906239 -0.122232
v -0.020600 0.908632 -0.117981
v -0.012119 0.906071 -0.120106
v -0.011406 0.907673 -0.117671
v -0.003708 0.906761 -0.121351
v -0.003050 0.909105 -0.119243
v 0.004469 0.906252 -0.120650
v 0.005266 0.908672 -0.118903
v 0.013279 0.909108 -0.120396
v 0.012439 0.906433 -0.118432
v 0.021679 0.908109 -0.120899
v 0.020691 0.906150 -0.118629
v 0.029921 0.908398 -0.121847
v 0.028907 0.906918 -0.119530
v 0.036022 0.905992 -0.123790
v 0.037981 0.908495 -0.125025
v 0.043913 0.905935 -0.122191
v 0.046174 0.908809 -0.123295
v 0.051641 0.905117 -0.122212
v 0.054191 0.908392 -0.123851
v 0.058806 0.904913 -0.119265
v 0.061713 0.908422 -0.122047
v 0.067084 0.904467 -0.119307
v 0.069908 0.907728 -0.121709
v 0.075015 0.904559 -0.118905
v 0.077654 0.907678 -0.119421
v 0.082249 0.903532 -0.116575
v 0.085183 0.906765 -0.118173
v 0.092452 0.907084 -0.115533
v 0.088918 0.903332 -0.112841
v 0.099912 0.906506 -0.111860
v 0.096629 0.903158 -0.109492
v 0.106979 0.905864 -0.107350
v 0.104064 0.902636 -0.105606
v 0.111154 0.902196 -0.101152
v 0.113864 0.905210 -0.102150
v 0.117827 0.901358 -0.096535
v 0.120174 0.903876 -0.097625
v 0.124079 0.901784 -0.091855
v 0.126139 0.903875 -0.092203
v 0.130160 0.901158 -0.086290
v 0.131473 0.902681 -0.086417
v 0.136225 0.902338 -0.081967
v 0.136018 0.901792 -0.080008
v 0.139114 0.900690 -0.075176
v 0.140648 0.901554 -0.074034
v 0.146127 0.900945 -0.067679
v 0.142537 0.899630 -0.067651
v 0.149630 0.899802 -0.060330
v 0.146869 0.899042 -0.060852
v 0.150140 0.897926 -0.053912
v 0.154569 0.899430 -0.054301
v 0.153496 0.897552 -0.046908
v 0.155447 0.897934 -0.046992
v 0.159883 0.896658 -0.040066
v 0.157949 0.897557 -0.040132
v 0.163529 0.895709 -0.033122
v 0.163347 0.898351 -0.034272
v 0.159055 0.896987 -0.027968
v 0.166723 0.895308 -0.025890
v -0.219724 0.325731 -0.056327
v 0.208709 0.328821 -0.071282
v 0.199572 0.328852 -0.074838
v 0.191422 0.330564 -0.069377
v 0.184600 0.332457 -0.062518
v 0.178195 0.334312 -0.055073
v 0.174265 0.335960 -0.046282
v 0.169548 0.337736 -0.037572
v 0.169184 0.339181 -0.027880
v 0.164160 0.341335 -0.019544
v 0.155123 0.342170 -0.023483
v 0.153963 0.342872 -0.033243
v 0.157290 0.343677 -0.042555
v 0.158059 0.344373 -0.052365
v 0.158065 0.345318 -0.062353
v 0.161894 0.345800 -0.071377
v 0.161089 0.346683 -0.081297
v 0.162912 0.347857 -0.090794
v 0.159341 0.348910 -0.100082
v 0.162614 0.349417 -0.109452
v 0.162612 0.350718 -0.119202
v 0.161869 0.351900 -0.129071
v 0.161069 0.353182 -0.138793
v 0.153519 0.353614 -0.145263
v 0.143810 0.353664 -0.147155
v 0.133742 0.354068 -0.149196
v 0.123758 0.354408 -0.151126
v 0.113609 0.354780 -0.153097
v 0.103385 0.354993 -0.155106
v 0.092899 0.354920 -0.157159
v 0.082689 0.354828 -0.159095
v 0.072502 0.354422 -0.161060
v 0.061955 0.354040 -0.162918
v 0.051540 0.354183 -0.164731
v 0.041275 0.354690 -0.166417
v 0.031852 0.355648 -0.170086
v 0.027960 0.356066 -0.161023
v 0.022169 0.360581 -0.154356
v 0.022066 0.356461 -0.145357
v 0.012639 0.357364 -0.142636
v 0.005456 0.359466 -0.149201
v -0.001021 0.358452 -0.141937
v -0.006444 0.357674 -0.150204
v -0.015913 0.357710 -0.147684
v -0.025647 0.358696 -0.146843
v -0.032376 0.363399 -0.141434
v -0.038829 0.359719 -0.148366
v -0.041926 0.359964 -0.139230
v -0.050690 0.359546 -0.143802
v -0.059579 0.359262 -0.148303
v -0.067188 0.359564 -0.141845
v -0.073857 0.361150 -0.148900
v -0.083516 0.359353 -0.148401
v -0.093300 0.358647 -0.149959
v -0.099755 0.358869 -0.157314
v -0.096519 0.359065 -0.166888
v -0.103765 0.358749 -0.173486
v -0.113580 0.358679 -0.174906
v -0.117560 0.358166 -0.165772
v -0.122850 0.357234 -0.157505
v -0.128078 0.356031 -0.148647
v -0.133140 0.354560 -0.139847
v -0.137705 0.353203 -0.130427
v -0.141200 0.352260 -0.120728
v -0.144645 0.351142 -0.111066
v -0.147668 0.350007 -0.101499
v -0.150614 0.348608 -0.091956
v -0.153020 0.347181 -0.082035
v -0.155600 0.346024 -0.072348
v -0.158210 0.344698 -0.062786
v -0.159515 0.343609 -0.053069
v -0.159199 0.342691 -0.043112
v -0.157908 0.341918 -0.033399
v -0.155890 0.341142 -0.023678
v -0.161199 0.340094 -0.015315
v -0.170718 0.338268 -0.013676
v -0.180546 0.336344 -0.014514
v -0.188072 0.334269 -0.020763
v -0.195739 0.332174 -0.026958
v -0.203732 0.330163 -0.032343
v -0.207114 0.328357 -0.041679
v -0.213295 0.326454 -0.048861
v -0.005167 0.629195 -0.144883
v -0.126369 0.542325 -0.142518
v 0.139266 0.541104 -0.137137
v 0.117764 0.731636 -0.127907
v -0.116088 0.733584 -0.136361
v -0.040775 0.494537 -0.163434
v -0.011949 0.772661 -0.134831
v 0.043546 0.471051 -0.163743
v -0.166283 0.460412 -0.069912
v 0.165617 0.460606 -0.067501
v 0.156384 0.634870 -0.080142
v -0.161218 0.635135 -0.086473
v -0.094766 0.455448 -0.162038
v -0.071391 0.580881 -0.140255
v 0.136737 0.446278 -0.143725
v 0.047644 0.568494 -0.155971
v 0.063200 0.811675 -0.136766
v -0.149659 0.805547 -0.082583
v 0.150557 0.805540 -0.082058
v -0.082782 0.816581 -0.129269
v 0.165633 0.548235 -0.064802
v -0.160014 0.549546 -0.057838
v -0.060618 0.697764 -0.147513
v 0.059146 0.661393 -0.148630
v -0.162034 0.721134 -0.068722
v 0.160273 0.720766 -0.074635
v -0.113163 0.645136 -0.148317
v -0.006469 0.430106 -0.149418
v 0.049182 0.737754 -0.148304
v 0.110432 0.608863 -0.139294
v -0.002144 0.552454 -0.149280
v 0.014116 0.839872 -0.126272
v -0.092346 0.517441 -0.139064
v 0.004085 0.702535 -0.137455
v -0.059915 0.424941 -0.150643
v -0.135731 0.425312 -0.127763
v 0.162700 0.412256 -0.023188
v -0.159376 0.409557 -0.024463
v 0.077457 0.417496 -0.156651
v 0.163642 0.500352 -0.029203
v 0.157105 0.408975 -0.097786
v 0.114444 0.839487 -0.114855
v -0.166863 0.489557 -0.025605
v -0.064417 0.759088 -0.134614
v -0.129999 0.482753 -0.139539
v -0.135969 0.687110 -0.103257
v 0.148201 0.682622 -0.113822
v 0.005752 0.484105 -0.142278
v 0.082370 0.518447 -0.150953
v 0.156615 0.603329 -0.037588
v -0.157177 0.607565 -0.037316
v 0.151988 0.490343 -0.113953
v 0.158482 0.663582 -0.039633
v -0.156269 0.668922 -0.041235
v -0.154457 0.516588 -0.099183
v -0.074625 0.640715 -0.138411
v -0.157578 0.403780 -0.078240
v 0.151149 0.591908 -0.114943
v -0.133864 0.598240 -0.122113
v 0.022598 0.419122 -0.161925
v -0.120632 0.846163 -0.116352
v -0.036440 0.822509 -0.127036
v -0.121854 0.789196 -0.123297
v 0.127305 0.786216 -0.120409
v 0.164685 0.769267 -0.049980
v -0.104111 0.584573 -0.154292
v -0.160508 0.844749 -0.055146
v 0.168371 0.846441 -0.057233
v -0.164428 0.773369 -0.049202
v 0.170996 0.550381 -0.030211
v -0.112023 0.409074 -0.170300
v 0.027066 0.519308 -0.159347
v -0.069028 0.473468 -0.139408
v -0.139716 0.754914 -0.090985
v 0.106400 0.680054 -0.135379
v 0.035291 0.780780 -0.126590
v 0.048077 0.860560 -0.136450
v 0.085251 0.768036 -0.136756
v -0.059195 0.859996 -0.121227
v 0.091479 0.463841 -0.152434
v 0.023354 0.590912 -0.134489
v 0.152117 0.401046 -0.142468
v 0.162873 0.713382 -0.035905
v 0.145315 0.854447 -0.091733
v -0.064281 0.535935 -0.157675
v -0.036216 0.589336 -0.148728
v -0.096654 0.689494 -0.126358
v -0.162251 0.585135 -0.087264
v -0.174874 0.541135 -0.024131
v 0.093496 0.564012 -0.145723
v 0.145906 0.748843 -0.103870
v 0.123363 0.497545 -0.143256
v -0.163516 0.504604 -0.061019
v 0.064667 0.613720 -0.149603
v 0.027811 0.660851 -0.130694
v 0.157692 0.456069 -0.028716
v -0.021196 0.865095 -0.126475
v -0.030750 0.729978 -0.135190
v -0.041433 0.655364 -0.146553
v 0.149731 0.549268 -0.101605
v 0.166793 0.504655 -0.076999
v 0.163884 0.590028 -0.079101
v -0.086822 0.403460 -0.145963
v -0.140070 0.858816 -0.081517
v 0.149171 0.637181 -0.119340
v -0.096416 0.767644 -0.119715
v 0.159530 0.418554 -0.060054
v -0.188922 0.379345 -0.022455
v -0.133788 0.642179 -0.114506
v -0.162017 0.717720 -0.031038
v 0.154915 0.449855 -0.103960
v -0.186625 0.440824 -0.021273
v -0.164174 0.678145 -0.078545
v -0.029511 0.401661 -0.151969
v 0.165150 0.676755 -0.073822
v 0.016041 0.743513 -0.129417
v 0.072444 0.703277 -0.143643
v 0.175819 0.379936 -0.046817
v 0.085625 0.865633 -0.131143
v -0.104417 0.494842 -0.166716
v -0.150312 0.476455 -0.103177
v -0.090758 0.867476 -0.113858
v 0.013394 0.396140 -0.147209
v 0.157234 0.382663 -0.044661
v 0.035802 0.701750 -0.137998
v -0.082462 0.728921 -0.123232
v -0.156199 0.447389 -0.035493
v -0.146480 0.555021 -0.109420
v 0.177933 0.437566 -0.045951
v 0.116517 0.414469 -0.149157
v -0.143093 0.389570 -0.112407
v -0.035296 0.452503 -0.161006
v 0.096611 0.807386 -0.127605
v -0.098040 0.616261 -0.133586
v 0.026243 0.453495 -0.149166
v -0.121922 0.694122 -0.136465
v 0.027289 0.553530 -0.143897
v -0.162747 0.381249 -0.047505
v -0.031032 0.529336 -0.151262
v 0.165328 0.809447 -0.040943
v -0.152696 0.436097 -0.095126
v -0.119976 0.441902 -0.157452
v 0.153875 0.758658 -0.072319
v 0.127804 0.576335 -0.136966
v 0.091036 0.642033 -0.141744
v 0.048402 0.391975 -0.161973
v 0.031990 0.626024 -0.149331
v 0.024732 0.873030 -0.117481
v 0.041353 0.826843 -0.129612
v 0.008160 0.803257 -0.129814
v -0.094120 0.554479 -0.137754
v -0.062928 0.611153 -0.153437
v -0.002920 0.665970 -0.141849
v -0.060814 0.393039 -0.140249
v -0.163073 0.811301 -0.037488
v -0.084311 0.436786 -0.139388
v -0.028894 0.692796 -0.137580
v -0.159927 0.572101 -0.033008
v 0.180088 0.474535 -0.044372
v 0.126079 0.872437 -0.110143
v -0.042798 0.786370 -0.134608
v -0.128060 0.389888 -0.145912
v 0.009418 0.519544 -0.141594
v 0.055922 0.778049 -0.143499
v 0.177550 0.634366 -0.031434
v -0.106010 0.528879 -0.162642
v -0.175698 0.634521 -0.026121
v 0.139850 0.825292 -0.105937
v 0.153138 0.527843 -0.043675
v 0.163183 0.380298 -0.082884
v -0.068118 0.503045 -0.152213
v -0.004685 0.586614 -0.148269
v 0.087776 0.386492 -0.156197
v -0.131402 0.723795 -0.107503
v -0.019091 0.473931 -0.155522
v 0.182297 0.583299 -0.035412
v -0.163710 0.421527 -0.052863
v 0.123465 0.640201 -0.134328
v 0.157111 0.429438 -0.128505
v -0.182067 0.593414 -0.027013
v 0.185188 0.512455 -0.044811
v 0.050192 0.437485 -0.162200
v 0.159977 0.383207 -0.117042
v 0.144672 0.717258 -0.117321
v 0.078513 0.735941 -0.140464
v -0.122088 0.874191 -0.099481
v -0.035292 0.622624 -0.147710
v -0.161246 0.774139 -0.077355
v -0.104251 0.818468 -0.128045
v -0.132481 0.830098 -0.093960
v 0.154935 0.487708 -0.053515
v 0.161886 0.631923 -0.053861
v 0.157153 0.577620 -0.055484
v -0.174314 0.687090 -0.026777
v -0.191438 0.501857 -0.029502
v -0.011680 0.505038 -0.155538
v -0.193708 0.470238 -0.029029
v -0.197440 0.410403 -0.027458
v -0.043702 0.558728 -0.156564
v -0.156656 0.525184 -0.040012
v 0.126757 0.384829 -0.149669
v -0.160390 0.372011 -0.018402
v -0.161432 0.580745 -0.059054
v 0.172497 0.746438 -0.030218
v -0.165393 0.610140 -0.068831
v -0.157895 0.641121 -0.058919
v -0.163811 0.554090 -0.084716
v 0.112757 0.526051 -0.143795
v 0.067988 0.545603 -0.152522
v 0.070626 0.487966 -0.155996
v -0.093876 0.487496 -0.144294
v -0.157782 0.475326 -0.046320
v -0.079573 0.785772 -0.134249
v -0.065106 0.728536 -0.142515
v 0.022012 0.384843 -0.158841
v 0.146579 0.476411 -0.139737
v 0.151808 0.522285 -0.119433
v 0.162402 0.475645 -0.092250
v 0.142721 0.781099 -0.099666
v 0.163389 0.371962 -0.021758
v -0.093600 0.425456 -0.160319
v -0.136079 0.513940 -0.128326
v -0.133768 0.454451 -0.133680
v 0.178106 0.685921 -0.031531
v -0.150001 0.710537 -0.089022
v -0.147041 0.659862 -0.094559
v 0.148023 0.662543 -0.091239
v 0.146683 0.703402 -0.092249
v 0.039515 0.597725 -0.156243
v 0.165692 0.435233 -0.082270
v -0.121476 0.612033 -0.148383
v 0.152193 0.870285 -0.069455
v 0.002999 0.455696 -0.149053
v 0.028232 0.482955 -0.154513
v -0.160832 0.697585 -0.051494
v 0.178273 0.408437 -0.044452
v -0.155259 0.375400 -0.084768
v 0.068832 0.840811 -0.128924
v -0.131747 0.569144 -0.130408
v -0.148930 0.609629 -0.099192
v -0.161704 0.865651 -0.035234
v 0.166014 0.866971 -0.039375
v -0.155123 0.815489 -0.061630
v -0.167675 0.751382 -0.027396
v -0.066848 0.667322 -0.149062
v -0.096448 0.646556 -0.129691
v -0.058802 0.808527 -0.131865
v 0.167617 0.796462 -0.064870
v -0.116952 0.469931 -0.161630
v -0.126783 0.753446 -0.116871
v -0.151330 0.871256 -0.064160
v 0.054184 0.519926 -0.156913
v 0.072377 0.584733 -0.149388
v 0.150274 0.565471 -0.127020
v 0.137355 0.604129 -0.132999
v 0.148314 0.609513 -0.092501
v -0.127104 0.664593 -0.132018
v -0.162683 0.739020 -0.049309
v 0.174107 0.782964 -0.030049
v 0.168660 0.741460 -0.059228
v 0.017516 0.429229 -0.142426
v -0.040927 0.757110 -0.137182
v -0.169848 0.782611 -0.026448
v -0.166754 0.528308 -0.074653
v 0.108969 0.441886 -0.149614
v -0.012630 0.837985 -0.128563
v -0.018900 0.801077 -0.131388
v 0.123848 0.702805 -0.128950
v 0.167402 0.700691 -0.057597
v -0.163125 0.486141 -0.080245
v -0.132865 0.785116 -0.096326
v -0.105051 0.556658 -0.157925
v -0.040420 0.880852 -0.126007
v 0.162881 0.531082 -0.086117
v 0.017704 0.620028 -0.133029
v -0.122190 0.506552 -0.151182
v -0.095820 0.387853 -0.164194
v -0.167051 0.838419 -0.030706
v 0.169452 0.836956 -0.034025
v -0.005760 0.385725 -0.154145
v 0.092859 0.835510 -0.129269
v 0.096381 0.715432 -0.135525
v -0.090658 0.839227 -0.116464
v 0.157333 0.823219 -0.065860
v -0.154017 0.834218 -0.079938
v 0.130767 0.757269 -0.122245
v 0.120107 0.812948 -0.118935
v -0.170988 0.462793 -0.021289
v 0.132098 0.668413 -0.130419
v 0.097551 0.489783 -0.149693
v 0.119741 0.469337 -0.145945
v 0.000929 0.881561 -0.122340
v -0.123928 0.816294 -0.115071
v 0.185887 0.539332 -0.047297
v -0.059367 0.453029 -0.155873
v -0.026036 0.427053 -0.159010
v -0.189359 0.562725 -0.030711
v -0.093832 0.581127 -0.133848
v 0.037175 0.676425 -0.150563
v 0.063448 0.880166 -0.124351
v -0.094447 0.796070 -0.118052
v -0.069342 0.884270 -0.119739
v -0.064740 0.833629 -0.124294
v 0.039666 0.496767 -0.160796
v 0.036264 0.544440 -0.159228
v -0.074915 0.613827 -0.135187
v 0.153406 0.509913 -0.097656
v 0.116543 0.552415 -0.141169
v -0.117406 0.383639 -0.169564
v -0.125283 0.414919 -0.149542
v 0.184699 0.359588 -0.062591
v 0.135040 0.877809 -0.088765
v 0.154423 0.443126 -0.051089
v -0.172283 0.515666 -0.023666
v -0.148166 0.411784 -0.100785
v -0.161326 0.748380 -0.069743
v -0.102607 0.715870 -0.130375
v -0.076718 0.702856 -0.131732
v -0.102191 0.668386 -0.140898
v -0.203351 0.358068 -0.032512
v -0.112227 0.760221 -0.135096
v 0.100879 0.878631 -0.112576
v -0.080089 0.668695 -0.128506
v 0.041238 0.802170 -0.139925
v 0.012599 0.770469 -0.129457
v 0.038631 0.760520 -0.141484
v -0.008739 0.745264 -0.136654
v 0.153805 0.554626 -0.044662
v 0.149938 0.502190 -0.136059
v -0.172267 0.660656 -0.026140
v 0.040658 0.884357 -0.128222
v 0.083688 0.667500 -0.142026
v 0.034938 0.849699 -0.120534
v -0.058217 0.585701 -0.156742
v -0.022161 0.568073 -0.149028
v 0.187022 0.609754 -0.038658
v 0.170551 0.524555 -0.029790
v -0.039409 0.384182 -0.143432
v -0.058511 0.480638 -0.158279
v -0.090211 0.462888 -0.142062
v 0.108408 0.769611 -0.125717
v -0.108685 0.883996 -0.117343
v 0.155318 0.455304 -0.128646
v -0.040080 0.849719 -0.127882
v 0.178400 0.659943 -0.031534
v 0.160168 0.576467 -0.033388
v 0.164003 0.605652 -0.059330
v -0.077041 0.536650 -0.137066
v 0.074814 0.790351 -0.138819
v 0.161224 0.563791 -0.083967
v 0.166765 0.656540 -0.059311
v 0.010903 0.570265 -0.139285
v 0.083978 0.440744 -0.154838
v 0.065536 0.458756 -0.158516
v 0.142469 0.423052 -0.144140
v 0.156533 0.377276 -0.140055
v 0.158766 0.406663 -0.120753
v 0.182538 0.723196 -0.032443
v 0.035956 0.728989 -0.131797
v 0.134254 0.849202 -0.109286
v 0.147852 0.830530 -0.084164
v -0.193437 0.527039 -0.032681
v -0.145600 0.581494 -0.106161
v -0.008546 0.528662 -0.150766
v -0.058839 0.637439 -0.152203
v 0.028004 0.576983 -0.152239
v 0.187040 0.393453 -0.062305
v 0.160157 0.688886 -0.040505
v -0.077729 0.382123 -0.139841
v -0.162550 0.435993 -0.072335
v 0.009899 0.646275 -0.136731
v 0.014445 0.680638 -0.133475
v 0.033901 0.651091 -0.150488
v 0.052318 0.635578 -0.151403
v 0.050076 0.698461 -0.150010
v 0.064280 0.755054 -0.140435
v -0.066462 0.561116 -0.155223
v -0.052309 0.515277 -0.160810
v -0.125095 0.588695 -0.142444
v -0.019670 0.605132 -0.146054
v 0.149058 0.581065 -0.094527
v -0.045287 0.407185 -0.144983
v 0.029964 0.806967 -0.122440
v -0.145916 0.498317 -0.112140
v -0.157148 0.632365 -0.037688
v -0.017354 0.450280 -0.154633
v 0.098435 0.747527 -0.132300
v 0.165653 0.403361 -0.076977
v -0.201872 0.431808 -0.035603
v -0.157241 0.548215 -0.036147
v -0.072629 0.417620 -0.142757
v 0.088041 0.617421 -0.143917
v 0.054020 0.414364 -0.161322
v -0.144279 0.531826 -0.114615
v -0.128996 0.621320 -0.127851
v 0.090734 0.540501 -0.147723
v 0.096338 0.588562 -0.143685
v -0.204718 0.381846 -0.036736
v 0.151133 0.783010 -0.072983
v -0.140977 0.881763 -0.078332
v 0.146119 0.728509 -0.089924
v -0.142874 0.442943 -0.114901
v -0.178740 0.400618 -0.018276
v -0.178937 0.359428 -0.017255
v -0.023828 0.642019 -0.142984
v -0.047050 0.678912 -0.146619
v -0.131247 0.852694 -0.099967
v 0.025332 0.503813 -0.145304
v -0.005333 0.407305 -0.147368
v 0.032028 0.450733 -0.165643
v 0.134054 0.518246 -0.139538
v 0.188417 0.563152 -0.047371
v -0.121885 0.563273 -0.149808
v -0.021570 0.886740 -0.120365
v -0.000501 0.857483 -0.127081
v 0.162894 0.523980 -0.063926
v 0.166635 0.482691 -0.071255
v 0.153449 0.465684 -0.048163
v 0.152936 0.423413 -0.039417
v 0.167306 0.477235 -0.027133
v 0.168557 0.435274 -0.025125
v -0.079648 0.855641 -0.128640
v 0.187444 0.421993 -0.060227
v -0.015832 0.712651 -0.138636
v -0.047158 0.716701 -0.143213
v -0.157295 0.502112 -0.040245
v -0.026733 0.379101 -0.152745
v -0.178781 0.731189 -0.026838
v -0.157455 0.733422 -0.086730
v 0.174874 0.358270 -0.043294
v 0.171460 0.391958 -0.028224
v 0.186458 0.456001 -0.057493
v -0.101884 0.740987 -0.125629
v -0.134051 0.664972 -0.110546
v -0.163892 0.796313 -0.053962
v -0.165709 0.431709 -0.021017
v 0.149260 0.846972 -0.068951
v -0.079373 0.763429 -0.129056
v -0.106056 0.782452 -0.131762
v 0.150221 0.614066 -0.119221
v 0.147584 0.660151 -0.119361
v 0.147019 0.640454 -0.098044
v 0.017363 0.719954 -0.130098
v -0.074501 0.559086 -0.136293
v 0.137998 0.803736 -0.112939
v 0.081633 0.887084 -0.127314
v 0.099538 0.853901 -0.119692
v -0.132725 0.807669 -0.094664
v 0.152210 0.543981 -0.122986
v -0.159733 0.795601 -0.070198
v 0.163352 0.613337 -0.078353
v -0.079090 0.500351 -0.136923
v 0.019732 0.377131 -0.142331
v -0.148095 0.370183 -0.104321
v -0.160409 0.362884 -0.036179
v -0.059449 0.781521 -0.132949
v -0.144351 0.632142 -0.098547
v 0.154008 0.363944 -0.035592
v 0.159804 0.368677 -0.063349
v -0.163539 0.508014 -0.082085
v -0.165124 0.654716 -0.074212
v -0.089333 0.888388 -0.112372
v -0.041407 0.472955 -0.161233
v -0.044827 0.433531 -0.157030
v -0.103186 0.853396 -0.123624
v -0.181906 0.708420 -0.027805
v -0.137643 0.375073 -0.129752
v 0.152645 0.470057 -0.108615
v 0.163051 0.455174 -0.086821
v 0.158299 0.429538 -0.100337
v -0.125690 0.714974 -0.126804
v 0.002624 0.607769 -0.143735
v -0.156813 0.458303 -0.090767
v 0.155107 0.403590 -0.046609
v 0.036381 0.374835 -0.165885
v -0.160117 0.677055 -0.059432
v -0.163390 0.699024 -0.070295
v -0.150345 0.681280 -0.090294
v -0.163838 0.446101 -0.054543
v -0.155354 0.539562 -0.097649
v 0.164343 0.867866 -0.056479
v -0.024578 0.669175 -0.140506
v 0.113494 0.659348 -0.135227
v 0.158891 0.640983 -0.036680
v 0.161836 0.655689 -0.077670
v 0.162116 0.698648 -0.075546
v -0.105160 0.439322 -0.170104
v -0.127271 0.642239 -0.134471
v 0.179972 0.803929 -0.031988
v 0.062739 0.722203 -0.143999
v 0.087730 0.689227 -0.139712
v 0.068141 0.681703 -0.145416
v 0.066702 0.376161 -0.160769
v -0.188515 0.614735 -0.032049
v 0.078155 0.823287 -0.135541
v -0.005956 0.818290 -0.132659
v -0.163089 0.400548 -0.057478
v -0.099214 0.474732 -0.166623
v -0.094608 0.511200 -0.158275
v 0.152385 0.506463 -0.044107
v 0.095531 0.785841 -0.130161
v 0.051085 0.839427 -0.138858
v 0.026440 0.403881 -0.151820
v 0.160071 0.389233 -0.063531
v -0.135102 0.403165 -0.128944
v -0.182668 0.421103 -0.019143
v 0.140891 0.738474 -0.120409
v -0.064766 0.442143 -0.140163
v -0.093917 0.540876 -0.152001
v 0.187001 0.492595 -0.055872
v 0.179799 0.494215 -0.037164
v -0.159376 0.367013 -0.064227
v -0.075324 0.684143 -0.141056
v -0.139745 0.471935 -0.122634
v 0.154471 0.393761 -0.028049
v -0.155860 0.619352 -0.053399
v -0.176742 0.802831 -0.026658
v 0.029679 0.759972 -0.125670
v 0.107632 0.395509 -0.152058
v 0.106164 0.375202 -0.154842
v -0.135944 0.549833 -0.126051
v -0.155263 0.851387 -0.069125
v 0.165126 0.679363 -0.055344
v -0.198763 0.451268 -0.032584
v -0.077284 0.742846 -0.137071
v 0.162994 0.370187 -0.101200
v 0.163948 0.790415 -0.048165
v 0.168807 0.825090 -0.052506
v 0.158763 0.389488 -0.098270
v 0.174826 0.453439 -0.032720
v -0.150987 0.392955 -0.093988
v -0.161811 0.718142 -0.048834
v 0.032406 0.681522 -0.132882
v 0.040149 0.718925 -0.148201
v 0.064153 0.860291 -0.127095
v 0.029166 0.638532 -0.133245
v 0.190660 0.646221 -0.040275
v -0.155531 0.567394 -0.096816
v 0.012435 0.540917 -0.138993
v 0.026510 0.528061 -0.143689
v 0.072179 0.633821 -0.146728
v -0.156747 0.425699 -0.035329
v 0.145016 0.584173 -0.131337
v 0.150594 0.529138 -0.101414
v 0.069352 0.397682 -0.158424
v -0.028859 0.549167 -0.148863
v -0.046747 0.737663 -0.141796
v 0.096862 0.425123 -0.152637
v -0.164695 0.484821 -0.061998
v -0.171603 0.610378 -0.026070
v 0.147368 0.682830 -0.094808
v 0.110640 0.795998 -0.121727
v -0.160614 0.398389 -0.038523
v -0.163131 0.391036 -0.019410
v -0.117504 0.866195 -0.116040
v 0.100681 0.509748 -0.147585
v 0.167909 0.776140 -0.066636
v 0.162999 0.721468 -0.053540
v -0.095240 0.407281 -0.165536
v -0.118646 0.488687 -0.157059
v 0.104502 0.823508 -0.120460
v 0.030867 0.400964 -0.165380
v 0.016846 0.890285 -0.121077
v 0.125332 0.431397 -0.146892
v 0.134189 0.406267 -0.146151
v -0.158789 0.385718 -0.068942
v 0.183290 0.764063 -0.033450
v 0.030672 0.605843 -0.144923
v -0.159332 0.697325 -0.033063
v -0.137582 0.618241 -0.111174
v -0.030651 0.508567 -0.153088
v -0.046630 0.533372 -0.160891
v -0.165341 0.826154 -0.050288
v -0.160792 0.523692 -0.058028
v 0.161536 0.733399 -0.039143
v -0.155164 0.493582 -0.095876
v -0.105208 0.624822 -0.149987
v -0.104607 0.604480 -0.152561
v 0.045574 0.616821 -0.153824
v -0.156569 0.599391 -0.054399
v -0.084831 0.629356 -0.128386
v 0.066766 0.565181 -0.151735
v 0.140087 0.772756 -0.115708
v 0.170492 0.615297 -0.030713
v 0.019855 0.470906 -0.143269
v 0.020960 0.437447 -0.158004
v -0.188775 0.646221 -0.033012
v 0.160249 0.505872 -0.060410
v -0.140924 0.727744 -0.092236
v -0.067537 0.521688 -0.145410
v -0.147485 0.785117 -0.084272
v -0.166458 0.570920 -0.074646
v 0.126704 0.620283 -0.134945
v -0.129174 0.682836 -0.121559
v -0.105947 0.688318 -0.142393
v -0.161963 0.615007 -0.086330
v -0.156877 0.421812 -0.083434
v -0.080911 0.595392 -0.131888
v 0.190096 0.474345 -0.059668
v 0.104911 0.628139 -0.139357
v -0.127693 0.773565 -0.111740
v -0.131094 0.704136 -0.112126
v -0.095293 0.570020 -0.147482
v 0.149072 0.770356 -0.086063
v -0.162759 0.864226 -0.053728
v 0.020709 0.699675 -0.128976
v 0.154122 0.480617 -0.037056
v 0.003327 0.730798 -0.135653
v -0.009951 0.686680 -0.140404
v 0.003238 0.381465 -0.147925
v 0.166767 0.567242 -0.067596
v -0.049171 0.833372 -0.134236
v -0.080054 0.836894 -0.129907
v -0.120599 0.526186 -0.153245
v -0.147057 0.459911 -0.110007
v -0.116937 0.424795 -0.162621
v -0.127838 0.432239 -0.143482
v 0.167083 0.765480 -0.034072
v 0.090917 0.404853 -0.154513
v -0.186311 0.672366 -0.031257
v 0.136880 0.688059 -0.126766
v -0.126030 0.374378 -0.155829
v 0.129197 0.887809 -0.100841
v 0.148788 0.567621 -0.108749
v -0.092504 0.378129 -0.151073
v 0.155718 0.622135 -0.040739
v -0.026918 0.490494 -0.152551
v -0.156236 0.752460 -0.085618
v 0.025663 0.467784 -0.163869
v 0.054190 0.586771 -0.153569
v 0.110860 0.570139 -0.141406
v 0.122114 0.594090 -0.137519
v 0.133136 0.558685 -0.136880
v 0.039870 0.866830 -0.122813
v 0.018982 0.856827 -0.121829
v -0.117044 0.543298 -0.159090
v -0.026068 0.748604 -0.133474
v -0.128150 0.797759 -0.108932
v 0.163755 0.442420 -0.065984
v 0.147537 0.748050 -0.086182
v 0.160133 0.739952 -0.071278
v -0.174331 0.821326 -0.030191
v -0.132531 0.887531 -0.091583
v 0.016528 0.820409 -0.125310
v -0.057535 0.375571 -0.140941
v -0.124869 0.458013 -0.150057
v 0.001450 0.785470 -0.132863
v 0.018815 0.788236 -0.125740
v -0.114149 0.711830 -0.140259
v 0.057777 0.501351 -0.157165
v 0.140945 0.372325 -0.147811
v -0.025811 0.783326 -0.130074
v -0.036013 0.803454 -0.129329
v -0.180005 0.478180 -0.020890
v -0.193097 0.580779 -0.036128
v -0.090166 0.706931 -0.122880
v 0.114698 0.858171 -0.112206
v 0.113573 0.887416 -0.105444
v 0.161471 0.751030 -0.046100
v 0.187572 0.703288 -0.035776
v -0.159092 0.881873 -0.055431
v -0.205335 0.401950 -0.040913
v 0.190371 0.627588 -0.041650
v -0.038799 0.415345 -0.158235
v 0.161970 0.494452 -0.091560
v -0.189827 0.544574 -0.030757
v -0.121463 0.400325 -0.158853
v 0.139592 0.647559 -0.129988
v 0.008911 0.501633 -0.141528
v 0.142565 0.799677 -0.096638
v -0.071965 0.626466 -0.148870
v -0.073038 0.598852 -0.146160
v -0.049085 0.600352 -0.154187
v -0.180241 0.762188 -0.028637
v 0.115094 0.749951 -0.126599
v 0.010349 0.414246 -0.148595
v 0.191746 0.580692 -0.049714
v -0.155878 0.650134 -0.043801
v -0.201111 0.482071 -0.039952
v -0.156164 0.588946 -0.039747
v 0.178363 0.565839 -0.033839
v 0.168148 0.592089 -0.030661
v -0.126116 0.734688 -0.121671
v -0.132719 0.741612 -0.101320
v 0.190859 0.524589 -0.056377
v -0.118687 0.890387 -0.106886
v 0.154849 0.476522 -0.124765
v 0.191728 0.667310 -0.040064
v -0.105235 0.800285 -0.129806
v 0.028720 0.833301 -0.120625
v 0.049792 0.821378 -0.140176
v 0.173634 0.420195 -0.032588
v -0.155599 0.562327 -0.046636
v -0.172365 0.560348 -0.024671
v -0.044584 0.696932 -0.142081
v 0.154209 0.439178 -0.032028
v -0.144009 0.425562 -0.111170
v 0.102857 0.698295 -0.134926
v 0.187177 0.740653 -0.035861
v 0.131808 0.863094 -0.098487
v -0.014200 0.401031 -0.158458
v -0.119428 0.676815 -0.141841
v -0.092350 0.821178 -0.118319
v -0.116964 0.830000 -0.124358
v -0.005366 0.647487 -0.143217
v -0.057964 0.410219 -0.141600
v -0.072278 0.400130 -0.141726
v -0.094720 0.447460 -0.147982
v -0.087482 0.420518 -0.143849
v 0.141427 0.883574 -0.077283
v 0.154212 0.882465 -0.056838
v -0.032297 0.711162 -0.137982
v -0.079754 0.872703 -0.122288
v 0.169787 0.356284 -0.025265
v -0.159345 0.474032 -0.029146
v -0.054825 0.891190 -0.123571
v -0.088876 0.751674 -0.120626
v 0.191521 0.376140 -0.066770
v -0.158928 0.756280 -0.055479
v -0.157564 0.659394 -0.057823
v 0.187914 0.439043 -0.059405
v -0.175104 0.855118 -0.029710
v 0.174308 0.854290 -0.028910
v 0.167946 0.640066 -0.068478
v -0.134328 0.531806 -0.130369
v 0.157471 0.880781 -0.046178
v 0.028964 0.888160 -0.123746
v 0.082720 0.599890 -0.146159
v -0.099179 0.598293 -0.138489
v -0.138215 0.488818 -0.125008
v -0.112999 0.454036 -0.166690
v 0.161794 0.363406 -0.084517
v -0.173530 0.578091 -0.025170
v -0.163295 0.646177 -0.029309
v 0.173082 0.820285 -0.030773
v 0.064157 0.428161 -0.159227
v 0.048252 0.454652 -0.162537
v 0.038888 0.423516 -0.164824
v -0.050330 0.770987 -0.139882
v 0.161296 0.368800 -0.126072
v 0.147675 0.730696 -0.106533
v 0.032168 0.561737 -0.159276
v 0.076399 0.651258 -0.144759
v 0.040028 0.778375 -0.141625
v 0.060182 0.794672 -0.139854
v 0.070055 0.771687 -0.138440
v -0.110019 0.511843 -0.165294
v -0.162072 0.787844 -0.039727
v -0.157295 0.382579 -0.031658
v -0.160971 0.758106 -0.040872
v 0.160017 0.537593 -0.031832
v 0.155766 0.537594 -0.056706
v 0.129644 0.833868 -0.115568
v 0.138720 0.839655 -0.096792
v 0.145264 0.817108 -0.093241
v -0.102377 0.835409 -0.124627
v 0.051757 0.485429 -0.159602
v -0.074597 0.456859 -0.138244
v -0.155632 0.780144 -0.062136
v -0.027430 0.766062 -0.131523
v -0.145229 0.515086 -0.113567
v -0.130783 0.500084 -0.137193
v -0.092117 0.537831 -0.136662
v -0.095483 0.664331 -0.127621
v 0.024786 0.502552 -0.160646
v -0.066678 0.487311 -0.147522
v -0.054994 0.499340 -0.157039
v -0.024495 0.848039 -0.123073
v -0.067888 0.546845 -0.145647
v 0.159046 0.393345 -0.129835
v 0.142398 0.624800 -0.129977
v 0.169155 0.758239 -0.066204
v 0.145155 0.868800 -0.083552
v -0.026900 0.462405 -0.160042
v -0.002997 0.472702 -0.151460
v -0.005522 0.489288 -0.152845
v 0.147924 0.623026 -0.104222
v 0.130466 0.719506 -0.125766
v 0.148313 0.700942 -0.109494
v -0.154755 0.833453 -0.064631
v -0.000257 0.760477 -0.134472
v 0.008591 0.591828 -0.140358
v -0.002032 0.569575 -0.148858
v -0.020907 0.585309 -0.147618
v -0.165751 0.594380 -0.027757
v -0.193340 0.395152 -0.022870
v -0.170093 0.878980 -0.028831
v 0.167996 0.878632 -0.028194
v -0.160228 0.695761 -0.086734
v 0.083082 0.371091 -0.158859
v -0.193373 0.597707 -0.037385
v 0.149672 0.518942 -0.134908
v -0.013280 0.417084 -0.153925
v 0.151747 0.442115 -0.138431
v 0.153722 0.415917 -0.136604
v 0.155512 0.442345 -0.118355
v -0.121513 0.629701 -0.145437
v -0.127381 0.605808 -0.135001
v -0.163672 0.356106 -0.015187
v -0.162437 0.416451 -0.068645
v 0.164689 0.418248 -0.085596
v -0.164159 0.734633 -0.029350
v 0.167091 0.621129 -0.064857
v 0.161450 0.473912 -0.059004
v -0.131253 0.867083 -0.091879
v -0.122321 0.767173 -0.125260
v -0.021126 0.817442 -0.127518
v -0.081533 0.686480 -0.126464
v 0.052828 0.677146 -0.149743
v -0.137302 0.710727 -0.098412
v 0.077096 0.806888 -0.137044
v 0.025342 0.569676 -0.138462
v 0.155337 0.421786 -0.114022
v 0.013003 0.663223 -0.134249
v -0.020642 0.625396 -0.144430
v -0.103631 0.375908 -0.172928
v -0.199446 0.512441 -0.040071
v 0.011502 0.870634 -0.125981
v -0.175591 0.374863 -0.015095
v 0.121539 0.685913 -0.131084
v 0.165427 0.547240 -0.081148
v 0.051872 0.551333 -0.155846
v 0.083527 0.500497 -0.152027
v 0.191779 0.508069 -0.058379
v 0.176278 0.509386 -0.032656
v -0.008652 0.893845 -0.124406
v 0.152523 0.505516 -0.120727
v -0.117527 0.809589 -0.127769
v -0.148598 0.767930 -0.085430
v -0.056209 0.846763 -0.129467
v 0.146141 0.387144 -0.146292
v 0.084506 0.478713 -0.153425
v 0.167886 0.698620 -0.030152
v 0.191537 0.687285 -0.039164
v 0.165151 0.676311 -0.031330
v -0.164095 0.626578 -0.064828
v -0.034397 0.894146 -0.120098
v 0.135690 0.463543 -0.142896
v 0.138331 0.490657 -0.140317
v -0.143222 0.821977 -0.084077
v -0.135396 0.844478 -0.087223
v -0.124291 0.832035 -0.107195
v -0.171770 0.446514 -0.020062
v -0.097681 0.468307 -0.154130
v 0.157490 0.516848 -0.033387
v -0.056242 0.549685 -0.160879
v -0.036904 0.572335 -0.150164
v -0.206359 0.343985 -0.039596
v -0.000847 0.372061 -0.149159
v 0.054603 0.892877 -0.131189
v -0.127810 0.517998 -0.141789
v 0.029081 0.371959 -0.153131
v -0.035771 0.605775 -0.148928
v -0.050484 0.622229 -0.152136
v -0.038174 0.638943 -0.146434
v 0.171482 0.376824 -0.032289
v 0.083943 0.751393 -0.137912
v 0.077639 0.719325 -0.141368
v -0.141893 0.405226 -0.114144
v -0.152145 0.886619 -0.069565
v 0.150574 0.691394 -0.082279
v -0.104131 0.423169 -0.171160
v -0.186259 0.457507 -0.021969
v -0.191492 0.485972 -0.027894
v -0.201847 0.464481 -0.041339
v -0.015255 0.729694 -0.137292
v 0.037420 0.743282 -0.140709
v -0.118434 0.660333 -0.144220
v 0.157973 0.647548 -0.050113
v 0.121810 0.370181 -0.152483
v 0.063679 0.738602 -0.142361
v -0.194906 0.347717 -0.024492
v -0.187301 0.693255 -0.032159
v -0.163853 0.674635 -0.028931
v 0.153619 0.378397 -0.030204
v -0.067478 0.795030 -0.129225
v -0.047292 0.460584 -0.153696
v 0.165627 0.589164 -0.063406
v 0.155193 0.594101 -0.051396
v -0.046371 0.864978 -0.129697
v -0.056713 0.875925 -0.120506
v -0.075433 0.720368 -0.135593
v 0.143136 0.764404 -0.099087
v -0.158181 0.459030 -0.046611
v 0.006396 0.438808 -0.150960
v 0.016362 0.444430 -0.141638
v -0.116715 0.594229 -0.154186
v -0.100600 0.632201 -0.137370
v -0.001570 0.514509 -0.149282
v -0.019349 0.518746 -0.152498
v -0.177914 0.500353 -0.021930
v 0.102183 0.731155 -0.132481
v -0.159468 0.651844 -0.088825
v -0.120098 0.578616 -0.153289
v -0.103837 0.869428 -0.120728
v 0.193378 0.347226 -0.069937
v -0.071306 0.708552 -0.143862
v -0.156416 0.536795 -0.050264
v -0.162387 0.534848 -0.029903
v 0.158046 0.559894 -0.057755
v 0.149278 0.788148 -0.087577
v 0.111267 0.712222 -0.131475
v 0.030929 0.743545 -0.127034
v -0.164957 0.599974 -0.080982
v -0.165379 0.594391 -0.066153
v -0.196925 0.553753 -0.040691
v 0.183087 0.551773 -0.038427
v -0.162600 0.564796 -0.061428
v -0.161432 0.880613 -0.041009
v 0.192787 0.597545 -0.048301
v -0.060684 0.744842 -0.142354
v -0.204045 0.416988 -0.039367
v 0.108505 0.644060 -0.137484
v -0.161761 0.470279 -0.081501
v 0.062493 0.474214 -0.159157
v 0.048838 0.535180 -0.157422
v -0.033363 0.862996 -0.122459
v -0.084754 0.799664 -0.127510
v -0.071715 0.772781 -0.135854
v -0.084199 0.776559 -0.122728
v 0.097027 0.658092 -0.139278
v -0.162060 0.711599 -0.081660
v -0.143504 0.696073 -0.092778
v 0.025042 0.389562 -0.146992
v 0.116408 0.510853 -0.144021
v 0.127075 0.531986 -0.140224
v 0.096835 0.525877 -0.147310
v -0.079794 0.887476 -0.117862
v 0.079487 0.556579 -0.149320
v 0.076795 0.532823 -0.151267
v 0.023805 0.540496 -0.152738
v 0.150598 0.563292 -0.094506
v -0.191632 0.630241 -0.035648
v -0.093293 0.495361 -0.156369
v -0.092696 0.502216 -0.141233
v -0.080413 0.484636 -0.137198
v 0.064095 0.443617 -0.159032
v -0.166918 0.545098 -0.071761
v 0.030315 0.712716 -0.128412
v -0.162572 0.522039 -0.087609
v 0.104207 0.475026 -0.149058
v 0.153400 0.798389 -0.069773
v 0.168802 0.805030 -0.052842
v -0.077455 0.515738 -0.135727
v 0.051903 0.370087 -0.163814
v -0.131297 0.759932 -0.103154
v 0.138448 0.704370 -0.124619
v 0.094601 0.891460 -0.119604
v -0.157328 0.487290 -0.037074
v 0.082858 0.848575 -0.133565
v -0.162821 0.850401 -0.041553
v 0.161591 0.856016 -0.047643
v -0.141512 0.597677 -0.107760
v -0.153316 0.593250 -0.097608
v -0.136598 0.581613 -0.119890
v -0.200343 0.497291 -0.040645
v -0.096399 0.413331 -0.152119
v 0.150644 0.648753 -0.084190
v 0.148477 0.670490 -0.104137
v 0.153756 0.669193 -0.079703
v -0.164087 0.470017 -0.058612
v 0.139564 0.788300 -0.113801
v -0.034167 0.373636 -0.144607
v -0.153054 0.864354 -0.076901
v 0.156607 0.856072 -0.060753
v -0.192256 0.363831 -0.023386
v 0.159398 0.403665 -0.060003
v 0.062696 0.827747 -0.135363
v -0.121062 0.747669 -0.130122
v -0.159055 0.444753 -0.083848
v -0.040034 0.519790 -0.157827
v -0.159544 0.810622 -0.074711
v 0.032691 0.482034 -0.161710
v 0.020096 0.486214 -0.143508
v -0.141768 0.568737 -0.113856
v 0.165001 0.468119 -0.079899
v 0.153782 0.482983 -0.101550
v -0.136260 0.770163 -0.092728
v -0.093675 0.440390 -0.159626
v -0.158260 0.493726 -0.052285
v 0.159366 0.368484 -0.048576
v 0.167176 0.534919 -0.072746
v 0.148744 0.627228 -0.090359
v -0.103318 0.397163 -0.172637
v -0.095492 0.392827 -0.151611
v -0.054608 0.570047 -0.158559
v -0.069220 0.650194 -0.149921
v -0.075786 0.659679 -0.139687
v -0.081689 0.651882 -0.127828
v -0.092396 0.524901 -0.151517
v -0.130794 0.467618 -0.140019
v -0.133941 0.439691 -0.131785
v -0.180073 0.746763 -0.028716
v -0.069428 0.818007 -0.127457
v -0.048129 0.818032 -0.135341
v -0.047970 0.800573 -0.138201
v 0.050714 0.753844 -0.146367
v -0.138131 0.652046 -0.103791
v -0.140840 0.673290 -0.098336
v 0.121551 0.452670 -0.146490
v 0.106971 0.459490 -0.149222
v 0.156272 0.396127 -0.110803
v 0.000952 0.832650 -0.130643
v -0.156463 0.685109 -0.042633
v -0.158338 0.709019 -0.060504
v 0.151433 0.709343 -0.079361
v -0.167975 0.767047 -0.027288
v -0.158926 0.763642 -0.067065
v -0.055191 0.652564 -0.150587
v 0.158178 0.462577 -0.097662
v 0.165643 0.424278 -0.072224
v 0.161453 0.442307 -0.093794
v 0.039581 0.581689 -0.157558
v 0.053204 0.603393 -0.152856
v -0.158936 0.667925 -0.089359
v 0.092532 0.877453 -0.124720
v 0.116402 0.484181 -0.145762
v 0.148707 0.715092 -0.102292
v 0.040010 0.842119 -0.131235
v -0.086786 0.567206 -0.132958
v -0.099456 0.372972 -0.162213
v -0.046142 0.421617 -0.148173
v 0.154388 0.407325 -0.032932
v -0.063574 0.682620 -0.148388
v 0.070939 0.508278 -0.154068
v 0.178848 0.537216 -0.033922
v -0.209604 0.362248 -0.044578
v 0.173309 0.405878 -0.031824
v 0.174705 0.394054 -0.042368
v 0.179283 0.423003 -0.045086
v -0.128746 0.556065 -0.137254
v 0.156206 0.356859 -0.022610
v 0.025695 0.418563 -0.150081
v -0.153443 0.362838 -0.092098
v 0.148607 0.654253 -0.105560
v -0.159887 0.434243 -0.046841
v -0.179609 0.835367 -0.026352
v -0.019750 0.537989 -0.152996
v 0.192715 0.407873 -0.065884
v -0.101220 0.652090 -0.141440
v -0.164072 0.538517 -0.085159
v -0.092577 0.432598 -0.150018
v 0.185824 0.789945 -0.035143
v -0.010749 0.462396 -0.153341
v 0.085480 0.577203 -0.146805
v 0.068344 0.599077 -0.149540
v -0.198521 0.538305 -0.040890
v 0.015417 0.604286 -0.134301
v -0.164913 0.811071 -0.051523
v -0.129544 0.652495 -0.123858
v 0.087216 0.796493 -0.135791
v -0.165330 0.639176 -0.072894
v 0.167154 0.795308 -0.035616
v -0.157124 0.363003 -0.077878
v -0.161790 0.620206 -0.030836
v 0.154995 0.517747 -0.054046
v -0.103209 0.702829 -0.138326
v -0.123922 0.476711 -0.151100
v 0.181248 0.832473 -0.033064
v 0.004794 0.532393 -0.147605
v -0.150796 0.449300 -0.100681
v 0.070872 0.892598 -0.120214
v -0.159058 0.358884 -0.051026
v 0.133367 0.817537 -0.116254
v 0.096413 0.449137 -0.151919
v 0.131569 0.477800 -0.142893
v 0.121058 0.400881 -0.149240
v -0.168819 0.417786 -0.018329
v 0.030872 0.590615 -0.146326
v 0.151905 0.488088 -0.132886
v -0.015191 0.658098 -0.142377
v -0.026343 0.833569 -0.126805
v 0.073959 0.870413 -0.124594
v 0.057094 0.871163 -0.133333
v -0.157433 0.511870 -0.050569
v -0.006225 0.444534 -0.148824
v 0.148777 0.605407 -0.106807
v 0.155741 0.601673 -0.082957
v 0.169338 0.727027 -0.065204
v 0.164875 0.628608 -0.031892
v -0.005322 0.803560 -0.133783
v -0.012358 0.787898 -0.134056
v 0.168039 0.710030 -0.068623
v 0.159534 0.707819 -0.048468
v 0.168678 0.688458 -0.065767
v 0.178772 0.451794 -0.046256
v -0.017017 0.434875 -0.157652
v 0.000237 0.394975 -0.142936
v 0.170231 0.647426 -0.030058
v 0.111439 0.427734 -0.149666
v -0.193072 0.428593 -0.024957
v -0.127465 0.700219 -0.125088
v 0.096899 0.603410 -0.142700
v -0.138939 0.795945 -0.088796
v 0.165685 0.563406 -0.031463
v 0.063156 0.645291 -0.148320
v -0.007463 0.870189 -0.126889
v 0.004091 0.895339 -0.123471
v -0.134479 0.389248 -0.132117
v -0.069020 0.846435 -0.128800
v 0.147856 0.456141 -0.140295
v 0.143830 0.673703 -0.124411
v 0.127594 0.654389 -0.132346
v 0.193186 0.550479 -0.054820
v 0.062320 0.532052 -0.154499
v 0.040303 0.512755 -0.160513
v 0.009022 0.555373 -0.141353
v 0.162942 0.837397 -0.047086
v 0.127603 0.742534 -0.124355
v 0.142663 0.757484 -0.115429
v 0.128073 0.771625 -0.121543
v 0.151757 0.577548 -0.118598
v 0.145640 0.553655 -0.133718
v 0.148230 0.597925 -0.127023
v 0.165441 0.824171 -0.041656
v -0.163499 0.504228 -0.027828
v -0.157850 0.412060 -0.037599
v -0.157165 0.728485 -0.057789
v 0.155685 0.542741 -0.090488
v 0.166737 0.519810 -0.077146
v -0.013051 0.852224 -0.129299
v -0.015557 0.551397 -0.149780
v -0.028310 0.477179 -0.160017
v -0.064403 0.467817 -0.153175
v -0.060502 0.438997 -0.152994
v -0.154049 0.622642 -0.094981
v -0.156950 0.480248 -0.091289
v -0.167326 0.495433 -0.070716
v 0.036522 0.437346 -0.165011
v 0.006106 0.621957 -0.140596
v 0.030712 0.623842 -0.136061
v 0.163844 0.779209 -0.038684
v -0.093245 0.852964 -0.113841
v -0.166946 0.516127 -0.067969
v 0.112857 0.873780 -0.108430
v -0.181945 0.789130 -0.028133
v 0.047933 0.650566 -0.151880
v -0.101425 0.894434 -0.110178
v -0.159318 0.459558 -0.028478
v 0.140247 0.570745 -0.133955
v 0.006179 0.467690 -0.141760
v 0.157534 0.426468 -0.026452
v 0.176527 0.709980 -0.030761
v -0.164397 0.825436 -0.036046
v -0.145536 0.741312 -0.088686
v -0.013917 0.375390 -0.150139
v 0.178519 0.349043 -0.054199
v 0.101531 0.551472 -0.144634
v -0.125758 0.574566 -0.141574
v 0.137021 0.504593 -0.139608
v 0.091485 0.820720 -0.131902
v 0.101965 0.837251 -0.119446
v 0.109116 0.498691 -0.146464
v 0.177065 0.602850 -0.032063
v 0.179885 0.523886 -0.038523
v -0.181565 0.527248 -0.024045
v -0.188369 0.515214 -0.027219
v 0.161477 0.517257 -0.089398
v 0.059695 0.849440 -0.134457
v -0.150435 0.848737 -0.080516
v -0.086924 0.608447 -0.129632
v 0.178274 0.367543 -0.053155
v 0.195571 0.363202 -0.070389
v -0.065449 0.374255 -0.141504
v 0.159601 0.363314 -0.112947
v 0.158002 0.357452 -0.056322
v -0.155608 0.388830 -0.081801
v -0.196538 0.567990 -0.041121
v -0.094806 0.555975 -0.149949
v -0.108779 0.570915 -0.157020
v -0.130451 0.819284 -0.103176
v 0.147748 0.595438 -0.096982
v 0.165063 0.393588 -0.086880
v 0.171503 0.731707 -0.030035
v -0.068299 0.870263 -0.123741
v -0.111124 0.481355 -0.165815
v -0.156394 0.553386 -0.095900
v 0.075058 0.468707 -0.156121
v 0.104820 0.537796 -0.144761
v -0.009237 0.614979 -0.146375
v 0.035113 0.388297 -0.164042
v 0.151460 0.731836 -0.077880
v 0.043903 0.404955 -0.162906
v -0.133596 0.368863 -0.143193
v 0.150163 0.554587 -0.114104
v -0.026148 0.444722 -0.154421
v -0.022206 0.412327 -0.155166
v 0.104287 0.892380 -0.113766
v -0.143892 0.366095 -0.118519
v 0.030719 0.669611 -0.140622
v 0.033915 0.689009 -0.144222
v -0.093465 0.481412 -0.156770
v -0.203572 0.443570 -0.043552
v -0.098189 0.877969 -0.111400
v 0.002279 0.680078 -0.139683
v 0.155193 0.610455 -0.049524
v 0.086239 0.704491 -0.139298
v 0.088668 0.727078 -0.137267
v -0.168544 0.705662 -0.026919
v 0.161091 0.809240 -0.066735
v 0.147526 0.818485 -0.075299
v 0.165165 0.833840 -0.062602
v -0.158884 0.728845 -0.040430
v -0.104305 0.542851 -0.159861
v 0.151745 0.531531 -0.129256
v 0.158295 0.455595 -0.056714
v 0.160560 0.432296 -0.057470
v 0.153412 0.453260 -0.041404
v -0.095297 0.781835 -0.118262
v 0.155531 0.588905 -0.038404
v 0.102543 0.412486 -0.152013
v -0.127765 0.446287 -0.143557
v 0.036036 0.530079 -0.160352
v 0.185426 0.816403 -0.034882
v -0.121236 0.861227 -0.104035
v 0.152663 0.493226 -0.041530
v 0.183189 0.409865 -0.056710
v -0.040662 0.544643 -0.154546
v -0.155186 0.576101 -0.044932
v 0.153353 0.496662 -0.100830
v 0.045203 0.664869 -0.152470
v -0.026975 0.874534 -0.119294
v 0.129686 0.418847 -0.146211
v 0.048004 0.789907 -0.143667
v -0.047625 0.447094 -0.157180
v 0.123248 0.799487 -0.119779
v 0.107413 0.810228 -0.120871
v 0.117024 0.826166 -0.116990
v -0.016279 0.758915 -0.135265
v 0.153787 0.541310 -0.042960
v -0.099355 0.808950 -0.119521
v -0.053301 0.757018 -0.141556
v -0.144098 0.481830 -0.114547
v -0.164786 0.666230 -0.066463
v -0.045466 0.581921 -0.155318
v 0.145197 0.859464 -0.073655
v 0.181754 0.621464 -0.033856
v -0.146679 0.645854 -0.096008
v -0.140444 0.458706 -0.122275
v 0.039240 0.895666 -0.121595
v 0.195221 0.615640 -0.048148
v 0.134530 0.889716 -0.084212
v -0.164007 0.536679 -0.061699
v -0.063184 0.454777 -0.144534
v -0.065106 0.515260 -0.157116
v -0.120276 0.370844 -0.167155
v -0.057791 0.823318 -0.129809
v 0.004083 0.744729 -0.134071
v 0.005881 0.716742 -0.136011
v -0.093201 0.720514 -0.122143
v -0.107195 0.724075 -0.139409
v -0.185996 0.720443 -0.034060
v 0.182722 0.381479 -0.058159
v -0.065376 0.428484 -0.138620
v 0.150502 0.534517 -0.113579
v -0.130082 0.582741 -0.131696
v 0.134147 0.590601 -0.134456
v 0.117520 0.672534 -0.133231
v -0.122344 0.387358 -0.157792
v -0.199656 0.373970 -0.027403
v 0.024424 0.731297 -0.126437
v 0.157619 0.577921 -0.083925
v -0.179628 0.387280 -0.017325
v -0.115173 0.500374 -0.161688
v 0.015553 0.457955 -0.142487
v -0.058919 0.711660 -0.146526
v 0.012537 0.632596 -0.135074
v 0.163096 0.492654 -0.062736
v -0.100979 0.754864 -0.123548
v 0.151518 0.883526 -0.069315
v 0.052532 0.713212 -0.148678
v -0.049957 0.665349 -0.148709
v -0.115996 0.877530 -0.109100
v -0.051871 0.386048 -0.146497
v -0.045753 0.373143 -0.139161
v -0.033678 0.389665 -0.146395
v -0.037487 0.836423 -0.128303
v -0.033800 0.437123 -0.161838
v -0.037518 0.669391 -0.143623
v 0.166848 0.601411 -0.071846
v 0.154321 0.467288 -0.035062
v 0.142109 0.812015 -0.103796
v -0.160137 0.659722 -0.031846
v -0.183226 0.775634 -0.029253
v -0.165087 0.798897 -0.031628
v 0.007353 0.426690 -0.149317
v -0.071763 0.896870 -0.122315
v -0.083509 0.547720 -0.133758
v -0.085406 0.527090 -0.134073
v 0.044114 0.872765 -0.133410
v 0.023509 0.775662 -0.125020
v 0.011831 0.756637 -0.130778
v -0.086032 0.450735 -0.139788
v 0.030574 0.793441 -0.123961
v -0.157604 0.709092 -0.039858
v -0.081252 0.581802 -0.132401
v -0.099545 0.585633 -0.144445
v 0.114369 0.782130 -0.122749
v -0.021463 0.391438 -0.153098
v 0.110554 0.584977 -0.140650
v 0.040867 0.789896 -0.134175
v 0.053215 0.805715 -0.142520
v 0.040707 0.812118 -0.129564
v -0.156864 0.353583 -0.027747
v -0.035977 0.775435 -0.132812
v -0.128875 0.403329 -0.142494
v -0.131203 0.415723 -0.136917
v 0.153133 0.467192 -0.133591
v 0.154183 0.455050 -0.115803
v -0.166841 0.477127 -0.071940
v 0.150914 0.513071 -0.109851
v 0.166788 0.447191 -0.077447
v -0.074128 0.627237 -0.137091
v -0.072685 0.613101 -0.146707
v 0.097173 0.762320 -0.131384
v -0.107335 0.745967 -0.136045
v 0.079710 0.454669 -0.155372
v 0.193630 0.537540 -0.057256
v -0.124651 0.494650 -0.147379
v 0.166961 0.579494 -0.072182
v 0.127914 0.546547 -0.138991
v -0.153594 0.410331 -0.088748
v -0.149673 0.424428 -0.099385
v -0.162583 0.734522 -0.074242
v -0.156638 0.742028 -0.059977
v 0.158592 0.550656 -0.033598
v 0.153342 0.567648 -0.048005
v -0.000900 0.501083 -0.150071
v 0.191931 0.716145 -0.038906
v 0.010421 0.369671 -0.148711
v -0.167340 0.558059 -0.073061
v -0.084249 0.371497 -0.143388
v -0.029234 0.655489 -0.142121
v -0.075000 0.806714 -0.133276
v -0.162249 0.522046 -0.028921
v -0.163932 0.837193 -0.043191
v -0.152336 0.859291 -0.059242
v 0.175743 0.467548 -0.033070
v -0.100521 0.676565 -0.130313
v -0.147992 0.382842 -0.101853
v -0.102420 0.768779 -0.130429
v 0.129400 0.875075 -0.099431
v -0.107192 0.465108 -0.168219
v -0.162306 0.571753 -0.086734
v -0.161453 0.771034 -0.037402
v 0.029997 0.861363 -0.118352
v -0.039649 0.507511 -0.161829
v 0.025821 0.367480 -0.165192
v -0.155339 0.580326 -0.096650
v -0.199353 0.525251 -0.043483
v 0.032979 0.820408 -0.122059
v -0.111984 0.843611 -0.125267
v 0.121917 0.564176 -0.139142
v 0.145336 0.694174 -0.119871
v 0.061912 0.694124 -0.146168
v -0.119681 0.412517 -0.161150
v 0.165342 0.389826 -0.074755
v 0.070814 0.668045 -0.145316
v 0.096135 0.671657 -0.138593
v -0.177582 0.648054 -0.026839
v 0.103391 0.865182 -0.113008
v 0.026728 0.610661 -0.134087
v 0.047509 0.768461 -0.145709
v 0.038916 0.769669 -0.132392
v -0.160185 0.744526 -0.037707
v -0.068147 0.575690 -0.153225
v -0.069242 0.568187 -0.143392
v -0.184425 0.658874 -0.030310
v -0.115523 0.397005 -0.169318
v 0.145220 0.848761 -0.080561
v -0.036725 0.741558 -0.135051
v 0.164842 0.626342 -0.075879
v -0.017089 0.698621 -0.139487
v -0.157986 0.604269 -0.092411
v -0.137364 0.501390 -0.126320
v -0.049038 0.488122 -0.156783
v -0.165756 0.620777 -0.075859
v 0.119205 0.762536 -0.124162
v 0.163838 0.377971 -0.070594
v 0.023606 0.844983 -0.120252
v 0.039633 0.854774 -0.129494
v -0.080475 0.713861 -0.126303
v -0.060545 0.598433 -0.154919
v 0.034708 0.609917 -0.155918
v -0.041262 0.398065 -0.153058
v 0.125828 0.606879 -0.136019
v -0.005638 0.721440 -0.137708
v 0.148417 0.580402 -0.106887
v 0.169744 0.785163 -0.057846
v 0.193871 0.448850 -0.065321
v -0.146336 0.398430 -0.104385
v -0.086678 0.809241 -0.119304
v 0.171549 0.579928 -0.030362
v 0.194094 0.430720 -0.067185
v -0.017215 0.877283 -0.127089
v 0.025187 0.540737 -0.139754
v 0.079121 0.836276 -0.134474
v -0.081737 0.471662 -0.137964
v -0.094085 0.474882 -0.144511
v -0.184300 0.813559 -0.027807
v -0.165348 0.433381 -0.059309
v -0.165658 0.447618 -0.067246
v -0.137982 0.413988 -0.122740
v -0.054640 0.399969 -0.148067
v 0.171337 0.866562 -0.028349
v 0.159468 0.365428 -0.137901
v 0.162919 0.359051 -0.072091
v -0.123317 0.803961 -0.118340
v 0.160944 0.384373 -0.022532
v -0.158986 0.787261 -0.080299
v 0.132580 0.631820 -0.132829
v 0.160203 0.381322 -0.129107
v 0.027794 0.465960 -0.151714
v -0.155574 0.619526 -0.041190
v 0.066476 0.520156 -0.154241
v 0.166164 0.464622 -0.025904
v 0.075683 0.760388 -0.141123
v 0.095095 0.865054 -0.123659
v -0.107189 0.895249 -0.108127
v 0.157213 0.675994 -0.045570
v 0.162525 0.666911 -0.052857
v 0.168548 0.669495 -0.063458
v -0.159164 0.823013 -0.070739
v -0.163148 0.406747 -0.047241
v 0.166711 0.663353 -0.030565
v 0.182068 0.672799 -0.033508
v 0.038759 0.637757 -0.154440
v 0.030123 0.639135 -0.145681
v 0.056367 0.623103 -0.151051
v -0.114942 0.773016 -0.133702
v 0.003480 0.845380 -0.129524
v 0.058463 0.574823 -0.153142
v -0.181307 0.551537 -0.024869
v 0.166600 0.491962 -0.080059
v 0.149428 0.833226 -0.071895
v -0.121775 0.893682 -0.094893
v 0.195438 0.463591 -0.064134
v 0.060688 0.387620 -0.160589
v -0.067635 0.534273 -0.144557
v -0.163924 0.685680 -0.067862
v 0.188685 0.776419 -0.036120
v -0.078600 0.750243 -0.127249
v 0.038096 0.730542 -0.143466
v -0.141899 0.378369 -0.117976
v 0.005997 0.816004 -0.130696
v 0.020592 0.410269 -0.143158
v -0.012143 0.576681 -0.148247
v 0.164918 0.846927 -0.040021
v 0.079967 0.778877 -0.139500
v 0.065056 0.783576 -0.137499
v 0.130993 0.861129 -0.110341
v 0.032481 0.413128 -0.165219
v 0.181918 0.398114 -0.051940
v 0.152496 0.427617 -0.139386
v 0.146114 0.411642 -0.142649
v 0.142586 0.435381 -0.142831
v 0.004338 0.579148 -0.144706
v 0.018008 0.579369 -0.134792
v 0.164141 0.406742 -0.088446
v 0.164030 0.411136 -0.068141
v -0.175591 0.674373 -0.026479
v 0.157293 0.404877 -0.132454
v 0.158104 0.417759 -0.125607
v 0.155172 0.410199 -0.109693
v 0.141484 0.528326 -0.137232
v -0.085905 0.391091 -0.143651
v -0.070191 0.388899 -0.146335
v 0.095794 0.367180 -0.156933
v -0.089742 0.675857 -0.124274
v -0.149378 0.488603 -0.105597
v -0.166381 0.582443 -0.069751
v -0.038058 0.686529 -0.142747
v 0.084273 0.428169 -0.155084
v 0.197516 0.393968 -0.068729
v 0.037589 0.753258 -0.131724
v -0.127898 0.530281 -0.140939
v 0.097400 0.437104 -0.152166
v -0.001724 0.419313 -0.144807
v -0.164222 0.458075 -0.056741
v -0.102599 0.640170 -0.145881
v 0.089361 0.740093 -0.136321
v 0.185749 0.595498 -0.038391
v -0.075513 0.755542 -0.137834
v -0.084076 0.898324 -0.119483
v 0.124848 0.845331 -0.115537
v 0.135941 0.851448 -0.097762
v 0.160050 0.379056 -0.056167
v -0.159549 0.422325 -0.024184
v 0.153519 0.617297 -0.084059
v -0.004010 0.540224 -0.150617
v -0.084018 0.829943 -0.120634
v 0.196681 0.636611 -0.046724
v 0.161931 0.738808 -0.049764
v 0.039436 0.705584 -0.149329
v 0.044961 0.686436 -0.150928
v 0.166738 0.447977 -0.025031
v 0.175379 0.432271 -0.034982
v -0.188731 0.406083 -0.020926
v -0.166955 0.402410 -0.017464
v 0.027834 0.564804 -0.149017
v 0.034765 0.877759 -0.120489
v -0.184741 0.581112 -0.027861
v -0.174941 0.867286 -0.024612
v 0.161048 0.691242 -0.051753
v 0.166900 0.557899 -0.075324
v 0.196320 0.564541 -0.056319
v -0.093477 0.733328 -0.121918
v -0.103207 0.728591 -0.128868
v 0.001752 0.772803 -0.133367
v 0.055153 0.464620 -0.160917
v -0.158016 0.560363 -0.035204
v 0.152364 0.590571 -0.087267
v 0.169043 0.815358 -0.060310
v -0.098373 0.609490 -0.143755
v 0.160366 0.488048 -0.028819
v 0.172559 0.488193 -0.029132
v -0.156380 0.466657 -0.037739
v -0.031861 0.561251 -0.148039
v 0.037050 0.717565 -0.137026
v -0.172139 0.622661 -0.025919
v 0.027245 0.516301 -0.149590
v 0.181250 0.645842 -0.033229
v -0.164198 0.633764 -0.028638
v -0.155031 0.638485 -0.047929
v -0.126653 0.617209 -0.138794
v -0.133392 0.628758 -0.117606
v -0.131730 0.610021 -0.124427
v 0.145837 0.738257 -0.097440
v 0.147160 0.715707 -0.088845
v 0.180994 0.463546 -0.049516
v 0.072922 0.746845 -0.142306
v 0.058832 0.765737 -0.143412
v 0.019175 0.801292 -0.124836
v -0.126307 0.677340 -0.132173
v 0.185611 0.572571 -0.040098
v -0.123793 0.600537 -0.145110
v 0.159618 0.394305 -0.052529
v -0.152157 0.504067 -0.102215
v -0.183630 0.625593 -0.028501
v -0.069203 0.588398 -0.152550
v -0.064399 0.492784 -0.157379
v 0.004718 0.656844 -0.140110
v 0.011798 0.693243 -0.134445
v 0.021216 0.648978 -0.131581
v 0.003880 0.636666 -0.141540
v 0.021261 0.671176 -0.130165
v -0.193900 0.657249 -0.037066
v 0.192387 0.729080 -0.038972
v 0.025192 0.437013 -0.146697
v -0.176478 0.435719 -0.018927
v -0.161191 0.442724 -0.025205
v 0.165987 0.512345 -0.068095
v 0.029060 0.650840 -0.139326
v -0.158450 0.507807 -0.092681
v 0.075594 0.621029 -0.146625
v 0.084929 0.630385 -0.143890
v 0.100266 0.615732 -0.141197
v -0.059239 0.525159 -0.160310
v -0.177464 0.348060 -0.014423
v -0.158022 0.512302 -0.034244
v 0.097916 0.575973 -0.144039
v -0.157660 0.433362 -0.084849
v -0.162366 0.799790 -0.043018
v -0.016225 0.486133 -0.156807
v -0.169042 0.474559 -0.022638
v -0.140211 0.522776 -0.121444
v -0.151328 0.528527 -0.103918
v -0.142622 0.544611 -0.116225
v 0.027066 0.430045 -0.164998
v -0.154604 0.819838 -0.081263
v 0.076238 0.858064 -0.128054
v -0.157010 0.769046 -0.056982
v -0.085755 0.788830 -0.121294
v 0.182533 0.430204 -0.053665
v 0.195771 0.418969 -0.067941
v 0.052420 0.725752 -0.148293
v -0.007529 0.600165 -0.147488
v -0.161690 0.758107 -0.076930
v 0.153764 0.433288 -0.110550
v -0.139475 0.833367 -0.085258
v -0.072086 0.695820 -0.145076
v -0.028053 0.613595 -0.144491
v -0.028275 0.597229 -0.145452
v 0.052568 0.426000 -0.161699
v 0.056279 0.402080 -0.160669
v 0.066527 0.410085 -0.158842
v -0.156583 0.393629 -0.028661
v -0.205352 0.369988 -0.036934
v -0.209245 0.376200 -0.046060
v 0.013260 0.708063 -0.132859
v 0.154077 0.466298 -0.119352
v -0.088557 0.879837 -0.120256
v -0.163739 0.582709 -0.029505
v 0.151609 0.368379 -0.145606
v 0.165160 0.642897 -0.057737
v -0.122374 0.430691 -0.154323
v -0.158770 0.355732 -0.066723
v 0.155337 0.390256 -0.140156
v 0.019436 0.558599 -0.135838
v -0.045025 0.394787 -0.142796
v -0.126688 0.786119 -0.112993
v -0.116664 0.797546 -0.130278
v -0.201941 0.393452 -0.032140
v 0.191404 0.752572 -0.038133
v 0.093323 0.847934 -0.127954
v 0.137369 0.836875 -0.107773
v -0.173284 0.718126 -0.025801
v 0.061544 0.706459 -0.145590
v -0.071955 0.510611 -0.144701
v -0.061808 0.623297 -0.153323
v 0.117429 0.628633 -0.136471
v 0.155555 0.415834 -0.049181
v 0.153563 0.434681 -0.042907
v 0.166739 0.757887 -0.054737
v 0.196551 0.483496 -0.062999
v 0.165966 0.479587 -0.082147
v -0.196090 0.440086 -0.028750
v -0.204980 0.427061 -0.045801
v 0.158848 0.844356 -0.063131
v 0.160943 0.786730 -0.067668
v 0.150923 0.770820 -0.074588
v 0.141316 0.828152 -0.095068
v -0.151945 0.464932 -0.099710
v -0.161753 0.455911 -0.080005
v -0.165121 0.546031 -0.028057
v -0.155836 0.548064 -0.047325
v -0.155266 0.586289 -0.050914
v 0.157152 0.563831 -0.037923
v 0.027846 0.494685 -0.152093
v 0.016491 0.510280 -0.141521
v -0.081442 0.411398 -0.139803
v -0.079239 0.426398 -0.139192
v 0.135485 0.393771 -0.147300
v 0.163851 0.399892 -0.022607
v -0.004769 0.397450 -0.153141
v -0.054185 0.688169 -0.145210
v 0.158014 0.355834 -0.043969
v 0.022000 0.449675 -0.159594
v 0.038559 0.460410 -0.164773
v 0.161073 0.766893 -0.068518
v -0.075275 0.671821 -0.142514
v -0.043799 0.891768 -0.126088
v 0.027548 0.898263 -0.118371
v 0.079779 0.544529 -0.149932
v -0.159848 0.370953 -0.052793
v -0.086514 0.863093 -0.123335
v -0.086098 0.848885 -0.121601
v -0.068853 0.858947 -0.127021
v -0.132167 0.380171 -0.139720
v -0.139166 0.364110 -0.133249
v 0.116373 0.380075 -0.151850
v 0.088002 0.808365 -0.135059
v -0.061552 0.897237 -0.116263
v -0.136473 0.870824 -0.081744
v 0.123073 0.520907 -0.141893
v -0.129910 0.669732 -0.121017
v -0.156837 0.720699 -0.087955
v -0.151054 0.876415 -0.075992
v 0.195800 0.497554 -0.061211
v 0.109460 0.739873 -0.129335
v 0.116784 0.537394 -0.142127
v -0.076012 0.444794 -0.139879
v 0.005113 0.404909 -0.144356
v -0.099850 0.701505 -0.127182
v -0.208214 0.390361 -0.045380
v 0.165836 0.603644 -0.031279
v 0.107087 0.596782 -0.140766
v 0.051754 0.881732 -0.133241
v -0.169705 0.365376 -0.014858
v 0.174756 0.346991 -0.043838
v 0.072874 0.435973 -0.157274
v -0.128917 0.741904 -0.112481
v -0.133719 0.891643 -0.080214
v 0.141275 0.865573 -0.093275
v -0.135330 0.699332 -0.102413
v -0.144880 0.892377 -0.076283
v 0.147366 0.842577 -0.089994
v -0.128884 0.594370 -0.132969
v 0.098565 0.774315 -0.129286
v 0.161479 0.700994 -0.039208
v 0.153895 0.476567 -0.051201
v -0.147218 0.436025 -0.105943
v -0.138854 0.434831 -0.122043
v -0.138049 0.447863 -0.124559
v 0.154250 0.578063 -0.042678
v 0.148343 0.694059 -0.099871
v -0.137047 0.561586 -0.122579
v -0.084298 0.740944 -0.122684
v -0.113479 0.699956 -0.141838
v -0.145439 0.470752 -0.112010
v -0.069845 0.638172 -0.150852
v -0.101870 0.789232 -0.123646
v 0.185142 0.502903 -0.051060
v 0.183931 0.481707 -0.052860
v -0.129084 0.633624 -0.126728
v -0.007045 0.705007 -0.138902
v -0.024577 0.719559 -0.135516
v -0.149153 0.544091 -0.106553
v 0.161879 0.619561 -0.054509
v 0.027255 0.550910 -0.157426
v -0.156579 0.537072 -0.039063
v -0.164207 0.648024 -0.065193
v -0.164568 0.665615 -0.079517
v -0.072676 0.828400 -0.131112
v -0.050570 0.472393 -0.154455
v 0.072232 0.365801 -0.160881
v 0.074683 0.386305 -0.158421
v 0.020513 0.397053 -0.160049
v -0.014596 0.635331 -0.144147
v -0.157819 0.373287 -0.073913
v 0.161437 0.505946 -0.091029
v -0.182350 0.605630 -0.027491
v -0.194990 0.609252 -0.040545
v -0.053517 0.727509 -0.145392
v -0.038495 0.721218 -0.137291
v -0.054243 0.414648 -0.150962
v -0.122156 0.849636 -0.105811
v -0.132783 0.855531 -0.089378
v -0.131180 0.839986 -0.101220
v -0.011560 0.562726 -0.149133
v -0.029785 0.632003 -0.143376
v -0.023969 0.897526 -0.117145
v 0.196425 0.657427 -0.044968
v 0.178974 0.482718 -0.036588
v 0.041293 0.554916 -0.157895
v -0.184858 0.737305 -0.034617
v -0.057596 0.797148 -0.133881
v 0.160942 0.884088 -0.035776
v -0.180368 0.568409 -0.025907
v -0.013435 0.670562 -0.141516
v -0.029154 0.680372 -0.138729
v -0.123603 0.552486 -0.146679
v -0.116973 0.555717 -0.158238
v 0.166066 0.471634 -0.069662
v -0.137750 0.633422 -0.107932
v 0.068939 0.799550 -0.135145
v 0.051240 0.381348 -0.162709
v 0.028036 0.581005 -0.139816
v 0.177539 0.842992 -0.029552
v 0.090163 0.552930 -0.147115
v 0.161138 0.358759 -0.094006
v -0.138530 0.394086 -0.122332
v -0.022593 0.368430 -0.152237
v -0.028325 0.794854 -0.128716
v 0.156116 0.554630 -0.088806
v -0.161525 0.388445 -0.057309
v 0.161287 0.652831 -0.034850
v -0.159968 0.685425 -0.032036
v -0.197911 0.384847 -0.025886
v 0.170691 0.364855 -0.033902
v 0.151383 0.501074 -0.110588
v -0.163235 0.784050 -0.054504
v -0.156963 0.805166 -0.056701
v -0.131461 0.691537 -0.113344
v -0.149598 0.888255 -0.058201
v 0.014193 0.731523 -0.131078
v 0.155201 0.548999 -0.054747
v -0.123226 0.726755 -0.129804
v -0.122776 0.706034 -0.133733
v -0.128102 0.722984 -0.118490
v 0.182149 0.752145 -0.032159
v -0.177132 0.489106 -0.021259
v 0.111374 0.365616 -0.154010
v -0.148468 0.565567 -0.105374
v 0.155227 0.681247 -0.077963
v 0.155219 0.419442 -0.103249
v -0.056974 0.673884 -0.146294
v 0.081628 0.396660 -0.156528
v -0.051346 0.431432 -0.148959
v 0.151439 0.794381 -0.078821
v -0.048835 0.642204 -0.149546
v 0.019923 0.426972 -0.154263
v -0.076142 0.570543 -0.134917
v 0.184617 0.343988 -0.062758
v -0.137242 0.606472 -0.114013
v 0.169434 0.348878 -0.033968
v -0.037594 0.426487 -0.160770
v -0.163292 0.394388 -0.048393
v 0.147547 0.651381 -0.094367
v 0.149169 0.634353 -0.108037
v 0.150265 0.625658 -0.115893
v 0.081294 0.898053 -0.125416
v 0.105757 0.755471 -0.128649
v 0.161454 0.889289 -0.052096
v 0.119951 0.896256 -0.105431
v 0.111264 0.690639 -0.133295
v 0.025613 0.490933 -0.162760
v 0.127308 0.509480 -0.141619
v -0.212241 0.337692 -0.046883
v -0.122241 0.648936 -0.142493
v -0.042829 0.614439 -0.148896
v 0.019905 0.408437 -0.159430
v -0.134982 0.676115 -0.106873
v -0.133479 0.653761 -0.113651
v 0.165106 0.372373 -0.090593
v 0.158399 0.374176 -0.110353
v 0.152394 0.747523 -0.076095
v -0.116846 0.784313 -0.131788
v -0.170303 0.528245 -0.024728
v -0.143297 0.620034 -0.101142
v -0.153445 0.636835 -0.094194
v 0.074181 0.881288 -0.122120
v 0.081996 0.876179 -0.129293
v -0.159479 0.377545 -0.061482
v -0.065740 0.547227 -0.156227
v -0.087566 0.695615 -0.123126
v -0.069002 0.497738 -0.142190
v -0.087172 0.493338 -0.137992
v 0.148365 0.671136 -0.114945
v -0.098905 0.595737 -0.149055
v 0.149399 0.648690 -0.115545
v 0.140577 0.660139 -0.128411
v 0.039072 0.800324 -0.128217
v -0.096728 0.458246 -0.149332
v -0.161150 0.744186 -0.079969
v -0.091961 0.592779 -0.131838
v 0.167254 0.422080 -0.024056
v 0.155743 0.636976 -0.046289
v -0.157024 0.571595 -0.054842
v 0.083076 0.588342 -0.146728
v -0.199344 0.422062 -0.031206
v 0.143155 0.636650 -0.128559
v -0.163973 0.411503 -0.057177
v -0.161396 0.405250 -0.067798
v 0.150576 0.602832 -0.117415
v 0.144516 0.612947 -0.129200
v 0.132691 0.731515 -0.124206
v 0.167076 0.514276 -0.029304
v -0.184358 0.370043 -0.019254
v -0.086338 0.765347 -0.121582
v 0.186540 0.523054 -0.046575
v 0.195576 0.697680 -0.041211
v 0.178827 0.697869 -0.031514
v -0.099706 0.844509 -0.118054
v -0.114533 0.855363 -0.121736
v 0.106138 0.846488 -0.115322
v -0.157281 0.629758 -0.056867
v -0.165775 0.518052 -0.078263
v -0.163733 0.497119 -0.080481
v -0.134312 0.475217 -0.132318
v -0.156488 0.436658 -0.036887
v -0.178727 0.697469 -0.027057
v -0.188614 0.704196 -0.035650
v -0.159493 0.353471 -0.041666
v 0.148242 0.673698 -0.087819
v 0.074746 0.609114 -0.147489
v 0.034792 0.664520 -0.149751
v -0.085682 0.508923 -0.136628
v -0.128263 0.809376 -0.107714
v -0.161178 0.374273 -0.038454
v -0.156979 0.371984 -0.028564
v 0.163378 0.745183 -0.036508
v -0.021667 0.501125 -0.151675
v -0.017361 0.827898 -0.127768
v -0.102222 0.450398 -0.169133
v 0.126472 0.442399 -0.146022
v 0.025723 0.530468 -0.157573
v -0.081435 0.774417 -0.132457
v -0.061687 0.770233 -0.133627
v -0.069716 0.783220 -0.131690
v -0.051542 0.782330 -0.140271
v -0.185429 0.468542 -0.022224
v 0.011945 0.529931 -0.140066
v 0.005147 0.544540 -0.146407
v -0.133108 0.818863 -0.092826
v -0.140275 0.810729 -0.086666
v -0.131979 0.796640 -0.097078
v -0.156023 0.825915 -0.056319
v 0.156515 0.440458 -0.128876
v 0.077883 0.568146 -0.149039
v -0.158655 0.800596 -0.079536
v 0.154665 0.367207 -0.025375
v 0.153708 0.353610 -0.032417
v 0.156045 0.373334 -0.039777
v 0.081710 0.489405 -0.153355
v -0.148548 0.360947 -0.110145
v -0.159272 0.531365 -0.091973
v 0.149112 0.541554 -0.132895
v 0.152061 0.554672 -0.125208
v -0.032602 0.883644 -0.119148
v 0.057738 0.541853 -0.155043
v -0.157849 0.362326 -0.021636
v 0.176735 0.443263 -0.036587
v 0.143564 0.791604 -0.104396
v -0.151813 0.372953 -0.094697
v -0.192602 0.678492 -0.037523
v -0.163643 0.644967 -0.081723
v -0.022614 0.737727 -0.134981
v 0.152914 0.398076 -0.037682
v 0.184268 0.370196 -0.061499
v -0.171846 0.741218 -0.025036
v 0.149458 0.638116 -0.087353
v -0.080196 0.640209 -0.129026
v -0.114951 0.521917 -0.162351
v -0.067930 0.748062 -0.135376
v -0.158996 0.694272 -0.061799
v -0.155696 0.791803 -0.060463
v -0.186139 0.351628 -0.019489
v 0.030787 0.693900 -0.130688
v 0.091757 0.415520 -0.153949
v -0.076614 0.731636 -0.132426
v -0.107475 0.386521 -0.173675
v 0.133217 0.795358 -0.118987
v 0.021512 0.688367 -0.129335
v 0.126559 0.487203 -0.143257
v -0.131335 0.771119 -0.101968
v -0.160332 0.870224 -0.044824
v 0.086181 0.656351 -0.142046
v -0.184127 0.824995 -0.024680
v 0.153540 0.497276 -0.127476
v 0.015967 0.387016 -0.142551
v 0.023457 0.367288 -0.145103
v 0.094828 0.377872 -0.156328
v 0.102805 0.385692 -0.153730
v 0.096148 0.394760 -0.154160
v -0.201917 0.340817 -0.029820
v -0.162276 0.724064 -0.079052
v 0.117733 0.390887 -0.150655
v -0.158350 0.444900 -0.045536
v 0.010027 0.859939 -0.127262
v -0.037080 0.483477 -0.163044
v -0.115269 0.436026 -0.166172
v -0.098160 0.431370 -0.168020
v -0.156757 0.468867 -0.090713
v -0.045585 0.631292 -0.148762
v 0.047522 0.504676 -0.158949
v -0.030311 0.580228 -0.146682
v -0.099302 0.861285 -0.116058
v 0.104733 0.787049 -0.124475
v 0.100810 0.797436 -0.125135
v -0.207311 0.412274 -0.047983
v 0.175202 0.369532 -0.042578
v 0.017018 0.879566 -0.122242
v 0.080339 0.407374 -0.156326
v -0.039967 0.462416 -0.160921
v -0.091839 0.897863 -0.109537
v 0.021039 0.753197 -0.126648
v 0.144623 0.890945 -0.070904
v -0.101342 0.504951 -0.163703
v -0.098316 0.521527 -0.159757
v -0.095594 0.515038 -0.148653
v 0.044330 0.627999 -0.153582
v 0.030611 0.586973 -0.156146
v -0.203501 0.454529 -0.046408
v 0.111075 0.405407 -0.150807
v -0.061652 0.383034 -0.146702
v 0.167873 0.687377 -0.029964
v -0.136259 0.464057 -0.130940
v 0.044158 0.523141 -0.159124
v 0.042076 0.365477 -0.166314
v 0.026101 0.378051 -0.166230
v 0.150192 0.720663 -0.079973
v -0.127015 0.653566 -0.133800
v -0.051775 0.703583 -0.145269
v -0.179504 0.411021 -0.019671
v 0.146806 0.759314 -0.089879
v -0.160252 0.685946 -0.052652
v -0.162769 0.710403 -0.071237
v -0.156600 0.669607 -0.052218
v -0.163898 0.690007 -0.077855
v -0.109418 0.655658 -0.146847
v -0.098155 0.402897 -0.155763
v -0.095955 0.565343 -0.138217
v -0.191557 0.448967 -0.025468
v 0.089139 0.778063 -0.134402
v -0.115629 0.532778 -0.161185
v 0.153233 0.387066 -0.035942
v -0.099004 0.622241 -0.142173
v -0.110842 0.634393 -0.150021
v -0.115535 0.621604 -0.150288
v 0.119513 0.720020 -0.128542
v -0.159254 0.494928 -0.030465
v -0.169883 0.383916 -0.015603
v -0.119641 0.452891 -0.158209
v -0.000078 0.691578 -0.139313
v -0.075807 0.525962 -0.139054
v 0.155078 0.501604 -0.035279
v 0.152586 0.517169 -0.044056
v 0.154032 0.497938 -0.050793
v -0.123613 0.777816 -0.121019
v 0.178660 0.460168 -0.039788
v 0.170186 0.719642 -0.029950
v 0.165633 0.665402 -0.073051
v -0.013049 0.810398 -0.132000
v 0.156416 0.439556 -0.102735
v 0.160439 0.432361 -0.090688
v -0.212579 0.348362 -0.047253
v 0.163929 0.465609 -0.089869
v 0.159262 0.399266 -0.094176
v -0.143814 0.415015 -0.110303
v -0.105093 0.735134 -0.136862
v -0.185250 0.754422 -0.034131
v 0.076054 0.691328 -0.142886
v 0.079694 0.679395 -0.142433
v 0.071351 0.830348 -0.130446
v -0.160159 0.782842 -0.070816
v -0.073671 0.548236 -0.137333
v -0.127157 0.628609 -0.136468
v -0.194086 0.620098 -0.038871
v 0.159670 0.866139 -0.047474
v 0.166254 0.857355 -0.057543
v 0.154563 0.866733 -0.060090
v 0.155355 0.472975 -0.099148
v 0.153347 0.459891 -0.106639
v 0.152081 0.480281 -0.111180
v 0.161245 0.452499 -0.096408
v 0.166355 0.457646 -0.077389
v 0.042437 0.833884 -0.137324
v 0.046016 0.849446 -0.137089
v 0.060832 0.838723 -0.135332
v 0.021807 0.400096 -0.143515
v 0.196047 0.677364 -0.043306
v 0.168885 0.768129 -0.059120
v -0.139043 0.662955 -0.101812
v 0.008929 0.826422 -0.129166
v 0.164717 0.578736 -0.062295
v 0.110229 0.724402 -0.130658
v 0.157211 0.386435 -0.107657
v 0.163702 0.537681 -0.063361
v -0.149293 0.670353 -0.092010
v -0.142129 0.683979 -0.095700
v -0.160183 0.678787 -0.087916
v 0.167788 0.712258 -0.058030
v 0.163712 0.397846 -0.068356
v 0.174746 0.759453 -0.029813
v 0.175464 0.771277 -0.029852
v 0.118151 0.649605 -0.134851
v 0.106583 0.668518 -0.136210
v 0.070083 0.730222 -0.143550
v -0.051598 0.611158 -0.153638
v 0.155622 0.526060 -0.092453
v 0.022434 0.630125 -0.132764
v 0.158699 0.418266 -0.093853
v -0.067917 0.557628 -0.145669
v 0.182532 0.493803 -0.046738
v 0.182536 0.503117 -0.041366
v 0.173799 0.498763 -0.030090
v 0.157041 0.527445 -0.033961
v 0.087257 0.530325 -0.149121
v -0.167451 0.506145 -0.072271
v 0.163163 0.687658 -0.075293
v -0.184744 0.537320 -0.025417
v 0.096154 0.682854 -0.137832
v 0.184395 0.446721 -0.053267
v -0.165534 0.589311 -0.077783
v 0.167731 0.651777 -0.069259
v 0.158428 0.645529 -0.078448
v 0.160769 0.709707 -0.075667
v 0.163167 0.360355 -0.103868
v -0.097019 0.368278 -0.152878
v -0.186333 0.494332 -0.024291
v -0.111968 0.669503 -0.145307
v -0.155542 0.660109 -0.047457
v 0.174733 0.384850 -0.037968
v 0.170852 0.809547 -0.031910
v 0.175770 0.793910 -0.030189
v 0.188908 0.800755 -0.036056
v 0.163620 0.816597 -0.048538
v -0.056680 0.462672 -0.158122
v 0.155516 0.416859 -0.028948
v 0.020711 0.765381 -0.126134
v 0.167635 0.747086 -0.068566
v -0.119715 0.515797 -0.155661
v -0.094009 0.528171 -0.141404
v -0.162760 0.603608 -0.061408
v 0.130370 0.807382 -0.118820
v 0.043524 0.445183 -0.163541
v 0.161860 0.371297 -0.078259
v -0.059951 0.420121 -0.141389
v -0.018987 0.680285 -0.140567
v 0.198025 0.605602 -0.052187
v 0.042492 0.813164 -0.139946
v 0.135977 0.616766 -0.132780
v -0.044632 0.569421 -0.156123
v 0.061897 0.672939 -0.147400
v 0.048519 0.900739 -0.129295
v -0.009983 0.515345 -0.154939
v 0.061581 0.890492 -0.124011
v 0.164702 0.572353 -0.079451
v 0.069401 0.713498 -0.144219
v -0.098781 0.485426 -0.165001
v -0.097183 0.464508 -0.166596
v 0.072011 0.815211 -0.132785
v 0.149369 0.808098 -0.072426
v -0.197621 0.584613 -0.044438
v 0.166689 0.731565 -0.055321
v 0.160024 0.717900 -0.044680
v -0.031922 0.518785 -0.151930
v -0.033455 0.498409 -0.156581
v 0.144481 0.728506 -0.116174
v 0.138438 0.749465 -0.121032
v 0.145948 0.740770 -0.111366
v -0.025536 0.703198 -0.136508
v -0.102821 0.693023 -0.133656
v 0.038240 0.835305 -0.123710
v -0.202741 0.473987 -0.046787
v -0.076092 0.796178 -0.134198
v 0.058463 0.747371 -0.145075
v 0.061813 0.367157 -0.162373
v -0.129459 0.365509 -0.152311
v 0.022261 0.518656 -0.141266
v -0.158139 0.394487 -0.073840
v 0.011192 0.613271 -0.137696
v -0.173064 0.792935 -0.026115
v -0.169791 0.811096 -0.029209
v -0.186847 0.802784 -0.027682
v -0.156880 0.842956 -0.075152
v -0.152698 0.848779 -0.059727
v 0.112489 0.701588 -0.132061
v -0.096498 0.504441 -0.150400
v 0.196967 0.338344 -0.072936
v -0.158114 0.433503 -0.027432
v -0.067494 0.476944 -0.148720
v -0.180297 0.846274 -0.022721
v 0.037974 0.571074 -0.158752
v -0.098750 0.534107 -0.158230
v -0.091072 0.547746 -0.145155
v -0.094158 0.635154 -0.128974
v -0.162001 0.616853 -0.061312
v -0.155426 0.610165 -0.047343
v 0.197523 0.625941 -0.048865
v 0.192175 0.766362 -0.037525
v -0.161873 0.860449 -0.043789
v -0.164441 0.853579 -0.051031
v -0.112246 0.369420 -0.174336
v -0.191731 0.418191 -0.023532
v 0.169744 0.535114 -0.029778
v -0.076660 0.678681 -0.131933
v -0.076189 0.691889 -0.133700
v 0.145396 0.466073 -0.140958
v -0.150331 0.402994 -0.095589
v -0.042977 0.809192 -0.134051
v -0.163291 0.749327 -0.046287
v -0.166388 0.849399 -0.031754
v 0.129105 0.363033 -0.150295
v -0.088935 0.619149 -0.129390
v 0.080374 0.640992 -0.144365
v 0.062119 0.634669 -0.149094
v -0.139094 0.536678 -0.122424
v 0.167433 0.611687 -0.069269
v 0.188744 0.656850 -0.038020
v 0.152504 0.510367 -0.129787
v 0.011962 0.849789 -0.126874
v 0.168302 0.699256 -0.067947
v -0.097297 0.830475 -0.116963
v 0.067049 0.655357 -0.146865
v 0.028409 0.381411 -0.151767
v -0.010931 0.366428 -0.148061
v 0.073207 0.497978 -0.154423
v -0.126327 0.687902 -0.129933
v 0.008793 0.672374 -0.137167
v -0.139522 0.780480 -0.089492
v 0.161546 0.618938 -0.033532
v -0.152825 0.383608 -0.090080
v -0.154347 0.397847 -0.085909
v -0.120297 0.717986 -0.134979
v 0.180404 0.387981 -0.050686
v -0.120730 0.884450 -0.098919
v -0.194202 0.667881 -0.038020
v -0.050804 0.882296 -0.126802
v -0.131247 0.877509 -0.095326
v -0.052286 0.900698 -0.122120
v 0.152828 0.658677 -0.080970
v 0.103705 0.561943 -0.143516
v 0.061305 0.511049 -0.155842
v -0.048813 0.854522 -0.131038
v 0.000874 0.594958 -0.145763
v 0.198219 0.646927 -0.047084
v -0.036357 0.872462 -0.122529
v -0.160972 0.425497 -0.074376
v -0.068876 0.737275 -0.138002
v -0.140117 0.587959 -0.112138
v 0.154816 0.426337 -0.049309
v 0.177951 0.592320 -0.032626
v -0.130911 0.546724 -0.134596
v 0.163934 0.779619 -0.048553
v 0.163494 0.799766 -0.043984
v -0.141142 0.610315 -0.105358
v 0.086414 0.829478 -0.134107
v 0.159647 0.392700 -0.119808
v -0.197952 0.461432 -0.032482
v -0.100701 0.655819 -0.131845
v -0.132918 0.880444 -0.084335
v -0.008238 0.828460 -0.131899
v -0.165789 0.454406 -0.022913
v -0.026252 0.807690 -0.127477
v 0.120034 0.880341 -0.108975
v -0.102993 0.758375 -0.132397
v -0.142278 0.506202 -0.118277
v -0.095745 0.423180 -0.150985
v -0.066323 0.717937 -0.143744
v 0.123251 0.663937 -0.132589
v -0.159836 0.545489 -0.090904
v -0.010205 0.478155 -0.156373
v 0.180353 0.862152 -0.030198
v 0.144427 0.765838 -0.109116
v 0.056129 0.561809 -0.154331
v 0.186259 0.636687 -0.036769
v -0.097964 0.368077 -0.170621
v 0.149933 0.815824 -0.084600
v 0.092594 0.516151 -0.148898
v 0.094576 0.500406 -0.149612
v 0.104840 0.519289 -0.146000
v 0.167797 0.856665 -0.036696
v -0.156714 0.805178 -0.066573
v 0.160595 0.379239 -0.096672
v 0.002060 0.867109 -0.124990
v 0.016368 0.419353 -0.142708
v -0.013364 0.591677 -0.147422
v -0.123091 0.534634 -0.148569
v -0.128026 0.762860 -0.112072
v -0.057582 0.559978 -0.159766
v -0.161360 0.595113 -0.089027
v 0.117906 0.577892 -0.139343
v -0.160791 0.478685 -0.055214
v -0.163991 0.494738 -0.061427
v -0.098922 0.563866 -0.154604
v 0.108739 0.895929 -0.106063
v -0.186415 0.682896 -0.031193
v -0.046730 0.748668 -0.141185
v 0.136983 0.383817 -0.148051
v 0.061544 0.553274 -0.153562
v 0.116918 0.617705 -0.137285
v -0.171922 0.393856 -0.015955
v 0.186701 0.549441 -0.047450
v 0.199112 0.372162 -0.071625
v 0.054677 0.446899 -0.161107
v 0.156098 0.527361 -0.057308
v -0.174185 0.425990 -0.019209
v 0.128177 0.893153 -0.091434
v 0.057517 0.861214 -0.134266
v 0.063376 0.870453 -0.126003
v 0.066578 0.850606 -0.127874
v 0.183176 0.850895 -0.031863
v -0.120350 0.856259 -0.113333
v -0.161258 0.707505 -0.048876
v -0.157148 0.762884 -0.084183
v 0.154249 0.486611 -0.123227
v 0.093741 0.473991 -0.151503
v -0.156737 0.404170 -0.031978
v -0.161025 0.387842 -0.039780
v 0.071762 0.477866 -0.156568
v -0.161174 0.884472 -0.031376
v 0.095265 0.632293 -0.141340
v -0.165265 0.573576 -0.065027
v -0.114291 0.820038 -0.127925
v 0.138730 0.723644 -0.122695
v 0.066305 0.624272 -0.148642
v 0.031314 0.615478 -0.148545
v 0.030461 0.600239 -0.153279
v 0.028438 0.599958 -0.136699
v -0.064636 0.464915 -0.143843
v 0.196719 0.589145 -0.053539
v 0.160909 0.359812 -0.122036
v 0.086693 0.716959 -0.138491
v -0.162199 0.728409 -0.049407
v -0.159921 0.561050 -0.090840
v -0.136430 0.571675 -0.121959
v -0.086597 0.381252 -0.144129
v -0.099336 0.381663 -0.157220
v -0.067363 0.408725 -0.145386
v -0.112256 0.611524 -0.151899
v -0.158880 0.382043 -0.021388
v -0.164497 0.423965 -0.062306
v 0.049267 0.494812 -0.159114
v -0.157399 0.698949 -0.042577
v -0.165793 0.692171 -0.027914
v 0.000678 0.491867 -0.146048
v -0.130575 0.750152 -0.106396
v -0.070519 0.483603 -0.139076
v -0.129196 0.896904 -0.091361
v 0.106295 0.484964 -0.148009
v -0.159289 0.420298 -0.043685
v -0.184978 0.636078 -0.029936
v 0.126224 0.676816 -0.130801
v 0.149813 0.539286 -0.104507
v 0.150957 0.518996 -0.101801
v 0.150484 0.525184 -0.110195
v 0.148834 0.377852 -0.146307
v 0.024507 0.882701 -0.117147
v -0.029057 0.538993 -0.149935
v -0.037128 0.553646 -0.151781
v -0.067286 0.808207 -0.127408
v 0.148572 0.681096 -0.104309
v -0.143612 0.841898 -0.082520
v -0.147181 0.795569 -0.083909
v -0.154417 0.776856 -0.084297
v 0.150323 0.544575 -0.113398
v 0.131308 0.372411 -0.150114
v -0.122739 0.827181 -0.116441
v -0.020250 0.459851 -0.153322
v 0.042571 0.480865 -0.161441
v 0.161707 0.761779 -0.042427
v -0.015309 0.647477 -0.143156
v 0.136367 0.580678 -0.134322
v 0.149795 0.588464 -0.123845
v 0.148159 0.574701 -0.129536
v 0.007218 0.447108 -0.144993
v -0.107157 0.594902 -0.153926
v 0.159422 0.471581 -0.027922
v -0.195664 0.493195 -0.032925
v -0.112759 0.874883 -0.117563
v -0.185106 0.431136 -0.020175
v 0.166955 0.754648 -0.033605
v 0.142365 0.513009 -0.137792
v -0.073478 0.434893 -0.139334
v 0.179317 0.738366 -0.030460
v -0.164534 0.555246 -0.064343
v 0.165872 0.415549 -0.076470
v 0.199245 0.354404 -0.073749
v -0.179963 0.615857 -0.026930
v 0.149936 0.756457 -0.080901
v -0.008206 0.879249 -0.123657
v -0.107897 0.827744 -0.128151
v 0.075362 0.445665 -0.156546
v -0.102228 0.412807 -0.171372
v -0.095202 0.417211 -0.165969
v -0.095659 0.397398 -0.166741
v 0.142299 0.893675 -0.080944
v -0.167800 0.347423 -0.013598
v 0.012711 0.899466 -0.122342
v 0.009682 0.885211 -0.124881
v -0.074235 0.370522 -0.145511
v -0.085928 0.557287 -0.133457
v 0.169737 0.795307 -0.055727
v 0.188677 0.589122 -0.045176
v 0.042045 0.414397 -0.163628
v -0.040570 0.900533 -0.123596
v 0.118540 0.772794 -0.123114
v 0.052507 0.475644 -0.161926
v -0.033473 0.469057 -0.157378
v -0.102004 0.643384 -0.136624
v -0.174060 0.600029 -0.026201
v -0.162793 0.610062 -0.029864
v 0.168952 0.835220 -0.054105
v -0.103098 0.614764 -0.150498
v -0.158131 0.349446 -0.019046
v -0.163914 0.835737 -0.052552
v -0.163683 0.819095 -0.043479
v -0.162247 0.875150 -0.032510
v 0.165661 0.434531 -0.072228
v 0.197979 0.472884 -0.064857
v 0.031755 0.770246 -0.125632
v 0.198036 0.513985 -0.062824
v -0.164776 0.578862 -0.080277
v -0.164638 0.563733 -0.081361
v -0.157254 0.485247 -0.046834
v -0.156333 0.456823 -0.037504
v 0.089619 0.899295 -0.121500
v 0.018154 0.496725 -0.142021
v 0.166649 0.496422 -0.071025
v -0.075746 0.865586 -0.127857
v -0.160641 0.624912 -0.088006
v -0.165581 0.610816 -0.078286
v 0.118916 0.790834 -0.121182
v 0.161270 0.483505 -0.059556
v -0.165872 0.527501 -0.065007
v -0.162164 0.514268 -0.059839
v -0.156803 0.521933 -0.049194
v -0.102473 0.678923 -0.139569
v -0.116360 0.687490 -0.142357
v 0.068314 0.575313 -0.150837
v 0.191995 0.385922 -0.066829
v 0.156060 0.833002 -0.065206
v 0.143595 0.789789 -0.094952
v 0.026851 0.475302 -0.148476
v 0.011510 0.475779 -0.141401
v 0.145505 0.704231 -0.118002
v -0.023493 0.557153 -0.149919
v 0.002945 0.560834 -0.146783
v 0.135528 0.765534 -0.120718
v 0.144030 0.775814 -0.107651
v 0.134107 0.779110 -0.120037
v 0.145977 0.858442 -0.082953
v -0.012330 0.495233 -0.156251
v 0.151721 0.567510 -0.117679
v 0.149128 0.558387 -0.105317
v 0.148537 0.573128 -0.100477
v -0.039931 0.441945 -0.156086
v -0.133832 0.751845 -0.097790
v 0.152203 0.572471 -0.090279
v -0.123022 0.756713 -0.125313
v -0.018843 0.615168 -0.145368
v 0.121126 0.422912 -0.147899
v -0.067454 0.528336 -0.152184
v 0.173504 0.625295 -0.030639
v -0.155395 0.599085 -0.044064
v -0.160229 0.590532 -0.057885
v -0.039991 0.731682 -0.137117
v 0.074522 0.426593 -0.157103
v 0.160213 0.656911 -0.052554
v 0.144511 0.396647 -0.145599
v -0.117658 0.479149 -0.159320
v -0.112656 0.490684 -0.164146
v 0.153360 0.890349 -0.062572
v -0.156856 0.887033 -0.046927
v 0.125169 0.409460 -0.147755
v -0.200283 0.505160 -0.046882
v -0.201519 0.492489 -0.048490
v 0.135883 0.677920 -0.128155
v 0.144420 0.683915 -0.122608
v 0.132001 0.697088 -0.127300
v 0.183766 0.532375 -0.040777
v 0.156631 0.432764 -0.119703
v -0.206596 0.353913 -0.040429
v -0.154479 0.861193 -0.068169
v -0.155003 0.627751 -0.047415
v -0.185052 0.506622 -0.024105
v 0.115279 0.804619 -0.120032
v 0.100202 0.815565 -0.123657
v 0.097891 0.829647 -0.123643
v 0.057782 0.901224 -0.127588
v 0.116753 0.435757 -0.148360
v 0.135127 0.429509 -0.145078
v -0.157413 0.412929 -0.080300
v -0.130349 0.714767 -0.112511
v 0.091105 0.857605 -0.128552
v -0.049068 0.505756 -0.161610
v -0.074362 0.728846 -0.140614
v -0.100944 0.775239 -0.123315
v 0.010994 0.781656 -0.129527
v 0.009949 0.792691 -0.129425
v 0.001399 0.796063 -0.132499
v 0.144028 0.869061 -0.074152
v 0.005245 0.508151 -0.147714
v -0.159034 0.489226 -0.088348
v -0.194997 0.639731 -0.038726
v -0.055462 0.538894 -0.161491
v -0.047560 0.523628 -0.162496
v -0.039097 0.534511 -0.154450
v 0.160336 0.728975 -0.047699
v 0.163411 0.723971 -0.035630
v 0.014761 0.810432 -0.126434
v 0.024463 0.815473 -0.122590
v 0.016726 0.830374 -0.124835
v -0.074384 0.602748 -0.136412
v -0.075184 0.588487 -0.135637
v -0.154347 0.868081 -0.055974
v -0.079864 0.621180 -0.131346
v -0.128394 0.708758 -0.120118
v -0.077139 0.391957 -0.139834
v 0.003753 0.367244 -0.141318
v -0.159365 0.498888 -0.088871
v 0.026897 0.442259 -0.164246
v -0.140448 0.642025 -0.102495
v 0.101257 0.402877 -0.152754
v -0.174801 0.773780 -0.024923
v 0.065094 0.899987 -0.121170
v 0.109238 0.831514 -0.117483
v -0.121377 0.869715 -0.108226
v 0.044217 0.606537 -0.154701
v 0.036749 0.620007 -0.155501
v -0.118459 0.899417 -0.103164
v 0.143809 0.363213 -0.146945
v 0.043707 0.746373 -0.147132
v 0.025557 0.457767 -0.163846
v -0.005909 0.731502 -0.137082
v 0.061598 0.483996 -0.158585
v -0.175136 0.843344 -0.030179
v -0.160716 0.730730 -0.065868
v -0.164318 0.564128 -0.029042
v 0.040010 0.396470 -0.163407
v 0.153072 0.413791 -0.040104
v 0.141771 0.884053 -0.086690
v -0.133304 0.618793 -0.119623
v 0.168720 0.637563 -0.030435
v 0.160097 0.515218 -0.061540
v -0.059006 0.661578 -0.147734
v -0.154563 0.445153 -0.092677
v 0.126469 0.896730 -0.099447
v 0.053832 0.689573 -0.148948
v 0.026210 0.443985 -0.153019
v -0.047306 0.843580 -0.132646
v -0.057033 0.832919 -0.129388
v -0.042998 0.826235 -0.132571
v -0.091130 0.655134 -0.126493
v -0.042159 0.707835 -0.139832
v -0.035306 0.700188 -0.140245
v -0.129710 0.862572 -0.100188
v -0.126134 0.564476 -0.141328
v -0.191570 0.571553 -0.034102
v -0.188871 0.588826 -0.032057
v 0.026688 0.392633 -0.165245
v 0.083473 0.787538 -0.137571
v 0.126594 0.824465 -0.117955
v -0.074607 0.492289 -0.137389
v -0.098737 0.549761 -0.156235
v 0.179721 0.611957 -0.033213
v 0.146138 0.738298 -0.088358
v 0.144240 0.750850 -0.094907
v -0.009506 0.453349 -0.150714
v 0.168524 0.736955 -0.068229
v 0.163254 0.729497 -0.071959
v 0.054245 0.613415 -0.152056
v 0.148987 0.644410 -0.107343
v 0.147031 0.691905 -0.090767
v 0.198808 0.381652 -0.071667
v 0.154568 0.508143 -0.053230
v -0.159729 0.352080 -0.057147
v 0.039370 0.694922 -0.150095
v 0.021447 0.709885 -0.128505
v 0.179051 0.358365 -0.055032
v 0.158518 0.776874 -0.069036
v -0.060039 0.885134 -0.118341
v -0.136000 0.721388 -0.098861
v -0.133543 0.731266 -0.101321
v -0.148307 0.731713 -0.088210
v -0.142329 0.716888 -0.091937
v 0.187955 0.465201 -0.058780
v 0.112188 0.818240 -0.118882
v -0.017688 0.894866 -0.123590
v 0.030540 0.364347 -0.157819
v 0.184861 0.712589 -0.034081
v -0.140965 0.554213 -0.117610
v -0.096970 0.625834 -0.131185
v 0.183552 0.471948 -0.053108
v -0.035591 0.648213 -0.143405
v 0.043831 0.893007 -0.129135
v 0.156502 0.654337 -0.042976
v 0.148580 0.590576 -0.105536
v -0.122861 0.467010 -0.154295
v -0.088156 0.480879 -0.140427
v 0.165932 0.512146 -0.082687
v -0.110522 0.679579 -0.144134
v 0.161658 0.569552 -0.059477
v 0.166467 0.557643 -0.066094
v -0.153938 0.427019 -0.091059
v -0.154969 0.356448 -0.084816
v -0.018281 0.382765 -0.153898
v 0.153680 0.443931 -0.040231
v -0.118015 0.569333 -0.156108
v -0.127442 0.508041 -0.142554
v 0.096737 0.897581 -0.113156
v 0.197670 0.575197 -0.056222
v 0.169937 0.382935 -0.025066
v -0.138045 0.737621 -0.093797
v -0.020653 0.791165 -0.131785
v -0.017381 0.528324 -0.154253
v -0.176983 0.454999 -0.019785
v -0.138237 0.383423 -0.125328
v -0.081882 0.827088 -0.129304
v -0.160934 0.365900 -0.045105
v 0.199172 0.402841 -0.070238
v 0.034234 0.504674 -0.162314
v 0.155638 0.612517 -0.040429
v 0.157009 0.631753 -0.038872
v 0.155921 0.627566 -0.048300
v -0.062191 0.432899 -0.145984
v 0.064324 0.494731 -0.156495
v 0.048319 0.594672 -0.154486
v 0.063052 0.583834 -0.151601
v 0.049905 0.578132 -0.155033
v -0.012634 0.862044 -0.128680
v -0.145238 0.869374 -0.079126
v 0.157919 0.401226 -0.103176
v -0.157582 0.718979 -0.060851
v 0.149095 0.662494 -0.110414
v -0.054661 0.868012 -0.125970
v 0.163714 0.485104 -0.089659
v 0.165166 0.499954 -0.084680
v 0.168968 0.805470 -0.061840
v -0.176813 0.858202 -0.021306
v 0.152745 0.484505 -0.045152
v 0.153465 0.472984 -0.042250
v -0.170133 0.727579 -0.025920
v -0.157114 0.677398 -0.036852
v 0.152436 0.856131 -0.069053
v -0.058132 0.508449 -0.157281
v -0.158147 0.718841 -0.039345
v 0.025464 0.427535 -0.146938
v 0.013901 0.405314 -0.147868
v -0.105318 0.714664 -0.138969
v 0.163260 0.877867 -0.054070
v -0.121849 0.379480 -0.162380
v -0.127846 0.380861 -0.148644
v 0.018935 0.547991 -0.136853
v -0.129102 0.455237 -0.142031
v -0.097901 0.576694 -0.141020
v -0.100464 0.575194 -0.154122
v -0.129789 0.780938 -0.105026
v 0.161972 0.464125 -0.059574
v 0.167967 0.630247 -0.068074
v 0.029709 0.723042 -0.127564
v 0.105893 0.856209 -0.113434
v 0.116510 0.848880 -0.113514
v 0.123947 0.855164 -0.114064
v 0.118677 0.867094 -0.112119
v 0.151056 0.778177 -0.081018
v 0.146692 0.779023 -0.090940
v 0.163649 0.876314 -0.040363
v 0.177027 0.874478 -0.028602
v -0.118656 0.603657 -0.151886
v -0.005155 0.779142 -0.134980
v 0.026995 0.784716 -0.124621
v -0.013594 0.886244 -0.126640
v -0.096069 0.606091 -0.132662
v -0.192600 0.689134 -0.038329
v -0.059240 0.764281 -0.140317
v -0.112400 0.444632 -0.167814
v -0.129231 0.731775 -0.113240
v -0.122133 0.736731 -0.130076
v -0.125885 0.744615 -0.120716
v 0.004110 0.522530 -0.148825
v 0.197360 0.523345 -0.062592
v -0.158812 0.597538 -0.034341
v 0.174440 0.668700 -0.030633
v 0.030265 0.671791 -0.131861
v -0.041736 0.767491 -0.136813
v -0.163281 0.447666 -0.076192
v 0.137695 0.714011 -0.124057
v -0.028041 0.435559 -0.155073
v -0.131597 0.523895 -0.135289
v -0.161124 0.708127 -0.031627
v 0.108370 0.884110 -0.111870
v -0.114859 0.417311 -0.167208
v -0.124480 0.438606 -0.149559
v -0.122223 0.421570 -0.155493
v -0.127942 0.422353 -0.143549
v -0.132185 0.430953 -0.134943
v -0.120814 0.836392 -0.118556
v 0.011807 0.378526 -0.146884
v 0.008567 0.388600 -0.147572
v -0.004254 0.386491 -0.144894
v -0.096423 0.495466 -0.148002
v -0.071545 0.589544 -0.143913
v -0.069718 0.605148 -0.151741
v 0.164095 0.385837 -0.091527
v 0.117643 0.602464 -0.138060
v 0.126381 0.585623 -0.136974
v -0.109864 0.791116 -0.132589
v 0.164111 0.451890 -0.063657
v 0.160468 0.445417 -0.057680
v -0.006247 0.845320 -0.129859
v -0.036342 0.812978 -0.128427
v -0.017986 0.780097 -0.133799
v -0.037584 0.793844 -0.131040
v -0.034685 0.784760 -0.131233
v -0.024339 0.481254 -0.152610
v 0.032570 0.679053 -0.143274
v 0.162798 0.846588 -0.049829
v -0.078002 0.846494 -0.130081
v -0.083404 0.839864 -0.121922
v -0.165137 0.675612 -0.069582
v 0.128957 0.882203 -0.093708
v -0.151690 0.358663 -0.100901
v -0.143604 0.452391 -0.115034
v 0.162966 0.443705 -0.084894
v 0.191548 0.607262 -0.045931
v -0.123387 0.639043 -0.142261
v 0.126165 0.461370 -0.145033
v 0.130606 0.453198 -0.144568
v 0.164458 0.635976 -0.075969
v 0.193696 0.439656 -0.066264
v -0.151592 0.700012 -0.089092
v -0.064281 0.399667 -0.146034
v -0.119961 0.497333 -0.154590
v -0.156473 0.613537 -0.093229
v 0.185050 0.691249 -0.034412
v -0.157608 0.610133 -0.056481
v -0.047160 0.549896 -0.159128
v 0.148658 0.798549 -0.089105
v 0.147607 0.808217 -0.090533
v 0.142724 0.802758 -0.105279
v 0.138671 0.472220 -0.141772
v 0.098582 0.871462 -0.117698
v -0.157382 0.580158 -0.037194
v -0.152165 0.418200 -0.093025
v -0.016997 0.749090 -0.135572
v -0.034661 0.751039 -0.133780
v -0.197582 0.594959 -0.045072
v 0.024417 0.477057 -0.161184
v 0.034071 0.472725 -0.163458
v -0.164652 0.630538 -0.078490
v -0.160639 0.396434 -0.065348
v -0.048174 0.873773 -0.129041
v -0.172441 0.550337 -0.024626
v 0.035515 0.520791 -0.161487
v -0.005629 0.675285 -0.141114
v 0.160311 0.508478 -0.031154
v 0.023787 0.825062 -0.121915
v 0.145582 0.838851 -0.079024
v 0.062530 0.418835 -0.159616
v -0.155508 0.742935 -0.086813
v -0.147816 0.757558 -0.086471
v -0.170499 0.863734 -0.032119
v -0.158392 0.503120 -0.053395
v 0.130081 0.598522 -0.135443
v -0.156510 0.751337 -0.062818
v -0.163062 0.764275 -0.052223
v 0.154323 0.586106 -0.046973
v -0.157122 0.493719 -0.043327
v -0.088608 0.642545 -0.127431
v 0.110985 0.544739 -0.142933
v -0.030636 0.840937 -0.123288
v -0.169410 0.829330 -0.029616
v -0.167192 0.486307 -0.070556
v -0.058980 0.735327 -0.144215
v 0.137716 0.414406 -0.144369
v 0.088531 0.677287 -0.140198
v -0.062008 0.850143 -0.122310
v 0.146312 0.721478 -0.096171
v -0.160344 0.399286 -0.022637
v -0.198544 0.401017 -0.027955
v 0.136139 0.549694 -0.136872
v 0.113386 0.561141 -0.141339
v 0.130227 0.567261 -0.136907
v -0.150460 0.574548 -0.102262
v 0.198349 0.544471 -0.060806
v 0.159810 0.349076 -0.020040
v -0.111764 0.580028 -0.156321
v -0.163386 0.759399 -0.031647
v 0.180760 0.415255 -0.049823
v -0.011717 0.426705 -0.156580
v -0.124829 0.405388 -0.151126
v -0.075470 0.650328 -0.134983
v 0.031403 0.869325 -0.122566
v 0.038158 0.858157 -0.121369
v 0.022218 0.865095 -0.120954
v 0.041612 0.863852 -0.131002
v -0.199527 0.533152 -0.048037
v -0.043823 0.366742 -0.145091
v -0.124683 0.794550 -0.116460
v -0.130214 0.790300 -0.103377
v -0.129220 0.643206 -0.125682
v -0.172178 0.875625 -0.020762
v -0.168671 0.884708 -0.021499
v -0.156520 0.354415 -0.075269
v -0.000687 0.616714 -0.144381
v -0.125077 0.366814 -0.160363
v -0.110478 0.549523 -0.160163
v 0.189203 0.676215 -0.037506
v 0.129893 0.709969 -0.126716
v -0.157725 0.642692 -0.036870
v -0.155618 0.646776 -0.052039
v -0.155641 0.835471 -0.055976
v 0.022882 0.461212 -0.145801
v -0.176482 0.469684 -0.020897
v -0.188294 0.476941 -0.025102
v 0.166021 0.887344 -0.029181
v 0.154424 0.814907 -0.069251
v -0.150679 0.878949 -0.058148
v -0.123581 0.485847 -0.150050
v 0.092146 0.754607 -0.134302
v 0.145963 0.645099 -0.123748
v 0.165928 0.824027 -0.063266
v 0.184760 0.401535 -0.059692
v 0.132582 0.641706 -0.132284
v -0.158029 0.706708 -0.087919
v -0.110790 0.887055 -0.109026
v -0.053003 0.367523 -0.140176
v -0.060811 0.368884 -0.147798
v -0.063148 0.447385 -0.149959
v -0.025238 0.373646 -0.145673
v 0.188019 0.825822 -0.033265
v 0.124951 0.555362 -0.139039
v 0.148709 0.691041 -0.108504
v 0.168564 0.678853 -0.065800
v 0.133357 0.870001 -0.093183
v 0.189500 0.618031 -0.041644
v -0.043923 0.591664 -0.154054
v 0.095750 0.705106 -0.136437
v -0.043210 0.407699 -0.154180
v 0.160728 0.353886 -0.064500
v -0.131059 0.395100 -0.138749
v 0.153082 0.534586 -0.094380
v -0.188699 0.782977 -0.029258
v -0.164026 0.467433 -0.025112
v -0.156734 0.477734 -0.037482
v -0.163562 0.481142 -0.025979
v -0.157079 0.516395 -0.042048
v -0.024957 0.453051 -0.159194
v -0.154365 0.842593 -0.066616
v 0.195274 0.743778 -0.038446
v 0.187881 0.515722 -0.053316
v 0.187682 0.531157 -0.050804
v -0.123392 0.447960 -0.151450
v 0.059173 0.595860 -0.151884
v -0.199799 0.472913 -0.036268
v -0.202621 0.482844 -0.048813
v -0.082040 0.704592 -0.124987
v -0.097962 0.710728 -0.125164
v 0.158856 0.750078 -0.070347
v -0.058518 0.471444 -0.158437
v -0.208159 0.402220 -0.049607
v -0.202477 0.408812 -0.035211
v 0.161518 0.426344 -0.064287
v 0.001588 0.475893 -0.144219
v 0.001257 0.464807 -0.148887
v -0.139784 0.422465 -0.119372
v -0.189625 0.605223 -0.033134
v -0.029928 0.381534 -0.144784
v 0.010116 0.492432 -0.141041
v -0.163290 0.780227 -0.033045
v 0.023782 0.510750 -0.156193
v 0.152336 0.875239 -0.062029
v 0.193113 0.784693 -0.036068
v -0.153000 0.483756 -0.098782
v -0.111544 0.428090 -0.169120
v 0.165414 0.748383 -0.053826
v -0.134447 0.494322 -0.131293
v -0.161927 0.873598 -0.052926
v -0.157241 0.890938 -0.054067
v 0.148327 0.683048 -0.085968
v 0.044746 0.430095 -0.163458
v 0.070410 0.554321 -0.151497
v 0.148639 0.705228 -0.101123
v 0.147681 0.710668 -0.111352
v -0.117422 0.460622 -0.162119
v -0.071235 0.837592 -0.130207
v -0.083921 0.820588 -0.121311
v -0.100488 0.818084 -0.119938
v -0.201173 0.543454 -0.047345
v -0.165615 0.555273 -0.027990
v -0.193455 0.536456 -0.033411
v -0.188364 0.553800 -0.029892
v 0.081132 0.379684 -0.158138
v 0.087281 0.362842 -0.158421
v 0.030323 0.421597 -0.165500
v -0.077850 0.739935 -0.128491
v 0.026616 0.853207 -0.119543
v -0.185031 0.342726 -0.019262
v -0.124886 0.822976 -0.108859
v 0.056877 0.455927 -0.160549
v 0.152401 0.475930 -0.133282
v 0.169549 0.365489 -0.024651
v 0.105676 0.450297 -0.149925
v -0.093856 0.743254 -0.121611
v 0.016221 0.641145 -0.132925
v -0.029820 0.418450 -0.156858
v -0.031930 0.409300 -0.156388
v -0.117846 0.404651 -0.165516
v -0.124533 0.394392 -0.152852
v 0.196490 0.707568 -0.040997
v -0.133236 0.588858 -0.124766
v -0.172565 0.759153 -0.024613
v -0.187190 0.763584 -0.033720
v 0.122628 0.754013 -0.124344
v 0.117980 0.741079 -0.126873
v 0.154378 0.448358 -0.032447
v 0.105353 0.421051 -0.151116
v -0.153180 0.690422 -0.088924
v -0.025565 0.857765 -0.121651
v -0.033616 0.853913 -0.123490
v -0.164808 0.789413 -0.031464
v 0.029115 0.703193 -0.128641
v 0.173459 0.559002 -0.030585
v 0.179512 0.574722 -0.034199
v 0.184656 0.563412 -0.039555
v 0.074733 0.847480 -0.130068
v 0.185664 0.841364 -0.033151
v -0.170696 0.586807 -0.025902
v -0.048532 0.791034 -0.139331
v 0.173704 0.412624 -0.037690
v 0.170788 0.414138 -0.026698
v -0.073021 0.877845 -0.125451
v -0.144767 0.381331 -0.109902
v 0.128427 0.880706 -0.106109
v -0.179082 0.666064 -0.028046
v 0.191583 0.571320 -0.050771
v 0.026073 0.392001 -0.155502
v 0.056999 0.733831 -0.146176
v 0.147014 0.630784 -0.098720
v 0.149598 0.617769 -0.111361
v 0.147416 0.613420 -0.101056
v -0.195447 0.478581 -0.031246
v 0.033047 0.901284 -0.124742
v -0.073647 0.633828 -0.144199
v -0.163712 0.513077 -0.027611
v -0.053637 0.592904 -0.153741
v 0.041789 0.382116 -0.164054
v 0.164093 0.584151 -0.031992
v 0.161079 0.596359 -0.034238
v 0.085645 0.509809 -0.150855
v 0.105454 0.653446 -0.137558
v 0.097646 0.648724 -0.139734
v -0.194280 0.510228 -0.032473
v 0.144739 0.562671 -0.133397
v -0.019736 0.420687 -0.158694
v -0.143142 0.434129 -0.113638
v 0.030835 0.657603 -0.144979
v -0.021413 0.403423 -0.153653
v -0.013048 0.391489 -0.156960
v -0.007322 0.405476 -0.155645
v 0.141182 0.595788 -0.131955
v 0.150624 0.599214 -0.089420
v -0.201739 0.349832 -0.029720
v -0.197200 0.356536 -0.025475
v -0.156484 0.568480 -0.040413
v -0.157850 0.558859 -0.055548
v 0.117731 0.444602 -0.147698
v 0.081585 0.814861 -0.136743
v 0.157403 0.487765 -0.094893
v -0.069145 0.449960 -0.139440
v -0.071994 0.465035 -0.139056
v -0.081809 0.462330 -0.138209
v -0.022127 0.510452 -0.151774
v -0.157056 0.417864 -0.031339
v 0.044626 0.729660 -0.149082
v -0.121523 0.543905 -0.150749
v -0.198665 0.575370 -0.045629
v -0.156932 0.678290 -0.048696
v 0.041976 0.824632 -0.138011
v 0.055964 0.814811 -0.141098
v 0.050230 0.830352 -0.139659
v -0.004633 0.415473 -0.152331
v 0.153678 0.626644 -0.083094
v 0.198215 0.556374 -0.059231
v 0.061854 0.604661 -0.150764
v 0.159052 0.408472 -0.052561
v -0.158394 0.832333 -0.072627
v -0.156623 0.380792 -0.078131
v 0.160904 0.440621 -0.025883
v 0.153684 0.431058 -0.035078
v -0.158826 0.817470 -0.054038
v 0.173231 0.885186 -0.025563
v -0.106021 0.519660 -0.163842
v 0.094353 0.695666 -0.137467
v 0.198171 0.666386 -0.045671
v 0.032527 0.841150 -0.120449
v -0.102942 0.809094 -0.127581
v -0.101430 0.800053 -0.121818
v 0.157313 0.889464 -0.045224
v -0.201291 0.440551 -0.035579
v 0.155449 0.391526 -0.043523
v -0.156463 0.554879 -0.041937
v -0.134920 0.541268 -0.128614
v -0.159515 0.467339 -0.051087
v -0.163190 0.699522 -0.079151
v 0.169465 0.347510 -0.025273
v 0.185343 0.731640 -0.034377
v -0.171829 0.569446 -0.025131
v -0.158469 0.773429 -0.068549
v -0.080821 0.399738 -0.140325
v 0.010633 0.579268 -0.138914
v -0.180630 0.518201 -0.023293
v -0.012323 0.442287 -0.154849
v -0.122510 0.684191 -0.137013
v -0.130869 0.660659 -0.119086
v 0.186606 0.580820 -0.042383
v 0.023004 0.523417 -0.152742
v -0.163634 0.657216 -0.063808
v 0.170079 0.845787 -0.033287
v -0.130467 0.537672 -0.136142
v 0.164650 0.426916 -0.085312
v 0.093754 0.799114 -0.130609
v -0.051989 0.440966 -0.151417
v 0.131814 0.868175 -0.105282
v -0.087170 0.428986 -0.141360
v -0.086861 0.412118 -0.146412
v 0.166997 0.688339 -0.057397
v -0.001771 0.483430 -0.147376
v -0.097549 0.451664 -0.154816
v -0.088056 0.443408 -0.143890
v 0.181767 0.781715 -0.033698
v -0.112094 0.378349 -0.173650
v -0.096774 0.379613 -0.168135
v 0.184978 0.664541 -0.035078
v 0.171337 0.570432 -0.030329
v -0.020548 0.771048 -0.133683
v 0.180821 0.483334 -0.045026
v -0.003502 0.656756 -0.142417
v 0.003131 0.647776 -0.141394
v -0.004278 0.638404 -0.143839
v 0.171762 0.427860 -0.028729
v -0.123662 0.670641 -0.137228
v -0.131500 0.512329 -0.135838
v 0.001168 0.823436 -0.131197
v 0.125190 0.727033 -0.126424
v -0.132488 0.560119 -0.130321
v -0.018289 0.844923 -0.128437
v 0.160184 0.374378 -0.119209
v 0.159834 0.373538 -0.132958
v -0.003400 0.458079 -0.154523
v 0.161529 0.361156 -0.130466
v 0.090799 0.596135 -0.144517
v 0.083601 0.609187 -0.145422
v 0.075875 0.593509 -0.148095
v -0.159279 0.450762 -0.028021
v -0.101372 0.748786 -0.130375
v 0.018768 0.534884 -0.139411
v -0.159768 0.668018 -0.059834
v -0.149629 0.519697 -0.106624
v -0.089259 0.365388 -0.146979
v -0.045667 0.479350 -0.156670
v -0.158237 0.650272 -0.059501
v -0.002395 0.899691 -0.119763
v -0.187358 0.388467 -0.021695
v -0.131707 0.676836 -0.115224
v -0.200614 0.513941 -0.048421
v -0.197426 0.520378 -0.036564
v -0.041499 0.389700 -0.150034
v 0.104102 0.707587 -0.133855
v -0.158433 0.651776 -0.035536
v -0.074347 0.648154 -0.143145
v 0.161221 0.355649 -0.080092
v -0.142359 0.359469 -0.125817
v -0.122579 0.620662 -0.145513
v -0.123945 0.840872 -0.105469
v -0.008945 0.695867 -0.139684
v -0.091430 0.533183 -0.148108
v -0.162922 0.856806 -0.035475
v -0.075368 0.620833 -0.143146
v -0.082779 0.757236 -0.123881
v -0.093924 0.759054 -0.119931
v 0.147296 0.722032 -0.110267
v 0.128383 0.469895 -0.144055
v -0.001986 0.712748 -0.137845
v -0.161281 0.739804 -0.067336
v -0.130284 0.491400 -0.138400
v 0.153928 0.452185 -0.050040
v 0.107044 0.778409 -0.124832
v 0.036690 0.886302 -0.120939
v 0.089214 0.454904 -0.153257
v 0.097877 0.457812 -0.151254
v 0.101144 0.466505 -0.150156
v 0.110518 0.468033 -0.148020
v 0.116192 0.460544 -0.147199
v -0.151462 0.557641 -0.102356
v 0.044457 0.546515 -0.157742
v -0.098652 0.394343 -0.159314
v 0.188425 0.430327 -0.059587
v -0.134345 0.483910 -0.131850
v -0.139713 0.480523 -0.122397
v -0.141145 0.495828 -0.120001
v -0.120421 0.816504 -0.122691
v 0.037085 0.711839 -0.143730
v -0.160510 0.746272 -0.053513
v -0.117782 0.507777 -0.158217
v -0.045841 0.688277 -0.144708
v -0.147123 0.444730 -0.107035
v 0.139407 0.455044 -0.142599
v 0.190065 0.339506 -0.067682
v 0.118999 0.695012 -0.130928
v 0.033632 0.367064 -0.168217
v 0.012691 0.433249 -0.148314
v 0.002071 0.446905 -0.152607
v 0.001378 0.432672 -0.146535
v 0.039483 0.657985 -0.152988
v 0.147083 0.620159 -0.124715
v 0.146802 0.629835 -0.124340
v 0.075686 0.899448 -0.120094
v 0.111066 0.635039 -0.137493
v 0.133929 0.438205 -0.144720
v 0.040478 0.875974 -0.126423
v 0.147488 0.618803 -0.093777
v 0.114181 0.476024 -0.146764
v 0.122792 0.477816 -0.144770
v 0.153442 0.699714 -0.078298
v 0.156401 0.402155 -0.026426
v -0.051357 0.809171 -0.136958
v -0.104450 0.902254 -0.112313
v 0.146012 0.877443 -0.072851
v 0.147368 0.673874 -0.096308
v 0.046376 0.463222 -0.163095
v -0.045234 0.777769 -0.136774
v 0.029166 0.538756 -0.159091
v -0.130951 0.831222 -0.102004
v 0.028032 0.569041 -0.156351
v 0.158612 0.587120 -0.057442
v 0.160827 0.596460 -0.058433
v 0.156723 0.602654 -0.053463
v -0.183689 0.449099 -0.020575
v 0.029885 0.630394 -0.142251
v 0.163372 0.599251 -0.079410
v -0.076119 0.711883 -0.133182
v -0.078175 0.723753 -0.128355
v -0.084028 0.660587 -0.127080
v -0.077020 0.658652 -0.131312
v -0.170723 0.642285 -0.026830
v -0.169483 0.651917 -0.027022
v 0.167567 0.816834 -0.036366
v 0.169407 0.827763 -0.034476
v 0.057215 0.433268 -0.160651
v 0.126277 0.393471 -0.148936
v 0.076867 0.661013 -0.144118
v -0.013953 0.410102 -0.159082
v -0.039096 0.597790 -0.149840
v 0.076641 0.576986 -0.148836
v -0.163905 0.638987 -0.064636
v -0.111480 0.562382 -0.158104
v -0.189256 0.793399 -0.026835
v -0.096298 0.488269 -0.152525
v -0.041854 0.858242 -0.126771
v -0.100671 0.886231 -0.113903
v 0.145200 0.757831 -0.104799
v 0.157722 0.414186 -0.116648
v 0.015108 0.365818 -0.142190
v 0.162821 0.770129 -0.039779
v 0.071555 0.643301 -0.146371
v 0.039752 0.769242 -0.142442
v 0.047795 0.780568 -0.144537
v 0.039842 0.778458 -0.133207
v 0.059744 0.683041 -0.147451
v -0.098711 0.869559 -0.113482
v -0.068358 0.617763 -0.152085
v 0.178470 0.813316 -0.031696
v -0.199924 0.364890 -0.027655
v 0.200333 0.345910 -0.075444
v -0.171693 0.482561 -0.023062
v 0.148545 0.606656 -0.124768
v 0.153781 0.434790 -0.134622
v 0.153452 0.450680 -0.135931
v 0.144578 0.443677 -0.142570
v 0.161929 0.363471 -0.021293
v -0.043393 0.422296 -0.156130
v -0.080107 0.695433 -0.127354
v -0.101729 0.664768 -0.133330
v 0.145995 0.485718 -0.139653
v 0.148258 0.493987 -0.137936
v -0.111144 0.863903 -0.121149
v -0.162962 0.789949 -0.047751
v -0.162389 0.778737 -0.042105
v 0.166548 0.872025 -0.032917
v 0.187535 0.351879 -0.065312
v 0.155007 0.434673 -0.051368
v -0.042204 0.375302 -0.146436
v -0.147926 0.814358 -0.082850
v -0.137065 0.825506 -0.088463
v -0.147209 0.829975 -0.083401
v -0.020810 0.689670 -0.139701
v 0.077644 0.768903 -0.140404
v 0.065744 0.763846 -0.139162
v 0.061892 0.773197 -0.139754
v 0.037237 0.744180 -0.132381
v -0.019222 0.427771 -0.153557
v 0.103033 0.688639 -0.135605
v 0.083318 0.857129 -0.132388
v 0.088468 0.842161 -0.132084
v 0.100356 0.639846 -0.139669
v 0.061847 0.803264 -0.138224
v 0.058499 0.786226 -0.141808
v 0.165652 0.832791 -0.040347
v 0.164497 0.544893 -0.031357
v 0.155086 0.534187 -0.038514
v -0.089439 0.686578 -0.123550
v 0.133041 0.855905 -0.104190
v -0.140211 0.850199 -0.082700
v 0.162359 0.540000 -0.085538
v 0.162552 0.555026 -0.083582
v 0.166664 0.549279 -0.072985
v 0.082215 0.463219 -0.154561
v -0.001909 0.751301 -0.135311
v -0.005096 0.767763 -0.135387
v 0.006103 0.765572 -0.132151
v 0.154900 0.517609 -0.094476
v -0.149478 0.510836 -0.106755
v -0.044829 0.725382 -0.141369
v 0.140554 0.820650 -0.099032
v 0.148892 0.823510 -0.088801
v -0.165951 0.468579 -0.073826
v -0.178244 0.781814 -0.026165
v 0.183537 0.438313 -0.052332
v -0.011879 0.537015 -0.150386
v 0.007649 0.455129 -0.142266
v -0.144957 0.372303 -0.112402
v -0.163724 0.656896 -0.082515
v -0.151184 0.893671 -0.064543
v -0.032382 0.490086 -0.159213
v 0.169158 0.750641 -0.060921
v -0.128478 0.691640 -0.122612
v -0.097537 0.589819 -0.137547
v -0.097755 0.443202 -0.166817
v 0.010484 0.723668 -0.133301
v -0.088565 0.870974 -0.121165
v 0.138512 0.482419 -0.141139
v 0.175416 0.677461 -0.030852
v 0.121863 0.711302 -0.128715
v 0.168288 0.660137 -0.066693
v -0.205314 0.435854 -0.048203
v -0.166428 0.818727 -0.031078
v 0.169344 0.776200 -0.032958
v -0.203450 0.462298 -0.050350
v 0.153794 0.443565 -0.109852
v -0.130145 0.802865 -0.102541
v -0.028025 0.774711 -0.130601
v -0.035239 0.763046 -0.133591
v -0.028314 0.756987 -0.132325
v -0.155907 0.525112 -0.097045
v 0.199080 0.689064 -0.043118
v -0.076124 0.764709 -0.137012
v 0.153895 0.534666 -0.048832
v -0.057383 0.775461 -0.139019
v 0.015018 0.587970 -0.135632
v 0.006256 0.600145 -0.141620
v -0.110821 0.472737 -0.166547
v 0.165062 0.456232 -0.025090
v -0.162889 0.766069 -0.044084
v -0.074777 0.902171 -0.117061
v 0.122303 0.837150 -0.116876
v 0.135824 0.829574 -0.111933
v 0.137315 0.844451 -0.103495
v 0.132449 0.841449 -0.112766
v -0.194771 0.648576 -0.038123
v -0.040704 0.450630 -0.155003
v 0.159868 0.620834 -0.079997
v 0.147303 0.658885 -0.098587
v -0.065682 0.482411 -0.154577
v 0.001796 0.808406 -0.132007
v 0.130954 0.494411 -0.141733
v 0.104445 0.717662 -0.132952
v 0.141317 0.847142 -0.093652
v -0.022804 0.576629 -0.148274
v -0.066766 0.495104 -0.149821
v -0.159901 0.359900 -0.059548
v 0.154823 0.600594 -0.045658
v 0.166960 0.588200 -0.071718
v 0.168517 0.776066 -0.054753
v 0.105533 0.433876 -0.150627
v 0.156011 0.447640 -0.124644
v -0.138080 0.746585 -0.092804
v -0.156905 0.660465 -0.039460
v 0.027645 0.503006 -0.153132
v 0.168484 0.711055 -0.030339
v 0.166217 0.598992 -0.063917
v -0.025156 0.825128 -0.127605
v 0.160906 0.679660 -0.038138
v -0.133149 0.715334 -0.104650
v 0.078850 0.709816 -0.141339
v -0.054564 0.859508 -0.128253
v -0.140710 0.513990 -0.120819
v -0.145463 0.523425 -0.113086
v -0.159469 0.685389 -0.060526
v -0.084551 0.535672 -0.133864
v -0.092916 0.546246 -0.137207
v -0.144409 0.490111 -0.114252
v -0.118545 0.390595 -0.164670
v -0.055658 0.629077 -0.152758
v -0.171740 0.357533 -0.014173
v -0.164433 0.545079 -0.063740
v -0.166448 0.536250 -0.069982
v -0.166733 0.550849 -0.077871
v 0.167310 0.719523 -0.069833
v -0.180552 0.560041 -0.025327
v -0.190440 0.463094 -0.026106
v 0.119573 0.361774 -0.152109
v 0.149790 0.740958 -0.081153
v 0.092636 0.482633 -0.151294
v -0.008183 0.757320 -0.136073
v 0.180133 0.823858 -0.033243
v 0.158045 0.399481 -0.124334
v 0.155729 0.397335 -0.136046
v 0.159819 0.544580 -0.059964
v -0.066471 0.540639 -0.151127
v 0.168556 0.406190 -0.024935
v 0.054928 0.362083 -0.163913
v 0.058116 0.885657 -0.129605
v -0.090359 0.455143 -0.144930
v -0.199170 0.560637 -0.045877
v -0.048123 0.497273 -0.160989
v -0.062760 0.501873 -0.158364
v 0.008498 0.737515 -0.133374
v 0.189615 0.482468 -0.058510
v -0.070758 0.541234 -0.140462
v 0.123107 0.888075 -0.106816
v 0.174742 0.476596 -0.031683
v 0.138485 0.812419 -0.111202
v -0.020599 0.854466 -0.126880
v 0.099850 0.845552 -0.120457
v -0.142600 0.705862 -0.092562
v 0.075040 0.373951 -0.159721
v 0.143340 0.875758 -0.088182
v 0.141869 0.875447 -0.079485
v 0.095031 0.623070 -0.141957
v -0.002760 0.578072 -0.148502
v 0.004793 0.570450 -0.144680
v -0.072472 0.504789 -0.138914
v 0.167895 0.739276 -0.032201
v -0.142690 0.465265 -0.117968
v 0.021181 0.836762 -0.121608
v -0.165127 0.845228 -0.047957
v -0.164143 0.843273 -0.037107
v -0.023945 0.467397 -0.153737
v -0.031176 0.456968 -0.155151
v 0.170885 0.442098 -0.030049
v -0.141111 0.577897 -0.112912
v 0.143857 0.748642 -0.114932
v 0.152731 0.497163 -0.119199
v 0.152202 0.514171 -0.122195
v -0.009780 0.901955 -0.122998
v -0.002004 0.889788 -0.120558
v 0.155357 0.619025 -0.048310
v 0.030109 0.613171 -0.140784
v -0.070981 0.678953 -0.145564
v 0.152368 0.522926 -0.127709
v -0.006935 0.794962 -0.134400
v -0.119763 0.777018 -0.128346
v -0.184488 0.486304 -0.023475
v 0.056889 0.651899 -0.149589
v -0.186128 0.398268 -0.021189
v 0.145408 0.770446 -0.093476
v 0.024062 0.376359 -0.158163
v -0.147761 0.600239 -0.101231
v -0.146720 0.590714 -0.103461
v 0.031709 0.513049 -0.162297
v -0.091445 0.386648 -0.147699
v -0.109005 0.503389 -0.165919
v -0.028320 0.588402 -0.146026
v -0.181275 0.717280 -0.027905
v 0.153299 0.473654 -0.116024
v -0.013914 0.818638 -0.130839
v -0.064793 0.842020 -0.123403
v 0.157869 0.497784 -0.058217
v -0.065950 0.902186 -0.120803
v -0.164119 0.530196 -0.085344
v 0.071285 0.452952 -0.157299
v -0.148051 0.884707 -0.076458
v -0.153380 0.878275 -0.068276
v 0.025731 0.561034 -0.140252
v 0.017809 0.567367 -0.135369
v 0.028146 0.574092 -0.144682
v 0.158809 0.695639 -0.045248
v -0.039185 0.564251 -0.152361
v -0.029315 0.571548 -0.147049
v -0.038621 0.580947 -0.150667
v 0.153571 0.408927 -0.140620
v 0.150176 0.420595 -0.142302
v 0.156142 0.422336 -0.132175
v -0.103979 0.843818 -0.125022
v 0.149076 0.702902 -0.084608
v -0.198460 0.504795 -0.037087
v -0.158854 0.642829 -0.090166
v -0.066453 0.513856 -0.149187
v 0.198553 0.455863 -0.066158
v 0.157814 0.425119 -0.121680
v -0.056889 0.488718 -0.158642
v 0.176457 0.518399 -0.032383
v 0.179000 0.513665 -0.039199
v 0.169682 0.505753 -0.029283
v 0.089532 0.493099 -0.151292
v -0.197587 0.626204 -0.042935
v 0.159654 0.479697 -0.028413
v -0.125239 0.608515 -0.142150
v -0.130565 0.602434 -0.128184
v -0.128332 0.613352 -0.130954
v 0.199081 0.505401 -0.062616
v 0.087172 0.892718 -0.125181
v -0.133148 0.683618 -0.110275
v 0.040798 0.738368 -0.146431
v -0.165256 0.439493 -0.065305
v -0.152242 0.652697 -0.093158
v -0.154788 0.660888 -0.092333
v -0.075709 0.698783 -0.138626
v -0.141746 0.763822 -0.088908
v -0.146163 0.776364 -0.085447
v 0.074148 0.460505 -0.156490
v 0.164615 0.625992 -0.058676
v 0.165170 0.613479 -0.061700
v 0.163260 0.367466 -0.070819
v 0.197689 0.531940 -0.061963
v -0.100982 0.826289 -0.123726
v 0.160549 0.610133 -0.034081
v -0.137822 0.595576 -0.115016
v -0.158133 0.588587 -0.093151
v 0.048506 0.558853 -0.156185
v -0.063862 0.643851 -0.150443
v -0.066322 0.658399 -0.149799
v 0.111931 0.490983 -0.146325
v -0.160196 0.451851 -0.049889
v -0.085009 0.808438 -0.127120
v -0.086688 0.796962 -0.120102
v -0.083452 0.791294 -0.129124
v 0.023825 0.456814 -0.155965
v 0.025138 0.556784 -0.151256
v -0.200860 0.456715 -0.038696
v -0.075525 0.670648 -0.134525
v -0.064721 0.631333 -0.152297
v 0.161785 0.434338 -0.064983
v 0.190660 0.367976 -0.065808
v -0.019390 0.443403 -0.158535
v 0.169977 0.356742 -0.033191
v -0.169620 0.498125 -0.024214
v -0.170932 0.506928 -0.024025
v -0.168078 0.439619 -0.021800
v 0.054851 0.668620 -0.149527
v 0.045142 0.677757 -0.151531
v -0.163889 0.743966 -0.030219
v -0.161531 0.726805 -0.032578
v 0.156813 0.500178 -0.094289
v 0.108498 0.617141 -0.139230
v 0.198497 0.597528 -0.054481
v -0.056790 0.383705 -0.140429
v 0.156712 0.468487 -0.054920
v 0.163880 0.478239 -0.065152
v -0.099795 0.386497 -0.170877
v 0.059317 0.379611 -0.161607
v -0.020100 0.596338 -0.146708
v 0.038814 0.751678 -0.142913
v 0.036797 0.735618 -0.137001
v 0.092150 0.770296 -0.133162
v -0.102070 0.684465 -0.133142
v -0.166913 0.539011 -0.077667
v -0.029705 0.817894 -0.127723
v 0.006423 0.687087 -0.137212
v -0.134522 0.862894 -0.086020
v -0.117796 0.765143 -0.131809
v -0.125416 0.768578 -0.117965
v 0.176280 0.342422 -0.050211
v -0.062948 0.752801 -0.139704
v -0.053381 0.741579 -0.143717
v -0.209363 0.383668 -0.050279
v 0.151821 0.530748 -0.120901
v -0.165440 0.596527 -0.073707
v -0.050345 0.377552 -0.144501
v 0.151190 0.506631 -0.104824
v 0.038542 0.488400 -0.161057
v 0.052867 0.796973 -0.143116
v 0.190400 0.415259 -0.063467
v 0.192108 0.399605 -0.065229
v 0.198995 0.411603 -0.070273
v -0.142758 0.802490 -0.085706
v 0.113993 0.682582 -0.133270
v 0.128889 0.689049 -0.128886
v 0.101559 0.739552 -0.131902
v 0.098722 0.723469 -0.134213
v 0.098040 0.886727 -0.113743
v 0.089065 0.884671 -0.125452
v -0.002419 0.739720 -0.136109
v -0.008698 0.547401 -0.150896
v 0.158105 0.684608 -0.047431
v 0.166426 0.635692 -0.061853
v 0.019990 0.662507 -0.130813
v 0.014367 0.653940 -0.133637
v 0.076147 0.798558 -0.138085
v -0.165278 0.618933 -0.068023
v 0.003271 0.412876 -0.145199
v 0.006966 0.877387 -0.125754
v 0.066583 0.791650 -0.136251
v -0.151450 0.495952 -0.102815
v 0.052909 0.853653 -0.136928
v 0.189536 0.500451 -0.057349
v 0.023823 0.891072 -0.116701
v 0.146740 0.834022 -0.091709
v -0.123498 0.519495 -0.148956
v 0.090792 0.663743 -0.140448
v -0.158506 0.854132 -0.056457
v -0.028502 0.623598 -0.143866
v -0.012972 0.627195 -0.144904
v 0.048450 0.513207 -0.158502
v 0.157253 0.663271 -0.047575
v -0.019643 0.493524 -0.154042
v -0.204560 0.337031 -0.036307
v 0.163975 0.580872 -0.079780
v -0.043635 0.623091 -0.148355
v -0.167682 0.376097 -0.017187
v -0.181985 0.379331 -0.017930
v -0.177982 0.367321 -0.015636
v 0.154509 0.509731 -0.036921
v 0.019784 0.897920 -0.117783
v -0.160262 0.589518 -0.032933
v 0.124782 0.377077 -0.150607
v -0.126588 0.469777 -0.147152
v -0.166774 0.683076 -0.027702
v 0.053054 0.644005 -0.150860
v -0.185107 0.745812 -0.034810
v 0.110934 0.865258 -0.110818
v 0.079368 0.699330 -0.141592
v -0.155131 0.823734 -0.064031
v -0.159141 0.668738 -0.033336
v -0.165576 0.665870 -0.028555
v 0.197295 0.722311 -0.039460
v 0.025595 0.375296 -0.147030
v 0.142262 0.808271 -0.096390
v -0.115857 0.742900 -0.135516
v -0.113776 0.751562 -0.135657
v 0.072706 0.782111 -0.138292
v -0.159919 0.888049 -0.037837
v -0.150958 0.457438 -0.102671
v -0.100633 0.630083 -0.144983
v 0.165346 0.391356 -0.022392
v -0.045993 0.541713 -0.159570
v 0.118456 0.586444 -0.138762
v 0.155203 0.488572 -0.035145
v 0.161721 0.758079 -0.069125
v -0.009120 0.469884 -0.156006
v 0.139773 0.832447 -0.101681
v -0.036091 0.677895 -0.142437
v 0.166387 0.504191 -0.069107
v 0.163483 0.694012 -0.035264
v 0.162417 0.669064 -0.034623
v -0.187719 0.597127 -0.031309
v -0.060511 0.576755 -0.157514
v -0.052575 0.578228 -0.157115
v -0.064344 0.569317 -0.156674
v 0.144654 0.653925 -0.124396
v 0.093103 0.611052 -0.143124
v 0.044099 0.372955 -0.164831
v 0.164009 0.788257 -0.039800
v 0.151390 0.542303 -0.097118
v -0.133361 0.577679 -0.126327
v -0.035854 0.660606 -0.142337
v 0.178414 0.546239 -0.033451
v 0.183486 0.542212 -0.039291
v -0.160053 0.462883 -0.084396
v -0.163243 0.478074 -0.079209
v -0.052290 0.455735 -0.157734
v 0.122204 0.780227 -0.121715
v -0.183814 0.728674 -0.032978
v -0.021527 0.652865 -0.142138
v -0.110342 0.812923 -0.129238
v -0.111961 0.804343 -0.130075
v -0.022827 0.729272 -0.135364
v -0.016979 0.721325 -0.137757
v -0.011451 0.737494 -0.137178
v -0.171431 0.409505 -0.017491
v -0.068122 0.596945 -0.153013
v -0.163649 0.430649 -0.066652
v -0.082312 0.676691 -0.126719
v -0.064622 0.824861 -0.125331
v -0.075763 0.820449 -0.132259
v -0.061682 0.815338 -0.127773
v -0.042116 0.646258 -0.147485
v 0.161378 0.699987 -0.052353
v 0.022941 0.532029 -0.149910
v -0.028118 0.890072 -0.117815
v -0.033495 0.902099 -0.118600
v 0.199789 0.444332 -0.067600
v -0.160269 0.687440 -0.087199
v -0.190430 0.731518 -0.036948
v -0.194224 0.588964 -0.038287
v 0.113984 0.372920 -0.153853
v -0.148532 0.722502 -0.088696
v 0.187966 0.448559 -0.059907
v -0.046581 0.761630 -0.140120
v 0.174168 0.397424 -0.034261
v 0.174391 0.402292 -0.040928
v 0.074916 0.523887 -0.152210
v -0.058212 0.400479 -0.141137
v -0.163099 0.414342 -0.049902
v 0.077132 0.727848 -0.141237
v 0.021282 0.679676 -0.129727
v 0.086030 0.759758 -0.136719
v 0.080020 0.744414 -0.139647
v -0.117229 0.364500 -0.170773
v -0.100546 0.404584 -0.171206
v -0.134797 0.760571 -0.095498
v -0.145131 0.407681 -0.107122
v -0.143016 0.397647 -0.111758
v -0.138706 0.402301 -0.121152
v -0.075831 0.477754 -0.138174
v -0.003377 0.364854 -0.149544
v -0.070131 0.687435 -0.146083
v -0.146311 0.390408 -0.104796
v 0.037554 0.792042 -0.127539
v -0.159122 0.351151 -0.049218
v 0.002220 0.375485 -0.142126
v -0.189316 0.622795 -0.033189
v 0.157733 0.495089 -0.031347
v -0.111362 0.835436 -0.126974
v 0.015690 0.436674 -0.141960
v 0.021270 0.447196 -0.147657
v -0.190962 0.371795 -0.023176
v -0.186891 0.359808 -0.019106
v -0.088445 0.667510 -0.125264
v 0.094306 0.733264 -0.134976
v 0.045368 0.642503 -0.152753
v 0.040695 0.452460 -0.164214
v 0.034345 0.689299 -0.136543
v -0.055423 0.788912 -0.135426
v -0.132244 0.845684 -0.094805
v -0.134200 0.837077 -0.089961
v -0.193874 0.456117 -0.028537
v 0.166752 0.618697 -0.073180
v 0.162707 0.522505 -0.031068
v 0.185076 0.682677 -0.034507
v -0.122046 0.593116 -0.148298
v -0.195138 0.340130 -0.026063
v 0.062943 0.466368 -0.159055
v -0.166344 0.471292 -0.066435
v 0.051003 0.527240 -0.157321
v 0.040971 0.537290 -0.159184
v -0.124165 0.660021 -0.138280
v -0.064829 0.460009 -0.150252
v -0.068704 0.381405 -0.143918
v -0.166633 0.575399 -0.027717
v 0.165180 0.644251 -0.074979
v -0.095431 0.465761 -0.147032
v -0.097661 0.462437 -0.158992
v -0.095299 0.470204 -0.161152
v 0.138638 0.858023 -0.094296
v -0.022327 0.633897 -0.143691
v 0.154576 0.426534 -0.106294
v 0.024453 0.545517 -0.146294
v 0.086243 0.568704 -0.147108
v -0.177902 0.510035 -0.022445
v -0.077574 0.894863 -0.117174
v -0.001499 0.380388 -0.149873
v 0.111167 0.761370 -0.126185
v -0.053095 0.529754 -0.162231
v 0.183216 0.629400 -0.034662
v 0.070399 0.722008 -0.143783
v -0.153457 0.472313 -0.097194
v -0.037827 0.887568 -0.123254
v 0.174858 0.377054 -0.039614
v 0.170260 0.373386 -0.025524
v 0.042576 0.902640 -0.122773
v 0.146286 0.729758 -0.097652
v 0.012683 0.561971 -0.138595
v 0.142641 0.772810 -0.100649
v 0.019249 0.526420 -0.140278
v -0.036693 0.630891 -0.147009
v -0.031699 0.641053 -0.142980
v -0.035330 0.614273 -0.148514
v -0.043268 0.604972 -0.150254
v -0.090565 0.600798 -0.130421
v -0.163112 0.606795 -0.084883
v -0.181576 0.689049 -0.028442
v 0.143009 0.499589 -0.138455
v -0.063475 0.788332 -0.131400
v -0.062962 0.801811 -0.129604
v 0.181266 0.374223 -0.055418
v -0.045493 0.466866 -0.157710
v 0.175760 0.530158 -0.031465
v 0.159941 0.376672 -0.063873
v 0.113656 0.451324 -0.148214
v 0.171144 0.459367 -0.028858
v -0.200533 0.551565 -0.047184
v 0.065328 0.819729 -0.134830
v 0.159528 0.385934 -0.051673
v 0.154720 0.891622 -0.055575
v -0.166399 0.566064 -0.068377
v 0.031732 0.496711 -0.162594
v -0.087173 0.715149 -0.122072
v 0.046176 0.421008 -0.163044
v 0.065278 0.746888 -0.141214
v 0.085882 0.470792 -0.153476
v -0.022384 0.661226 -0.141278
v -0.154580 0.855359 -0.076659
v -0.147572 0.856630 -0.080443
v -0.163728 0.586711 -0.063578
v -0.096544 0.480784 -0.149429
v 0.156439 0.645865 -0.042470
v 0.160131 0.639874 -0.051982
v -0.135935 0.524225 -0.128236
v 0.182353 0.772607 -0.033464
v 0.158196 0.872767 -0.056849
v -0.197460 0.615643 -0.044407
v -0.098255 0.497427 -0.162449
v -0.094009 0.503277 -0.157704
v -0.141022 0.627241 -0.104132
v -0.005934 0.521069 -0.151018
v -0.006641 0.508972 -0.151221
v 0.083821 0.648562 -0.143093
v -0.166374 0.602876 -0.027512
v -0.094362 0.572910 -0.135291
v -0.087275 0.575840 -0.132544
v -0.018963 0.901725 -0.120318
v -0.058806 0.720370 -0.145914
v -0.093604 0.400514 -0.149217
v 0.153381 0.370850 -0.031977
v 0.154556 0.385859 -0.027195
v 0.156491 0.374572 -0.023940
v 0.036735 0.761599 -0.129452
v 0.069926 0.807609 -0.133969
v 0.046580 0.585482 -0.155530
v -0.148488 0.535463 -0.108007
v -0.161964 0.751268 -0.033481
v -0.073791 0.409923 -0.141313
v 0.162525 0.816975 -0.064720
v -0.080772 0.603655 -0.131924
v -0.076136 0.634506 -0.133479
v 0.167366 0.655184 -0.030708
v -0.092854 0.559920 -0.143483
v -0.131040 0.736381 -0.106954
v -0.073174 0.664312 -0.145224
v 0.150943 0.554580 -0.095141
v 0.071491 0.738512 -0.142898
v -0.162138 0.672175 -0.083791
v -0.179937 0.462298 -0.020604
v -0.166330 0.888582 -0.027351
v -0.117027 0.638151 -0.146872
v -0.149062 0.748980 -0.086792
v -0.025656 0.523504 -0.151574
v 0.171395 0.801166 -0.031609
v -0.055596 0.604249 -0.152847
v 0.041241 0.563259 -0.157787
v 0.124982 0.631910 -0.134572
v -0.073891 0.518924 -0.141743
v -0.085134 0.516614 -0.136255
v 0.096747 0.534342 -0.146776
v 0.104831 0.528999 -0.145344
v -0.145471 0.572693 -0.107953
v -0.028945 0.605359 -0.145215
v -0.138821 0.693053 -0.098536
v 0.145289 0.404250 -0.144226
v 0.056285 0.825546 -0.139428
v 0.034533 0.736906 -0.129390
v 0.023206 0.745203 -0.126575
v 0.028608 0.751659 -0.125846
v 0.166699 0.528363 -0.078765
v 0.166961 0.525641 -0.070872
v 0.164876 0.523117 -0.084660
v -0.064064 0.877916 -0.119110
v -0.059566 0.868215 -0.119875
v -0.090681 0.875610 -0.113352
v -0.150318 0.441571 -0.100452
v -0.097354 0.412473 -0.159980
v 0.008413 0.834568 -0.128807
v -0.005969 0.836121 -0.131486
v 0.163397 0.530559 -0.031027
v -0.159755 0.486367 -0.053981
v -0.028714 0.387562 -0.152573
v 0.030114 0.661411 -0.138139
v 0.186565 0.556507 -0.043635
v -0.024149 0.366131 -0.144964
v 0.110525 0.388043 -0.152062
v 0.140656 0.795877 -0.110644
v -0.132394 0.361609 -0.145576
v -0.110993 0.539042 -0.161850
v -0.158133 0.879177 -0.048116
v 0.036357 0.827344 -0.123767
v 0.168100 0.787975 -0.065154
v 0.158728 0.463643 -0.028013
v 0.152488 0.383783 -0.143360
v -0.103046 0.877771 -0.118243
v -0.103526 0.861245 -0.122344
v -0.152258 0.549665 -0.101787
v -0.062317 0.554090 -0.158373
v -0.050424 0.562931 -0.158321
v 0.155577 0.361501 -0.143786
v 0.191674 0.456761 -0.062803
v -0.145598 0.358404 -0.117490
v -0.118468 0.756650 -0.131851
v -0.178447 0.828204 -0.029104
v -0.106305 0.648292 -0.145806
v -0.103376 0.659974 -0.143470
v 0.168645 0.721001 -0.059271
v -0.057288 0.616472 -0.153526
v -0.206558 0.420120 -0.049827
v -0.159394 0.541208 -0.033158
v -0.169008 0.536306 -0.025673
v -0.158303 0.530646 -0.034640
v 0.139324 0.695797 -0.125021
v 0.019951 0.415459 -0.155252
v -0.190046 0.712844 -0.037108
v -0.144663 0.895526 -0.069399
v -0.116360 0.652256 -0.145921
v -0.188990 0.664874 -0.033145
v 0.166058 0.452395 -0.071192
v -0.193264 0.557230 -0.034586
v -0.195711 0.545822 -0.036968
v 0.156492 0.691738 -0.076885
v -0.161856 0.513580 -0.087702
v 0.095305 0.883538 -0.120480
v 0.143431 0.784350 -0.107813
v -0.129512 0.870496 -0.098689
v -0.102203 0.458669 -0.168827
v 0.024522 0.511595 -0.143842
v 0.057597 0.490497 -0.158149
v -0.178704 0.443069 -0.019674
v -0.179544 0.681137 -0.028003
v 0.168567 0.766441 -0.066453
v -0.098135 0.901837 -0.109610
v 0.107870 0.747860 -0.128881
v 0.181402 0.422560 -0.052460
v -0.066764 0.702056 -0.145751
v -0.075719 0.714017 -0.140380
v 0.017069 0.595777 -0.134395
v -0.065481 0.890311 -0.116791
v -0.158310 0.543515 -0.053234
v -0.156167 0.531499 -0.044482
v -0.157658 0.529025 -0.052809
v 0.129740 0.501950 -0.141499
v -0.117087 0.585900 -0.155114
v -0.123821 0.581156 -0.146272
v -0.121981 0.571444 -0.149540
v 0.025917 0.410925 -0.148816
v 0.151573 0.839474 -0.067534
v 0.151350 0.786425 -0.080003
v -0.157295 0.364320 -0.029313
v 0.154428 0.349717 -0.025840
v -0.051527 0.407199 -0.149922
v -0.157855 0.692026 -0.046542
v -0.157586 0.691874 -0.038662
v 0.154347 0.556540 -0.052041
v 0.161656 0.554264 -0.061422
v 0.003764 0.587255 -0.144687
v -0.040012 0.865990 -0.125188
v 0.028125 0.363746 -0.150354
v -0.035547 0.383229 -0.149852
v 0.180975 0.341971 -0.056475
v -0.112133 0.900384 -0.106081
v -0.159680 0.776976 -0.056423
v 0.005266 0.752767 -0.133183
v 0.073055 0.515903 -0.153110
v 0.180280 0.558475 -0.035913
v 0.176997 0.502350 -0.036070
v 0.061238 0.395543 -0.159750
v 0.135256 0.533616 -0.138462
v -0.127549 0.476831 -0.144356
v 0.136639 0.365862 -0.148671
v -0.132125 0.874014 -0.088629
v 0.153931 0.459056 -0.035438
v 0.045285 0.760031 -0.146128
v 0.058044 0.755499 -0.144652
v -0.099510 0.365432 -0.163610
v -0.159817 0.409452 -0.073821
v 0.018041 0.871702 -0.121974
v -0.133686 0.505561 -0.132336
v 0.066190 0.360750 -0.162022
v 0.189792 0.544122 -0.051864
v 0.189713 0.556156 -0.050582
v -0.081382 0.419057 -0.139325
v -0.146423 0.420601 -0.105611
v 0.163518 0.356368 -0.087340
v -0.093813 0.439765 -0.147465
v 0.034848 0.709412 -0.134340
v -0.010027 0.434649 -0.154934
v -0.007725 0.499261 -0.151594
v 0.086591 0.559832 -0.147528
v -0.026182 0.865490 -0.120559
v -0.131496 0.637723 -0.120736
v 0.037834 0.589606 -0.156901
v 0.032917 0.577142 -0.158303
v -0.202909 0.424403 -0.037316
v -0.178380 0.586175 -0.026570
v 0.108634 0.512081 -0.145662
v 0.115748 0.518635 -0.143649
v 0.120926 0.504655 -0.143387
v 0.149381 0.597616 -0.109341
v 0.149963 0.609879 -0.112999
v 0.147272 0.605412 -0.099222
v -0.161923 0.373391 -0.045982
v -0.025167 0.711532 -0.135927
v 0.156803 0.571680 -0.038869
v -0.004349 0.560267 -0.149679
v 0.200701 0.424128 -0.070308
v -0.073141 0.656178 -0.145770
v 0.147207 0.533747 -0.135090
v -0.114012 0.720083 -0.138910
v 0.078991 0.361813 -0.159880
v -0.157340 0.451034 -0.088252
v -0.161688 0.440566 -0.078438
v -0.164197 0.546434 -0.084699
v -0.134369 0.411287 -0.130352
v -0.118609 0.725795 -0.135836
v 0.083553 0.537210 -0.149516
v 0.073427 0.539872 -0.151613
v 0.129923 0.524738 -0.140143
v 0.119601 0.530159 -0.142004
v 0.155378 0.562414 -0.088623
v 0.149038 0.565239 -0.101531
v 0.091994 0.431204 -0.153438
v 0.158824 0.386915 -0.134009
v -0.034536 0.366630 -0.148519
v 0.116023 0.641568 -0.135916
v -0.121038 0.797761 -0.123612
v -0.184595 0.701103 -0.030004
v -0.163688 0.756545 -0.049626
v 0.006973 0.664598 -0.138564
v -0.036332 0.403619 -0.154294
v 0.166761 0.541766 -0.068975
v 0.164538 0.409620 -0.081470
v 0.163724 0.808567 -0.048200
v -0.157061 0.826113 -0.077386
v 0.151352 0.791180 -0.072014
v 0.160186 0.795033 -0.067344
v -0.133438 0.707051 -0.105197
v -0.186157 0.414215 -0.020141
v -0.162719 0.717057 -0.075176
v 0.044805 0.712011 -0.150733
v 0.021069 0.383151 -0.146528
v 0.026183 0.396527 -0.149395
v 0.130759 0.399745 -0.147509
v -0.085395 0.588573 -0.131302
v -0.100299 0.514416 -0.162336
v 0.025400 0.411849 -0.163538
v -0.087278 0.887334 -0.119592
v -0.075766 0.884951 -0.123947
v -0.080999 0.879827 -0.119391
v 0.024932 0.496070 -0.145465
v 0.160675 0.376937 -0.103812
v -0.102531 0.762588 -0.125677
v -0.159246 0.714231 -0.054985
v 0.051512 0.745567 -0.147056
v -0.083306 0.782997 -0.127855
v -0.081657 0.770192 -0.126066
v -0.089938 0.772131 -0.120094
v 0.188138 0.600865 -0.043085
v -0.075547 0.779359 -0.134209
v -0.068982 0.765579 -0.135491
v -0.065628 0.777021 -0.133457
v 0.163030 0.650015 -0.054698
v 0.027364 0.470836 -0.157257
v 0.149962 0.435369 -0.140893
v 0.026093 0.482945 -0.147441
v 0.018488 0.478621 -0.142809
v 0.013163 0.485226 -0.141160
v -0.161184 0.765899 -0.078506
v 0.179242 0.468014 -0.040122
v -0.041663 0.799855 -0.133525
v -0.044839 0.415408 -0.152786
v -0.068660 0.567405 -0.150867
v -0.105050 0.366636 -0.173750
v -0.162654 0.363683 -0.016123
v -0.159476 0.737159 -0.042086
v 0.114724 0.594917 -0.139143
v -0.089021 0.856284 -0.119963
v 0.172308 0.542519 -0.030330
v -0.132280 0.422937 -0.134759
v -0.044902 0.516224 -0.162522
v -0.128851 0.462355 -0.144855
v -0.132683 0.460623 -0.137948
v -0.165668 0.463253 -0.062727
v -0.164930 0.477214 -0.061543
v 0.166110 0.536169 -0.080256
v 0.199739 0.435519 -0.067542
v 0.159222 0.386351 -0.123716
v -0.139907 0.898085 -0.076940
v 0.103230 0.363010 -0.155517
v 0.156751 0.610027 -0.081360
v -0.140622 0.368436 -0.126129
v 0.161216 0.740840 -0.042643
v -0.092420 0.509656 -0.139834
v -0.086526 0.501298 -0.137244
v 0.175627 0.387187 -0.045217
v -0.214245 0.342714 -0.052224
v 0.153859 0.739501 -0.075190
v -0.190066 0.772617 -0.030122
v -0.079334 0.365043 -0.146019
v -0.106387 0.487115 -0.166808
v 0.064571 0.435877 -0.159042
v 0.063758 0.451243 -0.159019
v 0.052298 0.762300 -0.145353
v 0.167934 0.784259 -0.034528
v -0.080239 0.563954 -0.134416
v 0.150260 0.764847 -0.080119
v 0.032725 0.465092 -0.163855
v -0.205152 0.394189 -0.039141
v 0.004722 0.419360 -0.148974
v 0.185321 0.808369 -0.035710
v 0.065311 0.591470 -0.150665
v 0.105325 0.899710 -0.111225
v -0.158424 0.519215 -0.093254
v -0.178095 0.534215 -0.023992
v -0.188021 0.530059 -0.027415
v 0.035373 0.697258 -0.144287
v 0.159453 0.448110 -0.027016
v -0.065020 0.582703 -0.155470
v 0.158817 0.873521 -0.045121
v -0.158341 0.574087 -0.093200
v -0.131968 0.406140 -0.135588
v 0.028771 0.647139 -0.132241
v 0.146771 0.710985 -0.095957
v -0.154175 0.868468 -0.070663
v 0.015501 0.863380 -0.123385
v 0.156051 0.570086 -0.054732
v -0.150463 0.584465 -0.101104
v 0.191013 0.358373 -0.066506
v 0.155700 0.715326 -0.077483
v -0.072747 0.595711 -0.139239
v 0.048042 0.719404 -0.149679
v 0.163481 0.356041 -0.021138
v 0.155111 0.360068 -0.029139
v 0.162843 0.860186 -0.041622
v -0.035494 0.513645 -0.155932
v -0.037574 0.526246 -0.154422
v -0.095158 0.681445 -0.126009
v -0.109609 0.401765 -0.171618
v -0.192211 0.697378 -0.038253
v -0.158327 0.502260 -0.032710
v 0.178943 0.730072 -0.030935
v 0.160334 0.568554 -0.032953
v -0.035513 0.444793 -0.161338
v 0.119617 0.491118 -0.144558
v -0.201232 0.489832 -0.041557
v -0.094667 0.521381 -0.144880
v 0.165729 0.429428 -0.077498
v 0.163446 0.418774 -0.066771
v -0.171261 0.871455 -0.030121
v 0.167929 0.494095 -0.028701
v 0.159990 0.410997 -0.061753
v 0.159827 0.396438 -0.062065
v 0.160151 0.371119 -0.055778
v 0.158597 0.375573 -0.046254
v 0.156296 0.366356 -0.042073
v -0.160363 0.487601 -0.028560
v 0.154458 0.521584 -0.038394
v 0.141045 0.520764 -0.137739
v -0.119191 0.536661 -0.155020
v 0.096122 0.841099 -0.125449
v 0.076867 0.888487 -0.121586
v 0.067354 0.886310 -0.121978
v 0.174221 0.832029 -0.030167
v -0.129668 0.698223 -0.117715
v 0.160413 0.361510 -0.065316
v 0.164647 0.704937 -0.033670
v -0.153275 0.355381 -0.092154
v -0.154740 0.369189 -0.088718
v -0.150721 0.365531 -0.098733
v 0.148911 0.655382 -0.088003
v 0.160816 0.670671 -0.076461
v 0.149415 0.666403 -0.084817
v 0.158720 0.663038 -0.078682
v -0.005610 0.423082 -0.152738
v 0.140536 0.780313 -0.113570
v 0.134683 0.786999 -0.119080
v 0.163006 0.861602 -0.052325
v 0.054088 0.508342 -0.157470
v 0.162153 0.851241 -0.058612
v -0.160806 0.378254 -0.054184
v 0.068492 0.527634 -0.153386
v -0.093595 0.517782 -0.155170
v 0.177018 0.354136 -0.049239
v 0.182260 0.352724 -0.059825
v 0.170168 0.398927 -0.026402
v 0.008690 0.511482 -0.141898
v -0.090798 0.417635 -0.149907
v 0.040668 0.649983 -0.153440
v 0.051992 0.658236 -0.150745
v -0.165791 0.455092 -0.064088
v 0.148325 0.723426 -0.102959
v -0.119000 0.668931 -0.142900
v 0.034297 0.552004 -0.159060
v -0.177349 0.810968 -0.027834
v 0.172960 0.692902 -0.030790
v 0.150694 0.547948 -0.128937
v -0.136098 0.370782 -0.135938
v -0.129858 0.372149 -0.149251
v 0.062070 0.714432 -0.144789
v -0.075608 0.608982 -0.141140
v 0.036872 0.628024 -0.154492
v -0.093662 0.433200 -0.162076
v -0.097111 0.442881 -0.153421
v -0.094139 0.447826 -0.162217
v -0.210693 0.368876 -0.049504
v 0.152060 0.494130 -0.107735
v -0.090784 0.802819 -0.118260
v 0.147223 0.647742 -0.100783
v -0.030017 0.737945 -0.134457
v -0.152893 0.790469 -0.083120
v 0.158513 0.393744 -0.104206
v 0.158727 0.400251 -0.116898
v -0.052029 0.825237 -0.134982
v -0.041559 0.818759 -0.131774
v -0.055745 0.815612 -0.134487
v 0.166639 0.474493 -0.076563
v 0.088762 0.522929 -0.149270
v -0.064902 0.366770 -0.141903
v 0.088478 0.447072 -0.153675
v 0.153381 0.480857 -0.118683
v 0.088214 0.872078 -0.128147
v 0.041581 0.818080 -0.134240
v 0.040278 0.847809 -0.125955
v 0.044306 0.841832 -0.137274
v -0.142962 0.560970 -0.113560
v 0.073349 0.561711 -0.150425
v 0.108967 0.554599 -0.142757
v -0.202482 0.400554 -0.034105
v -0.156382 0.807858 -0.080991
v -0.157497 0.812841 -0.068169
v 0.202127 0.365505 -0.072709
v 0.192905 0.490269 -0.060585
v 0.182551 0.392096 -0.056684
v -0.120772 0.882988 -0.106211
v -0.134629 0.777862 -0.094296
v -0.031232 0.672691 -0.140104
v 0.019866 0.392849 -0.143077
v -0.157064 0.440148 -0.030557
v 0.157417 0.479528 -0.096169
v -0.165168 0.646715 -0.074551
v -0.165438 0.631345 -0.070702
v 0.164244 0.472948 -0.085457
v 0.164378 0.461728 -0.083536
v 0.166705 0.464081 -0.073964
v -0.140465 0.387570 -0.119139
v 0.158112 0.410499 -0.127359
v 0.166749 0.512406 -0.075506
v 0.089425 0.584115 -0.145515
v -0.047702 0.651472 -0.148718
v 0.149609 0.801099 -0.075626
v -0.130386 0.437541 -0.138468
v -0.134382 0.447082 -0.131426
v -0.160633 0.756280 -0.069729
v -0.156405 0.759107 -0.061546
v 0.071948 0.822878 -0.131574
v 0.017026 0.611880 -0.133608
v -0.045290 0.428347 -0.151885
v -0.197231 0.603097 -0.044891
v 0.109162 0.732067 -0.130238
v -0.136461 0.645411 -0.108098
v -0.141793 0.656580 -0.098638
v -0.136269 0.658637 -0.107256
v 0.167161 0.648936 -0.062131
v 0.076823 0.483597 -0.154920
v 0.102423 0.583132 -0.142606
v 0.105656 0.575801 -0.142282
v -0.106256 0.891735 -0.115751
v -0.096005 0.889229 -0.108864
v -0.159077 0.474774 -0.086862
v -0.178610 0.739081 -0.027212
v -0.174912 0.751143 -0.024917
v -0.197450 0.531174 -0.037568
v 0.005273 0.852686 -0.128285
v -0.157388 0.630979 -0.091373
v 0.022647 0.808134 -0.123567
v 0.155802 0.348617 -0.037508
v 0.000510 0.874377 -0.123672
v 0.068538 0.689959 -0.144999
v -0.072217 0.427639 -0.140940
v 0.085167 0.420429 -0.155079
v 0.199887 0.490194 -0.062590
v 0.126066 0.734859 -0.125471
v -0.213544 0.333052 -0.052660
v 0.203352 0.335063 -0.075809
v -0.014946 0.869780 -0.126240
v -0.005482 0.862868 -0.126459
v 0.030111 0.620889 -0.142959
v -0.119022 0.431857 -0.160986
v -0.156004 0.439127 -0.089077
v 0.099791 0.568461 -0.144037
v 0.151113 0.824785 -0.071169
v 0.146527 0.827667 -0.076781
v -0.145472 0.677080 -0.093822
v -0.144119 0.666740 -0.095680
v -0.138424 0.680038 -0.100959
v -0.167012 0.775357 -0.028367
v 0.102293 0.804891 -0.123294
v 0.036207 0.360378 -0.166733
v -0.160163 0.705001 -0.066595
v -0.158732 0.703965 -0.054879
v -0.147396 0.452423 -0.107918
v -0.120191 0.550912 -0.153199
v 0.065303 0.502499 -0.155638
v 0.014728 0.672521 -0.133158
v 0.155169 0.463212 -0.126832
v 0.158739 0.421237 -0.053034
v 0.159590 0.469332 -0.094430
v 0.097463 0.557759 -0.145182
v 0.095236 0.547057 -0.146320
v -0.137267 0.625955 -0.110256
v -0.155695 0.578565 -0.051877
v -0.146437 0.688629 -0.091591
v 0.153420 0.641845 -0.082421
v 0.070045 0.420166 -0.158092
v 0.164280 0.364926 -0.091346
v -0.054459 0.749351 -0.142660
v -0.156325 0.500829 -0.095269
v 0.159855 0.558372 -0.032935
v -0.062183 0.652274 -0.149077
v -0.056730 0.644890 -0.151565
v -0.071210 0.801525 -0.129616
v 0.165471 0.798171 -0.050603
v 0.020665 0.737755 -0.127406
v 0.166851 0.565916 -0.075161
v -0.124402 0.526713 -0.146961
v -0.067473 0.554104 -0.152390
v -0.157425 0.451933 -0.042880
v -0.159936 0.803042 -0.072804
v -0.033521 0.830060 -0.125227
v -0.020044 0.837609 -0.128182
v 0.012138 0.362454 -0.147921
v -0.207735 0.383312 -0.043019
v -0.125313 0.501767 -0.146030
v 0.160532 0.862135 -0.058798
v 0.191381 0.806846 -0.031811
v 0.154218 0.466029 -0.102779
v 0.157240 0.456319 -0.101075
v 0.162393 0.459004 -0.093042
v -0.051209 0.695725 -0.144853
v 0.159543 0.446169 -0.099576
v 0.160339 0.435865 -0.097023
v -0.070845 0.582725 -0.147593
v 0.147876 0.587684 -0.098688
v 0.161287 0.356497 -0.109889
v 0.075285 0.601524 -0.147786
v 0.162386 0.448759 -0.090101
v 0.134787 0.742569 -0.122575
v -0.104790 0.430541 -0.170644
v -0.097301 0.726843 -0.124483
v 0.192675 0.792970 -0.035328
v 0.183033 0.797088 -0.033584
v 0.176917 0.430193 -0.042556
v 0.175272 0.423970 -0.038923
v -0.158147 0.430620 -0.040832
v -0.160664 0.426741 -0.047907
v -0.161604 0.440630 -0.050417
v 0.155122 0.850568 -0.065089
v -0.097936 0.581984 -0.150838
v -0.096811 0.430369 -0.155840
v -0.089427 0.426219 -0.147805
v 0.132331 0.540381 -0.138439
v 0.078415 0.506476 -0.152643
v -0.069148 0.575605 -0.145194
v 0.157296 0.434234 -0.027281
v 0.162747 0.752412 -0.039231
v -0.148415 0.466357 -0.106467
v 0.017689 0.780487 -0.126596
v 0.188151 0.834092 -0.031731
v 0.007805 0.537766 -0.143843
v -0.001141 0.528111 -0.150388
v 0.191494 0.638568 -0.041774
v 0.160333 0.420047 -0.024679
v -0.164502 0.411833 -0.019357
v -0.165484 0.601866 -0.068080
v 0.059392 0.877976 -0.130282
v 0.164190 0.830640 -0.050578
v 0.135111 0.654408 -0.130550
v 0.195193 0.773224 -0.036254
v 0.133130 0.624126 -0.133170
v 0.175143 0.641560 -0.030740
v 0.174568 0.653671 -0.030708
v 0.164825 0.643448 -0.032937
v 0.149182 0.511585 -0.136080
v 0.154202 0.380010 -0.037172
v 0.011444 0.748806 -0.131439
v -0.002359 0.699013 -0.138788
v -0.053125 0.424175 -0.148348
v -0.047365 0.414527 -0.146097
v 0.156824 0.409314 -0.026470
v 0.153213 0.406378 -0.040021
v 0.028823 0.361913 -0.168975
v -0.186112 0.573095 -0.028566
v 0.041402 0.793721 -0.141253
v 0.040335 0.786083 -0.140729
v 0.153355 0.476760 -0.105065
v 0.025143 0.404597 -0.162712
v -0.200393 0.521287 -0.049399
v -0.102602 0.741373 -0.133280
v -0.205526 0.360909 -0.038634
v -0.211698 0.361596 -0.051615
v -0.065625 0.674931 -0.148746
v -0.063419 0.690538 -0.148004
v -0.163330 0.462826 -0.077892
v -0.160210 0.418175 -0.075543
v -0.051994 0.635514 -0.151082
v -0.023986 0.544129 -0.151356
v -0.023866 0.531529 -0.151563
v -0.126937 0.883686 -0.094669
v -0.117113 0.446905 -0.162223
v 0.100833 0.781275 -0.127352
v 0.163700 0.706812 -0.055072
v 0.137663 0.758034 -0.120522
v 0.141097 0.764989 -0.115951
v -0.127363 0.549268 -0.140244
v -0.186926 0.522682 -0.026410
v -0.014052 0.795533 -0.132895
v -0.005204 0.787403 -0.134644
v -0.101768 0.707947 -0.131090
v -0.159051 0.349762 -0.034336
v -0.197167 0.485690 -0.034252
v -0.141289 0.788058 -0.087519
v 0.148166 0.644274 -0.091731
v 0.178043 0.415951 -0.042895
v 0.047560 0.360609 -0.165372
v 0.172726 0.352926 -0.038722
v 0.040702 0.834610 -0.130500
v 0.149346 0.526597 -0.134279
v 0.024383 0.717161 -0.127801
v 0.153141 0.458385 -0.135234
v 0.165502 0.531489 -0.066730
v -0.126496 0.598898 -0.138221
v -0.079662 0.553906 -0.135015
v 0.028445 0.880980 -0.122929
v 0.151093 0.677110 -0.082062
v 0.168860 0.813205 -0.052892
v 0.094781 0.814805 -0.128700
v 0.096212 0.822128 -0.126171
v 0.085063 0.821986 -0.135039
v 0.092407 0.827951 -0.130405
v 0.160165 0.424912 -0.090623
v 0.130815 0.749335 -0.122934
v 0.167011 0.802986 -0.037064
v 0.062905 0.731094 -0.143237
v -0.072663 0.376024 -0.140709
v 0.153109 0.482080 -0.129248
v 0.037964 0.687215 -0.150010
v 0.154117 0.575189 -0.049605
v -0.108254 0.417053 -0.170825
v -0.206150 0.442275 -0.051623
v -0.159094 0.366439 -0.071570
v -0.157727 0.370029 -0.080229
v 0.144140 0.603480 -0.129808
v -0.137355 0.804576 -0.089853
v -0.160816 0.714285 -0.065669
v 0.178864 0.474874 -0.037412
v 0.012062 0.548550 -0.139264
v 0.004248 0.553372 -0.146424
v -0.183514 0.832011 -0.021069
v -0.173831 0.835464 -0.030589
v -0.154231 0.452774 -0.094788
v -0.165314 0.453419 -0.071941
v 0.093191 0.508855 -0.149288
v 0.120645 0.656843 -0.133741
v -0.097560 0.424050 -0.168032
v -0.220197 0.327484 -0.054975
v -0.222639 0.327237 -0.064412
v -0.231659 0.330129 -0.067605
v -0.240832 0.332650 -0.064913
v -0.247808 0.334365 -0.058111
v -0.245755 0.334951 -0.048360
v -0.239464 0.335872 -0.040687
v -0.233914 0.336602 -0.032535
v -0.224088 0.337075 -0.030541
v -0.215453 0.337794 -0.025803
v -0.210398 0.338487 -0.017153
v -0.205039 0.339284 -0.008858
v -0.198138 0.339703 -0.001528
v -0.195948 0.340271 0.008072
v -0.187753 0.341030 0.013698
v -0.177970 0.341767 0.015796
v -0.171128 0.341951 0.008563
v -0.166772 0.342176 -0.000362
v -0.159573 0.342078 -0.007253
v -0.150151 0.342361 -0.010704
v -0.141958 0.342502 -0.004909
v -0.138315 0.342365 0.004294
v -0.131384 0.342452 0.011289
v -0.124018 0.343039 0.018281
v -0.127075 0.341647 0.027533
v -0.135267 0.339849 0.032766
v -0.139548 0.338580 0.041855
v -0.142764 0.337643 0.051138
v -0.134281 0.336970 0.056026
v -0.124486 0.337013 0.053975
v -0.115253 0.336860 0.057794
v -0.105645 0.336429 0.060000
v -0.095959 0.336413 0.062286
v -0.086946 0.337898 0.066130
v -0.077791 0.336658 0.062535
v -0.068517 0.336321 0.058655
v -0.060233 0.334762 0.063883
v -0.050655 0.335662 0.062532
v -0.043698 0.334407 0.069791
v -0.035405 0.334720 0.064211
v -0.029625 0.334255 0.072179
v -0.023669 0.334777 0.064179
v -0.015799 0.332462 0.069881
v -0.006107 0.331407 0.072425
v 0.002560 0.333946 0.068409
v 0.010326 0.330078 0.073455
v 0.017637 0.330226 0.066795
v 0.022515 0.330573 0.058170
v 0.031013 0.328802 0.063244
v 0.035709 0.329204 0.054535
v 0.045399 0.328763 0.056562
v 0.054430 0.329201 0.052281
v 0.064228 0.329239 0.052772
v 0.073232 0.329912 0.048449
v 0.082987 0.330395 0.046769
v 0.092638 0.330860 0.044234
v 0.102257 0.331402 0.041817
v 0.110556 0.332084 0.036538
v 0.119243 0.332919 0.031292
v 0.128620 0.333502 0.028541
v 0.138375 0.334219 0.026072
v 0.145719 0.335115 0.019566
v 0.148434 0.336556 0.010103
v 0.156597 0.337521 0.004515
v 0.166575 0.337848 0.004459
v 0.174033 0.338539 0.011038
v 0.183102 0.338578 0.015322
v 0.192140 0.339185 0.019022
v 0.202050 0.339869 0.020021
v 0.208510 0.340281 0.012391
v 0.206910 0.340317 0.002638
v 0.199225 0.339897 -0.003695
v 0.189235 0.339558 -0.003875
v 0.180262 0.338987 -0.008008
v 0.177013 0.338812 -0.017369
v 0.174853 0.338633 -0.027168
v 0.177239 0.338395 -0.036735
v 0.180400 0.338229 -0.046227
v 0.190023 0.337319 -0.048118
v 0.199799 0.336495 -0.050333
v 0.209335 0.335287 -0.048218
v 0.219327 0.334382 -0.048792
v 0.228781 0.333838 -0.051483
v 0.231376 0.332823 -0.061082
v 0.226147 0.330989 -0.069404
v 0.218740 0.329011 -0.075524
v 0.209052 0.327291 -0.074938
v 0.000549 0.599875 0.091913
v -0.159020 0.533698 0.051229
v 0.149269 0.529644 0.036242
v 0.134141 0.706051 0.072998
v -0.123544 0.706675 0.081304
v 0.030856 0.464895 0.066473
v 0.020963 0.749920 0.100832
v -0.049974 0.498308 0.082409
v -0.177694 0.463218 0.007782
v -0.154004 0.644165 0.012035
v 0.198874 0.457891 -0.002367
v 0.183500 0.634731 0.014216
v -0.173356 0.781669 0.041135
v -0.129712 0.436927 0.062551
v -0.084443 0.601061 0.081052
v 0.123630 0.430762 0.040002
v 0.065818 0.555887 0.077206
v 0.172246 0.781838 0.031891
v -0.064342 0.785737 0.098141
v -0.185241 0.558403 0.004604
v 0.100280 0.796742 0.091077
v 0.063643 0.652709 0.088137
v 0.198868 0.548216 -0.002040
v -0.023174 0.418523 0.078561
v -0.043488 0.682069 0.093717
v 0.131433 0.609621 0.054803
v -0.130895 0.809018 0.091087
v 0.057329 0.399631 0.059242
v -0.146977 0.636064 0.065433
v 0.168286 0.706422 0.022565
v 0.090528 0.489631 0.058785
v 0.011656 0.530565 0.080594
v 0.000912 0.821929 0.102468
v -0.215668 0.413193 -0.023304
v 0.182346 0.412053 -0.041313
v 0.078322 0.727158 0.086301
v -0.171197 0.717408 -0.004566
v -0.136242 0.416867 0.010830
v 0.012833 0.675746 0.103096
v 0.177660 0.407548 0.008037
v 0.161203 0.471742 0.008502
v -0.149330 0.475281 0.028513
v -0.172545 0.697541 0.047906
v 0.181091 0.495839 -0.035732
v -0.216027 0.496475 -0.020632
v -0.201801 0.621636 -0.002276
v 0.173904 0.605461 -0.017389
v -0.176923 0.402068 0.008218
v -0.072493 0.442477 0.071605
v -0.111399 0.496975 0.067260
v -0.019740 0.548249 0.092172
v -0.003469 0.472836 0.086240
v 0.184433 0.683345 -0.005689
v 0.148958 0.823954 0.068954
v -0.164158 0.590661 0.034844
v -0.145582 0.523003 0.002044
v 0.163542 0.584074 0.020935
v -0.095467 0.391864 0.065657
v 0.049060 0.799982 0.095555
v 0.012018 0.414640 0.067395
v 0.180820 0.835281 0.014814
v 0.195840 0.401820 -0.004290
v 0.191721 0.745743 0.000005
v -0.179859 0.832018 0.017674
v 0.140852 0.766297 0.072985
v -0.157415 0.834145 0.060441
v 0.156184 0.662085 0.047880
v -0.082423 0.543604 0.076671
v -0.176619 0.775070 -0.003008
v 0.183097 0.549415 -0.035786
v -0.088354 0.660544 0.088226
v -0.132352 0.578679 0.064804
v -0.037941 0.621215 0.089307
v -0.087252 0.836110 0.098157
v -0.151965 0.746160 0.063578
v -0.146418 0.389172 0.050290
v 0.142151 0.385255 0.028012
v -0.042975 0.835951 0.088324
v -0.105513 0.760084 0.092782
v -0.022500 0.773288 0.099807
v -0.081332 0.713703 0.102061
v -0.220599 0.546666 -0.022634
v 0.106008 0.537552 0.058120
v 0.047830 0.509374 0.077936
v 0.029953 0.578269 0.072583
v -0.184823 0.668634 -0.001692
v 0.080452 0.441570 0.059502
v -0.015205 0.717179 0.098522
v 0.178076 0.519048 0.006462
v -0.049764 0.383730 0.069004
v -0.158128 0.596865 -0.003313
v -0.183815 0.510187 0.006879
v 0.073519 0.841135 0.085082
v 0.134107 0.482982 0.038866
v -0.002218 0.376580 0.082136
v 0.098338 0.378348 0.047678
v 0.086889 0.607487 0.079757
v 0.116108 0.654446 0.075233
v 0.028505 0.632768 0.086634
v 0.199972 0.591979 0.011172
v 0.192685 0.503046 -0.007673
v 0.114122 0.839776 0.084219
v 0.042371 0.708641 0.094470
v -0.048232 0.738558 0.094574
v -0.037183 0.456098 0.082322
v 0.157241 0.732723 0.049170
v 0.029700 0.372874 0.066905
v 0.034635 0.847690 0.091106
v 0.187441 0.793387 -0.002640
v -0.047670 0.578128 0.087289
v -0.236493 0.450128 -0.036332
v 0.202927 0.454275 -0.038481
v -0.240101 0.379782 -0.037567
v -0.121972 0.537454 0.065268
v 0.135806 0.567862 0.045496
v -0.206938 0.451329 -0.009321
v 0.214969 0.380658 -0.044014
v -0.010645 0.642487 0.087366
v 0.099813 0.691849 0.088084
v 0.166795 0.847193 0.042302
v 0.113038 0.740681 0.084435
v 0.165047 0.622947 0.035579
v -0.134390 0.849946 0.081368
v -0.148555 0.383349 -0.009002
v -0.204567 0.380290 -0.001970
v -0.163365 0.737107 0.031668
v 0.173673 0.378266 -0.023081
v -0.154771 0.788967 0.069417
v -0.142776 0.455300 -0.003266
v -0.208835 0.582985 -0.011519
v -0.206917 0.704895 -0.008964
v 0.171886 0.459325 -0.025082
v -0.151653 0.554522 0.022785
v -0.141863 0.474918 0.058635
v -0.016604 0.508539 0.084314
v 0.155404 0.432636 0.019173
v 0.192706 0.485071 0.017814
v 0.188757 0.642072 -0.006895
v -0.150350 0.437388 0.036797
v 0.183753 0.638973 -0.031926
v 0.052125 0.609912 0.082763
v -0.127849 0.380038 0.021696
v 0.217388 0.420166 -0.043997
v 0.194852 0.376567 0.020331
v -0.159129 0.685287 0.015847
v 0.098306 0.573251 0.068471
v -0.215167 0.655917 -0.016539
v 0.037729 0.427980 0.069289
v 0.056843 0.364265 0.055338
v -0.095039 0.797513 0.101414
v -0.197800 0.742994 -0.004378
v 0.073731 0.769877 0.085317
v -0.155850 0.488943 -0.006935
v -0.118744 0.612794 0.071411
v -0.123220 0.665513 0.075115
v -0.167577 0.629032 0.040575
v 0.163389 0.374406 0.004925
v 0.181190 0.557159 0.007389
v -0.018957 0.588556 0.089211
v 0.167548 0.667718 0.018562
v 0.168704 0.743903 0.027337
v -0.240118 0.415422 -0.046105
v -0.008968 0.856500 0.098734
v 0.058699 0.477781 0.069985
v 0.202370 0.427686 0.016012
v 0.019245 0.496647 0.071700
v 0.010374 0.562716 0.094169
v 0.009618 0.786100 0.103474
v 0.176944 0.714247 -0.022246
v 0.205643 0.520392 -0.037617
v -0.133275 0.770377 0.081200
v -0.149099 0.687703 0.069046
v -0.049145 0.542741 0.082453
v 0.193501 0.585200 -0.033639
v 0.000816 0.435883 0.084291
v 0.076019 0.523087 0.070353
v 0.094881 0.412077 0.050219
v -0.080159 0.478519 0.074736
v -0.108718 0.462171 0.067736
v 0.107346 0.461536 0.049071
v 0.035871 0.542629 0.080249
v 0.068002 0.690595 0.088379
v 0.051634 0.744892 0.095896
v -0.077750 0.751791 0.096424
v -0.165972 0.432965 -0.002030
v 0.174075 0.426603 -0.013691
v -0.221523 0.612905 -0.027127
v 0.003743 0.501778 0.083383
v 0.135788 0.856242 0.074363
v -0.154574 0.562804 -0.004171
v -0.168931 0.662285 0.053625
v -0.016533 0.680103 0.093419
v 0.041618 0.670359 0.092700
v -0.166036 0.854151 0.041628
v 0.159718 0.500145 0.025199
v 0.211725 0.486902 -0.040294
v 0.160747 0.697135 0.048511
v -0.200482 0.421424 0.004536
v 0.130690 0.800378 0.082158
v -0.078888 0.510676 0.075366
v 0.159532 0.789673 0.056375
v -0.230437 0.511670 -0.041147
v 0.117129 0.508536 0.048741
v 0.175320 0.530137 -0.014595
v -0.057994 0.650755 0.094465
v -0.185564 0.811693 -0.002493
v -0.171699 0.627407 -0.005953
v 0.184881 0.576350 -0.008941
v -0.139850 0.510585 0.062456
v -0.070538 0.409467 0.068972
v -0.150982 0.509810 0.030750
v 0.184836 0.453647 0.013446
v -0.037982 0.801519 0.091150
v 0.183193 0.673732 -0.030285
v -0.119187 0.371144 0.056725
v 0.014140 0.715413 0.102556
v -0.201683 0.480382 0.002036
v 0.171876 0.813907 0.044319
v 0.192681 0.370646 -0.002072
v 0.196084 0.665056 0.013477
v 0.194923 0.711363 0.011459
v -0.048076 0.429100 0.078942
v -0.099181 0.425884 0.067959
v -0.203882 0.533091 -0.000724
v 0.183148 0.862202 -0.002546
v -0.028936 0.387732 0.073099
v -0.185304 0.590016 0.002523
v -0.181738 0.372098 0.014359
v -0.232518 0.480424 -0.045801
v 0.008293 0.468001 0.075451
v -0.152294 0.613922 0.019569
v -0.171569 0.858742 0.002737
v -0.113754 0.836449 0.093972
v 0.002242 0.537727 0.076360
v -0.224690 0.575321 -0.034152
v -0.167915 0.817363 0.041884
v -0.178750 0.797567 0.019011
v -0.074752 0.367470 0.063595
v -0.106412 0.562791 0.071235
v -0.059805 0.860203 0.099095
v 0.144110 0.453944 0.035068
v 0.175873 0.766506 -0.015914
v 0.119331 0.399072 0.039304
v -0.163132 0.563305 0.046993
v -0.154159 0.602906 0.060487
v 0.181920 0.763942 0.014305
v -0.130251 0.737787 0.078536
v 0.174791 0.863102 0.024295
v 0.179331 0.825284 -0.005332
v 0.091034 0.659531 0.085277
v -0.240147 0.363476 -0.061290
v -0.167394 0.536286 -0.002555
v -0.033399 0.362489 0.070129
v -0.122147 0.405949 0.059119
v -0.076581 0.630091 0.088272
v 0.122622 0.362898 0.036839
v -0.107080 0.639820 0.078781
v 0.187310 0.384131 -0.044833
v 0.172048 0.807374 0.019495
v 0.157725 0.557724 0.031089
v 0.168930 0.610646 0.010755
v 0.150625 0.594206 0.040923
v -0.035717 0.650127 0.087834
v 0.011871 0.442416 0.070603
v 0.033815 0.776079 0.093901
v 0.026426 0.810139 0.100426
v 0.074232 0.801187 0.086075
v -0.153222 0.861247 0.072168
v -0.023637 0.480673 0.086117
v -0.000792 0.406405 0.083511
v 0.034661 0.398915 0.068315
v -0.031371 0.863222 0.090837
v 0.166484 0.761434 0.046980
v -0.105007 0.685142 0.084948
v -0.059249 0.605875 0.091140
v -0.071334 0.681925 0.097740
v -0.074759 0.571906 0.080671
v -0.174254 0.764053 0.021641
v -0.143391 0.409731 0.032951
v -0.091579 0.862496 0.093233
v -0.148989 0.817673 0.074341
v 0.098895 0.862629 0.086304
v -0.201381 0.772320 -0.009715
v 0.136518 0.736535 0.075342
v 0.117983 0.772372 0.085822
v -0.143370 0.365316 0.037999
v -0.171920 0.746605 -0.002242
v -0.156497 0.715684 0.061393
v -0.152012 0.410828 -0.009080
v 0.142780 0.412457 0.031976
v 0.161549 0.536596 0.015175
v -0.144078 0.553572 0.061824
v -0.216330 0.367392 -0.025457
v 0.146169 0.634998 0.049677
v 0.134516 0.675516 0.062087
v 0.195028 0.614792 -0.002896
v -0.074123 0.812413 0.092910
v 0.050047 0.451738 0.066198
v 0.007953 0.357295 0.066265
v -0.157294 0.492065 0.047155
v 0.181287 0.478122 -0.009267
v 0.067089 0.585383 0.085617
v 0.208889 0.547414 -0.039519
v 0.154066 0.398710 0.010626
v -0.220479 0.469500 -0.025408
v -0.148613 0.581129 0.014878
v -0.235780 0.390178 -0.059670
v -0.109080 0.730366 0.089331
v 0.199939 0.510649 0.014145
v -0.116843 0.863130 0.089646
v 0.063755 0.866135 0.093232
v -0.141972 0.498054 0.009244
v 0.197924 0.613620 -0.032574
v 0.228561 0.361379 -0.058399
v -0.165729 0.766285 0.056821
v -0.171290 0.734500 0.052301
v -0.015452 0.614020 0.083729
v -0.145327 0.417342 0.054822
v -0.116680 0.786687 0.091615
v 0.156595 0.847758 0.063280
v -0.059795 0.463621 0.079135
v 0.202082 0.401383 0.017023
v 0.007726 0.628503 0.099306
v 0.147492 0.361548 0.019585
v -0.038458 0.711119 0.088565
v -0.020551 0.833405 0.100359
v -0.102413 0.520955 0.069877
v -0.139217 0.452538 0.020798
v 0.087256 0.355516 0.048402
v -0.162242 0.709033 0.029801
v -0.025306 0.743821 0.094653
v 0.177373 0.436680 -0.035708
v -0.225982 0.538064 -0.043289
v 0.108275 0.600443 0.067966
v 0.072472 0.627484 0.087477
v 0.181714 0.687230 0.015110
v 0.024725 0.601942 0.089198
v 0.181016 0.521875 -0.034757
v 0.019107 0.866801 0.098039
v -0.167865 0.801916 0.056178
v 0.091103 0.750759 0.092533
v -0.163576 0.652698 0.033021
v -0.012070 0.798702 0.102859
v -0.001203 0.761079 0.100970
v -0.045423 0.768457 0.091410
v -0.031940 0.526377 0.087457
v -0.010441 0.355223 0.078001
v -0.207041 0.558023 -0.005368
v 0.117510 0.627502 0.067529
v -0.109920 0.588337 0.072095
v 0.198969 0.361791 -0.048230
v -0.020287 0.442085 0.085574
v -0.171643 0.856552 0.020467
v -0.221092 0.521134 -0.023137
v 0.173178 0.402870 -0.021229
v 0.169063 0.495494 0.005129
v 0.193172 0.536604 0.015632
v 0.061325 0.822541 0.095047
v 0.088533 0.820713 0.088722
v -0.007215 0.566964 0.076912
v -0.041517 0.404612 0.078341
v 0.175495 0.739967 -0.016209
v -0.149214 0.661635 0.067197
v -0.058971 0.715528 0.097478
v -0.096999 0.361571 0.059141
v 0.086341 0.546822 0.069792
v 0.128957 0.541613 0.045708
v 0.095680 0.514443 0.059924
v 0.120322 0.684733 0.078907
v 0.221474 0.444434 -0.050850
v 0.030008 0.519766 0.071490
v 0.020665 0.553502 0.074667
v 0.046392 0.566771 0.083425
v 0.037064 0.487283 0.076140
v 0.012051 0.390918 0.072569
v 0.073721 0.382087 0.053545
v 0.102084 0.437528 0.049558
v 0.061010 0.424721 0.060199
v 0.084787 0.465386 0.058544
v -0.205574 0.507959 -0.002090
v 0.194937 0.433357 -0.002788
v -0.054429 0.360639 0.065868
v 0.179722 0.582693 0.007723
v 0.224758 0.399283 -0.056405
v 0.203170 0.401510 -0.043917
v -0.184856 0.439580 0.010927
v 0.119471 0.580945 0.057377
v -0.170193 0.690470 -0.005155
v -0.167069 0.652471 -0.004976
v -0.189173 0.643368 -0.000301
v -0.177521 0.835795 -0.003788
v 0.119686 0.865404 0.080524
v 0.055540 0.532641 0.076367
v -0.154844 0.459823 0.046080
v 0.185680 0.735808 0.018174
v 0.191851 0.475185 -0.040056
v 0.071574 0.499061 0.070122
v 0.010527 0.844519 0.101381
v -0.175879 0.487315 0.005571
v -0.162963 0.511954 -0.004677
v -0.205965 0.678401 -0.007683
v -0.214070 0.689597 -0.026176
v -0.064309 0.835096 0.097880
v 0.174498 0.655594 -0.018722
v 0.173558 0.582736 -0.026025
v 0.037365 0.353041 0.060551
v 0.112182 0.484879 0.048678
v 0.141655 0.506205 0.038129
v 0.155132 0.476549 0.030125
v -0.229331 0.442844 -0.055943
v 0.097591 0.634252 0.080540
v 0.178918 0.553419 -0.011745
v 0.168327 0.648387 0.032038
v 0.183106 0.430254 0.010884
v -0.210657 0.728214 -0.019198
v -0.163379 0.366902 -0.000742
v 0.200963 0.482515 0.000101
v 0.044675 0.381950 0.063014
v 0.000848 0.696427 0.097544
v -0.088396 0.773146 0.102955
v 0.198334 0.431896 -0.042176
v 0.163172 0.868152 0.051191
v -0.211963 0.390170 -0.021527
v -0.145564 0.432858 -0.006463
v 0.114369 0.713503 0.083119
v 0.042080 0.869884 0.088685
v -0.155061 0.532943 0.030670
v 0.164858 0.448306 0.006819
v -0.168631 0.676163 0.036868
v -0.137225 0.366426 0.003622
v 0.175182 0.800929 -0.017595
v 0.054945 0.775534 0.096473
v 0.195492 0.525842 -0.005627
v 0.173177 0.498286 -0.016615
v 0.019271 0.651309 0.099007
v 0.044169 0.647317 0.081743
v -0.065865 0.528274 0.080406
v -0.141959 0.474675 0.009222
v 0.169799 0.831791 0.032771
v -0.230892 0.428343 -0.030821
v 0.191350 0.769981 0.002376
v 0.189333 0.814040 0.009145
v 0.114137 0.815696 0.089111
v 0.131736 0.825220 0.079522
v 0.219860 0.467673 -0.050604
v 0.200536 0.570227 0.003784
v 0.189268 0.611990 0.014496
v 0.177565 0.361925 -0.040146
v 0.132194 0.650457 0.059931
v -0.229733 0.398471 -0.031698
v -0.234492 0.358500 -0.033929
v 0.184564 0.707402 -0.004491
v 0.001037 0.735295 0.100235
v 0.027863 0.689961 0.093392
v 0.033651 0.731725 0.092766
v 0.057403 0.722069 0.087787
v -0.161667 0.866613 0.053450
v -0.100322 0.819099 0.094590
v 0.157460 0.827603 0.054120
v 0.169101 0.686034 0.032212
v -0.173264 0.756919 0.040780
v -0.053586 0.814396 0.096385
v -0.069731 0.387353 0.071124
v 0.179934 0.447244 -0.010293
v 0.206111 0.383355 0.006604
v 0.207510 0.362051 0.012002
v 0.145488 0.800474 0.067552
v -0.092189 0.446965 0.066417
v -0.168889 0.730881 0.011835
v 0.153504 0.753682 0.060194
v 0.170929 0.715936 0.042174
v 0.142591 0.721610 0.060108
v 0.180844 0.361314 0.011422
v 0.096989 0.725270 0.087589
v 0.092860 0.774682 0.092546
v -0.093865 0.742101 0.098967
v -0.218366 0.637610 -0.033037
v -0.126109 0.634206 0.070424
v 0.117013 0.558155 0.055028
v -0.200173 0.360271 0.003653
v -0.038129 0.597177 0.087245
v -0.035559 0.558947 0.088845
v -0.205194 0.402149 -0.004687
v -0.141084 0.708736 0.073210
v 0.176854 0.360056 -0.011678
v -0.043341 0.476253 0.081370
v -0.094123 0.621273 0.080435
v 0.166026 0.632161 0.016823
v 0.095520 0.841600 0.090242
v -0.172606 0.574040 -0.003825
v -0.162757 0.454332 -0.004702
v 0.147548 0.867244 0.063889
v 0.040356 0.823956 0.089576
v -0.187371 0.702781 -0.001677
v -0.207792 0.751040 -0.019609
v 0.209021 0.570266 -0.040128
v -0.153876 0.579643 0.059874
v -0.157147 0.512764 0.051611
v -0.146803 0.841425 0.072409
v -0.207872 0.430204 -0.013123
v -0.218992 0.445333 -0.025698
v -0.196877 0.456149 0.007596
v 0.197310 0.656188 -0.031440
v -0.055908 0.627956 0.092378
v -0.104677 0.708022 0.087718
v 0.181276 0.387659 -0.006703
v 0.055664 0.845252 0.094577
v -0.141844 0.532497 0.062046
v -0.001437 0.663422 0.092805
v -0.102520 0.541926 0.071016
v 0.197333 0.689249 0.007554
v -0.192361 0.389479 0.012036
v -0.166290 0.388079 -0.001416
v -0.140956 0.399166 0.001813
v -0.138463 0.370602 0.054189
v 0.176520 0.785914 0.015317
v -0.111619 0.442009 0.065565
v 0.190780 0.695815 -0.029543
v -0.149233 0.542863 -0.002443
v 0.174958 0.692604 -0.020568
v 0.084669 0.705135 0.090451
v 0.075027 0.409790 0.056432
v -0.016868 0.462469 0.083708
v -0.215449 0.628713 -0.015382
v 0.162925 0.557423 0.013205
v 0.174684 0.865621 0.038658
v -0.154926 0.617874 0.000057
v 0.037429 0.613068 0.080479
v -0.191293 0.790244 -0.002135
v 0.002811 0.452607 0.073107
v 0.160771 0.417901 0.007944
v 0.142057 0.432748 0.031306
v -0.185525 0.537543 0.005842
v -0.133380 0.828542 0.083210
v -0.141402 0.869886 0.082345
v -0.120551 0.514597 0.064081
v 0.165240 0.602657 0.029702
v -0.076845 0.854811 0.092941
v 0.149793 0.614551 0.046058
v -0.227563 0.413020 -0.060565
v -0.214359 0.666700 -0.033325
v -0.128334 0.458404 0.063015
v -0.121500 0.478790 0.061964
v 0.080561 0.870505 0.082153
v -0.124992 0.557538 0.065598
v -0.130372 0.400261 0.020489
v -0.088429 0.693083 0.095392
v 0.202510 0.633740 -0.034634
v 0.068338 0.348724 0.052141
v -0.126283 0.361095 0.026154
v 0.142405 0.695632 0.056770
v -0.140026 0.798770 0.076935
v -0.146180 0.768477 0.067832
v -0.136097 0.432666 0.023389
v -0.147637 0.436858 0.054870
v -0.164679 0.705506 0.009979
v -0.155215 0.664395 0.018825
v 0.173892 0.628720 -0.016981
v 0.186958 0.662727 -0.005920
v 0.200107 0.633026 0.007007
v -0.183998 0.611373 0.000910
v -0.189734 0.723825 -0.002081
v 0.048359 0.588381 0.082705
v -0.231136 0.461572 -0.050968
v -0.032082 0.499153 0.085074
v -0.009798 0.529045 0.088522
v -0.013882 0.490062 0.086329
v -0.173248 0.795305 0.000779
v 0.128157 0.753755 0.083984
v -0.028191 0.630260 0.084114
v 0.124345 0.451294 0.042240
v -0.197284 0.573782 0.001841
v -0.173214 0.871402 0.034345
v -0.202293 0.600358 -0.001964
v -0.218240 0.566538 -0.018607
v 0.157623 0.456268 0.020837
v -0.161984 0.672122 0.000547
v -0.144157 0.537329 0.015521
v -0.159860 0.571319 0.030223
v 0.192688 0.594691 -0.005590
v -0.059523 0.755964 0.099015
v 0.025756 0.831946 0.099999
v -0.019314 0.372314 0.076743
v 0.172190 0.480033 -0.025869
v 0.184125 0.457316 -0.039334
v -0.197819 0.804528 -0.013830
v -0.138494 0.616089 0.065221
v 0.188520 0.728024 -0.029046
v -0.177443 0.421624 0.009310
v 0.224735 0.380398 -0.063871
v 0.021945 0.579696 0.088753
v 0.085159 0.585895 0.077111
v -0.174426 0.813999 0.009278
v 0.216942 0.502900 -0.051014
v 0.200788 0.465366 0.015737
v -0.142428 0.383723 0.033587
v -0.230027 0.486319 -0.028681
v 0.068765 0.747682 0.086410
v 0.055305 0.631849 0.084789
v 0.076075 0.670580 0.087827
v -0.122455 0.685942 0.078959
v -0.106006 0.664336 0.082239
v -0.146365 0.728869 0.072643
v 0.066763 0.460806 0.065102
v -0.068147 0.589979 0.084006
v -0.093528 0.576873 0.075972
v -0.201530 0.658613 -0.003623
v -0.057729 0.561183 0.083529
v 0.157776 0.356305 0.005621
v 0.178187 0.478784 0.007555
v -0.217988 0.593910 -0.041679
v -0.017964 0.873824 0.099817
v 0.001413 0.873508 0.101564
v 0.155958 0.576534 0.035018
v 0.207307 0.597112 -0.039009
v -0.193976 0.824955 -0.012103
v 0.106984 0.669840 0.083247
v 0.131809 0.522268 0.043093
v 0.105943 0.351357 0.040818
v 0.186048 0.393299 0.017572
v -0.072427 0.730935 0.095806
v 0.185385 0.749333 -0.028280
v -0.022470 0.568154 0.092367
v -0.052053 0.447818 0.078763
v 0.220423 0.423286 -0.060227
v 0.184671 0.501912 0.012463
v -0.011512 0.392591 0.078424
v -0.226805 0.556009 -0.036357
v 0.070234 0.606210 0.087617
v -0.091854 0.495082 0.072721
v -0.102386 0.480163 0.067845
v -0.076376 0.460481 0.072338
v -0.062145 0.483357 0.079717
v -0.128943 0.354859 0.057980
v 0.023231 0.355381 0.067496
v 0.179580 0.616797 -0.031105
v 0.217103 0.362194 -0.045126
v 0.161548 0.516247 0.012915
v -0.161154 0.622611 0.057277
v -0.167692 0.608923 0.044025
v -0.163145 0.643095 0.057584
v -0.158413 0.634787 0.026927
v 0.176092 0.538464 0.005945
v -0.119787 0.746969 0.090964
v 0.200432 0.446399 0.016989
v -0.047938 0.518674 0.081010
v -0.023986 0.699528 0.091645
v -0.222200 0.592300 -0.023242
v -0.149304 0.364844 -0.009674
v 0.051120 0.689534 0.088122
v 0.056001 0.670302 0.081990
v 0.088379 0.394096 0.050260
v -0.172097 0.722104 0.038692
v 0.035839 0.446847 0.066616
v 0.028791 0.416849 0.072264
v 0.044454 0.410883 0.065980
v -0.166347 0.473858 -0.002513
v -0.147567 0.472620 -0.006252
v -0.137491 0.596936 0.064262
v 0.172794 0.843111 -0.012494
v -0.211045 0.709752 -0.027752
v -0.185927 0.758066 -0.002862
v 0.082599 0.564770 0.074561
v 0.195474 0.535862 -0.037828
v 0.180561 0.655098 0.012863
v 0.192252 0.566001 -0.035457
v 0.116621 0.380234 0.041140
v 0.183904 0.727603 -0.004475
v 0.197498 0.555218 0.014404
v -0.174520 0.841702 0.030313
v -0.007731 0.512703 0.078047
v -0.241662 0.397048 -0.044388
v 0.169512 0.391535 0.005107
v 0.149737 0.379124 0.015109
v -0.172907 0.836832 0.049624
v -0.128432 0.495881 0.062307
v -0.080043 0.789963 0.097003
v -0.141404 0.752834 0.076945
v 0.027339 0.435063 0.073708
v -0.101832 0.604630 0.076134
v 0.103359 0.616638 0.075806
v -0.177085 0.875105 -0.003998
v -0.136053 0.440500 0.007207
v -0.185153 0.851029 -0.006941
v -0.033323 0.432778 0.080941
v 0.004138 0.481669 0.083719
v -0.011275 0.428262 0.078498
v -0.004407 0.453852 0.085203
v 0.000207 0.420244 0.075544
v 0.170186 0.725825 0.017799
v -0.130675 0.789773 0.085476
v -0.145197 0.493761 0.058908
v -0.208462 0.469847 -0.011479
v 0.168907 0.667382 0.035737
v 0.202754 0.417373 0.002268
v 0.190137 0.414758 0.018869
v -0.069767 0.871282 0.088469
v 0.134976 0.591449 0.050643
v -0.081933 0.425111 0.071783
v -0.089751 0.409911 0.064157
v -0.105513 0.410341 0.061344
v -0.115641 0.425270 0.060362
v 0.160003 0.809408 0.061125
v 0.153341 0.773541 0.064146
v 0.170299 0.793465 0.046985
v -0.171538 0.874013 0.016633
v 0.134833 0.352511 0.028974
v -0.112864 0.388761 0.062222
v -0.130421 0.389600 0.059425
v -0.162055 0.546588 0.039800
v 0.187208 0.842419 -0.000130
v -0.081799 0.353195 0.059884
v -0.006012 0.587771 0.079597
v 0.151497 0.680561 0.050237
v -0.223675 0.497185 -0.052020
v 0.171860 0.762584 0.033668
v 0.171899 0.735103 0.041412
v 0.177203 0.395805 -0.036868
v -0.031033 0.670445 0.085014
v -0.191921 0.494122 0.007263
v -0.024441 0.606810 0.092261
v -0.032706 0.820784 0.092946
v 0.215816 0.520667 -0.050881
v 0.192360 0.508963 -0.039141
v 0.043195 0.471163 0.071912
v 0.075409 0.479991 0.064261
v 0.051264 0.493872 0.069986
v -0.207784 0.356154 -0.014376
v 0.105629 0.758712 0.086398
v -0.231549 0.348199 -0.065471
v 0.173602 0.563249 -0.026345
v -0.044462 0.639850 0.092970
v 0.172530 0.872789 0.008540
v -0.006346 0.839116 0.102158
v -0.161012 0.696854 0.059594
v -0.137095 0.674722 0.070125
v -0.211419 0.610628 -0.013452
v -0.095156 0.721892 0.094819
v -0.164838 0.413007 0.000834
v 0.181390 0.781163 -0.025077
v 0.170411 0.874450 -0.007419
v 0.180559 0.710425 0.016118
v -0.135578 0.649819 0.067962
v 0.002775 0.520477 0.085410
v -0.111777 0.354265 0.057610
v -0.200743 0.438948 0.004384
v -0.054924 0.401299 0.073664
v 0.108593 0.422387 0.045317
v 0.083768 0.425234 0.054901
v 0.015257 0.545845 0.088882
v 0.014486 0.513713 0.074015
v 0.021282 0.477661 0.072399
v 0.002357 0.579847 0.091914
v 0.032428 0.502638 0.075082
v -0.170942 0.715495 0.054115
v 0.144901 0.546656 0.038170
v 0.074248 0.364849 0.054526
v -0.159905 0.806927 0.067551
v -0.205560 0.639436 -0.005107
v -0.120852 0.767820 0.091846
v -0.146393 0.519750 0.017373
v -0.144944 0.492711 0.026238
v -0.024751 0.351037 0.068039
v 0.009831 0.805729 0.102821
v -0.006242 0.779127 0.101832
v 0.014601 0.767786 0.103276
v -0.148113 0.504450 -0.004343
v -0.224759 0.381778 -0.030447
v 0.016291 0.373217 0.069126
v -0.169599 0.782978 0.027000
v -0.166733 0.798678 0.037439
v 0.101201 0.555829 0.063460
v 0.032646 0.653764 0.090375
v -0.092598 0.465777 0.070682
v 0.187817 0.417680 -0.007241
v 0.173290 0.418430 -0.028593
v -0.048699 0.700090 0.096855
v -0.047443 0.872300 0.089858
v -0.046375 0.854169 0.089625
v 0.035978 0.750999 0.092521
v -0.238388 0.435121 -0.043824
v -0.087084 0.560514 0.076507
v -0.015216 0.816784 0.105393
v -0.170028 0.820133 0.055658
v 0.116450 0.792112 0.086713
v 0.132950 0.780923 0.082025
v 0.091404 0.529960 0.065254
v 0.060139 0.516775 0.071380
v -0.169411 0.681094 0.054542
v -0.056002 0.670349 0.097405
v -0.073244 0.661939 0.098265
v 0.093652 0.451612 0.054245
v 0.121164 0.471429 0.043786
v -0.195339 0.405728 0.007856
v 0.071018 0.539590 0.072900
v 0.179620 0.598584 -0.031614
v 0.194616 0.356571 0.020199
v 0.195158 0.729553 0.006637
v 0.035280 0.560092 0.073255
v 0.041041 0.525345 0.082457
v 0.051113 0.548942 0.082816
v -0.101575 0.781197 0.096234
v 0.019016 0.398982 0.068947
v 0.052318 0.348814 0.054731
v -0.214845 0.611264 -0.041627
v -0.114206 0.806280 0.091712
v -0.074083 0.770494 0.094224
v -0.144303 0.458310 0.058582
v -0.066049 0.352172 0.063640
v 0.137121 0.369113 0.027324
v 0.137797 0.873544 0.073384
v 0.137971 0.838212 0.073212
v 0.126824 0.849907 0.083336
v -0.063979 0.426143 0.074833
v -0.164697 0.850113 0.058137
v -0.172698 0.816068 0.024412
v 0.009397 0.493089 0.080603
v 0.025294 0.671041 0.093081
v -0.146251 0.556013 0.008247
v -0.157106 0.579761 -0.004139
v -0.170023 0.554246 -0.003456
v 0.131426 0.632417 0.058143
v 0.196192 0.491412 -0.039127
v 0.207618 0.470515 -0.038710
v 0.217841 0.484358 -0.055392
v 0.002495 0.645656 0.095984
v -0.000398 0.618211 0.087772
v -0.069426 0.700842 0.096660
v -0.065672 0.545823 0.081266
v 0.117694 0.528399 0.050263
v 0.015063 0.694780 0.103001
v -0.243517 0.365029 -0.045836
v -0.226299 0.373218 -0.063702
v 0.098558 0.475032 0.053638
v 0.199180 0.673586 -0.032493
v -0.216931 0.566510 -0.045506
v 0.066164 0.786308 0.089858
v -0.062128 0.510168 0.078687
v -0.105542 0.852083 0.094626
v 0.153614 0.412265 0.020185
v -0.163865 0.784504 0.056700
v -0.017989 0.659621 0.090642
v -0.074093 0.494386 0.076773
v 0.069756 0.710828 0.087072
v 0.084569 0.641286 0.083985
v -0.219917 0.522883 -0.050415
v 0.179753 0.378718 0.011015
v -0.138498 0.382972 0.003464
v 0.175123 0.673903 -0.017089
v -0.168240 0.693152 0.032546
v -0.172623 0.358589 0.010865
v 0.024166 0.536174 0.071756
v 0.191458 0.571697 0.013979
v -0.082637 0.381578 0.067050
v -0.164492 0.593548 0.050698
v 0.157459 0.714701 0.050984
v -0.091039 0.638481 0.083498
v -0.130392 0.420976 0.058765
v -0.178182 0.845714 0.008555
v 0.154262 0.514860 0.030807
v 0.147772 0.491230 0.033009
v 0.158445 0.485935 0.016679
v 0.167825 0.649562 0.017171
v 0.024184 0.451603 0.074204
v -0.027495 0.725121 0.091161
v 0.031742 0.596029 0.077170
v 0.171049 0.849053 0.035302
v 0.084242 0.853942 0.085175
v -0.171598 0.746341 0.020521
v -0.061846 0.373922 0.070940
v -0.086943 0.818466 0.099754
v -0.081567 0.526918 0.075799
v 0.207645 0.503257 -0.038269
v 0.063460 0.441083 0.062991
v -0.168946 0.609915 -0.006250
v -0.158376 0.634610 -0.000443
v 0.226661 0.347405 -0.067192
v 0.103860 0.399213 0.045650
v -0.156318 0.476024 0.043161
v -0.051963 0.796515 0.095208
v -0.025679 0.791312 0.096595
v -0.246612 0.350049 -0.054262
v 0.183254 0.516315 -0.010435
v 0.172712 0.544080 -0.024151
v -0.227335 0.506391 -0.026873
v 0.187586 0.539635 -0.009831
v 0.127731 0.497226 0.043361
v 0.104113 0.498355 0.053734
v 0.175878 0.785142 -0.010959
v 0.124526 0.728096 0.082852
v 0.171986 0.440765 -0.021471
v -0.029097 0.845779 0.092545
v -0.149419 0.598488 0.010503
v 0.008314 0.345706 0.077485
v 0.173577 0.462149 0.006026
v 0.197206 0.653398 0.001736
v -0.174347 0.779970 0.012516
v -0.150181 0.452860 0.031943
v 0.074982 0.818693 0.087371
v -0.104915 0.375054 0.062504
v 0.189783 0.795999 0.013014
v -0.197394 0.547786 0.002288
v -0.185052 0.685787 -0.002000
v 0.059069 0.383770 0.059676
v -0.137730 0.403628 0.058217
v -0.128425 0.874623 0.088727
v 0.127194 0.414518 0.037980
v 0.034449 0.794870 0.093312
v 0.175533 0.818706 -0.019340
v 0.179338 0.852692 0.010513
v 0.178867 0.590970 -0.012282
v 0.191851 0.561834 -0.007382
v -0.034543 0.541972 0.086663
v -0.221170 0.352465 -0.028143
v 0.084254 0.686840 0.085704
v -0.188305 0.357046 0.014053
v -0.177022 0.524313 0.002395
v -0.031144 0.760257 0.090954
v 0.160372 0.637830 0.042063
v 0.170767 0.830801 0.043439
v 0.176001 0.800090 0.032790
v 0.189579 0.355261 -0.003406
v 0.194325 0.647008 0.014737
v -0.143370 0.355671 0.050625
v 0.172607 0.514864 -0.022379
v 0.108860 0.875684 0.087229
v -0.023177 0.402656 0.074479
v -0.037081 0.389567 0.072954
v 0.019827 0.732075 0.100513
v 0.000465 0.717301 0.099138
v 0.026656 0.708218 0.095317
v -0.187778 0.476061 0.008600
v -0.208854 0.485989 -0.010820
v -0.209552 0.543056 -0.012087
v -0.192947 0.523181 0.005428
v 0.202158 0.495072 0.009860
v 0.225206 0.349106 -0.048975
v -0.209896 0.521559 -0.011256
v -0.214771 0.672475 -0.018911
v 0.013197 0.610602 0.097489
v 0.042614 0.366791 0.061238
v -0.160166 0.520311 0.038207
v -0.171265 0.874623 0.043855
v -0.044391 0.350675 0.067774
v -0.169290 0.648281 0.045002
v -0.220251 0.481862 -0.055131
v -0.234604 0.467547 -0.034117
v -0.078325 0.647095 0.092071
v -0.172278 0.445663 0.004139
v 0.182939 0.758427 -0.005165
v -0.033275 0.579547 0.085886
v -0.103914 0.873186 0.094633
v -0.082539 0.875734 0.096604
v -0.187519 0.627117 0.000510
v 0.086795 0.790907 0.088303
v 0.170927 0.859087 -0.011364
v 0.213207 0.435238 -0.041288
v -0.159761 0.606227 0.031052
v 0.143747 0.739356 0.062074
v -0.154533 0.592885 0.023500
v -0.080992 0.397088 0.065993
v 0.040861 0.630069 0.081543
v -0.159455 0.672195 0.061952
v 0.181997 0.654919 -0.030243
v 0.185779 0.596357 0.012863
v 0.166960 0.573011 0.009338
v -0.041089 0.664499 0.095383
v -0.201262 0.783116 -0.020815
v -0.128617 0.841039 0.092686
v -0.120555 0.821397 0.094301
v -0.098723 0.835415 0.094169
v -0.195957 0.374261 0.009229
v -0.175724 0.386646 0.011127
v 0.107607 0.366957 0.041795
v 0.167307 0.876318 0.029361
v 0.120477 0.348297 0.032414
v -0.172165 0.876119 0.006846
v 0.203060 0.417022 -0.042789
v 0.180296 0.403574 -0.007493
v 0.047552 0.761423 0.092689
v 0.195807 0.674040 0.000879
v -0.142950 0.486398 -0.000798
v -0.042764 0.785312 0.090816
v -0.171705 0.590086 -0.004922
v 0.177551 0.462944 -0.011888
v -0.232090 0.427029 -0.055314
v 0.162438 0.433133 0.007636
v 0.185113 0.809772 -0.004358
v 0.014479 0.344153 0.061034
v 0.148944 0.399351 0.027419
v 0.134967 0.398370 0.034957
v 0.182560 0.670915 0.015010
v 0.141732 0.469560 0.035430
v -0.134451 0.692973 0.071917
v -0.157116 0.657730 0.004948
v 0.169026 0.690351 0.018643
v 0.195594 0.385306 -0.003082
v -0.152974 0.627914 0.012169
v -0.083817 0.675769 0.094894
v 0.102451 0.826587 0.091226
v -0.049618 0.415716 0.071897
v -0.217509 0.430310 -0.024534
v -0.243007 0.378820 -0.052280
v -0.011454 0.746706 0.100308
v -0.008866 0.549805 0.080479
v 0.004603 0.550237 0.086072
v -0.118970 0.571395 0.068208
v 0.152362 0.443794 0.028196
v 0.054052 0.878490 0.092885
v 0.139320 0.811440 0.077234
v 0.141913 0.783498 0.070078
v -0.198887 0.692329 -0.004016
v 0.097862 0.708569 0.088246
v 0.188685 0.711858 -0.029030
v 0.048978 0.436513 0.064779
v -0.156296 0.876294 0.070961
v 0.163621 0.778425 0.046278
v 0.031035 0.877790 0.097654
v -0.233800 0.413319 -0.033277
v -0.164998 0.748921 0.058991
v -0.170344 0.762646 0.005947
v -0.165516 0.768526 0.033514
v 0.003199 0.358445 0.077593
v 0.184526 0.765476 -0.026846
v -0.230731 0.525755 -0.033677
v 0.171763 0.815517 0.032465
v 0.188751 0.399073 -0.044760
v 0.054296 0.705856 0.088600
v -0.207581 0.371379 -0.013815
v 0.217651 0.404687 -0.044587
v 0.013809 0.592716 0.095149
v -0.157554 0.549855 0.054310
v -0.165310 0.577805 0.042686
v -0.202611 0.727922 -0.007413
v 0.061938 0.762278 0.089818
v -0.119944 0.648834 0.074925
v -0.232470 0.494661 -0.040620
v 0.022245 0.794169 0.101087
v 0.004798 0.468241 0.075123
v 0.094782 0.675753 0.086650
v 0.102917 0.653279 0.082122
v -0.129914 0.720591 0.076179
v 0.004823 0.403219 0.073612
v 0.000511 0.391366 0.084641
v -0.012622 0.410535 0.077400
v -0.073485 0.612617 0.086068
v 0.172148 0.847736 0.021132
v -0.037423 0.419062 0.075923
v 0.200922 0.534523 0.005089
v 0.187873 0.471050 0.015611
v 0.134288 0.690562 0.067695
v 0.141867 0.663276 0.054264
v 0.127219 0.662700 0.068318
v -0.001894 0.680210 0.094432
v 0.214574 0.537007 -0.050593
v 0.176040 0.749418 0.016435
v 0.170036 0.769855 0.021569
v 0.194318 0.757308 0.010466
v -0.124296 0.590963 0.067891
v 0.006555 0.859339 0.100554
v -0.205991 0.416543 -0.007931
v 0.189259 0.777133 0.014467
v -0.167281 0.497369 -0.002027
v -0.156771 0.526039 -0.005697
v 0.186463 0.352043 -0.047559
v 0.220750 0.364461 -0.069926
v -0.141025 0.781862 0.076842
v 0.192058 0.444941 -0.041218
v 0.130534 0.379534 0.035659
v 0.171010 0.700524 0.038651
v -0.057615 0.687010 0.098485
v -0.033444 0.878034 0.093403
v 0.175390 0.363757 -0.025825
v 0.182056 0.617164 -0.010392
v -0.064471 0.802144 0.098170
v 0.082273 0.510098 0.067206
v -0.027264 0.373335 0.077289
v -0.040832 0.375382 0.070518
v 0.164051 0.682547 0.044178
v -0.037006 0.694485 0.086788
v 0.178057 0.469381 -0.033722
v -0.061384 0.576040 0.084384
v -0.082026 0.585590 0.080016
v 0.168311 0.594204 0.009892
v -0.165146 0.718204 0.018866
v -0.093159 0.758102 0.100260
v -0.108934 0.623907 0.076041
v 0.105079 0.781200 0.087395
v 0.025665 0.387236 0.063621
v 0.044226 0.397323 0.064371
v -0.058186 0.876688 0.096197
v -0.216650 0.550506 -0.047702
v 0.204225 0.438245 0.005904
v 0.077467 0.654497 0.084016
v 0.013680 0.511080 0.084376
v -0.144483 0.855460 0.077692
v -0.158730 0.847642 0.068279
v 0.163656 0.746315 0.047189
v -0.136918 0.417644 0.023186
v -0.144955 0.424421 0.033453
v -0.149364 0.404430 0.045894
v 0.177131 0.381571 -0.036593
v 0.201541 0.386753 -0.045542
v 0.202703 0.360341 -0.001051
v -0.204399 0.766588 -0.022598
v -0.151405 0.426436 0.045684
v 0.046139 0.724159 0.094966
v -0.023372 0.645520 0.085855
v -0.024997 0.807690 0.097193
v 0.071448 0.395775 0.057994
v -0.152177 0.445392 -0.008225
v 0.208381 0.350168 -0.046739
v 0.178450 0.820346 0.016957
v 0.225296 0.372806 -0.050187
v 0.164438 0.568726 0.023106
v 0.147592 0.564280 0.038171
v 0.157106 0.542154 0.031070
v 0.142478 0.581521 0.043819
v 0.007888 0.439532 0.073936
v 0.012120 0.427108 0.075994
v 0.015962 0.455647 0.076219
v -0.129703 0.754755 0.083464
v 0.175263 0.623708 0.009070
v 0.163941 0.615856 0.023122
v 0.084798 0.373360 0.051131
v 0.062703 0.800995 0.093686
v 0.189905 0.698880 0.017237
v 0.216937 0.453242 -0.061027
v 0.178123 0.374322 -0.010187
v 0.208218 0.611543 -0.041850
v -0.019949 0.859403 0.098107
v 0.211530 0.558221 -0.048835
v 0.015534 0.820794 0.102545
v 0.027944 0.762802 0.097584
v 0.134594 0.442957 0.037559
v -0.067209 0.637500 0.095279
v 0.027689 0.342982 0.060667
v 0.006180 0.534475 0.089924
v 0.109618 0.855037 0.084965
v 0.092892 0.876378 0.085917
v 0.024264 0.846445 0.100467
v -0.013992 0.476869 0.079044
v -0.029235 0.467417 0.085556
v -0.155088 0.731000 0.062224
v -0.120935 0.721421 0.086886
v 0.123229 0.596269 0.057645
v -0.085055 0.729650 0.102144
v -0.161552 0.620525 0.028035
v -0.227317 0.456796 -0.028136
v -0.177202 0.731847 -0.005286
v 0.187425 0.827491 0.002949
v -0.054857 0.591393 0.088226
v -0.045643 0.609406 0.093935
v -0.164208 0.751920 0.031441
v 0.044931 0.600179 0.073793
v 0.061014 0.569779 0.083997
v 0.024081 0.618214 0.091907
v -0.156020 0.396163 -0.009187
v -0.100899 0.506495 0.070571
v 0.210248 0.583933 -0.046181
v -0.199211 0.758013 -0.005551
v -0.190350 0.772361 -0.002367
v -0.203763 0.494117 0.000153
v -0.222239 0.393027 -0.062104
v 0.161541 0.524921 0.023776
v 0.218795 0.392843 -0.066957
v -0.132204 0.522244 0.062099
v -0.157119 0.424209 -0.008489
v -0.140104 0.412775 -0.001980
v -0.096032 0.673414 0.086733
v -0.114377 0.696403 0.085161
v 0.074224 0.575807 0.077974
v -0.148130 0.572561 0.003735
v 0.191090 0.626429 -0.032070
v 0.195192 0.599456 -0.032684
v -0.003858 0.491746 0.076864
v -0.088272 0.850570 0.100242
v -0.137603 0.813226 0.080169
v -0.158148 0.822801 0.069254
v 0.101290 0.811813 0.089770
v 0.038264 0.808959 0.090779
v 0.086171 0.623476 0.084837
v -0.097968 0.651907 0.082834
v -0.236975 0.403541 -0.055861
v 0.098528 0.588689 0.071859
v 0.089110 0.805608 0.090195
v -0.211625 0.651399 -0.037732
v -0.214644 0.457486 -0.019652
v -0.218352 0.482874 -0.022399
v -0.019289 0.494090 0.086146
v -0.140982 0.351830 0.037621
v -0.096371 0.591286 0.076467
v -0.041213 0.726663 0.089347
v -0.218774 0.462522 -0.056867
v -0.149410 0.568578 0.021539
v -0.136517 0.565317 0.062858
v 0.182624 0.576504 -0.034848
v -0.163061 0.681354 0.025702
v 0.021314 0.568480 0.078884
v -0.073555 0.840397 0.094881
v 0.109318 0.568459 0.061082
v -0.147650 0.376858 0.044205
v -0.133574 0.371942 0.031055
v 0.141452 0.750681 0.071700
v 0.134316 0.721331 0.075672
v 0.182065 0.535549 -0.035469
v -0.220369 0.432815 -0.059556
v 0.045845 0.786038 0.091958
v -0.167456 0.831720 0.037642
v 0.200864 0.606890 0.008038
v 0.192881 0.628836 -0.003996
v 0.046327 0.855416 0.088699
v 0.143486 0.648925 0.052303
v -0.061442 0.770911 0.098808
v -0.106342 0.744952 0.091071
v 0.225182 0.386381 -0.051669
v -0.112995 0.550943 0.068636
v -0.154204 0.564283 0.058714
v 0.174128 0.749634 0.039175
v 0.150945 0.422881 0.028217
v -0.014864 0.761458 0.101699
v -0.211131 0.508003 -0.014484
v -0.148861 0.520694 0.059376
v 0.007988 0.371366 0.074352
v -0.132485 0.546384 0.063229
v 0.193804 0.471378 -0.005855
v 0.183559 0.492237 -0.008980
v 0.165206 0.877108 0.040295
v 0.167250 0.527296 0.006824
v 0.007659 0.658516 0.101690
v -0.152334 0.703589 0.067319
v 0.139857 0.621590 0.051629
v 0.160640 0.805936 0.047324
v 0.168497 0.719097 0.029369
v 0.219297 0.409517 -0.064996
v -0.034745 0.513136 0.082207
v 0.053875 0.465012 0.066767
v -0.056418 0.347791 0.063309
v -0.216671 0.533671 -0.019350
v 0.059723 0.596999 0.083370
v 0.175435 0.351011 -0.032273
v -0.183960 0.575977 0.003247
v 0.112251 0.697199 0.082551
v -0.043377 0.753081 0.091175
v 0.045535 0.837955 0.090260
v -0.082890 0.803941 0.100103
v 0.077599 0.596385 0.081479
v 0.173905 0.421027 0.006308
v 0.198671 0.583620 0.000024
v -0.217360 0.580231 -0.044140
v 0.147981 0.349881 0.012724
v 0.160358 0.876961 0.059670
v 0.031290 0.862734 0.095148
v 0.020370 0.635307 0.097453
v 0.162114 0.589065 0.032892
v 0.193368 0.678814 0.015477
v 0.071293 0.855833 0.086371
v -0.012010 0.702085 0.096444
v 0.118777 0.669445 0.076586
v 0.208639 0.533816 -0.038325
v 0.196549 0.552346 -0.035637
v -0.018165 0.732597 0.099753
v -0.173363 0.736401 0.040478
v -0.073623 0.557631 0.079919
v -0.218700 0.623473 -0.035867
v -0.061611 0.740020 0.098786
v -0.156134 0.497168 0.033988
v -0.152021 0.482893 0.055322
v 0.128489 0.876437 0.083703
v -0.133859 0.356784 0.014277
v 0.165029 0.404143 0.005350
v -0.212011 0.596427 -0.015057
v 0.112514 0.409578 0.042879
v -0.171813 0.374764 0.005711
v 0.157722 0.386275 0.007596
v 0.181149 0.482191 -0.036313
v 0.067175 0.879115 0.091440
v -0.042192 0.440336 0.075042
v 0.181805 0.773175 -0.006331
v -0.052963 0.842398 0.094422
v 0.177944 0.443062 0.007199
v -0.091126 0.707670 0.095671
v -0.204669 0.461864 -0.001467
v -0.115754 0.876371 0.088057
v -0.127831 0.855267 0.091968
v 0.003203 0.567644 0.084417
v -0.014953 0.577784 0.081245
v -0.031408 0.778812 0.091962
v -0.031477 0.347275 0.068415
v 0.098096 0.602655 0.076155
v 0.119249 0.609286 0.062302
v 0.201203 0.506121 0.001883
v 0.187504 0.514891 0.014843
v 0.108023 0.582719 0.064402
v -0.034561 0.486481 0.081097
v 0.223803 0.412644 -0.052883
v 0.217291 0.439994 -0.062588
v -0.198412 0.587482 0.000778
v -0.091696 0.374060 0.060263
v 0.013010 0.878958 0.096739
v -0.174108 0.775596 0.052634
v -0.158847 0.774469 0.066961
v -0.158081 0.759276 0.066428
v -0.069503 0.472468 0.077313
v -0.067075 0.452877 0.077338
v -0.047782 0.460181 0.075796
v -0.160963 0.557735 0.032091
v -0.242802 0.349490 -0.040849
v -0.141561 0.511511 0.007926
v -0.146400 0.504131 0.019942
v -0.145776 0.396813 0.035147
v 0.105606 0.523992 0.056151
v 0.023148 0.464306 0.069028
v 0.152827 0.367859 0.009080
v 0.096515 0.425297 0.050541
v 0.123705 0.640872 0.065990
v 0.040505 0.457856 0.073208
v 0.170785 0.351400 0.006043
v -0.159016 0.696165 0.024332
v -0.171084 0.707359 0.038233
v 0.040592 0.685716 0.094696
v 0.193117 0.717019 0.000265
v 0.203453 0.404550 0.006386
v 0.202174 0.414651 0.015751
v 0.198250 0.389215 0.019804
v -0.115284 0.674415 0.081638
v -0.173340 0.675788 -0.005936
v -0.105843 0.795455 0.093597
v -0.053210 0.828495 0.095309
v 0.151425 0.837825 0.070607
v 0.148708 0.855599 0.071087
v 0.159172 0.842504 0.052923
v 0.155332 0.765233 0.053160
v -0.137189 0.427702 0.002787
v -0.018699 0.600379 0.081995
v -0.005636 0.602220 0.082503
v -0.010243 0.627586 0.084586
v -0.027223 0.684792 0.087757
v -0.143523 0.355646 -0.001619
v -0.184281 0.743765 -0.002767
v -0.144185 0.463192 0.027086
v -0.136802 0.453599 0.008141
v -0.228844 0.539248 -0.030282
v -0.215471 0.535780 -0.050664
v 0.199370 0.524520 0.014086
v 0.192118 0.435981 0.019053
v -0.060839 0.439261 0.072660
v 0.176190 0.566777 -0.013675
v 0.202799 0.469728 0.003443
v -0.016564 0.846474 0.103791
v -0.163607 0.354292 -0.004081
v 0.124758 0.698800 0.079296
v 0.066056 0.732961 0.086178
v -0.076343 0.826088 0.096374
v 0.222161 0.430905 -0.049743
v 0.159850 0.860882 0.062059
v 0.214311 0.459612 -0.041889
v 0.042768 0.341169 0.058887
v -0.139648 0.445895 0.060437
v 0.020645 0.425060 0.067129
v 0.159256 0.610574 0.038434
v 0.195325 0.701735 0.001139
v 0.161532 0.855409 0.051182
v -0.137751 0.464270 0.015837
v -0.189978 0.837782 -0.006529
v 0.173298 0.531033 -0.026974
v -0.089994 0.517479 0.072794
v -0.114559 0.526332 0.066870
v 0.115607 0.440396 0.045376
v -0.207330 0.739618 -0.012221
v 0.176708 0.642401 -0.013123
v -0.133613 0.483852 0.063268
v 0.094272 0.344580 0.044013
v 0.079996 0.343701 0.047474
v 0.094678 0.365900 0.045217
v -0.091672 0.534911 0.073555
v -0.141948 0.443092 0.028844
v 0.110949 0.638662 0.075121
v -0.153503 0.446177 0.046811
v -0.199471 0.715077 -0.004359
v -0.214302 0.642323 -0.014171
v 0.062007 0.620243 0.082410
v 0.066461 0.638842 0.083566
v -0.162680 0.722941 0.030979
v -0.228078 0.360423 -0.064392
v 0.180384 0.508731 -0.035105
v 0.193181 0.521914 -0.038487
v 0.072827 0.430644 0.059252
v 0.056869 0.412377 0.062424
v 0.048503 0.423769 0.063601
v 0.191004 0.421389 -0.043384
v 0.101789 0.745300 0.087967
v 0.081498 0.742304 0.086397
v 0.085459 0.763551 0.088355
v 0.174753 0.448547 -0.031415
v 0.179148 0.424189 -0.038279
v -0.093883 0.348900 0.059192
v 0.143411 0.602214 0.047751
v -0.149851 0.622749 0.063675
v 0.117426 0.544036 0.052556
v 0.138463 0.534999 0.040382
v 0.135328 0.554138 0.043559
v -0.029978 0.445907 0.077808
v 0.187252 0.369898 -0.046821
v 0.207412 0.370600 -0.045014
v -0.061477 0.495917 0.077597
v -0.161708 0.685582 0.003275
v -0.167170 0.704122 -0.002152
v -0.222153 0.578768 -0.022460
v -0.227323 0.369156 -0.031981
v -0.008305 0.441529 0.085874
v -0.021484 0.430073 0.084724
v 0.179806 0.702392 -0.027937
v -0.014201 0.560653 0.085838
v -0.189377 0.426543 0.010621
v 0.020893 0.779802 0.101134
v -0.133592 0.388772 0.014382
v 0.065472 0.373387 0.057138
v 0.152721 0.788601 0.066359
v -0.217192 0.509547 -0.053081
v -0.129519 0.606659 0.067274
v 0.188090 0.721701 0.018177
v 0.194522 0.742127 0.011646
v -0.066945 0.621714 0.092822
v -0.209897 0.635784 -0.042082
v -0.174361 0.805964 0.046451
v -0.174305 0.789997 0.052032
v -0.175457 0.821898 -0.001620
v -0.002040 0.419068 0.079509
v -0.206388 0.738845 -0.027501
v -0.197484 0.560691 0.002242
v 0.183370 0.603039 -0.009011
v -0.065204 0.850398 0.092930
v 0.180799 0.875076 -0.000788
v -0.133760 0.390265 0.027019
v -0.006827 0.501496 0.085876
v -0.031854 0.396894 0.081995
v -0.165901 0.400322 0.002212
v -0.044848 0.821058 0.088753
v -0.170829 0.661116 0.040825
v -0.167683 0.640456 0.034748
v -0.156518 0.651573 0.022504
v 0.202112 0.478847 0.012222
v 0.130474 0.462910 0.039827
v -0.214858 0.554574 -0.014960
v -0.021850 0.534464 0.091306
v -0.020506 0.520378 0.090277
v -0.041211 0.532369 0.080890
v -0.053583 0.530595 0.082836
v -0.002606 0.808768 0.102309
v 0.009738 0.755094 0.103580
v -0.001538 0.791923 0.102021
v 0.040649 0.586404 0.072781
v -0.197882 0.468880 0.006519
v 0.200549 0.619885 0.007203
v -0.201642 0.392250 0.003192
v -0.163731 0.665766 0.028971
v 0.215502 0.473310 -0.060940
v -0.105949 0.575849 0.072310
v -0.115850 0.599992 0.071252
v -0.006125 0.366625 0.076149
v -0.004552 0.343439 0.077678
v -0.016856 0.344387 0.074407
v -0.150531 0.588514 0.002253
v -0.177291 0.601180 -0.002072
v 0.049782 0.621933 0.076910
v 0.129422 0.767783 0.084072
v -0.157278 0.374261 -0.009027
v -0.174729 0.747900 0.050460
v -0.184640 0.411112 0.012726
v -0.131424 0.369627 0.014657
v -0.016823 0.785632 0.102564
v -0.124426 0.798400 0.093251
v -0.208625 0.569781 -0.011111
v -0.180262 0.654630 -0.002803
v -0.176630 0.640803 -0.004671
v -0.174336 0.433633 0.007037
v 0.175122 0.879089 0.019671
v -0.084681 0.437998 0.072030
v -0.130550 0.863492 0.082969
v 0.173504 0.414397 -0.016820
v 0.174125 0.390119 -0.017603
v -0.143996 0.486477 0.014599
v -0.052824 0.781359 0.096578
v -0.002702 0.525124 0.075494
v 0.183584 0.529608 0.011121
v 0.187549 0.547687 0.012980
v -0.194860 0.676988 -0.001526
v -0.209594 0.691382 -0.011164
v 0.163540 0.547681 0.021512
v -0.153516 0.465528 0.035117
v -0.150660 0.468101 0.054503
v 0.184659 0.429671 -0.008040
v 0.198430 0.445287 -0.002678
v -0.178770 0.866263 0.010081
v -0.209690 0.665340 -0.009950
v -0.148611 0.804573 0.070466
v 0.178795 0.569814 0.007001
v 0.069906 0.830842 0.091064
v 0.080383 0.829595 0.083604
v 0.054783 0.811601 0.094273
v 0.204568 0.372331 0.001020
v -0.149533 0.542297 0.060177
v 0.108605 0.683773 0.084250
v -0.184786 0.452625 0.010316
v -0.173706 0.854304 0.032264
v -0.177733 0.844846 0.020581
v -0.180440 0.863608 -0.011005
v -0.208342 0.407062 -0.015501
v 0.029408 0.362604 0.059949
v 0.176347 0.753247 -0.019915
v 0.175683 0.725991 -0.014656
v 0.180975 0.745098 -0.006161
v 0.191868 0.783451 0.004468
v -0.209424 0.680335 -0.035591
v 0.193125 0.626632 0.014785
v 0.169368 0.509016 0.005294
v 0.160920 0.503214 0.012828
v 0.164793 0.483715 0.006494
v 0.093418 0.502014 0.059210
v 0.175213 0.407055 -0.032591
v 0.130742 0.862013 0.084270
v 0.173560 0.770850 0.043467
v 0.205287 0.645599 -0.039817
v -0.203970 0.520434 -0.000888
v -0.195691 0.506157 0.005512
v -0.007490 0.879034 0.094602
v 0.205296 0.351427 0.017629
v 0.169818 0.363774 0.006031
v -0.044969 0.363785 0.073218
v 0.018689 0.387051 0.063446
v 0.109655 0.726552 0.086344
v -0.093113 0.549653 0.074107
v -0.212620 0.700502 -0.019377
v 0.190480 0.584514 0.014122
v -0.070667 0.714481 0.096500
v -0.048410 0.713121 0.094568
v -0.055198 0.728304 0.098687
v -0.145511 0.373614 -0.002164
v 0.008845 0.481257 0.072830
v 0.130982 0.509656 0.042910
v -0.145599 0.830758 0.079515
v 0.170560 0.794972 0.022814
v -0.206710 0.722605 -0.030156
v -0.208909 0.717639 -0.012131
v -0.174384 0.828378 0.028200
v 0.152916 0.463204 0.030575
v -0.000026 0.632184 0.090529
v -0.160647 0.546441 -0.005688
v -0.147557 0.648855 0.066457
v -0.159763 0.658757 0.061024
v -0.149373 0.674544 0.068443
v -0.206970 0.697873 -0.033845
v 0.207136 0.624605 -0.042674
v 0.173765 0.830392 -0.014742
v 0.150681 0.703717 0.051990
v 0.106045 0.510825 0.054174
v 0.212639 0.447475 -0.040745
v 0.128902 0.679459 0.071946
v -0.217481 0.649589 -0.027433
v 0.096822 0.543703 0.063969
v 0.076882 0.552677 0.073664
v 0.081451 0.534940 0.070074
v 0.018863 0.558294 0.086646
v 0.212706 0.393045 -0.042781
v 0.087821 0.732402 0.092107
v 0.085998 0.718714 0.091528
v -0.032627 0.637944 0.092864
v 0.036469 0.513892 0.079515
v 0.032850 0.478214 0.067421
v 0.030643 0.548161 0.070357
v 0.040201 0.572130 0.074350
v 0.029941 0.492812 0.068236
v 0.034422 0.531413 0.074643
v 0.043206 0.497972 0.078077
v -0.176511 0.544094 0.000189
v 0.126097 0.836791 0.082435
v 0.118359 0.826813 0.083502
v 0.130387 0.578285 0.050789
v 0.172254 0.678559 0.013462
v -0.081982 0.449678 0.073549
v 0.082215 0.498075 0.063970
v -0.180756 0.498505 0.006553
v -0.174990 0.475065 0.005918
v -0.172508 0.507828 0.002485
v 0.183143 0.489646 0.011588
v -0.165097 0.718684 0.006465
v 0.167165 0.635307 0.032597
v 0.165129 0.659255 0.026786
v 0.161835 0.651319 0.042506
v 0.090798 0.439767 0.053402
v 0.104965 0.449426 0.049252
v -0.159378 0.815521 0.058721
v -0.221477 0.603404 -0.034829
v 0.203915 0.451158 0.006383
v 0.070893 0.511324 0.070225
v 0.077571 0.454158 0.060385
v 0.087423 0.477656 0.058714
v 0.126630 0.620136 0.059311
v 0.059884 0.503806 0.070566
v 0.174162 0.638484 -0.024490
v 0.166418 0.546054 0.008450
v 0.062765 0.489828 0.071005
v -0.116244 0.453747 0.062149
v -0.169340 0.750183 0.009293
v 0.132994 0.424981 0.034821
v -0.143053 0.585194 0.062859
v -0.140420 0.427676 0.058352
v 0.150910 0.389029 0.021667
v -0.024171 0.363752 0.069470
v 0.050135 0.521694 0.075486
v -0.126613 0.779274 0.090978
v -0.152552 0.461192 -0.007902
v -0.158048 0.859837 0.063189
v 0.207772 0.351815 0.005613
v 0.174195 0.700287 0.013836
v 0.188057 0.460972 -0.006507
v -0.065209 0.820873 0.097699
v 0.140165 0.708184 0.062302
v -0.158906 0.503657 0.043800
v -0.036676 0.740682 0.088362
v -0.199818 0.785315 -0.009466
v 0.153981 0.627140 0.045202
v -0.161875 0.877761 0.049889
v -0.174637 0.833373 0.007131
v -0.175342 0.847970 -0.002635
v 0.110964 0.390563 0.042246
v 0.082687 0.778421 0.086822
v -0.193534 0.815065 -0.020255
v 0.202766 0.393654 0.001455
v -0.092812 0.874216 0.090790
v -0.153977 0.501180 0.054715
v 0.065713 0.528299 0.072258
v 0.060454 0.544296 0.077169
v 0.046226 0.537393 0.081915
v -0.171981 0.863010 0.048198
v -0.162546 0.875516 0.061196
v 0.176085 0.643931 0.010223
v -0.091429 0.477711 0.071302
v 0.056381 0.788754 0.096423
v -0.032061 0.833601 0.092278
v 0.003866 0.773133 0.102460
v 0.179797 0.851327 -0.007163
v 0.117493 0.877896 0.079506
v 0.109391 0.802896 0.086993
v 0.175878 0.665277 -0.025865
v 0.171686 0.835224 0.021902
v -0.065617 0.362734 0.068893
v 0.015620 0.542185 0.077654
v 0.019068 0.525180 0.072861
v 0.179625 0.695507 -0.008965
v 0.173477 0.501404 -0.028215
v 0.168878 0.757314 0.023074
v 0.095783 0.463366 0.053943
v -0.186307 0.825992 -0.002944
v 0.117225 0.759045 0.084638
v 0.040843 0.554507 0.081904
v 0.146407 0.877962 0.068173
v 0.201909 0.480961 -0.037860
v 0.197393 0.464823 -0.039217
v 0.198717 0.705292 -0.032243
v 0.023614 0.507743 0.069348
v 0.174123 0.737167 0.016275
v 0.004329 0.833941 0.102150
v -0.045807 0.565145 0.084632
v -0.078058 0.693164 0.101306
v -0.085689 0.364037 0.060977
v 0.047845 0.482263 0.069870
v -0.117176 0.848647 0.091941
v -0.226027 0.564475 -0.027762
v 0.053883 0.656211 0.081328
v 0.110122 0.473167 0.048554
v 0.091221 0.558395 0.069683
v 0.033641 0.380327 0.058460
v 0.194002 0.740000 -0.029957
v 0.201218 0.686742 -0.034074
v 0.197820 0.718938 -0.031702
v -0.000358 0.849654 0.102642
v -0.140455 0.475033 0.020948
v -0.139694 0.464123 0.004097
v -0.218887 0.449841 -0.058126
v -0.236284 0.446315 -0.047413
v 0.155822 0.444995 0.014545
v -0.166482 0.726302 0.060432
v 0.175522 0.579618 -0.014918
v 0.172827 0.594611 -0.022804
v -0.133399 0.662522 0.069321
v 0.126060 0.813835 0.085098
v -0.109649 0.772211 0.091967
v 0.169023 0.731533 0.028244
v 0.101195 0.486632 0.053733
v 0.116265 0.496500 0.048209
v 0.123416 0.485673 0.043739
v 0.157427 0.474224 0.019135
v 0.145610 0.517993 0.037474
v 0.150908 0.503096 0.032029
v -0.120225 0.734123 0.089313
v 0.182806 0.629252 -0.009433
v -0.167227 0.485536 -0.001809
v 0.125816 0.714911 0.081073
v -0.158342 0.684896 0.062525
v -0.151274 0.521734 0.028222
v -0.161837 0.531984 0.040004
v -0.157562 0.545138 0.028421
v -0.029723 0.409346 0.082096
v 0.000719 0.557226 0.077229
v -0.210316 0.622383 -0.043743
v -0.154923 0.484716 0.034564
v 0.059374 0.339477 0.054854
v -0.027053 0.712035 0.089710
v 0.137765 0.494625 0.037886
v -0.206730 0.390418 -0.009904
v -0.218183 0.400691 -0.026153
v -0.212637 0.378121 -0.022082
v 0.162127 0.459914 0.007160
v 0.176790 0.541896 -0.013475
v 0.139791 0.794714 0.076371
v 0.051976 0.865095 0.093788
v 0.039023 0.881653 0.089950
v 0.172888 0.430274 -0.026996
v 0.124377 0.741312 0.083743
v 0.187545 0.608615 -0.034349
v 0.003249 0.383034 0.075239
v 0.085063 0.841910 0.085191
v -0.159410 0.796167 0.060313
v 0.138551 0.825872 0.073860
v -0.150869 0.515894 -0.005495
v 0.199546 0.494461 -0.001714
v 0.175210 0.704046 -0.015876
v -0.061151 0.414730 0.074045
v -0.098253 0.769052 0.097304
v -0.144103 0.877289 0.072569
v 0.011456 0.741255 0.103835
v 0.193838 0.409722 -0.044620
v 0.204523 0.581210 -0.036005
v -0.050170 0.486506 0.080162
v 0.184726 0.350707 0.016266
v 0.185471 0.370475 0.017114
v -0.188395 0.835605 -0.017613
v 0.214158 0.511406 -0.043682
v -0.011612 0.828678 0.105325
v -0.081811 0.763271 0.099768
v -0.092636 0.785067 0.102118
v 0.216958 0.477908 -0.045772
v 0.144869 0.351056 0.023645
v -0.201425 0.350398 -0.006191
v -0.156909 0.582864 0.029243
v 0.173322 0.473159 -0.016315
v -0.225576 0.471441 -0.054249
v 0.023939 0.586710 0.079469
v 0.187231 0.434451 -0.041373
v 0.191569 0.483406 -0.006791
v 0.006353 0.686494 0.102231
v 0.005623 0.706667 0.103212
v 0.051978 0.374955 0.056961
v -0.150489 0.415450 0.041043
v -0.104967 0.398013 0.060490
v -0.026743 0.508328 0.089427
v -0.223860 0.339035 -0.065665
v 0.157555 0.488107 0.027860
v -0.238693 0.424274 -0.038707
v -0.224011 0.418744 -0.029477
v -0.235191 0.438953 -0.033413
v -0.168770 0.637239 0.049138
v 0.220700 0.455971 -0.050521
v 0.126634 0.390330 0.037675
v 0.190999 0.683161 -0.029557
v -0.167360 0.728859 0.000409
v 0.060038 0.682993 0.082711
v -0.163264 0.605111 0.053861
v -0.172609 0.663263 -0.006037
v 0.180039 0.606794 0.009286
v 0.023611 0.720252 0.097914
v -0.109771 0.652477 0.079908
v 0.007660 0.725760 0.104037
v -0.007328 0.726816 0.098956
v -0.000197 0.748239 0.100507
v 0.076313 0.757010 0.085342
v -0.042174 0.652004 0.094564
v 0.180643 0.653176 -0.009228
v -0.172103 0.671626 0.047198
v 0.120558 0.803613 0.087753
v -0.172403 0.685425 0.044301
v 0.175742 0.353002 -0.020809
v 0.017956 0.664332 0.100199
v 0.180593 0.737683 -0.026741
v 0.156235 0.777658 0.054372
v 0.165961 0.858866 0.041410
v -0.141886 0.443776 -0.003075
v -0.026599 0.619862 0.091947
v -0.208837 0.651021 -0.008371
v 0.146910 0.375211 0.025590
v -0.107825 0.364185 0.061642
v 0.181120 0.564881 -0.034733
v 0.200964 0.545545 0.008878
v 0.193643 0.496792 0.017528
v -0.170845 0.803275 0.026824
v 0.176581 0.811132 -0.010302
v 0.042955 0.657823 0.089478
v 0.038016 0.640143 0.088228
v -0.168728 0.879346 0.026425
v 0.065041 0.666240 0.088499
v -0.186993 0.399903 0.013108
v -0.173951 0.769366 0.042425
v -0.174487 0.760437 0.051847
v 0.024873 0.644052 0.090457
v 0.121808 0.569728 0.054204
v -0.237501 0.374743 -0.061329
v -0.212407 0.438924 -0.018969
v -0.141293 0.739889 0.076208
v -0.157685 0.646209 0.001869
v 0.184630 0.793075 -0.026803
v -0.172626 0.848917 0.049636
v 0.109066 0.549438 0.058143
v -0.082733 0.620642 0.084011
v 0.186437 0.752325 0.016445
v -0.089644 0.506117 0.073025
v 0.021866 0.365842 0.062222
v -0.012506 0.380952 0.079940
v -0.008881 0.867902 0.096555
v 0.152791 0.644764 0.047374
v 0.177975 0.796757 -0.007544
v 0.180158 0.808588 -0.024810
v -0.218536 0.604670 -0.019549
v 0.163632 0.596053 0.020215
v 0.181253 0.504465 -0.010633
v 0.175059 0.486616 -0.014564
v 0.197169 0.347920 -0.049762
v -0.146121 0.571483 0.062165
v -0.150341 0.353686 -0.010312
v -0.160994 0.573633 0.052635
v -0.156320 0.591358 0.058369
v 0.196317 0.513958 -0.005231
v 0.201138 0.520428 0.003302
v 0.185529 0.528344 -0.010178
v -0.098421 0.695968 0.088515
v 0.200280 0.578651 0.011772
v -0.073031 0.537300 0.078887
v -0.070647 0.518057 0.077894
v -0.023260 0.452798 0.084445
v -0.027314 0.657588 0.084626
v -0.166747 0.522610 -0.002145
v -0.196383 0.634230 -0.001174
v -0.093611 0.435562 0.065443
v -0.098449 0.457004 0.066016
v -0.152389 0.606043 0.002164
v -0.220183 0.624477 -0.024833
v 0.011496 0.641862 0.100933
v 0.195822 0.377237 -0.047411
v 0.210663 0.573230 -0.051001
v 0.207567 0.558780 -0.039297
v -0.046989 0.393975 0.070376
v 0.173478 0.432290 0.005930
v 0.190223 0.803380 0.003400
v 0.182409 0.808539 0.016253
v -0.082930 0.742370 0.102291
v -0.100438 0.806543 0.096119
v -0.146075 0.421187 -0.006918
v -0.190573 0.658304 -0.000732
v 0.146563 0.763183 0.063384
v 0.154399 0.744220 0.052523
v 0.050754 0.826766 0.092132
v 0.030235 0.821298 0.095234
v 0.034764 0.835322 0.090769
v -0.047727 0.806873 0.090297
v 0.163566 0.822492 0.045972
v 0.159223 0.821910 0.063869
v 0.159960 0.836359 0.062195
v 0.181448 0.689549 -0.029319
v 0.034104 0.718490 0.092846
v 0.045124 0.773726 0.091708
v 0.067679 0.812090 0.092444
v 0.166769 0.696762 0.028662
v 0.165950 0.679016 0.023049
v 0.176298 0.627543 -0.027783
v 0.027297 0.740611 0.096934
v 0.053922 0.732580 0.093907
v 0.041795 0.740256 0.093082
v -0.068665 0.649680 0.096860
v -0.205240 0.363342 -0.006099
v -0.109914 0.512565 0.067707
v -0.050818 0.372496 0.068037
v -0.233746 0.388006 -0.032852
v -0.230357 0.347571 -0.033520
v -0.237792 0.368983 -0.035438
v 0.110754 0.612318 0.068889
v 0.195071 0.643644 -0.031742
v 0.189282 0.550825 -0.008998
v 0.178255 0.725673 -0.025386
v 0.164950 0.879267 0.051049
v 0.150491 0.811384 0.067671
v 0.194627 0.572708 -0.005210
v 0.199753 0.559440 0.000011
v 0.180176 0.717265 -0.008684
v 0.019857 0.684278 0.099044
v 0.036593 0.697712 0.094138
v -0.136944 0.400959 0.029564
v 0.063669 0.774346 0.089912
v -0.107162 0.827593 0.093514
v -0.094872 0.827573 0.100798
v 0.173671 0.617146 -0.017553
v -0.029855 0.589826 0.091433
v -0.036349 0.609131 0.087978
v -0.044370 0.588781 0.091728
v 0.178039 0.797827 0.015370
v -0.209442 0.497224 -0.011799
v -0.133905 0.399082 0.010124
v 0.176004 0.840566 0.040567
v 0.076040 0.788690 0.085229
v 0.033090 0.410130 0.063810
v 0.085738 0.405158 0.054178
v 0.207097 0.373287 0.011903
v 0.200554 0.366561 0.019971
v -0.058828 0.390922 0.068459
v -0.067365 0.861147 0.091496
v 0.206480 0.391974 0.013107
v -0.081127 0.407203 0.070807
v -0.131079 0.470766 0.063224
v 0.171430 0.823088 0.023911
v 0.219779 0.340271 -0.073172
v -0.174877 0.757985 -0.003590
v -0.166841 0.730170 0.022856
v -0.161225 0.405336 -0.006412
v 0.127353 0.559807 0.049283
v -0.064449 0.400298 0.068796
v -0.125380 0.447345 0.061895
v -0.013496 0.450338 0.080706
v 0.022111 0.409882 0.066475
v -0.203384 0.411227 0.001317
v 0.182878 0.416820 0.010764
v -0.121452 0.382491 0.057381
v -0.131844 0.378398 0.058693
v 0.164180 0.641341 0.023711
v -0.136723 0.628872 0.066387
v -0.127913 0.620615 0.068732
v -0.071981 0.376731 0.069068
v 0.178106 0.664216 -0.011893
v -0.119169 0.346736 0.054987
v 0.054221 0.643635 0.081271
v -0.214950 0.491623 -0.055239
v -0.167177 0.843391 0.038107
v -0.134331 0.878841 0.080150
v 0.182733 0.587997 -0.034263
v -0.027856 0.551268 0.085222
v -0.041089 0.550393 0.083695
v -0.238447 0.403684 -0.036185
v 0.196629 0.537551 -0.004081
v -0.008388 0.690207 0.095641
v -0.050650 0.659306 0.097580
v 0.056881 0.580850 0.083221
v 0.059242 0.695730 0.083428
v -0.073578 0.600816 0.083878
v -0.150087 0.530263 0.021241
v -0.081609 0.863649 0.098443
v 0.191339 0.403289 0.019995
v 0.097901 0.389377 0.046390
v 0.008797 0.504077 0.076801
v 0.066757 0.847556 0.092385
v -0.118790 0.465659 0.062083
v -0.112207 0.473697 0.067277
v -0.112832 0.485335 0.066924
v 0.095186 0.644745 0.085708
v 0.067697 0.678188 0.089005
v -0.138665 0.346800 0.054861
v -0.000604 0.577738 0.081681
v 0.163026 0.723021 0.046064
v 0.164523 0.707182 0.044855
v -0.023103 0.821778 0.098983
v 0.079230 0.613145 0.084536
v -0.170692 0.456522 0.002383
v -0.162641 0.443273 -0.005047
v 0.157311 0.798300 0.063561
v 0.142582 0.675393 0.054689
v 0.202749 0.442136 -0.039359
v 0.144032 0.480629 0.034514
v -0.039897 0.466406 0.079037
v -0.051320 0.470233 0.077265
v 0.106162 0.845398 0.090522
v 0.058834 0.856111 0.093818
v 0.060316 0.834566 0.095097
v 0.188985 0.663754 -0.030524
v 0.204112 0.663622 -0.037232
v 0.048977 0.358145 0.059420
v -0.165799 0.865628 0.039744
v 0.187155 0.440022 -0.006339
v 0.176988 0.436779 -0.011341
v 0.173131 0.453825 -0.015680
v 0.015190 0.832122 0.102238
v -0.115833 0.633478 0.074796
v 0.096678 0.785884 0.092688
v 0.095547 0.762303 0.092633
v 0.183928 0.365986 -0.006001
v 0.180595 0.350304 -0.007506
v -0.177457 0.707152 -0.005479
v 0.012634 0.580732 0.093940
v -0.157710 0.499686 -0.006637
v 0.213427 0.493459 -0.060241
v 0.141010 0.727527 0.069484
v 0.150170 0.730615 0.057585
v -0.155809 0.435004 -0.008585
v -0.188039 0.465273 0.009193
v -0.076247 0.879853 0.089115
v -0.179698 0.695556 -0.004785
v -0.044384 0.507857 0.080535
v 0.013126 0.522368 0.087847
v -0.018933 0.634882 0.087426
v -0.242562 0.343353 -0.062365
v -0.165244 0.707867 0.060054
v -0.212274 0.348189 -0.022738
v 0.170699 0.562675 0.007680
v 0.173917 0.387872 -0.028341
v -0.166467 0.617750 0.037248
v -0.168096 0.620224 0.048402
v -0.196142 0.610890 0.000292
v -0.191273 0.600116 0.001695
v -0.003462 0.502214 0.075806
v -0.074379 0.800248 0.093414
v 0.143310 0.864561 0.073319
v -0.042444 0.881725 0.089048
v 0.211618 0.513598 -0.058006
v 0.037916 0.389957 0.059988
v -0.167691 0.739430 0.005448
v -0.224656 0.436906 -0.028851
v 0.192781 0.690542 -0.002409
v -0.059063 0.698955 0.098391
v -0.157092 0.668219 0.009168
v 0.151463 0.692153 0.050834
v 0.230396 0.343423 -0.057162
v 0.017279 0.855578 0.099689
v -0.205450 0.611326 -0.004589
v -0.097280 0.402643 0.066363
v 0.174238 0.490371 -0.028929
v -0.130503 0.709123 0.073936
v -0.143979 0.697837 0.071624
v -0.149521 0.714912 0.069653
v -0.225086 0.407897 -0.030268
v -0.100170 0.735619 0.092455
v -0.135363 0.427357 0.013642
v 0.094819 0.622182 0.079188
v -0.206122 0.439616 -0.006162
v -0.204779 0.429177 -0.002415
v -0.209926 0.420150 -0.017370
v 0.037091 0.762580 0.092502
v -0.091324 0.682951 0.091009
v -0.008306 0.537977 0.080743
v -0.162586 0.570279 -0.004906
v -0.176579 0.563403 -0.000947
v 0.164169 0.626779 0.025589
v 0.209920 0.594416 -0.049077
v -0.097679 0.382724 0.060412
v -0.194783 0.351305 0.006986
v -0.201747 0.370566 0.001000
v -0.158702 0.385918 -0.008443
v -0.163755 0.377743 -0.000465
v 0.092700 0.830898 0.089405
v 0.094468 0.852796 0.089108
v -0.009088 0.671498 0.093070
v -0.008362 0.654349 0.089658
v 0.004258 0.669839 0.099890
v -0.092148 0.609703 0.079703
v -0.100774 0.630422 0.079516
v 0.016647 0.622193 0.098108
v -0.121288 0.416295 0.061998
v 0.118674 0.420796 0.040661
v -0.205779 0.760520 -0.013560
v 0.090639 0.696877 0.085587
v 0.077855 0.695386 0.089926
v 0.175560 0.681989 -0.024267
v 0.207256 0.426455 -0.040349
v 0.083901 0.384013 0.050548
v 0.057305 0.558810 0.082686
v 0.029536 0.785862 0.098353
v -0.024825 0.579367 0.092115
v -0.197761 0.703708 -0.003521
v -0.174814 0.807516 -0.000870
v -0.183677 0.799492 -0.002656
v -0.193579 0.803642 -0.004012
v -0.194543 0.814762 -0.006863
v 0.080639 0.881375 0.081593
v 0.033763 0.622934 0.085201
v 0.028460 0.606476 0.080281
v -0.073368 0.345845 0.059885
v 0.004795 0.458345 0.081938
v 0.003386 0.446648 0.082986
v -0.135468 0.359760 0.032356
v 0.070524 0.419721 0.058404
v -0.009300 0.516784 0.088341
v 0.175209 0.372299 -0.031740
v 0.162799 0.670715 0.044270
v 0.178706 0.389404 0.010763
v 0.191354 0.460970 0.017963
v 0.204781 0.427487 0.005566
v 0.051484 0.391246 0.059719
v -0.147232 0.780490 0.068275
v -0.142395 0.764978 0.077263
v -0.147871 0.757103 0.066137
v -0.197472 0.795196 -0.022347
v -0.208701 0.532403 -0.010166
v -0.221544 0.351878 -0.064436
v 0.136528 0.757835 0.078680
v -0.152264 0.602928 0.020085
v -0.153959 0.624351 0.021858
v 0.166749 0.621077 0.014266
v 0.181824 0.445888 -0.038560
v 0.192721 0.425017 0.019383
v -0.087206 0.648771 0.086468
v -0.217952 0.506868 -0.022426
v -0.145332 0.393931 -0.007002
v -0.034915 0.380677 0.078012
v 0.071035 0.870179 0.086735
v 0.088165 0.864129 0.086714
v -0.227027 0.527014 -0.043718
v -0.166991 0.637147 -0.005541
v 0.157716 0.815921 0.052905
v -0.160932 0.740056 0.063819
v 0.085837 0.520448 0.067481
v 0.201324 0.350115 -0.002270
v -0.149444 0.510030 0.058419
v -0.156938 0.523384 0.053218
v -0.203556 0.749592 -0.028948
v -0.137335 0.838892 0.081121
v 0.212538 0.547862 -0.053894
v 0.221852 0.395340 -0.047043
v -0.144305 0.606201 0.064334
v 0.174354 0.882870 0.006992
v 0.185732 0.378425 -0.004268
v 0.189256 0.393853 -0.004168
v 0.161175 0.514192 0.023214
v 0.010545 0.403963 0.065209
v -0.151724 0.532135 0.058339
v -0.131402 0.532975 0.062852
v -0.219026 0.421036 -0.059262
v -0.047045 0.621134 0.094944
v -0.057252 0.639348 0.093378
v -0.055748 0.616486 0.091835
v -0.147700 0.594838 0.063176
v -0.219755 0.404494 -0.060703
v -0.008932 0.467363 0.079224
v 0.174745 0.782637 0.042522
v -0.115086 0.711127 0.087083
v -0.103836 0.719900 0.088935
v 0.064908 0.406937 0.057874
v 0.084683 0.675164 0.084007
v -0.179180 0.620972 -0.001484
v -0.193009 0.415907 0.008770
v 0.188831 0.450465 -0.006031
v 0.191311 0.758946 0.000708
v 0.077185 0.353610 0.049702
v -0.129259 0.368237 0.058728
v -0.142237 0.380111 0.052376
v -0.146109 0.367334 0.047729
v 0.109086 0.626949 0.074132
v -0.037838 0.570023 0.089735
v -0.111283 0.817222 0.092493
v -0.203176 0.451320 0.000561
v -0.193331 0.445854 0.008697
v -0.156013 0.834507 0.071108
v 0.151173 0.876424 0.060281
v -0.131177 0.820943 0.091248
v -0.129252 0.351601 0.029792
v 0.059501 0.742396 0.089128
v 0.174426 0.862690 0.013314
v -0.161708 0.705911 0.019851
v -0.161773 0.695912 0.014371
v -0.155673 0.631447 0.061312
v -0.157747 0.612849 0.058613
v 0.138270 0.685676 0.059546
v -0.185051 0.381883 0.011997
v -0.209818 0.574253 -0.048276
v 0.161555 0.346937 0.004242
v -0.103933 0.435243 0.067755
v -0.144733 0.867073 0.072749
v -0.112624 0.540368 0.068138
v -0.101295 0.531335 0.070704
v -0.184702 0.781749 -0.002047
v 0.118059 0.460346 0.044595
v 0.134031 0.453214 0.038518
v -0.144714 0.404274 -0.006369
v 0.168252 0.709623 0.033987
v -0.102229 0.862554 0.094206
v -0.091983 0.808430 0.101790
v 0.218443 0.353527 -0.072300
v 0.133841 0.664190 0.060642
v 0.194021 0.602437 0.014232
v 0.106710 0.340767 0.040725
v 0.102516 0.770102 0.088745
v -0.226347 0.530034 -0.025718
v 0.176789 0.684552 -0.013366
v 0.134755 0.842628 0.082360
v -0.083151 0.488705 0.074792
v -0.101702 0.496095 0.070062
v -0.151830 0.614225 0.009144
v -0.161811 0.624694 -0.003882
v 0.179525 0.774992 0.014147
v 0.170140 0.783946 0.022697
v -0.137011 0.441962 0.018022
v 0.176794 0.790406 -0.020735
v 0.032498 0.679443 0.092542
v -0.118849 0.435731 0.060395
v -0.102648 0.447224 0.067304
v -0.131542 0.410324 0.017360
v -0.207405 0.592524 -0.006643
v 0.178911 0.372140 -0.041235
v 0.144521 0.845958 0.072666
v 0.196585 0.641622 0.000604
v 0.074927 0.468547 0.062981
v -0.058074 0.520877 0.081899
v -0.128901 0.507294 0.062148
v -0.119919 0.501816 0.063034
v 0.097592 0.355699 0.045357
v 0.113436 0.358730 0.040139
v -0.210320 0.601412 -0.045502
v -0.123276 0.831843 0.093173
v -0.157744 0.536303 -0.005882
v -0.171576 0.881489 0.034901
v 0.002900 0.611125 0.095435
v 0.156739 0.408604 0.009384
v 0.155674 0.426380 0.011193
v 0.056080 0.755242 0.095423
v -0.129636 0.682778 0.071810
v 0.046483 0.679377 0.088418
v 0.046611 0.697739 0.094028
v -0.067506 0.762338 0.096462
v -0.148453 0.532118 -0.002816
v -0.152590 0.552603 -0.003690
v -0.033213 0.476194 0.081062
v -0.205995 0.547507 -0.003428
v -0.222458 0.585496 -0.037138
v -0.210379 0.588449 -0.046923
v 0.226335 0.370222 -0.063202
v 0.217709 0.375160 -0.070991
v -0.144006 0.346679 0.045778
v -0.037084 0.682994 0.086273
v -0.050530 0.600225 0.091916
v -0.156367 0.675305 0.019948
v -0.218391 0.636753 -0.022436
v -0.023644 0.882094 0.091657
v 0.204844 0.382179 0.016614
v -0.220310 0.390643 -0.027659
v -0.228769 0.516795 -0.028351
v 0.113711 0.518302 0.051205
v 0.123282 0.782679 0.086652
v 0.166057 0.583691 0.011038
v -0.204219 0.579717 -0.002883
v -0.181701 0.717374 -0.004304
v 0.085670 0.415181 0.053522
v -0.166307 0.838785 0.057734
v -0.171869 0.827023 0.045078
v -0.208133 0.628620 -0.007738
v -0.195544 0.537402 0.003462
v -0.184379 0.547959 0.004955
v -0.179698 0.809583 0.017982
v -0.179719 0.821091 0.018945
v -0.004027 0.480416 0.077785
v 0.167935 0.866026 0.031178
v 0.125093 0.440772 0.041420
v 0.088834 0.596764 0.077621
v 0.092299 0.579771 0.073698
v 0.176266 0.822134 0.039395
v -0.229144 0.446664 -0.029964
v 0.164037 0.558153 0.023250
v 0.067047 0.721878 0.085557
v -0.036582 0.661494 0.086889
v 0.013364 0.338966 0.069531
v -0.241059 0.353412 -0.062106
v -0.064626 0.880009 0.089244
v -0.161790 0.464885 -0.004840
v -0.070905 0.742843 0.094926
v -0.023763 0.755772 0.097639
v -0.124668 0.729028 0.080818
v -0.173412 0.792744 0.042481
v 0.060747 0.354674 0.056303
v 0.071822 0.339501 0.051399
v -0.025271 0.871881 0.092103
v 0.151888 0.433243 0.028556
v -0.103053 0.552520 0.071521
v 0.007345 0.458627 0.080332
v 0.123782 0.651736 0.069013
v -0.231350 0.497048 -0.030394
v -0.096314 0.846698 0.093726
v 0.010047 0.447930 0.078826
v -0.215078 0.676019 -0.028462
v -0.227896 0.383752 -0.063007
v 0.080805 0.809521 0.084918
v 0.171946 0.469652 -0.025729
v -0.145056 0.433667 0.029265
v 0.158611 0.598212 0.036199
v 0.075222 0.490280 0.066041
v 0.157457 0.464853 0.014993
v 0.169123 0.855145 0.027575
v -0.216020 0.585876 -0.017846
v 0.178268 0.352080 -0.041907
v -0.012921 0.540000 0.089824
v -0.118970 0.623358 0.072374
v 0.176422 0.835058 -0.023619
v 0.103885 0.717408 0.087877
v -0.163506 0.423144 -0.000890
v -0.234165 0.478672 -0.035011
v -0.168254 0.809047 0.035148
v -0.162626 0.696620 0.003737
v 0.175762 0.882808 -0.005230
v -0.150065 0.544060 0.021310
v 0.214308 0.463204 -0.063445
v 0.182749 0.672512 -0.007134
v -0.104317 0.347213 0.061505
v -0.235837 0.413540 -0.054992
v -0.206314 0.667215 -0.039672
v -0.216293 0.663223 -0.024036
v -0.163315 0.661998 -0.002482
v 0.186569 0.824086 0.012380
v -0.070944 0.504336 0.077979
v -0.179207 0.855946 0.008933
v 0.067202 0.474124 0.066974
v -0.148823 0.827383 0.070298
v 0.061906 0.609199 0.083121
v -0.134664 0.639316 0.067590
v -0.149517 0.851871 0.070134
v -0.115852 0.560716 0.068426
v -0.122843 0.547488 0.065690
v 0.068312 0.450366 0.063283
v 0.207411 0.635542 -0.043289
v 0.201811 0.623012 -0.034149
v -0.216680 0.618400 -0.017232
v -0.040359 0.495252 0.080084
v -0.212698 0.358380 -0.022797
v -0.148244 0.449390 0.055326
v 0.156994 0.754376 0.050268
v -0.194932 0.732806 -0.002868
v -0.178372 0.583546 -0.000629
v -0.024078 0.342416 0.072840
v -0.145717 0.544843 0.007638
v 0.114441 0.450264 0.045588
v 0.185204 0.440013 0.013174
v 0.143130 0.444447 0.032262
v -0.171052 0.746582 0.036920
v -0.098611 0.750628 0.095222
v -0.212389 0.681635 -0.014680
v -0.040087 0.672854 0.089021
v -0.173417 0.863205 0.027899
v -0.204179 0.749442 -0.009004
v 0.129137 0.343831 0.029096
v 0.212090 0.503458 -0.059473
v -0.197607 0.383497 0.005923
v 0.184148 0.783599 -0.005562
v 0.023787 0.590608 0.088776
v 0.018916 0.568927 0.090823
v -0.121096 0.489015 0.062205
v -0.072600 0.431415 0.070387
v -0.072288 0.420183 0.069634
v -0.089595 0.420967 0.065053
v 0.150063 0.669882 0.050442
v -0.230303 0.398427 -0.061075
v -0.144595 0.532354 0.006609
v -0.082639 0.498975 0.074905
v 0.148086 0.714419 0.054366
v 0.047040 0.666427 0.084819
v -0.038948 0.846474 0.089211
v -0.056439 0.550401 0.083384
v -0.066959 0.565102 0.082108
v -0.157036 0.478036 -0.006849
v -0.125859 0.353031 0.019325
v -0.127086 0.370253 0.023343
v -0.038210 0.522606 0.080924
v 0.199339 0.597551 0.002110
v -0.143634 0.790175 0.071778
v -0.054233 0.746912 0.096875
v -0.050576 0.759157 0.095108
v -0.066843 0.670929 0.096197
v -0.063659 0.660166 0.095250
v -0.214752 0.472540 -0.055830
v 0.214268 0.496668 -0.042932
v -0.165949 0.601079 0.037050
v 0.110852 0.831684 0.089256
v 0.005927 0.398915 0.082243
v -0.038888 0.812376 0.090994
v -0.115132 0.398968 0.062171
v -0.241919 0.389313 -0.051382
v -0.021987 0.472014 0.081233
v -0.070783 0.481974 0.075111
v -0.001931 0.863616 0.102197
v 0.184720 0.644855 0.014655
v -0.137526 0.803959 0.085238
v 0.138406 0.639506 0.054473
v 0.195583 0.663499 -0.000723
v -0.229187 0.473268 -0.028374
v -0.152507 0.436437 0.046379
v 0.075345 0.638616 0.087136
v -0.049556 0.342645 0.069629
v -0.086260 0.458674 0.072904
v -0.082922 0.468508 0.073859
v -0.136106 0.356805 0.004751
v -0.015109 0.883287 0.098399
v 0.209208 0.409193 -0.041532
v 0.027760 0.567003 0.071387
v -0.163189 0.583453 0.050811
v -0.164201 0.568436 0.038559
v -0.137593 0.407672 0.006467
v -0.023153 0.620600 0.082742
v 0.192497 0.604956 -0.005280
v 0.191355 0.584189 -0.006806
v 0.189852 0.652498 -0.005648
v -0.049460 0.882001 0.095318
v 0.151707 0.604645 0.042491
v -0.229741 0.489692 -0.048773
v -0.226395 0.506778 -0.048864
v 0.151637 0.453741 0.027998
v -0.118109 0.581972 0.069155
v 0.190094 0.656927 0.016253
v 0.175086 0.664526 0.011668
v 0.173414 0.573081 -0.022500
v 0.111308 0.865417 0.085886
v 0.170725 0.854950 -0.020498
v 0.173465 0.844932 -0.022155
v -0.202095 0.669288 -0.004575
v -0.019935 0.386939 0.077657
v -0.220832 0.557165 -0.022710
v 0.130735 0.473253 0.039943
v 0.050406 0.599149 0.082642
v 0.047578 0.577619 0.083188
v 0.115601 0.589502 0.061057
v -0.154616 0.642373 0.062655
v -0.166031 0.652876 0.056036
v -0.019068 0.485871 0.079305
v -0.009309 0.480992 0.086749
v -0.230851 0.451999 -0.053362
v -0.235621 0.455756 -0.044499
v -0.232556 0.470614 -0.047163
v 0.023710 0.659260 0.092785
v -0.159662 0.609487 -0.003640
v 0.072571 0.564821 0.076369
v -0.174084 0.412270 0.005816
v 0.163779 0.837854 0.045376
v -0.172228 0.784220 0.002775
v -0.174172 0.791115 0.011182
v -0.174468 0.802741 0.010669
v 0.173666 0.790930 0.036653
v 0.046924 0.611324 0.074852
v 0.132961 0.744775 0.080598
v 0.183680 0.624319 0.013960
v -0.125290 0.696507 0.075994
v 0.196582 0.575323 -0.034323
v 0.174651 0.369708 -0.018116
v -0.189856 0.567123 0.003357
v -0.204003 0.567372 -0.002401
v 0.182450 0.463533 0.010806
v -0.214636 0.473915 -0.018495
v 0.001060 0.431513 0.074693
v -0.194216 0.364473 0.010563
v 0.004831 0.883026 0.099829
v 0.010007 0.869727 0.098928
v 0.212609 0.525559 -0.042880
v 0.012002 0.476455 0.081428
v -0.178213 0.865095 -0.001147
v 0.197833 0.729905 -0.031611
v -0.102410 0.615405 0.077144
v 0.178073 0.592971 0.007784
v -0.015162 0.363662 0.078163
v -0.023161 0.380022 0.071301
v -0.203776 0.709626 -0.034504
v -0.096301 0.566436 0.074361
v -0.208165 0.381262 -0.013732
v -0.154284 0.654331 0.013679
v 0.194655 0.636585 0.014326
v -0.176073 0.534100 0.000894
v 0.104917 0.701442 0.087120
v -0.196384 0.650097 -0.001956
v -0.073138 0.396831 0.071699
v -0.003988 0.427014 0.085370
v 0.082458 0.664306 0.083778
v -0.238585 0.426466 -0.048060
v 0.178061 0.835717 -0.007344
v -0.033578 0.789061 0.091555
v 0.003530 0.491754 0.082451
v 0.018752 0.435278 0.069152
v 0.135573 0.388089 0.034344
v -0.131742 0.379278 0.012917
v 0.202416 0.605116 -0.035377
v 0.201265 0.590594 -0.034848
v 0.075277 0.586163 0.080212
v 0.193528 0.455880 -0.040481
v 0.185662 0.467164 -0.039631
v 0.176617 0.457900 -0.033186
v -0.076564 0.722386 0.099147
v -0.065444 0.723099 0.095610
v -0.009980 0.401999 0.082606
v -0.083839 0.575654 0.078586
v -0.169335 0.820380 0.032811
v -0.029470 0.566502 0.085547
v 0.215091 0.343147 -0.047235
v -0.126231 0.656110 0.072298
v -0.168667 0.599707 -0.006117
v 0.142059 0.423079 0.032059
v -0.128151 0.569417 0.065433
v -0.149090 0.737095 0.067504
v -0.222300 0.491195 -0.025399
v 0.191107 0.772574 -0.029260
v 0.114834 0.340751 0.035003
v 0.124021 0.515765 0.046161
v 0.129641 0.531704 0.044460
v 0.034399 0.371103 0.057897
v 0.140127 0.611506 0.050206
v -0.165859 0.882104 0.041382
v 0.040598 0.437974 0.070171
v 0.031804 0.437465 0.065188
v 0.058520 0.456387 0.066234
v -0.075712 0.673099 0.099509
v -0.126280 0.865481 0.091627
v 0.052113 0.715748 0.092757
v -0.163613 0.633058 0.056134
v 0.193018 0.761783 -0.029727
v -0.081890 0.844463 0.095941
v -0.168454 0.351215 0.004599
v 0.185178 0.480199 0.013970
v -0.139987 0.720118 0.074445
v -0.135406 0.729253 0.075976
v 0.161399 0.525953 0.014343
v -0.147519 0.494357 -0.004847
v 0.175159 0.607734 -0.027472
v 0.022515 0.379245 0.067961
v -0.145423 0.550977 0.016268
v -0.136119 0.463300 0.059915
v -0.058051 0.539464 0.082899
v 0.173802 0.452115 0.006242
v 0.164353 0.606549 0.018642
v 0.175084 0.633893 0.009731
v -0.062966 0.597410 0.087609
v -0.072980 0.581653 0.082024
v -0.083453 0.702976 0.100906
v -0.084965 0.753481 0.102710
v -0.038732 0.869546 0.092847
v -0.053254 0.867964 0.096942
v -0.020730 0.689530 0.093118
v -0.019838 0.707764 0.096394
v 0.171338 0.884176 0.038533
v 0.160316 0.794988 0.047814
v 0.170161 0.803879 0.046496
v 0.171737 0.725028 0.037266
v 0.169248 0.841180 0.029185
v 0.094067 0.402166 0.049278
v 0.197946 0.655194 0.011135
v -0.120006 0.360548 0.055886
v 0.185424 0.564630 0.011914
v -0.141674 0.374289 0.035568
v -0.147476 0.388716 0.040332
v -0.023781 0.557488 0.091834
v -0.123397 0.675698 0.076677
v -0.104858 0.674709 0.083710
v -0.115077 0.661615 0.079528
v -0.114420 0.684642 0.083547
v -0.096930 0.662087 0.084581
v 0.096209 0.736241 0.088999
v 0.181368 0.861704 0.006778
v 0.186414 0.852595 0.003546
v -0.134654 0.380919 0.028445
v 0.037943 0.418143 0.067730
v -0.143922 0.482931 0.025776
v 0.193055 0.767649 0.011598
v 0.100405 0.662457 0.086497
v 0.111529 0.662506 0.078485
v 0.155880 0.566796 0.033727
v 0.163032 0.580049 0.029583
v 0.153745 0.585902 0.037203
v 0.169422 0.865133 -0.018692
v -0.143306 0.484483 0.058530
v 0.178411 0.418541 -0.009428
v 0.179420 0.727990 0.016239
v 0.170735 0.714531 0.016284
v -0.155551 0.563225 0.026578
v -0.171935 0.793036 0.024700
v -0.177788 0.786834 0.019123
v -0.211502 0.718617 -0.023110
v -0.102691 0.470274 0.066794
v -0.095957 0.486364 0.071456
v 0.173117 0.554412 -0.020543
v 0.175493 0.551892 -0.029751
v -0.054598 0.852660 0.095058
v -0.123811 0.396400 0.058401
v 0.009195 0.417471 0.076219
v 0.005135 0.413669 0.081654
v 0.166910 0.692249 0.042578
v 0.114234 0.430648 0.044128
v 0.047003 0.817486 0.093097
v -0.188153 0.825167 -0.019727
v -0.021905 0.670705 0.090228
v -0.043638 0.451917 0.076839
v -0.050393 0.438115 0.079217
v -0.055960 0.455978 0.075326
v 0.139564 0.716639 0.068647
v 0.075539 0.684406 0.089545
v 0.128049 0.689852 0.075035
v 0.189993 0.384850 0.019120
v 0.180910 0.398949 0.011298
v -0.019516 0.355853 0.074949
v 0.122907 0.373058 0.037585
v 0.107677 0.376564 0.043984
v 0.150285 0.359035 0.010860
v 0.169639 0.475432 0.005558
v 0.173761 0.486972 0.005488
v 0.078001 0.716462 0.087108
v 0.190869 0.688742 0.016779
v -0.181745 0.854320 -0.015812
v 0.225045 0.390641 -0.060097
v 0.085479 0.364582 0.047898
v -0.219700 0.379553 -0.061373
v -0.060935 0.844912 0.099193
v -0.064240 0.343151 0.065840
v -0.059903 0.473790 0.079555
v -0.127262 0.644326 0.070760
v -0.039449 0.343105 0.065622
v 0.168498 0.413144 0.005490
v 0.141620 0.359761 0.027549
v 0.138858 0.343862 0.026813
v 0.125984 0.356236 0.030663
v 0.187363 0.836541 0.008057
v -0.128972 0.345261 0.056928
v -0.135648 0.360991 0.053900
v 0.178810 0.735116 -0.008383
v 0.186712 0.737370 -0.003503
v -0.220523 0.365819 -0.062048
v -0.082826 0.372025 0.066156
v -0.130833 0.410941 0.057823
v 0.179830 0.824951 -0.025258
v -0.080641 0.778383 0.098049
v -0.072086 0.781271 0.093947
v 0.000149 0.594089 0.084151
v -0.015461 0.590482 0.080469
v 0.027723 0.426505 0.066954
v 0.051641 0.405071 0.064693
v -0.225067 0.548419 -0.042780
v -0.227626 0.549133 -0.029174
v -0.225304 0.565943 -0.037121
v -0.143287 0.846612 0.082203
v 0.142274 0.817180 0.070281
v -0.133938 0.555808 0.063156
v -0.169479 0.881065 -0.001323
v 0.215569 0.418418 -0.067204
v 0.215675 0.430168 -0.066153
v 0.180218 0.547212 0.006797
v -0.175183 0.875528 -0.013318
v 0.212485 0.528747 -0.056541
v -0.158828 0.362285 -0.008220
v 0.194834 0.751290 -0.029836
v -0.055469 0.431018 0.072946
v -0.160544 0.868422 0.066991
v -0.113186 0.378006 0.059225
v 0.161540 0.535236 0.025183
v -0.205262 0.471818 -0.002116
v -0.098287 0.415216 0.067156
v 0.179168 0.508682 0.007182
v 0.178341 0.496779 0.007161
v 0.191790 0.506533 0.016317
v 0.103150 0.408830 0.046305
v -0.146531 0.566242 0.011772
v -0.083314 0.610632 0.082430
v 0.128862 0.790370 0.083635
v -0.030814 0.354421 0.074881
v -0.123093 0.523725 0.064131
v 0.083750 0.575124 0.075888
v 0.185143 0.407733 0.013787
v 0.118631 0.855463 0.081472
v 0.079241 0.392210 0.053603
v -0.063881 0.869157 0.095486
v 0.188520 0.557405 -0.036143
v 0.201518 0.567024 -0.035256
v 0.046798 0.637712 0.078396
v 0.173844 0.507902 -0.015602
v 0.172884 0.373052 0.006701
v 0.172548 0.382472 0.006234
v 0.196008 0.699149 0.010170
v -0.211204 0.559359 -0.049319
v -0.007243 0.711251 0.097871
v -0.052423 0.770870 0.096917
v -0.138503 0.858442 0.084016
v -0.183653 0.844640 -0.017357
v -0.183566 0.349257 0.014576
v -0.145132 0.398793 0.053145
v 0.113466 0.676740 0.079706
v 0.105362 0.735786 0.086948
v 0.069862 0.595778 0.086575
v 0.071438 0.616951 0.087655
v -0.169675 0.392478 0.006088
v 0.199550 0.565276 0.012685
v -0.174804 0.884054 0.010293
v -0.068804 0.461994 0.077262
v 0.144814 0.749801 0.062831
v -0.210547 0.619786 -0.010846
v 0.027042 0.445277 0.067706
v 0.030024 0.454811 0.065870
v -0.123362 0.757265 0.090462
v -0.128432 0.764889 0.087341
v -0.160693 0.643785 0.029678
v -0.165296 0.631120 0.031993
v -0.153552 0.636177 0.018326
v -0.211715 0.448406 -0.017142
v 0.190880 0.445601 0.018336
v -0.027846 0.490661 0.085827
v 0.114255 0.782366 0.085871
v -0.113985 0.755830 0.091272
v -0.110850 0.607875 0.073590
v -0.138904 0.388134 0.055654
v 0.028079 0.353269 0.059757
v 0.015853 0.353478 0.061766
v -0.214602 0.575691 -0.016155
v 0.225111 0.363399 -0.049849
v 0.216616 0.371391 -0.044660
v 0.207870 0.361285 -0.045990
v -0.098677 0.880876 0.093206
v -0.190205 0.713541 -0.001939
v -0.124230 0.741716 0.084711
v 0.175280 0.648830 -0.026294
v -0.032300 0.703561 0.087075
v -0.207602 0.460566 -0.010071
v -0.053144 0.571133 0.084541
v 0.217772 0.493312 -0.051941
v 0.165295 0.613710 0.031962
v -0.170909 0.466408 0.001481
v 0.209618 0.604443 -0.048251
v 0.160637 0.365135 0.004986
v 0.162182 0.492016 0.010329
v -0.003608 0.463346 0.085586
v 0.147172 0.574350 0.039432
v -0.175909 0.775516 0.021738
v 0.201071 0.437092 0.016847
v 0.199219 0.456051 0.017372
v -0.144987 0.408150 0.054368
v -0.193950 0.484197 0.007473
v -0.184729 0.485043 0.007908
v 0.223023 0.421616 -0.051085
v 0.140334 0.525565 0.039564
v -0.197924 0.795617 -0.008895
v -0.053630 0.507053 0.081676
v 0.022351 0.882538 0.095697
v 0.203587 0.460740 0.007690
v 0.167565 0.874311 -0.016322
v 0.022416 0.698366 0.097543
v 0.022343 0.487538 0.071176
v 0.015352 0.470565 0.069748
v -0.191418 0.581243 0.002162
v -0.166070 0.779109 0.034984
v -0.005937 0.385108 0.083979
v -0.134361 0.587946 0.064709
v 0.028358 0.471568 0.072452
v -0.047093 0.406271 0.071038
v -0.197819 0.772388 -0.026130
v -0.093047 0.731528 0.097858
v -0.174944 0.883555 -0.006857
v 0.002163 0.511125 0.078771
v 0.144335 0.772781 0.066447
v -0.240750 0.405893 -0.047627
v -0.240585 0.389020 -0.039115
v -0.093591 0.600212 0.078218
v 0.176201 0.757733 -0.011395
v -0.166023 0.587951 0.043294
v -0.174375 0.823737 0.007444
v -0.139104 0.436955 0.058278
v -0.193846 0.804830 -0.022200
v 0.021511 0.442348 0.075121
v 0.087542 0.338387 0.046147
v -0.214160 0.516622 -0.018300
v 0.043332 0.448935 0.071634
v -0.192910 0.751620 -0.002440
v -0.182461 0.767405 -0.003239
v 0.160111 0.801508 0.055211
v -0.141541 0.476928 0.000017
v -0.144054 0.464409 -0.004103
v 0.098449 0.882677 0.082478
v -0.168769 0.715808 0.032391
v -0.168699 0.729662 0.034413
v -0.173563 0.724019 0.048844
v -0.173331 0.714666 0.044775
v 0.192536 0.492731 -0.007323
v 0.197411 0.347700 0.020395
v 0.173750 0.875104 0.037413
v -0.140304 0.822675 0.079820
v -0.031491 0.422820 0.082431
v -0.025432 0.437002 0.080436
v -0.040056 0.431240 0.075036
v -0.080208 0.657669 0.093138
v -0.050955 0.678949 0.098920
v 0.176272 0.528174 0.005910
v 0.129852 0.368282 0.033595
v -0.107726 0.427232 0.064942
v 0.001778 0.368447 0.080385
v 0.174787 0.856072 0.040485
v -0.173023 0.837074 0.022117
v 0.200764 0.543537 -0.036157
v 0.200257 0.527763 -0.038594
v 0.191384 0.544478 -0.037048
v 0.163339 0.661034 0.042411
v -0.204474 0.688825 -0.037509
v 0.127473 0.404634 0.036759
v -0.206413 0.646520 -0.043521
v -0.136394 0.501393 0.063084
v -0.173367 0.755211 0.016761
v -0.144309 0.495553 0.017610
v -0.147702 0.501524 0.028458
v 0.080598 0.631202 0.084269
v 0.174243 0.761607 0.017263
v 0.090796 0.567908 0.071783
v 0.189545 0.484653 -0.039775
v -0.174524 0.350030 0.013397
v 0.196623 0.473428 0.017547
v -0.170111 0.756006 0.025211
v -0.148753 0.481777 -0.006426
v -0.207109 0.346824 -0.015017
v -0.185865 0.732843 -0.002528
v 0.185112 0.469782 -0.007659
v -0.025470 0.541785 0.086470
v 0.154638 0.421920 0.019670
v -0.166799 0.788690 0.037162
v 0.156134 0.529205 0.030051
v -0.183364 0.842801 -0.001819
v 0.195542 0.422957 -0.002920
v 0.199425 0.409398 -0.000387
v 0.186832 0.819766 -0.003162
v -0.034742 0.750883 0.089226
v 0.185373 0.538654 0.011315
v 0.173206 0.399801 0.006751
v 0.161181 0.394749 0.006443
v 0.214762 0.384535 -0.069727
v 0.142774 0.592824 0.045990
v 0.134819 0.601210 0.051762
v 0.127106 0.586418 0.053943
v 0.155210 0.376682 0.008277
v 0.148036 0.370690 0.017980
v 0.009225 0.518489 0.080189
v -0.165074 0.828944 0.058054
v 0.083191 0.799843 0.086036
v -0.197471 0.430437 0.007147
v 0.116207 0.599604 0.062528
v 0.131689 0.434069 0.036664
v -0.136115 0.409672 0.027587
v -0.088725 0.628697 0.082977
v -0.211449 0.399355 -0.019942
v -0.086928 0.793134 0.101686
v -0.013669 0.498185 0.081284
v -0.243349 0.370172 -0.055517
v 0.173054 0.772599 0.034637
v 0.170187 0.753038 0.030816
v 0.174156 0.759470 0.041994
v 0.165835 0.670259 0.027361
v 0.169208 0.677437 0.037292
v 0.168432 0.657634 0.035096
v 0.225586 0.356849 -0.067032
v 0.062134 0.705704 0.083935
v -0.112081 0.416653 0.060510
v -0.124797 0.428189 0.062408
v 0.177775 0.542814 -0.031754
v -0.166960 0.856161 0.051841
v 0.011988 0.381139 0.072829
v 0.014221 0.364305 0.067088
v -0.028967 0.517558 0.088842
v -0.039136 0.631303 0.090783
v 0.025124 0.335617 0.065261
v -0.233097 0.338999 -0.066531
v -0.205953 0.656898 -0.042216
v 0.229321 0.352385 -0.056367
v -0.079975 0.683296 0.100000
v -0.122237 0.810962 0.094216
v -0.114612 0.796444 0.091607
v -0.017972 0.806493 0.103774
v 0.103369 0.836574 0.091860
v -0.225549 0.359934 -0.031433
v -0.159043 0.677475 0.007590
v -0.193871 0.667394 -0.001266
v 0.026692 0.855921 0.099561
v 0.002563 0.529269 0.081516
v -0.101775 0.583861 0.074172
v -0.002514 0.352029 0.074594
v 0.049324 0.336712 0.054247
v 0.175516 0.398378 -0.013365
v 0.117402 0.645301 0.072392
v 0.156805 0.618794 0.041725
v 0.055653 0.765535 0.096028
v 0.214962 0.401461 -0.068344
v -0.114111 0.407724 0.062500
v -0.144768 0.364716 -0.001864
v 0.137675 0.698741 0.063982
v -0.145909 0.746374 0.070492
v -0.134450 0.746591 0.077138
v -0.157722 0.505917 0.035333
v -0.165700 0.679894 -0.002969
v 0.210505 0.564365 -0.055339
v 0.095084 0.612451 0.077692
v 0.167276 0.536627 0.007253
v -0.139828 0.790534 0.082914
v -0.107237 0.597119 0.073702
v 0.169264 0.440526 0.006274
v 0.187117 0.697859 -0.003929
v 0.008537 0.347047 0.067951
v 0.164398 0.868170 0.042057
v -0.161202 0.556014 -0.005276
v 0.215283 0.468729 -0.042885
v 0.125175 0.549917 0.048984
v 0.019415 0.707467 0.100085
v 0.212863 0.482085 -0.062391
v -0.171118 0.773128 0.004927
v -0.173891 0.769039 0.013494
v 0.068802 0.700935 0.087735
v 0.136548 0.771697 0.079335
v 0.107407 0.793132 0.086848
v -0.061377 0.678337 0.096875
v 0.156366 0.869509 0.062657
v -0.169406 0.771167 0.026169
v -0.014590 0.436826 0.080742
v -0.016570 0.422618 0.083140
v -0.131623 0.779854 0.083589
v -0.082956 0.343804 0.060323
v -0.162323 0.588158 -0.005601
v 0.039922 0.404697 0.061350
v -0.232021 0.505311 -0.034457
v 0.082786 0.484877 0.061605
v 0.150929 0.653953 0.049383
v -0.155277 0.693511 0.065341
v -0.169177 0.691794 0.055607
v -0.007830 0.737437 0.099679
v -0.213108 0.501130 -0.054102
v 0.176379 0.382812 -0.012715
v 0.167415 0.517875 0.006405
v 0.189551 0.360991 -0.048190
v -0.135048 0.759556 0.078103
v -0.171072 0.848869 0.025233
v -0.031387 0.641771 0.084691
v -0.170201 0.868029 0.002347
v 0.170183 0.883100 -0.015035
v 0.193421 0.390985 -0.046117
v -0.136389 0.391230 0.006162
v -0.210795 0.544442 -0.051856
v -0.153101 0.492346 0.054989
v 0.177299 0.855550 0.018960
v 0.181360 0.615560 0.011926
v 0.219904 0.432322 -0.058292
v 0.175526 0.775339 -0.012261
v -0.208551 0.603037 -0.008217
v 0.102825 0.855289 0.090513
v 0.055013 0.429959 0.064121
v -0.150710 0.723758 0.066236
v -0.141152 0.544952 0.062146
v 0.152906 0.722298 0.053547
v -0.080127 0.416462 0.071619
v 0.073152 0.738917 0.086362
v 0.152483 0.397720 0.019314
v 0.176593 0.868271 -0.004791
v -0.088813 0.400738 0.063694
v -0.162738 0.553450 0.047007
v -0.162411 0.539526 0.045244
v -0.159391 0.539369 0.035402
v -0.211076 0.522825 -0.053143
v -0.082427 0.639636 0.087166
v -0.225608 0.516109 -0.047650
v -0.140040 0.435759 0.000661
v -0.135454 0.454032 0.059591
v -0.068087 0.828124 0.092382
v 0.117637 0.617983 0.065293
v -0.033191 0.854064 0.090486
v -0.178244 0.554115 0.000553
v 0.017563 0.810959 0.102712
v 0.013150 0.795802 0.103177
v 0.004983 0.813597 0.102409
v -0.067174 0.751969 0.095746
v -0.049616 0.556673 0.083560
v 0.172331 0.738834 0.033578
v 0.165684 0.732407 0.047135
v -0.079223 0.359988 0.065218
v 0.111497 0.751084 0.084936
v 0.111146 0.766424 0.085241
v -0.238059 0.343804 -0.035629
v 0.084114 0.753695 0.087726
v 0.195961 0.720111 0.008408
v 0.029079 0.406105 0.071047
v 0.072515 0.883483 0.085741
v -0.202288 0.730733 -0.032336
v -0.232817 0.376539 -0.032766
v -0.010479 0.418986 0.077280
v 0.174228 0.398926 -0.028980
v 0.179992 0.388607 -0.041667
v 0.179314 0.403896 -0.039634
v -0.211601 0.710251 -0.018072
v -0.170451 0.865786 0.019778
v -0.172343 0.882997 0.017657
v 0.204226 0.678868 -0.037963
v 0.188796 0.408021 -0.006498
v -0.180232 0.394192 0.011145
v -0.160214 0.414704 -0.007106
v -0.013733 0.772004 0.102165
v -0.088064 0.592658 0.079069
v 0.011054 0.491388 0.071643
v 0.029537 0.839717 0.096817
v 0.178329 0.772070 -0.023180
v 0.189602 0.783128 -0.028429
v -0.109944 0.882488 0.091456
v 0.188760 0.529706 -0.037484
v 0.186036 0.833441 -0.003798
v 0.133454 0.883129 0.079823
v -0.105699 0.842020 0.094831
v 0.097171 0.524064 0.061133
v -0.190320 0.618148 0.000949
v -0.163614 0.581499 0.034633
v -0.179497 0.631392 -0.002360
v 0.039579 0.861535 0.091117
v 0.083434 0.434470 0.055029
v 0.183238 0.561723 -0.010210
v -0.049398 0.862985 0.090343
v 0.191142 0.527616 0.015285
v 0.187224 0.361333 0.018095
v 0.140305 0.882379 0.073714
v -0.177919 0.788013 -0.002632
v 0.198320 0.501100 -0.038946
v 0.188875 0.499861 -0.039130
v 0.065406 0.365005 0.054231
v -0.180474 0.855536 -0.000102
v 0.078459 0.861105 0.082768
v 0.070855 0.658933 0.087382
v 0.174997 0.520149 -0.014504
v 0.114434 0.350015 0.038465
v 0.178437 0.352677 0.010067
v 0.089236 0.538702 0.067161
v 0.172646 0.552970 0.006931
v -0.023553 0.596569 0.092120
v -0.031245 0.601311 0.090340
v -0.022597 0.608939 0.083853
v -0.136685 0.492443 0.062910
v -0.196813 0.778175 -0.004373
v -0.094788 0.524947 0.072040
v -0.159767 0.512693 0.043140
v 0.186276 0.514938 -0.037085
v 0.198867 0.515014 -0.039331
v -0.142022 0.520483 0.009910
v -0.143490 0.528069 0.014881
v -0.148978 0.514330 0.023638
v 0.068069 0.483452 0.067990
v 0.005241 0.570596 0.092641
v 0.001028 0.589904 0.091798
v 0.035866 0.663039 0.090815
v 0.136876 0.545238 0.042050
v 0.146514 0.537823 0.036796
v 0.152813 0.549720 0.033897
v 0.157997 0.452665 0.010167
v -0.142076 0.656090 0.067789
v 0.021523 0.346107 0.067020
v 0.071937 0.646826 0.084172
v -0.144765 0.562729 0.061950
v -0.075679 0.864630 0.091297
v -0.028722 0.459403 0.080492
v -0.245417 0.359892 -0.053677
v 0.187785 0.617789 -0.033668
v -0.067436 0.605849 0.087760
v -0.141454 0.666489 0.068819
v -0.129093 0.671203 0.071521
v -0.143252 0.681246 0.070410
v 0.036144 0.466046 0.073593
v 0.037013 0.477627 0.075629
v 0.050733 0.503350 0.071411
v 0.050740 0.474016 0.068685
v 0.045487 0.489311 0.074942
v 0.159069 0.495636 0.017673
v 0.155316 0.829666 0.067667
v -0.059369 0.447926 0.073858
v 0.118090 0.704789 0.081230
v 0.179124 0.844992 0.016084
v 0.098278 0.563778 0.066623
v 0.109136 0.558637 0.059503
v -0.103947 0.356033 0.061720
v -0.049330 0.647525 0.096819
v -0.050212 0.633876 0.095884
v -0.141765 0.882037 0.079600
v -0.172910 0.706913 0.049808
v -0.200021 0.513309 0.002360
v 0.136670 0.833071 0.080689
v 0.144278 0.831752 0.070903
v 0.135764 0.847019 0.074960
v 0.135725 0.407371 0.034176
v -0.223294 0.594030 -0.032480
v 0.070455 0.357012 0.053895
v 0.073968 0.373470 0.055261
v 0.003484 0.547897 0.077733
v 0.024159 0.822574 0.101328
v -0.168194 0.671738 0.055148
v -0.157978 0.797634 0.068937
v -0.152471 0.812422 0.068004
v -0.159978 0.805355 0.058874
v -0.117157 0.777000 0.091685
v 0.103482 0.643079 0.079233
v -0.125698 0.788993 0.092233
v -0.014220 0.837573 0.105068
v 0.067471 0.387418 0.058019
v -0.181201 0.429449 0.011024
v 0.188821 0.712214 0.017921
v -0.151155 0.577925 0.023349
v -0.199133 0.761973 -0.028310
v 0.034256 0.338380 0.055923
v 0.204203 0.654371 -0.036564
v -0.078699 0.593635 0.081792
v -0.008489 0.847583 0.100365
v -0.215495 0.440981 -0.058512
v -0.170795 0.427040 0.002697
v -0.088945 0.716544 0.098710
v -0.097812 0.712910 0.091356
v 0.005571 0.509793 0.086702
v -0.074234 0.546322 0.079089
v 0.012771 0.500912 0.086364
v 0.011979 0.485518 0.084996
v -0.216157 0.657317 -0.032295
v -0.148196 0.589217 0.010860
v -0.090034 0.356584 0.060727
v 0.120408 0.749935 0.084192
v -0.112489 0.721381 0.088263
v -0.008715 0.521617 0.080913
v -0.070481 0.791217 0.094068
v -0.060636 0.355583 0.069127
v -0.215977 0.412800 -0.058906
v -0.219027 0.375707 -0.027470
v -0.056605 0.422159 0.071803
v -0.147358 0.425858 0.053598
v -0.140468 0.519427 0.062324
v 0.171062 0.803507 0.026969
v 0.013220 0.394293 0.064577
v 0.026632 0.396055 0.064998
v -0.038238 0.827058 0.090399
v 0.004233 0.392263 0.076361
v -0.168448 0.563105 -0.004621
v 0.061570 0.752588 0.089048
v 0.019119 0.455890 0.067785
v -0.146730 0.559576 0.017799
v 0.152821 0.855847 0.063238
v -0.016147 0.649750 0.089994
v 0.185007 0.845758 0.009095
v -0.015032 0.399955 0.076033
v -0.136215 0.349150 0.009007
v 0.104459 0.429343 0.048149
v 0.101708 0.417066 0.047711
v 0.085209 0.449726 0.058145
v -0.144590 0.809845 0.076466
v 0.044387 0.749499 0.093205
v 0.028340 0.750066 0.096697
v -0.223625 0.538239 -0.023768
v -0.062027 0.811798 0.098041
v 0.217029 0.351714 -0.046538
v 0.036584 0.495581 0.072873
v 0.018231 0.550424 0.082052
v 0.015552 0.504916 0.071661
v 0.016003 0.537782 0.084905
v 0.013662 0.554364 0.092359
v 0.021768 0.516941 0.070542
v 0.030998 0.511161 0.072740
v 0.039946 0.506397 0.076511
v 0.190785 0.786509 0.012801
v 0.169156 0.658601 0.015460
v 0.162729 0.849655 0.057328
v -0.075098 0.707359 0.100055
v -0.064208 0.708026 0.097286
v -0.070502 0.691387 0.097057
v 0.074310 0.779371 0.085531
v 0.175201 0.870765 0.016464
v -0.029730 0.628666 0.092413
v -0.057921 0.382108 0.070894
v 0.006729 0.764019 0.103060
v 0.171848 0.449464 -0.023233
v 0.158218 0.686435 0.049148
v -0.144694 0.386638 -0.001566
v 0.173705 0.600860 0.008361
v 0.153434 0.345300 0.007177
v -0.142374 0.504128 0.002468
v -0.155592 0.508252 -0.006487
v -0.236298 0.459193 -0.036646
v 0.017434 0.758617 0.102482
v 0.001838 0.782142 0.102362
v -0.005382 0.769502 0.101512
v 0.011643 0.776774 0.103611
v 0.174024 0.521613 -0.028761
v -0.044686 0.705322 0.091235
v -0.053712 0.707637 0.098795
v -0.044005 0.692307 0.092560
v 0.142294 0.402229 0.031869
v 0.141854 0.393471 0.031414
v -0.166932 0.360125 0.003940
v -0.168550 0.581685 -0.005488
v 0.198949 0.695937 -0.032527
v -0.047899 0.728998 0.094085
v 0.133132 0.869662 0.079958
v 0.077920 0.401714 0.056775
v -0.003380 0.829805 0.102364
v 0.072135 0.438892 0.062121
v 0.054728 0.443930 0.063969
v 0.063193 0.432457 0.063158
v -0.188375 0.502174 0.007335
v -0.157216 0.824717 0.060836
v -0.094280 0.840692 0.100029
v 0.145286 0.686113 0.053867
v 0.088786 0.458327 0.056494
v -0.130837 0.799827 0.087887
v 0.204008 0.378460 -0.044999
v 0.132539 0.361775 0.028386
v 0.123708 0.882973 0.080863
v -0.145546 0.511969 0.000017
v 0.151413 0.387370 0.013197
v -0.064194 0.554836 0.082070
v 0.173434 0.871937 0.024916
v -0.033511 0.731630 0.089252
v -0.168645 0.545463 -0.003042
v -0.217579 0.421450 -0.024669
v 0.185410 0.577765 0.012373
v -0.029555 0.799430 0.093783
v -0.019776 0.794264 0.102434
v -0.023930 0.782490 0.099018
v 0.031794 0.804411 0.094804
v 0.037073 0.785141 0.092298
v 0.043134 0.795283 0.091380
v 0.027227 0.772809 0.098700
v -0.006606 0.816971 0.102989
v -0.087502 0.429509 0.066559
v 0.176662 0.415043 -0.035514
v 0.172952 0.410667 -0.025080
v 0.173039 0.423575 -0.021571
v -0.174047 0.815714 0.048294
v -0.171802 0.809640 0.054264
v 0.138254 0.630352 0.053501
v -0.010797 0.338568 0.073087
v -0.113707 0.740344 0.090326
v -0.158127 0.844060 0.059742
v -0.234500 0.435650 -0.052192
v 0.191385 0.730309 -0.000854
v 0.194381 0.737977 0.003798
v 0.192827 0.733437 0.014178
v 0.002849 0.411883 0.073820
v -0.022774 0.842725 0.098056
v -0.101944 0.390136 0.060353
v -0.242357 0.372577 -0.041589
v -0.240863 0.361726 -0.038365
v -0.169772 0.701226 0.055495
v -0.073697 0.450714 0.072193
v 0.173632 0.806124 0.039375
v 0.001997 0.623958 0.094507
v 0.000740 0.608270 0.087282
v -0.006354 0.612777 0.083259
v -0.081600 0.567179 0.078491
v -0.085057 0.552079 0.076504
v -0.221704 0.572796 -0.041890
v -0.222752 0.560207 -0.043153
v -0.113026 0.856466 0.093489
v 0.100905 0.871772 0.084421
v 0.147450 0.555455 0.037650
v 0.024636 0.596146 0.081801
v -0.148767 0.559054 0.000548
v -0.164814 0.717326 0.060728
v 0.177658 0.469790 0.007386
v -0.050093 0.690607 0.098021
v 0.120835 0.408643 0.040549
v -0.032984 0.718290 0.088925
v -0.022852 0.718487 0.095420
v -0.026409 0.734270 0.093015
v 0.098341 0.535141 0.062089
v 0.057947 0.524932 0.073465
v 0.052942 0.512067 0.071595
v 0.068028 0.520106 0.070880
v -0.184876 0.528042 0.006125
v -0.185367 0.519127 0.006615
v 0.117598 0.479051 0.045758
v 0.044587 0.351202 0.056840
v -0.206942 0.398592 -0.012469
v -0.036020 0.769410 0.090051
v -0.028077 0.769312 0.093835
v 0.187291 0.595667 -0.034625
v 0.088678 0.650275 0.084237
v 0.089744 0.633428 0.085544
v -0.194222 0.397312 0.009339
v -0.201913 0.402884 0.003064
v 0.097894 0.444772 0.051583
v 0.100369 0.456602 0.051726
v 0.087646 0.883166 0.085063
v 0.099231 0.754227 0.090005
v -0.151324 0.597426 0.002398
v -0.066877 0.489294 0.076208
v -0.172102 0.618283 -0.005817
v -0.176756 0.609959 -0.002788
v 0.135370 0.416404 0.034742
v 0.188646 0.777748 -0.001308
v 0.063224 0.536388 0.074705
v 0.069220 0.548288 0.074573
v 0.078968 0.543028 0.072709
v -0.170055 0.871022 0.026419
v 0.176049 0.748238 -0.012333
v 0.194373 0.634555 -0.031951
v 0.186962 0.647388 -0.032058
v 0.182148 0.717635 -0.028165
v 0.172887 0.536267 -0.020076
v 0.170412 0.882960 0.013963
v -0.098798 0.789595 0.098575
v -0.109452 0.781824 0.092340
v 0.207737 0.512075 -0.038295
v 0.199204 0.646767 0.007634
v 0.016371 0.335766 0.060518
v 0.187276 0.622559 -0.006624
v 0.189165 0.805234 0.011493
v 0.191233 0.793055 0.004984
v -0.215297 0.525060 -0.018838
v -0.172385 0.516877 0.001799
v -0.175624 0.367213 0.009861
v -0.181623 0.363094 0.014993
v 0.076554 0.704717 0.088196
v 0.004986 0.797876 0.102706
v 0.073742 0.531656 0.072076
v 0.034375 0.523235 0.077826
v 0.036110 0.551097 0.076023
v 0.038526 0.534238 0.082655
v 0.040111 0.563556 0.079028
v 0.044759 0.517602 0.080223
v 0.048515 0.557747 0.083898
v 0.019837 0.674663 0.098866
v 0.218918 0.475766 -0.053555
v 0.134532 0.852555 0.081788
v 0.119075 0.846454 0.082170
v -0.176763 0.452562 0.007399
v 0.065637 0.629323 0.082923
v -0.233023 0.367839 -0.062612
v 0.078817 0.847748 0.083893
v -0.220303 0.612198 -0.035425
v -0.207742 0.609987 -0.046070
v -0.241947 0.383438 -0.045159
v 0.027877 0.557652 0.070465
v -0.074809 0.352724 0.064672
v -0.149934 0.613270 0.063180
v 0.138670 0.460925 0.036677
v 0.068523 0.795301 0.089549
v -0.162625 0.775293 0.059196
v -0.160893 0.787824 0.064031
v -0.166237 0.793115 0.056196
v 0.205511 0.493805 -0.037824
v -0.150793 0.457195 0.053258
v -0.109647 0.866364 0.093832
v -0.040042 0.860063 0.091642
v 0.195312 0.545004 0.015273
v -0.097374 0.855332 0.092602
v -0.172111 0.828487 0.053167
v 0.153954 0.416646 0.012924
v 0.150223 0.414319 0.027882
v 0.167238 0.426458 0.006009
v 0.008837 0.826096 0.102255
v -0.157607 0.704965 0.060851
v 0.139142 0.377385 0.027922
v 0.172659 0.525165 -0.020753
v 0.173964 0.587208 -0.018843
v 0.160832 0.771300 0.050613
v 0.167483 0.884876 0.030572
v -0.167792 0.739325 0.024686
v -0.170600 0.739902 0.013629
v -0.090974 0.384410 0.065656
v 0.179905 0.369989 0.010676
v 0.124103 0.631917 0.063462
v 0.130207 0.641388 0.060271
v -0.055421 0.582465 0.085808
v 0.117385 0.636207 0.070031
v 0.186641 0.610931 -0.006995
v -0.170910 0.736684 -0.001928
v -0.143985 0.466663 0.059151
v -0.154407 0.571607 -0.003314
v -0.233629 0.487130 -0.036193
v 0.123102 0.535334 0.048145
v 0.124197 0.524482 0.046634
v 0.113486 0.535703 0.053555
v 0.205731 0.419829 0.009899
v 0.006866 0.697174 0.103162
v -0.138972 0.412648 0.058155
v -0.208363 0.515242 -0.005893
v -0.224265 0.585251 -0.028356
v -0.003166 0.646626 0.089998
v 0.005022 0.637101 0.097875
v 0.000551 0.654346 0.093562
v 0.089943 0.741337 0.092345
v -0.170654 0.754402 0.002578
v -0.099150 0.639050 0.081095
v -0.146907 0.502104 0.058936
v 0.048435 0.529577 0.078896
v -0.244405 0.354403 -0.047517
v -0.080374 0.666868 0.095153
v -0.131356 0.832501 0.090786
v 0.138371 0.513579 0.040086
v 0.188819 0.556487 0.013521
v 0.210900 0.478234 -0.039785
v 0.205180 0.462467 -0.038439
v -0.206806 0.480073 -0.004777
v -0.155116 0.651401 0.063271
v -0.148545 0.395932 0.045305
v 0.107521 0.884153 0.085268
v 0.156504 0.466453 0.023356
v -0.228077 0.434518 -0.057454
v 0.018242 0.840575 0.102030
v 0.169123 0.640496 0.014520
v 0.007735 0.603216 0.095744
v 0.008626 0.618674 0.098334
v 0.021267 0.609215 0.094260
v 0.115868 0.367830 0.039150
v 0.176726 0.571755 -0.030586
v -0.150805 0.446259 0.038272
v 0.199518 0.472853 -0.038483
v -0.122655 0.881253 0.087950
v -0.091565 0.882894 0.090272
v 0.092435 0.687524 0.085595
v -0.166667 0.600085 0.045614
v -0.200804 0.790502 -0.015937
v -0.164016 0.615114 0.053875
v -0.074997 0.384097 0.065528
v -0.212114 0.700690 -0.027680
v -0.244021 0.342057 -0.044147
v -0.181814 0.470573 0.007515
v -0.037950 0.446312 0.079344
v 0.105334 0.479969 0.051177
v 0.103045 0.468487 0.051238
v 0.091546 0.470354 0.056198
v -0.052806 0.478483 0.078540
v 0.226484 0.339337 -0.068482
v 0.218869 0.387962 -0.044929
v -0.037692 0.587544 0.086369
v -0.039918 0.578739 0.090416
v 0.203940 0.343203 -0.048255
v 0.175009 0.513269 -0.030242
v -0.135635 0.374999 0.006095
v 0.090439 0.430344 0.053016
v 0.198152 0.665036 -0.031686
v 0.191541 0.672242 -0.029924
v 0.055081 0.486546 0.070241
v 0.043479 0.545874 0.082448
v -0.167310 0.683926 0.032795
v -0.170962 0.693336 0.040376
v -0.168411 0.702572 0.031348
v 0.108915 0.591832 0.065718
v 0.164596 0.650113 0.024851
v -0.168313 0.881334 0.048351
v 0.154380 0.764754 0.061353
v 0.197621 0.679871 0.007916
v -0.106288 0.694440 0.085844
v 0.174087 0.827859 0.017882
v -0.155109 0.468919 -0.007254
v -0.149028 0.412517 0.048606
v 0.158634 0.705630 0.050128
v -0.209027 0.363705 -0.017596
v -0.237150 0.395541 -0.034765
v -0.156304 0.483591 0.047680
v -0.154338 0.476484 0.035167
v -0.155382 0.468549 0.047165
v -0.153874 0.475750 0.051290
v 0.046509 0.463294 0.070327
v -0.037480 0.503059 0.080490
v -0.159737 0.525513 0.045224
v -0.075605 0.761242 0.094951
v 0.116813 0.723051 0.082804
v 0.118702 0.734667 0.083109
v 0.131940 0.729923 0.078941
v -0.192619 0.514718 0.006001
v 0.104463 0.383991 0.045323
v -0.173206 0.767057 -0.001357
v 0.174575 0.791882 0.029016
v 0.063783 0.415081 0.058405
v -0.111510 0.345809 0.057336
v 0.146936 0.343874 0.018877
v -0.049151 0.356983 0.071381
v -0.040099 0.357447 0.070742
v -0.149102 0.373275 -0.009444
v 0.093436 0.550672 0.066790
v -0.075237 0.621365 0.087054
v 0.023434 0.545205 0.072514
v 0.017331 0.533537 0.075182
v 0.026639 0.527780 0.070842
v -0.033186 0.388842 0.080207
v 0.078161 0.417597 0.055936
v -0.160989 0.657718 0.026770
v 0.027009 0.500591 0.069289
v 0.131714 0.815753 0.078924
v 0.175688 0.820002 -0.011206
v 0.053563 0.540996 0.080213
v 0.175351 0.809748 -0.018378
v 0.174874 0.406717 -0.014023
v 0.111829 0.398650 0.043254
v -0.025720 0.854119 0.094164
v 0.192280 0.681095 -0.003150
v 0.037582 0.603677 0.077646
v 0.030677 0.587073 0.074890
v 0.177006 0.590111 -0.028696
v -0.096468 0.557669 0.073699
v -0.052932 0.805384 0.096407
v -0.056552 0.789457 0.098570
v -0.045612 0.798172 0.090173
v -0.205157 0.757044 -0.024897
v 0.182408 0.455220 -0.008872
v 0.022473 0.627066 0.094578
v 0.101123 0.371118 0.044636
v 0.040326 0.374780 0.062398
v -0.210122 0.561189 -0.012601
v -0.008359 0.374286 0.077056
v -0.016564 0.569632 0.086015
v -0.013549 0.551757 0.087547
v -0.007363 0.558239 0.078269
v -0.090028 0.584557 0.077685
v 0.172224 0.464672 -0.018384
v -0.078968 0.817537 0.097780
v -0.094996 0.818510 0.100810
v -0.086933 0.827288 0.098817
v 0.195296 0.617949 0.013697
v -0.166020 0.873727 0.037541
v -0.167640 0.870197 0.049589
v -0.177560 0.838699 0.013042
v -0.175469 0.840634 0.002645
v -0.044163 0.413446 0.078482
v -0.063424 0.613687 0.092074
v 0.197609 0.625975 0.002306
v -0.110402 0.450185 0.066624
v -0.144795 0.357933 0.042369
v -0.152368 0.454438 0.040107
v -0.142773 0.451298 0.028065
v 0.144831 0.791417 0.067655
v -0.008978 0.458326 0.079558
v 0.156700 0.481450 0.023370
v 0.151896 0.847605 0.069757
v 0.182784 0.624963 -0.032511
v 0.154214 0.495809 0.029649
v 0.151097 0.483874 0.031236
v 0.157390 0.507261 0.028644
v 0.151637 0.522097 0.033550
v 0.147914 0.510413 0.034298
v 0.159925 0.478850 0.012667
v -0.222268 0.604307 -0.026903
v 0.021779 0.577570 0.080604
v 0.156104 0.781437 0.061749
v 0.177862 0.719251 0.016160
v -0.166916 0.740026 0.057824
v 0.014530 0.461860 0.070784
v -0.013481 0.862864 0.101791
v -0.083400 0.884138 0.094166
v 0.221658 0.401762 -0.063502
v -0.169768 0.753970 0.054283
v 0.028309 0.458825 0.072891
v -0.084498 0.389558 0.064911
v -0.222106 0.499925 -0.024890
v -0.142065 0.494440 0.001632
v -0.153859 0.626988 0.003004
v -0.154319 0.639268 0.005318
v 0.042930 0.847047 0.090117
v 0.202456 0.374601 0.018617
v 0.151060 0.744737 0.060073
v -0.132451 0.429881 0.059203
v 0.093384 0.716508 0.087397
v -0.040386 0.761488 0.089896
v 0.128931 0.568465 0.049838
v 0.216933 0.486511 -0.046936
v 0.062026 0.467339 0.067915
v 0.196436 0.409668 0.019255
v 0.016086 0.601786 0.095990
v -0.162727 0.397584 -0.004842
v -0.078172 0.734679 0.100628
v -0.209153 0.741854 -0.020170
v 0.130424 0.490131 0.040893
v 0.134770 0.501627 0.040823
v 0.122146 0.502631 0.046186
v 0.200144 0.487289 0.013869
v -0.206000 0.371635 -0.005974
v 0.053167 0.835160 0.091569
v -0.163329 0.560297 0.039376
v 0.164067 0.644275 0.038046
v 0.160847 0.628791 0.040408
v 0.153470 0.636201 0.046300
v -0.044609 0.386917 0.073906
v -0.040101 0.397702 0.073384
v 0.054288 0.622715 0.083902
v -0.073429 0.525888 0.077964
v -0.078615 0.519067 0.076094
v -0.080682 0.535418 0.076615
v -0.056843 0.367550 0.069761
v -0.071279 0.360162 0.063205
v -0.006255 0.754082 0.100785
v -0.019097 0.742159 0.100047
v -0.213087 0.465623 -0.017078
v 0.002436 0.341053 0.073140
v 0.010242 0.353721 0.074080
v 0.193846 0.346522 -0.004025
v 0.094467 0.481811 0.056120
v 0.145747 0.367030 0.025548
v 0.047889 0.883970 0.089162
v 0.176359 0.781109 -0.018458
v 0.177716 0.744668 -0.022588
v -0.227288 0.465168 -0.027628
v -0.220106 0.460458 -0.025590
v 0.183566 0.790688 0.014568
v -0.185118 0.419635 0.012201
v 0.207563 0.587950 -0.039642
v -0.138410 0.349754 0.000971
v -0.212460 0.483869 -0.054887
v 0.003545 0.558844 0.084614
v 0.200908 0.552533 0.004622
v 0.039396 0.649193 0.089626
v -0.173158 0.499552 0.003157
v -0.159143 0.558745 0.053397
v -0.151272 0.550536 0.059628
v -0.158816 0.542019 0.052256
v -0.158587 0.612576 0.025101
v -0.159877 0.597587 0.032205
v -0.007816 0.576310 0.077851
v -0.042607 0.487617 0.082586
v -0.225296 0.457964 -0.055444
v -0.164578 0.710320 0.003088
v 0.068103 0.820668 0.091174
v 0.081902 0.820842 0.084203
v -0.178778 0.750253 -0.004383
v -0.247249 0.342225 -0.055915
v -0.095660 0.777021 0.099542
v 0.181905 0.701757 0.016017
v -0.009551 0.790177 0.102504
v 0.187507 0.509414 -0.009296
v 0.189323 0.521232 -0.008456
v -0.104807 0.488557 0.067873
v 0.202179 0.380543 -0.000474
v 0.176022 0.732106 -0.020277
v -0.148009 0.404841 0.037678
v -0.021191 0.395061 0.077046
v 0.142016 0.736491 0.069458
v 0.142973 0.730474 0.061274
v 0.178645 0.765109 -0.007855
v 0.104710 0.606628 0.072039
v 0.111184 0.502267 0.050915
v 0.109082 0.492327 0.050901
v 0.097343 0.493743 0.056264
v 0.110458 0.647605 0.076682
v 0.192721 0.368868 0.020103
v 0.173096 0.651808 0.011551
v 0.216241 0.512363 -0.051454
v 0.034419 0.709228 0.093359
v 0.181260 0.535064 -0.011834
v 0.186136 0.719227 -0.003151
v -0.177245 0.860144 0.015756
v 0.025624 0.610715 0.087206
v -0.018139 0.751388 0.100795
v 0.202451 0.358746 0.019254
v -0.044442 0.421573 0.078918
v 0.118921 0.388391 0.040146
v 0.173349 0.438218 -0.029067
v 0.172711 0.433684 -0.017255
v 0.173475 0.445364 -0.014987
v -0.064423 0.732058 0.096595
v -0.136755 0.701465 0.072036
v -0.039195 0.777477 0.090547
v -0.044314 0.673318 0.096497
v 0.033891 0.740736 0.092705
v 0.135963 0.788591 0.080694
v 0.197577 0.607687 0.000499
v 0.144317 0.499385 0.035108
v -0.215829 0.546293 -0.016411
v -0.208583 0.551498 -0.010601
v -0.207095 0.538929 -0.005627
v 0.059420 0.391931 0.058274
v 0.051016 0.383426 0.058614
v -0.086845 0.668921 0.090826
v 0.068210 0.757128 0.087105
v -0.192701 0.763330 -0.002576
v 0.167517 0.467355 0.005884
v -0.168012 0.628547 0.050527
v -0.024222 0.410599 0.076524
v -0.191099 0.552416 0.004242
v 0.217909 0.460150 -0.056982
v -0.131595 0.871521 0.082114
v -0.129755 0.882195 0.085387
v 0.019904 0.874749 0.096643
v 0.139055 0.779699 0.077018
v 0.148748 0.780584 0.066613
v -0.211055 0.673673 -0.011939
v 0.172558 0.579220 0.008277
v 0.164294 0.565658 0.011642
v 0.163717 0.575625 0.017180
v -0.066267 0.444842 0.075944
v 0.031709 0.539247 0.071256
v -0.141225 0.483016 0.006945
v -0.218649 0.344974 -0.026333
v -0.174842 0.797794 0.049268
v -0.128719 0.388290 0.020778
v 0.213117 0.544388 -0.046168
v 0.211437 0.540245 -0.057342
v -0.140975 0.426895 0.026738
v -0.177578 0.687170 -0.004933
v -0.186669 0.677277 -0.001522
v -0.186990 0.693987 -0.001579
v 0.003263 0.476599 0.076839
v -0.118186 0.443861 0.061036
v 0.002829 0.841978 0.102098
v -0.046892 0.845589 0.089996
v 0.060234 0.643807 0.086922
v -0.159545 0.748893 0.064952
v -0.164166 0.757956 0.059280
v -0.124239 0.599787 0.068532
v -0.101055 0.368235 0.060496
v -0.106490 0.383297 0.062690
v 0.088938 0.782258 0.090086
v 0.091989 0.796856 0.091804
v -0.132029 0.397747 0.059555
v -0.178998 0.851818 0.015701
v 0.202078 0.489528 0.004226
v 0.199654 0.502080 0.014296
v -0.177161 0.740565 -0.004865
v 0.209037 0.617743 -0.047106
v 0.182684 0.474495 -0.037768
v 0.036848 0.874431 0.092971
v 0.027344 0.869612 0.099235
v 0.029461 0.885979 0.096728
v -0.201931 0.553959 -0.000462
v 0.020033 0.741019 0.100740
v 0.015282 0.724640 0.102013
v 0.026789 0.731625 0.096886
v 0.163426 0.883023 0.045159
v 0.171704 0.487109 -0.021992
v 0.182980 0.546397 -0.010836
v -0.165878 0.609304 0.036453
v -0.030247 0.534589 0.085719
v 0.009295 0.362931 0.073115
v -0.032354 0.808000 0.093151
v -0.075416 0.638208 0.091830
v 0.172812 0.885495 0.023534
v -0.230939 0.503075 -0.042670
v -0.227576 0.421616 -0.059831
v -0.041061 0.542021 0.082326
v -0.139989 0.577175 0.062657
v -0.163893 0.616573 -0.005005
v 0.060077 0.660085 0.085326
v -0.209494 0.478060 -0.013328
v -0.211836 0.491077 -0.016093
v 0.158941 0.677408 0.048145
v -0.068089 0.436291 0.074729
v 0.007522 0.468738 0.083411
v -0.086864 0.868774 0.095046
v -0.076393 0.872448 0.092417
v 0.103103 0.676880 0.086298
v 0.188089 0.568841 -0.007944
v 0.195205 0.554826 -0.004701
v 0.162681 0.814072 0.046878
v 0.066820 0.838842 0.092909
v -0.216687 0.603181 -0.041333
v 0.227019 0.341368 -0.050243
v -0.159643 0.597989 0.055596
v 0.178063 0.761563 -0.022869
v -0.038040 0.644253 0.095066
v 0.226480 0.375859 -0.057608
v -0.021001 0.502162 0.087830
v -0.192958 0.437407 0.009259
v -0.224418 0.480074 -0.027043
v 0.073023 0.810230 0.086971
v 0.147147 0.622433 0.047862
v 0.045943 0.808449 0.094038
v 0.183392 0.584684 -0.009332
v 0.184840 0.594893 -0.008141
v 0.175355 0.597608 -0.015748
v 0.175979 0.830535 0.037306
v -0.236486 0.431481 -0.035627
v -0.158735 0.527136 0.034207
v -0.157459 0.513944 0.033804
v 0.089130 0.508721 0.062506
v 0.181683 0.395697 -0.006498
v -0.169620 0.381902 0.002628
v -0.147329 0.549741 0.001440
v -0.235550 0.465389 -0.041763
v 0.190241 0.673215 -0.004485
v -0.213013 0.689281 -0.018210
v 0.190518 0.363160 -0.002782
v 0.183170 0.357755 -0.007554
v 0.194150 0.413393 -0.004607
v 0.163081 0.868127 0.059132
v -0.150626 0.607797 0.014021
v 0.059703 0.781273 0.093405
v -0.193329 0.686083 -0.001476
v -0.149835 0.453287 -0.007427
v 0.030189 0.615368 0.081921
v -0.019544 0.345282 0.067166
v 0.002776 0.424881 0.081656
v -0.160472 0.883447 0.062292
v -0.015482 0.854955 0.102947
v 0.132196 0.697369 0.072917
v -0.197594 0.529507 0.002698
v 0.179609 0.816395 -0.004917
v 0.105863 0.358985 0.042685
v -0.198468 0.490124 0.004764
v -0.198367 0.498516 0.004444
v 0.078070 0.622208 0.084792
v 0.175030 0.346697 -0.025606
v 0.206279 0.411659 0.009531
v 0.018485 0.802258 0.102374
v 0.187670 0.752156 -0.002834
v 0.187301 0.765195 -0.002716
v -0.236100 0.442141 -0.040584
v -0.023782 0.764742 0.098463
v -0.113027 0.505080 0.066615
v -0.018078 0.577519 0.088611
v -0.227377 0.482580 -0.051327
v -0.222405 0.489485 -0.053364
v -0.141886 0.642656 0.066704
v 0.140146 0.561572 0.041621
v -0.203317 0.774844 -0.021053
v -0.028193 0.361685 0.075829
v -0.221231 0.530694 -0.048214
v 0.136747 0.657333 0.057264
v 0.050020 0.365945 0.058956
v 0.041281 0.359313 0.057999
v 0.201571 0.409300 -0.043880
v 0.006524 0.716923 0.103820
v 0.000325 0.726447 0.099505
v 0.142267 0.808433 0.069936
v -0.139835 0.421003 -0.001653
v 0.205374 0.434473 -0.039792
v 0.217052 0.428287 -0.043811
v 0.217003 0.441554 -0.044550
v -0.010296 0.807099 0.103305
v -0.113186 0.645046 0.077456
v 0.053476 0.571518 0.083138
v -0.147647 0.581303 0.006296
v 0.164469 0.382609 0.005022
v -0.154186 0.538720 0.025149
v -0.131068 0.362961 0.019623
v -0.213500 0.628691 -0.039776
v -0.177991 0.378811 0.012650
v -0.130977 0.838758 0.085438
v -0.107218 0.810201 0.093462
v 0.061766 0.674676 0.085086
v -0.157152 0.600340 0.025431
v -0.125793 0.714145 0.078444
v -0.210643 0.635937 -0.010328
v 0.199651 0.369848 -0.047610
v -0.209895 0.512650 -0.053129
v -0.217151 0.383285 -0.025984
v -0.033427 0.374782 0.073072
v -0.159300 0.723737 0.060716
v -0.219612 0.542339 -0.047116
v 0.183005 0.744564 0.018043
v 0.170451 0.744592 0.019568
v -0.169228 0.763648 0.038712
v -0.027913 0.827191 0.095197
v -0.199867 0.347516 0.001603
v 0.144941 0.706750 0.056238
v -0.150103 0.487372 0.028923
v -0.200487 0.684005 -0.004697
v 0.175649 0.673526 -0.024982
v -0.229802 0.520103 -0.039739
v -0.228759 0.532345 -0.038236
v -0.095034 0.511627 0.071531
v -0.222361 0.513082 -0.024734
v -0.140153 0.449777 0.001756
v -0.227856 0.542945 -0.037333
v -0.104874 0.418120 0.063274
v 0.191456 0.532883 -0.007839
v 0.152417 0.405311 0.015823
v -0.214386 0.664441 -0.016391
v -0.059424 0.884357 0.093459
v -0.120554 0.640295 0.073548
v 0.011681 0.399124 0.071503
v 0.010056 0.409079 0.072319
v -0.168566 0.367419 0.005973
v 0.212888 0.446855 -0.064800
v -0.219205 0.360147 -0.027093
v -0.177486 0.440997 0.008344
v -0.169445 0.438387 0.002749
v -0.166527 0.448602 -0.000752
v 0.210876 0.555631 -0.056520
v 0.175441 0.717389 -0.014899
v 0.176820 0.347057 -0.014730
v 0.089442 0.668033 0.085309
v -0.165326 0.760548 0.030303
v -0.207016 0.526853 -0.004795
v 0.129718 0.671573 0.067903
v 0.179115 0.344690 0.011545
v -0.139875 0.393806 0.030963
v 0.084431 0.554327 0.072436
v 0.197176 0.667859 0.005997
v -0.172102 0.861834 0.035709
v -0.144729 0.511438 0.015670
v -0.168143 0.645820 0.052112
v -0.169745 0.652855 0.038162
v -0.169507 0.655198 0.049524
v 0.034241 0.346113 0.057503
v -0.178453 0.591911 -0.000932
v -0.115305 0.827931 0.093907
v 0.092025 0.383565 0.048356
v 0.193672 0.544507 -0.006505
v -0.196613 0.476638 0.006799
v 0.053083 0.681388 0.085547
v -0.150547 0.586891 0.061848
v -0.063504 0.407617 0.071598
v -0.129874 0.848094 0.087786
v -0.120908 0.839800 0.092637
v 0.010793 0.666808 0.102398
v 0.170308 0.859355 0.035157
v 0.159296 0.783772 0.050561
v 0.164562 0.787310 0.045867
v -0.121459 0.871561 0.090256
v 0.079709 0.604926 0.082275
v 0.027018 0.801160 0.100266
v -0.138723 0.776528 0.082228
v -0.142302 0.773158 0.073898
v 0.169861 0.867079 -0.010956
v 0.177556 0.859267 -0.006932
v 0.172805 0.851000 -0.010802
v 0.060004 0.884643 0.092218
v 0.193268 0.594258 0.014332
v 0.186353 0.604319 0.013532
v 0.183639 0.588484 0.011761
v -0.110054 0.615773 0.074686
v -0.152445 0.620035 0.014607
v 0.125587 0.423616 0.037819
v 0.166927 0.602079 0.012225
v 0.113506 0.466257 0.046742
v -0.195348 0.625911 -0.000597
v -0.186185 0.635586 0.000062
v 0.045217 0.389390 0.063887
v 0.018485 0.447094 0.068814
v 0.097144 0.337097 0.043080
v -0.204483 0.675414 -0.039630
v 0.025058 0.423907 0.073632
v 0.001195 0.444329 0.075296
v -0.138144 0.448576 0.013944
v -0.052338 0.719763 0.098107
v 0.160117 0.441404 0.008191
v -0.150304 0.595356 0.017544
v -0.150936 0.585842 0.020889
v -0.097886 0.704502 0.089900
v -0.028315 0.396888 0.075195
v -0.192917 0.381538 0.011758
v -0.065408 0.381080 0.068662
v 0.187329 0.421241 0.015436
v 0.080250 0.474480 0.061445
v -0.002265 0.800180 0.102143
v 0.210704 0.416875 -0.041236
v 0.200128 0.424168 -0.042657
v 0.009072 0.338263 0.075825
v 0.210748 0.401463 -0.042157
v 0.219729 0.412375 -0.045822
v 0.223542 0.404748 -0.050155
v -0.189558 0.370744 0.012299
v 0.175580 0.656953 -0.026100
v 0.059662 0.347043 0.055652
v -0.065246 0.536326 0.080933
v -0.194267 0.782430 -0.024799
v -0.202948 0.779212 -0.013986
v 0.095667 0.823393 0.090484
v 0.106580 0.818809 0.090123
v 0.019548 0.417289 0.066028
v -0.177396 0.876789 0.012337
v 0.168790 0.736719 0.022484
v -0.150508 0.796304 0.069352
v 0.001976 0.468197 0.082822
v -0.238954 0.395610 -0.055230
v 0.172252 0.798204 0.040895
v 0.223182 0.407498 -0.058786
v 0.011626 0.433983 0.071943
v -0.065189 0.841726 0.092830
v -0.211874 0.643056 -0.038832
v 0.166297 0.689104 0.025874
v 0.169108 0.698586 0.019658
v 0.174877 0.691478 0.013436
v 0.148016 0.474045 0.032915
v 0.137679 0.476258 0.037150
v -0.069479 0.369534 0.068770
v 0.077936 0.336228 0.047505
v 0.061756 0.714994 0.084642
v -0.232079 0.405932 -0.032369
v -0.163028 0.678697 0.058756
v -0.163611 0.666235 0.058275
v -0.153590 0.668121 0.065351
v 0.189691 0.655702 -0.031182
v -0.217254 0.644746 -0.020935
v -0.239555 0.411647 -0.038823
v -0.231324 0.420623 -0.031597
v -0.010648 0.662765 0.091390
v 0.196298 0.397075 0.020017
v 0.123914 0.382613 0.038416
v -0.020735 0.850568 0.098711
v -0.137061 0.435454 0.013346
v 0.043069 0.618085 0.077972
v 0.206788 0.367739 0.006709
v -0.170156 0.418802 0.002987
v 0.115068 0.871338 0.082784
v 0.093296 0.813214 0.091310
v 0.035979 0.631339 0.086987
v -0.009167 0.433525 0.084683
v -0.070342 0.820057 0.092358
v -0.235367 0.382529 -0.061327
v 0.013232 0.530779 0.088423
v 0.074510 0.446160 0.061224
v 0.137311 0.803143 0.078769
v -0.003541 0.544178 0.078530
v -0.099193 0.827207 0.094499
v 0.066451 0.855536 0.092196
v 0.075103 0.876349 0.083647
v -0.142959 0.862819 0.079301
v -0.169145 0.669221 0.040424
v -0.157163 0.851893 0.062360
v -0.158560 0.855587 0.069575
v -0.210703 0.660514 -0.037121
v 0.169647 0.753231 0.045303
v 0.166121 0.769603 0.045443
v -0.057467 0.489648 0.080381
v 0.145822 0.463230 0.033925
v 0.018260 0.586453 0.091694
v 0.047036 0.876201 0.090268
v 0.140376 0.487502 0.036312
v -0.201967 0.541113 0.000294
v -0.181863 0.567782 0.003017
v 0.121905 0.340358 0.030649
v 0.120005 0.355298 0.036091
v -0.113666 0.764642 0.091374
v 0.178429 0.623540 -0.013099
v 0.177694 0.611462 -0.013979
v 0.180971 0.379443 -0.043199
v 0.057344 0.871296 0.094046
v 0.068154 0.570482 0.080057
v -0.208216 0.730401 -0.026947
v -0.150693 0.423148 0.038507
v -0.000020 0.708779 0.098398
v -0.173609 0.700276 -0.004746
v -0.111832 0.434269 0.063954
v 0.029193 0.699893 0.093829
v -0.048447 0.790210 0.091600
v -0.047563 0.777378 0.091803
v 0.115823 0.573262 0.058166
v -0.154557 0.644265 0.019756
v 0.174747 0.615487 -0.025176
v 0.102207 0.624738 0.076989
v 0.025198 0.681964 0.094265
v 0.100362 0.504958 0.056226
v 0.003997 0.541176 0.084212
v 0.007932 0.542801 0.091169
v 0.151468 0.406740 0.025734
v -0.214592 0.680293 -0.021782
v 0.013503 0.684576 0.103263
v 0.186773 0.804721 -0.027070
v 0.186682 0.801821 -0.003225
v 0.188873 0.811542 0.001819
v 0.133268 0.623699 0.055690
v 0.046715 0.658014 0.082868
v -0.046501 0.526386 0.081902
v 0.185887 0.522310 0.013373
v 0.058885 0.730853 0.087846
v 0.185148 0.679034 0.015644
v 0.181986 0.662711 0.014298
v 0.190620 0.670825 0.016351
v 0.021346 0.765507 0.100774
v 0.217953 0.449945 -0.046250
v 0.142958 0.758618 0.069182
v 0.183178 0.358581 -0.044345
v 0.190134 0.345213 -0.048227
v 0.181472 0.346202 -0.046042
v -0.207922 0.444195 -0.012158
v -0.136692 0.608162 0.065063
v -0.043493 0.717860 0.089973
v 0.063686 0.563090 0.080400
v 0.063605 0.577810 0.084935
v 0.155970 0.433968 0.011751
v -0.182193 0.725593 -0.004077
v -0.165114 0.660878 0.034881
v -0.237469 0.351550 -0.035496
v 0.178919 0.869320 0.004633
v -0.135789 0.539242 0.062427
v -0.167020 0.668790 -0.004182
v -0.034791 0.549828 0.087833
v 0.180252 0.816787 -0.025206
v 0.180994 0.557092 -0.034640
v -0.141524 0.490694 0.007981
v 0.111876 0.847513 0.084179
v 0.200800 0.559137 -0.035343
v 0.215239 0.528238 -0.049421
v -0.226932 0.556968 -0.028905
v -0.160869 0.654510 -0.000816
v -0.149500 0.524348 -0.004152
v -0.162697 0.530506 -0.004765
v -0.161000 0.519356 -0.005564
v -0.056070 0.763568 0.098657
v 0.196690 0.394336 -0.003279
v 0.099513 0.777882 0.090876
v 0.027844 0.365371 0.067112
v 0.016983 0.788315 0.102418
v -0.202979 0.698753 -0.006425
v 0.007618 0.649598 0.100877
v -0.210048 0.690360 -0.032473
v -0.066194 0.777495 0.097260
v -0.130515 0.349768 0.014114
v 0.193051 0.520087 0.015261
v -0.075958 0.472027 0.073379
v -0.006793 0.412985 0.082048
v -0.102998 0.646208 0.080946
v -0.017962 0.626096 0.085954
v 0.112145 0.620737 0.069968
v 0.179053 0.708837 -0.010052
v -0.211498 0.370488 -0.020355
v -0.132839 0.514120 0.062060
v -0.008742 0.529698 0.081025
v -0.161692 0.493393 -0.004968
v -0.163667 0.504162 -0.004234
v -0.171214 0.491441 0.001039
v -0.210474 0.530887 -0.053477
v -0.190537 0.543320 0.004538
v -0.163002 0.859882 0.057339
v 0.021908 0.391752 0.069011
v 0.185154 0.378491 0.017007
v 0.169730 0.767833 0.028703
v 0.169203 0.776912 0.026116
v 0.088808 0.616350 0.081062
v 0.096890 0.654310 0.086446
v -0.161928 0.672803 0.025021
v -0.112282 0.370288 0.060322
v 0.194895 0.355199 -0.049216
v -0.142195 0.689486 0.071334
v 0.188866 0.492159 -0.039339
v 0.200576 0.541140 0.001111
v 0.199358 0.530713 -0.001368
v 0.199995 0.537978 0.012040
v -0.004698 0.359163 0.075160
v 0.195116 0.377912 -0.001228
v 0.188009 0.386344 -0.003672
v -0.053819 0.409169 0.073692
v 0.032198 0.812904 0.094043
v 0.178607 0.471192 -0.011207
v -0.171195 0.528484 0.000094
v -0.200940 0.742498 -0.031587
v 0.079366 0.516544 0.069720
v 0.075872 0.505614 0.069741
v -0.039960 0.793233 0.090697
v 0.123198 0.795674 0.086945
v -0.223825 0.429335 -0.028808
v -0.217604 0.437926 -0.024564
v -0.212199 0.431138 -0.019351
v -0.152357 0.389805 -0.007754
v -0.151806 0.402990 -0.009245
v -0.218910 0.342910 -0.061687
v -0.108089 0.631781 0.077343
v 0.192213 0.453253 0.018261
v 0.183375 0.386522 0.015750
v 0.031071 0.417251 0.065069
v 0.003685 0.460448 0.074079
v -0.098154 0.681868 0.086987
v 0.044417 0.430325 0.065812
v 0.161883 0.509499 0.017076
v 0.060636 0.448795 0.064569
v -0.018227 0.826137 0.103300
v -0.029616 0.695703 0.087655
v -0.010014 0.508580 0.087961
v -0.208713 0.504259 -0.008051
v 0.173132 0.502134 0.006040
v 0.016320 0.379321 0.063838
v 0.181909 0.843154 -0.005955
v 0.172412 0.495233 -0.023574
v -0.225211 0.572782 -0.026771
v 0.179174 0.797257 -0.023280
v 0.041473 0.731230 0.093453
v -0.145777 0.349418 -0.005599
v -0.112374 0.567447 0.069856
v -0.124924 0.576377 0.066796
v -0.039384 0.367776 0.069476
v -0.039088 0.382692 0.071008
v -0.046159 0.379229 0.074180
v 0.164504 0.589727 0.015795
v 0.156234 0.449268 0.023748
v 0.154979 0.438589 0.023824
v -0.153571 0.681139 0.066947
v -0.178735 0.356083 0.014410
v -0.154992 0.347931 -0.009252
v -0.206321 0.487759 -0.003711
v -0.163774 0.571058 0.045807
v -0.139451 0.420324 0.058499
v 0.200118 0.649129 -0.032917
v -0.168255 0.636978 0.041598
v -0.183778 0.597968 0.001690
v -0.006814 0.394474 0.084571
v 0.001714 0.383419 0.083101
v -0.196524 0.642098 -0.001621
v 0.001232 0.584663 0.085778
v -0.132784 0.420782 0.017019
v 0.006769 0.556530 0.090777
v 0.173909 0.779090 0.017970
v -0.170194 0.479217 0.001389
v 0.215198 0.346734 -0.073870
v 0.210568 0.521371 -0.059268
v 0.178418 0.410981 -0.008991
v 0.043142 0.579736 0.077126
v 0.161017 0.552026 0.027168
v -0.142490 0.505325 0.011989
v -0.168559 0.407280 0.004310
v 0.179140 0.457255 0.008191
v 0.203269 0.355722 -0.047773
v -0.006148 0.486264 0.082221
v 0.090411 0.708550 0.086859
v 0.097440 0.699856 0.087933
v 0.190426 0.719985 -0.029386
v 0.191480 0.704028 -0.029734
v 0.034359 0.855809 0.092196
v -0.234779 0.473129 -0.040472
v 0.125562 0.822686 0.084412
v 0.119458 0.818587 0.084372
v -0.102178 0.727808 0.090510
v 0.032620 0.390588 0.066161
v 0.029196 0.380502 0.064631
v 0.172350 0.815970 0.019054
v 0.015543 0.484868 0.072294
v -0.133744 0.820067 0.083859
v 0.082579 0.527297 0.068704
v 0.026687 0.621419 0.085534
v -0.205737 0.594347 -0.048670
v 0.174740 0.665853 -0.018490
v 0.090310 0.846681 0.087824
v 0.169479 0.885195 -0.008267
v -0.217099 0.372345 -0.060037
v -0.027241 0.815526 0.096050
v -0.020675 0.813431 0.100910
v 0.122428 0.765273 0.085196
v -0.237101 0.419823 -0.051498
v -0.089698 0.344415 0.063717
v 0.153236 0.536091 0.034199
v 0.128755 0.655862 0.064570
v 0.122156 0.658853 0.072714
v 0.197387 0.487522 -0.004340
v -0.098172 0.868967 0.092308
v -0.204903 0.769392 -0.015796
v -0.149189 0.476167 0.057046
v 0.109294 0.435339 0.047280
v 0.108514 0.442966 0.047480
v -0.208100 0.731019 -0.012319
v -0.196855 0.725103 -0.003500
v -0.200812 0.735906 -0.006414
v -0.154610 0.883911 0.069041
v -0.152335 0.869258 0.072817
v 0.204936 0.393867 -0.044364
v 0.209218 0.385999 -0.043437
v -0.089270 0.569802 0.076588
v 0.084760 0.876110 0.084947
v 0.175861 0.808573 0.032691
v 0.170732 0.811405 0.026001
v 0.171114 0.823990 0.034326
v -0.155869 0.572180 0.058124
v 0.186628 0.757747 -0.028547
v -0.218158 0.453095 -0.024637
v 0.174638 0.644949 -0.019892
v -0.093068 0.699147 0.092837
v 0.197278 0.566356 -0.001801
v -0.004250 0.638315 0.088352
v 0.032602 0.670868 0.091743
v 0.161335 0.571955 0.029690
v 0.003286 0.678544 0.099857
v -0.097595 0.441910 0.066816
v 0.172534 0.587188 0.008403
v 0.127714 0.775995 0.084998
v -0.226517 0.389084 -0.031133
v -0.157155 0.354900 -0.008308
v -0.139811 0.416293 0.030375
v -0.168614 0.809022 0.042731
v 0.181171 0.681381 -0.029390
v 0.196976 0.673093 0.011772
v 0.125428 0.478400 0.042361
v -0.018466 0.406353 0.079012
v -0.017423 0.415022 0.081711
v -0.032503 0.615280 0.090239
v -0.216960 0.645414 -0.033717
v 0.115226 0.565321 0.057185
v -0.023792 0.371345 0.070479
v 0.053398 0.697275 0.087898
v 0.049467 0.707971 0.093992
v 0.167705 0.678467 0.030215
v -0.171652 0.842841 0.044264
v 0.047706 0.444018 0.067293
v -0.134464 0.362490 0.009277
v -0.219144 0.631560 -0.027962
v 0.181885 0.397312 -0.042251
v 0.186977 0.406558 -0.043590
v 0.196296 0.398161 -0.045525
v 0.068055 0.765441 0.087666
v 0.172340 0.480265 -0.018501
v -0.011677 0.597707 0.080528
v -0.012430 0.606012 0.082025
v 0.104777 0.632974 0.077077
v 0.087397 0.346051 0.047013
v 0.161486 0.563456 0.027710
v 0.211199 0.563771 -0.043507
v 0.211691 0.553584 -0.042762
v 0.112172 0.823552 0.089686
v 0.090065 0.421461 0.052457
v 0.110463 0.774977 0.085664
v 0.193354 0.752171 0.004360
v 0.189252 0.761868 0.014411
v -0.147179 0.574003 0.011282
v 0.135987 0.866198 0.074099
v 0.059636 0.552045 0.079420
v 0.107698 0.709859 0.086217
v -0.161632 0.614256 0.032441
v 0.148434 0.661659 0.050730
v -0.036631 0.410976 0.077916
v 0.163736 0.861784 0.054896
v -0.175136 0.724330 -0.005022
v -0.124798 0.749793 0.086524
v 0.179978 0.756799 0.016140
v -0.063071 0.644132 0.095104
v -0.001728 0.671934 0.093497
v -0.001213 0.688615 0.095828
v -0.009130 0.679984 0.094206
v -0.144773 0.838687 0.080719
v -0.084842 0.784844 0.101125
v 0.098496 0.683151 0.087728
v -0.121222 0.698823 0.082071
v -0.233980 0.355221 -0.064011
v 0.209952 0.580641 -0.053153
v -0.122415 0.564626 0.066786
v 0.201748 0.641447 -0.034066
v -0.023593 0.799781 0.098413
v -0.202383 0.717686 -0.034539
v 0.147185 0.438646 0.029693
v 0.021496 0.373751 0.062512
v 0.223155 0.356248 -0.047520
v 0.175463 0.364912 -0.033253
v 0.175257 0.362415 -0.018410
v 0.192483 0.563448 0.014155
v 0.199109 0.421219 0.018398
v 0.176003 0.792498 -0.013673
v 0.205790 0.618221 -0.038473
v 0.012893 0.703710 0.103264
v 0.144758 0.871813 0.071640
v -0.174165 0.829032 0.021063
v 0.212052 0.394730 -0.069367
v -0.021375 0.867064 0.096983
v -0.138322 0.396517 0.055748
v 0.161048 0.830397 0.047728
v 0.200544 0.599240 0.009297
v 0.196310 0.610232 0.012895
v 0.137426 0.820421 0.079262
v -0.127909 0.584581 0.066424
v -0.130344 0.595842 0.066374
v -0.117317 0.589571 0.069939
v 0.177563 0.345192 -0.039958
v 0.148490 0.382769 0.024960
v -0.156825 0.487370 0.041446
v 0.175543 0.613043 0.008407
v 0.174198 0.622743 -0.022368
v -0.058393 0.797471 0.098365
v -0.068552 0.808467 0.095778
v -0.169986 0.644841 -0.005583
v -0.162725 0.643725 -0.003237
v 0.209858 0.576340 -0.044329
v 0.164270 0.715245 0.044983
v -0.007914 0.497322 0.079527
v -0.048128 0.666591 0.097483
v 0.134262 0.683043 0.065083
v -0.125676 0.374436 0.057367
v -0.214328 0.405726 -0.022439
v -0.034594 0.840560 0.090969
v -0.170435 0.774427 0.038822
v 0.173349 0.357689 0.008566
v -0.160534 0.880473 0.056009
v -0.227206 0.405618 -0.061309
v 0.024438 0.403169 0.066107
v 0.200369 0.558696 0.008736
v -0.160103 0.566282 0.053113
v -0.164063 0.686624 0.057735
v 0.051957 0.852805 0.093616
v 0.005306 0.426037 0.078436
v 0.010336 0.433610 0.079015
v 0.012495 0.421642 0.070874
v 0.163958 0.590444 0.025681
v -0.176286 0.868185 -0.015816
v 0.064102 0.397302 0.058882
v 0.079095 0.646484 0.086466
v 0.084474 0.656215 0.085627
v -0.208618 0.552002 -0.050987
v 0.007651 0.367663 0.067900
v 0.009200 0.375387 0.068423
v -0.203165 0.632147 -0.003620
v 0.171097 0.708332 0.040526
v 0.170590 0.692849 0.036396
v -0.188303 0.844308 -0.011088
v -0.184008 0.709865 -0.003176
v 0.056034 0.589309 0.082946
v -0.168507 0.793617 0.031277
v 0.010504 0.852387 0.100788
v 0.013096 0.862871 0.099337
v -0.218963 0.333766 -0.063645
v 0.214089 0.334935 -0.074958
v -0.080955 0.831893 0.096989
v -0.060077 0.568397 0.083815
v -0.042959 0.601170 0.092353
v -0.042599 0.557950 0.084442
v 0.200537 0.428294 -0.000623
v 0.028610 0.484985 0.067378
v -0.206186 0.424190 -0.008324
v -0.205346 0.409401 -0.005582
v -0.204559 0.420699 -0.001896
v 0.215398 0.360414 -0.073057
v 0.215168 0.368549 -0.072912
v -0.036993 0.351882 0.066409
v 0.192957 0.774930 0.008305
v 0.186662 0.769743 0.014964
v 0.183387 0.782710 0.014875
v -0.190182 0.739132 -0.002311
v 0.176773 0.388602 -0.034946
v -0.158094 0.590200 0.030442
v -0.166046 0.713392 0.012439
v -0.162357 0.712798 0.023590
v -0.167750 0.725278 0.016946
v -0.142082 0.623236 0.065219
v -0.019366 0.338920 0.070579
v -0.056553 0.513795 0.081582
v -0.211965 0.452258 -0.056275
v 0.181775 0.662903 -0.030087
v -0.015166 0.469884 0.081830
v -0.170421 0.885193 -0.012095
v 0.050097 0.844137 0.089866
v -0.161618 0.690955 0.008558
v 0.162073 0.544486 0.014705
v -0.146090 0.538721 0.002891
v -0.088594 0.616112 0.081509
v -0.149386 0.420024 0.049052
v 0.197519 0.449783 -0.040690
v 0.196315 0.438982 -0.041812
v 0.188080 0.451236 -0.040254
v 0.182035 0.637751 -0.009358
v 0.182012 0.645560 -0.008917
v 0.131369 0.807956 0.079947
v -0.030003 0.884850 0.093153
v -0.229678 0.497321 -0.047083
v 0.206602 0.399574 0.011071
v -0.146512 0.416922 0.034542
v -0.149683 0.429863 0.035669
v -0.099010 0.758675 0.095931
v -0.093128 0.749937 0.099796
v -0.088798 0.764431 0.102900
v 0.006603 0.406389 0.080034
v -0.107150 0.526934 0.068913
v 0.114191 0.688905 0.080942
v 0.106466 0.693511 0.085816
v -0.052769 0.608895 0.091917
v -0.042311 0.615732 0.091880
v -0.025428 0.637731 0.084989
v 0.051234 0.397742 0.062754
v 0.037550 0.397782 0.061506
v 0.094395 0.868991 0.086370
v -0.102090 0.513470 0.069685
v -0.096232 0.500788 0.071653
v -0.106662 0.502239 0.068616
v 0.017065 0.848204 0.100993
v -0.021838 0.653552 0.087344
v -0.208370 0.566595 -0.049702
v 0.035018 0.887253 0.092218
v -0.070238 0.630050 0.093021
v -0.062931 0.628365 0.094010
v -0.064891 0.794148 0.097972
v -0.085691 0.683726 0.095321
v -0.088077 0.452123 0.070058
v -0.052618 0.349970 0.069583
v -0.135745 0.353754 0.055399
v 0.076609 0.424807 0.056209
v -0.190742 0.347917 0.012657
v 0.092400 0.589783 0.076003
v 0.103482 0.594504 0.069855
v 0.098693 0.580953 0.069973
v 0.186926 0.348543 -0.004500
v -0.109148 0.701739 0.086079
v -0.089782 0.542319 0.074559
v -0.132559 0.447397 0.060361
v 0.174279 0.547425 -0.017658
v 0.040140 0.334070 0.057771
v 0.169055 0.685134 0.039441
v 0.066918 0.380310 0.055903
v -0.059633 0.779973 0.099005
v 0.220371 0.416152 -0.062311
v 0.213413 0.408662 -0.069379
v 0.102994 0.530566 0.058782
v 0.034066 0.827358 0.092328
v -0.147078 0.579033 0.062376
v 0.053998 0.819505 0.093284
v -0.029507 0.649757 0.084492
v -0.148872 0.882864 0.072093
v -0.002810 0.442264 0.081833
v -0.028792 0.753082 0.092877
v 0.174566 0.464043 -0.029860
v 0.175336 0.474633 -0.029748
v 0.203530 0.433271 0.011311
v 0.203063 0.442120 0.011981
v 0.200604 0.438148 -0.000721
v -0.199031 0.766291 -0.005649
v -0.068360 0.575240 0.082572
v -0.062709 0.583901 0.084888
v 0.104466 0.866516 0.088683
v 0.047386 0.735301 0.095191
v 0.053074 0.723844 0.093378
v 0.045329 0.715859 0.095061
v -0.176263 0.648443 -0.005099
v -0.182933 0.647252 -0.001605
v 0.170644 0.821617 0.044013
v 0.202101 0.700645 -0.036728
v 0.138022 0.670399 0.058082
v 0.022582 0.561601 0.074404
v 0.204388 0.552730 -0.036748
v -0.077430 0.742211 0.097977
v -0.159695 0.665197 0.002953
v -0.000857 0.879057 0.097284
v -0.191014 0.531837 0.005242
v 0.173066 0.508096 -0.025484
v 0.203944 0.658680 -0.042525
v 0.173326 0.393829 -0.023986
v 0.167975 0.739860 0.046245
v 0.159558 0.740073 0.049003
v 0.184332 0.816864 0.013805
v 0.181659 0.709813 -0.028406
v 0.188433 0.476467 -0.007604
v 0.194816 0.463925 -0.005110
v 0.196686 0.478293 -0.004156
v -0.149795 0.438619 -0.006328
v -0.156747 0.450926 -0.007437
v -0.148603 0.442448 0.031919
v 0.169744 0.725930 0.044280
v -0.077638 0.376973 0.064021
v -0.036639 0.656256 0.092387
v -0.088543 0.736945 0.101320
v -0.084306 0.721454 0.102202
v 0.078222 0.461916 0.060885
v 0.141236 0.801409 0.073345
v 0.195810 0.709982 0.003878
v 0.191267 0.707530 -0.001483
v 0.007925 0.587487 0.093964
v -0.121961 0.713847 0.084488
v -0.173645 0.655702 -0.005726
v -0.075426 0.847596 0.094398
v -0.098027 0.474789 0.069929
v -0.231397 0.514914 -0.034670
v -0.174628 0.731678 0.046134
v -0.175018 0.739949 0.047958
v 0.164476 0.358788 0.004532
v -0.110176 0.520225 0.067899
v -0.106735 0.536043 0.069512
v 0.201609 0.512841 0.006379
v 0.124938 0.706984 0.080559
v 0.163662 0.861823 0.047811
v -0.163971 0.690109 0.026735
v -0.157905 0.688594 0.022391
v 0.175550 0.848305 0.040628
v 0.083329 0.398275 0.053323
v 0.030353 0.724915 0.094788
v 0.227355 0.367767 -0.055230
v 0.220831 0.377050 -0.046573
v 0.175837 0.429434 -0.033986
v 0.152765 0.737855 0.056713
v -0.158836 0.518661 0.047858
v -0.120007 0.656684 0.076013
v 0.180006 0.803904 -0.005021
v 0.186122 0.391554 -0.044151
v 0.125061 0.668567 0.072782
v -0.199991 0.446707 0.005308
v -0.203530 0.443960 -0.000615
v -0.144415 0.761804 0.070730
v 0.147527 0.392045 0.027145
v 0.156939 0.669804 0.048413
v -0.053602 0.393589 0.072832
v 0.213574 0.504168 -0.042534
v -0.193524 0.697546 -0.002054
v 0.205569 0.671160 -0.039389
v -0.029284 0.340369 0.068383
v -0.059443 0.502972 0.078752
v -0.164552 0.624742 0.035344
v 0.161194 0.842957 0.059688
v -0.153850 0.417907 -0.007962
v -0.151767 0.429212 -0.007189
v -0.160565 0.428852 -0.004097
v 0.004599 0.375364 0.079820
v -0.155034 0.649898 0.007750
v -0.061769 0.852591 0.099022
v -0.199564 0.376958 0.003467
v -0.102026 0.622837 0.078157
v -0.046328 0.371685 0.073793
v 0.081649 0.359022 0.050499
v 0.130319 0.710841 0.077313
v -0.127361 0.347869 0.023884
v 0.001266 0.496995 0.078008
v 0.096858 0.805206 0.091888
v 0.206540 0.360769 0.004853
v 0.197291 0.365213 -0.001831
v 0.195926 0.358142 -0.002613
v -0.064632 0.686058 0.096931
v -0.018215 0.697406 0.095294
v -0.145407 0.848210 0.075490
v -0.158331 0.839904 0.065843
v -0.154066 0.842480 0.071416
v -0.146647 0.858421 0.071581
v 0.091234 0.376388 0.049683
v 0.078562 0.369603 0.051493
v 0.079174 0.377604 0.052973
v -0.041205 0.515977 0.080972
v -0.032333 0.506300 0.084601
v -0.031659 0.368179 0.075132
v -0.172778 0.847308 0.035464
v 0.046054 0.863455 0.088879
v -0.077505 0.390726 0.065776
v 0.180651 0.463112 -0.036483
v 0.129114 0.593864 0.053871
v 0.128509 0.602283 0.055442
v 0.177254 0.527361 -0.031944
v -0.203487 0.647259 -0.004283
v -0.170711 0.842991 0.053684
v -0.126139 1.104096 -0.003243
v -0.126069 1.102772 -0.012742
v -0.120688 1.103541 -0.021020
v -0.114798 1.097013 -0.024904
v -0.114022 1.103397 -0.032556
v -0.105641 1.102539 -0.037480
v -0.105538 1.101187 -0.047179
v -0.096560 1.099642 -0.043773
v -0.091313 1.100788 -0.051933
v -0.082042 1.101034 -0.054858
v -0.072455 1.099430 -0.053775
v -0.064879 1.100471 -0.059962
v -0.057311 1.099422 -0.065742
v -0.049428 1.097924 -0.060067
v -0.042416 1.097975 -0.066761
v -0.032781 1.098124 -0.064464
v -0.023653 1.097764 -0.067719
v -0.013728 1.098132 -0.067759
v -0.005602 1.097322 -0.072889
v 0.002143 1.097697 -0.066595
v 0.009240 1.098160 -0.073294
v 0.016170 1.097918 -0.066378
v 0.024408 1.098154 -0.071553
v 0.033220 1.098379 -0.067262
v 0.042268 1.098224 -0.063723
v 0.050731 1.100191 -0.068019
v 0.058634 1.100097 -0.062194
v 0.067549 1.100840 -0.066220
v 0.072176 1.100332 -0.057717
v 0.081675 1.102100 -0.060166
v 0.091265 1.102130 -0.058828
v 0.095009 1.101966 -0.049800
v 0.104756 1.103259 -0.049647
v 0.105063 1.101203 -0.040113
v 0.114893 1.100046 -0.039781
v 0.115744 1.104819 -0.031335
v 0.117704 1.102440 -0.022025
v 0.124021 1.105774 -0.015257
v 0.123421 1.104643 -0.005464
v 0.064864 1.001532 -0.093501
v -0.062914 1.000370 -0.085428
v 0.118792 0.967197 -0.072147
v -0.120770 0.966786 -0.070074
v 0.108628 1.034901 -0.053716
v -0.104931 1.034075 -0.049945
v 0.000483 0.970135 -0.107475
v 0.000593 1.030293 -0.082508
v -0.045850 1.045095 -0.067297
v 0.050343 1.048899 -0.077359
v 0.057287 0.954486 -0.109131
v -0.057666 0.954729 -0.105247
v -0.130493 0.998977 -0.044115
v 0.133950 1.001047 -0.048568
v 0.121589 1.064976 -0.033661
v 0.138930 0.938175 -0.052817
v -0.140013 0.936716 -0.050841
v -0.123111 1.062333 -0.031843
v -0.102016 1.001518 -0.072386
v 0.101903 1.000811 -0.075025
v -0.101440 0.944631 -0.098934
v 0.103634 0.940000 -0.096014
v 0.087941 1.065359 -0.062312
v 0.088590 0.972693 -0.094540
v 0.079692 1.029276 -0.075118
v -0.012844 1.060439 -0.072304
v -0.080280 1.060441 -0.062706
v 0.015934 0.939633 -0.115153
v -0.078583 1.026968 -0.072326
v -0.085210 0.973869 -0.090858
v -0.032494 1.017968 -0.083897
v -0.035852 0.980765 -0.097954
v 0.036562 0.980155 -0.099030
v -0.003777 0.999301 -0.096423
v 0.034187 1.018722 -0.085419
v 0.017891 1.054832 -0.068937
v -0.022307 0.946445 -0.115408
v 0.127291 1.030944 -0.031950
v -0.130787 1.031014 -0.031418
v -0.139607 0.968924 -0.039824
v 0.138183 0.969478 -0.042998
v -0.105131 1.071242 -0.049473
v -0.126550 0.941149 -0.078726
v -0.054759 1.071202 -0.061367
v 0.076456 0.932850 -0.111908
v -0.075110 0.934565 -0.112694
v 0.064773 1.070385 -0.067087
v 0.045770 0.931877 -0.115914
v 0.125630 0.928313 -0.078219
v 0.040046 1.071582 -0.067638
v 0.026730 0.960140 -0.110852
v -0.021603 1.038499 -0.078199
v 0.058549 1.021634 -0.081314
v -0.055568 1.022961 -0.074576
v 0.062704 0.975255 -0.100129
v 0.107254 1.075747 -0.047989
v -0.033459 1.064595 -0.065121
v 0.083687 0.955305 -0.106235
v -0.061801 0.980618 -0.098860
v -0.045273 0.931685 -0.117510
v 0.071864 1.048921 -0.070669
v -0.147371 0.990947 -0.029188
v 0.138415 1.009148 -0.026727
v -0.007096 0.928087 -0.118687
v 0.129369 1.083019 -0.021705
v -0.122863 1.079553 -0.014709
v -0.149725 0.919564 -0.037733
v 0.150173 0.920068 -0.039988
v -0.117333 1.014330 -0.058328
v -0.119107 0.988503 -0.061374
v 0.119233 0.988282 -0.064250
v 0.124051 1.021186 -0.051980
v -0.098122 1.019968 -0.063809
v -0.113420 0.926273 -0.093122
v 0.011865 1.076204 -0.067772
v 0.030270 1.038307 -0.078462
v 0.142000 0.988303 -0.032728
v 0.012500 1.010849 -0.085541
v 0.040943 1.001382 -0.095257
v -0.024058 0.965363 -0.109142
v 0.018435 0.994412 -0.098120
v -0.136868 1.010387 -0.026772
v -0.027943 0.999393 -0.095100
v 0.128070 1.050592 -0.019819
v -0.088283 1.080082 -0.058197
v -0.131676 1.048966 -0.019036
v 0.150495 0.946949 -0.035118
v -0.150510 0.945761 -0.032671
v -0.136765 0.920602 -0.064323
v 0.103466 1.056080 -0.056736
v 0.091085 1.042334 -0.063180
v 0.138888 0.919287 -0.062768
v -0.106610 0.981654 -0.082004
v -0.107265 0.962353 -0.088992
v -0.084340 0.992924 -0.082122
v -0.064571 1.054145 -0.068275
v -0.097673 1.053598 -0.057621
v 0.115493 1.083116 -0.032474
v 0.107869 1.015708 -0.061119
v 0.106604 0.982707 -0.082228
v 0.082322 1.008154 -0.080252
v -0.080615 0.952068 -0.105542
v -0.112602 1.081303 -0.033393
v 0.120397 0.948687 -0.082801
v 0.104102 0.962220 -0.087936
v 0.082477 0.991155 -0.087667
v 0.118908 1.045798 -0.043093
v -0.115832 1.043426 -0.039130
v -0.133488 0.952069 -0.063155
v 0.135197 0.957533 -0.061055
v 0.077969 1.082073 -0.066570
v 0.111575 0.920989 -0.095700
v -0.018107 1.078301 -0.064766
v -0.094008 0.926249 -0.104221
v -0.077215 1.007458 -0.076849
v -0.073096 1.076274 -0.063076
v 0.026455 0.922921 -0.118183
v -0.090716 1.038552 -0.062878
v -0.003825 1.079117 -0.067161
v -0.004420 1.043777 -0.071660
v 0.007591 0.954310 -0.110742
v 0.150955 0.964145 -0.030301
v -0.133223 0.975765 -0.057399
v -0.123096 1.026906 -0.047330
v 0.094636 0.926296 -0.105821
v 0.035039 0.947035 -0.117229
v -0.016207 0.985302 -0.096738
v -0.071565 0.968047 -0.103240
v -0.048834 1.009684 -0.084778
v -0.039858 1.031406 -0.077028
v -0.015236 1.023903 -0.083489
v 0.046644 0.966651 -0.105975
v -0.045832 0.992573 -0.089714
v 0.019679 0.974070 -0.102516
v -0.044467 0.968405 -0.106824
v 0.092945 1.080035 -0.056615
v 0.139557 1.026582 -0.020542
v -0.140822 1.025656 -0.017475
v -0.147539 0.972185 -0.024192
v 0.135220 0.984474 -0.054544
v 0.097196 1.026740 -0.070784
v -0.108674 1.057310 -0.047591
v -0.036176 1.081782 -0.066049
v 0.003433 0.985005 -0.100994
v 0.017768 1.026610 -0.078760
v -0.062919 1.036046 -0.067357
v -0.126274 0.919070 -0.080415
v 0.129277 0.942403 -0.067874
v 0.122759 1.005309 -0.060617
v -0.140605 0.953124 -0.045444
v -0.135983 0.984015 -0.042564
v 0.034898 1.055333 -0.073175
v 0.010378 1.043029 -0.079267
v 0.001636 1.058408 -0.073945
v 0.051988 0.989297 -0.099318
v 0.062106 0.921457 -0.117149
v 0.044535 1.030108 -0.080114
v 0.066347 1.034387 -0.077032
v -0.042777 0.946770 -0.113899
v -0.003289 0.942783 -0.115093
v 0.056216 1.084657 -0.068810
v 0.131595 1.014080 -0.039417
v -0.025976 0.932261 -0.117745
v 0.026948 1.006638 -0.092538
v -0.015354 1.007862 -0.086460
v -0.076496 1.046035 -0.064316
v 0.048570 1.010623 -0.084916
v -0.059682 0.941807 -0.109291
v 0.076486 0.967570 -0.105633
v -0.061497 0.922515 -0.113660
v -0.102116 1.087194 -0.051569
v 0.132434 1.066755 -0.015509
v -0.125385 1.064133 -0.017250
v -0.091024 0.960986 -0.096577
v 0.114402 1.058969 -0.045920
v -0.024741 1.053289 -0.072809
v 0.030754 1.083520 -0.071554
v -0.010084 0.955227 -0.107550
v -0.092683 1.066278 -0.056589
v -0.128270 1.016682 -0.036173
v 0.143479 0.951632 -0.048339
v 0.089275 0.940821 -0.104340
v 0.077608 1.067581 -0.062735
v 0.059861 1.056585 -0.067600
v 0.082227 0.918215 -0.113193
v 0.069847 0.947207 -0.110001
v -0.114287 0.949611 -0.087885
v -0.080250 0.920691 -0.110443
v 0.127849 0.971184 -0.059374
v -0.136491 0.935881 -0.066558
v -0.121662 0.954017 -0.073057
v -0.076197 0.986113 -0.093659
v 0.008786 0.920322 -0.121894
v 0.025403 1.068864 -0.068607
v -0.034668 0.919872 -0.116683
v 0.068768 0.988831 -0.095872
v -0.061807 1.010858 -0.079932
v 0.099015 1.014948 -0.072771
v 0.131698 0.914583 -0.076185
v 0.069165 1.011589 -0.082610
v 0.068395 1.084142 -0.067867
v -0.088172 0.937823 -0.103654
v 0.041938 0.918635 -0.120087
v 0.115091 0.933353 -0.088276
v 0.110786 1.090645 -0.048496
v -0.148450 0.957369 -0.024005
v -0.062040 1.086209 -0.060827
v -0.049848 1.084138 -0.061884
v -0.051341 1.057821 -0.063737
v -0.002362 1.015571 -0.085285
v 0.148414 0.978137 -0.024227
v 0.082276 1.053126 -0.068614
v -0.112219 1.069290 -0.041443
v -0.153849 0.931841 -0.028889
v 0.061071 0.935550 -0.114307
v 0.042624 1.084788 -0.067928
v 0.051855 1.068327 -0.066792
v 0.041679 0.956564 -0.108771
v -0.125361 1.050511 -0.030555
v 0.129166 1.045388 -0.033150
v -0.144857 0.913027 -0.051872
v -0.033615 1.042205 -0.070464
v -0.146533 1.001692 -0.019185
v 0.125078 1.091121 -0.010976
v -0.129227 1.090597 -0.008801
v 0.147208 0.934445 -0.040599
v -0.121600 1.088095 -0.026959
v 0.112421 1.071890 -0.040549
v 0.096836 1.068627 -0.054556
v 0.148622 0.991525 -0.020694
v -0.091164 1.009256 -0.071054
v -0.130703 1.071794 -0.008221
v 0.151947 0.927609 -0.028137
v 0.081495 1.040056 -0.066875
v -0.031577 0.953332 -0.106796
v 0.116749 1.032301 -0.047401
v 0.091859 0.961826 -0.095825
v -0.087624 1.049052 -0.059613
v -0.123540 1.002193 -0.056706
v 0.097457 0.992146 -0.084692
v -0.134365 0.962139 -0.053482
v -0.115295 1.000212 -0.067472
v -0.013784 0.972359 -0.100469
v 0.050009 0.945303 -0.113480
v 0.134862 1.039168 -0.023805
v -0.016343 0.917262 -0.119598
v 0.147287 0.911702 -0.051969
v 0.122186 0.917803 -0.086523
v 0.032709 0.970204 -0.104617
v 0.021372 0.951972 -0.115208
v -0.027600 1.027597 -0.081173
v -0.009923 1.032798 -0.076126
v -0.134257 1.058736 -0.009655
v -0.109320 0.988718 -0.070734
v 0.013500 0.964541 -0.105405
v -0.127773 0.986322 -0.052254
v 0.156159 0.909685 -0.031324
v -0.119528 0.979986 -0.071741
v 0.031857 0.934454 -0.114172
v -0.125551 1.075089 -0.027186
v -0.155751 0.908030 -0.032374
v 0.124889 1.093614 -0.030305
v 0.127741 0.954418 -0.072431
v -0.076673 1.087351 -0.055119
v -0.142727 0.925928 -0.053079
v -0.145795 0.979306 -0.035106
v -0.139148 1.038764 -0.012575
v -0.126775 1.010802 -0.048603
v 0.097351 0.951126 -0.100670
v -0.043797 1.018677 -0.077552
v -0.051945 1.035662 -0.074615
v -0.066334 1.021237 -0.072328
v 0.069515 1.024550 -0.077781
v -0.036619 1.005770 -0.087695
v -0.145755 0.935093 -0.038820
v 0.062944 0.966303 -0.109287
v 0.075733 0.976936 -0.096660
v 0.099104 0.914184 -0.106184
v 0.089292 1.020212 -0.075016
v 0.136327 1.044438 -0.011869
v 0.133036 0.930105 -0.067049
v 0.111621 1.005596 -0.067559
v -0.104764 0.918183 -0.099799
v -0.106452 1.022397 -0.056179
v -0.104944 1.009866 -0.062714
v 0.118717 0.980698 -0.075476
v 0.111730 0.991380 -0.075464
v 0.126996 0.995582 -0.057769
v -0.058249 0.967325 -0.105782
v 0.109632 0.951473 -0.091683
v -0.154171 0.918618 -0.025415
v -0.144316 1.013611 -0.014672
v -0.110023 0.938044 -0.090650
v 0.050015 0.977084 -0.100380
v 0.087354 1.090131 -0.062037
v -0.101364 1.031794 -0.062208
v -0.065203 1.066637 -0.066590
v -0.040622 1.055860 -0.069655
v -0.045162 1.067867 -0.067826
v -0.021566 1.066477 -0.069966
v -0.058601 0.989050 -0.089988
v -0.048985 0.984228 -0.098991
v 0.126026 1.071048 -0.025942
v 0.128247 1.077593 -0.010411
v -0.093973 0.984465 -0.088200
v -0.098154 0.971894 -0.085563
v -0.096888 0.992436 -0.078120
v -0.120634 0.930448 -0.082665
v 0.143010 0.925443 -0.050948
v 0.004615 0.932615 -0.113944
v 0.112292 1.047651 -0.052052
v 0.136438 1.022493 -0.031787
v 0.023300 0.982799 -0.097958
v 0.032752 0.992250 -0.100266
v 0.060581 1.044161 -0.071834
v -0.110342 1.045428 -0.050435
v 0.093316 1.003648 -0.084170
v -0.147241 0.959320 -0.036559
v -0.140213 0.994659 -0.038334
v -0.152326 0.983375 -0.019870
v 0.147264 1.004200 -0.019247
v 0.141485 1.015007 -0.016147
v 0.135669 1.004706 -0.037476
v 0.071079 1.060531 -0.070265
v -0.048266 0.920394 -0.115294
v 0.054580 1.032453 -0.079985
v -0.012455 1.086567 -0.072420
v -0.104404 0.932136 -0.100157
v -0.129824 0.927219 -0.072203
v -0.110560 0.969386 -0.078107
v 0.005181 1.085827 -0.073436
v -0.101052 1.042982 -0.059181
v -0.120282 1.091642 -0.017341
v 0.091374 0.983277 -0.090408
v 0.070260 0.956429 -0.105984
v -0.044604 0.956528 -0.105010
v -0.014726 0.937074 -0.112926
v -0.091330 1.002611 -0.081112
v 0.044269 1.062599 -0.073870
v 0.101555 0.974343 -0.091315
v 0.143523 0.959873 -0.039165
v 0.143889 0.972925 -0.033769
v 0.134283 1.056211 -0.010087
v 0.098420 1.090229 -0.052124
v 0.129641 1.057056 -0.029821
v -0.131887 1.041776 -0.026743
v 0.101629 1.036373 -0.064216
v 0.101241 1.044320 -0.055241
v 0.052664 1.003920 -0.094013
v 0.022741 1.016598 -0.083116
v 0.008054 1.020961 -0.081877
v 0.008830 1.003313 -0.095820
v -0.114853 0.914765 -0.093285
v 0.127053 1.027765 -0.043268
v 0.128701 1.010989 -0.050402
v 0.115114 1.025863 -0.059250
v -0.015932 1.045879 -0.070900
v 0.038164 1.008814 -0.090084
v -0.015939 1.000371 -0.095594
v -0.034630 0.989051 -0.093227
v -0.071862 0.975344 -0.094359
v 0.026601 1.047006 -0.071035
v 0.029242 1.028763 -0.081029
v 0.041308 1.041592 -0.079308
v 0.077317 1.002148 -0.090760
v -0.113140 1.058536 -0.036856
v -0.133945 0.911512 -0.073009
v -0.072804 0.993629 -0.085191
v 0.090127 1.035091 -0.072152
v 0.112690 0.971689 -0.082609
v 0.152095 0.954985 -0.022850
v -0.026958 0.972208 -0.099886
v 0.095019 1.054689 -0.061828
v -0.052452 0.973285 -0.097934
v -0.099891 0.953738 -0.092284
v 0.102421 1.025578 -0.060500
v -0.086413 1.019655 -0.066888
v 0.144139 0.999303 -0.029184
v 0.137798 0.991129 -0.044051
v 0.140439 0.980420 -0.044782
v -0.110215 1.092417 -0.034027
v 0.128925 0.981790 -0.064158
v -0.117585 1.036750 -0.048311
v -0.124170 1.034982 -0.038514
v -0.003660 1.067147 -0.067674
v -0.095231 1.077844 -0.049215
v 0.019417 1.085737 -0.066787
v 0.014651 1.065493 -0.067447
v -0.011880 1.073031 -0.072535
v -0.028129 1.087278 -0.064847
v -0.035994 0.937228 -0.112076
v -0.133125 1.020690 -0.028569
v -0.142915 1.001362 -0.029793
v -0.135057 1.007665 -0.038036
v -0.154619 0.944918 -0.021921
v 0.154368 0.939374 -0.026385
v -0.010858 0.966272 -0.108819
v -0.087228 1.091136 -0.057052
v -0.083705 1.070729 -0.061157
v 0.108014 1.066265 -0.054295
v -0.102114 1.061881 -0.053213
v 0.015383 0.927446 -0.115331
v -0.068399 0.950283 -0.109675
v -0.105801 1.078787 -0.041703
v 0.142826 0.908913 -0.062312
v 0.118661 1.015399 -0.060782
v -0.090425 0.950267 -0.098494
v 0.005216 0.993097 -0.093598
v -0.005379 0.988524 -0.094287
v -0.140464 0.910220 -0.062548
v 0.118230 1.054790 -0.036488
v 0.020476 1.037656 -0.079571
v -0.003639 0.918102 -0.121536
v 0.121197 0.938109 -0.079805
v 0.117809 0.957580 -0.077075
v -0.058080 0.933309 -0.116071
v -0.128011 0.961923 -0.062937
v 0.005798 1.068741 -0.073470
v -0.116529 1.071638 -0.031808
v -0.113405 0.957326 -0.080289
v 0.113912 1.093895 -0.030667
v 0.125937 0.962305 -0.065165
v 0.133892 0.964762 -0.052401
v 0.135521 0.948071 -0.055606
v 0.116311 1.082029 -0.043584
v 0.126601 1.080398 -0.032341
v 0.077656 1.018097 -0.080881
v 0.059412 1.010762 -0.087902
v -0.057069 1.045956 -0.070730
v 0.044068 1.019345 -0.080344
v 0.153789 0.907211 -0.042770
v -0.025936 1.006237 -0.087148
v -0.068317 0.957967 -0.102564
v -0.004834 1.005515 -0.087821
v 0.071538 0.914088 -0.116804
v -0.071622 1.054810 -0.060335
v -0.078040 0.942067 -0.105756
v -0.090740 0.916687 -0.108067
v -0.137488 1.034141 -0.021996
v -0.085602 0.930451 -0.110462
v -0.150729 0.907261 -0.043651
v 0.084056 1.073705 -0.068109
v 0.073558 1.089522 -0.059863
v -0.074016 1.036531 -0.069188
v 0.126644 1.038014 -0.040196
v -0.136662 1.048481 -0.009787
v 0.019501 0.915355 -0.122593
v -0.134560 0.942578 -0.058233
v -0.127021 0.945917 -0.069284
v 0.053215 0.914783 -0.120611
v -0.028088 1.074214 -0.065439
v 0.135967 1.034296 -0.014261
v -0.007184 0.981006 -0.101648
v 0.116979 0.911377 -0.093863
v 0.107791 0.930587 -0.095988
v -0.112322 1.026605 -0.048399
v 0.133413 0.974978 -0.050772
v -0.092573 1.090512 -0.047690
v -0.079703 1.001766 -0.085452
v -0.075637 1.017586 -0.074836
v -0.070314 1.007647 -0.084766
v 0.117077 0.997092 -0.069244
v 0.031851 0.915119 -0.123954
v 0.142255 0.942528 -0.043840
v -0.083008 0.968252 -0.099860
v -0.052909 1.001402 -0.090933
v -0.145766 0.944916 -0.041882
v -0.022228 1.016443 -0.086973
v 0.073082 0.923793 -0.114621
v 0.073502 1.075653 -0.067559
v -0.107960 1.088648 -0.043326
v 0.059513 0.992614 -0.092544
v 0.010261 1.052901 -0.075804
v -0.146754 0.991774 -0.019278
v -0.086866 1.030101 -0.067251
v 0.080152 0.945764 -0.106826
v -0.100301 1.046753 -0.050297
v -0.123891 1.055101 -0.021758
v 0.049470 1.077886 -0.065575
v 0.108254 1.091512 -0.038737
v -0.075060 1.067681 -0.058124
v -0.079202 1.077514 -0.055552
v -0.063498 1.074943 -0.061117
v 0.062367 1.090548 -0.062995
v -0.126969 0.982538 -0.061462
v -0.134995 0.970726 -0.048703
v -0.128006 0.971272 -0.064828
v -0.119534 1.017485 -0.049085
v -0.004375 1.089150 -0.066973
v 0.124767 1.091840 -0.020755
v -0.118751 0.940861 -0.086025
v 0.036367 0.926174 -0.116247
v 0.157874 0.919131 -0.026676
v -0.124517 0.910899 -0.085535
v 0.122926 0.974820 -0.067215
v 0.090195 1.010692 -0.074755
v -0.021107 0.956241 -0.106499
v 0.127057 1.060315 -0.020963
v -0.029688 1.034305 -0.074811
v -0.081106 1.037463 -0.062397
v 0.051750 0.924118 -0.117408
v -0.024126 0.990178 -0.092869
v -0.025341 0.981810 -0.100207
v -0.081270 0.958759 -0.098856
v -0.129540 1.081367 -0.004260
v 0.110777 0.942188 -0.089289
v -0.089472 1.057047 -0.054271
v 0.020898 1.077196 -0.071029
v -0.038306 0.998252 -0.094086
v 0.108558 0.913008 -0.100451
v 0.073590 1.039762 -0.073285
v -0.119485 1.095065 -0.033589
v 0.153290 0.969408 -0.021619
v -0.018503 1.087911 -0.064984
v -0.124251 1.025273 -0.037785
v -0.000928 1.036011 -0.075255
v -0.008691 1.052204 -0.072706
v 0.017009 1.045819 -0.072520
v 0.008174 0.975099 -0.100731
v 0.013363 0.985709 -0.096896
v 0.011612 0.948321 -0.116505
v 0.003634 0.961370 -0.105461
v -0.035172 0.962803 -0.108444
v -0.153896 0.935526 -0.020133
v -0.056640 0.914966 -0.117315
v 0.147637 0.955316 -0.032098
v -0.043635 1.076492 -0.062769
v -0.136932 0.950934 -0.054201
v 0.060190 0.944652 -0.111991
v 0.011848 1.033994 -0.082309
v -0.070258 1.091970 -0.061409
v 0.138315 0.927779 -0.059312
v 0.099487 0.933028 -0.101174
v 0.103122 0.921941 -0.101780
v 0.084924 0.927231 -0.110170
v 0.017436 0.956390 -0.108055
v 0.041344 0.940334 -0.114367
v 0.030707 0.952078 -0.110411
v 0.025956 0.942121 -0.116016
v -0.158467 0.909154 -0.023028
v 0.036161 0.964133 -0.110773
v 0.042015 0.988341 -0.100536
v -0.037664 0.971850 -0.100456
v -0.063538 0.971046 -0.097904
v -0.052071 1.017902 -0.081487
v -0.062205 1.029877 -0.074490
v -0.066370 1.045062 -0.064131
v 0.027193 0.997407 -0.094333
v 0.119836 1.075933 -0.036791
v 0.078050 0.985820 -0.094442
v -0.040345 1.012511 -0.082901
v -0.018716 1.029992 -0.077333
v -0.006731 1.025145 -0.079883
v -0.035773 1.023016 -0.076883
v -0.043326 1.036797 -0.070436
v -0.047494 1.027642 -0.072903
v -0.073184 0.914375 -0.113251
v -0.141684 1.025232 -0.008071
v 0.022592 0.967504 -0.107190
v 0.028452 0.978680 -0.104173
v 0.053571 0.962659 -0.111408
v 0.055679 0.970061 -0.103857
v 0.041684 0.974554 -0.104392
v 0.004612 1.006381 -0.087724
v -0.122107 1.042031 -0.032498
v 0.140799 0.996809 -0.037475
v 0.070859 0.995580 -0.089361
v -0.049937 0.937704 -0.111127
v -0.057662 1.008954 -0.088029
v 0.135634 1.030925 -0.027746
v 0.127090 0.909880 -0.083935
v 0.086446 0.966887 -0.101983
v -0.157424 0.927142 -0.021822
v 0.101435 1.076741 -0.054841
v 0.093699 1.072742 -0.062372
v 0.085419 1.080090 -0.061661
v 0.137841 1.018050 -0.023824
v 0.140354 1.026386 -0.011003
v -0.149737 0.965066 -0.017642
v 0.125523 1.002673 -0.052133
v 0.128087 1.022301 -0.035949
v -0.139708 1.018070 -0.022909
v 0.002981 1.049607 -0.070714
v -0.031702 1.055655 -0.067004
v -0.144341 0.966998 -0.031574
v 0.017224 1.007280 -0.092806
v -0.151824 0.973717 -0.016350
v -0.104674 1.064351 -0.043037
v -0.110583 1.049910 -0.042567
v 0.100932 0.955082 -0.092841
v -0.119906 0.922620 -0.086640
v -0.147089 0.931552 -0.047418
v 0.036596 1.063264 -0.068864
v 0.044117 1.053325 -0.072137
v 0.052898 1.056348 -0.073365
v 0.026831 1.055928 -0.068794
v 0.131201 0.991892 -0.050525
v 0.035010 1.044340 -0.073432
v -0.032364 0.948035 -0.114167
v -0.050302 0.951641 -0.110505
v 0.104014 1.020360 -0.067610
v 0.131366 0.923055 -0.073002
v -0.082987 1.012902 -0.071702
v -0.093335 0.969438 -0.093697
v 0.105307 1.084056 -0.051658
v -0.120007 1.051950 -0.038118
v 0.151542 0.983764 -0.017621
v -0.035888 1.090472 -0.068599
v -0.036385 1.072840 -0.068374
v -0.002419 0.952365 -0.114327
v -0.012413 0.950218 -0.114999
v -0.057029 1.080022 -0.064752
v -0.070350 1.028447 -0.068948
v 0.130321 0.950508 -0.064227
v -0.084985 0.982922 -0.091660
v 0.110907 0.956913 -0.084011
v -0.055395 1.090330 -0.065900
v -0.124284 1.095948 -0.024294
v 0.124128 0.946357 -0.074365
v 0.127849 0.935007 -0.072773
v 0.134512 0.937490 -0.061439
v 0.054870 1.041449 -0.078643
v -0.067761 0.988135 -0.090172
v -0.152057 0.928363 -0.037349
v 0.098120 0.980143 -0.084998
v 0.037237 1.024921 -0.079523
v -0.141922 0.977106 -0.042523
v -0.135163 0.981715 -0.051106
v -0.136259 0.992160 -0.045627
v -0.100767 1.009852 -0.071177
v -0.142685 0.961528 -0.043756
v -0.127281 1.018535 -0.044815
v -0.152039 0.952929 -0.017288
v -0.044240 1.091209 -0.061748
v 0.034802 1.089369 -0.065374
v 0.074535 1.054592 -0.064477
v -0.113950 1.008144 -0.063822
v -0.141461 0.932787 -0.059158
v -0.041921 0.913770 -0.117327
v 0.048352 0.995684 -0.093540
v 0.060924 0.984570 -0.099947
v -0.079752 1.052515 -0.058888
v 0.102902 1.007625 -0.069482
v 0.005001 1.077229 -0.073197
v -0.129900 0.995725 -0.053009
v -0.024795 0.923383 -0.118379
v 0.046552 1.092597 -0.068667
v -0.071231 0.923112 -0.112139
v 0.037777 1.034035 -0.076732
v 0.051319 1.024964 -0.077670
v 0.129125 1.069180 -0.007483
v 0.131269 1.074933 -0.018309
v -0.058265 1.063162 -0.062278
v 0.071685 1.030087 -0.071706
v 0.061495 1.027383 -0.075672
v -0.120650 0.961619 -0.077137
v -0.069078 0.939951 -0.108560
v 0.139184 0.959470 -0.047091
v 0.012831 1.090039 -0.071030
v -0.145614 0.919877 -0.046164
v 0.137285 0.908425 -0.070760
v -0.011631 1.016401 -0.087944
v 0.006266 0.941042 -0.115444
v -0.005064 0.934601 -0.113435
v 0.089999 0.912105 -0.111029
v 0.103044 0.989744 -0.078146
v -0.149270 0.997760 -0.012039
v -0.140805 0.986417 -0.035761
v -0.145646 1.006439 -0.010052
v 0.117214 0.924919 -0.089239
v 0.090469 1.094043 -0.054497
v 0.097698 1.007684 -0.078042
v 0.086075 0.999648 -0.088616
v -0.044462 1.003888 -0.091552
v -0.149391 0.982775 -0.027941
v 0.062743 0.912238 -0.120377
v 0.055513 1.093107 -0.067769
v 0.057569 1.075232 -0.069850
v -0.043919 0.977224 -0.097047
v -0.025337 0.912357 -0.118156
v -0.139653 1.034047 -0.005621
v -0.099695 0.961686 -0.093970
v 0.030736 1.011209 -0.086453
v -0.017184 0.928643 -0.118716
v -0.026294 0.939061 -0.112287
v -0.035578 0.931367 -0.118011
v -0.069574 1.011599 -0.076120
v 0.154942 0.947019 -0.021695
v 0.043432 0.951388 -0.115603
v 0.125823 1.019416 -0.043972
v 0.083076 0.979247 -0.093085
v -0.004998 1.058518 -0.068280
v 0.134595 1.008591 -0.044982
v 0.138089 1.012291 -0.034578
v -0.150238 0.939180 -0.026857
v -0.001274 0.974600 -0.100234
v -0.133250 1.040742 -0.018445
v 0.113863 0.964649 -0.078472
v 0.146609 1.009493 -0.012432
v -0.013244 0.992336 -0.093120
v -0.119196 0.951046 -0.080552
v 0.148890 0.938777 -0.033246
v -0.120532 1.079071 -0.032800
v -0.099263 1.055086 -0.049414
v 0.009237 1.058930 -0.069774
v 0.113691 1.040346 -0.047136
v -0.086530 0.945582 -0.105636
v 0.097864 0.966790 -0.091764
v 0.088911 1.027188 -0.070412
v 0.004135 0.913599 -0.119068
v 0.125669 0.987634 -0.059171
v 0.016277 0.981382 -0.103096
v 0.068231 0.981010 -0.098073
v 0.109264 0.998104 -0.071907
v 0.077642 1.047154 -0.065275
v -0.096723 0.937186 -0.099712
v 0.082403 1.061854 -0.068415
v -0.104791 0.989203 -0.078252
v -0.017301 1.054138 -0.068495
v -0.022894 1.046072 -0.075350
v 0.079893 0.961002 -0.101474
v 0.070552 0.971410 -0.100856
v -0.107215 0.949321 -0.093716
v -0.107803 0.954502 -0.086062
v -0.093717 1.027661 -0.062498
v 0.022277 0.933408 -0.114310
v 0.051784 1.018237 -0.083314
v 0.045346 1.004556 -0.088951
v -0.113326 0.977928 -0.077800
v 0.144202 0.980978 -0.037127
v 0.048518 1.036622 -0.076475
v 0.095859 1.062613 -0.060304
v -0.114518 1.021031 -0.054451
v 0.033878 1.002161 -0.090812
v -0.059489 0.949754 -0.111238
v 0.082255 0.938148 -0.108327
v -0.052076 0.960921 -0.105352
v -0.132407 0.919661 -0.071732
v 0.001218 0.924680 -0.119715
v 0.029025 1.075460 -0.072082
v -0.147208 0.905335 -0.054230
v -0.094529 1.046532 -0.055399
v 0.087515 1.050352 -0.062106
v -0.100108 1.095773 -0.050376
v -0.103036 1.078961 -0.051273
v 0.113311 1.070150 -0.048733
v 0.085885 1.046413 -0.068726
v 0.151549 0.904942 -0.051286
v -0.109425 0.997106 -0.072727
v 0.127113 0.920603 -0.079922
v -0.122228 1.072158 -0.019293
v -0.121603 1.065836 -0.024434
v -0.130796 1.057444 -0.017364
v -0.011216 1.041125 -0.075363
v 0.025029 1.089896 -0.071705
v 0.036190 1.079212 -0.066199
v 0.065837 0.928456 -0.115393
v -0.136462 1.041598 -0.005018
v 0.119780 0.997806 -0.061254
v 0.069514 1.092158 -0.066604
v 0.063806 1.078046 -0.065096
v -0.149733 0.987207 -0.013207
v -0.097892 1.068254 -0.050967
v 0.111753 1.050713 -0.043958
v 0.107623 1.055547 -0.049588
v 0.118063 1.061893 -0.040067
v -0.140995 0.916833 -0.058111
v -0.131088 1.064607 -0.004140
v 0.122100 1.013579 -0.053490
v -0.141415 0.944974 -0.049483
v -0.133047 1.051917 -0.003334
v 0.127469 1.038742 -0.027937
v -0.066078 0.929438 -0.114437
v 0.161832 0.905092 -0.027542
v -0.069633 1.084131 -0.062954
v 0.092745 0.919023 -0.108582
v 0.040306 0.912510 -0.124480
v 0.021567 1.061842 -0.069526
v -0.118225 1.087014 -0.034652
v -0.031550 0.969213 -0.105873
v -0.040867 0.987220 -0.098382
v -0.123254 0.991985 -0.055540
v -0.088252 1.085118 -0.051977
v -0.088496 1.072691 -0.055370
v -0.085411 1.063517 -0.057617
v -0.097664 0.919026 -0.104152
v -0.127769 1.009900 -0.040615
v -0.052386 0.927271 -0.115210
v 0.064413 1.051537 -0.072150
v 0.063616 1.063045 -0.070348
v -0.133953 1.027761 -0.025053
v -0.135345 1.014155 -0.033588
v 0.080012 1.094072 -0.063353
v 0.005372 1.014445 -0.085891
v -0.001343 1.023209 -0.085587
v -0.007483 0.912267 -0.117941
v -0.146151 0.951183 -0.036631
v -0.124625 1.085257 -0.020141
v 0.069401 0.938761 -0.112076
v 0.076384 0.952449 -0.110132
v 0.063610 0.951915 -0.113462
v 0.147378 0.952432 -0.040441
v 0.131151 1.082368 -0.005714
v 0.089719 0.932978 -0.106705
v 0.082223 0.910542 -0.114310
v 0.041757 1.014439 -0.085860
v 0.097778 1.047055 -0.062027
v 0.089529 0.949221 -0.104533
v 0.090968 0.956131 -0.101580
v 0.096817 0.940380 -0.100778
v 0.139740 0.955854 -0.054151
v -0.131998 0.967157 -0.059171
v -0.136518 0.928682 -0.064077
v -0.131726 0.940162 -0.072072
v -0.083957 1.004073 -0.079051
v -0.036340 1.049372 -0.068390
v 0.079973 0.970793 -0.099087
v -0.103847 1.095552 -0.041668
v -0.126470 0.933354 -0.077187
v -0.125969 0.960944 -0.070835
v -0.100192 0.986612 -0.083890
v 0.125361 1.099736 -0.020649
v -0.160352 0.902452 -0.025640
v 0.072312 1.068002 -0.068621
v -0.115824 0.972158 -0.072858
v -0.123016 1.095332 -0.010907
v -0.099759 0.979106 -0.085272
v -0.104537 0.974327 -0.080725
v 0.122880 1.098822 -0.011152
v 0.149132 0.971387 -0.028242
v 0.147077 0.983050 -0.030306
v -0.096792 1.006094 -0.076421
v -0.114776 0.964532 -0.082298
v -0.026681 1.060540 -0.070835
v -0.069546 0.982329 -0.096729
v -0.081693 0.989270 -0.088745
v -0.059203 1.018326 -0.079622
v 0.015693 1.020321 -0.082826
v 0.065282 1.017558 -0.078545
v 0.065878 1.006583 -0.087812
v 0.076836 1.011616 -0.084344
v 0.079143 1.075252 -0.062422
v 0.020082 1.009985 -0.086337
v -0.025506 1.019982 -0.080928
v 0.115527 1.008314 -0.061317
v 0.126013 1.071692 -0.033845
v 0.130762 0.978056 -0.057419
v -0.140949 1.005160 -0.023260
v 0.154823 0.961971 -0.020210
v -0.057028 1.052345 -0.065724
v -0.083604 0.913666 -0.110615
v -0.109054 1.014979 -0.058106
v 0.093924 0.975787 -0.089698
v 0.132775 0.907454 -0.078325
v 0.135533 0.917287 -0.069697
v -0.095825 1.015490 -0.069645
v -0.149331 0.964742 -0.025864
v -0.150774 0.953149 -0.030430
v -0.087223 0.923490 -0.107649
v 0.130415 0.963136 -0.058829
v 0.120687 1.038382 -0.045147
v 0.012589 0.972273 -0.106437
v -0.069121 1.062455 -0.060487
v -0.041486 0.924865 -0.115769
v -0.051668 1.065532 -0.065240
v -0.154333 0.924282 -0.030835
v -0.103312 0.938205 -0.095272
v -0.142876 1.017412 -0.008181
v -0.128831 1.070943 -0.015397
v 0.114773 0.985447 -0.070140
v -0.106113 0.967573 -0.084050
v -0.102786 0.913394 -0.105266
v 0.005531 1.034342 -0.078358
v -0.080879 1.093455 -0.053609
v 0.152689 0.976154 -0.017810
v -0.129052 1.083086 -0.011817
v -0.128437 0.953184 -0.069236
v -0.117434 1.006731 -0.057081
v -0.125412 1.000852 -0.049393
v -0.120726 0.996339 -0.061971
v -0.144648 0.996243 -0.024435
v 0.102644 0.996658 -0.081605
v 0.089615 0.993546 -0.085505
v -0.078602 0.978149 -0.091328
v 0.159303 0.904803 -0.036827
v 0.077520 1.034135 -0.069510
v 0.057584 0.929026 -0.116223
v 0.004493 1.042136 -0.073329
v 0.084892 1.015444 -0.078979
v 0.146375 1.000140 -0.012761
v 0.016853 0.921849 -0.120103
v -0.103408 0.996116 -0.076931
v 0.094152 1.035713 -0.065529
v 0.127795 1.096238 -0.006109
v 0.154434 0.917080 -0.033770
v 0.143595 1.019674 -0.010457
v 0.123905 0.981583 -0.069966
v 0.056198 1.050359 -0.070398
v 0.129385 1.063970 -0.027109
v -0.077903 0.927759 -0.111382
v 0.126939 1.045886 -0.025884
v -0.006904 0.971879 -0.104797
v -0.017680 0.979158 -0.101440
v -0.017907 0.969305 -0.106311
v 0.122263 0.959333 -0.070999
v 0.100692 1.097602 -0.052165
v -0.129653 1.096528 -0.002854
v 0.097993 1.050830 -0.055609
v 0.096246 1.020034 -0.068072
v -0.132819 1.065529 -0.012020
v 0.149104 0.927451 -0.035957
v 0.145944 0.927100 -0.043595
v 0.143733 0.933233 -0.048143
v -0.052238 0.944797 -0.112398
v 0.109428 0.984150 -0.075403
v 0.122481 1.047982 -0.036327
v -0.115393 0.934304 -0.086827
v 0.072037 1.080670 -0.062260
v -0.081674 0.936185 -0.108009
v -0.094134 0.933638 -0.106005
v 0.041252 0.994109 -0.096226
v -0.108154 1.003507 -0.065886
v 0.099065 1.061463 -0.053611
v -0.060676 1.093877 -0.061508
v 0.135822 1.038598 -0.008139
v 0.049665 0.956641 -0.108685
v -0.033530 0.912782 -0.118207
v -0.138584 1.031003 -0.012616
v 0.033326 1.069742 -0.070899
v 0.144460 0.967316 -0.039100
v 0.025593 1.033177 -0.075894
v -0.153970 0.980138 -0.013201
v 0.051671 0.952643 -0.114741
v -0.043069 1.083419 -0.065075
v 0.023011 1.043866 -0.076548
v -0.110476 0.913017 -0.099817
v 0.120555 0.929682 -0.084144
v 0.152678 0.949928 -0.028451
v -0.105458 1.019571 -0.063054
v 0.149787 0.913988 -0.044732
v 0.142993 0.914931 -0.057902
v -0.134994 1.000124 -0.038170
v 0.088400 1.057885 -0.061097
v 0.109517 1.096651 -0.044086
v 0.076403 1.022494 -0.074838
v -0.094447 0.943439 -0.103097
v 0.052301 0.937464 -0.114666
v -0.126270 1.048292 -0.023652
v -0.120632 1.055917 -0.028427
v 0.046757 1.072421 -0.070190
v 0.053745 1.060971 -0.067496
v 0.114810 1.089253 -0.036400
v 0.119524 1.098395 -0.031816
v 0.000956 1.072256 -0.069453
v 0.049677 1.086237 -0.066060
v -0.046340 1.052319 -0.065768
v -0.029523 1.048109 -0.070599
v -0.040338 1.044564 -0.071845
v -0.037502 1.037709 -0.074865
v 0.135307 0.999337 -0.041549
v -0.070275 1.000257 -0.085939
v 0.125126 1.085986 -0.016399
v -0.130574 1.023395 -0.034932
v 0.001287 1.004445 -0.094236
v -0.131632 1.089616 -0.001954
v 0.158555 0.910638 -0.024183
v 0.093479 0.968512 -0.098010
v 0.139537 0.985633 -0.039933
v -0.125266 1.035984 -0.031115
v 0.130484 1.061643 -0.005981
v -0.130913 0.908346 -0.080328
v 0.144530 0.918397 -0.051727
v 0.059219 1.014457 -0.081757
v -0.121065 0.910682 -0.092197
v -0.101313 0.925169 -0.100420
v 0.140248 0.975335 -0.039486
v 0.092501 1.087054 -0.054169
v -0.079270 1.032107 -0.067157
v 0.130291 1.089409 -0.006009
v -0.112202 1.076213 -0.038826
v -0.105213 1.071495 -0.042284
v -0.111778 1.062103 -0.043478
v -0.064927 0.915889 -0.115063
v -0.113898 1.065697 -0.035264
v 0.041933 1.046374 -0.073997
v -0.009350 1.002496 -0.092509
v -0.053114 0.994302 -0.088542
v 0.102846 1.070870 -0.051018
v 0.025479 0.992625 -0.099524
v 0.045598 0.962455 -0.111527
v 0.117832 1.025787 -0.051799
v 0.115722 1.036664 -0.053167
v 0.012600 1.083719 -0.067830
v -0.124157 0.947503 -0.076076
v -0.013960 1.066895 -0.068235
v -0.064945 0.936456 -0.113755
v -0.135803 0.956897 -0.058245
v -0.139977 0.958936 -0.049671
v -0.085840 1.041656 -0.058428
v -0.029099 0.987481 -0.097717
v -0.029249 1.080902 -0.068754
v 0.113131 1.078485 -0.037883
v 0.118620 1.068897 -0.038845
v 0.112379 1.065014 -0.042932
v 0.125621 1.106242 0.003064
v 0.129813 1.108362 0.011607
v 0.129141 1.108065 0.021446
v 0.121673 1.106110 0.027602
v 0.122963 1.107246 0.037124
v 0.114280 1.106427 0.041827
v 0.114216 1.107448 0.051607
v 0.104445 1.106777 0.051949
v 0.100254 1.106887 0.061015
v 0.090738 1.105176 0.060884
v 0.083731 1.105499 0.067803
v 0.074040 1.104087 0.067474
v 0.071296 1.104741 0.076952
v 0.062314 1.104613 0.073053
v 0.058259 1.107229 0.081760
v 0.048583 1.106838 0.081503
v 0.046220 1.107592 0.090930
v 0.036611 1.107978 0.092581
v 0.027584 1.108185 0.096961
v 0.022289 1.106859 0.089016
v 0.015880 1.105712 0.095813
v 0.010204 1.106830 0.088116
v 0.000563 1.107378 0.089288
v -0.005467 1.101911 0.094807
v -0.013301 1.107656 0.093838
v -0.020879 1.105574 0.099037
v -0.028472 1.107000 0.092917
v -0.038232 1.107517 0.092211
v -0.041463 1.105343 0.083261
v -0.051013 1.106026 0.081447
v -0.058110 1.101708 0.076137
v -0.067179 1.105465 0.077059
v -0.073251 1.104506 0.069278
v -0.082203 1.104743 0.073345
v -0.085757 1.103208 0.064247
v -0.094160 1.104006 0.059613
v -0.102758 1.106664 0.063156
v -0.102993 1.104114 0.053329
v -0.112630 1.105117 0.054659
v -0.115046 1.105757 0.045099
v -0.121995 1.107031 0.038317
v -0.119477 1.105189 0.029131
v -0.125642 1.106034 0.021829
v -0.130916 1.106539 0.013970
v -0.124941 1.105741 0.006352
v 0.055934 1.003272 0.086015
v -0.058905 1.001624 0.085497
v -0.133508 0.974980 0.063083
v 0.133580 0.976703 0.062500
v 0.102374 1.040354 0.069290
v -0.103865 1.039137 0.076429
v -0.001519 0.969504 0.095511
v 0.002131 1.037499 0.095213
v -0.091361 0.951745 0.080749
v 0.084285 0.953032 0.080114
v 0.044229 1.055435 0.094146
v -0.044333 1.055277 0.089961
v -0.137986 1.018229 0.040501
v 0.135097 1.019006 0.037146
v -0.122631 1.062478 0.049402
v 0.130523 1.064754 0.040484
v -0.157847 0.941585 0.037660
v 0.160503 0.943573 0.035036
v -0.043918 0.944127 0.088040
v 0.041824 0.966910 0.091443
v -0.134864 0.936562 0.075279
v 0.128838 0.937898 0.064494
v -0.099454 0.990678 0.080522
v 0.093068 0.988124 0.071745
v -0.151269 0.980118 0.031505
v 0.155138 0.982922 0.027688
v 0.073297 1.066583 0.081894
v -0.070303 1.064871 0.076282
v 0.016845 0.936251 0.092985
v -0.013901 1.070793 0.092710
v 0.070624 1.032909 0.085366
v -0.072202 1.030082 0.084704
v -0.020607 1.004153 0.092413
v 0.017140 1.004530 0.095455
v 0.055376 0.933348 0.086849
v 0.104200 1.071941 0.061663
v -0.098114 1.071207 0.064978
v -0.118902 1.006387 0.072166
v 0.120017 1.009307 0.063141
v 0.014103 1.072842 0.094602
v -0.134750 1.044550 0.023543
v -0.060380 0.969515 0.084842
v -0.127848 1.074573 0.027258
v 0.026005 1.033746 0.094497
v -0.026201 1.032596 0.091786
v -0.074346 0.927921 0.087314
v -0.013860 0.941743 0.093402
v -0.031301 0.971654 0.094844
v 0.109971 0.962210 0.068904
v 0.102330 0.927384 0.074547
v -0.108348 0.926217 0.081556
v 0.141113 1.041839 0.021507
v 0.094377 1.016936 0.074734
v -0.116001 0.960828 0.075364
v -0.046487 1.077588 0.083643
v 0.051736 1.079007 0.087744
v 0.069610 0.978671 0.078885
v 0.136667 1.076307 0.018795
v -0.150556 1.010325 0.019035
v 0.148833 1.006580 0.016581
v 0.120672 1.049431 0.057715
v -0.141325 0.995340 0.053130
v -0.123579 1.036353 0.060318
v -0.096509 1.017859 0.078572
v 0.137026 0.995761 0.044994
v -0.050843 1.027341 0.085933
v 0.162683 0.923322 0.014212
v -0.161710 0.921375 0.017283
v 0.158966 0.955896 0.012301
v -0.153199 0.922395 0.057205
v -0.157741 0.954035 0.015500
v 0.049331 1.028499 0.087574
v 0.154876 0.922317 0.048863
v -0.032458 0.923099 0.090861
v -0.032793 1.075995 0.096376
v -0.152901 0.964374 0.049516
v 0.143693 0.953139 0.053233
v -0.110413 1.081607 0.055794
v 0.116044 1.084536 0.046225
v 0.083409 1.081026 0.066007
v -0.083898 0.974932 0.084977
v -0.041623 0.992428 0.089144
v -0.076735 1.008152 0.081164
v 0.078456 0.921666 0.082869
v -0.005872 0.920869 0.094207
v 0.132978 1.041795 0.041968
v 0.073822 1.011675 0.077887
v 0.088122 1.058800 0.068394
v 0.038493 0.991353 0.089760
v 0.017899 0.981903 0.097632
v -0.002330 0.994117 0.100635
v -0.001396 1.016333 0.102711
v 0.018052 0.959086 0.093617
v -0.065657 0.948925 0.085088
v 0.031124 1.085043 0.096276
v 0.034723 1.013517 0.091659
v -0.014916 1.050510 0.100493
v -0.084175 1.083074 0.077662
v 0.023375 1.053840 0.100199
v -0.149823 0.945288 0.060219
v 0.061700 0.954081 0.086518
v 0.151459 0.964144 0.038615
v 0.036047 0.945734 0.089025
v -0.036958 1.011995 0.089342
v -0.129063 0.916990 0.079638
v 0.138982 0.917786 0.064068
v 0.035878 0.921312 0.092441
v -0.110824 1.054779 0.059319
v 0.083118 1.045095 0.073194
v 0.003917 1.059370 0.098894
v -0.158144 0.982441 0.011525
v 0.114750 1.029414 0.056844
v 0.060336 1.060413 0.087850
v 0.002366 1.085254 0.088549
v -0.133065 1.044289 0.044119
v 0.157117 0.984243 0.007946
v -0.065012 1.084190 0.081493
v -0.090984 1.057243 0.079103
v -0.062546 1.050874 0.081895
v 0.112585 0.981417 0.065780
v 0.089668 0.970600 0.072795
v -0.117008 0.980326 0.071292
v -0.053853 0.925851 0.091336
v 0.066029 1.086179 0.082021
v -0.148735 1.000765 0.036386
v -0.017505 1.088528 0.099468
v -0.122225 1.085772 0.041624
v -0.131230 1.012843 0.058320
v -0.160424 0.921588 0.037994
v 0.108979 1.001421 0.072128
v -0.109974 0.943577 0.077003
v 0.123806 1.080331 0.033428
v 0.014201 0.917374 0.094138
v -0.084484 1.041212 0.074862
v -0.133764 0.954492 0.068020
v 0.101735 0.945830 0.070906
v -0.138146 1.060885 0.014368
v 0.120007 0.916316 0.072017
v 0.129076 0.956759 0.066408
v 0.135272 1.057103 0.011165
v 0.054561 1.043340 0.084381
v 0.143124 1.001694 0.032161
v -0.139784 1.025480 0.027043
v 0.100747 1.090048 0.065820
v -0.018236 0.986107 0.097062
v -0.134003 1.087735 0.014723
v -0.018589 0.959818 0.094164
v 0.016305 1.089563 0.089109
v -0.143571 1.034383 0.011517
v 0.141853 1.023115 0.022834
v 0.143628 1.029526 0.007398
v -0.010902 1.026110 0.099963
v -0.091353 0.915368 0.085756
v 0.003495 0.948842 0.094419
v 0.072375 0.938605 0.081676
v -0.075674 0.992471 0.081758
v -0.101796 1.088871 0.067665
v 0.055932 0.915358 0.087435
v 0.119253 1.067729 0.052314
v 0.106868 1.022294 0.070801
v 0.071767 0.994819 0.080113
v 0.105704 1.054780 0.067227
v -0.034046 1.090488 0.089421
v -0.116320 1.025833 0.068739
v 0.008939 1.028607 0.095131
v 0.054017 0.986686 0.084707
v 0.127159 1.018015 0.048983
v 0.126029 0.992489 0.056404
v -0.156239 0.957602 0.032791
v -0.100847 0.972106 0.079574
v 0.029933 1.067217 0.096515
v 0.162697 0.914671 0.032135
v -0.124312 0.990589 0.064577
v -0.111603 0.997379 0.076238
v 0.056866 0.970994 0.084030
v 0.135189 1.090916 0.010284
v 0.162340 0.937369 0.002903
v -0.162984 0.935800 0.006159
v 0.137309 1.062034 0.026144
v 0.144821 0.980164 0.041023
v 0.012424 1.047359 0.098841
v -0.030737 1.048699 0.092821
v -0.127898 1.059939 0.033796
v 0.146165 0.935904 0.057979
v -0.142795 0.921455 0.071002
v -0.075656 0.960337 0.083523
v -0.057640 0.985572 0.089583
v -0.050746 0.959107 0.087797
v -0.068736 0.912330 0.090530
v -0.022196 1.063443 0.094684
v 0.093962 0.913593 0.079329
v -0.066702 1.020670 0.088857
v -0.091110 0.932703 0.082139
v -0.142451 0.978460 0.052562
v 0.033288 1.043999 0.092282
v 0.069228 1.052497 0.077596
v -0.123637 1.089852 0.029974
v 0.129421 1.033736 0.051265
v 0.060975 1.016947 0.087158
v 0.160202 0.942263 0.018700
v 0.145951 0.968993 0.053374
v -0.160756 0.936370 0.022385
v 0.163653 0.910456 0.004821
v -0.163592 0.908614 0.007518
v -0.155528 0.969309 0.019819
v 0.021117 1.019034 0.097510
v -0.055671 1.064626 0.088914
v -0.053737 1.042019 0.091552
v 0.082158 1.028804 0.073667
v 0.087386 0.933244 0.077236
v -0.107385 0.910755 0.083774
v -0.151988 0.994266 0.021282
v -0.149598 1.000055 0.007144
v -0.144123 1.018503 0.007536
v 0.114110 0.934804 0.069463
v -0.024240 1.017591 0.097458
v -0.142935 0.959455 0.059928
v -0.060786 1.071361 0.085265
v -0.028789 0.947391 0.093995
v -0.046624 0.977084 0.091640
v -0.122622 0.931495 0.079950
v 0.158652 0.971473 0.016098
v -0.157551 0.968519 0.005467
v -0.159610 0.908652 0.045911
v -0.000414 0.934748 0.097114
v -0.045188 0.912443 0.091628
v -0.163754 0.909100 0.027901
v -0.042605 1.038956 0.092544
v 0.145392 1.014090 0.005054
v 0.128837 1.091635 0.023907
v 0.049781 1.093167 0.087595
v 0.153287 0.998646 0.003707
v -0.091619 1.004391 0.076268
v -0.109916 1.069970 0.057848
v 0.156651 0.965217 0.001410
v 0.083040 1.000100 0.074682
v -0.007330 1.090664 0.089818
v -0.020506 0.913310 0.094928
v 0.117685 1.092675 0.040156
v 0.076042 1.090742 0.076184
v 0.047319 1.067447 0.088028
v 0.060072 1.071920 0.078848
v -0.126931 0.968530 0.071321
v -0.124839 0.948242 0.077689
v -0.103448 0.957161 0.077569
v 0.140295 1.043825 0.007003
v 0.159977 0.929001 0.036535
v -0.149839 0.909417 0.063863
v 0.072053 0.963885 0.083702
v -0.098901 1.056611 0.066941
v -0.041956 1.092032 0.084991
v 0.005241 1.073087 0.094726
v 0.159269 0.955748 0.027755
v 0.083647 0.982463 0.079983
v -0.104407 1.024868 0.072147
v 0.151105 0.910055 0.055659
v -0.129950 1.029978 0.047467
v -0.123694 1.050403 0.057057
v -0.109100 1.040415 0.063011
v 0.149255 0.994699 0.021646
v 0.132459 1.070578 0.006317
v 0.117336 0.948708 0.070340
v -0.124521 1.072352 0.041320
v 0.160770 0.923385 -0.000213
v -0.061640 0.936137 0.088906
v 0.102089 0.976558 0.073957
v -0.156532 0.931836 0.047534
v -0.161042 0.921959 0.002393
v 0.120285 0.968671 0.065519
v -0.080552 0.943453 0.086364
v -0.127644 0.999907 0.061652
v -0.074228 1.051643 0.080750
v -0.070460 0.980752 0.087798
v 0.027349 0.970612 0.095897
v -0.137728 1.046968 0.013918
v 0.153836 0.937894 0.046051
v -0.147181 1.014484 0.031920
v -0.015486 0.973171 0.094669
v -0.144496 0.933572 0.065042
v -0.043717 1.068681 0.095164
v 0.130671 1.005424 0.054295
v -0.136211 1.074304 0.016530
v 0.121903 1.055558 0.045378
v 0.110709 1.041534 0.063007
v 0.132737 1.049237 0.030139
v -0.138975 0.908379 0.073779
v -0.135969 1.006304 0.046897
v -0.149027 0.986748 0.043929
v 0.140310 1.008760 0.044224
v 0.137918 0.984302 0.052204
v 0.110201 1.094343 0.049798
v 0.139671 1.031781 0.034237
v 0.045418 0.979033 0.087509
v 0.164698 0.910508 0.018868
v -0.083064 1.069405 0.080417
v -0.039087 1.025566 0.093918
v -0.051152 1.013613 0.090370
v -0.046776 1.000726 0.088703
v 0.013503 1.058789 0.092056
v -0.086187 1.028280 0.080172
v -0.105816 1.011231 0.070004
v 0.069663 0.910876 0.085484
v 0.094828 0.957651 0.075374
v 0.110046 1.083932 0.058304
v -0.036247 0.958648 0.089134
v 0.108412 0.910804 0.077965
v 0.031453 0.958250 0.092231
v 0.037691 1.026626 0.095552
v 0.047556 1.014642 0.088322
v 0.059154 1.030846 0.084412
v 0.158648 0.950104 -0.000118
v 0.047315 0.953771 0.089154
v 0.073223 1.077730 0.074556
v 0.084442 1.069841 0.075304
v -0.158212 0.948321 0.003052
v 0.138470 0.946517 0.063099
v 0.155181 0.952622 0.045166
v -0.090517 1.081818 0.065727
v -0.137354 0.987622 0.061925
v -0.054682 1.093123 0.084465
v 0.158766 0.910191 0.044385
v 0.011355 1.016664 0.099237
v 0.004336 1.005137 0.097573
v -0.009447 1.005752 0.100320
v 0.134299 0.964038 0.057051
v -0.041742 0.932189 0.093443
v -0.018361 0.928752 0.093584
v 0.149585 0.991521 0.037085
v 0.041369 1.076775 0.095425
v -0.088237 1.093339 0.072261
v -0.138075 1.037223 0.033850
v -0.009713 1.038860 0.101034
v -0.092662 0.964414 0.082830
v 0.030777 0.934233 0.090219
v -0.028045 0.992824 0.091376
v 0.096200 1.000397 0.074229
v 0.002590 0.910567 0.095884
v 0.087724 1.093089 0.064823
v 0.095828 1.078892 0.069332
v -0.119327 1.094347 0.050544
v 0.156627 0.969755 0.028605
v -0.122447 1.023366 0.057023
v -0.157127 0.952807 0.044557
v -0.152474 0.969421 0.037330
v 0.046944 0.997453 0.087256
v 0.029993 1.001311 0.095696
v 0.023479 0.993004 0.096593
v 0.010973 0.994145 0.100643
v 0.082246 1.056644 0.080479
v -0.073168 1.092019 0.076278
v -0.006212 1.080091 0.096764
v 0.095645 1.029842 0.074022
v -0.034474 1.061118 0.097118
v -0.005992 0.981423 0.098955
v 0.032692 0.980355 0.090003
v -0.008570 0.952826 0.097166
v 0.147192 1.012757 0.028045
v -0.094161 1.032704 0.072009
v 0.043643 0.910849 0.089758
v 0.130914 0.909102 0.069578
v 0.124298 0.985956 0.066853
v -0.060097 1.031394 0.085526
v -0.021219 1.076807 0.101109
v -0.039868 1.079844 0.094020
v 0.045861 1.043904 0.093357
v 0.065391 0.924436 0.085759
v 0.121727 1.074039 0.042108
v -0.032456 1.003060 0.096791
v 0.128051 0.925327 0.067027
v 0.033189 1.096953 0.097503
v -0.118999 1.073219 0.050619
v 0.102328 1.011303 0.066112
v -0.003637 1.049219 0.093687
v -0.006485 1.060957 0.092337
v -0.109228 1.094321 0.058686
v -0.102785 0.937208 0.084931
v 0.077846 1.022257 0.083359
v 0.026642 0.911187 0.092844
v 0.098552 1.064909 0.069775
v -0.035628 0.983051 0.093920
v 0.115239 0.997716 0.061496
v 0.111140 1.061875 0.059069
v 0.006212 0.978502 0.099382
v 0.024966 1.076557 0.089700
v -0.122326 0.907249 0.081377
v -0.091806 0.981372 0.078767
v -0.085178 0.999190 0.084458
v -0.161486 0.948365 0.025753
v -0.000762 1.028149 0.102252
v -0.013011 1.015725 0.093797
v -0.084713 1.016972 0.079055
v 0.022874 0.925989 0.094741
v 0.043007 0.930559 0.087678
v -0.137025 1.056673 0.025852
v 0.082434 0.909262 0.083305
v -0.032908 0.911367 0.093756
v 0.010060 0.967048 0.098687
v 0.132739 1.071898 0.031513
v -0.072727 1.077636 0.075127
v 0.023645 0.947315 0.093990
v 0.007894 1.096963 0.094121
v -0.067841 1.008315 0.089168
v -0.139033 0.943927 0.067418
v -0.134024 1.054050 0.005661
v 0.066793 1.044977 0.087008
v 0.125880 1.044501 0.048119
v 0.137919 0.929221 0.062547
v 0.042107 1.088228 0.094815
v -0.116372 0.917405 0.080525
v 0.085842 1.010564 0.079890
v 0.065478 1.007203 0.084398
v 0.054638 1.086664 0.079119
v 0.095219 1.049621 0.066243
v 0.054569 0.944935 0.084209
v 0.072446 0.952625 0.081200
v -0.070322 1.042053 0.086350
v -0.067204 1.060126 0.086005
v -0.055945 1.053085 0.091272
v 0.019497 1.042623 0.099422
v -0.132211 1.067894 0.007084
v -0.020959 1.043060 0.093853
v 0.162625 0.934984 0.027074
v -0.028943 0.935103 0.095081
v -0.146750 1.021211 0.018471
v -0.081244 0.908606 0.089940
v -0.090118 1.066179 0.071353
v -0.027017 1.096177 0.096814
v -0.055276 0.946170 0.088750
v -0.062468 0.959166 0.089525
v -0.056815 0.908328 0.089655
v 0.033851 1.053975 0.097547
v 0.022062 1.064889 0.096943
v -0.014084 0.996509 0.097600
v 0.146973 0.923289 0.057702
v -0.137483 0.965074 0.068344
v 0.005131 0.924755 0.095006
v 0.132112 1.053102 0.040936
v 0.008584 1.081983 0.090270
v 0.002260 1.096340 0.092348
v -0.041898 0.967225 0.093288
v 0.063411 1.096983 0.081482
v -0.105203 1.080286 0.060717
v 0.000932 0.959021 0.098378
v -0.133888 1.020435 0.051013
v -0.127775 1.091544 0.006026
v -0.009300 0.910053 0.095856
v -0.146671 0.969479 0.058051
v -0.100508 1.050614 0.076724
v -0.080280 1.058703 0.073964
v -0.073445 1.018784 0.079485
v 0.142728 0.907039 0.063616
v -0.134392 1.079731 0.006462
v -0.131263 0.926310 0.074571
v -0.130007 1.095623 0.022000
v -0.065309 1.095564 0.082134
v 0.130404 1.031126 0.040282
v -0.066416 0.992618 0.088504
v -0.122636 1.015555 0.065936
v -0.071523 0.971002 0.082245
v 0.062481 0.993680 0.086553
v 0.078088 0.970269 0.076172
v 0.092566 0.943859 0.078996
v -0.119701 1.060772 0.059704
v -0.139670 1.029243 0.041366
v 0.075520 1.041398 0.080661
v 0.093303 1.040718 0.075359
v -0.055723 1.082410 0.086550
v -0.124787 1.096231 0.039187
v -0.154194 0.942851 0.048223
v -0.130230 1.079948 0.036365
v 0.039826 1.035501 0.090201
v 0.148468 1.017605 0.015191
v -0.152509 0.933067 0.057743
v -0.161495 0.926506 0.027676
v 0.126387 1.096883 0.033915
v -0.119885 1.084067 0.052147
v -0.156455 0.984224 0.022674
v -0.155801 0.982440 0.000794
v 0.105659 1.032052 0.062274
v 0.118722 1.018567 0.056546
v 0.121360 1.038359 0.058366
v -0.101345 1.007922 0.079274
v 0.133674 1.098848 0.017569
v -0.149675 0.954907 0.052537
v 0.050438 1.057163 0.085682
v 0.064600 1.062046 0.078434
v -0.070846 0.939112 0.083578
v 0.088868 1.071265 0.065516
v -0.092808 1.092911 0.062078
v -0.112996 0.972419 0.078596
v -0.106049 0.981418 0.079643
v -0.137979 1.041020 0.004632
v 0.141164 1.053052 0.019975
v -0.126265 1.039849 0.050731
v -0.126531 1.052539 0.047047
v -0.135167 1.048263 0.034014
v 0.134070 1.081599 0.003270
v 0.162617 0.924247 0.026816
v 0.114820 0.991064 0.071077
v 0.103296 0.992083 0.071099
v -0.132048 1.066200 0.021616
v 0.162074 0.946344 0.008950
v -0.162624 0.943808 0.014351
v 0.053848 0.961911 0.087717
v -0.152820 0.991049 0.031584
v 0.152523 0.984925 0.017605
v 0.153787 0.988907 -0.001223
v 0.157256 0.976848 -0.001544
v -0.127879 0.978709 0.071525
v -0.091533 0.942438 0.085942
v 0.099887 0.966986 0.070517
v 0.092854 0.924077 0.078537
v -0.146596 1.009259 0.002002
v -0.143062 1.028175 0.002504
v 0.010480 1.036988 0.102282
v 0.067945 1.020115 0.080050
v 0.111729 0.972407 0.071315
v -0.050516 0.935367 0.087954
v -0.063748 0.926055 0.087226
v -0.012452 1.097249 0.096609
v -0.004482 1.069743 0.098003
v 0.134241 1.051140 0.002029
v -0.080524 0.918645 0.086546
v -0.043718 0.922595 0.090296
v -0.141091 0.997516 0.042881
v -0.148295 1.003314 0.026380
v -0.143655 1.009317 0.040723
v -0.159652 0.958185 0.006127
v -0.016270 1.081024 0.092430
v -0.024748 1.082574 0.093383
v 0.162814 0.905127 0.035967
v -0.060579 1.041134 0.083505
v -0.112346 1.018189 0.074356
v 0.091437 1.051708 0.076390
v -0.013238 1.062935 0.099504
v 0.038709 1.003837 0.089772
v 0.155140 0.993692 0.012475
v 0.138440 1.065884 0.016415
v -0.106376 1.062794 0.064112
v -0.097883 0.906221 0.086767
v 0.022435 1.097207 0.094400
v 0.107856 1.093361 0.059485
v 0.015540 1.035737 0.093649
v 0.056959 1.070126 0.088217
v -0.106881 0.989107 0.073036
v 0.121720 0.906290 0.073220
v 0.110047 0.920103 0.073702
v -0.136088 1.003678 0.056596
v 0.082016 0.943315 0.081141
v 0.002717 1.046145 0.100919
v -0.159194 0.931660 0.037713
v -0.158044 0.918893 0.048086
v -0.155292 0.911929 0.055247
v -0.101013 0.919160 0.083651
v 0.132639 1.094353 0.001010
v -0.029805 1.022763 0.090688
v 0.046478 0.920760 0.089951
v -0.079528 1.036043 0.081733
v -0.091037 1.048816 0.072734
v -0.100130 0.945969 0.079946
v -0.114864 0.951880 0.079897
v -0.155196 0.992523 0.011415
v 0.053223 1.097689 0.078802
v -0.148240 0.976215 0.044259
v 0.157233 0.962315 0.020220
v 0.125396 1.083682 0.042749
v 0.128488 1.077526 0.024624
v 0.133602 1.025398 0.047542
v -0.113270 0.935610 0.082746
v 0.137437 1.037853 -0.000713
v 0.161297 0.933436 0.012762
v -0.150830 0.991370 0.001455
v 0.107941 0.953233 0.072984
v 0.101086 0.937525 0.076844
v -0.100976 0.998314 0.073895
v 0.013259 0.945601 0.093583
v 0.041394 1.098308 0.091319
v 0.149456 0.946035 0.049598
v 0.093259 0.979976 0.077406
v -0.164415 0.904121 0.017957
v 0.162314 0.908633 -0.005064
v -0.162595 0.902839 -0.001129
v -0.104818 1.049147 0.064520
v -0.117709 1.044709 0.062122
v 0.084814 0.961842 0.075451
v -0.132724 1.081555 0.022099
v 0.113189 1.074505 0.057759
v 0.016919 0.907625 0.095447
v 0.133214 1.061404 0.001642
v -0.137253 1.034984 0.024357
v -0.124636 0.956509 0.072173
v 0.118873 1.099061 0.047901
v 0.133717 1.039677 0.032443
v 0.026997 1.010727 0.096950
v 0.037905 1.068672 0.090979
v 0.151743 0.961832 0.048146
v -0.018162 1.034388 0.097498
v 0.046057 0.940332 0.089073
v 0.111904 1.013452 0.067840
v 0.159645 0.919185 0.040672
v 0.059960 1.051614 0.082931
v -0.115961 1.030437 0.060207
v -0.111277 1.034425 0.070689
v -0.143968 0.951760 0.065513
v -0.009047 0.962697 0.096087
v -0.018087 0.950101 0.096146
v -0.027149 0.963750 0.090072
v 0.151234 0.976754 0.034015
v 0.119076 0.926299 0.071342
v 0.119178 1.058549 0.054806
v -0.089695 0.990109 0.082690
v -0.059814 0.917679 0.091186
v 0.028363 1.024465 0.094052
v 0.119682 0.959818 0.069593
v 0.128888 0.947189 0.066648
v -0.026283 0.980343 0.096465
v -0.082000 0.984032 0.080664
v 0.078907 1.089651 0.067045
v 0.142782 1.022403 0.032456
v 0.137906 1.032635 0.024210
v 0.144367 1.030051 0.017216
v -0.163087 0.913227 -0.001599
v -0.036171 0.940859 0.093123
v 0.068554 1.074491 0.082196
v 0.053800 1.036328 0.090507
v -0.157641 0.902803 0.053406
v -0.075164 1.000838 0.087392
v -0.119821 0.940164 0.075670
v 0.135978 0.954938 0.059200
v -0.052704 0.968407 0.091697
v 0.123596 0.977047 0.062175
v 0.086042 1.020126 0.078962
v 0.081803 0.992124 0.079868
v -0.129372 1.063993 0.042661
v -0.133182 1.067467 0.031010
v 0.143614 1.019965 -0.002204
v -0.057330 1.019517 0.085370
v 0.144535 1.000313 0.041488
v 0.139490 1.010787 0.033298
v 0.149863 1.003620 0.025406
v 0.156274 0.974824 0.007765
v -0.087914 1.075615 0.072596
v 0.111375 1.022028 0.062020
v 0.097088 1.097765 0.060992
v 0.102050 1.081254 0.062849
v -0.162708 0.903454 0.036982
v 0.134705 1.084230 0.022515
v -0.009444 0.989248 0.095086
v -0.003607 1.022150 0.095737
v -0.005322 1.031782 0.094789
v 0.024947 1.086080 0.089379
v 0.016910 1.081782 0.094361
v -0.080744 0.934111 0.082378
v -0.064144 1.075523 0.077931
v 0.066947 0.946244 0.084768
v 0.064327 0.933224 0.081868
v 0.077633 0.930491 0.079032
v -0.054760 0.994852 0.090617
v -0.035050 1.034457 0.094804
v -0.142215 1.040671 0.019167
v -0.132267 0.904905 0.080051
v 0.109058 1.005020 0.063461
v 0.140877 1.028869 -0.001682
v 0.009733 0.955622 0.096936
v -0.004816 0.944865 0.093862
v 0.019216 1.028086 0.097697
v -0.010192 0.933597 0.096711
v 0.154560 0.955564 0.036203
v 0.048100 1.005682 0.091386
v -0.019218 1.025409 0.095971
v -0.082453 1.050127 0.076771
v 0.061148 0.907298 0.088491
v 0.054507 0.924422 0.086391
v -0.107681 0.964836 0.079480
v 0.015317 1.099396 0.088806
v 0.151740 0.930902 0.051813
v -0.099286 1.080012 0.068001
v -0.099754 1.098010 0.065885
v 0.165326 0.903812 0.012732
v -0.059352 1.010596 0.085757
v -0.160544 0.935868 -0.003172
v -0.161238 0.927529 0.010085
v -0.144488 1.022555 0.036182
v 0.161792 0.931783 -0.005019
v 0.159891 0.941701 -0.005354
v -0.155937 0.971980 0.028982
v 0.132398 1.082228 0.012682
v 0.130597 1.058406 0.033494
v 0.121920 1.064764 0.043964
v 0.030906 1.076023 0.096590
v -0.161692 0.912641 0.037796
v -0.132213 1.097219 0.012605
v -0.159125 0.962895 0.014130
v 0.102114 0.918148 0.078012
v 0.068137 1.096052 0.072737
v 0.098672 1.019981 0.067351
v -0.078342 1.096791 0.070575
v 0.076033 1.003115 0.080959
v 0.069413 0.986745 0.084096
v -0.157335 0.963750 -0.002204
v 0.006381 1.064506 0.091221
v -0.088098 0.924392 0.085068
v 0.122974 1.026635 0.051800
v 0.102055 1.007388 0.074162
v 0.148444 1.001691 -0.003422
v 0.136932 1.017003 0.045773
v 0.018854 0.967654 0.096719
v 0.004262 0.987731 0.098586
v -0.059044 1.059415 0.081520
v 0.124414 1.001511 0.059829
v 0.130304 0.983963 0.057654
v 0.134718 0.993109 0.053437
v -0.132448 1.055533 0.040694
v 0.047339 0.989105 0.090751
v 0.061812 0.979533 0.086088
v 0.066102 0.971249 0.085039
v -0.080404 0.967431 0.081348
v -0.085431 0.959431 0.080723
v -0.156885 0.960252 0.023283
v -0.157906 0.973017 -0.002052
v 0.113362 1.050451 0.063730
v -0.082638 0.951882 0.084635
v 0.143077 1.037163 0.012125
v 0.132054 1.101215 0.006754
v 0.102667 1.046102 0.062363
v -0.039487 1.097678 0.092903
v -0.047945 1.075623 0.091959
v -0.047714 1.097428 0.080796
v 0.037813 1.061586 0.096423
v -0.153862 0.961470 0.040792
v -0.159921 0.949832 0.034700
v 0.145493 1.009869 -0.002921
v -0.023431 1.053934 0.097570
v -0.040375 1.048280 0.094668
v -0.046537 1.046700 0.087992
v 0.006052 0.940658 0.094534
v -0.119326 0.990115 0.073759
v -0.116830 0.997540 0.067246
v -0.147958 1.008009 0.010682
v -0.152881 1.001742 0.015703
v 0.116511 1.075844 0.049297
v -0.129640 0.983255 0.063070
v 0.103675 1.031480 0.070952
v -0.099226 0.927652 0.081969
v -0.091141 0.972603 0.079555
v 0.080190 1.098151 0.064808
v 0.004414 1.022221 0.098350
v -0.048727 1.086868 0.082770
v 0.151409 1.007088 0.007389
v -0.163264 0.912745 0.019409
v 0.132494 1.069093 0.022886
v 0.163050 0.917667 -0.006496
v 0.124448 1.011879 0.056190
v -0.162709 0.917929 0.026883
v -0.131810 0.947127 0.071840
v 0.156460 0.955743 -0.005765
v -0.158778 0.955037 -0.002486
v -0.110374 1.097073 0.049879
v 0.137658 0.937941 0.063259
v -0.143822 1.029536 0.020252
v 0.063664 1.038034 0.082840
v 0.033999 1.036602 0.097067
v 0.131788 1.010394 0.047303
v 0.061696 0.962807 0.082749
v 0.048446 0.968811 0.085786
v -0.074478 0.950045 0.087451
v 0.130085 1.076221 0.038864
v 0.164988 0.904378 0.026213
v -0.124248 1.078880 0.047025
v 0.155835 0.904362 0.050265
v -0.054076 0.977658 0.085001
v -0.047650 0.985177 0.086649
v 0.145182 0.944708 0.057207
v 0.013542 0.974641 0.096593
v 0.146217 0.970893 0.043731
v 0.141613 0.977168 0.048492
v 0.141851 0.988862 0.041028
v 0.019166 1.049392 0.093864
v 0.007156 1.052806 0.093923
v 0.099798 0.906091 0.077717
v -0.092004 1.024535 0.074312
v 0.077299 1.099084 0.073964
v -0.062564 0.979510 0.085224
v 0.051932 0.907609 0.088444
v -0.109364 1.002896 0.069695
v 0.156164 0.929294 0.044444
v -0.048020 0.951332 0.089472
v 0.122466 0.932960 0.067262
v -0.139193 0.929278 0.073319
v -0.136180 0.916859 0.074326
v -0.147278 0.925211 0.063997
v 0.013680 0.928281 0.095853
v -0.079625 1.023108 0.083021
v -0.028480 0.955194 0.090469
v 0.051698 1.049389 0.090268
v -0.119054 1.070020 0.058794
v 0.028005 1.059174 0.093807
v -0.032419 1.082215 0.089550
v 0.104037 0.983267 0.068545
v -0.046995 1.021297 0.091365
v 0.120772 0.941469 0.066341
v -0.065466 0.904877 0.087972
v -0.071742 0.919921 0.087562
v -0.161232 0.926306 -0.004895
v 0.085889 0.916846 0.081123
v 0.091988 0.906267 0.083671
v -0.138835 0.986687 0.053094
v -0.141782 0.976615 0.060937
v 0.086146 1.036659 0.072608
v 0.090397 1.085446 0.068216
v -0.129876 1.026971 0.055282
v 0.126658 1.099767 0.022632
v -0.017867 1.069396 0.100124
v -0.145881 0.992511 0.037290
v -0.066742 1.024539 0.081465
v -0.075844 1.043236 0.080067
v 0.041511 1.018844 0.093335
v -0.023266 0.971514 0.091234
v 0.093781 1.008255 0.077477
v -0.025670 1.071186 0.095690
v 0.030661 0.988381 0.093481
v 0.082100 1.078030 0.074168
v 0.006149 1.089218 0.094523
v 0.090934 1.023768 0.070120
v 0.162621 0.929350 0.020102
v 0.127264 0.969032 0.060134
v 0.053617 0.979396 0.088910
v 0.127109 1.088195 0.031856
v 0.033547 0.905319 0.091000
v 0.104837 1.064037 0.064303
v -0.067341 0.964171 0.084941
v -0.081238 1.089567 0.073449
v 0.131101 0.917211 0.067589
v -0.067330 1.001424 0.084069
v 0.140875 0.975657 0.056895
v -0.067302 1.097488 0.074187
v 0.014333 1.022572 0.094152
v -0.057594 0.953400 0.086007
v -0.092727 0.997571 0.080841
v 0.110846 0.928576 0.074377
v 0.059643 1.080083 0.081873
v -0.030640 1.011586 0.095229
v -0.145617 0.903423 0.069105
v -0.049612 1.070174 0.086085
v -0.050767 1.059609 0.092964
v 0.161460 0.951189 0.019889
v 0.158881 0.947330 0.027340
v 0.027841 1.042560 0.098621
v -0.038640 0.975013 0.093541
v 0.019468 1.012002 0.093529
v 0.159369 0.967201 0.009173
v -0.040657 0.999502 0.094982
v -0.124323 0.999955 0.069572
v 0.076222 1.029422 0.079767
v -0.143196 1.025789 0.012313
v -0.059635 1.025169 0.090564
v -0.049335 1.036260 0.086645
v -0.044039 1.030966 0.089818
v -0.125777 1.008463 0.062152
v -0.025767 0.906658 0.092485
v -0.157717 0.976994 0.017753
v 0.038119 0.937924 0.091143
v 0.118103 1.100366 0.037463
v -0.112735 1.088625 0.050677
v -0.106833 1.043955 0.070321
v 0.161304 0.927431 0.007145
v 0.025858 0.978899 0.095211
v 0.035806 0.913249 0.091095
v -0.037179 0.904460 0.092740
v -0.115934 0.905001 0.086808
v -0.136752 1.037117 0.041945
v 0.056972 1.024325 0.089231
v 0.057978 1.010367 0.083388
v -0.143813 1.018067 0.025444
v 0.039583 1.048998 0.092198
v 0.164164 0.903177 0.001006
v 0.164034 0.915484 0.011729
v -0.031723 1.098145 0.090588
v -0.125351 1.099824 0.026984
v 0.067114 1.057188 0.084259
v 0.075403 1.047411 0.075384
v 0.072395 1.059828 0.077721
v -0.071739 1.014205 0.085794
v -0.164325 0.900723 0.010089
v -0.161975 0.916782 0.009751
v 0.145602 0.914025 0.060354
v -0.051330 0.918185 0.090673
v -0.133309 0.996062 0.056329
v -0.125963 1.082823 0.026776
v -0.128093 1.088062 0.036452
v 0.163655 0.918355 0.021003
v 0.038568 0.974164 0.088694
v 0.144485 0.961084 0.051841
v -0.159412 0.945135 -0.004274
v -0.048983 0.905065 0.090264
v 0.117709 1.091422 0.050715
v 0.090921 0.950764 0.074707
v -0.092405 1.040519 0.072293
v 0.156916 0.978617 0.020658
v -0.164495 0.901232 0.028772
v 0.095962 1.057530 0.068135
v -0.139946 1.050579 0.021272
v 0.143715 1.021173 0.009614
v 0.054866 0.995826 0.088956
v -0.029207 1.040761 0.094802
v 0.105897 1.101040 0.058169
v -0.055526 1.066677 0.081547
v -0.039805 0.951437 0.087967
v -0.160063 0.936519 0.030984
v -0.161714 0.935971 0.014139
v -0.161295 0.928692 0.019780
v -0.022624 0.941401 0.093400
v -0.089678 0.904472 0.090010
v 0.038704 0.953558 0.090001
v -0.015320 0.920544 0.093328
v -0.023670 0.922188 0.092109
v 0.126742 1.037522 0.044288
v 0.146894 0.994211 0.029798
v 0.134854 1.003472 0.046264
v -0.147738 0.917192 0.065723
v 0.069720 1.085552 0.074608
v -0.138730 0.968795 0.060940
v -0.131632 1.051237 0.027664
v -0.083822 1.004473 0.078403
v -0.093699 1.010832 0.080337
v 0.079395 0.959830 0.081461
v 0.106752 0.938935 0.071188
v -0.038295 0.916923 0.091591
v -0.149159 0.998753 -0.000943
v -0.146316 1.016843 0.000154
v -0.002191 1.075052 0.092427
v 0.134663 1.075768 -0.001678
v -0.066978 1.036120 0.082861
v -0.147632 0.970941 0.050194
v -0.001071 1.089387 0.094390
v -0.014791 1.090799 0.092487
v -0.010023 1.098257 0.089086
v -0.011681 1.056215 0.096000
v 0.046521 1.085505 0.088416
v -0.016591 0.906200 0.093476
v 0.140241 1.050496 0.011881
v -0.130547 0.961904 0.069518
v 0.029244 1.091762 0.093213
v -0.019532 1.011013 0.096459
v 0.062524 1.000192 0.082204
v -0.041176 1.083756 0.086898
v -0.021365 0.993311 0.095900
v -0.131017 1.073658 0.002675
v -0.073603 0.906699 0.087935
v -0.109885 1.086903 0.061563
v 0.084653 0.926067 0.079691
v 0.159543 0.957628 0.004000
v -0.105699 0.903325 0.085659
v 0.095170 0.931009 0.075886
v 0.061519 0.986351 0.082164
v -0.122754 0.923036 0.081238
v -0.119929 0.967655 0.076120
v 0.109889 0.946388 0.069391
v -0.073318 1.059338 0.080826
v -0.068819 1.052045 0.086226
v -0.108854 0.918357 0.082177
v 0.160325 0.902794 0.043199
v 0.134930 1.091289 0.019052
v 0.091590 1.099507 0.066501
v 0.027584 0.919508 0.092778
v -0.160664 0.900918 0.045942
v -0.028238 1.058511 0.093603
v -0.148497 0.962151 0.055466
v -0.048790 0.990536 0.092374
v -0.132112 0.993724 0.065004
v -0.067942 1.070048 0.081917
v -0.054174 1.075821 0.082986
v -0.127907 0.933393 0.074616
v -0.127708 0.940692 0.077344
v -0.116291 0.927668 0.081948
v 0.023281 0.985989 0.093498
v -0.002321 0.927570 0.094937
v -0.159316 0.974774 0.010232
v 0.030036 0.941772 0.093072
v 0.156606 0.962558 0.032192
v 0.154013 0.945080 0.043346
v -0.099379 0.964586 0.077638
v -0.151245 0.901758 0.063543
v -0.055283 1.034524 0.091318
v -0.121133 1.096791 0.032513
v 0.028037 1.049451 0.095231
v -0.036380 1.068808 0.097715
v -0.037929 1.073104 0.091418
v 0.102100 0.959386 0.072539
v 0.079383 1.035565 0.076833
v 0.011016 0.984104 0.099080
v 0.155741 0.969513 -0.004961
v -0.111752 1.076568 0.061516
v -0.105683 1.070409 0.064210
v -0.111129 1.062423 0.058169
v 0.049739 1.101533 0.087246
v -0.019532 1.094465 0.095166
v 0.151208 1.000623 0.011703
v -0.156572 0.964493 0.029793
v 0.079883 1.007465 0.076276
v 0.120729 1.087257 0.035647
v -0.146441 1.014995 0.013943
v -0.126667 1.067939 0.035093
v -0.034230 0.996997 0.092443
v -0.153196 0.977330 0.038325
v 0.072069 0.926332 0.082512
v -0.153308 0.977553 0.024563
v -0.012298 0.982035 0.094091
v 0.122870 0.952490 0.066701
v -0.118757 1.100624 0.040692
v 0.159379 0.936111 0.034068
v 0.041798 1.009926 0.092591
v 0.113942 0.904422 0.075374
v -0.006337 1.015258 0.097052
v -0.145956 1.007124 0.033805
v 0.042173 1.061867 0.090120
v -0.119035 1.092847 0.043073
v 0.015996 0.989527 0.096552
v -0.098261 1.020763 0.071977
v -0.106052 1.031613 0.075837
v -0.111488 1.025755 0.074548
v 0.134161 1.068203 -0.000606
v 0.007672 0.933321 0.096456
v -0.133992 1.024782 0.043138
v 0.127330 1.047329 0.041541
v -0.135802 1.045714 -0.000240
v 0.016414 0.952156 0.095529
v 0.154670 0.979036 0.013547
v 0.086478 0.993077 0.073869
v 0.161212 0.922071 0.034025
v -0.034150 0.965625 0.091667
v -0.043773 0.957817 0.090136
v 0.025184 0.962971 0.094203
v 0.034900 0.969786 0.093592
v 0.075916 0.905040 0.083296
v -0.154272 0.987075 0.006270
v 0.075628 0.982209 0.081661
v -0.105986 1.101223 0.059547
v -0.125796 1.069326 0.048242
v 0.118865 0.991868 0.065079
v -0.043735 1.099141 0.086921
v -0.041192 1.089690 0.092093
v 0.149882 0.983808 0.037057
v 0.009542 1.074455 0.088939
v 0.003633 1.066635 0.098022
v -0.142717 0.913911 0.070214
v 0.068843 1.013536 0.083406
v 0.013777 1.066406 0.090797
v 0.058927 0.938588 0.083054
v 0.006097 1.092169 0.087771
v 0.008186 1.099555 0.087122
v 0.053387 1.063663 0.087790
v 0.066360 1.027843 0.080694
v 0.153205 0.982070 -0.004788
v -0.015537 1.020385 0.099294
v 0.053908 1.075648 0.081495
v 0.050891 1.072870 0.091597
v 0.058921 1.065764 0.082760
v 0.113748 0.955661 0.068563
v -0.025949 0.928977 0.092592
v 0.003036 1.079901 0.093732
v -0.096009 1.064015 0.066649
v -0.094883 1.059609 0.072952
v -0.091102 1.072121 0.066771
v -0.098685 0.953156 0.081653
v -0.107782 0.950656 0.077491
v -0.147274 0.952270 0.058903
v 0.040949 0.904550 0.092714
v 0.011265 1.001985 0.100379
v 0.017563 0.997636 0.098990
v 0.012452 1.009408 0.099399
v -0.132483 0.972969 0.070047
v -0.121127 0.973629 0.071774
v -0.140170 1.028357 0.034044
v -0.140862 0.958692 0.066848
v -0.024663 1.089104 0.097080
v -0.054429 1.006732 0.089237
v -0.043850 1.014499 0.091922
v -0.006967 0.999170 0.097129
v 0.050628 1.021327 0.086653
v 0.041281 0.997410 0.092728
v 0.132575 1.074702 0.012617
v 0.132709 1.063448 0.008729
v 0.028674 0.995204 0.091582
v 0.022804 1.000205 0.092864
v -0.058917 1.098916 0.083064
v -0.148408 0.985341 0.036466
v 0.163377 0.918206 0.004393
v 0.043562 0.947642 0.087066
v -0.133259 1.012555 0.050803
v -0.019520 0.979397 0.093027
v -0.059138 1.047567 0.087330
v 0.077518 1.083418 0.075731
v -0.116304 1.037866 0.061089
v -0.010586 1.085483 0.094156
v 0.149023 0.903557 0.059057
v 0.151230 0.917600 0.054226
v 0.006283 0.917240 0.095208
v -0.001015 1.001483 0.100953
v 0.096154 1.047164 0.072901
v -0.070156 0.957042 0.088095
v -0.110773 1.047530 0.060709
v 0.024843 1.068685 0.090947
v -0.017450 0.935824 0.095924
v 0.163318 0.901711 -0.006628
v -0.087707 1.088934 0.066110
v -0.138767 1.034167 0.000874
v -0.124166 1.042896 0.057336
v -0.117484 1.052048 0.060746
v -0.123736 1.056254 0.052890
v -0.017768 1.101680 0.093804
v 0.089090 0.986343 0.077656
v 0.086923 0.976952 0.075868
v -0.076076 1.084214 0.077724
v -0.068997 1.084324 0.074736
v -0.115897 0.910600 0.082005
v -0.025392 1.006619 0.096884
v 0.126758 1.098778 0.001867
v 0.074334 0.945594 0.082689
v 0.067230 1.068729 0.078521
v 0.154001 0.991707 0.005390
v -0.162349 0.929183 0.002024
v 0.024559 0.954580 0.091533
v -0.084289 1.033926 0.076351
v -0.090402 1.021727 0.081196
v -0.127383 1.098969 0.007122
v -0.057563 0.930688 0.087271
v -0.063961 0.942107 0.085507
v -0.067896 0.931934 0.088187
v -0.008969 0.969906 0.093982
v -0.017803 0.966566 0.092211
v 0.151214 0.994704 -0.004717
v 0.064982 1.090997 0.076676
v 0.009816 0.904444 0.097538
v -0.010971 0.926887 0.094107
v 0.011217 1.040778 0.095848
v 0.107729 1.089019 0.053710
v -0.132225 1.083424 0.000775
v -0.065604 1.090800 0.076429
v 0.152319 1.000654 0.018931
v 0.152416 0.990007 0.026466
v 0.134607 1.087560 -0.000917
v 0.079542 0.977291 0.076766
v 0.097489 0.981951 0.071528
v 0.095793 0.973295 0.074475
v 0.115645 1.016127 0.062525
v -0.159830 0.941041 0.001991
v -0.128339 1.100680 0.017360
v 0.071340 0.971505 0.079591
v 0.160446 0.924310 -0.007745
f 4731 102 104
f 4731 628 102
f 3725 4179 1594
f 4069 626 627
f 621 2948 2965
f 4848 110 4653
f 2293 114 116
f 2217 112 4028
f 4556 2231 1026
f 2592 740 2245
f 3797 3551 1017
f 2246 122 3797
f 4897 2572 1821
f 4170 4165 759
f 3551 2245 1017
f 2559 3413 1290
f 4377 740 3690
f 2724 130 132
f 2936 3517 1536
f 3304 2253 717
f 4593 3407 3027
f 3617 3026 137
f 2618 3417 2031
f 3442 4563 990
f 3440 3348 144
f 2253 4358 717
f 3861 3443 925
f 3876 147 150
f 3528 150 151
f 3418 2340 4108
f 2627 1122 2341
f 4706 3298 156
f 3027 136 3026
f 2619 1879 633
f 3697 2151 795
f 2545 653 1952
f 2175 165 168
f 2787 168 170
f 3529 3194 1632
f 4362 1094 2471
f 3225 171 173
f 2471 175 4362
f 3193 738 2235
f 4082 1621 2354
f 3464 4546 1912
f 3394 3709 1764
f 1764 2734 1145
f 2734 193 196
f 2028 196 197
f 4906 2742 1665
f 2742 201 203
f 3190 2742 203
f 3629 2762 1350
f 209 2 3354
f 4146 180 182
f 2871 1537 2968
f 2736 3363 695
f 4597 3353 1415
f 2914 2499 646
f 3429 2535 4337
f 4094 445 3024
f 3400 3363 2736
f 3914 691 2426
f 2496 3363 1408
f 2304 2301 1028
f 2301 455 457
f 2301 2899 1271
f 2218 1877 1071
f 3745 2494 646
f 4409 466 2047
f 4715 3712 970
f 4380 2564 1766
f 2564 2112 1090
f 4500 3048 734
f 4386 3132 930
f 3055 3958 162
f 2564 469 471
f 475 3931 3816
f 4020 3262 690
f 3931 475 477
f 2790 2281 479
f 2794 1458 3847
f 3908 2950 920
f 3907 492 3614
f 1388 1857 3805
f 2129 3344 4881
f 1726 2950 3908
f 2859 4057 705
f 4059 2908 1191
f 2908 2561 1191
f 3494 2271 499
f 3040 506 508
f 3076 1690 2706
f 510 3669 3076
f 4610 2430 928
f 3242 1763 950
f 3964 1074 2410
f 2846 2413 1286
f 4560 2846 1816
f 2413 3098 3882
f 522 2413 2846
f 2858 1870 3272
f 1870 530 2947
f 2947 2566 1338
f 2947 532 2566
f 2566 533 3023
f 4247 535 538
f 3550 2412 540
f 4567 3201 1354
f 546 100 3543
f 2033 2832 870
f 3268 2963 696
f 2823 3219 216
f 3290 2828 647
f 2823 216 217
f 2862 3478 2367
f 2862 217 219
f 4625 1580 2629
f 4611 3700 907
f 3382 224 1842
f 1842 4783 4558
f 4799 2684 1117
f 4698 2398 647
f 3582 2684 1671
f 2750 2232 1195
f 3979 2781 1212
f 238 2232 236
f 3835 2804 693
f 3401 238 239
f 2676 4577 654
f 1957 244 3461
f 3461 2460 1288
f 3461 244 245
f 2769 2150 973
f 3794 4192 2054
f 2351 254 255
f 2796 255 257
f 4506 2110 964
f 4574 3153 821
f 2954 804 2110
f 3276 3387 1869
f 1838 3833 678
f 1305 3567 2954
f 3487 3567 1305
f 4598 4175 668
f 3535 2134 273
f 3402 2321 809
f 4428 2853 1732
f 3144 2158 787
f 2664 3955 809
f 3963 1452 2972
f 3144 787 2322
f 3307 3956 668
f 2970 2065 1227
f 3951 4144 2018
f 2022 2203 1051
f 4036 2102 995
f 1667 3374 1845
f 4035 1845 1051
f 2102 305 307
f 4681 3374 995
f 3125 307 309
f 2938 314 315
f 3726 2938 315
f 549 320 548
f 318 320 4732
f 3660 2402 1524
f 2402 4632 3742
f 2378 1484 2560
f 4576 2938 1524
f 3130 1790 939
f 4097 4633 1059
f 2560 1790 1058
f 2404 554 555
f 4366 3259 1267
f 4580 3557 3337
f 3337 556 557
f 3091 2688 1651
f 1609 2265 1794
f 2265 560 1794
f 2830 1781 918
f 3391 562 2035
f 2035 562 3623
f 2369 564 565
f 4691 4692 2635
f 4792 2882 1793
f 565 2677 2369
f 3602 2034 1368
f 4341 4471 984
f 2024 4141 1168
f 1718 3012 758
f 3082 572 4418
f 2541 801 2542
f 3468 1718 758
f 1498 2279 4078
f 3863 2763 573
f 2334 578 4427
f 2727 4013 1121
f 4458 1418 3445
f 3332 1741 631
f 2727 1121 2334
f 4872 1573 3873
f 1976 3919 2579
f 2291 3199 751
f 2579 1809 1103
f 3715 585 586
f 4685 2539 751
f 3070 4168 1477
f 1774 1477 2776
f 3428 3637 3650
f 3564 1704 4435
f 4472 1591 3381
f 4472 592 593
f 3416 4102 1403
f 3378 3379 1273
f 3378 595 596
f 2951 1960 4892
f 3379 2574 1273
f 4547 3611 1960
f 4547 599 3611
f 2678 4423 1649
f 4423 601 602
f 3967 2030 998
f 4521 604 2753
f 4161 3357 1874
f 3357 2728 1250
f 4335 607 608
f 2728 4335 1812
f 3507 2311 3417
f 3624 4349 1817
f 4349 611 2504
f 4821 2116 666
f 1795 2782 3539
f 3156 613 614
f 3156 614 3355
f 3127 2225 616
f 4172 3127 617
f 2231 1414 2377
f 4397 2479 1083
f 2297 4072 830
f 2544 1476 3514
f 3449 2187 623
f 2544 4069 1476
f 4194 2544 1500
f 4069 627 2417
f 102 628 547
f 2775 3488 843
f 4274 2350 488
f 4722 2981 640
f 4244 4368 3440
f 4347 570 3082
f 4008 2699 265
f 969 2411 1943
f 2232 1327 2389
f 2899 457 460
f 3815 4476 1378
f 2776 589 590
f 1832 2744 4336
f 481 2956 2790
f 4065 2337 629
f 2177 3198 889
f 3662 2579 1103
f 1533 2673 2099
f 3493 3366 825
f 559 560 2265
f 3780 2202 757
f 2872 2184 773
f 1939 3906 845
f 4271 2962 3233
f 2964 2142 1206
f 2951 598 4547
f 2433 3056 713
f 3925 2555 714
f 4383 1894 651
f 4347 569 570
f 1741 2506 631
f 2060 2825 644
f 3383 1949 936
f 3886 1780 4608
f 2704 3040 1478
f 3430 447 450
f 2734 196 2028
f 4639 1646 3633
f 221 3382 4816
f 2911 4138 875
f 2564 471 2112
f 3870 4403 2385
f 3963 2287 1452
f 3806 3610 683
f 2902 1988 795
f 4275 2819 842
f 4096 2597 2108
f 2474 3536 722
f 4810 4412 677
f 3184 3088 653
f 1912 3779 3075
f 3118 3713 1511
f 2640 3546 1316
f 4298 2418 655
f 3152 2989 1223
f 3574 2397 1753
f 3715 586 4779
f 3966 3083 657
f 3587 3263 635
f 2295 1721 658
f 3982 4303 644
f 2998 4905 659
f 4033 4249 932
f 2548 1263 2771
f 2706 4610 928
f 2738 4541 1563
f 3708 2845 900
f 1495 2103 4015
f 4697 1900 727
f 2259 3561 731
f 3349 594 1903
f 4896 2944 699
f 2886 2315 1603
f 2785 1881 746
f 296 297 4144
f 2478 2869 766
f 3915 2390 1282
f 2197 2400 1214
f 4537 575 576
f 2979 2062 729
f 3482 2445 1320
f 2092 4660 985
f 4432 564 2369
f 3045 747 2046
f 4017 4159 706
f 3800 130 2724
f 2098 1861 749
f 2523 2111 672
f 3258 2230 1317
f 4079 3149 4529
f 4306 4541 661
f 4311 2303 674
f 3311 4299 1773
f 2437 1730 675
f 3717 2774 1371
f 3231 4268 4818
f 1715 3239 3997
f 4412 2793 2043
f 3671 2484 643
f 2749 259 261
f 4070 1890 730
f 2255 3015 1208
f 3035 2152 2465
f 2632 4785 739
f 4403 3870 649
f 2053 2375 681
f 1865 1212 3014
f 1996 1215 2175
f 2331 1643 3784
f 3806 4561 2505
f 2196 1149 2767
f 3067 4288 1941
f 4018 2722 715
f 1125 2452 3302
f 1512 2107 3986
f 1405 2409 2408
f 3505 1741 1261
f 3960 2153 859
f 4758 2363 2154
f 1811 2080 2955
f 2540 585 3715
f 4525 750 2274
f 2064 460 462
f 2760 4662 3262
f 3223 2023 1042
f 2608 2229 691
f 1799 2493 818
f 2531 4624 692
f 3818 4103 796
f 4339 2017 1185
f 3059 2715 1186
f 2591 2952 779
f 3254 3723 780
f 2751 3629 869
f 4906 201 2742
f 3219 212 214
f 3023 535 4247
f 2206 1636 4516
f 3898 2752 695
f 2021 2802 804
f 2665 4598 668
f 2530 1612 4012
f 3426 2550 4796
f 2743 3686 4441
f 2920 2958 636
f 2741 2880 701
f 1386 2290 1921
f 3164 3134 1217
f 4677 3745 646
f 3030 3661 896
f 3639 2957 969
f 1991 3719 792
f 3062 1979 1011
f 4057 1787 1130
f 4745 2558 761
f 4093 2077 1374
f 3846 4084 745
f 4320 3483 930
f 3678 2355 875
f 3641 3769 708
f 3701 2212 810
f 4404 3892 800
f 3305 700 1841
f 3869 2226 710
f 3602 569 2034
f 2308 1712 711
f 2176 239 241
f 3889 3386 940
f 2828 2712 647
f 3950 1873 799
f 4453 4046 1750
f 2837 1412 4014
f 4216 2186 713
f 4250 1878 754
f 2649 4311 674
f 2326 2196 4283
f 3301 2515 640
f 3348 4720 1978
f 1703 2986 3314
f 2448 3706 881
f 4665 2829 677
f 3904 719 2720
f 2690 3787 888
f 4592 2533 1645
f 4875 3912 1420
f 2986 1762 721
f 3778 637 4196
f 2474 722 2183
f 2475 927 1849
f 4564 753 2122
f 3589 1699 781
f 4420 1836 1046
f 2652 2088 1595
f 3470 4438 725
f 4573 3346 1263
f 4130 2015 1052
f 2384 1889 1071
f 3984 3096 4767
f 2218 2171 662
f 4116 2904 728
f 4456 631 2506
f 2339 3151 3188
f 3956 2665 668
f 1908 3834 730
f 3006 4469 1252
f 3069 2094 3561
f 4521 2753 1444
f 2913 1788 3765
f 4363 4536 2304
f 4656 4870 1070
f 4039 2414 1448
f 4797 2135 1878
f 3987 1962 1546
f 1595 2165 4600
f 4565 3540 1324
f 2126 3331 826
f 2216 4653 2217
f 4708 737 2363
f 1720 2387 764
f 1827 2895 2470
f 3088 1952 653
f 2219 1937 4753
f 2088 2652 1016
f 1719 2245 740
f 2929 3948 823
f 3569 1089 2330
f 4149 3136 853
f 2228 966 1902
f 2371 4332 3381
f 2772 1713 2669
f 4260 2446 820
f 3211 1889 987
f 3866 1857 3771
f 2708 3846 745
f 1326 2737 2414
f 4408 551 552
f 2102 307 3125
f 4669 2046 747
f 4083 3215 1285
f 3924 2567 748
f 4258 1472 1820
f 3425 2098 749
f 3848 2194 850
f 2462 1761 911
f 3816 3931 1915
f 3199 2291 1304
f 4329 1904 742
f 1132 2007 1985
f 4724 558 559
f 4185 2527 753
f 3879 744 2384
f 3447 2529 754
f 3632 4500 734
f 1064 2179 2740
f 2145 3396 840
f 3646 2392 756
f 3980 2403 687
f 4150 2672 1060
f 3872 665 3482
f 1851 3025 758
f 4537 576 2096
f 4165 2370 759
f 2278 609 3624
f 3574 1753 923
f 4705 4835 2397
f 2280 4884 761
f 3077 670 1856
f 2142 2596 762
f 2746 2960 874
f 3990 763 2041
f 4622 3341 656
f 2317 2387 1277
f 4291 3228 802
f 1440 2128 3936
f 4227 3608 1168
f 2432 2338 1140
f 4803 2029 805
f 2716 3524 1199
f 3003 2192 4068
f 2953 4339 876
f 4798 229 3424
f 3295 3155 1951
f 2576 4530 851
f 3404 2602 770
f 3022 1892 748
f 2249 2268 771
f 2580 2157 1029
f 4524 3256 1260
f 4713 2189 1025
f 4473 2655 806
f 3916 4637 652
f 4415 2066 774
f 3250 1716 751
f 1164 2660 3456
f 2328 4210 3991
f 497 4076 495
f 3345 3347 2009
f 1979 1931 1011
f 3532 2638 4313
f 3051 778 3050
f 2441 952 1929
f 2745 4290 779
f 3206 4806 1925
f 2011 3254 780
f 4231 2419 1481
f 1699 3589 1333
f 4049 2174 723
f 2032 1902 782
f 4666 597 2951
f 2380 2525 1387
f 4906 199 201
f 2934 784 2290
f 4162 699 2944
f 2100 3106 785
f 3635 1877 662
f 4202 3559 1361
f 3553 1321 2254
f 4517 787 2158
f 2287 285 4729
f 3213 1285 3214
f 2858 528 1870
f 3683 2489 789
f 1962 4137 1622
f 3392 1934 790
f 3357 605 606
f 4436 3003 824
f 4498 2257 4513
f 3719 1991 1372
f 2726 3489 4502
f 4819 2826 1165
f 4048 2223 820
f 4061 2691 904
f 2692 1917 661
f 2151 2148 795
f 4264 159 3958
f 2250 3776 796
f 3113 915 1856
f 3762 2666 797
f 3930 1896 1216
f 4499 1154 2424
f 3391 561 562
f 3831 2435 799
f 1572 1917 2604
f 3812 2795 1100
f 2075 2348 963
f 2543 2542 801
f 3498 1809 774
f 3788 1720 2778
f 2897 2839 878
f 1404 2822 2192
f 2959 2563 1091
f 3476 2163 1040
f 2699 263 265
f 2052 2451 1125
f 4737 3097 769
f 4825 917 2440
f 3757 773 3503
f 3729 2497 807
f 1441 2394 2092
f 2939 2340 1122
f 4147 2713 3298
f 3232 2972 1313
f 4605 797 2666
f 3432 1757 810
f 2177 4178 3100
f 2646 2424 811
f 2034 569 4347
f 2455 2875 1406
f 3864 1810 3117
f 2045 2159 1004
f 2708 745 2236
f 3738 2930 1523
f 2064 2899 460
f 1033 2349 4229
f 3855 993 4853
f 2206 2443 944
f 3972 2780 1606
f 4127 2874 817
f 3450 1799 3685
f 3685 1799 818
f 4085 2496 1408
f 3930 2607 819
f 3638 3158 941
f 3175 2327 820
f 3513 4449 884
f 4895 4574 821
f 2707 978 1890
f 2235 1827 1094
f 2847 2514 3225
f 4868 3493 1307
f 3398 1703 1054
f 4269 2705 1517
f 2549 2004 634
f 1307 3493 3406
f 4897 125 2572
f 3412 2559 1290
f 3525 2868 666
f 3056 4098 1200
f 4453 2998 659
f 4359 1963 1527
f 2679 2929 823
f 2763 2917 4418
f 2573 1839 758
f 4867 2472 618
f 2215 2868 1181
f 4759 831 2447
f 2841 3981 716
f 3895 2480 832
f 2750 233 236
f 3287 2747 2693
f 2973 1220 2099
f 1306 3621 3839
f 2515 3949 640
f 1526 1871 4389
f 4575 3921 991
f 2831 4308 836
f 3827 4235 1467
f 4674 3433 1210
f 2509 3647 1450
f 4412 1653 2793
f 3973 3933 982
f 4258 2027 1472
f 3114 1394 2898
f 2975 3396 1577
f 2813 3167 916
f 3989 2725 841
f 4186 2489 1084
f 2819 3047 842
f 2529 3694 754
f 4746 2578 581
f 4361 2400 688
f 2538 3737 957
f 3634 3278 919
f 3393 902 2659
f 2507 3505 882
f 2631 4687 846
f 4664 1045 2362
f 4090 3291 1910
f 4889 3465 914
f 4278 2037 4279
f 3557 2404 555
f 4807 4650 1607
f 4736 2224 770
f 4261 3240 850
f 1686 3021 3149
f 3658 2310 4323
f 4699 3244 1245
f 4289 4829 1717
f 2460 245 248
f 3556 3376 1417
f 4485 3044 1230
f 3969 2648 854
f 2642 2421 1062
f 2407 3824 855
f 2393 4369 2669
f 4571 2157 856
f 2393 3431 1489
f 3122 3079 1207
f 2366 2086 709
f 3275 1940 858
f 1835 3260 3743
f 2153 3962 1023
f 3462 4117 1583
f 3890 3092 1338
f 3309 4740 989
f 3782 3416 1769
f 3900 3266 803
f 2415 3299 862
f 3084 2266 3990
f 4748 2524 863
f 2068 2588 741
f 2081 864 1845
f 3592 2445 1049
f 4615 3156 1662
f 3273 2504 612
f 1787 2861 866
f 3038 4745 761
f 4117 1884 867
f 2845 3115 900
f 3285 1754 868
f 3093 2154 1023
f 4297 1415 3354
f 2131 3190 206
f 212 3219 3543
f 2356 3550 541
f 3542 2496 871
f 4188 2347 818
f 2519 3193 1056
f 4501 4748 2864
f 4849 2395 873
f 3096 2395 1900
f 3622 3343 1616
f 2810 4353 3735
f 2355 4237 875
f 2794 3711 972
f 4339 4484 876
f 4627 2629 696
f 3436 2602 1274
f 3790 2551 1115
f 3010 3230 878
f 3228 2388 802
f 3935 3369 1488
f 3430 445 447
f 3684 2328 933
f 3682 2267 636
f 2498 3706 1673
f 4282 4440 3178
f 1813 2507 3004
f 1768 3334 772
f 4900 883 2454
f 3375 4825 1296
f 3490 3673 1405
f 1800 2140 4791
f 4439 3352 2323
f 3152 2988 947
f 3655 1953 886
f 3197 1923 738
f 2684 3582 887
f 2653 2389 832
f 2641 2242 1400
f 4354 2651 3860
f 4177 3663 1513
f 4557 4053 2106
f 1999 2848 3297
f 2487 4509 1084
f 1973 4744 3421
f 3709 191 193
f 4019 892 3858
f 2668 2467 1756
f 2484 3518 1628
f 4470 2101 981
f 2812 3595 1124
f 4326 3261 2059
f 3165 2372 895
f 2482 4778 894
f 3795 3360 896
f 4040 3028 2903
f 3939 4106 996
f 3120 2690 888
f 2467 3054 898
f 2552 4121 1542
f 4683 3208 2534
f 2477 3450 921
f 3708 2361 3159
f 3115 2745 1137
f 2797 3303 901
f 2270 2790 2956
f 3773 2339 935
f 4317 1610 4318
f 4704 2731 903
f 2172 4049 723
f 3160 4061 904
f 4336 2744 794
f 2590 2946 1187
f 2530 3583 937
f 4907 3087 906
f 1350 3313 3629
f 1736 2076 3760
f 4558 2685 1117
f 3510 2263 908
f 4168 3070 588
f 4887 2807 909
f 4703 4245 1596
f 3828 3620 910
f 3545 2671 1119
f 2119 2773 911
f 4176 3248 1980
f 4739 1829 4740
f 3368 1828 2712
f 3747 4482 913
f 3034 1965 879
f 2455 4795 1135
f 4226 3918 1511
f 3037 915 1854
f 2694 3884 1073
f 3365 2193 916
f 2145 3555 1512
f 2440 1730 1069
f 2737 3795 896
f 1781 2830 1184
f 2867 3643 708
f 1629 3645 4242
f 3793 844 3292
f 3614 3908 1454
f 3897 3063 660
f 4474 2036 1456
f 2918 1470 3248
f 3336 4428 1732
f 3954 2456 965
f 3411 967 2333
f 3875 2442 968
f 3239 3753 924
f 3704 3511 1329
f 4840 925 3109
f 4244 145 147
f 2591 3206 4272
f 3067 1941 934
f 3508 3666 1001
f 3721 2703 1437
f 2860 4823 928
f 2410 512 514
f 1837 2320 929
f 1859 1331 2020
f 4497 4496 3483
f 3303 4405 1508
f 3328 1458 3929
f 4663 3678 875
f 2893 4033 932
f 4498 2978 1036
f 2353 3647 933
f 3568 2149 1168
f 4232 1226 2444
f 3630 3495 1299
f 4006 2339 1293
f 3151 4319 1748
f 3333 1981 936
f 2289 1949 1554
f 1997 2530 937
f 4161 605 3357
f 4462 1935 4569
f 1984 3243 699
f 3660 1524 2739
f 2854 309 311
f 1970 3272 940
f 3890 3680 3052
f 3158 2241 941
f 2969 4595 858
f 3496 4000 942
f 3504 3618 1785
f 2759 1950 943
f 4569 3392 1133
f 2200 3317 697
f 1953 3088 1746
f 1879 4457 4463
f 3693 3970 946
f 3408 3693 946
f 4384 3047 2819
f 2589 2680 4353
f 2778 1720 764
f 2615 3033 1476
f 4194 3449 624
f 2816 4092 949
f 4091 2619 633
f 2815 1763 1286
f 3161 2977 515
f 3695 951 3696
f 3734 3408 946
f 2441 1931 952
f 1930 2700 3531
f 2565 1920 2689
f 3049 1275 3050
f 3718 4421 954
f 2971 2689 1919
f 2516 3296 4131
f 1920 3772 953
f 4452 2313 974
f 3153 3154 1239
f 4831 2770 957
f 4668 3927 1315
f 4086 1911 4087
f 2787 170 2514
f 4223 3146 1868
f 1262 1918 3347
f 2536 3703 960
f 4726 1983 745
f 1974 3345 961
f 4874 2636 777
f 2168 2011 962
f 4110 1863 2702
f 3830 2075 963
f 3166 4300 4855
f 2749 2120 259
f 1782 1310 2294
f 3031 4240 1654
f 4605 2606 797
f 3619 4407 966
f 4031 3378 1273
f 3612 2333 967
f 2687 4123 923
f 3523 1921 968
f 2934 2260 784
f 3371 1943 1015
f 4124 2983 692
f 1901 3377 970
f 4342 3712 1822
f 2758 4877 1729
f 1424 1937 3801
f 4405 3711 1508
f 1458 3102 3929
f 4829 2053 973
f 3546 2640 251
f 4766 4590 1723
f 3500 1838 678
f 3689 3688 975
f 3280 4203 1352
f 2604 2067 1218
f 2662 4520 1005
f 2364 4051 977
f 3112 1129 2593
f 2133 3767 978
f 1740 2924 686
f 3385 3578 1151
f 4203 3280 2675
f 3562 3893 2085
f 3204 2024 1167
f 2101 2299 981
f 2943 1565 3933
f 4253 3769 1806
f 2855 3701 810
f 3671 3042 1192
f 3326 4312 1193
f 3600 2034 984
f 2849 4078 829
f 2091 3714 4694
f 2808 2646 811
f 3141 1957 1288
f 2176 3401 239
f 2147 3211 987
f 4280 1992 954
f 3817 2113 3820
f 3764 2079 1328
f 4395 1065 2247
f 4060 2250 1382
f 4845 1978 3617
f 3563 2427 942
f 2800 3903 991
f 2974 1959 1220
f 3781 3166 1666
f 2705 4269 824
f 2319 3983 993
f 2553 4228 4071
f 2878 2571 1697
f 2086 3937 980
f 4238 1881 2518
f 3171 4037 304
f 4106 2575 996
f 3385 2050 743
f 4892 1960 997
f 1613 2888 3648
f 2798 2190 1225
f 4121 2552 1101
f 3590 2170 999
f 2173 1895 1758
f 4752 2779 1000
f 2603 1823 1237
f 2570 4183 1002
f 3666 2475 1849
f 3916 1724 4081
f 2570 3080 4649
f 3099 1983 3721
f 4647 1899 1118
f 3489 2726 1499
f 2159 2045 1485
f 4345 4774 1005
f 3852 2745 779
f 3013 2186 1873
f 4583 2716 1199
f 4393 4392 1522
f 3220 2890 1206
f 3011 1008 2210
f 4310 2211 1481
f 3009 3006 1009
f 2140 3513 1706
f 3390 2013 1010
f 4836 4399 2344
f 3061 4723 2161
f 1931 1979 777
f 4765 4056 1204
f 3651 2468 1142
f 3035 2042 1013
f 2148 1683 1178
f 3997 3399 1014
f 3399 1814 3901
f 2109 4041 4182
f 2006 1739 914
f 2088 1016 2937
f 2087 1801 2617
f 4356 1540 2559
f 2754 1719 1134
f 3089 2139 3441
f 4388 2987 828
f 2697 2889 1019
f 4430 3577 1337
f 4113 3604 1020
f 2184 2183 1169
f 3310 2214 1021
f 4494 2420 688
f 3610 2195 3849
f 3571 630 2104
f 3962 2155 1023
f 3277 2418 4298
f 3321 1807 1776
f 2368 2272 1557
f 2189 4696 1025
f 1721 3604 4113
f 4653 2216 1655
f 2377 3615 736
f 2268 2249 3131
f 2398 3289 647
f 2811 2301 1271
f 2301 4536 455
f 2720 2156 1369
f 4577 2676 1634
f 1951 2310 1325
f 2311 2312 1620
f 3917 2126 1031
f 2852 2601 1891
f 4180 4074 1032
f 2457 4179 736
f 3145 1961 4229
f 1699 2358 781
f 3657 2100 1034
f 2698 2358 1110
f 2863 2345 1843
f 3107 2346 1433
f 3422 3840 2149
f 2978 4515 3420
f 3511 2263 1329
f 3251 3250 1238
f 2695 1757 1038
f 4513 2257 862
f 4466 4606 1039
f 4029 2906 845
f 4331 3476 1040
f 3162 270 272
f 3108 4393 1041
f 4750 1264 3527
f 2023 1850 1042
f 2350 4143 486
f 2835 2548 1043
f 725 3885 3470
f 2856 3095 1044
f 4479 1449 3768
f 2979 1896 1045
f 2309 3192 1046
f 2928 1909 1235
f 2984 1045 1896
f 2688 3091 1047
f 4754 3414 1835
f 4243 2044 1966
f 2352 2144 1139
f 3902 1049 2124
f 3541 1770 1047
f 3270 2275 3269
f 4496 1915 930
f 4454 2203 2022
f 3340 1845 864
f 2343 2325 1340
f 4834 2603 3627
f 2582 1894 1053
f 3805 1857 1265
f 2188 4588 1744
f 4604 1343 3397
f 4329 3157 1055
f 2371 2776 590
f 4719 2519 1621
f 4125 1880 4146
f 2443 3311 1057
f 1217 3134 3133
f 3998 2378 1058
f 4221 2682 746
f 1656 4152 4633
f 2682 4543 746
f 3780 2672 1349
f 2065 2970 292
f 4846 1061 2136
f 2458 4504 1066
f 4710 2642 1062
f 3965 2382 1222
f 2191 3739 1376
f 2624 2038 816
f 2116 1696 1064
f 2179 2813 3606
f 4805 1065 3195
f 3002 2302 1401
f 3631 2458 1066
f 3808 2486 1547
f 3048 1969 1067
f 3978 3439 817
f 1705 2453 4448
f 2454 883 2701
f 3123 2439 1663
f 1730 2440 917
f 2520 3490 1070
f 3824 3185 1587
f 2171 2218 1234
f 4771 4315 1531
f 4520 2662 1995
f 1072 2401 1995
f 4624 2531 1590
f 1298 3290 3289
f 4609 2410 1074
f 4371 4043 950
f 2464 3886 1075
f 3293 4371 950
f 2495 4901 1076
f 2493 2494 1468
f 4029 1833 1077
f 1813 3004 1252
f 4776 2499 1078
f 2499 4658 2038
f 2768 1908 1079
f 2000 3534 639
f 2476 3894 1080
f 2898 2741 701
f 4406 1480 3140
f 4685 2639 4490
f 1662 2513 4617
f 612 2504 611
f 4397 1083 1932
f 4867 618 619
f 4509 2488 1084
f 4026 4764 1539
f 4722 2429 1754
f 2626 2153 1023
f 4603 2502 1086
f 4398 3337 557
f 4601 1794 1087
f 3976 2035 2696
f 2466 4370 1088
f 3774 2817 1012
f 1862 2331 1089
f 3707 4689 1464
f 4380 1766 3679
f 4497 3483 1341
f 3901 2563 2959
f 2549 3612 2004
f 3822 3007 1853
f 4519 3390 1010
f 1761 2462 1093
f 2930 1901 970
f 3926 2235 1094
f 4587 3225 173
f 3783 2072 1817
f 2278 4335 608
f 3927 1096 2219
f 4691 2635 1097
f 4755 2616 1638
f 4794 3275 1640
f 3801 2613 2207
f 2394 1098 2661
f 2387 1720 1099
f 2386 2388 1311
f 2795 2205 1100
f 3356 1808 629
f 3237 2252 1598
f 1243 4749 4095
f 3552 2165 1102
f 3537 4599 735
f 4746 3662 2578
f 3111 2336 1190
f 2585 3850 1104
f 2587 1348 2681
f 3850 2524 2068
f 4145 1106 2650
f 4145 3469 1106
f 4741 2649 1627
f 2469 2547 1664
f 4638 4531 637
f 2821 1805 1108
f 4283 2196 1022
f 4263 3423 1339
f 860 3195 1864
f 2358 4254 1110
f 4684 4104 2359
f 1731 4911 2820
f 4062 2536 960
f 3094 1708 1112
f 4067 3019 2049
f 2050 3796 2611
f 2791 4618 4620
f 2676 1711 1114
f 3681 2912 1179
f 4650 2551 3790
f 2710 1971 1126
f 3277 2626 1116
f 3352 4439 737
f 4301 1117 2684
f 2685 227 4798
f 4218 2708 1118
f 4579 4488 1162
f 3327 1119 2671
f 2671 3545 3754
f 2703 3721 1120
f 2622 2621 1119
f 3888 2334 1121
f 2365 4114 3498
f 4264 2627 2341
f 2042 2748 679
f 3756 2807 2025
f 3758 2364 1373
f 1709 2612 1124
f 2643 3063 1272
f 766 2374 4628
f 2452 2451 1428
f 3813 1804 1126
f 2027 2026 968
f 4493 1127 2567
f 2738 1563 3252
f 3126 3930 1216
f 4100 3959 1235
f 4745 3037 1180
f 4051 2364 1439
f 2009 2637 1647
f 4245 2711 645
f 4490 2639 1131
f 2836 1914 889
f 4246 2115 1132
f 1016 1985 1801
f 4693 2370 3168
f 3246 3245 938
f 4132 2583 1696
f 2931 1719 740
f 4795 2719 1135
f 3117 1810 1029
f 3176 1882 1136
f 2880 2741 1752
f 1797 2745 3115
f 4630 2569 1127
f 4729 4680 2287
f 4414 2665 1453
f 3588 1139 2663
f 2663 2664 2321
f 3170 2273 1691
f 2225 3355 615
f 1616 3993 2269
f 4169 2209 4850
f 2318 1861 1142
f 2576 2468 1619
f 3677 2262 1143
f 2502 4277 1086
f 2747 3287 1144
f 1013 2042 1683
f 3472 2732 1913
f 3798 3323 1772
f 4316 2565 1146
f 2971 1919 704
f 1418 2541 2096
f 4491 1193 2261
f 574 4537 2391
f 4333 1147 2546
f 3142 2315 1149
f 2803 3597 1659
f 1788 2735 4255
f 4063 2752 1233
f 2050 1151 2049
f 2049 2048 4067
f 3992 1152 1821
f 2592 3690 740
f 1539 2799 2523
f 2111 2070 1066
f 2834 2423 1154
f 2424 1793 3599
f 2921 693 3716
f 4770 2953 1571
f 4883 4481 1571
f 3699 3700 1363
f 3255 2834 1157
f 3183 1630 2092
f 2609 1714 1158
f 2511 2125 3902
f 2730 2783 1795
f 2513 1968 1082
f 2884 1746 1160
f 4401 2376 1197
f 3235 4158 1161
f 2532 2171 1234
f 3654 2147 1162
f 4891 2657 1118
f 4057 2859 1787
f 2861 2199 3477
f 1759 2660 1164
f 775 2056 2055
f 4217 2826 1291
f 2351 3546 254
f 1805 2885 1166
f 4309 3903 1603
f 4904 4905 1735
f 2118 4818 992
f 4141 2024 1559
f 4227 2729 791
f 3503 4270 2536
f 2766 2876 2057
f 2868 3525 1745
f 3986 2107 1107
f 1740 2925 2924
f 3512 3315 883
f 2916 2904 1883
f 2906 2905 1939
f 2396 2335 1173
f 2214 2213 1021
f 2997 4854 1174
f 4584 3057 1200
f 3775 1175 3017
f 3226 3810 1367
f 3836 3468 1176
f 2528 1839 1247
f 2844 3324 1177
f 4851 4909 637
f 2939 2148 1178
f 3233 3015 1308
f 3124 3431 1179
f 2912 3681 1587
f 1129 2558 2557
f 3639 969 2307
f 3330 2868 2215
f 766 2406 2374
f 4072 2297 1447
f 2869 2406 766
f 3078 1901 1183
f 4343 2556 1093
f 4910 1184 2830
f 1781 4446 720
f 3131 2248 1185
f 3835 2017 2804
f 4859 2651 1186
f 2921 4813 1287
f 3648 2946 2590
f 2945 2944 1490
f 3284 1892 1188
f 4548 2709 1126
f 3138 1855 1189
f 4885 4884 1779
f 2579 3111 1809
f 4251 2212 1021
f 494 2949 1726
f 2950 2561 4054
f 3042 1851 1192
f 3041 3012 1718
f 3702 1695 4491
f 3326 1851 983
f 3302 2730 1194
f 3539 2782 865
f 4826 2750 2069
f 2804 2017 1155
f 2012 2878 1196
f 3910 1990 1759
f 3241 1923 1197
f 4080 2376 1502
f 4267 4758 1198
f 2806 2403 1581
f 3524 2481 1199
f 4584 1200 3058
f 4216 3056 1200
f 3058 1846 2909
f 1677 2967 1201
f 3363 3400 1408
f 3858 2985 1871
f 3398 1054 2188
f 2715 3059 3060
f 2610 986 1771
f 3071 1204 3054
f 3054 3425 1755
f 2890 2598 2964
f 2960 2810 874
f 2164 3220 4193
f 3789 2444 926
f 2877 3080 2012
f 3079 3122 1642
f 3016 2255 1208
f 2748 3015 679
f 3143 2746 1209
f 3320 3104 1617
f 3433 2850 1210
f 3179 2060 1258
f 4372 3000 4623
f 3001 2999 1739
f 3387 964 1865
f 1708 3174 1112
f 4513 2994 4514
f 3415 3416 1403
f 1366 2197 1757
f 4178 1893 763
f 1996 1988 1215
f 3821 3055 164
f 2606 3126 1684
f 1044 2180 4318
f 4149 1217 3136
f 3136 3133 1438
f 3950 2237 1218
f 3871 3881 1397
f 4516 2915 2865
f 4038 2494 4901
f 2873 2099 1220
f 2885 4568 1166
f 3256 2851 2014
f 2454 3667 1068
f 3965 1222 3616
f 3565 2989 1330
f 2988 3152 1223
f 3409 4250 1284
f 2982 2005 1224
f 1754 2429 1085
f 998 2798 4134
f 3295 1951 943
f 4492 2444 1226
f 4578 1300 3253
f 2065 3137 1227
f 290 2243 288
f 4007 1228 2239
f 2655 3502 1111
f 2229 2608 1229
f 2534 4163 1606
f 2382 2303 1230
f 3068 3044 2388
f 4806 3206 1231
f 2845 1231 1797
f 3216 2249 1232
f 3118 2156 719
f 3066 1965 1233
f 2752 3898 1579
f 1161 2532 2527
f 3473 3129 1567
f 3959 2928 1235
f 3191 3192 2309
f 4045 3879 1236
f 3635 662 2324
f 2359 3748 2698
f 4021 2171 1000
f 2539 3249 3250
f 4779 587 3070
f 1528 3154 3153
f 2644 1948 1506
f 4661 3103 1623
f 4777 3322 1700
f 4137 3169 2332
f 3437 3269 1728
f 4773 4061 1479
f 2691 2522 1375
f 4814 2318 1243
f 3274 1867 2312
f 4736 3426 1244
f 938 1984 3342
f 4527 3247 3246
f 3245 4736 1244
f 2654 2653 1246
f 4813 2480 1287
f 2573 3074 1839
f 2562 1173 2214
f 4087 958 2089
f 2847 3225 1501
f 3028 4040 1249
f 1982 2996 1407
f 3202 3357 1250
f 2277 4645 1095
f 3098 2858 1251
f 3575 3386 1328
f 4469 3005 1252
f 2016 1740 686
f 3923 2888 1613
f 3584 2827 1444
f 2781 3173 1254
f 3174 3175 2446
f 2192 3266 1255
f 3786 2549 634
f 2443 2206 1256
f 2915 4658 1219
f 2267 3084 4555
f 3300 3299 1601
f 3405 3178 1642
f 4282 3180 1641
f 3257 2842 4099
f 4675 3321 1776
f 2923 3257 1885
f 2014 2851 1221
f 2842 772 1981
f 3383 3332 1949
f 3672 1918 1262
f 3344 3345 1974
f 3346 3448 1263
f 2771 660 2059
f 4750 2361 1264
f 1242 2594 2522
f 4657 1999 1265
f 1857 3587 635
f 3351 1266 2229
f 4474 1456 2230
f 1834 3260 3259
f 2635 1940 1097
f 4554 2940 2584
f 3118 3117 2156
f 3410 2690 1269
f 3121 3120 1707
f 4642 2028 1270
f 3323 4351 4907
f 4419 2789 1433
f 2786 2064 1314
f 4325 3063 2643
f 4723 1011 2161
f 594 3378 1903
f 2574 4201 2095
f 4529 3149 1274
f 3436 1971 1359
f 3771 3221 2137
f 3050 2161 1276
f 4815 3049 1276
f 1922 2161 1011
f 1223 2317 1685
f 4463 2386 633
f 4751 2793 1653
f 4066 2554 1734
f 4341 2907 1459
f 2917 2763 1498
f 3587 3803 3263
f 4518 2760 1281
f 3265 3264 2372
f 4020 3843 1435
f 2490 3366 1282
f 4604 3396 1343
f 3110 2130 1283
f 3528 1796 150
f 4866 3409 2292
f 3734 2757 1436
f 3213 3212 1285
f 1763 1989 950
f 519 522 2846
f 3242 1286 1763
f 2121 3427 1287
f 2932 2653 832
f 3841 1771 1461
f 3807 248 250
f 1488 3369 2383
f 3430 3024 445
f 4556 2293 1290
f 2449 1017 1719
f 257 259 2120
f 4217 3014 793
f 1815 3458 3457
f 924 2405 1906
f 1848 3520 1605
f 2244 2062 1045
f 4367 3443 4368
f 4563 2670 1784
f 3342 1984 1295
f 3854 1997 937
f 2039 2450 1399
f 4112 1069 2439
f 2258 2978 1297
f 3053 4269 1517
f 4334 3291 2512
f 4483 2248 1027
f 1941 3495 3630
f 3855 2553 1482
f 4648 3254 1300
f 4790 4566 1994
f 4302 2658 1301
f 3497 3388 1863
f 185 3464 2620
f 3463 3075 1635
f 4041 4381 2288
f 3466 3465 1737
f 3663 889 1914
f 2291 751 1716
f 2134 3487 3162
f 270 2881 268
f 3362 2152 1306
f 1911 3698 958
f 3504 823 3948
f 3407 2724 132
f 3516 3294 1847
f 3015 3233 679
f 4413 3474 1309
f 2163 3475 804
f 3499 3500 1310
f 4506 3276 1538
f 2388 3228 1311
f 3229 3230 1597
f 2897 2300 1312
f 3838 4299 702
f 277 3977 3336
f 3403 2459 3031
f 4409 2047 1314
f 814 3078 1843
f 3905 2866 2538
f 4753 1937 971
f 250 2640 3807
f 3585 2769 973
f 2320 3258 1317
f 3549 3548 1859
f 2008 3547 3897
f 3063 3308 1272
f 4313 3531 1319
f 4670 2700 1931
f 4871 3481 4801
f 1049 2445 1770
f 2139 3516 1321
f 3517 2447 1536
f 3559 3089 1322
f 3443 2061 1294
f 4787 2582 1323
f 3106 3105 1340
f 4812 3541 1324
f 3467 3158 1836
f 3507 3417 1325
f 2618 2031 1487
f 3620 2737 1326
f 3661 4040 1448
f 2935 2389 1327
f 986 2176 1957
f 2079 3575 1328
f 2302 3889 1401
f 2263 3510 1329
f 4622 656 2106
f 3593 2162 1330
f 3565 2778 764
f 3169 3438 2119
f 3978 2942 1384
f 3653 1332 2874
f 3978 2773 3439
f 2337 2922 3591
f 3591 3590 2173
f 2697 2344 1334
f 3283 2095 1335
f 1334 3283 2889
f 2889 1335 4285
f 3875 3581 1336
f 2818 4324 849
f 4433 1670 4651
f 4808 4635 2818
f 3386 3889 2302
f 860 1898 3423
f 3423 1898 1339
f 3201 4567 2628
f 3105 2343 1340
f 2721 1052 2001
f 3792 4497 1341
f 2276 1803 707
f 2500 3732 1660
f 2404 2298 554
f 3396 2145 1343
f 3727 1282 2390
f 2270 2788 1344
f 479 2281 477
f 3455 1897 1345
f 2316 2070 3447
f 3996 2518 1346
f 2991 2102 3125
f 3317 2200 1347
f 3655 3316 1953
f 3613 3362 1348
f 3839 4086 682
f 4144 3281 2018
f 2672 757 1714
f 3087 2742 1350
f 4597 1415 2968
f 4582 2832 2076
f 4816 3382 1687
f 4711 2223 1352
f 4190 2768 1079
f 2194 2767 4261
f 3240 2104 1479
f 3741 3218 2356
f 2412 3201 1339
f 3640 4881 1355
f 499 2271 497
f 3603 2448 1356
f 3604 2474 2183
f 694 2438 4806
f 4232 4287 1226
f 2098 3853 1861
f 3651 3650 2468
f 3149 3436 1274
f 4857 3227 2550
f 2423 2696 1360
f 4432 3623 563
f 4077 1413 3233
f 4840 3109 1283
f 3361 2151 1362
f 3698 3697 1988
f 3760 3700 1743
f 3724 4558 1117
f 2101 3018 2299
f 3973 3769 1945
f 4195 3451 2138
f 4184 2695 1038
f 4251 2955 1366
f 3072 2266 1038
f 3804 3236 1933
f 3810 2487 1084
f 567 568 2882
f 3599 1368 2040
f 2718 2720 1369
f 3435 3434 1407
f 4303 2353 1370
f 3991 4210 765
f 2765 3717 1371
f 3703 2774 1986
f 3759 3719 1852
f 3720 3718 1992
f 1930 3758 4034
f 3759 4055 2078
f 2077 3749 1374
f 3751 3750 2160
f 3656 2691 1375
f 3544 2568 4493
f 2380 3740 3739
f 2191 1913 783
f 2891 2215 1377
f 2479 2478 1083
f 1973 3339 1635
f 4004 1993 1430
f 4327 2666 1379
f 1954 1858 956
f 3809 2856 1380
f 4878 4318 1610
f 1856 3817 3113
f 3819 2114 1382
f 3829 2305 1382
f 3820 2234 1381
f 4060 3777 2250
f 3291 4334 1073
f 3946 2462 1384
f 1332 2942 2874
f 3177 3086 4376
f 1278 2893 2554
f 3521 2290 1386
f 3522 3523 2026
f 2525 2624 1387
f 2200 4702 1347
f 3265 3803 1933
f 3804 3805 3297
f 3774 3610 1389
f 3848 850 2003
f 4426 3160 1390
f 673 3370 4417
f 1916 3851 1391
f 3628 2692 1618
f 3104 2810 1392
f 3763 2434 1436
f 4249 2415 1393
f 3840 4375 2149
f 2169 3825 1394
f 2898 1564 3114
f 1975 3877 3046
f 3878 799 1873
f 3322 4778 1700
f 4734 2835 1043
f 2625 2662 1397
f 2067 3013 1218
f 2090 3868 1398
f 710 2226 3020
f 3667 2454 1399
f 2450 3375 1296
f 4101 1400 2690
f 3427 2242 1287
f 3092 3890 3889
f 3002 1864 1998
f 2919 3399 1402
f 3900 1402 1751
f 3601 4102 3416
f 4068 2481 3003
f 3415 1403 3579
f 2896 1956 1297
f 3491 2409 1405
f 4761 2675 639
f 2599 3596 1406
f 3360 3238 1575
f 2996 3435 1407
f 3384 2314 2912
f 4678 4085 2051
f 2735 3400 1150
f 3866 3771 1409
f 3221 4865 1275
f 4404 2795 1410
f 2731 1758 903
f 3893 2998 1411
f 800 2075 2837
f 2837 2075 1412
f 3941 2146 1475
f 4271 3233 1413
f 3479 2221 1361
f 4676 3331 2231
f 3917 1031 1891
f 209 3354 3353
f 209 3353 207
f 546 3543 3367
f 3367 2356 543
f 2588 3556 1417
f 3469 3282 1551
f 576 3445 2096
f 3888 1121 2335
f 2341 3418 1419
f 3298 2713 153
f 4606 4875 1420
f 3906 1939 1455
f 4622 3533 1421
f 3509 1927 742
f 2497 3729 1422
f 3659 3279 1466
f 2082 3945 3944
f 3944 3943 2083
f 3730 3837 2497
f 3032 2207 1441
f 2323 1116 2626
f 2598 2597 1205
f 2306 3961 4879
f 3960 1426 2153
f 3856 4522 1427
f 621 2965 620
f 2451 2892 1428
f 4852 2798 1225
f 4595 2937 1429
f 4480 2937 1016
f 4523 1831 1430
f 4718 2354 1621
f 1824 975 2327
f 4048 1352 2223
f 2362 4011 1432
f 4010 1046 1834
f 2346 4022 1433
f 2789 2811 1271
f 4024 2608 1434
f 2426 3258 1067
f 4020 1435 2814
f 2612 3928 1124
f 4585 3763 2097
f 2756 2757 1141
f 1849 4003 1437
f 652 2703 1986
f 3887 3136 1438
f 4485 3845 3044
f 2711 3519 1439
f 977 3112 2077
f 1697 994 2366
f 3937 2227 4225
f 4209 2394 1441
f 3952 3714 2091
f 4752 4049 1442
f 4050 4049 2172
f 2337 4065 1443
f 4064 3011 2210
f 1874 3583 2753
f 603 2827 602
f 3948 3026 1445
f 4845 140 142
f 4425 4573 1446
f 4725 2835 1725
f 2297 4074 1447
f 4072 2601 2891
f 2656 703 1886
f 4040 3661 3030
f 2373 1449 1747
f 2647 2856 4878
f 1210 2850 2825
f 4303 1370 2743
f 4810 3501 1451
f 2503 3865 1460
f 4058 2321 1452
f 284 2972 282
f 1783 3955 3954
f 2456 3307 1473
f 4274 3139 2350
f 3223 2941 2023
f 2379 3905 1455
f 3906 2770 3912
f 2036 3653 1456
f 4128 4127 3548
f 3312 2865 1457
f 4869 1722 899
f 3101 3102 1458
f 3929 3437 1728
f 2907 2849 1459
f 3020 2261 1193
f 3957 3865 2503
f 2870 1806 1543
f 3844 996 2575
f 2461 1771 1288
f 2461 1288 3286
f 4192 3794 852
f 2575 3794 1463
f 4107 681 2048
f 2465 3707 1464
f 2005 2981 1224
f 484 4143 2956
f 2508 1042 1850
f 3634 3292 1466
f 3659 1729 3731
f 2533 3793 1694
f 3737 2538 1698
f 4482 3747 2198
f 2494 2493 1076
f 2347 4188 4187
f 4187 1469 2346
f 3450 3685 1470
f 689 3626 2345
f 4001 2178 1471
f 3690 2592 1491
f 4206 1820 1472
f 3580 2442 1336
f 2605 4075 3307
f 4327 1379 2755
f 4346 3288 2840
f 4774 1397 2662
f 3942 2555 1475
f 3940 2146 2910
f 3033 3514 1476
f 4544 4731 104
f 3251 4173 4214
f 908 3157 3510
f 504 506 2704
f 959 2296 1918
f 2838 4773 2104
f 3594 3160 4426
f 2540 4089 1480
f 584 3140 583
f 2419 4230 1481
f 1301 3705 3388
f 3994 3855 2238
f 2658 4231 1301
f 4697 4139 2399
f 4208 2337 1443
f 3163 2682 1484
f 3453 3998 1342
f 3749 706 2045
f 4160 1485 2109
f 1826 2883 1486
f 4157 4218 2657
f 2759 4164 2019
f 4165 4166 2370
f 450 3785 2383
f 4572 2286 1592
f 4369 2393 1489
f 856 3124 2314
f 4896 3426 1490
f 4796 2550 1115
f 3862 2490 1491
f 3690 3167 4377
f 3366 3493 1492
f 2390 3999 671
f 127 3800 2572
f 2809 3406 825
f 4129 2516 1494
f 2015 1236 1877
f 4016 3752 1495
f 4015 4421 3083
f 4199 1496 2418
f 4353 2810 1668
f 2375 4259 3147
f 4711 1352 2674
f 4148 2279 1498
f 573 2763 572
f 4294 2657 1499
f 4502 3083 1625
f 3449 2526 2187
f 2526 3515 4180
f 2470 4234 1501
f 4587 173 175
f 3194 1502 2376
f 3486 4365 1248
f 2595 4278 1503
f 4277 4279 2500
f 2488 2725 1504
f 2355 3678 1624
f 2563 3822 1505
f 3411 3825 967
f 3687 2644 1506
f 3688 1506 3842
f 1824 3833 3689
f 3688 3687 1506
f 3711 2794 1508
f 2788 3132 1344
f 3186 4321 1509
f 3132 4320 930
f 4384 3693 1510
f 3047 1153 2799
f 3918 2584 1511
f 3000 2824 1211
f 4775 1512 3986
f 4531 4196 637
f 4177 1513 2926
f 3601 3119 1672
f 2177 4177 1514
f 1893 1769 1213
f 4392 4391 1522
f 2927 1206 2438
f 2596 4096 1516
f 3143 1209 2764
f 3231 3053 1517
f 4268 2705 3166
f 3166 2705 1518
f 4300 1518 2716
f 3999 2390 1519
f 4212 3036 3563
f 4707 2645 1520
f 2109 1826 813
f 2648 3969 1643
f 4688 2515 1680
f 4391 3338 1522
f 4391 4392 4193
f 1761 1093 2556
f 4716 2564 1090
f 549 550 2739
f 2938 4679 314
f 3970 1525 2209
f 4275 2342 1053
f 4387 1871 1526
f 4388 4389 2987
f 2253 4357 1527
f 4562 2427 1784
f 4403 1528 2385
f 4402 1528 1955
f 2512 1298 2993
f 3217 3216 1232
f 2645 2599 1530
f 910 3620 3389
f 2384 4771 1889
f 4314 3752 4016
f 4822 1532 4030
f 2841 2002 1582
f 4822 4030 1533
f 2973 1972 1220
f 1796 4367 3876
f 4244 3440 145
f 4119 4413 1535
f 4429 3535 1732
f 2447 2873 1536
f 2936 1959 1566
f 4337 2535 1537
f 4094 2871 442
f 1782 964 2110
f 4008 265 268
f 3325 2799 1539
f 2848 4151 890
f 118 120 2559
f 3413 2449 826
f 3670 3757 1541
f 3503 2536 1549
f 1756 898 3324
f 4851 4121 2252
f 3086 2870 1543
f 2958 3682 636
f 1733 4197 1544
f 3647 4198 933
f 1396 3471 3470
f 4142 2350 1042
f 1837 929 2201
f 2725 4769 1504
f 4503 841 2486
f 4508 1547 2487
f 4505 1837 1548
f 2486 4507 1547
f 1541 3503 3502
f 2656 1987 703
f 4487 2545 1550
f 1417 3376 3282
f 3282 3887 1551
f 4760 4311 2649
f 4089 4489 2775
f 3488 1131 2336
f 3827 720 4390
f 4445 4444 2831
f 2283 4467 1554
f 4466 4416 2093
f 4308 2831 1555
f 2667 4154 1558
f 471 473 2112
f 4495 4497 2220
f 2272 3433 1557
f 4211 2498 1673
f 4464 2667 1558
f 4626 4066 880
f 2328 3684 1559
f 4210 1559 2024
f 4116 4293 1747
f 978 3009 1890
f 4174 2627 1561
f 3055 162 164
f 2567 4266 4265
f 2709 1820 1126
f 2569 4541 2738
f 3252 1563 2436
f 2436 3114 1564
f 1564 2026 3150
f 4549 3701 1565
f 3451 2855 1365
f 2974 835 1959
f 2985 1762 1202
f 2218 1071 3129
f 753 3654 2122
f 2466 3932 1568
f 4561 683 2182
f 3674 3644 1569
f 3865 2867 1460
f 2248 4483 4484
f 2712 1829 3368
f 4481 4770 1571
f 2141 4286 3373
f 4541 4306 2476
f 3894 2237 2435
f 579 3873 4427
f 4013 2365 2066
f 3008 1574 2897
f 2839 2534 1229
f 3029 4360 1982
f 812 3238 2875
f 514 515 2977
f 4044 1644 2431
f 2843 2975 4328
f 4588 2600 1744
f 3755 3045 1578
f 2807 4886 1123
f 3899 2762 1579
f 2752 2751 1233
f 2076 3268 1580
f 4625 2629 1109
f 2403 3980 1581
f 4575 3981 1582
f 3981 2841 1582
f 3921 3920 1581
f 3903 2800 1583
f 867 1884 1777
f 3026 3948 1584
f 3027 3407 134
f 3577 4276 1585
f 849 4324 2945
f 4761 2520 1586
f 2791 4620 1588
f 3185 2437 1587
f 855 3681 2473
f 2611 4621 4619
f 3431 3124 1489
f 2843 4532 1589
f 3555 2107 1512
f 4623 4624 1590
f 2531 692 1854
f 3419 3381 1591
f 3744 3349 1903
f 4255 3034 1592
f 732 3182 2282
f 2629 4627 1593
f 2630 3195 860
f 3514 948 3515
f 4074 2457 1447
f 3537 2165 1595
f 4599 1595 2088
f 2638 2623 1596
f 4313 4245 3531
f 4023 4350 3010
f 3230 3229 1311
f 2798 998 2190
f 4908 4095 1689
f 3057 4584 1599
f 1975 2717 634
f 2381 871 2833
f 4776 4677 2499
f 4249 4033 2415
f 3299 3300 1257
f 4498 4513 1602
f 4515 4514 2995
f 4309 1603 2392
f 3142 1149 2196
f 2616 4690 1604
f 4664 2244 1045
f 2633 4654 1605
f 4687 3520 3187
f 3971 3972 1606
f 4163 2534 1574
f 3580 4651 4652
f 4652 3790 2483
f 3314 2844 1608
f 3319 2975 1577
f 2115 4602 4601
f 1794 560 561
f 3766 1449 4533
f 4318 2180 1748
f 3492 1405 3673
f 3823 4190 1079
f 2946 4012 1612
f 3459 1997 1295
f 3923 1613 2094
f 4276 2590 1585
f 2702 4346 1614
f 4520 4811 1994
f 3495 684 2319
f 1900 1907 727
f 4181 3695 3104
f 4455 4292 3984
f 3320 1617 2521
f 3343 3696 1616
f 2744 3628 1618
f 4594 2692 661
f 2468 4417 1619
f 4530 4529 3205
f 4700 4699 1620
f 3247 4699 1245
f 2620 4719 1621
f 4082 2354 182
f 2332 4136 1622
f 648 1962 3987
f 3103 4662 1623
f 3102 4136 931
f 789 3480 4518
f 2760 3678 1623
f 4551 4421 1991
f 4015 3083 1495
f 1866 4709 1626
f 4708 1626 2422
f 4709 4742 2642
f 2642 1627 2421
f 1466 3279 3278
f 3644 3643 1569
f 3645 1629 3644
f 3643 3642 708
f 2617 4659 3183
f 3868 2808 1398
f 2482 894 2812
f 3595 2643 2073
f 4400 2585 1632
f 3194 4086 1502
f 2524 4748 4747
f 4747 4902 2586
f 1810 654 2580
f 3947 3676 1489
f 3075 4744 1635
f 3339 1973 1378
f 3560 4516 1636
f 4702 4701 3316
f 3983 4767 4768
f 4139 3145 1483
f 4784 4755 1638
f 4785 4786 2634
f 3414 4596 1639
f 4595 1429 3572
f 2613 4788 4789
f 4789 1640 2614
f 3180 2743 1641
f 2571 994 1697
f 4559 3405 1674
f 722 3122 2057
f 4295 2650 1643
f 1521 3969 3968
f 3964 1576 4044
f 2046 1989 1075
f 3675 3674 1645
f 4592 3985 1781
f 4639 3329 1646
f 3434 4571 856
f 4671 1647 2723
f 2636 4672 1130
f 2952 2591 1648
f 2401 4811 1995
f 600 601 2678
f 2888 3584 905
f 4519 4836 1650
f 4399 2032 1334
f 2688 4837 1651
f 4838 1651 2517
f 4850 2264 1652
f 873 2395 3096
f 4629 2043 1733
f 3177 2777 838
f 1535 4120 4119
f 4526 2755 3761
f 106 108 2615
f 948 2216 3725
f 4633 3872 1656
f 3481 3482 1320
f 1656 4153 4152
f 1059 2682 3163
f 4382 3340 1658
f 4801 3592 2125
f 3597 3108 1659
f 4862 1659 2360
f 3453 1342 3732
f 4398 557 558
f 2420 4394 4361
f 2400 2177 1214
f 4899 4616 1682
f 4615 3273 612
f 2439 3185 1663
f 3123 1663 4656
f 2901 4802 4803
f 4803 1664 2029
f 197 199 2537
f 3087 1350 2762
f 3781 1666 1750
f 2909 4855 767
f 302 4037 2203
f 2081 4153 864
f 4352 2589 1668
f 3735 1967 1392
f 4461 2821 1669
f 3932 2505 1568
f 3576 4808 1670
f 784 4433 3581
f 2684 4799 1671
f 3582 4262 2654
f 3119 2919 1672
f 4102 803 2822
f 2189 4211 1673
f 4696 2448 3603
f 3605 4559 1674
f 3536 3405 1642
f 4368 3442 1675
f 144 3348 142
f 3811 1410 4385
f 2879 1990 1196
f 2191 783 1677
f 1063 1677 2381
f 2581 3352 1678
f 885 3566 2284
f 2558 1129 3573
f 3573 1679 2280
f 2330 4688 1680
f 4689 3301 2005
f 2805 4890 1681
f 4552 3799 1760
f 4616 3156 1682
f 4898 1682 2225
f 2151 1013 1683
f 2962 1683 679
f 3809 797 2856
f 3095 1216 2180
f 2722 1685 2292
f 4866 1685 3200
f 3370 3021 1686
f 4417 4079 1619
f 1842 3867 3382
f 4816 3478 219
f 2491 3231 1688
f 2492 2118 659
f 4749 3658 1689
f 4459 3097 1598
f 2410 4609 3669
f 510 3076 508
f 2472 3170 1691
f 617 3127 616
f 1854 915 2694
f 3884 796 1910
f 3454 893 1693
f 3642 3641 708
f 2758 1466 3292
f 1467 2533 3827
f 2546 1147 1695
f 3025 1695 758
f 2178 1064 2857
f 4132 2127 1031
f 4441 994 2571
f 1196 1697 2879
f 1467 3737 3736
f 3736 1698 3452
f 1961 4254 4126
f 2922 1699 1333
f 4778 2482 1700
f 3322 1905 972
f 2860 928 1701
f 1163 1701 2199
f 4823 1702 2296
f 1918 1702 705
f 2987 1202 1703
f 1054 3314 3319
f 3665 656 1704
f 3664 3601 861
f 4447 4449 1800
f 3492 3491 1405
f 3692 730 1706
f 4538 884 2117
f 3860 3121 1707
f 4354 1707 2714
f 2781 1254 1708
f 4830 2375 1717
f 4864 1709 3913
f 3826 1124 2073
f 3221 3263 1710
f 4865 3913 3051
f 2772 1114 1711
f 4354 2714 1186
f 4859 1186 1712
f 711 1712 2715
f 3578 3385 1713
f 897 2772 1711
f 2158 1060 1714
f 1158 1714 2511
f 3997 3564 1715
f 1715 3341 3753
f 2263 1037 1716
f 3251 1716 3250
f 4828 3094 1717
f 4829 4289 2053
f 3836 3041 1718
f 3468 758 1839
f 4442 1017 2449
f 2931 740 2178
f 3068 1099 1720
f 4612 3788 2382
f 4713 1025 2295
f 658 1721 2185
f 4869 2914 1722
f 899 1722 2495
f 3474 698 1723
f 3586 974 2021
f 2766 4081 1724
f 2774 3916 652
f 3908 2941 3223
f 4734 1043 1749
f 2949 1191 1726
f 494 3614 492
f 2370 1133 1727
f 1095 1727 2277
f 2276 3328 1728
f 3269 3437 1241
f 3730 3731 1729
f 4877 2758 1936
f 2437 1069 1730
f 3029 3028 1249
f 3375 806 1731
f 2820 1111 1886
f 3403 4428 1946
f 275 3535 273
f 4465 4629 1733
f 837 1733 2509
f 1544 2577 4198
f 3922 1393 3422
f 3893 4225 2998
f 4905 4904 2492
f 1830 696 2963
f 4611 3867 1363
f 3465 4889 1737
f 3596 2455 1406
f 3713 1738 2824
f 4861 4860 2999
f 4124 3001 1739
f 2999 3001 1211
f 3004 882 1740
f 1252 2016 3006
f 3505 2507 1741
f 1261 1741 3332
f 2924 1171 1742
f 3728 2454 1068
f 4824 3760 1743
f 4824 1743 2686
f 1519 4000 3999
f 2600 3319 1577
f 3525 2901 1745
f 1181 2052 2406
f 4523 886 2884
f 4501 3184 1633
f 3766 3393 1747
f 3767 4468 978
f 4319 4317 1748
f 3095 3126 1216
f 3598 3885 1749
f 3261 1043 2059
f 2997 2348 1750
f 4854 1750 1666
f 3266 3900 1751
f 3786 634 2717
f 3825 3411 2741
f 2880 1872 3522
f 2397 663 1753
f 3380 1136 1872
f 3285 2981 1754
f 868 1754 2428
f 4122 898 4717
f 2552 2251 1101
f 2844 721 1756
f 3324 4122 1938
f 3432 1366 1757
f 4184 2267 1365
f 3812 1100 2731
f 2173 3590 999
f 1990 903 1759
f 3691 1164 2056
f 2654 1246 3799
f 4552 4115 1681
f 2275 911 1761
f 2556 4343 1523
f 2985 892 1762
f 721 2668 1756
f 4083 1989 1763
f 3215 1763 2815
f 189 191 3394
f 3779 1764 2732
f 4002 4637 1849
f 4636 4183 2055
f 466 3679 2047
f 4716 1090 1822
f 2976 1767 2145
f 3395 2813 916
f 2925 3505 1768
f 1171 1768 2923
f 3782 1769 1893
f 2995 3415 676
f 4820 2688 1770
f 1049 4812 3540
f 4589 986 2610
f 1461 1771 2461
f 2967 3798 1772
f 1201 1772 1964
f 3312 702 4299
f 3135 3164 1217
f 4214 1477 1774
f 2371 590 591
f 2298 4631 1775
f 4408 2402 551
f 4437 4756 2368
f 4307 4308 1555
f 1884 1007 1777
f 867 3108 3597
f 2416 1039 1778
f 1467 4235 3737
f 2807 4887 1779
f 3519 2280 1439
f 2464 670 1780
f 4608 3756 2233
f 4444 1553 1781
f 918 3985 2900
f 2802 1310 1782
f 3116 1212 1865
f 2459 809 1783
f 4240 3954 965
f 1963 942 2427
f 2670 3442 1294
f 3036 3504 1785
f 4863 990 4563
f 2659 4319 1786
f 3188 2062 1293
f 2859 1163 1787
f 1130 1787 2638
f 3747 913 2913
f 4256 4255 1592
f 3224 762 1789
f 4287 934 3064
f 4631 1058 3130
f 2518 1881 1346
f 4576 3996 1791
f 4679 2854 311
f 596 4666 3379
f 2574 2095 782
f 566 567 4792
f 3599 2040 811
f 4601 1609 1794
f 4613 3391 2035
f 2783 1159 1795
f 1194 3539 2338
f 3109 925 1796
f 1283 3528 2713
f 4290 2745 1797
f 3115 1137 1832
f 3338 3207 1798
f 3159 2361 1041
f 2495 1076 3802
f 921 3450 2918
f 4449 3513 1800
f 4447 3148 686
f 1985 798 1801
f 1016 1801 2087
f 3060 1802 2610
f 1802 2935 4589
f 2980 1803 2276
f 4321 4320 1509
f 3021 3022 1804
f 3813 1126 1971
f 4461 835 2821
f 1108 4344 2326
f 4712 1460 2870
f 1543 1806 4195
f 4467 836 2289
f 1776 1807 4757
f 2205 1008 1808
f 3356 629 1758
f 3498 1103 1809
f 3090 1190 1811
f 3121 654 1810
f 4545 3864 2425
f 1809 1190 3090
f 774 1811 2213
f 4646 1812 2277
f 2278 608 609
f 1883 1077 2916
f 3005 1813 1252
f 3399 3997 1814
f 3007 1092 1853
f 3506 3704 1815
f 3458 3390 1292
f 3161 4560 1816
f 4043 3242 950
f 2072 4539 1817
f 4349 610 611
f 2181 4330 3508
f 3267 4185 1819
f 1818 1161 3267
f 4894 3128 2123
f 4265 1562 2709
f 1126 1820 4206
f 3992 1821 2572
f 4897 3797 123
f 2556 1523 3722
f 4322 1090 2220
f 3306 1237 1823
f 781 4477 2170
f 3173 3833 1824
f 1824 2327 3909
f 2883 910 1825
f 4084 1119 2621
f 4157 813 1826
f 4042 4182 1520
f 2235 738 1827
f 1094 1827 2470
f 4484 1570 1828
f 3189 4883 1571
f 4739 3368 1829
f 3777 2828 1383
f 3373 2992 1830
f 2963 3268 1736
f 4523 2884 1831
f 4005 3197 738
f 3358 3115 1832
f 4336 794 2594
f 2506 1077 1833
f 3912 4029 845
f 4010 1834 3209
f 3260 3995 1267
f 3995 3260 1835
f 4754 2801 2240
f 4420 3467 1836
f 1046 3638 1834
f 4505 734 1837
f 3988 3987 1546
f 3318 1838 2313
f 974 1838 3499
f 2528 1176 1839
f 1247 3074 2543
f 4700 851 1840
f 3244 3404 770
f 3305 1841 2577
f 4198 3684 933
f 224 225 1842
f 3724 1117 2683
f 4373 1843 3107
f 2863 2463 689
f 2607 1128 1844
f 3191 4100 1235
f 4035 1667 1845
f 4382 1658 2202
f 2910 1174 1846
f 4098 3056 1474
f 3294 1308 1847
f 1321 2447 3517
f 4032 1848 2379
f 4654 1848 1605
f 1818 927 2475
f 4637 4002 652
f 4438 2797 1850
f 725 1850 2023
f 3042 983 1851
f 3012 1851 758
f 4034 3759 1852
f 4842 3720 1929
f 1906 1092 3007
f 4123 1853 923
f 1855 915 3037
f 1180 1854 2983
f 1856 915 3138
f 1189 1855 3038
f 1692 915 3113
f 670 3077 1780
f 3296 1265 1857
f 955 3866 3770
f 1954 1379 1858
f 956 1858 2385
f 3988 4655 2020
f 3439 3548 817
f 4764 1860 2848
f 4151 1367 3236
f 3652 1358 3853
f 3896 1867 1243
f 3271 2331 1862
f 3609 1348 2587
f 3388 3942 1863
f 962 4110 4109
f 3195 1065 1864
f 3052 1864 1401
f 3014 4217 1865
f 1212 3116 1782
f 3949 1866 2429
f 1085 3073 2363
f 3896 2576 1867
f 3274 2312 1030
f 1478 3146 2704
f 502 3494 499
f 261 263 1869
f 3387 3276 964
f 528 530 1870
f 528 2858 526
f 3857 3858 1871
f 3857 1871 4387
f 1753 1136 3380
f 4200 2880 1752
f 3878 1873 3196
f 3013 3871 713
f 604 4161 2753
f 937 1874 3202
f 4136 3102 1875
f 4138 4663 875
f 4045 3770 1876
f 4833 4411 1920
f 3791 1071 1877
f 1236 2015 3085
f 3409 945 1878
f 4250 3694 2010
f 3200 4457 1879
f 4846 3607 1061
f 4125 3926 1880
f 180 1880 177
f 1790 746 4238
f 1346 1881 2991
f 3176 663 1882
f 1136 2934 2290
f 2906 4029 1883
f 2916 1813 728
f 2164 1007 4879
f 4117 867 2886
f 1742 1171 3512
f 883 3315 2014
f 4911 1111 2820
f 2903 1886 1448
f 3460 1295 1887
f 790 1887 3203
f 2216 1026 1888
f 4179 1888 736
f 4876 1889 3211
f 987 1889 4314
f 4772 2707 1948
f 730 2140 1706
f 3917 1891 3615
f 4073 2601 1447
f 4781 904 3284
f 1188 1892 3022
f 4178 1514 1893
f 3364 1213 2041
f 4383 1525 1894
f 2582 3105 1323
f 903 1758 1895
f 3456 2172 1164
f 4105 1896 2979
f 4011 2984 1432
f 1944 2816 3607
f 1061 1897 3455
f 3023 1339 1898
f 2566 1898 1338
f 4579 2204 1899
f 1003 2236 1983
f 2395 1034 1900
f 1637 1900 4697
f 4682 3377 1901
f 1183 1901 2930
f 3619 966 2228
f 782 4009 2574
f 593 594 3349
f 966 4031 1902
f 2013 742 1904
f 4407 1591 3744
f 3101 972 1905
f 1240 1905 3103
f 760 1814 4591
f 2405 3457 1292
f 1900 1034 1907
f 4118 4254 1961
f 3975 975 2768
f 1079 3692 4538
f 4340 1909 2928
f 3192 1909 1046
f 3776 4090 1910
f 796 3884 1692
f 3361 1362 3621
f 4087 2089 1502
f 4546 3394 1912
f 1302 3075 3463
f 2733 783 1913
f 2732 3472 891
f 2836 4557 1914
f 3665 2106 656
f 473 475 3816
f 4213 1915 4496
f 3881 976 2625
f 4880 2952 4553
f 3851 976 1917
f 1391 1917 2692
f 2296 1702 1918
f 3672 1262 2129
f 2689 953 1919
f 704 1919 3222
f 3770 1409 4411
f 2565 2689 1146
f 3523 1386 1921
f 3581 1921 784
f 3222 1276 1922
f 704 4171 1929
f 1831 1160 3197
f 3241 1197 1827
f 4272 926 4273
f 642 1924 3065
f 2438 1357 1925
f 4806 1231 3207
f 2006 969 2957
f 2983 1926 1180
f 3157 4329 1927
f 1329 1927 3509
f 2842 4714 1928
f 4524 2295 3256
f 3720 704 1929
f 4842 4841 1852
f 3531 645 1930
f 952 4034 4841
f 1922 1011 2441
f 2700 3530 1319
f 2965 2510 1932
f 620 1932 619
f 3236 3683 1933
f 3803 3265 1280
f 1727 1133 3392
f 1934 3342 3460
f 2031 664 4462
f 1934 1935 938
f 3452 1315 1936
f 844 1936 2758
f 2219 2632 1937
f 971 1937 3837
f 4122 3778 1938
f 4532 4196 1589
f 2379 1455 1939
f 2906 1883 1172
f 4794 1097 3275
f 858 1940 2969
f 4288 3495 1941
f 934 3630 4648
f 4648 3630 1942
f 3723 1299 2238
f 4159 1943 3371
f 4215 2006 1303
f 4846 2619 1944
f 4092 4091 1597
f 4667 1945 3641
f 3973 4195 1806
f 3232 1313 3977
f 277 3336 275
f 4781 3284 1947
f 3637 3370 673
f 3153 1239 2644
f 3834 4070 730
f 2289 936 1949
f 1554 4809 4416
f 3043 1225 1950
f 1950 2759 2783
f 2190 769 3155
f 943 4431 2618
f 3636 1952 3088
f 2545 2285 1550
f 3316 3636 1953
f 886 1953 1746
f 3761 1379 1954
f 698 4766 1723
f 2256 956 1955
f 3318 1507 1838
f 2896 1404 1956
f 1297 1956 3053
f 241 244 4088
f 986 3141 1771
f 3249 1081 1958
f 4173 3070 1477
f 3859 1566 1959
f 4248 2936 1536
f 2887 997 1960
f 1253 3611 2678
f 2922 1033 4126
f 1110 4118 4684
f 3989 1546 2725
f 4237 2911 875
f 4359 828 1963
f 2427 3563 1784
f 1772 906 1964
f 2966 3898 695
f 3034 1150 1965
f 879 1965 3066
f 2352 4903 3883
f 3814 4565 724
f 3735 947 1967
f 4181 951 3695
f 2782 1968 2513
f 1082 3484 3783
f 3048 4500 1969
f 1067 1969 2058
f 3485 1251 1970
f 1328 3386 2302
f 3436 877 1971
f 1359 4374 2483
f 4568 2885 1972
f 716 1972 2973
f 3740 3815 1973
f 4744 3075 891
f 3346 776 1974
f 3448 961 2008
f 4528 4583 1975
f 3877 2004 1395
f 3140 1480 1976
f 583 4839 582
f 1972 716 4568
f 1166 3335 2392
f 3618 1445 1978
f 4720 3348 1675
f 4338 777 1979
f 3308 3062 1272
f 2463 1093 1980
f 689 1980 3248
f 3334 1261 1981
f 1259 1981 3333
f 4360 2996 1982
f 675 1982 3384
f 2123 1003 3099
f 4726 745 2621
f 3245 1244 1984
f 1295 1984 3459
f 2007 798 1985
f 1132 1985 2652
f 2774 652 1986
f 960 1986 2622
f 3502 1549 2656
f 3327 2622 1119
f 1996 958 1988
f 1215 1988 2902
f 1644 3293 2046
f 3212 4083 1285
f 4385 1676 2879
f 1196 3910 2877
f 4421 3718 1991
f 4422 2160 1004
f 4280 2971 1992
f 954 1992 3718
f 2761 4523 1993
f 1378 4284 3339
f 4811 4790 1994
f 4111 4109 1614
f 1924 642 2401
f 1072 2662 2625
f 3486 958 1996
f 1248 2787 2514
f 4586 1612 1997
f 1295 3854 1887
f 1864 1065 1998
f 3829 1382 2114
f 3017 1175 1999
f 4657 1265 2516
f 3210 4190 2000
f 3534 2117 1611
f 2325 1052 4451
f 3748 1237 2698
f 4233 1224 2002
f 1582 2002 3920
f 3652 2817 2003
f 1358 2003 3428
f 3877 634 2004
f 1395 3953 2169
f 4052 4689 2005
f 833 2005 2982
f 4215 969 2006
f 3465 2006 914
f 2696 798 2007
f 4241 1132 2115
f 1974 961 3448
f 1263 2008 2771
f 3347 705 2009
f 4671 2009 1647
f 3408 4250 2010
f 3694 4250 754
f 4133 3254 2011
f 3497 4302 1301
f 3079 857 2012
f 3080 2877 775
f 4478 2013 3390
f 1010 2228 2032
f 3315 1260 2014
f 883 2014 2701
f 4130 1494 2015
f 1052 3635 2324
f 1252 1740 2016
f 4791 3148 1800
f 2641 1185 3835
f 1155 4770 2805
f 3281 4150 2018
f 296 3951 294
f 4164 4165 2019
f 1159 4170 1968
f 3438 648 2020
f 4655 3988 929
f 4590 974 3586
f 3475 2021 804
f 297 299 4534
f 3649 2022 1051
f 4733 725 2023
f 2941 3908 920
f 2227 765 3204
f 1167 3608 2491
f 3477 1578 2025
f 866 2623 2638
f 4167 701 2026
f 3150 2027 839
f 3710 839 4258
f 4204 2027 968
f 4642 2734 2028
f 4351 4906 1665
f 4804 1107 2029
f 2892 2798 1428
f 2029 1107 3967
f 4460 3237 1598
f 3417 664 2031
f 1487 2031 4166
f 4399 1010 2032
f 4155 782 3283
f 2823 1351 2033
f 3741 2033 870
f 568 569 3602
f 1368 2034 3600
f 2007 3976 2696
f 3623 562 563
f 2477 921 2036
f 3350 4474 691
f 4278 1143 2037
f 848 3163 4222
f 2525 1078 2624
f 816 2038 2915
f 4304 3375 2039
f 4827 1399 2701
f 4535 811 2040
f 4471 4341 2226
f 4511 2041 2994
f 1213 3364 1893
f 3035 1144 2042
f 1683 2042 679
f 4412 2043 4154
f 1733 2043 880
f 1048 1966 2044
f 4340 4420 1909
f 4159 1485 2045
f 1374 2045 3750
f 4669 1644 2046
f 3045 2233 1578
f 464 466 4409
f 3377 4715 970
f 4107 2048 3844
f 4047 1151 2132
f 3019 979 2049
f 2048 2049 1151
f 2611 743 2050
f 979 2050 2049
f 2198 1600 2051
f 3538 2051 1408
f 4156 2451 2052
f 1745 2052 1181
f 3585 973 3234
f 4107 2053 681
f 2640 1316 3359
f 3794 3234 1463
f 4081 1002 4183
f 3691 1759 1164
f 1001 2055 2056
f 1001 2056 2181
f 2183 722 2876
f 1002 2057 2570
f 4023 3914 2058
f 949 2058 1969
f 1749 1043 3261
f 1631 2059 4325
f 2990 1210 2060
f 1258 2060 3180
f 3861 1322 2061
f 1294 2061 2670
f 3188 729 2062
f 3187 2244 846
f 2992 4739 2063
f 1065 3309 1998
f 4856 2064 2786
f 1314 2064 3081
f 2018 4348 3951
f 294 2065 292
f 2335 1121 2066
f 4415 774 2213
f 2625 1397 3881
f 976 2067 2604
f 2524 1105 2068
f 1104 3271 1862
f 2750 4262 2069
f 3424 3582 1671
f 3455 1345 2316
f 2523 4026 1539
f 2147 987 2071
f 1162 3526 4579
f 3168 1095 2072
f 3484 1082 1968
f 1709 1124 3826
f 778 2073 3061
f 4394 1131 2074
f 1661 2836 3198
f 3892 1411 2075
f 1412 2075 3830
f 2367 907 3570
f 4582 2628 870
f 2593 706 2077
f 4093 1374 2078
f 2364 977 4055
f 792 2078 3751
f 3215 2079 3214
f 3764 1328 2114
f 1811 1190 2080
f 3446 688 2197
f 4543 1657 2785
f 3374 2081 1845
f 4512 3729 2082
f 3944 3945 1423
f 4312 3326 2083
f 3943 3944 1423
f 2082 983 2084
f 3731 3671 643
f 3892 4404 2085
f 980 3562 2086
f 2366 1440 2086
f 3811 3562 1410
f 2661 1429 2087
f 2617 1801 1157
f 4596 4599 2088
f 4480 2087 1429
f 4080 1502 2089
f 822 4378 4234
f 4694 3868 2090
f 1423 2090 3943
f 3945 3952 2091
f 1423 4694 2090
f 2394 669 2092
f 3714 2092 985
f 4416 631 2093
f 4606 1420 2933
f 3069 997 2094
f 731 2094 4276
f 3283 782 2095
f 1335 2095 3069
f 2541 1148 2096
f 3445 576 577
f 1392 1967 2097
f 4135 1436 2756
f 2166 1012 4056
f 1204 3425 3054
f 4257 1533 2099
f 2873 4248 1536
f 3657 1323 2100
f 1034 4104 1907
f 4728 3018 2101
f 4470 981 2105
f 3171 305 2102
f 3125 2854 1346
f 4316 1146 2103
f 3752 2103 1495
f 2803 630 3571
f 1353 2104 3240
f 1693 893 2105
f 1693 2105 4667
f 2291 1037 4053
f 1914 2106 3665
f 3555 1589 2107
f 1107 4638 2030
f 2597 655 2108
f 1516 2960 2746
f 4182 1826 2109
f 1015 2109 3371
f 2802 1782 2110
f 3567 3487 2163
f 1153 2070 2111
f 4508 3808 1547
f 4495 1090 2112
f 4213 3816 1915
f 3817 670 2113
f 988 3214 2079
f 3819 988 2114
f 4207 1328 2302
f 4246 4602 2115
f 1132 4241 2007
f 4821 1696 2116
f 1170 2116 2740
f 3673 1611 2117
f 884 4538 1706
f 4817 1688 2492
f 4046 3781 1750
f 3438 1331 2119
f 1241 2119 3270
f 3387 1291 2749
f 2796 2351 255
f 2714 888 2121
f 4540 1287 2480
f 4564 2122 3128
f 1003 4488 1899
f 2122 1003 3128
f 4003 2123 1437
f 4243 1158 3814
f 724 4565 3467
f 4801 2125 4800
f 3902 2124 1158
f 2583 1031 2126
f 4486 2126 2754
f 1891 1031 2852
f 1182 3330 2215
f 3686 3991 2128
f 994 2128 3938
f 3640 959 2129
f 4881 776 2908
f 3479 1361 4443
f 808 2130 3110
f 3353 4597 2131
f 207 2131 206
f 1713 897 3578
f 1151 4047 2048
f 3768 1449 2133
f 4772 978 2707
f 4429 1040 2134
f 273 2134 272
f 2136 1061 4797
f 1878 2135 754
f 945 1879 2136
f 945 4797 1878
f 3772 1409 2137
f 953 2137 3049
f 3451 1365 2138
f 1543 2138 2958
f 3089 786 2139
f 1018 3553 2254
f 1890 1009 2140
f 1890 2140 730
f 1830 1156 3373
f 1828 3189 876
f 2438 1206 2142
f 1357 2142 3224
f 2144 1048 2143
f 4175 1844 2605
f 3883 2144 2352
f 1139 2144 2665
f 1767 1343 2145
f 1767 2976 3606
f 3941 963 2146
f 3940 2910 827
f 4434 1567 2147
f 1162 2147 2071
f 2151 1683 2148
f 795 2148 2167
f 2485 700 3568
f 2729 2258 791
f 2826 793 2150
f 1165 2150 2769
f 3361 1013 2151
f 1362 2151 3697
f 3362 834 2152
f 1306 2152 3361
f 2598 859 3625
f 2626 1023 2323
f 2363 737 2154
f 3093 1023 2155
f 2403 3093 2155
f 3961 3962 1426
f 2720 719 2156
f 4224 1029 3329
f 3329 1029 2157
f 856 2157 3947
f 3137 1060 2158
f 4517 2609 1966
f 4252 1004 2159
f 4160 2159 1485
f 3750 1004 2160
f 792 2160 1991
f 3050 778 2161
f 1276 2161 1922
f 2284 1222 2162
f 885 2162 3593
f 3476 1309 2163
f 1040 2163 3487
f 4879 3960 2164
f 4193 3220 1515
f 3552 4246 2165
f 1102 2165 3537
f 2182 683 2166
f 4056 1012 2098
f 2939 1122 2167
f 795 2167 2902
f 3253 1300 2168
f 4566 962 4109
f 3953 3825 2169
f 1395 2169 3878
f 4050 999 2170
f 4477 781 2779
f 2603 662 2171
f 1000 2171 2532
f 3456 4050 2172
f 4570 723 2181
f 1758 629 2173
f 1895 2173 999
f 4330 723 3235
f 1161 4158 2532
f 3821 165 2175
f 4365 2787 1248
f 3558 1327 2176
f 4088 2176 241
f 3198 2177 2400
f 1214 3100 2266
f 2857 2931 2178
f 1064 2178 4001
f 2740 4686 2469
f 3606 2813 1767
f 4695 1748 2180
f 729 4105 2979
f 2172 723 4570
f 1164 2181 2056
f 4561 2182 4370
f 1088 3071 2467
f 2184 1020 2183
f 2876 722 2057
f 3891 2184 2872
f 773 2184 2765
f 2851 658 4007
f 1228 3891 2872
f 1006 1873 2186
f 1006 2186 3057
f 622 623 2187
f 2948 3856 1427
f 1963 828 2188
f 1963 2188 3496
f 4738 718 2189
f 4714 4713 1928
f 4460 1598 2190
f 3155 769 1951
f 1376 1913 2191
f 1063 2191 1677
f 2822 803 2192
f 3003 2481 824
f 3365 1282 2193
f 916 2193 3395
f 3849 1022 2194
f 1389 2194 3848
f 2505 1108 3806
f 3849 2194 1389
f 2326 756 2196
f 3554 3571 1353
f 4494 688 3446
f 1757 2197 3072
f 4677 1600 2198
f 1468 2198 3747
f 1701 747 2199
f 3477 2025 866
f 3560 1636 2200
f 4410 697 2380
f 1548 1837 2201
f 4503 3989 841
f 4800 757 2202
f 1051 2202 3649
f 4037 4035 2203
f 4454 4534 299
f 3526 657 2204
f 1899 2204 1118
f 1808 1100 2205
f 4014 3925 2211
f 2865 1256 2206
f 4701 2206 944
f 2613 1098 2207
f 3952 3945 807
f 3746 1468 2208
f 2913 913 1788
f 4384 1525 3970
f 1141 4169 3911
f 1808 1008 3011
f 4230 4310 1481
f 2210 1008 4310
f 1481 2211 3705
f 3310 1021 2212
f 1364 2212 3701
f 2396 1173 2562
f 1021 2213 1811
f 1173 2213 2214
f 4762 1364 3018
f 2891 1182 2215
f 1377 2215 2869
f 2217 1026 2216
f 4847 2216 948
f 4780 2217 4028
f 112 4653 110
f 3129 1234 2218
f 1877 2218 662
f 2633 1096 3927
f 1315 4753 1936
f 1822 1090 4322
f 3792 1341 2274
f 3294 786 2221
f 1413 2221 3479
f 984 2034 2222
f 3082 570 571
f 3019 1497 4510
f 1352 4048 3210
f 3244 770 2224
f 2224 3245 3246
f 3832 2225 3127
f 616 2225 615
f 2040 984 4471
f 4471 2226 3869
f 3936 765 2227
f 4225 3893 980
f 1010 2013 2228
f 2032 2228 1902
f 3350 691 2229
f 3351 3208 899
f 2426 691 2230
f 4128 2230 1456
f 1888 1026 2377
f 3331 3413 826
f 2389 1195 2232
f 1327 2232 3401
f 2046 1075 3045
f 3756 4608 909
f 3818 1381 2234
f 4103 1382 2250
f 4005 738 3193
f 1056 3926 4125
f 1003 1899 2236
f 1983 2236 745
f 4305 1218 2237
f 1572 3894 2476
f 3630 1299 3723
f 4355 1482 2658
f 4007 2239 2851
f 1221 4304 4827
f 4838 1102 3091
f 1047 2801 2241
f 3743 2241 2801
f 1047 2241 3541
f 3787 2242 3427
f 1287 2242 2921
f 2322 1138 3880
f 1227 2243 2970
f 1293 2062 3187
f 4690 4664 1604
f 1821 1152 3551
f 1017 2245 1719
f 120 122 4356
f 1540 2246 4442
f 4395 2247 2992
f 1830 2247 696
f 4484 4339 2248
f 3131 1185 2268
f 3216 1027 2249
f 4554 771 2940
f 3777 1383 2250
f 1382 4103 2234
f 1755 4219 2552
f 1101 4095 4908
f 4909 2252 3237
f 1598 2252 4459
f 2139 1018 3441
f 3304 717 2061
f 3517 650 2254
f 1018 2254 2329
f 1847 1308 2255
f 831 2255 3016
f 1954 956 4766
f 4590 4452 974
f 2415 862 2257
f 3840 4498 1036
f 4375 2258 2729
f 4634 1297 3053
f 2260 1019 4430
f 4430 2259 3577
f 4727 1019 2260
f 784 2260 3576
f 2849 829 2261
f 4312 3943 710
f 4837 2262 3677
f 1143 4097 2037
f 3251 908 2263
f 1037 2263 3511
f 4850 651 2264
f 1652 2264 2395
f 558 4724 2501
f 1086 2265 4603
f 3072 1214 2266
f 3990 2041 1257
f 3682 1365 2267
f 636 4555 3300
f 3410 771 4101
f 4379 1185 2641
f 2756 1141 2269
f 4292 2269 873
f 4220 901 2270
f 2956 481 484
f 1868 1355 3494
f 4076 2949 495
f 4465 837 2272
f 1024 2272 2368
f 4450 4628 2273
f 1691 2273 3832
f 1761 750 4525
f 1050 2274 2980
f 3270 911 2275
f 1050 4525 2274
f 3483 1803 2980
f 1050 2276 1728
f 4646 2277 3203
f 790 2277 1727
f 4645 1812 2278
f 4539 3624 1817
f 4148 1148 2279
f 829 2279 2546
f 4886 1779 3519
f 1439 2280 1679
f 930 1915 4386
f 1344 2281 2790
f 2286 1028 3182
f 4022 4419 1433
f 4445 836 2283
f 1553 2283 2416
f 2422 1062 3566
f 885 2284 2162
f 1952 1057 2545
f 1550 2285 3376
f 3182 1592 2286
f 1028 2286 3934
f 4680 4058 2287
f 285 3963 284
f 3466 632 2288
f 4381 1015 2411
f 3321 936 2289
f 1807 2289 4308
f 3521 1136 2290
f 1921 2290 784
f 4053 1304 2291
f 1037 2291 1716
f 1223 1685 2722
f 715 2292 2434
f 3412 1290 2293
f 4780 1026 2217
f 3500 678 2294
f 1782 2294 1212
f 1025 1721 2295
f 1928 4524 4099
f 4823 2296 3874
f 1478 2296 3146
f 3856 1032 2297
f 4522 830 2510
f 553 554 2298
f 553 2298 4025
f 3018 1364 2299
f 981 2943 4667
f 4291 2300 3228
f 1311 2300 3230
f 4536 2301 2304
f 1028 2301 2811
f 2114 1328 4207
f 712 2302 3002
f 3887 1438 2303
f 674 2303 2382
f 451 454 4363
f 3934 2304 1028
f 3309 989 2305
f 1998 2305 712
f 3462 687 2306
f 1884 2306 1007
f 2593 1129 2307
f 1943 2307 969
f 4614 4106 2308
f 1712 3939 4140
f 2984 819 2309
f 1432 2309 4010
f 3658 1030 2310
f 769 2310 1951
f 2310 1030 3507
f 664 2311 3247
f 1867 851 2312
f 1030 2312 2311
f 2256 1955 4452
f 974 2313 1838
f 3434 856 2314
f 3384 2912 675
f 4673 2315 3142
f 1149 3597 2803
f 1345 2070 2316
f 2135 2316 754
f 2989 764 2317
f 1685 2317 1277
f 749 1861 2318
f 749 4814 4219
f 3622 1615 2319
f 1299 3994 2238
f 3048 1067 2320
f 929 2320 3549
f 4680 1138 4058
f 1452 2321 3402
f 3880 1227 2322
f 1138 2322 2663
f 3352 1116 2323
f 2154 2323 1023
f 2001 1052 2324
f 3627 2603 1237
f 2343 726 2325
f 4451 1052 2721
f 3646 756 4344
f 1108 4283 2195
f 3975 1431 2327
f 3909 3175 1254
f 4641 933 2328
f 1370 3991 3686
f 2254 1526 2329
f 4357 4359 1527
f 3707 834 2330
f 1089 3569 1862
f 3271 741 2331
f 3784 3969 1521
f 3929 931 3437
f 1241 3169 2119
f 4239 1505 2333
f 3612 967 2004
f 577 578 4458
f 1418 2334 3888
f 2396 801 2335
f 1173 2335 2066
f 3111 843 2336
f 4844 4494 2080
f 3591 629 2337
f 4208 1443 2349
f 2432 1194 2338
f 4898 4899 1682
f 3773 1786 2339
f 935 4006 1848
f 3418 1122 2340
f 808 2340 2961
f 2167 1122 4174
f 157 4706 156
f 2343 3775 3017
f 2342 3325 4027
f 4657 726 3017
f 1053 2343 3105
f 4835 1650 2344
f 663 2344 2697
f 1035 1843 2345
f 1035 2345 2347
f 3765 732 2346
f 1035 2346 3107
f 3626 1470 2347
f 4187 4188 1469
f 2075 1411 2348
f 963 2348 2997
f 4228 1483 2349
f 815 2349 4064
f 486 488 2350
f 1465 2350 4142
f 2769 1316 2351
f 1165 2796 4819
f 1048 2144 3883
f 787 3588 2322
f 2825 1450 3982
f 1370 4641 2328
f 4718 1056 2354
f 1621 4082 2620
f 4236 2355 4186
f 4186 3480 2489
f 3367 1416 2356
f 543 2356 541
f 3559 1322 2357
f 1361 4840 2130
f 1823 781 3306
f 2698 1110 2359
f 2100 785 2359
f 4684 4118 1907
f 3108 1041 2360
f 630 3527 2838
f 2360 1041 4750
f 1264 3358 4336
f 4692 4664 2362
f 638 2362 3209
f 4708 2363 3073
f 4267 1198 2428
f 2711 1439 4281
f 4055 4093 2078
f 2727 1573 4013
f 2066 2365 774
f 3938 1440 2366
f 1697 2366 709
f 3570 1351 2367
f 907 2367 4611
f 4757 1024 2368
f 4756 4437 718
f 4763 4432 2369
f 1154 2677 1793
f 4166 1133 2370
f 4693 3168 2072
f 1055 1774 2371
f 4332 4472 3381
f 3165 1280 2372
f 895 2372 2814
f 4468 3767 2373
f 4293 4116 728
f 2406 1125 2374
f 4628 2432 2273
f 3147 681 2375
f 1112 2375 4830
f 4401 1632 2376
f 2895 4080 822
f 1026 2231 2377
f 1888 2377 736
f 4222 2378 3453
f 3998 4873 2404
f 4654 680 2379
f 1848 4032 935
f 3739 1063 2380
f 697 4410 2200
f 3542 871 2381
f 1063 2381 2525
f 2421 674 3965
f 3788 4612 1720
f 3369 1289 2383
f 3785 450 451
f 4833 744 3879
f 1236 3791 1877
f 1858 1380 2385
f 4402 2385 1528
f 2784 1099 2386
f 633 2386 3229
f 2317 764 2387
f 1277 2387 2784
f 3044 802 2388
f 1099 2388 2386
f 2653 1195 2389
f 832 2389 2935
f 2679 1519 2390
f 1282 3727 2193
f 2096 1148 4537
f 574 3863 573
f 1805 1166 3646
f 756 2392 4673
f 4619 1588 2393
f 4369 3676 1114
f 2661 669 2394
f 4209 1441 2207
f 2264 1034 2395
f 1652 2395 4849
f 2543 801 2396
f 2562 2214 667
f 4835 663 2397
f 1092 3574 1853
f 4396 1529 2398
f 4698 647 2712
f 4768 4697 2399
f 4853 2553 3855
f 4361 1661 2400
f 688 2400 2197
f 4273 1924 2401
f 4553 2401 1072
f 4025 1775 4408
f 551 3660 550
f 2155 687 2403
f 1198 2806 2428
f 4873 2298 2404
f 1342 2404 3557
f 1092 1906 2405
f 1092 3733 4705
f 2052 1125 2406
f 1181 2406 2869
f 4870 4656 2407
f 4618 2407 855
f 2409 733 2408
f 1405 2408 3490
f 3668 2409 3667
f 1068 2409 3491
f 3669 512 2410
f 3964 2977 1576
f 1015 1943 2411
f 1015 4381 4041
f 3550 1354 2412
f 540 2412 538
f 522 524 2413
f 1286 3882 2815
f 3754 1326 2414
f 703 2414 4039
f 4033 1601 2415
f 1393 2415 2257
f 2283 1039 2416
f 4446 4390 720
f 627 628 2417
f 1476 2417 2615
f 4364 655 2418
f 4199 2581 885
f 4071 815 2419
f 1482 2419 2658
f 2336 1131 2420
f 2336 4844 1190
f 4743 674 2421
f 1062 3616 2284
f 1678 737 2422
f 3566 1062 2284
f 3255 2423 2834
f 1154 4763 2369
f 1154 1793 2424
f 2424 2646 4499
f 2940 771 2425
f 1268 3864 3117
f 2608 691 3914
f 2058 2426 1067
f 1527 1963 2427
f 4358 4562 717
f 1754 1085 2428
f 2806 1198 2403
f 1866 1085 2429
f 1866 3949 3968
f 1701 928 2430
f 1701 2430 2431
f 2430 1074 2431
f 1701 2431 747
f 2374 1194 2432
f 2273 2432 1140
f 2840 1474 4345
f 1397 2433 3871
f 2292 1284 2434
f 715 2434 3763
f 2169 1394 3831
f 799 2435 2237
f 4542 1080 2436
f 839 2436 3150
f 3185 1069 2437
f 1587 2437 2912
f 2142 1357 2438
f 1206 2927 3220
f 4112 2439 3372
f 733 3123 2408
f 1731 917 4825
f 1296 4112 3372
f 1011 1931 2441
f 4171 2441 1929
f 4204 968 2442
f 1472 2442 4205
f 3636 944 2443
f 1952 2443 1057
f 3789 1357 2444
f 926 4492 4273
f 3482 665 2445
f 1320 3592 4801
f 4259 1112 2446
f 1497 2446 4260
f 2255 831 4759
f 1847 2447 1321
f 4696 1673 2448
f 1356 2448 3605
f 3413 1540 2449
f 826 2449 2754
f 3668 1399 2450
f 733 2450 3372
f 4156 805 2451
f 1125 2451 2452
f 3302 2452 2730
f 685 4424 3043
f 686 1742 2453
f 686 2453 4447
f 2701 1399 2454
f 4900 3728 1742
f 4730 2455 3596
f 2875 2718 812
f 3954 1453 2456
f 965 2456 4191
f 4180 1594 2457
f 1447 2457 4073
f 3632 734 2458
f 3632 2458 3631
f 3402 809 2459
f 3403 3031 922
f 3286 1288 2460
f 1462 2460 3807
f 4643 1461 2461
f 3286 2460 1462
f 1980 1093 3946
f 1384 2462 2773
f 2863 1183 2463
f 689 2463 1980
f 3213 670 2464
f 3213 2464 3212
f 2152 834 2465
f 1144 2465 2747
f 1762 892 2466
f 1762 2466 2668
f 2668 1088 2467
f 1756 2467 898
f 3650 673 2468
f 1142 2576 3896
f 4686 755 2469
f 4802 2469 1664
f 2895 822 2470
f 4475 1501 2471
f 2470 1501 4475
f 1094 4362 3926
f 1932 1083 4867
f 618 4172 617
f 4620 855 2473
f 4882 3431 2393
f 3605 1674 4793
f 3604 2183 1020
f 4330 1818 3508
f 3508 2475 3666
f 4306 1572 2476
f 4542 2476 1080
f 1076 1799 2477
f 1266 2477 2036
f 2891 1377 2479
f 1083 2478 3170
f 1377 2478 2479
f 830 2479 2510
f 2121 1287 4540
f 1203 3895 1802
f 2705 824 3524
f 1199 2481 2717
f 3843 1700 2482
f 3928 2812 1124
f 2710 641 4374
f 1359 2483 3227
f 3279 643 2484
f 3518 3041 893
f 1841 700 2485
f 1841 3684 4198
f 4504 1548 2486
f 1066 2486 3808
f 4026 672 3226
f 3810 1084 2489
f 4507 841 2488
f 1084 2488 4236
f 3683 1367 2489
f 3480 2355 1624
f 3862 825 2490
f 4296 916 3167
f 3608 4227 2491
f 1167 2491 4817
f 1688 2118 2492
f 1167 2492 4904
f 1799 1076 2493
f 3746 2493 1468
f 3745 1468 2494
f 646 4038 2914
f 3351 899 2495
f 3802 1076 2477
f 1677 1201 3542
f 4085 1408 2051
f 3032 807 2497
f 3837 3730 971
f 4437 2498 4211
f 3706 2990 881
f 2038 1078 2499
f 4658 2914 1219
f 4279 848 2500
f 1086 2500 4581
f 4581 1660 2501
f 1086 2501 2265
f 4832 4277 2502
f 4602 4603 1609
f 2777 1451 2503
f 838 4712 2870
f 3783 1817 2504
f 4617 3273 1662
f 2821 1108 2505
f 1669 2505 3932
f 4644 1077 2506
f 631 4456 2093
f 2506 1741 4644
f 1077 2507 1813
f 2270 1465 4220
f 901 2508 2797
f 1733 1544 2509
f 837 2509 2850
f 2297 830 4522
f 1427 2510 2965
f 757 2125 2511
f 757 2511 1714
f 2993 847 2512
f 1298 2512 3291
f 1159 1968 2782
f 4616 2513 1662
f 2847 1248 2514
f 171 2514 170
f 3784 1521 2515
f 1680 2515 3301
f 4129 726 2516
f 1494 2516 4131
f 2595 3552 2517
f 1143 2517 3677
f 939 1790 2518
f 939 3996 4576
f 4004 1430 2519
f 872 2519 4719
f 3534 1611 2520
f 1586 4870 2407
f 3067 1209 4288
f 684 2521 3343
f 2691 1242 2522
f 1375 2522 3544
f 1153 2111 2523
f 2799 3325 842
f 4747 1105 2524
f 863 2524 2585
f 2833 1078 2525
f 1063 2525 2380
f 4194 1500 3449
f 2187 2526 1032
f 4185 1161 2527
f 753 3473 4434
f 4470 1176 4728
f 4728 2528 2562
f 3047 1510 2529
f 3447 754 2316
f 3584 1444 4012
f 1612 2530 1997
f 4334 1590 2531
f 1073 2531 2694
f 4158 1000 2532
f 2527 2532 1234
f 4592 720 2533
f 1645 2533 3675
f 2839 1574 2534
f 1229 3208 2229
f 3429 1233 2535
f 1537 2535 2968
f 2765 1371 4270
f 1549 2536 4062
f 2028 197 2537
f 2028 2537 1270
f 2866 1698 2538
f 1455 2538 2770
f 4489 1081 2539
f 4685 751 2639
f 1958 1081 3715
f 585 4406 584
f 2542 1148 2541
f 801 2541 3444
f 2279 1148 4333
f 3074 1247 1839
f 1147 2542 2543
f 1247 2543 2396
f 625 626 2544
f 3514 3033 948
f 4487 653 2545
f 2285 2545 1057
f 2542 1147 4333
f 829 2546 3702
f 2469 755 2547
f 4804 2547 1107
f 2835 1446 2548
f 4721 2771 2059
f 1751 1091 2549
f 1751 3786 3266
f 3426 4736 2550
f 4857 2602 1359
f 4912 4796 2551
f 4650 3790 1607
f 4219 2251 2552
f 4717 2552 1542
f 2419 1482 4071
f 1483 2553 2399
f 2793 1278 4626
f 1734 2554 3172
f 3925 1412 2555
f 714 2555 3942
f 750 1761 2556
f 3722 4342 1822
f 4858 1129 2557
f 1926 2557 1180
f 3573 761 2558
f 2557 2558 1180
f 2246 1540 4356
f 118 2559 3412
f 1058 2378 2560
f 1790 2560 746
f 2908 776 2561
f 4054 4725 920
f 1247 2396 2562
f 1247 2562 2528
f 3901 760 2563
f 1091 4239 2333
f 467 469 4380
f 1766 2564 4716
f 4833 1920 2565
f 4315 4316 1531
f 3023 1898 2566
f 533 2566 532
f 3924 1375 2567
f 4266 2738 1562
f 2744 1618 2568
f 4493 2567 1375
f 2568 1618 4630
f 1127 2569 2738
f 4649 2055 2570
f 1207 2570 2057
f 4440 1641 2571
f 4440 2571 2878
f 3800 1493 2572
f 127 2572 125
f 1695 1147 2573
f 1695 2573 758
f 3379 1792 2574
f 4009 782 1902
f 2461 852 4643
f 1461 2575 4106
f 1142 2468 2576
f 1867 2576 851
f 4066 1734 2577
f 4197 2577 1544
f 580 581 4872
f 1573 2578 4114
f 3919 843 2579
f 1976 2579 3662
f 1029 1810 2580
f 2157 2580 1634
f 1678 885 2581
f 1116 2581 2418
f 651 1894 2582
f 651 4787 2264
f 1134 1696 2583
f 1134 4486 2754
f 2940 1268 2584
f 1232 2584 3918
f 4400 863 2585
f 3529 2587 682
f 3184 653 4902
f 1105 2586 3556
f 3569 1348 3609
f 1104 3529 2585
f 2068 1105 2588
f 741 4145 2650
f 2418 1496 4364
f 655 2589 4352
f 4276 1613 2590
f 1585 2590 4324
f 4272 1648 2591
f 1231 4290 1797
f 3862 1491 4189
f 1152 2592 2245
f 4017 706 2593
f 1129 3112 1679
f 4607 1264 2594
f 2522 2594 794
f 2517 1143 2595
f 752 4832 2502
f 2964 1205 2596
f 762 2596 3143
f 2598 1425 2597
f 1205 2597 4096
f 3625 1425 2598
f 2890 2964 1206
f 2288 632 4707
f 1530 3795 2737
f 3999 1744 2600
f 671 4604 3397
f 2852 1182 2601
f 1891 2601 4073
f 3205 1274 3404
f 4857 1359 3227
f 4021 1823 2603
f 4834 3627 2324
f 1917 976 2604
f 4305 2604 1218
f 1844 1128 2605
f 1844 4175 4100
f 4075 1128 2606
f 797 2606 1684
f 1844 819 2607
f 1128 2607 3126
f 4024 1229 2608
f 1434 3914 4023
f 4243 1966 2609
f 1714 2609 2158
f 1203 1802 3060
f 711 2610 3841
f 4619 743 2611
f 1113 3796 2674
f 2814 1435 2612
f 895 2612 1709
f 4789 1098 2613
f 3801 2207 1424
f 3275 858 2614
f 1098 4888 2661
f 4848 1655 2615
f 106 2615 4544
f 4755 846 2616
f 1638 2616 4786
f 669 2087 2617
f 4659 2646 1630
f 4431 1325 2618
f 943 2618 4164
f 4091 1944 2619
f 1879 2619 2136
f 3464 1302 2620
f 185 2620 183
f 2622 1120 2621
f 1119 4084 1825
f 1986 1120 2622
f 960 3327 1987
f 2025 1123 2623
f 2025 2623 866
f 1078 2038 2624
f 1387 2624 3560
f 4880 1072 2625
f 1916 2625 976
f 3625 2153 2626
f 1425 2626 3277
f 3958 1561 2627
f 159 4264 157
f 4582 1580 2628
f 870 4567 3218
f 3268 696 2629
f 4782 1593 2630
f 2629 1593 4782
f 1109 4263 3201
f 4843 1605 2631
f 1096 2631 4784
f 2219 1096 2632
f 1937 2632 739
f 2866 680 4668
f 1096 4843 2631
f 4786 1097 2634
f 4788 2634 1640
f 4366 1940 2635
f 4692 4691 1604
f 4874 1647 2636
f 3530 3532 1319
f 2009 705 2637
f 4672 2637 1130
f 1787 866 2638
f 1130 2638 3532
f 2074 1131 2639
f 2074 2639 3199
f 250 251 2640
f 3359 3585 2054
f 2268 1185 4379
f 2242 2641 693
f 4742 1627 2642
f 1626 2642 4710
f 3595 1631 2643
f 2073 2643 1272
f 1239 1948 2644
f 821 2644 3687
f 632 2599 2645
f 2645 3828 4042
f 4659 1157 2646
f 1630 2646 2808
f 2385 1380 3870
f 649 2647 4479
f 4742 854 2648
f 1106 2648 2650
f 4741 1106 2649
f 1627 2649 4743
f 2331 741 4295
f 1643 2650 2648
f 897 1711 2651
f 897 4859 4140
f 1985 1016 2652
f 4600 2652 1595
f 2654 1195 2653
f 2932 832 2480
f 4262 1195 2654
f 3799 3716 1760
f 4473 1541 2655
f 806 2655 1731
f 1549 1987 2656
f 1111 2656 1886
f 4294 813 2657
f 1499 4891 3489
f 2238 1482 4355
f 780 4302 2011
f 3766 902 3393
f 1172 2659 2905
f 903 1895 2660
f 903 2660 1759
f 2087 669 2661
f 1429 4888 3572
f 1072 1995 2662
f 1397 4774 2433
f 2352 1139 3588
f 1138 2663 2321
f 2663 1139 2664
f 2321 2664 809
f 2664 1139 4414
f 1453 2665 3956
f 4191 1473 2666
f 1379 3762 1858
f 4307 1555 2667
f 1024 2667 4464
f 2466 1088 2668
f 1762 2668 721
f 743 2393 2669
f 743 2669 3385
f 4562 1784 2670
f 717 2670 2061
f 703 1987 2671
f 703 3754 2414
f 3281 1349 4150
f 1060 2672 1714
f 2841 716 2673
f 4030 2673 1533
f 3796 979 2674
f 1113 4203 2675
f 3280 639 2675
f 1113 2675 2791
f 3860 1711 2676
f 1634 2676 3676
f 565 566 2677
f 2369 2677 1154
f 3611 600 2678
f 1253 2678 2888
f 3915 1492 2679
f 1519 2679 3036
f 3593 1330 4640
f 1496 2680 2589
f 3362 1306 2681
f 2587 2681 682
f 4152 1657 2682
f 1484 2682 4221
f 3699 1363 2683
f 4890 4301 1681
f 2683 1117 4301
f 1681 2684 4552
f 4798 1671 2685
f 227 4783 225
f 3699 768 2686
f 1156 4883 2141
f 2333 1505 2687
f 1752 2687 4200
f 2445 665 4820
f 1770 2688 1047
f 1920 953 2689
f 1146 2689 2971
f 4101 2690 3410
f 3120 2714 1707
f 4061 1242 2691
f 3656 3924 1892
f 2745 1391 3628
f 1618 4594 2569
f 2747 833 2693
f 1208 2693 3016
f 915 1692 2694
f 1854 2694 2531
f 810 1757 2695
f 810 2695 2855
f 2423 798 2696
f 1360 2696 2035
f 1882 663 2697
f 1882 2697 1019
f 3306 2358 2698
f 1237 3748 3627
f 2881 1538 4008
f 263 2699 1869
f 952 1931 2700
f 952 2700 1930
f 2039 1399 4827
f 1221 2701 2014
f 3940 827 2702
f 1475 2702 3942
f 4002 1437 2703
f 1986 2703 1120
f 4223 504 2704
f 3146 2296 959
f 4268 1517 2705
f 1518 2705 3524
f 3076 2706 3040
f 1478 3874 2296
f 2133 978 4772
f 1948 2707 4070
f 4218 1486 2708
f 1118 2708 4647
f 1562 1820 2709
f 4548 1126 1804
f 4374 1971 2710
f 4205 4206 1472
f 4703 1123 2711
f 4281 1439 2364
f 1828 1570 2712
f 1829 2712 2828
f 3110 1283 4147
f 153 2713 151
f 3120 888 2714
f 1186 2714 3059
f 1712 1186 2715
f 711 2715 3060
f 4584 767 2716
f 1599 2716 4583
f 2481 1255 2717
f 1199 2717 1975
f 2455 1135 2875
f 812 2718 3633
f 2720 1135 3904
f 1738 2719 4860
f 3713 719 3904
f 1135 2720 2718
f 3106 1340 2721
f 785 2721 2001
f 2988 1223 4018
f 715 2722 2292
f 4671 2723 3547
f 1318 4338 1979
f 3406 1493 2724
f 3407 132 134
f 1546 1962 2725
f 841 2725 2488
f 4294 1499 4252
f 1004 2726 4422
f 3873 1573 2727
f 4427 2727 2334
f 606 607 2728
f 1250 2728 4646
f 1036 2258 4375
f 2149 2729 1168
f 2452 685 2730
f 1194 2730 1795
f 3356 1758 2731
f 1676 2731 4704
f 1145 1913 2732
f 1145 2732 1764
f 1913 1145 2733
f 783 3798 2967
f 3709 193 2734
f 1145 2734 4642
f 3538 3400 2735
f 913 2735 1788
f 1965 1150 2736
f 4063 695 2752
f 3620 1530 2737
f 2414 3661 1448
f 4266 1127 2738
f 3252 2436 839
f 4732 549 2739
f 318 3726 315
f 2116 1064 2740
f 1170 2740 2469
f 3411 1752 2741
f 1394 2741 2898
f 4907 1665 3087
f 1350 2742 3190
f 3180 644 2743
f 4441 3686 994
f 1832 1137 2744
f 794 2744 2568
f 3628 1137 2745
f 1391 2745 3852
f 3143 1516 2746
f 1209 3320 2521
f 2005 833 4052
f 1464 2747 2465
f 2693 1208 3287
f 1144 2748 2042
f 1291 2120 2749
f 1869 2749 261
f 236 2232 2750
f 233 2750 4826
f 2535 1233 2751
f 2535 2751 869
f 1579 2751 2752
f 695 4063 2736
f 603 604 4521
f 3583 1874 937
f 2449 1719 2754
f 826 2754 2126
f 4240 965 2755
f 1654 4526 4119
f 3763 1436 4135
f 3993 2756 2269
f 2756 1436 2757
f 1141 2757 2209
f 3292 844 2758
f 1466 2758 3659
f 685 1950 2783
f 1159 2759 2019
f 4518 1624 2760
f 4662 3103 690
f 4476 3655 2761
f 1378 2761 1993
f 3899 906 2762
f 3629 3313 869
f 3863 1498 2763
f 572 3082 571
f 1789 762 2764
f 1789 3067 934
f 2184 1169 2765
f 4270 1371 2536
f 3717 1169 2766
f 1002 2766 2057
f 1022 2196 2767
f 1022 2767 2194
f 3842 1908 2768
f 1431 4190 3210
f 2351 1165 2769
f 1316 3585 3359
f 2933 1420 4831
f 957 2770 2538
f 2008 660 2771
f 2548 4721 1043
f 2669 1114 2772
f 1713 2772 897
f 2119 1331 2773
f 911 2773 2462
f 3717 1724 2774
f 1371 2774 3703
f 4489 1552 2775
f 1480 2775 3919
f 4168 589 2776
f 1774 2776 2371
f 2503 838 2777
f 1451 2777 4810
f 2162 1222 2778
f 2162 3565 1330
f 1823 1000 2779
f 1823 2779 781
f 3972 1219 2780
f 4683 2780 899
f 3979 3173 2781
f 1212 2781 3014
f 1795 1159 2782
f 865 2782 2513
f 2759 1159 2783
f 685 2783 2730
f 2387 1099 2784
f 4463 633 1879
f 995 1881 4681
f 2081 2785 1657
f 1271 2064 4856
f 814 4682 3078
f 2175 168 2787
f 2175 4365 1996
f 3186 1509 3303
f 901 2788 2270
f 3107 1433 4373
f 814 4856 2786
f 2270 1344 2790
f 481 2790 479
f 2675 1586 2791
f 1113 2791 4621
f 4714 1259 4738
f 718 2792 4756
f 4751 1278 2793
f 2043 2793 880
f 3186 1508 3847
f 1458 2794 3101
f 3812 1410 2795
f 2205 2795 800
f 1165 2351 2796
f 2120 2796 257
f 4438 1545 2797
f 1850 2797 2508
f 4134 2798 2892
f 4852 1225 3043
f 1153 2523 2799
f 1153 3047 2529
f 3462 1583 3980
f 1581 2800 3921
f 1047 2240 2801
f 2241 3743 941
f 2021 1310 2802
f 804 2802 2110
f 2767 1149 3554
f 630 2803 4862
f 3716 693 2804
f 1760 2804 4115
f 4481 768 2805
f 1155 2805 4115
f 868 2428 2806
f 868 2806 3920
f 3756 909 2807
f 2025 2807 1123
f 4660 2808 3868
f 1398 4535 4471
f 3992 1493 2809
f 1152 4189 2592
f 2960 1668 2810
f 874 2810 3104
f 2282 1028 2811
f 2282 4419 4022
f 4326 1631 2812
f 2482 2812 3928
f 2179 1471 2813
f 1767 2813 3395
f 2372 1281 2814
f 895 2814 2612
f 3575 788 3485
f 3882 1286 2413
f 4500 1897 2816
f 1969 2816 949
f 3774 1389 2817
f 1012 2817 3652
f 4635 1585 2818
f 1670 2818 4807
f 1894 1525 2819
f 4275 842 2342
f 917 1731 2820
f 917 2820 2903
f 835 1805 2821
f 1669 2821 2505
f 1672 803 4102
f 1403 2822 3579
f 2862 1351 2823
f 216 3219 214
f 4861 1211 2824
f 1738 3713 3904
f 2850 1450 2825
f 1210 2825 2060
f 2120 1291 4819
f 1165 2826 2150
f 4423 602 2827
f 1649 2827 3584
f 4740 2828 3777
f 1383 2828 3290
f 2831 1184 2829
f 1555 4665 2667
f 2829 4910 3501
f 1451 3957 2503
f 2829 1555 2831
f 4444 4445 1553
f 3570 2076 2832
f 1351 2832 2033
f 4678 1600 2833
f 2381 2833 2525
f 798 2423 3255
f 1157 2834 2646
f 4054 1446 2835
f 1725 2835 4734
f 2074 1304 2836
f 2074 2836 1661
f 2205 800 2837
f 2205 4014 1008
f 2104 630 2838
f 1242 4607 2594
f 2897 1574 2839
f 878 4024 3010
f 3288 1474 2840
f 1614 2840 4111
f 4233 2002 2841
f 1532 2841 2673
f 1981 1259 2842
f 772 2842 3257
f 4328 1177 2843
f 840 2843 3555
f 3314 721 2844
f 1608 2844 4328
f 3207 1231 2845
f 1798 2845 3708
f 4560 519 2846
f 1816 2846 3242
f 2089 1248 4378
f 4234 2847 1501
f 4764 2848 4027
f 1175 2848 1999
f 2907 1279 2849
f 1459 2849 2261
f 2509 1450 2850
f 4674 2498 1557
f 3256 658 2851
f 1221 2851 2239
f 2127 1182 2852
f 2127 2852 1031
f 4120 1535 2853
f 922 2853 4428
f 3996 1346 2854
f 1791 2854 4679
f 4550 2855 3451
f 1365 2855 2695
f 797 1684 2856
f 1380 2856 2647
f 1696 1134 2857
f 1696 2857 1064
f 524 526 3098
f 3272 1870 940
f 2860 1163 2859
f 1702 2859 705
f 2859 1702 2860
f 1163 2860 1701
f 1163 2199 2861
f 1163 2861 1787
f 2823 217 2862
f 1351 2862 2367
f 1843 1183 2863
f 2345 2863 689
f 1923 1160 2864
f 1923 2864 2894
f 3312 1256 2865
f 1457 2865 2915
f 3905 680 2866
f 1698 2866 4893
f 2900 1569 3865
f 4253 708 3769
f 3330 666 2868
f 1181 2868 1745
f 2215 1181 2869
f 1377 2869 2478
f 1460 1806 2870
f 838 2870 3086
f 4094 1537 2871
f 4297 3354 440
f 1020 2184 3891
f 1228 3757 3670
f 831 2099 2873
f 831 2873 2447
f 2918 1332 3653
f 1456 2874 4127
f 1135 2718 2875
f 3238 2996 1575
f 1169 2183 2876
f 1169 2876 2766
f 4735 775 2877
f 1196 2877 2012
f 2012 857 2878
f 1196 2878 1697
f 1676 1990 2879
f 709 2879 1697
f 3522 701 2880
f 1872 2880 4200
f 2954 1538 2881
f 1305 2881 3162
f 4792 567 2882
f 1793 2882 1368
f 1826 910 2883
f 1486 2883 3846
f 886 1746 2884
f 1831 2884 1160
f 2974 1972 2885
f 835 2885 1805
f 3903 1583 2886
f 2315 2886 867
f 1960 1253 2887
f 997 2887 2094
f 2678 1649 2888
f 1253 2888 3923
f 2697 1334 2889
f 4285 3561 2259
f 859 2598 2890
f 3220 2927 1515
f 2601 1182 2891
f 830 2891 2479
f 805 2029 2892
f 805 2892 2451
f 4376 1385 2893
f 2554 2893 932
f 2864 863 2894
f 1923 2894 1197
f 1197 2376 2895
f 1197 2895 1827
f 3579 1404 2896
f 676 2896 3420
f 878 2300 2897
f 1574 3008 4163
f 2435 1394 3114
f 1564 2898 4167
f 2301 457 2899
f 1271 2899 2064
f 3865 918 2900
f 1569 2900 3674
f 3525 1170 2901
f 1745 4156 2052
f 3055 1215 2902
f 1561 2902 2167
f 2820 1886 2903
f 917 2903 3028
f 1172 1883 2904
f 1172 2904 3393
f 4032 1939 2905
f 935 2905 3773
f 1939 845 2906
f 2905 2906 1172
f 2222 1279 2907
f 2222 2907 984
f 3344 776 4881
f 1355 4059 2271
f 4854 1666 2909
f 1174 2909 1846
f 2146 1174 2910
f 827 2910 3288
f 1962 1622 2911
f 4769 4237 1504
f 2314 1179 2912
f 675 2912 2437
f 1469 2208 2913
f 3765 4256 732
f 4869 1219 2914
f 4038 646 2494
f 4516 816 2915
f 1457 2915 3972
f 728 2904 2916
f 1813 2916 1077
f 2849 1279 2917
f 4078 2917 1498
f 3653 921 2918
f 3248 3626 689
f 3119 1014 2919
f 1672 3900 803
f 2893 1385 4033
f 1601 2920 3300
f 3716 1246 2921
f 693 2921 2242
f 4126 1699 2922
f 1033 2922 2337
f 1768 772 2923
f 1171 2923 1885
f 2925 1171 2924
f 686 2924 1742
f 1740 882 2925
f 1171 2925 1768
f 1893 1514 3782
f 861 2926 3664
f 4391 1515 2927
f 694 2927 2438
f 1048 2044 2928
f 1048 3959 2143
f 4593 1584 2929
f 1492 2929 2679
f 3738 1183 2930
f 1523 2930 4342
f 1134 1719 2931
f 1134 2931 2857
f 1246 2653 2932
f 1246 2932 2921
f 1778 1039 2933
f 1778 2933 4235
f 4727 2260 2934
f 1882 2934 1136
f 3895 832 2935
f 4589 3558 986
f 3857 650 2936
f 1959 2936 4248
f 4596 2088 2937
f 1639 2937 4595
f 4576 1791 2938
f 1524 3726 2739
f 1178 2340 2939
f 2148 2939 2167
f 2425 1268 2940
f 771 4554 2249
f 4733 2023 2941
f 1725 2941 4725
f 3946 1384 4176
f 2874 2942 817
f 2299 1565 2943
f 2299 2943 981
f 4586 699 4162
f 4912 2551 849
f 1187 2944 2945
f 4324 2818 1585
f 3648 905 2946
f 1187 2946 4162
f 530 532 2947
f 1870 2947 3092
f 622 2187 2948
f 622 2948 621
f 4059 1191 4076
f 495 2949 494
f 1191 2561 2950
f 1191 2950 1726
f 597 598 2951
f 1792 4892 4201
f 1916 779 2952
f 4880 4553 1072
f 1155 2017 2953
f 1571 2953 3189
f 2881 1305 2954
f 1538 2954 4506
f 2080 1366 2955
f 1811 2955 1021
f 1465 2270 2956
f 4143 484 486
f 3639 1926 2957
f 2006 2957 1739
f 3086 1543 2958
f 1385 2958 2920
f 1751 1402 2959
f 1751 2959 1091
f 2108 1668 2960
f 2108 2960 1516
f 2340 1178 2961
f 808 2961 4443
f 1178 1683 2962
f 1178 4271 2961
f 1156 1830 2963
f 1156 2963 4824
f 2596 2142 2964
f 1205 2964 2598
f 2948 1427 2965
f 620 2965 1932
f 1201 1964 2966
f 1201 2966 2496
f 1677 783 2967
f 1201 2967 1772
f 2535 869 2968
f 2871 2968 1415
f 3414 1639 2969
f 1267 2969 1940
f 290 292 2970
f 290 2970 2243
f 4280 1146 2971
f 1992 2971 704
f 3232 282 2972
f 1313 2972 3402
f 2673 716 2973
f 2673 2973 2099
f 2885 835 2974
f 1972 2974 1220
f 2843 840 2975
f 1608 3319 3314
f 2547 755 4775
f 1512 2976 2145
f 3161 1576 2977
f 514 2977 2410
f 2258 1036 2978
f 4515 2995 676
f 1045 2062 2979
f 1896 4105 1216
f 2274 1341 2980
f 1050 2980 2276
f 3301 640 2981
f 1224 2981 3285
f 4822 833 2982
f 1532 2982 4233
f 4124 1926 2983
f 692 2983 1854
f 2309 1432 2984
f 819 2984 1896
f 3858 892 2985
f 1871 2985 1202
f 1202 1762 2986
f 1202 2986 1703
f 4389 1202 2987
f 828 3398 2188
f 1967 947 2988
f 4018 1223 2722
f 3152 1330 2989
f 1223 2989 2317
f 2498 1210 2990
f 881 2990 3179
f 995 2102 2991
f 995 2991 1881
f 3373 912 2992
f 1830 2992 2247
f 3217 847 2993
f 1529 2993 3289
f 2041 1213 2994
f 4511 3299 1257
f 1213 1769 2995
f 4514 4515 1602
f 3238 812 2996
f 1575 2996 4360
f 2146 963 2997
f 2146 2997 1174
f 4225 1735 2998
f 1411 4453 2348
f 914 1739 2999
f 4860 4861 1738
f 1511 2824 4226
f 847 4372 2512
f 4623 1211 3001
f 692 3001 4124
f 1998 712 3002
f 1864 3002 1401
f 1404 2192 3003
f 1404 4436 1956
f 2507 882 3004
f 1252 3004 1740
f 728 1813 3005
f 728 3005 4293
f 3009 1560 3006
f 1009 3006 2016
f 4591 1906 3007
f 4591 3007 3822
f 1773 3838 3164
f 1312 3008 2897
f 4468 1560 3009
f 1890 3009 1009
f 4092 1597 4350
f 1434 3010 4024
f 4065 1808 3011
f 1443 3011 4064
f 1192 1851 3012
f 1192 3012 3041
f 1873 1218 3013
f 2186 3013 713
f 3094 793 3014
f 1708 3014 2781
f 2255 1308 3015
f 1208 3015 2748
f 2099 831 4257
f 1533 3016 2693
f 2342 1175 3775
f 2343 3017 726
f 3310 1364 4762
f 667 3018 4728
f 4510 979 3019
f 1497 3019 3147
f 1459 2261 3020
f 1459 3020 2226
f 3370 1188 3021
f 877 3021 3813
f 3021 1188 3022
f 1804 3022 4548
f 2412 1339 4247
f 535 3023 533
f 3430 1289 3024
f 445 4094 444
f 4491 1695 3025
f 1193 3025 1851
f 3617 1445 3026
f 137 3026 136
f 3026 1584 3027
f 136 3027 134
f 1730 917 3028
f 1730 3028 3029
f 675 1730 3029
f 675 3029 1982
f 4360 1249 3030
f 1575 3030 3360
f 2459 1783 3031
f 922 3031 4120
f 1424 2207 3032
f 1424 3032 2497
f 4847 948 3033
f 1655 3033 2615
f 4255 1150 3034
f 1592 3034 4572
f 2465 1144 3035
f 2152 3035 1013
f 2679 823 3036
f 1519 4212 4000
f 4745 1855 3037
f 1180 3037 1854
f 3039 1189 4885
f 4884 3038 761
f 3077 1189 3039
f 1780 3039 4608
f 2704 506 3040
f 1478 3040 2706
f 2484 1192 3041
f 893 3041 3836
f 2084 983 3042
f 2084 3671 3731
f 4424 4852 3043
f 685 3043 1950
f 3845 802 3044
f 1230 3044 3068
f 3755 747 3045
f 2233 3045 1075
f 4528 1975 3046
f 1006 3046 3196
f 4384 1510 3047
f 842 3047 2799
f 1837 734 3048
f 1837 3048 2320
f 2137 1275 3049
f 953 4815 1919
f 3826 778 3051
f 3049 3050 1276
f 3913 1709 3051
f 1275 3051 3050
f 860 1864 3052
f 860 3680 1898
f 2258 1297 4634
f 4634 3053 3231
f 4765 1204 3071
f 898 3054 1755
f 2902 1561 3055
f 1215 3821 2175
f 4098 1474 3288
f 1474 3056 2433
f 4216 1200 3057
f 1006 3057 4528
f 2909 767 3058
f 1846 3058 4098
f 4540 1203 3059
f 2121 3059 2714
f 3059 1203 3060
f 711 3060 2610
f 2073 1272 3061
f 778 3061 2161
f 1318 1979 3308
f 1272 3062 3061
f 3897 3308 3063
f 660 3063 4325
f 1789 934 4287
f 1226 4578 3065
f 4492 1226 3065
f 642 3065 3253
f 3369 879 3066
f 3369 3066 3429
f 2764 1209 3067
f 2764 3067 1789
f 2388 1099 3068
f 1230 3068 4612
f 2095 997 3069
f 3561 2094 731
f 587 588 3070
f 1958 4173 1238
f 1088 2182 3071
f 2467 3071 3054
f 2197 1214 3072
f 1757 3072 1038
f 1866 1626 3073
f 1866 3073 1085
f 1147 2543 3074
f 1147 3074 2573
f 3779 891 3075
f 1912 3075 1302
f 3669 1690 3076
f 508 3076 3040
f 3039 1780 3077
f 1189 3077 3138
f 4682 1901 3078
f 1843 3078 1183
f 2012 1207 3079
f 857 3079 3178
f 1207 2012 3080
f 1207 3080 2570
f 462 464 3081
f 462 3081 2064
f 1279 2222 3082
f 4418 572 2763
f 4016 1495 3966
f 4502 1625 2726
f 1038 2266 3084
f 1038 3084 2267
f 4131 4045 3085
f 1494 3085 2015
f 3177 838 3086
f 1385 3086 2958
f 1665 2742 3087
f 906 3087 2762
f 2443 1952 3636
f 1746 3088 3184
f 4202 3089 3559
f 1322 3441 3304
f 774 1809 3090
f 774 3090 1811
f 2240 1047 3091
f 2240 3091 1102
f 2947 1338 3092
f 1870 3092 940
f 4758 2154 3093
f 1198 3093 2403
f 3014 1708 3094
f 793 3094 4828
f 2856 1684 3095
f 1044 3095 2180
f 3984 873 3096
f 1637 3096 1900
f 2190 1598 4737
f 769 3097 4323
f 526 2858 3098
f 524 3098 2413
f 1003 1983 3099
f 2123 3099 1437
f 1214 2177 3100
f 2266 3100 763
f 1905 1240 3101
f 972 3101 2794
f 4661 1875 3102
f 1240 3102 3101
f 4777 690 3103
f 1240 3103 4661
f 3320 874 3104
f 4181 4135 951
f 2582 1053 3105
f 3106 2721 785
f 1323 3105 3106
f 1323 3106 2100
f 1843 1035 3107
f 1843 4373 814
f 867 1777 3108
f 1659 3108 2360
f 2357 925 4840
f 1283 3109 1796
f 4108 808 3110
f 4147 1283 2713
f 2579 843 3111
f 1809 3111 1190
f 4051 1679 3112
f 2077 3112 2593
f 3818 1692 3113
f 1381 3113 3817
f 1080 2435 3114
f 1080 3114 2436
f 2845 1797 3115
f 900 3115 3358
f 964 1782 3116
f 964 3116 1865
f 3118 1268 3117
f 2156 3117 1029
f 2584 1268 3118
f 2584 3118 1511
f 3564 1014 3119
f 3119 3601 3664
f 1269 2690 3120
f 3121 3860 654
f 1269 3120 3121
f 1269 3121 4545
f 3536 1642 3122
f 2057 3122 1207
f 733 2439 3123
f 2408 3123 1070
f 3947 1489 3124
f 2314 3124 1179
f 1346 2991 3125
f 2854 3125 309
f 2606 1128 3126
f 1684 3126 3095
f 1140 2225 3832
f 1691 4172 2472
f 4894 1819 3128
f 2123 3128 1003
f 3473 1234 3129
f 1567 4876 3211
f 1058 1790 3130
f 1775 3130 4632
f 1027 2248 3131
f 1027 3131 2249
f 2788 1509 3132
f 1344 4386 2281
f 3136 1217 3133
f 1438 3133 3845
f 3164 1312 3134
f 3133 3134 802
f 3311 1773 3135
f 1057 3135 2285
f 3135 1217 4149
f 853 3136 3887
f 4348 1060 3137
f 1227 3137 3144
f 915 1855 3138
f 1856 3138 3077
f 3907 1454 3139
f 2350 3139 1042
f 2540 1480 4406
f 583 3140 4839
f 986 1957 3141
f 1771 3141 1288
f 1603 2315 4673
f 756 3142 2196
f 2596 1516 3143
f 762 3143 2764
f 3137 2158 3144
f 1227 3144 2322
f 4229 1483 3145
f 1961 3145 4118
f 4223 2704 3146
f 1868 3146 3640
f 4067 681 3147
f 4259 2375 1112
f 2016 686 3148
f 2016 4791 1009
f 3021 877 3149
f 4079 4529 1619
f 2026 2027 3150
f 1564 3150 2436
f 2339 1786 3151
f 729 4695 4105
f 2680 1330 3152
f 2680 3152 947
f 1955 1528 4574
f 821 3153 2644
f 4772 1239 3154
f 2133 3154 3768
f 1225 2190 3155
f 1225 3295 1950
f 4616 1662 3156
f 3355 614 615
f 1774 1055 3157
f 1774 3157 908
f 3638 1836 3158
f 2241 3158 1324
f 3338 1798 3159
f 1522 3159 4393
f 3594 1479 3160
f 1390 4781 1947
f 515 517 3161
f 1576 3161 4043
f 272 2134 3162
f 270 3162 2881
f 4097 1059 3163
f 2037 3163 848
f 3008 1312 3838
f 1773 3164 3135
f 3263 1280 3165
f 1710 3165 4864
f 3781 992 3166
f 4855 4300 767
f 2813 1471 3167
f 916 4296 3365
f 1727 1095 3168
f 1727 3168 2370
f 4137 648 3169
f 2332 3169 1241
f 4450 2273 3170
f 1083 3170 2472
f 304 305 3171
f 1667 3171 4036
f 2554 932 3172
f 1734 3922 3305
f 3979 678 3173
f 1254 3173 3909
f 1708 1254 3174
f 1112 3174 2446
f 3174 1254 3175
f 2446 3175 820
f 1753 663 3176
f 1753 3176 1136
f 1653 2777 4751
f 1278 4376 2893
f 3405 1258 3178
f 1642 3178 3079
f 2990 2060 3179
f 881 4559 3605
f 2060 644 3180
f 1258 3180 4282
f 4733 1725 3181
f 725 3181 3885
f 4256 1592 3182
f 2282 3182 1028
f 669 2617 3183
f 669 3183 2092
f 1160 1746 3184
f 4902 4487 2586
f 2439 1069 3185
f 1663 3185 3824
f 3847 707 3186
f 1508 3186 3303
f 2062 2244 3187
f 4687 2631 1605
f 3151 729 3188
f 2339 3188 1293
f 1828 2141 3189
f 876 3189 2953
f 2131 1350 3190
f 206 3190 203
f 819 1844 3191
f 819 3191 2309
f 1235 1909 3192
f 1235 3192 3191
f 2519 1430 3193
f 1056 3193 2235
f 3529 682 3194
f 1632 3194 2376
f 2247 1065 4805
f 1593 3195 2630
f 3046 1395 3196
f 1006 3196 1873
f 1160 1923 3197
f 1831 3197 4005
f 2836 889 3198
f 1661 3198 2400
f 2639 751 3199
f 2074 3199 1304
f 1685 1277 3200
f 945 3200 1879
f 2628 1109 3201
f 1354 3201 2412
f 3854 937 3202
f 1887 3202 1250
f 1887 1250 3203
f 790 3203 2277
f 765 2024 3204
f 2227 4904 1735
f 1840 851 3205
f 1840 3205 3404
f 2591 1231 3206
f 926 3206 3789
f 3338 694 3207
f 1798 3207 2845
f 4683 899 3208
f 2534 3208 1229
f 2362 1432 3209
f 638 3209 3259
f 3974 1431 3210
f 1352 3210 3280
f 1071 1889 4876
f 1567 3211 2147
f 1075 1989 3212
f 1075 3212 2464
f 2113 670 3213
f 3215 788 2079
f 2113 3213 3214
f 2113 3214 988
f 3214 1285 3215
f 788 3215 2815
f 4483 1027 4396
f 1529 3216 3217
f 2993 1529 3217
f 3217 3918 4226
f 3741 870 3218
f 2356 3218 1354
f 2033 1416 3219
f 2033 3219 2823
f 859 2890 3220
f 859 3220 2164
f 3771 635 3221
f 2137 3221 1275
f 4815 1276 3222
f 704 3222 1922
f 3139 1454 3223
f 3139 3223 1042
f 2142 762 3224
f 1357 4232 2444
f 2514 171 3225
f 1501 4587 2471
f 672 2487 3226
f 1860 3226 4151
f 1115 2550 3227
f 1115 3227 2483
f 2300 1311 3228
f 2300 4291 1312
f 2386 1311 3229
f 633 3229 4091
f 3010 1597 3230
f 878 3230 2300
f 2491 791 3231
f 4818 4268 992
f 280 282 3232
f 3977 1313 1946
f 2962 679 3233
f 1413 4077 2221
f 2053 1463 3234
f 2053 3234 973
f 723 2174 3235
f 1818 3235 1161
f 3226 1367 4151
f 3804 1933 1388
f 4851 2252 4909
f 2030 3237 998
f 1406 2875 3238
f 3360 3030 896
f 1906 1814 3239
f 1906 3239 924
f 4261 1353 3240
f 850 3240 3594
f 738 1923 3241
f 738 3241 1827
f 2846 1286 3242
f 1816 3242 4043
f 3426 4896 3243
f 1244 3243 1984
f 4699 1840 3244
f 1245 3244 2224
f 1245 2224 3246
f 938 3245 1984
f 3247 1245 3246
f 1935 3246 938
f 2311 1620 3247
f 4527 3246 1935
f 1332 2918 3248
f 1332 3248 4176
f 2539 1081 3249
f 1238 3249 1958
f 3249 1238 3250
f 2539 3250 751
f 2263 1716 3251
f 4214 4173 1477
f 1562 2738 3252
f 1562 3710 1820
f 3064 1300 4578
f 642 3253 4790
f 4648 1942 3254
f 1300 4133 2168
f 1801 798 3255
f 1801 3255 1157
f 2295 658 3256
f 1260 3256 2014
f 2923 772 3257
f 1885 3257 3315
f 2426 2230 3258
f 1067 3258 2320
f 3209 1834 3259
f 638 4366 2635
f 3638 941 3260
f 3259 3260 1267
f 3598 1749 3261
f 4326 2059 1631
f 1281 2760 3262
f 1281 3262 2814
f 3221 635 3263
f 1710 3263 3165
f 3265 789 3264
f 2372 3264 1281
f 1933 789 3265
f 1280 3265 2372
f 2192 803 3266
f 1255 3266 3786
f 927 1818 3267
f 927 3267 4894
f 2076 1736 3268
f 1580 3268 2629
f 1050 1728 3269
f 1050 3269 2275
f 2119 911 3270
f 1241 3270 3269
f 2068 741 3271
f 2068 3271 1104
f 1251 2858 3272
f 1251 3272 1970
f 1082 2504 4617
f 1662 3273 4615
f 1243 1867 3274
f 4749 1689 4095
f 1097 1940 3275
f 1640 3275 2614
f 2699 1538 3276
f 2699 3276 1869
f 2597 1425 4298
f 2418 3277 1116
f 3645 919 3278
f 3279 3659 643
f 1628 3278 3279
f 1628 3279 2484
f 2000 639 3280
f 2000 3280 3210
f 3649 1349 3281
f 4534 4144 297
f 3376 853 3282
f 4760 2649 1106
f 2032 782 4155
f 2889 3283 1335
f 3656 1892 3284
f 1947 3284 1188
f 2002 1224 3285
f 2002 3285 868
f 852 2461 3286
f 4192 3359 2054
f 2748 1144 3287
f 2748 3287 1208
f 2910 1846 3288
f 827 3288 4346
f 2993 1298 3289
f 1529 3289 2398
f 3776 1383 4090
f 3289 3290 647
f 4090 1298 3291
f 1910 3291 3884
f 3736 844 3793
f 1694 3292 3634
f 1989 2046 3293
f 1989 3293 950
f 4077 1308 3294
f 786 3294 3516
f 1225 3155 3295
f 1950 3295 943
f 2516 1265 3296
f 955 3296 3866
f 2848 890 3297
f 1999 3297 1265
f 2341 1419 4706
f 156 3298 153
f 2415 1601 3299
f 862 4511 2994
f 4555 1257 3300
f 636 3300 2920
f 4689 1680 3301
f 2005 3301 2981
f 2374 1125 3302
f 2374 3302 1194
f 2788 901 3303
f 2788 3303 1509
f 3441 2253 3304
f 1322 3304 2061
f 3922 700 3305
f 1734 3305 2577
f 2698 1237 3306
f 2358 3306 781
f 4075 1473 3307
f 2605 3307 668
f 1979 3062 3308
f 1318 3308 3897
f 4395 2063 3309
f 1998 3309 2305
f 667 2214 4762
f 1364 3310 2212
f 2443 1256 3311
f 1057 3311 3135
f 4299 1256 3312
f 702 3312 3971
f 2968 869 4597
f 2131 3313 1350
f 2986 721 3314
f 1703 3314 1054
f 3257 1260 3315
f 1885 3315 3512
f 4701 944 3316
f 1347 3316 3655
f 3740 697 3815
f 1378 4476 2761
f 3687 1507 3318
f 821 3318 4895
f 1608 2975 3319
f 1054 3319 2600
f 2746 874 3320
f 2746 3320 1209
f 4675 936 3321
f 1807 3321 2289
f 3471 1396 3322
f 1905 3322 4777
f 3798 1270 3323
f 1772 3323 906
f 2844 1756 3324
f 1177 3324 1938
f 2342 842 3325
f 2342 4027 1175
f 983 2083 3326
f 1851 3326 1193
f 960 2622 3327
f 1987 3327 2671
f 3847 1458 3328
f 707 3328 2276
f 2156 1029 4224
f 1646 3329 4571
f 2127 666 3330
f 2127 3330 1182
f 1414 2231 3331
f 1414 3331 2126
f 3383 1261 3332
f 1949 3332 4809
f 2792 1259 3333
f 2792 4675 1776
f 1768 1261 3334
f 772 3334 1981
f 4575 991 3335
f 1977 3335 4568
f 3977 1946 3336
f 275 3336 3535
f 3557 556 3337
f 1660 4398 2501
f 2927 694 4391
f 1522 3338 3159
f 3463 1635 3339
f 872 4284 4004
f 1051 1845 4382
f 1658 3340 4871
f 4435 656 3341
f 3753 3506 924
f 1934 938 3342
f 1934 3460 790
f 2521 1617 3343
f 4455 3984 1615
f 2129 1262 3344
f 776 3344 1974
f 3344 1262 3345
f 961 3345 4671
f 2561 776 4425
f 4573 1263 2548
f 1918 705 3347
f 1262 3347 3345
f 3440 1675 3348
f 142 3348 4845
f 4472 593 3349
f 1591 3349 3744
f 1266 2036 3350
f 1266 3350 2229
f 2229 3208 3351
f 1266 3351 3802
f 2581 1116 3352
f 1678 3352 737
f 3354 1415 3353
f 207 3353 2131
f 2871 1415 4297
f 440 3354 2
f 1682 3156 3355
f 1682 3355 2225
f 1100 1808 3356
f 1100 3356 2731
f 3202 1874 3357
f 2728 3357 606
f 2361 900 3358
f 2361 3358 1264
f 1462 2640 3359
f 1462 4192 3286
f 1406 3238 3360
f 1406 3795 2599
f 2152 1013 3361
f 3621 1362 1911
f 3613 834 3362
f 1348 3362 2681
f 2966 695 3363
f 2966 3363 2496
f 763 1893 3364
f 763 3364 2041
f 2490 1282 3365
f 2490 4296 1491
f 2490 825 3366
f 1282 3366 3915
f 3543 1416 3367
f 546 3367 543
f 4286 1828 3368
f 912 3368 4739
f 3429 1289 3369
f 879 3369 3935
f 1947 1188 3370
f 1947 3370 3637
f 4017 1943 4159
f 1485 3371 2109
f 2450 1296 3372
f 733 3372 2439
f 4286 912 3373
f 2141 3373 1156
f 4681 2081 3374
f 995 3374 4036
f 4304 806 3375
f 2039 3375 2450
f 2285 853 3376
f 1550 3376 3556
f 1314 2047 3377
f 1314 3377 4682
f 594 595 3378
f 1903 3378 4031
f 4666 1792 3379
f 596 3379 3378
f 923 1753 3380
f 923 3380 4200
f 1055 2371 3381
f 1055 3419 4329
f 221 224 3382
f 3867 3724 1363
f 1981 1261 3383
f 1981 3383 936
f 1407 2314 3384
f 1407 3384 1982
f 1151 2050 3385
f 1713 3385 2669
f 1970 940 3386
f 1970 3386 3575
f 2749 1869 3387
f 1291 3387 1865
f 3705 714 3388
f 1301 3388 3497
f 1825 910 3389
f 1825 3545 1119
f 4478 3390 3458
f 1292 4519 3733
f 1794 561 3391
f 1794 4613 1087
f 4569 1934 3392
f 1727 3392 790
f 4116 1747 3393
f 1172 3393 2659
f 4546 189 3394
f 1912 3394 3779
f 1343 1767 3395
f 1343 3395 2193
f 2975 840 3396
f 1577 3396 4604
f 3727 671 3397
f 2193 3397 1343
f 2987 1703 3398
f 2987 3398 828
f 2919 1014 3399
f 3901 1814 760
f 3538 1408 3400
f 1150 3400 2736
f 2232 238 3401
f 1327 3401 2176
f 2972 1452 3402
f 1313 3402 2459
f 1313 2459 3403
f 1313 3403 1946
f 1274 2602 3404
f 1840 3404 3244
f 3179 1258 4559
f 1674 3536 2474
f 2724 1307 3406
f 1493 3406 2809
f 1307 2724 3407
f 1307 3407 4593
f 2434 1284 3408
f 2434 3408 3734
f 4866 945 3409
f 2292 3409 1284
f 2425 771 3410
f 2425 3410 1269
f 2687 1752 3411
f 2687 3411 2333
f 116 118 3412
f 116 3412 2293
f 2559 1540 3413
f 1290 3413 4676
f 4754 735 3414
f 1835 3414 3995
f 2995 1769 3415
f 676 3579 2896
f 3782 861 3416
f 1769 3416 3415
f 2311 664 3417
f 1325 3417 2618
f 2341 1122 3418
f 1419 4108 3110
f 1055 3381 3419
f 4407 3744 966
f 1297 2978 3420
f 1297 3420 2896
f 3740 1973 3421
f 1376 3472 1913
f 3172 1393 3922
f 700 3422 3568
f 2630 860 3423
f 4263 1339 3201
f 4826 2069 3424
f 231 3424 229
f 1204 2098 3425
f 1755 3425 4219
f 3243 1244 3426
f 1490 4796 4912
f 1400 2242 3787
f 888 3427 2121
f 4426 1390 3428
f 1358 3428 3650
f 3066 1233 3429
f 1289 4337 3024
f 2383 1289 3430
f 2383 3430 450
f 2473 1179 3431
f 2473 3431 4882
f 4251 1366 3432
f 2212 3432 810
f 837 2850 3433
f 837 3433 2272
f 3435 1646 3434
f 1407 3434 2314
f 3633 1646 3435
f 812 3435 2996
f 3149 877 3436
f 2602 3436 1359
f 2332 1241 3437
f 2332 3437 931
f 2020 1331 3438
f 648 3438 3169
f 1331 1859 3439
f 1331 3439 2773
f 4368 1675 3440
f 145 3440 144
f 1018 2253 3441
f 3089 3441 1322
f 4368 1294 3442
f 1675 3442 4720
f 3861 2061 3443
f 4367 4368 1534
f 2541 1418 3444
f 801 3444 2335
f 1418 2096 3445
f 1418 4458 2334
f 1366 2080 3446
f 1366 3446 2197
f 1153 2529 3447
f 1153 3447 2070
f 3346 1974 3448
f 1263 3448 2008
f 1500 2526 3449
f 624 3449 623
f 2477 1799 3450
f 2918 3450 1470
f 1565 2855 4550
f 982 3451 4195
f 4893 1315 3452
f 844 3452 1936
f 1484 2378 4222
f 3732 4580 1660
f 3518 893 4242
f 1629 3454 3642
f 2135 1061 3455
f 2135 3455 2316
f 1895 999 3456
f 1895 3456 2660
f 3506 1815 3457
f 924 3457 2405
f 3509 742 3458
f 3457 3458 1292
f 4586 1997 3459
f 699 3459 1984
f 3342 1295 3460
f 790 3460 1887
f 1288 1957 3461
f 2460 3461 245
f 2306 1884 3462
f 687 3462 3980
f 2620 1302 4719
f 872 3463 3339
f 1912 1302 3464
f 188 3464 185
f 1303 2006 3465
f 1303 3465 3466
f 2288 1303 3466
f 632 3466 4730
f 4420 724 3467
f 3158 3467 1324
f 3836 1718 3468
f 1176 3468 1839
f 1417 3282 3469
f 1417 3469 4145
f 3471 1545 3470
f 3885 3181 1749
f 3711 1545 3471
f 972 3471 3322
f 3421 891 3472
f 3421 3472 1376
f 2527 1234 3473
f 2527 3473 753
f 4119 698 3474
f 1309 3474 3586
f 3586 2021 3475
f 1309 3475 2163
f 4413 1309 3476
f 4413 3476 4331
f 2199 1578 3477
f 2861 3477 866
f 2862 219 3478
f 2367 3478 1687
f 2961 1413 3479
f 4443 1361 2130
f 789 2489 3480
f 789 4518 3264
f 4153 1656 3481
f 4871 4801 1658
f 2262 665 3872
f 1656 3482 3481
f 2980 1341 3483
f 1803 3483 4320
f 4693 2072 3484
f 759 3484 4170
f 3882 1251 3485
f 2815 3485 788
f 2089 958 3486
f 2089 3486 1248
f 2134 1040 3487
f 3162 3487 1305
f 2775 1552 3488
f 843 3488 2336
f 2204 657 3489
f 2204 4891 1118
f 2520 1611 3490
f 1070 3490 2408
f 4448 1068 3491
f 4448 3491 3492
f 4449 1705 3492
f 3673 3490 1611
f 2929 1492 4868
f 3406 3493 825
f 1355 2271 3494
f 1868 3494 4223
f 4288 684 3495
f 1299 3495 2319
f 2188 1744 3496
f 1963 3496 942
f 962 2011 3497
f 962 3497 1863
f 4114 1103 3498
f 2365 3498 774
f 2021 974 3499
f 2021 3499 1310
f 3499 1838 3500
f 1310 3500 2294
f 2830 1451 4910
f 2829 3501 677
f 2655 1541 3502
f 1111 3502 2656
f 2872 773 3757
f 3502 3503 1549
f 3036 823 3504
f 1785 3618 990
f 2925 882 3505
f 1768 3505 1261
f 3341 1421 3753
f 924 3506 3457
f 1030 2311 3507
f 2310 3507 1325
f 1818 2475 3508
f 2181 3508 1001
f 3704 1329 3509
f 1815 3509 3458
f 1927 1329 3510
f 1927 3510 3157
f 3533 1037 3511
f 3533 3511 3704
f 1171 1885 3512
f 1742 3512 4900
f 2140 1800 3513
f 1706 3513 884
f 1500 2544 3514
f 3515 3725 1594
f 1500 3514 3515
f 1500 3515 2526
f 2139 786 3516
f 1321 3516 1847
f 2254 1321 3517
f 650 3517 2936
f 2484 3041 3518
f 4242 893 3454
f 1779 2280 3519
f 1123 3519 2711
f 1293 3187 3520
f 1293 3520 4006
f 1872 1136 3521
f 1872 3521 1386
f 1872 1386 3522
f 701 3522 2026
f 3522 1386 3523
f 2026 3523 968
f 824 2481 3524
f 1518 3524 2716
f 2116 1170 3525
f 2116 3525 666
f 3966 657 3526
f 2071 3526 1162
f 630 2360 3527
f 2838 3527 4607
f 1283 1796 3528
f 2713 3528 151
f 1104 2587 3529
f 2585 3529 1632
f 777 2636 3530
f 777 4670 1931
f 4245 645 3531
f 1319 3531 2700
f 2636 1130 3532
f 2636 3532 3530
f 3704 1421 3533
f 1037 3533 2106
f 3823 2117 3534
f 639 3534 2520
f 4429 2134 3535
f 1732 3535 3336
f 1674 3405 3536
f 722 3536 3122
f 2240 1102 3537
f 2240 3537 4754
f 2198 2051 4482
f 913 3538 2735
f 1194 1795 3539
f 2338 3539 4899
f 2124 1049 3540
f 4565 1324 3467
f 4812 1770 3541
f 1324 3541 2241
f 1201 2496 3542
f 1677 3542 2381
f 3219 1416 3543
f 212 3543 100
f 794 2568 3544
f 794 3544 2522
f 3389 1326 3545
f 3389 3545 1825
f 2351 1316 3546
f 254 3546 251
f 2008 961 3547
f 1318 3547 2723
f 3549 1317 3548
f 1859 3548 3439
f 2320 1317 3549
f 929 3549 4655
f 2356 1354 3550
f 541 3550 540
f 1152 2245 3551
f 1821 3551 3797
f 2595 752 3552
f 2517 3552 1102
f 2139 1321 3553
f 2139 3553 1018
f 1149 2803 3554
f 2767 3554 1353
f 2843 1589 3555
f 840 3555 2145
f 2586 1550 3556
f 1105 3556 2588
f 4580 1342 3557
f 556 3557 555
f 2935 1327 3558
f 986 3558 2176
f 786 3089 4202
f 1361 3559 2357
f 2624 816 3560
f 1387 3560 2200
f 1335 3069 3561
f 1335 3561 4285
f 3811 2086 3562
f 1410 3562 4404
f 4863 1784 3563
f 1785 3563 3036
f 4435 1715 3564
f 1704 3564 3119
f 764 2989 3565
f 2778 3565 2162
f 1678 2422 3566
f 1678 3566 885
f 804 2954 3567
f 804 3567 2163
f 3422 2149 3568
f 2485 3568 4141
f 3609 1862 3569
f 1348 3569 3613
f 2832 1351 3570
f 2076 3570 907
f 3554 2803 3571
f 1353 3571 2104
f 2614 858 3572
f 4888 1429 2661
f 2280 761 3573
f 1679 3573 1129
f 1092 2397 3574
f 1853 3574 923
f 3485 1970 3575
f 788 3575 2079
f 4430 1337 3576
f 784 3576 4433
f 2259 731 3577
f 1337 4635 4808
f 2132 1151 3578
f 2132 3578 897
f 2822 1404 3579
f 3415 3579 676
f 4205 2442 3580
f 641 3580 4652
f 3875 1921 3581
f 4433 3576 1670
f 2654 887 3582
f 2069 3582 3424
f 1444 2753 3583
f 1444 3583 2530
f 2888 1649 3584
f 4012 1444 2530
f 1316 2769 3585
f 2054 3585 3234
f 3474 1723 3586
f 1309 3586 3475
f 1280 3263 3803
f 1388 3587 1857
f 787 2352 3588
f 2322 3588 2663
f 3590 1333 3589
f 2170 3589 781
f 3589 2170 3590
f 1333 3590 3591
f 2922 1333 3591
f 629 3591 2173
f 1320 2445 3592
f 2125 3592 1049
f 4199 885 3593
f 4640 1330 2680
f 3240 1479 3594
f 850 4426 2003
f 2812 1631 3595
f 1124 3595 2073
f 1737 2455 4730
f 632 3596 2599
f 2315 867 3597
f 2315 3597 1149
f 3322 1396 4778
f 894 3598 3261
f 1793 1368 3599
f 2424 3599 811
f 2040 1368 3600
f 2040 3600 984
f 1704 3119 3664
f 861 3601 3416
f 2882 568 3602
f 2882 3602 1368
f 1721 1025 3603
f 1721 3603 1356
f 4793 2474 3604
f 1356 3604 1721
f 2448 881 3605
f 4793 1674 2474
f 4686 2179 3606
f 755 3606 2976
f 1897 1061 3607
f 1897 3607 2816
f 2024 1168 3608
f 2024 3608 1167
f 1104 1862 3609
f 1104 3609 2587
f 3806 2195 3610
f 683 3774 2166
f 599 600 3611
f 1960 3611 1253
f 1091 2333 3612
f 1091 3612 2549
f 2330 834 3613
f 2330 3613 3569
f 494 1726 3614
f 492 3907 490
f 2377 1414 3615
f 736 3615 4073
f 1062 2421 3616
f 2284 3616 1222
f 1978 1445 3617
f 140 3617 137
f 3504 1445 3618
f 990 3618 4720
f 2013 1904 3619
f 2013 3619 2228
f 3828 1530 3620
f 3389 3620 1326
f 1306 3361 3621
f 1306 3839 2681
f 684 3343 3622
f 684 3622 2319
f 1360 2035 3623
f 1360 4432 4763
f 609 610 3624
f 2278 3624 4539
f 2626 1425 3625
f 2153 3625 859
f 3248 1470 3626
f 2345 3626 2347
f 2001 2324 3627
f 2001 3627 3748
f 1391 2692 3628
f 1137 3628 2744
f 1579 2762 3629
f 1579 3629 2751
f 934 1941 3630
f 1942 3630 3723
f 2070 1345 3631
f 2070 3631 1066
f 1345 1897 3632
f 1345 3632 3631
f 2718 1369 3633
f 812 3633 3435
f 1466 3278 3634
f 1694 3634 3675
f 2015 1877 3635
f 2015 3635 1052
f 3316 944 3636
f 1953 3636 3088
f 1390 1947 3637
f 1390 3637 3428
f 1046 1836 3638
f 1834 3638 3260
f 2557 1926 3639
f 2557 3639 4858
f 3146 959 3640
f 1868 3640 1355
f 2943 1945 4667
f 1693 3642 3454
f 1693 3641 3642
f 3643 2867 1569
f 1629 3642 3643
f 1629 4242 3454
f 1629 3643 3644
f 3674 2900 1645
f 3278 1628 3645
f 919 3645 3644
f 1166 2392 3646
f 4344 756 2326
f 2509 1544 3647
f 1450 3647 2353
f 2888 905 3648
f 1613 3648 2590
f 3281 2022 3649
f 1349 3649 3780
f 3637 673 3650
f 1358 3650 3651
f 3853 1358 3651
f 1861 3651 1142
f 3853 1012 3652
f 1358 3652 2003
f 2036 921 3653
f 1456 3653 2874
f 4434 2147 3654
f 2122 3654 4488
f 4476 1347 3655
f 2761 3655 886
f 904 2691 3656
f 904 3656 3284
f 4787 1323 3657
f 2264 3657 1034
f 3274 1030 3658
f 4323 2310 769
f 3731 643 3659
f 1729 3659 2758
f 551 2402 3660
f 550 3660 2739
f 2737 896 3661
f 2737 3661 2414
f 4839 1976 3662
f 2578 3662 1103
f 4177 889 3663
f 1513 3663 3665
f 1513 1704 3664
f 1513 3664 2926
f 3663 1914 3665
f 1513 3665 1704
f 4636 1001 3666
f 1765 3666 4637
f 2409 1068 3667
f 2409 3668 733
f 2450 733 3668
f 1399 3668 3667
f 510 512 3669
f 1690 3669 4609
f 2239 1228 3670
f 2239 4473 806
f 1192 2484 3671
f 3042 3671 2084
f 959 1918 3672
f 959 3672 2129
f 884 3492 3673
f 884 3673 2117
f 919 3644 3674
f 919 3675 3634
f 919 3674 3675
f 1694 3675 2533
f 2676 1114 3676
f 3947 3124 856
f 665 2262 4837
f 1651 3677 2517
f 2760 1624 3678
f 1623 3678 4663
f 466 467 3679
f 2047 3679 4715
f 860 3052 3680
f 1898 3680 1338
f 3824 1587 3681
f 2473 3681 1179
f 2138 1365 3682
f 2138 3682 2958
f 3236 1367 3683
f 1933 3683 789
f 2485 1559 3684
f 2485 3684 1841
f 2347 1470 3685
f 2347 3685 818
f 2743 1370 3686
f 994 3686 2128
f 3318 821 3687
f 3842 2768 975
f 1507 3687 3688
f 3689 975 1824
f 1507 3688 3689
f 3833 3173 678
f 2178 740 4377
f 3167 3690 1491
f 4735 1759 3691
f 775 3691 2056
f 1908 730 3692
f 1908 3692 1079
f 3694 1510 3693
f 2010 3693 3408
f 3693 2010 3694
f 1510 3694 2529
f 1617 3104 3695
f 3696 3993 1616
f 1617 3695 3696
f 1617 3696 3343
f 3698 1362 3697
f 1988 3697 795
f 1911 1362 3698
f 958 3698 1988
f 2686 1743 3699
f 768 3699 2683
f 3760 907 3700
f 1743 3700 3699
f 4549 1364 3701
f 1565 3701 2855
f 2546 1695 3702
f 829 3702 2261
f 2536 1371 3703
f 960 3703 1986
f 3506 1421 3704
f 1815 3704 3509
f 2211 714 3705
f 1481 3705 4231
f 2498 2990 3706
f 1673 3706 2448
f 2330 1680 3707
f 834 3707 2465
f 3159 1798 3708
f 2361 3708 900
f 3394 191 3709
f 1764 3709 2734
f 3252 839 3710
f 3252 3710 1562
f 3471 972 3711
f 1545 4405 2797
f 4715 1766 3712
f 970 3712 4342
f 3118 719 3713
f 1511 3713 2824
f 1441 2092 3714
f 1441 3714 3952
f 1081 2540 3715
f 4779 586 587
f 3799 1246 3716
f 1760 3716 2804
f 2766 1724 3717
f 1169 3717 2765
f 1372 1991 3718
f 1372 3718 3720
f 3759 792 3719
f 1852 3719 4842
f 4842 1372 3720
f 704 3720 1992
f 4726 1120 3721
f 3099 3721 1437
f 750 2556 3722
f 750 3722 4322
f 3254 1942 3723
f 780 3723 4355
f 3867 1842 3724
f 1363 3724 2683
f 2216 1888 3725
f 948 3725 3515
f 1524 2938 3726
f 2739 3726 4732
f 3397 2193 3727
f 671 3727 2390
f 2453 1742 3728
f 2453 3728 1068
f 4512 1422 3729
f 2082 3729 807
f 2497 1422 3730
f 971 3730 4877
f 4512 2084 3731
f 1422 3731 3730
f 848 3453 3732
f 848 3732 2500
f 2405 1292 3733
f 2405 3733 1092
f 1436 2434 3734
f 2757 3734 946
f 4353 947 3735
f 2810 3735 1392
f 3793 1467 3736
f 844 3736 3452
f 4235 957 3737
f 3736 3737 1698
f 2463 1183 3738
f 2463 4343 1093
f 2191 1063 3739
f 1376 3739 3740
f 2380 697 3740
f 1376 3740 3421
f 1416 2033 3741
f 1416 3741 2356
f 4632 939 3742
f 2402 3742 1524
f 3260 941 3743
f 1835 3743 2801
f 3419 1591 4407
f 966 3744 1903
f 2198 1468 3745
f 2198 3745 4677
f 818 2493 3746
f 818 3746 4188
f 2208 1468 3747
f 2208 3747 2913
f 785 2001 3748
f 785 3748 2359
f 2077 706 3749
f 1374 3749 2045
f 2045 1004 3750
f 1374 3750 3751
f 2078 1374 3751
f 792 3751 2160
f 1531 2103 3752
f 4314 4016 987
f 1421 3506 3753
f 1715 3753 3239
f 3545 1326 3754
f 2671 3754 703
f 2199 747 3755
f 2199 3755 1578
f 1578 2233 3756
f 1578 3756 2025
f 1228 2872 3757
f 1541 3757 3503
f 4281 2364 3758
f 645 3758 1930
f 4034 1373 3759
f 792 3759 2078
f 2076 907 3760
f 1736 3760 4824
f 2755 1379 3761
f 698 3761 1954
f 1379 2666 3762
f 1858 3762 3809
f 4585 715 3763
f 2097 3763 4135
f 988 2079 3764
f 988 3764 2114
f 1469 2913 3765
f 1469 3765 2346
f 4317 902 4533
f 1449 3766 1747
f 1449 2373 3767
f 1449 3767 2133
f 4533 1449 4479
f 649 3768 3154
f 3641 1945 3769
f 708 4253 2867
f 4045 955 3770
f 4411 3772 1920
f 1857 635 3771
f 1409 3771 2137
f 4411 1409 3772
f 953 3772 2137
f 2659 1786 3773
f 2659 3773 2905
f 683 3610 3774
f 2166 3774 1012
f 1053 2342 3775
f 1053 3775 2343
f 2250 1383 3776
f 796 3776 1910
f 1829 2828 4740
f 989 3777 4060
f 4122 1542 3778
f 4196 4531 1589
f 2732 891 3779
f 1764 3779 3394
f 3649 2202 3780
f 2672 3780 757
f 2118 992 3781
f 2118 3781 4046
f 2926 861 3782
f 2926 3782 1514
f 3484 2072 3783
f 1082 3783 2504
f 1089 2331 3784
f 1089 3784 2515
f 1488 2383 3785
f 1488 4363 2304
f 1751 2549 3786
f 1255 3786 2717
f 2690 1400 3787
f 888 3787 3427
f 1222 2382 3788
f 1222 3788 2778
f 1925 1357 3789
f 1925 3789 3206
f 4652 1607 3790
f 2483 3790 1115
f 2384 1071 3791
f 2384 3791 1236
f 4322 2220 3792
f 750 3792 2274
f 2533 1467 3793
f 1694 3793 3292
f 2054 3234 3794
f 852 3794 2575
f 1406 3360 3795
f 2599 3795 1530
f 2050 979 3796
f 2611 3796 1113
f 122 123 3797
f 2246 3797 1017
f 2733 1270 3798
f 2733 3798 783
f 887 2654 3799
f 887 3799 4552
f 2724 1493 3800
f 130 3800 127
f 739 2613 3801
f 739 3801 1937
f 3351 2495 3802
f 1266 3802 2477
f 1388 1933 3803
f 1388 3803 3587
f 890 3236 3804
f 890 3804 3297
f 3804 1388 3805
f 3297 3805 1265
f 1108 2195 3806
f 2505 4561 1568
f 2460 248 3807
f 1462 3807 2640
f 2111 1066 3808
f 2111 4508 672
f 3762 797 3809
f 1858 3809 1380
f 3226 2487 3810
f 1367 3810 2489
f 709 2086 3811
f 4385 3812 1676
f 4385 1410 3812
f 1676 3812 2731
f 3021 1804 3813
f 877 3813 1971
f 1158 2124 3814
f 2044 3814 4340
f 697 3317 3815
f 1973 3815 1378
f 2112 473 3816
f 4213 4496 1556
f 1856 670 3817
f 1381 3817 3820
f 3113 1381 3818
f 1692 3818 796
f 3820 988 3819
f 2234 3819 1382
f 3819 2234 3820
f 988 3820 2113
f 164 165 3821
f 3055 3821 1215
f 2563 760 3822
f 1505 3822 4123
f 3534 2000 3823
f 2117 3823 4538
f 4656 1663 3824
f 855 3824 3681
f 3953 967 3825
f 1394 3825 2741
f 3051 1709 3826
f 778 3826 2073
f 4390 1778 3827
f 720 3827 2533
f 2645 1530 3828
f 2645 4042 1520
f 712 2305 3829
f 712 3829 4207
f 2555 1412 3830
f 2555 3830 3941
f 1394 2435 3831
f 2169 3831 799
f 2273 1140 3832
f 1691 3832 3127
f 1507 3689 3833
f 1507 3833 1838
f 1506 1948 3834
f 1506 3834 3842
f 1185 2017 3835
f 2641 3835 693
f 2105 893 3836
f 2105 3836 1176
f 1424 2497 3837
f 1424 3837 1937
f 1312 3164 3838
f 3008 3838 702
f 3621 1911 3839
f 2681 3839 682
f 1393 2257 3840
f 1393 3840 3422
f 2610 1771 3841
f 711 4614 2308
f 3834 1908 3842
f 3688 3842 975
f 2482 1435 3843
f 1700 3843 4777
f 2575 1463 3844
f 996 3844 4047
f 3133 802 3845
f 1438 4485 2303
f 2883 1825 3846
f 1486 3846 2708
f 3328 707 3847
f 2794 3847 1508
f 2817 1389 3848
f 2817 3848 2003
f 2195 1022 3849
f 3610 3849 1389
f 2585 2524 3850
f 1104 3850 2068
f 1916 976 3851
f 1391 3851 1917
f 1916 1391 3852
f 1916 3852 779
f 2098 1012 3853
f 1861 3853 3651
f 1295 1997 3854
f 1887 3854 3202
f 3994 993 3855
f 2238 3855 1482
f 2187 1032 3856
f 2187 3856 2948
f 2936 1566 3857
f 650 3857 4387
f 3932 892 4019
f 1566 3858 3857
f 4019 1566 3859
f 835 3859 1959
f 2676 654 3860
f 1711 3860 2651
f 2357 1322 3861
f 2357 3861 925
f 2809 825 3862
f 4189 1491 2592
f 2391 1498 3863
f 2391 3863 574
f 4545 1810 3864
f 2425 3864 1268
f 1569 2867 3865
f 918 3865 3957
f 3296 1857 3866
f 3770 3866 1409
f 1687 3382 3867
f 1687 3867 4611
f 1630 2808 4660
f 985 3868 4694
f 2090 1398 3869
f 2090 3869 710
f 2647 649 3870
f 2647 3870 1380
f 3013 2067 3871
f 713 3871 2433
f 4633 2262 3872
f 1656 3872 3482
f 2578 1573 4872
f 580 3873 579
f 2706 928 3874
f 2706 3874 1478
f 1336 2442 3875
f 1921 3875 968
f 4367 1534 3876
f 1796 3876 150
f 1975 634 3877
f 3046 3877 1395
f 2169 799 3878
f 1395 3878 3196
f 4045 1876 3879
f 1236 3879 2384
f 2243 1227 3880
f 2243 3880 4680
f 2067 976 3881
f 2067 3881 3871
f 3485 2815 3882
f 1251 3882 3098
f 1966 1048 3883
f 1966 4903 4517
f 2694 1692 3884
f 1073 3884 3291
f 1396 3470 3885
f 1396 3885 3598
f 2464 1780 3886
f 1075 3886 2233
f 3282 853 3887
f 1551 3887 2303
f 3444 1418 3888
f 3444 3888 2335
f 3890 1401 3889
f 3092 3889 940
f 3052 1401 3890
f 3680 3890 1338
f 4113 1020 3891
f 2185 3891 1228
f 2075 800 3892
f 1411 3892 3893
f 3562 980 3893
f 2085 3893 3892
f 1572 2237 3894
f 1080 3894 2435
f 1203 2480 3895
f 1802 3895 2935
f 2318 1142 3896
f 2318 3896 1243
f 3547 1318 3897
f 2008 3897 660
f 3899 1579 3898
f 1964 3898 2966
f 1964 906 3899
f 1964 3899 3898
f 2919 1402 3900
f 2919 3900 1672
f 1402 3399 3901
f 1402 3901 2959
f 2125 1049 3902
f 2511 3902 1158
f 3335 991 4309
f 1603 3903 2886
f 2719 1738 3904
f 2719 3904 1135
f 2379 680 3905
f 1455 3905 2538
f 3912 845 3906
f 2770 3906 1455
f 4274 490 3907
f 1454 3907 3614
f 3614 1726 3908
f 1454 3908 3223
f 2327 3175 3909
f 1824 3909 3173
f 1196 1990 3910
f 2877 3910 4735
f 2269 1141 3911
f 2269 4849 873
f 4875 1833 3912
f 1420 3912 2770
f 895 1709 4864
f 4865 3051 1275
f 1434 2608 3914
f 2058 3914 2426
f 2679 2390 3915
f 1492 3915 3366
f 4081 1765 3916
f 1724 3916 2774
f 1414 2126 3917
f 1414 3917 3615
f 3217 1232 3918
f 3217 4226 847
f 2775 843 3919
f 1480 3919 1976
f 2806 1581 3920
f 868 3920 2002
f 2800 991 3921
f 3920 3921 1582
f 3422 700 3922
f 3172 3922 1734
f 2887 1253 3923
f 2887 3923 2094
f 3656 1375 3924
f 1892 3924 748
f 4014 1412 3925
f 2211 3925 714
f 1056 2235 3926
f 1880 3926 4362
f 4668 2633 3927
f 1315 3927 2219
f 1435 2482 3928
f 1435 3928 2612
f 3102 931 3929
f 3328 3929 1728
f 819 1896 3930
f 2607 3930 3126
f 2281 1915 3931
f 2281 3931 477
f 4019 1669 3932
f 892 3932 2466
f 4550 982 3933
f 2943 3933 1945
f 1488 2304 3934
f 1488 3934 3935
f 4572 879 3935
f 2286 3935 3934
f 2128 765 3936
f 1440 3936 3937
f 3936 2227 3937
f 1440 3937 2086
f 2128 1440 3938
f 994 3938 2366
f 1712 2308 3939
f 2132 3939 4047
f 1475 2146 3940
f 1475 3940 2702
f 3830 963 3941
f 2555 3941 1475
f 3388 714 3942
f 1863 3942 2702
f 4312 2083 3943
f 710 3943 2090
f 983 2082 3944
f 983 3944 2083
f 2082 807 3945
f 1423 3945 2091
f 1093 2462 3946
f 1980 3946 4176
f 1634 3676 3947
f 1634 3947 2157
f 2929 1584 3948
f 3504 3948 1445
f 2515 1521 3949
f 640 3949 4722
f 799 2237 3950
f 1873 3950 1218
f 2065 294 3951
f 4348 4150 1060
f 3032 1441 3952
f 3032 3952 807
f 2004 967 3953
f 2004 3953 1395
f 3955 1453 3954
f 1783 3954 4240
f 4414 1453 3955
f 809 3955 1783
f 2456 1453 3956
f 2456 3956 3307
f 2830 918 3957
f 2830 3957 1451
f 3055 1561 3958
f 162 3958 159
f 1048 2928 3959
f 2143 3959 4100
f 4879 1426 3960
f 2164 3960 859
f 687 2155 3961
f 687 3961 2306
f 3961 2155 3962
f 1426 3962 2153
f 285 2287 3963
f 284 3963 2972
f 2410 2977 3964
f 4044 4371 1644
f 674 2382 3965
f 2421 3965 3616
f 1495 3083 3966
f 2071 3966 3526
f 1107 2030 3967
f 2029 3967 4134
f 3949 1521 3968
f 1866 3968 4709
f 3784 1643 3969
f 3968 3969 854
f 2757 946 3970
f 2757 3970 2209
f 3312 1457 3971
f 702 3971 4163
f 2915 1219 3972
f 1457 3972 3971
f 1945 3933 3973
f 3769 3973 1806
f 2327 1431 3974
f 2327 3974 820
f 2768 1431 3975
f 975 3975 2327
f 4613 2035 3976
f 1087 3976 4241
f 280 3232 3977
f 280 3977 277
f 1384 2773 3978
f 2942 3978 817
f 2294 678 3979
f 2294 3979 1212
f 2800 1581 3980
f 2800 3980 1583
f 1977 716 3981
f 1977 3981 4575
f 1450 2353 3982
f 2825 3982 644
f 2319 1615 3983
f 993 3983 4768
f 4292 873 3984
f 4767 3096 1637
f 918 1781 3985
f 2900 3985 1645
f 2976 1512 4775
f 2547 3986 1107
f 2020 648 3987
f 2020 3987 3988
f 2201 929 3988
f 2201 3988 3989
f 3988 1546 3989
f 2201 4503 1548
f 2266 763 3990
f 3084 3990 1257
f 1370 2328 3991
f 2128 3991 765
f 2809 1152 3992
f 1493 3992 2572
f 951 2756 3993
f 951 3993 3696
f 2319 993 3994
f 2319 3994 1299
f 2969 1267 3995
f 2969 3995 3414
f 939 2518 3996
f 1791 3996 2854
f 3239 1814 3997
f 3564 3997 1014
f 3453 2378 3998
f 1342 3998 2404
f 2600 671 3999
f 4212 3563 942
f 1744 3999 4000
f 1744 4000 3496
f 2179 1064 4001
f 2179 4001 1471
f 2703 652 4002
f 1437 4002 1849
f 4894 2123 4003
f 927 4003 1849
f 4284 1993 4004
f 872 4004 2519
f 1430 1831 4005
f 1430 4005 3193
f 935 2339 4006
f 1848 4006 3520
f 2185 1228 4007
f 2185 4007 658
f 1538 2699 4008
f 2881 4008 268
f 1273 2574 4009
f 1273 4009 4031
f 2309 1046 4010
f 1432 4010 3209
f 1045 2984 4011
f 1045 4011 2362
f 905 3584 4012
f 905 4012 2946
f 1573 2365 4013
f 1121 4013 2066
f 2205 2837 4014
f 1008 4014 2211
f 1625 3083 4421
f 954 4015 2103
f 2071 987 4016
f 2071 4016 3966
f 2307 1943 4017
f 2307 4017 2593
f 1967 2988 4018
f 1967 4018 4585
f 4461 1669 4019
f 1566 4019 3858
f 690 3843 4020
f 3262 4020 2814
f 1000 1823 4021
f 2171 4021 2603
f 732 2282 4022
f 732 4022 2346
f 3010 1434 4023
f 949 4023 2058
f 2839 1229 4024
f 2839 4024 878
f 2298 1775 4025
f 553 4025 552
f 3226 1860 4026
f 672 4026 2523
f 3325 1539 4027
f 1175 4027 2848
f 114 2293 4028
f 114 4028 112
f 1077 1883 4029
f 1833 4029 3912
f 1532 2673 4030
f 1532 4822 2982
f 966 1903 4031
f 1902 4031 4009
f 2905 935 4032
f 1939 4032 2379
f 2920 1601 4033
f 2920 4033 1385
f 3758 1373 4034
f 1930 4034 952
f 4037 1667 4035
f 2203 4035 1051
f 3171 2102 4036
f 1667 4036 3374
f 3171 1667 4037
f 304 4037 302
f 1722 2914 4038
f 4901 2494 1076
f 1886 703 4039
f 1886 4039 1448
f 2903 1448 4040
f 1249 4040 3030
f 2109 1015 4041
f 1520 4041 4707
f 910 1826 4042
f 910 4042 3828
f 3161 1816 4043
f 4371 3293 1644
f 1074 3964 4044
f 1074 4044 2431
f 4131 955 4045
f 3085 4045 1236
f 659 2118 4046
f 659 4046 4453
f 3844 2048 4047
f 996 4047 3939
f 3974 3210 4048
f 3974 4048 820
f 4752 2174 4049
f 1442 4049 4050
f 2170 1442 4050
f 999 4050 3456
f 3112 977 4051
f 1679 4051 1439
f 2747 1464 4052
f 2747 4052 833
f 4557 1304 4053
f 2106 4053 1037
f 2561 1446 4054
f 2950 4054 920
f 1373 2364 4055
f 1373 4055 3759
f 4765 2166 4056
f 1204 4056 2098
f 2637 705 4057
f 2637 4057 1130
f 1138 2321 4058
f 2287 4058 1452
f 1355 2908 4059
f 4076 1191 2949
f 2305 989 4060
f 2305 4060 1382
f 4773 1242 4061
f 1479 4061 3160
f 1987 1549 4062
f 1987 4062 960
f 1965 2736 4063
f 1965 4063 1233
f 2349 1443 4064
f 815 4064 2210
f 3011 1443 4065
f 1808 4065 629
f 4626 2554 4066
f 880 4066 2577
f 3147 3019 4067
f 681 4067 2048
f 1255 2481 4068
f 1255 4068 2192
f 2544 626 4069
f 1476 4069 2417
f 2707 1890 4070
f 1948 4070 3834
f 4228 815 4071
f 2553 4071 1482
f 2891 830 4072
f 2601 4072 1447
f 3615 1891 4073
f 736 4073 2457
f 4180 2457 4074
f 1032 4074 2297
f 4605 1473 4075
f 1128 4075 2605
f 2271 4059 4076
f 2271 4076 497
f 3294 2221 4077
f 1308 4077 3233
f 2849 2917 4078
f 829 4078 2279
f 1686 3149 4079
f 4417 2468 673
f 2895 2376 4080
f 822 4080 2089
f 4183 1765 4081
f 1002 4081 2766
f 183 2620 4082
f 183 4082 182
f 1763 3215 4083
f 1989 4083 3212
f 3846 1825 4084
f 745 4084 2621
f 871 2496 4085
f 871 4085 4678
f 3839 1911 4086
f 682 4086 3194
f 1911 958 4087
f 4086 4087 1502
f 1957 2176 4088
f 1957 4088 244
f 2540 1081 4089
f 1480 4089 2775
f 3290 1298 4090
f 3290 4090 1383
f 4092 1944 4091
f 1597 4091 3229
f 2816 1944 4092
f 4350 1597 3010
f 977 2077 4093
f 977 4093 4055
f 3024 1537 4094
f 444 4094 442
f 4814 1243 4095
f 2251 4095 1101
f 2596 1205 4096
f 1516 4096 2108
f 1143 2262 4097
f 2037 4097 3163
f 3058 1200 4098
f 1846 4098 3288
f 2842 1928 4099
f 3257 4099 1260
f 4175 2143 4100
f 1844 4100 3191
f 4379 1400 4101
f 2268 4101 771
f 3601 1672 4102
f 1403 4102 2822
f 3818 2234 4103
f 796 4103 2250
f 2100 2359 4104
f 2100 4104 1034
f 2180 1216 4105
f 2180 4105 4695
f 4614 1461 4106
f 2308 4106 3939
f 1463 2053 4107
f 1463 4107 3844
f 2340 808 4108
f 3418 4108 1419
f 4110 1614 4109
f 962 4566 2168
f 2702 1614 4110
f 1863 4110 962
f 2840 1005 4111
f 4109 4111 1994
f 2440 1069 4112
f 2440 4112 1296
f 2185 1721 4113
f 2185 4113 3891
f 2578 1103 4114
f 1573 4114 2365
f 2805 1681 4115
f 1155 4115 2804
f 3393 2904 4116
f 1747 4293 2373
f 3462 1884 4117
f 1583 4117 2886
f 727 1907 4118
f 727 4118 3145
f 4526 698 4119
f 4120 2853 922
f 1654 4119 4120
f 1654 4120 3031
f 3778 1542 4851
f 2252 4121 1101
f 4717 1542 4122
f 898 4122 3324
f 3822 1853 4123
f 1505 4123 2687
f 2957 1926 4124
f 2957 4124 1739
f 2354 1056 4125
f 4146 1880 180
f 4254 1699 4126
f 1961 4126 1033
f 4128 1456 4127
f 3548 4127 817
f 1317 2230 4128
f 1317 4128 3548
f 2325 726 4129
f 2325 4129 4130
f 4129 1494 4130
f 2325 4130 1052
f 3296 955 4131
f 1494 4131 3085
f 1031 2583 4132
f 2127 4821 666
f 1300 3254 4133
f 2168 4133 2011
f 3967 998 4134
f 2029 4134 2892
f 4181 2097 4135
f 951 4135 2756
f 2332 931 4136
f 1622 4136 4138
f 1962 648 4137
f 1622 4137 2332
f 4136 1875 4138
f 1622 4138 2911
f 1483 2399 4139
f 3145 4139 727
f 2132 897 4140
f 2132 4140 3939
f 3568 1168 4141
f 2485 4141 1559
f 2508 1465 4142
f 2508 4142 1042
f 1465 2956 4143
f 1465 4143 2350
f 4534 3281 4144
f 296 4144 3951
f 2588 1417 4145
f 2588 4145 741
f 2354 4125 4146
f 2354 4146 182
f 1419 3110 4147
f 1419 4147 3298
f 2391 1148 4148
f 2391 4148 1498
f 2285 3135 4149
f 2285 4149 853
f 1349 2672 4150
f 2018 4150 4348
f 2848 1860 4151
f 890 4151 3236
f 2682 1059 4152
f 4153 3481 864
f 1657 4152 4153
f 1657 4153 2081
f 2667 677 4154
f 1558 4629 4465
f 1334 2032 4155
f 1334 4155 3283
f 2901 805 4156
f 2901 4156 1745
f 1826 1486 4157
f 813 4157 2657
f 4752 1000 4158
f 2174 4158 3235
f 2045 706 4159
f 1485 4159 3371
f 4294 2159 4160
f 813 4160 2109
f 604 605 4161
f 2753 4161 1874
f 2946 1612 4162
f 1187 4162 2944
f 3971 1606 4163
f 702 4163 3008
f 2618 1487 4164
f 943 4164 2759
f 4164 1487 4165
f 2019 4165 4170
f 2031 1133 4166
f 1487 4166 4165
f 2898 701 4167
f 1564 4167 2026
f 2776 1477 4168
f 589 4168 588
f 1141 2209 4169
f 3911 4169 1652
f 1159 2019 4170
f 1968 4170 3484
f 1922 2441 4171
f 1922 4171 704
f 1691 3127 4172
f 2472 4172 618
f 1958 3070 4173
f 1238 4173 3251
f 1122 2627 4174
f 2167 4174 1561
f 4598 2143 4175
f 668 4175 2605
f 2942 1332 4176
f 2942 4176 1384
f 2177 889 4177
f 1514 4177 2926
f 2177 1514 4178
f 3100 4178 763
f 3725 1888 4179
f 1594 4179 2457
f 3515 1594 4180
f 2526 4180 1032
f 1392 2097 4181
f 1392 4181 3104
f 4042 1826 4182
f 1520 4182 4041
f 4636 1765 4183
f 2055 4183 2570
f 1365 2695 4184
f 2267 4184 1038
f 3267 1161 4185
f 1819 4185 4564
f 2355 3480 4186
f 2355 4236 1504
f 1035 2347 4187
f 1035 4187 2346
f 2208 1469 4188
f 2208 4188 3746
f 2809 3862 4189
f 2809 4189 1152
f 1431 2768 4190
f 2000 4190 3823
f 2456 1473 4191
f 965 4327 2755
f 1462 3359 4192
f 3286 4192 852
f 1007 2164 4193
f 1007 4193 4392
f 625 2544 4194
f 625 4194 624
f 3973 982 4195
f 1543 4195 2138
f 1938 3778 4196
f 1938 4532 1177
f 880 2577 4197
f 880 4197 1733
f 2577 1841 4198
f 1544 4198 3647
f 2418 2581 4199
f 1496 4199 4640
f 3380 1872 4200
f 923 4200 2687
f 2574 1792 4201
f 2095 4201 997
f 2221 786 4202
f 2221 4202 1361
f 2674 1352 4203
f 2674 4203 1113
f 1472 2027 4204
f 1472 4204 2442
f 641 2710 4205
f 641 4205 3580
f 2710 1126 4206
f 2710 4206 4205
f 3829 2114 4207
f 712 4207 2302
f 1033 2337 4208
f 1033 4208 2349
f 1098 2394 4209
f 1098 4209 2207
f 2328 1559 4210
f 765 4210 2024
f 1557 2498 4437
f 718 4211 2189
f 1519 3036 4212
f 4000 4212 942
f 2112 3816 4213
f 2112 4213 1556
f 908 3251 4214
f 908 4214 1774
f 2411 969 4215
f 2411 4215 1303
f 713 3056 4216
f 2186 4216 3057
f 1291 1865 4217
f 2826 4217 793
f 4157 1486 4218
f 2657 4218 1118
f 4814 2251 4219
f 749 4219 3425
f 2508 901 4220
f 2508 4220 1465
f 2560 1484 4221
f 2560 4221 746
f 3163 1484 4222
f 848 4222 3453
f 502 504 4223
f 502 4223 3494
f 1369 2156 4224
f 1369 4224 4639
f 2227 1735 4225
f 3937 4225 980
f 3000 847 4226
f 3000 4226 2824
f 791 2491 4227
f 2729 4227 1168
f 2553 1483 4228
f 815 4228 2349
f 2349 1483 4229
f 1033 4229 1961
f 815 2210 4230
f 815 4230 2419
f 2658 2419 4231
f 1301 4231 3705
f 3224 1789 4232
f 3224 4232 1357
f 2982 1224 4233
f 1532 4233 2841
f 4378 2847 4234
f 822 4234 2470
f 4831 957 4235
f 1778 4235 3827
f 2488 1504 4236
f 1084 4236 4186
f 4769 2911 4237
f 1504 4237 2355
f 746 1881 4238
f 1790 4238 2518
f 2563 1505 4239
f 2563 4239 1091
f 3031 1783 4240
f 1654 4240 2755
f 3976 2007 4241
f 1087 4241 4601
f 1628 3518 4242
f 1628 4242 3645
f 3814 2044 4243
f 1158 4243 2609
f 3876 1534 4244
f 3876 4244 147
f 4703 2711 4245
f 1596 4245 4313
f 3552 752 4246
f 2165 4246 1132
f 1339 3023 4247
f 2412 4247 538
f 1220 1959 4248
f 1220 4248 2873
f 3172 932 4249
f 3172 4249 1393
f 3409 1878 4250
f 1284 4250 3408
f 1021 2955 4251
f 2212 4251 3432
f 2726 1004 4252
f 2726 4252 1499
f 1460 2867 4253
f 1460 4253 1806
f 2358 1699 4254
f 1110 4254 4118
f 2735 1150 4255
f 4256 3182 732
f 1788 4255 4256
f 1788 4256 3765
f 3016 1533 4257
f 3016 4257 831
f 839 2027 4258
f 3710 4258 1820
f 1497 3147 4259
f 1497 4259 2446
f 4510 1497 4260
f 2223 4260 820
f 2767 1353 4261
f 2194 4261 850
f 2750 1195 4262
f 2069 4262 3582
f 2630 3423 4263
f 2630 4263 1109
f 3958 2627 4264
f 157 4264 2341
f 748 2567 4265
f 748 4265 2709
f 2567 1127 4266
f 4265 4266 1562
f 1085 2363 4267
f 1085 4267 2428
f 3231 1517 4268
f 992 4268 3166
f 4436 824 4269
f 1956 4269 3053
f 773 2765 4270
f 773 4270 3503
f 1178 2962 4271
f 2961 4271 1413
f 4273 1648 4272
f 926 4272 3206
f 2401 1648 4273
f 1924 4273 4492
f 3907 3139 4274
f 490 4274 488
f 1894 2819 4275
f 1894 4275 1053
f 2094 1613 4276
f 731 4276 3577
f 4832 1503 4277
f 1086 4277 2500
f 2595 1143 4278
f 1503 4278 4279
f 2037 848 4279
f 1503 4279 4277
f 2103 1146 4280
f 2103 4280 954
f 645 2711 4281
f 645 4281 3758
f 3178 1258 4282
f 3178 4440 857
f 1108 2326 4283
f 2195 4283 1022
f 1378 1993 4284
f 3339 4284 872
f 1019 2889 4285
f 1019 4285 2259
f 3368 912 4286
f 1828 4286 2141
f 4232 1789 4287
f 1226 4287 3064
f 2521 684 4288
f 2521 4288 1209
f 2375 2053 4289
f 2375 4289 1717
f 2591 779 4290
f 2591 4290 1231
f 3134 1312 4291
f 3134 4291 802
f 1616 2269 4292
f 1616 4455 3622
f 4468 2373 4293
f 1560 4293 3005
f 4160 813 4294
f 2159 4294 4252
f 741 2650 4295
f 2331 4295 1643
f 2490 3365 4296
f 1491 4296 3167
f 442 2871 4297
f 442 4297 440
f 1425 3277 4298
f 2597 4298 655
f 3311 1256 4299
f 1773 4299 3838
f 3166 1518 4300
f 767 4300 2716
f 768 2683 4890
f 1681 4301 2684
f 780 2658 4302
f 2011 4302 3497
f 3982 2353 4303
f 644 4303 2743
f 2239 806 4304
f 2239 4304 1221
f 1572 2604 4305
f 1572 4305 2237
f 1917 1572 4306
f 1917 4306 661
f 4757 1807 4307
f 1024 4307 2667
f 2289 836 4308
f 1807 4308 4307
f 991 3903 4309
f 3335 4309 2392
f 1008 2211 4310
f 2210 4310 4230
f 1551 2303 4311
f 1551 4311 4760
f 3020 1193 4312
f 3020 4312 710
f 2638 1596 4313
f 3532 4313 1319
f 1531 3752 4314
f 1531 4314 1889
f 744 2565 4315
f 4771 1531 1889
f 4315 2565 4316
f 1531 4316 2103
f 4533 1610 4317
f 4319 3151 1786
f 4878 1044 4318
f 4317 4318 1748
f 902 4317 4319
f 902 4319 2659
f 4321 1803 4320
f 1509 4320 3132
f 707 1803 4321
f 707 4321 3186
f 3722 1822 4322
f 750 4322 3792
f 1689 3658 4323
f 1689 4323 3097
f 1187 2945 4324
f 1187 4324 2590
f 2059 660 4325
f 1631 4325 2643
f 894 3261 4326
f 894 4326 2812
f 4191 2666 4327
f 4191 4327 965
f 2844 1177 4328
f 1608 4328 2975
f 742 1927 4329
f 1904 4329 3419
f 3235 1818 4330
f 723 4330 2181
f 2853 1535 4331
f 2853 4429 1732
f 591 592 4332
f 591 4332 2371
f 1148 2542 4333
f 2279 4333 2546
f 2531 1073 4334
f 1590 4334 2512
f 2728 607 4335
f 1812 4335 2278
f 3358 1832 4336
f 1264 4336 2594
f 1289 3429 4337
f 3024 4337 1537
f 2723 777 4338
f 2723 4338 1318
f 1185 2248 4339
f 2017 4339 2953
f 3814 724 4340
f 2044 4340 2928
f 1459 2226 4341
f 2907 4341 984
f 2930 970 4342
f 1523 4342 3722
f 3738 1523 4343
f 3738 4343 2463
f 1805 3646 4344
f 1805 4344 1108
f 1474 2433 4345
f 2840 4345 1005
f 2702 827 4346
f 1614 4346 2840
f 2222 2034 4347
f 2222 4347 3082
f 2065 3951 4348
f 2065 4348 3137
f 3624 610 4349
f 1817 4349 2504
f 949 4092 4350
f 949 4350 4023
f 1270 2537 4351
f 1270 4351 3323
f 2108 655 4352
f 2108 4352 1668
f 2680 947 4353
f 2589 4353 1668
f 3860 1707 4354
f 2651 4354 1186
f 3723 2238 4355
f 780 4355 2658
f 122 2246 4356
f 120 4356 2559
f 1018 2329 4357
f 1018 4357 2253
f 1527 2427 4358
f 1527 4358 2253
f 4388 828 4359
f 2329 4359 4357
f 3030 1575 4360
f 1249 4360 3029
f 4394 1661 4361
f 2420 4361 688
f 177 1880 4362
f 177 4362 175
f 3785 451 4363
f 3785 4363 1488
f 2589 655 4364
f 2589 4364 1496
f 2175 2787 4365
f 1996 4365 3486
f 1267 1940 4366
f 3259 4366 638
f 925 3443 4367
f 925 4367 1796
f 3443 1294 4368
f 1534 4368 4244
f 1114 2669 4369
f 3676 4369 1489
f 2466 1568 4370
f 1088 4370 2182
f 1576 4043 4371
f 1576 4371 4044
f 847 3000 4372
f 2512 4372 1590
f 2789 814 4373
f 2789 4373 1433
f 1359 1971 4374
f 2483 4374 641
f 3840 1036 4375
f 2149 4375 2729
f 3086 1385 4376
f 3177 4376 1278
f 1471 2178 4377
f 1471 4377 3167
f 1248 2847 4378
f 2089 4378 822
f 4101 2268 4379
f 1400 4379 2641
f 469 2564 4380
f 467 4380 3679
f 1303 2288 4381
f 1303 4381 2411
f 1845 3340 4382
f 1051 4382 2202
f 2209 1525 4383
f 2209 4383 4850
f 3970 3693 4384
f 1525 4384 2819
f 709 3811 4385
f 709 4385 2879
f 1344 3132 4386
f 2281 4386 1915
f 2254 650 4387
f 2254 4387 1526
f 2329 1526 4388
f 2329 4388 4359
f 1871 1202 4389
f 1526 4389 4388
f 2416 1778 4390
f 2416 4390 4446
f 694 3338 4391
f 1515 4391 4193
f 1777 1007 4392
f 1777 4392 4393
f 3108 1777 4393
f 1041 4393 3159
f 2420 1131 4394
f 1661 4394 2074
f 3309 1065 4395
f 2063 4395 2992
f 3216 1529 4396
f 3216 4396 1027
f 2510 2479 4397
f 2510 4397 1932
f 1660 3337 4398
f 2501 4398 558
f 4836 1010 4399
f 2344 4399 1334
f 2894 863 4400
f 2894 4400 4401
f 4400 1632 4401
f 2894 4401 1197
f 956 2385 4402
f 956 4402 1955
f 3154 1528 4403
f 3154 4403 649
f 800 2795 4404
f 2085 4404 3562
f 1545 3711 4405
f 2797 4405 3303
f 585 2540 4406
f 584 4406 3140
f 1904 3419 4407
f 1904 4407 3619
f 4632 2402 4408
f 4025 4408 552
f 3081 464 4409
f 3081 4409 1314
f 1387 2200 4410
f 1387 4410 2380
f 1876 3770 4411
f 1876 4833 3879
f 4810 1653 4412
f 677 4412 4154
f 4119 3474 4413
f 1535 4413 4331
f 1139 2665 4414
f 2664 4414 3955
f 1173 2066 4415
f 1173 4415 2213
f 4809 631 4416
f 1554 4416 4466
f 1686 4079 4417
f 1686 4417 3370
f 1279 3082 4418
f 1279 4418 2917
f 2811 2789 4419
f 2811 4419 2282
f 4340 724 4420
f 1909 4420 1046
f 4015 954 4421
f 4551 1991 2160
f 4551 2160 4422
f 1625 4422 2726
f 2678 601 4423
f 1649 4423 2827
f 2452 1428 4424
f 2452 4424 685
f 776 3346 4425
f 2561 4425 1446
f 850 3594 4426
f 2003 4426 3428
f 3873 2727 4427
f 579 4427 578
f 3403 922 4428
f 1946 4428 3336
f 4331 1040 4429
f 4331 4429 2853
f 1019 2259 4430
f 2260 4430 3576
f 1951 1325 4431
f 1951 4431 943
f 563 564 4432
f 3623 4432 1360
f 1336 3581 4433
f 4651 4807 1607
f 3473 1567 4434
f 753 4434 3654
f 3341 1715 4435
f 656 4435 1704
f 1404 3003 4436
f 1956 4436 4269
f 4211 718 4437
f 1557 4437 2368
f 3470 1545 4438
f 725 4438 1850
f 2154 737 4439
f 2154 4439 2323
f 4282 1641 4440
f 857 4440 2878
f 1641 2743 4441
f 1641 4441 2571
f 2246 1017 4442
f 1540 4442 2449
f 2961 3479 4443
f 808 4443 2130
f 1184 2831 4444
f 1184 4444 1781
f 2831 836 4445
f 1553 4445 2283
f 1553 2416 4446
f 1553 4446 1781
f 1800 3148 4447
f 1705 4447 2453
f 2453 1068 4448
f 1705 4448 3492
f 3492 884 4449
f 1705 4449 4447
f 2478 766 4450
f 2478 4450 3170
f 1340 2325 4451
f 1340 4451 2721
f 1955 2313 4452
f 2256 4590 4766
f 1411 2998 4453
f 2348 4453 1750
f 302 2203 4454
f 302 4454 299
f 1616 4292 4455
f 3622 4455 1615
f 4606 2093 4875
f 1833 4456 2506
f 1277 2784 4457
f 1277 4457 3200
f 578 2334 4458
f 577 4458 3445
f 1689 3097 4908
f 1101 4459 2252
f 998 3237 4460
f 998 4460 2190
f 3859 835 4461
f 3859 4461 4019
f 4527 1935 4462
f 2031 4462 1133
f 2784 2386 4463
f 2784 4463 4457
f 2272 1024 4464
f 2272 4464 4465
f 1733 837 4465
f 1558 4465 4464
f 2283 1554 4466
f 2283 4466 1039
f 2283 836 4467
f 1554 4467 2289
f 3009 978 4468
f 1560 4468 4293
f 1560 3005 4469
f 1560 4469 3006
f 4728 2101 4470
f 1176 4470 2105
f 4535 2040 4471
f 1398 4471 3869
f 4332 592 4472
f 1591 4472 3349
f 3670 1541 4473
f 3670 4473 2239
f 3350 2036 4474
f 691 4474 2230
f 1094 2470 4475
f 1094 4475 2471
f 3317 1347 4476
f 3317 4476 3815
f 1442 2170 4477
f 1442 4477 2779
f 742 2013 4478
f 742 4478 3458
f 2647 1610 4479
f 649 4479 3768
f 1429 2937 4480
f 2087 4480 1016
f 2686 768 4481
f 2686 4481 4883
f 3538 913 4482
f 3538 4482 2051
f 4698 1570 4483
f 2398 4483 4396
f 1828 876 4484
f 1570 4484 4483
f 1438 3845 4485
f 2303 4485 1230
f 2583 2126 4486
f 2583 4486 1134
f 4902 653 4487
f 2586 4487 1550
f 3654 1162 4488
f 2122 4488 1003
f 2539 1552 4489
f 1081 4489 4089
f 3488 1552 4490
f 3488 4490 1131
f 3025 1193 4491
f 3702 4491 2261
f 926 2444 4492
f 1924 4492 3065
f 4630 1127 4493
f 3544 4493 1375
f 4844 2420 4494
f 2080 4494 3446
f 2112 1556 4495
f 1090 4495 2220
f 4497 1556 4496
f 3483 4496 930
f 4495 1556 4497
f 2220 4497 3792
f 1602 2978 4498
f 2257 4498 3840
f 2834 1154 4499
f 2834 4499 2646
f 2816 1969 4500
f 1897 4500 3632
f 1160 3184 4501
f 1160 4501 2864
f 657 3083 4502
f 657 4502 3489
f 2201 3989 4503
f 1548 4503 2486
f 4505 1548 4504
f 1066 4504 2486
f 2458 734 4505
f 2458 4505 4504
f 964 3276 4506
f 2110 4506 2954
f 2486 841 4507
f 1547 4507 4509
f 2111 3808 4508
f 672 4508 2487
f 4507 2488 4509
f 1547 4509 2487
f 4711 979 4510
f 2223 4510 4260
f 862 3299 4511
f 2041 4511 1257
f 3731 1422 4512
f 2084 4512 2082
f 4514 1602 4513
f 2994 4513 862
f 1213 2995 4514
f 1213 4514 2994
f 2978 1602 4515
f 3420 4515 676
f 3560 816 4516
f 2206 4516 2865
f 2158 2609 4517
f 4903 1966 3883
f 3480 1624 4518
f 3264 4518 1281
f 1292 3390 4519
f 3733 4519 1650
f 4111 1005 4520
f 4111 4520 1994
f 2827 603 4521
f 2827 4521 1444
f 3856 2297 4522
f 1427 4522 2510
f 2761 886 4523
f 1993 4523 1430
f 1928 2295 4524
f 4099 4524 1260
f 2275 1761 4525
f 2275 4525 1050
f 3761 698 4526
f 2755 4526 1654
f 664 3247 4527
f 664 4527 4462
f 3057 1599 4528
f 1006 4528 3046
f 4530 1619 4529
f 3205 4529 1274
f 2576 1619 4530
f 851 4530 3205
f 2107 1589 4531
f 2107 4531 4638
f 1938 4196 4532
f 1177 4532 2843
f 4479 1610 4533
f 3766 4533 902
f 2022 3281 4534
f 2022 4534 4454
f 2808 811 4535
f 2808 4535 1398
f 454 455 4536
f 454 4536 4363
f 574 575 4537
f 2391 4537 1148
f 3692 1706 4538
f 1079 4538 3823
f 4645 2278 4539
f 1095 4539 2072
f 3059 2121 4540
f 1203 4540 2480
f 2569 661 4541
f 1563 4541 4542
f 4541 2476 4542
f 1563 4542 2436
f 2682 1657 4543
f 746 4543 2785
f 2615 2417 4544
f 106 4544 104
f 3121 1810 4545
f 1269 4545 2425
f 188 189 4546
f 188 4546 3464
f 598 599 4547
f 2951 4547 1960
f 748 2709 4548
f 748 4548 3022
f 2299 1364 4549
f 2299 4549 1565
f 3933 1565 4550
f 982 4550 3451
f 1625 4421 4551
f 1625 4551 4422
f 2684 887 4552
f 4115 4552 1760
f 1648 2401 4553
f 1648 4553 2952
f 1232 2249 4554
f 1232 4554 2584
f 3084 1257 4555
f 2267 4555 636
f 4780 2293 4556
f 2231 4556 4676
f 2836 1304 4557
f 1914 4557 2106
f 4783 2685 4558
f 1842 4558 3724
f 1258 3405 4559
f 3179 4559 881
f 517 519 4560
f 517 4560 3161
f 3806 683 4561
f 1568 4561 4370
f 4358 2427 4562
f 717 4562 2670
f 3442 2670 4563
f 990 4863 1785
f 4185 753 4564
f 1819 4564 3128
f 2124 3540 4565
f 2124 4565 3814
f 4790 2168 4566
f 1994 4566 4109
f 870 2628 4567
f 3218 4567 1354
f 3335 1166 4568
f 1977 4568 716
f 1935 1934 4569
f 4462 4569 1133
f 1164 2172 4570
f 1164 4570 2181
f 3329 2157 4571
f 1646 4571 3434
f 3935 2286 4572
f 879 4572 3034
f 4425 3346 4573
f 1446 4573 2548
f 1528 3153 4574
f 1955 4895 2313
f 1582 3921 4575
f 1977 4575 3335
f 3742 939 4576
f 3742 4576 1524
f 2580 654 4577
f 2580 4577 1634
f 1226 3064 4578
f 3065 4578 3253
f 1899 4488 4579
f 2204 4579 3526
f 3732 1342 4580
f 1660 4580 3337
f 2500 1660 4581
f 1086 4581 2501
f 2076 1580 4582
f 2832 4582 870
f 4528 1599 4583
f 1975 4583 1199
f 2716 1599 4584
f 767 4584 3058
f 4018 715 4585
f 1967 4585 2097
f 4162 1612 4586
f 699 4586 3459
f 1501 3225 4587
f 2471 4587 175
f 1054 2600 4588
f 1054 4588 2188
f 2935 3558 4589
f 1802 4589 2610
f 2256 4452 4590
f 1723 4590 3586
f 1814 1906 4591
f 760 4591 3822
f 1781 720 4592
f 3985 4592 1645
f 4868 1307 4593
f 1584 4593 3027
f 1618 2692 4594
f 2569 4594 661
f 2969 1639 4595
f 858 4595 3572
f 3414 735 4596
f 1639 4596 2937
f 3313 2131 4597
f 3313 4597 869
f 2144 2143 4598
f 2144 4598 2665
f 3537 1595 4599
f 735 4599 4596
f 1132 2652 4600
f 1132 4600 2165
f 4602 1609 4601
f 2115 4601 4241
f 752 2502 4602
f 752 4602 4246
f 4602 2502 4603
f 1609 4603 2265
f 2600 1577 4604
f 2600 4604 671
f 4075 2606 4605
f 1473 4605 2666
f 4466 2093 4606
f 1039 4606 2933
f 3527 1264 4607
f 2838 4607 1242
f 3039 909 4608
f 3886 4608 2233
f 4610 1690 4609
f 2430 4609 1074
f 4609 2430 4610
f 1690 4610 2706
f 1363 3700 4611
f 1687 4611 2367
f 3068 1720 4612
f 1230 4612 2382
f 1794 3391 4613
f 1087 4613 3976
f 3841 1461 4614
f 3841 4614 711
f 613 3156 4615
f 613 4615 612
f 865 2513 4616
f 865 4616 4899
f 2504 3273 4617
f 1082 4617 2513
f 1586 2407 4618
f 1586 4618 2791
f 2393 743 4619
f 4621 2611 1113
f 4618 855 4620
f 1588 4620 4882
f 1588 4619 4621
f 1588 4621 2791
f 1421 3341 4622
f 3533 4622 2106
f 3000 1211 4623
f 4372 4623 1590
f 3001 692 4624
f 3001 4624 4623
f 2628 1580 4625
f 2628 4625 1109
f 1278 2554 4626
f 2793 4626 880
f 4805 1593 4627
f 2247 4627 696
f 2374 2432 4628
f 766 4628 4450
f 4154 2043 4629
f 4154 4629 1558
f 1618 2569 4630
f 2568 4630 4493
f 2298 1058 4631
f 1775 4631 3130
f 3130 939 4632
f 1775 4632 4408
f 4097 2262 4633
f 1059 4633 4152
f 791 2258 4634
f 791 4634 3231
f 3577 1585 4635
f 3577 4635 1337
f 3666 1765 4636
f 1001 4636 2055
f 3666 1849 4637
f 1765 4637 3916
f 1107 2107 4638
f 2030 4638 4909
f 4224 3329 4639
f 1369 4639 3633
f 4199 3593 4640
f 1496 4640 2680
f 2353 933 4641
f 2353 4641 1370
f 2733 1145 4642
f 2733 4642 1270
f 2575 1461 4643
f 2575 4643 852
f 2507 1077 4644
f 2507 4644 1741
f 2277 1812 4645
f 1095 4645 4539
f 2728 1812 4646
f 1250 4646 3203
f 2236 1899 4647
f 2236 4647 2708
f 3064 934 4648
f 3064 4648 1300
f 775 2055 4649
f 775 4649 3080
f 849 2551 4650
f 4807 4651 1670
f 1336 4433 4651
f 1336 4651 3580
f 4651 1607 4652
f 641 4652 2483
f 112 2217 4653
f 110 4848 108
f 2633 680 4654
f 1848 4654 2379
f 1859 2020 4655
f 1859 4655 3549
f 3824 2407 4656
f 3123 4656 1070
f 3017 1999 4657
f 726 4657 2516
f 2499 2914 4658
f 2038 4658 2915
f 2617 1157 4659
f 3183 4659 1630
f 2092 1630 4660
f 985 4660 3868
f 3102 1240 4661
f 1875 4661 4663
f 2760 1623 4662
f 3262 4662 690
f 4661 1623 4663
f 1875 4663 4138
f 4690 2244 4664
f 1604 4664 4692
f 1555 2829 4665
f 2667 4665 677
f 2951 1792 4666
f 597 4666 596
f 2105 981 4667
f 1693 4667 3641
f 680 2633 4668
f 2866 4668 1315
f 2431 1644 4669
f 2431 4669 747
f 3530 2700 4670
f 3530 4670 777
f 3345 2009 4671
f 961 4671 3547
f 1647 2637 4672
f 1647 4672 2636
f 2392 1603 4673
f 756 4673 3142
f 1557 3433 4674
f 2498 4674 1210
f 3333 936 4675
f 3333 4675 2792
f 3413 3331 4676
f 1290 4676 4556
f 4776 1600 4677
f 2499 4677 646
f 2051 1600 4678
f 871 4678 2833
f 2938 1791 4679
f 314 4679 311
f 3880 1138 4680
f 2243 4729 288
f 2785 2081 4681
f 2785 4681 1881
f 2786 1314 4682
f 2786 4682 814
f 1606 2780 4683
f 1606 4683 2534
f 2359 1110 4684
f 4104 4684 1907
f 1552 2539 4685
f 1552 4685 4490
f 3606 755 4686
f 2179 4686 2740
f 3187 846 4687
f 3520 4687 1605
f 1089 2515 4688
f 1089 4688 2330
f 3707 1680 4689
f 1464 4689 4052
f 846 2244 4690
f 846 4690 2616
f 2616 1604 4691
f 2616 4691 4786
f 638 2635 4692
f 638 4692 2362
f 759 2370 4693
f 759 4693 3484
f 3714 985 4694
f 2091 4694 1423
f 3151 1748 4695
f 3151 4695 729
f 2189 1673 4696
f 1025 4696 3603
f 4768 1637 4697
f 4139 4697 727
f 4483 2398 4698
f 1570 4698 2712
f 4700 1840 4699
f 1620 4699 3247
f 2312 851 4700
f 2312 4700 1620
f 1636 2206 4701
f 1636 4701 4702
f 2200 1636 4702
f 1347 4702 3316
f 2623 1123 4703
f 2623 4703 1596
f 1990 1676 4704
f 1990 4704 903
f 3733 1650 4705
f 1092 4705 2397
f 1419 3298 4706
f 2341 4706 157
f 632 2645 4707
f 2288 4707 4041
f 2422 737 4708
f 1626 4708 3073
f 3968 854 4709
f 1626 4709 2642
f 2422 1626 4710
f 2422 4710 1062
f 4510 2223 4711
f 979 4711 2674
f 2503 1460 4712
f 2503 4712 838
f 4714 2189 4713
f 1928 4713 2295
f 4738 2189 4714
f 1259 4714 2842
f 3679 1766 4715
f 2047 4715 3377
f 3712 1766 4716
f 3712 4716 1822
f 1755 2552 4717
f 1755 4717 898
f 2519 1056 4718
f 2519 4718 1621
f 3463 872 4719
f 3463 4719 1302
f 3618 1978 4720
f 990 4720 3442
f 2548 2771 4721
f 1043 4721 2059
f 1754 2981 4722
f 2429 4722 3949
f 3062 1011 4723
f 3062 4723 3061
f 2265 2501 4724
f 2265 4724 559
f 4054 2835 4725
f 920 4725 2941
f 3721 1983 4726
f 1120 4726 2621
f 1882 1019 4727
f 1882 4727 2934
f 2562 667 4728
f 2528 4728 1176
f 2243 4680 4729
f 288 4729 285
f 3466 1737 4730
f 632 4730 3596
f 2417 628 4731
f 2417 4731 4544
f 320 549 4732
f 318 4732 3726
f 3181 725 4733
f 1725 4733 2941
f 3181 1725 4734
f 3181 4734 1749
f 3691 775 4735
f 1759 4735 3910
f 770 2550 4736
f 2224 4736 3245
f 1598 3097 4737
f 2190 4737 769
f 2792 718 4738
f 2792 4738 1259
f 2992 912 4739
f 4740 3777 989
f 2063 4739 4740
f 2063 4740 3309
f 2648 1106 4741
f 2648 4741 4742
f 4709 854 4742
f 1627 4742 4741
f 2649 674 4743
f 1627 4743 2421
f 1973 1635 4744
f 3421 4744 891
f 1180 2558 4745
f 1855 4745 3038
f 4839 3662 4746
f 582 4746 581
f 4748 1633 4747
f 1105 4747 2586
f 4501 1633 4748
f 2864 4748 863
f 3274 3658 4749
f 3274 4749 1243
f 1041 2361 4750
f 2360 4750 3527
f 3177 1278 4751
f 3177 4751 2777
f 1442 2779 4752
f 2174 4752 4158
f 1315 2219 4753
f 1936 4753 4877
f 1835 2801 4754
f 735 4754 3537
f 2631 846 4755
f 2631 4755 4784
f 4757 2368 4756
f 1776 4756 2792
f 4307 1024 4757
f 1776 4757 4756
f 4267 2363 4758
f 1198 4758 3093
f 1847 2255 4759
f 1847 4759 2447
f 3469 1551 4760
f 3469 4760 1106
f 639 2520 4761
f 2675 4761 1586
f 2214 3310 4762
f 667 4762 3018
f 2423 1360 4763
f 2423 4763 1154
f 4026 1860 4764
f 1539 4764 4027
f 2182 2166 4765
f 2182 4765 3071
f 956 2256 4766
f 1954 4766 698
f 1615 3984 4767
f 1615 4767 3983
f 4767 1637 4768
f 993 4768 4853
f 1962 2911 4769
f 1962 4769 2725
f 1155 2953 4770
f 2805 4770 4481
f 744 4315 4771
f 744 4771 2384
f 3154 2133 4772
f 1239 4772 1948
f 2838 1242 4773
f 2104 4773 1479
f 4345 2433 4774
f 1005 4774 2662
f 755 2976 4775
f 2547 4775 3986
f 2833 1600 4776
f 2833 4776 1078
f 3103 1905 4777
f 690 4777 3843
f 3598 894 4778
f 3598 4778 1396
f 1958 3715 4779
f 1958 4779 3070
f 4556 1026 4780
f 2293 4780 4028
f 3160 904 4781
f 3160 4781 1390
f 1109 2629 4782
f 1109 4782 2630
f 227 2685 4783
f 225 4783 1842
f 2632 1096 4784
f 2632 4784 4785
f 4784 1638 4785
f 739 4785 4788
f 4691 1097 4786
f 1638 4786 4785
f 651 2582 4787
f 2264 4787 3657
f 4785 2634 4788
f 739 4788 2613
f 4788 1640 4789
f 1098 4789 2614
f 3253 2168 4790
f 4811 4520 1995
f 2016 3148 4791
f 1009 4791 2140
f 2677 566 4792
f 2677 4792 1793
f 1356 3605 4793
f 1356 4793 3604
f 2634 1097 4794
f 2634 4794 1640
f 914 2719 4889
f 1737 4795 2455
f 1490 3426 4796
f 2551 4796 1115
f 1061 2135 4797
f 2136 4797 945
f 3424 1671 4798
f 229 4798 227
f 2685 1671 4799
f 2685 4799 1117
f 2202 1658 4800
f 757 4800 2125
f 3481 1320 4801
f 1658 4801 4800
f 1170 2469 4802
f 1170 4802 2901
f 4802 1664 4803
f 2901 4803 805
f 1664 2547 4804
f 1664 4804 2029
f 4627 2247 4805
f 1593 4805 3195
f 2438 1925 4806
f 694 4806 3207
f 849 4650 4807
f 849 4807 2818
f 3576 1337 4808
f 1670 4808 2818
f 3332 631 4809
f 1949 4809 1554
f 677 3501 4810
f 1653 4810 2777
f 642 4790 4811
f 642 4811 2401
f 1049 1770 4812
f 3540 4812 1324
f 2932 2480 4813
f 2932 4813 2921
f 749 2318 4814
f 2251 4814 4095
f 953 3049 4815
f 1919 4815 3222
f 219 221 4816
f 3478 4816 1687
f 2491 1688 4817
f 1167 4817 2492
f 1688 3231 4818
f 1688 4818 2118
f 1291 2826 4819
f 2120 4819 2796
f 665 2688 4820
f 2445 4820 1770
f 4132 1696 4821
f 4132 4821 2127
f 2693 833 4822
f 2693 4822 1533
f 2860 1702 4823
f 928 4823 3874
f 2963 1736 4824
f 1156 4824 2686
f 3375 1731 4825
f 1296 4825 2440
f 231 233 4826
f 231 4826 3424
f 4304 2039 4827
f 1221 4827 2701
f 2150 793 4828
f 2150 4828 4829
f 4828 1717 4829
f 2150 4829 973
f 3094 1112 4830
f 3094 4830 1717
f 1420 2770 4831
f 2933 4831 4235
f 2595 1503 4832
f 2595 4832 752
f 1876 4411 4833
f 744 4833 2565
f 662 2603 4834
f 662 4834 2324
f 2344 663 4835
f 1650 4835 4705
f 4519 1010 4836
f 1650 4836 2344
f 2688 665 4837
f 1651 4837 3677
f 2517 1102 4838
f 1651 4838 3091
f 3140 1976 4839
f 582 4839 4746
f 1361 2357 4840
f 2130 4840 1283
f 4034 1852 4841
f 952 4841 1929
f 3719 1372 4842
f 4841 4842 1929
f 2633 1605 4843
f 2633 4843 1096
f 2336 2420 4844
f 1190 4844 2080
f 3348 1978 4845
f 140 4845 3617
f 1944 3607 4846
f 2619 4846 2136
f 1655 2216 4847
f 1655 4847 3033
f 2615 108 4848
f 1655 4848 4653
f 3911 1652 4849
f 3911 4849 2269
f 4383 651 4850
f 4169 4850 1652
f 1542 4121 4851
f 3778 4851 637
f 1428 2798 4852
f 1428 4852 4424
f 2399 2553 4853
f 2399 4853 4768
f 2997 1750 4854
f 1174 4854 2909
f 1666 3166 4855
f 1666 4855 2909
f 2789 1271 4856
f 2789 4856 814
f 770 2602 4857
f 770 4857 2550
f 2307 1129 4858
f 2307 4858 3639
f 897 2651 4859
f 4140 4859 1712
f 914 2999 4860
f 914 4860 2719
f 2824 1738 4861
f 1211 4861 2999
f 2803 1659 4862
f 630 4862 2360
f 3563 1785 4863
f 1784 4863 4563
f 3165 895 4864
f 1710 4864 3913
f 1710 3913 4865
f 1710 4865 3221
f 3200 945 4866
f 1685 4866 2292
f 1083 2472 4867
f 1932 4867 619
f 1492 3493 4868
f 2929 4868 4593
f 2780 1219 4869
f 2780 4869 899
f 2520 1070 4870
f 2520 4870 1586
f 864 3481 4871
f 864 4871 3340
f 581 2578 4872
f 580 4872 3873
f 1058 2298 4873
f 1058 4873 3998
f 2723 1647 4874
f 2723 4874 777
f 4456 1833 4875
f 4456 4875 2093
f 3129 1071 4876
f 3129 4876 1567
f 3730 1729 4877
f 971 4877 4753
f 2856 1044 4878
f 2647 4878 1610
f 3961 1426 4879
f 2306 4879 1007
f 1916 2952 4880
f 1916 4880 2625
f 3640 2129 4881
f 1355 4881 2908
f 4620 2473 4882
f 1588 4882 2393
f 1156 2686 4883
f 2141 4883 3189
f 4885 3038 4884
f 1779 4884 2280
f 1189 3038 4885
f 3039 4887 909
f 2807 1779 4886
f 1123 4886 3519
f 4885 1779 4887
f 4885 4887 3039
f 2614 3572 4888
f 2614 4888 1098
f 4795 1737 4889
f 4795 4889 2719
f 2683 4301 4890
f 768 4890 2805
f 1499 2657 4891
f 3489 4891 2204
f 1792 2951 4892
f 4201 4892 997
f 2866 1315 4893
f 1698 4893 3452
f 3267 1819 4894
f 927 4894 4003
f 1955 4574 4895
f 2313 4895 3318
f 699 3243 4896
f 2944 4896 1490
f 123 125 4897
f 3797 4897 1821
f 1140 2338 4898
f 1140 4898 2225
f 3539 865 4899
f 2338 4899 4898
f 2454 3728 4900
f 883 4900 3512
f 1722 4038 4901
f 1722 4901 2495
f 1633 3184 4902
f 1633 4902 4747
f 787 4517 4903
f 787 4903 2352
f 3204 1167 4904
f 3204 4904 2227
f 2998 1735 4905
f 659 4905 2492
f 2537 199 4906
f 2537 4906 4351
f 4351 1665 4907
f 3323 4907 906
f 4459 1101 4908
f 4459 4908 3097
f 4638 637 4909
f 2030 4909 3237
f 2829 1184 4910
f 3501 4910 1451
f 2655 1111 4911
f 2655 4911 1731
f 2945 1490 4912
f 2945 4912 849
f 5804 6264 6706
f 8567 6647 8952
f 7605 6237 8109
f 4999 319 4998
f 7655 5762 6609
f 4954 4955 9394
f 7952 6199 6353
f 7528 5183 6741
f 8571 6461 4956
f 7529 5271 7273
f 8090 4961 4962
f 9489 5612 7448
f 7869 6357 9454
f 8994 6718 5425
f 8794 5148 6754
f 9182 6676 7453
f 7791 6186 7855
f 8893 366 367
f 9476 5281 7934
f 8615 5241 7932
f 7509 9228 7641
f 5358 7054 6499
f 7765 6139 8240
f 7641 235 7509
f 6674 5621 6785
f 6422 5062 9275
f 8517 6164 7810
f 6977 6138 7934
f 8383 353 355
f 7989 232 230
f 7621 223 222
f 8005 348 7993
f 6822 9025 226
f 7902 7157 5491
f 8734 5241 7751
f 6918 9191 8431
f 9553 5319 6867
f 8971 5925 7410
f 8730 5092 6957
f 8126 8059 5060
f 8126 5710 7552
f 8704 6227 7533
f 7533 5974 8343
f 8890 5740 7942
f 8704 336 338
f 7562 7411 215
f 8343 5974 8712
f 9225 5258 9191
f 8712 329 331
f 7157 344 6657
f 220 218 7412
f 7124 6433 7300
f 7124 7300 326
f 8891 5224 6642
f 322 7924 99
f 7124 326 328
f 7933 6271 7201
f 8062 6396 5364
f 8839 5332 8835
f 7361 5549 6202
f 4938 6190 7159
f 7916 6939 5714
f 8800 5037 6333
f 7614 4942 6937
f 7605 7081 4948
f 7228 152 7168
f 7769 5652 7766
f 7179 8329 8239
f 8658 6941 8657
f 7855 167 166
f 6804 8529 5314
f 9219 6015 7643
f 8907 169 7306
f 9218 415 418
f 6552 176 174
f 6636 8768 9343
f 6533 5401 8756
f 7971 6543 9006
f 6495 5146 6790
f 7863 5144 6406
f 7643 6613 8987
f 7432 5068 7896
f 8427 6623 421
f 7119 186 184
f 5401 6514 7281
f 7643 5456 6613
f 7064 5494 7339
f 7501 426 7214
f 8879 5122 8813
f 7119 5494 8482
f 6937 5633 7614
f 8637 7439 7032
f 7755 6628 195
f 8280 5705 7978
f 9196 7211 155
f 7729 5585 8399
f 6963 7231 4940
f 6635 5193 6812
f 8932 7096 192
f 7811 5390 6625
f 7947 139 8820
f 6628 198 195
f 6310 7543 8382
f 7634 434 436
f 6419 5845 7947
f 6364 6738 5615
f 9075 6269 8128
f 7600 6507 205
f 8585 131 7369
f 6738 202 200
f 7745 7634 436
f 9354 5681 7638
f 7638 210 208
f 6507 9354 205
f 9399 7745 438
f 9075 4935 4936
f 7916 5714 6419
f 6338 5648 6829
f 7259 5110 6762
f 8862 6434 5595
f 6680 7424 8597
f 7424 5409 6681
f 7640 5415 6350
f 8820 139 138
f 9396 6193 128
f 8094 124 6206
f 5850 8297 8298
f 7511 5850 7800
f 6469 5047 7430
f 8453 6937 4943
f 9154 7800 5850
f 7131 6206 121
f 9358 146 7927
f 6206 7131 8714
f 8928 5227 7167
f 6409 7972 6884
f 7540 5214 7148
f 7050 8829 4926
f 7376 6002 8318
f 7008 7324 5913
f 7603 113 111
f 7228 5610 7211
f 8317 6706 160
f 7804 4924 6745
f 4923 7008 4922
f 7749 5112 6882
f 7282 5306 6163
f 6424 163 161
f 8230 5048 8666
f 8669 4921 4922
f 107 7098 7618
f 8687 7049 8226
f 7098 107 105
f 8403 5881 8602
f 5831 8044 8373
f 8602 4917 4918
f 7990 5951 7706
f 8396 402 7706
f 7264 5881 8044
f 8527 398 400
f 7854 4915 4916
f 6703 8809 7946
f 9582 6076 8822
f 4917 8602 7006
f 6758 4914 4915
f 8217 6462 9394
f 4915 7854 6758
f 7265 5696 7661
f 101 4914 9370
f 8217 4955 4956
f 4914 101 4913
f 8844 391 394
f 7263 4959 8291
f 7018 5777 7529
f 7018 9412 387
f 7141 5027 9355
f 6211 9184 8536
f 7853 6136 8039
f 8639 5024 7778
f 8224 8847 7577
f 7731 373 375
f 7987 6863 5107
f 8994 5425 6717
f 7869 5803 6357
f 375 6299 7731
f 6982 5148 8794
f 8536 5107 6863
f 7184 6372 8906
f 6676 6013 6660
f 9483 246 6660
f 9268 5328 7147
f 8282 5139 6173
f 9544 5989 8174
f 7980 252 249
f 7184 7496 8014
f 9244 5213 6766
f 8998 5975 7496
f 256 253 9492
f 8224 5688 7578
f 6523 258 256
f 8454 6250 6744
f 8513 5139 6874
f 8454 7611 4974
f 7440 5173 6196
f 7169 4976 4977
f 8695 6129 7716
f 8341 6685 8745
f 8695 264 262
f 6317 9521 7169
f 7183 8894 9318
f 8861 4978 4979
f 7048 9297 267
f 9521 6528 7717
f 8008 5723 6385
f 7771 4980 4981
f 7882 6849 9270
f 8630 5465 6912
f 8854 7121 276
f 9570 7116 8573
f 8854 276 274
f 7116 6103 6614
f 7639 9171 279
f 8969 6103 6501
f 8007 8289 8026
f 6992 5484 8758
f 7341 7019 8623
f 8652 5040 6714
f 6385 5043 8008
f 8777 4988 4989
f 6996 287 286
f 6783 6072 9306
f 7895 287 6996
f 9041 9324 4990
f 7302 6127 293
f 4990 4991 9040
f 5956 6557 6973
f 7291 5447 6240
f 8849 6127 6296
f 6348 5010 9499
f 8922 5142 7068
f 9003 6403 5257
f 7727 5624 6354
f 7488 6111 8414
f 7635 5624 9458
f 8211 5034 6395
f 6564 7122 6029
f 4996 7027 4995
f 7601 5383 6215
f 9382 9381 313
f 9382 6065 9381
f 4997 8410 4996
f 7181 6065 7843
f 6919 4997 4998
f 9170 6919 317
f 9170 317 316
f 319 317 9371
f 7853 4961 8090
f 7236 383 385
f 8443 5001 6702
f 8238 6091 7628
f 9174 5259 8036
f 4977 4978 6317
f 7696 5284 7241
f 5794 8278 6633
f 7513 5483 7032
f 8658 5905 8395
f 8991 5007 6405
f 8870 5405 7700
f 8165 5006 6133
f 7731 8659 6017
f 8109 5381 8566
f 8233 5000 7215
f 9155 6350 4931
f 8123 5818 7519
f 7685 5523 7322
f 9322 5658 7740
f 8856 6992 4986
f 6996 5824 7895
f 9159 5502 6886
f 8886 5096 6968
f 9313 5063 7252
f 8022 5282 9473
f 7943 5057 8531
f 8114 5208 9084
f 7750 7985 5014
f 7025 5994 7461
f 7340 4973 7611
f 8053 5163 6667
f 8278 5016 9279
f 6519 5030 8619
f 6016 6522 7138
f 7621 6554 5908
f 7016 8108 9439
f 8725 6953 8042
f 7352 5055 8027
f 8811 6264 5476
f 9320 7632 6725
f 363 6276 7970
f 7386 9356 8040
f 7393 5084 6198
f 6344 6833 6048
f 6849 5495 9270
f 7973 5686 7905
f 8113 5317 9158
f 9072 6847 5434
f 7471 6287 5880
f 7912 6589 5066
f 7468 5249 8857
f 7381 5026 6177
f 6941 409 411
f 7757 4967 4968
f 7287 7911 6581
f 6686 5154 8048
f 9153 5171 7913
f 6233 5029 7566
f 6675 6766 5834
f 9246 7416 5093
f 9279 5016 7070
f 8107 7086 5670
f 7070 5016 9045
f 8209 5032 8181
f 6526 382 7391
f 6148 5946 8164
f 8110 5539 7131
f 8414 4992 4993
f 7636 5624 7635
f 7295 6531 5473
f 7218 5182 7160
f 8345 6604 7021
f 9301 6543 7971
f 8831 5041 6707
f 8095 5184 8852
f 6895 5102 8624
f 9311 7894 5215
f 7887 6280 7522
f 8161 7169 5608
f 9076 5308 6344
f 6690 5406 8618
f 8438 5041 6490
f 7754 5554 6607
f 8423 5042 6319
f 7690 6441 9015
f 6750 5420 9407
f 7019 283 281
f 7445 8719 6188
f 9358 6091 7669
f 7685 7029 5045
f 7805 7327 5561
f 9002 5046 6900
f 9056 5730 7574
f 7144 6414 5197
f 8829 6745 4925
f 7586 5320 6304
f 7207 7208 5535
f 6844 5467 9441
f 7059 5014 7653
f 7152 5109 6664
f 6263 5276 8235
f 8940 6038 8678
f 9077 5177 7389
f 7408 5664 9034
f 8262 6721 5795
f 7431 5119 6331
f 8193 7993 349
f 9389 5054 8594
f 9558 5009 7461
f 9403 5518 7223
f 7944 7945 8592
f 7242 5056 8665
f 8789 5114 6401
f 9505 5237 6935
f 7845 5701 7062
f 6908 8152 6627
f 8983 7109 5543
f 8936 5059 6927
f 5863 7686 7687
f 7942 5740 6433
f 8712 8286 329
f 8759 5774 7812
f 4983 6614 4982
f 8221 7617 8222
f 7453 242 240
f 8500 5063 6506
f 7634 7682 434
f 9038 7684 6859
f 7900 5020 6989
f 7826 5065 7246
f 9465 9218 6015
f 7788 5066 6589
f 6360 7402 7286
f 9431 5629 6816
f 8490 5050 7292
f 9367 6796 7568
f 8089 7743 187
f 8262 5173 6174
f 6825 5100 6226
f 9437 9438 6135
f 9508 5080 7482
f 8716 6195 5071
f 6398 5028 7164
f 6902 5072 9425
f 7549 5070 8649
f 6328 5077 6279
f 7706 402 404
f 7920 5170 7094
f 7809 5012 7270
f 6963 4941 7614
f 8539 5857 7846
f 7790 8071 5906
f 7085 8464 9444
f 8681 5077 7356
f 7236 7391 383
f 7335 5078 6214
f 7093 5127 6301
f 7984 5079 8783
f 9300 5880 8203
f 7365 5103 6243
f 9295 5004 7439
f 7097 5223 8646
f 7235 5523 6380
f 8251 5082 6560
f 9028 6598 5025
f 6568 5083 8306
f 6075 9115 6581
f 8476 5084 6452
f 6610 5083 8253
f 7864 6858 5085
f 9401 5144 7163
f 9530 7660 5651
f 8550 5093 8995
f 8249 5087 6261
f 8629 6220 7268
f 9524 5308 8693
f 7560 5056 9353
f 8456 5252 9147
f 7347 5048 6478
f 8123 7519 5132
f 8400 5639 6769
f 8448 5091 8256
f 8295 7097 6238
f 6723 6499 7054
f 9411 5198 8979
f 6974 5093 8951
f 8357 5366 6399
f 5626 6818 7739
f 8924 8571 4957
f 8449 6955 5095
f 8998 7496 4971
f 9267 6377 8082
f 5598 6938 7664
f 8349 5448 6315
f 7261 5035 6352
f 7061 6156 8484
f 7197 5192 6320
f 7363 5099 6248
f 8743 5207 6684
f 6832 5100 8606
f 7786 5169 6259
f 7188 5812 6576
f 8269 7765 358
f 6869 5102 9479
f 9477 6876 5182
f 9336 5789 6948
f 6287 5079 8204
f 7584 5104 6305
f 7851 6757 6446
f 8434 5196 6966
f 7838 5160 6652
f 7518 5106 9190
f 8090 4962 9454
f 6863 5492 6244
f 8576 8893 367
f 7343 5888 6821
f 9055 6822 226
f 7487 5950 7152
f 5604 6951 8092
f 7259 6148 5110
f 8713 7910 5201
f 9406 5111 7479
f 6457 291 289
f 9050 6883 5450
f 8164 5110 6148
f 9052 5113 6224
f 6367 9421 9523
f 7893 5366 6401
f 9353 5056 9150
f 7693 5115 6187
f 9156 5216 8774
f 9304 7856 5313
f 9459 7874 306
f 7005 5117 8125
f 7583 5191 6337
f 7676 5368 9422
f 6391 5120 7964
f 340 6251 6889
f 7113 5702 7762
f 8445 8446 6531
f 9567 5020 6644
f 6932 5412 6587
f 9588 5025 6290
f 7672 5122 6479
f 8496 5073 6899
f 7177 9122 7107
f 8752 5972 8812
f 8266 5482 6455
f 7238 6712 5449
f 8858 7903 5277
f 7163 5144 9528
f 7087 5126 7441
f 8573 7116 4984
f 6301 5127 8325
f 8186 6178 7156
f 7266 5490 6612
f 9503 5138 8393
f 8487 5347 6473
f 7428 5090 6845
f 8402 5401 6533
f 8676 5085 6326
f 8213 5185 6480
f 7799 5395 6658
f 7567 5132 6306
f 6952 5760 6701
f 5807 7520 8354
f 8749 7880 8024
f 7015 5187 7746
f 9030 6447 6448
f 7491 5289 8335
f 9470 5164 7091
f 7801 5594 6442
f 9498 5300 6751
f 9410 5137 9409
f 6454 8497 9319
f 8393 5138 7385
f 9316 7675 5075
f 6523 8091 9159
f 8745 5046 6431
f 7417 5140 7436
f 7344 5336 8546
f 8671 5141 7553
f 9565 4937 7159
f 8796 5384 7392
f 6296 7636 298
f 8004 5796 8621
f 8195 5303 7941
f 7234 5144 7863
f 9053 6326 6770
f 6200 9014 6293
f 6145 9588 6290
f 8662 7336 5938
f 7791 166 163
f 7503 5147 7502
f 8978 5086 8131
f 4965 7272 6708
f 6673 7020 9189
f 6245 5149 7834
f 7212 5232 8880
f 8549 5414 9215
f 9365 5493 6993
f 7967 5340 6393
f 6908 5954 7827
f 6698 5152 9086
f 6482 6678 7555
f 9323 5349 6459
f 7832 6814 5254
f 9079 5256 8370
f 7548 5273 8430
f 8400 7165 5638
f 6700 9153 7913
f 7666 7667 5156
f 6250 8454 4975
f 7816 6486 7637
f 6836 5445 6248
f 8785 6286 5158
f 8125 5117 7057
f 5862 8147 6588
f 9363 5459 6872
f 6652 5160 8826
f 7565 8523 6421
f 6760 5161 8961
f 6163 7136 115
f 8526 5162 6819
f 7865 5107 9184
f 8030 5163 7312
f 7502 5147 9130
f 8545 5321 6323
f 8634 5185 8213
f 9377 6572 7735
f 9566 7472 5187
f 9167 6005 9021
f 6563 5371 9485
f 9070 6037 7957
f 8300 6449 8921
f 8221 6321 8626
f 6868 9244 6766
f 6259 5302 7785
f 8285 5883 9453
f 7094 5170 8888
f 6730 6085 9419
f 8956 5962 6700
f 7219 5600 7439
f 7960 5172 6944
f 8737 5564 6189
f 9059 6850 7663
f 7716 266 264
f 6120 8525 7276
f 7225 5268 6294
f 6599 5396 6595
f 8279 5365 8863
f 8472 5242 8247
f 8417 5376 6590
f 7683 6303 9077
f 8236 5067 8099
f 9237 6843 5467
f 7572 5629 7190
f 6653 8268 8407
f 7176 5570 6134
f 8303 5180 6656
f 8254 5175 6632
f 6768 5181 6950
f 7844 8954 6027
f 6877 5182 8133
f 6897 5151 8152
f 9419 7528 6741
f 9013 5344 8638
f 8738 5745 7828
f 6922 6437 8547
f 6719 5890 8634
f 7145 6616 5010
f 8731 5610 6593
f 7201 5129 7243
f 6956 6094 8100
f 7807 5050 6943
f 7203 6330 5188
f 8193 349 352
f 7908 8176 5819
f 7213 5251 9064
f 8868 5341 6440
f 7508 5638 7164
f 9134 6337 7531
f 6753 5215 8797
f 7427 5772 8033
f 7588 5599 7142
f 9091 5456 7848
f 7214 427 6800
f 8055 6517 5194
f 8518 5407 8643
f 7799 6658 5822
f 6764 5369 6127
f 6966 5196 7579
f 8426 5412 6932
f 6508 5482 9379
f 8852 5184 6970
f 6009 9510 8799
f 9186 6576 6577
f 7353 5199 6816
f 6447 5345 8708
f 6786 6332 8342
f 9529 5119 6907
f 7278 7910 6036
f 9089 6343 143
f 7497 5202 8552
f 7728 5002 6400
f 8340 5203 8013
f 8607 6832 8606
f 8735 5262 9506
f 7505 5275 7857
f 5567 7074 7075
f 7923 5231 6494
f 7998 5206 6475
f 7101 5230 8593
f 8744 5579 7399
f 9104 6048 6833
f 8021 5675 7792
f 9421 5326 7173
f 7466 5462 6924
f 8916 5225 8612
f 8194 5766 8162
f 6491 5393 8328
f 7444 5211 7090
f 7723 6594 7732
f 8481 5212 6864
f 8181 5032 6663
f 6868 5517 6412
f 6936 5558 6779
f 9099 5214 7540
f 6396 7304 4945
f 9008 5418 6753
f 8703 5454 6875
f 6453 8875 7646
f 8775 6525 5379
f 8729 5217 9482
f 9191 5258 6854
f 9569 5218 6501
f 9414 6322 8778
f 7407 7539 5219
f 6126 5220 8087
f 8604 6126 8087
f 9497 5168 6412
f 8502 5360 9283
f 6926 5351 6410
f 5699 7939 7349
f 6603 5178 6958
f 9490 5532 7249
f 7702 5129 7290
f 7552 5224 7551
f 7924 211 99
f 7774 6047 6704
f 7329 6288 9550
f 6473 7443 7243
f 6172 5189 8243
f 8917 8928 7167
f 7800 4929 7511
f 8356 5228 7297
f 7369 131 129
f 8525 7736 5229
f 8101 8100 7472
f 8898 5230 7101
f 7692 5009 8535
f 7921 6505 5352
f 7745 436 438
f 6668 5232 7994
f 6327 5318 8288
f 9085 5233 7044
f 9020 9021 6005
f 9435 7669 5835
f 7290 5129 6271
f 9243 5235 7298
f 9583 5193 6505
f 7434 5236 7251
f 7251 7252 5592
f 6647 8109 8566
f 7939 5209 7348
f 9298 5544 7317
f 8235 5276 7485
f 8330 7529 8002
f 7265 395 7001
f 6134 5240 7176
f 8037 5427 6714
f 8281 5361 8578
f 7495 232 7989
f 7063 6272 8247
f 8873 5651 7069
f 8591 5291 8041
f 8321 5244 7123
f 8321 7165 5244
f 7394 6032 6830
f 6056 7797 7193
f 6815 8825 6422
f 6809 5246 7879
f 7269 6144 6696
f 7533 336 8704
f 6918 5438 9226
f 8468 5908 6554
f 6554 7294 5659
f 7557 5249 9097
f 8299 5520 7598
f 7836 5250 8044
f 7098 105 9123
f 8199 5251 6548
f 9065 5399 8163
f 8822 6077 9147
f 9585 5462 7466
f 6931 9338 6930
f 6756 7030 5700
f 7832 5254 7948
f 6878 5790 7777
f 8632 5242 6626
f 8773 6374 7209
f 9561 5486 7060
f 8370 6182 9079
f 8819 5350 7705
f 7068 5142 8802
f 9168 7193 5515
f 8431 5060 6646
f 6401 5755 8241
f 9031 5088 6292
f 9327 5260 8160
f 7523 5536 6824
f 7561 5261 6117
f 9014 5386 6293
f 9506 5262 7262
f 9289 5508 7058
f 7756 5678 7686
f 7736 5751 6539
f 8208 5264 7071
f 8779 5265 7956
f 7071 5907 8887
f 9463 5357 6861
f 6639 5836 6125
f 7827 6185 7283
f 8986 8987 6613
f 6731 8065 413
f 6402 6839 8043
f 8737 5134 6757
f 9162 5626 7739
f 7373 8119 8846
f 7969 5270 6909
f 7499 6509 8795
f 7356 7954 8330
f 9412 7236 385
f 7326 5469 6860
f 6218 5716 7961
f 5273 9129 6835
f 7139 7140 8106
f 6903 5480 9374
f 9288 7133 5204
f 5790 7367 7505
f 8170 5324 9044
f 9373 5607 7712
f 8503 5274 7134
f 5769 7721 7903
f 8598 5036 6407
f 8674 6098 9242
f 7553 5141 6202
f 404 7990 7706
f 8187 5970 6899
f 8079 5280 7313
f 9292 7120 7631
f 7659 5391 7410
f 8269 359 7078
f 7743 6104 8790
f 8651 5661 7761
f 6997 5283 8447
f 7899 5785 9239
f 6655 9203 7965
f 7241 7654 9117
f 7542 5285 6201
f 6190 4939 7231
f 8694 5286 8601
f 9387 5150 7327
f 8338 5287 7007
f 8344 5125 6153
f 9554 6167 7983
f 8970 8095 5588
f 9022 5289 8173
f 8173 8174 5989
f 9402 5290 7884
f 6164 5859 7127
f 8590 8591 6217
f 7317 5238 9145
f 8435 5727 6879
f 7035 5033 6761
f 8741 5293 8216
f 7182 5294 8860
f 7166 5294 6972
f 9282 6212 7912
f 8292 5295 8352
f 6684 5207 6347
f 8975 5296 9330
f 8710 5212 8202
f 7935 8184 8183
f 9509 5378 7205
f 9359 8709 5298
f 7263 4958 4959
f 6631 5299 7928
f 7792 5675 7207
f 8483 5984 6616
f 7031 5043 6651
f 7478 5301 6171
f 9173 6452 6571
f 7785 5302 9486
f 6259 7450 9060
f 6270 5303 7818
f 8842 9022 7941
f 8570 7445 5304
f 9185 5228 7426
f 8816 8593 7100
f 8807 5819 6172
f 8941 5306 7376
f 9200 111 109
f 7744 5475 7036
f 6696 7708 7269
f 7648 5625 6292
f 9209 5416 9500
f 6668 5309 6284
f 8658 408 409
f 9004 5310 6276
f 7055 5488 6977
f 9175 6308 8162
f 7764 5128 6679
f 260 7320 6553
f 5139 6600 6874
f 7703 5313 9532
f 7027 4996 8410
f 5552 6301 6302
f 8670 5339 8215
f 6683 5315 7768
f 6804 5314 6300
f 8020 5316 7397
f 6547 8232 8366
f 6755 8433 9405
f 7846 5701 7198
f 8083 5318 7859
f 6327 6856 8814
f 6867 5319 6329
f 6251 340 341
f 8057 5623 7586
f 6975 6142 7225
f 6629 6322 9414
f 6954 7658 7591
f 7215 8389 8232
f 8881 6784 5038
f 7595 5323 6250
f 8192 7780 7612
f 7531 5191 6947
f 9467 5330 7268
f 6640 5325 8225
f 8680 5397 6677
f 9522 5326 9421
f 9451 5067 8236
f 6363 5327 6340
f 7950 5423 6333
f 4968 8906 7757
f 9579 5375 8074
f 7769 7768 5652
f 6383 6921 6084
f 6620 8198 8250
f 8702 5215 6772
f 8157 5890 6394
f 6733 6026 9262
f 8792 5332 8824
f 6249 8237 7227
f 7256 9446 6289
f 7720 5114 8789
f 7679 5334 6381
f 8682 6670 6938
f 8604 5335 6126
f 8755 5558 7303
f 6994 5590 8993
f 6154 5562 7417
f 8169 5337 9589
f 8026 5169 7786
f 7448 5612 6299
f 9133 5325 6967
f 6300 5840 6426
f 7313 5280 6541
f 6565 8368 6392
f 7185 7965 9274
f 9160 5944 6440
f 6780 5788 6782
f 8804 5342 8921
f 8605 5764 6451
f 6261 6775 7915
f 8166 5167 6451
f 5806 7222 6213
f 7815 6620 5330
f 5565 6445 6446
f 9054 5481 6944
f 9106 5346 7868
f 9394 8766 4954
f 7226 5347 8645
f 6297 5226 7014
f 8082 5410 9267
f 9028 5025 6231
f 8685 6058 9323
f 9474 5276 7358
f 4993 7488 8414
f 6848 6102 7925
f 5686 7904 6411
f 7137 5051 6141
f 7979 5705 6800
f 8691 7311 5858
f 8295 5937 7097
f 8835 5332 7111
f 6520 5354 7974
f 9172 7564 5774
f 7597 5355 6518
f 9131 5637 7127
f 9076 6344 8003
f 9346 6892 5445
f 6125 6871 6500
f 6978 8982 5310
f 8934 5999 7054
f 9429 5281 8240
f 8489 5359 6286
f 8032 5000 7624
f 8878 5209 6924
f 5927 7108 8463
f 7616 5361 6512
f 7641 6674 237
f 6550 5362 8958
f 5028 6933 7315
f 7483 5363 6537
f 8178 6192 5103
f 9205 7907 5711
f 6666 7619 6298
f 6813 5771 6560
f 8863 5662 6561
f 7498 5617 7728
f 8241 8036 5259
f 7240 6311 6556
f 7287 5396 6602
f 8058 6242 6351
f 8726 6039 7557
f 6354 5369 8803
f 8849 293 6127
f 8667 5851 8462
f 8466 5165 6572
f 8319 5371 6570
f 8302 5370 6568
f 7070 8806 8307
f 6239 5628 7314
f 8051 5373 6569
f 8138 5753 8466
f 7849 5768 9138
f 9345 5270 7969
f 8085 5375 7660
f 8073 7271 5548
f 6590 5376 8267
f 5179 7331 7175
f 7935 5377 8184
f 6314 9273 8130
f 8920 5378 6597
f 6596 8131 8189
f 9136 6162 5379
f 8067 5934 6524
f 6594 6092 6493
f 7812 5694 8759
f 4951 7608 7387
f 9149 6077 9148
f 9238 8663 5382
f 9307 8377 5668
f 7601 5589 6165
f 9459 306 303
f 9262 5384 8796
f 7122 6215 5383
f 8086 5385 6414
f 9042 5115 7693
f 6184 6293 8425
f 8016 5365 6562
f 7299 6407 5387
f 6011 9071 6488
f 6770 5388 7308
f 9332 7112 5875
f 9164 5389 7465
f 9480 9331 5388
f 6654 5390 6364
f 5858 7311 6625
f 8179 6268 6521
f 6643 353 8383
f 5799 6610 8372
f 8301 6562 8279
f 8507 5393 6490
f 9326 5299 6266
f 6662 5394 8825
f 8221 5667 7617
f 9469 6080 8696
f 8394 5823 6658
f 9115 5396 6581
f 6602 8030 7287
f 9433 5397 8386
f 8076 5265 6862
f 6583 5398 7726
f 8296 5399 6841
f 8589 6062 6584
f 8162 5311 9175
f 9548 5493 7073
f 8907 7789 172
f 9023 5401 7281
f 7977 6544 7570
f 8945 6199 7952
f 6438 6864 7374
f 9197 5403 8929
f 8418 5502 6981
f 8392 5730 6793
f 9328 5635 6874
f 6509 5405 8795
f 9454 4963 7869
f 8574 5833 8406
f 6671 5792 8257
f 8376 5407 6694
f 8643 5860 6695
f 8515 5408 6759
f 8384 5575 7288
f 8164 8754 7425
f 124 121 6206
f 7038 5410 8264
f 8082 8620 6040
f 9453 5411 6715
f 8874 5022 9103
f 6587 5412 8557
f 9255 6873 8947
f 7332 5413 6345
f 6247 6929 5413
f 6379 6033 6544
f 8549 5494 7119
f 8848 5415 7053
f 7982 5047 6802
f 5594 6348 6442
f 7770 6226 5100
f 6417 5903 6754
f 9189 5270 8117
f 6947 5418 6257
f 6894 5453 7734
f 9419 5419 6730
f 8081 5318 6611
f 6750 6390 5420
f 9037 5369 6764
f 8124 8148 6355
f 8153 5247 7161
f 8821 5422 7238
f 9378 9380 7040
f 7037 8967 6333
f 8853 5490 6969
f 9280 5424 7295
f 8447 5283 7437
f 9004 8994 6717
f 9436 371 8699
f 8809 6952 5426
f 9536 8024 5497
f 6714 5427 7522
f 8336 5530 7609
f 8423 8422 6782
f 9098 7234 5556
f 8457 5648 7876
f 7390 8128 6269
f 7196 5739 6811
f 9025 228 226
f 8762 5431 6897
f 7042 6133 5779
f 8607 5432 6832
f 8003 5356 6485
f 6226 5433 6825
f 8705 5583 7031
f 9072 5434 6229
f 8588 5435 6798
f 5961 7664 6799
f 7355 5650 7220
f 8565 8563 6837
f 7730 5007 7003
f 7763 5657 7764
f 6679 6341 6363
f 5217 9224 7258
f 7929 5909 7161
f 6018 8962 6760
f 8200 7041 9120
f 8146 6061 9384
f 8780 5062 6512
f 6904 5900 6854
f 7814 5248 7992
f 6977 5488 7861
f 6687 6781 5198
f 8467 5443 9186
f 7188 8070 8310
f 8378 7892 6743
f 6457 7302 291
f 6836 5852 7681
f 9232 5911 6891
f 7438 5446 8497
f 6771 8160 7455
f 7202 5447 6403
f 9041 4990 9040
f 8793 5448 6212
f 8348 5348 6598
f 8955 6018 6945
f 8436 5671 7749
f 4921 8669 6883
f 7972 5767 6882
f 9511 9512 6321
f 6728 5519 6412
f 6776 5452 6732
f 8797 5215 8702
f 9018 7197 5453
f 7221 5649 9253
f 8640 5454 6877
f 9032 5455 7261
f 7507 5455 9478
f 8650 5597 6777
f 421 6623 9343
f 9591 5674 7246
f 6245 5870 7180
f 5970 7994 6898
f 6866 5458 6867
f 9317 5919 7431
f 6873 5995 8947
f 7178 6233 5470
f 7334 5460 6153
f 6804 6300 6803
f 6617 5461 6328
f 9329 9439 8480
f 8952 5869 6935
f 8878 5746 9109
f 7145 5463 8483
f 7806 5300 9498
f 8609 5464 6501
f 6915 6324 7237
f 4982 6614 6527
f 8537 5143 8621
f 8641 6010 6716
f 6418 6971 5466
f 8210 6478 6843
f 6638 5177 7189
f 8344 8345 6921
f 7021 8353 6767
f 9535 5958 6998
f 7326 6097 8989
f 9504 5470 7536
f 8947 5459 9255
f 7587 5471 6997
f 9535 6860 8538
f 4980 7771 6736
f 9126 5619 7089
f 6566 5473 6565
f 7677 5120 6391
f 6393 5474 6627
f 7965 5728 6655
f 7335 5475 9418
f 7036 9188 7744
f 6846 9259 6264
f 8988 5540 7306
f 8845 5477 6988
f 7293 5153 8897
f 6813 5478 8061
f 8542 6578 6806
f 6879 5727 6745
f 9445 4927 7674
f 6334 5720 8018
f 7233 5274 7525
f 7487 5481 6943
f 7807 8708 6445
f 7833 8259 6508
f 8265 5511 6802
f 7033 5483 6230
f 7514 5246 6809
f 9306 5484 6783
f 6992 9449 4986
f 8409 5485 6735
f 8442 5564 9581
f 7060 5486 7832
f 7653 6045 6814
f 7047 5487 6932
f 8622 5664 7408
f 7054 5488 6723
f 9476 6138 7410
f 7328 5489 8176
f 8120 5820 7891
f 8312 5948 6969
f 9555 6167 6857
f 345 6657 344
f 8124 5319 8148
f 9110 6180 5492
f 8555 6979 5506
f 9009 6993 7002
f 7339 5150 7760
f 9113 6429 7119
f 7339 6160 7064
f 9270 5495 6850
f 9297 269 267
f 9227 5496 6830
f 7135 5658 7123
f 9536 5941 8024
f 8371 5691 7792
f 9575 5498 7316
f 8813 5533 8375
f 6508 6060 7041
f 7040 5745 7039
f 6001 9119 7022
f 8580 5304 8579
f 6504 5501 7155
f 7000 5931 6453
f 9549 7980 5834
f 9397 6645 8929
f 6152 7132 7134
f 8154 6789 5569
f 9450 5504 7139
f 8106 5307 6696
f 7917 5505 7125
f 7126 9067 5996
f 6211 9400 9349
f 8730 6498 5092
f 8114 5507 6222
f 9052 6224 7937
f 8365 8367 7057
f 9236 6752 9290
f 7275 5509 6532
f 8023 6366 5871
f 9033 6255 7599
f 7888 6650 5451
f 7342 5511 6455
f 7167 5972 7982
f 7053 5512 8752
f 9176 6922 5738
f 6538 5847 8159
f 7926 6416 6906
f 6201 7150 7149
f 6963 4940 4941
f 9168 5515 7194
f 9496 5441 7309
f 8679 5516 8505
f 8505 6844 5178
f 243 6676 6660
f 7187 5052 7303
f 7891 6548 7224
f 7213 6063 7223
f 9183 6412 5517
f 6728 9082 6650
f 7588 5914 7066
f 8540 5473 6566
f 8452 7141 5521
f 7660 5375 7069
f 8510 5687 7719
f 7377 5268 6142
f 7322 5523 6846
f 8902 5953 6842
f 9402 5524 6489
f 6497 5382 8663
f 9526 6787 7890
f 6907 5919 8746
f 8717 7428 5526
f 8761 5892 7100
f 8968 5961 7079
f 8765 9195 8628
f 7076 5528 7075
f 6621 8022 5528
f 8909 5529 7083
f 8723 7451 5685
f 7609 5530 7216
f 7491 5531 6605
f 7830 5531 6134
f 7405 5575 6546
f 7442 6430 5019
f 8255 8256 5916
f 7773 5533 6541
f 7158 5969 7212
f 8984 5534 7171
f 6479 6284 7506
f 9084 5535 6166
f 8784 9432 6880
f 9353 5536 6254
f 7402 5538 6397
f 6914 5537 6432
f 7510 5073 9372
f 8558 6622 7872
f 7500 5025 7821
f 6760 7469 5161
f 8110 117 7136
f 7281 5540 7307
f 7306 167 7855
f 8679 6603 6925
f 8608 5630 7572
f 6917 5542 6371
f 6959 5178 7571
f 9223 5543 7110
f 8315 5092 6723
f 7633 5544 6195
f 7172 5509 6216
f 7831 7200 5545
f 7396 6168 5513
f 9440 5998 7857
f 8149 5827 6535
f 9310 6553 7321
f 7320 258 6523
f 8953 6373 7272
f 8074 5375 9456
f 8810 6269 7360
f 7084 7159 6190
f 7877 5550 6618
f 9282 6051 6212
f 7885 5551 7364
f 8132 5280 8079
f 7095 5552 6302
f 8939 5551 6496
f 7195 5553 6376
f 6755 5278 8611
f 7385 5554 6378
f 7951 5541 7520
f 9391 9390 7162
f 7299 5387 6406
f 7461 5556 7025
f 9098 5428 6197
f 9230 6370 6600
f 9001 6697 8292
f 8474 5980 8755
f 7383 5895 7400
f 7204 5559 6210
f 9319 5446 7183
f 7996 5560 7143
f 6464 5983 7490
f 9365 7244 7707
f 8601 5286 6920
f 8806 6949 7418
f 8475 5527 7080
f 8786 6748 7426
f 9396 128 126
f 8596 6294 7323
f 7835 5566 6435
f 7086 5565 6446
f 7292 6004 8490
f 7422 5566 7835
f 7253 5685 7472
f 5528 8006 7075
f 9313 5815 6545
f 8105 5568 6655
f 7437 6203 7099
f 8154 5569 6567
f 9080 6336 7005
f 7331 6368 5570
f 7830 6605 5531
f 6430 5571 7443
f 8997 7046 5489
f 430 7979 6800
f 8865 6505 5193
f 7243 6297 7201
f 7014 5560 7013
f 9141 5574 6408
f 8645 5933 7226
f 7288 5575 8037
f 7333 6134 5531
f 7881 5576 7863
f 7461 5009 9015
f 7519 7330 5577
f 6701 5210 8749
f 7567 5578 6194
f 7395 6032 7997
f 8642 7363 7398
f 6248 5445 6891
f 7959 6265 5580
f 7365 6243 7366
f 6987 6132 8076
f 9461 5492 6863
f 8488 5582 7456
f 8791 5252 7655
f 9264 5583 8705
f 9468 7481 9586
f 9586 5584 7480
f 7479 6659 7480
f 7077 5585 7076
f 7755 194 7096
f 8321 5586 9393
f 6934 5477 6933
f 5361 8610 6785
f 8177 5517 6675
f 8086 5588 6476
f 7983 5288 9554
f 8736 5589 6215
f 7819 308 9314
f 8993 5590 7344
f 8139 5749 6648
f 9005 9045 7429
f 8616 5333 6885
f 7074 5592 6427
f 5567 7433 7434
f 7713 5593 7370
f 9171 281 279
f 6585 7512 5136
f 8360 5164 9308
f 7553 5595 6434
f 7542 6201 5595
f 8739 5596 7384
f 7494 8532 7278
f 6876 9032 7160
f 6777 7967 6393
f 8562 5598 6465
f 8682 5021 6670
f 8012 5599 6801
f 8397 5118 7065
f 6325 5600 7545
f 7548 6170 5600
f 9537 6773 7547
f 7549 6169 7546
f 7493 5602 6809
f 7034 5483 7513
f 8544 5603 7312
f 9132 8183 5873
f 9474 9475 7526
f 7525 8046 6951
f 7867 5605 8492
f 7275 6216 5509
f 9590 5758 9164
f 5389 9481 6858
f 7357 7960 5607
f 6664 7712 5607
f 7717 5608 9521
f 8161 4975 4976
f 8652 8245 7596
f 7649 5625 7648
f 7227 5610 6249
f 7211 8317 155
f 9315 5611 7273
f 6819 5612 9489
f 379 6526 9489
f 8680 5733 6663
f 6117 7720 7561
f 9235 6114 7560
f 264 8695 7716
f 7476 6174 5614
f 7582 5615 6738
f 5205 6427 6654
f 9208 6258 7558
f 9422 6242 9423
f 8552 6540 7497
f 6400 5366 7498
f 7184 5618 6372
f 8391 7593 5666
f 7817 7089 7591
f 8964 5321 6954
f 7482 5620 8548
f 6537 5103 6265
f 8578 5621 6510
f 7509 234 7495
f 7072 5950 7487
f 7487 6943 7544
f 7776 6277 7585
f 6305 5320 7586
f 8926 6295 7727
f 7635 300 7636
f 7597 6585 7649
f 8693 5935 6291
f 8916 5926 6436
f 7414 7457 6818
f 8839 7629 5627
f 7415 6444 5574
f 8886 5628 6246
f 7679 6381 7314
f 8608 7572 7190
f 7189 5842 7353
f 6960 6959 5630
f 5773 7388 7389
f 9077 5631 7683
f 6304 5320 7683
f 7606 5632 6303
f 6405 9551 7310
f 7148 5633 7540
f 7150 5285 8506
f 9069 5634 6509
f 8291 4959 4960
f 8045 5635 6721
f 9016 5046 7517
f 6404 5636 7704
f 7488 4993 4994
f 6517 6516 5637
f 7515 5290 6164
f 7164 5638 6398
f 8398 7371 5054
f 7012 7011 5639
f 7101 5641 7692
f 7420 5640 7508
f 5944 8868 6440
f 8593 6147 7101
f 6440 5341 7690
f 8017 6601 7637
f 7884 6228 7779
f 8218 5643 6696
f 7697 9000 7688
f 7723 5644 6594
f 7332 6280 5413
f 6838 5837 7206
f 7003 8442 6235
f 7710 5646 6709
f 9290 6053 9236
f 8520 5647 6823
f 7702 5574 6473
f 9144 6338 6829
f 8457 5123 6467
f 7220 5649 6320
f 8954 5843 7261
f 7355 6670 5650
f 6801 5599 6962
f 6910 9530 7538
f 9577 6124 6374
f 6319 7769 7766
f 7768 9519 5652
f 7759 5653 7502
f 7756 5263 7473
f 8936 5654 8908
f 7554 5655 6389
f 9127 6909 7554
f 7909 6089 7627
f 7715 5656 6583
f 6612 5128 7764
f 8668 5981 7763
f 8432 5656 7266
f 7135 6606 5658
f 7886 5349 7867
f 8892 5659 7412
f 7294 6554 7621
f 6543 5660 7570
f 7458 176 6552
f 8601 5661 6339
f 9473 5282 7064
f 7257 7657 7798
f 9005 6171 9046
f 6205 5663 7787
f 7786 6259 5663
f 5559 7204 8290
f 6579 5335 8949
f 7662 5665 6793
f 7663 6734 7440
f 8449 5666 6626
f 7593 7780 6068
f 8222 5797 8221
f 8855 6728 5168
f 9307 5668 7681
f 9105 6048 9103
f 6545 5669 7784
f 7921 5352 6506
f 9135 5670 7086
f 7746 5743 6484
f 7305 6183 7748
f 8318 6002 8227
f 7667 5846 7089
f 7817 6270 5672
f 8808 6274 7823
f 8575 5809 7610
f 8214 5783 8333
f 7848 5456 6635
f 8371 6631 5691
f 7346 6960 5049
f 7834 5676 6245
f 9074 5806 6213
f 7493 6809 7878
f 7879 7708 9286
f 8944 6359 7473
f 7626 5147 7503
f 7698 5679 7454
f 7867 6458 5605
f 6289 5680 7883
f 7953 6290 6598
f 6494 5976 7923
f 7745 9399 7638
f 8910 5682 7195
f 9166 5037 7200
f 9364 6738 6364
f 8010 5231 7452
f 6047 7774 7776
f 6411 5351 7775
f 8678 5685 7253
f 9192 5751 7735
f 9248 7973 7905
f 8974 6410 7904
f 6839 6926 5522
f 7083 5529 7082
f 8767 6428 7578
f 7578 9420 8224
f 7961 7536 6689
f 6421 5220 7968
f 7689 6611 5170
f 8083 7859 6472
f 7928 5691 6631
f 7563 6371 8021
f 7711 5692 8570
f 8532 5044 7106
f 5196 7026 8158
f 7842 6589 5412
f 6092 7091 9376
f 8778 5321 9414
f 8545 5695 6954
f 7104 6345 5413
f 7530 6090 7661
f 395 398 7001
f 6397 5697 7820
f 9587 6145 7822
f 8210 5698 6478
f 7348 5813 7347
f 7647 5699 7349
f 5057 8346 8531
f 7781 5701 7845
f 7375 5707 6756
f 7754 6607 8539
f 8840 7647 5222
f 6890 5702 6866
f 7534 5704 7535
f 8661 6010 7747
f 8428 5469 6332
f 8883 8884 7534
f 7138 7435 5704
f 6494 5705 8937
f 8280 7338 5572
f 7824 6791 8575
f 7340 8998 4972
f 7576 5707 7375
f 8104 5364 6396
f 8690 5708 7576
f 7149 5514 6931
f 7395 6306 8556
f 7946 6702 7945
f 8431 7309 5060
f 9139 5659 6642
f 8104 5711 6666
f 7907 4947 7081
f 6286 5712 7625
f 8031 5166 7345
f 8158 5713 8721
f 5713 8188 6972
f 7949 6419 7404
f 135 133 6939
f 9094 5715 6652
f 8989 6097 9494
f 9494 5716 6218
f 7536 6233 6689
f 9493 7010 7974
f 7925 6102 9220
f 7337 5718 7232
f 9434 6107 8125
f 8775 5719 8185
f 8185 5091 6525
f 6901 8018 8019
f 7397 5569 6789
f 6328 6438 5077
f 7860 6108 9300
f 279 8673 7639
f 8289 5872 9547
f 8025 5723 8026
f 8543 5195 6743
f 7687 6316 5005
f 8054 5726 6574
f 5603 7205 7312
f 6597 5030 7911
f 6574 5726 8052
f 8054 8051 6667
f 4925 6745 4924
f 6879 7051 8554
f 8270 5728 6990
f 8105 6720 5568
f 8314 6384 9296
f 9123 103 9370
f 7662 6793 9056
f 5730 7409 6347
f 7133 8064 8063
f 8064 7132 7852
f 8153 5732 6477
f 9199 5740 7924
f 9368 6677 5397
f 8093 6349 8084
f 7033 6230 7913
f 7007 5754 8066
f 8038 6686 8047
f 7545 5600 7219
f 6823 6271 5736
f 5573 7013 7029
f 8915 6281 8097
f 5737 9508 7744
f 8095 8970 7296
f 8547 5512 7052
f 228 6811 230
f 6821 5108 7343
f 7924 5740 7733
f 9199 323 7300
f 8523 5741 8087
f 8948 5995 8949
f 6549 5742 8038
f 7607 6035 7489
f 8098 5743 7746
f 8141 5749 9021
f 4944 7304 8453
f 9099 5899 7644
f 7828 5745 7040
f 9542 5115 7039
f 5462 6913 6924
f 8561 5927 6436
f 8130 6272 5747
f 9214 6368 7331
f 6387 9444 8000
f 5521 6910 7245
f 9167 9021 8142
f 6648 5851 8460
f 8462 6649 8143
f 7004 5743 8098
f 7741 5751 6312
f 7986 5816 6539
f 5359 6285 6964
f 8031 7345 6994
f 8143 6661 8144
f 6572 5373 8138
f 8229 7007 8066
f 8244 8823 6683
f 6400 5755 8034
f 8035 9206 8036
f 7147 9563 8073
f 7602 6374 6124
f 6724 5757 8080
f 8939 7364 5551
f 9164 5758 6842
f 6790 5146 6380
f 6121 7688 7689
f 8288 5801 6327
f 7352 8027 8028
f 7794 5311 9057
f 7795 5761 6266
f 6482 5437 6678
f 7592 6609 5762
f 7655 5252 9383
f 8300 5763 6449
f 7956 6132 7958
f 6641 5764 8167
f 8605 5342 8203
f 8156 5765 6641
f 8165 6133 9036
f 9087 6995 8163
f 9057 5981 8668
f 8111 5767 6409
f 6882 5112 7972
f 9360 6223 9359
f 7850 7701 6817
f 7809 5769 7738
f 7568 7569 5769
f 7270 6425 5770
f 7298 5815 6796
f 8061 5771 6813
f 7798 5662 6672
f 6253 6805 5434
f 6798 5192 8033
f 9517 5773 6638
f 9441 5467 6580
f 7812 5774 6492
f 7981 7126 5978
f 6395 5775 8211
f 8213 6480 5775
f 8150 7024 8171
f 8172 6079 8170
f 7401 6090 7530
f 9340 5077 6640
f 8002 5778 8330
f 7575 5239 9559
f 8134 5779 6133
f 6870 5431 6207
f 8747 5780 6760
f 9204 8714 7305
f 9222 5781 8235
f 8099 5828 8196
f 9133 5782 6740
f 5782 8804 8209
f 8333 5783 7826
f 8080 5757 6592
f 7696 5784 7900
f 6781 6687 9187
f 9239 5785 7241
f 7747 5703 8661
f 9194 5786 6562
f 9460 6311 8359
f 6610 5787 8252
f 8052 5726 6599
f 8957 5962 8077
f 7914 5042 6782
f 8063 6778 6948
f 7778 5024 8246
f 8374 5790 7505
f 7368 5789 7367
f 6590 5791 8131
f 8267 6591 8268
f 8901 5792 6671
f 8992 5240 6546
f 6928 5793 7144
f 6802 5047 6469
f 6632 5794 8277
f 8279 6561 8278
f 6196 6942 5404
f 8045 5312 6173
f 8630 5796 7771
f 6736 4979 4980
f 6421 7968 8223
f 8626 5451 6893
f 6656 5798 8303
f 8305 6571 5798
f 6573 8302 8304
f 5370 8144 6568
f 8305 6656 8307
f 8469 5392 6633
f 8603 5801 6730
f 8287 6327 5801
f 7128 5802 6927
f 9303 9138 5768
f 4965 6708 4964
f 7271 5148 6982
f 8731 5804 7211
f 8811 5476 6424
f 7153 5969 7858
f 8083 5690 6611
f 8444 5806 6741
f 7623 5676 7622
f 7951 5807 6358
f 8328 6378 7325
f 8567 5808 6647
f 4948 4949 7605
f 8192 5809 7780
f 8391 5666 7594
f 6330 7017 5188
f 6657 345 8005
f 6725 5811 8068
f 8512 5319 8124
f 6576 5812 8311
f 8310 6521 5812
f 9109 6000 6729
f 7585 5623 6346
f 9591 5814 6812
f 8987 6096 7316
f 6796 5815 7251
f 7486 6208 6545
f 8101 6539 5816
f 8140 5750 6956
f 6784 5817 8308
f 9234 5192 7197
f 8243 5818 7652
f 7519 5577 7301
f 7908 5819 6463
f 7045 5189 8355
f 5189 8120 7891
f 7250 5532 6575
f 7953 6598 5348
f 7382 6212 5448
f 8008 5822 8007
f 9102 6275 7799
f 6658 5823 8378
f 8379 6356 7892
f 8543 5824 7713
f 6743 8309 5824
f 6336 6547 9233
f 5322 6253 6847
f 6335 8233 8234
f 8389 5939 7061
f 8149 6665 5827
f 8151 9571 7024
f 6837 5828 8099
f 8931 6448 7521
f 6311 5829 8359
f 7240 7497 8358
f 6752 5830 8361
f 7894 5930 6772
f 8044 5831 7836
f 6884 5112 8227
f 9200 7618 5832
f 8976 6002 7376
f 8408 5833 8574
f 8407 6671 8406
f 247 6675 249
f 8419 6980 8418
f 148 7669 9435
f 7630 5234 8237
f 8323 5836 6908
f 6897 6034 9263
f 9395 5837 7730
f 7310 5842 6405
f 7994 5838 6668
f 8329 5951 6283
f 8842 5839 9022
f 8334 7217 7808
f 8324 5840 6300
f 8078 5757 6724
f 6840 5841 7583
f 8963 5508 7056
f 7378 5842 7189
f 9551 5007 7730
f 7066 5520 8299
f 5520 6566 7598
f 7796 5844 7386
f 9097 6040 7557
f 8834 7111 7949
f 9089 143 141
f 8347 5846 7666
f 7089 5672 7667
f 5513 8159 7926
f 8416 6470 7475
f 7303 6936 5848
f 8833 5213 9244
f 6319 8424 8423
f 9527 9528 6197
f 4930 6350 7511
f 8848 6273 8297
f 8139 6648 5371
f 6649 5750 8143
f 6497 7541 8201
f 7681 5445 6836
f 8346 6298 5853
f 9505 6935 8401
f 6032 7394 7752
f 8733 5244 6769
f 6998 7938 5105
f 8830 6618 5550
f 8370 5856 6182
f 7948 5947 7105
f 8362 7620 5857
f 7062 5701 7846
f 8501 5858 6625
f 8691 5352 8627
f 7127 5859 8516
f 8517 6694 5859
f 6759 5860 8515
f 8643 5407 8551
f 8514 6759 5194
f 8511 6693 8519
f 7524 6637 8387
f 8622 7408 8147
f 7503 7686 5678
f 7741 6569 5751
f 6709 5864 8248
f 8249 6261 5864
f 6452 6154 5865
f 7080 5336 8242
f 8882 5525 7783
f 7783 6787 5119
f 7109 6256 8011
f 9198 5488 7055
f 6153 5868 8344
f 7793 6020 6604
f 6529 6881 5381
f 8918 6913 5462
f 6899 8495 8496
f 8495 6856 7180
f 8023 5871 6375
f 8564 6838 8563
f 8327 5872 8007
f 6739 5722 7450
f 9132 5873 7319
f 8184 6387 8182
f 8273 5874 8717
f 8871 5226 7328
f 7192 5875 7112
f 8534 5997 8535
f 9381 6065 7181
f 7856 5936 7027
f 6272 5877 8472
f 7538 5651 6955
f 6266 6707 9326
f 8438 6490 5878
f 8136 6074 8479
f 9066 6213 7222
f 7471 5880 8202
f 5079 7984 6471
f 7264 7006 5881
f 8403 4919 7966
f 7665 5882 6825
f 8013 6834 5882
f 5730 7573 7574
f 6715 5203 8285
f 7106 5884 8532
f 9518 6024 8834
f 8625 5885 6834
f 8728 5911 6892
f 8552 5886 6540
f 8995 6974 5860
f 8619 5887 9019
f 8618 6691 8617
f 8276 5440 8781
f 8577 5739 7196
f 6699 6204 5889
f 7437 5568 6720
f 6394 5890 8633
f 8635 6985 8634
f 9340 5891 7356
f 8769 5162 8526
f 7908 6463 5090
f 8594 5054 7371
f 8572 5893 7889
f 8571 4956 4957
f 6714 5894 8652
f 9177 6280 5211
f 7400 5895 7204
f 7407 5664 7380
f 7896 5896 7432
f 7721 5769 7569
f 6490 6340 5897
f 7285 5553 8674
f 8599 5898 6498
f 7283 6185 5358
f 6930 7644 5707
f 9099 7540 6792
f 9386 8146 8581
f 6853 5441 8293
f 8996 5901 7226
f 9090 7250 8655
f 6326 8675 8676
f 7002 5493 8677
f 7092 5903 8647
f 6754 5148 6417
f 7620 5904 8690
f 7724 6100 7675
f 5122 6284 6479
f 8395 406 408
f 8899 5906 6605
f 8174 5990 7474
f 6870 6207 8206
f 9110 5492 6862
f 8772 6797 8468
f 9055 226 223
f 9051 7161 7551
f 7289 5866 7537
f 6431 8744 8745
f 8744 7399 8743
f 8001 5911 6887
f 9232 5445 6892
f 9054 5912 6943
f 8715 6447 5912
f 6409 7862 8850
f 6883 4920 4921
f 8857 6039 7142
f 7065 5520 7066
f 7050 5915 7447
f 7674 4928 7800
f 6584 8296 5091
f 7463 6575 5532
f 8541 5917 8260
f 8783 6220 7984
f 6587 5918 8558
f 9282 5066 7350
f 9482 5919 6865
f 5438 7537 6907
f 9224 5920 8115
f 7194 5515 6542
f 8758 5921 9449
f 6614 5465 6527
f 6637 7380 5664
f 5011 6515 7462
f 9443 5923 6963
f 8506 6190 7231
f 8340 5924 8169
f 6651 5043 6385
f 7934 6138 9476
f 5391 6268 6643
f 6704 6436 5926
f 5225 7414 8612
f 7742 6851 8561
f 9582 5252 8791
f 6450 6732 5006
f 5215 7894 6772
f 8798 5929 6774
f 9008 6257 5418
f 5830 7734 7894
f 9011 6895 8624
f 8404 5931 7000
f 7726 5719 7725
f 7646 8380 5692
f 9136 5379 8363
f 6238 5933 8644
f 8646 8996 7226
f 9490 8771 5934
f 8067 5379 6525
f 7650 6795 8693
f 8692 6442 5416
f 9304 5936 7856
f 8732 4995 7027
f 8837 7106 7758
f 8363 6524 8859
f 8662 5938 8843
f 7307 5146 8843
f 8388 5939 7215
f 8484 5098 6253
f 6673 7499 8486
f 8258 5803 6982
f 6701 8749 8748
f 7880 6266 6619
f 426 7501 423
f 6983 5193 6635
f 9442 7387 5943
f 4951 4952 7608
f 8867 5944 6763
f 8869 6439 8868
f 129 6193 7369
f 8787 7403 5714
f 5596 7297 7384
f 8754 5563 7425
f 7105 5947 7777
f 9438 6423 7134
f 6970 8853 8852
f 8312 5008 6504
f 7932 6278 8615
f 9275 6057 6422
f 7072 6901 5950
f 8413 6903 5109
f 8724 6630 5279
f 7990 406 6283
f 8724 5952 6630
f 7001 398 8527
f 7013 7996 5045
f 7143 5206 7998
f 6908 6627 5954
f 6989 5020 8689
f 7411 5955 8892
f 7562 213 7733
f 7068 5956 8801
f 7727 6295 9458
f 8816 5959 8594
f 8707 5639 7011
f 8613 5958 6203
f 9535 5105 6860
f 8913 5959 7100
f 8088 6194 5578
f 7943 5960 6916
f 8531 5853 9585
f 7079 5961 8973
f 7436 6154 7417
f 8077 5962 8956
f 8958 6551 5962
f 8929 5963 9397
f 8959 6886 5502
f 8895 5964 7183
f 8201 5852 6534
f 8665 5965 7242
f 7009 5157 6497
f 6948 6778 5966
f 5262 6840 7262
f 8399 5967 8933
f 8932 190 7743
f 7120 8813 5122
f 8375 7158 7212
f 7858 5969 7158
f 7153 5457 6898
f 8981 5970 6898
f 8187 6176 7279
f 9560 5971 7342
f 7447 5915 8298
f 8812 5972 7167
f 7680 6437 5047
f 8485 5973 7594
f 7210 5255 8391
f 8712 5974 6477
f 7254 5247 8197
f 7612 5975 7340
f 8999 7210 8014
f 7452 7923 5681
f 7682 431 434
f 8923 5977 7068
f 8922 7392 8926
f 6481 7870 5505
f 7564 5185 6492
f 8133 5979 7042
f 8121 7160 5597
f 8429 5980 8474
f 8864 7539 5895
f 8162 7516 8533
f 5152 7359 7803
f 8480 6483 9012
f 8783 5917 7268
f 7490 5983 7908
f 7328 6241 5489
f 6986 5984 8483
f 7284 6080 9469
f 8220 5985 7469
f 7131 121 119
f 8912 5986 7887
f 7217 5530 8336
f 9027 5987 7814
f 9538 6821 5430
f 7701 5988 8039
f 7889 5893 7263
f 9325 6608 9544
f 9022 8335 5289
f 5289 8071 8173
f 6765 8632 8965
f 9034 5991 7408
f 7599 5510 7668
f 7416 6443 5992
f 8992 6546 8950
f 9101 5993 7033
f 7439 5004 7032
f 9488 5994 7025
f 6810 5875 8535
f 6872 8947 8948
f 6873 5159 6579
f 7125 9108 9107
f 9067 5061 6629
f 8535 5997 7692
f 8534 7191 8898
f 7777 8374 8649
f 7857 6665 5546
f 8972 6179 8934
f 9272 6577 7372
f 7642 8112 5221
f 7742 5360 8502
f 6761 8200 9118
f 9120 6808 9119
f 8976 6807 6002
f 8227 5112 8318
f 8568 6003 6776
f 6775 5087 7670
f 7292 7044 6004
f 8075 6005 6705
f 6285 8586 5166
f 9021 6137 8141
f 7492 6006 9146
f 9145 6458 6006
f 9302 6007 7333
f 9152 6682 9151
f 6276 6008 9004
f 8576 370 6718
f 9411 6009 8467
f 8799 6890 7632
f 8660 6010 8641
f 8522 6786 5200
f 6487 8763 8832
f 7073 6379 5130
f 7065 9181 9180
f 9280 6242 8058
f 6888 8284 5587
f 6412 5519 6868
f 9257 7502 6014
f 9130 6389 7935
f 8768 6636 6015
f 7171 5534 6731
f 5703 6332 6786
f 8990 7839 6522
f 373 7731 8699
f 8698 6252 8697
f 7748 6945 8961
f 5449 6712 7035
f 6683 7114 8524
f 6302 6301 5314
f 7897 7896 6020
f 8450 7761 6920
f 8858 6153 8827
f 8827 6803 9341
f 7782 6022 8709
f 7868 6461 5893
f 232 7495 234
f 7988 5241 8734
f 7910 5884 9518
f 8135 6238 5081
f 8746 7258 9226
f 9224 8115 9225
f 7976 9260 9261
f 9539 7975 5257
f 7221 9253 9254
f 7898 5181 7066
f 6711 7460 5124
f 5292 7324 8435
f 8925 6029 7392
f 5383 8528 8943
f 8390 8546 5336
f 8388 5000 9513
f 7944 6031 8590
f 8592 7129 6502
f 7997 6032 7752
f 7394 5496 6831
f 6544 6033 9215
f 7327 5150 9217
f 5979 7218 7873
f 9263 6777 5151
f 9537 6035 6773
f 8845 6988 8805
f 9413 6036 8713
f 9518 5884 7239
f 8168 6415 9070
f 5907 8205 8887
f 8940 7082 6038
f 7276 5229 8723
f 7142 6039 8397
f 8857 7557 6039
f 7558 6040 8620
f 8263 5844 6961
f 7032 6041 7513
f 8218 5307 6214
f 9420 6042 8224
f 8846 8116 7128
f 7484 9162 5269
f 9557 6223 6722
f 9078 6044 7484
f 9248 8654 9247
f 6951 6045 7653
f 8503 7134 6423
f 7537 6646 6046
f 8059 5909 7929
f 6000 8502 8631
f 5360 6436 6704
f 8841 6946 9104
f 8331 5668 6486
f 8245 7444 6049
f 7090 5594 7801
f 6351 7589 8770
f 7589 6558 6050
f 6212 6051 8793
f 7350 5713 6972
f 9540 6258 9208
f 7277 6315 5448
f 9291 6053 6947
f 9236 5038 6752
f 9060 6054 6259
f 8673 276 7121
f 7797 6652 6055
f 8938 6689 5689
f 7837 9094 9095
f 9287 6055 6815
f 7556 6057 7146
f 5245 7797 9287
f 7740 6058 9322
f 9146 6006 7406
f 7449 6059 9369
f 5612 6819 7379
f 7041 6060 9378
f 9379 6928 6060
f 9276 7556 9385
f 8294 5108 6853
f 9088 6062 8589
f 8163 5766 6726
f 9112 6841 9064
f 9065 8163 6726
f 4992 6827 9040
f 9039 6403 5447
f 310 7230 312
f 7843 5876 7181
f 8889 6066 7093
f 8888 7906 7885
f 7481 7103 5584
f 6973 6557 5111
f 8339 6068 7780
f 7474 5990 6765
f 9362 6069 7178
f 9455 6078 7841
f 7024 6070 8246
f 5275 7367 7901
f 7018 6071 9412
f 7273 5611 7236
f 7441 6072 7087
f 8777 4987 4988
f 6697 6210 8292
f 7398 5579 8744
f 8479 6074 9329
f 8108 5676 7623
f 7995 7115 5367
f 9114 8254 6595
f 7457 6076 9252
f 9148 5927 8560
f 8560 9149 9148
f 8566 5869 6647
f 9545 5066 7088
f 7841 5459 9455
f 8170 6079 7710
f 7232 5718 6337
f 6747 7284 5583
f 8696 5395 7799
f 7358 9373 9474
f 9475 6151 7525
f 8492 6191 7867
f 7485 5276 7526
f 8663 9238 7242
f 7523 6123 5536
f 7766 6383 5329
f 9392 6586 9390
f 6855 7528 9418
f 5419 6742 8603
f 9124 6086 9561
f 6086 8897 7454
f 6989 6087 7900
f 5474 6990 7185
f 8116 6530 9092
f 7020 5417 8904
f 8648 7092 8904
f 7627 5655 7909
f 6914 7661 5696
f 5777 7018 7401
f 7669 6091 8238
f 7927 143 6343
f 9472 6092 9376
f 9471 7722 9470
f 8040 6093 8012
f 9356 8263 9357
f 8100 6094 8098
f 7825 5031 7004
f 7316 6095 9576
f 7631 7120 5122
f 9574 6096 8219
f 5498 9573 7316
f 6332 7326 5272
f 9495 7962 9494
f 7037 9166 5553
f 7831 5545 6896
f 7285 6099 9416
f 9242 5278 9415
f 8611 6100 6755
f 8362 5904 7620
f 7975 6101 9003
f 7010 6481 5126
f 6403 6848 5257
f 9221 6564 9220
f 8757 9569 9570
f 6501 5464 6911
f 8790 6104 9211
f 8089 186 7119
f 9416 9007 6105
f 9415 5278 6755
f 6869 6106 9143
f 9254 6027 7507
f 9464 6107 9434
f 9426 7005 6107
f 9202 6108 7860
f 5721 7374 8710
f 7141 6109 8180
f 8647 5903 8085
f 6788 6110 9501
f 9502 6612 5490
f 7705 6111 8137
f 9100 7919 6064
f 6854 6112 9191
f 7309 6150 7613
f 7704 6113 9533
f 9532 7229 8736
f 7260 6114 9269
f 8664 5965 8665
f 7559 6115 8241
f 7720 6117 5114
f 8036 6116 9174
f 7810 6164 7645
f 7820 6117 5261
f 5697 6578 6117
f 7446 6118 5174
f 5263 8905 7280
f 9351 6119 8944
f 9351 7446 9350
f 7280 6120 5529
f 8905 7756 5863
f 7879 6121 7920
f 7689 5759 6611
f 6637 7524 5011
f 7102 6123 5260
f 9327 7102 5260
f 7714 6360 5536
f 7602 6124 9578
f 8873 6955 5651
f 6639 6125 5058
f 8740 7283 5898
f 7599 6126 5335
f 7668 6361 9511
f 6356 6764 5444
f 5369 6296 6127
f 6481 7917 5126
f 7125 5218 6991
f 7476 6129 9310
f 5614 7048 7716
f 7954 8473 5271
f 8225 5325 8084
f 9271 7121 6131
f 274 271 7882
f 5397 6663 6987
f 8337 7958 6132
f 8134 6133 5006
f 5779 8133 7042
f 6368 7255 5570
f 9302 7274 6007
f 8711 6135 6878
f 9288 5204 6878
f 7700 6136 8870
f 8039 5988 8291
f 7866 6137 9020
f 5743 7004 6137
f 9058 7659 6138
f 9476 5925 8240
f 359 8269 358
f 9223 7110 9429
f 7865 6140 5107
f 8386 6987 5581
f 9398 6141 7377
f 7423 5566 7422
f 8043 6142 5104
f 9398 7137 6141
f 7034 7936 5287
f 8524 6019 6468
f 8817 6144 7269
f 7139 5504 7140
f 8425 7419 7829
f 7822 5697 9587
f 7482 6146 9508
f 9487 7267 5183
f 9281 7011 9552
f 7691 5641 6147
f 9229 8580 6148
f 8579 7384 5946
f 9048 6149 7805
f 5036 6586 6767
f 9027 7814 5441
f 5248 7470 7992
f 9475 8350 6151
f 9374 5480 6902
f 6902 6152 9374
f 7134 5503 9438
f 6262 7334 5125
f 5460 8827 6153
f 6465 7436 5140
f 5865 8476 6452
f 9046 6171 5301
f 9173 5562 6452
f 8390 6156 7061
f 8765 7080 5527
f 7052 6157 8547
f 7177 5513 6168
f 7190 6158 9432
f 6816 5199 6366
f 7048 6159 9297
f 7477 5173 6734
f 9211 7064 5282
f 7760 5661 8651
f 7761 6161 8651
f 7174 5528 8022
f 9156 6162 6905
f 5216 7725 8774
f 7351 6163 5306
f 115 113 6163
f 7515 6164 5637
f 7810 7645 9206
f 7230 7819 5589
f 9314 306 7874
f 9084 6166 8114
f 7656 6367 5113
f 6168 6857 5288
f 9501 6110 6999
f 7177 6168 5288
f 5513 6906 7396
f 7546 6169 9129
f 8649 5998 7043
f 8430 6170 7548
f 9450 7139 6170
f 7657 6171 5662
f 5591 6246 7478
f 8807 6172 9277
f 8355 5189 6172
f 7321 6173 5312
f 8282 6886 5139
f 8262 6174 6721
f 5173 7477 6174
f 9179 7253 6175
f 9566 5187 7015
f 6953 6176 5537
f 8332 7179 5838
f 7381 6177 5551
f 5026 7158 9193
f 7826 6592 8186
f 5757 8079 6178
f 7900 6644 5020
f 8935 5999 8934
f 8207 6180 5907
f 8742 6500 7581
f 7883 7038 9096
f 8264 5844 7796
f 6773 6182 5601
f 5856 7105 6182
f 7748 6183 8941
f 9344 7136 7351
f 7257 6184 9446
f 7419 5386 7822
f 8600 7283 5358
f 8689 5020 9567
f 9250 6186 8946
f 8988 7306 7855
f 6808 7693 5500
f 5115 7711 6187
f 7445 6188 5304
f 8720 5044 6188
f 7695 6189 5564
f 5268 7422 6189
f 7084 6190 8506
f 4938 4939 6190
f 7886 6191 5679
f 8492 6082 7985
f 8178 8911 9044
f 8248 5864 8198
f 6748 6193 8597
f 129 128 6193
f 6746 8088 5578
f 9277 6172 7652
f 8716 6828 6195
f 5291 7937 7633
f 7409 8392 5404
f 5665 7440 6196
f 8422 6197 5428
f 9528 6318 7163
f 6749 8521 5084
f 7345 5166 6563
f 7604 6432 8945
f 5537 6176 7510
f 8060 6200 5145
f 9251 6806 9014
f 7543 6201 5075
f 5285 7150 6201
f 7361 6202 5141
f 5549 7084 6202
f 7099 6203 9038
f 5283 8613 6203
f 8445 6699 5889
f 5003 6618 7587
f 7574 7847 5069
f 5337 6386 7991
f 8220 8385 5985
f 5409 6680 8094
f 8207 6207 5058
f 8206 5264 6870
f 7247 6208 5235
f 9256 6812 5193
f 6454 6209 8642
f 8894 5964 8896
f 7204 6210 5137
f 8504 6454 5295
f 9349 6717 6211
f 9184 6252 7865
f 8349 7382 5448
f 5293 8559 6820
f 9457 6213 7671
f 9066 7366 7671
f 7697 6214 5078
f 5307 7036 6214
f 9533 6215 8411
f 6113 8736 6215
f 7317 6216 5238
f 7318 5113 7172
f 9347 6217 9227
f 8041 6195 6828
f 7839 6218 7838
f 8989 9494 6218
f 7808 6219 8335
f 5135 7274 6219
f 8167 7984 6220
f 8783 8261 5917
f 8720 6905 5044
f 9136 8363 6221
f 7129 7118 6222
f 5497 7117 6222
f 7782 6223 9557
f 9359 5298 7850
f 7937 6224 7633
f 5113 7318 6224
f 6348 6225 9500
f 9111 5984 8493
f 6727 7770 5100
f 5300 6826 6226
f 7890 6227 6889
f 7772 5974 7533
f 7918 6228 7515
f 7779 6485 5642
f 8367 6229 5508
f 5434 6784 6229
f 7913 6230 8338
f 5483 7034 6230
f 8741 6231 7500
f 5293 7382 8216
f 7762 7534 6232
f 7535 5217 8729
f 6689 6233 5689
f 5470 9362 7178
f 6165 7874 8528
f 9459 301 7635
f 6447 7362 5345
f 8442 5007 7323
f 8441 6236 8053
f 7504 5603 8544
f 4950 6237 4949
f 9442 5943 8455
f 6342 7186 8135
f 5353 7758 8295
f 9366 6239 7417
f 5301 7678 6239
f 4989 6240 8777
f 5447 9305 6240
f 6297 7737 5226
f 8997 5019 7046
f 9423 6242 7464
f 9564 5003 7587
f 7366 6243 8541
f 5103 6192 6620
f 6863 6244 8536
f 6861 5357 6979
f 7016 6245 5676
f 5296 8494 6245
f 7678 6246 5628
f 5591 7256 6246
f 6929 6247 5039
f 5413 6852 6247
f 7363 6248 5579
f 5099 6534 6836
f 7168 6249 7228
f 8237 5234 7227
f 6313 7595 5608
f 7611 5706 7340
f 7890 6889 5421
f 341 344 7157
f 8697 6252 7999
f 5338 7028 7865
f 7061 6253 5322
f 6805 5772 7427
f 7286 6254 5536
f 5613 7560 6254
f 9035 6255 9033
f 6255 9245 8429
f 8011 6256 8315
f 8982 6978 6957
f 7532 6257 7670
f 6257 9572 6947
f 7558 6258 7676
f 8860 5294 9337
f 7450 6259 5169
f 6054 8672 6259
f 7787 6260 7662
f 7663 5495 6734
f 8569 6261 7915
f 8250 5864 6261
f 7767 6262 5125
f 9520 6468 7334
f 8236 6263 5781
f 8196 5607 7358
f 8316 6264 5804
f 6846 5523 7235
f 7959 7267 6265
f 6265 8636 6537
f 7795 6266 7880
f 8831 7555 5041
f 8440 6267 8437
f 9212 7563 6267
f 6521 6268 5391
f 7993 348 349
f 7390 6269 9258
f 9075 4936 7360
f 6247 7609 5039
f 7609 7216 6270
f 7322 6823 5736
f 5647 7290 6271
f 7790 8247 5242
f 8130 5176 7651
f 8297 6273 8812
f 8848 7053 6273
f 7823 6274 8195
f 7818 5303 6274
f 7031 6275 5043
f 8696 7480 5395
f 366 8893 363
f 7970 8983 7078
f 7585 6277 5623
f 5684 6402 6277
f 8781 6278 8276
f 8615 7751 5241
f 7575 6279 8681
f 5402 6617 6328
f 9177 7522 6280
f 7887 5986 6852
f 8097 6281 8096
f 5546 6665 7527
f 7154 6282 5115
f 8875 5931 7725
f 8885 6283 8395
f 5309 8329 6283
f 8880 6668 5968
f 7506 5905 8657
f 6964 6285 5752
f 5359 6705 6285
f 7072 8785 5158
f 8595 6964 5712
f 5344 8260 8638
f 8260 8261 6287
f 7608 6288 9383
f 9550 4953 7329
f 7256 6289 5096
f 6184 9447 6289
f 9081 6885 7953
f 7829 6145 6290
f 8693 6291 9524
f 8692 5416 9209
f 7648 6292 5088
f 5625 7650 6292
f 9448 6293 6184
f 5145 6200 6293
f 7225 6294 5485
f 5268 6189 7695
f 8927 6295 8926
f 9458 5624 7727
f 295 8849 298
f 5369 6354 7931
f 7201 6297 5573
f 7737 6241 5226
f 8346 7049 6298
f 5899 8686 6298
f 377 7448 375
f 5612 7449 6299
f 6803 6300 5012
f 5314 8324 6300
f 8684 6302 5314
f 5552 7093 6301
f 8683 6302 8684
f 8683 7095 6302
f 6976 7606 5320
f 5632 7378 6303
f 6580 8230 5631
f 8666 6346 8057
f 7584 6305 5623
f 6975 5485 6976
f 6703 6306 5132
f 5709 7944 8556
f 4920 7966 4919
f 8228 5831 8373
f 8027 6308 8866
f 5055 6726 8194
f 8029 6309 5210
f 8866 9175 6309
f 6896 6310 8611
f 8382 5075 7675
f 9460 7995 6311
f 5367 6556 6311
f 8525 6312 7736
f 8530 7687 5005
f 7823 6313 5156
f 5673 7824 6313
f 9273 6314 8417
f 8129 5376 6314
f 9207 7277 5448
f 8351 6377 7151
f 6236 8441 5297
f 8050 5005 6316
f 8861 6736 8015
f 7717 5156 6313
f 8424 6318 9527
f 7162 5555 7163
f 8424 6319 7766
f 8066 5754 7769
f 7197 6320 5453
f 5192 7220 6320
f 7968 6321 5797
f 9512 6361 7888
f 7813 6322 5061
f 5694 8360 8778
f 8778 6323 5321
f 9308 7104 5695
f 7590 6324 5619
f 5143 8537 7237
f 7547 6325 5154
f 5601 7546 6325
f 8675 6326 5387
f 5085 6474 6770
f 6856 6327 5149
f 7859 5318 6327
f 5402 6328 6279
f 8118 5721 8828
f 8069 6329 5811
f 8056 6866 6867
f 7017 6330 5491
f 5188 8070 7203
f 9553 6331 8148
f 9317 6865 5919
f 8342 6332 5272
f 8428 6859 5469
f 7950 6333 5682
f 5423 6857 8800
f 7625 6334 5158
f 7624 5000 8233
f 6334 9265 9266
f 9265 7625 5712
f 8234 6336 5316
f 8232 5322 8366
f 8172 7232 6079
f 5718 7583 6337
f 4934 8584 4933
f 5429 6538 7876
f 8353 8694 6149
f 5661 7760 6339
f 8508 6340 5327
f 5897 8507 6490
f 6363 6341 5327
f 8838 6788 5682
f 7186 6342 6024
f 8839 5627 7628
f 8792 6343 9089
f 8824 6091 7927
f 9524 6832 6833
f 6048 9105 6344
f 7694 7332 6345
f 8919 6929 5695
f 8722 6346 8666
f 7642 5221 7585
f 8727 8001 6347
f 5411 7573 6347
f 6442 6348 5416
f 7732 6594 5010
f 8966 8225 6349
f 5325 9133 8084
f 4931 6350 4930
f 9155 4932 6829
f 9422 6351 6242
f 8770 6050 7877
f 7261 6352 9032
f 5035 6392 7940
f 9372 6353 6199
f 8494 5296 8975
f 8802 6354 5956
f 5624 7636 7931
f 6251 7902 8760
f 5491 6330 8124
f 7892 6356 5444
f 8803 5956 6354
f 4964 7869 4963
f 5803 8258 6357
f 6925 9452 5013
f 7325 6378 5554
f 9352 6359 6119
f 8908 7626 5678
f 6123 7714 5536
f 7872 6622 5538
f 6126 7668 5220
f 7888 5052 6650
f 9526 6362 6787
f 6331 5119 6362
f 5041 6678 6340
f 5437 6679 6363
f 7600 7673 9364
f 6654 6427 5390
f 9589 6365 8169
f 6205 7847 6365
f 9430 8836 5326
f 5199 8564 6366
f 7130 7656 5113
f 5535 6880 9522
f 8129 7580 9213
f 7255 6134 5570
f 9215 6369 8549
f 9217 5150 6369
f 9410 6370 6779
f 7709 5139 8283
f 6917 6371 5133
f 5542 7346 6371
f 8906 6372 7757
f 5618 7209 6372
f 7147 6373 9268
f 8953 4966 4967
f 9577 6374 8485
f 8773 5618 7210
f 7173 6375 5509
f 5871 8565 6375
f 8508 6376 9503
f 5327 7195 6376
f 9267 7151 6377
f 8351 6315 7871
f 7385 6378 8393
f 5554 6358 7325
f 9071 7073 5130
f 9216 6033 6379
f 6559 8960 5146
f 5523 7248 8818
f 7314 6381 5140
f 8313 6382 5598
f 8562 8313 5598
f 9356 5844 8263
f 9391 6383 6084
f 7767 5125 6383
f 9296 6384 7098
f 7618 109 107
f 8169 8415 5337
f 9491 7665 5433
f 7991 6386 7786
f 5337 8025 6386
f 8182 6387 5086
f 8464 5521 7245
f 6389 6388 5377
f 5655 7627 6388
f 7554 6389 5147
f 5655 6388 6389
f 6750 6395 6390
f 9261 6026 6733
f 8368 7550 6391
f 7677 6531 5120
f 7940 6392 5597
f 7677 5473 6531
f 6777 6393 5151
f 5340 6990 6393
f 6986 8157 5131
f 7103 6067 9408
f 6390 6395 5034
f 9534 6719 5775
f 8062 7304 6396
f 4945 4946 9205
f 7402 6397 5261
f 5538 8741 7500
f 7165 6398 5638
f 9393 6933 5028
f 8359 6399 5082
f 7893 6401 6923
f 7728 6400 7498
f 8035 5755 6400
f 6923 6401 5114
f 8034 5755 6401
f 7584 8405 5104
f 7775 5351 6402
f 9003 7202 6403
f 9039 6064 7919
f 9221 8191 5116
f 8819 7705 6404
f 8272 6405 5842
f 8991 6735 5007
f 6326 7881 5387
f 5576 7025 7863
f 8598 6407 7299
f 6993 5493 7002
f 8364 6408 5647
f 9141 6669 5574
f 7862 6409 5450
f 5292 8111 6409
f 7904 6410 5351
f 9466 7083 5687
f 7774 6411 5684
f 7905 5686 6411
f 9497 6412 9183
f 5168 6728 6412
f 7544 6413 5622
f 8490 8491 6413
f 8738 7828 6414
f 7144 5793 6469
f 9036 8208 6415
f 8208 7071 6415
f 6906 6416 5545
f 7475 6470 5141
f 8009 6417 5148
f 9456 8085 5903
f 6971 6418 5200
f 8509 6010 8661
f 135 7916 138
f 7949 5201 8834
f 6934 6420 5153
f 9043 7123 5658
f 7565 6421 5394
f 8087 5220 6421
f 6815 6422 6057
f 8223 5797 8222
f 8459 6423 9437
f 6045 8046 8503
f 160 6706 161
f 8946 6186 7791
f 8670 6426 5339
f 8215 5783 8214
f 6300 6426 5012
f 8326 5339 6426
f 7074 6427 5205
f 7753 7252 5063
f 7578 6428 9078
f 8767 7446 7467
f 7119 6429 8549
f 7971 179 9301
f 8700 6430 5347
f 8700 8655 6430
f 9002 6431 5046
f 8352 5295 7398
f 6914 6432 9559
f 5537 9516 6432
f 9051 6433 5732
f 5224 7942 6433
f 6310 8862 5595
f 5545 6416 8671
f 8737 7835 5134
f 5566 9179 9335
f 8654 6704 5926
f 5360 8561 6436
f 9176 6437 6922
f 5047 7982 7680
f 5461 6438 6328
f 5461 6864 6438
f 8077 6780 5190
f 8985 6456 9049
f 7691 6440 5641
f 9160 6763 5944
f 9015 6441 7461
f 8465 6456 5556
f 8692 8553 6442
f 5136 7512 7801
f 8951 7416 5992
f 5792 7175 6443
f 6669 7415 5574
f 8644 5933 8645
f 6446 6445 5345
f 5565 7044 7292
f 6235 6757 7851
f 5134 7086 6446
f 6448 6447 5172
f 7362 6235 7851
f 7521 6448 5172
f 5436 7206 6448
f 8921 6449 8804
f 7958 5032 8209
f 6776 6450 5343
f 8701 5928 6875
f 8166 6451 5764
f 5167 7957 8300
f 6571 6452 5084
f 5562 6154 6452
f 5501 6453 6282
f 8404 5008 6583
f 6210 8504 5295
f 7462 5922 7380
f 6711 6455 5482
f 5124 7051 9560
f 6441 8465 5556
f 9049 6439 8985
f 7895 6457 289
f 8656 6764 6127
f 7406 6458 5349
f 5238 7459 6458
f 6420 8685 5153
f 8685 9323 6459
f 8488 6460 7782
f 8488 7456 6460
f 8572 7868 5893
f 5346 7592 6462
f 5346 6462 6461
f 8766 7329 4954
f 8103 6463 8807
f 8271 6845 5090
f 8274 6464 5874
f 5560 7014 9161
f 6381 8562 5140
f 5598 7664 6465
f 9203 6466 9239
f 5568 7099 6466
f 7052 6467 5123
f 5415 7640 6467
f 7334 6468 5460
f 9520 8524 6468
f 8582 6469 5588
f 5793 8265 6802
f 8671 7475 5141
f 9258 6269 8810
f 8203 6471 8605
f 8204 5079 6471
f 7858 6472 5805
f 5026 7381 8190
f 6444 8487 5574
f 7443 5571 7243
f 6858 6474 5085
f 7112 5206 7192
f 9481 6475 9480
f 8903 5953 7998
f 8851 6476 8852
f 8095 7296 5184
f 8197 8153 6477
f 5732 7124 8286
f 6843 6478 5467
f 5698 7347 6478
f 8657 6479 7506
f 5534 8984 7672
f 9172 6480 7564
f 8471 8212 6480
f 6101 7010 5126
f 7870 5978 8751
f 7794 6482 5761
f 9057 8533 5981
f 9012 6483 9013
f 9457 9074 6213
f 7746 6484 5670
f 5743 7866 6484
f 6486 7816 5356
f 5642 7884 7779
f 7637 6486 5157
f 8331 6794 5668
f 8763 6487 8676
f 7864 5606 6858
f 8832 6488 5400
f 5130 6544 7977
f 7260 6489 5524
f 6116 7645 6489
f 8439 6490 5393
f 5041 6340 6490
f 9212 8440 6491
f 8439 5393 6491
f 7812 6492 5380
f 5774 7564 6492
f 6984 6493 5380
f 6594 5644 9471
f 7311 6494 5231
f 8627 7978 6494
f 7413 6495 5606
f 8843 5146 6495
f 8078 6496 5757
f 5551 6177 8132
f 8664 7009 5965
f 7541 5852 8201
f 8599 6498 5357
f 5898 6499 6498
f 6498 6499 5092
f 8600 5358 6499
f 7581 6500 9463
f 5058 6125 6500
f 9569 6501 6103
f 9107 5996 8609
f 8592 6502 6031
f 5507 7130 9052
f 9294 8726 6503
f 5616 7558 7676
f 8851 8312 6504
f 5008 7000 6504
f 9583 6505 7921
f 5193 6983 8865
f 8500 6506 5858
f 7784 5669 7921
f 204 7600 205
f 8010 6625 5231
f 9339 7833 6508
f 8259 6711 5482
f 9069 6509 7499
f 5634 7700 6509
f 8578 6510 8281
f 6510 9228 8734
f 7616 6511 8610
f 9082 5451 6650
f 6510 7751 8281
f 5949 8780 6512
f 9384 6513 8146
f 8276 6278 7343
f 9073 7789 6514
f 172 169 8907
f 5559 6515 6454
f 5011 7524 7438
f 9137 7648 6516
f 5088 7779 7918
f 8055 7718 6517
f 5355 6516 6517
f 7718 6518 5355
f 5861 8519 6518
f 9019 6519 8619
f 8750 6075 6581
f 7976 6520 5717
f 8212 5354 6520
f 7659 6521 5391
f 9278 7017 9312
f 7138 6522 7837
f 6016 8342 8990
f 7320 6523 9299
f 9492 253 6981
f 8771 6524 5934
f 8859 7097 5937
f 6162 8775 5379
f 8185 6582 5091
f 382 6526 379
f 7379 5162 6677
f 7771 6527 8630
f 4981 4982 6527
f 9342 6528 9521
f 8347 6737 5846
f 8455 6529 5381
f 9147 6077 9562
f 8117 9092 6088
f 5374 7849 6530
f 8540 7295 5473
f 8445 5889 8446
f 8478 7275 6532
f 5509 6375 9451
f 5130 6533 6488
f 8402 6552 9073
f 8894 6534 5099
f 8896 5382 8201
f 8149 6535 5080
f 5827 8150 6535
f 8171 6536 8911
f 9044 6192 8178
f 8636 7483 6537
f 8911 6536 9044
f 7876 6538 8457
f 5429 8416 6538
f 8101 7451 6539
f 5229 7736 6539
f 7497 6540 5617
f 5886 8551 6540
f 7156 7313 5498
f 5280 8132 7773
f 7435 8451 5920
f 5515 6904 6542
f 9006 6543 7570
f 179 178 9301
f 7570 6544 5414
f 5130 6379 6544
f 7486 6545 5815
f 6208 5669 6545
f 8950 6546 5408
f 5240 7333 7405
f 8365 9233 5825
f 6336 5826 6547
f 7224 6548 5518
f 8199 6575 5251
f 6550 8381 5362
f 8788 7315 5742
f 7421 6550 5190
f 5640 7420 8381
f 8047 6551 5362
f 5735 8049 6551
f 7458 6552 5660
f 9073 6514 5401
f 260 6553 262
f 9310 5312 7476
f 7470 6554 5659
f 5248 8468 6554
f 7354 6555 5855
f 5550 7166 8188
f 6519 9019 5367
f 9019 8617 6556
f 5111 6557 6356
f 5111 9406 6973
f 9337 6558 8860
f 5368 6258 6558
f 7235 8960 5476
f 5146 7307 6559
f 6813 6560 5082
f 5771 6672 8458
f 8863 6561 8279
f 5662 7429 6561
f 9194 6562 8301
f 5786 8016 6562
f 8521 7345 6198
f 8142 5749 8139
f 9220 6564 8925
f 8411 6215 7122
f 5035 6565 6392
f 9180 5520 7065
f 5035 6566 6565
f 7598 5843 8299
f 7852 6567 8735
f 5569 9426 7922
f 8302 6568 5799
f 5753 8145 6568
f 8050 6569 5005
f 5373 6572 9377
f 7393 8319 5798
f 8460 5851 8667
f 7393 6571 5084
f 5372 7418 6571
f 8466 6572 8138
f 9377 5751 6569
f 6570 8667 5180
f 8667 8462 6573
f 8145 6574 5083
f 5373 8054 6574
f 7955 7250 6575
f 5532 8255 7463
f 6577 6576 5101
f 8068 5811 7188
f 7372 6577 5101
f 9187 6687 9186
f 6117 6578 5114
f 5697 7822 6578
f 7408 6579 5159
f 5991 9033 6579
f 6478 6580 5467
f 6478 5048 6580
f 6519 6581 5030
f 6519 8750 6581
f 7726 6582 5719
f 5398 9088 8589
f 7715 6583 5008
f 9169 6698 5398
f 6582 6584 5091
f 6062 9087 6584
f 7512 6585 5609
f 5136 6795 6585
f 9390 6586 8598
f 6767 6149 9285
f 7047 6587 5121
f 6932 5862 8426
f 7840 6588 5159
f 5693 7842 6588
f 8557 6589 5918
f 7842 5693 7788
f 8000 6590 5086
f 8417 6314 5376
f 8268 6591 5179
f 5376 9213 9214
f 8215 6592 5783
f 5757 6178 6592
f 8316 6593 8520
f 5610 7227 8072
f 5010 6594 6493
f 5010 6348 7732
f 9114 6595 9115
f 5787 6599 6595
f 7319 6596 5603
f 8189 5791 6653
f 8920 6597 7911
f 5378 8408 6597
f 8348 6598 5821
f 6290 5025 6598
f 8253 8052 6599
f 5726 6602 6599
f 5557 6600 6370
f 8513 5635 8045
f 6228 7884 5290
f 5642 7637 6601
f 6599 6602 5396
f 8420 6667 5163
f 6925 6603 5541
f 8505 7199 6844
f 7793 6604 5868
f 8369 6920 5286
f 8899 6605 7830
f 8275 5289 7491
f 6828 8716 9462
f 8716 7740 6606
f 7385 8113 5554
f 5317 8362 9158
f 8195 6608 5673
f 7941 5989 9544
f 7592 7456 6609
f 9252 6076 8791
f 8372 6610 8252
f 8306 5083 6610
f 7906 6611 5690
f 5759 8081 6611
f 8432 7266 6612
f 9502 6110 8764
f 8219 8986 5814
f 5267 9219 7643
f 4984 7116 4983
f 9568 5465 6614
f 7566 6615 5741
f 8949 5335 8604
f 9499 6616 7806
f 5010 6493 7145
f 7952 6617 5402
f 9330 6074 8136
f 8770 7877 5003
f 5550 6555 8830
f 8024 6619 5497
f 6266 5299 6619
f 5103 6620 6243
f 8198 5864 8250
f 7076 7729 5528
f 8933 5282 8022
f 6360 7872 5538
f 8559 5293 6622
f 423 8427 421
f 5942 8499 6623
f 6427 6624 5390
f 7753 5592 7252
f 7811 6625 8010
f 5390 8501 6625
f 6955 6626 5877
f 8632 6765 5242
f 6393 6627 5151
f 8688 5954 6627
f 7077 6628 5585
f 5615 7582 6628
f 8609 6629 5464
f 5061 6322 6629
f 9210 6630 7706
f 5952 8527 8396
f 6619 6631 5497
f 6619 5299 6631
f 8252 6632 5392
f 5175 9194 8301
f 8469 6633 5800
f 8277 5794 6633
f 8421 6634 8469
f 8304 5799 8372
f 8499 6635 5456
f 5942 8498 6983
f 9218 8768 6015
f 6623 5456 6636
f 8387 6637 5862
f 7380 5922 7407
f 9517 6638 7572
f 5773 7389 6638
f 6207 6639 5058
f 6207 5431 6639
f 6438 8118 5077
f 8828 6967 5325
f 6450 8156 5343
f 8168 5167 8166
f 7552 6642 5224
f 9139 7470 5659
f 8193 6643 6268
f 352 353 6643
f 6179 6644 5442
f 6179 9567 6644
f 9197 6645 8833
f 5403 7709 8929
f 8059 6646 5060
f 6046 7289 7537
f 7963 8567 5237
f 5808 8109 6647
f 8141 6648 5749
f 5031 8461 6648
f 8461 6649 8462
f 5031 7825 6649
f 6361 7023 7888
f 5052 7187 6650
f 8415 6651 6385
f 5433 6826 8705
f 9094 6652 6056
f 5715 7838 6652
f 8189 6653 5378
f 8268 5179 8407
f 5615 6654 6364
f 5615 7077 6654
f 7964 6655 5728
f 5568 6466 9203
f 6634 8421 5180
f 8307 5372 8305
f 9312 6657 8005
f 7157 6251 341
f 8327 6658 5195
f 8394 6659 5823
f 7480 6659 5395
f 5111 8379 6659
f 243 6660 246
f 9183 5517 8177
f 8144 6661 5753
f 5750 8140 6661
f 8826 6662 6055
f 5689 7565 6662
f 6740 8181 5733
f 8337 6132 6987
f 7712 6664 5109
f 7960 7357 5172
f 9440 7857 5546
f 5275 8151 6665
f 5364 6666 6298
f 7963 5237 7619
f 8053 6667 5724
f 5163 6602 8420
f 8239 6668 5838
f 6284 5968 6668
f 7630 6669 9141
f 6669 9061 7415
f 6938 6670 5435
f 8718 6801 5650
f 8406 6671 5406
f 8901 7175 5792
f 8458 6672 8863
f 8060 5145 7798
f 9190 6673 6088
f 5106 9069 7499
f 7453 6674 5587
f 240 237 6674
f 7980 6675 5834
f 247 246 9483
f 242 6676 243
f 242 7453 6676
f 7379 6677 6059
f 5162 8093 6677
f 6363 6678 5437
f 6363 6340 6678
f 7763 6679 5437
f 5128 6341 6679
f 124 8094 126
f 5409 7424 6680
f 8220 6681 5409
f 8782 6762 5110
f 9151 6682 5575
f 9047 5986 8912
f 7007 8244 5754
f 6143 7114 6683
f 6685 8341 5404
f 5910 8743 6684
f 8477 6685 5404
f 5795 7517 6685
f 8047 6686 5735
f 5742 7607 7489
f 9186 6687 8467
f 5442 6644 6781
f 9000 6688 8081
f 5078 6730 6688
f 6662 8938 5689
f 7961 5716 7536
f 6597 8574 5030
f 8574 8406 6690
f 8617 6691 8552
f 5406 6692 6691
f 6691 6692 5886
f 8257 5792 9246
f 8519 6693 5040
f 5408 6546 8384
f 6540 8376 5617
f 5407 8518 6694
f 8514 6695 5860
f 8516 5859 8518
f 7708 6696 5643
f 6144 8106 6696
f 6370 9409 5557
f 5137 6210 6697
f 6583 9169 5398
f 5656 7359 6698
f 8058 6699 5424
f 9525 5003 9564
f 7914 9348 5734
f 5962 6551 9153
f 6952 6701 5426
f 5760 8029 6701
f 7945 6702 5001
f 8748 5941 6702
f 6306 6703 5709
f 7301 5577 6952
f 7774 6704 5023
f 9283 5360 6704
f 8491 6705 5359
f 8980 7044 5233
f 161 6706 6424
f 160 158 8317
f 8437 9326 5878
f 6266 5761 8831
f 4966 7272 4965
f 5548 7271 8930
f 7710 6709 5324
f 5646 7532 6709
f 8551 6710 8643
f 5886 8550 6710
f 6713 7460 5422
f 5124 6455 6711
f 6882 9240 5449
f 9339 6508 5033
f 9083 6713 8111
f 7460 6711 5422
f 7288 6714 5040
f 8037 6682 8912
f 9453 6715 8285
f 8706 6887 5885
f 7654 8641 5198
f 6010 8509 6716
f 9584 6717 5425
f 9349 5506 6978
f 371 9436 370
f 8697 5425 6718
f 6395 9534 5775
f 8633 5890 6719
f 8446 6720 5120
f 5889 8447 6720
f 7517 6721 5635
f 6174 5312 6721
f 8119 6722 5374
f 9163 5094 9557
f 8315 6723 5867
f 5092 6499 6723
f 8326 6724 5339
f 8325 5127 8078
f 8467 9320 5443
f 5053 8069 6725
f 9063 6726 5055
f 6063 9065 6726
f 6291 6727 5100
f 6291 5935 6727
f 8855 6893 9082
f 6650 5519 6728
f 8112 6729 6000
f 5813 7348 6729
f 6688 6730 5801
f 5078 9417 6730
f 6941 8065 5534
f 413 415 9465
f 6776 6732 6450
f 5452 6774 6732
f 6390 6733 5977
f 6390 5034 6733
f 9333 6734 5495
f 8583 5614 7477
f 7606 8409 5632
f 5485 6294 8596
f 8004 6736 5796
f 8861 6317 4978
f 8004 6737 5472
f 5143 7590 9093
f 7582 6738 200
f 9364 5683 7600
f 9547 6739 8289
f 8623 7019 5722
f 8209 6740 5782
f 8084 6349 8225
f 8444 6741 5183
f 5806 7622 6741
f 7622 9293 5419
f 5149 8287 6742
f 8378 6743 5195
f 8309 6457 7895
f 5323 6744 6250
f 5323 7610 6744
f 6879 6745 5479
f 5727 7804 6745
f 8914 8088 6746
f 5578 7395 7997
f 7806 9111 5300
f 8493 5131 7284
f 7426 6748 5563
f 5945 7369 6748
f 8242 7344 6749
f 8521 6198 5084
f 7103 6750 6067
f 5331 6395 6750
f 9500 6751 9209
f 5300 6226 6751
f 9290 6752 5418
f 9024 6894 5830
f 7670 9008 5929
f 8361 5830 9311
f 8648 6754 5903
f 5417 8486 6754
f 7724 8433 6100
f 9007 6099 9415
f 7875 7375 6756
f 8226 7049 5057
f 6446 6757 5134
f 9581 5564 6757
f 7098 6758 5729
f 9370 4914 6758
f 6693 8511 5408
f 5861 8055 6759
f 8747 6760 5439
f 9204 5985 8714
f 8200 6761 5033
f 8962 6018 6761
f 7022 6762 5439
f 5110 6681 8782
f 7012 8653 5155
f 5640 8867 6763
f 7302 8656 6127
f 6356 6557 9037
f 8339 7474 6068
f 5990 7790 6765
f 8419 6766 5213
f 6675 5517 6766
f 5468 6767 6586
f 7021 6604 5286
f 8876 6768 5649
f 8815 6801 6962
f 8398 6769 5639
f 8733 6831 5244
f 5085 6770 6326
f 6474 9480 9515
f 7438 7930 5446
f 8160 6083 7455
f 8702 6772 5928
f 5930 6869 6772
f 7547 6773 5601
f 8805 5256 9079
f 6732 6774 5928
f 5452 8798 6774
f 7915 6775 5452
f 6261 5087 6775
f 8568 6776 5343
f 6003 7915 6776
f 9263 8650 6777
f 5597 6392 6777
f 8639 9336 5966
f 8735 6567 5262
f 7400 6779 5558
f 6370 5403 6779
f 8985 6780 5428
f 6439 5190 6780
f 5784 6781 6644
f 9117 7654 5198
f 6780 6782 5428
f 5788 7914 6782
f 6072 6783 6240
f 5484 6992 8856
f 7058 8881 5038
f 5434 7427 6784
f 8610 6888 6785
f 5587 6674 6785
f 8883 6786 6016
f 5200 6418 8522
f 7772 7890 5525
f 6362 5119 6787
f 6341 8838 5682
f 5128 8764 6788
f 9249 6789 5072
f 6789 8020 7397
f 5758 6790 6380
f 5606 6495 6790
f 6608 9325 5673
f 9325 8339 6791
f 7304 8062 5744
f 8686 5899 6792
f 6196 6793 5665
f 8392 7409 5730
f 9103 6794 9105
f 5022 6892 8587
f 6585 6795 5625
f 5136 8553 6795
f 7568 6796 5236
f 7298 5235 7486
f 9026 6821 9538
f 8470 6822 9055
f 8588 6798 5772
f 5435 6670 9029
f 6805 6799 5772
f 8973 5961 6799
f 7214 6800 5572
f 427 430 6800
f 6670 8718 5650
f 8012 6093 7468
f 5793 6802 6469
f 5511 7167 7982
f 9341 6803 5012
f 5460 6804 6803
f 6468 6804 5460
f 8529 6019 8684
f 5098 6805 6253
f 5098 6799 6805
f 6923 6806 5478
f 6578 5386 6806
f 8314 6807 5832
f 5250 7836 6807
f 9119 6808 5500
f 5499 7039 9042
f 7878 6809 5677
f 5602 7513 7514
f 9062 6810 5994
f 5388 9331 9332
f 7196 6811 9142
f 5739 7989 6811
f 7848 6812 5814
f 5193 6940 9256
f 6399 6813 5082
f 6399 5478 6813
f 7059 7653 9404
f 8459 5254 6814
f 9276 6815 6057
f 8825 5394 6422
f 8836 6816 6366
f 7353 5842 7310
f 7518 9303 5106
f 7850 5298 7701
f 7739 6818 5094
f 7414 5225 7457
f 5611 6819 6526
f 5611 9315 8526
f 5293 6820 6212
f 5918 6589 6820
f 9309 6821 5888
f 5430 6797 9538
f 6797 8470 5908
f 9142 6811 9025
f 8520 6823 5186
f 5647 6271 6823
f 9150 6824 9353
f 8900 8160 5260
f 7665 6825 5433
f 8606 5100 6825
f 6226 6826 5433
f 5300 6747 9264
f 9178 9100 6827
f 9040 4991 4992
f 9227 6828 5496
f 6217 8591 8041
f 4933 9144 4932
f 5648 7640 9241
f 9157 6830 6032
f 5243 8590 9347
f 7394 6831 5854
f 8877 6606 7135
f 6833 6832 5432
f 6291 5100 6832
f 9104 6833 5432
f 6344 5308 9524
f 8625 6834 5203
f 5885 6946 8841
f 9129 7043 6835
f 9231 6281 8915
f 5099 6836 6248
f 6534 5852 6836
f 8565 6837 5067
f 8931 7521 5828
f 8563 6838 5436
f 5199 7310 6838
f 6142 8043 5522
f 6402 5351 6839
f 7262 6840 5718
f 9464 7922 6107
f 9064 6841 9065
f 8296 6584 5399
f 9361 6842 5758
f 5953 8903 6842
f 9237 7170 6843
f 5222 7349 8210
f 7571 6844 5773
f 5178 6603 8505
f 7428 6845 5526
f 5090 6463 8271
f 5186 6846 6264
f 5186 6823 7322
f 8366 6847 5825
f 6253 5434 6847
f 7919 8819 6403
f 8191 6102 6848
f 269 6849 271
f 9333 5495 6849
f 9486 6850 9059
f 9271 6131 9270
f 9546 6851 5746
f 5089 8560 6851
f 8336 6852 5986
f 5413 6280 6852
f 8294 6853 5900
f 9026 5987 9027
f 6904 6854 5258
f 8293 5441 6854
f 9507 6855 5475
f 9487 5620 7267
f 7180 6856 5149
f 5457 7153 8814
f 8800 6857 6168
f 5423 9555 6857
f 8676 7864 5085
f 5606 7465 6858
f 7747 6859 5703
f 9038 6203 7684
f 7684 8538 5469
f 9495 6097 6860
f 5492 6861 6244
f 5492 7581 6861
f 8076 6862 5581
f 5265 8205 9110
f 6140 7987 5107
f 5581 6862 9461
f 8479 6864 5461
f 5879 8481 6864
f 7113 6865 5458
f 9482 7258 5919
f 6890 6866 5053
f 5702 7113 6866
f 8056 6867 6329
f 5458 6331 6867
f 7067 6868 5519
f 6766 5517 6868
f 8703 9531 5454
f 8624 5102 6869
f 7042 6870 5264
f 5979 7873 6870
f 6500 6871 5357
f 6125 5266 6871
f 7178 6872 5029
f 6069 9363 6872
f 5995 6873 6579
f 6873 9255 7840
f 5557 6874 6600
f 9328 6900 9016
f 8701 6875 5006
f 5928 8703 6875
f 6877 9477 5182
f 9478 5455 9032
f 8640 6877 5779
f 9477 6106 6876
f 8711 6878 5947
f 5204 7368 6878
f 7051 6879 5479
f 6028 8435 6879
f 7208 8784 5535
f 9430 5326 9522
f 9562 6881 6529
f 5089 8155 6881
f 9240 6882 5767
f 5449 6945 8436
f 7862 6883 5913
f 9050 6307 7966
f 8228 6884 8227
f 5450 6409 6884
f 6289 8616 5680
f 5333 6290 6885
f 9299 9159 6886
f 6886 8959 8283
f 8625 8706 5885
f 5411 8001 6887
f 6785 6888 5587
f 6511 8855 6888
f 340 6889 338
f 6251 8760 6889
f 7632 6890 5053
f 5466 6971 6890
f 8727 6891 5911
f 5207 7399 6891
f 7681 9346 5445
f 5022 8728 6892
f 5667 6893 6511
f 8626 6321 9512
f 6752 9024 5830
f 8308 5817 9018
f 6320 6895 5453
f 6320 5649 7221
f 7831 6896 5278
f 5545 6434 6896
f 6639 8762 5836
f 5431 7873 6897
f 8981 6898 5457
f 8872 5969 7153
f 8187 6899 5073
f 5457 8495 6899
f 5635 9328 9016
f 5557 9001 6900
f 8018 6901 5158
f 5480 8412 6901
f 8019 6902 5480
f 5720 6789 9249
f 8350 6903 6151
f 8413 5950 8412
f 6542 6904 5258
f 8581 8146 5900
f 5044 6905 6221
f 5932 9156 6905
f 7200 6906 5545
f 7926 5847 6416
f 9529 6907 5866
f 5119 7431 6907
f 8323 6908 5266
f 8152 5151 6627
f 6927 7969 5654
f 5270 9428 7909
f 7245 6910 5176
f 8180 6109 7660
f 8969 6911 5465
f 7237 6324 5143
f 6911 6912 5465
f 8621 6737 8004
f 8918 8155 6913
f 5089 6851 9546
f 7661 6914 5239
f 8042 6953 5537
f 6629 6915 5464
f 5321 8964 6915
f 7943 6916 5699
f 5960 7466 6916
f 8354 7520 5133
f 5541 6958 6917
f 5438 6918 6646
f 6918 9225 9191
f 8410 6919 5876
f 9371 317 6919
f 6604 8369 5286
f 6020 7896 8450
f 9392 6921 5468
f 6383 5125 6921
f 9122 6922 6157
f 5288 7983 6922
f 8542 6923 5114
f 5478 6399 7893
f 6916 7466 5209
f 6913 5746 6924
f 7951 9452 5541
f 5013 7198 8679
f 5351 6926 6839
f 6410 5687 6926
f 7128 6927 5059
f 9345 8117 5270
f 9380 6928 5197
f 5482 8266 6928
f 7658 6929 5039
f 5695 7104 8919
f 7576 6930 5707
f 6931 5514 7148
f 5708 6931 6930
f 7699 5075 7149
f 7047 6932 6587
f 5487 8387 6932
f 6398 9393 5028
f 6988 7293 6086
f 5586 6934 6933
f 5586 6420 6934
f 8952 6935 5237
f 5869 8155 8918
f 5403 6936 6779
f 5848 7187 7303
f 4943 6937 4942
f 5744 7540 6937
f 7664 6938 5435
f 5598 6382 8682
f 8585 6939 133
f 5945 8787 6939
f 6208 6940 5669
f 6208 5674 9256
f 8065 6941 411
f 5534 6479 8657
f 6685 8477 5795
f 6196 5173 6942
f 7807 6943 5912
f 7544 5622 7487
f 9375 6944 5481
f 5172 8715 6944
f 8955 6945 5449
f 8961 5161 7748
f 6887 8874 5885
f 9103 6048 9104
f 9572 7531 6947
f 5191 9291 6947
f 7368 6948 5789
f 5204 8063 6948
f 9046 6949 6155
f 5301 6239 9366
f 9253 6950 6027
f 5649 6768 6950
f 8092 6951 5014
f 5604 7525 6951
f 8809 7301 6952
f 5577 8028 6952
f 6176 6953 5279
f 5537 6914 8042
f 6929 7658 5695
f 5619 6324 8964
f 7594 8449 5095
f 5877 7538 6955
f 7986 6956 5816
f 5750 7825 6956
f 6979 8730 5506
f 5092 6256 6957
f 6917 6958 5542
f 5541 6603 6958
f 6958 6959 5542
f 6958 5178 6959
f 7208 7346 5049
f 5542 6959 6960
f 8264 6961 5844
f 5410 8082 6961
f 6768 6962 5181
f 8815 5650 6801
f 9443 6963 7614
f 7231 4939 4940
f 8032 9165 5752
f 5712 6286 8595
f 7938 6965 5105
f 5855 6966 9334
f 9334 6966 9362
f 5855 8434 6966
f 6640 8828 5325
f 9201 6108 9202
f 9096 6968 5096
f 6181 7796 8776
f 8853 6969 5948
f 5490 7266 6969
f 9556 6999 5184
f 6110 9502 6970
f 7534 7762 5200
f 5702 6890 6971
f 8188 7166 6972
f 9484 7182 6051
f 9407 6973 9406
f 8801 5956 6973
f 8950 6974 5992
f 5860 6710 8995
f 5104 6975 6305
f 5104 6142 6975
f 6305 6976 5320
f 6305 6975 6976
f 7861 7372 5101
f 5101 9058 6977
f 6957 6978 5506
f 5310 6717 6978
f 9400 8555 5506
f 5357 6498 6979
f 6645 9397 5213
f 8959 5502 6980
f 252 9549 253
f 5834 8418 6981
f 8795 6982 5940
f 5803 7271 6982
f 5942 6983 6635
f 5572 7338 8865
f 6492 6984 5380
f 6492 6985 6984
f 6984 6985 5463
f 6492 5185 6985
f 8635 6986 5463
f 5131 8493 6986
f 7987 8386 5581
f 6663 8337 6987
f 8805 6988 5256
f 5477 6934 7293
f 8688 6989 5954
f 9068 6087 6989
f 6393 6990 5474
f 5340 6391 8270
f 6128 6991 5484
f 6128 7125 6991
f 9449 6992 8758
f 4986 4987 8856
f 5036 6993 6407
f 7707 5561 9216
f 9513 6994 6030
f 5752 8031 6994
f 9086 6995 6062
f 5152 7516 6995
f 283 7019 7341
f 5593 7713 6996
f 7587 6997 6204
f 8614 5958 8613
f 8614 6998 5958
f 5471 7354 7938
f 6970 6999 6110
f 6970 5184 6999
f 5501 7000 6453
f 5501 6504 7000
f 8725 7001 5952
f 5696 7265 7001
f 8675 7002 5902
f 5387 6407 9009
f 9580 7003 6235
f 5645 7206 9395
f 7825 7004 6094
f 5031 8141 8977
f 7397 9080 5569
f 6336 5117 7005
f 7854 7006 5729
f 4916 4917 7006
f 8338 7007 5734
f 8244 6683 5754
f 8669 7008 5913
f 4923 7804 7008
f 5965 7009 6497
f 5524 6601 8017
f 7975 9388 6101
f 9493 5354 7870
f 9552 7011 5155
f 9281 5957 8707
f 7508 8653 5638
f 5155 7011 7012
f 7029 7013 5045
f 9161 5226 8871
f 5573 7014 7013
f 5573 6297 7014
f 6435 7015 5670
f 9335 6175 9566
f 9330 7016 6074
f 5296 6245 7016
f 6657 9312 5491
f 5810 8179 9278
f 390 7018 387
f 390 391 7401
f 6739 8623 5722
f 5593 6996 7341
f 5417 7020 6673
f 9428 5270 9189
f 5468 7021 6767
f 8345 5868 6604
f 9118 7022 5439
f 5500 9229 7259
f 5510 7023 6361
f 5510 8429 8474
f 8171 7024 5776
f 5827 8151 7024
f 7234 7025 5556
f 9488 7308 5994
f 6555 7026 5196
f 6555 5550 7026
f 7843 7856 5876
f 5936 8732 7027
f 9369 7028 5338
f 9368 5397 9433
f 7248 7685 5045
f 5736 7933 7029
f 7647 7030 5699
f 6756 5057 7030
f 9140 7031 6651
f 5583 6275 7031
f 8637 7032 5483
f 5004 8817 7032
f 8049 9101 5171
f 5993 8637 7033
f 7936 7034 5602
f 5287 6230 7034
f 9339 7035 6712
f 6761 6018 7035
f 7335 7036 5475
f 9188 7140 5737
f 7195 8967 5553
f 6333 5037 7037
f 9096 7038 6181
f 5680 7151 9017
f 7040 7039 5499
f 5745 9541 9542
f 9378 7040 5499
f 5197 7828 7040
f 9120 7041 5499
f 5033 6508 7041
f 6870 7042 5979
f 5264 6133 7042
f 6835 7043 5546
f 6169 8649 7043
f 9085 7044 5565
f 5233 8075 8980
f 8176 7045 5819
f 5489 7046 8120
f 6241 8997 5489
f 5019 7955 7046
f 7714 7047 5121
f 6123 7102 7047
f 8583 7048 5614
f 267 266 7048
f 6756 8226 5057
f 5899 6298 7049
f 6745 8829 5479
f 4926 4927 9445
f 8554 7051 5124
f 5479 7447 7051
f 7053 7052 5512
f 5123 9121 7052
f 6467 7053 5415
f 6467 7052 7053
f 8934 7054 5358
f 5999 7861 7054
f 7110 7055 5281
f 5867 6723 9198
f 7583 7056 5191
f 8963 7057 5508
f 8125 7057 5841
f 8367 5825 9072
f 9289 7058 9236
f 5508 6229 7058
f 7454 7059 5486
f 5679 6191 7750
f 9124 7060 5256
f 9561 7454 5486
f 8389 7061 5322
f 5939 8390 7061
f 7620 7062 5857
f 7062 7875 7845
f 7580 7063 5015
f 5747 6272 7063
f 9473 7064 6160
f 6104 8482 7064
f 8397 7065 5914
f 9181 6012 9180
f 7588 7066 5181
f 5914 7065 7066
f 7187 7067 5519
f 8833 6645 5213
f 8923 7068 5420
f 5977 8922 7068
f 7660 7069 5651
f 5375 9579 7069
f 8806 7070 6155
f 5800 6633 9279
f 9070 7071 6037
f 5264 8206 7071
f 8489 8785 5622
f 5158 6901 7072
f 9548 7073 9071
f 5493 7707 7073
f 7075 7074 5205
f 5567 7434 7074
f 7076 7075 5205
f 5528 7174 8006
f 7077 7076 5205
f 7729 6621 5528
f 6654 7077 5205
f 5615 6628 7077
f 361 7078 359
f 8983 6276 7109
f 9195 7079 5098
f 5527 8968 7079
f 8475 7080 5865
f 5527 7079 8765
f 7907 7081 8320
f 4947 4948 7081
f 7083 7082 5687
f 5529 9128 7082
f 6410 9466 5687
f 5174 6118 8909
f 6202 7084 5285
f 7159 4937 4938
f 5377 7085 6387
f 5377 6388 8452
f 9135 7086 5134
f 5670 6484 8107
f 5126 7087 6101
f 9305 5447 7202
f 7841 7088 5693
f 9545 5713 7350
f 9093 9126 5846
f 7591 5039 7817
f 7444 7090 6049
f 5211 7694 9125
f 7812 9376 5694
f 6092 9470 7091
f 9427 7092 5027
f 8904 5417 8648
f 8889 7093 5552
f 6066 7885 7364
f 9543 7094 8889
f 7920 6121 7689
f 7878 7095 5074
f 5677 7094 9543
f 6628 7755 5585
f 194 192 7096
f 6238 7097 5933
f 5937 8363 8859
f 9296 7098 5729
f 6384 7618 7098
f 7899 7099 5064
f 5568 7437 7099
f 7191 8761 5230
f 5892 8913 7100
f 5641 7101 6147
f 5997 8898 7101
f 5487 7102 6122
f 5487 7047 7102
f 5331 7103 6394
f 5331 6750 7103
f 8545 9308 5695
f 5164 6345 7104
f 6182 7105 5070
f 5856 7948 7105
f 6221 7106 5044
f 6221 7758 7106
f 9121 7107 6157
f 8159 5847 7926
f 7457 7108 6076
f 8463 6436 5927
f 5310 7109 6276
f 5310 6256 7109
f 8011 7110 5543
f 5867 7055 7110
f 7949 7111 5845
f 6024 8835 7111
f 6810 9332 5875
f 6475 5206 7112
f 8729 7113 6232
f 5458 6866 7113
f 5074 7114 6143
f 5074 8683 7114
f 9114 7115 5175
f 6075 8750 7115
f 4983 7116 6614
f 4984 4985 8573
f 8114 7117 5208
f 5497 6631 7117
f 6222 7118 5497
f 6222 5507 7129
f 9113 7119 184
f 8482 6104 8089
f 7672 7631 5122
f 6541 5533 7120
f 9271 8672 7121
f 8673 278 276
f 8927 7122 5383
f 6564 9221 8411
f 7135 7123 5244
f 5658 6420 9043
f 8286 7124 328
f 5732 6433 7124
f 7917 7125 6128
f 9108 5996 9107
f 9108 7126 5996
f 8751 5978 7126
f 6517 9131 5194
f 5637 6164 7127
f 8847 7128 5059
f 8846 5374 8116
f 6502 7129 5507
f 5001 7118 7129
f 6166 7130 5507
f 6166 7656 7130
f 117 8110 119
f 8714 5985 8385
f 9425 7132 6152
f 5072 7852 7132
f 9438 7133 6135
f 8064 5731 8063
f 9424 7134 5274
f 7132 5503 7134
f 6831 7135 5244
f 6831 8877 7135
f 115 7136 117
f 6163 7351 7136
f 6926 8510 5522
f 8510 7719 7137
f 7435 7138 5017
f 5704 8884 7138
f 9514 7139 6144
f 5004 9295 7139
f 8097 7140 5504
f 5737 7744 9188
f 7085 8452 5521
f 6388 5027 7141
f 7588 7142 5914
f 5599 8012 7468
f 7996 7143 5953
f 7143 8274 8273
f 8582 7144 6469
f 5197 6928 7144
f 6984 7145 6493
f 6984 5463 7145
f 8781 7146 5949
f 5440 7556 7146
f 6373 7147 5548
f 5328 7602 9563
f 9338 7148 5214
f 5514 7615 7148
f 5708 7699 6931
f 5075 6201 7149
f 7615 7150 5923
f 5514 7149 7150
f 6885 9081 5680
f 5348 8351 7151
f 8413 7152 5950
f 6664 5481 7152
f 8814 7153 5805
f 6898 8872 7153
f 9542 7154 5115
f 5501 6282 7154
f 6504 7155 5385
f 5501 7154 9541
f 8186 7156 5065
f 7313 6541 5498
f 5491 7157 6657
f 5491 6355 7902
f 9193 7158 5533
f 5026 7858 7158
f 5549 7159 7084
f 5549 7360 7159
f 6876 7160 5182
f 6352 5597 7160
f 7929 7161 5247
f 9051 5224 6433
f 5329 7162 6318
f 9391 6084 9390
f 7162 7163 6318
f 5555 7299 7163
f 7420 7164 5028
f 5640 6763 7508
f 7012 8400 5638
f 6769 5244 7165
f 7877 7166 5550
f 6050 9337 7166
f 7342 8917 5511
f 5227 8812 7167
f 149 7168 152
f 5835 8237 7168
f 6317 7169 4977
f 5608 6250 8161
f 9010 7781 7170
f 5222 6843 7170
f 6015 9219 6731
f 9576 6095 8984
f 7318 7172 6216
f 5113 6367 7172
f 9523 7173 5509
f 5326 6366 8023
f 7761 7174 6161
f 5068 7432 8006
f 6591 7331 5179
f 5570 6443 7175
f 8322 7176 5240
f 6443 5570 7176
f 9122 7177 5288
f 7107 5513 7177
f 6872 7178 6069
f 5029 6233 7178
f 7279 8332 5838
f 5279 6630 9210
f 6245 7180 5149
f 8495 5457 6856
f 6919 9170 5876
f 316 313 7181
f 9207 7182 6052
f 6051 6972 9484
f 9319 7183 6209
f 5446 8895 7183
f 4970 7184 4969
f 7496 5975 8014
f 9068 7185 6087
f 6990 5728 7185
f 7239 7186 6024
f 5353 8295 7186
f 7067 7187 5848
f 5519 6650 7187
f 5443 8068 6576
f 8310 5188 6521
f 7572 7189 5629
f 5177 7378 7189
f 6960 8608 5049
f 5629 9431 7190
f 6845 7191 5526
f 6845 5892 8761
f 8273 7192 5206
f 5526 8534 7192
f 9385 7193 5245
f 6061 9386 7193
f 8451 7194 6542
f 9095 6056 9168
f 8910 7195 5327
f 8967 7037 5553
f 6821 9309 5430
f 5888 8577 7196
f 6894 9018 5453
f 9234 8033 5192
f 7846 7198 5013
f 5701 7781 9010
f 7170 7199 5516
f 5467 6844 7199
f 9166 7200 6098
f 5037 7396 7200
f 7933 7201 5573
f 6271 5129 7201
f 7087 7202 6101
f 7087 9305 7202
f 6329 7203 5811
f 6329 5319 8512
f 7400 7204 5137
f 5895 7539 8290
f 7312 7205 5725
f 5603 6596 9509
f 9030 7206 5645
f 5436 6838 7206
f 7792 7207 5208
f 9432 5049 7190
f 5675 7208 7207
f 5675 7346 7208
f 5328 7209 6374
f 5328 9268 7209
f 8773 7210 5973
f 8999 5975 7612
f 8317 7211 5804
f 9196 154 7228
f 8375 7212 5968
f 5969 8872 7212
f 6548 7213 5518
f 6548 5251 7213
f 8498 7501 7214
f 426 427 7214
f 8233 7215 5826
f 5000 8388 7215
f 6270 7216 5303
f 5530 8334 7216
f 9047 7217 5986
f 5135 6219 7808
f 7873 7218 6034
f 5979 8133 7218
f 9101 7219 5993
f 8048 5154 7545
f 7355 7220 5192
f 5650 6768 8876
f 6895 7221 5102
f 6895 6320 7221
f 7267 7959 5183
f 5580 9066 7222
f 7213 7223 5518
f 6063 9063 7223
f 9403 8753 5518
f 7891 5820 6548
f 6975 7225 5485
f 6142 5268 7225
f 8646 7226 5933
f 5901 8700 7226
f 9141 8364 5234
f 8072 6593 5610
f 152 7228 154
f 6249 5610 7228
f 7843 7229 5313
f 6065 7230 7229
f 308 7819 310
f 5589 7229 7230
f 5923 7231 6963
f 5923 8506 7231
f 6079 7232 6337
f 5024 8639 7337
f 6903 7233 6151
f 6152 9424 7233
f 6456 9098 5556
f 6197 9528 7234
f 8960 7235 6380
f 9259 6846 7235
f 7529 7273 6071
f 7391 382 383
f 5464 7237 6911
f 5464 6915 7237
f 8111 8821 5767
f 5422 6712 7238
f 7106 8837 5884
f 5353 7186 7239
f 6311 7240 5829
f 6556 5202 7240
f 9203 9239 5284
f 9117 5198 6781
f 8663 7242 5965
f 6083 6824 9150
f 6473 7243 5129
f 5571 6297 7243
f 5036 7244 6993
f 9285 6149 9048
f 8130 9273 5176
f 8464 7085 5521
f 8333 7826 7246
f 5065 8219 7246
f 6208 7247 5674
f 5235 8214 7247
f 8902 9361 5045
f 8818 6380 5523
f 8771 7249 5223
f 5532 7250 9090
f 5820 7955 6575
f 8655 5901 9090
f 7434 7251 5592
f 5236 6796 7251
f 6624 7753 5063
f 7251 5815 7252
f 5566 7423 9179
f 5051 8940 8678
f 7772 7254 5974
f 8882 7783 5866
f 5015 7255 6368
f 5015 7830 7255
f 8886 7256 5096
f 9446 6184 6289
f 6171 7657 5591
f 5145 9448 7257
f 8231 9224 5217
f 9226 5438 8746
f 7022 7259 6762
f 7022 5500 7259
f 9174 7260 5259
f 5524 8664 7260
f 8954 7261 5455
f 5843 7598 7261
f 7337 7262 5718
f 5966 6778 9506
f 7889 7263 5988
f 5893 8571 8924
f 8314 9296 5250
f 5729 7006 7264
f 8844 7265 6090
f 394 395 7265
f 5657 8432 6612
f 5656 7715 7266
f 6855 9487 5183
f 5620 8636 7267
f 7815 9467 5917
f 5330 8569 8629
f 7514 7269 5246
f 6041 8817 7269
f 7809 7270 5770
f 5012 6426 7270
f 8930 7271 5803
f 8073 5756 8009
f 5548 7272 6373
f 5548 6708 7272
f 6071 7273 7236
f 5271 6130 9315
f 6219 7274 5531
f 5135 9152 7274
f 5781 7459 8478
f 5238 6216 7275
f 9128 7276 8723
f 5529 6120 7276
f 9208 7277 6052
f 5097 8620 7871
f 8356 7278 6036
f 5596 7494 7278
f 5279 8332 6176
f 5838 7994 7279
f 8909 7280 5529
f 6118 9351 7280
f 7336 9023 5938
f 6514 5540 7281
f 113 7603 6163
f 5832 6807 8976
f 8599 8740 5898
f 7827 5954 8689
f 8493 7284 6747
f 5131 9468 7284
f 9503 7285 5138
f 6376 5553 7285
f 6360 7286 5536
f 5261 7561 7286
f 7911 7287 5725
f 6581 5396 7287
f 6693 7288 5040
f 8384 6546 5575
f 7929 7289 6046
f 5247 7254 7289
f 6408 7290 5647
f 6408 5574 7702
f 4989 9324 6240
f 6064 9039 7291
f 6445 7292 5050
f 6445 5565 7292
f 5477 7293 6988
f 6934 5153 7293
f 220 7294 222
f 7412 218 7411
f 7464 9280 6012
f 5424 6531 7295
f 7983 7296 5738
f 6167 9556 7296
f 7384 7297 5946
f 8356 6036 7403
f 5770 7298 6796
f 5770 6425 9243
f 9401 7299 6406
f 5555 8598 7299
f 326 7300 323
f 6433 5740 7300
f 5132 7301 6703
f 7519 5818 7330
f 291 7302 293
f 6457 5444 8656
f 8474 8755 5052
f 5558 6936 7303
f 6937 8453 5744
f 4944 4945 7304
f 9204 7305 5161
f 5539 9344 7305
f 6514 8907 5540
f 169 167 7306
f 7281 7307 5938
f 5540 8102 7307
f 9053 7308 5576
f 5388 9062 7308
f 9496 7309 6112
f 5441 6150 7309
f 6838 7310 5837
f 5199 7353 7310
f 6625 7311 5231
f 5858 6506 8691
f 8030 7312 5725
f 5163 8053 8544
f 6178 7313 7156
f 6178 8079 7313
f 7417 7314 5140
f 5628 7679 7314
f 6549 8788 5742
f 6933 5477 7315
f 8987 7316 5267
f 6096 9575 7316
f 7492 9298 6006
f 5544 6216 7317
f 5544 7318 6216
f 5544 6224 7318
f 7504 7319 5603
f 5873 8182 8978
f 6553 7320 5547
f 260 258 7320
f 5547 7321 6553
f 5547 8282 7321
f 5186 7322 6846
f 7685 7248 5523
f 6735 8596 5007
f 6294 5564 7323
f 8850 7324 5292
f 7008 5727 7324
f 5807 7325 6358
f 8328 5393 6378
f 5469 7326 6332
f 6860 6097 7326
f 9216 7327 6033
f 5561 7244 9048
f 8871 7328 5983
f 5226 6241 7328
f 4954 7329 4953
f 5762 7655 7329
f 8753 7330 5818
f 9403 7223 7352
f 7175 7331 5570
f 6591 9214 7331
f 7722 7694 6345
f 5211 6280 7332
f 7405 7333 6007
f 5240 6134 7333
f 5125 7334 6153
f 6262 9520 7334
f 9417 7335 6085
f 6214 7036 7335
f 6488 7336 5400
f 8756 5401 9023
f 5024 7337 7232
f 5966 7262 7337
f 6800 8280 5572
f 5352 6505 7338
f 6369 7339 5494
f 6369 5150 7339
f 4973 7340 4972
f 5706 7612 7340
f 286 7341 6996
f 286 283 7341
f 5124 7342 6455
f 8917 7167 5511
f 6513 7343 5108
f 6278 7932 7343
f 6749 7344 5590
f 6749 5865 8242
f 6198 7345 6563
f 5590 6994 7345
f 6371 7346 5675
f 5542 6960 7346
f 7348 7347 5698
f 5813 6346 8722
f 7939 7348 5698
f 5209 6729 7348
f 7647 7349 5222
f 5699 6916 7939
f 6051 7350 6972
f 9545 7088 8721
f 8941 7351 5306
f 6183 7305 9344
f 7330 9403 5577
f 7223 5055 7352
f 5629 7353 6816
f 5629 7189 7353
f 7938 7354 5855
f 5471 6618 7354
f 6798 7355 5192
f 9029 6670 7355
f 7954 7356 5891
f 8681 6279 5077
f 8196 7357 5607
f 5828 7521 7357
f 6263 7358 5276
f 6263 8196 7358
f 7803 7359 5657
f 5152 6698 7359
f 4937 9565 4936
f 5549 8810 7360
f 6470 7361 5141
f 6470 8810 7361
f 9030 7362 6447
f 9580 6235 7362
f 7398 7363 5579
f 9318 5099 7363
f 7093 7364 5127
f 7093 6066 7364
f 6265 7365 5580
f 6265 5103 7365
f 7671 7366 5344
f 5580 7365 7366
f 7368 7367 5790
f 9571 6070 7024
f 6878 7368 5790
f 5204 6948 7368
f 6748 7369 6193
f 5945 8585 7369
f 6739 9547 5593
f 5872 8327 7370
f 8594 7371 5957
f 5054 7752 8398
f 6977 7861 5101
f 5999 8935 9272
f 9162 7373 5269
f 6043 9163 8119
f 6438 7374 5721
f 6864 5212 7374
f 5700 7875 6756
f 7576 5708 6930
f 7748 8941 5671
f 5306 8976 7376
f 5522 7377 6142
f 6141 7422 7377
f 9077 7378 5177
f 5632 8991 8272
f 7449 7379 6059
f 6819 5162 7379
f 5011 7380 6637
f 5011 7462 7380
f 7885 7381 5551
f 8190 6472 5026
f 8216 7382 5821
f 5293 6212 7382
f 8755 7383 5558
f 8864 5219 7539
f 6148 8579 5946
f 5304 6188 8739
f 9416 7385 5138
f 6105 8113 7385
f 8313 7386 6382
f 8776 6968 6181
f 4950 7387 6237
f 4950 4951 7387
f 6844 7388 5773
f 6580 5631 7388
f 6638 7389 5177
f 7388 5631 7389
f 7876 7390 5429
f 8584 4934 8128
f 5611 7391 7236
f 5611 6526 7391
f 6733 8796 5977
f 5384 8925 7392
f 9485 8319 7393
f 5798 6571 7393
f 5496 7394 6830
f 7752 5054 7997
f 6306 7395 5578
f 5243 9157 7395
f 7200 7396 6906
f 5037 6168 7396
f 5720 8020 6789
f 5316 6336 9080
f 8352 7398 6431
f 8642 6209 7363
f 6248 7399 5579
f 6248 6891 7399
f 9410 7400 5137
f 5558 7383 7400
f 390 7401 7018
f 391 8844 7401
f 7286 7402 5261
f 6360 5538 7402
f 8787 8786 7403
f 5228 8356 7403
f 5714 7404 6419
f 9413 7403 6036
f 5240 7405 6546
f 6007 9151 7405
f 9321 9146 7406
f 6006 6458 7406
f 7539 7407 5922
f 7407 9035 9034
f 6579 7408 5991
f 8622 5862 6637
f 6684 7409 5404
f 6684 6347 7409
f 7659 7410 6138
f 8971 6643 5925
f 7412 7411 8892
f 218 215 7411
f 7294 7412 5659
f 7294 220 7412
f 5400 7413 6487
f 5400 8662 7413
f 5626 7414 6818
f 5626 8127 8612
f 9061 7629 7415
f 5081 6444 7415
f 6692 9246 5093
f 5792 6443 7416
f 9366 7417 5562
f 6239 7314 7417
f 8806 7418 5372
f 6949 5562 7418
f 7829 7419 6145
f 6293 5386 7419
f 6549 7420 5028
f 8381 6550 7421
f 8869 7421 5190
f 5640 8381 7421
f 7377 7422 5268
f 6141 7423 7422
f 5051 7423 6141
f 5051 7253 7423
f 7425 7424 6681
f 8597 6193 6680
f 7424 7425 5563
f 6681 5110 7425
f 9185 7426 8754
f 5228 8786 7426
f 6784 7427 5817
f 5434 6805 7427
f 7192 8717 5526
f 5874 7490 7428
f 6561 7429 5016
f 5662 6171 7429
f 6469 7430 5588
f 5047 6437 9176
f 5458 9317 6331
f 5919 6907 7431
f 7569 7433 5896
f 8006 7174 5068
f 7432 7433 5567
f 7432 5896 7433
f 7074 7434 5592
f 7433 5236 7434
f 7194 8451 5017
f 5920 8231 8942
f 8968 7436 6465
f 5527 8475 7436
f 8447 7437 6720
f 5283 6203 7437
f 5011 7438 6515
f 7930 6771 8895
f 7219 7439 5993
f 5600 6170 9295
f 7663 7440 5665
f 6734 5173 7440
f 6128 7441 5126
f 6128 5484 7441
f 5571 7442 6241
f 5571 6430 7442
f 5347 7443 6473
f 5347 6430 7443
f 7512 8245 6049
f 5894 7522 9177
f 8580 8570 5304
f 8719 5932 8720
f 7467 7446 5174
f 9350 6119 9351
f 7051 7447 5971
f 5479 7050 7447
f 375 7448 6299
f 377 379 7448
f 8659 7449 5338
f 5612 7379 7449
f 6739 7450 5169
f 5722 7639 9060
f 8678 8723 5685
f 5229 6539 7451
f 6507 7452 5681
f 6507 5683 8010
f 6674 7453 240
f 5587 9182 7453
f 8897 7698 7454
f 5679 7059 7454
f 8896 7455 5382
f 5964 6771 7455
f 9106 7456 5346
f 5582 6609 7456
f 6818 7457 5582
f 5225 7108 7457
f 6543 9301 5660
f 178 176 7458
f 6458 7459 5605
f 5238 7275 8478
f 6028 7460 6713
f 6028 8554 7460
f 5556 7461 6441
f 5994 6810 9558
f 5559 7462 6515
f 5559 8290 7462
f 8296 9112 5916
f 5251 6575 7463
f 9181 7464 6012
f 5118 9423 7464
f 6858 7465 5389
f 5606 6790 9590
f 5209 7466 6924
f 9585 8401 5462
f 9466 8974 5174
f 5686 6428 7467
f 5599 7468 7142
f 6093 9357 7468
f 5780 7469 6760
f 5780 8220 7469
f 7992 7470 9139
f 5248 6554 7470
f 8481 9116 5212
f 5982 8638 7471
f 7253 7472 6175
f 5685 8101 7472
f 8944 7473 5263
f 6359 8908 7473
f 6068 7474 6765
f 8174 8173 5990
f 5847 7475 6416
f 8416 5429 6470
f 6129 7476 5614
f 5312 6174 7476
f 6159 8583 6734
f 5614 6174 7477
f 5591 7478 6171
f 6246 7678 7478
f 9408 7479 5584
f 5111 6659 7479
f 9586 7480 6080
f 5584 7479 7480
f 6394 7481 5131
f 6394 7103 7481
f 6535 7482 5080
f 6535 7483 7482
f 7482 7483 5620
f 6535 5363 7483
f 9078 7484 5269
f 6044 9247 8127
f 8492 7485 6082
f 9222 7459 5781
f 7298 7486 5815
f 5235 6208 7486
f 7072 7487 5622
f 7152 5481 7487
f 8732 7488 4994
f 5936 8137 7488
f 6686 7489 5154
f 6686 5742 7489
f 7428 7490 5090
f 5874 6464 7490
f 5531 7491 6219
f 6605 8275 7491
f 6195 7492 5071
f 6195 5544 7492
f 6143 7493 5074
f 6143 7936 7493
f 8739 7494 5596
f 6188 5044 7494
f 7988 7495 5739
f 6023 7509 7495
f 4970 7496 7184
f 4970 4971 7496
f 8358 7497 5617
f 7240 5202 7497
f 8357 7498 5366
f 8357 8358 7498
f 8486 7499 5940
f 6673 5106 7499
f 5538 7500 6397
f 6231 5025 7500
f 5572 8498 7214
f 5942 6623 8427
f 9257 7759 7502
f 7503 5678 7626
f 5653 7503 7502
f 7686 5863 7756
f 5297 7504 6236
f 5297 8183 9132
f 8374 7505 5998
f 7367 5275 7505
f 5309 7506 6284
f 5309 6283 8885
f 9479 7507 6106
f 6027 8954 7507
f 7420 7508 7164
f 8653 7012 5638
f 9228 7509 6023
f 235 234 7509
f 9516 7510 6199
f 6176 8187 7510
f 4930 7511 4929
f 6350 5415 8175
f 8245 7512 5609
f 6049 7801 7512
f 7269 7514 6041
f 5602 7034 7513
f 5602 7514 6809
f 7513 6041 7514
f 7918 7515 5637
f 6228 5290 7515
f 6995 7516 5766
f 5152 7803 7516
f 6685 7517 5046
f 5795 6721 7517
f 9092 7518 6088
f 9303 5768 6817
f 5132 7519 7301
f 8123 6194 7652
f 6917 7520 5541
f 6917 5133 7520
f 7357 7521 5172
f 5828 6837 8931
f 6714 7522 5894
f 5427 7887 7522
f 6083 8900 6824
f 5260 6123 7523
f 6122 7524 5487
f 6122 7438 7524
f 9475 7525 5604
f 6151 7233 7525
f 8092 7526 5604
f 6082 7485 7526
f 8096 7527 5080
f 6281 9231 7527
f 9418 7528 6085
f 6855 5183 7528
f 7018 7529 6071
f 5777 8002 7529
f 7575 8002 5239
f 5777 7401 7530
f 9134 7531 5646
f 6337 5191 7531
f 8249 7532 5087
f 5646 9572 7532
f 336 7533 334
f 6227 7890 7772
f 7113 7762 6232
f 5200 8883 7534
f 7534 7535 6232
f 5704 7435 8942
f 7962 9504 5716
f 5470 6233 7536
f 6907 7537 5866
f 5438 6646 7537
f 7651 7538 5877
f 5176 6910 7538
f 8290 7539 5922
f 5895 7383 8864
f 6937 7540 5633
f 5744 6792 7540
f 5157 7541 6497
f 5157 6486 8377
f 7553 7542 5595
f 6202 5285 7542
f 5595 7543 6310
f 5595 6201 7543
f 5050 7544 6943
f 5050 8490 7544
f 5735 8048 7219
f 5154 6325 7545
f 7548 7546 5273
f 5601 7549 7546
f 6325 7547 5601
f 5154 7489 9537
f 6325 7548 5600
f 6325 7546 7548
f 6182 7549 5601
f 6182 5070 7549
f 5340 8368 6391
f 6565 5473 7550
f 5909 7551 7161
f 8126 7613 5710
f 5909 7552 7551
f 5710 6642 7552
f 8671 7553 6434
f 6202 7542 7553
f 7626 9127 5147
f 6909 5655 7554
f 6482 7555 5761
f 6678 5041 7555
f 9384 7556 5440
f 9385 5245 9276
f 7558 7557 6040
f 5616 8726 7557
f 7557 7558 5616
f 5097 9208 7558
f 9269 9235 7559
f 5613 7720 7559
f 7559 9235 5613
f 6114 8665 7560
f 6254 7561 5613
f 6254 7286 7561
f 7411 7562 5955
f 215 213 7562
f 7928 7563 5691
f 5133 6371 7563
f 7981 9172 5774
f 6480 5185 7564
f 6662 7565 5394
f 5689 7566 8523
f 6233 7566 5689
f 5029 6615 7566
f 8123 7567 6194
f 6306 5578 7567
f 7433 7569 5236
f 5769 7809 9367
f 7721 7569 5896
f 7568 5236 7569
f 9006 7570 5414
f 5660 6533 7977
f 6959 7571 5630
f 5178 6844 7571
f 9517 7572 5630
f 6638 7189 7572
f 7574 7573 5883
f 5730 6347 7573
f 7847 7574 5883
f 9056 6793 5730
f 8002 7575 5778
f 9559 6432 7604
f 5253 7576 7375
f 5253 7620 8690
f 9352 7577 5059
f 6119 9350 7577
f 7373 9420 5269
f 5688 8767 7578
f 6966 7579 6069
f 5196 8158 7579
f 7063 7580 5747
f 5015 6368 7580
f 6180 7581 5492
f 8742 5058 6500
f 198 7582 200
f 198 6628 7582
f 6840 7583 5718
f 5841 8963 7583
f 6277 7584 5623
f 8405 6402 5104
f 7642 7585 6346
f 5221 7776 7585
f 8057 7586 6304
f 5623 6305 7586
f 9564 7587 6204
f 6618 5471 7587
f 6962 7588 5181
f 6962 5599 7588
f 5368 7589 6351
f 5368 6558 7589
f 9126 7590 5619
f 5143 6324 7590
f 5619 7591 7089
f 5619 6954 7591
f 8766 7592 5762
f 5346 7456 7592
f 7780 7593 5255
f 6068 8965 7593
f 9577 8485 5095
f 5973 8391 7594
f 5608 7595 6250
f 6313 5323 7595
f 7597 7596 5609
f 6518 5040 7596
f 7596 7597 6518
f 5609 6585 7597
f 5035 7598 6566
f 5035 7261 7598
f 9033 7599 5335
f 6255 5510 7599
f 202 7673 204
f 5683 6507 7600
f 5589 7601 6215
f 6165 8528 7601
f 9563 7602 9578
f 5328 6374 7602
f 7282 7603 5832
f 7282 6163 7603
f 6279 7604 5402
f 6279 7575 7604
f 7081 7605 5808
f 4949 6237 7605
f 5320 7606 6303
f 8409 6735 8991
f 7315 7607 5742
f 7315 5477 7607
f 7387 7608 5943
f 4952 9550 7608
f 5039 7609 6270
f 6247 8336 7609
f 6744 7610 5706
f 8575 6791 5809
f 4974 7611 4973
f 6744 5706 7611
f 7610 8192 5706
f 5255 8999 7612
f 7309 7613 5060
f 6150 7992 7613
f 9443 7614 5633
f 4941 4942 7614
f 7148 7615 5633
f 5514 7150 7615
f 7617 7616 6512
f 5667 6511 7616
f 7616 7617 5667
f 6512 5062 7617
f 5832 7618 6384
f 5832 7603 9200
f 6298 7619 5853
f 6666 7963 7619
f 7062 7620 5253
f 9158 6607 8113
f 7294 7621 222
f 5908 8470 9055
f 9293 7622 5676
f 5419 6741 7622
f 8108 7623 5018
f 7622 5806 7623
f 9265 7624 6335
f 5712 6964 9165
f 6286 7625 5158
f 5712 7624 9265
f 7473 8908 5678
f 5654 9127 7626
f 9427 7627 6089
f 5027 6388 7627
f 8238 7628 5627
f 6091 8824 7628
f 8135 7629 6342
f 5081 7415 7629
f 8238 7630 8237
f 5627 9061 7630
f 9573 7631 6095
f 9292 6541 7120
f 6725 7632 5053
f 8799 5466 6890
f 8041 7633 6195
f 6224 5544 7633
f 7923 7634 5681
f 5976 7682 7634
f 9459 7635 6234
f 301 300 7635
f 298 7636 300
f 7931 6354 5624
f 7009 8017 5157
f 5642 7816 7637
f 9354 7638 208
f 9399 438 4
f 7019 9171 5722
f 279 278 8673
f 9241 7640 6350
f 5648 6467 7640
f 6674 7641 5621
f 237 235 7641
f 5813 7642 6346
f 5813 6729 8112
f 6636 7643 6015
f 6636 5456 7643
f 8687 7644 5899
f 6930 5214 7644
f 5290 7645 6164
f 5290 6489 7645
f 6282 7646 5692
f 6282 6453 7646
f 7781 8840 5222
f 5700 7030 7647
f 6516 7648 5088
f 9137 5355 7649
f 7597 7649 5355
f 6585 5625 7649
f 6292 7650 5308
f 5625 6795 7650
f 7538 7651 5176
f 5877 6272 7651
f 8088 9277 6194
f 6172 8243 7652
f 9404 7653 6814
f 5014 6951 7653
f 5785 7654 7241
f 8641 6716 5198
f 8456 9383 5252
f 6288 7329 7655
f 5535 7656 6166
f 5535 6367 7656
f 7798 7657 5662
f 7257 5591 7657
f 7591 7658 5039
f 6954 5695 7658
f 9058 8311 7659
f 5812 6521 7659
f 9530 8180 7660
f 6109 8085 7660
f 7530 7661 5239
f 6090 7265 7661
f 7787 7662 5069
f 6260 9059 7662
f 7662 9059 5665
f 6850 5495 7663
f 6799 7664 5435
f 5961 6465 7664
f 6651 9491 5433
f 5924 8013 7665
f 6528 7666 5156
f 6528 5472 8347
f 7818 8808 5672
f 7666 5846 7667
f 7599 7668 6126
f 5510 6361 7668
f 7168 9435 5835
f 148 146 9358
f 6775 7670 5929
f 5087 7532 7670
f 9013 7671 5344
f 6483 9457 7671
f 5534 7672 6479
f 6095 7631 7672
f 204 7673 7600
f 202 6738 7673
f 7050 9445 5915
f 4927 4928 7674
f 8382 7675 6100
f 5075 7699 9316
f 5616 7676 6503
f 6258 5368 7676
f 7550 7677 6391
f 7550 5473 7677
f 6239 7678 5628
f 5301 7478 7678
f 6968 7679 5628
f 6968 8776 7679
f 8752 7680 5972
f 5512 6437 7680
f 7541 9307 5852
f 9346 8587 6892
f 8937 7682 5976
f 8937 7979 7682
f 6304 7683 5631
f 5320 6303 7683
f 6859 7684 5469
f 6203 5958 7684
f 5736 7685 7322
f 5736 7029 7685
f 5653 7686 7503
f 8530 5005 7741
f 5653 7687 7686
f 5653 6316 7687
f 9286 7688 6121
f 9000 5078 6688
f 7920 7689 5170
f 7688 5759 7689
f 6440 7690 5641
f 5341 6441 7690
f 9281 9552 6147
f 5155 9160 7691
f 7101 7692 5997
f 5641 7690 9015
f 9229 7693 6187
f 6808 5499 9042
f 7723 9125 5644
f 5211 7332 7694
f 6294 7695 5564
f 6294 5268 7695
f 9274 7696 6087
f 7241 5784 7696
f 5643 7697 7688
f 5643 6214 7697
f 6459 7698 5153
f 6459 7886 7698
f 6931 7699 7149
f 5708 8690 9316
f 6509 7700 5405
f 5634 8039 7700
f 6817 7701 5634
f 5298 7889 7701
f 5129 7702 6473
f 7290 6408 7702
f 7704 7703 6113
f 5636 8137 9304
f 6404 7704 5116
f 5636 7703 7704
f 6404 7705 5636
f 5350 9178 7705
f 9210 7706 5951
f 8396 400 402
f 5561 7707 7244
f 6379 7073 7707
f 9286 7708 5643
f 5246 7269 7708
f 6370 9230 5403
f 6600 5139 7709
f 8170 7710 5324
f 6079 9134 7710
f 6282 7711 5115
f 6282 5692 7711
f 8350 7712 5109
f 6081 9373 7712
f 5195 8543 7370
f 5824 6996 7713
f 7047 7714 6123
f 5121 6360 7714
f 6969 7715 5008
f 6969 7266 7715
f 5614 7716 6129
f 7048 266 7716
f 5156 7717 6528
f 6313 5608 7717
f 6518 7718 5861
f 5355 6517 7718
f 7137 7719 5051
f 5687 7082 7719
f 7559 7720 6115
f 5613 7561 7720
f 7896 7897 5896
f 7903 6021 7738
f 7694 7722 5644
f 6345 5164 7722
f 7090 7723 5594
f 9125 7694 5644
f 8433 7724 5317
f 7675 5904 7724
f 8875 7725 5216
f 7726 5398 6582
f 5931 7726 7725
f 5931 6583 7726
f 8802 7727 6354
f 5142 8926 7727
f 8376 7728 5617
f 6694 5002 7728
f 5585 7729 7076
f 5585 7096 8399
f 5645 7730 7003
f 9551 6405 5007
f 8659 7731 6299
f 8699 371 373
f 5594 7732 6348
f 5594 7723 7732
f 8890 7733 5740
f 213 211 7733
f 6894 7734 5830
f 5453 6895 9011
f 5165 7735 6572
f 5165 7986 9192
f 7276 8525 5229
f 6312 5751 7736
f 5571 7737 6297
f 5571 6241 7737
f 7903 7738 5769
f 6021 8827 9341
f 9163 7739 5094
f 6043 9162 7739
f 6606 7740 5658
f 5071 9321 7740
f 8530 7741 6312
f 5005 6569 7741
f 9109 7742 6000
f 5746 6851 7742
f 8932 7743 8790
f 190 187 7743
f 8096 9508 5737
f 6146 9507 7744
f 5681 7745 7638
f 5681 7634 7745
f 7015 7746 5670
f 8098 6094 7004
f 8660 7747 6010
f 5064 6859 7747
f 6945 7748 5671
f 5161 7305 7748
f 8436 7749 6882
f 5671 7376 7749
f 7059 7750 5014
f 7059 5679 7750
f 6512 8281 5949
f 6510 8734 7751
f 5854 7752 7394
f 5854 8398 7752
f 6427 7753 6624
f 6427 5592 7753
f 6358 7754 5013
f 6358 5554 7754
f 194 7755 195
f 7096 5585 7755
f 8122 8905 5863
f 7473 5678 7756
f 9268 7757 6372
f 6373 8953 7757
f 8837 7758 5353
f 6221 5937 7758
f 6316 7759 5297
f 6316 5653 7759
f 7339 7760 6160
f 5150 9387 7760
f 6920 7761 5661
f 5068 7174 7761
f 6971 7762 5702
f 6971 5200 7762
f 8668 7763 5437
f 5981 7803 7763
f 7763 7764 6679
f 5657 6612 7764
f 8383 7765 5925
f 355 358 7765
f 8424 7766 5329
f 5652 7767 7766
f 7766 7767 6383
f 5652 6262 7767
f 6683 7768 5754
f 9519 6262 5652
f 5042 8066 6319
f 5754 7768 7769
f 8692 9209 6727
f 6751 6226 7770
f 6527 7771 4981
f 5796 6736 7771
f 6227 7772 7533
f 5525 7254 7772
f 5280 7773 6541
f 6177 9193 7773
f 6411 7774 5023
f 5684 7776 7774
f 5684 7775 6402
f 5684 6411 7775
f 8631 7776 5221
f 5684 6277 7776
f 7105 7777 5070
f 5947 6878 7777
f 8172 8246 5024
f 6070 7901 7778
f 7918 7779 6228
f 5088 6485 7779
f 7612 7780 5255
f 5809 8339 7780
f 7170 7781 5222
f 7170 5516 9010
f 8488 7782 5094
f 6460 9106 7782
f 7289 8882 5866
f 5525 6787 7783
f 5063 7784 6506
f 5063 9313 7784
f 7787 7785 6260
f 5663 6259 7785
f 7991 7786 5663
f 6386 8026 7786
f 6205 7787 5069
f 5663 7785 7787
f 7088 7788 5693
f 7088 5066 7788
f 174 7789 6552
f 174 172 7789
f 8247 7790 5906
f 5242 6765 7790
f 6424 7791 163
f 6424 8946 7791
f 7117 8371 5208
f 8021 6371 5675
f 6153 7802 5868
f 5277 7897 7793
f 7795 7794 5761
f 6309 9175 7794
f 6309 7795 5210
f 6309 7794 7795
f 5334 7796 7386
f 6181 8264 7796
f 7193 7797 5245
f 6056 6652 7797
f 8060 7798 6672
f 5145 7257 7798
f 8008 9102 5822
f 6275 8696 7799
f 8298 9154 5850
f 4928 4929 7800
f 5136 7801 6442
f 6049 7090 7801
f 7793 7802 5277
f 7793 5868 7802
f 7763 7803 5657
f 5981 7516 7803
f 7008 7804 5727
f 4923 4924 7804
f 8694 7805 6149
f 6339 9387 7805
f 9499 7806 6225
f 6616 5984 7806
f 8708 7807 5912
f 6445 5050 7807
f 8334 7808 5839
f 7217 5135 7808
f 9367 7809 5770
f 7738 5012 7809
f 6116 9206 7645
f 5002 8517 7810
f 9364 7811 5683
f 6364 5390 7811
f 9376 7812 5380
f 5694 7813 8759
f 7981 8759 5061
f 5694 8778 7813
f 5441 7814 6150
f 5987 9538 8772
f 8541 7815 5917
f 6243 6620 7815
f 6485 7816 5642
f 6485 5356 7816
f 7089 7817 5672
f 5039 6270 7817
f 8808 7818 6274
f 5672 6270 7818
f 5589 7819 6165
f 7230 310 7819
f 6397 7820 5261
f 5697 6117 7820
f 6397 7821 5697
f 6397 7500 7821
f 7419 7822 6145
f 5386 6578 7822
f 8808 7823 5156
f 5673 6313 7823
f 6313 7824 5323
f 5673 6791 7824
f 6956 7825 6094
f 5750 6649 7825
f 5674 8333 7246
f 5783 6592 7826
f 5266 7827 7283
f 5266 6908 7827
f 6414 7828 5197
f 6414 5385 8738
f 5333 7829 6290
f 5333 8425 7829
f 7255 7830 6134
f 5015 8899 7830
f 9242 7831 5278
f 6098 7200 7831
f 7060 7832 5856
f 5486 9404 7832
f 5422 7833 6712
f 5422 6711 8259
f 6742 7834 5149
f 6742 9293 7834
f 9135 7835 6435
f 6189 7422 7835
f 8227 7836 5831
f 6002 6807 7836
f 7138 7837 5017
f 6522 5715 7837
f 7839 7838 5715
f 6218 5160 7838
f 6522 7839 5715
f 5272 8989 7839
f 6588 7840 5693
f 5159 6873 7840
f 7088 7841 6078
f 5693 7840 9255
f 6589 7842 7788
f 5412 6588 7842
f 7229 7843 6065
f 5313 7856 7843
f 6950 7844 6027
f 6950 5181 7898
f 5253 7875 7062
f 5700 7647 8840
f 8539 7846 5013
f 5857 7062 7846
f 6365 7847 5883
f 6205 5069 7847
f 6812 7848 6635
f 5814 8986 9091
f 6722 7849 5374
f 6722 6223 9360
f 5768 7850 6817
f 5768 7849 9360
f 5345 7851 6446
f 5345 7362 7851
f 8064 7852 5731
f 5072 6789 8154
f 8291 7853 8039
f 4960 4961 7853
f 7006 7854 4916
f 5729 6758 7854
f 7791 7855 166
f 6186 8102 8988
f 5876 7856 7027
f 5313 7703 9304
f 7505 7857 5998
f 5275 6665 7857
f 6472 7858 5026
f 5805 7153 7858
f 5805 7859 6327
f 5805 6472 7859
f 9202 7860 5782
f 9300 8202 5880
f 7054 7861 5488
f 5999 7372 7861
f 6883 7862 5450
f 5913 7324 8850
f 7881 7863 6406
f 7025 7234 7863
f 7413 7864 6487
f 7413 5606 7864
f 8698 7865 6252
f 7028 6140 7865
f 6484 7866 5233
f 5743 6137 7866
f 7886 7867 6191
f 5349 6458 7867
f 7782 9106 6022
f 5346 6461 7868
f 6708 7869 4964
f 6708 5803 7869
f 9493 7870 6481
f 5354 8212 8471
f 7277 7871 6315
f 7277 5097 7871
f 5121 7872 6360
f 5121 8558 7872
f 6897 7873 6034
f 5431 6870 7873
f 8528 7874 6234
f 6165 9314 7874
f 7845 7875 5700
f 5253 7375 7875
f 6338 7876 5648
f 6338 7390 7876
f 5003 7877 6618
f 6050 7166 7877
f 7095 7878 5677
f 5074 7493 7878
f 6809 7879 5677
f 5246 7708 7879
f 8024 7880 6619
f 5210 7795 7880
f 5387 7881 6406
f 6326 9053 7881
f 8854 7882 6131
f 271 6849 7882
f 6289 7883 5096
f 5680 7038 7883
f 6601 7884 5642
f 6601 9402 7884
f 8888 7885 6066
f 5690 8190 7885
f 7698 7886 5679
f 6459 5349 7886
f 8912 7887 5427
f 6852 6280 7887
f 9512 7888 5451
f 7023 5052 7888
f 7701 7889 5988
f 5298 8572 7889
f 9526 7890 5421
f 6787 5525 7890
f 5189 7891 7224
f 5189 7045 8120
f 6743 7892 5444
f 5823 8379 7892
f 5478 7893 6923
f 6399 5366 7893
f 6753 9311 5215
f 7734 5930 7894
f 8309 7895 5824
f 289 287 7895
f 8450 7896 5068
f 6020 7793 7897
f 7721 7897 5277
f 7721 5896 7897
f 7844 7898 5843
f 7844 6950 7898
f 7099 7899 6466
f 5064 7747 8660
f 7696 7900 6087
f 5784 6644 7900
f 5789 7901 7367
f 5789 7778 7901
f 8760 7902 6355
f 6251 7157 7902
f 5277 7903 7721
f 5277 7802 8858
f 6411 7904 5351
f 5686 7467 8974
f 5023 7905 6411
f 9248 6044 7973
f 7885 7906 5690
f 5170 6611 7906
f 6396 9205 5711
f 4946 4947 7907
f 7490 7908 5090
f 8176 5489 7045
f 6909 7909 5655
f 6909 5270 7909
f 7404 8713 5201
f 7278 5884 7910
f 8920 7911 5725
f 5030 6581 7911
f 6820 7912 6212
f 6820 6589 7912
f 6700 7913 5734
f 5171 7033 7913
f 8956 9348 5788
f 5734 7007 8229
f 6776 7915 5452
f 6003 8569 7915
f 8820 7916 6419
f 135 6939 7916
f 5126 7917 6128
f 6481 5505 7917
f 6516 7918 5637
f 6516 5088 7918
f 9040 9100 6064
f 5350 8819 7919
f 5677 7920 7094
f 5677 7879 7920
f 7784 7921 6506
f 5669 9583 7921
f 6567 7922 5262
f 6567 5569 7922
f 7634 7923 5976
f 7452 5231 7923
f 9199 7924 322
f 7733 211 7924
f 9260 9539 6026
f 5257 6848 7925
f 5513 7926 6906
f 5513 7107 8159
f 143 7927 146
f 6343 8824 7927
f 8437 7928 5299
f 6267 7563 7928
f 7289 7929 5247
f 6046 8059 7929
f 6122 7930 7438
f 6122 7102 9327
f 6296 7931 7636
f 6296 5369 7931
f 7988 7932 5241
f 5888 7343 7932
f 7029 7933 5573
f 5736 6271 7933
f 7055 7934 5281
f 7055 6977 7934
f 9130 7935 6014
f 6389 5377 7935
f 7493 7936 5602
f 6143 8823 7936
f 8591 7937 5291
f 6502 5507 7937
f 6965 7938 5855
f 6998 5471 7938
f 7349 7939 5698
f 6916 5209 7939
f 6352 7940 5597
f 6352 5035 7940
f 8195 7941 6608
f 5303 7216 8842
f 8891 7942 5224
f 8891 8890 7942
f 7030 7943 5699
f 7030 5057 7943
f 8556 7944 5243
f 5709 7945 7944
f 8592 7945 5001
f 5709 7946 7945
f 6703 7946 5709
f 5426 6702 7946
f 8792 9089 5845
f 141 139 7947
f 7832 7948 5856
f 5254 8711 7948
f 6419 7949 5845
f 7404 5201 7949
f 6788 7950 5682
f 6788 5423 7950
f 5807 7951 7520
f 9452 6925 5541
f 8945 7952 5402
f 6353 8494 8975
f 7151 9081 5348
f 6885 6290 7953
f 8473 7954 5891
f 5271 7529 8330
f 7046 7955 5820
f 5019 7250 7955
f 7957 8779 5763
f 5265 8076 7956
f 9070 7957 5167
f 8779 7956 5763
f 5763 7958 6449
f 5763 7956 7958
f 7222 7959 5580
f 7222 8444 7959
f 9375 7960 6944
f 6664 5607 7960
f 5160 7961 6689
f 5160 6218 7961
f 6965 7962 5105
f 9504 7536 5716
f 5711 7963 6666
f 5711 7907 8320
f 6391 7964 5728
f 5120 6720 8105
f 7696 9274 5284
f 7185 5728 7965
f 8403 7966 6307
f 4920 6883 7966
f 6392 7967 6777
f 6392 8368 7967
f 8223 7968 5797
f 5220 9511 7968
f 5654 7969 6909
f 6927 5802 9345
f 361 7970 7078
f 361 363 7970
f 9113 7971 6429
f 181 179 7971
f 6884 7972 5112
f 6409 5767 7972
f 9078 7973 6044
f 6428 5686 7973
f 9388 7974 7010
f 5717 6520 7974
f 7925 9539 5257
f 9388 7010 6101
f 8211 7976 5034
f 5717 9260 7976
f 5660 7977 7570
f 6533 5130 7977
f 6494 7978 5705
f 5352 7338 7978
f 431 7979 430
f 431 7682 7979
f 6981 9549 5834
f 249 6675 7980
f 7126 7981 5061
f 5978 9172 7981
f 5511 7982 6802
f 5972 7680 7982
f 7296 7983 6167
f 5738 6922 7983
f 5343 8167 6220
f 5764 6471 7984
f 8092 7985 6082
f 7750 6191 7985
f 9192 7986 6539
f 5165 8140 7986
f 8386 7987 6140
f 5581 6863 7987
f 7495 7988 6023
f 5739 8577 7988
f 6811 7989 230
f 5739 7495 7989
f 406 7990 404
f 6283 5951 7990
f 6205 7991 5663
f 6205 9589 7991
f 7613 7992 5710
f 6150 7814 7992
f 8179 7993 6268
f 5810 8005 7993
f 6898 7994 5232
f 5970 7279 7994
f 7115 7995 5786
f 5367 6311 7995
f 8902 7996 5953
f 7013 5560 7996
f 9389 7997 5054
f 6746 5578 7997
f 9481 8903 6475
f 5953 7143 7998
f 9584 7999 6211
f 5425 8697 7999
f 6387 8000 5086
f 5748 9273 8417
f 6347 8001 5411
f 6347 5207 8727
f 7530 8002 5777
f 7530 5239 8002
f 9031 8003 6485
f 6344 5356 8003
f 6736 8004 5472
f 5796 6912 8621
f 9312 8005 5810
f 345 348 8005
f 5567 8006 7432
f 5567 7075 8006
f 8327 8007 5822
f 5872 8289 8007
f 9102 8008 5043
f 8007 5723 8008
f 7271 8009 5148
f 5756 8074 8009
f 6507 8010 7452
f 5683 7811 8010
f 7110 8011 5867
f 5543 7109 8011
f 5021 8012 6801
f 5021 8040 8012
f 6834 8013 5203
f 5882 7665 8013
f 5618 8014 7210
f 5618 7184 8014
f 5472 8015 6736
f 5472 6528 9342
f 8251 8016 5786
f 6560 8458 8016
f 5157 8017 7637
f 7009 5524 8017
f 6334 8018 5158
f 8019 5480 6901
f 5720 8019 8018
f 5720 6902 8019
f 6334 8020 5720
f 6334 9266 8020
f 5691 8021 7792
f 5691 7563 8021
f 7174 8022 6161
f 6621 8933 8022
f 7173 8023 6375
f 7173 5326 8023
f 7118 8443 9536
f 5941 8749 8024
f 6385 8025 5337
f 6385 5723 8025
f 8025 8026 6386
f 5723 8007 8026
f 8028 8027 5760
f 5055 8194 8027
f 6952 8028 5760
f 5577 7352 8028
f 6701 8029 5210
f 5760 8866 8029
f 7287 8030 5725
f 6602 5163 8030
f 6285 8031 5752
f 6285 5166 8031
f 9165 8032 7624
f 5752 6994 9513
f 7427 8033 9234
f 5772 6798 8033
f 5366 8034 6401
f 5366 6400 8034
f 5002 8035 6400
f 9206 6116 8036
f 7559 8241 5259
f 5755 8035 8036
f 7288 8037 6714
f 5575 6682 8037
f 6549 8038 5362
f 5742 6686 8038
f 7700 8039 6136
f 5634 7701 8039
f 8682 8040 5021
f 6382 7386 8040
f 6217 8041 6828
f 5291 7633 8041
f 5696 8042 6914
f 8725 5952 6953
f 6402 8043 5104
f 6839 5522 8043
f 7264 8044 5250
f 8373 6307 8228
f 5312 8045 6721
f 8513 6874 5635
f 6951 8046 6045
f 7525 5274 8046
f 6551 8047 5735
f 5362 8038 8047
f 7219 8048 7545
f 5735 6686 8048
f 9153 8049 5171
f 5735 7219 8049
f 8441 8050 6316
f 5724 8051 8050
f 8050 8051 6569
f 5724 6667 8051
f 5787 8253 6599
f 5083 6574 8052
f 8441 8053 5724
f 6236 8544 8053
f 8051 8054 5373
f 6667 5726 8054
f 6759 8055 5194
f 5861 7718 8055
f 8069 8056 6329
f 5053 6866 8056
f 8666 8057 6304
f 6346 5623 8057
f 9525 8058 6351
f 5424 9280 8058
f 6646 8059 6046
f 5060 7613 8126
f 5771 8060 6672
f 5771 8061 8060
f 9251 8061 5478
f 6200 8060 8061
f 6792 8062 5364
f 6792 5744 8062
f 7133 8063 5204
f 5731 6778 8063
f 5503 8064 7133
f 5503 7132 8064
f 413 8065 411
f 6731 5534 8065
f 6319 8066 7769
f 5042 8229 8066
f 8448 8067 6525
f 6524 8363 8067
f 6576 8068 7188
f 5443 9320 8068
f 6725 8069 5811
f 5053 8056 8069
f 5811 8070 7188
f 5811 7203 8070
f 8275 8071 5289
f 7790 5990 8071
f 8364 8072 7227
f 5647 8520 8072
f 7271 8073 8009
f 5548 7147 8073
f 8009 8074 6417
f 9578 6124 9579
f 6004 8980 6705
f 5233 9020 8075
f 6987 8076 5581
f 6132 7956 8076
f 6780 8077 5788
f 5190 8957 8077
f 8325 8078 6724
f 5127 8939 8078
f 6496 8079 5757
f 6496 8132 8079
f 8215 8080 6592
f 5339 6724 8080
f 9000 8081 5759
f 6688 8288 8081
f 8620 8082 6377
f 6040 6961 8082
f 5690 8083 6472
f 6611 5318 8083
f 5733 8084 6740
f 5733 8093 8084
f 9355 8647 8085
f 5903 6417 9456
f 8851 8086 6476
f 6414 8582 8086
f 8523 8087 6421
f 5741 8604 8087
f 5959 8914 6746
f 5305 9277 8088
f 7743 8089 6104
f 187 186 8089
f 5405 8870 6357
f 6136 7853 8090
f 256 9492 6523
f 6981 5502 8091
f 7985 8092 5014
f 6082 7526 8092
f 6677 8093 5733
f 5162 8769 8093
f 8385 8094 6206
f 6680 9396 8094
f 5588 8095 6476
f 5588 7430 8970
f 8097 8096 5737
f 6281 7527 8096
f 7140 8097 5737
f 5504 9450 8915
f 5187 8098 7746
f 5187 8100 8098
f 8236 8099 6263
f 5067 6837 8099
f 7472 8100 5187
f 5816 6956 8100
f 8100 8101 5816
f 5685 7451 8101
f 9250 8102 6186
f 6559 7307 8102
f 8914 8913 8103
f 5892 8271 8103
f 5711 8104 6396
f 6666 5364 8104
f 7964 8105 6655
f 7964 5120 8105
f 7139 8106 6144
f 7140 5307 8106
f 5233 9085 6484
f 5565 7086 8107
f 9439 8108 5018
f 7016 5676 8108
f 7605 8109 5808
f 6237 5381 8109
f 5539 8110 7136
f 7131 119 8110
f 9083 8111 5292
f 8821 7238 5767
f 8631 8112 6000
f 7642 5813 8112
f 5554 8113 6607
f 6105 9405 8113
f 5507 8114 6166
f 6222 7117 8114
f 8451 8115 5920
f 6542 5258 8115
f 7128 8116 5802
f 5374 6530 8116
f 9092 8117 5802
f 6088 9189 8117
f 5077 8118 6640
f 6438 5721 8118
f 8846 8119 5374
f 7373 6043 8119
f 5489 8120 7045
f 7046 5820 8120
f 7218 8121 6034
f 7218 7160 8121
f 7280 8905 6120
f 5863 8530 8122
f 7567 8123 5132
f 7652 5818 8123
f 5491 8124 6355
f 6330 8512 8124
f 6840 9434 5841
f 6107 7005 8125
f 5909 8126 7552
f 5909 8059 8126
f 7484 8127 5626
f 7484 6044 8127
f 8584 8128 7390
f 4934 4935 8128
f 8130 8129 6314
f 5747 7580 8129
f 6272 8130 7651
f 5747 8129 8130
f 8978 8131 6596
f 5086 6590 8131
f 5551 8132 6496
f 6177 7773 8132
f 6877 8133 5779
f 5182 7218 8133
f 6875 8134 5006
f 6875 8640 8134
f 7629 8135 5081
f 7186 6238 8135
f 6617 8136 5461
f 6617 8975 9330
f 7705 8137 5636
f 6111 7488 8137
f 6574 8138 5373
f 6574 8145 8138
f 6563 8139 5371
f 6563 8142 8139
f 7986 8140 6956
f 5165 6661 8140
f 8977 8141 6137
f 5031 6648 8141
f 5166 8142 6563
f 9167 8586 6005
f 8462 8143 5370
f 5750 6661 8143
f 6568 8144 5753
f 5370 8143 8144
f 6568 8145 5083
f 5753 8138 8145
f 8294 8146 6513
f 5900 6904 8581
f 5159 8147 7408
f 5159 6588 8147
f 6362 8148 6331
f 6362 9284 8148
f 7527 8149 5080
f 7527 6665 8149
f 6535 8150 5363
f 5827 7024 8150
f 6665 8151 5827
f 5275 7901 9571
f 5836 8152 6908
f 5836 6897 8152
f 5732 8153 7161
f 6477 5974 8197
f 7852 8154 6567
f 7852 5072 8154
f 6881 8155 5869
f 5089 6913 8155
f 5343 8156 6641
f 6450 8165 8156
f 5131 8157 6394
f 6986 8635 8157
f 7579 8158 6078
f 7026 5713 8158
f 5123 8159 7107
f 5123 6538 8159
f 9327 8160 6771
f 5260 7523 8900
f 4975 8161 6250
f 4976 7169 8161
f 8194 8162 6308
f 5766 7516 8162
f 9087 8163 5399
f 6995 5766 8163
f 8754 8164 5946
f 7425 5110 8164
f 8156 8165 5765
f 6450 5006 8165
f 6641 8166 5764
f 6641 8168 8166
f 6641 8167 5343
f 5764 7984 8167
f 5765 8168 6641
f 5765 6415 8168
f 8340 8169 6365
f 8415 6385 5337
f 8171 8170 6536
f 5776 8172 8170
f 8150 8171 5363
f 5776 8170 8171
f 8246 8172 5776
f 5024 7232 8172
f 9022 8173 5989
f 8071 5990 8173
f 5076 8174 7474
f 5076 9325 9544
f 7511 8175 5850
f 7511 6350 8175
f 5983 8176 7908
f 5983 7328 8176
f 247 8177 6675
f 6660 9183 8177
f 6537 8178 5103
f 6537 8911 8178
f 5188 9278 6521
f 5810 7993 8179
f 5521 8180 6910
f 5521 7141 8180
f 5733 8181 6663
f 6740 8209 8181
f 8978 8182 5086
f 5873 8184 8182
f 7759 9257 5297
f 6014 7935 8183
f 8183 8184 5873
f 5377 6387 8184
f 8775 8185 6525
f 5719 6582 8185
f 7826 8186 5065
f 6592 6178 8186
f 7510 8187 5073
f 7279 5970 8187
f 7026 8188 5713
f 7026 5550 8188
f 9509 8189 5378
f 8131 5791 8189
f 7885 8190 7381
f 5690 6472 8190
f 8819 8191 6848
f 6404 5116 8191
f 5706 8192 7612
f 7610 5809 8192
f 7993 8193 6268
f 352 6643 8193
f 8027 8194 6308
f 6726 5766 8194
f 7823 8195 5673
f 6274 5303 8195
f 8099 8196 6263
f 5828 7357 8196
f 7254 8197 5974
f 5247 8153 8197
f 6192 8198 6620
f 6192 8248 8198
f 5820 8199 6548
f 5820 6575 8199
f 7041 8200 5033
f 6001 9118 8200
f 8896 8201 6534
f 5382 6497 8201
f 8710 8202 6108
f 5212 9116 8202
f 7860 8203 5342
f 5880 8204 8203
f 8203 8204 6471
f 5880 6287 8204
f 8887 8205 5265
f 5907 6180 8205
f 8207 8206 6207
f 5907 7071 8206
f 8742 8207 5058
f 5907 8206 8207
f 5765 9036 6415
f 6133 5264 8208
f 7860 8804 5782
f 6449 7958 8209
f 5222 8210 6843
f 7349 5698 8210
f 8212 8211 5775
f 6520 7976 8211
f 8211 8212 6520
f 5775 6480 8212
f 6719 8213 5775
f 6719 8634 8213
f 9243 8214 5235
f 6425 8670 8215
f 6425 8215 8214
f 5339 8080 8215
f 6598 9028 5821
f 6231 8741 8216
f 6461 8217 4956
f 6461 6462 8217
f 5307 8218 6696
f 6214 5643 8218
f 7246 8219 5814
f 5065 9574 8219
f 6681 8220 5780
f 8385 6206 8714
f 5062 8222 7617
f 5797 6321 8221
f 6422 8222 5062
f 6422 8223 8222
f 5394 8223 6422
f 5394 6421 8223
f 8847 8224 6042
f 7577 5688 8224
f 8966 8473 5891
f 5891 6640 8225
f 5707 8226 6756
f 8687 5899 7049
f 7836 8227 6002
f 5831 8228 8227
f 9050 8228 6307
f 5450 6884 8228
f 7914 8229 5042
f 7914 5734 8229
f 5631 8230 6304
f 6580 5048 8230
f 7535 8231 5217
f 8942 7435 5920
f 5826 8232 6547
f 5826 7215 8232
f 8234 8233 5826
f 6335 7624 8233
f 6336 8234 5826
f 5316 9266 8234
f 5605 9222 7485
f 5781 6263 8235
f 6532 8236 5781
f 6532 9451 8236
f 7168 8237 6249
f 5835 8238 8237
f 7630 8238 5627
f 5835 7669 8238
f 7179 8239 5838
f 5309 6668 8239
f 7765 8240 5925
f 6139 9429 8240
f 8789 8241 6115
f 5755 8036 8241
f 7080 8242 5865
f 5336 7344 8242
f 7224 8243 5189
f 7224 8753 8243
f 5287 8244 7007
f 8823 6143 6683
f 7596 8245 5609
f 5894 7444 8245
f 7024 8246 5776
f 6070 7778 8246
f 7063 8247 5906
f 6272 8472 8247
f 9044 8248 6192
f 5324 6709 8248
f 6709 8249 5864
f 6709 7532 8249
f 8569 8250 6261
f 5330 6620 8250
f 8016 8251 6560
f 5786 7995 8251
f 8372 8252 5392
f 5787 8254 8252
f 6610 8253 5787
f 5083 8052 8253
f 8252 8254 6632
f 5787 6595 8254
f 8256 8255 5934
f 5916 7463 8255
f 8067 8448 5934
f 5091 8296 8256
f 5406 8257 6692
f 5406 6671 8257
f 8795 8258 6982
f 5405 6357 8258
f 6508 8259 5482
f 7833 5422 8259
f 8638 8260 6287
f 8541 6243 7815
f 6287 8261 5079
f 8260 5917 8261
f 6942 8262 5795
f 6942 5173 8262
f 9097 8263 6961
f 9357 6093 9356
f 7038 8264 6181
f 5410 6961 8264
f 8266 8265 5793
f 6455 5511 8265
f 8265 8266 6455
f 5793 6928 8266
f 6590 8267 5791
f 5376 9214 8267
f 5791 8268 6653
f 5791 8267 8268
f 5543 9223 7078
f 6139 7765 8269
f 5340 8270 6990
f 6391 5728 8270
f 8103 8271 6463
f 5892 6845 8271
f 7378 8272 5842
f 7378 5632 8272
f 7143 8273 5206
f 7143 5560 8274
f 8273 8274 5874
f 5560 6464 8274
f 5906 8275 6605
f 5906 8071 8275
f 6513 8276 7343
f 6513 9384 8276
f 5392 8277 6633
f 5392 6632 8277
f 8279 8278 5794
f 6561 5016 8278
f 8301 8279 5794
f 6562 5365 8279
f 5705 8280 6800
f 7978 7338 8280
f 5949 8281 7751
f 6512 5361 8281
f 7321 8282 6173
f 5547 9299 8282
f 7709 8283 5963
f 5139 6886 8283
f 9182 8284 6013
f 6888 5168 8284
f 8340 8285 5203
f 6365 5883 8285
f 329 8286 328
f 6477 5732 8286
f 6742 8287 5801
f 5149 6327 8287
f 8081 8288 5318
f 6688 5801 8288
f 5169 8289 6739
f 5169 8026 8289
f 7462 8290 5922
f 7204 5895 8290
f 7853 8291 4960
f 5988 7263 8291
f 9001 8292 6073
f 6210 5295 8292
f 5900 8293 6854
f 5900 6853 8293
f 8146 8294 5900
f 6513 5108 8294
f 7186 8295 6238
f 7758 5937 8295
f 9112 8296 6841
f 5916 8256 8296
f 8298 8297 5227
f 5850 8175 8848
f 8928 8298 5227
f 5915 7674 9154
f 7898 8299 5843
f 7898 7066 8299
f 5167 8300 6451
f 7957 5763 8300
f 6632 8301 5794
f 6632 5175 8301
f 8304 8302 5799
f 6573 5370 8302
f 8319 8303 5798
f 6570 5180 8303
f 5180 8304 6634
f 5180 6573 8304
f 6571 8305 5372
f 5798 6656 8305
f 5799 8306 6610
f 5799 6568 8306
f 5800 8307 6656
f 5800 7070 8307
f 5038 8308 6894
f 5038 6784 8308
f 5444 8309 6743
f 5444 6457 8309
f 7188 8310 5812
f 8070 5188 8310
f 6576 8311 5101
f 5812 7659 8311
f 5008 8312 6969
f 6504 5385 8851
f 5334 8313 6381
f 5334 7386 8313
f 6807 8314 5250
f 5832 6384 8314
f 8011 8315 5867
f 6256 5092 8315
f 6264 8316 5186
f 5804 8731 8316
f 6706 8317 5804
f 158 155 8317
f 7749 8318 5112
f 7749 7376 8318
f 8303 8319 6570
f 7393 6198 9485
f 5711 8320 7963
f 7081 5808 8320
f 5586 8321 7123
f 6398 7165 8321
f 6443 8322 5992
f 6443 7176 8322
f 6125 8323 5266
f 6125 5836 8323
f 6301 8324 5314
f 6301 8325 8324
f 5840 8325 6724
f 5840 8324 8325
f 5840 8326 6426
f 5840 6724 8326
f 6658 8327 5822
f 5195 7370 8327
f 5807 8328 7325
f 5807 6491 8328
f 8239 8329 5309
f 7179 5951 8329
f 7356 8330 5778
f 7954 5271 8330
f 5356 8331 6486
f 5356 9105 8331
f 6176 8332 7279
f 5279 7179 8332
f 7247 8333 5674
f 7247 8214 8333
f 8842 8334 5839
f 5530 7217 8334
f 7808 8335 5839
f 6219 7491 8335
f 6852 8336 6247
f 5986 7217 8336
f 5032 8337 6663
f 5032 7958 8337
f 7913 8338 5734
f 6230 5287 8338
f 6791 8339 5809
f 5076 7474 8339
f 8285 8340 6365
f 8013 5924 8340
f 6684 8341 5910
f 6684 5404 8341
f 8990 8342 5272
f 6016 6786 8342
f 334 8343 331
f 334 7533 8343
f 8345 8344 5868
f 6921 5125 8344
f 5468 8345 7021
f 5468 6921 8345
f 8531 8346 5853
f 5057 7049 8346
f 6528 8347 7666
f 5472 6737 8347
f 8349 8348 5821
f 6315 8351 8348
f 8348 8349 6315
f 5821 7382 8349
f 7712 8350 6081
f 5109 6903 8350
f 8348 8351 5348
f 7871 6377 8351
f 9002 8352 6431
f 6073 8292 8352
f 6767 8353 6149
f 7021 5286 8353
f 9212 8354 5133
f 6491 5807 8354
f 5819 8355 6172
f 5819 7045 8355
f 5596 8356 7297
f 5596 7278 8356
f 8359 8357 6399
f 5829 8358 8357
f 7498 8358 5617
f 5829 7240 8358
f 9460 8359 5082
f 5829 8357 8359
f 7091 8360 5694
f 7091 5164 8360
f 5418 8361 6753
f 5418 6752 8361
f 7724 8362 5317
f 7724 5904 8362
f 6221 8363 5937
f 5379 8067 8363
f 8072 8364 5647
f 7227 5234 8364
f 5117 8365 7057
f 9233 6547 5825
f 6547 8366 5825
f 5322 6847 8366
f 7057 8367 5508
f 8365 5825 8367
f 7967 8368 5340
f 6565 7550 8368
f 6020 8369 6604
f 6020 6920 8369
f 7060 8370 5256
f 7060 5856 8370
f 5208 8371 7792
f 7117 6631 8371
f 6634 8372 5392
f 6634 8304 8372
f 5881 8373 8044
f 5881 8403 8373
f 8649 8374 5998
f 7777 5790 8374
f 8813 8375 5968
f 5533 7158 8375
f 7728 8376 6694
f 6540 8551 8376
f 5157 8377 7541
f 6486 5668 8377
f 6658 8378 5195
f 5823 7892 8378
f 6659 8379 5823
f 5111 6356 8379
f 8719 8380 5932
f 7646 5216 8380
f 6549 8381 7420
f 6549 5362 8381
f 8611 8382 6100
f 7543 5075 8382
f 7765 8383 355
f 5925 6643 8383
f 6693 8384 7288
f 6693 5408 8384
f 5409 8385 8220
f 5409 8094 8385
f 7028 9433 6140
f 5397 6987 8386
f 6932 8387 5862
f 5487 7524 8387
f 8032 9513 5000
f 6030 8546 8388
f 8232 8389 5322
f 7215 5939 8389
f 8546 8390 5939
f 5336 8628 8390
f 7210 8391 5973
f 5255 7593 8391
f 6196 8392 6793
f 6196 5404 8392
f 5393 8507 6378
f 5897 8508 9503
f 5395 8394 6658
f 5395 6659 8394
f 8885 8395 5905
f 6283 406 8395
f 6630 8396 7706
f 6630 5952 8396
f 7142 8397 5914
f 6039 9294 8397
f 6769 8398 5854
f 5639 7371 8398
f 7729 8399 6621
f 7096 5967 8399
f 5639 8400 7012
f 6769 7165 8400
f 7619 9505 5853
f 6935 5462 8401
f 5660 8402 6533
f 5660 6552 8402
f 8373 8403 6307
f 4918 4919 8403
f 5008 8404 7000
f 6583 5931 8404
f 6277 8405 7584
f 6277 6402 8405
f 6690 8406 5406
f 5833 8407 8406
f 6653 8407 5833
f 5179 8901 8407
f 6653 8408 5378
f 6653 5833 8408
f 6976 8409 7606
f 6976 5485 8409
f 7027 8410 5876
f 4997 6919 8410
f 6564 8411 7122
f 5116 9533 8411
f 6901 8412 5950
f 5480 6903 8412
f 6903 8413 8412
f 5109 7152 8413
f 6827 8414 6111
f 6827 4992 8414
f 5924 8415 8169
f 9491 6651 8415
f 5847 8416 7475
f 5847 6538 8416
f 8000 8417 6590
f 8000 5748 8417
f 8419 8418 5834
f 6980 5502 8418
f 6766 8419 5834
f 5213 6980 8419
f 5726 8420 6602
f 5726 6667 8420
f 6656 8421 5800
f 6656 5180 8421
f 6782 8422 5428
f 5849 9527 8422
f 8422 8423 5849
f 6782 5042 8423
f 6318 8424 5329
f 5849 8423 8424
f 9447 8425 5333
f 6293 7419 8425
f 6588 8426 5862
f 6588 5412 8426
f 7501 8427 423
f 7501 5942 8427
f 5703 8428 6332
f 5703 6859 8428
f 6255 8429 5510
f 9245 5219 8864
f 6835 8430 5273
f 6835 8915 9450
f 6918 8431 6646
f 6112 7309 8431
f 7359 8432 5657
f 7359 5656 8432
f 9405 8433 5317
f 6755 6100 8433
f 6555 8434 5855
f 6555 5196 8434
f 9083 8435 6028
f 7324 5727 8435
f 5449 8436 6882
f 6945 5671 8436
f 8440 8437 5878
f 6267 7928 8437
f 6707 8438 5878
f 6707 5041 8438
f 8354 9212 6491
f 5878 6490 8439
f 8439 8440 5878
f 8439 6491 8440
f 8050 8441 5724
f 6316 5297 8441
f 5007 8442 7003
f 7323 5564 8442
f 5001 8443 7118
f 6702 5941 8443
f 7959 8444 5183
f 7222 5806 8444
f 5424 8445 6531
f 5424 6699 8445
f 6531 8446 5120
f 5889 6720 8446
f 6204 8447 5889
f 6204 6997 8447
f 5091 8448 6525
f 8256 5934 8448
f 5666 8449 7594
f 6626 6955 8449
f 7761 8450 5068
f 6920 6020 8450
f 8115 8451 6542
f 7435 5017 8451
f 5377 8452 7085
f 6388 7141 8452
f 4944 8453 4943
f 7304 5744 8453
f 7611 8454 6744
f 4974 4975 8454
f 6237 9442 5381
f 5943 8456 8455
f 8455 8456 6529
f 9383 6288 7655
f 5123 8457 6538
f 6467 5648 8457
f 8016 8458 5365
f 6560 5771 8458
f 6045 8459 6814
f 6045 6423 8459
f 5371 8460 6570
f 5371 6648 8460
f 6648 8461 5851
f 5031 6649 8461
f 6573 8462 5370
f 5851 8461 8462
f 5225 8463 7108
f 5225 8916 8463
f 5748 8464 7245
f 9444 6387 7085
f 5341 8465 6441
f 5341 9049 8465
f 6661 8466 5753
f 6661 5165 8466
f 5198 9411 6687
f 9320 6725 8068
f 8772 8468 5248
f 6797 5908 8468
f 8421 8469 5800
f 6634 5392 8469
f 5430 8470 6797
f 5430 6822 8470
f 7870 8471 5978
f 7870 5354 8471
f 6626 8472 5877
f 6626 5242 8472
f 8225 8966 5891
f 6130 5271 8473
f 7023 8474 5052
f 7023 5510 8474
f 6154 8475 5865
f 6154 7436 8475
f 6749 8476 5865
f 6749 5084 8476
f 6942 8477 5404
f 6942 5795 8477
f 5781 8478 6532
f 7459 5238 8478
f 6864 8479 5879
f 5461 8136 8479
f 9329 8480 5879
f 5018 9457 8480
f 9012 8481 5879
f 9116 7471 8202
f 7119 8482 8089
f 5494 7064 8482
f 7145 8483 6616
f 5463 6986 8483
f 7061 8484 6253
f 6156 9195 8484
f 5095 8485 7594
f 6374 5973 8485
f 6754 8486 5940
f 5417 6673 8486
f 5574 8487 6473
f 6444 8645 8487
f 6818 8488 5094
f 6818 5582 8488
f 6413 8489 5622
f 6413 5359 8489
f 8491 8490 6004
f 6413 7544 8490
f 6413 8491 5359
f 6004 6705 8491
f 6191 8492 7985
f 5605 7485 8492
f 9111 8493 6747
f 5984 6986 8493
f 8496 8494 6353
f 5870 6245 8494
f 5870 8495 7180
f 5870 8496 8495
f 8494 8496 5870
f 6353 9372 8496
f 6515 8497 6454
f 6515 7438 8497
f 6983 8498 5572
f 5942 7501 8498
f 6623 8499 5456
f 5942 6635 8499
f 8501 8500 5858
f 6624 5063 8500
f 6624 8501 5390
f 6624 8500 8501
f 8631 8502 6047
f 6000 7742 8502
f 6045 8503 6423
f 8046 5274 8503
f 5559 8504 6210
f 5559 6454 8504
f 8679 8505 6603
f 5516 7199 8505
f 7150 8506 5923
f 5285 7084 8506
f 8393 8507 5897
f 8393 6378 8507
f 6340 8508 5897
f 5327 6376 8508
f 5466 8509 6418
f 5466 9510 8509
f 5522 8510 7137
f 6926 5687 8510
f 6759 8511 5861
f 6759 5408 8511
f 7203 8512 6330
f 7203 6329 8512
f 6173 8513 8045
f 6173 5139 8513
f 6759 8514 5860
f 5194 8516 8514
f 6974 8515 5860
f 6974 8950 8515
f 8514 8516 6695
f 5194 9131 8516
f 6164 8517 5859
f 5002 6694 8517
f 8516 8518 6695
f 5859 6694 8518
f 6518 8519 5040
f 5861 8511 8519
f 8316 8520 5186
f 6593 8072 8520
f 5590 8521 6749
f 5590 7345 8521
f 8661 8522 6418
f 5703 6786 8522
f 5689 8523 7565
f 7566 5741 8523
f 6683 8524 5315
f 7114 6019 8524
f 8122 8525 6120
f 8122 6312 8525
f 5611 8526 6819
f 8769 6349 8093
f 8396 8527 400
f 5952 7001 8527
f 8943 8528 6234
f 5383 7601 8528
f 6468 8529 6804
f 6468 6019 8529
f 8122 8530 6312
f 5863 7687 8530
f 8401 9585 5853
f 5960 7943 8531
f 7278 8532 5884
f 7494 5044 8532
f 8162 8533 5311
f 7516 5981 8533
f 7192 8534 5875
f 5526 7191 8534
f 9558 8535 5009
f 5875 8534 8535
f 9400 8536 6244
f 6211 7999 9184
f 6911 8537 6912
f 6911 7237 8537
f 5469 8538 6860
f 7684 5958 8538
f 7754 8539 5013
f 6607 9158 8539
f 5520 9180 6566
f 6012 7295 8540
f 5344 8541 8260
f 5344 7366 8541
f 6578 8542 5114
f 6806 6923 8542
f 5824 8543 6743
f 7713 7370 8543
f 5163 8544 7312
f 6236 7504 8544
f 5321 8545 6954
f 6323 9308 8545
f 8388 8546 5939
f 6030 7344 8546
f 6922 8547 6157
f 6437 5512 8547
f 9507 8548 6855
f 6146 7482 8548
f 9006 8549 6429
f 6369 5494 8549
f 6692 8550 5886
f 6692 5093 8550
f 8376 8551 5407
f 5886 6710 8551
f 8617 8552 5202
f 6691 5886 8552
f 6795 8553 5935
f 5136 6442 8553
f 7460 8554 5124
f 6028 6879 8554
f 6861 8555 6244
f 6861 6979 8555
f 7395 8556 5243
f 6306 5709 8556
f 6587 8557 5918
f 5412 6589 8557
f 6587 8558 5121
f 5918 8559 8558
f 8558 8559 6622
f 5918 6820 8559
f 6851 8560 5927
f 5089 9149 8560
f 7742 8561 5360
f 6851 5927 8561
f 5140 8562 6465
f 6381 8313 8562
f 6837 8563 5436
f 5871 8564 8563
f 6366 8564 5871
f 5199 6838 8564
f 9451 8565 5067
f 5871 8563 8565
f 6881 8566 5381
f 6881 5869 8566
f 8320 8567 7963
f 8320 5808 8567
f 6220 8568 5343
f 6220 8629 8568
f 8629 8569 6003
f 5330 8250 8569
f 7711 8570 6187
f 5692 7445 8570
f 4958 8924 4957
f 5893 6461 8571
f 8709 8572 5298
f 6022 7868 8572
f 4986 9449 4985
f 5921 9570 8573
f 5030 8574 6690
f 6597 8408 8574
f 5323 8575 7610
f 5323 7824 8575
f 8893 8576 6008
f 367 370 8576
f 7932 8577 5888
f 7932 7988 8577
f 6785 8578 5361
f 6785 5621 8578
f 8580 8579 6148
f 5304 7384 8579
f 7259 9229 6148
f 6187 8570 8580
f 5515 8581 6904
f 9386 6061 8146
f 8086 8582 5588
f 6414 7144 8582
f 6734 8583 7477
f 6159 7048 8583
f 6338 8584 7390
f 6338 9144 8584
f 6939 8585 5945
f 133 131 8585
f 6705 8586 6285
f 6705 6005 8586
f 6794 8587 5668
f 6794 5022 8587
f 6799 8588 5772
f 6799 5435 8588
f 6582 8589 6584
f 6582 5398 8589
f 7944 8590 5243
f 6031 8591 8590
f 6502 8591 6031
f 6502 7937 8591
f 7129 8592 5001
f 6031 7944 8592
f 7100 8593 5230
f 5957 9281 8593
f 8816 8594 5957
f 9389 6746 7997
f 5359 8595 6286
f 5359 6964 8595
f 5007 8596 7323
f 6735 5485 8596
f 5563 8597 7424
f 5563 6748 8597
f 9390 8598 5555
f 6586 5036 8598
f 6871 8599 5357
f 6871 8740 8599
f 5898 8600 6499
f 5898 7283 8600
f 5661 8601 6920
f 6339 8694 8601
f 8403 8602 4918
f 5881 7006 8602
f 5419 8603 6730
f 6742 5801 8603
f 6615 8604 5741
f 6615 8949 8604
f 5764 8605 6471
f 6451 8921 8605
f 5882 8606 6825
f 5882 8607 8606
f 6834 8607 5882
f 6834 5432 8607
f 5049 8608 7190
f 6960 5630 8608
f 5218 9107 6501
f 5996 6629 8609
f 7616 8610 5361
f 6511 6888 8610
f 6896 8611 5278
f 6310 8382 8611
f 5626 8612 7414
f 8127 5926 8612
f 6997 8613 5283
f 6997 8614 8613
f 5471 8614 6997
f 5471 6998 8614
f 8781 8615 6278
f 5949 7751 8615
f 5680 8616 6885
f 6289 9447 8616
f 6556 8617 5202
f 5887 8618 8617
f 6690 8618 5887
f 5406 6691 8618
f 6690 8619 5030
f 6690 5887 8619
f 7871 8620 6377
f 5097 7558 8620
f 8537 8621 6912
f 5143 6737 8621
f 5862 8622 8147
f 6637 5664 8622
f 5593 8623 6739
f 5593 7341 8623
f 5930 8624 6869
f 5930 9011 8624
f 6715 8625 5203
f 6715 8706 8625
f 5667 8626 6893
f 5667 8221 8626
f 7978 8627 5352
f 6494 7311 8627
f 8390 8628 6156
f 5336 7080 8628
f 5330 8629 7268
f 6003 8568 8629
f 5465 8630 6527
f 6912 5796 8630
f 7776 8631 6047
f 5221 8112 8631
f 5666 8632 6626
f 8965 6068 6765
f 9534 8633 6719
f 5331 6394 8633
f 8635 8634 5890
f 6985 5185 8634
f 6985 8635 5463
f 5890 8157 8635
f 7267 8636 6265
f 5620 7483 8636
f 7033 8637 5483
f 5993 7439 8637
f 7471 8638 6287
f 5982 9013 8638
f 5789 9336 7778
f 5966 7337 8639
f 8134 8640 5779
f 6875 5454 8640
f 5785 8641 7654
f 5785 8660 8641
f 5295 8642 7398
f 5295 6454 8642
f 5860 8643 6710
f 6695 8518 8643
f 5081 8644 6444
f 5081 6238 8644
f 8487 8645 5347
f 6444 8644 8645
f 7097 8646 5933
f 5223 7249 8996
f 6109 9355 8085
f 5027 7092 8647
f 6754 8648 5417
f 5903 7092 8648
f 7549 8649 6169
f 5070 7777 8649
f 8121 8650 6034
f 8121 5597 8650
f 8022 9473 6161
f 6160 7760 8651
f 8245 8652 5894
f 7596 5040 8652
f 6763 8653 7508
f 6763 5155 8653
f 9247 8654 5926
f 5023 6704 8654
f 5019 8655 7250
f 5019 6430 8655
f 6457 8656 7302
f 5444 6764 8656
f 8658 8657 5905
f 6941 5534 8657
f 408 8658 8395
f 409 6941 8658
f 7449 8659 6299
f 5338 8698 8659
f 7899 8660 5785
f 7899 5064 8660
f 8522 8661 5703
f 6418 8509 8661
f 7413 8662 6495
f 5400 7336 8662
f 6497 8663 5965
f 5382 7455 9238
f 7260 8664 6114
f 5524 7009 8664
f 7560 8665 5056
f 6114 8664 8665
f 8230 8666 6304
f 5048 8722 8666
f 5180 8667 6573
f 6570 8460 8667
f 6482 8668 5437
f 6482 7794 9057
f 7008 8669 4922
f 5913 6883 8669
f 7270 8670 6425
f 7270 6426 8670
f 5545 8671 6434
f 6416 7475 8671
f 6259 8672 5302
f 6054 7121 8672
f 6054 8673 7121
f 6054 7639 8673
f 7285 8674 6099
f 5553 9166 8674
f 7002 8675 5387
f 5902 8676 8675
f 8763 8676 5902
f 6487 7864 8676
f 8763 8677 9548
f 5902 7002 8677
f 5051 8678 7253
f 6038 8723 8678
f 5013 8679 6925
f 7198 5516 8679
f 5733 8680 6677
f 6663 5397 8680
f 5778 8681 7356
f 5778 7575 8681
f 5598 8682 6938
f 6382 8040 8682
f 7114 8683 6019
f 5074 7095 8683
f 8529 8684 5314
f 6019 8683 8684
f 5153 8685 6459
f 6420 5658 9322
f 5364 8686 6792
f 5364 6298 8686
f 5707 8687 8226
f 5707 7644 8687
f 5474 8688 6627
f 5474 6989 8688
f 7827 8689 6185
f 5954 6989 8689
f 5253 8690 7576
f 5904 7675 9316
f 5352 8691 6506
f 8627 7311 8691
f 5935 8692 6727
f 5935 8553 8692
f 7650 8693 5308
f 6795 5935 8693
f 7805 8694 6339
f 8353 5286 8694
f 6553 8695 262
f 6553 9310 8695
f 9469 8696 6275
f 6080 7480 8696
f 6017 8697 6718
f 6017 8698 8697
f 8659 8698 6017
f 5338 7865 8698
f 6017 8699 7731
f 6017 6718 9436
f 7226 8700 5347
f 5901 8655 8700
f 6732 8701 5006
f 6732 5928 8701
f 6774 8702 5928
f 6774 8797 8702
f 6772 8703 5928
f 9531 6869 5454
f 6889 8704 338
f 6889 6227 8704
f 9140 8705 7031
f 9264 6747 5583
f 5411 8706 6715
f 5411 6887 8706
f 7371 8707 5957
f 7371 5639 8707
f 6447 8708 5912
f 5345 6445 8708
f 7782 8709 6223
f 6022 8572 8709
f 9201 8710 6108
f 7374 5212 8710
f 7948 8711 5947
f 5254 9437 8711
f 8343 8712 331
f 6477 8286 8712
f 5714 9413 7404
f 6036 7910 8713
f 5539 8714 7131
f 5539 7305 8714
f 6944 8715 5912
f 5172 6447 8715
f 7740 8716 5071
f 9462 5496 6828
f 8273 8717 7192
f 5874 7428 8717
f 5021 8718 6670
f 5021 6801 8718
f 5692 8719 7445
f 5692 8380 8719
f 8719 8720 6188
f 5932 6905 8720
f 6078 8721 7088
f 6078 8158 8721
f 7347 8722 5048
f 7347 5813 8722
f 9128 8723 6038
f 5229 7451 8723
f 6953 8724 5279
f 6953 5952 8724
f 5696 8725 8042
f 5696 7001 8725
f 6503 8726 5616
f 6503 5118 9294
f 6891 8727 5207
f 5911 8001 8727
f 8874 8728 5022
f 6887 5911 8728
f 7113 8729 6865
f 6232 7535 8729
f 5506 8730 6957
f 6979 6498 8730
f 5610 8731 7211
f 6593 8316 8731
f 7488 8732 5936
f 4994 4995 8732
f 5854 8733 6769
f 5854 6831 8733
f 5621 9228 6510
f 6023 7988 8734
f 5731 8735 6778
f 5731 7852 8735
f 9532 8736 6113
f 7229 5589 8736
f 5564 8737 6757
f 6189 7835 8737
f 7155 8738 5385
f 7155 5745 8738
f 5304 8739 7384
f 6188 7494 8739
f 5266 8740 6871
f 5266 7283 8740
f 6622 8741 5538
f 6622 5293 8741
f 6180 8742 7581
f 6180 8207 8742
f 8744 8743 5910
f 7399 5207 8743
f 8745 8744 5910
f 6431 7398 8744
f 8341 8745 5910
f 6685 5046 8745
f 6907 8746 5438
f 5919 7258 8746
f 6762 8747 5439
f 6762 5780 8747
f 5426 8748 6702
f 5426 6701 8748
f 8748 8749 5941
f 5210 7880 8749
f 5367 8750 6519
f 5367 7115 8750
f 5505 8751 7126
f 5505 7870 8751
f 7053 8752 6273
f 5512 7680 8752
f 8243 8753 5818
f 7224 5518 8753
f 7297 9185 5946
f 7426 5563 8754
f 5052 8755 7303
f 5980 7383 8755
f 6488 8756 7336
f 6488 6533 8756
f 8758 8757 5921
f 6991 5218 8757
f 6991 8758 5484
f 6991 8757 8758
f 5061 8759 7813
f 7981 5774 8759
f 8148 9284 6355
f 5421 6889 8760
f 5230 8761 7100
f 7191 6845 8761
f 5836 8762 6897
f 6639 5431 8762
f 8677 8763 5902
f 8832 5400 6487
f 6788 8764 6110
f 5128 6612 8764
f 9195 8765 7079
f 8628 7080 8765
f 7592 8766 6462
f 5762 7329 8766
f 7446 8767 5688
f 7467 6428 8767
f 419 8768 418
f 9343 6623 6636
f 6130 8769 8526
f 6130 8473 8966
f 6351 8770 5003
f 7589 6050 8770
f 6524 8771 5223
f 5934 8255 9490
f 7814 8772 5248
f 7814 5987 8772
f 6374 8773 5973
f 7209 5618 8773
f 9156 8774 6162
f 7725 5719 8774
f 8774 8775 6162
f 8774 5719 8775
f 5334 8776 7796
f 5334 7679 8776
f 6783 8777 6240
f 6783 8856 8777
f 7813 8778 6322
f 8360 6323 8778
f 6037 8779 7957
f 6037 8887 8779
f 7146 8780 5949
f 7146 9275 8780
f 7146 8781 5440
f 5949 8615 8781
f 5780 8782 6681
f 5780 6762 8782
f 6220 8783 7268
f 5079 8261 8783
f 5535 8784 6880
f 7208 5049 8784
f 5622 8785 7072
f 8489 6286 8785
f 6748 8786 5945
f 5228 7403 8786
f 6939 8787 5714
f 5945 8786 8787
f 5028 8788 6549
f 5028 7315 8788
f 8241 8789 6401
f 6115 7720 8789
f 8933 8790 9211
f 5967 8932 8790
f 6609 8791 7655
f 6609 9252 8791
f 7111 8792 5845
f 7111 5332 8792
f 7182 8793 6051
f 7182 9207 8793
f 5940 8794 6754
f 5940 6982 8794
f 7499 8795 5940
f 5405 8258 8795
f 5977 8796 7392
f 6733 9262 8796
f 5929 8797 6774
f 5929 9008 8797
f 6775 8798 5452
f 6775 5929 8798
f 6009 8799 7632
f 6009 8979 9510
f 5037 8800 6168
f 6333 5423 8800
f 9407 8801 6973
f 5420 7068 8801
f 7068 8802 5956
f 5142 7727 8802
f 9037 8803 5369
f 6557 5956 8803
f 8209 8804 6449
f 7860 5342 8804
f 6035 8805 6773
f 6035 8845 8805
f 8307 8806 5372
f 6155 6949 8806
f 8103 8807 5305
f 6463 5819 8807
f 7667 8808 5156
f 7667 5672 8808
f 7946 8809 5426
f 6703 7301 8809
f 7361 8810 5549
f 6470 9258 8810
f 6706 8811 6424
f 6706 6264 8811
f 8297 8812 5227
f 6273 8752 8812
f 8879 8813 5968
f 7120 5533 8813
f 6327 8814 5805
f 6856 5457 8814
f 6768 8815 6962
f 6768 5650 8815
f 8593 8816 5957
f 7100 5959 8816
f 7032 8817 6041
f 5004 9514 8817
f 5758 8818 7248
f 5758 6380 8818
f 8191 8819 6404
f 6848 6403 8819
f 7916 8820 138
f 6419 7947 8820
f 6713 8821 8111
f 6713 5422 8821
f 7108 8822 6076
f 7108 9148 8822
f 5287 8823 8244
f 5287 7936 8823
f 8792 8824 6343
f 5332 7628 8824
f 6055 8825 6815
f 6055 6662 8825
f 6652 8826 6055
f 5160 8938 8826
f 8858 8827 6021
f 5460 6803 8827
f 8118 8828 6640
f 5721 9201 8828
f 4926 8829 4925
f 7050 5479 8829
f 7354 8830 6555
f 7354 6618 8830
f 6266 8831 6707
f 5761 7555 8831
f 6011 8832 8763
f 6011 6488 8832
f 5848 8833 7067
f 5848 9197 8833
f 9518 8834 5201
f 6024 7111 8834
f 6342 8835 6024
f 6342 8839 8835
f 5326 8836 6366
f 6158 9431 8836
f 7239 8837 5353
f 7239 5884 8837
f 5128 8838 6341
f 5128 6788 8838
f 7629 8839 6342
f 7628 5332 8839
f 7845 8840 7781
f 7845 5700 8840
f 6834 8841 5432
f 6834 5885 8841
f 5303 8842 7941
f 7216 8334 8842
f 8662 8843 6495
f 5938 7307 8843
f 7265 8844 394
f 6090 7401 8844
f 7607 8845 6035
f 7607 5477 8845
f 6042 8846 7128
f 6042 7373 8846
f 7128 8847 6042
f 5059 7577 8847
f 5850 8848 8297
f 8175 5415 8848
f 298 8849 6296
f 295 293 8849
f 6409 8850 5292
f 7862 5913 8850
f 8312 8851 5948
f 5385 8086 8851
f 8851 8852 5948
f 6476 8095 8852
f 8852 8853 5948
f 6970 5490 8853
f 7882 8854 274
f 6131 7121 8854
f 6888 8855 5168
f 6511 6893 8855
f 8777 8856 4987
f 6783 5484 8856
f 7468 8857 7142
f 5249 7557 8857
f 7903 8858 6021
f 7802 6153 8858
f 5223 8859 6524
f 5223 7097 8859
f 6258 9540 6558
f 6052 7182 8860
f 6736 8861 4979
f 8015 6317 8861
f 6896 8862 6310
f 6896 6434 8862
f 8458 8863 5365
f 6672 5662 8863
f 5980 8864 7383
f 5980 8429 9245
f 5572 8865 6983
f 7338 6505 8865
f 8029 8866 6309
f 5760 8027 8866
f 7421 8867 5640
f 7421 8869 8867
f 8869 8868 5944
f 6439 9049 8868
f 6439 8869 5190
f 5944 8867 8869
f 8090 8870 6136
f 8090 6357 8870
f 6464 8871 5983
f 6464 9161 8871
f 5232 8872 6898
f 5232 7212 8872
f 6124 9577 7069
f 5095 6955 8873
f 5885 8874 6946
f 6887 8728 8874
f 7646 8875 5216
f 6453 5931 8875
f 7220 8876 5649
f 7220 5650 8876
f 5496 8877 6831
f 5496 9462 8877
f 5746 8878 6924
f 6729 5209 8878
f 6284 8879 5968
f 6284 5122 8879
f 7212 8880 5968
f 5232 6668 8880
f 6229 8881 7058
f 6229 6784 8881
f 7254 8882 7289
f 7254 5525 8882
f 8884 8883 6016
f 5200 6786 8883
f 7138 8884 6016
f 5704 7534 8884
f 7506 8885 5905
f 7506 5309 8885
f 5628 8886 6968
f 6246 7256 8886
f 8779 8887 5265
f 6037 7071 8887
f 8889 8888 6066
f 5170 7906 8888
f 9543 8889 5552
f 7094 8888 8889
f 7562 8890 5955
f 7562 7733 8890
f 8892 8891 6642
f 5955 8890 8891
f 8891 8892 5955
f 6642 5659 8892
f 6276 8893 6008
f 6276 363 8893
f 9318 8894 5099
f 7183 5964 8894
f 7930 8895 5446
f 6771 5964 8895
f 8894 8896 6534
f 5964 7455 8896
f 7293 8897 6086
f 5153 7698 8897
f 8534 8898 5997
f 7191 5230 8898
f 7063 8899 5015
f 7063 5906 8899
f 6824 8900 7523
f 6083 8160 8900
f 8407 8901 6671
f 5179 7175 8901
f 9361 8902 6842
f 5045 7996 8902
f 6475 8903 7998
f 5389 6842 8903
f 6089 8904 7092
f 6089 7020 8904
f 6120 8905 8122
f 5263 7756 8905
f 4969 8906 4968
f 4969 7184 8906
f 5540 8907 7306
f 6514 7789 8907
f 8936 8908 6359
f 5654 7626 8908
f 5174 8909 7083
f 6118 7280 8909
f 6341 8910 5327
f 6341 5682 8910
f 5363 8911 6537
f 5363 8171 8911
f 8037 8912 5427
f 6682 5135 9047
f 8103 8913 5892
f 8103 5305 8914
f 8913 8914 5959
f 5305 8088 8914
f 5504 8915 8097
f 6835 5546 9231
f 5926 8916 8612
f 6436 8463 8916
f 5971 8917 7342
f 5971 8928 8917
f 6935 8918 5462
f 6935 5869 8918
f 5413 8919 7104
f 5413 6929 8919
f 7205 8920 5725
f 7205 5378 8920
f 8605 8921 5342
f 6451 8300 8921
f 7392 8922 5977
f 7392 6029 8926
f 6390 8923 5420
f 6390 5977 8923
f 7263 8924 4958
f 7263 5893 8924
f 9220 8925 5384
f 6564 6029 8925
f 8922 8926 5142
f 6029 8927 8926
f 7122 8927 6029
f 5383 8943 8927
f 7447 8928 5971
f 7447 8298 8928
f 9197 8929 6645
f 7709 5963 8929
f 6708 8930 5803
f 6708 5548 8930
f 5436 8931 6837
f 5436 6448 8931
f 7096 8932 5967
f 192 190 8932
f 8399 8933 6621
f 5967 8790 8933
f 8972 8934 5358
f 6179 8935 8934
f 5442 8935 6179
f 9272 7372 5999
f 5654 8936 6927
f 6359 9352 8936
f 6494 8937 5976
f 5705 7979 8937
f 8826 8938 6662
f 5160 6689 8938
f 8078 8939 6496
f 5127 7364 8939
f 7719 8940 5051
f 7719 7082 8940
f 5671 8941 7376
f 6183 7351 8941
f 7535 8942 8231
f 7535 5704 8942
f 9458 8943 6234
f 6295 8927 8943
f 7280 9351 5263
f 6119 6359 8944
f 7604 8945 5402
f 6432 9516 8945
f 5476 8946 6424
f 9250 6559 8102
f 8948 8947 5995
f 6872 5459 8947
f 5029 8948 6615
f 5029 6872 8948
f 8948 8949 6615
f 5995 6579 8949
f 8992 8950 5992
f 5408 8515 8950
f 6974 8951 5992
f 5093 7416 8951
f 8567 8952 5237
f 6647 5869 8952
f 4966 8953 7272
f 4967 7757 8953
f 7507 8954 5455
f 7844 5843 8954
f 7035 8955 5449
f 7035 6018 8955
f 9348 8956 6700
f 5788 8077 8956
f 6550 8957 5190
f 6550 5962 8957
f 6550 8958 5962
f 5362 6551 8958
f 9397 8959 6980
f 5963 8283 8959
f 5146 8960 6380
f 6559 5476 8960
f 6018 8961 6945
f 6018 6760 8961
f 5439 8962 6761
f 5439 6760 8962
f 7583 8963 7056
f 5841 7057 8963
f 5619 8964 6954
f 6324 6915 8964
f 5666 8965 8632
f 5666 7593 8965
f 8769 8966 6349
f 8769 6130 8966
f 5682 8967 7195
f 5682 6333 8967
f 7436 8968 5527
f 6465 5961 8968
f 9568 8969 5465
f 6501 6911 8969
f 5738 8970 7430
f 5738 7296 8970
f 5391 8971 7410
f 5391 6643 8971
f 6185 8972 5358
f 6185 9567 8972
f 5098 8973 6799
f 5098 7079 8973
f 5686 8974 7904
f 7467 5174 8974
f 7952 8975 6617
f 7952 6353 8975
f 7282 8976 5306
f 7282 5832 8976
f 7004 8977 6137
f 7004 5031 8977
f 7319 8978 6596
f 7319 5873 8978
f 6716 8979 5198
f 9510 5466 8799
f 6705 8980 8075
f 6004 7044 8980
f 6899 8981 5457
f 6899 5970 8981
f 6256 8982 6957
f 6256 5310 8982
f 7078 8983 5543
f 7970 6276 8983
f 9576 8984 7171
f 6095 7672 8984
f 6456 8985 5428
f 6439 6780 8985
f 9091 8986 6613
f 8219 6096 8986
f 7643 8987 5267
f 8986 6096 8987
f 6186 8988 7855
f 8102 5540 8988
f 7839 8989 6218
f 5272 7326 8989
f 7839 8990 5272
f 6522 6016 8990
f 8272 8991 6405
f 5632 8409 8991
f 8322 8992 5992
f 8322 5240 8992
f 6030 8993 7344
f 6030 6994 8993
f 8576 8994 6008
f 8576 6718 8994
f 8550 8995 6710
f 5093 6974 8995
f 5223 8996 8646
f 7249 5901 8996
f 7442 8997 6241
f 7442 5019 8997
f 4972 8998 4971
f 7340 5975 8998
f 7210 8999 5255
f 8014 5975 8999
f 7688 9000 5759
f 7697 5078 9000
f 6900 9001 6073
f 5557 6697 9001
f 6073 9002 6900
f 6073 8352 9002
f 7975 9003 5257
f 6101 7202 9003
f 8994 9004 6008
f 6717 5310 9004
f 9045 9005 6155
f 7429 6171 9005
f 8549 9006 5414
f 6429 7971 9006
f 9405 9007 6755
f 6105 7385 9416
f 8797 9008 6753
f 7670 6257 9008
f 5387 9009 7002
f 6407 6993 9009
f 7198 9010 5516
f 7198 5701 9010
f 7734 9011 5930
f 7734 5453 9011
f 9116 9012 5982
f 5879 8480 9012
f 9012 9013 5982
f 6483 7671 9013
f 9251 9014 6200
f 6806 5386 9014
f 7692 9015 5009
f 7692 5641 9015
f 5046 9016 6900
f 7517 5635 9016
f 7038 9017 5410
f 7038 5680 9017
f 8308 9018 6894
f 5817 7197 9018
f 8617 9019 5887
f 6556 5367 9019
f 8075 9020 6005
f 5233 7866 9020
f 8142 9021 5749
f 9020 6137 9021
f 7941 9022 5989
f 5839 8335 9022
f 5938 9023 7281
f 7336 8756 9023
f 5038 9024 6752
f 5038 6894 9024
f 9142 9025 6822
f 6811 228 9025
f 5108 9026 6853
f 5108 6821 9026
f 6853 9027 5441
f 6853 9026 9027
f 8216 9028 6231
f 8216 5821 9028
f 6798 9029 7355
f 6798 5435 9029
f 7206 9030 6448
f 5645 7362 9030
f 5088 9031 6485
f 6292 9076 9031
f 7160 9032 6352
f 6876 9478 9032
f 6579 9033 5335
f 5991 9035 9033
f 7407 9034 5664
f 7407 5219 9035
f 9034 9035 5991
f 5219 9245 9035
f 8165 9036 5765
f 6133 8208 9036
f 6356 9037 6764
f 6557 8803 9037
f 5064 9038 6859
f 5064 7099 9038
f 6403 9039 7919
f 5447 7291 9039
f 9100 9040 6827
f 6064 9041 9040
f 7291 9041 6064
f 9324 4989 4990
f 6808 9042 7693
f 7039 5115 9042
f 5586 9043 6420
f 5586 7123 9043
f 8170 9044 6536
f 5324 8248 9044
f 7070 9045 6155
f 5016 7429 9045
f 9005 9046 6155
f 5301 6949 9046
f 6682 9047 8912
f 5135 7217 9047
f 5561 9048 7805
f 7244 5036 9285
f 8465 9049 6456
f 5341 8868 9049
f 6883 9050 7966
f 5450 8228 9050
f 7161 9051 5732
f 7551 5224 9051
f 5507 9052 7937
f 7130 5113 9052
f 7308 9053 6770
f 5576 7881 9053
f 5481 9054 6943
f 6944 5912 9054
f 7621 9055 223
f 7621 5908 9055
f 5069 9056 7574
f 5069 7662 9056
f 6482 9057 8668
f 5311 8533 9057
f 6977 9058 6138
f 5101 8311 9058
f 5665 9059 7663
f 9486 5302 9271
f 5722 9060 7450
f 7639 6054 9060
f 7630 9061 6669
f 5627 7629 9061
f 7308 9062 5994
f 5388 9332 9062
f 7223 9063 5055
f 6063 6726 9063
f 7213 9064 6063
f 5251 9112 9064
f 9064 9065 6063
f 6841 5399 9065
f 7366 9066 5580
f 7671 6213 9066
f 5996 9067 6629
f 7126 5061 9067
f 5474 9068 6989
f 5474 7185 9068
f 9303 9069 5106
f 6817 5634 9069
f 8168 9070 5167
f 6415 7071 9070
f 6488 9071 5130
f 6011 9548 9071
f 8367 9072 6229
f 5825 6847 9072
f 8402 9073 5401
f 6552 7789 9073
f 7623 9074 5018
f 7623 5806 9074
f 6269 9075 7360
f 8128 4935 9075
f 9031 9076 8003
f 6292 5308 9076
f 5631 9077 7389
f 6303 7378 9077
f 7578 9078 5269
f 6428 7973 9078
f 6773 9079 6182
f 6773 8805 9079
f 5569 9080 7005
f 7397 5316 9080
f 5348 9081 7953
f 7151 5680 9081
f 8855 9082 6728
f 6893 5451 9082
f 8435 9083 5292
f 6028 6713 9083
f 7207 9084 5208
f 7207 5535 9084
f 8107 9085 5565
f 8107 6484 9085
f 9088 9086 6062
f 5152 6995 9086
f 6584 9087 5399
f 6062 6995 9087
f 6698 9088 5398
f 6698 9086 9088
f 7947 9089 141
f 7947 5845 9089
f 7249 9090 5901
f 7249 5532 9090
f 5814 9091 7848
f 6613 5456 9091
f 8116 9092 5802
f 6530 7518 9092
f 6737 9093 5846
f 6737 5143 9093
f 9095 9094 6056
f 7837 5715 9094
f 5017 9095 7194
f 5017 7837 9095
f 6968 9096 6181
f 5096 7883 9096
f 8263 9097 5249
f 6961 6040 9097
f 5428 9098 6456
f 6197 7234 9098
f 5899 9099 6792
f 7644 5214 9099
f 6111 9178 6827
f 5350 7919 9100
f 5171 9101 7033
f 8049 7219 9101
f 6275 9102 5043
f 7799 5822 9102
f 8874 9103 6946
f 5022 6794 9103
f 8841 9104 5432
f 6946 9103 9104
f 8331 9105 6794
f 5356 6344 9105
f 6022 9106 7868
f 6460 7456 9106
f 6501 9107 8609
f 5218 7125 9107
f 5505 9108 7125
f 5505 7126 9108
f 8878 9109 6729
f 5746 7742 9109
f 5265 9110 6862
f 8205 6180 9110
f 5300 9111 6747
f 7806 5984 9111
f 7463 9112 5251
f 7463 5916 9112
f 181 9113 184
f 181 7971 9113
f 7115 9114 6075
f 5175 8254 9114
f 9114 9115 6075
f 6595 5396 9115
f 9012 9116 8481
f 5982 7471 9116
f 5784 9117 6781
f 5784 7241 9117
f 6761 9118 5439
f 6001 7022 9118
f 7022 9119 5500
f 6001 9120 9119
f 8200 9120 6001
f 5499 6808 9120
f 7052 9121 6157
f 5123 7107 9121
f 6922 9122 5288
f 6157 7107 9122
f 7098 9123 6758
f 105 103 9123
f 6988 9124 5256
f 6988 6086 9124
f 7090 9125 7723
f 7090 5211 9125
f 5846 9126 7089
f 9093 7590 9126
f 5147 9127 7554
f 5654 6909 9127
f 7082 9128 6038
f 5529 7276 9128
f 7546 9129 5273
f 6169 7043 9129
f 7502 9130 6014
f 5147 6389 9130
f 8516 9131 7127
f 6517 5637 9131
f 7504 9132 7319
f 7504 5297 9132
f 5782 9133 6967
f 6740 8084 9133
f 7710 9134 5646
f 6079 6337 9134
f 7835 9135 5134
f 6435 5670 9135
f 6905 9136 6221
f 6905 6162 9136
f 7648 9137 7649
f 6516 5355 9137
f 6530 9138 7518
f 6530 7849 9138
f 5710 9139 6642
f 5710 7992 9139
f 5433 9140 6651
f 5433 8705 9140
f 8364 9141 6408
f 5234 7630 9141
f 5430 9142 6822
f 5430 7196 9142
f 5454 9143 6877
f 5454 6869 9143
f 4932 9144 6829
f 4933 8584 9144
f 9298 9145 6006
f 5238 6458 9145
f 6058 9321 7406
f 5071 7492 9146
f 8456 9147 6529
f 5252 9582 9147
f 8822 9148 6077
f 7108 5927 9148
f 6881 9149 5089
f 6881 9562 9149
f 7242 9150 5056
f 7242 6083 9150
f 7405 9151 5575
f 6007 9152 9151
f 7274 9152 6007
f 5135 6682 9152
f 5962 9153 6700
f 6551 8049 9153
f 5915 9154 8298
f 7674 7800 9154
f 5648 9241 6829
f 4931 4932 9155
f 8380 9156 5932
f 8380 5216 9156
f 7395 9157 6032
f 5243 9347 9157
f 5857 9158 8362
f 5857 8539 9158
f 8282 9299 6886
f 8091 5502 9159
f 7691 9160 6440
f 5155 6763 9160
f 5560 9161 6464
f 7014 5226 9161
f 7373 9162 6043
f 7484 5626 9162
f 8119 9163 6722
f 6043 7739 9163
f 5389 9164 6842
f 7465 9590 9164
f 5712 9165 7624
f 6964 5752 9165
f 8674 9166 6098
f 7037 5037 9166
f 5166 9167 8142
f 5166 8586 9167
f 9095 9168 7194
f 6056 7193 9168
f 5656 9169 6583
f 5656 6698 9169
f 7181 9170 316
f 7181 5876 9170
f 5722 9171 7639
f 7019 281 9171
f 8471 9172 5978
f 8471 6480 9172
f 7418 9173 6571
f 7418 5562 9173
f 6489 9174 6116
f 6489 7260 9174
f 7794 9175 5311
f 8866 6308 9175
f 7430 9176 5738
f 7430 5047 9176
f 7444 9177 5211
f 7444 5894 9177
f 7705 9178 6111
f 5350 9100 9178
f 9335 9179 6175
f 7423 7253 9179
f 8540 9180 6012
f 8540 6566 9180
f 5118 9181 7065
f 5118 7464 9181
f 8284 9182 5587
f 6013 6676 9182
f 6013 9183 6660
f 6013 9497 9183
f 8536 9184 5107
f 7999 6252 9184
f 5946 9185 8754
f 7297 5228 9185
f 6576 9186 5443
f 6577 9272 9187
f 6577 9187 9186
f 5442 6781 9187
f 5307 9188 7036
f 5307 7140 9188
f 6673 9189 6088
f 7020 9428 9189
f 7518 9190 6088
f 5106 6673 9190
f 8431 9191 6112
f 6918 6025 9225
f 5751 9192 6539
f 7735 5165 9192
f 7773 9193 5533
f 6177 5026 9193
f 7115 9194 5175
f 7115 5786 9194
f 8484 9195 5098
f 6156 8628 9195
f 154 9196 155
f 7228 7211 9196
f 6936 9197 5848
f 6936 5403 9197
f 5867 9198 7055
f 6723 5488 9198
f 323 9199 322
f 7300 5740 9199
f 111 9200 7603
f 109 7618 9200
f 8828 9201 6967
f 5721 8710 9201
f 6967 9202 5782
f 6967 9201 9202
f 7965 9203 5284
f 6655 5568 9203
f 7469 9204 5161
f 7469 5985 9204
f 4945 9205 6396
f 4946 7907 9205
f 5002 9206 8035
f 5002 7810 9206
f 8793 9207 5448
f 6052 7277 9207
f 7277 9208 5097
f 6052 9540 9208
f 7770 9209 6751
f 7770 6727 9209
f 7179 9210 5951
f 7179 5279 9210
f 8933 9211 5282
f 6104 7064 9211
f 7563 9212 5133
f 6267 8440 9212
f 8129 9213 5376
f 7580 6368 9213
f 8267 9214 6591
f 9213 6368 9214
f 6544 9215 5414
f 6033 9217 9215
f 7707 9216 6379
f 5561 7327 9216
f 9215 9217 6369
f 6033 7327 9217
f 8768 9218 418
f 6015 6731 9465
f 7171 9219 5267
f 7171 6731 9219
f 9262 9220 5384
f 6102 9221 9220
f 8191 9221 6102
f 5116 8411 9221
f 7485 9222 8235
f 5605 7459 9222
f 8269 9223 6139
f 8269 7078 9223
f 7258 9224 6025
f 8231 5920 9224
f 9224 9225 6025
f 8115 5258 9225
f 6025 9226 7258
f 6025 6918 9226
f 9347 9227 6830
f 6217 6828 9227
f 8734 9228 6023
f 5621 7641 9228
f 7693 9229 5500
f 6187 8580 9229
f 7709 9230 6600
f 7709 5403 9230
f 6835 9231 8915
f 5546 7527 9231
f 5911 9232 6892
f 6891 5445 9232
f 5117 9233 8365
f 5117 6336 9233
f 5817 9234 7197
f 5817 7427 9234
f 5613 9235 7560
f 7559 5259 9269
f 9289 9236 6053
f 7058 5038 9236
f 7199 9237 5467
f 7199 7170 9237
f 6083 9238 7455
f 6083 7242 9238
f 5284 9239 7241
f 6466 7899 9239
f 7238 9240 5767
f 7238 5449 9240
f 9155 9241 6350
f 9155 6829 9241
f 8674 9242 6099
f 6098 7831 9242
f 5770 9243 7298
f 6425 8214 9243
f 7067 9244 6868
f 7067 8833 9244
f 5980 9245 8864
f 6255 9035 9245
f 8257 9246 6692
f 5792 7416 9246
f 8127 9247 5926
f 6044 9248 9247
f 5023 9248 7905
f 5023 8654 9248
f 6902 9249 5072
f 6902 5720 9249
f 5476 9250 8946
f 5476 6559 9250
f 8061 9251 6200
f 5478 6806 9251
f 5582 9252 6609
f 5582 7457 9252
f 9254 9253 6027
f 5649 6950 9253
f 9479 9254 7507
f 5102 7221 9254
f 7841 9255 5459
f 7841 5693 9255
f 6208 9256 6940
f 5674 9591 9256
f 8183 9257 6014
f 8183 5297 9257
f 5429 9258 6470
f 5429 7390 9258
f 5476 9259 7235
f 5476 6264 9259
f 9261 9260 6026
f 5717 7975 9260
f 5034 9261 6733
f 5034 7976 9261
f 7925 9262 6026
f 7925 9220 9262
f 6897 9263 5151
f 6034 8650 9263
f 6826 9264 8705
f 6826 5300 9264
f 9266 9265 6335
f 6334 7625 9265
f 8234 9266 6335
f 5316 8020 9266
f 9017 9267 5410
f 9017 7151 9267
f 7757 9268 6373
f 6372 7209 9268
f 7260 9269 5259
f 6114 9235 9269
f 9271 9270 6850
f 6131 7882 9270
f 9486 9271 6850
f 5302 8672 9271
f 5442 9272 8935
f 5442 9187 9272
f 7245 9273 5748
f 7245 5176 9273
f 7185 9274 6087
f 7965 5284 9274
f 8780 9275 5062
f 7146 6057 9275
f 9287 9276 5245
f 6057 7556 9276
f 6194 9277 7652
f 5305 8807 9277
f 6521 9278 8179
f 5188 7017 9278
f 5800 9279 7070
f 6633 8278 9279
f 6012 9280 7295
f 7464 6242 9280
f 7011 9281 8707
f 6147 8593 9281
f 5066 9282 7912
f 7350 6051 9282
f 6047 9283 6704
f 6047 8502 9283
f 8760 9284 5421
f 8760 6355 9284
f 7244 9285 9048
f 5036 6767 9285
f 7688 9286 5643
f 6121 7879 9286
f 9276 9287 6815
f 7797 6055 9287
f 6135 9288 6878
f 6135 7133 9288
f 9291 9289 6053
f 7056 5508 9289
f 6947 9290 5418
f 6947 6053 9290
f 7056 9291 5191
f 7056 9289 9291
f 9573 9292 7631
f 5498 6541 9292
f 7834 9293 5676
f 6742 5419 9293
f 8397 9294 5118
f 6039 8726 9294
f 5600 9295 7439
f 6170 7139 9295
f 7264 9296 5729
f 7264 5250 9296
f 9333 9297 6159
f 6849 269 9297
f 9145 9298 7317
f 7492 5544 9298
f 7320 9299 5547
f 6523 9159 9299
f 7860 9300 8203
f 6108 8202 9300
f 7458 9301 178
f 7458 5660 9301
f 5531 9302 7333
f 5531 7274 9302
f 9069 9303 6817
f 7518 9138 9303
f 5636 9304 7703
f 8137 5936 9304
f 6072 9305 7087
f 6072 6240 9305
f 7441 9306 6072
f 7441 5484 9306
f 5852 9307 7681
f 7541 8377 9307
f 8360 9308 6323
f 5164 7104 9308
f 7196 9309 5888
f 7196 5430 9309
f 5312 9310 7321
f 6129 8695 9310
f 8361 9311 6753
f 5830 7894 9311
f 9278 9312 5810
f 7017 5491 9312
f 5815 9313 7252
f 6545 7784 9313
f 7819 9314 6165
f 308 306 9314
f 5271 9315 7273
f 6130 8526 9315
f 5708 9316 7699
f 8690 5904 9316
f 6331 9317 7431
f 5458 6865 9317
f 6209 9318 7363
f 6209 7183 9318
f 6454 9319 6209
f 8497 5446 9319
f 6009 9320 8467
f 6009 7632 9320
f 7740 9321 6058
f 5071 9146 9321
f 8685 9322 6058
f 8685 6420 9322
f 7406 9323 6058
f 7406 5349 9323
f 7291 9324 9041
f 7291 6240 9324
f 8339 9325 5076
f 6791 5673 9325
f 5878 9326 6707
f 8437 5299 9326
f 7930 9327 6771
f 7930 6122 9327
f 5557 9328 6874
f 5557 6900 9328
f 8479 9329 5879
f 6074 7016 9439
f 6617 9330 8136
f 5296 7016 9330
f 9515 9480 5388
f 6475 7112 9331
f 9062 9332 6810
f 9331 7112 9332
f 9297 9333 6849
f 6159 6734 9333
f 6965 9334 5470
f 6965 5855 9334
f 6435 9335 7015
f 6435 5566 9335
f 5966 9336 6948
f 8639 7778 9336
f 7166 9337 5294
f 6050 6558 9337
f 6930 9338 5214
f 6931 7148 9338
f 7035 9339 5033
f 6712 7833 9339
f 5077 9340 7356
f 6640 5891 9340
f 7738 9341 5012
f 7738 6021 9341
f 8015 9342 6317
f 8015 5472 9342
f 419 9343 8768
f 419 421 9343
f 6183 9344 7351
f 5539 7136 9344
f 6927 9345 7969
f 5802 8117 9345
f 5668 9346 7681
f 5668 8587 9346
f 9157 9347 6830
f 8590 6217 9347
f 5734 9348 6700
f 7914 5788 9348
f 6717 9349 6978
f 6211 8536 9400
f 5688 9350 7446
f 5688 7577 9350
f 5263 9351 8944
f 6118 7446 9351
f 7577 9352 6119
f 5059 8936 9352
f 5536 9353 6824
f 6254 7560 9353
f 205 9354 208
f 6507 5681 9354
f 7141 9355 6109
f 5027 8647 9355
f 8040 9356 6093
f 7386 5844 9356
f 5249 9357 8263
f 5249 7468 9357
f 6091 9358 7927
f 7669 148 9358
f 5768 9359 7850
f 6223 8709 9359
f 5768 9360 9359
f 7849 6722 9360
f 7248 9361 5758
f 7248 5045 9361
f 9334 9362 5470
f 6966 6069 9362
f 7579 9363 6069
f 7579 9455 9363
f 6738 9364 7673
f 6364 7811 9364
f 7244 9365 6993
f 7707 5493 9365
f 6949 9366 5562
f 6949 5301 9366
f 6796 9367 5770
f 7568 5769 9367
f 9369 9368 7028
f 6059 6677 9368
f 7449 9369 5338
f 6059 9368 9369
f 9123 9370 6758
f 103 101 9370
f 4998 9371 6919
f 4998 319 9371
f 7510 9372 6199
f 5073 8496 9372
f 9474 9373 6081
f 7358 5607 9373
f 7233 9374 6152
f 7233 6903 9374
f 6664 9375 5481
f 6664 7960 9375
f 9472 9376 5380
f 7091 5694 9376
f 5751 9377 7735
f 6569 5373 9377
f 7041 9378 5499
f 9380 5197 7040
f 6508 9379 6060
f 5482 6928 9379
f 6060 9380 9378
f 6060 6928 9380
f 313 9381 7181
f 313 312 9382
f 7230 9382 312
f 7230 6065 9382
f 5943 9383 8456
f 5943 7608 9383
f 7556 9384 6061
f 5440 8276 9384
f 6061 9385 7556
f 6061 7193 9385
f 5515 9386 8581
f 5515 7193 9386
f 7805 9387 7327
f 6339 7760 9387
f 5717 9388 7975
f 5717 7974 9388
f 5959 9389 8594
f 5959 6746 9389
f 7162 9390 5555
f 6084 9392 9390
f 5329 9391 7162
f 5329 6383 9391
f 6586 9392 5468
f 6084 6921 9392
f 8321 9393 6398
f 5586 6933 9393
f 8217 9394 4955
f 6462 8766 9394
f 5645 9395 7730
f 7206 5837 9395
f 8094 9396 126
f 6680 6193 9396
f 8959 9397 5963
f 6980 5213 9397
f 5522 9398 7377
f 5522 7137 9398
f 210 9399 4
f 210 7638 9399
f 8555 9400 6244
f 5506 9349 9400
f 5144 9401 6406
f 7163 7299 9401
f 5524 9402 6601
f 6489 5290 9402
f 5577 9403 7352
f 7330 8753 9403
f 7832 9404 6814
f 5486 7059 9404
f 8113 9405 5317
f 6105 9007 9405
f 9408 9406 7479
f 6067 9407 9406
f 6750 9407 6067
f 5420 8801 9407
f 7103 9408 5584
f 6067 9406 9408
f 6697 9409 5137
f 6697 5557 9409
f 6370 9410 9409
f 6779 7400 9410
f 6009 9411 8979
f 8467 6687 9411
f 387 9412 385
f 6071 7236 9412
f 7404 9413 8713
f 5714 7403 9413
f 6915 9414 5321
f 6915 6629 9414
f 9007 9415 6755
f 6099 9242 9415
f 7285 9416 5138
f 6099 9007 9416
f 6730 9417 6085
f 5078 7335 9417
f 7335 9418 6085
f 5475 6855 9418
f 7528 9419 6085
f 6741 5419 9419
f 5269 9420 7578
f 7373 6042 9420
f 9523 9421 7173
f 9522 6880 9430
f 7676 9422 6503
f 5368 6351 9422
f 6503 9423 5118
f 6503 9422 9423
f 7233 9424 5274
f 6152 7134 9424
f 6902 9425 6152
f 5072 7132 9425
f 7922 9426 6107
f 5569 7005 9426
f 7627 9427 5027
f 6089 7092 9427
f 6089 9428 7020
f 6089 7909 9428
f 9223 9429 6139
f 7110 5281 9429
f 6158 9430 6880
f 6158 8836 9430
f 8836 9431 6816
f 6158 7190 9431
f 6880 9432 6158
f 8784 5049 9432
f 6140 9433 8386
f 7028 9368 9433
f 5841 9434 8125
f 6840 9464 9434
f 149 9435 7168
f 149 148 9435
f 6017 9436 8699
f 6718 370 9436
f 8711 9437 6135
f 5254 8459 9437
f 7133 9438 5503
f 9437 6423 9438
f 8480 9439 5018
f 9329 6074 9439
f 7043 9440 5546
f 7043 5998 9440
f 7388 9441 6580
f 7388 6844 9441
f 5381 9442 8455
f 6237 7387 9442
f 7615 9443 5633
f 7615 5923 9443
f 5748 9444 8464
f 5748 8000 9444
f 5915 9445 7674
f 7050 4926 9445
f 5591 9446 7256
f 5591 7257 9446
f 8616 9447 5333
f 6184 8425 9447
f 7257 9448 6184
f 5145 6293 9448
f 8573 9449 5921
f 8573 4985 9449
f 8430 9450 6170
f 8430 6835 9450
f 5509 9451 6532
f 6375 8565 9451
f 6358 9452 7951
f 6358 5013 9452
f 7573 9453 5883
f 7573 5411 9453
f 8090 9454 6357
f 4962 4963 9454
f 9363 9455 5459
f 7579 6078 9455
f 8074 9456 6417
f 5375 8085 9456
f 8480 9457 6483
f 5018 9074 9457
f 8943 9458 6295
f 6234 7635 9458
f 301 9459 303
f 6234 7874 9459
f 8251 9460 5082
f 8251 7995 9460
f 5581 9461 6863
f 6862 5492 9461
f 6606 9462 8716
f 6606 8877 9462
f 7581 9463 6861
f 6500 5357 9463
f 5262 9464 6840
f 5262 7922 9464
f 413 9465 6731
f 415 9218 9465
f 8974 9466 6410
f 5174 7083 9466
f 5917 9467 7268
f 7815 5330 9467
f 7284 9468 6080
f 5131 7481 9468
f 5583 9469 6275
f 5583 7284 9469
f 9471 9470 6092
f 7722 5164 9470
f 6594 9471 6092
f 5644 7722 9471
f 6493 9472 5380
f 6493 6092 9472
f 8651 9473 6160
f 8651 6161 9473
f 9475 9474 6081
f 7526 5276 9474
f 7526 9475 5604
f 6081 8350 9475
f 5925 9476 7410
f 8240 5281 9476
f 9143 9477 6877
f 9143 6106 9477
f 6106 9478 6876
f 6106 7507 9478
f 6869 9479 6106
f 5102 9254 9479
f 9481 9480 6474
f 6475 9331 9480
f 6858 9481 6474
f 5389 8903 9481
f 8729 9482 6865
f 5217 7258 9482
f 8177 9483 6660
f 8177 247 9483
f 5294 9484 6972
f 5294 7182 9484
f 6563 9485 6198
f 5371 8319 9485
f 6260 9486 9059
f 6260 7785 9486
f 8548 9487 6855
f 8548 5620 9487
f 5576 9488 7025
f 5576 7308 9488
f 379 9489 7448
f 6526 6819 9489
f 5532 9490 8255
f 7249 8771 9490
f 5924 9491 8415
f 5924 7665 9491
f 8091 9492 6981
f 8091 6523 9492
f 5354 9493 7974
f 6481 7010 9493
f 9495 9494 6097
f 7962 5716 9494
f 5105 9495 6860
f 5105 7962 9495
f 6854 9496 6112
f 6854 5441 9496
f 8284 9497 6013
f 8284 5168 9497
f 9500 9498 6751
f 6225 7806 9498
f 6348 9499 6225
f 5010 6616 9499
f 6348 9500 5416
f 6225 9498 9500
f 9555 9501 6999
f 5423 6788 9501
f 6612 9502 8764
f 5490 6970 9502
f 5897 9503 8393
f 6376 7285 9503
f 6965 9504 7962
f 6965 5470 9504
f 5853 9505 8401
f 7619 5237 9505
f 5966 9506 7262
f 6778 8735 9506
f 7744 9507 5475
f 6146 8548 9507
f 7744 9508 6146
f 8096 5080 9508
f 5603 9509 7205
f 6596 8189 9509
f 6716 9510 8979
f 6716 8509 9510
f 7968 9511 6321
f 5220 7668 9511
f 8626 9512 5451
f 9511 6361 9512
f 8388 9513 6030
f 8032 5752 9513
f 8817 9514 6144
f 5004 7139 9514
f 6770 9515 5388
f 6770 6474 9515
f 8945 9516 6199
f 5537 7510 9516
f 7571 9517 5630
f 7571 5773 9517
f 7910 9518 5201
f 7239 6024 9518
f 5315 9519 7768
f 5315 8524 9520
f 9519 9520 6262
f 9519 5315 9520
f 7169 9521 5608
f 6317 9342 9521
f 6367 9522 9421
f 6367 5535 9522
f 7172 9523 5509
f 7172 6367 9523
f 6832 9524 6291
f 6833 6344 9524
f 5003 9525 6351
f 6699 8058 9525
f 9284 9526 5421
f 9284 6362 9526
f 8422 9527 6197
f 5849 8424 9527
f 7234 9528 5144
f 9527 6318 9528
f 7783 9529 5866
f 7783 5119 9529
f 7538 9530 5651
f 6910 8180 9530
f 6772 9531 8703
f 6772 6869 9531
f 7703 9532 6113
f 5313 7229 9532
f 7704 9533 5116
f 6113 6215 9533
f 5331 9534 6395
f 5331 8633 9534
f 5958 9535 8538
f 6998 5105 9535
f 7118 9536 5497
f 8443 5941 9536
f 5154 9537 7547
f 7489 6035 9537
f 8772 9538 6797
f 5987 9026 9538
f 6026 9539 7925
f 9260 7975 9539
f 8860 9540 6052
f 8860 6558 9540
f 7155 9541 5745
f 7155 5501 9541
f 5745 9542 7039
f 9541 7154 9542
f 7095 9543 5552
f 7095 5677 9543
f 5076 9544 8174
f 6608 7941 9544
f 5713 9545 8721
f 7350 5066 9545
f 6913 9546 5746
f 6913 5089 9546
f 7370 9547 5872
f 7370 5593 9547
f 8763 9548 6011
f 8677 5493 9548
f 253 9549 6981
f 252 7980 9549
f 7608 9550 6288
f 4952 4953 9550
f 5837 9551 7730
f 5837 7310 9551
f 7691 9552 5155
f 7691 6147 9552
f 5319 9553 8148
f 6867 6331 9553
f 6857 9554 5288
f 6857 6167 9554
f 9501 9555 5423
f 6999 6167 9555
f 7296 9556 5184
f 6167 6999 9556
f 9163 9557 6722
f 5094 7782 9557
f 5994 9558 7461
f 6810 8535 9558
f 7575 9559 7604
f 5239 6914 9559
f 5124 9560 7342
f 7051 5971 9560
f 9124 9561 7060
f 6086 7454 9561
f 9147 9562 6529
f 6077 9149 9562
f 8073 9563 5756
f 7147 5328 9563
f 6699 9564 6204
f 6699 9525 9564
f 7360 9565 7159
f 7360 4936 9565
f 9335 9566 7015
f 6175 7472 9566
f 8972 9567 6179
f 6185 8689 9567
f 6103 9568 6614
f 6103 8969 9568
f 9570 9569 6103
f 8757 5218 9569
f 7116 9570 6103
f 5921 8757 9570
f 5275 9571 8151
f 7901 6070 9571
f 7532 9572 6257
f 5646 7531 9572
f 7316 9573 6095
f 5498 9292 9573
f 7156 9574 5065
f 7156 5498 9575
f 9574 9575 6096
f 9574 7156 9575
f 5267 9576 7171
f 5267 7316 9576
f 8873 9577 5095
f 8873 7069 9577
f 5756 9578 8074
f 5756 9563 9578
f 9578 9579 8074
f 6124 7069 9579
f 5645 9580 7362
f 5645 7003 9580
f 6235 9581 6757
f 6235 8442 9581
f 6076 9582 8791
f 8822 9147 9582
f 6940 9583 5669
f 6940 5193 9583
f 7999 9584 5425
f 6211 6717 9584
f 5960 9585 7466
f 5960 8531 9585
f 9468 9586 6080
f 7481 5584 9586
f 7821 9587 5697
f 7821 9588 9587
f 9587 9588 6145
f 7821 5025 9588
f 7991 9589 5337
f 6205 6365 9589
f 5606 9590 7465
f 6790 5758 9590
f 5814 9591 7246
f 6812 9256 9591
f 10453 5 10170
f 10170 5 7
f 10170 7 9921
f 9921 10203 10496
f 10154 10025 10325
f 12 10154 10203
f 10487 10215 9948
f 10263 10488 10025
f 10509 10275 9643
f 10209 10263 17
f 10257 10116 9670
f 10392 10104 9950
f 9772 10107 9946
f 9853 10511 10104
f 10023 9949 9692
f 10299 28 29
f 9976 9669 10069
f 9768 10188 10558
f 10076 10327 9897
f 10383 10108 9716
f 10135 10595 9855
f 43 10135 9862
f 9630 51 10524
f 10592 9934 9695
f 53 10609 10524
f 10199 10096 9632
f 10459 9854 10120
f 10120 10592 9695
f 9934 57 10281
f 10600 61 9973
f 10056 10476 10179
f 61 63 9973
f 10520 76 9860
f 10227 9918 9644
f 10555 63 65
f 10329 10520 9951
f 10008 9951 9860
f 9860 76 78
f 10505 10143 9841
f 10505 82 10143
f 10479 84 10001
f 10318 10001 86
f 10318 86 88
f 92 10123 9863
f 10404 95 98
f 10596 10404 9887
f 10404 10515 9887
f 10602 10542 9698
f 10162 10251 9646
f 10061 10525 9887
f 539 10061 542
f 10000 9916 9633
f 10035 10378 536
f 10251 10054 9646
f 10291 534 531
f 10303 9947 10513
f 10244 10251 9778
f 10201 527 525
f 10201 10084 9878
f 521 10084 523
f 10246 10045 9734
f 10211 9984 9668
f 10295 9815 10406
f 10387 10429 9675
f 10406 10164 9908
f 10435 511 10065
f 10058 9631 9979
f 10065 509 10306
f 10306 507 10080
f 10080 10407 9833
f 10093 10077 9747
f 10407 10093 9833
f 10077 500 498
f 10340 10077 496
f 10151 9880 9658
f 10340 493 491
f 9880 10169 9658
f 491 10426 10340
f 10276 10316 9793
f 487 10310 9876
f 485 10557 10310
f 478 10613 10155
f 10442 10117 10047
f 10067 10033 10287
f 10187 476 474
f 10187 474 10481
f 10481 470 10068
f 10416 10068 10502
f 10566 10502 465
f 9923 10353 10497
f 10566 463 461
f 10547 9923 9704
f 10601 458 456
f 453 10040 9997
f 10071 9891 9697
f 449 10040 452
f 448 10071 10371
f 446 443 10071
f 9891 10453 10170
f 5 439 1
f 49 10537 47
f 10595 47 10537
f 39 10398 10401
f 10456 9592 9593
f 10398 10540 9883
f 10248 9594 9595
f 10248 9595 10142
f 10381 9890 10382
f 10448 10374 10101
f 10374 9598 9599
f 10413 9715 10016
f 10028 9600 9601
f 10504 10161 9894
f 10155 10269 480
f 10247 10554 9604
f 10181 9900 9661
f 10264 10238 10564
f 10239 9687 9929
f 10081 9930 9687
f 10631 10239 9773
f 9957 10119 9749
f 9609 9610 9957
f 10119 9611 9961
f 10289 9613 10017
f 10386 10580 9680
f 10138 10018 9705
f 9908 518 10295
f 10420 10308 9677
f 10307 9618 10114
f 10390 10073 9831
f 10423 9925 9741
f 10073 9620 10423
f 9925 9621 9622
f 10301 10536 9974
f 10536 9623 9624
f 10055 10582 9728
f 10110 9625 9626
f 10583 10051 9627
f 10120 9892 10452
f 10265 9615 9616
f 10265 10277 9846
f 10405 10113 9746
f 10157 9929 9674
f 10035 534 10291
f 10479 10001 9752
f 10353 10005 9651
f 10013 9946 9636
f 10437 9978 9977
f 9973 63 9910
f 10493 9927 9726
f 10011 9596 9597
f 9940 9658 10032
f 10623 10138 9705
f 10358 9979 9709
f 9615 10265 10385
f 10480 10586 9639
f 10144 9609 9957
f 10615 9640 9994
f 10231 10273 9828
f 10191 9906 9641
f 10065 511 509
f 10269 483 482
f 10089 10591 9998
f 26 10392 24
f 10508 10267 9872
f 10341 10012 9701
f 10094 10543 9646
f 10491 10075 9984
f 10433 55 57
f 10602 9698 10570
f 10332 10026 9863
f 10040 9719 9997
f 10412 10115 9886
f 10612 10218 9772
f 10456 9593 9594
f 9936 9935 9660
f 10629 9796 10130
f 10343 10352 9685
f 9986 9702 10036
f 10626 10403 9676
f 10174 10004 9919
f 9867 10220 10439
f 10140 10084 521
f 10618 10204 9686
f 10423 9620 9621
f 10447 9654 10202
f 10126 9828 10302
f 10252 9956 10361
f 10273 10344 9650
f 10464 9930 10349
f 10473 10216 9708
f 10243 9902 9659
f 9602 10161 10504
f 10240 9790 10241
f 10093 501 500
f 9968 9861 10445
f 10184 10474 9661
f 10514 10095 9660
f 9732 10063 10033
f 10139 9904 9713
f 10384 9987 9750
f 9966 10153 9865
f 10330 9664 10039
f 10189 9879 9681
f 10321 10447 9907
f 10342 10190 9764
f 10425 10183 9638
f 10256 10060 9665
f 10516 9999 9655
f 10213 10103 10518
f 10225 9640 10224
f 10198 10021 9690
f 10557 10269 9825
f 9910 9875 9714
f 10621 9986 10622
f 10558 10069 9768
f 10262 10118 9898
f 10427 10097 9718
f 10507 10079 9739
f 10606 10560 9671
f 82 10479 10143
f 10334 9727 10107
f 10088 9600 10028
f 10444 10079 9673
f 9983 461 10604
f 9927 10113 9674
f 10322 10147 9656
f 10319 10167 9756
f 10435 513 511
f 10497 10346 9958
f 10613 478 476
f 10391 10100 9677
f 10390 9620 10073
f 10517 10131 9678
f 10407 501 10093
f 10044 10250 9679
f 10201 10484 527
f 10559 10386 9680
f 10277 9616 9617
f 10190 9879 10189
f 10577 10517 9678
f 9852 10350 10129
f 9882 10146 10183
f 10280 9956 9683
f 10519 10126 9731
f 10090 9902 10317
f 9900 10186 9760
f 9924 10271 9685
f 10430 10106 9816
f 10235 10204 10607
f 10622 9986 9635
f 10239 10081 9687
f 10129 9881 9760
f 9906 9799 9965
f 10366 10434 10165
f 10465 10253 9689
f 9932 9931 9763
f 10021 10316 9690
f 10155 480 478
f 10361 10280 9787
f 10377 10373 9721
f 10217 9950 9769
f 10298 9949 9781
f 10526 9767 10208
f 10320 9702 9984
f 9967 10294 9694
f 10340 496 493
f 10529 9933 10128
f 10592 10609 10433
f 10333 9890 9857
f 10456 10537 9592
f 10071 10290 9851
f 9905 10325 9718
f 10515 10061 9887
f 92 9863 89
f 10509 9898 10508
f 10233 10445 9861
f 9886 10115 9753
f 9888 9884 10359
f 10389 10341 9701
f 10441 10054 9740
f 10621 9984 9702
f 10207 9952 9693
f 10355 10007 9703
f 10462 10522 9649
f 10449 9938 9959
f 10566 465 463
f 10584 10274 10048
f 10370 10386 10559
f 10561 9993 9775
f 9956 10285 9683
f 10196 10598 10009
f 10460 10143 9752
f 10292 10064 9795
f 10619 9944 9943
f 10313 9988 9794
f 9663 9924 10193
f 10027 10127 9710
f 9865 9789 9966
f 10216 10178 9711
f 10038 9774 10039
f 10022 10422 9712
f 10299 10297 28
f 10132 9990 9713
f 10474 9881 9761
f 10041 9975 10546
f 10526 9952 9767
f 10393 10016 10414
f 10493 9726 10066
f 10388 10076 9897
f 9976 10599 9669
f 10288 9971 9811
f 10525 10570 9698
f 10025 10488 9718
f 10215 9896 9670
f 10290 10397 9851
f 10124 458 10601
f 9859 10030 10553
f 10575 10284 9655
f 10437 10523 9721
f 10141 9945 9691
f 10232 9911 9722
f 10378 537 536
f 10522 10348 9884
f 9804 10037 10005
f 10458 9936 10501
f 10331 10121 10624
f 10348 9937 10451
f 10253 9931 9689
f 10177 10059 9776
f 10283 9927 9674
f 10372 10629 9748
f 10415 9809 10029
f 10110 10055 9835
f 10396 10041 9805
f 10231 10539 9771
f 9912 9779 10092
f 10255 10296 9730
f 10500 10092 9701
f 10057 10471 9830
f 9870 10255 9964
f 9758 10063 10134
f 10337 10067 9832
f 10614 10049 9843
f 10101 10374 9801
f 10136 9920 9734
f 10244 10054 10251
f 10338 9970 9735
f 10328 10000 9633
f 10513 9964 9736
f 10352 9906 9685
f 10491 10336 9737
f 10394 9941 10395
f 10236 10219 9738
f 10014 10013 9754
f 10627 10047 9739
f 10079 10507 9821
f 10087 10053 9819
f 10249 10044 9734
f 10548 10073 9741
f 10205 10204 9859
f 10440 10163 10434
f 10084 10201 525
f 9607 10020 10238
f 10625 10019 9656
f 10605 10550 9744
f 468 10068 470
f 10090 9745 10233
f 10591 9632 9998
f 10405 10112 9894
f 10029 10111 9657
f 10122 10093 9747
f 10369 10043 9694
f 9962 9748 9926
f 10355 10105 10007
f 10119 9961 9749
f 10019 10015 9656
f 10349 10147 9987
f 10518 10103 9783
f 10027 10152 9808
f 10294 9940 9694
f 10560 9972 9752
f 10001 84 86
f 10261 10116 10628
f 10117 10115 9888
f 10593 10145 9810
f 10118 10086 10363
f 520 518 9908
f 10164 10163 10085
f 10168 10319 9756
f 10356 9747 10032
f 10533 10083 9873
f 10038 9982 9711
f 10095 9991 9758
f 10309 10173 9765
f 10175 9900 9759
f 10304 10139 9763
f 10589 10129 9760
f 10129 10350 9682
f 9881 10182 9761
f 9661 10062 9904
f 10193 9924 9762
f 10171 9848 10168
f 10617 10096 9763
f 9990 10139 9713
f 9943 10190 10342
f 10166 9880 9751
f 10410 9765 10173
f 10309 10004 9932
f 10206 10607 9766
f 10235 9974 9835
f 9951 9693 9952
f 10208 10555 67
f 10069 10558 9897
f 10498 10299 29
f 10305 9896 9769
f 10217 10209 20
f 10227 10009 9770
f 10125 9633 9916
f 10006 9771 9977
f 9999 10516 9864
f 10218 10334 9772
f 10107 9962 9636
f 10238 10631 9773
f 10264 10247 9605
f 10083 10039 9774
f 10150 9943 10342
f 10565 10042 10148
f 10468 10473 9708
f 10243 9776 10176
f 9901 10059 9639
f 10368 9959 9777
f 10604 461 459
f 10044 10249 10250
f 10162 10602 9722
f 10210 10389 9779
f 10344 10512 9650
f 10427 9948 9780
f 10400 10158 10078
f 9949 10259 9781
f 10257 10258 10116
f 9992 10226 9782
f 9969 10581 10225
f 10103 10148 9783
f 10160 10042 9775
f 10322 10015 9784
f 10274 10623 9705
f 9979 10102 10270
f 10551 10172 9944
f 10387 10099 9786
f 10131 10080 9833
f 9993 10279 10256
f 10357 10058 9797
f 9945 10141 9788
f 10285 10284 9903
f 10229 10021 9789
f 10403 10530 9676
f 10240 10293 9790
f 9967 10314 9793
f 10109 10585 9791
f 10472 10072 9813
f 9985 10320 9792
f 10323 10324 9953
f 10229 10315 10021
f 10557 483 10269
f 10473 10313 9794
f 10364 9709 9944
f 9989 10062 9795
f 10194 10216 9982
f 10272 10066 9796
f 10608 9659 10105
f 10436 10060 9797
f 10470 9995 9631
f 10544 10198 9798
f 10033 10067 9732
f 9906 10352 9799
f 10351 10202 9867
f 10418 9955 9800
f 10278 10187 9818
f 10448 10101 10011
f 10088 10028 10413
f 9933 10282 9802
f 9714 9973 9910
f 10499 10381 9803
f 10579 10236 9849
f 10234 10095 9804
f 10576 10346 9651
f 10041 10394 9805
f 10179 9728 10056
f 10214 10587 10446
f 10147 10213 9750
f 9613 10385 10017
f 10017 9807 10138
f 10152 10240 9808
f 10127 9667 9865
f 10031 10393 9809
f 10137 9657 9868
f 10145 10262 9810
f 10417 10509 9643
f 10156 10432 9971
f 10054 10094 9646
f 9899 10440 10438
f 10366 10429 10106
f 10266 9954 9813
f 10472 10548 9741
f 10528 10225 9814
f 10454 10100 9813
f 516 10435 10295
f 10165 10099 9675
f 10159 10429 9845
f 10366 10106 9812
f 10463 10286 10455
f 10547 9704 9938
f 10530 10278 9818
f 10481 472 470
f 10477 10087 9819
f 10490 10053 9740
f 10268 10078 9820
f 9959 9938 9777
f 10050 10331 9821
f 10507 9739 10047
f 9935 10466 10245
f 10514 9991 10095
f 9876 9694 10043
f 496 10077 498
f 10018 10138 9824
f 10226 10223 9782
f 10316 10276 9825
f 10418 9800 10046
f 9995 9736 10197
f 10102 10271 9785
f 10467 10175 9827
f 10091 10199 9632
f 10339 10539 9909
f 10302 9650 9947
f 10380 10232 9829
f 10484 10291 531
f 10357 10603 10058
f 10470 10471 9995
f 9618 9619 10114
f 9791 10391 10308
f 10576 10337 9832
f 10550 9832 10070
f 505 503 10080
f 9678 10122 9889
f 10085 10136 9834
f 10567 10380 9878
f 10376 9686 10055
f 10574 10536 9624
f 10209 10487 9836
f 10263 10025 16
f 10554 10247 9837
f 10242 10157 9674
f 9604 9605 10247
f 10242 9674 10113
f 10480 10283 9839
f 9928 9929 9687
f 10064 10292 9840
f 10424 10425 9981
f 78 80 10237
f 10360 10010 10598
f 10377 10345 9842
f 10347 10266 9813
f 10611 10218 9843
f 10049 9648 9890
f 10203 10154 9844
f 10254 10222 10290
f 10429 10387 9845
f 10159 10563 10431
f 10580 10386 10109
f 10585 10277 10307
f 10223 9680 9969
f 10581 9847 10420
f 10556 10319 9848
f 9762 10171 9879
f 10382 10579 10108
f 10599 10145 9669
f 10402 10075 9850
f 9975 10041 9645
f 10371 10071 9851
f 10222 9905 9647
f 10588 10586 9928
f 10588 10589 10185
f 10212 10478 9922
f 10297 10392 26
f 9630 10524 10459
f 10459 10452 9629
f 10428 9696 9963
f 10595 45 47
f 10432 9717 10094
f 10543 10542 9939
f 9890 10428 9857
f 10409 10142 10011
f 10632 10179 9858
f 10634 9805 10030
f 10204 10618 9859
f 10553 10538 10003
f 10520 9860 9951
f 9707 9860 10461
f 9915 10486 10260
f 10462 9968 9937
f 10506 9862 10135
f 43 10398 41
f 88 89 10026
f 10541 10525 9698
f 9909 9655 10339
f 9842 10345 10266
f 10241 9667 10127
f 10153 9966 9765
f 9984 10621 9866
f 10622 9635 9941
f 10202 10597 9867
f 10438 10440 9812
f 10415 9657 10137
f 10372 9748 9962
f 10259 10275 9886
f 10552 10260 9649
f 9964 10513 9870
f 10512 10344 9917
f 10116 10442 9871
f 10628 10627 10158
f 10510 10508 9872
f 10458 10359 9723
f 10326 9873 10083
f 10133 10002 9662
f 10563 9874 10319
f 10167 10577 9678
f 10531 9875 10402
f 10200 9767 9942
f 489 487 9876
f 10314 10276 9793
f 10602 10570 9877
f 10378 10061 539
f 10567 9878 10300
f 10084 525 523
f 10190 10193 9879
f 10171 10620 9848
f 10166 10168 9880
f 9751 9880 10151
f 10184 9760 9881
f 10474 9761 10098
f 10182 9682 9882
f 10183 10146 9638
f 10499 9803 10540
f 10401 10388 38
f 9700 9872 9884
f 10455 10286 9634
f 10492 10189 9885
f 9637 9885 10152
f 9869 10412 10275
f 10258 9886 9753
f 545 544 10404
f 10525 10541 9863
f 9700 9884 9888
f 10115 10117 9753
f 10167 9678 9889
f 10169 10356 9658
f 10381 9696 9890
f 9648 10614 9996
f 443 441 9891
f 9921 7 10
f 9627 9628 10583
f 9728 9892 10056
f 10052 9740 9893
f 10535 9893 10045
f 9601 9602 10504
f 10112 10405 9746
f 10397 10290 9895
f 10443 10268 9820
f 10305 10298 9896
f 9769 9896 10215
f 10383 9716 10076
f 10311 10188 34
f 10118 9699 9898
f 10417 9643 10024
f 9920 9652 9899
f 10439 10438 9688
f 10175 9684 9900
f 10181 9661 9904
f 10176 9776 9901
f 10186 10185 9760
f 10176 10467 9902
f 10317 10091 9745
f 10284 10575 9903
f 10469 10057 9830
f 10096 9759 10304
f 10062 10098 9795
f 10254 9844 9905
f 10400 9780 10158
f 10192 9685 9906
f 9641 9965 10431
f 10321 9907 10180
f 10343 9685 10271
f 521 520 10140
f 10164 10406 9755
f 10126 10519 9909
f 10539 10339 9771
f 9767 9875 10082
f 10555 9910 63
f 10250 10251 9911
f 10485 10291 9829
f 10475 9779 9912
f 9729 10273 10231
f 9983 9704 9913
f 10502 10068 468
f 10086 9636 9914
f 10569 10486 9915
f 10569 9915 10482
f 10267 10552 9872
f 10000 9730 9916
f 10125 10012 9819
f 10512 9917 10296
f 10545 10500 9916
f 10210 9644 9918
f 10389 9701 10092
f 10063 9758 9919
f 10367 9765 9966
f 10220 10246 9920
f 10136 10044 9834
f 9697 9891 9921
f 9697 10496 10254
f 10478 9853 9922
f 9768 10498 10188
f 10121 9817 9923
f 10550 10070 9744
f 10172 9785 9924
f 9762 9924 10192
f 10206 9741 9925
f 10607 10301 9974
f 9914 9636 9926
f 9914 9926 10569
f 10111 9746 9927
f 9726 10283 10480
f 10586 9839 9928
f 10588 10446 9852
f 10495 9674 9929
f 9839 9929 9928
f 10081 9743 9930
f 9687 10464 10214
f 9998 9632 10253
f 9689 9931 9932
f 10174 9689 10004
f 10411 9763 9990
f 10056 9695 9933
f 9645 10529 9975
f 10282 9695 9934
f 10281 57 59
f 9937 9725 9935
f 10501 10463 9960
f 10451 9935 10457
f 10312 10234 9804
f 9968 9725 9937
f 9937 10348 10522
f 10444 10449 9959
f 9777 9938 10221
f 10571 9722 10602
f 9698 10542 10541
f 10032 10369 9940
f 10293 10294 9790
f 10394 10336 9941
f 9978 9635 9977
f 10324 9792 9942
f 9767 10200 9875
f 9944 9663 9943
f 10342 10149 9774
f 10172 9663 9944
f 9944 10178 10364
f 10419 9691 9945
f 10252 9788 9956
f 10219 9772 9946
f 10013 10086 9754
f 9995 9731 10303
f 9870 9947 10512
f 10488 9948 10427
f 10261 9948 9670
f 10572 9949 10023
f 9692 10298 10305
f 10104 9692 9950
f 10562 10217 22
f 71 10329 10526
f 10008 9860 9707
f 70 71 10526
f 9767 9952 10207
f 10324 9693 9953
f 10590 10196 10009
f 10419 9814 9954
f 10266 10347 9842
f 10494 10269 9955
f 10269 482 480
f 9945 9788 10252
f 10361 9956 10280
f 9608 9609 10144
f 9743 9957 10019
f 9704 9923 9958
f 9704 10605 9913
f 10443 9820 9959
f 10368 9777 9997
f 10359 10458 9960
f 10286 10050 9821
f 9611 9612 9961
f 10274 9705 10048
f 10107 9727 9962
f 9636 9962 9926
f 10506 9855 9963
f 10428 9963 10248
f 10180 9736 9964
f 10483 10255 9970
f 10351 10430 9965
f 9906 9965 9641
f 9919 9765 10367
f 9642 9966 10230
f 10241 9790 9967
f 9667 9967 10315
f 10089 9725 9968
f 9861 10462 10260
f 10580 9847 9969
f 10528 10252 9640
f 10597 9970 10338
f 9735 9970 10000
f 10053 9671 10288
f 10432 10156 9717
f 10461 9972 10360
f 10560 9752 9971
f 59 10600 10281
f 9802 9973 10128
f 10574 9835 10536
f 9623 10301 9622
f 10531 9850 9975
f 10128 9933 9802
f 10578 9849 9976
f 10327 10069 9897
f 9941 9635 9978
f 10523 9771 9999
f 9720 9941 9978
f 10538 10437 10003
f 10358 9797 9979
f 10270 10102 9785
f 9993 9665 9980
f 10468 9708 9981
f 10160 9775 9981
f 9638 9981 10425
f 9840 10194 10064
f 10038 10150 9774
f 10221 9704 9983
f 10221 9983 10124
f 10320 9984 10211
f 9668 10075 10402
f 10399 9702 9985
f 9644 9985 10323
f 9977 9635 10006
f 10399 10210 9779
f 10350 9806 9987
f 9682 10384 9882
f 10313 9665 9988
f 10364 10358 9709
f 10132 9713 9989
f 10616 9795 10064
f 9932 9763 10411
f 10630 10132 10133
f 10245 9822 10514
f 9758 9991 10174
f 10148 9666 9992
f 9706 10228 9994
f 10561 10279 9993
f 9775 9993 9980
f 10224 9640 10615
f 9706 9994 10279
f 10471 9731 9995
f 10197 10180 9826
f 10579 9648 10236
f 10219 9996 9772
f 10397 9719 10040
f 453 9997 456
f 10466 9725 9998
f 10253 9632 9931
f 9977 9771 10523
f 9721 9999 10377
f 9970 9730 10000
f 9735 10328 10246
f 10156 9752 10001
f 10568 10318 10026
f 10173 9662 10002
f 9710 10002 10534
f 10553 10003 10362
f 10573 9842 10347
f 9689 9932 10004
f 9919 10004 9765
f 10312 9804 10005
f 10354 10353 9817
f 9986 9729 10006
f 9986 10006 9635
f 10105 9659 10007
f 9703 10007 10486
f 9693 9951 10008
f 9693 10008 9953
f 10087 9770 10010
f 9707 10196 10008
f 10606 9671 10010
f 10009 10010 9770
f 10142 9596 10011
f 9733 10101 10034
f 10227 9770 10341
f 10527 10125 9916
f 9738 9946 10013
f 10593 10421 9669
f 9738 10013 10014
f 10195 9976 9849
f 10335 9784 10048
f 10625 9930 9743
f 10375 9801 10016
f 10393 10414 9809
f 10385 9807 10017
f 9613 10289 9612
f 10335 10048 10018
f 9666 10018 10408
f 9749 10015 10019
f 9749 10019 9957
f 9957 9743 10144
f 9608 10020 9607
f 10315 9793 10021
f 9789 10021 10198
f 10421 10593 10022
f 10421 10022 10212
f 10572 10023 10024
f 10478 10511 9853
f 10422 10417 10024
f 9712 10024 10023
f 13 16 10025
f 10325 9905 9844
f 10332 9717 10026
f 9863 10026 89
f 10532 9637 10027
f 10534 10027 9710
f 9599 9600 10088
f 9715 10028 9894
f 10112 10111 10029
f 10414 10029 9809
f 10395 9720 10030
f 10634 10376 9858
f 10218 9672 10031
f 9727 10031 10137
f 10521 9823 10032
f 9747 10356 9889
f 10365 9798 10033
f 10134 10095 9758
f 10610 9733 10034
f 9672 10034 10375
f 10485 10035 10291
f 534 10035 536
f 9729 9986 10036
f 9729 10475 9912
f 10134 9732 10037
f 10005 10037 9651
f 10594 9982 10038
f 10083 10533 9757
f 9664 10038 10039
f 9664 10330 9989
f 10371 9851 10040
f 452 10040 453
f 10546 9737 10041
f 9645 10041 10396
f 9992 9706 10565
f 9783 10042 10160
f 10369 9823 10043
f 10426 491 489
f 10136 9734 10044
f 9834 10044 10567
f 10246 10328 10045
f 9734 10045 9893
f 10198 9690 10046
f 9798 10626 10287
f 10117 9634 10047
f 9871 10047 10627
f 9784 10015 10048
f 10018 10048 9705
f 10610 9843 10049
f 9733 10049 10333
f 10354 9817 10050
f 9724 10463 10501
f 9892 9728 10051
f 9627 10051 9626
f 10125 9819 10052
f 9633 10535 10045
f 10087 9671 10053
f 9819 10490 10052
f 10441 9811 10054
f 9740 10054 10244
f 10582 10055 10110
f 9835 10055 10235
f 9892 9695 10056
f 9728 10179 10632
f 9655 9909 10575
f 9903 10057 10469
f 10469 9830 10603
f 9797 10058 9979
f 10177 9726 10059
f 9776 10059 9901
f 10256 9787 10060
f 9665 10436 9988
f 10378 10570 10061
f 542 10515 544
f 9713 9904 10062
f 9713 10062 9989
f 9642 10033 10063
f 9642 10063 9919
f 9989 9795 10616
f 10594 10194 9982
f 10165 9815 10099
f 9786 10306 10080
f 10272 9657 10066
f 9796 10066 10177
f 10337 9732 10067
f 9832 10067 10549
f 10489 9818 10068
f 10502 10566 9913
f 10212 9768 10421
f 9976 10327 10578
f 10549 9676 10070
f 9744 10489 10068
f 443 9891 10071
f 446 10071 448
f 10347 9813 10072
f 9653 10072 10205
f 9619 9620 10390
f 9831 10073 10548
f 10177 9776 10074
f 10130 10105 9748
f 9668 9984 10075
f 9850 10075 10546
f 10398 9883 10401
f 38 10388 35
f 10032 9747 10521
f 9823 10077 10340
f 10268 9647 10078
f 9820 10078 10444
f 10078 9739 10079
f 10624 9821 10331
f 507 505 10080
f 10131 10122 9678
f 10020 9743 10631
f 10631 10081 10239
f 65 67 10555
f 9910 10082 9875
f 9757 10039 10083
f 9873 10326 10532
f 9742 9878 10084
f 10140 520 9908
f 10163 9652 10085
f 9742 10085 10300
f 10013 9636 10086
f 9754 10086 10118
f 10010 9671 10087
f 9770 10477 10012
f 10374 9599 10088
f 9801 10413 10016
f 10445 9745 10089
f 9725 10089 9998
f 9659 9902 10090
f 9659 10090 10007
f 10317 9827 10091
f 9745 10091 10089
f 10273 9912 10344
f 9917 10092 10500
f 10122 9833 10093
f 10077 10093 500
f 10332 9856 10094
f 9811 10094 10054
f 10234 9660 10095
f 10134 10063 9732
f 10199 9759 10096
f 9632 10617 9931
f 9905 9718 10097
f 9905 10097 9647
f 10062 9661 10098
f 9795 10098 10292
f 10065 9786 10099
f 10065 10099 9815
f 10391 9831 10100
f 9677 10100 10454
f 9733 10011 10101
f 10034 10101 10375
f 10197 9826 10102
f 9631 10102 9979
f 10018 9666 10335
f 10518 10146 9750
f 10511 9692 10104
f 9853 10104 10297
f 10608 10105 10130
f 9748 10355 9926
f 10438 9812 10106
f 9688 10106 10430
f 10031 9727 10334
f 9946 10107 9636
f 10383 9803 10108
f 9716 10108 10578
f 10386 9846 10109
f 9847 10109 10308
f 9626 10051 10110
f 9625 10110 10574
f 10112 9746 10111
f 9657 10493 10066
f 9715 9894 10112
f 9715 10112 10029
f 10405 9837 10113
f 9746 10113 9927
f 9617 9618 10307
f 9791 10114 10391
f 9700 9888 10115
f 9700 10115 10412
f 10258 9753 10116
f 9670 10116 10261
f 9888 9634 10117
f 10442 10047 9871
f 10363 9699 10118
f 10262 10417 9810
f 9610 9611 10119
f 9610 10119 9957
f 10459 10120 10452
f 9892 10120 9695
f 10331 9817 10121
f 9673 10121 9938
f 10131 9833 10122
f 9889 10122 9747
f 10596 9887 10123
f 94 10123 92
f 9997 9777 10601
f 458 10124 459
f 10527 10012 10125
f 9633 10125 10052
f 9947 9731 10126
f 9828 10126 10539
f 10027 9808 10127
f 9710 10127 9865
f 9714 9975 10128
f 9714 10128 9973
f 10589 9852 10129
f 9881 10129 9682
f 9796 10074 10130
f 9796 10629 10272
f 9786 10080 10131
f 9786 10517 10387
f 9662 10630 10133
f 9757 10132 10330
f 9873 10002 10533
f 9757 10133 10132
f 9804 10095 10134
f 9804 10134 10037
f 43 45 10135
f 9862 10506 10499
f 9652 9920 10136
f 9652 10136 10085
f 10031 9809 10137
f 9727 10137 10372
f 10370 9824 10138
f 10017 10138 10623
f 10304 9904 10139
f 9763 10139 9990
f 9742 10084 10140
f 9742 10140 10164
f 10284 9788 10141
f 9864 10141 10345
f 9595 9596 10142
f 9857 10409 10333
f 80 82 10505
f 9841 10143 10460
f 10020 9608 10144
f 10020 10144 9743
f 10014 9754 10145
f 10014 10145 10599
f 10384 9750 10146
f 10503 9783 10160
f 10349 9656 10147
f 9987 10147 9750
f 10103 9666 10148
f 9783 10148 10042
f 10083 9774 10326
f 9637 10492 9885
f 9711 9943 10150
f 9711 10150 10038
f 10240 9751 10151
f 10240 10151 10293
f 9885 9751 10152
f 9637 10152 10027
f 9710 9865 10153
f 9710 10410 10002
f 13 10025 10154
f 13 10154 12
f 9800 9955 10155
f 10613 476 10187
f 10568 9717 10156
f 9752 10156 9971
f 10564 9773 10157
f 9838 10157 10242
f 10097 9780 10400
f 10078 10158 9739
f 10431 9816 10159
f 9874 10159 10577
f 10518 9783 10503
f 9638 10160 9981
f 10554 9837 10161
f 9603 10161 9602
f 9722 9911 10162
f 9939 10162 10543
f 10440 9652 10163
f 9755 10163 10164
f 10140 9908 10164
f 9742 10164 10085
f 10406 9815 10165
f 10434 10366 9812
f 10189 9681 10166
f 9885 10166 9751
f 10319 9874 10167
f 9756 10167 9889
f 10166 9681 10168
f 9880 10168 9756
f 9756 9889 10169
f 9756 10169 9880
f 439 5 10453
f 9891 10170 9921
f 9681 9879 10171
f 9681 10171 10168
f 9924 9663 10172
f 9785 10551 10270
f 10411 9662 10309
f 9765 10410 10153
f 9991 9689 10174
f 9758 10174 9919
f 10467 9684 10175
f 9827 10175 10199
f 9901 9684 10176
f 9776 10243 10074
f 10066 9726 10177
f 9796 10177 10074
f 10216 9794 10178
f 9711 10178 10619
f 10633 9858 10179
f 10476 10056 9933
f 10197 9736 10180
f 9826 10180 10343
f 9759 9900 10181
f 9759 10181 10304
f 9881 9682 10182
f 9761 10182 10183
f 10182 9882 10183
f 9761 10183 10292
f 9900 9760 10184
f 9900 10184 9661
f 9901 9639 10185
f 9901 10185 10186
f 9684 9901 10186
f 9684 10186 9900
f 10278 10613 10187
f 9818 10187 10481
f 32 34 10188
f 10498 9768 9922
f 10492 9764 10189
f 9885 10189 10166
f 9943 9663 10190
f 9764 10190 10189
f 10192 9906 10191
f 10620 10556 9848
f 9924 9685 10192
f 9762 10192 10191
f 10190 9663 10193
f 9879 10193 9762
f 10424 9708 10194
f 10064 10594 9664
f 9738 10014 10195
f 9738 10195 10236
f 9953 10008 10196
f 10590 10227 9644
f 9631 9995 10197
f 9631 10197 10102
f 10230 9789 10544
f 9798 10198 10046
f 10175 9759 10199
f 9827 10199 10091
f 10402 9875 10200
f 9668 10200 9942
f 529 527 10484
f 9829 10201 10380
f 10321 9654 10447
f 10351 10439 9688
f 10 12 10203
f 10 10203 9921
f 10055 9686 10235
f 9766 10204 10205
f 10206 9766 10205
f 9653 10205 10362
f 10072 9741 10206
f 10072 10206 10205
f 9942 9767 10207
f 9942 10207 10324
f 67 70 10208
f 10082 10208 9767
f 10217 9769 10209
f 20 10209 17
f 9985 9644 10210
f 9985 10210 10399
f 9942 9792 10211
f 9942 10211 9668
f 10022 9712 10212
f 9768 10212 9922
f 9784 10103 10213
f 9784 10213 10322
f 10464 9806 10214
f 9687 10214 9928
f 10487 9769 10215
f 9948 10215 9670
f 10194 9708 10216
f 9982 10216 9711
f 10562 9950 10217
f 22 10217 20
f 10611 9672 10218
f 9843 10218 10612
f 10236 9996 10219
f 9738 10219 9946
f 10338 9735 10220
f 9899 10220 9920
f 9938 9704 10221
f 9777 10221 10124
f 10254 9905 10222
f 9895 10222 10268
f 10226 9824 10223
f 9782 10223 9969
f 9782 9969 10224
f 9782 10615 10228
f 10581 9814 10225
f 9969 10225 10224
f 10408 9824 10226
f 9666 10226 9992
f 10590 10009 10227
f 9918 10227 10341
f 9992 9782 10228
f 9992 10228 9706
f 9865 9667 10229
f 9865 10229 9789
f 9966 9789 10230
f 9642 10230 10365
f 10006 9729 10231
f 10006 10231 9771
f 10250 9911 10232
f 10380 10201 9878
f 10007 10090 10233
f 10007 10233 9861
f 9936 9660 10234
f 9936 10312 10501
f 10607 9974 10235
f 10204 10235 9686
f 9648 9996 10236
f 9849 10236 10195
f 9860 78 10237
f 9860 10237 10461
f 9606 9607 10238
f 9606 10238 10264
f 10157 9773 10239
f 10157 10239 9929
f 10152 9751 10240
f 10241 9967 9667
f 9808 10240 10241
f 9808 10241 10127
f 10247 9838 10242
f 9837 10242 10113
f 9659 10074 10243
f 9902 10243 10176
f 9893 9740 10244
f 9893 10244 10249
f 10466 9822 10245
f 9935 10245 9660
f 10220 9735 10246
f 9920 10246 9734
f 10242 9837 10247
f 9838 10247 10264
f 9963 9594 10248
f 9857 10248 10142
f 10244 9778 10249
f 9893 10249 9734
f 10249 9778 10250
f 9679 10250 10232
f 10250 9778 10251
f 9911 10251 10162
f 10528 9945 10252
f 9640 10361 9994
f 9822 9998 10253
f 9822 10253 10465
f 10496 9844 10254
f 9697 10254 10290
f 10321 9964 10483
f 9970 10255 9730
f 10279 9787 10256
f 9993 10256 9665
f 10298 9781 10257
f 9896 10257 9670
f 9781 9886 10258
f 9781 10258 10257
f 10572 9643 10259
f 9781 10259 9886
f 10486 9861 10260
f 9915 10260 10552
f 9780 9948 10261
f 10628 10116 9871
f 9754 10118 10262
f 9754 10262 10145
f 10209 9836 10263
f 17 10263 16
f 10564 9838 10264
f 9606 10264 9605
f 9614 9615 10385
f 9807 10265 10386
f 9691 9954 10266
f 10345 10377 9864
f 10482 9915 10267
f 10508 10510 9869
f 10222 9647 10268
f 9895 10443 9719
f 10494 9825 10269
f 9955 10269 10155
f 9709 9979 10270
f 10551 9785 10172
f 10102 9826 10271
f 9785 10271 9924
f 9868 9657 10272
f 9868 10272 10629
f 9729 9912 10273
f 9828 10273 10302
f 9749 9961 10274
f 10584 10048 10015
f 10509 9869 10275
f 9643 10275 10259
f 10310 9825 10276
f 9876 10314 9694
f 10265 9616 10277
f 10585 10307 9791
f 10046 9800 10403
f 10530 10489 10070
f 9994 9787 10279
f 9706 10279 10561
f 10060 9787 10280
f 10060 10280 10357
f 10282 9934 10281
f 9802 10600 9973
f 9933 9695 10282
f 9802 10282 10281
f 9726 9927 10283
f 9839 10495 9929
f 10516 9655 10284
f 9788 10284 10285
f 9956 9788 10285
f 9683 10285 10469
f 10463 10050 10286
f 9634 10450 10047
f 10033 9798 10287
f 10067 10287 9676
f 10560 9971 10288
f 10053 10441 9740
f 9961 9612 10289
f 9961 10623 10274
f 10222 9895 10290
f 9697 10290 10071
f 9722 10035 10485
f 10484 531 529
f 10425 9840 10292
f 9761 10292 10098
f 9658 9940 10293
f 9658 10293 10151
f 10293 9940 10294
f 9790 10294 9967
f 10435 9815 10295
f 516 10295 518
f 10255 9870 10296
f 9730 10296 10545
f 9922 9853 10299
f 28 10297 26
f 9692 9949 10298
f 9896 10298 10257
f 9853 10297 10299
f 9922 10299 10498
f 10085 9834 10300
f 9742 10300 9878
f 9925 9622 10301
f 9925 10607 10206
f 10273 9650 10302
f 10126 10302 9947
f 9731 9947 10303
f 9995 10303 9736
f 10181 9904 10304
f 10096 10304 9763
f 9950 9692 10305
f 9950 10305 9769
f 509 507 10306
f 10065 10306 9786
f 10277 9617 10307
f 9791 10307 10114
f 10109 9791 10308
f 9847 10308 10420
f 9765 10004 10309
f 10173 10309 9662
f 487 485 10310
f 9876 10310 10276
f 10388 9897 10311
f 35 10311 34
f 9936 10234 10312
f 9724 10312 10005
f 9980 9665 10313
f 9980 10313 10473
f 9876 10276 10314
f 9694 10314 9967
f 9967 9793 10315
f 9667 10315 10229
f 10021 9793 10316
f 9690 10316 10494
f 9902 9827 10317
f 10090 10317 9745
f 10568 10001 10318
f 10026 10318 88
f 10563 10319 10556
f 9848 10319 10168
f 9985 9702 10320
f 9792 10320 10211
f 10483 9654 10321
f 9964 10321 10180
f 9656 10015 10322
f 10147 10322 10213
f 9985 9792 10323
f 9644 10323 10590
f 10207 9693 10324
f 9792 10324 10323
f 10025 9718 10325
f 10154 10325 9844
f 10149 9637 10326
f 10149 10326 9774
f 9976 10069 10327
f 9716 10327 10076
f 9735 10000 10328
f 10045 10328 9633
f 71 73 10329
f 9952 10329 9951
f 10132 9989 10330
f 9757 10330 10039
f 10050 9817 10331
f 9821 10624 10079
f 10094 9717 10332
f 9856 10332 10541
f 10049 9890 10333
f 10409 9857 10142
f 10218 10031 10334
f 9772 10334 10107
f 10103 9784 10335
f 10103 10335 9666
f 10491 9866 10336
f 9737 10336 10394
f 10037 9732 10337
f 10037 10576 9651
f 10483 9970 10597
f 9867 10338 10220
f 9999 9771 10339
f 9999 10339 9655
f 10043 9823 10340
f 10043 10340 10426
f 9770 10012 10341
f 9918 10341 10389
f 9774 10150 10342
f 10149 10342 9764
f 10180 9907 10343
f 9826 10343 10271
f 10092 9917 10344
f 10092 10344 9912
f 9691 10266 10345
f 9691 10345 10141
f 10497 9651 10346
f 9958 10550 10605
f 10373 9842 10573
f 9653 10347 10072
f 10522 9884 10379
f 9884 10348 9723
f 10625 9656 10349
f 9806 10349 9987
f 10587 9806 10350
f 9682 10350 9987
f 9799 10202 10351
f 9799 10351 9965
f 10447 9799 10352
f 9907 10352 10343
f 9724 10005 10354
f 9817 10353 9923
f 10005 10353 10354
f 9724 10354 10050
f 9748 10105 10355
f 9926 10355 9703
f 10169 9889 10356
f 9658 10356 10032
f 10280 9683 10357
f 10060 10357 9797
f 10436 9797 10358
f 9988 10358 10364
f 9884 9723 10359
f 9888 10455 9634
f 9841 9972 10461
f 10598 10010 10009
f 9640 10252 10361
f 9994 10361 9787
f 10205 9859 10362
f 9653 10362 10573
f 10482 9699 10363
f 9914 10363 10086
f 9794 9988 10364
f 9794 10364 10178
f 10544 9798 10365
f 9642 10365 10033
f 9816 10106 10429
f 9675 10366 10165
f 9642 9919 10367
f 9642 10367 9966
f 9719 9959 10368
f 9719 10368 9997
f 10032 9823 10369
f 9940 10369 9694
f 10138 9807 10370
f 9824 10559 10223
f 449 448 10371
f 449 10371 10040
f 10137 9868 10372
f 9727 10372 9962
f 10437 9721 10373
f 10573 10347 9653
f 10448 9598 10374
f 9801 10374 10088
f 10101 9801 10375
f 9672 10375 10016
f 10055 9858 10376
f 9686 10376 10618
f 9999 9864 10377
f 10373 10377 9842
f 10035 9877 10378
f 537 10378 539
f 10552 9649 10379
f 9872 10379 9884
f 9679 10232 10380
f 9679 10380 10567
f 10506 9696 10499
f 10382 9890 9648
f 9803 10381 10382
f 9803 10382 10108
f 10540 9803 10383
f 9883 10383 10076
f 9682 9987 10384
f 9882 10384 10146
f 10265 9807 10385
f 9614 10385 9613
f 10265 9846 10386
f 9807 10386 10370
f 9675 10099 10387
f 10517 9786 10131
f 10401 10076 10388
f 35 10388 10311
f 10210 9918 10389
f 9779 10389 10092
f 10114 9619 10390
f 10114 10390 9831
f 10114 9831 10391
f 10308 10391 9677
f 10297 10104 10392
f 24 10392 10562
f 9672 10016 10393
f 9672 10393 10031
f 10041 9737 10394
f 10395 9941 9720
f 9805 10394 10395
f 9805 10395 10030
f 10633 9645 10396
f 10633 10396 10634
f 10040 9851 10397
f 9719 10397 9895
f 43 9862 10398
f 41 10398 39
f 10036 9702 10399
f 10036 10399 9779
f 9647 10097 10400
f 9647 10400 10078
f 9883 10076 10401
f 39 10401 38
f 10200 9668 10402
f 9875 10531 9714
f 9800 10278 10403
f 10626 9676 10287
f 98 545 10404
f 95 10596 94
f 10161 9837 10405
f 10161 10405 9894
f 10165 9755 10406
f 10295 10406 9908
f 503 501 10407
f 503 10407 10080
f 10018 9824 10408
f 9666 10408 10226
f 9733 10333 10409
f 9733 10409 10011
f 9710 10153 10410
f 10002 10410 10173
f 10309 9932 10411
f 9662 10411 10630
f 10510 9700 10412
f 10275 10412 9886
f 10028 9715 10413
f 10088 10413 9801
f 9715 10029 10414
f 9715 10414 10016
f 10029 9657 10415
f 9809 10415 10137
f 9744 10068 10416
f 9744 10416 10605
f 10262 9898 10417
f 9810 10417 10422
f 10494 9955 10418
f 9690 10418 10046
f 9954 9691 10419
f 9814 10419 10528
f 9954 9814 10420
f 9954 10420 10454
f 10069 9669 10421
f 10069 10421 9768
f 10593 9810 10422
f 9712 10422 10024
f 9741 10073 10423
f 9925 10423 9621
f 10194 9840 10424
f 9708 10424 9981
f 10292 10183 10425
f 9840 10425 10424
f 9876 10043 10426
f 9876 10426 489
f 9780 10097 10427
f 9948 10488 9836
f 9890 9696 10428
f 9857 10428 10248
f 10366 9675 10429
f 9816 10429 10159
f 10351 9688 10430
f 9965 10430 10431
f 10430 9816 10431
f 9641 10431 10563
f 9811 9971 10432
f 9811 10432 10094
f 10609 55 10433
f 9934 10433 57
f 9755 10165 10434
f 9755 10434 10163
f 10065 9815 10435
f 513 10435 516
f 9665 10060 10436
f 9988 10436 10358
f 9720 9978 10538
f 10003 10437 10373
f 10220 9899 10439
f 9688 10438 10106
f 9899 10438 10439
f 9867 10439 10351
f 9899 9652 10440
f 9812 10440 10434
f 10288 9811 10441
f 10288 10441 10053
f 9753 10117 10442
f 9753 10442 10116
f 9895 10268 10443
f 9719 10443 9959
f 10078 10079 10444
f 9820 10444 9959
f 10233 9745 10445
f 9968 10445 10089
f 10587 9852 10446
f 10214 10446 9928
f 10352 9907 10447
f 9799 10447 10202
f 9597 9598 10448
f 9597 10448 10011
f 9673 9938 10449
f 9673 10449 10444
f 10286 9821 10450
f 10286 10450 9634
f 9937 9935 10451
f 10348 10451 9723
f 9628 9629 10452
f 9628 10452 10583
f 441 439 10453
f 441 10453 9891
f 10420 9677 10454
f 9954 10454 9813
f 10359 9960 10455
f 10359 10455 9888
f 9963 9855 10456
f 9963 10456 9594
f 9935 9936 10457
f 10451 10457 9723
f 10457 9936 10458
f 10457 10458 9723
f 10524 9854 10459
f 9630 10459 9629
f 9972 9841 10460
f 9972 10460 9752
f 10237 9841 10461
f 9707 10461 10360
f 9861 9968 10462
f 10260 10462 9649
f 9724 10050 10463
f 9960 10463 10455
f 10349 9806 10464
f 9930 10464 9687
f 10514 9822 10465
f 9991 10465 9689
f 9998 9822 10466
f 9725 10466 9935
f 10176 9684 10467
f 9902 10467 9827
f 9775 9980 10468
f 9775 10468 9981
f 10285 9903 10469
f 10603 9830 10058
f 10058 9830 10470
f 10058 10470 9631
f 10057 9731 10471
f 9830 10471 10470
f 9813 10100 10472
f 10072 10472 9741
f 10468 9980 10473
f 10216 10473 9794
f 10184 9881 10474
f 9661 10474 10098
f 10036 9779 10475
f 10036 10475 9729
f 10633 10179 10476
f 9645 10476 10529
f 9770 10087 10477
f 10012 10477 9819
f 9712 10023 10478
f 9712 10478 10212
f 82 84 10479
f 10143 10479 9752
f 10059 9726 10480
f 10059 10480 9639
f 474 472 10481
f 9818 10481 10068
f 10363 9914 10482
f 9699 10482 10267
f 9964 10255 10483
f 9654 10483 10597
f 9829 10291 10484
f 9829 10484 10201
f 10232 9722 10485
f 10232 10485 9829
f 10007 9861 10486
f 9703 10486 10569
f 10209 9769 10487
f 9836 10487 9948
f 10263 9836 10488
f 9718 10488 10427
f 10530 9818 10489
f 10070 10489 9744
f 9819 10053 10490
f 10052 10490 9740
f 9984 9866 10491
f 10075 10491 9737
f 10149 9764 10492
f 10149 10492 9637
f 10111 9927 10493
f 10111 10493 9657
f 10316 9825 10494
f 9690 10494 10418
f 10283 9674 10495
f 10283 10495 9839
f 10203 9844 10496
f 9921 10496 9697
f 10353 9651 10497
f 9923 10497 9958
f 32 10188 10498
f 32 10498 29
f 9696 10381 10499
f 10540 10383 9883
f 10545 9917 10500
f 9916 10500 10527
f 10312 9724 10501
f 10458 10501 9960
f 468 465 10502
f 10416 10502 9913
f 9638 10146 10503
f 9638 10503 10160
f 10028 9601 10504
f 10028 10504 9894
f 10237 80 10505
f 10237 10505 9841
f 9963 9696 10506
f 9855 10506 10135
f 10450 9821 10507
f 10450 10507 10047
f 9699 10267 10508
f 9699 10508 9898
f 10508 9869 10509
f 9898 10509 10417
f 10412 9869 10510
f 9700 10510 9872
f 10023 9692 10511
f 10023 10511 10478
f 9947 9650 10512
f 9870 10512 10296
f 9947 9870 10513
f 10303 10513 9736
f 10465 9991 10514
f 10245 10514 9660
f 542 10061 10515
f 544 10515 10404
f 10141 9864 10516
f 10141 10516 10284
f 9845 10387 10517
f 9845 10517 10577
f 9750 10213 10518
f 10146 10518 10503
f 10575 9909 10519
f 10057 10519 9731
f 73 76 10520
f 73 10520 10329
f 10077 9823 10521
f 10077 10521 9747
f 10462 9937 10522
f 9649 10522 10379
f 10437 9977 10523
f 9721 10523 9999
f 10592 9854 10609
f 53 10524 51
f 10123 9887 10525
f 10123 10525 9863
f 10329 9952 10526
f 70 10526 10208
f 9701 10012 10527
f 9701 10527 10500
f 9640 10225 10528
f 9945 10528 10419
f 10476 9933 10529
f 9975 10529 10128
f 10403 10278 10530
f 9676 10530 10070
f 9975 9714 10531
f 9850 10531 10402
f 10326 9637 10532
f 9873 10532 10534
f 10133 9757 10533
f 10133 10533 10002
f 10532 10027 10534
f 9873 10534 10002
f 10052 9893 10535
f 10052 10535 9633
f 10301 9623 10536
f 9974 10536 9835
f 10456 9855 10537
f 9592 10537 49
f 9978 10437 10538
f 9720 10538 10553
f 10126 9909 10539
f 9828 10539 10231
f 9862 10499 10540
f 9862 10540 10398
f 10332 9863 10541
f 10542 10602 9939
f 9856 10541 10542
f 10543 10162 9646
f 9856 10542 10543
f 9856 10543 10094
f 9789 10198 10544
f 10230 10544 10365
f 10296 9917 10545
f 9730 10545 9916
f 10075 9737 10546
f 9850 10546 9975
f 10121 9923 10547
f 10121 10547 9938
f 10100 9831 10548
f 10100 10548 10472
f 10067 9676 10549
f 9832 10549 10070
f 10346 9832 10550
f 10346 10550 9958
f 9709 10270 10551
f 9709 10551 9944
f 10267 9915 10552
f 9872 10552 10379
f 10030 9720 10553
f 9859 10553 10362
f 9603 9604 10554
f 9603 10554 10161
f 10082 9910 10555
f 10082 10555 10208
f 10191 9641 10556
f 10191 10556 10620
f 485 483 10557
f 10310 10557 9825
f 10311 9897 10558
f 10311 10558 10188
f 9824 10370 10559
f 10223 10559 9680
f 10606 9972 10560
f 9671 10560 10288
f 10565 9706 10561
f 10042 10561 9775
f 10392 9950 10562
f 24 10562 22
f 10159 9874 10563
f 9641 10563 10556
f 10157 9838 10564
f 9773 10564 10238
f 10561 10042 10565
f 9992 10565 10148
f 9983 9913 10566
f 9983 10566 461
f 10044 9679 10567
f 9834 10567 10300
f 10156 10001 10568
f 9717 10568 10026
f 9926 9703 10569
f 9914 10569 10482
f 10378 9877 10570
f 10061 10570 10525
f 10035 9722 10571
f 10035 10571 9877
f 10259 9949 10572
f 9643 10572 10024
f 10003 10373 10573
f 10003 10573 10362
f 10110 9835 10574
f 9625 10574 9624
f 10057 9903 10575
f 10057 10575 10519
f 9832 10346 10576
f 10337 10576 10037
f 10159 9845 10577
f 9874 10577 10167
f 10108 9849 10578
f 9716 10578 10327
f 10382 9648 10579
f 10108 10579 9849
f 9969 9680 10580
f 9847 10580 10109
f 10420 9814 10581
f 9847 10581 9969
f 10051 9728 10582
f 10051 10582 10110
f 9892 10051 10583
f 9892 10583 10452
f 9749 10274 10584
f 9749 10584 10015
f 9846 10277 10585
f 9846 10585 10109
f 10480 9839 10586
f 9639 10586 10588
f 10350 9852 10587
f 9806 10587 10214
f 9928 10446 10588
f 9639 10588 10185
f 10588 9852 10589
f 10185 10589 9760
f 9953 10196 10590
f 9953 10590 10323
f 10091 9632 10591
f 10091 10591 10089
f 10433 9934 10592
f 9854 10592 10120
f 9669 10145 10593
f 10022 10593 10422
f 10064 10194 10594
f 9664 10594 10038
f 10135 45 10595
f 9855 10595 10537
f 95 10404 10596
f 94 10596 10123
f 10202 9654 10597
f 9867 10597 10338
f 9707 10360 10598
f 9707 10598 10196
f 10195 10014 10599
f 10195 10599 9976
f 59 61 10600
f 10281 10600 9802
f 9777 10124 10601
f 9997 10601 456
f 10162 9939 10602
f 10571 10602 9877
f 9683 10469 10603
f 9683 10603 10357
f 10124 9983 10604
f 10124 10604 459
f 9704 9958 10605
f 9913 10605 10416
f 10360 9972 10606
f 10360 10606 10010
f 9925 10301 10607
f 9766 10607 10204
f 10074 9659 10608
f 10074 10608 10130
f 53 55 10609
f 10524 10609 9854
f 10049 9733 10610
f 9843 10610 10611
f 10034 9672 10611
f 10034 10611 10610
f 10614 9843 10612
f 9996 10612 9772
f 9800 10155 10613
f 9800 10613 10278
f 9648 10049 10614
f 9996 10614 10612
f 9782 10224 10615
f 10228 10615 9994
f 9664 9989 10616
f 9664 10616 10064
f 9632 10096 10617
f 9931 10617 9763
f 10030 9859 10618
f 10030 10618 10376
f 10178 9944 10619
f 9711 10619 9943
f 9762 10191 10620
f 9762 10620 10171
f 10622 9866 10621
f 9986 10621 9702
f 10336 9866 10622
f 10336 10622 9941
f 10289 10017 10623
f 10289 10623 9961
f 9673 10079 10624
f 9673 10624 10121
f 9743 10019 10625
f 9930 10625 10349
f 10046 10403 10626
f 10046 10626 9798
f 10628 9871 10627
f 10158 10627 9739
f 9780 10261 10628
f 9780 10628 10158
f 10372 9868 10629
f 9748 10629 10130
f 9990 10132 10630
f 9990 10630 10411
f 9743 10081 10631
f 10020 10631 10238
f 10055 9728 10632
f 10055 10632 9858
f 10634 9858 10633
f 9645 10633 10476
f 10030 10376 10634
f 9805 10634 10396
f 11463 10837 11038
f 11352 10837 11045
f 11485 356 354
f 11354 11220 10654
f 11045 10714 11352
f 11074 10763 10981
f 10920 11695 11164
f 11242 11120 10649
f 10679 50 48
f 10985 11226 11373
f 52 10635 11797
f 11120 11374 10648
f 11512 10785 11048
f 10635 10636 11403
f 11812 11120 10803
f 11403 11162 10855
f 11315 69 11342
f 11234 56 54
f 11461 10919 11297
f 11491 10909 11162
f 11201 66 64
f 11680 10918 11245
f 11403 10855 11234
f 11461 11297 11425
f 11366 10855 11642
f 11246 10737 11326
f 11245 10758 11046
f 11425 10645 10646
f 11298 10693 11318
f 11507 10811 11246
f 11762 11761 11217
f 11221 10823 10983
f 11585 10642 10643
f 11701 62 60
f 11077 10695 11367
f 11201 11249 66
f 11178 10799 11040
f 11039 343 11130
f 11315 11411 72
f 11776 10752 11113
f 11428 11384 11411
f 11216 11677 11819
f 11186 11733 77
f 10863 10955 11257
f 11320 10914 11187
f 11641 11210 11000
f 11210 10851 11000
f 11733 79 77
f 11447 11210 332
f 11435 10990 85
f 11310 10683 11040
f 11435 85 83
f 11447 10851 11210
f 11358 10973 11447
f 90 11364 11363
f 11358 325 11555
f 10882 11260 11431
f 11570 10746 11504
f 11555 10882 11358
f 11784 321 97
f 11784 97 96
f 11541 11072 11277
f 11052 11053 11617
f 11508 369 11747
f 11730 11729 11080
f 11057 374 372
f 11199 10805 11615
f 11813 11267 10812
f 11016 380 378
f 11720 11405 10662
f 11477 10754 11209
f 11125 380 11016
f 11229 10687 11194
f 11619 11539 384
f 11146 10796 11333
f 11333 11078 10707
f 11566 10905 11203
f 11511 11009 10777
f 11628 397 11481
f 11157 23 21
f 11434 10700 11653
f 11340 10784 11469
f 6 3 437
f 11703 10692 11123
f 11549 11064 410
f 11153 11230 11588
f 11340 10965 416
f 10848 11410 11022
f 11522 10927 11662
f 11573 11360 11826
f 11340 416 414
f 11522 416 10965
f 11433 10747 11429
f 11232 11305 11662
f 11801 10947 11361
f 11231 10749 10946
f 11301 9 8
f 424 11305 11645
f 11325 428 425
f 11301 10947 11483
f 11563 10883 11261
f 11563 435 433
f 11259 11563 432
f 11261 10883 11301
f 435 11563 11261
f 11692 11225 10817
f 11459 10870 11485
f 11167 10993 10767
f 11256 11049 11087
f 11330 11622 11220
f 11236 11352 11072
f 11463 365 364
f 11616 11118 10657
f 11702 11471 10708
f 11755 10842 11209
f 11125 11619 381
f 11619 10917 11539
f 11557 10842 11106
f 11539 388 386
f 11687 10957 11033
f 11548 11574 389
f 11818 11794 10796
f 11592 10832 11219
f 11785 10836 10997
f 11640 10730 11088
f 11592 11219 403
f 11785 11168 10836
f 11592 403 401
f 11629 10757 11672
f 11241 10891 11419
f 11437 11054 11717
f 11251 10892 11608
f 11147 11689 10675
f 11037 10685 11699
f 11664 10676 11558
f 27 11192 30
f 11534 11103 11439
f 11786 10828 11171
f 11569 11568 11149
f 11155 11448 11050
f 11171 10828 10954
f 11705 11171 11083
f 11175 10720 11010
f 11602 10720 11175
f 11099 10816 10961
f 40 11083 11099
f 11817 11124 46
f 11627 11131 11817
f 11371 10825 11133
f 11817 44 11627
f 11220 10653 10654
f 357 11074 11714
f 11574 11109 393
f 11134 10796 10999
f 11601 10682 11487
f 11436 11207 11379
f 11310 10799 10948
f 335 11641 11449
f 11488 11031 11145
f 11342 10830 11315
f 11350 10951 11128
f 11009 10668 10669
f 11546 10769 11453
f 11189 10688 11239
f 11329 10687 11011
f 11199 11616 10659
f 11397 11012 10688
f 11064 11340 412
f 11395 10854 11443
f 10985 11459 351
f 11303 10706 10992
f 11220 11049 10653
f 11584 10724 11100
f 11106 11676 11790
f 11419 10892 11241
f 11282 10685 11544
f 11442 10846 11432
f 11275 10756 10996
f 11682 11149 11314
f 11577 10685 11037
f 11575 10970 11816
f 11201 10925 11249
f 11152 10749 11470
f 11362 10692 11143
f 11447 327 11358
f 10990 11364 85
f 11517 11107 11466
f 11539 11548 388
f 11183 10699 10991
f 11813 10812 11777
f 11653 10923 11434
f 11746 10896 11163
f 11480 10894 11467
f 11130 343 342
f 11129 11472 11070
f 11464 10717 11417
f 11791 10933 11258
f 11438 10701 11086
f 10902 11207 11372
f 11421 10682 11188
f 11578 10705 11020
f 11671 83 81
f 11091 11120 11242
f 11150 11441 10987
f 11639 10798 11096
f 11765 10999 11407
f 11702 10708 11415
f 11466 10698 11587
f 11412 10776 11214
f 11516 10844 11426
f 11089 10732 11311
f 11028 10767 10993
f 11460 10743 11804
f 10907 11338 11584
f 11528 10727 11059
f 11670 11062 11453
f 11345 10723 11222
f 11778 11003 11758
f 11335 10714 11045
f 11712 10953 11386
f 11266 10715 11061
f 11289 10740 10962
f 11357 10836 11168
f 11281 10742 11021
f 11137 10717 11212
f 11416 10801 11224
f 11322 11278 11825
f 11317 10744 11456
f 11274 11008 11369
f 11118 11730 10657
f 11786 11193 10828
f 10936 11490 11173
f 11810 10826 11284
f 11603 10762 11070
f 11133 10825 11265
f 11805 10678 10679
f 11150 10751 11304
f 11380 11727 11723
f 11537 11536 10745
f 11693 11003 10771
f 11166 10725 11808
f 397 396 11481
f 11346 10726 11783
f 11119 10727 11528
f 11014 11059 11295
f 11587 10698 11302
f 11196 10728 11293
f 11519 10729 11226
f 11191 11630 11484
f 11225 11692 347
f 11654 10730 11248
f 11270 10733 11636
f 10964 10731 11172
f 11819 10739 11319
f 11311 10732 11503
f 11179 11478 11178
f 11661 10849 11353
f 11082 10779 10958
f 11096 11388 11586
f 11200 10709 11053
f 11735 11091 10735
f 11049 11256 10652
f 11822 10736 11828
f 11140 10800 11792
f 11172 10819 11217
f 11821 56 11234
f 11608 10892 11192
f 11204 10741 10966
f 11036 10739 11151
f 11216 11185 10795
f 11368 11289 10962
f 11389 10718 11060
f 11243 10873 10967
f 11649 10852 11532
f 11787 10742 11263
f 11490 11123 11021
f 11161 10743 10980
f 11577 10813 11238
f 11598 10960 11391
f 11455 10880 11454
f 11663 11535 10745
f 11757 10977 10783
f 11363 10856 11545
f 11279 10752 11000
f 432 11579 11259
f 11182 10750 10994
f 11020 11659 11244
f 11767 10746 11556
f 11662 10927 11232
f 11022 10755 11409
f 11398 10750 11067
f 11436 15 11573
f 10878 11551 11759
f 11554 10690 11110
f 11086 11113 10863
f 11641 335 333
f 11539 10917 11075
f 11302 10898 11587
f 10886 10959 11406
f 11646 10861 11412
f 11365 11678 11023
f 11148 10946 11152
f 11452 11257 10756
f 11820 10705 11185
f 11475 10913 11672
f 11717 10671 10672
f 10642 10970 10641
f 10983 11266 11420
f 11772 10759 11297
f 11489 10823 11017
f 10952 10835 11296
f 10924 11353 11240
f 11521 10783 11047
f 11450 10721 11309
f 11290 10835 11066
f 11359 10681 11756
f 11484 10870 11191
f 10889 11141 11228
f 11777 10764 11016
f 11594 11595 10917
f 11116 10765 10964
f 11160 10791 11382
f 11726 10878 11552
f 11312 10840 11716
f 11561 11560 11028
f 11092 11404 10841
f 11393 10768 10972
f 11809 10686 11033
f 11763 11026 11500
f 10895 11796 11623
f 11697 11027 11670
f 11011 10687 11052
f 11748 11750 11002
f 11292 10775 10987
f 11802 10772 11706
f 11453 11062 11076
f 11780 11445 10773
f 11197 10802 11005
f 11782 10850 11369
f 11087 10910 11256
f 11273 10775 11292
f 11496 10751 10987
f 11617 10776 11052
f 11276 10831 11011
f 11321 10974 10777
f 11793 11794 11029
f 11527 11665 11098
f 11622 10774 11049
f 11470 10958 11152
f 11434 10923 11270
f 10928 11443 11094
f 11541 10782 11658
f 11275 10781 11454
f 11244 10748 11530
f 11768 10991 11593
f 11658 10708 11013
f 11479 11757 10975
f 11683 11014 11047
f 410 11064 412
f 11652 10700 11132
f 11288 10817 11048
f 11775 339 337
f 11071 10786 11013
f 11747 368 11463
f 11218 10787 11262
f 11773 10742 11281
f 11669 11488 10788
f 11213 11092 10767
f 11229 10789 11052
f 11610 10793 11030
f 11399 10902 11657
f 11184 10804 11205
f 10963 10791 11160
f 11498 10732 11089
f 11731 10792 11223
f 11084 11144 10875
f 11200 10931 11610
f 11502 10827 11080
f 11392 11175 10794
f 11362 10822 11553
f 11811 11384 10911
f 11631 10748 11181
f 11427 10999 11146
f 11515 10667 11376
f 10974 10797 11128
f 11781 10787 11788
f 11771 10887 11097
f 11651 10734 11146
f 11478 10799 11178
f 11293 10818 10948
f 11824 10800 11190
f 10982 10815 11252
f 11752 10801 11188
f 11416 11417 10852
f 11806 10802 11197
f 11005 10698 11197
f 11772 10919 11600
f 11242 10649 10650
f 11205 10804 11694
f 11493 10967 11204
f 11557 11405 10842
f 11042 10709 11208
f 11448 10806 11149
f 11689 10674 10675
f 11769 10807 11123
f 11532 10852 11417
f 11433 10808 11153
f 11325 425 11645
f 11341 11051 10809
f 11498 11089 10915
f 11248 10810 11307
f 11239 11744 11745
f 11326 10909 11507
f 11542 10640 11271
f 11777 10812 11115
f 11267 374 11057
f 11237 11495 10813
f 11577 11127 10685
f 10922 11621 11270
f 11163 10755 11022
f 11668 10982 11252
f 11633 10889 11191
f 10961 10816 11180
f 40 37 11083
f 346 11039 11225
f 11480 10701 11294
f 11572 11004 11308
f 11637 10815 11606
f 11402 10925 11620
f 11701 60 11611
f 10989 10820 11304
f 11559 10875 11165
f 10968 10821 11318
f 11456 10859 11722
f 11269 10822 11753
f 11553 10956 11362
f 11323 10823 11221
f 11643 10645 11425
f 11497 10957 11770
f 11758 11003 11112
f 11265 10825 10961
f 11805 10679 48
f 11035 10826 11285
f 11770 11687 10824
f 10656 11080 10655
f 11331 11063 11330
f 11339 10828 11439
f 11193 31 11609
f 10964 11272 10731
f 11318 10821 11036
f 11299 11300 10731
f 11151 10739 11428
f 11235 10895 11349
f 11328 11068 11329
f 399 11104 11592
f 11381 10872 11423
f 11415 10833 11344
f 11343 11076 11122
f 11798 10834 11228
f 11728 11093 10714
f 10721 11450 11462
f 11513 10681 11081
f 11629 10836 11054
f 11376 11511 11029
f 364 11351 11463
f 11351 362 10981
f 11046 10838 11368
f 11061 10841 11400
f 11158 10839 11322
f 11503 10888 11311
f 11090 10840 11377
f 11634 10845 11394
f 11509 10841 11061
f 11404 10684 11158
f 11477 10842 11721
f 11557 10662 11405
f 11021 10843 11281
f 11700 11212 10934
f 11516 10885 11345
f 11457 10778 10978
f 11583 10845 11139
f 11444 10699 11183
f 11247 10877 11382
f 11432 10718 11389
f 11060 10847 11389
f 11390 10969 11391
f 11409 10848 11022
f 11067 10881 11588
f 11424 10849 11661
f 11170 10801 11169
f 11476 10850 11782
f 11408 11695 11274
f 11709 10926 11279
f 10752 11776 11000
f 11137 11538 10717
f 11188 10801 11416
f 11170 11224 10801
f 11254 10912 11161
f 11443 10854 11183
f 11394 11506 10854
f 10637 11162 10636
f 11366 11761 11176
f 11181 10856 10990
f 11363 11829 90
f 10994 11826 11182
f 11360 11 11483
f 10962 11116 10695
f 11217 10737 11430
f 10969 11455 11456
f 10781 11020 11287
f 11194 10860 11229
f 11457 10978 11458
f 11414 10907 11413
f 11100 10776 11412
f 11313 10862 11392
f 11180 10816 11073
f 11048 11086 10701
f 11355 11465 10955
f 11599 10864 11470
f 11132 10700 11468
f 11510 10865 11780
f 11445 10949 11166
f 10977 11337 11648
f 11136 10835 10952
f 11119 10867 11711
f 11517 10773 11107
f 11202 11104 10868
f 11481 393 11109
f 11492 10869 11214
f 11666 10959 11032
f 354 11459 11485
f 11630 10889 11336
f 11129 10871 11494
f 11316 11359 10976
f 11239 11055 11189
f 11423 11233 11381
f 10967 10873 11486
f 11601 10896 11114
f 11304 11044 11150
f 11665 10778 11098
f 11165 10875 11561
f 11280 10820 11084
f 11147 10876 11569
f 11558 10677 11827
f 11596 10877 11135
f 11382 10846 11247
f 11552 10878 11759
f 10766 11056 11195
f 11525 10879 11181
f 11690 10926 11101
f 11454 10880 11275
f 11308 10818 10995
f 11410 11067 11588
f 11590 11361 10747
f 324 11784 11555
f 11431 91 11829
f 11564 10883 11429
f 8 6 11261
f 11686 11540 10884
f 11657 11157 11399
f 11426 11001 11516
f 11529 11764 11273
f 11097 10886 11388
f 10959 11666 11667
f 11097 10887 11414
f 11612 11095 10711
f 11533 10888 11669
f 11375 10839 11031
f 11336 10889 11228
f 11253 10815 11141
f 407 11632 11549
f 11632 403 11219
f 11418 11419 10738
f 11156 10704 11184
f 10893 11192 11418
f 11251 23 11157
f 11609 10893 11193
f 11439 10822 11269
f 11294 10941 11480
f 11606 11253 11519
f 11003 11069 10712
f 11349 11276 10724
f 11621 11114 11754
f 11487 10873 11126
f 11096 11586 11650
f 11523 10734 11651
f 11005 11102 11302
f 11285 10826 11473
f 10866 11450 11451
f 11309 10867 11119
f 11635 10900 11132
f 10730 11055 11248
f 11707 11578 10901
f 11659 10781 11347
f 11540 11657 10884
f 19 18 11379
f 10906 11325 11370
f 11662 422 420
f 11255 11415 10708
f 11344 10726 11346
f 11005 11203 10753
f 11291 10868 11109
f 10883 11259 11429
f 11579 428 11325
f 11413 10907 11584
f 11537 10745 11479
f 69 11315 72
f 11582 11300 11151
f 10639 11154 10638
f 11507 11246 11326
f 11091 10910 11618
f 11675 10651 11256
f 11800 10911 11216
f 11411 74 72
f 11518 11066 11603
f 11603 11070 11604
f 11356 11121 11673
f 11672 11050 11475
f 79 11187 11671
f 11530 10748 11631
f 11679 10915 11089
f 11383 10809 11051
f 11774 11030 11614
f 11616 10657 10658
f 11594 10917 11125
f 10753 11203 11607
f 10641 11271 10640
f 11575 11245 10918
f 11812 10919 11374
f 11425 11017 11643
f 11731 10920 11164
f 11369 10774 11063
f 11736 11223 11735
f 11737 11165 11799
f 11636 10922 11270
f 11752 11188 10922
f 11653 11307 10923
f 11240 10733 11270
f 11012 11661 11744
f 11353 10733 11240
f 11620 10925 11201
f 11249 68 66
f 11177 11101 10926
f 11355 10863 11113
f 11231 11232 10749
f 11662 417 11522
f 11605 11140 10928
f 10736 11394 11395
f 11105 11741 11742
f 11673 10913 11218
f 10664 11407 10663
f 11721 11043 11477
f 11380 10931 11724
f 11723 11117 11740
f 11347 10932 11659
f 11526 10879 11525
f 11791 11312 10933
f 11822 11140 11792
f 11699 10934 11037
f 11212 10717 10980
f 11130 11775 11565
f 11775 337 11449
f 11550 11143 10936
f 11123 10807 11021
f 11142 10937 11788
f 11174 10794 11173
f 11127 11262 11544
f 11788 10937 11263
f 11319 10939 11819
f 11820 11007 11722
f 11201 11268 10819
f 11611 58 11176
f 11293 11738 11688
f 11252 10815 11637
f 11718 10942 11313
f 11149 10722 11314
f 11250 11545 10856
f 11545 10746 11767
f 11445 11166 10773
f 11808 11198 11806
f 11258 10945 11823
f 11190 10728 11196
f 11230 10946 10696
f 10808 11231 10946
f 11361 10947 11564
f 11801 11360 11483
f 11478 11196 10799
f 10818 11004 11505
f 11332 10949 11189
f 11445 10865 11401
f 11227 10950 11538
f 11567 10998 11649
f 11128 10951 11638
f 11495 11237 11095
f 11396 11138 10760
f 11462 11136 10952
f 11713 11034 10953
f 10953 11546 11386
f 11581 10954 11339
f 11171 11705 36
f 11690 10955 11465
f 11660 10996 11257
f 11205 10956 10738
f 11694 11206 10956
f 11284 11809 11810
f 11327 10770 11758
f 11152 10958 10779
f 11468 10700 10958
f 11524 10959 10886
f 11032 10869 11499
f 11159 11432 10846
f 10847 11391 10960
f 11265 10961 10722
f 11627 44 42
f 11368 10962 10695
f 10740 11085 10962
f 11400 10963 10740
f 11404 11158 10963
f 11367 10964 10858
f 11272 10971 11299
f 11469 10965 11340
f 11725 11599 10927
f 11206 10966 10692
f 10741 11227 10966
f 11204 10967 10741
f 11684 11023 11243
f 11385 10968 11318
f 11598 10744 11317
f 11391 10969 10744
f 11514 10880 11455
f 11816 10970 11221
f 11575 10918 11271
f 11299 10971 10829
f 11596 11085 10877
f 11393 10972 11506
f 11713 10953 11712
f 325 11358 327
f 11556 10746 11570
f 11078 10974 10707
f 11743 10997 11356
f 11479 10975 11537
f 10783 11521 11235
f 11316 10976 11479
f 11683 10761 11014
f 11756 10977 10976
f 11648 10866 11451
f 11458 10978 11380
f 10778 11111 10978
f 11804 10979 11460
f 11237 10813 11803
f 11161 10980 11464
f 10743 11698 10980
f 360 11714 362
f 10763 11045 10981
f 11140 11264 10800
f 11576 11141 10815
f 11575 11816 10758
f 11324 10715 10983
f 11711 10984 11119
f 11473 10826 11286
f 350 11692 351
f 11373 10729 11191
f 11593 10986 10782
f 10699 11713 10986
f 11292 10987 11441
f 11496 10988 11759
f 11215 11348 11691
f 11348 11552 10988
f 11551 10989 11304
f 11440 11084 10820
f 11181 10990 11631
f 11364 87 85
f 11183 10991 10780
f 10699 10986 11593
f 11520 11303 10803
f 10706 11028 10993
f 10706 10993 10992
f 10767 11058 11167
f 11207 10994 10750
f 11573 14 11360
f 11308 10995 10756
f 10818 11294 10995
f 11257 10996 10756
f 10697 11526 11347
f 11356 10997 10836
f 11743 11105 11321
f 11486 10998 11567
f 10873 11487 10998
f 11407 10999 11427
f 10664 10665 11765
f 11279 11000 10851
f 11449 337 335
f 11002 11001 10771
f 11750 11529 11001
f 11003 11002 10771
f 11748 11749 10713
f 11328 11069 11693
f 11327 10824 11687
f 11514 11004 10880
f 10683 11310 11505
f 11203 11005 10802
f 10753 11595 11739
f 11656 11346 11814
f 11591 10898 11102
f 11317 11007 11597
f 11722 11287 10705
f 11736 11008 10920
f 11618 10910 11087
f 10670 11168 10669
f 11785 10777 11009
f 11175 11010 11550
f 10720 11269 11010
f 11100 11011 10776
f 10831 11329 11011
f 11397 11396 11012
f 11424 11065 10849
f 11072 11013 10786
f 11658 11079 10708
f 11059 11014 10761
f 11626 11112 10712
f 11708 11015 10915
f 10703 11179 11015
f 11594 11125 10764
f 11813 376 11267
f 11489 11017 11297
f 10823 11323 11643
f 11501 11167 10759
f 10715 11324 11018
f 11054 11437 11543
f 10673 10674 11019
f 11578 11020 10901
f 11287 10859 11454
f 11173 11490 10742
f 10807 11137 11021
f 10946 11148 10696
f 11163 10896 11647
f 11613 11243 11023
f 11678 10884 11398
f 11348 11215 11024
f 11760 11025 11763
f 11026 11763 11764
f 11760 11024 11215
f 11749 11027 11697
f 11026 11655 11500
f 11778 11027 11002
f 11387 11033 11062
f 11561 11028 10706
f 10788 11145 11213
f 10668 11376 10667
f 11794 11078 11333
f 11614 11030 10793
f 11615 10805 11208
f 11422 11031 10839
f 11669 10788 11144
f 10691 11032 10959
f 10691 11413 11032
f 11809 11033 10957
f 11387 11670 11027
f 10768 11034 10972
f 11655 11026 11697
f 11344 11035 10726
f 10833 11122 11035
f 11298 11036 10829
f 10821 11319 11036
f 11698 11460 11037
f 11803 10813 11577
f 11057 11508 11547
f 368 365 11463
f 11225 11039 10817
f 346 343 11039
f 11390 11040 10683
f 10847 11060 11719
f 11494 11041 11612
f 11535 11316 10745
f 11209 11042 10805
f 11499 10869 11492
f 11721 11625 11043
f 11406 10959 11667
f 11150 11044 10874
f 11474 11164 10690
f 10981 11045 10837
f 11045 11685 11335
f 11077 11446 10695
f 11420 11266 10838
f 10977 11531 10783
f 11014 10712 11047
f 11039 11512 10817
f 11438 10863 11452
f 11087 11049 10774
f 10652 10653 11049
f 11142 11475 10694
f 11543 11437 11019
f 11060 11341 10809
f 10839 11375 11051
f 11053 11052 10789
f 10776 11011 11052
f 11724 11200 11053
f 11214 10869 11412
f 11357 11054 10836
f 10672 10673 11437
f 11423 11055 10730
f 10872 11189 11055
f 11732 11195 11056
f 10766 11089 11056
f 369 11508 372
f 11644 11071 10812
f 11018 11058 10715
f 11580 11092 10841
f 11451 11059 10761
f 11295 10824 11626
f 11278 11341 10718
f 10809 11178 11060
f 11266 11061 10838
f 11509 11058 10841
f 10686 11062 11033
f 11386 10772 11712
f 11111 11782 10719
f 11782 11369 11063
f 407 11549 410
f 11640 11233 10730
f 11296 11065 10760
f 10702 11170 11065
f 11518 11290 11066
f 10835 11306 11066
f 11398 11067 10848
f 10750 11182 11067
f 11001 11426 10771
f 10844 11194 11068
f 11734 11069 11328
f 11623 10712 11069
f 11604 11070 11804
f 10762 11081 11562
f 11057 11644 10812
f 11013 10708 11071
f 11547 11236 10786
f 10714 11093 11277
f 11314 11180 11073
f 10816 10954 11581
f 11714 11074 10981
f 357 356 11485
f 11595 11075 10917
f 11548 389 388
f 10686 11076 11062
f 11343 10833 11255
f 11430 11246 11077
f 11446 11046 10695
f 10974 11078 10777
f 11650 10897 11333
f 10986 11802 10782
f 11706 11343 11255
f 11730 11080 10656
f 10827 11220 11354
f 11562 11081 10871
f 11513 10835 11136
f 11621 11754 10814
f 10958 10700 11082
f 10816 11083 10954
f 10816 11099 11083
f 10989 11440 10820
f 11560 10788 11028
f 11704 11085 11596
f 10740 11160 11085
f 10785 11086 11048
f 11113 10752 11355
f 11008 11087 10774
f 11008 10735 11618
f 11064 11088 10784
f 11795 11549 10890
f 11679 11089 10766
f 10915 11015 11498
f 11726 11090 10766
f 11624 11139 10840
f 11735 11520 11091
f 10803 11120 11091
f 11058 11580 10841
f 10767 11028 11213
f 11728 11334 11093
f 10780 10991 11093
f 11605 11094 10689
f 10780 11334 11094
f 11041 11211 11612
f 10798 11639 11095
f 11638 11096 10707
f 11586 10886 11523
f 11524 11097 10691
f 11771 11211 10887
f 11815 11222 11098
f 10723 11441 11527
f 11131 11099 10961
f 42 40 11099
f 11584 11100 10861
f 10724 11276 11100
f 11504 11101 11177
f 10879 11526 11101
f 10753 11102 11005
f 11783 10726 11591
f 11681 11103 11534
f 10738 10956 11553
f 397 11628 399
f 11482 10725 11202
f 11741 11105 11743
f 10797 10974 11105
f 11755 11106 10842
f 10660 10661 11106
f 11807 11107 10773
f 10944 11197 11107
f 11309 11108 10867
f 10721 11138 11510
f 11481 11109 10868
f 393 392 11574
f 11554 11110 10874
f 11408 11274 10850
f 11727 11111 10719
f 10778 11110 11476
f 10712 11112 11003
f 10712 11014 11626
f 10785 11113 11086
f 11565 10935 11776
f 11754 11114 10896
f 10922 11751 11114
f 11071 11471 10812
f 11656 10764 11115
f 11367 11116 10964
f 10962 11085 11704
f 11740 11117 11502
f 10719 11331 11117
f 11614 11118 10916
f 10793 11502 11729
f 11710 11119 10984
f 10899 11309 11119
f 11812 11374 11120
f 10648 10649 11120
f 11672 11121 11629
f 10913 11673 11121
f 10686 11122 11076
f 10686 11284 11122
f 11703 11123 10936
f 10692 10966 11769
f 48 11124 11805
f 48 46 11124
f 380 11125 381
f 11016 10764 11125
f 11243 11613 10873
f 11647 10896 11126
f 11742 11127 10797
f 10929 11262 11127
f 10974 11128 10707
f 10797 11238 11128
f 11472 11129 10711
f 11070 10762 11129
f 11039 11130 10785
f 342 339 11775
f 10825 11131 10961
f 10825 11124 11131
f 11469 11132 10864
f 10784 11635 11132
f 11558 11133 10876
f 11827 10678 11371
f 10666 11134 10665
f 11818 11029 11794
f 10971 11135 10693
f 10971 10765 11135
f 11337 11136 10866
f 11513 11081 11306
f 11021 11137 10843
f 11538 10950 11532
f 11462 11138 10721
f 10952 10760 11138
f 11090 11624 10840
f 11583 11024 10845
f 11828 11140 11822
f 11605 10689 11264
f 10982 11576 10815
f 11228 10834 11336
f 11789 11142 10694
f 11674 10913 11475
f 11173 11550 10936
f 11753 10822 11362
f 10710 11144 11084
f 10710 11533 11144
f 10684 11145 11031
f 10684 11092 11779
f 11625 11427 10734
f 10999 10796 11146
f 11696 11147 10806
f 10675 10676 11664
f 11163 11148 10779
f 11022 10696 11148
f 11448 11149 10942
f 11569 10876 11568
f 11441 11150 10874
f 10987 10751 11150
f 11582 11151 10908
f 10829 11036 11151
f 11148 11152 10779
f 10946 10749 11152
f 11230 11153 10808
f 11590 10747 11153
f 11491 11154 10909
f 10639 11542 11154
f 10757 11155 11050
f 11019 11696 11155
f 11241 11156 10891
f 11686 10884 11365
f 11399 11157 21
f 10790 11241 11715
f 10963 11158 10791
f 10684 11031 11422
f 11382 11159 10846
f 11322 10839 11278
f 11085 11160 10877
f 10740 10963 11160
f 11254 11161 10853
f 10912 11604 11161
f 11491 11162 10637
f 10909 11326 11642
f 11148 11163 11022
f 11746 11283 10896
f 11554 11474 10690
f 11474 11280 11164
f 11303 11799 10706
f 10792 11559 11165
f 11807 11166 10944
f 10949 11332 11166
f 11018 11167 11058
f 11018 10759 11167
f 10669 11168 11009
f 10670 10671 11357
f 11353 11169 10733
f 11224 10702 11254
f 10849 11170 11169
f 10849 11065 11170
f 11083 11171 10954
f 36 33 11786
f 10964 11172 10858
f 10731 11402 11620
f 11174 11173 10937
f 10794 11550 11173
f 11789 11174 10937
f 10694 11313 11174
f 11174 11392 10794
f 10862 11073 11602
f 11611 11176 10940
f 58 56 11821
f 10973 11570 10851
f 10746 11250 11504
f 11719 11178 11040
f 11823 10703 11258
f 10809 11179 11178
f 10809 11015 11179
f 10862 11314 11073
f 10722 10961 11180
f 11525 11181 10748
f 10879 11250 11181
f 11589 11182 10857
f 10881 11067 11182
f 11443 11183 10780
f 10854 11444 11183
f 11156 11184 10891
f 11766 10967 11493
f 11186 11800 10795
f 10939 11820 11185
f 11187 11733 10795
f 77 75 11811
f 11320 11187 10795
f 11671 81 79
f 11421 11188 10852
f 11751 10922 11188
f 11332 11189 10872
f 10949 11401 11189
f 11824 11190 10945
f 10800 10982 11190
f 11373 11191 10870
f 10729 11633 11191
f 11609 11192 10893
f 27 11608 11192
f 31 11193 33
f 10893 11534 11193
f 11068 11194 10687
f 10844 11222 11194
f 10710 11732 11056
f 11732 11551 10878
f 10799 11196 10948
f 10945 11190 11196
f 11107 11197 10698
f 10944 11806 11197
f 11482 11198 10725
f 11482 11291 11198
f 11616 11199 10916
f 11790 10660 11106
f 10709 11200 11030
f 11053 10789 11724
f 62 11268 64
f 10819 11620 11201
f 11332 11381 10725
f 10832 11104 11202
f 11566 11203 10802
f 11607 11075 10753
f 11206 11204 10966
f 10804 11184 11493
f 11419 11205 10738
f 10891 11184 11205
f 11362 11206 10692
f 10804 11204 11206
f 11372 11207 10750
f 11436 18 15
f 11042 11208 10805
f 10709 11030 11208
f 11042 11209 10754
f 10805 11676 11755
f 332 11210 333
f 332 330 11447
f 11095 11211 10798
f 11041 11663 11211
f 10934 11212 10980
f 10843 11137 11212
f 10788 11213 11028
f 11779 11092 11213
f 10709 11214 11053
f 10709 11042 11492
f 11583 11348 11024
f 10775 11025 11215
f 11428 11677 10911
f 10939 11185 11216
f 11172 11217 10858
f 10819 11762 11217
f 11741 11218 10929
f 10913 11674 11218
f 11233 11219 10832
f 11632 405 403
f 10655 11354 10654
f 10827 11330 11220
f 10642 11585 10970
f 11585 11323 11221
f 11098 11222 10723
f 11098 11457 11815
f 11737 11223 10792
f 10921 11735 11223
f 11416 11224 10853
f 11170 10702 11224
f 10985 11692 10817
f 347 346 11225
f 10817 11226 10985
f 10817 11288 11226
f 11769 11227 10807
f 10741 11567 11227
f 10689 11228 11141
f 10689 11094 11798
f 11458 11229 10860
f 11052 10687 11229
f 10946 11230 10808
f 11588 10881 11153
f 11370 11231 10808
f 11232 10927 11599
f 10903 11232 11231
f 11645 425 424
f 11219 11233 10890
f 10832 11381 11233
f 11797 11234 54
f 10855 11176 11821
f 11338 11235 10724
f 10975 10783 11235
f 10786 11236 11072
f 11038 10837 11236
f 11472 11237 10979
f 10711 11095 11237
f 11350 11238 10813
f 10797 11127 11238
f 11744 11239 10688
f 10810 11055 11239
f 11307 11240 10923
f 11745 10924 11240
f 11251 11241 10892
f 10790 11156 11241
f 11675 11242 10650
f 10910 11091 11242
f 11766 11684 10967
f 11023 10755 11613
f 11020 11244 10901
f 10932 11525 11244
f 11446 11245 11046
f 10811 11680 11245
f 11077 11246 10811
f 11077 10858 11430
f 11135 11247 10693
f 11135 10877 11247
f 11654 11248 10900
f 11055 10810 11248
f 11402 11249 10925
f 10830 11342 11249
f 11181 11250 10856
f 10879 11101 11504
f 23 11251 25
f 11715 11241 11251
f 11738 11252 10941
f 10728 11190 11668
f 10889 11633 11141
f 10729 11519 11253
f 11224 11254 10853
f 10702 11518 11254
f 11079 11255 10708
f 11706 10772 11343
f 11675 11256 10910
f 10651 10652 11256
f 10995 11452 10756
f 10955 11660 11257
f 11791 11258 10703
f 11792 10800 11824
f 429 11579 432
f 11429 10747 11564
f 93 11260 96
f 11431 10943 11767
f 437 11261 6
f 437 435 11261
f 11544 11262 10938
f 10929 11218 11262
f 11262 11781 10938
f 10937 11787 11263
f 11576 11264 10689
f 10982 10800 11264
f 11568 11265 10722
f 11568 11133 11265
f 11046 11420 10838
f 10983 10715 11266
f 374 11267 376
f 11057 10812 11267
f 11762 11268 10940
f 11201 64 11268
f 11581 11339 10720
f 11439 11103 10822
f 11434 11270 10814
f 10923 11240 11270
f 11542 11271 10918
f 10641 10970 11271
f 10765 11272 10964
f 10765 10971 11272
f 11529 11273 10885
f 11025 10775 11273
f 11476 11408 10850
f 10920 11008 11274
f 11572 11275 10880
f 10996 11347 11275
f 11100 11276 11011
f 10724 11235 11349
f 10714 11277 11072
f 11093 10991 11768
f 11825 11278 10718
f 10839 11051 11278
f 11177 11709 10851
f 10926 11465 11279
f 10875 11559 11084
f 10792 11164 11280
f 11282 11281 10843
f 11773 11263 10742
f 11281 11282 10938
f 11700 10934 11699
f 11082 11283 10779
f 11082 10814 11283
f 11035 11284 10826
f 11035 11122 11284
f 11591 11285 10898
f 10726 11035 11285
f 11710 11286 10727
f 11473 10898 11285
f 10705 11287 11020
f 10705 11820 11722
f 10701 11467 11048
f 10894 11519 11288
f 11061 11289 10838
f 11061 11400 11289
f 11065 11290 10702
f 11065 11296 11290
f 10905 11566 11109
f 10802 11198 11291
f 11345 11292 10723
f 10885 11273 11292
f 11196 11293 10948
f 10728 11252 11738
f 11438 11294 10701
f 11688 10941 11294
f 10727 11295 11059
f 10727 11497 11295
f 10952 11296 10760
f 10835 11290 11296
f 11772 11297 10919
f 10759 11489 11297
f 10971 11298 10829
f 10971 10693 11298
f 11300 11299 10829
f 10731 11272 11299
f 11151 11300 10829
f 10830 11249 11402
f 11261 11301 8
f 10883 11564 11301
f 11005 11302 10698
f 11102 10898 11302
f 11600 11303 10992
f 11799 11165 10706
f 11551 11304 10751
f 10820 11044 11304
f 10903 11305 11232
f 424 422 11305
f 10762 11306 11081
f 10762 11066 11306
f 11248 11307 10900
f 10810 11240 11307
f 11572 11308 10756
f 11004 10818 11308
f 11450 11309 10899
f 10721 11108 11309
f 10799 11310 11040
f 11505 11004 10683
f 11056 11311 10888
f 11056 11089 11311
f 11377 11312 10915
f 10840 11378 11716
f 11718 11313 10694
f 10942 11682 11313
f 11682 11314 10862
f 10722 11180 11314
f 11582 11315 10830
f 10908 11411 11315
f 11536 11663 10745
f 10871 11081 11359
f 10968 11317 10821
f 10968 11598 11317
f 11298 11318 11036
f 10693 11385 11318
f 11036 11319 10739
f 10821 11597 11319
f 11185 11707 10795
f 10901 11530 11320
f 10974 11321 11105
f 10777 10997 11321
f 10791 11322 11159
f 10791 11158 11322
f 10644 11323 10643
f 11643 11017 10823
f 10823 11324 10983
f 10823 11018 11324
f 11370 11325 10903
f 11579 429 428
f 11366 11326 10737
f 11642 11162 10909
f 10770 11327 11033
f 11112 10824 11327
f 11734 11328 10831
f 10771 11068 11328
f 11328 11329 10831
f 11068 10687 11329
f 11331 11330 10827
f 11063 10774 11330
f 11502 11331 10827
f 10719 11063 11331
f 11381 11332 10872
f 10725 11166 11332
f 11146 11333 10897
f 10796 11794 11333
f 11798 11334 10834
f 10780 11093 11334
f 11685 11336 11335
f 10834 11334 11728
f 11335 11336 10834
f 11630 11191 10889
f 11756 11337 10977
f 10681 11136 11337
f 11537 11338 10907
f 10975 11235 11338
f 10720 11339 11269
f 10954 10828 11339
f 412 11340 414
f 11064 10784 11340
f 10718 11341 11060
f 11278 11051 11341
f 68 11342 69
f 68 11249 11342
f 11076 11343 10772
f 11122 10833 11343
f 11415 11344 10904
f 10833 11035 11344
f 10844 11345 11222
f 10885 11292 11345
f 11594 11814 11006
f 10904 11344 11346
f 11275 11347 10781
f 10996 10697 11347
f 11552 11348 10680
f 11691 10775 11215
f 11623 11734 10895
f 10831 11276 11349
f 11238 11350 11128
f 10813 11495 11350
f 362 11351 364
f 10981 10837 11351
f 11072 11352 10714
f 11236 10837 11352
f 11661 11353 10924
f 10849 11169 11353
f 11080 11354 10655
f 11080 10827 11354
f 11465 11355 10752
f 10955 10863 11355
f 11121 11356 10836
f 10716 11743 11356
f 10670 11357 11168
f 10671 11717 11357
f 324 11555 325
f 10882 11556 11358
f 10871 11359 11316
f 11081 10681 11359
f 11826 11360 10857
f 14 11 11360
f 11590 11589 11361
f 10857 11801 11361
f 11206 11362 10956
f 11143 11753 11362
f 11829 11363 10943
f 90 87 11364
f 10856 11364 10990
f 10856 11363 11364
f 11684 11365 11023
f 10704 11156 11686
f 11761 11366 10737
f 11176 10855 11366
f 11077 11367 10858
f 10695 11116 11367
f 11046 11368 10695
f 10838 11289 11368
f 11274 11369 10850
f 11008 10774 11369
f 11231 11370 10903
f 10808 11433 11370
f 10825 11371 11124
f 11133 11827 11371
f 11398 11372 10750
f 10884 11657 11372
f 11459 11373 10870
f 11226 10729 11373
f 11461 11374 10919
f 10647 10648 11374
f 11503 11375 11031
f 10732 11051 11375
f 11515 11376 11029
f 10668 11009 11376
f 11090 11377 10766
f 10840 11312 11377
f 11139 11378 10840
f 11139 10845 11634
f 10902 11379 11207
f 10902 11399 11379
f 11458 11380 10789
f 11727 10719 11723
f 11202 11381 10832
f 11202 10725 11381
f 11160 11382 10877
f 10791 11159 11382
f 10809 11383 11015
f 11051 10732 11383
f 11186 11811 10911
f 75 74 11384
f 11247 11385 10693
f 11247 10846 11385
f 11546 11453 11386
f 11076 10772 11386
f 10770 11387 11027
f 10770 11033 11387
f 10798 11388 11096
f 10798 11097 11388
f 10960 11389 10847
f 10960 11432 11389
f 11040 11390 10847
f 10683 11514 11390
f 11598 11391 10744
f 10847 11390 11391
f 11313 11392 11174
f 10862 11175 11392
f 11024 11393 10845
f 11024 11760 11393
f 11378 11634 10736
f 11506 10972 11444
f 11140 11828 10928
f 11394 10854 11395
f 11138 11396 10865
f 10760 11012 11396
f 11189 11401 10688
f 10865 11396 11397
f 11678 11398 10848
f 10884 11372 11398
f 19 11399 21
f 19 11379 11399
f 11289 11400 10740
f 10841 11404 11400
f 11397 11401 10865
f 11397 10688 11401
f 11300 11402 10731
f 11300 10830 11402
f 11797 11403 11234
f 10636 11162 11403
f 11400 11404 10963
f 11092 10684 11404
f 10663 11720 10662
f 10930 11721 11405
f 11625 11406 11043
f 10734 11523 11406
f 11720 11407 10930
f 10664 11765 11407
f 10690 11408 11110
f 11695 10920 11274
f 11023 11409 10755
f 11023 11678 11409
f 11022 11410 10696
f 10848 11067 11410
f 11428 11411 10908
f 11384 74 11411
f 11646 11412 10869
f 10861 11100 11412
f 11032 11413 10861
f 11414 10887 11536
f 10691 11414 11413
f 10691 11097 11414
f 11115 11471 11702
f 11255 10833 11415
f 11417 11416 10853
f 10852 11188 11416
f 11464 11417 10853
f 11532 10950 11649
f 11103 11681 10738
f 11192 10892 11418
f 11205 11419 10891
f 11418 10892 11419
f 10758 11420 11046
f 10758 10983 11420
f 11649 11421 10852
f 10998 10682 11421
f 11158 11422 10839
f 11158 10684 11422
f 11055 11423 10872
f 10730 11233 11423
f 10760 11424 11012
f 10760 11065 11424
f 11461 11425 10646
f 11297 11017 11425
f 11068 11426 10844
f 11068 10771 11426
f 10734 11427 11146
f 10930 11407 11427
f 11384 11428 10911
f 10908 11151 11428
f 10906 11429 11259
f 11433 11153 10747
f 11217 11430 10858
f 10737 11246 11430
f 93 11431 11260
f 93 91 11431
f 11442 11432 10960
f 11159 10718 11432
f 10906 11433 11429
f 10906 11370 11433
f 11082 11434 10814
f 11082 10700 11434
f 11671 11435 83
f 10914 11631 11435
f 11207 11436 10994
f 11379 18 11436
f 11019 11437 10673
f 11019 11155 11543
f 10863 11438 11086
f 10995 11294 11438
f 11339 11439 11269
f 10828 11534 11439
f 11732 11440 10989
f 10710 11084 11440
f 11527 11441 10874
f 10723 11292 11441
f 11385 11442 10968
f 11385 10846 11442
f 11094 11443 10780
f 10928 11395 11443
f 11506 11444 10854
f 10972 11571 11444
f 10949 11445 11401
f 10773 11108 11780
f 10811 11446 11077
f 10811 11245 11446
f 327 11447 330
f 10973 10851 11447
f 11718 11448 10942
f 11155 10806 11448
f 10935 11449 11000
f 10935 11775 11449
f 11451 11450 10899
f 11462 10952 11138
f 11059 11451 10899
f 11648 11337 10866
f 11438 11452 10995
f 10863 11257 11452
f 11386 11453 11076
f 10769 11670 11453
f 11287 11454 10781
f 10859 11456 11455
f 10859 11455 11454
f 10969 11390 11514
f 11317 11456 11007
f 10744 10969 11456
f 11815 11457 10860
f 11098 10778 11457
f 11229 11458 10789
f 10860 11457 11458
f 351 11459 354
f 10985 11373 11459
f 11803 11460 10979
f 11037 10934 11698
f 10647 11461 10646
f 10647 11374 11461
f 10866 11462 11450
f 10866 11136 11462
f 10837 11463 11351
f 11038 11747 11463
f 11161 11464 10853
f 10980 10717 11464
f 11279 11465 10752
f 10926 11690 11465
f 11517 11466 10867
f 11107 10698 11466
f 11288 11467 10894
f 11288 11048 11467
f 11470 11468 10958
f 10864 11132 11468
f 11132 11469 10784
f 10864 11725 11469
f 11232 11599 10749
f 10864 11468 11470
f 10812 11471 11115
f 11071 10708 11471
f 11237 11472 10711
f 10979 11804 11472
f 10984 11473 11286
f 10984 11587 11473
f 10820 11474 11044
f 10820 11280 11474
f 11718 11475 11050
f 11142 11674 11475
f 10778 11476 11111
f 11110 11408 11476
f 11667 11477 11043
f 11209 10842 11477
f 10703 11823 11179
f 10945 11196 11478
f 11316 11479 10745
f 11757 10783 10975
f 11637 11480 10941
f 11467 10701 11480
f 11104 11628 10868
f 396 393 11481
f 10868 11482 11202
f 10868 11291 11482
f 9 11483 11
f 9 11301 11483
f 11074 11484 10763
f 11074 11485 11484
f 11484 11485 10870
f 11074 357 11485
f 10967 11486 10741
f 10873 10998 11486
f 11601 11487 11126
f 10682 10998 11487
f 11031 11488 10888
f 11145 10788 11488
f 11018 11489 10759
f 11018 10823 11489
f 10742 11490 11021
f 10936 11123 11490
f 10638 11491 10637
f 10638 11154 11491
f 10709 11492 11214
f 11042 11499 11492
f 10804 11493 11204
f 11184 10704 11766
f 11129 11494 10711
f 10871 11535 11494
f 10951 11495 11095
f 10951 11350 11495
f 10775 11496 10987
f 10775 11691 11496
f 11286 11497 10727
f 11286 10826 11810
f 11383 11498 11015
f 11383 10732 11498
f 10754 11499 11042
f 10754 11666 11499
f 10768 11500 11034
f 10768 11760 11763
f 10993 11501 10992
f 10993 11167 11501
f 11740 11502 10793
f 11117 11331 11502
f 11375 11503 10732
f 11031 10888 11503
f 11570 11504 11177
f 11250 10879 11504
f 10948 11505 11310
f 10948 10818 11505
f 10845 11506 11394
f 10845 11393 11506
f 11154 11507 10909
f 11154 10918 11680
f 11547 11508 11747
f 11057 372 11508
f 10715 11509 11061
f 10715 11058 11509
f 10721 11510 11108
f 11138 10865 11510
f 11793 11511 10777
f 11376 11009 11511
f 10817 11512 11048
f 11039 10785 11512
f 10835 11513 11306
f 11136 10681 11513
f 10969 11514 11455
f 10683 11004 11514
f 10666 11515 11134
f 10666 10667 11515
f 11529 11516 11001
f 11345 10844 11516
f 11108 11517 10867
f 11108 10773 11517
f 11254 11518 10912
f 10702 11290 11518
f 11288 11519 11226
f 10894 11606 11519
f 11303 11520 10921
f 10803 11091 11520
f 11796 11521 11047
f 10895 11235 11521
f 416 11522 417
f 10965 11725 11522
f 11586 11523 11651
f 10886 11406 11523
f 10959 11524 10691
f 10886 11097 11524
f 11244 11525 10748
f 11526 10697 11101
f 10932 11526 11525
f 10932 11347 11526
f 11110 11665 10874
f 11098 10723 11527
f 10899 11528 11059
f 10899 11119 11528
f 11516 11529 10885
f 10713 11764 11529
f 11320 11530 10914
f 10901 11244 11530
f 10783 11531 11047
f 10977 11648 11531
f 10717 11532 11417
f 10717 11538 11532
f 11056 11533 10710
f 11056 10888 11533
f 11193 11534 10828
f 10893 11681 11534
f 11494 11535 11041
f 10871 11316 11535
f 11414 11536 10907
f 11663 11041 11535
f 11338 11537 10975
f 10907 11536 11537
f 10807 11538 11137
f 10807 11227 11538
f 11548 11539 11075
f 386 384 11539
f 10790 11540 11156
f 11657 10902 11372
f 11072 11541 11013
f 11277 10782 11541
f 11154 11542 10918
f 10639 10640 11542
f 10757 11543 11155
f 10757 11629 11543
f 11282 11544 10938
f 10685 11127 11544
f 11363 11545 10943
f 11250 10746 11545
f 11034 11546 10953
f 11034 11500 11655
f 11236 11547 11038
f 10786 11644 11547
f 10905 11548 11075
f 10905 11574 11548
f 405 11632 407
f 10890 11640 11795
f 11175 11550 10794
f 11010 11143 11550
f 11759 11551 10751
f 10878 11195 11732
f 11624 11552 10680
f 11090 11726 11552
f 11103 11553 10822
f 11103 10738 11553
f 11044 11554 10874
f 11044 11474 11554
f 321 11784 324
f 11260 10882 11555
f 11358 11556 10973
f 11767 10943 11545
f 10661 11557 11106
f 10661 10662 11557
f 11664 11558 10876
f 10676 10677 11558
f 11280 11559 10792
f 11280 11084 11559
f 11144 11560 10875
f 11144 10788 11560
f 11165 11561 10706
f 10875 11560 11561
f 11129 11562 10871
f 11129 10762 11562
f 432 11563 433
f 11259 10883 11563
f 11361 11564 10747
f 10947 11301 11564
f 10785 11565 11113
f 10785 11130 11565
f 11291 11566 10802
f 11291 11109 11566
f 11227 11567 10950
f 10741 11486 11567
f 11149 11568 10722
f 10876 11133 11568
f 10806 11569 11149
f 10806 11147 11569
f 10851 11570 11177
f 10973 11556 11570
f 11444 11571 10699
f 10972 11034 11571
f 11004 11572 10880
f 10756 11275 11572
f 11436 11573 10994
f 15 14 11573
f 389 11574 392
f 10905 11109 11574
f 11245 11575 10758
f 11271 10970 11575
f 11264 11576 10982
f 10689 11141 11576
f 11127 11577 11238
f 11037 11803 11577
f 11320 11707 10901
f 11185 10705 11578
f 10906 11579 11325
f 10906 11259 11579
f 10767 11580 11058
f 10767 11092 11580
f 11602 11581 10720
f 11073 10816 11581
f 11315 11582 10908
f 10830 11300 11582
f 11624 11583 11139
f 10680 11348 11583
f 11413 11584 10861
f 11338 10724 11584
f 11323 11585 10643
f 11221 10970 11585
f 11650 11586 10897
f 11388 10886 11586
f 11473 11587 10898
f 10984 11711 11587
f 10696 11588 11230
f 10696 11410 11588
f 11182 11589 10881
f 10857 11361 11589
f 10881 11590 11153
f 10881 11589 11590
f 11739 11783 11102
f 10726 11285 11591
f 399 11592 401
f 11104 10832 11592
f 11768 11593 10782
f 10991 10699 11593
f 11814 11594 10764
f 11595 10753 11075
f 11006 11595 11594
f 11739 11102 10753
f 10765 11596 11135
f 10765 11704 11596
f 11319 11597 10939
f 10821 11317 11597
f 11442 11598 10968
f 11442 10960 11598
f 10749 11599 11470
f 10927 11522 11725
f 11303 11600 10803
f 10992 11772 11600
f 10896 11601 11126
f 11114 11751 11601
f 10862 11602 11175
f 11073 11581 11602
f 11518 11603 10912
f 11066 10762 11603
f 11161 11604 10743
f 10912 11603 11604
f 11140 11605 11264
f 10928 11094 11605
f 11480 11637 10894
f 10815 11253 11606
f 10905 11607 11203
f 10905 11075 11607
f 25 11608 27
f 25 11251 11608
f 30 11609 31
f 30 11192 11609
f 11200 11610 11030
f 10931 11723 11740
f 11268 11701 10940
f 60 58 11611
f 11494 11612 10711
f 11211 11095 11612
f 11126 11613 10755
f 11126 10873 11613
f 11774 11614 10916
f 10793 11729 11614
f 11030 11774 11208
f 10916 11199 11615
f 11118 11616 10916
f 10658 10659 11616
f 11214 11617 11053
f 11214 10776 11617
f 11008 11618 11087
f 10735 11091 11618
f 381 11619 384
f 11125 10917 11619
f 11172 11620 10819
f 11172 10731 11620
f 11270 11621 10814
f 10922 11114 11621
f 11220 11622 11049
f 11330 10774 11622
f 11734 11623 11069
f 10895 11521 11796
f 11552 11624 11090
f 10680 11583 11624
f 11427 11625 10930
f 10734 11406 11625
f 11295 11626 11014
f 10824 11112 11626
f 11099 11627 42
f 11099 11131 11627
f 10868 11628 11481
f 11104 399 11628
f 10836 11629 11121
f 11054 11543 11629
f 10763 11630 11336
f 10763 11484 11630
f 11435 11631 10990
f 10914 11530 11631
f 10890 11632 11219
f 10890 11549 11632
f 11253 11633 10729
f 11253 11141 11633
f 10736 11634 11394
f 11378 11139 11634
f 11088 11635 10784
f 11088 10730 11654
f 11169 11636 10733
f 11169 10801 11752
f 10894 11637 11606
f 10941 11252 11637
f 11128 11638 10707
f 10951 11639 11638
f 11638 11639 11096
f 10951 11095 11639
f 11795 11640 11088
f 10890 11233 11640
f 11210 11641 333
f 11000 11449 11641
f 11366 11642 11326
f 10855 11162 11642
f 10644 11643 11323
f 10644 10645 11643
f 11547 11644 11057
f 10786 11071 11644
f 10903 11645 11305
f 10903 11325 11645
f 11032 11646 10869
f 11032 10861 11646
f 10755 11647 11126
f 10755 11163 11647
f 10761 11648 11451
f 10761 11531 11648
f 11567 11649 10950
f 10998 11421 11649
f 10707 11650 11333
f 10707 11096 11650
f 10897 11651 11146
f 10897 11586 11651
f 10900 11652 11132
f 10900 11307 11652
f 11652 11653 10700
f 11652 11307 11653
f 11635 11654 10900
f 11635 11088 11654
f 11546 11655 10769
f 11546 11034 11655
f 11702 11656 11115
f 10904 11346 11656
f 10790 11657 11540
f 10790 11157 11657
f 11541 11658 11013
f 10782 11079 11658
f 11244 11659 10932
f 11020 10781 11659
f 11690 11660 10955
f 10697 10996 11660
f 11744 11661 10924
f 11012 11424 11661
f 422 11662 11305
f 420 417 11662
f 10887 11663 11536
f 10887 11211 11663
f 11147 11664 10876
f 11147 10675 11664
f 10874 11665 11527
f 11110 10778 11665
f 11499 11666 11032
f 11667 11043 11406
f 10754 11667 11666
f 10754 11477 11667
f 10728 11668 11252
f 11190 10982 11668
f 11533 11669 11144
f 10888 11488 11669
f 11697 11670 10769
f 11387 11062 11670
f 10914 11671 11187
f 10914 11435 11671
f 11050 11672 10757
f 10913 11121 11672
f 10716 11673 11218
f 10716 11356 11673
f 10787 11674 11142
f 10787 11218 11674
f 11242 11675 10910
f 10650 10651 11675
f 11199 11676 10805
f 11199 10659 11790
f 10911 11677 11216
f 11428 10739 11677
f 11409 11678 10848
f 11365 10884 11678
f 11377 11679 10766
f 11377 10915 11679
f 11507 11680 10811
f 11507 11154 11680
f 11418 11681 10893
f 11418 10738 11681
f 11313 11682 10862
f 10942 11149 11682
f 11531 11683 11047
f 11531 10761 11683
f 10967 11684 11243
f 10704 11365 11684
f 10763 11685 11045
f 10763 11336 11685
f 10704 11686 11365
f 11156 11540 11686
f 11327 11687 11033
f 10824 11295 11770
f 10818 11688 11294
f 10818 11293 11688
f 11696 11689 11147
f 11019 10674 11689
f 10697 11690 11101
f 10697 11660 11690
f 10988 11691 11348
f 10988 11496 11691
f 351 11692 10985
f 350 347 11692
f 11328 11693 10771
f 11069 11003 11693
f 11205 11694 10956
f 10804 11206 11694
f 10690 11695 11408
f 10690 11164 11695
f 11155 11696 10806
f 11019 11689 11696
f 11655 11697 10769
f 11026 11749 11697
f 10980 11698 10934
f 10743 11460 11698
f 11282 11699 10685
f 11282 10843 11700
f 11282 11700 11699
f 10843 11212 11700
f 10940 11701 11611
f 11268 62 11701
f 10904 11702 11415
f 10904 11656 11702
f 11143 11703 10936
f 11143 10692 11703
f 11116 11704 10765
f 11116 10962 11704
f 37 11705 11083
f 37 36 11705
f 11079 11706 11255
f 11079 11802 11706
f 10795 11707 11320
f 11185 11578 11707
f 11015 11708 10703
f 10915 11312 11708
f 10851 11709 11279
f 11177 10926 11709
f 11286 11710 10984
f 10727 11119 11710
f 11466 11711 10867
f 11466 11587 11711
f 11802 11712 10772
f 10986 11713 11712
f 11571 11713 10699
f 11571 11034 11713
f 362 11714 10981
f 360 357 11714
f 11157 11715 11251
f 11157 10790 11715
f 11312 11716 10933
f 11378 10736 11716
f 11437 11717 10672
f 11054 11357 11717
f 11475 11718 10694
f 11050 11448 11718
f 10847 11719 11040
f 11060 11178 11719
f 11407 11720 10663
f 10930 11405 11720
f 11405 11721 10842
f 10930 11625 11721
f 11456 11722 11007
f 10859 11287 11722
f 11380 11723 10931
f 10719 11117 11723
f 11380 11724 10789
f 10931 11200 11724
f 11469 11725 10965
f 10864 11599 11725
f 11195 11726 10766
f 11195 10878 11726
f 10978 11727 11380
f 10978 11111 11727
f 11335 11728 10714
f 11335 10834 11728
f 11614 11729 11118
f 11502 11080 11729
f 10657 11730 10656
f 11118 11729 11730
f 10920 11731 11223
f 11164 10792 11731
f 11440 11732 10710
f 10989 11551 11732
f 10795 11733 11186
f 11187 79 11733
f 11349 11734 10831
f 11349 10895 11734
f 11736 11735 10735
f 10921 11520 11735
f 11008 11736 10735
f 10920 11223 11736
f 11223 11737 10921
f 10792 11165 11737
f 11688 11738 10941
f 11293 10728 11738
f 11006 11739 11595
f 11006 11783 11739
f 11610 11740 10793
f 11610 10931 11740
f 11218 11741 10716
f 11742 10797 11105
f 10929 11742 11741
f 10929 11127 11742
f 10997 11743 11321
f 10716 11741 11743
f 11012 11744 10688
f 10924 11745 11744
f 10810 11745 11240
f 10810 11239 11745
f 10779 11746 11163
f 10779 11283 11746
f 11547 11747 11038
f 369 368 11747
f 11750 11748 10713
f 11002 11027 11748
f 11764 11749 11026
f 11748 11027 11749
f 11529 11750 10713
f 11001 11002 11750
f 10682 11751 11188
f 10682 11601 11751
f 11636 11752 10922
f 11636 11169 11752
f 11010 11753 11143
f 11010 11269 11753
f 11283 11754 10896
f 11283 10814 11754
f 10805 11755 11209
f 11676 11106 11755
f 11359 11756 10976
f 10681 11337 11756
f 10976 11757 11479
f 10976 10977 11757
f 11327 11758 11112
f 11778 11002 11003
f 11496 11759 10751
f 10988 11552 11759
f 11025 11760 11215
f 10768 11393 11760
f 11217 11761 10737
f 10940 11176 11761
f 11761 11762 10940
f 10819 11268 11762
f 10768 11763 11500
f 11764 10713 11749
f 11025 11764 11763
f 11025 11273 11764
f 11134 11765 10665
f 11134 10999 11765
f 11184 11766 11493
f 10704 11684 11766
f 10882 11767 11556
f 10882 11431 11767
f 11277 11768 10782
f 11277 11093 11768
f 10692 11769 11123
f 10966 11227 11769
f 11497 11770 11295
f 10957 11687 11770
f 10798 11771 11097
f 10798 11211 11771
f 11501 11772 10992
f 11501 10759 11772
f 10938 11773 11281
f 10938 11263 11773
f 11615 11774 10916
f 11615 11208 11774
f 11565 11775 10935
f 11130 342 11775
f 11565 11776 11113
f 10935 11000 11776
f 10764 11777 11115
f 11016 11813 11777
f 10770 11778 11758
f 10770 11027 11778
f 11145 11779 11213
f 11145 10684 11779
f 11510 11780 11108
f 10865 11445 11780
f 10938 11781 11263
f 11262 10787 11781
f 10719 11782 11063
f 11111 11476 11782
f 11102 11783 11591
f 11006 11346 11783
f 11260 11784 96
f 11260 11555 11784
f 10777 11785 10997
f 11009 11168 11785
f 36 11786 11171
f 33 11193 11786
f 11173 11787 10937
f 11173 10742 11787
f 11781 11788 11263
f 10787 11142 11788
f 11142 11789 10937
f 10694 11174 11789
f 11199 11790 11676
f 10659 10660 11790
f 11708 11791 10703
f 11708 11312 11791
f 10933 11792 11258
f 10933 11822 11792
f 11511 11793 11029
f 10777 11078 11793
f 11134 11818 10796
f 11793 11078 11794
f 11064 11795 11088
f 11064 11549 11795
f 10712 11796 11047
f 10712 11623 11796
f 52 11797 54
f 10635 11403 11797
f 10689 11798 11228
f 11094 11334 11798
f 10921 11799 11303
f 10921 11737 11799
f 10795 11800 11216
f 11186 10911 11800
f 11360 11801 10857
f 11483 10947 11801
f 10782 11802 11079
f 10986 11712 11802
f 11460 11803 11037
f 10979 11237 11803
f 11604 11804 10743
f 11070 11472 11804
f 11371 11805 11124
f 11371 10678 11805
f 11808 11806 10944
f 11198 10802 11806
f 11107 11807 10944
f 10773 11166 11807
f 11166 11808 10944
f 10725 11198 11808
f 11810 11809 10957
f 11284 10686 11809
f 11497 11810 10957
f 11497 11286 11810
f 77 11811 11186
f 75 11384 11811
f 11600 11812 10803
f 11600 10919 11812
f 378 11813 11016
f 378 376 11813
f 11656 11814 10764
f 11346 11006 11814
f 11194 11815 10860
f 11194 11222 11815
f 10983 11816 11221
f 10983 10758 11816
f 11124 11817 11131
f 46 44 11817
f 11515 11818 11134
f 11515 11029 11818
f 11216 11819 10939
f 11677 10739 11819
f 11597 11820 10939
f 11597 11007 11820
f 10855 11821 11234
f 11176 58 11821
f 11716 11822 10933
f 11716 10736 11822
f 11478 11823 10945
f 11478 11179 11823
f 11258 11824 10945
f 11258 11792 11824
f 11159 11825 10718
f 11159 11322 11825
f 11182 11826 10857
f 10994 11573 11826
f 11558 11827 11133
f 10677 10678 11827
f 11395 11828 10736
f 11395 10928 11828
f 11431 11829 10943
f 91 90 11829
