v -23.438969 34.450890 -3.195201
v -23.357210 35.424358 -3.350767
v -23.300642 36.401104 -3.494126
v -23.256809 37.378304 -3.633208
v -23.213621 38.354275 -3.769747
v -23.167486 39.325832 -3.910820
v -23.120588 40.293472 -4.046992
v -23.049826 41.252544 -4.184795
v -22.974169 42.205509 -4.306383
v -22.880276 43.149452 -4.400172
v -22.769768 44.084732 -4.454761
v -22.631481 45.015331 -4.494825
v -22.496592 45.943684 -4.513141
v -22.367121 46.872715 -4.529732
v -22.254900 47.804581 -4.551627
v -22.174149 48.747086 -4.607493
v -22.120234 49.696049 -4.672725
v -22.091133 50.650421 -4.736618
v -22.077848 51.607792 -4.785892
v -22.094694 52.567707 -4.796971
v -22.122141 53.534336 -4.776911
v -22.142464 54.509590 -4.723699
v -22.143293 55.496929 -4.663057
v -22.138952 56.484577 -4.576878
v -22.133825 57.469994 -4.472340
v -22.122065 58.453079 -4.384651
v -22.099115 59.429810 -4.311389
v -22.073713 60.404232 -4.222684
v -22.039959 61.376808 -4.154602
v -22.001038 62.345875 -4.117504
v -21.964588 63.310730 -4.096972
v -21.929399 64.269142 -4.085706
v -21.905188 65.223793 -4.071002
v -21.891939 66.169212 -4.026737
v -21.885475 67.107407 -3.970005
v -21.900381 68.040710 -3.890218
v -21.906181 68.969658 -3.820496
v -21.910229 69.895760 -3.742442
v -21.891088 70.820770 -3.666095
v -21.876883 71.746452 -3.571723
v -21.831291 72.663956 -3.468849
v -21.770500 73.577797 -3.354316
v -21.693230 74.483017 -3.250279
v -21.610470 75.388428 -3.107835
v -21.507355 76.297401 -2.964860
v -21.356819 77.208267 -2.834999
v -21.186758 78.122536 -2.724650
v -20.967138 79.035042 -2.635461
v -20.680630 79.932785 -2.563121
v -20.345257 80.820694 -2.493054
v -20.100763 81.750130 -2.442956
v -19.884216 82.721619 -2.397956
v -19.642771 83.694603 -2.398549
v -19.357672 84.652283 -2.310707
v -19.109404 85.648338 -2.250662
v -18.893106 86.677719 -2.226307
v -18.669174 87.735947 -2.208954
v 18.922562 87.150520 -2.086264
v 19.143795 86.118240 -2.132963
v 19.390652 85.127022 -2.148630
v 19.620480 84.160118 -2.219921
v 19.881496 83.184959 -2.239454
v 20.151108 82.240440 -2.286538
v 20.330059 81.293449 -2.321854
v 20.541861 80.366737 -2.401742
v 20.833294 79.478645 -2.483218
v 21.137627 78.600868 -2.572536
v 21.434565 77.726997 -2.660103
v 21.736403 76.856110 -2.757648
v 21.966927 75.954941 -2.906211
v 22.170444 75.053123 -3.075518
v 22.349125 74.148430 -3.274352
v 22.520700 73.248985 -3.484618
v 22.658363 72.347549 -3.711324
v 22.778055 71.450653 -3.924749
v 22.870516 70.558846 -4.133760
v 22.966835 69.668571 -4.308585
v 23.033491 68.777779 -4.478590
v 23.087191 67.884964 -4.664747
v 23.123447 66.989494 -4.864347
v 23.157192 66.088280 -5.046025
v 23.193316 65.179916 -5.207395
v 23.225645 64.263420 -5.361846
v 23.261293 63.340279 -5.515724
v 23.306076 62.410820 -5.647756
v 23.354515 61.476974 -5.774817
v 23.406918 60.534069 -5.885109
v 23.451654 59.580235 -5.989214
v 23.498098 58.618145 -6.069132
v 23.544828 57.638336 -6.123130
v 23.587685 56.634644 -6.137425
v 23.630644 55.599342 -6.092577
v 23.690914 54.547321 -5.982349
v 23.771629 53.475010 -5.800390
v 23.846674 52.408070 -5.631320
v 23.896093 51.361916 -5.511580
v 23.948112 50.326324 -5.427771
v 23.983088 49.318611 -5.420522
v 24.024467 48.360588 -5.506147
v 24.069384 47.445759 -5.658570
v 24.145300 46.560287 -5.835237
v 24.270105 45.685539 -5.972992
v 24.423258 44.810562 -6.041782
v 24.580853 43.945133 -6.088525
v 24.819700 43.089993 -6.079343
v 25.061285 42.219688 -5.968911
v 25.458345 41.370029 -5.808738
v 25.378454 40.452686 -5.685983
v 25.283924 39.526081 -5.598627
v 25.307018 38.577682 -5.557484
v 25.341335 37.624756 -5.546859
v 25.386116 36.671886 -5.537800
v 25.447702 35.722218 -5.526560
v 25.536732 34.773087 -5.500449
v -18.439219 88.767357 -2.253685
v -18.308060 89.755684 -2.094271
v -18.177322 90.708862 -1.997610
v -18.053999 91.652107 -1.900984
v -17.949755 92.552284 -1.667388
v -17.821430 93.430893 -1.526622
v -17.650852 94.300270 -1.379851
v -17.446194 95.158455 -1.222124
v -17.185898 95.987198 -1.142452
v -16.878088 96.789246 -1.034927
v -16.550102 97.516991 -0.856280
v -16.184654 98.281250 -0.664381
v -15.857012 99.000336 -0.495425
v -15.548122 99.709869 -0.344932
v -15.281305 100.424232 -0.179712
v -15.047379 101.118950 -0.043973
v -14.808431 101.860481 -0.042265
v -14.645929 102.595558 0.014042
v -14.523746 103.339294 0.068106
v -14.383208 104.094940 0.112854
v -14.254563 104.868134 0.143328
v -14.247723 105.672234 0.178847
v 14.847236 105.448776 0.095078
v 14.867656 104.595894 0.089179
v 15.008461 103.772232 0.083483
v 15.180911 102.963264 0.083928
v 15.329367 102.163475 0.055210
v 15.513335 101.391373 -0.008793
v 15.735888 100.621803 -0.131350
v 15.972116 99.862015 -0.173320
v 16.196384 99.105598 -0.263827
v 16.433950 98.354675 -0.447455
v 16.748791 97.612000 -0.675645
v 17.103170 96.846092 -0.836682
v 17.406443 96.080986 -1.029262
v 17.622358 95.300018 -1.281220
v 17.832348 94.473343 -1.413626
v 17.982147 93.669540 -1.693308
v 18.111271 92.829033 -1.905292
v 18.233711 91.879181 -1.816323
v 18.313242 90.965752 -1.976874
v 18.422686 90.050049 -2.072925
v 18.544083 89.157455 -2.132574
v 18.717722 88.169487 -1.991165
v 18.954536 87.198631 -0.801662
v 18.894171 87.181725 0.520564
v 18.678352 87.106262 1.855878
v 18.278217 86.916969 3.115489
v 17.752645 86.635468 4.289853
v 17.072699 86.503761 5.313727
v 16.264570 86.259956 6.257096
v 15.389513 85.975937 7.025401
v 14.483806 85.764725 7.593189
v 13.360720 85.480026 8.129391
v 12.241961 85.235939 8.550018
v 11.165695 84.986992 8.945542
v 10.159859 84.741066 9.300146
v 9.144326 84.605652 9.604444
v 8.048367 84.460869 9.928594
v 6.953065 84.319153 10.226240
v 5.845387 84.157982 10.502381
v 4.681636 84.052567 10.771362
v 3.510934 83.966591 11.030329
v 2.418532 83.849693 11.241591
v 1.276876 83.808670 11.474790
v 0.025433 83.826065 11.498326
v -1.115458 83.903862 11.408026
v -2.322340 84.019402 11.284038
v -3.489988 84.149353 11.129435
v -4.604254 84.237862 10.953752
v -5.686423 84.480179 10.732030
v -6.808997 84.643242 10.477446
v -7.899487 84.776527 10.184856
v -8.949519 84.990875 9.932968
v -10.018147 85.179543 9.631350
v -11.073918 85.448364 9.378152
v -12.190589 85.709946 9.077766
v -13.294297 86.018997 8.669934
v -14.355980 86.372032 8.093410
v -15.356077 86.672607 7.398737
v -16.273926 86.946007 6.539466
v -17.069262 87.165565 5.501169
v -17.700970 87.316040 4.377080
v -18.175013 87.578522 3.111783
v -18.529490 87.653564 1.842161
v -18.721609 87.794617 0.497168
v -18.754662 87.832764 -0.920096
v -18.351757 87.949013 -3.445380
v -17.981287 88.053268 -4.679243
v -17.553503 88.086533 -5.796670
v -17.076193 88.230225 -6.852334
v -16.425461 88.365936 -7.964171
v -15.636603 88.452179 -9.111438
v -14.787078 88.546104 -10.153397
v -13.916792 88.504539 -11.035777
v -12.953784 88.615143 -11.811903
v -11.966013 88.601265 -12.501354
v -10.920333 88.716187 -13.064544
v -9.822454 88.643646 -13.557990
v -8.692053 88.713051 -13.907380
v -7.480301 88.725777 -14.174739
v -6.293776 88.718521 -14.316550
v -5.114137 88.676407 -14.351140
v -4.095732 88.636009 -14.373238
v -3.042589 88.689552 -14.361750
v -1.912441 88.696411 -14.373106
v -0.763291 88.669548 -14.401978
v 0.378408 88.630043 -14.441476
v 1.477699 88.630882 -14.474778
v 2.509076 88.603264 -14.523584
v 3.517770 88.657990 -14.551523
v 4.634968 88.720062 -14.596163
v 5.829409 88.694504 -14.604484
v 7.029228 88.646004 -14.529336
v 8.125888 88.587982 -14.338628
v 9.217007 88.615067 -14.024126
v 10.292278 88.490456 -13.632495
v 11.346844 88.491570 -13.137480
v 12.418896 88.450836 -12.488701
v 13.391611 88.339455 -11.767249
v 14.305018 88.334023 -10.938458
v 15.174771 88.191895 -10.085447
v 15.933770 88.143791 -9.128790
v 16.661392 88.042168 -8.049410
v 17.307201 87.888588 -6.871545
v 17.820917 87.664658 -5.767419
v 18.281742 87.552971 -4.595321
v 18.666943 87.412529 -3.308037
v -23.600050 34.165077 -3.088601
v 25.529222 34.438908 -5.488783
v 25.328770 34.562553 -4.359151
v 25.073662 34.684380 -3.256894
v 24.850025 34.802437 -2.149154
v 24.130001 34.929729 -1.286257
v 23.212866 35.068214 -1.565593
v 22.519693 35.222416 -2.229051
v 21.877911 35.377670 -2.962919
v 21.293144 35.534847 -3.763221
v 21.402849 35.714294 -4.917589
v 21.667234 35.920273 -6.057870
v 21.946571 36.131866 -7.175496
v 22.319511 36.332493 -8.246457
v 22.486719 36.391296 -9.210975
v 22.574625 36.408985 -9.944988
v 22.500654 36.502609 -10.775372
v 22.121691 36.696293 -11.758663
v 21.442123 36.838547 -12.609054
v 20.651037 36.818218 -13.044459
v 19.736280 36.849926 -13.064793
v 18.914700 36.904243 -12.912707
v 17.832920 36.927937 -12.991258
v 16.652891 36.928207 -13.153720
v 15.436522 36.904465 -13.357684
v 14.164197 36.904785 -13.617514
v 13.059834 36.871738 -13.828315
v 11.966012 36.815163 -13.923485
v 10.582886 36.698547 -13.406569
v 9.114471 36.457951 -12.687071
v 7.665353 36.294979 -11.926200
v 5.917006 36.729713 -10.306972
v 4.134707 37.218220 -8.521414
v 2.375301 37.739067 -6.580364
v 0.578887 38.046467 -5.676626
v -1.323073 37.984295 -6.541947
v -3.125659 37.721565 -7.814369
v -4.990273 37.481407 -9.036384
v -6.814512 37.257603 -10.247555
v -8.010163 37.096519 -11.215051
v -8.628192 37.051582 -11.945150
v -9.239723 37.011330 -12.665079
v -10.089149 36.987930 -13.372970
v -11.559783 36.993267 -13.487149
v -13.086639 36.989124 -13.156636
v -14.677692 36.991669 -12.697433
v -15.877350 36.907856 -12.457437
v -16.942310 36.829655 -12.239173
v -18.000956 36.805439 -12.241924
v -19.075228 36.848682 -12.284968
v -20.537519 36.905754 -12.259816
v -21.504324 36.958858 -12.344202
v -22.285746 36.986584 -12.394165
v -22.262741 36.705467 -12.146606
v -22.281500 36.496208 -11.419157
v -22.318354 36.327045 -10.501748
v -22.282839 36.199398 -9.541781
v -22.180143 36.102398 -8.550389
v -22.036135 36.010563 -7.469311
v -21.826378 35.875290 -6.231952
v -21.600578 35.730267 -5.016546
v -21.397800 35.564308 -3.940386
v -21.229227 35.404888 -2.878117
v -21.050400 35.243721 -1.827599
v -20.786715 35.070316 -0.774836
v -20.980612 34.965084 0.198560
v -21.947653 34.745491 -0.305934
v -22.461414 34.529083 -1.253668
v -22.896881 34.313763 -2.223064
v 0.884107 62.131710 -13.754824
v -15.855232 52.451317 -13.282574
v 14.341660 51.965549 -12.813918
v -10.635464 72.808502 -13.323825
v 10.380213 72.800568 -13.380832
v -1.843752 51.010593 -12.283952
v 13.225168 62.890007 -12.681702
v -16.808687 63.597866 -12.407849
v 20.972151 46.060337 -8.485661
v -20.522947 45.904594 -8.967673
v 19.790783 58.048851 -8.742494
v -0.222347 77.410202 -14.389965
v 11.587858 44.609612 -13.787780
v -11.134565 44.478924 -13.816169
v -19.747656 56.255489 -8.291106
v -2.560138 69.433510 -14.207237
v -11.819271 58.370705 -14.273471
v 9.434873 56.400539 -14.065969
v 18.307819 69.783478 -10.353444
v 15.794422 79.160095 -10.886469
v -15.607962 79.512100 -10.869109
v -18.333321 70.763580 -10.097625
v -10.455257 65.792542 -13.799058
v 8.927121 66.285728 -14.068472
v 8.031815 80.080307 -14.233028
v -0.596221 44.037022 -10.798957
v -8.069752 79.371803 -13.862841
v -18.639315 46.688236 -12.630954
v 18.572254 43.137455 -12.943371
v 18.551147 64.230179 -9.229005
v -10.414227 50.392632 -14.381111
v -1.100259 56.643120 -13.174467
v 9.241200 50.474304 -14.080856
v 20.302141 52.113075 -9.984387
v -18.933722 63.186386 -6.324083
v -15.867826 58.147808 -13.541488
v 13.224486 57.491199 -12.895494
v 21.396219 41.526138 -3.482890
v -19.317160 50.856068 -5.024701
v -20.437265 41.548351 -4.172696
v 20.470936 49.338860 -3.367625
v 13.508571 67.748894 -12.724057
v -19.346659 50.960949 -11.468861
v -20.917356 42.296741 -12.249741
v -17.957907 41.647335 -11.989184
v 10.291814 61.394867 -13.972214
v 21.717297 41.447285 -10.330244
v 5.994903 71.275238 -14.743055
v -2.604871 82.513672 -14.739248
v 18.151375 74.944221 -8.115344
v 19.145872 47.972305 -12.569589
v -14.969586 67.647957 -12.774372
v -5.034144 73.578354 -14.183311
v -18.101257 75.698883 -8.086394
v 5.706650 75.760490 -14.344865
v -8.702489 41.093922 -12.601830
v -19.646940 46.190620 -3.162811
v 20.118269 54.808666 -4.017515
v 15.170033 74.436722 -11.824990
v 4.729799 46.998970 -12.828583
v 2.769014 81.641472 -14.729142
v -15.664981 73.846458 -11.806614
v 19.686459 60.483170 -4.573240
v 13.974442 40.795284 -13.612237
v 8.109875 40.488941 -13.610921
v -18.482302 67.920670 -6.169724
v 18.904148 67.783272 -5.929046
v 18.180185 60.699818 -11.768538
v -7.479575 46.976547 -12.619107
v -15.107940 48.177021 -12.735232
v 13.172232 83.188934 -12.851883
v -12.156074 83.098541 -13.248541
v 12.763404 48.331070 -13.075389
v 18.801723 55.124500 -12.180595
v -6.655427 64.751663 -13.607007
v -8.813808 61.811337 -14.305302
v 18.024546 82.950798 -7.823099
v -7.101578 58.421421 -13.635550
v -10.321476 54.735119 -14.317350
v -19.162901 58.727291 -4.028877
v -13.379862 62.872829 -13.078265
v -17.764606 83.328545 -7.829602
v -19.232822 60.149311 -10.077886
v 11.865170 77.446754 -12.889210
v 20.836683 45.373978 -3.591613
v -13.448349 55.635040 -13.325167
v 3.607949 65.598602 -13.904784
v -7.901365 69.399963 -14.240521
v 17.010170 66.276131 -11.770592
v 19.043367 71.588364 -6.344402
v -11.990709 76.725899 -12.747055
v -17.824663 54.849125 -12.758162
v -18.645590 72.513023 -6.163443
v 6.189365 59.244137 -14.190154
v 11.442416 53.771038 -13.485771
v 18.840149 78.858955 -7.213918
v -7.123433 83.828773 -14.770827
v 5.853720 53.871975 -13.856112
v 1.115384 73.644630 -14.901352
v -19.432499 54.618557 -3.446723
v -18.291819 66.985939 -10.536567
v 19.405239 64.245773 -5.005924
v -21.409431 40.233002 -8.786984
v -18.713577 79.466324 -6.895929
v 6.434022 84.145653 -15.070996
v 10.306677 69.244247 -13.677048
v 11.710866 64.429474 -13.288748
v 15.300062 70.899094 -12.211086
v 11.335724 59.776714 -13.142998
v -2.219558 40.734291 -9.203726
v 15.402683 45.127319 -12.634204
v 20.089214 40.161213 -13.029103
v -20.872961 38.990612 -0.825905
v -11.762162 69.439301 -13.330482
v 20.392946 45.211292 -11.874249
v 23.668261 38.859947 -1.626443
v -5.450808 53.232533 -13.335948
v -8.097403 75.612892 -13.601937
v -4.083346 78.797058 -14.269038
v 21.487583 39.737370 -6.858145
v -12.300121 41.667507 -13.860135
v -2.077284 47.331993 -11.753607
v -21.163767 42.615059 -1.254190
v -14.960452 60.850060 -13.229031
v -15.531383 70.678665 -12.392369
v 20.988152 42.952148 -7.118153
v 9.881258 47.434006 -13.933955
v -8.060033 43.876900 -12.493891
v 23.508156 43.305969 -2.369830
v -17.565413 44.632835 -12.024685
v -19.449532 47.771191 -12.283467
v -17.416151 50.019455 -13.287330
v -20.344481 49.102814 -1.876874
v 18.954596 61.193848 -8.162425
v 6.400013 62.737354 -14.161302
v 17.809374 72.599739 -10.642769
v 17.588062 40.631744 -12.754319
v -20.082994 40.330173 -12.226558
v -19.674465 43.580132 -12.331170
v 18.460163 67.080467 -9.232353
v 0.834701 84.868065 -14.876041
v 22.968172 46.774055 -2.345648
v 3.951696 68.663727 -14.254085
v -19.906412 52.890934 -8.079151
v -12.985845 52.329784 -13.533085
v -9.987905 47.254604 -14.107989
v -7.410663 50.050419 -13.066611
v 0.131119 59.374344 -13.478618
v 4.456839 50.103020 -13.011045
v 20.017437 54.805298 -7.785724
v 20.505816 48.921177 -10.337831
v 18.647709 51.260265 -12.589299
v -15.413756 82.836540 -10.977283
v -19.442347 61.920341 -3.410169
v -19.196283 65.487434 -3.993221
v 22.006893 51.994183 -2.546925
v 20.017075 51.884624 -5.987839
v 4.743623 78.738289 -14.364781
v 5.964519 43.732380 -13.063472
v 17.094961 63.519512 -12.042104
v -19.875246 48.005531 -6.239355
v -20.725887 43.173630 -7.717999
v -21.130278 38.797745 -5.272695
v -18.943144 63.073730 -9.926970
v 9.164147 75.739326 -13.532823
v 9.822215 82.932785 -14.370879
v -12.528535 79.834694 -12.772511
v -18.542522 57.474033 -11.662177
v -15.532465 55.383537 -13.661548
v -14.696018 39.588013 -12.979326
v -20.296423 44.867409 -11.748439
v 21.440601 38.442120 -3.588742
v 19.908989 76.607964 -5.584334
v 19.107725 57.959026 -11.549359
v 4.882807 56.694695 -13.743980
v 11.601390 51.001766 -13.390717
v 13.788343 60.361462 -12.793926
v 21.319763 57.724911 -3.457346
v 19.497324 57.858650 -5.577779
v 12.988179 54.679337 -12.893498
v 11.333938 57.021805 -13.334275
v 16.167210 47.646725 -12.458175
v 17.615370 77.025475 -9.614328
v 20.300858 48.376366 -6.703163
v -6.223361 61.010265 -13.495135
v -21.782480 39.387035 -11.698374
v -15.216441 76.648438 -11.486421
v -20.087023 51.916775 -2.437137
v -19.562510 77.112030 -5.526872
v -14.910607 64.989799 -12.834332
v -13.544604 58.562428 -13.288454
v 15.920355 84.835442 -10.205290
v 3.537850 39.713802 -9.446306
v -18.816072 65.619072 -7.804809
v -19.201078 60.336571 -6.575251
v 1.143534 53.408249 -12.841191
v -9.876216 39.355038 -13.463198
v 13.614402 65.323418 -12.593988
v 16.274019 68.522171 -11.984924
v -19.333714 70.224632 -4.578090
v -20.146694 48.596889 -9.467744
v -17.154068 52.469532 -13.442415
v -7.985705 66.721031 -14.244547
v 11.087738 39.079704 -14.184381
v -17.582376 77.833908 -9.341047
v -18.320244 73.142952 -8.844666
v 19.700943 74.066246 -5.659728
v -12.155524 54.528404 -14.320127
v 13.245486 80.079254 -12.756360
v -21.517633 45.435516 -1.593882
v -18.321165 70.176430 -7.418670
v 21.990969 39.076653 -11.202310
v 20.202898 69.881371 -4.318164
v -3.653879 85.521286 -14.785834
v 11.329165 66.853905 -13.423526
v 22.679356 49.306110 -2.352568
v 15.601964 81.952438 -11.082104
v 9.346762 53.817474 -14.132579
v -16.893438 60.427269 -12.779342
v 12.344642 70.687561 -13.078598
v -4.864684 42.234467 -11.248750
v -5.120530 76.170784 -14.044570
v -13.747889 85.621841 -11.922893
v 9.376464 58.910988 -14.105180
v 11.539356 62.092583 -13.199801
v 9.404633 63.731354 -14.076552
v -5.434510 81.349510 -14.496064
v 22.386101 54.786610 -3.257344
v 20.458614 42.753536 -12.408370
v 21.327276 43.905071 -9.793858
v -6.974825 39.409836 -11.361474
v -16.250263 85.487869 -9.363235
v 18.268074 45.612682 -12.747649
v -5.790719 70.886147 -14.269209
v -7.780452 73.065842 -13.821002
v -1.952230 75.106255 -14.422202
v 15.870003 42.694412 -12.911062
v -12.780333 60.527569 -13.438425
v -9.967334 85.424469 -14.093342
v -1.213630 79.937782 -14.507958
v 19.438663 81.359741 -5.605275
v 8.651046 71.501083 -14.082722
v 2.721298 71.377495 -15.043447
v 7.233750 68.677361 -14.281765
v -9.163605 52.259338 -13.846224
v -17.460629 68.978699 -11.580925
v -12.686688 67.159515 -13.113839
v -6.652305 55.318993 -13.611010
v -19.689407 74.716515 -5.099332
v -20.421724 56.933506 -2.776097
v 11.297800 85.504440 -13.716856
v 18.257074 69.466888 -7.767505
v -21.248663 42.307476 -9.982928
v 21.140368 62.428123 -3.747038
v 20.693249 66.249252 -3.983766
v 0.403081 67.365234 -13.728760
v 18.667061 84.930832 -5.454818
v 2.423227 75.798683 -14.599835
v -19.621403 67.808548 -3.710922
v -20.195683 45.334988 -6.026248
v -19.986115 43.764469 -3.158720
v 4.636917 73.693024 -14.846609
v -18.387510 85.373283 -5.448220
v 11.788840 74.904854 -12.890614
v -13.354112 72.353340 -12.887713
v -17.718906 39.501385 -12.113351
v 14.980733 38.891308 -13.446134
v 3.641819 84.368309 -14.986083
v 13.659843 72.661530 -12.587547
v -9.380672 81.915535 -14.164124
v 15.524123 76.748123 -11.346557
v -19.164339 82.016884 -5.513975
v 18.301874 65.805511 -7.280301
v -8.346390 64.346893 -14.206069
v -0.984696 64.198761 -13.421709
v -19.389429 54.762451 -6.163353
v 3.222537 41.804295 -10.759533
v 11.497281 41.315655 -14.183675
v -16.959013 66.193001 -12.081656
v 8.508577 45.056061 -13.798069
v 1.188481 49.336910 -11.769577
v 23.208641 41.131409 -1.932300
v 7.916818 73.920937 -14.066337
v 21.820246 60.036240 -3.726682
v 10.674656 80.405296 -13.800606
v 7.364669 77.700447 -14.000360
v 17.347057 80.754395 -9.224535
v -17.363087 48.018005 -12.508650
v 1.482717 79.348183 -14.473413
v 5.508740 81.125832 -14.645114
v -17.537050 72.451042 -10.946744
v -17.321556 75.411812 -10.361123
v -6.421832 67.248436 -13.871978
v -12.261581 74.429359 -12.840028
v 17.401251 74.783607 -10.503446
v -20.466974 59.908180 -2.894214
v 18.865917 62.243099 -10.436118
v -17.369328 80.765816 -8.892747
v -4.447188 44.335461 -11.720869
v 1.962527 46.005432 -11.638539
v -12.987221 64.928520 -13.071198
v -11.059392 63.275318 -13.788620
v 18.220079 72.711540 -8.295730
v 13.794172 85.707970 -12.063400
v -9.572627 42.613407 -13.493211
v 0.128992 82.195335 -14.749690
v 17.163836 49.519482 -12.755546
v -16.118418 50.043198 -12.800846
v 19.948236 56.411022 -10.507154
v 19.925400 54.201790 -10.776777
v 22.094641 38.707016 -9.180152
v -10.167380 57.098949 -14.442616
v -3.037333 72.594009 -14.536741
v 20.485596 72.484825 -4.244376
v -9.665767 70.733528 -13.731794
v -9.745167 67.953850 -13.890214
v -4.823046 48.875637 -12.438866
v -12.039625 49.234024 -13.804245
v -14.705344 46.102680 -12.939630
v -8.919159 48.665936 -13.707419
v -9.003589 45.777626 -13.536420
v 19.500910 59.742203 -10.317834
v 20.118507 78.755188 -4.919263
v -19.345490 53.216881 -10.947949
v -10.613024 60.254562 -14.364921
v 6.759639 65.069290 -14.163747
v -10.357118 78.438217 -13.267104
v -19.954916 50.542694 -7.765281
v 8.739856 85.437904 -14.680566
v 16.569052 58.880161 -12.618117
v -22.031691 37.068077 -0.642613
v -18.628796 68.879524 -9.360648
v 12.040730 46.607246 -13.453385
v 13.182507 50.182293 -12.786298
v 18.791241 38.922337 -12.914467
v 13.676877 43.805714 -13.258770
v -19.309563 58.067162 -6.555243
v 16.865402 56.619949 -12.696742
v 17.148201 53.138607 -12.958696
v 11.050909 49.164635 -13.761609
v -4.154932 57.697670 -13.481193
v -8.339660 59.951389 -14.104753
v 4.967114 52.047138 -13.505557
v -20.837019 37.467945 -2.243709
v 20.498642 50.252064 -8.427409
v -21.711166 38.165005 -8.018617
v 24.935663 37.175976 -2.681500
v 18.561831 63.155499 -7.106495
v -14.988590 62.838058 -13.017056
v 7.714468 38.627956 -12.877066
v -19.185059 56.539356 -4.603797
v 9.752345 42.865047 -14.021569
v -19.655695 58.260059 -9.002461
v -20.640610 39.536247 -3.123187
v -21.112450 53.796078 -2.686881
v 17.371635 85.627434 -7.879878
v -7.224021 62.853344 -13.702049
v -18.143845 64.916344 -11.012331
v -19.359154 48.261276 -3.688100
v -14.556439 43.403175 -13.124323
v -19.204321 46.445236 -12.911358
v 9.699257 78.345955 -13.593720
v -12.649446 56.633419 -13.876165
v -14.603605 57.218639 -13.457460
v -14.532052 53.958679 -13.268779
v 20.993822 47.280380 -2.817385
v 21.520861 43.469398 -3.021039
v 20.483509 44.850788 -6.147481
v -11.335005 52.617371 -14.573621
v 18.082003 67.906151 -10.879427
v 18.142859 65.028786 -11.008105
v 20.262482 52.507912 -3.725398
v -20.988089 40.768959 -6.377720
v -22.336748 40.692509 -1.670646
v -19.375816 61.786613 -8.047060
v 18.555494 76.882843 -7.608015
v 24.960262 40.297192 -3.103398
v -19.819683 79.103775 -4.825304
v -19.240211 52.972271 -4.858681
v -20.022129 44.284000 -12.692663
v 15.107697 64.458336 -12.466528
v 20.722025 46.851410 -10.612775
v 11.871626 52.928936 -12.976353
v 10.481668 52.097809 -13.864674
v 3.692110 63.465233 -13.991506
v 7.557690 57.468983 -14.176435
v -2.748081 76.936989 -14.275022
v 13.581902 76.085999 -12.309985
v 10.773375 55.337059 -13.744257
v -6.924459 77.464645 -13.835952
v -16.549974 56.516865 -13.444439
v -19.358526 55.609138 -10.725113
v -19.979702 72.834213 -4.100854
v 3.037263 55.502342 -13.368273
v 7.983554 52.264751 -14.053279
v 7.437110 55.217999 -14.064417
v 19.154757 59.719860 -6.571770
v 15.136306 66.850174 -12.360873
v 8.443123 60.442188 -14.308399
v 3.696416 60.571484 -14.053392
v -3.123977 60.486713 -13.526803
v -7.047610 86.339569 -14.696651
v 10.975549 58.358341 -13.682541
v 21.192278 64.378906 -3.864809
v 5.339979 86.380806 -15.025140
v 20.276217 46.850021 -4.908328
v -13.697941 78.121307 -12.098125
v -10.069430 74.702347 -13.263210
v 22.630947 37.295071 -2.244155
v -20.856426 44.166294 -9.724873
v 19.911394 50.585236 -11.348012
v -20.370617 41.102436 -1.992901
v -20.298828 63.760048 -3.106436
v -21.964121 38.249371 -9.998695
v -21.387140 40.799850 -12.418254
v 24.076637 45.086868 -3.306938
v -18.677370 44.653862 -12.107220
v -18.331322 77.566261 -7.443680
v 6.069850 67.098816 -14.246684
v -18.939421 63.581039 -4.294932
v 14.096754 78.224815 -12.041535
v -18.324472 74.257271 -7.033648
v -21.657740 47.427559 -2.018817
v 21.087111 68.168594 -4.014498
v -1.495474 84.687088 -14.830785
v 7.712166 48.948540 -13.757182
v -18.316896 50.654774 -12.956641
v 21.618917 37.843506 -6.400722
v 0.058919 39.655132 -6.955672
v 19.458923 62.376068 -4.894363
v 22.316689 45.165901 -2.303205
v 15.376113 62.093315 -12.632060
v -16.236233 54.107399 -13.718752
v -6.254541 45.469921 -12.135495
v 22.106440 39.882679 -2.639999
v -18.671604 67.416283 -8.191167
v -13.758129 81.666992 -12.319102
v -20.387037 43.275787 -5.253251
v 16.173756 54.799301 -12.944113
v 20.731050 42.944527 -4.845432
v 20.842159 41.262730 -5.741696
v 20.967207 38.557369 -12.730933
v -7.176690 71.305641 -14.144086
v -4.902600 83.525513 -14.793379
v 7.455591 82.121239 -14.775887
v -13.199514 70.554588 -13.086791
v -21.779482 38.868217 -12.379939
v 9.783178 67.674507 -13.879501
v 12.142309 68.885651 -13.167345
v -11.848397 56.032482 -14.596522
v 21.774273 40.517403 -8.940195
v -14.183408 50.503517 -13.046755
v 10.361686 71.000496 -13.543282
v 14.618337 69.249001 -12.483210
v 16.999144 70.122200 -11.577449
v 15.737679 72.624847 -11.900991
v 20.683767 75.330971 -4.209468
v 14.332400 46.867382 -12.731207
v 17.518496 44.265083 -12.459117
v 11.674603 56.100147 -12.971023
v -21.458246 40.873219 -10.962357
v -1.018518 54.989017 -13.089787
v 6.734139 72.679420 -14.542368
v -18.230038 61.578068 -11.415825
v 19.696106 55.895332 -5.944154
v -9.853534 76.556969 -13.257093
v -7.931500 56.753265 -13.756470
v -13.375903 68.612175 -13.060450
v 3.120151 86.530006 -14.862614
v 11.187022 60.544483 -13.569026
v 12.361917 63.811844 -12.799313
v 11.435417 58.425713 -12.918137
v 10.863900 63.023403 -13.699521
v 11.897255 61.334648 -12.831481
v 10.387284 65.029625 -13.784382
v -18.616474 66.130821 -5.788585
v 2.084682 77.534470 -14.423908
v 18.261326 71.049011 -8.205018
v -6.230652 69.076942 -14.138354
v -22.396526 43.620884 -2.464625
v 21.160992 41.060024 -12.017349
v 18.878157 41.381657 -13.007256
v 17.647133 78.875702 -9.016262
v -0.823411 42.322643 -9.772016
v -3.608687 39.161453 -9.046502
v 19.187035 65.956070 -5.295620
v -6.529021 74.557716 -13.892350
v -18.316835 71.747337 -7.962430
v 21.536427 42.408550 -8.994027
v 20.102509 49.932041 -5.544248
v -22.571810 38.801796 -1.821533
v -21.450859 50.572121 -2.467173
v 24.781658 42.165970 -3.554821
v 2.135948 57.844322 -13.369128
v 12.779564 38.386711 -14.035960
v 19.137531 53.000656 -12.044914
v -2.867932 52.440388 -12.844372
v 12.595823 66.274139 -12.932507
v -20.597298 42.127472 -12.348818
v -18.976269 41.684639 -12.105069
v -20.282122 46.253246 -10.938160
v -19.627800 49.128254 -11.481546
v -18.458319 48.364475 -13.117801
v -18.060003 46.141270 -12.031795
v -16.397060 61.882000 -12.872652
v -14.895254 59.055489 -13.413132
v 19.429083 83.197807 -4.642854
v -17.307451 58.829380 -12.677847
v -4.377337 62.597668 -13.427218
v -11.625487 61.710670 -13.743036
v -8.544544 53.737873 -13.723497
v 7.919332 70.199554 -14.328128
v -19.861002 54.509445 -8.938016
v -10.108912 58.768108 -14.536367
v 22.733019 56.666443 -4.077354
v 19.871426 53.831821 -5.717285
v 20.023941 46.845650 -12.090955
v 19.587624 44.070240 -12.791416
v -6.033078 79.432663 -14.159093
v -3.181479 80.549782 -14.521609
v 1.972386 51.697548 -12.502044
v -17.501389 85.185997 -7.553118
v 23.158974 53.134590 -3.730222
v -1.565742 45.617207 -11.426126
v -0.256339 86.647255 -14.708729
v 23.488539 50.700397 -3.497954
v -18.912262 38.594532 -12.208955
v -14.130299 75.115135 -12.227839
v -18.999939 60.525074 -4.478390
v 17.004217 39.130444 -13.055856
v -16.583090 51.268372 -13.342702
v 18.487148 81.214607 -7.514562
v -9.888496 40.862442 -13.586680
v -15.740065 42.044319 -12.814964
v 23.728636 48.071102 -3.406981
v -11.291669 81.243652 -13.511065
v -13.842127 61.418110 -13.112043
v -7.380026 81.857552 -14.468282
v -1.985040 65.582039 -13.519725
v -19.582632 51.920731 -6.581712
v -19.858538 51.519310 -9.539190
v -19.390182 45.374626 -12.676956
v 18.453257 68.675362 -9.370240
v 19.026236 69.390068 -5.931003
v 12.277734 42.972542 -13.903169
v -3.631603 70.928802 -14.432825
v 21.122730 44.419930 -8.138528
v -11.967992 85.075043 -13.206750
v 8.741375 62.049610 -14.205539
v -20.058058 47.416256 -1.987653
v -18.188499 43.250713 -11.878854
v -11.649520 71.280960 -13.311626
v -15.486966 69.132004 -12.533153
v -17.368475 70.884941 -11.382647
v -15.894805 72.224007 -12.043850
v 20.184156 53.007408 -8.050113
v 20.000673 56.402142 -8.577006
v -20.359509 69.310616 -3.396313
v 24.530878 43.716427 -4.035398
v 3.978934 76.766075 -14.430883
v -8.698141 38.585461 -12.319237
v -19.392799 49.848072 -3.328868
v -18.922152 75.713570 -6.415806
v -20.619083 65.654907 -3.275773
v 19.389290 59.615433 -8.389904
v -21.209715 37.223595 -4.403773
v 12.197616 81.581734 -13.398286
v 21.340862 50.400803 -2.512020
v 21.164036 53.614655 -2.959149
v -11.979106 38.553352 -13.629432
v -20.915049 61.495667 -3.048701
v -6.689436 40.843773 -11.630498
v 7.129282 47.412613 -13.565280
v 10.597167 45.964134 -13.901583
v -13.308836 54.005405 -13.389934
v -11.777996 50.918110 -14.079824
v -14.510567 52.077511 -13.016775
v -14.171916 66.366493 -12.881548
v 20.943138 39.709236 -4.871868
v -8.399002 42.477673 -12.520481
v -9.288048 44.274899 -13.492866
v 16.936480 82.413193 -9.531856
v 14.620944 84.027885 -11.687939
v -18.956575 61.765091 -5.561957
v 3.230839 72.767891 -15.129047
v -16.123659 38.467392 -12.475391
v 13.399146 45.453396 -13.121792
v -4.913858 47.181499 -12.166584
v 19.907383 48.959164 -11.781810
v 20.806215 47.626041 -9.102572
v -19.374777 56.459648 -6.455186
v 22.591734 58.599133 -4.260290
v 0.444289 75.097160 -14.620228
v 0.002262 72.153046 -14.871282
v 20.513149 59.170677 -3.785536
v 20.105246 56.681149 -4.051872
v -19.105686 83.796204 -4.571215
v 1.051408 40.994915 -8.591610
v -18.274857 81.711983 -7.365158
v 5.217026 38.194927 -10.341536
v 18.019016 71.124588 -10.683680
v 18.149328 73.855827 -9.504135
v -16.721640 46.834724 -12.191282
v 18.932266 61.355511 -6.298716
v 6.000639 61.179874 -14.212459
v -2.214204 49.042923 -11.979904
v -9.797781 80.082520 -13.682814
v 18.938305 49.623100 -12.557286
v 16.615635 51.193047 -12.903087
v -21.716110 48.980770 -2.652121
v 1.614588 47.692600 -11.720501
v 13.697430 42.274837 -13.498468
v -21.555620 52.203876 -2.877387
v 2.255215 69.776749 -14.399115
v 3.374047 67.172691 -13.978657
v 5.546436 69.798569 -14.633616
v -21.038136 41.668575 -8.150373
v -20.607811 44.620640 -8.196011
v 18.746092 62.649292 -8.782529
v -17.896025 73.913910 -10.143711
v 4.404980 82.623344 -14.877150
v 4.172329 48.645035 -12.733415
v 6.781881 50.646996 -13.726666
v 2.034062 83.354210 -14.879911
v 17.807642 42.155876 -12.592111
v 15.698344 40.295399 -13.222969
v 21.070555 37.231968 -4.569672
v -20.380545 71.120720 -3.450412
v -8.694676 77.782204 -13.546506
v 18.482809 63.650723 -10.767918
v -20.173382 44.956848 -2.073215
v -7.150360 51.661301 -13.282711
v -19.010019 64.553604 -9.184562
v -7.491843 68.246819 -14.263632
v 20.154024 50.937786 -4.158235
v 24.934914 38.744659 -2.796751
v 24.016157 46.458698 -3.847146
v 13.481432 74.254875 -12.491666
v -20.167200 76.162720 -4.205592
v -11.146301 86.799698 -13.384249
v -11.567020 42.921375 -13.884921
v 18.470083 65.652267 -9.547757
v 18.262909 67.225754 -7.558174
v 18.185896 66.462906 -10.741286
v 19.471220 45.530861 -12.642894
v 14.924341 53.444160 -12.902226
v -16.126186 81.205101 -10.404954
v -13.907610 83.495651 -12.147921
v -16.584919 83.679703 -9.492199
v -9.170516 50.676342 -13.848025
v -12.686591 47.767727 -13.516181
v -10.027267 48.796265 -14.264913
v -10.311189 45.784664 -13.933749
v -7.503188 48.514740 -12.843435
v -4.677398 50.412563 -12.680774
v 3.767271 59.125111 -13.838637
v -19.685791 49.620483 -6.218829
v -20.237112 46.574554 -7.212982
v -19.775232 46.698132 -5.090611
v -20.519485 55.315487 -2.702675
v 19.673948 57.149654 -7.019622
v 9.364188 37.720978 -13.295756
v 6.311951 79.571770 -14.320246
v 3.327266 79.946190 -14.534128
v 21.029398 45.320835 -10.389077
v 20.477392 46.859550 -6.959883
v 2.738818 44.241451 -11.663517
v 7.656396 42.066738 -13.533642
v 5.084750 45.442463 -12.814236
v 5.114184 64.348969 -14.064064
v 21.204237 71.128716 -4.161818
v 22.410107 42.373470 -2.341676
v 17.113651 84.117867 -8.883674
v 15.113239 86.454468 -10.655085
v 20.901058 77.175087 -4.232546
v 10.293072 76.806122 -13.274936
v 7.445456 76.128349 -13.973562
v 10.175647 74.388313 -13.323971
v -8.625731 39.818073 -12.420220
v -18.769579 64.711823 -6.405108
v -17.652552 67.562302 -11.513101
v -18.197208 53.318321 -12.637316
v -1.744956 78.324211 -14.371149
v -18.452438 68.735168 -7.519691
v -2.052277 86.490929 -14.692466
v 5.715224 77.192528 -14.220612
v -11.958360 40.257450 -13.822033
v -19.169571 63.263714 -8.043368
v -17.873495 63.513153 -11.563516
v 16.923918 64.915665 -11.956426
v 18.017282 62.234943 -11.626105
v -3.781033 59.070477 -13.529768
v 11.270640 78.921043 -13.291925
v 20.658463 73.906502 -4.190846
v -16.829884 86.700905 -8.007795
v 21.958441 39.963959 -10.151301
v -13.868177 59.997910 -13.219878
v 11.469667 83.639671 -13.771393
v 8.202964 83.704552 -14.837120
v 9.196707 81.298508 -14.345487
v 9.958696 86.765266 -14.135255
v -19.773716 80.778969 -4.448347
v -21.328388 39.468586 -7.223303
v -8.746589 47.208019 -13.536240
v 23.878725 36.516930 -1.451280
v -22.589663 42.101315 -2.578048
v -9.025985 83.733360 -14.425488
v 21.275110 42.886826 -10.950707
v 21.071930 55.598385 -3.271515
v -20.543564 43.569118 -11.995599
v 19.888790 71.213295 -4.872369
v 7.588647 86.911789 -14.788034
v 22.304220 37.905502 -10.239764
v 16.752815 71.496765 -11.581557
v 19.437344 77.754807 -6.378852
v 19.076550 75.732758 -6.855063
v -12.023741 78.279556 -12.771299
v -14.137213 79.663643 -11.898538
v -15.027736 86.636658 -10.506303
v -16.751434 76.859375 -10.452343
v -5.157972 86.720901 -14.704495
v -16.879953 40.399555 -12.363264
v 14.187921 48.640060 -12.638567
v 16.786171 73.541115 -11.238301
v -13.878539 73.677696 -12.548825
v -21.222908 58.364052 -3.031482
v -14.315681 44.714233 -13.093365
v 12.790807 39.681759 -14.047378
v 9.578958 39.595181 -13.886106
v 21.431410 41.158501 -7.430209
v 13.737164 58.925415 -12.843433
v 14.491317 55.889446 -12.901022
v 20.202272 48.327553 -4.616301
v -21.561018 37.392403 -6.215809
v 20.189468 80.326775 -4.367792
v 22.291336 61.450394 -4.288909
v -15.503675 56.807518 -13.638400
v -13.460757 57.112129 -13.297443
v -12.836685 58.117222 -13.615766
v -18.998819 58.777332 -10.786849
v -18.069559 56.181896 -12.339392
v -19.568548 56.932072 -9.885401
v -15.647996 53.950626 -13.559331
v -14.607703 55.461475 -13.421536
v -19.098850 59.283276 -5.479597
v 5.870858 40.015724 -11.719615
v 19.833435 57.837017 -10.374843
v 18.882536 59.389496 -11.481155
v 18.858238 56.549149 -11.966502
v -17.223797 64.982201 -12.003213
v -18.588829 71.045425 -5.956265
v -18.971865 68.790497 -4.853624
v 5.474220 57.974030 -13.960795
v 16.775776 46.049149 -12.391603
v -15.652475 64.079567 -12.836815
v -14.291325 63.752956 -12.906978
v -18.749666 65.873917 -9.706963
v -20.112961 48.789661 -7.697311
v 6.184251 74.079147 -14.474008
v 20.163124 55.223263 -9.571577
v 14.844141 80.419571 -11.726441
v 14.149869 81.855431 -12.274408
v -20.633295 36.646797 -0.676209
v -8.287582 67.871056 -14.277770
v -9.064914 66.661667 -14.163491
v -19.514383 60.363071 -8.212244
v 15.002739 50.512848 -12.698713
v -20.783743 40.088684 -4.678014
v 20.760134 44.170887 -4.255207
v -10.116217 69.361038 -13.735803
v -20.088362 47.682255 -10.766096
v -19.996346 50.052814 -9.456429
v 1.441891 86.874580 -14.734392
v -8.760092 86.896210 -14.288109
v -15.073462 84.575203 -10.972769
v 17.677431 48.036839 -12.699219
v -21.187122 44.087982 -1.383641
v -18.948704 49.217518 -12.669271
v 11.993099 72.156898 -13.058858
v -9.099628 72.106163 -13.704435
v 11.646221 54.650574 -13.109512
v 19.977711 41.559799 -12.915935
v -20.379507 47.312153 -8.628393
v 19.471767 79.857681 -5.958925
v 3.943847 53.529896 -13.396999
v 12.001917 49.626637 -13.291201
v 11.417348 52.390297 -13.448461
v 10.665869 50.732483 -13.838824
v 22.072269 47.973621 -2.218894
v 11.665771 47.936844 -13.532491
v 19.864908 67.380478 -4.523656
v -7.765044 61.191021 -13.937284
v -6.124312 59.740181 -13.515458
v -15.733692 60.042191 -13.328269
v 16.342989 86.205322 -9.260921
v 12.505611 51.591389 -12.876860
v -19.519066 53.351940 -6.530242
v -19.483070 59.118202 -7.550971
v 4.105155 62.085869 -14.121263
v -3.583101 75.626129 -14.232429
v -22.644506 36.095966 -1.815551
v 19.483137 59.195183 -5.099806
v 11.910056 59.815300 -12.855383
v 16.272747 60.817242 -12.562291
v -9.507051 38.180244 -13.121926
v -17.120419 82.254654 -9.098407
v 18.618473 73.897331 -7.159172
v 10.795280 56.952660 -13.750800
v -16.945721 79.296425 -9.661267
v -20.251036 42.530575 -2.314811
v 18.004423 76.014587 -8.826674
v 16.766466 78.131088 -10.199691
v -7.270521 66.054352 -13.903494
v -6.360701 43.048595 -11.888487
v -5.833418 85.064056 -14.843202
v -21.575815 56.121502 -3.270232
v -18.446539 69.416512 -6.185881
v 5.376986 55.249321 -13.803303
v 20.272516 51.532242 -7.768165
v -9.841236 64.363800 -14.100010
v -9.289514 63.077877 -14.297382
v 11.329457 55.674652 -13.328564
v -20.021637 44.511799 -4.626513
v -19.187431 78.277855 -6.164508
v -15.931129 75.287582 -11.357530
v -13.597835 76.476830 -12.257835
v -15.774640 78.010063 -10.924106
v -17.867458 79.504349 -8.320969
v -3.207995 61.615520 -13.470899
v -3.683009 55.476002 -13.344363
v -19.355282 51.264580 -3.469116
v -20.161734 50.501583 -2.211466
v -19.493555 53.127487 -3.265089
v -20.633051 38.402222 -12.269161
v -22.023420 38.180206 -12.109711
v -18.822460 67.205276 -4.875257
v 19.953886 81.777054 -3.966263
v -20.262251 77.515564 -3.999187
v 18.586214 64.538452 -6.576393
v 18.831039 85.952148 -4.018060
v 12.425879 86.690475 -12.860278
v 21.544374 69.464645 -4.171527
v -14.507497 40.804916 -13.162536
v -19.503206 56.040073 -3.306642
v -3.772337 45.844604 -11.832947
v 20.604252 48.864014 -8.484045
v 1.217136 80.922554 -14.626405
v -18.591656 83.253578 -6.240032
v -19.420452 57.455360 -3.499666
v 16.095943 38.041649 -13.260676
v -20.695337 42.015636 -5.747331
v 21.979620 65.482628 -4.353176
v 4.798951 42.630779 -12.220220
v -11.873011 52.344955 -14.230517
v 18.740135 40.174019 -12.882782
v -18.557520 86.454811 -4.048783
v -15.366981 66.150284 -12.760670
v 14.853582 68.057266 -12.417088
v 16.554132 67.363937 -11.930920
v 17.637163 68.930008 -11.290781
v 12.171022 73.529404 -12.900207
v -5.828942 72.157776 -14.213435
v 9.141316 69.018684 -14.030671
v -12.858281 55.111145 -13.671750
v -11.635565 54.111229 -14.651911
v -19.850389 58.638496 -2.899451
v -9.007978 55.539314 -13.955894
v 2.594076 38.872658 -7.933025
v -6.905278 69.804710 -14.298382
v 10.208732 66.350182 -13.797108
v -5.694020 63.587719 -13.474406
v 19.526001 51.816818 -11.717250
v -18.849747 43.336655 -12.050323
v 12.732248 78.690750 -12.721243
v -18.517715 51.758488 -12.611924
v -16.238306 52.599583 -13.613004
v -17.994858 76.758682 -8.700994
v 13.586570 64.142502 -12.612217
v 2.820913 74.413116 -14.847442
v 4.354128 75.027512 -14.663310
v -11.162097 67.087128 -13.512089
v -12.207445 66.050591 -13.247699
v -17.878872 48.639748 -12.928335
v 13.309715 61.577095 -12.757581
v 18.321489 72.037956 -9.596790
v -17.460203 38.215050 -12.177230
v -10.720590 83.889717 -13.872825
v -21.761063 39.549568 -10.483587
v 18.032850 86.196220 -6.206042
v -18.171137 74.447853 -8.801456
v -18.409863 71.915672 -9.363687
v -18.248688 72.994278 -7.468360
v 19.253607 84.441940 -3.884445
v 19.616283 72.751007 -5.603878
v 22.523130 38.615578 -2.802993
v 8.832127 77.122772 -13.656878
v 12.461184 65.010544 -12.887981
v 13.804996 66.562813 -12.596750
v -17.141422 51.295540 -13.478375
v 18.695429 83.550018 -6.236812
v -20.303434 74.160080 -3.716772
v -5.483806 78.077629 -14.067323
v 22.128424 63.361065 -4.335746
v -20.992714 38.395798 -3.777330
v 13.898505 70.347778 -12.666519
v -17.726772 86.582497 -6.312190
v -21.374416 40.909519 -12.096271
v -11.010628 75.720856 -13.022844
v 15.559066 65.753845 -12.348489
v -7.961571 45.168858 -12.707593
v -18.547129 70.133095 -8.897282
v 11.299951 69.914803 -13.381178
v -3.936043 66.542465 -13.670425
v 21.905233 37.178459 -3.440609
v -8.596935 74.247124 -13.572228
v 19.844225 75.328796 -5.592556
v 11.438613 58.492596 -13.297609
v 19.902176 68.646690 -4.552636
v -18.120380 68.597191 -10.772985
v -22.317879 45.474594 -3.041682
v -22.702261 37.479965 -2.068593
v -8.303476 85.277611 -14.579281
v 0.875437 50.654579 -11.956706
v 20.283384 63.452515 -4.050536
v 20.273464 61.499691 -3.983700
v -11.513957 64.824226 -13.530338
v 18.979525 46.639202 -12.691779
v 18.655539 44.409801 -12.874853
v 4.326691 71.651688 -15.074452
v 0.082267 70.778862 -14.566269
v 15.642612 49.180168 -12.585680
v -17.762783 66.085815 -11.474461
v -4.602630 40.047737 -10.210128
v -6.107233 38.435490 -10.309368
v -4.065446 56.569832 -13.406793
v 21.182219 39.677456 -12.343288
v 21.941744 37.963005 -11.731371
v 19.435255 58.554897 -7.302086
v 18.139088 77.947197 -8.219317
v 9.560974 55.111588 -14.069251
v 10.527601 54.031540 -13.813774
v 7.762171 53.945927 -14.096275
v 20.395672 50.782879 -10.047330
v -5.007411 74.864090 -14.090284
v -6.635099 75.885437 -13.838227
v -13.602175 87.147560 -11.705965
v -2.148116 53.750561 -13.010570
v -2.951796 84.087372 -14.816849
v -3.595635 87.167320 -14.653844
v 16.814518 76.082703 -10.646927
v -16.504356 55.281994 -13.564439
v 11.139241 68.142693 -13.468631
v 12.300630 67.404037 -13.083694
v 11.717979 65.687508 -13.289709
v 25.116209 37.985226 -4.046749
v 17.841635 38.121056 -12.932151
v 16.335430 41.469730 -12.988514
v 16.102367 43.903526 -12.628643
v 16.167885 80.597336 -10.600016
v 16.018549 83.328384 -10.433559
v 9.697776 49.226490 -14.043341
v -8.099579 62.763077 -14.124693
v 18.702803 72.723618 -6.899337
v -19.345333 71.899239 -5.032069
v 21.765942 46.313622 -2.368951
v -20.734529 67.013313 -3.299811
v -3.568311 74.359444 -14.309681
v -0.662577 76.102814 -14.435954
v -1.265769 73.888145 -14.622851
v -8.996323 65.407982 -14.258607
v 20.934357 44.208313 -11.167784
v -19.835575 46.157940 -12.152637
v 11.727229 63.304047 -13.198164
v 1.030514 76.555069 -14.464724
v 18.131802 79.988045 -8.211468
v -8.542931 58.758968 -14.082040
v 9.118999 57.619343 -14.105178
v 10.227412 60.098427 -13.958395
v 8.069645 59.192719 -14.262527
v -18.064718 59.929928 -11.834786
v -13.944879 38.139015 -13.067518
v -19.043528 73.695549 -5.872090
v 25.128311 36.128151 -3.806429
v -19.703421 82.171768 -3.925679
v -7.908222 65.433037 -14.108310
v 5.959133 82.640312 -14.941326
v 5.323817 72.527321 -14.914295
v 19.014788 60.947330 -10.837608
v 21.804407 67.073799 -4.272645
v 20.001081 65.225563 -4.327682
v 9.218246 64.997780 -14.067171
v 8.018424 63.232056 -14.173761
v 0.747022 60.997128 -13.719786
v 20.349367 47.975346 -11.208436
v -7.325496 41.769402 -12.027240
v -2.554529 42.954967 -10.933245
v -4.059085 41.293053 -10.567344
v -19.261295 61.422020 -9.680248
v -10.272117 53.424835 -14.316849
v 19.845995 38.990021 -13.142968
v 23.258062 54.532055 -4.432087
v -11.254081 68.327866 -13.455985
v -18.581135 66.870132 -6.899503
v -18.876837 80.795769 -6.465910
v 22.076277 37.697983 -8.047525
v 23.730337 49.366234 -3.870307
v 18.452105 68.535049 -6.971697
v 18.400415 69.963303 -8.979215
v 18.683655 70.385521 -6.703038
v -10.365293 51.595798 -14.388091
v -16.776867 57.712128 -13.193637
v -20.466192 44.187149 -6.698324
v 19.473665 42.853031 -12.976130
v -4.237816 77.318939 -14.155000
v -13.207193 59.557556 -13.324758
v -11.847285 59.649803 -13.961223
v -13.042176 61.718323 -13.253039
v 14.893658 63.245178 -12.564139
v -4.675590 80.112198 -14.377329
v -3.974850 81.818382 -14.633456
v 12.073852 62.477875 -12.825633
v 11.449950 60.942081 -13.171712
v 11.091808 61.917309 -13.603150
v 9.324765 70.212807 -13.945287
v 9.531563 72.069664 -13.711930
v 11.295124 38.105675 -14.063045
v 2.883724 56.670521 -13.404552
v 18.085152 84.606445 -7.024453
v -21.059351 40.394371 -0.961003
v 9.248234 73.576126 -13.646539
v 10.192872 84.494629 -14.275491
v 12.626848 84.628288 -13.065917
v -1.280977 57.772621 -13.221478
v -20.238827 46.175655 -1.869072
v 19.267094 60.787560 -9.536117
v -6.418630 73.093277 -14.034177
v -10.390878 55.924911 -14.404170
v -11.192978 57.742947 -14.643450
v -0.143506 78.827469 -14.430806
v -1.817371 81.264076 -14.635189
v -19.441456 59.898125 -3.455200
v 19.896013 52.890118 -11.021172
v 14.983952 41.778172 -13.242641
v 8.788280 46.485485 -13.784453
v 7.632807 67.317337 -14.178726
v 5.811045 68.433861 -14.390978
v -8.401358 80.785774 -14.099907
v -7.453326 64.108734 -13.850945
v 20.189257 57.976837 -4.007997
v -18.724863 65.069695 -5.107110
v -18.946054 85.102737 -3.791945
v 3.788988 70.241425 -14.677058
v 20.222729 53.952694 -9.318349
v 9.975392 62.519741 -14.030629
v -1.004308 63.087208 -13.487089
v 2.697573 64.627312 -13.770196
v -6.143066 82.682274 -14.678665
v -11.996951 72.401619 -13.153261
v -14.179031 71.370277 -12.815631
v 1.934253 66.328194 -13.618334
v 2.693130 68.351181 -13.989305
v -3.006629 67.984604 -13.868073
v 9.591282 41.481792 -14.072223
v -17.033257 43.546421 -12.303244
v 2.820430 78.671364 -14.440216
v 7.258134 85.423294 -14.984999
v -16.588438 67.984131 -12.126462
v -17.887260 69.978462 -11.027253
v 7.363431 71.469635 -14.455061
v -21.237171 62.833054 -3.267925
v 21.081619 38.485615 -5.187767
v -16.166075 65.179581 -12.514575
v 11.549077 76.185730 -12.921631
v -20.534582 43.035870 -12.587298
v 7.356318 66.134132 -14.156405
v -20.433571 39.788380 -1.790829
v -11.991564 57.132175 -14.397952
v -16.729095 69.897491 -11.963545
v -22.020559 37.358299 -9.022407
v -17.090361 49.424114 -12.867961
v -21.190052 39.857983 -12.314619
v 17.627758 46.775608 -12.623215
v 22.524242 50.746029 -2.467978
v -21.161463 42.114037 -11.223992
v -21.009052 42.636017 -8.880074
v -21.415840 41.064053 -9.712796
v 21.468523 49.092007 -2.418957
v -14.913366 80.911842 -11.488675
v -20.168221 42.659039 -3.690695
v -6.178313 54.260456 -13.522650
v -0.219254 83.717125 -14.853713
v -19.198530 54.280094 -4.780607
v -19.636984 55.423389 -7.279064
v 4.869253 66.379303 -14.088044
v -19.566006 66.605324 -3.672960
v -13.757822 67.474258 -12.962512
v 18.317457 68.016777 -8.408277
v 5.628251 41.083298 -12.105888
v 1.251059 42.960987 -10.435593
v 19.245123 37.886051 -12.980911
v -20.796694 43.824341 -10.894989
v -15.541583 51.248348 -12.966370
v 22.759684 59.785774 -4.704738
v -21.692913 39.217720 -9.347973
v -8.278034 70.529495 -14.052541
v 15.780166 75.476852 -11.387733
v -22.094967 37.728844 -11.104978
v -20.833809 68.209526 -3.298899
v -13.943179 69.595901 -12.993968
v 13.399949 68.860718 -12.797325
v -16.378933 59.357964 -13.212171
v -19.375580 49.630379 -4.756003
v 21.864485 38.897743 -7.810928
v -19.762768 54.067871 -7.593539
v 18.406937 70.935059 -9.490438
v -17.036953 73.561417 -11.109803
v -6.683465 80.636650 -14.270234
v 14.136401 71.519157 -12.528639
v 14.004979 87.048843 -11.564419
v -17.176220 62.674564 -12.298409
v 2.063217 54.580982 -13.169295
v -8.591819 57.658970 -14.020028
v -19.511038 54.393661 -10.510497
v 8.064438 72.730873 -14.167756
v 7.046545 75.024338 -14.156093
v 8.627120 74.731201 -13.750231
v -12.576138 86.363358 -12.634336
v -18.198967 40.734531 -11.996266
v 12.848861 41.365799 -13.919214
v 11.737749 40.211807 -14.242416
v -18.975300 64.427330 -7.745831
v -10.168221 61.400021 -14.289248
v -9.203750 60.616119 -14.386928
v 21.295053 40.328964 -3.717093
v 11.675802 57.298130 -12.926075
v 15.901801 69.529129 -12.094144
v -18.718927 39.747089 -12.161239
v 11.061450 82.306122 -13.922369
v -22.012131 39.595337 -0.994743
v 3.551119 40.699928 -10.299869
v -11.092631 79.597878 -13.252073
v 14.163561 39.719906 -13.670029
v 13.985503 37.957821 -13.696971
v -2.584023 79.350388 -14.420430
v -20.507008 38.578499 -1.875611
v -19.363691 79.929741 -5.668573
v -16.390675 48.640972 -12.467506
v -15.197840 49.402824 -12.693668
v -18.087093 47.222916 -12.486489
v -20.573557 45.111649 -10.561377
v -16.747986 45.695305 -12.252793
v 2.364018 85.183693 -14.923858
v 5.007417 83.935593 -15.043314
v 18.389442 64.733322 -7.946964
v -12.772000 75.487617 -12.603905
v -17.960854 75.659927 -9.315986
v 6.886515 56.349941 -14.073507
v 20.326340 45.961281 -5.852232
v 14.512171 73.485214 -12.195412
v 18.328663 66.312141 -8.390716
v 18.605429 66.721794 -6.405031
v -20.335896 46.769764 -9.828835
v 9.920507 52.979588 -13.989311
v 22.307436 37.547787 -9.312231
v -19.914875 51.722103 -7.912551
v -12.424295 62.800377 -13.383505
v -12.389960 63.924126 -13.315593
v -10.886234 82.517586 -13.776885
v 7.538414 78.913208 -14.089840
v 6.111849 78.330505 -14.193676
v -22.773222 39.923176 -2.675427
v 13.112594 46.588539 -13.068386
v 15.702962 77.939575 -11.071031
v 24.279964 37.736847 -1.565285
v 24.896465 35.990807 -2.393735
v -8.802132 68.786522 -14.114255
v -19.173180 57.372353 -5.516668
v -21.691723 54.794174 -3.422433
v 17.755617 81.815704 -8.493130
v 16.828167 79.597786 -9.889355
v 20.667202 60.384361 -3.732124
v 21.225847 45.105957 -9.158458
v -18.094116 84.282394 -6.789361
v 6.618144 45.841404 -13.412008
v 8.318706 43.712631 -13.846925
v 10.195491 44.880215 -13.903578
v -4.822750 72.016029 -14.332617
v 25.108561 39.508663 -4.097437
v 7.424882 37.323841 -12.236853
v 22.183048 41.321701 -2.508991
v 23.817108 42.173714 -2.349464
v 24.368660 41.189240 -2.580943
v 23.895510 40.091862 -1.903469
v -17.194859 61.538246 -12.431297
v 18.714500 82.385391 -6.754581
v 18.593143 53.901257 -12.397852
v -13.947361 64.731857 -12.888713
v 8.609904 68.126595 -14.115793
v -11.274964 51.435688 -14.473346
v -12.377414 53.578991 -13.964083
v 20.938795 51.638203 -2.873958
v -19.821795 45.026821 -3.354989
v 9.402927 80.013542 -14.010139
v 11.924349 80.007637 -13.325341
v -19.077477 52.196354 -11.668416
v 9.421363 51.897957 -14.131350
v -15.899345 87.105103 -9.283098
v -1.210005 82.513367 -14.759588
v -19.614117 50.770378 -6.384814
v -10.384439 71.726212 -13.487514
v -7.316813 67.178085 -14.080191
v 17.353064 43.191586 -12.492478
v -6.503810 44.000935 -12.008773
v -2.769483 43.998684 -11.383412
v 25.153162 41.231487 -4.265778
v 21.487581 73.122780 -4.192307
v -18.775602 54.072342 -11.907835
v -19.795376 52.721691 -9.596870
v 15.628614 57.678307 -12.847820
v 17.869062 57.743679 -12.364384
v -21.059153 37.802460 -0.539463
v -12.626709 73.309174 -12.912502
v -11.096743 73.894073 -13.140903
v -9.377075 73.266968 -13.515591
v 6.841615 80.746689 -14.499430
v 4.785190 80.023354 -14.505301
v 4.152439 81.332130 -14.700764
v -18.142632 72.882156 -10.018152
v -18.070261 71.678696 -10.497435
v -19.803753 60.885998 -3.018388
v 10.477374 59.115818 -13.861256
v -14.475801 47.178093 -12.961482
v -12.395192 45.410973 -13.555579
v -10.999520 70.325989 -13.477888
v 19.849939 56.002205 -7.228087
v 23.336092 44.426140 -2.411272
v 22.207930 44.104351 -2.374683
v 7.595753 61.458973 -14.266197
v -21.520161 59.458698 -3.321917
v 19.599844 55.270805 -11.271962
v 21.623363 58.918457 -3.555766
v -18.100632 49.887848 -13.213423
v -18.815924 76.767693 -6.694990
v -19.552719 57.159554 -7.422757
v -0.857250 52.081074 -12.445889
v -11.555049 46.700344 -13.754907
v -13.762967 49.044411 -13.194319
v -3.769450 54.374043 -13.261429
v 4.194079 87.395294 -14.811975
v -3.967244 73.233681 -14.360620
v 11.269485 59.490288 -13.521938
v 14.930690 85.248482 -11.133075
v -0.286738 46.722729 -11.392653
v 22.299088 53.531334 -2.916654
v 11.119039 43.530930 -14.002897
v 11.042591 42.333141 -14.116324
v -21.959295 41.748489 -1.403572
v -22.094786 35.905659 -0.590392
v 10.428276 75.614502 -13.215889
v -0.191737 80.883255 -14.611779
v -17.981497 78.360054 -8.195109
v -10.357154 43.663723 -13.869903
v 20.884613 79.090897 -3.808205
v -8.022661 52.641365 -13.532041
v 20.378717 44.136135 -12.178223
v 17.141750 86.864548 -7.715473
v 21.388081 43.494999 -8.774504
v -10.700269 42.057621 -13.877110
v -9.056275 41.871895 -13.024020
v -8.932000 43.389561 -13.083417
v 23.089680 51.855789 -3.200373
v 0.238945 68.830498 -14.017066
v -19.823292 64.806313 -3.295932
v -18.345802 69.537033 -10.189031
v 17.569683 52.050507 -12.921456
v 15.863426 52.485699 -12.940871
v -20.335012 43.613510 -1.944982
v 20.773401 45.289085 -7.443349
v 20.755779 43.996410 -6.908942
v 20.476347 45.115128 -4.794209
v -0.580279 48.357681 -11.559378
v -19.859528 45.621365 -4.750577
v 8.171467 64.352852 -14.132589
v 18.159704 73.865974 -8.351747
v -19.747044 45.271137 -12.634310
v 17.833698 50.424198 -12.878346
v -13.887294 53.132557 -13.167283
v -18.481892 67.964088 -10.024312
v 19.467207 58.762695 -10.897120
v 19.683346 59.009884 -9.423755
v -11.064467 77.487968 -13.016772
v -9.216395 78.892998 -13.573552
v -18.976870 61.662586 -4.351598
v 18.060360 74.935333 -9.267815
v 18.702311 62.045212 -7.336851
v 18.963455 63.312916 -5.734238
v 18.532711 63.613998 -8.229888
v 21.759001 40.615910 -10.991717
v 20.283916 37.857674 -13.093374
v 5.781012 49.018436 -13.288086
v -14.796034 78.701683 -11.495462
v -19.201109 55.422287 -5.045488
v 20.548580 43.894009 -5.496291
v 6.679121 70.155502 -14.518499
v -20.242020 75.169418 -3.929119
v -7.836142 38.526089 -11.545366
v 22.174513 36.349827 -2.559284
v -4.996976 51.540028 -12.967131
v -17.511929 42.472763 -12.156454
v -12.867314 84.161163 -12.768257
v -22.085501 46.641613 -3.088795
v -13.306788 65.900185 -12.975410
v 13.266542 52.929955 -12.848210
v 19.511105 57.100533 -11.230807
v -6.094703 47.787098 -12.418961
v -6.176253 49.396896 -12.728806
v -9.545752 49.740192 -14.076561
v -3.338690 49.944275 -12.380542
v -9.466822 46.533226 -13.937937
v -9.754626 45.024944 -13.847502
v -10.947493 49.684937 -14.297711
v -8.433498 49.324928 -13.324148
v -10.934232 48.207855 -14.062495
v -8.279058 46.280739 -13.003857
v -9.429276 47.910797 -14.027108
v 0.444317 45.063725 -11.146077
v -12.329801 68.516823 -13.208800
v 13.204662 77.309113 -12.419383
v 14.366721 76.940643 -11.939258
v 23.671583 51.713161 -4.337865
v 17.843931 59.697384 -12.123996
v 15.354866 59.705513 -12.770271
v 18.752411 63.176769 -9.839787
v 11.221027 86.787880 -13.554361
v -16.207296 66.982483 -12.349775
v 20.132835 77.652695 -5.020628
v -11.047460 59.147312 -14.452654
v -18.805534 63.977692 -5.414166
v 17.887280 55.761063 -12.565452
v -19.112373 62.105427 -6.774976
v 21.574274 74.518227 -4.064631
v 2.822400 49.760387 -12.356539
v 24.296719 45.208298 -4.754327
v -2.212169 38.654781 -7.718885
v 14.716302 79.230217 -11.704838
v 21.161819 42.068127 -11.667280
v -18.603273 64.029724 -10.432697
v -21.031706 41.914017 -12.478047
v -22.764099 41.051022 -2.882463
v 11.143528 47.133789 -13.778627
v 12.226619 45.494480 -13.475849
v -21.146629 36.648239 -3.144129
v -20.828545 36.356117 -1.818712
v 19.358862 70.374611 -5.550218
v -18.101372 80.598244 -7.836002
v -11.787675 60.693104 -13.821462
v 11.942602 51.849525 -13.176931
v 16.870651 72.501213 -11.383597
v -8.023046 76.783638 -13.622704
v 20.002497 57.181381 -9.474347
v 0.893728 78.086990 -14.411249
v 22.308332 64.442543 -4.535562
v 18.847715 79.971199 -7.110291
v 12.819445 69.715546 -12.976567
v -4.288984 64.572945 -13.434456
v 14.594636 42.988613 -13.179426
v 14.294043 44.646156 -12.977571
v 12.556757 43.988842 -13.599141
v -21.419811 57.244328 -3.141078
v -9.067873 40.451454 -12.992788
v -7.086013 61.814472 -13.641512
v 12.374773 50.774643 -13.064194
v 12.981227 49.319153 -12.967423
v -15.853112 63.154961 -12.879539
v -14.155621 62.751297 -12.978087
v -14.670813 61.773769 -13.115604
v 23.611860 45.949036 -2.757224
v 4.633312 85.242805 -15.051976
v -5.127533 69.818619 -14.232298
v 10.923336 64.104263 -13.639508
v -7.297367 60.229763 -13.678347
v -20.130342 62.664318 -3.032691
v -21.849834 51.098530 -3.601867
v -12.585121 81.072784 -12.931473
v 21.489050 42.834396 -9.909290
v 14.630305 75.475365 -11.927672
v 21.562323 42.461758 -3.122144
v 21.238169 44.458206 -3.185530
v -14.593825 72.711891 -12.506317
v -19.606480 59.341557 -8.768920
v 3.075238 48.117336 -12.275774
v 1.607427 82.129875 -14.762874
v 3.262148 46.559616 -12.191618
v 20.552794 48.208652 -3.344680
v 20.638958 46.465763 -3.650411
v 6.608995 64.018829 -14.146758
v -18.875887 62.847286 -5.179201
v 23.204641 55.782467 -4.787544
v -21.876974 49.938416 -3.395265
v -20.441420 45.625977 -7.841572
v -20.814829 43.675926 -8.695724
v -5.580608 58.108685 -13.576114
v -2.312986 58.619057 -13.420630
v 4.986827 51.001724 -13.342799
v 5.650370 52.899036 -13.744461
v 3.246088 52.705296 -13.090226
v 10.382453 48.369396 -13.949211
v 20.585100 47.848553 -7.834621
v -12.376518 55.584541 -14.143764
v -13.067823 56.164112 -13.530839
v -12.662510 43.900669 -13.635941
v -13.262247 42.524590 -13.582672
v -21.759369 39.669991 -12.278285
v 24.870939 42.882996 -4.704792
v -21.905565 37.070236 -7.905890
v -8.085956 71.586105 -13.944305
v 19.267569 74.663742 -6.504820
v -21.268160 64.737907 -3.360170
v -21.754007 53.231853 -3.556072
v -20.300566 53.025867 -2.447250
v -20.130560 54.290401 -2.652211
v 20.538900 49.752495 -9.592957
v 20.278759 49.557594 -7.018966
v 5.598726 39.095779 -11.169572
v 9.500761 38.672714 -13.668325
v -11.578593 55.164062 -14.670895
v -16.327423 39.442413 -12.484571
v 8.682338 82.433754 -14.625866
v -6.359402 56.341587 -13.595344
v 19.373011 54.021400 -11.716220
v -11.882458 53.383904 -14.407107
v -3.079909 78.035934 -14.281391
v -19.606831 47.783398 -4.909765
v -19.592215 48.859425 -2.709284
v -19.518505 47.260437 -3.094582
v -20.536848 40.536072 -3.666568
v -0.714273 49.933773 -11.858750
v 0.330871 65.160645 -13.456523
v 10.781585 77.887756 -13.249022
v 19.966583 52.680916 -5.045535
v 20.307320 53.648453 -3.669492
v -16.448971 41.238037 -12.572646
v 21.465712 72.113365 -4.222943
v -13.474389 63.877251 -12.999416
v 16.883125 62.485794 -12.252371
v -19.289610 47.106789 -12.636156
v -18.815365 47.242081 -12.978992
v 19.882439 47.902451 -12.080203
v -18.443226 42.470520 -11.868637
v -21.946087 47.998894 -3.213520
v -21.239759 46.510189 -1.545469
v -21.181990 48.372437 -1.697087
v -0.879742 72.971489 -14.748494
v -19.303150 51.947853 -5.308362
v 21.328604 61.213654 -3.671551
v -21.425440 38.467289 -6.541459
v 20.014029 53.772072 -7.059995
v 20.127317 50.893177 -6.479455
v -8.025126 82.927643 -14.574828
v -5.668225 68.286926 -13.966425
v 16.238440 74.480721 -11.334263
v -15.216161 58.075706 -13.510977
v -13.954775 56.382587 -13.356331
v -13.999177 57.902061 -13.349953
v -18.753313 66.882355 -9.294434
v -20.896618 41.441048 -1.176597
v -16.264332 82.343399 -10.106275
v -19.125710 49.939861 -12.270045
v -19.635023 76.108574 -5.397250
v 21.033415 46.151615 -9.670763
v 20.636232 45.995922 -11.209405
v -1.366120 87.565498 -14.564643
v 19.541967 78.792755 -6.052573
v -19.600210 48.759975 -5.403890
v -16.730896 78.240425 -10.121118
v -20.178530 47.571438 -7.421453
v 4.521039 77.678963 -14.342179
v 22.154726 38.928520 -10.238539
v 22.079487 55.921391 -3.350172
v 17.790667 67.003799 -11.304508
v 18.322403 68.818413 -10.428042
v 18.389185 67.364487 -10.247013
v -22.026585 44.548512 -2.036659
v 4.104949 54.515396 -13.503855
v 4.094695 44.759670 -12.363138
v 3.263543 83.147408 -14.897642
v 17.775040 65.740959 -11.404158
v 17.670488 64.304741 -11.599514
v 18.485128 64.770447 -10.135295
v -15.526726 62.153507 -13.063346
v -12.704224 71.499886 -13.108482
v -18.237551 62.607910 -11.230567
v -8.294764 47.862381 -13.163886
v 19.280846 76.711166 -6.637815
v -10.954381 37.782604 -13.596957
v 18.125017 39.578568 -12.784825
v 17.451481 61.515198 -12.109870
v -20.968981 70.239189 -3.271368
v -20.707182 72.199844 -3.276126
v -15.629502 59.000698 -13.465361
v -12.917175 69.571373 -13.140305
v -15.225613 53.239765 -13.296035
v -15.190422 54.694931 -13.476706
v -13.872281 54.768982 -13.276412
v 18.842813 62.377186 -6.203503
v 15.138031 82.983246 -11.390323
v -16.638517 80.345268 -9.825583
v 11.335593 54.750412 -13.545489
v -18.347715 71.656219 -6.838343
v 11.260118 50.146282 -13.571827
v 18.332024 48.851891 -12.771103
v 6.792093 51.680782 -13.862785
v -19.713793 49.941792 -10.764812
v 22.987221 36.122425 -1.865328
v -18.414721 47.747318 -12.842108
v -17.253792 54.070194 -13.274434
v 5.173589 65.356865 -14.065430
v 22.079975 68.025391 -4.371719
v -10.199705 62.415844 -14.148817
v -21.259851 60.491322 -3.191411
v 22.860807 39.320538 -2.133694
v 19.003277 61.805851 -9.429393
v -21.949980 38.519424 -0.737426
v -16.923647 84.661964 -8.706909
v 17.710648 54.508404 -12.738392
v -19.740204 73.805000 -4.806061
v -21.198164 40.464916 -7.660678
v -21.080173 39.788025 -5.844165
v -12.778546 50.280972 -13.578359
v -7.439137 59.245678 -13.718927
v -17.491659 64.221024 -11.900270
v -9.026587 69.773056 -13.996634
v 23.398285 37.973251 -2.072546
v 17.687372 73.569710 -10.503006
v -19.823689 44.400322 -12.638467
v 20.959976 41.169281 -4.455875
v -7.667441 78.309608 -13.786760
v -6.028030 76.807892 -13.935151
v -20.237190 79.309570 -3.613021
v 18.347898 71.966927 -7.705507
v -3.728485 83.044373 -14.767831
v -20.939499 40.963215 -12.320388
v 8.049719 51.075909 -13.994979
v 8.195913 56.060612 -14.082443
v 2.077230 72.304771 -15.118095
v 21.433125 76.344650 -3.923960
v -19.312613 61.060246 -7.304547
v -19.297285 62.502975 -8.867182
v -19.698317 57.243160 -8.615435
v -19.739180 78.088058 -5.133767
v 8.523540 53.131065 -14.108286
v 7.147276 53.059200 -14.033688
v 18.308514 75.922180 -7.807028
v -17.565735 76.508102 -9.730597
v 12.564252 75.654465 -12.649011
v -19.234074 44.530861 -12.333043
v -18.864374 45.564491 -12.418884
v -18.285233 44.257439 -11.836027
v -19.314556 62.944317 -3.583274
v 20.958370 56.716255 -3.437973
v -20.720510 41.080620 -5.136075
v 20.813324 67.230202 -4.008757
v -13.433811 60.517780 -13.202697
v -12.401329 58.887966 -13.784019
v 19.348259 50.544228 -12.148408
v 8.786820 87.380852 -14.441964
v 6.438107 87.540260 -14.822614
v 9.688396 40.544697 -14.022146
v -9.430340 59.671272 -14.442806
v 17.664286 75.730217 -9.909036
v 19.329750 58.794750 -6.085880
v 19.182056 60.426460 -5.721962
v 18.962133 60.644306 -7.137834
v 20.174358 49.617054 -11.108708
v 20.085014 51.466717 -10.850198
v 7.166440 59.979286 -14.261879
v 9.079615 59.800507 -14.184353
v 9.250917 61.155056 -14.175224
v -1.422217 76.923042 -14.354384
v -2.332455 76.012558 -14.330209
v 8.402033 58.291523 -14.189839
v 6.876921 58.326797 -14.199485
v -16.531399 71.352936 -11.896981
v -18.498899 71.048187 -9.058842
v 2.912905 62.769203 -14.011223
v 1.611121 63.726025 -13.740770
v 4.950911 62.801060 -14.111753
v 8.551545 54.626354 -14.103865
v -8.991489 39.335159 -12.859878
v 15.939116 63.914425 -12.407038
v 14.516911 65.142899 -12.484369
v -9.968585 86.655998 -13.925265
v 4.840750 67.746056 -14.210287
v 10.239506 55.979080 -13.896717
v 11.313552 56.210701 -13.566478
v 11.298063 71.301254 -13.280502
v 20.693922 47.775799 -10.233453
v 4.823096 59.821686 -14.066974
v 1.875928 60.139408 -13.752781
v 2.929551 61.474300 -14.036557
v -19.389265 72.836594 -5.207998
v -20.791143 73.160812 -3.232603
v 11.635455 53.631645 -13.178835
v 12.493332 53.751301 -12.905423
v 11.028188 51.552845 -13.634100
v 10.818398 53.082684 -13.735691
v -8.429132 37.805344 -11.834476
v 14.455144 66.026169 -12.463528
v -14.798271 77.631676 -11.593411
v -8.504148 51.292377 -13.505956
v 19.823549 55.843067 -4.736084
v 19.795177 54.875938 -5.290540
v 19.851099 54.940010 -6.505764
v 19.668003 56.881012 -5.103769
v -11.394785 39.364044 -13.765544
v 10.184793 57.604652 -13.918406
v -19.709623 55.980671 -9.495383
v -18.976555 56.530499 -11.280440
v -18.655376 55.275162 -11.896327
v -15.806378 56.131012 -13.726434
v 15.736518 87.131500 -9.748206
v 8.997146 48.262215 -13.897152
v 8.372731 49.722828 -13.950638
v -21.924023 38.707703 -10.912731
v -22.135744 37.273270 -10.182831
v -20.056768 39.262825 -12.237409
v 1.237451 56.192917 -13.191871
v -7.609190 87.464264 -14.443771
v -6.235051 87.402542 -14.610206
v -7.021865 85.076370 -14.791308
v -16.277250 60.914616 -13.060683
v 23.100475 58.023735 -5.087435
v -16.016953 57.231071 -13.603644
v -19.369637 57.883701 -10.251472
v 7.916086 39.487816 -13.244098
v -4.740754 60.688702 -13.483478
v -1.109401 60.148582 -13.571493
v 11.282146 57.681850 -13.517310
v -19.247246 52.293232 -3.864674
v 12.704015 55.692474 -12.907640
v 20.425182 51.356449 -9.055659
v -13.517733 80.486862 -12.402682
v -20.255196 41.718990 -2.996307
v -19.144863 64.487167 -3.960411
v 20.971615 65.328300 -3.924462
v 20.405706 76.255020 -4.541851
v -18.532806 69.330750 -8.368993
v 16.805584 85.193787 -8.973402
v -16.885256 74.607399 -10.983113
v 9.702311 43.941303 -13.917679
v 20.734221 42.346523 -5.918444
v 21.043707 40.324635 -6.012577
v -13.768841 51.549641 -13.196406
v -5.033120 65.545952 -13.568313
v -9.080227 75.145905 -13.429918
v -18.622395 84.237862 -5.586698
v -21.561485 39.154987 -8.378008
v 6.048912 85.338379 -15.093404
v 12.436777 47.357609 -13.248022
v 16.441315 77.135345 -10.651504
v -18.869184 48.412876 -12.892239
v -17.995787 49.203358 -13.181878
v -3.852724 48.257397 -12.212403
v 19.167799 67.005798 -5.372591
v 8.386267 78.120079 -13.852497
v 8.828070 79.084824 -13.906002
v -4.341377 38.325405 -9.051204
v -2.487036 85.326782 -14.792845
v -0.339842 84.971283 -14.842125
v -1.913939 83.525414 -14.814544
v 18.263758 58.722271 -12.041305
v -7.204192 72.287651 -14.008208
v -7.348138 70.294624 -14.242071
v -6.375252 71.191650 -14.248071
v 17.942780 76.993973 -8.563827
v 12.579877 60.694363 -12.813692
v -12.978194 78.892723 -12.453288
v -12.945431 77.308601 -12.430082
v -9.297304 56.541134 -14.125284
v 13.701646 84.580444 -12.326793
v -4.491069 43.427795 -11.529326
v 20.187803 47.708294 -5.566910
v -22.543570 44.435776 -3.302695
v -19.282871 42.699566 -12.151675
v -9.625432 58.026573 -14.380018
v -6.830829 68.070328 -14.074913
v -18.952446 66.329933 -4.461583
v 13.112651 71.847870 -12.808527
v -19.545424 58.116489 -7.687927
v -20.659851 45.094513 -9.510405
v -21.050806 43.266285 -9.968652
v 1.782634 39.757927 -7.744926
v 0.887679 38.832985 -6.348956
v -0.367879 40.490356 -7.850346
v -2.144069 39.900177 -8.535660
v -14.308703 68.698517 -12.931280
v 20.361208 47.477917 -4.028185
v 4.038188 57.605042 -13.685410
v 23.091825 47.734661 -2.474695
v 17.341814 68.044418 -11.532497
v 20.245991 53.119606 -9.977574
v -3.210729 51.378975 -12.643276
v 13.682154 79.157074 -12.354391
v -18.236782 73.881706 -8.058281
v -19.006012 74.790016 -6.143953
v -18.255135 75.169052 -7.293927
v 15.593699 46.823490 -12.471143
v 0.368951 79.863258 -14.514275
v 18.217268 72.919853 -9.701159
v 21.356001 42.175896 -7.760423
v -15.872086 44.154018 -12.673811
v -18.467432 45.624214 -12.172853
v -7.370961 45.900208 -12.433086
v 20.799885 78.135086 -4.190479
v -12.046161 87.431122 -12.763700
v 2.360166 80.596710 -14.602403
v 20.554796 50.344540 -3.180127
v -13.079855 57.244923 -13.497394
v 22.547941 62.434799 -4.661443
v -12.201559 70.371964 -13.247804
v -2.521224 87.611244 -14.549911
v 21.311863 36.636398 -5.416591
v 12.085288 37.634426 -14.007686
v 21.606436 41.467796 -8.633015
v -18.552279 78.503960 -7.202466
v -18.127399 76.635330 -7.746011
v -19.117550 46.311256 -12.869877
v 24.011026 47.360783 -4.341213
v 16.715963 81.385376 -9.926442
v 19.796871 82.738869 -3.469221
v 6.167205 49.879486 -13.487355
v 3.295047 77.738960 -14.406319
v 10.982542 73.633049 -13.170671
v -21.201666 49.639462 -1.936544
v -20.772449 51.220760 -2.114523
v 10.217102 79.250427 -13.662022
v 19.419407 56.122860 -11.486542
v -19.083355 40.756310 -12.162898
v -19.887569 41.558025 -12.218117
v 23.619095 52.778782 -4.647830
v 0.848752 83.206177 -14.841549
v 24.317190 42.884850 -3.025082
v -14.246931 70.466248 -12.876225
v -1.119141 85.844475 -14.761774
v 20.047735 52.763683 -6.768144
v 14.683718 61.217495 -12.729642
v -14.776301 82.004097 -11.584807
v -13.178605 82.619957 -12.666943
v 21.186277 48.144424 -2.555183
v 11.016659 66.031509 -13.543350
v 22.916414 40.237324 -1.915956
v 21.251112 63.361839 -3.786882
v -20.512289 43.276123 -12.480425
v -20.241167 43.166199 -12.463536
v -18.621145 68.317451 -8.512727
v -18.513319 67.750908 -7.191545
v -18.768984 66.479691 -8.265667
v 4.832584 70.703857 -14.817071
v 10.233802 37.363060 -13.468791
v -20.113363 49.630573 -8.334476
v -17.975779 74.755089 -9.662886
v 21.569614 38.793140 -6.655354
v 21.877016 37.100628 -7.052894
v 19.330803 61.401608 -5.133598
v 20.190557 62.447548 -4.061771
v -17.306276 55.715729 -13.073452
v 5.275141 87.708847 -14.830774
v -21.448652 63.769264 -3.440285
v -15.841985 54.860672 -13.764808
v -16.510702 53.236996 -13.649261
v 14.850761 47.723202 -12.546892
v 13.773536 47.922363 -12.811200
v -22.899599 38.837608 -2.908763
v 18.222862 41.320145 -12.720166
v 18.478985 42.223995 -12.869091
v 19.489828 40.887276 -13.166866
v -17.378408 56.952312 -12.857777
v 18.819542 77.902397 -7.295749
v 22.675421 45.949455 -2.291353
v 21.459917 45.221039 -2.756797
v -17.775307 51.587517 -13.206987
v -9.282985 54.593254 -13.954182
v -19.270596 84.185715 -3.426509
v -19.546856 83.160027 -3.510695
v 11.744165 48.813732 -13.441017
v 15.174816 56.758396 -12.906694
v 22.811058 60.767105 -4.900928
v -7.395993 64.992004 -13.861807
v -15.273682 56.047886 -13.554634
v 7.128837 44.722389 -13.568403
v -5.392201 44.886791 -11.945669
v -7.229034 44.590347 -12.218185
v 21.626514 75.442879 -3.901760
v 15.632787 67.663261 -12.228972
v 21.270487 39.394485 -3.808998
v -15.209197 50.380600 -12.767942
v 13.793350 38.867748 -13.761580
v 12.041725 38.838947 -14.196788
v 14.168025 82.938904 -12.183491
v 14.025045 62.438862 -12.671303
v -10.481488 38.645882 -13.619266
v 9.906746 51.202370 -14.000299
v -8.465098 66.125046 -14.286305
v 20.343103 52.277378 -8.780383
v 14.077830 46.004936 -12.859404
v 23.671993 47.109547 -3.070645
v -18.548731 67.048843 -5.864461
v -18.685005 65.626686 -6.698714
v -19.164827 57.506310 -4.428142
v -10.425107 87.696861 -13.557666
v -14.642225 59.930862 -13.310221
v -14.081579 59.113972 -13.303921
v -5.350396 39.237183 -10.221560
v 17.550726 45.223061 -12.485943
v 15.167101 71.832039 -12.169873
v 16.012585 66.582649 -12.173832
v -18.172977 45.175339 -11.874154
v 11.201715 69.027130 -13.438126
v 19.042124 84.066872 -5.053666
v 19.528410 82.222511 -4.937728
v 16.449488 53.894356 -12.947175
v -19.133682 58.331894 -5.474251
v 15.535069 73.535408 -11.822985
v 12.106783 82.698700 -13.489260
v -6.371640 66.308151 -13.741576
v -4.946489 82.371758 -14.674067
v -5.982154 83.828697 -14.827367
v -4.072968 84.381119 -14.818796
v 20.256464 80.953407 -3.456386
v -20.582504 43.277107 -6.442509
v -20.407688 42.411175 -4.719231
v -20.115795 43.519428 -4.207570
v -6.548912 78.438820 -13.961204
v 2.870806 50.728645 -12.518362
v -20.240929 47.674736 -9.641570
v -3.260558 42.097179 -10.685339
v 25.190203 37.054352 -4.430762
v 21.091866 43.071930 -3.823496
v 20.938330 42.083218 -4.340096
v 12.300013 59.000584 -12.867767
v -21.547565 40.138283 -9.642799
v -20.886328 41.666775 -6.933225
v 7.120907 73.395226 -14.339013
v 16.619314 45.206280 -12.393058
v -9.839644 82.958534 -14.140081
v -20.505655 37.726929 -1.275959
v -19.701609 50.834629 -10.366193
v 13.687304 51.184303 -12.734822
v 9.840343 85.613640 -14.330027
v 22.266510 43.243301 -2.399758
v -14.508004 87.600235 -10.746906
v -22.729321 42.954510 -3.282176
v -10.491727 52.575008 -14.413549
v -19.979252 70.111221 -3.675927
v -19.508369 69.339035 -4.103013
v 21.067850 41.763916 -6.769539
v 4.488335 75.895233 -14.497288
v 21.371059 37.724907 -12.526067
v -7.613435 74.716530 -13.717587
v 21.572306 38.821983 -12.039541
v 12.463445 76.641289 -12.660035
v 16.457973 87.157013 -8.723701
v -12.083364 55.287315 -14.507130
v -11.418790 56.808681 -14.682762
v 17.989950 63.203632 -11.486083
v 7.180645 83.224068 -14.975520
v 8.076376 81.151489 -14.519404
v -12.999718 39.687637 -13.571263
v -18.210497 86.367569 -5.220502
v 16.176926 55.737724 -12.898320
v 14.601455 54.949280 -12.892507
v 24.483923 39.359833 -2.117860
v -16.613134 37.620117 -12.340442
v 20.161455 74.714592 -4.939065
v 0.131115 54.224674 -12.979130
v -1.474723 55.814362 -13.171695
v 10.146625 70.175354 -13.671595
v 21.762035 39.858730 -8.043861
v -21.487175 37.979717 -12.342498
v -22.135523 37.977127 -12.364321
v 12.765855 68.167763 -12.957454
v -4.751619 85.281975 -14.811059
v 12.514962 56.635635 -12.906632
v 11.494155 56.680794 -13.119379
v -12.477493 37.729576 -13.418404
v 20.151423 49.006550 -5.815738
v 20.177309 49.301762 -4.461399
v 20.657965 69.127464 -4.123756
v -18.177946 37.740021 -12.208518
v -1.334957 61.464787 -13.545844
v 18.978510 65.039055 -5.601958
v 20.068535 50.834183 -5.245398
v -19.541536 52.097061 -10.532912
v 21.655790 41.671581 -9.566415
v 21.806316 40.783581 -9.802634
v 21.216640 52.576740 -2.823810
v 21.958286 39.661144 -9.389673
v 16.304338 70.709976 -11.870316
v 15.135036 70.033989 -12.320228
v 16.811295 69.277550 -11.728262
v 17.778250 69.780869 -11.118969
v 10.651216 67.447662 -13.631559
v 9.969834 68.510872 -13.807858
v 9.436169 66.933899 -13.964931
v 20.807293 43.374405 -11.787782
v 20.523098 39.357941 -12.890096
v -18.376511 70.839989 -8.070081
v 19.205328 73.454453 -6.421857
v -15.756857 83.804642 -10.414607
v 6.170644 65.992477 -14.197877
v -12.761994 51.253387 -13.615808
v -15.688106 61.311474 -13.151408
v 18.026415 43.539505 -12.619562
v -6.140328 57.232182 -13.590319
v -7.413206 57.588699 -13.683460
v 19.084564 42.141392 -13.109520
v 0.440582 58.512997 -13.327435
v 0.590539 57.273026 -13.157881
v 13.113331 44.617382 -13.289666
v -2.185173 41.564678 -9.818719
v 20.647339 79.936218 -3.475577
v 22.317734 57.624954 -3.804362
v -22.141800 42.678371 -1.787982
v 20.410105 45.985085 -4.556250
v -18.436646 41.629490 -11.943542
v -21.578329 61.869339 -3.539646
v -19.923218 71.801682 -4.014732
v 15.283997 46.022339 -12.566837
v -21.200958 41.722069 -9.102711
v 18.378523 47.267372 -12.766690
v 10.361884 71.879700 -13.454990
v 9.531570 71.184883 -13.797350
v -11.082744 74.802902 -13.059131
v -16.582056 75.961205 -10.798203
v -18.563452 60.700481 -11.104708
v -17.701279 60.864582 -12.064614
v -21.809565 57.963600 -3.699375
v 4.026423 55.966984 -13.550084
v -8.882466 76.227051 -13.445553
v -9.946023 75.621773 -13.242688
v -10.034245 77.499733 -13.256343
v -21.835266 38.304012 -9.104714
v -21.049440 42.901333 -10.824115
v -19.464378 71.100624 -4.619937
v -15.915023 53.458942 -13.678388
v -14.119454 84.561409 -11.818530
v 11.376742 57.816002 -13.149673
v 11.287857 59.079426 -13.017733
v 3.444488 73.598549 -14.983039
v -19.079288 59.630524 -4.236263
v -19.056128 60.227364 -5.516730
v -22.754328 35.209415 -2.041552
v 19.965425 53.546349 -4.648561
v -19.946379 47.135010 -11.467129
v -15.259645 37.777401 -12.636750
v -16.542868 64.467079 -12.437504
v 20.117517 64.340355 -4.199566
v 6.564622 54.492287 -13.988996
v 12.727734 40.504303 -14.034447
v -21.330835 36.396767 -0.140526
v -21.591707 40.218655 -11.456109
v 13.247193 81.213425 -12.828707
v -19.579172 45.175144 -12.823797
v 10.209173 63.353134 -13.917435
v 9.736506 65.706207 -13.923364
v 11.214230 65.015831 -13.506159
v 10.056826 64.253029 -13.911607
v 24.166986 46.027603 -4.882989
v -19.758200 53.695736 -9.670709
v 18.258905 71.619820 -8.839133
v -12.127298 82.010582 -13.219492
v 17.688843 77.921150 -9.160457
v 18.248581 79.057014 -8.096164
v 20.768200 46.952175 -8.180553
v -18.255032 66.127998 -10.689927
v 21.295414 36.514694 -3.755285
v 6.444674 86.389999 -15.018041
v 1.103426 52.538109 -12.653549
v 10.075846 81.891716 -14.202933
v 5.696763 73.219063 -14.734643
v 20.028002 73.473450 -4.980433
v -18.097235 38.936676 -12.138858
v -21.914753 46.052986 -2.244355
v -8.941479 37.692364 -12.502632
v 24.054901 43.913471 -2.958188
v -18.063587 67.674377 -10.921442
v -8.330728 39.125610 -12.060933
v 12.845106 63.419292 -12.709928
v 12.905855 64.609688 -12.695821
v 12.028972 64.110245 -13.041315
v -17.709982 47.050858 -12.204150
v 19.868547 72.066513 -5.049033
v -15.428025 85.568413 -10.379036
v 18.494619 61.434357 -11.382663
v 14.154649 68.472847 -12.587014
v 19.549015 63.372280 -4.789127
v -16.331059 47.746941 -12.314149
v -19.254169 37.793327 -12.257730
v 2.734752 76.691559 -14.485750
v -20.379936 78.391754 -3.456971
v 19.624153 83.669525 -3.256432
v 21.799479 40.706985 -3.032599
v 1.279978 42.105995 -9.724728
v 13.739841 75.142410 -12.322346
v 22.393795 66.449745 -4.591059
v -1.157082 53.099873 -12.771959
v -4.580289 52.547588 -13.110295
v -19.976828 81.354240 -3.503469
v 2.410433 87.485954 -14.795435
v 3.580709 85.507034 -14.976924
v 21.448709 54.605103 -3.042253
v 18.452209 71.284775 -7.224511
v 18.263670 70.342697 -7.723195
v 8.071815 69.204185 -14.235211
v 11.360538 61.389656 -13.416196
v 12.538362 62.111790 -12.762737
v 10.841391 61.081989 -13.750790
v 11.519467 60.414192 -12.894344
v 10.092620 50.029827 -13.976634
v 18.717873 52.206394 -12.466642
v 18.340340 53.010883 -12.597786
v 14.164668 49.524071 -12.599829
v 9.281631 83.900764 -14.577184
v -8.115597 40.504799 -12.233958
v -21.572813 36.580524 -5.541806
v 20.522650 40.826439 -12.716508
v 5.714244 63.523045 -14.128434
v 1.482673 74.470207 -14.793552
v 19.113762 82.809486 -5.691671
v 23.222080 56.759953 -5.083050
v 20.640856 41.809654 -12.434209
v 19.231743 39.521420 -13.009377
v 16.764250 48.722675 -12.651941
v 13.083945 87.403557 -12.261688
v -19.261307 61.062283 -3.711550
v -22.884300 36.761154 -2.639203
v -19.468378 48.553623 -12.062102
v -19.980392 48.585461 -10.557693
v 6.372662 72.022156 -14.712343
v 6.397497 81.681740 -14.744033
v -21.242758 41.529522 -11.683921
v -7.570577 37.805466 -11.068892
v -7.712790 63.395363 -13.970703
v -16.182051 44.980953 -12.513327
v -17.627058 78.745377 -8.982948
v -6.227277 69.946007 -14.226315
v 18.381023 86.536514 -4.986682
v 14.209043 67.367035 -12.531290
v -4.041471 76.414841 -14.166989
v -13.453553 38.875473 -13.305719
v 21.749382 47.175903 -2.302411
v -20.469524 76.831970 -3.415887
v -21.873220 52.066936 -3.884187
v 21.858446 70.399162 -4.280369
v -19.263489 58.995258 -6.526118
v 12.300924 42.047058 -14.026354
v -4.537572 87.645546 -14.617168
v 11.350964 63.567165 -13.444461
v -18.991726 63.721149 -7.140003
v -14.295745 65.503593 -12.853665
v -18.298635 72.499977 -8.317531
v 11.724715 61.716393 -13.004222
v 9.085118 62.915356 -14.129474
v 18.369011 65.428589 -8.553662
v -20.830055 39.290211 -4.071127
v 15.397082 68.782707 -12.270840
v 18.657869 65.888107 -6.259227
v 19.870047 66.074852 -4.479970
v -5.784370 75.413788 -13.967871
v -11.265568 40.962547 -13.870069
v -10.400287 40.145748 -13.686734
v 14.737886 72.619194 -12.217540
v -19.351067 81.063408 -5.420728
v -14.244320 60.848881 -13.182668
v -13.644517 62.158455 -13.077088
v 23.389753 48.871899 -2.955878
v 23.940336 48.529938 -4.381042
v -7.666315 43.196976 -12.275376
v 18.462484 67.867416 -9.351278
v 0.136138 74.281799 -14.715576
v -19.823677 55.395172 -8.675029
v -19.696747 55.092846 -9.772223
v -5.875867 73.921768 -14.028416
v -7.036745 73.724533 -13.871352
v 16.703043 39.980560 -13.064632
v 15.844925 39.473911 -13.238149
v 8.044942 65.271309 -14.121822
v 3.312011 38.091522 -8.001458
v 21.514038 40.217136 -11.745173
v -17.900423 87.253021 -5.435549
v 23.320229 49.807312 -3.038916
v -16.341026 50.932236 -13.024374
v -15.040277 38.842354 -12.802471
v 19.561657 57.084679 -6.050001
v 12.263659 58.086319 -12.894241
v -20.418423 44.971928 -7.170669
v -18.185350 58.373051 -11.926031
v -16.536537 58.485664 -13.256014
v -17.120783 59.650303 -12.723742
v -9.280382 87.789017 -13.954658
v 17.501627 79.837723 -9.080441
v -9.990831 67.097588 -13.864675
v -3.431477 47.468685 -12.019626
v 19.522852 47.218685 -12.456027
v -15.125047 74.670395 -11.882906
v -14.492589 75.986053 -11.938982
v -13.217599 74.671196 -12.576509
v -19.917398 49.758251 -7.257911
v -17.659332 81.661453 -8.372975
v 5.113720 76.524178 -14.339187
v -18.878277 50.850742 -12.389367
v -19.305304 82.803795 -4.706244
v 4.302070 86.302948 -14.968166
v 10.743566 40.280437 -14.255267
v -6.058973 50.663376 -12.949088
v 20.040073 45.917423 -12.215729
v 20.396542 46.808407 -11.449840
v 13.185451 65.884941 -12.712063
v 12.960065 67.041878 -12.840996
v 11.972892 66.476082 -13.192415
v -20.858273 74.808914 -3.165834
v 12.839833 85.673805 -12.774792
v -19.911703 42.478317 -12.270424
v -12.148119 56.273411 -14.373645
v -0.574066 66.449669 -13.626053
v -0.862456 43.153942 -10.342722
v -4.546899 59.615044 -13.535707
v -12.020902 67.782120 -13.270088
v 5.537912 74.921776 -14.505486
v 19.010843 80.884285 -6.595030
v -19.333059 53.947422 -5.749532
v 20.275932 55.712875 -3.809921
v 5.985691 57.118843 -13.979347
v 5.395627 61.987152 -14.174428
v -18.841579 69.608849 -5.217472
v -20.058065 48.296616 -1.991860
v -16.940281 50.355694 -13.198940
v 10.645140 62.226166 -13.831789
v 19.108179 60.084431 -11.044732
v -19.381109 52.715122 -5.847995
v -16.272087 42.814297 -12.616153
v -20.154440 44.383236 -12.411480
v -19.257792 55.769455 -4.133811
v 6.383542 46.795101 -13.355289
v 5.489457 47.745613 -13.127785
v -6.067513 46.373821 -12.204855
v 25.229053 40.399117 -4.540442
v -2.433144 74.248650 -14.459178
v -18.850386 47.681438 -13.005247
v -20.416943 40.418568 -2.621267
v -7.762493 62.029461 -13.959109
v -12.499702 57.467567 -13.928378
v 0.992088 55.388287 -13.147841
v 11.407371 62.571392 -13.377690
v 13.092695 43.213112 -13.565817
v -19.232189 53.577629 -4.114097
v 23.799519 50.785057 -4.544471
v -21.378429 41.529968 -10.448582
v -8.543123 63.515896 -14.233371
v 18.479158 62.636356 -11.078103
v -20.456587 45.900635 -9.990243
v 19.478296 59.909767 -9.380935
v 8.506633 42.726315 -13.902407
v -21.088659 37.511349 -3.519176
v 25.071936 42.062061 -4.821198
v -5.788956 61.825428 -13.456903
v -6.128332 62.758488 -13.494319
v -2.675871 63.348778 -13.390660
v -20.851425 38.300838 -2.774372
v -22.150011 37.351555 -11.770219
v 3.788378 51.778526 -13.084148
v -18.922361 62.199234 -10.220201
v -16.500704 62.722897 -12.707787
v 24.483789 44.355534 -5.036190
v 21.134304 39.311527 -5.827183
v -4.992427 72.715607 -14.270289
v -19.973734 47.058167 -6.159342
v -20.046867 46.203720 -5.949338
v -5.037113 79.181007 -14.229024
v -5.696395 80.366302 -14.325507
v -7.056539 79.280029 -14.004935
v -20.765327 75.709198 -3.184042
v -3.147248 45.131405 -11.644680
v 20.663965 43.216419 -6.131806
v 23.064838 59.009678 -5.174942
v -21.791552 36.680000 -6.833833
v 6.280697 55.688576 -13.964023
v 21.578886 66.257431 -4.177587
v 9.911185 58.351360 -13.986830
v 0.513359 87.506958 -14.631554
v 23.378202 45.214371 -2.505515
v -19.574888 46.796867 -4.004372
v -17.859722 66.904846 -11.289643
v -16.783436 72.719528 -11.498992
v 11.886441 62.822292 -13.023011
v -20.261131 45.629528 -11.387698
v 8.329597 56.938728 -14.104624
v -10.346211 81.621979 -13.843963
v -11.757321 80.398773 -13.216689
v 22.630552 52.630836 -2.953865
v 20.131025 54.002335 -8.186161
v -12.624131 59.704170 -13.573811
v 8.268152 70.866852 -14.230504
v 19.013168 43.716080 -12.948710
v 19.965374 44.770611 -12.448896
v 20.055691 43.471359 -12.602073
v 21.794476 39.044117 -3.088737
v -19.981983 51.039558 -8.634197
v -9.042075 53.087360 -13.814118
v -7.809625 54.497540 -13.680193
v -22.341206 37.848946 -1.240962
v -17.336552 53.256641 -13.296390
v 16.652462 75.205826 -10.960660
v 9.941488 54.474583 -13.961854
v 22.112181 37.980228 -3.202184
v -9.417451 39.917305 -13.256295
v 14.873344 37.515533 -13.476679
v 19.565771 49.657951 -12.091706
v 19.351294 48.845734 -12.398090
v -18.405407 70.257729 -6.418147
v -11.321028 62.469315 -13.771193
v 9.369946 45.671806 -13.835229
v -13.958798 41.876556 -13.374650
v 13.285579 82.198334 -12.817726
v 15.023006 40.916023 -13.322114
v -20.297455 44.142223 -5.558947
v -14.992559 63.660461 -12.925943
v 0.685522 86.022324 -14.798549
v 20.971815 70.311150 -4.131091
v -16.879192 85.669418 -8.352464
v -17.989986 85.222176 -6.516048
v -17.570772 84.249847 -7.781746
v 14.629926 43.824272 -13.025381
v 0.843105 72.876869 -14.961082
v 18.445074 63.971756 -7.332881
v 5.092209 60.641972 -14.157604
v 19.476753 57.942089 -6.544359
v 14.824337 87.428970 -10.667422
v -19.940599 57.722317 -2.858018
v -19.332760 55.661942 -6.031158
v -20.817312 47.608891 -1.567661
v -3.744259 79.710144 -14.394875
v -2.172705 80.311920 -14.529694
v -2.819119 81.494019 -14.638195
v 17.434259 41.449276 -12.677860
v 11.940356 87.622787 -12.985168
v 4.323650 73.008286 -15.025969
v 13.287569 71.004448 -12.812313
v 13.768988 53.957073 -12.878223
v -11.048999 76.594696 -13.000667
v -12.957081 67.882957 -13.090768
v 14.014235 63.591160 -12.598547
v -1.396706 44.726387 -11.178499
v -7.240819 53.413273 -13.545397
v -4.949347 46.089020 -12.020515
v -21.390057 67.576454 -3.401585
v 20.673901 46.142101 -7.464759
v 13.994894 80.654778 -12.339050
v -2.012769 46.413044 -11.624226
v 0.220815 51.420944 -12.162744
v -20.020638 68.545380 -3.520712
v -8.530941 44.439396 -12.932948
v -0.770833 41.300129 -8.801149
v 18.546654 69.338295 -6.849370
v 19.585691 69.687828 -5.114770
v 18.894712 68.584068 -6.037045
v -14.622912 85.456131 -11.203520
v 8.645493 37.001411 -12.721592
v -10.933831 84.943924 -13.733191
v -12.868065 85.394463 -12.624419
v -11.875211 84.070366 -13.355344
v -20.766783 35.722908 -0.234075
v -0.807378 74.829193 -14.557873
v -18.380514 76.061523 -7.169049
v -20.166901 80.275635 -3.510795
v 17.452843 71.908554 -11.094745
v -16.647036 52.073231 -13.598419
v -15.112034 69.907494 -12.633422
v -9.405767 80.939949 -13.972504
v 21.127378 46.004364 -2.925224
v -19.888336 53.712208 -8.554684
v 3.133390 42.646397 -11.244478
v 2.566587 65.450539 -13.710985
v 17.936733 80.930939 -8.375761
v 3.323009 58.367485 -13.648859
v -11.847432 75.283524 -12.854785
v -9.750135 53.985600 -14.096461
v 21.125666 43.606724 -7.817755
v 21.333288 44.274849 -9.020255
v 16.052143 49.892773 -12.705808
v -14.246351 86.377800 -11.321992
v 6.817233 76.944969 -14.068727
v 3.237630 71.991852 -15.141348
v -16.980648 38.979679 -12.255113
v 17.626713 86.975044 -6.690673
v -16.275442 52.001972 -13.378554
v 18.574944 74.689240 -7.299477
v 3.804691 64.732094 -13.914886
v 15.830595 62.875336 -12.522432
v -6.422505 81.565475 -14.472445
v -8.384169 81.736366 -14.319961
v 20.094204 51.885113 -4.335674
v -14.468911 67.051094 -12.866869
v -13.423342 66.662056 -12.971216
v -19.899490 52.203304 -8.765676
v 8.374179 76.363258 -13.743409
v -16.281065 79.004845 -10.374690
v -21.307520 69.388344 -3.338516
v 11.363806 60.192398 -13.333831
v 19.661779 57.785004 -7.727120
v 13.069530 37.593773 -13.883552
v -2.745118 73.426117 -14.504732
v -4.888840 71.190361 -14.342312
v 16.830276 42.196873 -12.698755
v -11.484158 73.116982 -13.157634
v 14.862206 77.693039 -11.633676
v -22.939083 37.860935 -2.956145
v 20.306562 50.670162 -7.530453
v 8.556200 47.316013 -13.770514
v 7.624395 48.145485 -13.679443
v -18.967497 62.571819 -4.276167
v 8.584772 73.218353 -13.918411
v 25.266056 35.460320 -4.450332
v 11.306974 72.807106 -13.159586
v -18.524027 43.755718 -11.902339
v -9.721587 41.633820 -13.530531
v -2.416740 71.859306 -14.595489
v -2.516118 70.313736 -14.399495
v -9.161011 41.164875 -13.093365
v -21.603775 43.330334 -1.458907
v -11.179237 50.574436 -14.382313
v -17.424419 87.419273 -6.539086
v 6.600562 38.225449 -11.928640
v -19.742634 52.418312 -7.324810
v 18.412794 69.356972 -9.700055
v 18.336504 68.829216 -8.435893
v -20.744005 42.520004 -6.966788
v 17.746088 83.926399 -7.909060
v 7.084342 41.330139 -13.139147
v 11.221004 81.272133 -13.778137
v 23.529226 53.764713 -4.874752
v 16.134132 38.769962 -13.217985
v 5.162050 74.268745 -14.678872
v 22.814157 54.078384 -3.595919
v -12.898176 63.375740 -13.199590
v 22.140320 68.870110 -4.366169
v -18.804613 70.392258 -5.433476
v -14.647960 51.171879 -12.918584
v -15.608848 81.909668 -10.854536
v -16.840904 81.358925 -9.535890
v -15.612709 80.449463 -10.862403
v -11.128695 53.327839 -14.561866
v 19.884586 57.236031 -8.469614
v 20.097242 56.365711 -9.583671
v 19.994972 55.626301 -8.128594
v -18.725536 68.015068 -5.212017
v -18.548594 68.676651 -5.776708
v 13.359386 47.276821 -12.940033
v 21.937731 49.764267 -2.307463
v 21.642017 51.213573 -2.525497
v -6.235420 40.167351 -11.197953
v -6.100114 41.585762 -11.544790
v -17.658916 57.743008 -12.520689
v -21.478245 66.624451 -3.464748
v -21.884230 56.977619 -3.857136
v -19.971869 49.341278 -9.996778
v -18.199207 73.573639 -9.497534
v -17.699297 73.205994 -10.575896
v 21.794407 56.933174 -3.418920
v -18.068827 52.592026 -12.865831
v -12.434715 61.322418 -13.507716
v -7.763058 39.877010 -11.936397
v -16.186827 84.539268 -9.752259
v 7.755872 62.478943 -14.212424
v -22.961727 35.900700 -2.696870
v -18.423027 73.527122 -6.715328
v 20.430363 51.242313 -3.381279
v 20.668983 54.345543 -3.369889
v -15.575745 68.330399 -12.520533
v -16.618853 69.120049 -12.071095
v -10.265793 73.567223 -13.318715
v -3.399292 63.965576 -13.377707
v -18.715765 67.690125 -9.133414
v -15.595283 73.015869 -12.029260
v -17.949366 70.921394 -10.801329
v -15.427121 71.479477 -12.357203
v -17.286299 71.691299 -11.331317
v 6.768218 67.993156 -14.255655
v 11.764669 52.651722 -13.215921
v -17.543291 74.589615 -10.390937
v 18.581451 37.627781 -12.878329
v -21.885567 54.012413 -3.997784
v 22.255625 59.350952 -4.006371
v 2.385682 73.377625 -15.024452
v 2.071608 58.991867 -13.585802
v -12.879436 40.966824 -13.728799
v 7.810273 72.039848 -14.315223
v 0.163756 69.918930 -14.318893
v 2.789180 70.532867 -14.744222
v 3.420876 69.471336 -14.390245
v -6.930987 68.835777 -14.216111
v -7.493976 69.079697 -14.295817
v -7.769670 67.486259 -14.251310
v 17.252251 37.515530 -13.058195
v -11.271047 72.031013 -13.308180
v 11.967096 55.057232 -12.932796
v 11.516784 46.015312 -13.671086
v -21.487247 65.685303 -3.488066
v -19.764488 65.617294 -3.391012
v 22.250914 37.235306 -11.245070
v -19.762156 51.224998 -7.181480
v -19.293362 49.131390 -3.823030
v -19.790285 49.609150 -2.448882
v -19.239399 50.300827 -4.215198
v -11.408674 64.041664 -13.617693
v -21.323954 38.001884 -5.530514
v 1.236701 75.724503 -14.573779
v 3.512579 75.610977 -14.612481
v -19.103836 61.370499 -6.419855
v 24.675865 43.603031 -5.081620
v -19.920595 75.467911 -4.757077
v -19.947456 76.763107 -4.756597
v 16.467867 65.578697 -12.090183
v 20.878405 40.561131 -5.044826
v -19.208202 62.542110 -7.583341
v 16.487953 40.711620 -13.044937
v -19.128689 63.953785 -8.523160
v -20.076315 61.665260 -2.971488
v 18.071859 38.840595 -12.840589
v 24.352222 44.477692 -3.956905
v -20.283018 48.187744 -8.516501
v -21.286163 36.417141 -4.007164
v 12.686034 46.068199 -13.271024
v -19.222427 51.617290 -4.377332
v -21.971886 38.438484 -11.597059
v -1.318185 71.303665 -14.613362
v -0.863487 81.590347 -14.677908
v 19.353231 68.284050 -5.260697
v -7.597822 80.213409 -14.089287
v 2.142718 75.060783 -14.711479
v 1.462738 43.787998 -10.956223
v 10.381321 46.725170 -13.923868
v 11.090238 45.284115 -13.839231
v -18.883244 65.797783 -8.723671
v -22.846706 41.800339 -3.435399
v 15.627954 51.683300 -12.863173
v -21.089764 38.127304 -4.608975
v 6.962209 70.887024 -14.557805
v -21.959454 48.771423 -3.605557
v 19.590227 58.817532 -8.500290
v 19.214258 60.457817 -8.604609
v 19.268858 59.410847 -7.421375
v -15.268606 52.104790 -13.098304
v 18.034706 44.591148 -12.705459
v -19.448954 60.702488 -9.151746
v -8.829250 71.080063 -13.890921
v 7.956888 45.900051 -13.715374
v 6.136408 76.415688 -14.199218
v 20.688921 48.358299 -9.633038
v 20.879393 47.009483 -9.727552
v 23.356457 37.116951 -1.825912
v 18.435606 66.394196 -9.900740
v 18.317398 65.750053 -10.536446
v -20.856440 59.141548 -2.951462
v -17.472622 46.173836 -12.006027
v -15.638382 46.613148 -12.601987
v 19.080091 61.476555 -10.229766
v -19.481405 63.806435 -3.475365
v 22.284475 37.094162 -8.654075
v 13.682507 69.597366 -12.736697
v -17.642912 62.203705 -11.937795
v -17.916269 82.433609 -7.797444
v -18.764854 81.684090 -6.445578
v -19.172804 79.122215 -6.138054
v -19.782415 54.817371 -7.987746
v 20.225590 50.037262 -4.031992
v 20.276339 48.794888 -11.136835
v 8.257159 75.547821 -13.802301
v 19.829863 57.437904 -4.504913
v 19.659172 58.326920 -4.789550
v 19.174700 85.269318 -3.281897
v 9.862059 60.683075 -14.065393
v -7.890971 68.416794 -14.284410
v -13.286499 53.139763 -13.391167
v -13.373033 54.827038 -13.356873
v -20.412209 46.332939 -8.182077
v -18.982002 61.031452 -5.182547
v 20.513668 71.643379 -4.200618
v 21.968805 71.494797 -4.185285
v -17.166542 83.188644 -8.763956
v -8.946007 42.677139 -12.993172
v -8.545246 41.778206 -12.550986
v -19.782545 46.673363 -2.449490
v 17.507286 82.652435 -8.691315
v 16.233109 82.416710 -10.342298
v -9.107186 45.007988 -13.482517
v -20.441128 41.874023 -1.752531
v -19.894619 79.927589 -4.452735
v 24.463177 38.533993 -1.899207
v 1.796819 78.519516 -14.428944
v 8.515011 38.091415 -13.086137
v 10.278746 38.381878 -13.792730
v 2.462011 40.407719 -9.023835
v -19.486897 50.250038 -5.638048
v -19.815968 48.809315 -6.387655
v -18.261551 87.218254 -4.430096
v 3.958644 38.930824 -9.443047
v 4.850086 37.634037 -9.593952
v -17.134506 66.969643 -11.911787
v -17.471247 68.210884 -11.647316
v 20.255114 70.666145 -4.318852
v -13.229626 58.018082 -13.392887
v -18.299751 70.931282 -7.207867
v 22.830963 48.494934 -2.354101
v -18.009674 69.279343 -10.928962
v -18.853027 85.912529 -3.274666
v 19.996059 55.022331 -10.537696
v -21.743279 60.898911 -3.661295
v -21.556574 51.373322 -2.757900
v -20.815269 52.314579 -2.356427
v -21.369711 52.998764 -2.755334
v 13.122622 59.611805 -12.839294
v -22.113592 47.298714 -3.695374
v 16.778374 46.854378 -12.446300
v 17.564919 46.000378 -12.552825
v 25.182627 38.991516 -4.765794
v 15.309803 84.393814 -10.957794
v -14.957993 79.958817 -11.386277
v 18.417547 68.154915 -10.137376
v 18.280010 82.048141 -7.635755
v -8.518119 61.129177 -14.200599
v 4.420550 69.461227 -14.471653
v 6.459481 69.366653 -14.439296
v 10.879016 59.807674 -13.704162
v -18.437248 68.566582 -6.660583
v 22.745588 55.537144 -3.855339
v -12.741065 46.189144 -13.458896
v -19.949957 44.443424 -2.681689
v -19.813541 45.516846 -2.627225
v -20.639235 45.454994 -1.594617
v -6.027750 86.128769 -14.799319
v -4.222244 86.342186 -14.726655
v 2.401557 67.128746 -13.750104
v 3.538291 67.890701 -14.106203
v 3.664332 66.373238 -13.967705
v -8.932450 79.732643 -13.778337
v -10.714716 80.428162 -13.538418
v -10.069029 79.257065 -13.454647
v -0.450159 49.177395 -11.666479
v 9.781520 87.752113 -14.022799
v 22.676563 63.798622 -4.868505
v -15.240925 87.660721 -9.927094
v -19.206554 56.555256 -5.529853
v -19.603111 56.354362 -7.355795
v -19.337656 57.264202 -6.507500
v -12.960296 58.889553 -13.475942
v 20.386166 79.517815 -4.460124
v 19.851528 81.088417 -4.677994
v 1.335233 71.675919 -14.962728
v -17.065269 47.540108 -12.275721
v 18.116468 70.390419 -10.665591
v 18.061398 71.900261 -10.464936
v 17.595182 70.610420 -11.193169
v 22.426714 37.179996 -10.478806
v -18.062141 59.151794 -11.948936
v -11.031256 61.094337 -14.043107
v 19.409653 40.157330 -13.155643
v 15.534703 85.646698 -10.412473
v 14.468477 86.065804 -11.375988
v 10.880588 87.710663 -13.554289
v 13.640901 73.455482 -12.512467
v 12.738153 74.809250 -12.656775
v 14.342130 74.280121 -12.168168
v 20.134972 59.881607 -4.079659
v 20.781828 58.375648 -3.621013
v 21.158955 59.599567 -3.591363
v -18.688007 64.785172 -10.134765
v -18.970509 65.005173 -8.377726
v 21.016203 38.948811 -4.454252
v -18.003662 77.535507 -8.282712
v 21.091703 38.011204 -4.254723
v 21.258938 37.447777 -5.545990
v 14.998583 38.197277 -13.450684
v -10.007058 50.755390 -14.266918
v -9.374435 51.514626 -13.945631
v -8.482574 50.140697 -13.409273
v -18.402618 82.518890 -6.885996
v -6.238066 48.573685 -12.579263
v -6.811209 65.532074 -13.688731
v 16.435038 84.077095 -9.780958
v -20.258999 45.863098 -6.874679
v 20.156275 54.688793 -8.805659
v 21.066612 45.281624 -8.359538
v 17.820166 74.277679 -10.052808
v 11.918981 68.098457 -13.227230
v -16.824223 87.578957 -7.613829
v 4.782824 61.401680 -14.165985
v 21.959612 39.788044 -10.858776
v 13.701735 41.504364 -13.590156
v 2.205101 41.334667 -9.597781
v -14.575825 82.907440 -11.672791
v -18.302658 72.383018 -7.034823
v -16.740097 50.104069 -12.928311
v -3.321423 49.156040 -12.247910
v -6.222161 52.397404 -13.302104
v -7.545275 50.860344 -13.221481
v 20.981493 49.723137 -2.692354
v -2.243650 48.207394 -11.885584
v 14.202319 58.127918 -12.859644
v -22.435394 35.408756 -1.210856
v 24.824562 37.925129 -2.383021
v -20.165478 43.752422 -12.638172
v 0.358788 45.909035 -11.298372
v -6.890291 63.993828 -13.626453
v -10.018121 44.329914 -13.842728
v -15.799205 40.551945 -12.737767
v 3.303248 80.880173 -14.641006
v -19.139797 77.467865 -6.248676
v 18.767492 50.437859 -12.589982
v 7.145105 60.778019 -14.259356
v 21.922806 39.285595 -8.635440
v -18.859966 53.282433 -11.892912
v 15.546333 80.000641 -11.126095
v 15.476581 81.032089 -11.201411
v 1.626754 46.891426 -11.616231
v 1.011859 48.558926 -11.663578
v 10.542226 41.264233 -14.206530
v -0.412565 87.755730 -14.559827
v 16.025278 64.661018 -12.322148
v 17.019926 83.259293 -9.214662
v 2.184347 86.192818 -14.821725
v -9.196626 84.752892 -14.373385
v -8.079328 83.907043 -14.638505
v -12.118674 51.729271 -13.983027
v -19.604294 48.040852 -2.726018
v -11.768343 49.994278 -13.974860
v 20.335806 47.576210 -6.636811
v 20.264616 46.732029 -5.925412
v -21.664921 40.990353 -1.113413
v 23.574049 35.761471 -1.434020
v 24.437174 35.710991 -1.543626
v 24.569988 36.987873 -1.767456
v -18.636206 71.795708 -5.973896
v 21.533388 41.430717 -11.125007
v -18.675058 65.364357 -5.896835
v -18.947235 62.487972 -5.965221
v -15.789220 86.243408 -9.695196
v -13.814611 53.960915 -13.224622
v 19.827318 78.162796 -5.594300
v -0.490417 47.553596 -11.454186
v 12.492646 80.725739 -13.175544
v -9.846288 37.617027 -13.300008
v 2.480786 82.520988 -14.818563
v 1.363910 84.029724 -14.897449
v 2.760980 83.963280 -14.944325
v -20.585150 45.199337 -8.689828
v -20.655403 43.919502 -7.915793
v -20.728100 44.379040 -8.964936
v -9.121719 77.037766 -13.417996
v 2.381785 79.709435 -14.513250
v 4.108620 79.402420 -14.459098
v 8.061355 84.722816 -14.883552
v -18.235180 79.062996 -7.711613
v -4.095117 80.873924 -14.515280
v 8.491002 86.429962 -14.649092
v -5.435857 58.829048 -13.558448
v 22.229456 37.901161 -10.947147
v -13.930047 77.286934 -12.054162
v -12.557877 62.088264 -13.394372
v 17.630184 51.242043 -12.927608
v -19.412649 59.338791 -9.870301
v -18.794737 59.578438 -10.959074
v 17.897305 85.494560 -6.939046
v -20.894251 42.458900 -8.107406
v -21.234884 41.042282 -8.688531
v 3.612674 82.090271 -14.795373
v 5.208944 82.042038 -14.815002
v 4.124568 83.533974 -14.965853
v -17.709347 50.662884 -13.327218
v -0.683049 38.669487 -6.567180
v 21.368141 42.847263 -8.280268
v -9.642798 43.331112 -13.587253
v -15.239168 66.941261 -12.745035
v -7.066179 82.876862 -14.685149
v 4.134193 49.387691 -12.820155
v 2.791100 48.958958 -12.221171
v 14.891819 76.246147 -11.735199
v 18.838440 61.902725 -8.557027
v 18.601812 62.896713 -7.952646
v -18.063057 54.073490 -12.664232
v -9.348574 38.830055 -13.090158
v -10.789078 85.924095 -13.712767
v 16.822145 50.345589 -12.825288
v -21.118395 71.550743 -3.290279
v 15.092503 78.484810 -11.447155
v 24.057583 45.761505 -3.636339
v 21.906719 62.161804 -4.056488
v -18.825432 64.388527 -4.682606
v -9.493813 74.082420 -13.417666
v -21.040150 73.938492 -3.142619
v -22.483053 39.912197 -1.788859
v 21.555052 42.256592 -10.423829
v 21.266436 43.614223 -10.564965
v -19.256788 54.940235 -4.242527
v 18.679659 63.726212 -6.489238
v -6.945482 76.637955 -13.798433
v 10.053223 73.585274 -13.408881
v 10.863461 74.862816 -13.126801
v 9.441113 74.919861 -13.493564
v 23.892042 49.778320 -4.692404
v 12.360344 83.571602 -13.314402
v 10.532300 83.564903 -14.171107
v 11.699622 84.590042 -13.611484
v 18.106771 42.778427 -12.651154
v 9.576461 61.859066 -14.118505
v 18.491961 64.970810 -9.294558
v -13.802729 52.353176 -13.182679
v 15.314380 48.367130 -12.503534
v 11.398292 54.464664 -13.319023
v -19.140455 68.135353 -4.387951
v 18.453505 85.742081 -5.409321
v -11.749959 86.008171 -13.191212
v 19.826477 79.366615 -5.369447
v 19.247374 44.730858 -12.828619
v 18.863178 45.306923 -12.829273
v -14.676979 83.823013 -11.488543
v -16.596865 70.607330 -11.992305
v 18.106817 74.404930 -8.800265
v -3.860651 53.624214 -13.194195
v -17.794188 43.939384 -11.976109
v 13.413673 86.542747 -12.196992
v 18.501896 67.405258 -6.687342
v 18.292992 66.548447 -7.285223
v 18.322191 67.287209 -8.400085
v 18.339128 64.375343 -10.821335
v 18.582798 64.041016 -10.077250
v -14.644806 56.249298 -13.461798
v -10.094171 63.604496 -14.079028
v -9.063940 64.619347 -14.281615
v -9.806167 65.148827 -14.051634
v -18.410719 49.001354 -13.132635
v -21.093245 54.662949 -2.771282
v -21.275511 55.438934 -2.957747
v -20.765387 56.130630 -2.784105
v -19.844645 55.017002 -2.915512
v 19.206301 54.731606 -11.796412
v 3.804135 78.459641 -14.405044
v 3.511928 59.854671 -13.925034
v 5.091716 58.798878 -13.993361
v -18.838356 63.956570 -6.252609
v 21.960930 60.786152 -3.963219
v 22.840517 61.728962 -5.009707
v 1.504626 85.558556 -14.868380
v 15.154840 54.236839 -12.914362
v -22.365011 36.544147 -1.178711
v 24.961185 39.524899 -2.968925
v 25.022488 35.484619 -3.111187
v 20.180979 47.455463 -11.677231
v -21.555126 39.998714 -12.393789
v 8.634575 67.062561 -14.111876
v -22.478277 41.389538 -2.157927
v 6.347967 42.802940 -13.131294
v -18.301256 46.425121 -12.309826
v -13.616480 59.322392 -13.260919
v 22.324911 40.569305 -2.378549
v -5.112717 76.968559 -14.060034
v -19.553850 51.928040 -3.097327
v -19.771351 51.196766 -2.607591
v -19.562550 50.469566 -2.838052
v 21.170513 44.501171 -10.353153
v 20.768036 45.227604 -11.186033
v 14.497617 52.724762 -12.865322
v 18.659012 57.322647 -11.987535
v 19.632481 46.312431 -12.478808
v 11.562493 53.142143 -13.379001
v 10.589294 86.084305 -13.984209
v -19.376904 75.412956 -5.726758
v -17.198669 79.995689 -9.229236
v 11.079638 77.128807 -13.092435
v 9.988098 77.572105 -13.412116
v 9.802770 76.194603 -13.373577
v 12.355063 44.746861 -13.534368
v -14.621817 58.305580 -13.419134
v 19.626289 80.582962 -5.458676
v 19.918718 58.928352 -4.319408
v -18.827671 65.017418 -7.194911
v -11.431828 55.901703 -14.676594
v 13.065301 52.152412 -12.817631
v 20.252003 50.309666 -10.726387
v -11.913095 42.287247 -13.897109
v -12.866436 43.160923 -13.652420
v -10.424952 42.700310 -13.845647
v 20.074902 55.752033 -10.193741
v 19.357794 71.115311 -5.705001
v 17.591904 84.783585 -7.864742
v 6.005534 80.378349 -14.489766
v 5.397129 79.345497 -14.373591
v 7.138443 79.923470 -14.301387
v 2.076960 45.142448 -11.614650
v 4.336071 43.900517 -12.347559
v 3.301034 87.459747 -14.810605
v -20.741499 57.661251 -2.896070
v -3.036195 86.353165 -14.707322
v -7.830324 73.943085 -13.734589
v 14.902754 81.592682 -11.687649
v -17.263266 77.234367 -9.860132
v -16.045935 76.600426 -10.987334
v -21.602381 40.106236 -12.119304
v -8.512190 73.455421 -13.651890
v 9.094664 51.208809 -14.112983
v -13.788346 48.243336 -13.178801
v -9.964994 48.017963 -14.202209
v -7.516700 49.283493 -12.977269
v -10.868770 45.135300 -13.853244
v -12.304721 48.485058 -13.675639
v -10.019753 49.574570 -14.306615
v -9.571545 48.961433 -14.117380
v -11.169154 47.396759 -13.902921
v -7.496886 47.743111 -12.731593
v -10.048422 46.500248 -14.017235
v -4.694900 49.657112 -12.541400
v -9.563532 45.742542 -13.885921
v -17.647190 45.332764 -11.951832
v -1.563536 39.343330 -7.770820
v 14.239484 79.862236 -12.097087
v 1.119287 77.314392 -14.415042
v 22.253344 38.187744 -9.658779
v 3.192058 47.341835 -12.254704
v 23.416906 55.122795 -5.229479
v 5.957338 60.042591 -14.190970
v -18.872280 84.606041 -4.654281
v 12.223674 71.424515 -13.066261
v 12.773914 72.572411 -12.834323
v 19.832317 56.683746 -7.706558
v -20.727610 35.851517 -1.076512
v -18.156033 74.944504 -8.107114
v -18.669287 66.193184 -7.256825
v -10.567698 70.988380 -13.523040
v 3.533246 45.713333 -12.230145
v 4.781139 46.258217 -12.782344
v 5.948587 44.535168 -13.087159
v 4.165255 63.991421 -13.971450
v 5.996490 64.682999 -14.129221
v -20.228415 46.921070 -10.668739
v 22.502089 67.370995 -4.568851
v 21.861654 73.810799 -3.985316
v -11.214611 58.417603 -14.539843
v 4.736015 41.847767 -11.865597
v 19.706879 56.477489 -6.555985
v 16.048151 71.896744 -11.868057
v -19.460880 47.548450 -3.995777
v -19.402552 50.184334 -11.631388
v 23.039890 41.904148 -2.071063
v 23.163561 42.650200 -2.192443
v -18.387135 69.455887 -7.551291
v -18.266125 40.086361 -12.064338
v -22.707172 43.705994 -3.652535
v -8.395174 66.880707 -14.290828
v -16.365742 86.403313 -8.869581
v 9.176737 42.110138 -14.028038
v -14.573597 53.159943 -13.169000
v 19.720922 38.341248 -13.026100
v 18.260670 83.592216 -7.144410
v 25.096310 38.726456 -3.766615
v -11.869880 79.139206 -12.909301
v 20.161905 54.493073 -9.992506
v 6.634469 75.738487 -14.166110
v 20.528681 45.525188 -6.586203
v 18.324276 73.375870 -7.816817
v 11.955061 39.472725 -14.229456
v 12.892316 39.031971 -14.006992
v 13.448933 40.197151 -13.824368
v -7.617142 41.118435 -12.076736
v 20.832949 41.757694 -5.115201
v 19.162016 82.027756 -6.025514
v -6.970869 66.740997 -13.920752
v 20.271667 76.928650 -4.772645
v 21.495922 77.305229 -3.506028
v -1.135881 77.702034 -14.370794
v -2.278384 77.639755 -14.316545
v -1.658749 79.155640 -14.431551
v -8.016890 56.035145 -13.749537
v 15.214945 44.329948 -12.789523
v -17.646732 40.169033 -12.092882
v -17.736010 40.893585 -12.067585
v 3.820810 74.198036 -14.847773
v -13.965865 68.116608 -12.964110
v 7.000584 52.347633 -13.981443
v -17.635593 85.886726 -6.942608
v 8.745305 80.587280 -14.269246
v 19.713118 53.575504 -11.266730
v -1.540901 62.334793 -13.487263
v -12.963883 73.968369 -12.736655
v 15.453983 43.379436 -12.896469
v 16.693415 44.459957 -12.426777
v 18.096258 49.637260 -12.815772
v 10.046740 81.000870 -14.089036
v 20.799791 48.752911 -2.871391
v -9.491192 78.109703 -13.416393
v -7.930049 86.568459 -14.519684
v -9.265632 86.077461 -14.262703
v -21.875326 58.946804 -3.817639
v 13.780421 56.550568 -12.903852
v -19.025667 63.826397 -9.489647
v -20.570179 60.823486 -2.937274
v 0.850927 68.133743 -13.859539
v 18.707478 38.278275 -12.861897
v 20.124012 52.001945 -7.014405
v 10.826241 44.263897 -13.933384
v 11.661825 67.447914 -13.309386
v -8.930215 82.829102 -14.387440
v -19.254362 76.497452 -6.013321
v -20.877234 42.854599 -11.586384
v 22.000324 72.623505 -3.992069
v -18.300268 79.859268 -7.561716
v -21.891323 55.511486 -3.823493
v -19.597179 81.540894 -4.600492
v 18.639111 63.516167 -9.077530
v 3.517629 43.358688 -11.756104
v -16.979528 65.496017 -12.132484
v -17.674557 64.921860 -11.660174
v -4.910003 40.651531 -10.689591
v -4.031897 71.882133 -14.441865
v -9.265445 63.803223 -14.278056
v -17.965889 65.550804 -11.200085
v -18.424715 63.345608 -10.830818
v -17.971596 64.228470 -11.350122
v -17.351858 63.512726 -12.089256
v 16.263660 61.595676 -12.512302
v 5.800066 70.476570 -14.680360
v -14.781017 73.432564 -12.294638
v -21.043365 41.417408 -12.396551
v 9.315308 72.825760 -13.705824
v 18.150709 73.378227 -9.026502
v 22.941185 57.344715 -4.592606
v 10.986594 39.683453 -14.262456
v 7.292403 87.776672 -14.679335
v -3.921087 58.391193 -13.519105
v -2.116542 59.303371 -13.499562
v 8.700054 55.388435 -14.086827
v 16.850445 64.210403 -12.081592
v 17.674271 64.998436 -11.556452
v -19.464903 51.415894 -5.928058
v 3.692940 71.070290 -14.943378
v -19.677742 47.022892 -12.136714
v 16.664246 60.053879 -12.503925
v 11.007231 47.869335 -13.821543
v 20.886827 46.065666 -10.454352
v 11.555590 55.445789 -13.134770
v 12.242165 65.598846 -13.040304
v -20.588793 46.937023 -1.651201
v 19.459816 68.989487 -5.190660
v 24.923685 41.052139 -3.318074
v 22.823271 43.663841 -2.294890
v 20.813019 74.626457 -4.098178
v 20.455708 73.202278 -4.288954
v 11.124375 79.705544 -13.524460
v 11.559447 78.178871 -13.064384
v -7.568419 66.501320 -14.079415
v -18.085079 75.161682 -8.825894
v -5.188176 84.417221 -14.827035
v -9.797867 72.610085 -13.503901
v -8.235950 72.360451 -13.821282
v 18.907732 86.518997 -3.130730
v -18.604347 87.064522 -3.196337
v -21.612862 37.863266 -7.096417
v -21.569998 40.570210 -10.214679
v -3.756259 46.627766 -11.933803
v -20.657194 37.023952 -1.508718
v 8.795423 72.188568 -13.965648
v 11.080237 72.080391 -13.265574
v -1.938075 64.917648 -13.440580
v -17.488823 66.473076 -11.692824
v 21.557920 40.401611 -7.456896
v -8.381096 65.119637 -14.235652
v -8.814977 46.477699 -13.495726
v -8.815441 47.937416 -13.636089
v -8.216446 47.130024 -13.047518
v -8.388798 48.591202 -13.256225
v 18.360073 65.076874 -7.159504
v 18.894709 64.328934 -5.770239
v 21.315348 78.022232 -3.501763
v -21.764919 60.084942 -3.664106
v -17.201250 41.795418 -12.288867
v -11.223827 78.552162 -13.044181
v 11.930691 43.656361 -13.851487
v 22.465637 47.336166 -2.260623
v -10.949344 48.955322 -14.171766
v -7.791677 64.709297 -14.012777
v -21.510845 38.787613 -7.557455
v -5.520101 70.413216 -14.262465
v -15.249856 57.299328 -13.547831
v 22.428003 37.288712 -9.864114
v 7.994531 77.097313 -13.853397
v 20.428566 67.821892 -4.220578
v 20.225115 66.786293 -4.219840
v 20.287090 53.011860 -9.026541
v -3.211455 50.675663 -12.483321
v -12.841959 78.086197 -12.472158
v -12.116079 77.498001 -12.712049
v -13.210021 46.911285 -13.337854
v -12.824375 54.284725 -13.665956
v 17.577930 86.255440 -7.140131
v 16.214449 73.129402 -11.582119
v 17.288092 73.047485 -10.953807
v 17.216898 74.090729 -10.821197
v 12.121120 40.922668 -14.142617
v 12.023132 85.940292 -13.251478
v 4.147784 72.374908 -15.140199
v 21.810057 38.276760 -7.211770
v 21.121887 41.026508 -6.564457
v -13.697430 49.840149 -13.225244
v -20.398031 44.223751 -11.889174
v -17.384443 37.500504 -12.192392
v -13.357938 61.202679 -13.188847
v 24.086090 46.704159 -4.704742
v -2.335119 57.073410 -13.259851
v -15.650608 57.490627 -13.597301
v -7.772073 77.524628 -13.704608
v -20.154123 66.256821 -3.297096
v -9.125393 67.387108 -14.095625
v -9.856570 66.370087 -13.945290
v 11.736651 54.065407 -12.991181
v -21.097540 44.837006 -1.415186
v 22.137051 48.806435 -2.224349
v 16.439219 43.226681 -12.639705
v -1.992237 50.289791 -12.149320
v -20.041388 48.273060 -7.072033
v -15.699492 47.303936 -12.548215
v -12.575565 44.549500 -13.577207
v -15.000530 45.401661 -12.876447
v 19.516884 76.157249 -6.228434
v 19.685463 77.168541 -6.003348
v -5.639246 69.038513 -14.087174
v 15.263922 58.970463 -12.834555
v -6.594370 71.958519 -14.142654
v -20.117926 78.689247 -4.190029
v -9.704980 68.684814 -13.877425
v -11.030809 69.090797 -13.502370
v -9.844932 70.038361 -13.750182
v 3.122787 75.022095 -14.729112
v 3.841602 51.054161 -12.947638
v 11.385341 59.170242 -13.342341
v 5.266527 78.084694 -14.272006
v 11.476452 70.566200 -13.295285
v -16.895952 50.991310 -13.413802
v 20.101295 42.241642 -12.753762
v -14.011855 78.867699 -11.938198
v -13.322778 79.648964 -12.359133
v -16.312088 87.610497 -8.507992
v -21.379406 39.826729 -8.057425
v 18.880297 62.482483 -9.697693
v -14.793893 64.280251 -12.874842
v 12.479189 50.013294 -13.082419
v -14.287171 74.347466 -12.300461
v -13.739947 72.970779 -12.708239
v -16.052898 51.655396 -13.128597
v 19.841398 58.258224 -9.640726
v -20.443838 46.620163 -8.911867
v -21.702980 48.113159 -2.332739
v -15.469731 64.747650 -12.816289
v -15.397711 65.442833 -12.780626
v -16.240795 63.809586 -12.639501
v -13.795105 63.363255 -12.984847
v -14.742069 65.971001 -12.828405
v -22.758999 38.250317 -2.308465
v 6.467710 61.757740 -14.213294
v 19.899071 52.141773 -11.137189
v 19.520733 57.821800 -11.078784
v 19.955946 57.126957 -10.301898
v -18.803026 42.234505 -12.025603
v -16.039722 74.526642 -11.466888
v -15.374247 75.883965 -11.537150
v 12.596345 79.500336 -12.949314
v -19.634205 53.889175 -3.102849
v -1.085864 80.768402 -14.591397
v 8.817663 39.973907 -13.754433
v -20.880350 39.160664 -12.280847
v 18.610014 86.811157 -4.028443
v -12.650713 52.969563 -13.738205
v 7.047081 74.097923 -14.263530
v -12.826821 87.155739 -12.287967
v -11.902715 73.697670 -13.003230
v -21.148111 40.114269 -6.756439
v -21.257694 39.157242 -6.272112
v 18.495758 60.003796 -11.688376
v 18.955217 58.660847 -11.591704
v 13.785247 83.710854 -12.381901
v -8.495317 43.096889 -12.647578
v -7.410552 42.432724 -12.122389
v -6.240327 42.343681 -11.754874
v -5.462018 43.703098 -11.790316
v 25.069044 36.842899 -3.493423
v 25.254715 36.368782 -4.678158
v -19.820213 48.358715 -11.309052
v -5.698747 72.924500 -14.156519
v -5.716407 71.563225 -14.258366
v -14.692646 71.983101 -12.588695
v -19.207657 63.235931 -8.945715
v -7.581440 81.045944 -14.258193
v -11.279865 66.313072 -13.514811
v -11.502149 65.574928 -13.487885
v -12.351710 65.340042 -13.234375
v -10.606559 67.666534 -13.650590
v -11.995922 67.100479 -13.282249
v 12.938681 42.483929 -13.739303
v -16.902611 48.738708 -12.626534
v -16.451448 49.339973 -12.697213
v 11.618363 74.152428 -12.984088
v 18.316452 67.876862 -7.235458
v -16.293262 60.259991 -13.145209
v -15.205868 60.249084 -13.310183
v -15.320335 59.510914 -13.399363
v 7.370073 84.129478 -14.985629
v 18.969761 55.852097 -11.984334
v 18.066153 56.486767 -12.435113
v 16.156916 53.188190 -12.958747
v -19.483078 58.564075 -9.835036
v -13.958350 57.172539 -13.355414
v -13.449353 56.376221 -13.308619
v -18.731026 65.824791 -5.030010
v -18.167234 56.882591 -12.150298
v -17.295801 86.789902 -7.148087
v -20.651552 77.553436 -3.151719
v 10.710833 66.732040 -13.627836
v -15.830680 53.204609 -13.473722
v -15.590485 54.673733 -13.652797
v 16.763245 80.603035 -9.916155
v 8.468343 41.367245 -13.839933
v -19.791515 52.548775 -2.813240
v 13.373337 48.614460 -12.890343
v -15.805846 54.168114 -13.727916
v -19.164907 57.163410 -10.806266
v -19.461536 56.284420 -10.350232
v -19.622849 57.577843 -9.400105
v -20.503347 44.315914 -1.724838
v -14.556932 54.715965 -13.356712
v -13.938250 55.511154 -13.329923
v -18.090902 47.910656 -12.708409
v -0.170495 73.611641 -14.770654
v 1.597380 87.780235 -14.713443
v 16.858902 47.980343 -12.577377
v 18.530371 47.972179 -12.749248
v 8.709843 39.094574 -13.436493
v -12.378797 58.178677 -13.916184
v 14.962018 39.533970 -13.435399
v -20.852129 43.470665 -1.428417
v -20.546085 42.839748 -1.669673
v -6.178420 60.367985 -13.496593
v -6.462172 59.064362 -13.558392
v -8.467881 78.529572 -13.665046
v 19.231928 79.282692 -6.564180
v -19.108862 59.016163 -4.744673
v 6.743881 39.304295 -12.246596
v 7.120896 40.130024 -12.883006
v 4.756868 39.791851 -10.654799
v -17.419205 69.698059 -11.514774
v 0.336022 76.048935 -14.489412
v 20.448181 57.258408 -3.750962
v 19.036551 77.291725 -6.989399
v -9.569887 71.435081 -13.682090
v -18.482882 65.426392 -10.406624
v -18.894129 65.229881 -9.399488
v 9.158302 77.795753 -13.642446
v -18.947126 46.154705 -12.662416
v -10.862679 54.154331 -14.488022
v -11.907503 54.074093 -14.521482
v -20.609215 44.550518 -10.963317
v 6.001178 51.277756 -13.633450
v 12.037006 69.997131 -13.181480
v 0.097626 76.727058 -14.420048
v -10.268994 59.370899 -14.463157
v -19.428549 48.671391 -4.501943
v -14.163335 62.057411 -13.044697
v -10.499902 41.363934 -13.803812
v 0.434519 41.630482 -9.060063
v -15.162703 61.532471 -13.144328
v -22.156597 37.489922 -12.203355
v -14.803068 42.778088 -13.080328
v 11.226408 75.510384 -13.009901
v 20.114792 55.788235 -9.027007
v -8.855829 68.067932 -14.135621
v 20.490582 44.552200 -5.285660
v -16.418154 77.582809 -10.525082
v -15.651004 77.263214 -11.120161
v -15.673519 78.757072 -10.912530
v 15.743108 50.942417 -12.793660
v 14.007256 50.256733 -12.653969
v -20.055340 55.924671 -2.826393
v -8.330125 51.994061 -13.526855
v 14.816431 40.231911 -13.442784
v 24.021744 47.915493 -4.845649
v -19.693878 46.069122 -4.057677
v -6.865462 88.005798 -14.443735
v 18.815908 76.323196 -7.234580
v 19.668571 59.036354 -10.217143
v -4.905102 56.951439 -13.502349
v 21.621824 37.048943 -6.181394
v 18.004538 86.906563 -5.777128
v -22.207216 37.017979 -10.831631
v 17.435333 60.628082 -12.221903
v 15.114842 60.575611 -12.748587
v -8.826775 59.340004 -14.226989
v -19.469250 61.078629 -8.318681
v -19.392000 60.344719 -7.379159
v 23.091162 38.632290 -2.310237
v 6.510796 77.642593 -14.114937
v 6.327204 48.161816 -13.390802
v -11.919888 54.716335 -14.602100
v 3.954457 62.799923 -14.076596
v -19.139822 66.961639 -4.194273
v -8.248592 55.115314 -13.758478
v 21.680155 63.889336 -4.099633
v 11.481303 49.470070 -13.520516
v 2.894005 69.104584 -14.188701
v 6.068030 41.975964 -12.812963
v -19.174910 59.684517 -6.144903
v 18.795177 85.356827 -4.651366
v 14.380510 69.858765 -12.550238
v -20.138971 43.239029 -2.578414
v -19.773972 38.487728 -12.239331
v -20.308870 37.640587 -12.250859
v 10.150594 42.197906 -14.135427
v -21.107901 36.060303 -2.534495
v -20.937950 39.406437 -4.881051
v -20.903265 40.426517 -5.515413
v 21.644798 39.767864 -3.254883
v 16.083855 81.390465 -10.615293
v -5.626637 37.930553 -9.749017
v 10.792127 50.041504 -13.819181
v 20.640179 52.952030 -3.281606
v 1.955561 53.940308 -13.057245
v 12.170173 48.212368 -13.306374
v 11.847983 47.275486 -13.500966
v 11.250718 48.489838 -13.702489
v 5.644115 84.534966 -15.107245
v 18.532572 75.345169 -7.449420
v -19.586197 58.629044 -8.226121
v 20.704300 43.605804 -4.685182
v 21.090076 43.727123 -3.667380
v 20.839556 44.733116 -3.828804
v -13.268725 40.394039 -13.577444
v -14.539986 40.188446 -13.110971
v -14.867323 41.447380 -13.068470
v -8.127891 60.613800 -14.064140
v -7.221686 60.895683 -13.663395
v 21.904186 52.830013 -2.698099
v 16.989899 38.095387 -13.080338
v -13.521685 57.841034 -13.294066
v 4.342592 52.781590 -13.421487
v 4.808916 53.796310 -13.611745
v -21.394892 68.690132 -3.381047
v -21.842566 46.752434 -2.232628
v 11.767332 50.306660 -13.352152
v 12.323358 48.949928 -13.209418
v -19.527998 59.984566 -9.128542
v -18.678926 49.937260 -12.785784
v 10.150722 56.635696 -13.926813
v 10.935615 57.655754 -13.721772
v 11.343152 56.985645 -13.563770
v 9.283641 52.602734 -14.162554
v -11.237745 87.664574 -13.159622
v -9.857301 84.118767 -14.183737
v -16.714329 82.838264 -9.506933
v 9.368319 84.790756 -14.548942
v 20.190397 50.206177 -6.703852
v 4.088936 80.516785 -14.591079
v -12.120034 75.975616 -12.738426
v 20.955212 46.565773 -9.082762
v -5.405428 87.798874 -14.558707
v 14.422181 45.307957 -12.852619
v 19.149656 60.132191 -7.783460
v 1.152963 40.379559 -7.926991
v -19.992535 74.413719 -4.427855
v -20.238478 73.467690 -3.771694
v -18.973547 82.781906 -5.623597
v 23.422159 52.281418 -3.901697
v -16.360340 73.324821 -11.597100
v 16.809771 86.429169 -8.474635
v 22.149607 38.062729 -8.810719
v 21.871265 58.207264 -3.593786
v -14.072231 37.513283 -12.955445
v 19.014734 40.695290 -13.037910
v -12.926701 81.828835 -12.836158
v 13.808554 43.119991 -13.342436
v 11.556870 59.133751 -12.874580
v -16.721670 72.023468 -11.681026
v 18.266628 68.803955 -7.670144
v 18.815554 61.334026 -7.373302
v -21.867065 38.986122 -12.099256
v -22.005917 38.630657 -12.305611
v -19.521788 59.741646 -7.875492
v -19.320166 59.676903 -6.971378
v -3.233576 62.246887 -13.427276
v 23.713472 50.144310 -3.989025
v 16.149412 85.514671 -9.734210
v 15.742138 86.328102 -9.968471
v -15.912711 49.283783 -12.582092
v -15.680743 48.653149 -12.525077
v -20.206848 48.920509 -8.671410
v 0.836722 81.679520 -14.705987
v 1.226944 80.104843 -14.543656
v 1.968351 81.314323 -14.680342
v -13.702040 65.342621 -12.910414
v 20.401806 49.665058 -10.405618
v 6.559596 57.660809 -14.126194
v 19.184717 78.397591 -6.729763
v -19.292961 45.884777 -12.906082
v 17.247919 81.728531 -9.260112
v 12.199304 63.156048 -12.800757
v -19.721701 53.132202 -7.299816
v -19.511612 54.091209 -6.560368
v -19.603539 54.715233 -7.001153
v 20.337294 48.789425 -3.819118
v -18.677944 52.709278 -12.209115
v 11.533765 51.704552 -13.421954
v 10.572135 51.414944 -13.859454
v 10.958469 52.438511 -13.661710
v 11.127061 50.864853 -13.608207
v -19.377874 51.601791 -11.124946
v -5.481173 55.987717 -13.536556
v 12.911592 50.904037 -12.802238
v 12.205186 52.285007 -12.920088
v -18.921570 62.189262 -4.912687
v 22.257061 69.539978 -4.338793
v 21.433807 68.781143 -4.119174
v 13.109510 70.340416 -12.886577
v 14.637783 70.529533 -12.451139
v 18.829912 81.620209 -6.763412
v -2.550277 55.153755 -13.217109
v -2.607617 56.149933 -13.271438
v -5.379424 55.049355 -13.505035
v -18.683952 66.623421 -5.262230
v 17.087891 78.818321 -9.766533
v 16.451000 79.001892 -10.331509
v 12.056361 64.938110 -13.116863
v -3.126373 59.792908 -13.533277
v -17.071196 54.778374 -13.325182
v -18.626816 85.654175 -4.466923
v -6.411163 70.435875 -14.286218
v -17.194584 76.118263 -10.289125
v 17.078602 43.826927 -12.442204
v -21.816357 37.788464 -0.552747
v -3.255369 53.091785 -13.034759
v -16.105801 79.992271 -10.402650
v -6.394293 47.018059 -12.351168
v 8.547754 61.139660 -14.289124
v 12.326696 78.046997 -12.786823
v -19.487307 59.092533 -3.422801
v -19.816330 59.549301 -2.940135
v 21.741068 36.486263 -3.158034
v 7.638576 46.606853 -13.670769
v -21.279427 37.129166 -0.300988
v -18.861412 83.521484 -5.409271
v -18.187750 83.222351 -7.060131
v -2.784411 75.362137 -14.329015
v -3.189126 76.284225 -14.249764
v -4.458176 75.734962 -14.129963
v -8.378180 87.903519 -14.210111
v -10.741464 61.915260 -14.029428
v 18.628567 71.939240 -6.934827
v 19.177750 72.312607 -6.283229
v 14.391798 84.829880 -11.745783
v -21.608498 54.064533 -3.242119
v 19.248194 59.685162 -5.756648
v 19.640245 59.782417 -4.695105
v 17.448435 62.912468 -11.900031
v -14.269404 44.066235 -13.151872
v -17.451792 48.711735 -12.771982
v -17.433197 49.400993 -13.055121
v -19.684950 56.812061 -3.062874
v 18.333876 46.354069 -12.765018
v -11.647548 53.421864 -14.599782
v -21.922295 56.238548 -3.927933
v -8.997853 38.371628 -12.705844
v -23.065390 34.943321 -2.716289
v 18.096657 63.882217 -11.265044
v 20.428570 48.940193 -7.508595
v 21.897129 44.704140 -2.510312
v -1.092382 86.733551 -14.677081
v -15.141207 53.973621 -13.392189
v -17.743683 77.096237 -9.269920
v 17.414436 71.242165 -11.250729
v -21.387817 37.257984 -5.245651
v -19.928019 45.492023 -12.239120
v -18.587854 66.485886 -9.986887
v -13.677213 75.741013 -12.303226
v -12.783926 76.583275 -12.512443
v -21.879932 40.303596 -1.067558
v 17.295006 77.649292 -9.849473
v -11.388755 83.395203 -13.586164
v 17.812569 76.531937 -9.201583
v 18.100134 76.464790 -8.186427
v 18.036884 75.500069 -8.457966
v -19.744864 70.668243 -4.061273
v -12.768747 66.452774 -13.092750
v -18.573832 67.344917 -9.850168
v 17.739410 66.364784 -11.408435
v 8.648993 70.153015 -14.136551
v -9.276510 62.369625 -14.319862
v -19.715042 56.597019 -9.023129
v 19.951504 53.350517 -6.308904
v 18.201916 72.707817 -9.042275
v 18.673492 84.240440 -5.876736
v -9.891318 55.356438 -14.206951
v -22.313776 46.041725 -3.624254
v -2.285383 67.291420 -13.743869
v -4.602392 67.278069 -13.794142
v -20.052286 50.313141 -8.624025
v 22.540485 65.117348 -4.736877
v 22.547546 65.802437 -4.729093
v 21.550539 64.951767 -4.101645
v -20.555016 64.946640 -3.242936
v 7.880770 75.011261 -13.958488
v 17.083578 76.743179 -10.247793
v 16.188438 76.480721 -10.952490
v -3.095209 61.065495 -13.501301
v -4.923709 61.413456 -13.447049
v 19.961935 52.609638 -5.879865
v 14.704844 82.356590 -11.802073
v 18.432611 66.453552 -9.131222
v 4.252826 55.299038 -13.570616
v 5.155965 54.608547 -13.736978
v 11.230317 37.272949 -13.840219
v 14.917045 67.439247 -12.415133
v 20.040932 72.721115 -4.865431
v -21.468857 35.592518 -0.020748
v -19.926289 50.790340 -9.489594
v -1.088848 83.871124 -14.843493
v 2.968258 62.131771 -14.057889
v 9.141222 60.480286 -14.197609
v 22.437881 60.343056 -4.331353
v 18.343796 70.387962 -9.991046
v 21.632229 40.828934 -8.202255
v 11.371754 56.368675 -13.306719
v 11.369619 55.548225 -13.563928
v -17.657829 80.167793 -8.543437
v -19.033070 54.654892 -11.389408
v 17.492884 53.818836 -12.851731
v 18.417568 69.275749 -8.955843
v -15.702297 60.674126 -13.241898
v -20.870413 64.172310 -3.230460
v -7.422770 76.028229 -13.715357
v 22.741007 63.095844 -4.924589
v -20.147278 44.822468 -5.415774
v -19.975403 44.137676 -3.877820
v -8.346133 74.925056 -13.579319
v 16.384062 37.487576 -13.211728
v -3.953412 78.042000 -14.209237
v 19.380802 41.562096 -13.143452
v -18.812325 77.858803 -6.789282
v -19.503376 78.761841 -5.553269
v -19.973576 67.203354 -3.431481
v -8.256824 68.543251 -14.244645
v 18.664816 61.958237 -11.033697
v 19.946440 54.336327 -4.598325
v 20.163277 53.803410 -10.181458
v -21.932739 47.368153 -2.848920
v 20.608107 49.051468 -9.574539
v -20.840532 50.512402 -1.986475
v -20.318836 49.811047 -1.991096
v 20.697832 48.237240 -8.772961
v 20.531090 49.525940 -8.194381
v -20.654928 38.297806 -0.900633
v 18.280447 43.988449 -12.807540
v 20.983236 37.306122 -12.805863
v 7.968160 82.899506 -14.810360
v -16.154913 83.135712 -10.117095
v 6.260975 37.208046 -11.066685
v 9.728894 69.198021 -13.864748
v 9.405625 68.316605 -13.972520
v 4.982182 71.992645 -14.995385
v 19.331202 59.438454 -10.923044
v 23.302824 39.666958 -1.729146
v -3.495554 40.817905 -10.016935
v 20.836115 44.597496 -7.374308
v -21.065702 62.171261 -3.150881
v 22.106289 37.005527 -7.846305
v 20.026585 82.092209 -3.159848
v -20.690483 38.971420 -2.585635
v -19.920580 77.443359 -4.806257
v 10.560162 78.593765 -13.422170
v -18.197021 48.538868 -13.034186
v 16.185322 79.810760 -10.524409
v 13.298311 78.105621 -12.424708
v 15.524381 65.102249 -12.393311
v 15.295872 66.281784 -12.373009
v 17.003016 68.693192 -11.675265
v 17.852625 68.401497 -11.113190
v 18.025665 69.316269 -10.824471
v -9.295727 47.213001 -13.915279
v -18.594542 69.568939 -9.416978
v -18.483521 70.169762 -9.770669
v -18.430841 70.189308 -8.151464
v -21.886318 37.506115 -12.370310
v 21.980366 41.978157 -2.711991
v -18.836813 58.059185 -11.166353
v -18.445808 68.606590 -10.099589
v -17.795155 68.709625 -11.244825
v -17.873880 68.099045 -11.180570
v -19.333109 56.686390 -3.751277
v -19.241131 58.026241 -3.893066
v 21.697258 62.829437 -3.972741
v -7.204430 75.349266 -13.760781
v -8.733595 40.393166 -12.569574
v 22.738293 38.011738 -2.333720
v 9.492146 74.206421 -13.525664
v -21.911295 43.893196 -1.829698
v 18.633699 65.213783 -6.361893
v -18.061266 85.882896 -5.998081
v -3.650844 68.659531 -14.024693
v -8.929076 49.820889 -13.706139
v -12.602351 87.949142 -12.277584
v -14.793328 48.855679 -12.835343
v 18.665930 63.044151 -10.555726
v 12.690176 74.078522 -12.718543
v 7.916502 50.370457 -13.945539
v 21.852222 40.619579 -10.344683
v 6.684432 63.338459 -14.149417
v 18.845814 45.973984 -12.774379
v -8.459002 45.637150 -13.083778
v -7.302916 45.225574 -12.312064
v -4.516950 74.292145 -14.188095
v -4.118279 74.989670 -14.196891
v -16.697008 75.280830 -10.925376
v 0.655886 79.137726 -14.453847
v -22.864363 40.465294 -3.304133
v -19.444559 55.334366 -3.418632
v -12.441286 54.591785 -14.006084
v 18.308453 40.643822 -12.750194
v 21.407537 67.597519 -4.128688
v -13.396421 71.213768 -12.997611
v -17.754429 62.858875 -11.770247
v -6.583380 38.909149 -10.868880
v 11.352668 59.739765 -12.919129
v -20.989546 43.219444 -9.275801
v 19.301954 60.399742 -10.488086
v 18.750237 60.627728 -11.327938
v 18.285362 85.272720 -6.158175
v 2.600312 52.205566 -12.786844
v 5.137168 55.922516 -13.767694
v -20.312405 46.968712 -7.854644
v -12.761240 55.988579 -13.786618
v 7.199024 43.185127 -13.463382
v -18.954842 64.993423 -4.414644
v 17.358599 58.359711 -12.449351
v -20.369005 41.023624 -3.126040
v 21.713013 55.294712 -3.200973
v 1.692919 71.014503 -14.797579
v -18.254141 73.654083 -7.421659
v 1.317625 39.284122 -6.973007
v 7.278570 49.920689 -13.758771
v -18.857893 55.884361 -11.553675
v -23.433807 34.107319 -3.160587
v -24.066605 34.368687 -4.096780
v -24.957304 34.635029 -4.746733
v -25.935883 34.893620 -5.006149
v -26.618793 35.061661 -4.442873
v -26.918058 35.155689 -3.552711
v -26.564732 35.179577 -2.540897
v -25.918938 35.191723 -1.586085
v -25.359715 35.209927 -0.578413
v -24.999996 35.249645 0.480453
v -24.915983 35.313232 1.530612
v -24.865477 35.383003 2.567280
v -24.691126 35.439674 3.595966
v -24.544508 35.495735 4.558971
v -24.429098 35.558819 5.371647
v -23.899376 35.574528 6.143750
v -23.063110 35.592056 6.207620
v -22.192537 35.615093 6.048966
v -21.476963 35.695534 5.859194
v -22.462572 36.244026 5.260837
v -23.462580 36.707813 5.144302
v -24.390003 37.067101 5.634371
v -25.323002 37.457626 5.765757
v -26.101686 37.719509 5.780058
v -26.428387 37.706642 5.879151
v -27.018961 37.697655 5.533740
v -28.469587 37.701832 3.783926
v -30.072601 37.688408 2.101259
v -31.375443 37.643646 0.702197
v -29.185234 36.827213 3.424346
v -26.879602 35.990845 6.158432
v -24.588024 34.980995 9.281484
v -20.624626 35.096367 10.296353
v -16.619707 34.906448 11.812062
v -12.645496 35.310944 12.320901
v -8.873963 36.137535 12.290314
v -4.326062 37.299355 12.066441
v 1.348756 38.344036 11.651608
v 7.473581 39.351059 10.851774
v 13.713828 40.410961 9.997477
v 20.665144 41.656120 9.149858
v 25.782837 42.453850 8.014219
v 26.554718 41.842537 6.645089
v 26.083305 40.202820 7.044491
v 26.031244 38.598602 7.556270
v 24.971397 37.422077 8.061787
v 22.657318 36.476524 8.632174
v 19.954464 35.655502 9.285006
v 18.839409 35.375599 9.312377
v 19.191654 35.444984 8.818358
v 19.707344 35.526524 8.221766
v 20.500420 35.654778 7.573797
v 21.624971 35.834442 6.797874
v 22.702984 36.035580 5.783791
v 23.571232 36.392170 4.666799
v 23.803959 36.306053 4.149139
v 23.978098 35.933315 3.819412
v 24.905909 35.416397 3.184626
v 25.629776 35.031528 2.513843
v 26.355320 34.908875 1.480802
v 26.478109 34.967216 0.626698
v 26.591692 35.020847 -0.369569
v 26.642551 35.061295 -1.429037
v 26.818640 35.103172 -2.553381
v 27.124865 35.144234 -3.687106
v 27.399252 35.181259 -4.843504
v 27.657942 35.219257 -6.011860
v 27.565754 35.247955 -7.157989
v 26.649567 35.085533 -7.386990
v 25.837442 34.771946 -6.631462
v 25.723606 34.490585 -5.465097
v -1.675382 60.169594 9.039560
v 14.254801 51.044968 9.949765
v -17.048656 51.536194 8.636252
v 11.279094 70.848450 9.688502
v -11.754772 71.573944 10.192908
v 1.650419 50.485695 9.757423
v -17.342514 62.889557 6.876001
v 12.275541 61.027618 9.929928
v -0.611771 68.998222 9.637526
v 22.917074 45.977009 4.267984
v -23.427029 45.415264 3.754487
v 20.439432 58.642735 4.614243
v 16.287615 44.973850 9.508015
v 18.760141 66.883224 5.383858
v -14.699833 42.882721 9.465508
v 3.603841 77.587784 9.659187
v 9.562972 54.040154 9.962874
v -21.790178 55.753143 3.974813
v -10.813497 57.397011 10.277062
v 16.924200 78.234985 7.358471
v -17.227777 79.060974 7.293875
v -5.662692 77.945869 10.298207
v -19.236931 70.575958 5.483594
v -8.717299 64.555565 9.917474
v -11.882512 49.492813 9.834682
v 6.714519 65.304298 9.622576
v 21.152704 51.823772 5.346137
v -15.563329 44.533482 8.065603
v -6.697172 43.771130 10.309035
v 14.927639 45.250942 8.961124
v -3.407929 53.941025 9.364325
v 17.592260 72.449280 6.889267
v -21.498251 62.021900 1.472999
v -16.914595 57.277504 7.608296
v 16.763269 50.381557 9.343768
v 26.015091 41.401474 -1.843235
v -14.771856 67.203369 9.412628
v -24.984316 41.343586 -1.248850
v 10.476406 79.581253 9.594775
v -23.446217 50.410046 -0.257642
v -21.112108 50.149437 6.846892
v 18.168764 41.104324 7.468499
v 24.917620 47.985485 -1.239585
v 12.882906 55.696976 10.323057
v 13.093355 66.172279 9.466455
v 6.705439 59.086742 9.462666
v -20.929512 40.584759 7.010458
v 22.230236 63.592865 1.413452
v 23.849489 55.100410 -0.490105
v -18.161060 40.665791 8.800529
v -11.776589 76.572472 10.317622
v 11.329420 47.574547 10.068319
v -21.066145 67.126541 1.518192
v -13.202229 81.448029 9.555926
v -5.758566 72.192352 10.277958
v -2.804326 64.718666 9.464966
v 5.345053 69.686264 9.699648
v -20.161303 75.775909 3.427235
v 14.091471 39.503029 9.758959
v 20.153406 76.213867 3.102102
v -0.617761 80.385674 9.564683
v 21.052769 71.086075 2.247574
v -16.699469 73.746521 7.897102
v -25.010580 46.020054 -2.128140
v -1.037583 75.768425 10.057058
v 19.676064 45.516151 9.643344
v -21.050499 40.078537 7.682078
v 17.480150 62.105415 7.094071
v 17.725721 54.539555 7.187547
v -9.806989 46.262424 9.447011
v -15.411853 46.651123 9.681671
v 24.558371 40.443123 3.115085
v -13.122832 62.824200 10.047873
v 13.838979 46.818268 10.221782
v 12.467021 75.315819 9.730863
v 19.370716 81.806145 3.486281
v 5.724791 80.950119 9.429052
v -7.905872 68.518806 10.026678
v -19.127939 82.990829 3.685624
v 15.175485 81.825951 8.113569
v 23.246571 59.717598 -0.696811
v 2.152737 56.709267 8.264211
v 12.659414 51.272995 10.250163
v -7.437241 81.335571 9.870550
v 7.430568 52.552776 10.099998
v -14.747371 54.788525 10.245176
v -7.471042 56.653740 10.140250
v -23.374392 57.621563 -1.414000
v 17.255762 49.168083 8.104206
v -7.019581 60.943352 9.980507
v 2.354858 63.219917 9.130486
v -20.885031 72.471527 1.056851
v 21.759178 67.398048 1.426706
v -18.862059 66.606834 5.930833
v 7.486265 73.773697 9.970965
v -19.046293 53.915550 7.215577
v -20.622766 59.159763 5.795789
v 15.570058 59.039806 9.336378
v -24.300926 39.520386 3.418607
v -10.373507 53.706615 10.042419
v -14.942109 59.477348 9.878475
v 1.786714 72.245789 9.894369
v 14.942938 69.599777 8.870763
v -20.257898 79.586983 2.206492
v 26.289688 44.890007 -3.962689
v 1.145272 42.556900 11.075601
v -26.433195 39.085495 -4.164386
v 27.355938 39.079536 -5.031834
v -13.740019 49.911667 10.412281
v -13.787350 45.976036 9.409002
v -6.707440 51.260490 9.663559
v -24.171606 53.825268 -2.325381
v 2.964308 67.062576 9.422652
v 8.638554 62.236458 9.730649
v 9.022781 68.012146 9.694940
v 10.066964 56.688168 9.891760
v -13.226946 39.253132 11.084529
v 21.269369 48.755386 5.547561
v 21.120207 55.255337 4.781035
v -16.383604 70.414589 8.328324
v 25.006290 51.715939 -2.502661
v -25.865002 42.637009 -4.583603
v -2.052871 47.838490 9.964108
v -15.362525 42.881870 9.477536
v -16.791348 48.379253 8.090204
v -20.315405 43.876583 7.405301
v -14.277666 42.550667 9.650866
v -20.488232 63.914291 5.078403
v -9.285377 73.760422 10.381060
v 16.390774 65.147507 8.322627
v -22.505569 64.509811 -1.283815
v 26.171341 38.345417 -0.056188
v -16.743395 82.160271 7.393174
v 25.089500 45.257404 0.152193
v -11.637474 68.510780 9.938929
v 8.870319 76.848595 9.807600
v 18.542007 45.192089 7.281272
v 13.253195 42.730087 9.738269
v 24.113979 50.204880 1.821049
v 14.223650 47.884983 9.664841
v 26.995768 42.406921 -5.702862
v 14.525122 72.982178 9.101219
v -10.131676 79.328773 10.243026
v 24.953075 42.986797 2.340413
v -23.225914 60.993748 -1.943692
v -9.788420 61.824631 10.019679
v 9.181446 82.031807 9.545095
v -4.446437 69.262566 9.974104
v -22.397768 52.449314 3.244786
v 19.777771 63.970520 4.690680
v -18.798630 38.892239 6.897294
v -15.631822 41.306919 7.857440
v -24.605267 49.958931 -3.525671
v 13.983664 78.870483 9.081116
v 17.969664 75.531548 6.527192
v 18.781450 69.959541 5.362044
v 12.666168 49.711544 10.234721
v -21.790874 58.794018 1.828243
v 13.891117 40.835514 8.888506
v 15.884280 37.972401 8.671607
v -24.137617 44.040012 0.287425
v -24.778862 38.370632 0.229338
v -15.168777 76.255272 9.029563
v -19.427589 47.255978 7.564854
v -23.514463 47.517002 0.685646
v -23.767523 42.294182 4.551731
v 15.516182 56.121723 9.351336
v -2.094181 71.929497 10.094394
v 4.355758 54.424881 8.834443
v -4.165112 80.269203 9.710329
v -5.954906 66.070625 9.826184
v 18.376858 48.269878 8.806191
v -16.710192 54.471920 8.245245
v -17.640181 60.081543 6.880534
v 21.196215 73.931404 0.449487
v 19.859547 73.320732 3.957582
v -16.403185 40.700325 9.605467
v -20.943184 39.162262 8.577473
v 17.547962 42.938019 9.601581
v 21.223955 41.197975 8.817619
v 13.778853 52.020138 9.968831
v 17.964151 57.489704 6.757246
v 21.876959 43.822868 5.021787
v 17.839664 83.768974 5.367118
v 23.009756 57.470440 1.718260
v 19.360989 78.806961 4.327800
v -16.603317 65.354927 7.955022
v -11.656713 65.850700 9.912887
v 2.364704 81.581329 10.217792
v 2.533720 79.698189 9.225085
v 16.977234 51.646114 8.053602
v 22.726913 65.062172 -1.614400
v 22.351074 39.707481 4.836792
v -22.707397 38.159943 6.522287
v -2.664094 81.896919 10.494158
v 19.010393 46.789249 9.190527
v -21.976393 69.166519 -0.770926
v 25.995853 47.406349 -4.420621
v 19.663052 61.205929 4.931716
v -20.799219 77.253761 0.424564
v -0.139096 78.357346 9.841711
v -11.620673 51.905289 10.292402
v -22.835835 48.249462 4.478655
v 6.722944 56.368679 9.504219
v -20.744471 69.778259 2.305226
v 11.587162 54.089314 10.086740
v 16.787006 67.841972 7.819517
v -17.647337 50.690975 7.770924
v 22.163897 60.853214 2.375529
v 20.663403 78.612556 0.945345
v 23.073353 62.392090 -1.438315
v 10.092879 64.757339 9.755362
v -9.299049 59.218403 9.969020
v 9.652794 59.762146 9.843863
v 12.520759 58.437004 10.152437
v 13.788555 52.955795 10.345195
v 2.974631 60.570606 8.761440
v 13.744200 63.602852 9.606564
v -11.016623 48.111118 9.892865
v 19.470654 84.383911 1.469603
v -5.964569 63.540394 9.802305
v -10.516467 82.742775 9.769876
v -3.093325 57.361946 9.112850
v 12.209284 81.831978 9.083615
v 17.442820 47.021011 7.989836
v -19.104925 77.843369 5.054456
v -20.017271 73.125732 4.230659
v 21.971588 69.536919 -0.913550
v 15.443446 75.722183 8.611444
v -19.690828 56.596119 6.621398
v 24.625780 56.749584 -3.468223
v -8.992434 52.518299 10.188651
v 6.359510 78.692032 9.885121
v -15.148295 84.084846 8.196514
v -22.708185 54.507343 0.423882
v -6.273885 75.139877 10.362573
v -8.614071 71.048767 10.219890
v -11.692500 60.042950 10.227297
v 12.124943 68.566132 9.526276
v 16.017675 47.057705 9.286907
v 24.327847 47.467442 2.366860
v -17.112385 68.128204 7.265635
v 0.679703 65.367531 9.208762
v -12.615076 74.231537 10.124552
v -8.701103 77.128395 10.334481
v -14.350760 78.675835 9.353642
v 10.198134 45.652637 10.471413
v 23.625874 52.925304 1.864799
v 15.281771 61.777279 9.324456
v -3.920804 61.940956 9.612628
v -21.434864 39.014221 7.629721
v 1.918825 46.314163 10.215365
v -2.637150 67.116814 9.585992
v -17.705683 84.655525 5.616233
v -25.110125 45.118759 -4.879104
v -24.669847 47.556030 -4.335985
v -11.508570 54.778488 10.395145
v 20.472347 68.684639 3.666118
v -0.485471 52.567219 9.223773
v 1.959114 75.590858 9.953409
v 5.746753 63.077637 9.480386
v -24.306273 41.759289 1.494378
v 13.263868 45.485336 9.897915
v -20.909178 74.861374 0.748459
v -21.215912 64.690552 1.572801
v 15.619276 37.224335 9.742789
v -19.288679 85.138046 1.118853
v 16.704905 43.384956 10.196829
v 17.440817 80.890953 6.494929
v 21.034639 76.337257 0.095164
v -26.525311 38.932163 4.632458
v -21.757175 38.155624 8.342978
v 8.118536 71.103821 9.812102
v 2.252594 69.663887 9.606222
v 5.986431 67.475533 9.619185
v -2.912578 78.576454 10.221802
v 19.521376 38.070789 7.261334
v -25.388937 43.708893 -2.355628
v -14.544106 40.638779 10.203862
v 4.897117 72.201256 9.890367
v -22.246601 66.860138 -1.102827
v 21.690639 71.866753 -0.842037
v 13.588053 49.375313 10.413906
v 22.398270 67.344597 -1.546515
v -20.824369 61.560539 5.028739
v 17.537739 59.780281 7.168477
v -20.085735 82.049904 0.814380
v 15.208717 53.664894 9.514075
v 14.304117 49.527634 9.866617
v -17.576536 76.145157 7.107734
v 20.354713 81.037170 0.790200
v -9.359291 66.780746 9.948524
v -17.857813 72.074120 6.593674
v -14.587345 71.922653 9.283777
v 25.554981 37.632915 2.278949
v -3.582544 74.194038 10.318902
v 4.771989 75.080360 10.005857
v -16.327021 61.154243 8.419929
v -24.363398 48.422867 -1.309335
v -7.340240 54.613926 9.957972
v 25.767830 40.692013 1.059889
v 8.846515 51.219833 10.452960
v 11.979412 73.004623 9.776752
v -18.390202 81.056992 5.641898
v -18.706497 74.547600 5.651197
v -13.510618 57.136612 10.383297
v 25.618713 49.451935 -3.219898
v 19.204094 53.449055 6.370645
v 11.135448 62.897366 9.838842
v -15.826287 63.279354 8.979757
v -13.908939 65.010498 9.760118
v -5.370043 58.941437 9.868668
v -9.567946 56.213287 9.987387
v 11.567092 77.542282 9.692307
v -18.424406 41.337296 8.628960
v 5.230299 82.389900 10.288268
v -12.731148 47.209637 10.168005
v -14.996594 44.259312 9.061676
v -5.588969 48.905144 9.427086
v -8.506909 44.983982 9.769052
v -14.065659 44.141781 9.845680
v -17.181782 49.218269 8.961425
v -16.847244 46.058868 8.481485
v 24.231697 59.169338 -3.399058
v 24.836216 54.254662 -2.863875
v -21.383768 53.628632 6.163828
v 15.355924 43.227879 8.560063
v -0.697915 62.337914 9.095875
v -5.458333 82.479523 10.341282
v 25.597597 43.264122 -0.727728
v 14.370115 44.393444 9.880075
v 17.894838 64.159828 6.355251
v -22.184698 46.351437 6.223430
v -20.449270 67.931129 4.361134
v -24.023691 56.136459 -3.338189
v -23.677868 58.882626 -3.116665
v -10.859277 63.788960 9.982060
v 27.426096 37.443848 -6.771641
v 8.121356 80.370155 9.424155
v -25.826397 37.197010 -4.994324
v 6.384979 48.697376 10.066854
v -14.167943 69.149353 9.474001
v 17.081087 70.298103 7.467659
v 20.532694 66.103691 3.784032
v 14.050359 83.535568 8.302996
v 3.648327 65.036629 9.331202
v -14.013132 52.398926 10.447305
v -24.603291 37.497887 2.772913
v 26.627079 37.548386 -2.606331
v -26.308615 37.389458 -2.428001
v -25.728798 39.420940 -1.938648
v 9.921330 74.697594 9.895489
v -1.364504 55.678680 8.795092
v 1.149780 58.759247 8.524704
v 19.434763 56.617435 5.652105
v 26.467443 44.283352 -6.551444
v -3.203697 76.720879 10.150822
v 23.653343 57.504574 -1.056571
v -6.579016 79.645477 10.349809
v -8.110163 83.057411 10.002140
v 15.624595 49.849880 9.030587
v 19.267742 50.378197 6.921831
v -16.019794 57.711273 9.186755
v 15.022712 41.798382 9.889234
v -21.820299 71.375702 -0.942849
v 8.926721 53.035378 10.066932
v 12.410995 51.489162 10.168923
v 23.158232 55.125294 2.243436
v -7.331812 39.163761 11.655965
v -22.302904 56.848324 0.793882
v -23.171112 49.484875 1.601480
v -17.040068 52.775257 7.842837
v 6.175992 76.845146 9.814088
v -0.049849 82.206451 10.740915
v 10.829459 66.705292 9.658828
v -15.980021 42.722950 8.551774
v -10.270427 69.870567 10.111329
v -12.905945 83.298004 9.363055
v 19.936895 46.829082 6.483101
v -23.747253 40.324081 5.331815
v 0.345248 67.190025 9.380595
v -25.216026 40.739788 -5.170175
v 5.637637 61.044571 9.469049
v 21.174726 62.395195 3.487883
v -20.640085 65.922615 4.178241
v -8.010147 62.588955 9.922973
v 26.782467 40.099934 -7.055799
v 25.561546 46.356777 -2.479914
v 26.384462 43.069683 -3.476928
v 26.315067 39.478718 -2.116589
v -20.697142 79.264297 -0.244797
v -14.692350 73.905083 9.315779
v -24.154497 52.207882 -4.118599
v -22.982359 52.404438 0.331641
v 16.000196 47.486553 8.705248
v -21.551285 73.606064 -0.925904
v 24.244429 51.353020 -0.011129
v -18.002239 64.765343 6.326488
v -18.991533 68.586662 5.787210
v 4.332001 40.925163 11.337218
v 16.410393 74.178444 7.975805
v -16.553011 53.396919 9.347659
v 22.135050 65.536430 0.780140
v -1.964243 44.186172 10.587873
v -21.380447 57.609318 4.872255
v -18.621498 58.393078 6.679834
v -20.525732 71.447746 3.427347
v 11.091023 44.044250 10.756167
v -19.602190 51.856533 7.315102
v -17.613979 55.587418 7.357774
v -10.867374 51.665684 10.053408
v -6.672719 69.943359 10.125305
v -24.233370 37.426315 4.977035
v -19.301632 62.447910 5.984468
v -14.462196 61.328693 9.935967
v -20.286253 37.436691 6.582809
v 18.004526 49.209942 8.730866
v 16.080179 83.649933 7.169123
v 24.041340 43.637375 7.919767
v -23.120951 62.949303 -2.681050
v 4.390223 57.932339 8.649149
v 14.127021 60.075123 9.820684
v 14.318949 57.415646 9.997821
v 26.970188 40.735176 -4.132348
v -22.486982 50.197395 4.556452
v -26.199181 41.142426 -3.160700
v -19.644957 81.218506 3.211187
v -20.204655 77.667274 2.818367
v -24.376183 51.342899 -2.078904
v -12.173108 78.563873 10.126035
v -15.038453 80.699760 8.831361
v 25.143408 52.748432 -4.578006
v 11.899079 83.493553 9.039606
v -7.560390 59.007076 10.077497
v 14.801818 67.627960 9.033843
v -21.384811 60.320702 3.346538
v -21.315273 39.700832 7.746629
v -18.257561 41.907257 7.593638
v 9.560899 72.662399 9.848059
v -3.673425 50.696095 9.197790
v -11.233878 49.604130 10.266768
v -5.350931 52.696571 9.608152
v 15.729128 71.578644 8.434192
v 13.593775 71.054390 9.354689
v -22.626177 59.428139 -0.602793
v -4.909346 67.560326 9.848367
v 26.024593 46.029251 -6.152556
v 21.553480 69.193909 1.453931
v -12.719448 70.202072 9.859145
v 15.028175 77.475075 8.712065
v 21.574543 41.883358 5.300948
v 23.847416 61.182343 -3.319999
v -23.849527 54.325886 -4.158907
v -23.680300 55.627663 -1.513116
v 13.006934 52.821697 9.937443
v 16.803616 39.297150 8.040687
v 0.379920 74.064400 10.075564
v 0.248110 70.662453 9.747538
v 5.327260 55.532204 8.790692
v 7.489907 82.858353 9.976868
v -17.470219 39.844589 7.432329
v -9.701667 81.085884 9.978582
v 2.486886 51.683876 9.587359
v 13.803191 43.305710 9.191062
v 18.912674 59.088181 5.716702
v -13.350102 44.562538 9.668457
v 1.275055 53.677555 8.992490
v 8.636715 66.283340 9.705697
v 13.457901 80.514847 9.059770
v -24.547226 39.966370 1.140015
v 15.723002 63.507973 8.988400
v 7.785241 63.805225 9.675028
v -16.420837 56.076557 8.703576
v 15.934982 79.612732 7.961678
v -23.957123 43.350235 2.404093
v 7.939666 60.547909 9.644139
v 21.307289 64.622795 3.063860
v 22.023684 53.542923 4.289233
v 21.405766 45.503677 5.374556
v -16.409603 59.347443 8.326550
v 14.751659 47.893665 9.694427
v -22.738054 65.669128 -2.606757
v 23.780279 39.086338 3.709030
v 25.378786 50.722496 -4.803019
v 13.510967 48.989391 10.194443
v 13.373899 50.545025 10.064429
v -16.428011 46.645618 7.886519
v 4.182928 78.938286 9.842413
v 19.112772 76.929276 4.965781
v 18.632952 73.988297 5.712646
v 12.143168 64.543343 9.669396
v -24.868240 38.877937 -5.129127
v -22.404581 62.579521 -0.821484
v 23.405273 63.491104 -3.256091
v -18.214031 45.302635 7.740633
v 22.818249 59.324329 1.486669
v -23.780336 45.738579 1.133954
v -0.655529 63.972095 9.234014
v 18.153111 39.315018 9.453044
v -21.512569 48.127018 6.692431
v 19.825214 71.482933 4.164316
v -12.683388 47.703625 9.617231
v -12.945523 46.132168 9.549487
v -19.557405 60.561878 6.082134
v -12.094866 48.851482 10.140416
v -16.349525 50.708473 9.667971
v 19.969852 82.924660 0.207683
v -5.603820 56.057144 9.637431
v 27.280062 36.969727 -4.581684
v 10.617808 55.083782 9.898031
v 11.334458 56.826954 10.190858
v 8.914291 58.219250 9.719750
v -23.059105 43.844215 5.626042
v -22.284561 42.084969 6.415200
v 12.447025 53.782963 10.371657
v 18.596373 48.633686 7.461458
v -20.207075 38.947094 6.984659
v -14.902245 48.381119 10.095878
v 17.407042 66.340630 7.006139
v 14.998072 65.983093 9.093111
v -21.652750 51.760197 6.190241
v -19.386131 79.569260 4.350821
v 22.794554 61.283123 0.286155
v -18.790483 84.757751 3.416871
v -15.767906 42.928513 7.891885
v -21.168203 75.991768 -0.940033
v 10.642131 58.470505 10.048931
v 16.402727 45.238430 8.387658
v 17.657667 42.978920 7.690537
v 10.361070 61.324207 9.906905
v -15.924867 68.731453 8.741127
v -16.625648 41.829292 9.115573
v -14.144701 42.505074 9.859750
v 13.303946 40.938320 9.515701
v -8.388014 41.921753 10.858891
v 4.130663 68.360489 9.561977
v 9.452139 69.717880 9.735175
v 7.189971 68.806137 9.706215
v 22.120693 38.715725 8.693670
v -17.605724 48.778606 7.814519
v 22.261948 50.107944 4.643929
v 22.461348 47.369644 4.623729
v 8.644677 78.556122 9.805268
v -17.688772 70.384941 6.654746
v -16.441967 72.074249 8.183162
v 1.558924 77.549500 9.640565
v 14.557677 38.508381 9.305861
v 14.386847 54.916573 10.086778
v 21.497936 44.065426 8.627781
v 3.377032 73.655746 10.010345
v 16.552855 60.974712 8.456414
v 21.253433 57.103226 4.302062
v -18.402756 36.610104 11.092138
v 24.232502 53.186974 -0.908908
v 26.384769 41.733360 -7.124631
v 24.810417 50.020241 -1.457020
v -12.263945 58.455032 10.343128
v 16.901831 82.355858 6.775527
v 18.902706 51.805092 6.890623
v -20.901421 37.636272 6.014960
v -18.763514 39.748901 7.976045
v -16.586052 42.631634 8.945180
v -21.056698 62.935951 3.470102
v -10.962331 74.871849 10.390537
v -7.309840 73.354156 10.353414
v -10.129679 72.216637 10.314924
v -22.094557 54.114262 3.507198
v -8.740583 55.253296 10.195978
v -20.975466 55.366058 6.260765
v -23.797867 49.056747 -4.825856
v -1.954718 49.176517 9.692060
v -4.325386 45.918938 9.992111
v -6.373883 46.903503 9.750365
v 18.186035 79.466484 5.919834
v 20.606436 74.649490 2.388194
v -24.473551 42.712971 -5.270583
v -16.972784 50.029900 8.341290
v -23.310940 60.563778 -3.338216
v 13.587491 74.158150 9.453525
v -9.747623 68.331314 10.018230
v 19.903177 80.314812 2.891269
v 24.758949 54.914314 -4.900124
v 25.723412 39.185001 1.712225
v 25.588917 48.935074 -5.101324
v -16.257389 44.196995 8.725477
v -12.816017 67.362961 9.785082
v 18.992214 65.279327 5.211905
v 18.648680 62.841488 5.595224
v -10.585996 43.194527 9.801459
v -12.398546 44.344551 9.722929
v -17.248680 41.130718 8.990466
v 23.425701 43.920578 3.916218
v -25.070271 36.849148 -0.371957
v -2.489926 70.028221 9.913033
v -4.069749 71.179329 10.147203
v 4.795355 66.245201 9.495612
v 16.330488 57.754448 8.655191
v -19.098082 76.182671 5.113595
v 18.311823 82.265945 5.182484
v 9.688295 83.395798 9.483104
v 2.945169 82.758667 10.608910
v 18.677731 85.103050 3.349321
v 23.215193 37.967957 4.219216
v 7.176401 50.186199 10.230202
v 12.445763 48.590935 9.975867
v 26.278156 36.731293 0.756535
v 3.756036 70.737648 9.731844
v -20.201975 69.491035 4.511153
v -24.016270 46.181179 -0.311966
v -1.673371 77.708282 9.907999
v -19.650816 65.157242 5.677310
v -18.130535 82.648781 5.649888
v -15.029957 82.411560 8.594482
v -17.033323 80.634651 7.327085
v -24.666729 38.474030 6.616178
v -23.193712 38.660313 7.475922
v 23.401392 48.760029 3.624959
v 19.084747 83.395088 3.398177
v 25.579865 44.547264 -1.926816
v 24.923916 46.572918 -0.496038
v 24.575508 45.911255 2.321811
v -8.732640 57.745880 10.010688
v 13.731770 51.103531 10.374899
v 14.523879 46.476875 9.345701
v -9.152562 75.429886 10.407891
v -13.463617 45.577110 9.983764
v -22.881712 51.101505 1.960462
v 17.667990 68.988899 6.671970
v -13.706081 76.989822 9.743502
v -16.678911 77.391594 7.892947
v -16.095566 75.103111 8.431637
v -20.463663 74.332977 2.714935
v 14.775519 43.212196 9.881948
v 23.253002 51.414059 3.227451
v -21.832525 60.518658 0.723303
v -11.891536 80.063683 10.054264
v -21.070076 70.934464 0.705475
v 7.778947 75.542023 9.921760
v -1.042524 66.196426 9.348705
v -15.447067 41.633877 9.760991
v -10.492726 77.642464 10.360887
v -8.258936 78.716927 10.349251
v 4.893906 47.484703 10.051128
v -5.464582 81.280045 9.959843
v -16.768032 41.265896 8.412620
v -19.669909 83.503593 1.521599
v -18.079254 40.154720 9.392669
v 13.316391 46.903233 10.128653
v 7.467683 81.477661 9.546220
v 9.904653 80.965889 9.283713
v -22.402700 68.466888 -2.300783
v 4.206760 81.346542 9.941124
v 0.524241 81.144897 10.089793
v 24.448271 48.521320 0.883332
v 21.661963 73.434784 -1.517941
v 21.402283 75.057121 -1.161357
v 21.271984 72.409332 1.002871
v 20.960945 77.807289 -0.750546
v 25.197367 44.116386 1.199812
v 24.888805 41.656334 2.737319
v 22.054058 37.797279 5.515830
v 19.330645 55.033268 5.994571
v -10.553089 55.108192 10.097185
v -21.512318 65.991081 0.208766
v 1.215997 68.425674 9.489484
v 10.720511 76.144806 9.810360
v 22.934107 66.229889 -3.031465
v 18.222460 36.948944 8.106842
v 17.094440 36.706371 9.068907
v 14.442248 39.290150 8.769852
v -24.604231 42.855453 -0.892777
v -24.011118 46.399860 -5.188469
v -19.843710 39.688179 8.650854
v -24.579947 44.835896 -1.213328
v 21.579758 70.587753 0.418037
v 4.115437 62.281860 9.176279
v 20.648220 79.853149 -0.451816
v -23.393139 46.997196 2.533701
v -23.497755 48.900875 0.076338
v 19.088852 68.471558 5.070655
v 18.167694 71.198425 6.153707
v 19.900980 45.544125 8.899156
v 17.777355 44.881130 9.157522
v -8.630710 61.091042 9.958893
v -11.366008 62.419605 10.056835
v -13.088776 72.878380 9.972978
v -2.391622 68.535408 9.728120
v -9.353460 53.645344 10.234642
v 17.852125 77.123337 6.558119
v -15.689218 45.191986 9.342885
v -1.730650 82.887550 10.826528
v 15.727577 40.710587 8.284193
v -1.461965 73.829544 10.186268
v -23.948021 38.861622 5.290841
v 26.400307 36.633442 -0.943329
v 22.131456 70.793480 -2.174051
v 22.493689 68.752190 -2.511471
v 20.034767 39.936451 6.542255
v -24.122948 41.083096 3.506450
v -12.346643 53.349216 10.507426
v 17.174183 40.898155 9.647392
v -23.644415 50.831940 -4.780488
v -11.830485 84.284088 9.365735
v 17.723991 50.616268 7.726366
v -19.653208 84.265152 -0.370286
v -17.234428 47.758369 8.563725
v -8.296323 80.151573 10.188830
v -15.484814 56.313511 9.800492
v -15.364328 41.644497 9.618561
v -18.158491 85.981194 4.147595
v -19.399956 49.681660 7.492905
v 4.223083 80.264565 9.185804
v 20.065718 70.044189 3.983010
v 12.317592 79.236862 9.484035
v -7.780065 65.835213 9.890549
v -2.694498 63.301395 9.439921
v 16.179756 54.936005 8.675703
v -21.741541 63.774101 0.023445
v 13.822385 48.213257 10.203359
v 18.511635 46.758694 8.754750
v 17.695665 46.966282 8.819794
v -16.412727 85.341133 6.916149
v -13.845592 84.784462 8.684894
v -2.327910 79.850006 9.562650
v -2.239918 80.863098 9.965436
v -4.969203 79.122704 10.422042
v 15.765304 51.038448 9.408316
v -4.112489 66.234993 9.670528
v -4.839593 64.842735 9.691863
v 26.204918 38.228050 -7.044071
v -7.211457 67.140816 9.927200
v 17.049910 84.951225 5.914138
v 19.652456 74.821938 4.149613
v 24.366089 57.972546 -4.766755
v 19.384943 85.419952 -0.281191
v 25.636305 42.125725 0.458183
v 13.360776 77.401131 9.410727
v -12.604554 61.393303 10.143189
v -9.348356 51.291481 10.170212
v -20.452539 80.577576 0.609701
v -9.306996 63.276878 9.954075
v -20.323387 40.458412 8.021086
v 20.022116 77.728134 3.290948
v -0.189705 54.625530 8.767381
v -4.027812 83.116226 10.597035
v -5.380671 60.540287 9.906115
v 0.413045 76.609001 9.818967
v 20.941658 60.935589 3.937671
v -24.811199 39.814377 -0.538015
v 2.042629 55.474670 8.343896
v -5.307214 41.632790 11.212029
v 17.416788 56.002708 7.395485
v -13.541851 79.768875 9.648782
v -11.474658 81.604744 9.890093
v 2.389727 78.509033 9.749434
v -17.919563 61.567379 6.575086
v -17.119274 58.709064 7.334016
v -13.129187 37.073589 11.760318
v -24.438782 49.857887 -1.717852
v 21.762821 59.404003 3.294720
v -7.073492 64.555466 9.857309
v 7.195692 54.099113 9.570716
v 5.934050 53.420383 9.440420
v 26.036457 43.117138 -7.160566
v -24.842934 36.847202 1.309907
v 18.803366 72.562088 5.403309
v 19.058626 42.293621 9.417552
v 23.871201 40.613724 7.852424
v 16.416382 49.100021 9.491764
v 17.376881 47.660934 9.670878
v 14.492582 45.801308 9.897821
v -9.729935 83.791702 9.917454
v 1.576104 61.885147 8.992666
v -10.119253 60.303898 10.113157
v -10.589457 58.923225 10.224700
v 14.267070 52.430943 10.065131
v 26.000969 39.833687 -0.435752
v -15.800632 79.583946 8.424748
v -16.811932 53.028919 8.523305
v -22.158686 70.209625 -2.029311
v -16.781942 40.166958 7.668497
v 14.237815 51.647884 9.762058
v 11.918305 53.016003 10.038278
v -12.738362 47.446793 9.805758
v 11.673947 59.635399 10.073931
v 13.274510 44.092522 9.817217
v -26.570816 37.596485 -3.967368
v -15.462729 65.934227 9.160961
v -16.763323 63.967678 7.677382
v -17.522240 66.021713 6.657156
v -26.930786 38.264183 4.354852
v 23.418659 56.207603 0.772351
v 22.374828 56.264091 3.240345
v 9.385060 63.486813 9.785936
v 2.795190 80.709732 9.594284
v 0.566684 79.544357 9.602349
v -4.791968 55.009266 9.461848
v 15.582030 52.150223 9.159026
v 16.809566 53.178577 8.072647
v -17.270235 54.186028 7.635899
v 22.976162 42.062531 4.195523
v 19.882103 44.221878 6.379914
v -16.570950 38.818275 10.501407
v -22.536674 67.068291 -2.652740
v -7.004627 49.504589 9.407594
v -1.382623 79.053757 10.067624
v 15.480991 45.459263 9.560501
v 20.321133 47.904922 6.282582
v -18.002810 77.965744 6.563797
v -16.271530 67.179100 8.438108
v 3.902812 45.226574 10.432312
v -7.517474 76.119598 10.356552
v -6.211907 68.568031 10.003895
v -25.650017 44.902710 -3.367831
v -2.795200 51.768036 9.188092
v 13.670710 44.603664 9.472024
v 4.603660 59.333656 8.900353
v 0.745928 60.154373 8.733475
v 22.210869 62.241638 1.934206
v 14.562348 46.893570 10.196364
v 16.870859 46.226681 10.262373
v -11.066340 67.106415 9.937176
v -10.262962 64.990776 9.951060
v 12.639491 62.420341 9.789560
v 18.617321 60.392918 5.822222
v -21.635933 67.863068 -0.056919
v -20.973255 68.580864 1.289477
v 26.299515 36.563244 -7.174402
v -24.597147 36.184414 -4.726184
v -9.862007 57.906357 10.070473
v 19.104694 85.790054 1.499249
v 26.151562 46.108822 -4.399741
v 25.575008 47.664444 -2.782884
v 25.491812 47.298351 -5.989538
v -22.378401 39.556667 6.470249
v -20.605459 78.461700 1.251351
v -14.335106 70.525314 9.357132
v 19.836582 62.593163 4.735562
v 13.991699 76.169693 9.286177
v 22.420631 64.388710 -0.030094
v 23.202581 64.881729 -3.375581
v -8.976242 82.077682 10.043720
v 20.651400 77.162865 1.565886
v -24.221766 44.173546 -5.250022
v 16.879591 63.952538 7.856434
v -23.590002 36.916874 6.150497
v 19.978779 59.911755 4.800191
v 24.387201 49.728001 0.224707
v -19.787186 74.462563 4.328920
v -9.329139 47.502670 9.415115
v -12.504834 64.052040 9.956438
v 15.067322 64.628677 9.167601
v -25.931860 42.537334 -3.102004
v 15.911965 68.709915 8.582758
v 26.644869 43.845104 -4.986742
v -13.437893 66.227821 9.740050
v 7.279135 57.661747 9.507364
v 27.110943 41.115063 -5.843291
v -15.620711 64.599922 9.115533
v 20.803930 73.257385 2.339039
v -1.080534 81.433319 10.394690
v 7.086039 61.808216 9.597309
v 24.256475 44.544052 3.215816
v 18.640627 80.826920 5.034312
v 13.164635 67.586197 9.378176
v -19.160753 86.027603 -0.524906
v -23.411764 53.528469 -0.863803
v 10.948186 55.564594 10.058087
v -0.103410 57.535767 8.376241
v -1.502195 58.750843 8.819676
v -5.524649 57.320946 9.780896
v -25.039904 47.420040 -2.559555
v 13.356802 69.644981 9.332809
v -6.509725 53.433270 9.766583
v 24.547070 37.107368 3.268334
v 12.736976 52.248398 10.399222
v -15.304329 77.711327 8.889899
v -20.871836 78.033356 -1.075841
v -20.533932 76.563110 1.935985
v -19.231674 63.822186 5.928922
v -11.079017 52.487999 10.045245
v -12.110634 50.434662 10.366218
v -11.563420 50.903698 10.013713
v 21.874939 68.395615 0.143474
v 21.565407 65.921021 2.375118
v -22.238665 38.057560 6.542318
v -21.833855 57.382195 2.690187
v -16.916140 51.312176 8.113363
v 6.788069 72.179367 9.877842
v 5.865428 70.966263 9.793037
v -0.331910 72.261841 9.997705
v 27.234043 38.782696 -6.608317
v 18.072906 52.508892 7.249682
v 16.355835 66.494431 8.350485
v 8.423886 55.214577 9.754579
v 8.938302 56.562569 9.715251
v -8.207722 69.790695 10.122003
v -7.420713 71.878876 10.276277
v -16.416685 54.879246 9.264502
v 23.212877 58.353481 0.316381
v -5.035784 76.560631 10.265434
v -23.469301 59.007481 -1.931413
v 23.320173 60.993114 -1.579665
v 22.923082 63.734997 -1.607957
v 22.613369 62.674782 0.221792
v -3.822728 81.240524 10.205909
v 12.214861 52.738647 10.179915
v -18.801136 73.116226 5.497096
v 15.069814 74.342262 8.830156
v -10.532544 42.148972 10.360574
v 5.107225 77.983215 9.735273
v 7.345971 77.710274 9.766752
v 5.715134 79.818413 9.450840
v -25.364584 38.130230 -1.199144
v 13.096607 72.191086 9.579217
v -22.832825 64.272797 -3.080709
v -11.786218 56.356274 10.449739
v -18.419590 79.276978 5.927001
v 8.347544 65.017799 9.708811
v -13.262061 55.694683 10.480017
v -6.609007 62.283699 9.892122
v 19.265064 57.905788 5.590974
v -17.814255 73.398598 6.755188
v 22.680677 40.764896 4.426798
v 14.216926 58.726612 9.913646
v 17.797510 67.619476 6.418281
v 18.177582 46.307484 7.569231
v 11.905424 53.905087 9.942681
v -18.911978 86.485527 1.324538
v -13.186478 59.660446 10.257869
v 8.436052 46.731102 10.271392
v 6.169099 44.194218 10.727368
v 13.523681 47.968117 10.348268
v -6.643508 83.433685 10.349327
v 10.645243 82.642090 9.299159
v -22.350609 58.203480 0.184762
v -5.655290 73.740463 10.366939
v -20.305799 81.499641 -0.733870
v -11.057962 73.480927 10.352982
v -13.629510 75.564697 9.804741
v 4.687570 56.689754 8.663699
v -19.771446 71.821571 4.787410
v -20.530117 73.025528 2.561827
v 11.414615 80.691528 9.346805
v 13.730949 81.815506 8.763729
v 15.574958 48.530479 8.992250
v -16.589783 83.654579 7.214293
v -21.317694 59.017406 4.447720
v 11.388760 65.566162 9.675851
v 23.691977 54.216461 0.921506
v 15.259482 84.613808 7.484899
v -4.495843 63.085648 9.673388
v -23.316214 56.951668 -4.125708
v 16.207743 76.981430 8.009978
v 16.749302 75.506409 7.702818
v 16.059080 46.351028 8.613251
v 17.307196 48.056919 8.088132
v -20.084917 57.925339 6.268014
v -18.081011 56.871475 7.039023
v -19.600601 55.205051 6.866087
v -23.097506 46.633362 4.571173
v 1.636036 66.335518 9.312126
v 1.240556 64.210960 9.199855
v -22.612450 53.422413 1.505013
v -22.267258 55.290421 1.939472
v -24.824085 48.701107 -2.819656
v 24.522335 56.419827 -5.078099
v 24.091398 56.238792 -1.821041
v 16.296539 43.094921 9.759659
v -11.076085 50.541073 10.129001
v -22.098248 36.805504 6.415275
v 14.947469 80.431145 8.447611
v 11.103965 69.520317 9.636059
v -17.815817 67.314034 6.350743
v 19.687902 83.011765 1.932402
v 20.621380 44.576550 9.412013
v 19.600672 37.166889 9.156245
v 12.736323 57.131035 10.256189
v 26.772491 41.986568 -4.047140
v 15.873466 72.893623 8.362868
v -3.332191 38.970230 11.822599
v -24.538729 38.805153 2.134874
v -24.506594 37.552586 -4.828042
v 20.371338 42.992924 6.134271
v 20.016283 67.315994 4.280188
v 13.107846 50.632328 10.410989
v -5.262075 70.379768 10.123244
v 16.618956 49.654789 9.027445
v -10.109467 71.033676 10.211241
v 10.654963 67.960442 9.641373
v -21.456108 74.815681 -1.644163
v -14.466875 63.663559 9.777710
v -23.890835 57.514618 -2.728284
v -25.910255 43.695076 -3.873647
v -12.921097 45.817772 9.821712
v 2.807027 76.653236 9.771624
v -16.936218 69.402687 7.610901
v 3.766207 49.591061 10.090587
v 16.447319 62.510506 8.503415
v 13.812541 39.723511 9.358875
v 11.287558 52.195583 10.171243
v -20.713285 45.353687 7.201129
v -22.252470 49.116901 5.824868
v -23.675116 44.035915 3.915834
v -26.610344 36.360317 -4.326239
v -25.247196 46.253586 -3.896861
v -20.765718 52.645786 6.755466
v 10.057734 41.127441 10.905105
v 20.279943 81.858124 -0.612857
v -23.538998 47.863537 -5.074898
v 16.480930 49.956913 9.501779
v 9.806433 71.372963 9.785151
v 5.346779 64.422485 9.465423
v 3.886033 63.819202 9.274118
v -26.226910 40.481350 -4.381609
v -11.272449 53.416275 10.269442
v 13.674817 65.020157 9.474051
v -7.228658 77.811157 10.306465
v -3.412269 60.742382 9.458379
v 13.243573 42.075886 9.372349
v -23.622869 51.674114 -0.855963
v 26.898802 39.461052 -3.632245
v 20.209345 79.029434 2.524031
v -2.214867 53.195164 9.327190
v 3.267651 52.922901 9.375512
v -19.979895 82.939194 -0.689632
v 17.515579 73.745705 7.001371
v -17.013437 41.042122 9.431672
v 0.934244 80.373291 9.537267
v 21.035051 67.260841 2.983059
v 13.860695 61.245388 9.761634
v 14.552255 62.705826 9.475314
v 6.449964 52.040558 10.227971
v -2.623308 45.438637 10.092458
v -0.594089 47.136139 10.097872
v -23.713871 38.355190 6.772151
v -3.471003 72.593735 10.240813
v -4.665284 75.185013 10.317908
v -1.204498 67.657318 9.513784
v -23.312243 53.017544 -4.800323
v -7.864830 74.665337 10.382147
v 22.094883 66.752045 0.031593
v 6.169154 75.495728 9.946725
v 22.350382 58.317791 2.745836
v -23.641352 39.246513 6.398721
v -0.994020 65.066116 9.301269
v -21.868284 72.540993 -1.844107
v 24.121990 60.235722 -4.447019
v 1.510499 82.276588 10.702273
v 20.974838 69.774948 2.733607
v -4.042893 77.808235 10.175420
v -16.443941 46.871353 8.087355
v -23.425617 36.651463 8.555777
v -22.968075 45.236671 5.545769
v -18.281103 40.023449 8.875351
v 25.906542 36.222843 1.982578
v -1.112154 40.781361 11.471308
v 13.695523 45.798145 10.116186
v 1.839243 73.869064 10.023932
v 18.673246 61.623127 5.664445
v 10.278016 78.353188 9.687678
v -23.975824 47.435982 -0.546924
v 10.019163 51.643112 10.456915
v 22.835840 67.450645 -3.117805
v 22.300447 43.087154 8.969345
v -20.180378 38.823391 7.211971
v -22.419762 61.217434 -0.620147
v 15.536138 60.273209 9.297391
v -23.250343 48.320820 2.323911
v -13.143579 71.458038 9.863886
v -15.628630 72.899651 8.705858
v -23.374075 55.556549 -4.358299
v -18.550703 38.798157 7.068993
v 6.973993 70.027756 9.759579
v 17.197269 48.628563 8.816557
v 5.757340 73.595955 9.998302
v 3.333445 72.106621 9.870010
v 18.563347 55.648308 6.439536
v -21.004503 65.875015 2.237064
v -20.884417 64.734093 3.623843
v -23.757454 44.747982 2.371245
v 6.184346 81.701324 9.981790
v -24.500086 36.641521 3.956050
v -17.974289 43.220520 7.703349
v 14.444184 53.766739 10.028718
v -24.522270 41.129883 0.228713
v -24.277704 42.829021 0.531675
v 9.165184 60.894436 9.782536
v -17.865156 69.138657 6.315809
v 16.248905 81.125900 7.525427
v -11.126744 61.164925 10.129672
v 7.019073 66.506226 9.650096
v 21.006136 75.162827 0.833721
v 20.925035 37.021988 6.765331
v 17.346405 38.041466 8.059195
v 7.533422 67.688652 9.685504
v 14.740087 38.337826 9.767278
v -8.057950 60.058758 10.022583
v 14.053733 42.228783 8.909218
v -16.772093 52.065865 9.287005
v 14.109298 68.539940 9.171533
v 24.696215 46.521614 1.093857
v 23.888927 51.627388 1.479671
v -20.894211 76.061501 0.535393
v -21.072336 73.658768 0.521307
v 19.015226 75.624100 5.180603
v -13.868970 58.421349 10.253876
v -24.273987 38.407536 4.172052
v 0.013212 61.266769 8.925815
v 19.700714 84.161247 -0.058928
v -15.139287 85.424332 7.880524
v -10.245532 76.338692 10.417982
v 18.466034 78.243759 5.706132
v -19.859463 78.704102 3.429807
v -16.741083 55.662140 7.939874
v -21.318304 69.690895 0.432685
v 13.205347 50.024029 10.215029
v -19.650162 82.372147 2.485564
v -26.400246 39.826065 -3.204453
v 20.489822 79.811806 1.112199
v 19.968668 81.477043 2.129696
v -23.272642 38.950294 7.138876
v -29.200836 38.325947 2.566875
v 0.535649 63.198410 9.100168
v 11.670516 54.769756 10.242768
v 23.713427 59.892288 -2.230616
v 23.662472 58.740322 -1.579682
v 24.193377 57.843067 -2.679452
v 25.259403 45.549618 -1.329278
v 14.225337 56.140381 10.104274
v -25.384151 43.741726 -5.015499
v 15.760918 42.035728 8.327687
v 3.807647 69.552513 9.637698
v 2.209529 70.875488 9.715533
v -16.449308 58.065052 8.216595
v -18.477037 76.914253 6.068243
v -17.672218 74.789970 6.971019
v 21.321213 76.275398 -1.446961
v 0.631208 82.971970 11.129268
v -6.519117 81.871864 10.252343
v -18.339357 83.801575 4.874217
v 22.008335 72.402473 -2.279802
v -24.086809 52.663895 -1.688237
v -19.967695 66.339081 5.338800
v -16.820543 49.493160 7.972413
v -16.332479 44.334423 7.887614
v -22.981323 56.534855 -0.634789
v 17.099651 79.450172 7.056466
v -8.729614 72.540665 10.323640
v -14.178308 41.722027 9.846476
v -3.857012 58.419800 9.402467
v -14.726726 62.515507 9.748345
v 15.347207 57.259750 9.514407
v -20.537687 80.277077 -1.116965
v 26.907835 36.369705 -3.135011
v 27.086090 38.078175 -4.008357
v 26.297754 37.859196 -1.273212
v 8.229332 59.344398 9.656200
v -6.756784 57.918652 10.094137
v 17.310802 58.532352 7.483294
v -9.469454 37.194599 12.032373
v -20.932022 56.693748 6.026565
v 4.239449 76.430405 9.825731
v -2.641995 65.840782 9.480698
v -24.135185 55.090206 -2.641862
v -7.478117 55.577477 10.077160
v 5.678511 68.572372 9.644896
v 0.769856 69.542702 9.616837
v -26.458961 38.599625 -2.925597
v -21.203705 61.757416 3.380028
v -20.692549 60.378860 5.507665
v -20.642769 62.735775 5.079855
v -8.611128 56.448921 10.140371
v -10.227801 56.698906 10.097178
v -9.856298 54.946243 10.027527
v -15.092400 43.869324 9.572557
v -22.968880 61.856884 -3.506243
v 23.380651 42.891376 3.941006
v -8.527286 67.584862 9.977018
v -9.106892 65.656960 9.929803
v 14.415305 49.866989 9.754169
v 15.252272 54.875256 9.522096
v 25.053137 39.012608 2.744878
v 26.092033 37.917427 1.165361
v -4.057030 82.138374 10.449462
v -22.226673 65.670242 -0.934756
v 17.741308 60.929810 6.799843
v 16.578672 59.342766 8.444755
v 22.471691 66.170395 -1.227356
v -21.345577 63.207615 1.578981
v 5.750768 51.126785 10.277449
v 11.119375 50.476521 10.437725
v 18.655355 48.334644 8.431983
v -14.798692 51.240471 10.275624
v 10.696653 73.544533 9.858718
v -1.278178 70.752449 9.890961
v -14.154849 83.125076 8.940394
v 25.522585 50.796192 -3.388466
v -12.698542 47.069073 9.616161
v 12.430175 70.322891 9.546097
v 23.712015 62.385620 -4.023634
v -13.118332 77.926590 9.917838
v 27.481768 37.957447 -5.523736
v 6.181660 83.316399 10.046696
v -14.097930 47.028706 10.106990
v -13.329391 48.529884 10.332313
v -3.606609 67.969414 9.770972
v 10.005880 42.745152 10.861060
v 20.763960 63.505898 3.805205
v 22.486317 52.374718 4.034582
v 10.875411 72.199280 9.784545
v 13.657505 50.118706 10.272240
v -20.492004 54.280361 6.696500
v 3.347493 75.149391 9.992567
v 21.035578 38.831825 6.082145
v -2.252815 74.967377 10.233350
v -8.421658 50.073917 9.763796
v -16.483259 62.432640 8.093219
v 15.251220 44.370937 8.722750
v 16.930370 43.946243 8.048841
v -23.964945 45.131199 0.130642
v 12.883998 84.369881 8.477006
v -24.188488 39.968716 -4.947515
v -10.919713 38.959778 11.496645
v 4.421320 67.293701 9.522295
v -17.102312 71.294128 7.515516
v -18.396544 71.268188 5.852335
v 15.714035 37.612350 9.163093
v -6.447792 71.025925 10.206738
v 12.284526 76.479980 9.707382
v -17.363029 85.695923 5.677959
v -2.603567 49.876167 9.415935
v -6.952184 47.603718 9.455648
v -12.969196 40.700382 10.337687
v 25.556828 45.109222 -6.753271
v 20.642839 44.940739 8.916533
v -24.339472 40.634220 2.176369
v -13.285705 43.556358 9.808131
v -19.763317 76.795898 3.884529
v 17.946850 65.360153 6.205776
v -21.537308 72.434753 -0.374327
v -14.856894 75.058167 9.233746
v -16.943321 60.907848 7.361059
v -15.936809 60.140099 9.025248
v -10.273730 52.553276 10.302608
v -12.290161 75.253494 10.210087
v -22.785353 41.013199 6.161665
v 5.643590 58.214123 9.370520
v -5.503579 61.715355 9.844816
v 19.066826 79.847313 4.651550
v -24.055208 42.189400 2.834382
v -18.784477 59.568233 6.466004
v -15.765409 61.930401 9.104296
v 25.858017 41.140034 -0.348456
v 22.858788 45.199524 4.309253
v -21.547850 54.740673 5.388838
v -21.951328 53.062683 4.836092
v 12.275970 74.155388 9.765162
v -20.014269 48.449177 7.408969
v -3.637985 79.376137 10.215827
v 20.519115 53.031830 5.551784
v 20.206629 54.324146 5.536951
v 18.236910 53.704926 6.952817
v -22.030907 71.320732 -2.322174
v -21.826723 70.274261 -0.635061
v -23.744923 45.298500 -5.166699
v -18.818722 82.043770 4.697336
v -18.520733 40.752979 7.431624
v -16.365280 76.250290 8.209929
v -17.626534 81.614716 6.576233
v 25.241005 48.684669 -2.289283
v 25.840174 48.396706 -3.746513
v -15.448899 71.272766 8.843260
v -2.343521 61.781616 9.330072
v 16.229942 48.512947 9.572248
v -20.563026 75.396065 1.960400
v 12.384902 63.471416 9.720263
v 9.901497 62.320946 9.840217
v 10.681163 63.849483 9.795680
v -24.145868 41.518044 -5.113682
v -13.070748 45.011887 9.641817
v -14.521100 45.146721 9.155538
v -15.392218 43.421131 9.140441
v 2.182990 65.353661 9.241019
v 3.361130 66.055779 9.376302
v 3.572738 82.018661 10.332973
v 2.666470 68.586845 9.510933
v -24.387798 52.774944 -3.002461
v -24.393034 51.085499 -3.830214
v -12.598878 65.174339 9.889476
v 17.264832 36.175961 9.596568
v 16.761789 49.887264 8.332859
v 10.193107 77.243614 9.751944
v 3.102351 58.889347 8.569637
v 19.983019 65.101952 4.463350
v 14.665764 82.713936 8.236757
v 13.110401 82.690384 8.780916
v 17.925461 85.477135 4.567108
v -10.933897 55.786079 10.288046
v 1.125709 78.361923 9.775966
v -3.508127 59.587990 9.395787
v 27.590328 36.421558 -5.856417
v -23.548161 59.995304 -2.472928
v 18.584053 47.734287 7.450730
v -16.754932 41.840763 8.991790
v -16.302431 42.099461 9.178961
v -10.430275 66.080757 9.947573
v -21.659588 64.894356 0.029561
v -25.774832 36.048882 -5.052918
v -25.975363 38.388947 -4.912890
v -17.147335 48.916553 8.453868
v -22.565773 55.703983 0.409031
v 4.348289 83.164001 10.396049
v -16.490278 47.913795 9.277557
v -16.202076 45.116108 8.349375
v -16.598709 46.503407 8.964076
v -17.209047 50.386475 8.770494
v 25.353424 40.399334 2.161498
v -8.056682 44.294147 10.074397
v -11.199391 43.869015 9.617414
v -9.151022 45.608891 9.469768
v 1.732084 48.650486 9.959044
v 14.467333 51.441563 9.920955
v -25.797127 39.687599 -4.983234
v -25.375372 41.883068 -5.146288
v -24.040365 39.581982 6.274400
v -22.441324 51.309082 3.882653
v -22.199724 68.149010 -1.155096
v 24.923590 51.846771 -5.406942
v -6.341560 76.929085 10.295935
v -16.822121 66.447197 7.638975
v 2.717864 52.327141 9.494573
v -11.746912 72.661964 10.261247
v 19.532068 66.279488 4.825175
v 20.638916 72.065422 2.899823
v 26.398745 45.268585 -5.354154
v -5.565950 80.365364 9.826056
v -19.581333 67.635666 5.519280
v -20.801916 67.845657 2.733007
v -20.641834 68.904755 3.449225
v 13.518419 54.113468 10.348900
v -1.475401 56.660961 8.738044
v 0.432321 56.186897 8.279569
v 20.699198 76.011482 1.735430
v -20.122890 80.726860 2.016932
v -5.348874 83.537186 10.547364
v 1.957471 57.739311 8.426717
v 17.517410 63.197544 6.965731
v 18.794090 63.932308 5.409648
v 24.830099 55.495102 -3.691851
v 24.283220 54.389912 -1.589448
v 24.736082 52.945511 -2.234428
v 24.245531 59.144608 -4.821236
v -18.419243 52.798229 7.491094
v -18.193041 51.694683 7.620888
v 15.250141 50.936199 9.351205
v 8.124537 72.640114 9.885396
v 24.491629 51.997501 -1.216446
v 25.890888 42.582439 -2.003178
v 25.353863 44.255924 -0.298841
v 10.364165 49.321583 10.302250
v 9.106523 48.233517 10.200056
v 15.444271 45.346970 10.422752
v -18.157692 40.003075 9.236744
v 23.923529 53.062138 0.474040
v 15.989517 70.467667 8.383436
v 17.903988 70.070671 6.414700
v 17.306171 71.381302 7.189433
v 21.346546 47.136135 5.492668
v -6.396070 59.581749 10.032113
v 6.976317 80.748817 9.230487
v 18.467817 38.244320 9.340527
v -12.391876 48.470730 9.802525
v 13.784892 43.440250 9.857674
v -20.709553 46.542564 7.191224
v -22.602362 47.387280 5.650541
v -9.176151 69.197563 10.074578
v -23.204842 58.198078 -3.972092
v -23.102209 59.511810 -3.816567
v 21.472290 72.828926 -0.339556
v 11.075628 60.518818 9.992955
v -12.947490 68.475555 9.756912
v -14.055848 68.030876 9.522323
v -15.235319 69.934288 9.056736
v 16.462788 41.902187 9.785742
v 22.471027 69.869797 -2.916286
v -17.814569 80.034431 6.572431
v -7.245437 63.495178 9.873221
v -14.548851 44.375965 9.263533
v -12.618729 54.566242 10.523125
v 21.200506 68.350754 2.511716
v -21.833866 44.547039 6.588562
v -26.715424 36.398045 -3.062098
v 9.285664 79.983574 9.570350
v 6.992751 79.674133 9.612132
v 8.726856 81.310921 9.205522
v 9.957561 68.799545 9.680376
v -10.877674 80.647980 10.073552
v -10.294874 62.803829 10.008693
v 25.835911 43.603188 -2.355091
v 22.894243 60.178055 0.569439
v -8.184736 53.484531 10.074872
v 15.830438 78.471703 8.160570
v 24.974770 49.816250 -5.520093
v 12.662276 78.197716 9.560432
v -25.761749 36.417965 -1.497382
v -10.553915 51.531948 10.347688
v 19.226137 40.648182 9.400848
v -23.183187 51.888557 -4.957560
v 11.858768 67.484558 9.563385
v -20.713556 70.890572 2.140743
v 7.067661 54.733418 9.692191
v 14.538898 46.863853 9.888684
v -11.964466 49.791111 10.030309
v -24.799656 38.213558 6.879968
v 1.339541 43.810467 10.757554
v 14.720786 70.695007 8.920254
v -23.837685 56.677479 -2.021646
v 18.066038 49.928349 7.678328
v 20.813879 49.796818 5.826079
v 20.898144 50.787247 5.668303
v 14.093766 84.613800 8.041598
v -15.314947 43.245613 8.139423
v -19.278994 84.304688 2.279674
v -17.558731 41.023148 9.023185
v -0.414518 77.536186 9.750334
v -21.774269 43.173470 6.668326
v 26.766226 43.339321 -6.347884
v 25.488039 44.146351 -6.948618
v -26.148539 41.571587 -4.306380
v 26.503029 41.149212 -3.062628
v 20.833664 78.903458 -1.194863
v 13.217248 43.514099 9.555760
v -16.172779 78.605011 8.255910
v -12.586304 51.706558 10.481479
v -13.877263 53.658558 10.466815
v 7.581321 62.776402 9.651162
v -9.224004 40.639679 11.211770
v 11.435718 61.947254 9.899334
v 25.086788 53.797607 -4.053297
v 19.438200 49.458553 6.896225
v -4.683108 72.949608 10.309580
v -19.584274 38.056095 6.594284
v -20.687519 36.721500 6.184548
v -21.394388 37.736870 6.622992
v 16.183521 44.269131 10.304586
v -18.365723 75.673279 6.211965
v -14.546964 45.251148 9.821939
v -25.291046 42.357323 -1.894431
v -24.778082 36.474304 2.485439
v -19.907890 50.700829 7.322721
v -20.836971 51.421051 6.870370
v 18.326225 36.295685 8.579329
v -7.862505 83.759735 10.405226
v -24.740946 37.943943 1.446621
v -11.509068 70.458084 10.110977
v -11.656669 69.506371 9.998074
v -15.850544 58.815536 9.242063
v -14.904933 57.707272 10.028062
v 11.192194 75.052589 9.858394
v 9.477395 75.810265 9.861442
v 8.933400 73.780830 9.918842
v -25.343740 40.377850 -1.590279
v 16.458004 56.610497 8.451235
v -20.563398 70.329849 3.534816
v 15.340411 40.745857 9.798532
v 10.871017 81.717033 9.201637
v 20.189526 57.539623 4.956228
v 18.573534 56.743088 6.272765
v 20.126846 55.929489 5.284408
v 24.688328 53.970791 -5.536573
v 9.795206 58.653072 9.863087
v 13.486914 41.740059 9.779773
v 22.185703 68.334610 -1.217544
v 27.404367 36.333115 -7.148628
v 16.845242 69.218803 7.741273
v -17.549402 83.586067 6.162821
v -15.661907 52.401344 10.004213
v 23.829823 46.743687 3.383648
v -1.916674 76.625427 10.032779
v -3.382693 75.495468 10.248869
v 13.703866 46.836143 9.805511
v 10.812973 84.004982 8.938990
v 8.431344 83.659081 9.571330
v 24.630779 47.418186 0.548354
v 21.638273 63.332336 2.770225
v 17.465385 49.640526 8.861284
v 16.337816 50.730953 8.554146
v -22.739918 63.271278 -3.480108
v -22.919880 63.919304 -2.171856
v -23.062853 62.188942 -1.907561
v -9.247774 78.054916 10.320304
v 15.046117 44.308723 9.757470
v 7.543694 76.656517 9.835251
v 13.497055 44.900661 9.986229
v 25.418007 43.117092 0.913954
v -6.522624 78.632721 10.398913
v -7.070241 80.454590 9.912066
v -15.735873 41.881916 8.237602
v -16.153095 43.159336 8.932227
v -23.331308 61.449612 -2.748991
v 10.168997 65.784691 9.709269
v 9.600554 67.074394 9.686886
v 12.005195 66.480911 9.586839
v -21.075674 76.993690 -1.549955
v 21.759802 74.386292 -2.116208
v 10.076015 52.126595 10.250255
v 9.461051 53.423298 10.057952
v 8.361310 52.828266 9.970938
v 14.662470 50.841789 9.908680
v -6.090935 54.243572 9.674683
v 25.834776 40.786175 -6.994006
v 22.260948 55.128933 3.663795
v 23.169819 53.898094 2.670380
v -16.845875 53.591263 8.036795
v -3.639366 63.915642 9.560389
v -2.849883 77.775406 10.066507
v 23.351810 37.506168 4.415341
v 10.216151 57.661716 9.944564
v 27.230612 40.037231 -5.879601
v 17.235775 64.916824 7.299821
v -20.439022 42.339466 7.289489
v -18.129078 37.718353 10.472132
v 1.656168 80.897377 9.849663
v 14.425484 48.067474 9.935705
v -20.460903 64.953026 4.892276
v 5.608243 59.919167 9.423885
v -18.550236 86.567574 2.791741
v -20.813812 66.781296 3.099613
v 3.923492 39.798939 11.456818
v -22.042336 56.383972 2.312439
v -22.902969 49.338356 3.336552
v -23.266138 49.864098 0.558029
v -23.366720 48.528648 1.042644
v 3.211165 61.549610 8.972898
v 25.233643 52.686207 -3.332121
v 2.665379 64.382095 9.210178
v 14.303528 75.180008 9.201603
v -23.084379 51.272045 0.587594
v 21.426809 58.373203 3.906135
v -17.779247 40.524216 8.348040
v 6.223642 42.935425 10.972172
v -6.161960 67.574265 9.920952
v -7.837695 57.896061 10.134467
v -23.849857 49.500900 -0.706428
v -18.970816 85.549904 2.264343
v 25.777136 45.357754 -2.709333
v 4.423579 60.702717 9.052122
v 5.784823 62.065685 9.480069
v -16.422804 57.052738 8.389500
v 10.528201 59.518322 10.003633
v -4.854352 46.723206 9.911856
v 23.333195 57.273262 0.430194
v 21.412935 46.296909 5.404508
v 19.884434 45.911076 6.440828
v -19.116570 80.645691 4.535285
v -24.077356 53.274441 -4.052847
v 16.619936 72.291687 7.807237
v 14.644794 71.892128 9.019716
v -17.028107 61.913258 7.217352
v -24.614365 46.926109 -1.482102
v -3.819083 55.808392 9.230472
v -23.849913 41.235268 4.727672
v -24.090944 40.183643 4.314783
v 23.455780 62.534580 -2.693798
v -16.858757 52.218723 8.256201
v -21.285042 74.496117 -0.390376
v -21.682400 73.485100 -2.142902
v -11.391623 64.764328 9.968468
v -7.750567 82.132347 10.140144
v 24.376963 42.788284 3.266150
v -11.774803 82.644226 9.671350
v -13.139895 82.399757 9.433206
v 1.577438 79.105019 9.816404
v 15.502396 66.942703 8.856865
v -24.493502 43.878319 -0.894510
v -2.880874 83.398750 10.802327
v -23.775705 54.495010 -1.461577
v 22.160892 64.573914 1.173536
v 26.449730 35.953751 0.073571
v 26.783154 42.903278 -4.721294
v -3.540241 52.353584 9.319215
v 14.787085 49.719570 9.823307
v 1.651220 67.258690 9.385567
v 0.024345 68.123177 9.494263
v 0.305222 66.261757 9.281529
v 26.325123 44.003567 -3.719320
v -19.469446 40.784874 8.361398
v -16.011738 45.752464 8.024412
v 21.856905 70.527992 -0.892901
v -20.049358 70.894798 4.551389
v 0.778444 75.382454 10.012324
v -23.097942 55.128845 -0.565144
v -11.849139 48.927288 9.892889
v 24.881559 42.212189 7.243551
v 22.840118 42.224823 8.066175
v 21.373199 43.867638 9.199324
v 18.987919 71.021225 5.147876
v -3.903042 48.062584 9.793465
v 22.601986 48.149536 4.499438
v -4.023133 70.170883 10.039571
v -21.075512 63.922699 2.769830
v -11.826075 48.328644 9.911467
v -16.602213 40.775211 7.648706
v -2.627935 54.700085 9.128505
v -14.348765 43.311417 9.353368
v -19.828066 80.132126 3.183277
v 25.440395 41.688889 1.647278
v -15.467780 53.835907 10.019324
v -19.510904 75.397270 4.541056
v -22.252958 69.410912 -2.775180
v 13.909688 66.928955 9.301420
v 23.898098 61.240223 -4.657681
v 20.537382 80.744911 -1.192881
v 13.585090 49.110767 10.166311
v 4.886224 65.313248 9.453229
v -11.788939 57.440510 10.390863
v -4.167254 44.169476 10.408367
v -0.351312 45.424603 10.277332
v 13.359837 47.904106 10.196279
v -18.086973 63.710266 6.350723
v 21.690569 61.623283 2.997827
v 20.386009 61.859951 4.280900
v -16.668116 47.962933 7.873042
v -17.763365 47.639343 7.807996
v -17.841959 46.440426 7.800284
v 6.484964 63.875618 9.567647
v -7.606878 61.704807 9.959051
v -8.990468 62.338127 9.963201
v 24.723566 49.025982 -0.876200
v 20.965532 59.896469 4.063048
v 24.149754 41.654900 3.419443
v 14.755359 48.949089 9.485328
v -16.199259 41.887211 7.797533
v 25.978220 39.634876 0.784706
v -0.859431 51.356647 9.221633
v -10.614242 52.667091 10.056375
v 14.660312 50.701733 9.711002
v -9.406919 83.002426 9.780017
v -10.726938 84.446434 9.682528
v -16.139133 49.473598 9.704852
v 25.901543 39.316700 -6.822104
v -22.790184 52.133919 1.554406
v 25.893137 46.869629 -3.435280
v 25.203878 47.138813 -1.873759
v 22.378466 65.348083 -0.432865
v -15.695795 81.677780 8.275114
v -13.918781 80.795273 9.378717
v -14.625336 79.692894 9.139754
v 23.698816 56.197037 -0.520145
v -15.750888 73.901024 8.655307
v -14.238864 72.842735 9.501193
v -13.796202 74.379829 9.730412
v -20.580832 79.498550 0.954833
v -20.754261 78.985504 -1.442838
v -9.291975 70.268829 10.156037
v -19.895452 39.654423 8.190737
v 26.586128 38.623016 -2.737290
v 26.083855 40.373199 -1.611361
v 26.163830 38.860634 -1.074645
v 25.130760 46.474617 -6.388615
v -24.261234 36.531967 5.356569
v -23.776646 37.949661 5.746867
v 15.138374 47.588322 9.155581
v 16.600595 48.343651 8.445574
v -16.689074 54.110867 8.828692
v -6.027321 50.614185 9.387219
v 20.480478 78.052559 2.066519
v 8.141957 69.540527 9.748240
v -12.857288 85.053429 8.985088
v -20.691427 74.066833 1.479738
v 8.239971 79.443405 9.692276
v 24.139799 50.668690 0.873306
v -24.574430 49.066929 -4.014634
v -16.178312 45.439323 7.910866
v 17.267878 74.776535 7.239771
v -3.738867 65.336998 9.583794
v -14.630941 37.847198 11.407933
v -18.390886 65.697990 6.113050
v -17.199551 65.088181 7.012156
v -18.841730 69.583565 5.802879
v -19.887781 68.585175 5.098702
v 12.557595 71.270111 9.611593
v -9.302008 60.306309 10.002316
v -21.618515 56.744404 4.217460
v -20.937304 58.193100 5.629418
v -21.583591 58.312359 3.462021
v -4.705144 48.499805 9.593834
v 11.632237 52.567162 10.092241
v -22.076250 50.916943 5.544878
v -14.336282 60.324429 10.024569
v 12.834159 60.176270 9.983081
v 19.379009 80.774460 3.840817
v 21.917286 66.460907 1.253078
v 19.866886 83.596085 -1.084294
v 5.720590 57.252941 9.285900
v -17.715700 57.770000 7.095420
v -19.670210 58.850639 6.281134
v -20.978378 49.106983 6.967823
v 21.382914 71.427673 0.996492
v -8.332209 63.635029 9.911299
v -21.342417 75.689781 -2.059131
v -23.141350 49.947903 -5.031469
v 13.528269 73.169662 9.472054
v 17.993357 51.560123 7.451588
v -26.023584 38.534023 5.277407
v -10.857921 83.648438 9.578113
v -17.319340 35.716026 11.682835
v -20.372145 72.376984 3.661917
v -20.669956 71.859367 2.112901
v -7.256207 69.204231 10.072338
v -7.506547 70.676949 10.190822
v -5.657682 69.370888 10.047421
v -18.482847 54.844395 7.233848
v -17.188492 56.390270 7.514030
v -18.776171 55.946087 7.000836
v -21.485693 68.784538 0.158629
v -20.756876 78.310982 0.070085
v 24.769184 44.940121 2.171338
v 1.923154 83.101303 11.020675
v 13.357740 51.601719 10.443238
v 1.625112 47.901958 10.024119
v -13.632226 61.968483 10.032146
v 4.555565 73.884247 10.013495
v -20.166306 61.987064 5.661840
v -18.226177 62.511459 6.354791
v 13.330496 59.256184 10.025000
v 25.733606 37.240601 -6.585825
v -19.373014 39.811832 7.191566
v -17.706165 39.515312 7.229848
v -21.758493 62.717567 0.227571
v -22.877117 53.493519 0.254198
v -10.809896 53.973206 10.088908
v -19.026646 57.487873 6.664173
v -18.946241 86.894897 0.014822
v -7.734186 52.335793 9.959387
v -3.851949 67.097488 9.708825
v 26.051399 46.763035 -5.359065
v 24.273230 48.450710 2.100011
v 16.823244 41.514427 7.957170
v -16.023106 44.567341 9.075524
v -22.600706 63.499386 -1.284168
v -21.261562 39.169662 8.347633
v -22.998325 58.531773 -1.004199
v -22.027863 59.479294 0.553102
v -22.813807 60.349556 -1.110097
v 18.869864 44.084877 9.219647
v -19.627985 39.250896 8.527526
v 6.393854 82.486832 10.142490
v 2.066194 54.746292 8.581536
v -10.963673 78.603622 10.269263
v -11.687347 77.562729 10.285572
v 8.710922 82.727913 9.830609
v -4.044075 78.558960 10.351295
v 7.246289 83.687363 9.823668
v -0.639220 83.155563 11.151217
v -19.958630 63.196564 5.658137
v 22.358398 57.296391 2.994275
v -10.722727 68.887657 10.018330
v -19.387812 85.106529 -1.162692
v 16.543652 44.197556 9.566040
v -20.608627 77.510452 1.553826
v -9.886733 64.089394 9.958038
v -6.048250 65.095284 9.799894
v -21.840374 61.499702 0.348496
v -20.192919 41.395153 7.262123
v -15.908051 43.642498 8.479639
v 17.018721 83.979813 6.257231
v 15.111224 83.675400 7.811615
v 16.001833 82.650826 7.461112
v 6.910467 60.040791 9.532421
v -1.586096 82.145264 10.566896
v 26.577673 36.080593 -1.909603
v 21.354101 70.326027 1.646083
v -6.986397 82.714882 10.155974
v 18.126114 39.928856 7.559964
v 18.503553 38.939949 7.540663
v -8.249052 66.688560 9.927917
v 18.723183 86.141632 2.604242
v 21.314064 44.723621 5.428299
v -19.042873 61.458836 6.164808
v -21.695601 66.903297 -0.117031
v 25.371256 51.625648 -4.255857
v -19.661701 52.981522 7.174109
v -17.031702 72.896973 7.605578
v 14.816368 60.888378 9.543487
v -16.025894 80.564568 8.163117
v 15.088286 58.099590 9.608287
v 1.493681 60.973392 8.861113
v -25.233269 44.661922 -2.273562
v -25.662525 41.488010 -2.247623
v -23.552134 43.218632 4.820861
v 19.096346 46.277733 8.715630
v 19.123556 86.251701 0.253937
v -19.701511 77.784859 3.954863
v -24.479221 51.804604 -3.130590
v -24.036730 50.666454 -1.237092
v -24.597763 50.639668 -2.766855
v 18.166420 44.405277 9.219341
v -3.290583 80.718872 9.793227
v 17.109612 42.503639 10.071694
v -15.389756 60.825848 9.501158
v 6.398437 53.908798 9.242360
v -21.369987 55.960587 5.428052
v 20.826418 77.725563 0.493619
v 20.114634 82.016029 0.949022
v -9.407232 54.447113 10.158911
v -8.666240 54.462105 10.213014
v -8.976220 50.709412 10.019922
v -1.187187 79.789551 9.454811
v 16.656933 47.205154 8.388365
v -20.931116 39.341248 8.262317
v 8.822313 64.217834 9.736168
v -4.857599 63.931049 9.694754
v 24.295183 38.879917 8.048159
v 13.561071 40.368481 9.713353
v 27.071112 41.582813 -4.956264
v 18.071028 74.566063 6.413029
v -10.012422 81.926758 9.883655
v -8.601724 81.360771 9.852144
v -9.531808 80.158127 10.180659
v 11.748108 82.648376 9.011417
v 11.785573 55.853470 10.284081
v -13.369039 50.914993 10.478025
v -24.487139 42.096649 -0.147990
v 25.088541 48.251667 -5.806838
v 21.908377 42.863544 5.010595
v 21.943295 40.786728 5.063018
v 19.921263 41.080669 6.467791
v 4.936077 77.115906 9.749650
v -10.150053 67.526978 9.969798
v 24.683708 52.914700 -5.581610
v -23.926235 39.041142 -4.627610
v -8.431604 59.138504 10.019298
v 27.222086 39.987698 -4.692859
v 10.751168 44.913757 10.625471
v -16.502844 60.289288 8.140680
v -16.885929 59.567116 7.487348
v 17.545643 45.528481 9.112286
v -13.165775 69.431404 9.717813
v 6.328354 55.551525 9.520009
v 26.269560 37.370377 -0.288167
v 27.201382 36.051567 -4.167665
v -23.712030 39.272377 6.499110
v -1.917261 62.678959 9.319601
v 2.044648 51.101799 9.657340
v -13.152115 60.612160 10.198013
v -1.444093 50.621044 9.270559
v -4.487755 49.893620 9.281374
v 15.413794 46.602570 8.913544
v -13.642241 45.282032 9.525025
v -13.216636 44.472183 9.891062
v -21.633894 59.810040 1.994798
v -21.121117 60.922676 4.284235
v -21.427979 61.169052 2.316820
v -22.874926 50.273628 2.741358
v -18.550501 44.259827 7.678063
v 26.312981 42.046955 -2.892209
v -15.121034 41.316078 9.833395
v 16.164982 85.225037 6.655778
v -23.378412 41.821312 5.521320
v -24.659477 38.210106 6.644715
v 23.068056 56.465637 1.949285
v 14.256311 44.319271 9.122489
v 14.335497 43.247154 8.888842
v -23.947865 44.750214 1.009156
v -23.615423 46.762249 1.215445
v -23.550716 45.964790 2.438207
v -15.279299 42.330818 8.012324
v -4.644877 68.399895 9.902290
v -5.152291 66.691666 9.798316
v 18.220734 58.456795 6.411978
v 15.235991 76.590141 8.669934
v 14.313890 78.033897 9.035469
v -11.393816 50.529293 9.921231
v 7.866126 82.112854 9.873776
v 26.614838 40.199245 -3.023231
v 3.598950 53.890141 8.969574
v -1.097678 53.784225 9.051204
v 0.645009 53.086987 9.169524
v -0.121781 52.046604 9.265967
v -12.138179 42.136784 9.950785
v 8.822546 71.862137 9.831781
v 18.443932 69.009468 5.706779
v 0.702771 71.699013 9.860756
v -0.338567 69.878670 9.716173
v -5.948593 51.999275 9.652274
v -4.567570 53.339729 9.536967
v 5.570949 54.821724 8.852919
v 3.338528 55.929852 8.378867
v -21.657164 35.717812 10.320910
v 15.040440 78.942375 8.570374
v -25.566914 44.402184 -4.445447
v 12.273544 53.400642 10.026211
v 13.549669 52.472958 9.894661
v 13.106785 52.006332 10.030793
v 18.452902 83.242638 4.616266
v 18.701046 84.133278 3.874980
v 13.778738 45.595913 9.576550
v 23.337883 50.409363 3.350967
v 22.170626 51.097076 4.572547
v 22.058353 49.300533 4.886819
v 19.432430 77.843994 4.385331
v 18.543861 76.258606 5.791726
v 19.580662 76.289360 4.252223
v 19.878771 45.091900 6.395655
v -3.030316 82.651276 10.607203
v 21.685921 68.305382 1.331205
v 21.754522 69.279556 0.260138
v 25.823133 42.023556 -0.891111
v 11.992942 71.969536 9.732490
v -22.551506 66.159706 -1.756330
v 0.821479 72.898582 9.997790
v -11.712277 63.325062 10.015457
v 20.036797 48.639835 6.499520
v 17.867592 48.871330 7.814597
v -19.122295 39.657795 9.128255
v 25.782202 47.934868 -5.257222
v -9.004345 79.376328 10.301536
v -24.991886 38.904240 -0.748230
v 14.911104 59.507126 9.638773
v 19.080589 46.298260 9.416362
v -18.587101 72.193489 5.687443
v 19.158438 73.450356 4.936066
v 18.255135 73.091187 6.155589
v 7.715452 65.735115 9.683675
v -22.248993 69.357239 -1.760814
v 15.776376 38.577633 8.395988
v 19.179302 84.274261 2.676468
v 10.653559 56.830135 10.030342
v 11.853675 57.631676 10.230188
v -4.946394 81.725433 10.365830
v 12.187984 69.440659 9.540953
v 13.442509 57.952991 10.124122
v -12.898774 84.181999 9.160234
v 11.230576 78.900658 9.585276
v 2.812306 62.404549 9.052464
v -23.022581 53.999977 -4.760887
v -0.582226 59.578815 8.770798
v 18.904022 47.260696 8.957967
v 23.525780 55.224331 0.993415
v 1.223138 81.626686 10.364366
v -24.245647 53.962502 -3.340207
v -24.052172 55.156258 -3.628144
v 24.583523 50.950470 -1.087267
v 14.415549 81.069481 8.653037
v 12.862390 81.166695 9.137166
v 14.020363 79.806053 8.963531
v 19.561716 72.379303 4.452340
v 20.448433 70.954063 3.432072
v -22.411568 54.343346 1.857806
v -5.536897 62.599102 9.798612
v 13.454503 41.178417 9.220048
v 24.488787 55.375542 -2.435780
v -0.548685 74.752029 10.133736
v 14.688953 52.104561 9.773734
v 16.632380 80.365585 7.326401
v -17.804613 68.219536 6.356259
v -18.341393 60.765579 6.488792
v 20.712318 39.702682 9.029261
v 16.074533 39.373356 9.705374
v -12.722377 76.266258 10.091555
v 22.080172 67.627510 -0.386955
v -14.110663 43.762894 9.496850
v -26.562466 37.058228 5.755272
v 17.448898 76.212715 7.014362
v 19.938463 51.505386 6.249456
v -22.785595 64.877388 -2.153887
v 20.540016 64.356979 3.943310
v 20.786934 65.265289 3.580017
v 26.021900 35.677872 -6.933690
v -15.623980 83.320518 8.078115
v -23.739382 37.822792 6.337382
v -16.729591 86.221825 6.292602
v -24.304544 35.281338 -4.420816
v 1.883802 59.516155 8.628589
v 21.399689 54.320023 4.751352
v -16.904287 50.456070 7.999786
v -5.226886 71.310753 10.206200
v -19.914349 83.021034 0.538540
v -13.435079 46.767113 9.441730
v 18.042072 48.878162 8.807148
v -24.661444 39.001083 1.001699
v 19.784138 69.111656 4.353430
v 15.952699 74.886314 8.297933
v 21.468603 48.035149 5.400802
v 13.791042 48.475163 9.947639
v 13.457911 48.927017 10.358594
v 12.888130 83.519043 8.654871
v 0.106543 64.641449 9.203511
v -1.716101 64.381989 9.346119
v 10.154718 70.502808 9.741055
v 8.683846 70.342918 9.772890
v 15.292515 47.382812 9.509756
v 14.672688 48.747231 9.736336
v -17.712559 77.069588 6.926465
v -22.761229 61.008385 -3.805866
v -2.599893 73.740204 10.270436
v 26.333981 35.823071 1.132053
v -23.376268 44.683601 4.691257
v 6.175638 51.642525 10.262600
v 18.306265 59.528683 6.225525
v 19.581999 58.804825 5.229665
v -9.910038 58.859665 10.101272
v 12.089531 51.125370 10.233726
v 25.563189 42.340195 -7.097846
v -12.526635 49.497711 10.358197
v -12.378821 48.051987 10.189185
v -2.855001 70.980324 10.048097
v -3.323056 69.427284 9.909044
v -1.752888 69.275444 9.762992
v -0.527515 80.909935 9.994679
v 8.369889 61.364578 9.697671
v 15.724428 50.916992 9.670669
v 8.792245 60.057148 9.732861
v 13.873004 42.600407 9.840706
v 15.937022 64.385735 8.794225
v 14.818982 63.739464 9.309722
v 15.615024 62.629761 9.092490
v -14.372217 65.888611 9.612779
v 14.128812 47.468651 10.076684
v 11.831851 84.353050 8.703104
v 24.100229 45.505829 3.262412
v 22.861361 38.572056 4.607733
v 15.403049 73.574165 8.669599
v -20.498306 66.804031 4.404174
v 23.067766 59.280060 0.376488
v 25.082481 50.673466 -2.341677
v 1.310726 70.300156 9.656145
v 7.195608 64.535042 9.642313
v 18.524567 54.740444 6.605669
v 13.082711 64.226280 9.604322
v 12.743358 65.317833 9.562263
v 11.132829 64.661964 9.738505
v -13.845849 83.906303 8.882369
v -11.913446 47.165627 9.789888
v 16.699453 73.382027 7.756883
v -24.105711 43.570816 1.141153
v -23.881050 42.869823 3.559855
v 14.969051 56.343822 9.762029
v 15.847271 53.134319 8.958705
v 14.698147 41.607243 8.649789
v -24.430916 39.706665 2.235537
v -16.193213 56.788509 9.127288
v -16.596117 55.235722 8.501512
v 16.835012 54.162617 8.009603
v -13.426009 78.861954 9.766979
v -19.392342 39.693489 9.025860
v -24.382215 37.524601 4.038242
v -24.167648 42.645012 1.665070
v -8.403620 48.483727 9.434533
v 8.460793 67.150726 9.700696
v 15.965971 67.806931 8.593005
v 22.922529 58.409309 1.589503
v 22.383808 59.952606 2.223491
v -22.549955 65.129333 -3.385868
v -22.476299 66.256279 -3.248131
v 13.635648 40.256535 9.139397
v 0.560978 77.831871 9.679138
v 1.458859 76.659081 9.761512
v 2.510994 77.825447 9.620255
v -24.870911 36.063286 0.865963
v -21.016596 59.699883 5.016484
v 24.143284 39.808605 3.418320
v 24.762701 38.250565 3.045207
v 22.779108 39.676403 4.407857
v 5.219856 78.673119 9.893531
v 4.054673 78.222908 9.749930
v 3.082989 79.119728 9.772687
v 15.906734 69.587975 8.522185
v -23.943207 36.808395 -4.324933
v 18.656199 47.532784 8.626190
v -21.713409 47.201542 6.564293
v -20.573219 47.579857 7.225609
v -4.382924 40.715656 11.445293
v -17.505772 49.759407 7.806376
v 19.165144 86.263863 -0.973173
v 9.376562 57.288662 9.769005
v 7.826800 58.539383 9.591578
v 7.481589 78.479050 9.866242
v 9.113553 77.751358 9.741742
v 9.469697 79.151451 9.707441
v -19.687283 38.195213 6.884351
v 24.069414 60.071342 -3.303318
v 8.352576 68.691620 9.715172
v -21.544558 52.696732 6.149597
v -22.120544 51.987926 4.806187
v -21.424097 71.575142 0.017841
v -23.703051 43.392078 -5.112220
v 6.876835 60.942184 9.553688
v -19.420887 72.582787 5.051073
v 22.630455 63.509132 -0.403105
v -1.210800 78.341576 9.964767
v 24.747482 50.796093 -5.543114
v 25.684025 49.733864 -4.363274
v -20.280998 78.540817 2.356566
v -23.150915 47.645546 3.426003
v 17.064568 37.039455 8.653399
v -22.031937 50.025879 5.975985
v 18.570309 47.810947 8.915575
v -24.151445 39.248085 4.444525
v -9.659023 57.105156 9.987695
v -12.704900 46.720722 9.905565
v 17.490137 46.224991 9.014652
v 25.175053 36.017895 2.903542
v -15.492541 43.508442 8.999928
v -14.721358 49.393429 10.241993
v 8.838814 75.072914 9.916981
v -16.967123 54.877186 7.810226
v 21.858091 65.205116 1.862250
v -22.641031 57.351273 -0.171726
v -22.911488 42.870335 5.869129
v -1.454719 38.642124 11.885402
v -16.822874 40.580246 9.616430
v -17.982430 40.556862 9.181204
v 13.739977 55.257629 10.259921
v 19.825474 36.554379 7.544964
v 13.097698 68.428787 9.358413
v -24.072561 49.928532 -4.546594
v 6.201030 77.710732 9.754564
v -5.021575 42.701908 10.900232
v -7.968479 42.726788 10.549687
v -11.148658 40.581303 10.958714
v -4.456242 60.047707 9.688680
v -2.359016 42.994968 11.007006
v -12.895567 46.272320 10.062053
v -20.127737 82.234436 -1.425286
v 5.784872 65.804604 9.557485
v 5.865279 66.638123 9.587682
v 16.837238 65.870880 7.809041
v 17.228048 67.188210 7.266685
v 18.085831 66.278687 6.023781
v 15.310166 39.721779 8.418253
v 26.987835 37.216949 -3.590275
v -19.719666 45.985081 7.527709
v -23.487520 52.589085 -0.820372
v 22.672131 37.684029 8.589608
v 23.582981 63.248104 -4.370012
v 23.452768 64.207405 -4.123943
v 20.195181 75.272812 3.118762
v 20.972631 74.367561 1.379930
v 20.374971 73.840904 3.026268
v -18.709381 67.455643 5.954883
v -18.670767 78.453514 5.683371
v -22.289196 37.409531 5.757280
v 3.893060 80.812546 9.528044
v 22.542557 61.458637 1.392407
v 23.070065 60.634949 -0.503742
v 22.857292 61.988087 -0.418791
v 17.083696 57.334682 7.754808
v 16.115490 58.564926 8.906683
v 11.345393 54.540508 9.974953
v 10.018832 55.988079 9.840609
v 10.830784 54.396126 9.906213
v 22.288118 71.605553 -2.822299
v -26.905575 38.146427 4.816666
v -13.838161 46.048916 9.321424
v -12.209890 45.930656 9.702259
v -21.108219 75.418144 -0.110350
v -21.001825 76.771217 -0.464628
v 23.941559 54.049534 -0.262600
v 23.393566 61.763287 -2.140586
v 6.700589 49.352150 10.122848
v 11.776253 53.806232 10.238910
v 12.822009 54.702812 10.356781
v 13.097443 53.188400 10.414536
v 19.104845 45.976135 9.689041
v -21.110067 36.715435 6.351159
v -24.835075 46.027088 -4.809987
v -17.030087 75.307686 7.636549
v -19.972460 81.618523 2.092685
v -19.935431 59.734364 6.037261
v 18.368216 42.237595 7.339347
v 18.560781 44.262848 7.232545
v -13.739000 45.210651 9.377123
v 23.540545 40.941051 3.809933
v -22.001850 57.959911 1.393497
v -2.072408 60.976082 9.202724
v 19.596144 84.564041 -1.188172
v 24.317677 49.298687 1.601445
v -25.943966 40.250416 -2.460812
v -11.769126 50.701603 10.184499
v 15.868495 65.751923 8.768063
v 13.997924 65.872215 9.353682
v -18.562201 80.184265 5.620672
v 20.071329 82.676392 -1.223144
v 21.293655 77.121399 -1.826334
v -12.939814 80.323738 9.772829
v -12.513063 79.461014 9.972197
v -23.107210 38.649113 7.738062
v -22.568472 38.833107 7.494600
v -13.586308 64.124222 9.874596
v -17.951618 59.034260 6.826758
v 17.721434 84.627800 5.188635
v 23.010883 64.454277 -2.339646
v -16.897058 84.577888 6.689969
v -25.513166 37.250240 -1.279990
v -11.824477 83.469276 9.513921
v 17.764742 78.596123 6.495755
v 13.260926 49.717342 10.346692
v -17.065611 51.106197 9.048157
v -6.442003 56.505165 9.930688
v -4.680354 56.819168 9.482136
v -6.390719 55.347286 9.783054
v 21.132746 56.178780 4.584188
v 14.426643 48.955353 9.887494
v -24.829859 48.225048 -3.724707
v -20.890591 38.192070 6.500751
v 12.350497 80.177307 9.349688
v -7.211699 59.899101 10.037011
v -16.514446 42.006802 8.693389
v 11.324047 50.901569 10.409355
v 19.449036 52.621429 6.362908
v -16.055716 40.828934 9.610347
v 16.445568 49.048359 8.530100
v -22.470573 67.700554 -1.957170
v -15.314746 47.562691 9.851249
v -13.757270 67.179749 9.639400
v -12.491969 66.492081 9.841423
v -12.122615 67.863884 9.860592
v 23.637747 49.570644 3.034456
v 17.260832 44.961136 7.935143
v 16.694593 46.141506 8.320820
v 15.657891 45.302902 8.673732
v 15.903695 54.054394 8.914717
v 7.005205 70.884705 9.800960
v 17.720991 80.114990 6.340567
v 22.024734 73.245415 -2.520310
v 11.509381 58.438072 10.158277
v 10.881560 57.601692 10.101229
v -6.276410 80.906906 9.875163
v 22.413248 40.113628 8.491305
v -22.115601 39.979828 7.289517
v -18.873150 83.840202 3.742783
v -18.316351 84.692291 4.538060
v -18.778812 50.847511 7.555344
v 5.217221 52.470516 9.850313
v 19.709309 83.631821 1.003845
v -23.030024 36.336185 6.395332
v 22.677269 66.821190 -2.328005
v 5.214991 46.809814 10.139511
v -15.109149 68.089851 9.227835
v 21.586447 75.581390 -2.012144
v -10.044668 73.089081 10.368454
v -11.003671 71.969658 10.269441
v -9.189949 71.780045 10.280546
v -19.390711 85.073105 -0.010836
v -19.570402 84.318741 0.790825
v -21.125900 39.787243 7.557888
v -22.375742 67.823624 -3.064323
v 6.489402 74.426819 10.010047
v -23.368032 44.567303 -4.993225
v -24.616915 37.570778 7.167276
v -11.064203 75.798882 10.381512
v -11.711847 74.398979 10.333841
v -10.343520 74.035065 10.409763
v 3.294029 59.722458 8.674515
v 24.267452 36.479210 3.532488
v 19.200588 59.945667 5.381156
v -14.039536 82.255936 9.151065
v -19.374159 78.678719 4.516622
v -21.709101 38.792370 6.788892
v 16.449343 50.441296 9.207555
v -18.429520 40.389809 8.853914
v -12.113642 55.455845 10.492870
v -20.243992 55.865086 6.526526
v -22.415438 48.250847 5.766191
v 20.348097 72.797173 3.301603
v -23.662935 46.639439 0.467386
v 23.275076 65.507942 -4.192305
v 17.950676 36.029888 9.187915
v -6.761424 37.418861 12.138027
v -14.277678 43.326279 9.815141
v 22.897997 46.630608 4.264513
v 26.903730 41.911667 -6.401243
v 26.722363 40.933979 -6.991763
v -17.326006 41.194843 9.072498
v -15.804773 42.124802 9.484252
v -14.699304 81.512924 8.900594
v 3.259588 57.208530 8.399757
v -19.334986 82.178741 3.606040
v 0.203490 49.827263 9.739860
v -16.067286 84.276077 7.515569
v -15.917048 85.988083 7.180082
v -7.110719 67.940567 9.976311
v -17.664431 86.453606 4.864626
v 10.106857 60.471321 9.921015
v -19.807341 70.084778 5.024752
v 24.503469 57.694698 -3.707557
v 24.623358 48.387283 -0.187112
v 21.087841 76.930733 -0.753723
v -19.487196 73.636101 4.831728
v -0.448812 79.413757 9.724168
v 19.455620 70.433243 4.649787
v 16.554232 71.451530 7.917032
v 1.524672 79.934975 9.184543
v -17.139627 51.859741 7.850923
v 25.191595 49.762875 -2.374227
v 13.612988 62.083172 9.731699
v -26.290285 35.962700 -2.191731
v -20.268909 61.113148 5.705769
v -16.280384 69.553688 8.425083
v -15.125682 69.079201 9.148039
v -16.652758 68.590500 7.979084
v -14.820410 42.349289 9.797806
v -13.699369 42.759674 9.799878
v 21.464184 74.198212 -1.069433
v 14.935586 55.456932 9.763536
v 17.590069 52.996029 7.469032
v 13.433968 56.534382 10.231571
v -6.373939 72.951591 10.332207
v -8.232775 73.763542 10.369334
v -6.932348 74.289597 10.373311
v -18.939493 86.860237 -1.142914
v -17.129841 67.254364 7.195748
v 16.860758 40.418972 7.948722
v -16.858686 47.593048 8.278934
v -21.038374 39.802689 6.945109
v -15.646427 43.738708 7.982853
v 20.201237 80.688095 1.859493
v 19.836437 79.436745 3.414361
v -4.505163 72.012276 10.230958
v -23.040228 48.659809 -5.034159
v -24.176928 48.252686 -4.668220
v 17.478201 46.706131 10.032708
v -14.596932 56.829990 10.191802
v 23.557423 36.963047 4.079934
v -0.754965 63.107655 9.187543
v -10.859876 49.048553 10.084902
v 5.220072 83.600594 10.349065
v -7.747527 40.158375 11.411999
v -20.721649 73.228203 1.410315
v 4.685612 69.049149 9.634231
v 6.351362 69.335747 9.709894
v 3.475116 67.736961 9.491586
v 5.060560 67.916618 9.583413
v 6.619293 68.113953 9.667606
v 17.044134 76.895935 7.357247
v 22.640379 60.585117 1.446789
v 19.606155 46.083366 8.825737
v -24.108280 38.746307 6.134779
v -25.891850 38.555889 -2.040612
v 24.201952 57.108185 -5.760993
v 8.538224 63.049225 9.724006
v -17.372469 64.132248 6.827092
v -12.149072 80.966515 9.915601
v 13.467980 50.808933 10.048442
v -23.754332 40.740627 -4.740683
v 18.694418 47.053833 7.338729
v -16.172510 64.051041 8.536152
v -12.920642 57.834377 10.394532
v -11.239500 58.261322 10.306194
v -11.485847 59.155216 10.272352
v -15.993887 82.566528 7.921963
v -17.975653 39.544250 7.442207
v -0.947684 76.804718 9.908603
v -15.851264 43.673695 9.149428
v 21.834391 64.131096 2.196405
v 24.338865 43.601662 3.244454
v 22.330513 44.738075 4.688564
v -15.024752 58.562347 9.905932
v -18.389233 70.424675 5.886907
v -16.361851 71.243797 8.338571
v -17.731905 71.226189 6.676542
v -17.069530 70.452484 7.501667
v -25.811735 41.161335 -4.872970
v 24.171255 52.376293 -0.264117
v 18.786304 79.039230 5.191481
v 15.979508 44.146175 8.448920
v 18.572208 50.938549 7.256041
v 21.056072 44.974857 9.010988
v 22.773262 44.286907 8.471090
v 21.547588 42.747898 8.542396
v -29.298599 37.939854 2.526443
v 10.221434 63.104267 9.820457
v 20.619434 67.871880 3.522924
v 14.280591 38.951836 9.542495
v 15.137286 37.927246 9.506828
v 14.927277 38.517723 8.917861
v 17.149408 60.505524 7.648460
v 17.132116 61.404919 7.618549
v 15.782838 61.131268 9.102783
v -24.461226 38.300625 3.163278
v 18.750576 37.527203 7.758682
v -4.625635 73.980972 10.358356
v 16.286682 36.998428 9.401664
v 20.775042 79.006004 -0.084703
v 26.065708 38.751572 0.879963
v 26.630322 37.427174 -7.255903
v 2.645138 72.881104 9.948987
v 4.136092 72.924034 9.954931
v 21.217968 74.711533 -0.118497
v 21.203228 75.745201 -0.615260
v -25.333534 37.911758 -5.126064
v -23.704067 58.138775 -2.165662
v 16.515667 60.161766 8.526943
v 26.073215 37.118763 1.508225
v -6.798133 65.652298 9.853442
v -15.305822 78.774773 8.826063
v 22.865395 68.186211 -3.688468
v 17.696272 82.815819 5.799515
v 17.037498 81.539680 6.812371
v 18.093664 48.567471 8.548177
v 20.693308 79.708954 -1.492516
v -7.323690 79.084641 10.373740
v -23.720934 58.006893 -3.363302
v 15.591843 43.279110 9.811754
v 16.146259 45.696999 9.439241
v 25.969946 44.621941 -2.969714
v 25.310947 44.841164 -0.861233
v -17.625023 41.877689 8.875742
v 24.992779 43.220264 7.789134
v 5.261322 81.358345 9.832334
v -22.297134 60.420105 -0.258862
v -26.303432 38.901249 4.765070
v 24.543625 57.110584 -4.461401
v -22.049734 45.450684 6.381382
v 2.097755 67.940010 9.448380
v 19.305378 67.635941 4.919395
v 18.528910 67.733551 5.578425
v -23.892956 38.150375 -4.479856
v -21.633562 36.920818 5.636446
v 9.349716 65.259232 9.734725
v -19.260670 65.897270 5.812534
v 21.688175 60.258488 3.240234
v -16.880417 78.245064 7.673334
v -15.790024 77.046478 8.604342
v 20.884874 37.846172 6.448172
v 22.147974 36.882118 5.861187
v 18.468000 64.644379 5.694405
v 19.346375 64.591499 4.956267
v 18.762894 66.046974 5.395338
v 13.436713 75.368675 9.481779
v 22.682116 69.206024 -3.427053
v 10.963387 68.732994 9.627499
v -23.710039 42.283733 -4.998595
v -25.312834 42.716282 -5.162459
v 4.881895 70.495010 9.739485
v -16.273113 66.017090 8.425210
v 14.735268 40.399956 8.600962
v -15.970382 67.906403 8.722679
v -8.240713 77.897606 10.316421
v -13.564557 35.870041 12.124457
v -4.503527 80.914413 9.868096
v -21.900412 72.160202 -2.720655
v -4.106675 76.092896 10.243538
v -24.827526 37.543785 0.649185
v -24.941816 37.721283 -0.321074
v 13.994574 51.412449 10.168030
v 13.822143 52.054062 10.352015
v 13.587070 50.145802 10.407367
v -20.806479 63.406860 4.354892
v -20.941051 62.263390 4.291432
v -21.279268 62.504837 2.448833
v 23.422424 47.492989 3.763242
v -14.357548 77.811440 9.411287
v -14.260169 76.374924 9.517371
v 15.892081 57.034653 9.061167
v -22.539164 37.382217 6.539063
v 24.869499 45.746529 1.165468
v -21.903118 54.894051 3.931291
v -21.782639 53.893726 5.026772
v -22.261410 53.298691 3.290758
v -13.217874 46.687561 9.599789
v 22.487074 70.663979 -3.152544
v -6.509486 45.611969 9.957362
v -5.632976 44.822891 10.136066
v -7.970122 46.556221 9.468431
v -7.536539 45.956814 9.728942
v 14.099583 45.303406 10.005216
v -8.099754 55.927948 10.176888
v -9.264132 55.565514 10.073822
v -20.248259 76.575317 2.978032
v 0.179369 55.495735 8.543149
v -16.520197 45.090824 8.638800
v -23.522732 59.740223 -3.203059
v -16.999172 50.819847 8.463725
v 5.492687 76.302711 9.861955
v -24.510378 45.713696 -1.226076
v -18.702047 40.543636 8.559304
v 25.584875 43.890263 -1.333946
v 16.395775 42.979790 8.168699
v 9.054308 59.009441 9.755898
v -16.449198 81.360435 7.762172
v -8.810145 68.355743 10.022882
v 19.209171 36.235126 8.061367
v 10.816708 55.306599 9.966990
v -23.839626 35.949150 -4.091329
v 25.654699 36.273811 -6.378080
v 24.534304 46.678883 2.150346
v 26.224005 45.279499 -6.313489
v -13.003858 45.133587 9.860368
v -5.709037 64.340431 9.772053
v 4.537426 63.063145 9.310801
v 15.030585 68.803223 8.888501
v 23.714560 38.142445 3.810935
v -23.464697 47.633362 1.517931
v 24.404711 54.892338 -5.818904
v 2.653479 74.469971 10.023782
v 17.986996 62.599194 6.367525
v 18.211187 63.446320 6.014031
v 19.253040 63.345726 5.092392
v 16.289114 76.148689 8.003960
v -22.815268 51.104584 -5.006167
v -18.878012 75.371124 5.425736
v -19.277794 77.042023 4.807683
v -9.339865 61.160919 10.007277
v -14.546459 55.702847 10.260339
v 8.862732 41.708733 11.090340
v -10.097301 53.315010 10.187535
v 25.705997 38.387028 1.916861
v 25.207720 39.735390 2.482058
v 21.704058 72.634750 -1.332150
v -9.285764 43.116554 10.199025
v -9.484356 44.059074 9.751816
v -12.288745 42.963211 9.681198
v 21.038328 78.214500 -1.653575
v -4.081269 77.000458 10.198323
v -25.274687 36.071392 -0.648644
v 16.148359 51.556084 8.686269
v 16.571533 52.335052 8.323492
v 21.947214 71.538391 -1.792731
v 14.291385 73.786758 9.225109
v -8.741474 83.609077 10.127154
v -23.853720 57.012600 -3.446284
v -23.084620 50.602463 1.054865
v -15.493831 72.083832 8.801852
v -17.223579 72.128532 7.415777
v -17.003235 82.972565 6.955649
v -6.013613 76.082039 10.319860
v -15.527996 41.769012 9.433193
v -19.730785 83.732681 -1.271186
v -16.867414 49.220703 8.200347
v -22.825844 54.991596 -4.678888
v -23.117496 46.417671 -4.935296
v 18.141068 81.384399 5.639473
v 3.853624 55.261116 8.531981
v 3.385808 53.404671 9.197876
v 5.477015 53.012653 9.604445
v -18.811779 48.367718 7.634485
v 0.434260 78.818840 9.935482
v 0.036513 80.003738 9.282363
v -16.846479 40.659710 8.084758
v -9.568913 74.621544 10.392516
v 25.537922 40.027836 -6.505019
v 14.668756 47.438152 10.044477
v 17.432800 47.173687 9.808524
v 11.453683 47.001213 10.156281
v -24.455824 40.804626 1.165873
v -13.902474 85.579605 8.497339
v 18.807621 81.708244 4.581914
v 19.062653 82.518913 3.903342
v 26.522985 35.764896 -0.941019
v -23.187634 38.906792 6.134336
v -16.220345 55.776516 9.301694
v -22.960451 47.342201 -4.872982
v 25.546322 41.538116 -6.897362
v 16.067427 55.782578 8.809635
v -2.693941 79.266258 10.138158
v -3.277549 79.985336 9.648612
v -1.654001 80.367233 9.567153
v 19.387758 43.425377 6.750761
v -16.642082 56.472321 7.988660
v 4.181076 71.535469 9.819203
v 2.928144 70.267838 9.671033
v 4.372739 61.501060 9.136441
v -8.299046 65.223763 9.901973
v 8.167467 74.429497 9.955516
v 0.228178 81.660736 10.433420
v -24.547461 46.837322 -4.781465
v 9.928307 84.126137 9.100720
v 9.744923 82.643585 9.632485
v 1.923660 80.417435 9.506232
v -21.215752 39.254917 8.111073
v 18.738268 74.822708 5.583240
v 2.970101 83.383148 10.887213
v 2.628380 82.129089 10.519763
v -20.243231 74.925293 3.414995
v -20.368542 73.583382 3.309348
v -20.904758 71.653229 1.097947
v -20.949780 70.144028 1.187829
v -7.336375 76.992065 10.315049
v -18.905245 64.626915 6.006251
v -19.970367 64.419418 5.531367
v 10.077516 49.907391 10.352180
v 8.221824 50.692043 10.355108
v 4.918677 50.558983 10.191588
v -2.836091 47.048161 10.021605
v 16.751644 83.165894 6.721928
v 16.349054 61.721645 8.646360
v -9.280090 58.326797 9.973023
v -4.687953 65.614517 9.692349
v -18.597349 85.559944 3.388301
v -6.162733 83.933403 10.565064
v 8.401125 47.517399 10.214414
v -18.110010 86.773979 3.770756
v 18.856960 77.627983 5.303986
v -8.855240 49.221077 9.642789
v -10.905457 54.615952 10.239801
v 12.801605 73.534218 9.682749
v 6.603068 62.550179 9.566506
v 16.161734 81.903938 7.481117
v 15.538329 44.017349 9.729463
v 14.776031 42.491653 9.906746
v 24.374372 55.813644 -5.759804
v 5.059609 63.705975 9.409586
v -10.965899 76.951485 10.358762
v 26.562387 44.504417 -5.579970
v 16.868626 63.127754 7.893368
v -19.473759 83.171387 2.592141
v 3.884102 66.674370 9.452762
v -19.541264 69.271347 5.362754
v 22.149679 69.981522 -1.878982
v -2.147707 78.222710 10.058133
v -13.526403 70.802109 9.656941
v -23.341770 46.255417 3.536021
v -15.061847 50.370869 10.195672
v -18.060129 53.627048 7.496001
v 21.538448 66.750717 2.203132
v -15.674938 84.917969 7.654972
v 22.649433 43.892529 4.455307
v -6.098021 66.821419 9.866264
v 16.378477 84.469025 6.736579
v -6.398093 60.433891 10.000498
v -18.268564 81.869080 5.643193
v -18.697899 82.836395 4.699097
v -17.769840 80.835815 6.538102
v -17.061747 79.821503 7.380413
v 24.498510 50.244801 -0.498797
v 8.450714 76.122765 9.863976
v 6.853926 76.093781 9.883952
v -16.304287 42.442081 8.975950
v -0.673861 66.930428 9.373658
v -0.103496 75.822311 9.984772
v -7.450772 48.263123 9.408620
v 25.078091 44.864330 1.024999
v 14.567335 45.751343 9.218839
v -24.003622 55.873402 -2.287052
v -11.156181 79.446251 10.183499
v 24.788647 43.838985 2.430825
v 26.490379 36.920456 -1.864289
v 25.020845 45.842392 -0.296740
v 24.802488 47.379391 -0.527037
v 25.184992 46.410652 -1.547802
v -7.165373 66.374504 9.888462
v -14.389124 46.042702 9.940175
v 20.454054 81.080276 -0.261109
v 16.863390 49.496243 9.318919
v -11.826526 61.774334 10.104729
v -10.071474 55.592693 10.015431
v 17.064423 50.641884 8.095116
v 16.165831 77.784271 7.976132
v -17.465946 41.057335 8.662802
v 17.824173 47.756195 7.829488
v 13.554591 47.523540 9.981205
v 13.301439 46.244240 9.988933
v 13.631911 46.568180 10.206875
v 19.942011 68.096848 4.281969
v 11.678655 75.776215 9.795761
v -23.852819 48.291374 -0.500256
v 19.010309 71.833946 5.125940
v -10.177445 75.315994 10.433989
v 14.849218 51.529984 9.709402
v 17.500866 77.790855 6.840903
v -5.162725 58.159637 9.759420
v 14.108975 39.134377 9.110434
v -25.048727 39.953865 -5.184054
v -9.223405 76.316483 10.388495
v 13.652301 62.841152 9.670180
v -16.809793 63.149380 7.606359
v 5.150797 41.856236 11.225792
v -1.276654 72.713676 10.109357
v -0.396955 73.316078 10.094348
v 24.968954 54.644314 -3.858861
v -18.699503 63.187244 6.159943
v -13.801045 47.821571 10.239781
v -21.491087 50.993664 6.487153
v 19.140486 62.290150 5.247023
v 26.112606 45.595615 -3.645422
v -18.756351 40.139305 8.388201
v 24.395983 58.579082 -4.084157
v -10.924870 60.360840 10.168029
v -10.234694 61.145031 10.079582
v -9.735637 59.666653 10.075120
v 11.125111 46.368313 10.305613
v 13.880754 46.285599 10.339423
v -22.098917 70.628479 -2.786094
v 13.010305 50.106842 10.162908
v -9.284687 53.021374 10.229547
v -23.443180 39.641804 5.814211
v -25.096184 35.519421 -4.893472
v 21.252922 39.777824 5.719779
v -10.627931 61.881123 10.065879
v -12.669517 77.085022 10.077081
v -1.223470 61.624966 9.086588
v 17.141157 68.533875 7.378619
v -20.961681 69.363472 1.242420
v -22.882210 38.832863 7.592927
v 1.457755 62.680443 9.092656
v 9.882166 81.729668 9.205762
v 8.170513 55.994892 9.664350
v -15.091560 42.240887 9.514046
v 21.131681 73.251274 1.220446
v -22.901320 40.269043 6.150823
v 17.429276 49.879101 7.960231
v 19.603909 43.649445 9.163718
v -15.747986 42.746574 9.182384
v 3.468995 63.166302 9.189745
v 21.131939 71.856346 1.821063
v 21.471079 72.105255 0.090516
v 21.565687 69.867607 0.886737
v -23.918121 51.514179 -4.468923
v 21.604084 52.784389 4.827161
v 1.241464 54.222530 8.811380
v -12.492602 73.380714 10.134895
v 22.203247 69.065201 -1.652784
v 22.470058 68.029510 -2.075256
v -15.586367 75.636528 8.774261
v -16.445627 74.453606 8.127333
v -16.041130 51.604462 9.846763
v 9.922582 48.822182 10.234566
v 14.152259 54.029514 10.196428
v -22.263405 68.596672 -3.131081
v 26.747681 39.296928 -7.111398
v 18.162256 41.315502 9.608434
v 25.394684 51.652710 -3.355376
v -4.988397 79.851906 10.108023
v -24.341873 43.364605 -0.200613
v -24.756323 42.085056 -1.046647
v -24.941938 43.385693 -1.549083
v 9.697783 55.489956 9.801381
v 4.793248 48.076141 10.050166
v 17.800516 40.177631 9.565827
v 17.397251 41.877026 9.698718
v 12.535242 53.252350 9.931689
v 11.620919 63.845688 9.752122
v 20.392525 56.759201 4.947796
v -15.379358 74.538872 8.908658
v -12.255062 71.047951 10.037808
v 11.503411 79.706749 9.490517
v 23.637623 52.142632 2.305630
v 23.867672 51.007099 2.165770
v -21.274298 66.647369 0.676562
v -21.340027 65.336433 0.828785
v 9.593391 61.581497 9.828448
v 18.280151 86.088287 3.633870
v -19.227032 81.419586 4.139848
v 21.669340 71.156860 -0.358647
v -1.345495 48.659428 9.829500
v -20.433893 53.449047 6.831737
v 4.535920 81.904083 10.222407
v 3.279657 81.461418 10.085833
v 12.245640 52.894508 10.328559
v -21.144018 54.557903 6.261972
v -9.574030 84.445702 9.993327
v 27.528257 37.156948 -5.553984
v 13.916656 50.140995 10.059016
v -4.805768 61.304291 9.810506
v -9.039289 56.872250 9.999289
v 17.138332 55.110806 7.691006
v 13.224824 41.737831 9.580727
v 22.754921 65.801918 -2.096462
v 23.170965 66.259315 -4.044788
v 26.483126 42.451611 -7.040563
v -24.332314 52.149265 -2.335323
v -0.284189 65.688087 9.256091
v -2.054135 66.478340 9.469382
v -14.625176 64.499161 9.655465
v -21.369293 73.150574 -0.087857
v 23.149939 63.056175 -2.026864
v -20.131714 67.287636 4.992630
v -3.610615 62.746368 9.559711
v -1.695119 63.677929 9.331315
v -9.636506 77.326645 10.341528
v -4.710323 62.325645 9.733195
v 23.992065 52.191978 0.708475
v -26.192200 41.915436 -3.579513
v 20.254988 79.841988 2.165233
v -2.494513 72.762581 10.199480
v -10.381131 54.444252 10.034904
v -25.229418 46.592777 -2.839856
v -25.094463 47.153492 -3.579125
v 20.522383 80.384163 0.319618
v -11.269077 45.259785 9.608947
v 4.304049 82.508347 10.347157
v -2.261881 59.354683 9.087366
v 15.070997 46.535004 9.658132
v 14.127460 46.258732 10.072339
v 14.612417 45.105751 9.841255
v 10.978456 83.273262 9.350086
v 20.379425 77.289719 2.541655
v 16.831181 85.708229 5.884866
v -24.202652 41.472820 2.538613
v -24.237371 40.336002 3.219080
v -23.950331 41.740746 3.927096
v -25.966747 38.086334 5.959086
v -20.792229 68.948845 2.260749
v -20.210236 65.632904 5.165324
v 14.800158 85.144173 7.577764
v -17.473763 82.407745 6.553227
v -3.697821 68.726501 9.863544
v -8.410295 61.864819 9.939409
v -7.865751 60.861038 9.996313
v -21.579962 59.126328 2.970124
v -15.910831 65.337616 8.842560
v 10.200445 80.277229 9.485604
v 8.339272 81.740852 9.548697
v 7.847292 81.055527 9.207933
v 6.590389 81.210602 9.508865
v 18.932508 54.206154 6.413341
v -22.970816 63.021530 -1.931455
v 13.772749 71.836662 9.342425
v -24.868395 36.087036 1.746336
v -3.921387 64.606895 9.593159
v -6.427564 58.763111 10.050113
v -1.312995 69.952202 9.806642
v -20.552233 37.022736 9.866456
v 25.397882 43.672058 0.252327
v -12.367016 72.262138 10.103497
v -13.859634 73.448936 9.680793
v 18.013687 61.635490 6.391457
v 24.100760 55.366558 -1.482493
v 19.333933 55.822613 5.852331
v 20.142035 55.140537 5.417923
v 19.726036 82.211723 2.466188
v 0.375686 61.987217 8.982187
v -22.028606 70.871506 -1.587331
v -23.084084 59.605049 -1.404174
v 14.707193 54.621948 9.893658
v 0.365135 68.856720 9.565917
v 1.800945 68.998199 9.539613
v -1.970985 83.465614 11.038054
v -14.855117 65.278351 9.509968
v -16.978189 52.321575 8.776469
v -20.314268 81.261543 -1.673321
v 13.254728 76.562119 9.493315
v 14.157535 77.019775 9.185028
v -14.550690 84.500771 8.460527
v -24.724632 40.680557 -0.550434
v -23.497725 48.202766 0.377159
v 2.536700 47.049038 10.091794
v 9.837152 76.544823 9.816413
v 11.108733 76.858162 9.774665
v 23.673904 44.399078 3.731910
v 22.621151 61.983994 0.673043
v -2.853590 81.274986 10.301446
v 17.686293 81.926170 6.018707
v 18.631868 57.897320 6.087162
v -21.506952 70.798119 -0.057191
v -16.106739 48.564621 9.628570
v -22.677717 61.853703 -1.165953
v -18.786148 40.190865 8.882580
v 19.879925 74.120476 3.832563
v 19.204124 74.245743 4.853622
v -17.019842 49.985348 9.164907
v -23.920532 44.083340 1.882156
v 14.838404 79.658066 8.596362
v -7.918902 80.789192 9.868678
v 20.548346 62.727123 4.060165
v 19.204220 84.992958 1.940849
v 19.331371 85.168297 0.831758
v 24.751844 49.013569 -5.688241
v -10.253674 38.152855 11.717227
v -25.256536 36.664841 -5.052405
v -3.213598 66.517052 9.593487
v -20.221830 39.237183 7.763721
v 19.677763 47.416111 6.703552
v -12.265408 62.486530 10.065572
v -2.637648 67.836235 9.663993
v -1.376854 68.538139 9.639640
v 3.502827 79.747780 9.247749
v -0.199043 58.352551 8.500263
v -1.588240 57.963406 8.777260
v 24.282347 56.962677 -2.566331
v 17.381666 69.623093 7.067269
v 17.615358 70.762215 6.814904
v 17.877460 71.819435 6.543877
v -0.925608 82.509598 10.783255
v -16.490793 45.711491 8.888676
v -15.470270 45.836628 9.531069
v -14.820167 44.625080 9.682983
v 23.325403 58.865086 -0.544384
v 13.837923 45.705334 10.458531
v 19.131102 69.317513 5.019191
v -17.254740 41.331978 7.652270
v -22.737469 58.851833 -4.091002
v -15.683993 55.204166 9.782329
v -4.771377 78.168770 10.296416
v -16.765097 40.263996 7.530725
v 21.020061 72.601822 1.937229
v -13.186416 52.911770 10.519627
v -12.071925 52.453403 10.445652
v -11.914323 54.071911 10.462792
v -24.722183 49.498753 -2.577415
v 19.442106 82.811218 2.925403
v 14.458690 61.883057 9.568873
v -10.931404 82.136345 9.860607
v -10.575024 81.377129 9.990669
v -16.999437 41.511536 9.086182
v -14.344624 41.847931 9.865261
v 18.875210 44.971718 9.856401
v 24.972828 42.271416 2.478164
v -12.432396 81.740623 9.752376
v -4.882514 82.909843 10.518530
v -4.519972 83.753311 10.544533
v 17.877687 55.343590 6.991700
v -21.682053 41.388584 6.718252
v -19.033794 42.653572 7.533218
v 26.765520 35.939121 -7.333186
v -23.788343 45.865623 0.396656
v 23.888891 59.805000 -5.218773
v -15.525284 57.149220 9.681572
v -8.286590 71.707924 10.268819
v 0.902330 67.760338 9.420439
v -14.776968 43.035809 9.725395
v -24.645655 47.697895 -1.661753
v -7.502897 79.797554 10.334014
v -23.245813 54.324890 -0.695760
v 19.262884 36.301506 9.325850
v 0.899992 39.767849 11.583117
v -11.037918 67.852898 9.956568
v 11.394196 53.749424 9.958567
v -22.744253 55.980305 -4.525595
v -5.943002 43.079117 10.679609
v -13.982027 43.984573 9.483994
v -24.123575 38.177891 5.026425
v -24.628345 40.170040 0.220595
v 18.439119 70.556282 5.791186
v -10.453853 41.554802 10.641090
v -9.937546 44.772068 9.538952
v -19.172197 71.357414 5.403494
v -16.092884 41.210751 8.081978
v -11.728950 85.000954 9.293007
v 22.199472 66.003319 -0.018990
v 5.610590 59.112202 9.445103
v 4.413181 58.685276 8.661452
v 17.456871 47.419853 8.817429
v 22.736891 54.524647 3.170538
v 9.050602 80.659004 9.355807
v 7.799928 71.854362 9.848116
v -0.075353 56.831528 8.324448
v -18.438829 50.094151 7.648259
v -20.364954 49.752525 7.217993
v -18.627548 49.181709 7.634043
v -3.309910 71.727654 10.153483
v 15.699061 50.388542 9.369331
v 18.139946 68.286682 6.017033
v -24.213991 44.486141 -0.359559
v -5.402988 77.261230 10.258181
v 3.317249 80.359756 9.282279
v 8.492342 57.618710 9.665198
v 25.026901 53.442307 -3.028914
v -8.893858 80.689018 10.003037
v 24.053328 58.682796 -2.583660
v -17.929394 85.375313 4.977052
v -18.571625 77.681595 5.905092
v 17.452927 85.899910 5.111751
v -17.250126 49.624481 8.629545
v -17.224297 48.451527 8.776181
v -17.084860 46.956829 8.441648
v 19.823298 78.424469 3.620542
v 19.683376 77.105751 4.041791
v 22.413679 63.719513 0.474630
v -4.456731 39.679169 11.667363
v -6.696509 38.386795 11.864050
v -1.646859 65.614540 9.373133
v 25.327753 36.888733 2.659950
v -21.104868 77.585693 -2.110399
v -15.888849 41.061565 9.747572
v -3.480932 56.493275 9.157112
v -7.904333 51.511253 9.930049
v -10.931241 50.382824 10.361787
v -9.472751 51.792168 10.257442
v 9.596520 57.946419 9.826977
v 25.056906 43.592667 -6.780738
v 19.491598 83.710098 2.191523
v 24.997929 39.850407 7.540755
v 23.670340 60.697266 -2.482332
v -17.017984 76.766098 7.627079
v -23.725409 47.122307 -5.129077
v -25.422024 45.427223 -4.102743
v -25.443748 45.709427 -3.113730
v 17.447378 53.728867 7.480055
v -0.893955 46.407986 10.087738
v 19.381227 41.926014 6.733167
v -16.190201 58.328781 8.777916
v -14.997765 66.514526 9.359127
v -25.626757 44.227962 -3.000548
v -16.065580 40.710922 7.775138
v -17.658138 40.081829 7.925360
v -23.994394 39.724087 4.975265
v -24.903496 44.195469 -1.647562
v 9.267677 62.747845 9.790855
v -22.531313 66.967125 -1.880981
v 21.126034 59.051704 4.065453
v 22.382475 59.152256 2.463875
v 15.833779 80.375977 7.950967
v 23.130939 53.011559 2.998480
v -15.366190 42.614738 9.135134
v 7.274416 74.869400 9.978653
v 26.174019 43.765694 -6.989237
v 5.221000 80.431572 9.198543
v 4.713494 79.635284 9.439939
v 4.817361 80.931282 9.516093
v 19.802818 39.059475 6.833540
v -9.988191 78.554680 10.292371
v -19.165976 85.963997 0.592466
v -13.455571 72.255707 9.793859
v -19.851740 82.739632 1.532255
v 16.169292 46.315823 9.319703
v -21.940788 66.260414 -0.476975
v -18.102314 74.206810 6.463843
v -17.428989 73.971176 7.201282
v -18.533283 73.765488 5.844869
v -15.580038 38.908070 10.499628
v -15.094808 39.814770 10.441932
v 24.117414 58.536015 -5.454401
v -16.837234 42.596191 7.795178
v 7.732998 46.011261 10.401389
v 4.695093 46.037205 10.278511
v 13.111536 79.747337 9.264771
v 13.129642 78.936188 9.349740
v -20.189457 81.307358 1.236831
v -20.316244 81.460144 0.242096
v -20.155851 82.199432 -0.202423
v 0.276410 80.688583 9.797146
v -8.636046 84.229729 10.236100
v 17.579916 56.780552 7.196694
v 17.249210 48.656265 9.180394
v -11.942197 67.013062 9.877512
v 20.423529 69.443954 3.669193
v -21.479795 38.627846 7.182730
v 13.540714 48.813007 10.328095
v 13.743576 47.571453 10.300816
v 25.438343 45.809525 -6.593564
v -22.072378 62.095718 -0.199560
v 23.559587 45.249359 3.784286
v -22.078146 63.191544 -0.404103
v -22.198553 63.976223 -0.697073
v -21.472553 64.306686 0.688365
v -24.357243 45.696358 -5.189311
v -16.282230 41.558956 9.514717
v 21.769659 69.969940 -0.185017
v -11.346895 49.768456 10.059664
v -21.607193 49.534454 6.506179
v 15.360848 50.421177 9.790402
v 14.236432 69.957375 9.077250
v 21.182114 69.111053 2.419596
v 5.837673 72.596550 9.925799
v 6.710433 73.123764 9.956381
v 5.719311 71.733521 9.846847
v -4.118476 51.161129 9.181979
v 17.013313 41.654583 9.815254
v -20.361935 80.095100 1.420596
v -20.553160 80.061859 -0.145362
v 13.388913 44.970684 9.708249
v -24.714359 43.471401 -5.282331
v -7.886198 64.283051 9.888218
v 21.802015 57.723083 3.632229
v 14.662989 66.639771 9.137192
v -22.617575 51.798832 2.696728
v 13.481934 47.307243 10.265944
v 22.663181 64.176247 -0.894406
v -20.697977 57.464188 6.042165
v -16.356569 45.990826 8.213279
v -12.294800 69.110504 9.872935
v -10.663257 56.576061 10.243372
v -10.517856 55.915775 10.142467
v -11.241108 66.430305 9.925967
v -10.222706 66.828781 9.955496
v 14.367241 41.114052 9.810601
v 19.781887 75.606163 3.897717
v -24.666592 48.901741 -1.927561
v -14.713745 53.156361 10.285317
v 25.654417 42.621189 -0.315758
v 25.738369 41.373299 0.611675
v 25.367113 42.418884 1.491980
v 25.625710 37.957600 -6.396127
v 27.022003 38.093075 -7.108612
v -2.891771 62.335217 9.440263
v 12.809773 51.391449 10.404696
v 24.490143 47.956020 1.300927
v 13.990528 64.355186 9.490238
v 16.642561 37.560638 8.430579
v 17.355165 48.082726 9.478780
v -1.154213 71.667725 9.992236
v -24.759314 37.275883 1.954736
v -24.869282 36.809593 0.480267
v 20.264904 52.314232 5.866153
v 14.725214 75.906708 8.962668
v 21.395008 73.599121 -0.426432
v 15.459063 83.083427 7.710846
v 27.144020 39.585102 -6.515054
v -5.894117 79.177467 10.441499
v -5.455878 78.564789 10.376233
v 24.823462 40.945232 2.849931
v 1.790306 64.755165 9.195418
v -4.488118 54.351212 9.486505
v 23.846359 48.024632 3.114326
v 11.566763 48.058178 10.036969
v -18.899910 39.167118 7.168657
v 19.348364 85.528282 -1.313642
v -2.653930 64.054955 9.438665
v 11.190676 71.535309 9.746463
v -20.026274 38.220741 6.419652
v 16.020714 40.170280 9.733005
v -15.017385 73.278862 9.091280
v 11.432427 61.220314 9.955556
v -12.263833 60.674549 10.190306
v 18.310062 84.650131 4.327379
v -20.496597 43.094620 7.327944
v -24.514492 44.868599 -5.235187
v -1.949336 81.244812 10.309328
v 24.468649 53.592678 -1.772370
v 14.877491 42.423481 8.638181
v 23.669619 61.874229 -3.045855
v -22.291729 55.984104 1.364041
v -2.432600 41.962845 11.192225
v 23.018450 66.852913 -3.564985
v -8.340297 57.231640 10.122388
v 17.249508 43.801495 9.489012
v -10.305050 59.585766 10.159152
v -10.537745 58.130535 10.229943
v 11.322719 74.201645 9.867855
v -11.012748 71.005585 10.188973
v -20.437895 80.811371 -0.304589
v -21.871756 68.475449 -0.493790
v -13.089377 64.652107 9.868951
v -20.163004 37.385723 6.401103
v 3.560778 75.984360 9.876544
v 20.475273 76.598564 2.250264
v 20.870195 76.952293 0.648877
v -8.842721 59.830616 9.963962
v -11.273433 56.810524 10.346133
v -12.773234 56.435207 10.482749
v 16.643761 38.409184 9.632364
v 12.444523 77.235161 9.653297
v 15.474379 46.144482 9.522183
v -9.048499 63.933804 9.934182
v -8.620896 62.971439 9.934515
v -10.570016 79.964195 10.174994
v -12.348688 59.232224 10.295299
v -13.142776 58.900974 10.317415
v 16.040543 59.625019 8.978503
v 22.864382 38.891235 4.424165
v 22.586275 42.996502 4.484871
v 22.442469 41.784317 4.597224
v -7.046914 83.974373 10.508539
v 24.748493 47.111336 -6.080141
v 21.048250 66.523506 3.062353
v 14.153537 52.934525 10.180811
v -21.166870 67.859032 0.816399
v -22.038101 67.516975 -0.709918
v -6.615802 63.971352 9.839055
v -7.463309 65.177673 9.870798
v -22.750216 60.212692 -3.946703
v -20.692242 67.365524 3.652364
v -16.653732 58.910526 7.857811
v -5.462396 68.145897 9.934682
v 17.346291 65.618797 7.105262
v 14.484457 43.804001 9.866927
v 14.001831 67.639038 9.259980
v 13.076238 66.873688 9.432089
v -19.257084 40.882427 8.400277
v -20.926575 40.277172 7.807250
v -24.730564 39.178429 0.099225
v -25.225540 39.566624 -1.237831
v 15.664449 57.974972 9.296888
v 9.591355 66.332352 9.706800
v 20.308672 61.127014 4.417632
v 21.010771 61.674374 3.763248
v 16.389149 79.078064 7.682430
v 17.244684 73.022415 7.250358
v -0.897121 55.128338 8.767247
v -1.650895 54.263565 9.016087
v -25.464632 39.246193 5.393884
v -1.690859 67.092796 9.488593
v -21.574995 74.087509 -1.640918
v 2.030055 41.857273 11.274446
v -26.596220 37.859329 -3.204752
v 13.514473 78.143944 9.305105
v 5.340395 83.037445 10.163857
v -17.050224 57.989010 7.420870
v 23.689684 61.988689 -4.894825
v 10.347657 75.462997 9.853874
v 6.121934 80.475365 9.229774
v 11.098147 59.066765 10.085581
v 12.330619 59.170033 10.100616
v 11.876559 60.349960 10.014889
v -23.808580 43.958393 2.910101
v 13.289021 70.335213 9.407630
v 12.812483 69.045036 9.423525
v -16.569523 64.609985 8.004498
v 17.830893 59.026901 6.848926
v -24.099012 51.859173 -1.556463
v 14.242522 48.114140 9.941712
v -21.804556 72.876129 -2.616347
v -18.241631 72.729942 6.154759
v 26.240065 37.488472 0.508781
v 20.847420 43.965229 5.742928
v -0.996798 60.828911 8.966540
v 22.838795 55.779675 2.631243
v 6.827285 45.137466 10.575156
v 0.828059 44.790661 10.461464
v 8.056925 54.142818 9.902679
v 8.106125 53.529083 9.877812
v 7.536770 53.386166 9.654546
v 3.183563 78.139946 9.701859
v -4.551080 51.817108 9.386483
v -22.577932 49.429066 4.751305
v 25.907331 40.271488 0.273203
v 26.046347 39.152699 0.062904
v 26.115782 39.605789 -1.261302
v -21.286318 75.275208 -0.978972
v 14.310647 51.972084 9.754479
v -23.228575 62.205128 -2.568189
v 25.433685 41.020256 1.878442
v 20.234686 41.995518 9.100622
v 18.176344 42.586258 9.569875
v -8.154197 58.491055 10.060378
v -16.618431 67.839661 8.016442
v -23.915094 53.726398 -1.563181
v -0.306264 71.351280 9.884252
v -2.336128 77.259941 10.026928
v 13.036366 61.472778 9.847479
v 25.302160 42.970589 -6.975185
v -1.374505 74.958252 10.188612
v 12.202107 55.173607 10.335824
v -18.946405 79.114594 5.139412
v 20.351343 81.480087 -1.407082
v 19.343843 48.182076 6.957627
v 2.608320 81.124924 9.913083
v -20.591942 69.601662 3.629875
v 14.182734 69.250183 9.112314
v -10.015808 69.175003 10.069489
v -5.421544 75.535950 10.324174
v -5.582533 74.639046 10.361727
v 16.223904 67.177940 8.440781
v -23.318819 49.162498 0.728544
v 12.222709 65.822121 9.592424
v 12.244264 61.740589 9.869184
v 11.850255 62.601112 9.821351
v -17.362122 77.765396 7.281124
v -17.857462 78.736519 6.647583
v 13.290092 42.857548 9.400380
v 16.549587 68.552933 8.054599
v 10.530376 56.175179 9.979071
v 11.071883 56.232628 10.114440
v 11.168214 54.823318 10.052663
v 24.193523 42.285652 3.409005
v -13.668592 54.463802 10.469753
v -16.832842 48.783752 7.886756
v 22.801605 62.811275 -0.674602
v 22.431805 62.598351 1.099226
v 14.647176 56.830387 9.922132
v -20.020277 44.665337 7.491027
v 12.369678 52.047764 10.296790
v -26.287952 37.680496 -4.684226
v -26.432793 38.334259 -4.320661
v 1.145049 57.208046 8.314310
v 20.648115 70.287720 3.245564
v 1.037072 49.175144 9.872193
v 15.163017 52.863873 9.509982
v -2.668444 76.129669 10.152949
v -16.337271 63.089844 8.319345
v 6.251237 64.684258 9.568274
v 13.654168 44.269855 9.919471
v 13.225764 43.419006 9.759107
v 22.967474 65.203484 -2.550624
v -21.310259 56.722454 5.354851
v -23.205076 45.817783 4.708943
v -18.305443 74.933189 6.265398
v 26.676630 43.886791 -5.894618
v 10.597776 62.017750 9.884301
v 26.935072 38.713905 -3.609193
v 24.976124 49.250099 -1.723382
v -22.363113 63.792568 -3.777523
v 17.131330 49.208275 8.840488
v -21.253239 76.430817 -2.133955
v -12.994195 63.518436 9.981045
v -11.653936 64.111710 9.980599
v 13.528230 84.037956 8.378882
v 14.489281 65.341270 9.291760
v 13.703017 52.265999 9.847625
v -10.283077 57.442657 10.160816
v -21.973703 36.252438 6.243416
v -5.528856 47.707394 9.693360
v -12.368847 48.347946 9.696297
v -12.711124 47.743122 9.673142
v 18.991171 86.519241 1.143359
v 14.619594 53.253468 9.885979
v -17.566689 60.782379 6.849709
v 20.147631 72.113892 3.700701
v 27.410406 38.077209 -6.408456
v -2.499763 80.494881 9.643137
v 18.159618 67.074730 5.942558
v -23.442299 60.755901 -2.524060
v -20.936640 78.357666 -1.914044
v 1.954417 60.229877 8.734286
v -16.809299 53.350643 8.862125
v -16.735775 53.783485 8.457097
v 6.850791 58.361137 9.458993
v 6.849123 57.046860 9.465129
v -12.321042 48.106152 10.006764
v 21.114359 53.606388 5.066624
v -0.607624 78.789612 10.042964
v 23.626812 55.620918 0.184318
v 26.339960 38.749256 -1.906547
v 4.317382 64.460732 9.357204
v -11.920094 51.244656 10.362577
v -12.003142 49.677307 10.232274
v 21.882303 67.710686 0.536097
v -21.194616 65.991745 1.144097
v -28.141281 38.646290 3.383746
v 5.038645 73.064285 9.968999
v -2.988877 55.235550 9.133160
v -6.127980 54.826828 9.686988
v -9.320081 67.455429 9.973054
v -22.997389 63.650341 -2.810148
v 9.088375 52.123043 10.418037
v 7.061205 81.802734 9.904213
v -23.233160 37.474926 5.985281
v 21.788546 56.633205 3.871116
v 21.756056 55.785210 4.071310
v -22.656542 66.387283 -2.549367
v -22.321024 67.140518 -3.341798
v -15.912093 66.549881 8.810194
v -15.586831 67.246628 9.008881
v 24.564775 47.245358 1.409997
v 18.657591 52.391407 6.922016
v 15.947676 44.846817 10.357209
v -11.424459 51.757843 10.107366
v -11.181404 51.645164 10.002003
v -11.301542 52.582520 10.197043
v 13.049775 74.623077 9.618961
v -22.545319 65.210037 -1.499044
v 14.407112 47.115292 9.484029
v -24.429110 36.255539 4.717197
v -19.714973 76.070297 4.100256
v -9.508683 64.662178 9.944561
v -11.020705 65.332916 9.941964
v -10.629368 64.422401 9.961831
v -16.596853 47.646263 7.995980
v -18.057604 66.608597 6.230011
v -17.011658 65.710541 7.283455
v -20.809328 38.348827 6.850175
v -16.133211 77.838654 8.342501
v 22.110323 46.551861 4.894055
v 5.396087 81.850937 10.119335
v -10.053690 63.436214 9.979814
v -7.468802 78.422401 10.374291
v -23.557983 41.150562 5.428005
v -14.969786 76.951210 9.136822
v 15.076603 51.367512 9.556167
v 19.519461 80.069244 3.794218
v 24.463991 56.197979 -2.742420
v 9.904903 64.073067 9.778275
v 1.527973 74.818886 10.024755
v 4.993840 71.192345 9.794505
v 5.559629 74.510895 10.018118
v 24.264454 49.713245 1.077750
v -14.260281 80.237518 9.264933
v 18.331163 80.183334 5.583711
v -5.425960 50.100723 9.305757
v -6.686812 49.073753 9.359303
v -3.493363 81.666702 10.425328
v -4.332124 57.531231 9.451671
v -6.580897 57.149254 10.011598
v -23.603050 53.677647 -4.467099
v 18.123423 56.097523 6.723302
v -24.461941 40.847313 -5.153484
v 2.940730 63.740459 9.180576
v -15.914604 41.174770 9.607179
v 20.139570 66.620674 4.204157
v -17.439903 54.885052 7.492332
v -17.103748 53.495026 7.763210
v -1.382612 57.307190 8.704964
v -24.984163 45.339073 -1.945412
v 23.833036 46.154560 3.486660
v -1.353358 80.749435 9.885273
v -2.155002 78.823402 10.164418
v 23.270163 64.185646 -3.148831
v -20.587000 74.697861 1.840132
v 16.862572 62.027168 7.946504
v 15.746531 65.048080 8.879436
v 19.428204 66.961098 4.859731
v -16.609015 61.737236 7.935317
v -6.615817 52.902405 9.768747
v -21.307270 36.143150 6.144164
v -13.761479 43.289505 9.843282
v -21.181725 72.089668 0.477872
v 23.336517 60.296864 -1.282623
v -17.291176 66.626740 6.919486
v 23.116556 61.671898 -1.235853
v -6.186714 82.882507 10.288000
v -7.397643 83.263588 10.183004
v -23.962744 37.274410 5.631834
v -23.958588 36.242096 5.961940
v -22.072382 69.912521 -1.289804
v -6.634210 63.020199 9.860389
v 18.452566 71.862755 5.837412
v -11.038642 53.211475 10.109759
v -11.903440 75.890503 10.297785
v 23.286795 55.782375 1.612752
v -25.123936 44.435299 -5.074513
v -19.056488 39.267536 7.474329
v -6.844292 75.698517 10.356504
v -8.183772 75.446404 10.389246
v -8.304442 76.451096 10.360315
v 24.405161 49.082642 0.527376
v 0.886111 77.267769 9.682284
v 1.869765 56.037205 8.255891
v -22.965439 47.368969 4.615560
v 21.471485 67.817192 2.057566
v -26.645008 37.125992 -3.082918
v -26.664539 36.818253 -3.762419
v -11.744411 50.139645 9.936249
v -10.740816 53.106056 10.043790
v -23.470835 42.519180 5.254263
v -15.353106 80.117996 8.682845
v -15.448680 42.591496 8.246933
v 14.609805 84.122375 7.929449
v 6.861378 63.222542 9.596984
v 2.294549 58.401649 8.486992
v -10.902433 72.647713 10.319937
v -26.048384 42.931873 -3.896930
v -25.543472 42.966225 -2.470437
v -25.782579 43.448212 -3.088712
v -21.569094 74.459412 -2.388946
v -5.215188 55.525276 9.513156
v -20.861044 77.674889 -0.304959
v -16.377903 73.057045 8.167332
v 0.678439 59.427311 8.611954
v 12.022837 56.621758 10.287285
v 13.231743 44.210953 9.662930
v 13.648625 43.909874 9.355044
v -15.185658 60.152039 9.694510
v -13.077517 43.551502 9.760210
v 13.909524 82.823631 8.510699
v 16.465725 70.030228 8.041269
v 22.155214 62.942261 1.837575
v 21.758911 62.624733 2.717370
v -5.465555 59.656124 9.895473
v 8.191955 77.986473 9.773459
v 20.587969 75.370285 2.242313
v 19.196276 60.660690 5.313043
v 18.055897 60.160015 6.474439
v -17.726688 52.340946 7.690201
v -9.861677 46.790958 9.436321
v -11.795639 46.649178 9.739308
v -22.243460 65.694420 -3.653857
v -17.266333 43.857174 7.805945
v 27.420025 35.942535 -5.060707
v 14.202691 51.195858 9.949004
v 26.245724 45.916351 -5.317694
v 26.084846 46.740650 -4.466332
v -23.980190 56.702522 -2.746430
v 16.390900 63.538593 8.455527
v 15.034503 51.584682 9.530166
v 24.918922 45.415970 -6.373119
v -5.304667 53.875805 9.612423
v -11.868853 73.757675 10.280033
v -22.833099 45.979546 5.601240
v -13.492740 70.117531 9.630915
v 3.220998 57.877670 8.405747
v -19.595203 66.905266 5.560788
v 19.636433 61.908699 4.931206
v 19.864613 63.289810 4.687815
v 13.654410 41.911911 9.124616
v 20.411745 59.378269 4.537272
v 18.910158 85.495644 2.451201
v -8.084932 73.015808 10.341208
v 10.500102 72.842400 9.826018
v -24.911863 41.399284 -5.236950
v -7.176115 72.593163 10.317820
v -6.541186 71.754364 10.262200
v 14.345028 74.490181 9.192276
v 19.721336 81.288040 3.058148
v -16.527428 54.145332 9.287122
v -22.085398 64.670303 -0.606159
v 25.632246 35.306236 -6.164615
v -23.758005 34.976170 -3.824207
v -22.774282 38.341751 6.875154
v -16.470877 79.319496 7.957795
v 25.220606 47.978268 -2.106823
v 25.557638 47.003685 -2.607640
v 25.869467 47.526867 -3.574335
v 1.317844 71.080040 9.747522
v -8.500973 53.934765 10.150141
v 16.396246 37.252308 8.952064
v -23.296909 60.223602 -1.894539
v -6.448476 69.221741 10.063095
v 27.527683 35.747082 -6.621419
v -24.247993 49.120571 -1.259226
v -14.415948 69.850945 9.363924
v -14.292916 71.208855 9.381214
v -14.465356 75.705589 9.444580
v -13.296189 74.833504 9.942565
v 22.278158 64.980820 0.332639
v 15.076620 78.263649 8.619963
v 2.508823 71.686501 9.815696
v -20.386860 68.627625 4.381047
v 7.918792 61.937195 9.665959
v 21.315582 63.903507 3.155061
v 7.738966 70.451385 9.786923
v 17.240370 52.329212 7.796240
v 17.333755 67.884048 7.112730
v -8.647627 82.643402 9.958693
v 11.525156 70.183823 9.627331
v 10.351398 69.837196 9.696499
v -19.768229 79.410629 3.519544
v 27.182625 40.708954 -5.005723
v 20.440470 60.457916 4.389937
v 19.796511 60.547737 4.871959
v 26.478430 44.444939 -4.668263
v 26.535654 43.492363 -4.217831
v 1.778426 78.064003 9.667440
v -22.809380 64.979477 -2.800735
v 13.331679 52.418442 10.433139
v 25.926826 46.208946 -3.288788
v -22.601137 62.522068 -3.724223
v 16.745584 64.615578 7.973774
v 17.370705 64.232506 7.141165
v -26.364462 35.777424 -4.675821
v 25.778204 48.968472 -4.283573
v 22.867115 49.533924 4.126785
v -18.262148 41.240658 8.747608
v -6.211002 61.171574 9.936341
v -20.782635 78.665230 -0.678676
v 11.729653 78.284149 9.616228
v -12.453320 65.816528 9.877693
v 15.521495 85.346756 7.100770
v -23.456528 49.717525 -0.092210
v 16.441824 36.672737 9.705708
v -21.256533 63.926792 1.622904
v 5.699343 56.252193 9.226555
v 4.047065 65.600250 9.399277
v 3.811871 83.499298 10.708112
v -13.531303 61.276180 10.098888
v -15.977752 62.606228 8.866718
v 9.234997 54.614052 9.878209
v -1.957078 75.789238 10.134632
v -16.639685 37.530720 11.122063
v -19.059937 74.075508 5.213822
v -19.290291 74.737724 4.879266
v -24.829046 48.239853 -2.121894
v -20.054804 73.853912 4.069042
v 5.834568 79.193680 9.732461
v -20.672846 78.900223 0.510443
v -14.085785 59.123875 10.158494
v -20.696573 77.888107 0.798796
v -12.481987 41.562813 10.087718
v 15.306975 68.211296 8.833559
v -5.531377 72.954163 10.327595
v -24.907181 38.015419 6.268758
v -14.158621 66.654823 9.610983
v -13.580467 65.584297 9.756977
v -23.074877 62.415886 -3.116904
v 13.973307 40.087605 8.872986
v 16.917505 66.558205 7.687014
v -21.522139 60.494167 2.141444
v 4.207893 60.055489 8.863368
v -26.525276 38.477428 -3.643045
v 12.523791 67.913223 9.458666
v -23.323332 51.176285 -0.196786
v -8.549997 66.096565 9.919071
v 9.774114 73.406326 9.879120
v 18.420471 49.454067 7.531734
v 20.783064 73.959465 2.163569
v 14.217487 49.375019 9.945698
v -22.467384 64.460838 -3.591438
v 13.604741 48.227528 10.370770
v -21.718189 73.119064 -1.454292
v -21.929352 71.818375 -1.677922
v -24.347212 42.106709 0.695213
v -1.954053 65.011459 9.382447
v -15.563432 63.902973 9.176929
v 15.099828 72.596802 8.799019
v 14.276945 45.007282 9.236507
v 18.817116 48.034855 8.526072
v 24.112095 57.845642 -5.711010
v -0.580746 81.850319 10.499074
v -17.646595 72.685356 6.918738
v -23.407206 56.847431 -1.314249
v -9.184484 78.729294 10.310621
v -26.273630 40.944820 -3.883944
v -25.829714 40.450214 -4.920175
v -26.250628 39.767624 -4.479720
v -24.366184 46.395439 -1.039500
v -19.093182 86.142426 -1.484570
v 12.509496 72.555725 9.693456
v 13.840528 72.521240 9.345738
v 5.751612 70.293175 9.747272
v 25.752241 38.643215 -6.602953
v -7.213195 58.436047 10.107852
v -8.218750 47.515015 9.419235
v 26.386522 36.653488 -0.193850
v 15.163774 81.145889 8.229659
v -22.826527 39.624611 6.832949
v -20.891781 64.034622 3.837326
v -17.020130 60.245041 7.301819
v -2.961092 58.055801 9.133816
v -7.726774 57.226154 10.158871
v 20.988508 40.941883 5.764653
v 6.873249 77.203651 9.793058
v -23.296486 37.568554 6.256032
v 13.611510 46.142281 9.758172
v 15.718200 84.170837 7.281909
v -6.628829 81.440506 9.949268
v 11.683375 73.611916 9.819505
v -17.765024 65.369850 6.477776
v 23.932600 56.989017 -1.674845
v -24.196108 35.879799 8.640070
v 23.858915 37.338451 3.765552
v -24.178526 50.567997 -4.292451
v 20.339249 49.102222 6.247342
v -3.537236 52.798813 9.425298
v -7.705347 53.024979 9.968257
v -8.725939 74.396072 10.381988
v 5.534634 50.036316 10.220463
v 4.503825 49.053997 10.033342
v -24.426003 50.639687 -1.931184
v 21.936831 68.933014 -0.447490
v 26.466766 38.081009 -2.115618
v -16.080074 36.648293 11.612838
v -22.838192 57.554626 -4.220274
v -16.778511 47.336689 8.982189
v 23.517525 58.223885 -0.925109
v 20.944084 57.765209 4.401196
v 16.845749 70.891167 7.685795
v 13.234513 44.767563 9.873263
v -21.693895 48.817242 6.497478
v 25.589504 48.355240 -2.953850
v -26.377535 36.674812 -2.435772
v -24.627607 41.504063 -0.519448
v 4.382426 77.717926 9.681417
v 6.727198 78.156548 9.820731
v 8.146214 77.339577 9.781569
v 5.836189 78.254112 9.814899
v -14.666581 85.838463 8.069024
v 3.459649 78.620064 9.773166
v -20.442017 79.037178 1.680587
v 17.576975 51.881176 7.641026
v -24.657230 36.175175 3.348541
v -16.864771 52.866699 8.087298
v -21.621428 57.589321 3.758087
v -22.061661 57.239590 1.605004
v 13.496474 50.712261 10.444973
v 12.809147 50.789650 10.341206
v 16.706184 58.693596 8.292747
v -15.883165 44.354328 8.322885
v -23.723877 58.758053 -2.480066
v -20.720434 76.919716 1.174209
v -20.410980 75.975853 2.536524
v -20.378302 77.111198 2.384374
v -22.773518 46.696812 5.528131
v -16.919867 50.649837 8.215784
v -16.910566 51.498081 8.340919
v -17.094772 51.153545 7.899081
v 5.298093 75.605446 9.945055
v 21.471504 65.267403 2.699982
v -3.670096 83.721344 10.722776
v -3.486881 78.194946 10.214030
v 15.283987 75.025337 8.715354
v 9.184909 83.859001 9.312147
v 25.719000 46.686546 -6.121004
v 6.537181 83.837082 10.065784
v 20.489326 78.747772 1.786961
v 13.566548 42.383038 10.540245
v -16.073820 59.464272 8.945613
v 14.580010 55.671906 9.983228
v 16.869198 77.532356 7.477609
v 19.382257 50.992561 6.742976
v -9.746616 82.438599 9.941832
v 18.787741 45.927338 7.189044
v -17.652596 75.474838 7.005082
v 19.897892 82.437569 1.563037
v 18.582403 76.970558 5.699579
v -1.898340 79.492683 9.872326
v -23.765001 57.413338 -2.068277
v -21.008751 65.112473 2.481737
v -20.859402 65.478813 3.441956
v -25.797110 37.839314 -1.801071
v -5.236760 63.318371 9.748652
v 20.170637 78.347748 2.786374
v -9.622213 62.472027 9.989795
v -13.990201 105.832054 -1.159513
v -13.518725 105.955879 -2.432311
v -12.889451 106.057335 -3.651771
v -12.134392 106.142067 -4.820433
v -11.245456 106.186485 -5.914578
v -10.227896 106.203377 -6.898765
v -9.121111 106.199661 -7.709117
v -7.925503 106.169586 -8.246029
v -6.678432 106.132530 -8.567360
v -5.417620 106.109589 -8.728815
v -4.112878 106.094063 -8.700921
v -2.784016 106.104301 -8.572609
v -1.443069 106.124641 -8.484937
v -0.107857 106.127632 -8.452884
v 1.217816 106.118019 -8.504489
v 2.530001 106.119514 -8.622298
v 3.825992 106.147232 -8.785574
v 5.093246 106.186172 -8.925777
v 6.309383 106.197151 -8.861271
v 7.513934 106.203339 -8.629397
v 8.709495 106.208168 -8.255050
v 9.881813 106.196167 -7.667770
v 10.979856 106.155151 -6.856603
v 11.960662 106.105812 -5.881402
v 12.830084 106.038483 -4.802907
v 13.576266 105.939751 -3.655949
v 14.207096 105.815018 -2.458898
v 14.617535 105.650963 -1.198952
v 1.742299 98.054123 -10.590913
v -9.012465 96.061440 -10.677090
v 11.213894 95.346931 -10.716050
v 9.977182 100.878960 -8.249583
v -5.689753 101.226089 -8.630478
v -1.267543 93.727135 -12.601562
v 3.354150 102.125748 -8.700756
v -11.360394 102.512764 -6.207739
v -12.503393 98.963547 -7.002823
v -14.307320 93.040268 -9.041156
v 5.502067 92.996490 -13.063309
v -7.618420 92.655121 -12.710239
v 14.595733 97.510956 -6.823141
v -3.492225 96.954903 -10.958680
v 15.453725 92.161278 -8.592087
v 13.272045 102.726082 -5.177671
v -1.674885 103.059982 -8.288189
v 8.037197 103.438293 -8.305668
v 7.484770 98.143555 -10.169413
v -0.452800 100.668335 -9.072443
v -7.189856 103.545341 -8.016792
v -13.743782 96.175957 -8.045034
v -7.127277 98.716301 -9.579883
v 14.115463 100.026756 -5.351628
v 10.743105 92.262833 -12.241424
v 2.798437 95.410042 -11.904013
v 6.130461 100.494675 -9.187233
v 15.201507 94.996460 -7.791068
v -9.329002 100.412949 -8.126669
v -3.502240 91.478065 -13.478722
v 1.467054 91.511139 -13.586767
v -13.819567 100.655655 -4.308496
v 1.793079 103.986176 -8.253712
v -5.695538 94.780029 -11.898130
v 6.879479 95.213753 -11.872383
v -13.148709 103.860497 -3.840153
v -3.627567 99.594994 -9.579226
v -11.644299 91.400192 -11.757017
v -10.165448 104.265236 -6.889292
v -15.231090 97.703972 -4.907951
v 11.077745 98.799217 -8.637633
v 4.999061 103.715164 -8.552695
v -16.281912 94.286682 -5.805584
v -16.271999 90.789680 -7.272453
v 2.791771 100.060989 -9.509664
v 14.169577 103.912468 -3.143858
v -10.953687 97.558525 -9.010413
v 7.812436 91.164650 -13.604247
v 11.575934 104.297356 -6.529629
v 4.875846 97.004997 -11.023659
v -0.476233 95.767570 -11.748997
v -8.235592 102.024147 -8.027274
v -12.006442 94.791237 -10.074443
v 17.204702 92.842697 -5.503680
v 2.259634 93.480301 -12.789072
v -3.383389 104.423584 -8.312943
v 10.676538 102.567894 -7.472618
v 16.599371 95.958237 -4.997774
v 16.006813 97.860458 -4.028628
v 16.839832 90.028221 -7.043989
v 10.388284 97.160942 -9.996081
v 13.798357 90.651924 -10.784715
v -13.496962 102.230339 -3.821743
v -0.945730 98.925629 -10.096360
v 7.517171 101.860245 -8.684642
v -4.687594 102.736168 -8.408301
v -2.946017 101.549515 -8.655336
v 14.877275 101.183418 -3.281098
v 13.582511 93.851898 -9.903769
v -6.591719 90.799911 -13.635219
v 4.688534 98.791176 -10.121622
v 8.334348 93.681824 -12.428813
v 8.471744 99.617432 -9.225003
v -9.251739 94.215599 -11.568227
v -11.518006 100.981277 -6.574460
v 0.886714 102.602631 -8.370767
v -0.722650 104.462517 -8.187111
v -4.788206 93.151558 -12.740179
v -6.288303 96.467674 -10.921205
v 12.650480 101.445358 -6.340311
v 4.410892 90.748222 -13.963859
v 9.298502 104.696381 -7.829761
v 13.092425 96.374908 -9.042351
v -16.401834 95.966103 -4.472508
v -15.025844 99.150459 -3.495348
v 15.623297 99.266441 -3.099543
v -5.841750 104.683006 -8.199636
v 10.725103 90.377602 -12.906137
v 6.851816 104.687515 -8.374738
v -0.899851 97.382591 -10.937303
v -10.096933 99.017632 -8.496141
v -16.417755 92.570724 -6.392217
v -11.611329 93.105080 -11.079685
v -14.347068 90.390938 -9.983883
v 7.856455 96.640778 -10.933995
v -8.166768 104.767349 -7.737706
v 1.654545 101.267006 -8.818132
v -2.950994 94.979408 -11.989509
v -9.268829 103.136139 -7.490253
v 12.203786 99.933678 -7.300633
v 17.718554 90.809044 -4.855804
v 14.835486 102.426353 -2.397306
v -13.243007 97.613968 -7.425408
v -14.374299 94.583672 -8.256933
v 14.532447 98.708221 -5.781355
v -8.573625 97.551613 -9.880565
v -5.376029 97.828278 -10.299814
v -5.915603 99.959511 -9.137879
v -1.265236 90.417793 -13.900695
v 4.415123 104.915085 -8.611458
v 16.902914 94.404305 -5.442832
v 11.149585 93.788559 -11.433828
v 5.405054 101.724228 -8.873145
v 13.248453 92.202362 -10.731186
v -9.517238 90.513359 -13.084904
v 4.458098 94.264595 -12.467798
v 1.474331 96.608910 -11.324872
v -11.729423 104.874916 -5.450881
v 0.799945 94.615776 -12.277868
v -14.517216 101.128761 -2.405922
v 6.310867 102.845947 -8.650784
v -3.015202 98.259262 -10.336636
v -11.538079 96.205566 -9.583060
v -1.083532 92.196320 -13.239923
v -0.905409 102.006386 -8.491762
v 12.550828 97.676613 -8.512652
v -17.411686 91.260353 -4.752929
v -17.545740 89.649483 -5.025063
v -13.741198 104.575668 -2.180567
v 1.865220 90.097214 -14.085059
v -14.103197 102.892029 -2.239119
v 17.989193 89.037308 -4.693620
v 0.786606 99.709625 -9.681864
v 3.848033 92.062141 -13.429984
v 9.891141 103.615189 -7.667346
v -11.742701 103.728317 -5.674115
v -13.585169 99.637596 -5.387560
v -12.693678 101.616104 -5.197483
v 6.593725 99.338821 -9.686931
v 13.093620 103.873985 -5.024087
v 3.776679 101.051125 -9.034362
v -6.351731 102.218002 -8.383139
v 15.388027 93.584244 -8.173337
v 14.913929 96.355835 -7.373603
v 7.949680 100.724678 -8.898486
v -17.356592 93.235756 -3.969542
v -3.763632 90.160789 -13.938307
v -10.065724 101.821404 -7.250274
v 7.763537 92.417671 -13.118063
v -7.644176 101.039154 -8.416471
v -7.920032 99.752541 -8.888558
v -11.156026 99.892654 -7.407574
v -5.384386 103.670349 -8.251868
v 13.293909 104.874489 -4.292376
v -5.523381 91.995132 -13.217610
v 12.983988 98.836792 -7.333157
v 14.530260 104.475571 -1.721794
v -12.587336 89.988815 -11.654390
v -15.046540 96.775810 -6.128678
v 2.547728 104.993958 -8.394585
v 2.594192 103.054642 -8.469103
v -14.966938 100.040901 -2.423107
v 15.582265 89.603088 -9.164047
v -4.646240 95.877968 -11.418200
v -6.594479 93.692665 -12.355028
v -7.394534 95.418106 -11.353759
v 0.205848 103.529076 -8.239818
v -9.611060 92.980072 -12.048143
v -13.583738 91.890160 -10.178697
v 6.413320 94.044167 -12.516777
v 4.923801 95.800087 -11.668742
v 9.100692 94.882675 -11.682620
v 13.113260 95.143021 -9.673870
v 10.339509 99.832664 -8.462514
v 9.344644 98.603813 -9.490215
v -12.806354 104.978897 -3.871097
v 15.549150 90.833847 -8.847301
v -15.538534 95.542542 -6.293431
v -4.417365 100.561035 -8.991891
v -2.482267 100.491684 -9.155469
v -5.224646 98.905167 -9.766561
v 9.373873 101.915497 -8.198347
v 5.619936 91.693031 -13.617103
v -9.726973 91.740440 -12.529858
v -2.039207 105.137505 -8.272041
v 9.368183 95.975655 -11.024488
v 17.676077 93.489037 -3.824373
v -17.069393 94.774307 -3.754993
v 12.620999 89.783356 -11.971069
v 16.888981 96.669197 -3.274555
v 0.784416 92.636124 -13.106306
v -2.519442 92.880470 -12.917459
v -9.676197 105.212265 -7.146964
v 11.776136 103.252991 -6.556461
v -14.144912 98.600708 -5.652930
v -16.441315 96.904663 -3.293875
v -15.865016 98.101044 -2.934554
v -15.402783 91.866463 -8.225355
v -15.872150 89.740509 -8.266061
v 0.743746 105.081078 -8.252149
v 13.775022 101.675735 -4.956658
v 16.843439 91.159157 -6.671093
v -3.424407 103.442528 -8.339638
v 17.438025 94.758644 -3.741226
v 9.016185 89.962601 -13.724508
v 2.874051 98.943481 -10.099849
v 3.565825 97.928970 -10.604914
v 4.680790 99.892944 -9.556542
v 15.296541 101.371399 -1.628686
v 6.565288 90.010239 -14.192160
v 14.034366 103.075531 -3.857201
v -15.590520 93.601440 -7.277704
v 4.698863 102.778313 -8.682632
v 3.461244 103.830666 -8.475496
v 6.566761 103.745888 -8.442753
v -8.789515 103.963310 -7.575657
v 14.842647 103.225510 -1.671221
v 15.613669 100.131340 -2.170944
v 14.928890 100.333504 -3.846249
v -12.832171 103.091011 -4.541376
v 9.158535 91.741699 -13.061131
v 15.942277 97.088921 -5.198223
v 10.658209 105.159866 -7.110101
v 12.192874 105.077171 -5.720263
v 8.073862 105.289299 -8.224229
v 3.149615 96.358391 -11.420522
v 6.378047 97.371643 -10.709336
v -4.077262 94.218002 -12.287259
v -10.675329 103.305992 -6.639167
v -2.498298 102.347252 -8.434222
v 12.071379 102.374001 -6.533323
v -11.972857 98.257660 -7.935225
v -10.035531 96.905113 -9.847192
v -1.250348 94.842834 -12.142955
v 1.155096 95.620834 -11.814500
v -2.493464 96.049530 -11.498463
v 11.711293 100.889046 -7.278483
v 9.175463 102.829689 -8.097588
v 14.358254 102.129395 -3.744234
v 12.034916 91.069527 -11.955639
v -4.705953 105.263046 -8.421597
v 15.980327 95.550392 -6.420269
v 16.281700 98.323677 -2.167702
v -14.473947 101.922470 -1.720518
v -6.985097 97.744965 -10.102648
v -8.607394 98.906036 -9.122251
v -9.050961 101.288895 -7.909662
v -12.600346 96.928436 -8.479594
v -13.393170 94.031334 -9.473125
v -13.110175 95.403107 -8.987030
v -10.604002 95.533386 -10.436656
v -7.931582 102.837044 -8.013185
v -4.994346 101.937950 -8.530958
v -9.696733 98.179474 -9.164541
v -5.403737 89.893013 -14.004123
v 16.453342 92.540482 -7.025404
v 17.937622 91.755760 -3.752707
v -2.068002 103.917221 -8.232156
v -12.742516 100.458992 -5.752588
v -13.881864 103.767738 -2.405702
v 10.943211 97.948204 -9.244352
v 8.717887 97.451988 -10.313827
v 11.496860 96.348434 -10.003630
v 17.315620 95.646141 -3.048483
v 6.481188 96.128822 -11.395004
v -2.074435 99.604340 -9.678500
v 17.284998 88.935303 -6.471618
v -8.069272 89.915085 -13.705259
v -7.237446 105.370537 -8.089552
v 11.301426 101.742180 -7.276905
v 0.152844 101.448593 -8.659098
v 14.998640 99.229729 -4.599704
v 16.735609 97.376114 -2.355620
v 12.984797 100.462646 -6.410073
v 0.441973 90.753349 -13.831022
v 2.863472 94.414078 -12.380794
v 3.862018 93.079010 -13.004068
v -5.978703 102.974312 -8.298798
v -7.644693 91.579765 -13.178043
v 2.521770 97.280388 -10.966710
v 6.587981 101.273865 -8.910385
v 7.651999 102.677902 -8.522484
v 13.438425 99.469543 -6.483197
v 0.434583 93.645782 -12.683666
v 5.656570 105.369316 -8.637695
v -13.679876 101.420143 -3.954957
v -1.379155 101.313972 -8.678252
v 0.077138 98.172737 -10.545340
v 3.545201 89.834961 -14.225350
v 14.052056 89.409058 -10.895391
v -12.433017 99.756409 -6.501163
v 0.058365 89.747437 -14.143033
v 13.764974 97.029442 -8.073533
v 0.975520 100.576668 -9.172511
v -0.614170 105.311646 -8.253235
v 16.281796 94.118546 -6.761737
v -7.794925 96.709358 -10.537336
v -4.802435 90.912888 -13.670685
v -12.536024 102.402260 -5.096924
v 5.128448 97.911148 -10.544660
v -0.649343 99.808418 -9.595611
v 14.029492 100.837852 -5.040402
v -15.686154 98.884468 -1.989294
v -11.299244 101.759636 -6.450629
v -10.525022 100.655205 -7.411015
v 14.519403 94.412170 -8.812585
v 14.638300 93.041306 -9.210396
v 12.182002 94.525597 -10.592852
v 13.988267 104.701683 -3.028179
v -8.936843 95.144409 -11.195271
v -8.368339 93.492126 -12.162375
v -10.886201 94.145638 -10.999778
v -17.891281 90.305099 -3.707452
v 3.036008 91.224785 -13.747422
v 9.274312 92.794090 -12.570615
v 15.154768 97.894104 -5.686835
v 1.409777 98.923729 -10.125187
v -15.044567 98.484619 -4.321454
v -14.299296 99.859116 -4.130513
v 0.639480 97.338928 -10.972650
v 6.150009 98.527969 -10.139421
v -17.260824 92.304390 -4.725986
v 7.322276 100.090042 -9.241348
v 7.834825 98.923561 -9.709475
v 18.199663 89.723732 -3.666115
v -14.272940 97.793739 -6.227773
v 12.036916 97.045448 -9.304433
v -17.055994 95.780945 -2.718699
v -6.999314 100.389832 -8.780267
v -7.601679 94.469467 -11.835465
v -0.081507 96.614403 -11.338370
v 0.598713 104.301834 -8.172820
v -13.811749 89.544434 -10.802095
v 9.059256 100.274864 -8.794520
v -0.405669 102.844788 -8.293689
v 2.136636 102.364075 -8.530453
v -16.917925 89.305794 -6.627736
v 2.359570 92.329292 -13.274978
v -14.209530 103.965614 -1.178403
v -14.597983 91.311935 -9.421785
v 8.074856 104.485634 -8.161257
v 14.333797 91.416069 -10.028048
v 5.541669 94.773064 -12.186029
v 1.098212 101.917183 -8.580579
v -10.860477 92.287521 -11.833713
v 5.534372 104.459778 -8.514523
v -6.004600 92.807343 -12.836847
v -4.143059 92.315132 -13.111441
v 17.370573 91.799309 -5.466706
v 10.379726 104.300285 -7.341990
v 9.285635 105.484970 -7.860442
v -4.380670 101.284698 -8.704502
v -3.370057 105.389351 -8.407903
v -15.789783 96.904869 -4.806487
v 6.887636 105.489212 -8.495975
v -5.981860 105.441902 -8.340693
v 7.125299 93.258545 -12.835524
v -6.011461 95.625710 -11.419060
v -4.984085 96.973312 -10.792158
v -8.462224 105.511696 -7.746062
v -3.736674 102.103569 -8.536119
v -1.841086 91.339546 -13.569843
v -11.054144 89.877602 -12.638031
v 14.037284 95.612816 -8.661015
v -10.845756 105.401756 -6.279913
v 1.424147 103.307671 -8.333056
v -13.122867 91.035385 -10.893117
v -14.372177 103.170250 -1.147034
v 8.753764 101.266312 -8.575635
v -12.321629 104.238266 -4.910013
v -10.206890 102.660225 -7.040814
v 7.853154 94.425797 -12.163777
v 15.959450 99.306175 -1.682009
v -2.776776 93.809517 -12.516402
v -4.636703 104.535736 -8.311408
v -6.410464 104.062393 -8.085126
v 11.918777 92.827003 -11.407138
v 15.228372 102.005539 -1.120239
v 15.729560 98.602715 -3.663162
v -18.019464 88.897858 -4.010677
v -7.200903 101.706917 -8.351000
v 8.851597 103.962196 -8.009843
v 7.881300 95.825081 -11.403904
v -0.546690 93.001053 -12.922074
v 11.540102 89.501045 -12.745964
v -1.373705 98.160965 -10.517196
v -2.119902 96.863106 -11.125915
v 4.858808 100.632874 -9.180736
v 11.542384 99.439651 -7.998646
v -11.347364 98.987221 -7.834056
v -9.984116 99.759926 -8.141140
v 11.056954 100.357780 -7.894556
v -16.376766 95.064682 -5.241802
v -13.972012 105.003738 -1.211329
v 9.284027 90.813110 -13.334207
v -9.276029 102.308037 -7.579343
v -16.547930 93.386932 -5.806728
v -16.337688 91.708061 -6.846918
v 9.725642 99.257423 -8.993467
v 9.288350 96.768944 -10.588212
v -13.599176 102.869766 -3.416723
v 15.735504 96.513222 -6.130680
v -12.291863 92.250641 -11.051782
v -13.139366 92.828056 -10.195162
v 4.191616 95.125435 -12.036502
v -11.935226 103.031197 -5.598889
v 18.391062 88.305634 -3.763686
v -7.012982 104.678368 -7.999997
v -9.232650 104.572395 -7.354534
v -7.681193 104.140442 -7.842643
v -3.951027 98.796341 -9.965934
v -3.387491 100.936401 -8.898597
v -0.103359 91.583282 -13.516714
v 16.506643 89.376999 -7.888752
v -15.395136 94.796593 -6.955749
v 14.014272 98.291260 -6.762073
v -2.566148 92.012260 -13.277633
v 14.484543 103.190636 -2.824988
v -2.523380 89.594635 -14.133375
v -16.443409 97.360580 -2.252764
v 10.602086 91.346397 -12.651809
v -2.298972 97.654282 -10.703652
v -13.314740 98.300064 -6.801625
v -17.718973 92.442558 -3.186489
v 6.348453 90.897438 -13.885699
v -4.398380 94.991264 -11.893927
v -4.300041 103.895996 -8.314077
v 2.605969 100.789253 -9.125167
v 2.840177 101.486961 -8.841678
v -10.778013 90.838921 -12.440913
v 15.602253 100.579247 -1.321488
v -9.562426 89.588013 -13.379338
v -17.497747 93.909935 -3.012160
v 17.569569 89.956711 -5.468282
v 18.148100 90.909828 -3.377031
v 4.087149 103.321770 -8.590482
v -13.317291 105.237152 -2.795222
v 10.521250 94.605873 -11.344343
v 1.743743 105.487625 -8.387621
v 13.050361 91.396957 -11.161428
v -8.181898 100.444389 -8.506922
v -14.540274 95.382988 -7.713231
v -3.977194 97.722702 -10.510256
v -0.882817 103.798721 -8.200076
v -15.029678 100.508896 -1.540883
v -9.760614 103.690323 -7.171794
v -11.214796 104.341614 -6.083660
v -12.132850 105.392311 -4.760015
v 10.959919 103.712143 -7.067638
v -3.496516 102.737679 -8.410761
v -8.130109 90.796989 -13.383615
v 18.010017 92.468979 -3.072867
v -14.515368 102.406860 -1.085129
v -8.127507 98.256050 -9.605805
v -15.474226 92.713463 -7.803051
v 13.027889 98.181458 -7.777977
v -2.860795 90.835007 -13.733196
v 2.155719 96.006126 -11.617173
v 3.943959 99.313461 -9.883770
v 11.434994 105.515694 -6.440453
v -14.338926 99.078865 -4.837835
v -5.587364 100.619438 -8.840088
v -4.886043 99.616699 -9.445260
v -6.268666 99.268066 -9.441217
v -15.468545 99.472099 -1.581879
v -2.802827 98.998344 -9.969130
v -13.404269 104.311996 -3.164285
v 13.134568 93.107925 -10.481067
v 3.157140 105.573349 -8.561210
v 1.937848 99.558731 -9.781363
v 2.791305 104.347656 -8.373796
v -6.180832 97.217270 -10.514475
v -8.256208 103.415230 -7.807579
v 3.798296 100.377426 -9.336406
v 12.449506 104.406639 -5.657317
v 3.565907 102.757263 -8.608339
v -13.664994 96.897125 -7.595018
v 4.505262 102.127518 -8.779144
v 5.532397 102.379768 -8.748185
v 6.434578 101.990814 -8.773801
v -15.042215 89.369370 -9.568788
v 12.720451 103.363792 -5.650068
v 0.234556 99.078659 -10.032984
v 15.358414 98.351944 -4.841152
v 1.591584 104.641312 -8.250547
v -5.369489 94.045319 -12.294191
v -15.397559 90.564522 -8.682035
v -14.792170 101.255173 -1.291524
v -14.582070 93.746544 -8.447534
v -10.140822 94.755638 -10.996263
v 14.399491 92.270699 -9.706491
v 9.746813 97.771515 -9.847455
v -17.793341 91.581917 -3.382300
v -6.143438 98.256287 -9.973181
v 5.076701 90.054375 -14.219199
v -10.583420 104.804909 -6.528098
v 16.936834 93.627022 -5.784355
v 16.724360 95.198120 -5.281984
v -14.273479 100.872650 -3.298782
v -14.127398 101.790817 -2.806171
v 10.559280 93.097572 -11.981261
v -12.159664 93.987602 -10.370811
v 4.334775 104.235107 -8.548396
v 4.651780 105.557030 -8.712959
v -16.988581 94.033974 -4.489956
v 9.693290 93.982361 -11.938420
v -1.746694 95.463829 -11.835558
v 1.833189 94.942558 -12.136147
v -4.531033 103.317802 -8.346797
v 3.518392 93.775574 -12.683470
v 4.770253 93.569496 -12.801970
v 13.016410 102.160553 -5.694156
v 17.845957 88.388962 -5.341745
v 7.832566 89.534210 -14.155520
v -16.915579 90.101357 -6.383544
v -11.888346 100.378242 -6.591976
v 12.494833 95.851334 -9.744637
v -12.137449 97.594917 -8.291674
v 17.099203 96.692368 -2.029058
v -17.556992 88.869331 -5.454751
v -17.364420 90.483505 -5.152445
v 14.951879 103.533821 -0.833701
v 14.902144 101.706779 -2.752162
v 1.534569 93.980835 -12.554247
v -0.357006 94.241829 -12.414548
v 0.225204 95.232391 -12.009269
v 8.380382 102.234604 -8.450898
v 7.097096 103.190498 -8.507787
v 5.815104 103.357407 -8.579309
v -10.877698 98.215057 -8.626630
v 5.601655 101.062691 -9.019844
v 10.628153 103.170609 -7.382547
v 11.847723 98.230392 -8.579404
v 5.450179 96.407608 -11.308266
v -2.295771 104.516319 -8.241383
v -1.259151 96.348656 -11.444285
v -13.293711 94.714424 -9.187369
v 10.732284 101.276505 -7.761594
v -11.917173 95.514053 -9.769032
v -12.656717 96.228493 -8.880047
v -11.461001 96.896950 -9.214748
v -10.388641 96.263885 -10.072066
v -13.007220 101.005722 -5.144011
v -1.961489 101.845222 -8.543957
v 0.099135 102.186981 -8.449454
v -1.267419 102.523026 -8.355604
v 16.078787 90.167152 -8.324885
v -10.545043 101.255135 -7.138279
v 7.778128 90.373039 -13.871948
v -1.444163 100.284966 -9.292684
v -9.204171 99.395325 -8.667669
v 10.213693 89.396881 -13.442638
v -9.678422 97.541061 -9.550404
v -14.471174 92.152046 -9.235610
v 5.820313 99.859131 -9.503266
v -2.275285 94.427193 -12.276294
v -17.402941 94.860031 -2.378788
v -14.039469 102.379585 -2.654133
v 11.958656 91.865776 -11.779665
v -4.545172 98.230927 -10.190336
v 14.286941 99.324722 -5.599689
v 7.512439 97.287361 -10.622590
v -12.515267 103.675491 -4.816787
v -13.194974 99.275146 -6.122422
v 14.247959 105.098076 -2.321306
v 3.103268 90.495705 -14.001194
v -13.659237 103.411568 -3.126595
v 7.305012 104.156097 -8.304499
v -7.288339 96.128189 -10.963596
v 15.133326 102.605171 -0.952931
v -13.576675 100.193245 -4.935069
v 2.430628 89.444595 -14.294563
v 1.968990 90.893852 -13.831262
v -0.702089 91.042114 -13.701579
v 5.217673 99.358841 -9.800207
v -10.939056 103.829788 -6.383723
v -1.222141 89.446983 -14.204518
v 13.764891 103.733032 -4.038299
v 3.748180 97.265221 -10.937762
v -16.880953 96.562256 -2.097541
v 4.740098 92.580063 -13.240313
v 4.200280 91.449646 -13.699231
v 1.205935 89.554520 -14.226191
v 4.412032 101.524857 -8.907505
v 17.761137 94.237999 -2.615776
v -8.974404 96.726639 -10.275863
v -6.757831 89.550514 -14.038938
v -11.971027 102.055069 -5.769085
v -16.069550 98.250153 -1.790088
v 14.571804 103.905624 -2.086625
v -12.144444 89.399475 -12.173542
v 16.073265 88.899200 -8.704300
v 14.814476 99.845108 -4.407370
v -8.842148 99.958572 -8.516350
v 8.709634 98.101410 -9.945171
v 8.994012 103.406242 -8.059886
v 16.276608 93.366928 -7.035496
v 12.229718 103.887886 -6.002492
v 17.613256 95.063324 -2.341448
v -6.880552 102.693748 -8.237292
v 0.177890 100.180031 -9.390405
v -8.966823 91.216560 -12.992806
v 6.337449 92.379211 -13.293871
v 7.046310 91.756935 -13.485636
v -8.417891 92.128113 -12.777837
v -5.578843 102.513268 -8.393225
v -6.213933 101.694916 -8.501872
v 5.741947 95.422386 -11.838492
v 3.697717 95.707382 -11.748778
v 17.074726 95.405350 -4.242048
v -10.652480 102.186920 -6.798820
v 18.377556 88.938896 -3.344465
v 14.373627 101.164360 -4.285171
v -4.660987 91.726822 -13.354629
v -13.102290 101.942642 -4.534247
v -12.180554 101.267952 -5.880905
v 16.043129 94.875847 -6.741844
v 15.126785 88.984848 -9.889272
v 14.627209 89.981178 -10.157352
v 12.402058 105.604088 -5.355565
v -2.388863 101.099953 -8.817148
v 13.592931 105.260979 -3.614104
v 1.774403 100.187538 -9.427229
v 14.560530 105.018105 -1.357706
v 13.436096 103.207924 -4.779201
v 13.106793 104.414810 -4.787779
v -17.730934 93.180191 -2.680700
v 6.367527 96.750404 -11.068604
v 17.274033 96.140755 -2.432231
v 7.512298 99.501762 -9.478883
v 15.591688 92.842232 -8.162020
v 15.493512 94.259094 -7.795237
v 15.016852 96.910583 -6.802543
v 14.139209 96.263817 -8.268261
v 14.968156 95.670380 -7.702674
v -9.993832 93.678200 -11.596832
v -6.618726 100.943436 -8.635316
v -8.117640 101.491791 -8.169492
v -16.898613 91.139061 -5.968424
v -6.890586 99.718201 -9.117917
v -7.628891 99.178848 -9.252374
v -11.822427 99.422630 -7.231266
v 6.989523 100.725006 -9.032351
v 7.796071 101.302505 -8.761369
v 0.279309 105.573936 -8.312873
v -18.083715 89.523201 -3.375476
v -3.945019 104.904144 -8.382937
v 10.317196 102.032890 -7.758420
v 10.418720 105.723618 -7.242770
v -3.702994 95.482971 -11.692265
v -14.474929 100.270683 -3.423927
v -12.836146 104.446198 -4.106631
v -16.003050 97.555000 -3.474704
v 10.255499 96.381233 -10.526751
v 13.646137 97.615746 -7.686525
v -3.752993 89.374649 -14.175637
v -14.250525 97.256172 -6.763704
v 13.045881 105.445587 -4.462836
v 13.733550 104.409157 -3.740583
v 15.325895 100.760262 -2.382473
v 11.479711 104.912048 -6.484199
v -15.153643 99.481445 -2.693332
v 14.503882 93.743996 -9.101618
v 16.544983 97.275948 -3.452048
v 16.920258 96.200188 -3.901602
v 8.198869 92.987976 -12.763895
v 2.022270 101.740807 -8.697556
v -14.473754 96.462257 -7.093817
v -15.797608 96.365196 -5.341527
v -15.084284 97.308685 -5.650157
v 12.390431 93.757599 -10.764435
v 16.428368 90.705322 -7.556365
v -1.939623 98.659111 -10.208700
v 14.819201 104.135452 -0.835224
v 10.126288 95.215210 -11.216406
v 8.080319 95.213264 -11.714283
v -3.436086 100.392365 -9.162605
v -3.576894 96.254448 -11.309523
v 0.725557 96.209473 -11.535366
v -3.538259 93.302368 -12.710465
v 15.905474 99.752495 -1.135205
v 16.139400 91.390182 -7.862192
v 3.453573 104.783768 -8.489552
v -6.285912 103.556290 -8.161713
v -5.504691 104.183098 -8.205142
v 17.694525 92.482353 -4.301625
v -6.853410 92.076164 -13.086359
v 16.187511 98.095306 -3.062939
v -9.044199 101.819511 -7.778478
v 14.889929 90.619194 -9.712830
v 4.314621 96.269257 -11.437560
v -13.357089 90.326813 -10.953782
v -12.068168 90.696297 -11.772785
v -6.169034 91.524963 -13.395484
v 13.759996 98.843552 -6.564923
v 12.456467 99.379272 -7.407796
v 12.105331 98.726440 -8.072768
v 6.521549 97.970795 -10.377505
v -16.916477 91.855728 -5.683291
v -7.287961 102.221939 -8.240223
v -2.692843 103.070740 -8.327808
v 11.372521 102.825760 -6.933892
v 12.470910 102.892578 -6.015087
v -11.509390 105.624199 -5.555126
v 16.798267 88.703575 -7.590674
v 13.230636 89.123734 -11.692770
v -2.763380 99.969498 -9.437116
v 2.251768 103.521278 -8.355781
v 1.737812 102.831337 -8.407476
v 17.120005 90.478287 -6.333254
v 14.891458 105.261040 1.380112
v 14.720723 105.086815 2.645195
v 14.401036 104.955460 3.858402
v 13.932864 104.864502 5.012607
v 13.335816 104.805138 6.101996
v 12.606736 104.732468 7.142566
v 11.753745 104.627480 8.127360
v 10.812906 104.503929 9.063202
v 9.842814 104.376755 9.974566
v 8.863648 104.254066 10.881207
v 7.869338 104.141273 11.786952
v 6.846731 104.031105 12.667024
v 5.625938 103.895004 13.384294
v 4.220575 103.809296 13.870838
v 2.677915 103.795387 14.059495
v 1.120242 103.791428 14.140261
v -0.435564 103.794891 14.185258
v -1.998418 103.807961 14.191556
v -3.487160 103.908379 13.856768
v -4.841078 104.051064 13.265531
v -6.001771 104.184204 12.491971
v -7.100560 104.293488 11.645804
v -8.178754 104.448280 10.792502
v -9.248991 104.547150 9.930621
v -10.303710 104.698441 9.061831
v -11.259027 104.817230 8.129976
v -12.095882 104.905556 7.159864
v -12.794870 104.986626 6.158282
v -13.359732 105.063896 5.117089
v -13.791971 105.167191 4.004541
v -14.078515 105.320053 2.802004
v -14.242131 105.488365 1.507636
v 8.058124 92.893776 12.284607
v -8.332492 93.844856 11.771667
v -0.596261 88.618622 13.317754
v 0.287008 96.667534 14.438717
v 14.142205 90.940224 7.493154
v 13.446862 97.815544 7.637123
v -14.020896 91.503998 7.770728
v -12.523539 99.377449 7.843559
v 7.566818 88.430534 11.163681
v 7.901505 98.555229 12.171969
v -6.825296 99.038490 12.280335
v -7.755517 89.535271 11.399804
v -14.808965 95.903351 6.216439
v -1.988335 92.510429 14.162965
v 12.832582 93.938042 8.776750
v 14.333400 101.204369 5.165530
v 16.340242 94.167824 4.456079
v 11.235537 100.853508 9.002722
v 16.809307 89.652718 4.711228
v -4.109466 86.804344 11.822306
v 3.490324 99.977798 13.790371
v 2.658223 86.362961 12.224514
v 11.749765 87.816551 8.899204
v -17.076008 90.549782 4.158190
v -11.037795 88.186394 9.532325
v -13.948739 101.974220 4.775297
v 3.538133 90.931694 13.675246
v -2.465772 100.110176 13.999977
v -4.696543 95.632896 13.809959
v -14.966163 99.088097 4.317608
v -9.919333 101.349792 9.645263
v 5.512359 95.276947 13.748237
v -16.681526 93.618225 3.896635
v -10.878092 92.242188 10.117751
v 10.690833 91.018112 10.157382
v 15.848678 96.983238 4.286911
v 10.584324 95.795654 10.537012
v -11.790987 96.342285 9.271054
v -4.609750 90.536095 13.071224
v 7.682426 86.442909 10.440204
v -8.345960 96.693825 11.691028
v 8.519073 101.392838 11.250874
v 17.302055 92.227234 3.042535
v 15.479938 99.354828 3.663744
v 1.513394 93.976631 14.496266
v 3.980899 88.320442 12.691317
v 7.415692 90.500076 12.070431
v 10.998940 98.386803 9.812634
v -7.146078 101.666183 11.692852
v -14.506072 88.583260 7.634852
v -16.433657 96.278275 2.956940
v -7.666155 86.704826 10.600623
v -14.757368 93.734024 6.769769
v -12.263220 102.541687 7.291392
v -11.075182 90.167252 9.774476
v -9.651821 99.008965 10.374244
v -4.376578 88.561806 12.454081
v -13.694505 97.709694 7.053879
v -7.842558 91.552353 11.806164
v -12.725161 94.497284 8.733177
v -3.219737 97.628883 14.219821
v 5.074304 97.644905 13.863308
v 14.858229 102.967003 3.110412
v 10.542353 89.123940 9.781063
v 4.846157 92.978760 13.708810
v 14.330902 95.980225 6.957445
v 13.164097 102.651390 6.662684
v 14.528901 89.109077 7.218359
v 18.246647 89.084312 1.943327
v -5.273118 93.538162 13.375574
v -1.164822 90.496727 13.851171
v -0.547019 85.400932 12.093514
v -0.522080 86.970337 12.699277
v 14.547832 87.431282 7.320360
v 8.292668 96.286438 12.192243
v 17.030090 95.756233 2.108722
v 0.582641 101.394005 13.968622
v -14.854610 100.889778 2.986364
v 15.308794 101.125488 2.705769
v -18.176157 89.617363 1.581983
v -17.625360 92.373337 1.961472
v 18.093826 90.888748 1.435538
v 6.048769 101.580589 13.039326
v -15.881601 98.054115 2.589162
v -14.170336 103.568146 3.377430
v 10.574910 93.759048 10.558167
v 13.019278 92.151360 8.565696
v 14.235627 99.408600 6.069160
v 17.503630 94.006927 1.793954
v -1.638874 94.982140 14.424511
v -4.688630 101.793770 13.241594
v 10.278868 102.476822 9.635290
v 4.759337 85.501312 11.214914
v -17.099283 88.796165 4.741127
v 14.832055 94.353699 6.672411
v 15.899120 92.372108 5.453099
v 0.485217 99.018463 14.102821
v -13.955470 100.229324 5.635467
v -10.479244 86.700844 9.588413
v -15.119954 90.370049 6.891443
v 13.072952 100.572289 7.232364
v -8.625120 88.286194 10.563115
v 10.092183 86.223106 9.366897
v 9.713044 99.656174 10.537887
v 17.071997 88.095139 4.746830
v -3.355703 85.363274 11.632305
v -11.270445 97.965591 9.412210
v 15.890750 90.770027 5.701659
v 5.386347 87.411865 11.743784
v -15.968124 92.059647 5.588959
v -12.883627 89.739944 8.680879
v 3.284752 101.942223 13.770007
v 16.204229 98.350243 2.314992
v 6.197735 99.568024 13.173085
v 12.591710 96.139061 8.801950
v -13.345969 103.438599 5.505003
v 15.052278 98.090370 5.322431
v -12.668552 100.983299 7.121842
v -17.201578 94.977188 1.661679
v -10.519364 93.712738 10.416581
v 9.197838 91.825516 11.399095
v -2.196140 101.980408 13.950484
v -4.752540 99.375648 13.471695
v -15.100761 97.501755 5.080613
v 6.111251 91.663490 13.106669
v 1.334073 92.133804 14.337210
v 1.624638 89.671570 13.677330
v 9.015087 87.840271 10.258049
v -14.582059 102.367538 2.452126
v -9.846881 103.000580 9.504684
v -16.089613 94.825180 4.576849
v -6.730798 95.212318 12.716275
v 2.175888 85.176605 11.857787
v 7.360703 94.437248 12.763404
v 3.122783 96.185257 14.349848
v -11.087868 100.195335 8.946368
v -8.443128 100.206223 10.972027
v 16.061749 95.517448 4.582882
v -13.000660 92.539810 8.615050
v -15.526149 99.411888 2.086790
v -5.658380 97.427460 13.338020
v 12.606442 89.237762 8.580757
v -6.183432 87.916054 11.478926
v 12.325972 86.804176 8.472309
v -6.531089 92.444649 12.736065
v -10.149918 95.169952 10.574918
v -13.325701 95.965324 7.885550
v 4.793313 89.727898 12.970444
v 16.626593 97.107285 2.096995
v -18.038736 91.142166 0.982438
v -9.227498 90.916611 10.876064
v 11.361620 92.562126 9.913352
v 12.212804 90.627029 9.045965
v 9.126188 89.666786 10.802805
v -13.022547 87.194641 8.631692
v -4.174197 91.855423 13.606839
v 14.113616 103.351524 4.911672
v 11.803486 102.313087 8.271022
v 11.992962 99.571449 8.641723
v 2.560834 97.907539 14.134753
v -3.292117 93.884361 14.059899
v -2.595926 89.563751 13.365079
v -6.442451 90.236809 12.118780
v -17.554491 93.753067 1.239972
v 1.523885 87.754692 13.000819
v -5.751999 85.547455 11.102412
v 6.697430 96.723228 13.235327
v 6.551287 89.194763 12.077462
v 9.123304 94.381378 11.618728
v 18.006424 92.739563 0.619226
v 9.913401 97.065216 10.911811
v 11.977859 97.369324 9.191528
v 17.210835 90.989685 3.644448
v 14.733187 92.936081 6.918315
v 6.823303 85.351562 10.436331
v -14.018211 98.978737 6.132965
v -15.658065 87.966209 6.803270
v -2.704646 87.482750 12.470371
v -8.079801 98.112915 11.735228
v -10.191544 96.605324 10.471030
v 15.777966 100.207970 1.866425
v -5.742168 100.706139 12.703134
v -8.678025 85.964050 10.154730
v 14.853267 100.181755 4.606546
v 16.855865 93.168381 3.692218
v -11.406891 101.489784 8.393512
v 7.516528 102.549248 11.939207
v -8.225731 102.940956 10.811196
v 13.472017 87.989159 7.963109
v -8.453724 95.226692 11.673459
v -6.138900 102.709732 12.294357
v 16.016109 88.469063 5.935182
v 7.745526 100.017998 11.997730
v 9.879876 101.052673 10.157467
v -11.764753 103.671387 7.671361
v 11.866590 94.761467 9.517739
v 14.922935 104.049438 2.016319
v -12.849882 88.594223 8.679758
v -16.077717 89.434525 6.055504
v -16.422176 97.405205 1.360805
v 8.953435 102.770859 10.758586
v -12.475582 97.558685 8.408257
v -14.327913 104.235626 1.774720
v -6.006505 86.848480 11.276752
v -9.273733 87.502693 10.181947
v -2.961123 96.148003 14.346498
v -1.036591 97.923409 14.229438
v -15.656627 93.136635 5.727035
v 7.221002 87.493988 10.978508
v 5.811163 86.535873 11.208366
v -15.840888 97.002434 3.885020
v 9.521318 98.317467 10.992786
v 13.177396 99.086456 7.582472
v -11.643893 95.068405 9.522793
v 18.683563 88.338036 0.111093
v 9.941931 87.192825 9.630556
v 3.859890 94.125038 14.093520
v -0.782818 93.577431 14.423345
v 1.357265 95.375725 14.551867
v 15.279609 102.233665 1.700935
v -12.486977 91.265030 9.007877
v 0.967974 90.754211 14.041260
v -7.010187 97.003334 12.520794
v -8.881470 92.781189 11.441410
v -2.179740 85.980606 11.955477
v 3.338707 87.332970 12.463402
v 12.347612 103.466331 7.532643
v -13.205567 102.341057 6.024305
v -8.563525 101.506516 10.690742
v -11.083275 102.652710 8.507344
v 17.509790 95.192299 0.761240
v -14.241625 96.811562 6.630211
v 18.407400 90.056023 0.336573
v 14.991014 96.941383 5.843825
v -16.450750 91.201950 5.076892
v -2.573981 88.541306 12.974022
v 9.086484 90.696953 11.110315
v 13.827258 93.474907 7.868922
v -15.756652 95.846336 4.745025
v -16.952730 96.124336 1.224252
v -18.513323 88.984932 -0.140780
v -10.863352 91.155472 10.018852
v -0.550988 91.568657 14.184574
v 7.721582 91.585419 12.344020
v -9.597427 97.700439 10.706024
v -14.203972 94.689156 7.269941
v -14.484884 92.616882 7.235998
v -16.870358 92.568214 3.887799
v 13.213016 95.116417 8.285431
v 14.567103 103.913078 3.593507
v -11.327516 89.249382 9.526127
v -9.577916 90.017342 10.556941
v -9.759204 100.177490 9.985151
v -11.349492 99.099098 9.054630
v 1.017412 85.848045 12.303383
v 0.493727 84.653168 11.856526
v -1.557208 84.817238 11.641562
v 6.652557 93.203308 13.050932
v 17.995728 87.963531 3.147037
v -12.362294 93.310310 9.145024
v -7.048184 100.430565 11.887358
v 2.067094 88.708946 13.274208
v 14.854773 101.841560 3.688019
v -5.970134 89.181198 12.042130
v -4.205256 89.520645 12.839110
v 13.793132 86.507423 7.817304
v 16.026386 87.249565 6.191457
v 13.972952 102.248856 5.491095
v -15.273170 100.469887 1.616734
v 15.751634 98.034721 3.933856
v 0.330736 102.653152 14.013086
v -13.117439 98.514885 7.469659
v -6.107570 91.122208 12.654932
v 6.063876 88.274696 11.869188
v 4.883106 102.652657 13.551906
v 8.725840 85.472504 9.786789
v 13.657422 96.760300 7.605094
v -4.782118 86.092018 11.362288
v 12.703167 101.623184 7.427758
v -17.926680 88.642349 3.090315
v -13.594118 93.572823 8.030606
v -15.118094 99.878685 3.166000
v 15.326551 95.956108 5.645428
v -18.345371 90.116608 -0.339664
v -3.139052 98.925163 14.044684
v 3.995167 98.704308 13.890453
v 6.654549 97.948502 13.130604
v 11.188887 103.369972 8.706157
v 15.790384 89.725471 5.956305
v 13.978533 89.875252 7.620595
v 12.198207 98.507454 8.761423
v -11.694077 87.556175 9.206626
v 17.529716 89.123833 3.635552
v -14.617993 98.297951 5.497911
v -4.170200 102.887741 13.516970
v 9.066034 88.721260 10.481843
v 10.856693 90.136108 9.846294
v 10.655268 88.213142 9.538359
v -1.140767 100.975220 13.973235
v 2.270094 100.905983 13.884459
v -9.360326 91.949684 11.003220
v 13.227396 103.726563 6.364553
v -4.184516 100.535553 13.595763
v -14.591647 99.910545 4.568811
v 4.965298 96.327255 14.002529
v -15.002980 101.360458 1.460558
v -14.452840 101.590805 3.641383
v -17.909929 92.747093 0.090088
v 15.951854 99.269844 2.248702
v -13.677295 104.212936 4.560045
v -4.839174 94.520210 13.631321
v -3.747289 92.917358 13.863565
v -6.788422 93.582565 12.631330
v -15.231395 94.932693 5.892354
v -17.236694 91.564323 3.460108
v 2.762759 93.031242 14.206999
v 3.344440 91.982086 13.953123
v 5.729111 94.100861 13.535119
v -14.506076 103.306419 1.631259
v 13.588045 101.403175 6.338944
v -3.123567 90.867874 13.628333
v 4.085127 84.753830 11.109714
v 5.177721 90.701439 13.176703
v 5.162837 100.476845 13.518459
v 7.260138 101.141068 12.252134
v -4.605639 87.739479 11.986239
v 7.924901 97.366219 12.374043
v 7.034537 95.644196 13.051653
v 9.392120 95.916710 11.405340
v -13.605636 101.174828 5.753620
v 10.843436 99.428986 9.652138
v 11.334886 85.943451 8.832233
v -1.286420 87.753021 12.907384
v 6.365266 102.781601 12.855083
v -0.864216 89.532417 13.609595
v 15.116358 103.216583 1.480524
v 14.774229 91.968292 6.892416
v 15.280956 91.319794 6.347315
v 17.056629 94.677406 2.753320
v -17.760136 90.352776 2.585353
v 16.539474 96.239265 3.204754
v 0.214724 100.241341 14.004534
v -0.569123 86.193054 12.378353
v 1.436682 86.842453 12.649388
v -12.660119 103.938881 6.496233
v 16.704773 91.563293 4.388115
v -16.088934 98.339127 0.914005
v -15.476227 98.692856 3.284710
v -14.007574 89.538658 7.919199
v 14.338440 97.569504 6.596828
v -1.393884 99.140381 14.078712
v -11.519418 86.387939 9.216228
v 18.200722 91.795929 0.147056
v -7.516287 87.458939 10.935531
v 17.044392 96.650192 0.889743
v 18.044506 89.946701 2.150076
v 14.895148 88.380249 6.955404
v 17.755882 91.616722 2.156600
v 7.873177 89.779610 11.572601
v -14.361199 87.692383 7.853427
v -8.048376 99.154854 11.452299
v -16.702028 95.335289 2.980989
v 0.736494 97.826920 14.228022
v 2.240520 99.148613 13.999630
v 3.498188 85.767708 11.744351
v -14.376307 100.781891 4.462715
v -13.416205 99.607330 6.703994
v 10.174761 92.667740 10.825467
v 8.922793 100.408585 11.031305
v 15.592916 101.085464 1.420437
v 15.342908 100.257973 3.334943
v -14.053332 104.444786 3.315388
v -14.231694 102.627586 3.670477
v 12.676336 92.909325 8.898125
v 13.382431 91.405251 8.203203
v 12.004887 91.402504 9.312029
v 14.961804 99.045509 5.037416
v 14.237972 100.323158 5.657662
v 13.895494 98.611244 6.847769
v 11.680431 93.711601 9.720913
v 9.307938 93.399094 11.471904
v 10.371125 94.721344 10.733541
v -12.845121 96.697716 8.237789
v 14.512153 102.526299 4.313257
v 17.897631 93.807487 0.130571
v 3.093416 95.049530 14.329823
v 2.034108 102.712212 13.936243
v -9.972679 89.262199 10.221692
v 6.255666 85.903374 10.837424
v -4.486214 85.014725 11.112412
v -13.787756 102.829880 4.801010
v 15.475406 93.804123 5.931828
v -5.612024 98.592293 13.157743
v 17.423491 93.086479 2.416378
v -1.511936 96.725189 14.456624
v 16.190647 93.267265 4.899571
v 16.669544 97.721443 0.689661
v -6.801520 98.018913 12.576739
v -10.789907 103.563454 8.662642
v -7.829946 90.420502 11.492594
v 15.825348 94.654724 5.236125
v 13.160732 88.673080 8.194622
v -15.063253 89.509315 7.069827
v -14.104755 90.561256 7.774297
v -15.022265 91.419296 6.835066
v -3.292113 95.185081 14.192871
v 0.083995 94.642708 14.563182
v -0.657512 95.813347 14.523272
v 13.904519 94.543785 7.673416
v -2.494623 86.747688 12.193032
v -2.305368 91.582565 13.938336
v -7.551010 88.583687 11.315593
v -13.109472 90.691383 8.545297
v -4.338666 96.904655 13.992121
v 2.176458 84.493179 11.580327
v 8.360750 95.273582 12.182228
v -9.965508 88.332085 9.983030
v -3.067265 101.124855 13.890710
v 4.381371 86.627686 11.804600
v -16.146746 90.273041 5.763645
v 18.331724 90.985924 -0.288324
v 9.449766 101.903702 10.425125
v 10.724866 101.633408 9.341926
v 10.220166 103.482521 9.597180
v 16.218046 99.015396 1.110661
v 4.659574 101.490181 13.566849
v -16.822525 94.478958 3.212478
v -11.902230 91.886192 9.425488
v -12.206621 98.409698 8.457359
v -8.947518 86.701385 10.156411
v 8.823958 86.214485 9.906026
v 10.039468 85.479950 9.305713
v 11.238721 87.005089 8.988262
v -17.624012 89.510483 3.394714
v -2.744621 102.959381 13.972521
v -1.215265 102.770882 14.040058
v 12.206134 100.822433 8.127062
v 13.574830 99.853355 6.817648
v -6.145204 99.777107 12.575572
v 18.535763 89.172119 0.317617
v -5.848048 96.444450 13.298553
v 14.733998 95.256584 6.623052
v 13.059270 90.140427 8.366544
v 11.792522 89.728691 9.163027
v 16.617519 95.202888 3.569578
v -7.307163 85.909157 10.637121
v -5.829815 101.738770 12.539779
v 17.570417 90.393097 3.106328
v -10.408670 98.487152 9.962548
v -11.275392 97.046654 9.578670
v -16.661938 87.933792 5.738221
v -17.508991 94.659637 0.382835
v 10.974416 96.822212 10.115642
v 14.842913 101.021011 4.150932
v -15.356521 96.483253 5.144828
v -13.762019 86.872459 8.329432
v -16.145758 93.940681 4.765760
v -15.130572 92.269936 6.569647
v 3.330133 90.035347 13.461562
v -18.195742 90.975838 -0.540569
v -11.852201 100.735275 8.096774
v 3.656975 89.019516 13.039643
v 17.534657 87.400795 4.297974
v -9.925115 85.919685 9.733447
v 16.226641 97.543625 3.005143
v 9.027409 97.409485 11.547939
v 8.905256 99.019333 11.324358
v 10.500566 100.265923 9.753012
v -0.255282 92.622986 14.371866
v 1.076124 93.067825 14.459121
v 5.495914 85.040680 10.781920
v 16.578684 90.417572 4.844959
v 15.036442 89.997040 6.697466
v -5.515454 91.695900 13.108704
v -2.979174 84.749634 11.313784
v -15.808483 98.767899 1.753900
v -12.834214 103.021011 6.433949
v -14.008638 95.524384 7.303283
v 4.928546 92.068451 13.556398
v -10.326211 87.391441 9.730529
v 6.965611 98.946060 12.757719
v 5.751240 98.563637 13.482868
v 3.473727 102.929176 13.852816
v -7.213393 103.250542 11.544267
v -10.061445 92.797150 10.698480
v -12.049657 88.877136 9.135793
v -12.791438 100.154808 7.259685
v -12.660913 101.828468 6.914696
v -16.321648 92.868645 4.801009
v -17.360367 93.080070 2.437301
v 4.711186 87.801277 12.216061
v -9.431350 102.107643 9.949415
v 14.009552 92.199974 7.675256
v 11.549381 95.626335 9.760649
v 12.841601 97.026848 8.423203
v 16.731077 92.370827 4.143225
v -9.380895 93.693840 11.131875
v -11.688496 93.845001 9.633241
v -17.203169 94.018501 2.396032
v 6.616032 90.970612 12.722883
v -18.084766 91.896141 -0.349350
v -16.982771 89.640709 4.656579
v -17.783695 93.569778 -0.125361
v 15.002097 86.858459 7.078642
v -14.772031 102.139771 1.301393
v -14.759124 101.635040 2.486903
v -17.310661 95.466637 0.194582
v -5.314357 103.223671 12.884982
v 5.257341 88.707413 12.437422
v -15.586737 97.740105 3.886390
v -13.199512 104.236122 5.560417
v 10.381093 91.794563 10.533539
v -15.462382 99.995270 0.963591
v 17.746601 94.654495 -0.021365
v 8.229075 103.293045 11.392288
v -6.227924 86.246628 10.954291
v 7.850707 93.688576 12.458159
v -7.826772 92.910011 12.055880
v -16.745180 96.956863 0.473414
v -13.047918 87.891571 8.583946
v 1.788825 97.026268 14.317960
v -9.086661 103.577507 10.083649
v -13.519940 91.975975 8.191072
v -2.059368 85.311737 11.961982
v -7.616473 85.358940 10.364864
v 8.345774 91.117767 11.741347
v 8.586484 92.272751 11.900314
v -5.102333 87.260483 11.660704
v -5.539718 88.385094 12.037572
v -14.924803 87.258118 7.576145
v 15.995652 99.826241 1.041473
v -15.515365 94.285561 5.649707
v 6.268068 89.892647 12.467138
v 4.896356 99.489449 13.675473
v 17.306837 95.956017 0.748610
v -4.396025 98.361015 13.795865
v -8.687480 89.243484 10.936326
v -6.292354 85.165367 10.694849
v -5.315516 92.608742 13.307982
v -3.532264 102.021400 13.717272
v 11.820204 96.485435 9.450783
v 2.205765 91.350319 14.059628
v 15.442448 97.459648 4.887599
v -17.703945 91.204758 2.390100
v 6.398770 100.545784 12.928676
v 4.007125 96.970551 14.167917
v 8.238520 88.084099 10.697996
v 8.561403 87.089546 10.235050
v 7.021519 92.414429 12.808426
v -9.553387 95.798431 10.964444
v 16.776020 88.888474 4.934016
v -7.338227 94.554489 12.337854
v 16.851494 93.941803 3.471421
v 16.426607 98.304604 1.155792
v 0.580477 89.099358 13.543919
v 0.248166 90.069511 13.856244
v -18.400251 88.499367 1.561802
v 0.861191 85.257935 12.082161
v -0.646033 101.885429 13.986845
v -9.984761 103.852936 9.334758
v -5.977493 94.399132 13.074291
v -5.709158 95.334335 13.295383
v -7.786836 95.824799 12.091395
v -12.649857 95.327438 8.651762
v -10.525723 99.484283 9.597147
v -10.538122 100.756065 9.282047
v -11.947204 99.933929 8.241051
v 12.412071 87.487526 8.529137
v -16.256517 97.030342 2.648074
v -14.411626 97.594864 6.148915
v -6.713227 96.081604 12.760474
v -9.151651 100.787758 10.338774
v -8.966887 99.578796 10.697168
v 15.408249 98.575371 4.398609
v 14.178519 104.159271 4.559172
v 15.864641 98.653603 3.166198
v 13.410125 95.986542 7.995454
v 1.965071 101.808098 13.892887
v 3.489542 85.171959 11.479148
v 16.041830 96.261230 4.284184
v -18.156870 90.394638 1.042394
v -17.908516 91.911873 1.045882
v 9.340179 103.597748 10.407299
v 7.561827 84.991074 10.116976
v -12.068443 90.019096 9.217743
v 6.573186 87.802368 11.380486
v -15.176328 98.249619 4.457288
v 9.711668 88.389252 10.060797
v -1.065107 100.041557 14.023270
v 11.460553 88.900360 9.218555
v 12.103059 88.510094 8.812894
v -16.264055 95.646111 3.837207
v 15.447287 95.206360 5.690145
v 12.587917 86.223618 8.348971
v 18.442905 88.355759 1.692029
v 13.700251 102.936584 5.791877
v -4.438350 91.160454 13.373446
v -14.200254 104.762184 2.297625
v 3.621615 100.915504 13.747646
v 13.430313 87.044624 7.991581
v -15.504058 88.636292 6.830691
v 9.657410 95.155190 11.261377
v -6.995739 91.857582 12.415761
v 13.706825 104.164337 5.520300
v -16.779648 91.863396 4.289810
v -10.352711 102.132683 9.214580
v -3.523907 86.171913 11.693306
v 15.020016 103.925331 1.023929
v -9.324341 94.468620 11.140434
v -11.154346 95.595406 9.839472
v -10.566784 94.544731 10.322226
v 7.325518 103.371948 12.165130
v 4.188039 95.606140 14.168183
v -14.415420 102.971474 2.688087
v 7.044412 86.779106 10.780647
v -14.288940 104.872543 1.207809
v -11.317149 93.031715 9.897917
v 12.780830 99.800125 7.781057
v 14.935907 104.610321 1.115771
v -15.773734 99.144882 0.583848
v 4.837286 86.069748 11.401881
v 15.471041 92.796822 6.015209
v 14.663492 93.608795 6.968326
v 11.950052 101.549911 8.254231
v 11.959083 92.167061 9.429235
v 6.523555 94.781319 13.259645
v -10.052208 91.581169 10.532101
v -8.359061 91.138321 11.409189
v -13.858146 103.528236 4.382020
v 8.154723 89.136581 11.175111
v 14.733328 90.622810 6.961099
v 10.283278 98.808487 10.287399
v -17.494226 88.022598 4.403146
v -0.554256 84.423302 11.687318
v 1.617700 100.048584 13.960309
v -7.550609 99.798073 11.667001
v 18.661871 87.756210 1.103260
v 9.928951 89.455132 10.229304
v 10.067039 90.344589 10.403362
v 6.444057 84.781853 10.439148
v -13.935017 93.036049 7.734507
v -14.632585 102.823090 1.040311
v -3.769075 99.688454 13.804088
v -16.618980 96.728180 1.777719
v -17.697617 93.069099 1.113105
v 14.552466 103.209679 3.925292
v -7.946623 100.850327 11.221803
v -13.255198 100.655472 6.494633
v 16.104322 91.725594 5.273564
v -3.164618 92.151558 13.908953
v 12.550187 102.354767 7.475856
v 11.043039 102.365242 8.963223
v -13.564333 96.659973 7.471443
v 0.052692 87.967262 13.126527
v 13.712400 100.551498 6.398334
v -6.666917 88.767975 11.772410
v 16.855118 96.422760 2.060207
v 4.910335 91.364189 13.429667
v 11.239153 97.651390 9.766238
v 17.886835 88.618973 3.117028
v -6.960411 102.438469 11.759441
v -4.240592 93.631935 13.795091
v -2.708140 93.185143 14.123112
v -2.551353 94.477036 14.263231
v -14.167885 101.392311 4.571167
v 14.502302 98.766312 5.931862
v 1.371052 96.228912 14.428514
v 15.161648 101.801216 2.709153
v 15.100007 102.686592 2.319856
v -5.620450 90.461487 12.612748
v -6.995120 90.912552 12.079961
v -6.902142 89.811951 11.792084
v 1.506023 98.476227 14.132957
v -5.469276 89.657684 12.364090
v 2.098965 90.293076 13.793568
v 3.820712 97.828697 14.076261
v -15.667287 91.118973 6.162726
v 14.350526 96.885071 6.736596
v 11.438564 99.001678 9.286585
v 11.673554 100.243111 8.736768
v -7.532006 88.078506 10.890977
v -12.343019 103.376747 7.039086
v 5.840529 92.665077 13.356526
v -8.612149 90.159081 11.068349
v 16.609579 86.950928 5.689571
v 14.017006 95.268227 7.443528
v -2.084336 98.428352 14.169758
v 0.793967 91.454910 14.215415
v 14.477893 101.844490 4.611993
v -2.265939 90.222206 13.614806
v -12.171878 95.756172 9.016300
v 8.544916 98.016624 11.799702
v -15.314940 99.296700 3.138492
v 0.467771 87.239113 12.858577
v 2.574580 88.146797 12.978782
v -17.109116 96.141014 -0.058108
v -4.644173 85.462578 11.508423
v 12.929329 98.360847 8.053628
v 2.518436 89.283760 13.402549
v -1.617285 89.065491 13.365463
v -3.593611 89.917671 13.206900
v 7.832304 85.716171 10.182550
v 16.347038 96.884453 3.214502
v 9.140571 96.636375 11.545291
v 10.412777 97.734650 10.418428
v 10.167234 96.380806 10.790301
v -14.839873 96.822151 5.798496
v -11.913717 87.021141 9.094757
v 8.315413 94.424637 12.163389
v 7.820582 101.799644 11.763430
v 6.941261 101.881615 12.421876
v 15.646212 88.987816 6.210425
v 6.026491 96.018394 13.598773
v 5.718481 97.027412 13.683952
v 7.488366 96.416130 12.761306
v -10.900010 96.313477 9.998860
v -8.643677 102.297318 10.540309
v -8.617859 97.530319 11.400906
v -9.071714 98.341789 10.997315
v -14.483316 99.300545 5.182024
v 7.173654 88.865067 11.592190
v -3.647629 87.209099 12.079093
v -3.662824 87.996948 12.407215
v -1.621560 87.204910 12.612877
v 15.433773 101.775696 1.128975
v -14.702905 100.461319 3.848844
v 2.214035 85.686523 12.061888
v 18.395226 90.458199 -0.908909
v -10.597408 97.359612 10.063125
v -9.167168 96.424377 11.205733
v -7.457795 98.560623 12.005968
v 1.047783 88.291595 13.235401
v 15.636102 87.756310 6.428953
v 18.028009 93.292580 -0.423844
v 18.161755 92.523445 -0.575737
v 17.699465 92.655190 1.834850
v -7.770149 102.259644 11.205987
v -8.300388 103.694756 10.706909
v -14.081118 88.957893 7.902223
v 12.132624 93.299400 9.356974
v 13.761232 92.756798 7.946389
v -6.540349 103.653770 12.048173
v -14.361482 103.612938 2.406829
v -12.118032 101.388115 7.662358
v -8.013192 92.230659 11.898846
v 11.403991 90.723785 9.607599
v -2.043763 93.729446 14.273313
v 11.039908 93.100189 10.185930
v -16.321724 97.919899 0.355107
v 0.687043 86.381996 12.510094
v -14.226724 96.143959 6.860606
v -15.829784 87.406693 6.821794
v -16.346092 88.604683 5.923184
v -13.345936 95.060516 8.061852
v 17.304493 91.595695 3.230015
v -14.027642 98.302834 6.394240
v -14.086444 99.610489 5.745212
v 18.360863 87.580269 2.461263
v 18.499027 89.713493 -0.785051
v 13.242251 101.958611 6.687167
v -12.651331 86.595222 8.834572
v -17.234602 92.199600 3.186170
v 18.823315 87.747574 -0.214080
v -13.432297 94.252182 8.115672
v 4.420372 94.862663 14.057579
v -12.257084 92.613190 9.217354
v 15.663260 86.611595 6.647269
v -13.109396 101.426872 6.431571
v 18.636988 88.847610 -0.855261
v 17.809837 93.254501 1.098176
v 15.630465 99.821251 2.827294
v 15.552184 100.662376 2.311479
v 15.833334 100.423035 0.855551
f 311 1 3687
f 311 243 1
f 3687 1 2
f 1569 309 2921
f 2271 1569 642
f 2628 2084 3377
f 2084 5 6
f 2347 2628 1232
f 302 2336 2497
f 3168 1994 791
f 1660 685 1482
f 1794 1231 521
f 2163 2756 9
f 1121 1400 1954
f 3459 2808 434
f 3772 2724 444
f 1762 521 2294
f 1710 1694 803
f 17 1710 2760
f 2831 1731 499
f 3717 14 1622
f 1738 2927 481
f 2831 2046 2830
f 1730 21 2703
f 3053 1489 3054
f 2451 1765 690
f 2676 1680 1127
f 1680 3055 1127
f 1361 991 1649
f 2724 1745 444
f 3464 2133 391
f 3294 27 28
f 3213 3294 1550
f 31 1381 30
f 2719 33 34
f 3366 3242 373
f 2720 3724 875
f 2824 2218 522
f 1419 3764 1277
f 2166 3031 2572
f 2954 1820 1062
f 3563 36 37
f 1810 41 1913
f 1861 2929 500
f 1275 1062 2255
f 2493 2363 950
f 3011 42 43
f 3435 2311 1149
f 45 2363 2493
f 2586 49 50
f 3348 1149 2311
f 2586 50 2319
f 3228 583 2384
f 2095 52 53
f 2095 2094 908
f 56 57 3276
f 1362 54 55
f 2827 55 56
f 2827 3276 1167
f 2180 2817 2401
f 3650 2180 574
f 3434 1006 3200
f 3434 3200 1217
f 1967 1494 1159
f 3037 2912 464
f 3170 2541 1006
f 1257 209 210
f 3393 2026 1438
f 1913 42 3011
f 3393 1257 3824
f 2121 1903 951
f 2156 1479 1198
f 3212 2943 550
f 1519 1351 360
f 1941 1233 713
f 3505 215 216
f 2032 1783 996
f 1979 1259 525
f 1980 736 2055
f 2987 2928 372
f 2501 2539 836
f 3268 2047 596
f 1463 2965 3064
f 3452 224 2320
f 1560 225 226
f 2288 1969 716
f 2806 3539 528
f 1877 229 230
f 2334 2973 3576
f 3248 229 1877
f 2345 1430 3042
f 1959 2901 503
f 1430 2549 985
f 2549 236 1932
f 3590 1577 667
f 1577 238 239
f 2606 3510 1200
f 3510 241 2358
f 58 3275 242
f 2358 241 3390
f 3390 3275 1151
f 2792 59 60
f 237 2173 1932
f 2312 2041 818
f 3790 2140 1148
f 1430 2880 3042
f 2140 2232 1046
f 2868 1574 634
f 2104 3266 768
f 2232 2140 65
f 2177 1297 416
f 3293 67 68
f 2292 2219 518
f 1665 1320 3105
f 2104 70 71
f 1005 2185 3266
f 1975 1472 378
f 2303 3737 625
f 3225 73 74
f 2822 2799 982
f 2370 2736 346
f 776 2405 1925
f 3636 78 2657
f 2657 78 1829
f 1829 3156 1300
f 2749 1975 378
f 3721 83 1673
f 82 3721 3722
f 1673 2862 1214
f 1766 1236 565
f 1871 2443 907
f 2098 86 87
f 1414 87 88
f 1943 2496 89
f 1709 91 92
f 2903 2666 461
f 2341 91 1709
f 3140 92 93
f 3588 834 2051
f 1394 2671 467
f 2117 453 2010
f 2402 1394 837
f 2053 1502 440
f 2039 2117 846
f 2090 1276 453
f 3327 100 101
f 2476 1526 804
f 2458 1499 688
f 804 1503 1502
f 2476 804 1725
f 2837 110 1266
f 3175 2922 947
f 2148 1266 111
f 3405 2148 112
f 113 114 2634
f 244 245 114
f 3405 112 113
f 2148 111 112
f 1266 110 111
f 3068 246 247
f 2458 109 1499
f 2951 248 249
f 1825 250 1618
f 2731 870 2485
f 2287 2033 938
f 251 3662 1618
f 3509 739 2893
f 2033 254 3509
f 3552 1591 396
f 2074 3321 739
f 2978 1248 523
f 3138 1789 622
f 2875 2978 1024
f 2878 2087 423
f 2171 1247 523
f 1610 1311 753
f 3209 2918 1398
f 2737 2556 448
f 3218 3173 1411
f 3759 2715 266
f 2702 264 265
f 2622 2034 806
f 2813 1736 515
f 2622 806 1454
f 3440 1879 376
f 1337 2109 806
f 2314 1410 588
f 3247 3181 515
f 2579 272 273
f 3780 273 274
f 2353 1918 1617
f 2991 740 2004
f 1900 1681 990
f 3786 2231 421
f 1978 1655 279
f 2112 1926 508
f 1617 1245 2353
f 3686 872 1918
f 3555 2534 2707
f 1806 2112 2963
f 2196 881 1806
f 3593 2266 1292
f 3389 1392 1937
f 2352 1395 355
f 1197 2605 897
f 3325 2184 290
f 2190 2191 758
f 3070 1724 726
f 3489 2481 1146
f 3489 296 2481
f 1418 1936 725
f 1726 3277 657
f 298 299 1936
f 1390 300 1726
f 1726 2497 3277
f 1079 1839 3536
f 2336 303 2743
f 3535 1663 305
f 3535 305 306
f 2271 1074 2583
f 3066 2522 642
f 2921 3066 1569
f 3428 1587 957
f 1644 3047 3229
f 2726 3049 613
f 2830 2046 803
f 1178 1990 3193
f 3173 1311 1610
f 1891 1890 1279
f 3033 2580 859
f 2369 2465 784
f 2089 1250 407
f 3338 3309 317
f 740 2006 2005
f 2327 1332 318
f 2680 1871 489
f 2346 1541 465
f 1896 1897 696
f 3194 1678 422
f 3591 3138 622
f 1069 2419 2071
f 1231 12 3717
f 2048 1551 3426
f 2904 1493 320
f 2487 3407 364
f 1877 1012 2976
f 2466 1679 647
f 2818 1735 911
f 1573 1722 325
f 1292 2404 2361
f 1434 2393 703
f 3753 1584 724
f 3843 1370 576
f 1905 1251 329
f 1874 1326 1008
f 2945 2222 456
f 1863 1716 409
f 2717 1951 491
f 3638 531 2559
f 1601 2761 322
f 1845 2020 447
f 3790 63 64
f 2144 1213 701
f 2602 534 2578
f 1809 38 39
f 3051 1237 334
f 2099 2900 386
f 3273 1521 315
f 3710 2325 823
f 1676 2925 386
f 3109 1536 336
f 1697 1417 370
f 2593 2752 3230
f 3341 3125 325
f 2859 1603 638
f 1260 218 219
f 1972 1757 442
f 3119 1218 726
f 3454 1822 362
f 2528 268 1454
f 2316 80 81
f 2430 2192 353
f 1510 1321 342
f 2899 1626 3130
f 2226 1433 389
f 2042 1611 460
f 3572 706 1862
f 3663 2455 884
f 1353 3202 3768
f 3761 2227 3358
f 3635 895 1604
f 3198 2614 363
f 2409 1422 347
f 2957 1708 346
f 3214 2194 348
f 1183 1876 463
f 3285 2189 3745
f 249 250 1825
f 1476 2645 455
f 1160 1177 3813
f 1593 1513 3504
f 3838 8 1660
f 2468 1641 96
f 3308 2512 867
f 2306 353 1421
f 2563 2111 318
f 3631 1516 354
f 3303 3048 2100
f 3619 672 2038
f 2153 1162 2648
f 1753 3196 3295
f 810 1659 1385
f 2685 3378 446
f 2151 1042 2406
f 2035 762 2205
f 3777 262 1610
f 2440 2168 366
f 2221 1828 1405
f 1852 360 1331
f 3352 2751 569
f 2020 2873 447
f 1229 1102 2749
f 2415 2241 362
f 3499 2159 1078
f 1230 2297 1599
f 1328 2386 392
f 798 1255 2394
f 2558 1298 3320
f 2701 1427 931
f 3666 393 2783
f 2603 988 2769
f 3281 2243 553
f 3400 1581 439
f 1439 2236 3196
f 1593 2489 571
f 2760 1710 921
f 2680 489 2233
f 1254 1886 345
f 2315 2883 1866
f 2213 2214 1263
f 2718 2753 1661
f 2457 2024 3657
f 2539 1980 836
f 3137 3482 323
f 2505 3589 2695
f 2418 1466 605
f 3755 2862 84
f 2664 1671 322
f 1268 2536 1354
f 1495 3151 371
f 1736 3247 515
f 1961 3220 1566
f 3331 875 2675
f 3237 1803 475
f 2199 1229 524
f 3709 1798 400
f 3678 1756 471
f 3846 420 2329
f 1635 3289 380
f 2642 1510 342
f 3418 2871 599
f 3134 815 2776
f 1645 3087 1012
f 1976 1480 1977
f 2059 1621 383
f 1233 1941 2944
f 3365 3565 1683
f 3519 2631 884
f 3426 1650 1060
f 2181 2182 1043
f 1997 1522 945
f 2867 1875 1050
f 2462 387 1273
f 2484 1801 816
f 1674 3463 407
f 1204 61 2312
f 1433 1287 389
f 1648 1327 636
f 1401 1559 428
f 3456 1875 328
f 2550 3682 561
f 1109 1701 3549
f 1131 2726 1237
f 3707 3416 1193
f 3779 2220 464
f 2643 2907 3434
f 3808 2408 479
f 3488 1687 435
f 2172 1384 395
f 3058 2972 469
f 1080 1591 3552
f 1719 3689 495
f 3431 1721 397
f 2223 3488 435
f 1904 2855 454
f 711 1911 2908
f 2794 2713 945
f 1983 1347 3347
f 1798 2734 400
f 1209 2430 2359
f 3157 1652 72
f 2281 614 1851
f 3310 3311 1989
f 2244 719 1534
f 3001 403 1827
f 2982 3567 394
f 1820 2954 404
f 3088 1780 874
f 1892 1893 1290
f 1938 2187 343
f 1133 3030 1819
f 2669 1970 384
f 1674 2284 1286
f 3189 68 69
f 2138 2995 408
f 2490 2553 430
f 3852 2249 486
f 3655 2318 3040
f 2391 2339 410
f 3352 2729 1191
f 3056 1732 971
f 2703 21 22
f 3708 3697 1776
f 3231 1383 2267
f 2076 2307 1235
f 3156 80 2316
f 1936 3511 298
f 2507 3696 482
f 2809 1457 689
f 3656 2662 332
f 2078 716 1560
f 1536 2178 336
f 2129 1263 417
f 2061 2277 786
f 1208 2301 3647
f 2275 2374 537
f 3161 2126 767
f 2635 2044 1172
f 1333 2329 420
f 2845 1542 1289
f 3135 2006 740
f 3816 1681 367
f 2082 3029 493
f 2744 1662 644
f 2400 1247 2337
f 2270 1440 375
f 723 1387 1340
f 2628 4 5
f 2439 1638 1313
f 1533 2626 1369
f 1576 2516 426
f 3035 1239 3036
f 2890 2486 890
f 1486 247 2952
f 3040 2318 428
f 3127 1632 342
f 1966 2250 429
f 994 1350 3190
f 2360 3669 533
f 1743 1455 994
f 1382 2073 2486
f 2208 1789 1007
f 3486 2381 432
f 2452 1375 671
f 2924 1564 611
f 3309 2013 317
f 2808 1777 434
f 1994 12 1231
f 1775 2123 502
f 2484 1431 319
f 1389 2589 864
f 1812 2031 425
f 2992 2599 437
f 1578 1696 541
f 2753 1355 438
f 3519 1611 2631
f 3400 439 2389
f 2807 1631 632
f 3265 1547 440
f 2485 103 104
f 2022 1375 441
f 2434 2065 450
f 3406 442 2265
f 2607 3437 313
f 2990 3357 443
f 3323 3825 1459
f 2552 1763 2447
f 1950 2467 690
f 1606 3000 659
f 2450 3397 3849
f 3378 2445 446
f 1367 1897 586
f 3245 3180 614
f 1605 1881 1122
f 1807 2396 448
f 3653 3206 770
f 3532 1937 838
f 3134 2355 441
f 2050 2434 811
f 3256 442 1757
f 3732 2773 451
f 3599 2575 1318
f 2939 3691 1783
f 2748 1571 3387
f 3503 846 2388
f 2591 396 1706
f 3526 1583 925
f 1372 2854 3217
f 2616 1476 455
f 1731 3386 1144
f 1413 2659 2107
f 2520 3501 556
f 3123 1636 457
f 2848 1544 630
f 1627 3124 458
f 3655 2317 808
f 3059 2706 1910
f 3557 1682 496
f 3480 1715 654
f 2145 1653 1234
f 1923 827 1924
f 1836 1650 385
f 1908 1305 462
f 2930 1597 463
f 1353 1183 807
f 2835 2018 493
f 2912 2059 748
f 2162 208 209
f 2237 3788 882
f 1651 2730 895
f 3432 3856 466
f 2079 31 32
f 3588 2511 834
f 2203 1769 468
f 2688 683 1512
f 1952 1254 345
f 3108 1481 469
f 2617 3092 476
f 3171 2474 663
f 1564 2570 433
f 2610 1901 471
f 1919 1209 709
f 3339 2816 1069
f 2447 1763 444
f 2985 2648 473
f 2850 2804 368
f 3301 1968 657
f 3858 1954 351
f 1309 1859 2483
f 3708 1599 412
f 2789 2617 476
f 1977 336 1514
f 2290 1739 477
f 3201 1514 336
f 3359 1988 718
f 2509 2590 2858
f 3444 3808 479
f 2247 1505 530
f 1262 1931 2080
f 3448 1815 676
f 2361 2179 881
f 3295 1620 845
f 3847 564 1396
f 1846 1867 450
f 1504 2062 593
f 2287 253 2033
f 2089 1026 3471
f 2281 3714 614
f 1600 3380 485
f 3257 3513 1115
f 2009 1338 805
f 2269 1253 409
f 3629 1098 1916
f 2631 1611 737
f 3240 743 1756
f 3846 2259 420
f 3246 2233 903
f 2762 1346 445
f 1922 776 1925
f 3096 2885 906
f 1951 2182 491
f 3083 1587 314
f 2258 2195 492
f 2525 1252 529
f 1822 2344 618
f 2018 1065 2239
f 3726 1881 1261
f 1986 1250 687
f 2949 1993 717
f 1769 3219 468
f 3605 2477 820
f 3557 1692 3556
f 3119 3601 497
f 2253 1390 657
f 1786 3117 516
f 2597 2244 605
f 3441 3078 499
f 1710 17 18
f 3223 1780 500
f 2311 48 1850
f 3376 501 3373
f 2538 1686 660
f 2823 2867 1050
f 1686 3375 392
f 1817 2838 1271
f 2649 1339 3174
f 2399 2818 911
f 2564 1637 337
f 1314 2068 3148
f 3215 1658 475
f 2798 2730 506
f 2483 1803 775
f 2186 1258 773
f 2571 1234 317
f 284 2963 2295
f 2381 2707 432
f 1189 2300 509
f 2377 1447 510
f 3799 2211 1171
f 3639 1429 419
f 2166 2572 869
f 2696 1379 333
f 2146 2349 1082
f 2616 455 1529
f 2681 2523 513
f 3438 2080 480
f 2114 3169 514
f 2136 1965 2900
f 2034 1337 806
f 2425 2938 589
f 1572 2356 516
f 3652 603 1467
f 1540 1202 1539
f 3585 1616 560
f 3266 2185 768
f 2608 1595 361
f 3098 1737 761
f 1511 1165 3391
f 2014 3385 520
f 2651 2290 1449
f 3447 3335 942
f 2946 670 1746
f 2658 1128 2446
f 1776 2755 2068
f 2978 1789 1024
f 2909 2400 1609
f 76 2365 2800
f 1320 2575 563
f 3581 1032 1940
f 2137 1331 538
f 3221 2213 1263
f 2276 1302 335
f 3606 837 2468
f 2060 1705 3209
f 2273 1073 2569
f 3620 1490 598
f 1899 529 1253
f 2113 2330 344
f 1051 2876 2408
f 1422 1105 1811
f 2126 1429 2383
f 2243 1335 553
f 2147 532 1307
f 1992 610 1525
f 2144 701 1848
f 2380 1255 798
f 2257 2578 534
f 1903 3212 550
f 1888 1289 535
f 3617 2444 1064
f 782 2506 1284
f 2326 1333 781
f 2374 1303 537
f 2609 2594 398
f 1368 2137 538
f 2975 2555 831
f 3859 1790 539
f 3140 93 2652
f 2342 3358 540
f 829 1324 2515
f 1781 1493 976
f 1282 2216 1576
f 1978 2124 796
f 1308 2673 532
f 3361 1006 2907
f 2220 3037 464
f 2765 2125 544
f 2241 1393 1087
f 1984 3651 1180
f 2638 905 2747
f 3120 3115 546
f 3302 2357 545
f 2623 1764 624
f 1285 2310 569
f 2625 1268 548
f 3220 2754 324
f 1326 1874 549
f 2532 1830 3671
f 3574 2580 550
f 3573 211 212
f 2019 551 1571
f 1455 1743 430
f 2340 2131 3186
f 3034 2868 634
f 2633 1435 594
f 1174 1509 2325
f 2604 3255 554
f 2843 1357 454
f 1509 1356 555
f 927 1357 2843
f 1921 2896 556
f 3478 1742 519
f 1585 2826 1230
f 1646 1168 590
f 2562 2439 558
f 1313 3349 627
f 1246 1141 3632
f 3501 1921 556
f 43 2432 3011
f 2372 1202 799
f 3113 1680 1037
f 1489 22 3227
f 1991 2433 615
f 1012 2861 2881
f 3672 2323 1851
f 2840 1793 681
f 3278 772 1199
f 3479 2507 482
f 1766 3008 1047
f 3755 84 85
f 1975 2379 797
f 3814 3008 565
f 2854 2436 567
f 1296 2114 514
f 2340 818 2131
f 2792 3275 59
f 2751 2339 904
f 2654 2291 573
f 2667 1147 3031
f 2567 2675 35
f 929 2407 1711
f 2488 1744 472
f 1400 3531 572
f 1088 1794 3335
f 2260 3197 573
f 2759 823 1615
f 3142 3650 574
f 2817 3276 202
f 3827 3420 575
f 3638 3481 531
f 3367 1533 576
f 1545 3350 425
f 2184 1197 897
f 3195 1439 3196
f 266 267 3759
f 3502 375 2536
f 1689 1464 579
f 1797 2987 2964
f 2559 1999 1429
f 2044 3019 3420
f 3222 2612 581
f 2750 2492 338
f 3006 2627 732
f 2524 1881 606
f 3587 2784 583
f 3748 3089 1139
f 1608 1465 2546
f 1975 3307 2379
f 1124 2099 1296
f 2532 1477 613
f 1371 1749 850
f 2478 1682 668
f 3623 587 3624
f 2866 1488 648
f 2911 2314 588
f 3159 3527 1409
f 2938 1567 589
f 3337 2625 548
f 3284 2504 992
f 1243 3232 3236
f 2101 1495 591
f 2630 1933 438
f 2961 1592 922
f 1653 2145 460
f 3076 593 2062
f 1526 107 2458
f 3244 2633 1341
f 3725 988 2789
f 86 2098 3063
f 3592 2233 489
f 2962 1515 2651
f 3201 336 2178
f 1977 2047 673
f 1480 1481 974
f 3620 598 2040
f 3701 2283 494
f 3680 3418 599
f 2355 2022 441
f 2971 2811 600
f 3137 788 1285
f 1464 1297 932
f 3578 975 2928
f 2696 1540 2698
f 1427 2701 1960
f 3836 1960 603
f 2678 1539 517
f 3718 1224 3719
f 3302 2624 857
f 1466 2418 3698
f 2626 2716 1369
f 1881 1605 606
f 3315 1669 767
f 3216 607 1831
f 3294 3213 27
f 2778 3766 608
f 3047 3046 1800
f 2356 3089 1120
f 3779 464 1778
f 2564 1525 2494
f 2899 1627 628
f 1796 3110 3150
f 2860 1748 592
f 3414 1623 1193
f 3375 1686 1067
f 3235 3049 1131
f 2656 392 1755
f 1274 3180 1118
f 3245 2020 913
f 233 2345 2557
f 3399 2110 382
f 2637 1579 616
f 2993 1573 892
f 3612 1571 617
f 1981 1259 736
f 3207 1822 618
f 2333 1684 645
f 2403 1413 619
f 3122 1543 381
f 2828 1551 3104
f 1625 3084 485
f 3768 3177 1364
f 1741 1507 3057
f 2780 3591 1316
f 2955 3013 358
f 1990 1433 778
f 3514 1880 653
f 2487 1561 1498
f 2709 1583 327
f 73 3225 1527
f 2303 3105 401
f 1081 1545 3351
f 1727 1983 754
f 1843 1487 1081
f 3415 1192 2439
f 1974 1626 628
f 966 1627 2426
f 2947 3299 629
f 962 1634 3129
f 1544 3342 630
f 2302 1460 599
f 3823 631 1628
f 1630 3287 632
f 3287 3832 632
f 964 1631 3125
f 1833 1346 2778
f 1059 1600 3398
f 2960 1784 634
f 2232 65 66
f 1516 2933 3626
f 3749 703 1930
f 2877 1443 636
f 1433 1990 623
f 1594 1707 637
f 2699 1357 555
f 3176 1452 3296
f 1219 2251 2244
f 2722 1476 639
f 1083 2158 1824
f 2160 3576 640
f 229 3248 228
f 1982 641 1642
f 2920 1530 348
f 3146 306 307
f 3700 2950 1340
f 1585 3809 643
f 2067 1314 377
f 3093 1662 2230
f 3258 1718 3546
f 2159 3499 3633
f 3365 1684 1097
f 3218 2740 646
f 2343 1166 2878
f 2544 647 1678
f 2718 1661 644
f 2133 2366 648
f 3567 2766 394
f 3857 1531 1530
f 2182 2560 491
f 3750 2332 650
f 1587 1586 920
f 2096 3546 651
f 2330 1272 344
f 3328 3508 652
f 3250 3648 1948
f 1841 653 1692
f 387 1444 1443
f 1096 1716 3561
f 3353 2145 832
f 3280 1664 1074
f 2743 303 304
f 3770 1733 1157
f 3577 1769 801
f 3362 1968 1014
f 3695 2336 877
f 1844 1485 2772
f 3068 2634 246
f 1816 1607 741
f 2375 1471 584
f 1801 1685 660
f 2538 1066 3364
f 3465 1946 661
f 2579 2070 272
f 3015 2454 1613
f 2551 902 1404
f 2474 1496 663
f 1567 1566 856
f 3549 1701 664
f 1928 3445 703
f 1456 1387 3791
f 655 2475 1663
f 1732 1731 666
f 1730 2364 20
f 1959 3590 667
f 2606 239 240
f 2470 2354 1273
f 3283 586 2693
f 1658 2888 669
f 992 2820 3284
f 2503 3162 1744
f 1785 1423 968
f 3490 2452 671
f 2355 1462 3342
f 3696 1283 672
f 2460 1972 814
f 3091 3090 987
f 2047 1514 596
f 1175 3854 1720
f 2175 1349 623
f 3303 1773 675
f 3560 502 2823
f 888 3172 1598
f 2959 2796 886
f 2362 1276 677
f 2948 1719 495
f 3807 1698 983
f 2502 1688 727
f 437 1590 2495
f 1591 1469 2235
f 1742 680 1165
f 2896 1921 961
f 2390 1793 2840
f 2011 1170 510
f 3046 1799 682
f 3253 1799 1001
f 2207 1512 3542
f 2264 1751 827
f 3537 1872 684
f 2648 2141 473
f 6 1482 2084
f 2808 1954 723
f 1858 1651 686
f 1859 2736 999
f 3471 3506 687
f 3506 1805 1027
f 1504 1503 688
f 3404 1486 658
f 1135 1861 3763
f 2809 1013 1457
f 1765 1950 690
f 2467 3386 411
f 2453 1596 691
f 2434 2050 810
f 2563 1189 692
f 2734 2127 400
f 2771 1781 693
f 2428 3069 1305
f 3334 694 1914
f 1668 1683 487
f 1252 1917 1474
f 1517 695 2113
f 3830 2338 1707
f 1897 1896 1366
f 2508 1468 697
f 1893 405 1290
f 1213 3760 1325
f 3667 1891 547
f 732 1640 1639
f 2172 1866 1384
f 3747 1819 700
f 1252 1819 406
f 2252 2970 777
f 3017 1849 1256
f 2077 2088 702
f 1931 1944 1048
f 2393 1928 703
f 3864 1929 1052
f 3005 1810 939
f 1912 1837 1293
f 2249 3733 705
f 2464 1432 773
f 3572 1517 706
f 1716 1823 654
f 2508 1855 1468
f 486 2249 1338
f 1113 1882 3676
f 2075 1816 741
f 3798 2127 1220
f 2105 2377 510
f 3742 1888 710
f 2547 1909 711
f 3141 916 2931
f 3648 2438 712
f 1910 1948 1304
f 3729 2477 3605
f 215 3505 1939
f 3670 2411 214
f 3354 1228 714
f 2500 1288 535
f 1301 1956 2268
f 2862 83 84
f 2288 1878 1023
f 3112 224 225
f 2235 1469 717
f 3625 2198 352
f 3360 1988 3359
f 2979 1989 1137
f 2251 1966 719
f 2692 3273 315
f 3817 2526 1206
f 483 1225 2892
f 2967 2001 2969
f 3224 355 1395
f 3100 1886 1254
f 1183 2331 807
f 1777 723 1340
f 3858 351 1747
f 2779 1693 724
f 2079 1381 31
f 3511 1936 1418
f 3278 2469 772
f 3601 1724 3602
f 2923 1846 2065
f 2741 2296 727
f 2591 1706 677
f 2128 728 2023
f 1868 1867 853
f 1188 2037 2891
f 3763 689 1457
f 1386 730 1356
f 1357 1904 454
f 3009 1649 731
f 2779 1870 1693
f 2627 1640 732
f 1185 3269 1004
f 3861 2687 733
f 1780 2733 500
f 3769 3564 1622
f 1345 2850 2851
f 3306 1873 1102
f 3156 79 80
f 1980 3740 736
f 1259 1981 360
f 1933 737 1272
f 3863 934 3828
f 2448 443 3357
f 1779 2348 813
f 1382 2893 739
f 1424 3591 622
f 276 2004 2399
f 3584 909 2814
f 1236 2075 741
f 1816 1606 659
f 3265 1548 1547
f 2502 2090 1688
f 2057 1195 743
f 1901 1329 692
f 3649 1262 744
f 3437 1813 313
f 3833 2024 745
f 3279 2414 433
f 1847 1445 2735
f 3517 1844 3817
f 1958 2066 995
f 3148 2119 787
f 2660 2058 1399
f 2282 1479 847
f 2142 2143 749
f 3756 1593 571
f 1650 1836 750
f 957 1587 3083
f 1698 2150 2149
f 3551 1080 1699
f 3185 752 1962
f 2167 2021 437
f 260 2169 1248
f 2217 1311 423
f 3274 1983 1727
f 3651 2357 1180
f 1032 2193 2852
f 1368 2611 849
f 3778 756 2177
f 2988 1538 932
f 3843 1802 757
f 1420 2007 864
f 3806 2191 2190
f 2190 3533 293
f 3436 1181 759
f 2325 1615 823
f 2192 2906 760
f 1223 2188 764
f 2435 1388 761
f 3520 1737 1176
f 2932 762 2189
f 3285 3322 1963
f 2222 1840 763
f 619 3609 3419
f 3356 1223 764
f 1336 2243 3281
f 2377 2306 765
f 3481 3356 531
f 2211 1447 766
f 3316 1845 447
f 1470 2134 2383
f 2209 2874 766
f 69 1857 3189
f 3343 1227 1027
f 2082 2018 769
f 1970 3545 1101
f 3776 770 2765
f 2155 2239 1065
f 1446 2194 771
f 3746 1133 1906
f 2352 2272 772
f 2152 1415 414
f 3543 2186 1432
f 3643 2521 559
f 2154 1435 774
f 2291 2350 1298
f 2246 1309 775
f 1505 1431 816
f 1924 1546 776
f 3145 2664 2621
f 2970 3210 940
f 2561 3579 402
f 3193 1990 778
f 2226 389 1713
f 2054 1420 2589
f 2614 1407 889
f 2321 1463 780
f 3112 2320 224
f 2620 1562 781
f 1927 1288 2500
f 2429 509 1208
f 2506 2373 536
f 3597 2151 783
f 2195 1446 771
f 2449 1365 784
f 2278 1302 786
f 1987 2329 785
f 2373 1333 536
f 2277 1691 786
f 1302 2278 537
f 2118 1314 787
f 1649 1708 731
f 1788 871 2043
f 2811 1672 3837
f 1426 2281 789
f 2324 2323 1320
f 2712 2357 790
f 3822 1583 1373
f 3168 791 2163
f 3335 2851 942
f 3013 2955 1657
f 2342 2337 1093
f 3841 2085 793
f 2086 2085 936
f 2412 1286 794
f 1986 3704 1122
f 2574 2231 795
f 2437 1307 337
f 2124 1244 796
f 279 1655 278
f 3820 2378 2202
f 2202 797 1301
f 3815 2380 798
f 2395 2394 1347
f 1222 2218 1895
f 517 1203 2015
f 2992 800 1578
f 3013 1657 1019
f 2197 1734 801
f 2613 1751 683
f 3654 2522 1834
f 1482 6 3838
f 18 1694 1710
f 3771 2046 1143
f 105 106 1725
f 3076 1501 593
f 2596 2706 967
f 1714 1344 652
f 268 2622 1454
f 3183 2270 375
f 3057 1507 385
f 2332 2331 1586
f 2186 2317 1258
f 2318 1619 2916
f 2431 1264 809
f 2429 1209 1919
f 3243 1659 810
f 1760 1620 356
f 449 2050 2049
f 811 1439 2049
f 2472 812 1461
f 2460 1758 672
f 2349 1824 813
f 2348 1779 1089
f 1757 1972 2460
f 3450 599 1460
f 1460 2302 3074
f 339 2023 1868
f 3239 319 1431
f 3752 3423 1105
f 1773 1811 817
f 2123 2122 1008
f 1211 2130 2340
f 2131 2041 1148
f 3433 2674 2088
f 1422 3422 1105
f 1682 2478 2477
f 3729 1140 1947
f 2980 2532 821
f 3711 1273 387
f 3523 2521 2093
f 2598 2520 1310
f 2514 3710 823
f 2844 1357 927
f 1404 2392 2786
f 2592 2280 1529
f 3514 1287 825
f 1349 1996 623
f 1312 2847 1709
f 2341 1943 90
f 3713 1768 827
f 369 1923 1922
f 1782 2427 2428
f 2788 1885 462
f 2517 1324 829
f 2516 3035 956
f 1428 2491 830
f 2492 2144 1848
f 2554 1455 831
f 2975 1330 538
f 3353 832 2482
f 2289 1556 2317
f 2801 2543 1835
f 2907 205 206
f 2655 1312 834
f 1641 2468 837
f 2564 2494 835
f 2570 2494 1156
f 3064 1084 2942
f 2032 219 220
f 2402 3606 1317
f 1641 2051 95
f 291 292 2200
f 1448 1937 449
f 3384 839 2416
f 1036 1533 3367
f 2346 840 1352
f 2366 2000 648
f 2653 2397 841
f 1807 3841 1166
f 2588 2607 842
f 3419 3418 1391
f 2841 3640 843
f 2412 3645 1491
f 1900 2527 1681
f 2640 2637 1580
f 3555 1753 845
f 3041 1869 441
f 98 2388 3021
f 2825 2010 1100
f 2059 2282 3595
f 1452 2859 638
f 2385 1687 848
f 3326 2386 1328
f 2995 1368 849
f 1428 2492 2750
f 3283 1676 850
f 3187 1522 604
f 3254 1765 851
f 2442 1403 587
f 3739 852 2158
f 2158 3631 354
f 1867 1846 853
f 3476 2038 1758
f 3045 2390 1408
f 3751 2646 1319
f 2822 2576 1665
f 2575 2577 1318
f 3417 2466 923
f 3297 3220 324
f 3234 857 2624
f 3302 1690 2357
f 1590 2599 3787
f 1493 3081 976
f 2257 2581 1621
f 2582 2580 1198
f 1334 357 2449
f 3026 860 2374
f 3262 2804 1345
f 2447 1745 2946
f 1867 728 1184
f 1620 2452 845
f 2031 1802 863
f 626 3472 2767
f 3038 436 1389
f 2691 2690 1378
f 1379 2696 865
f 3598 2505 866
f 3598 866 1894
f 3409 576 1370
f 1751 3713 827
f 2512 1364 2903
f 3492 2665 868
f 3381 1625 1058
f 939 2165 1809
f 3563 2567 36
f 103 2485 1654
f 727 2296 1547
f 2043 2310 788
f 2310 2729 569
f 3686 1900 872
f 2640 1580 367
f 2723 1745 873
f 3079 499 3078
f 2017 2016 874
f 2037 1554 729
f 32 33 1729
f 3764 1419 570
f 2761 1601 876
f 3583 445 1884
f 2758 3695 877
f 2743 304 305
f 2962 2651 878
f 2135 1449 1009
f 2402 527 1394
f 2688 2613 683
f 1752 2689 880
f 2511 3588 1582
f 285 286 1806
f 3553 2707 998
f 3788 2237 1381
f 2829 3294 28
f 2683 2335 883
f 2673 3184 1306
f 1933 2630 2631
f 1611 2996 460
f 1497 2533 885
f 2754 2718 1662
f 3313 3391 886
f 2959 3172 676
f 2222 887 1840
f 2947 2642 1632
f 2795 3028 1598
f 2107 3609 619
f 1378 363 1646
f 3615 612 1508
f 2518 2106 3538
f 1963 2486 431
f 2803 1580 891
f 2102 2494 610
f 2573 1581 892
f 2926 1573 325
f 2941 2805 893
f 3539 1270 2935
f 2110 894 1817
f 2880 1430 985
f 2957 1651 895
f 2798 506 2262
f 2705 896 1856
f 2350 2759 359
f 3167 577 2293
f 289 2266 288
f 1678 2230 898
f 2116 1483 769
f 2566 2457 899
f 2414 1974 2919
f 2788 1305 900
f 1876 2930 463
f 3580 2771 901
f 1157 1733 3774
f 1613 2864 2551
f 1555 2866 648
f 88 2496 1414
f 1552 2886 906
f 1280 2584 2391
f 3352 3197 1190
f 3451 2545 1764
f 2747 2639 857
f 1492 2887 2885
f 2885 3096 3677
f 2443 1922 907
f 2886 3096 906
f 2095 2423 1295
f 1494 2543 393
f 2005 2574 909
f 2814 1451 3467
f 2784 2898 910
f 2783 2801 1117
f 2003 2818 1179
f 3780 1500 273
f 2212 2874 2872
f 3744 1426 1319
f 3705 361 1605
f 3317 1845 1035
f 2777 1462 914
f 2871 3418 1458
f 3600 1606 915
f 1883 2075 374
f 3141 2547 916
f 3521 1896 696
f 2919 1974 917
f 3338 317 1234
f 1358 2857 2590
f 2510 3176 478
f 900 2530 2529
f 2529 1876 722
f 2981 1597 920
f 3633 1683 1107
f 15 2760 1761
f 1763 2045 444
f 1704 2936 922
f 2997 1653 933
f 3417 923 1440
f 1354 548 1268
f 2832 2831 924
f 2364 1694 19
f 3860 925 2709
f 3217 3718 1373
f 2856 2854 926
f 2855 926 1372
f 2325 2844 1615
f 359 2069 3783
f 1838 2153 928
f 2986 2240 1397
f 1396 473 1712
f 2902 2489 969
f 1606 2999 3000
f 3229 3047 341
f 1539 2678 931
f 3383 2416 373
f 1536 601 2351
f 2964 1703 935
f 2937 2997 1702
f 371 2456 2455
f 1854 934 1823
f 1715 2042 460
f 2966 1797 935
f 2965 2052 1402
f 2556 2625 936
f 2224 3653 770
f 841 2397 2396
f 1354 1677 548
f 252 253 2287
f 483 2890 2106
f 3706 2165 939
f 3005 1809 39
f 3462 1848 940
f 2250 1670 429
f 3826 2471 941
f 3046 3688 1799
f 3757 2849 1513
f 2804 861 1746
f 2426 943 1619
f 2565 2521 1401
f 3236 3473 2286
f 505 3097 2119
f 3765 2794 1075
f 3270 3187 1124
f 801 2203 2787
f 2688 1512 879
f 1504 688 2183
f 2922 2953 1485
f 3007 1688 948
f 3327 2039 100
f 2882 3827 949
f 2884 2315 1697
f 2493 950 1616
f 3088 874 2016
f 211 3573 2026
f 3033 3003 2580
f 3101 1723 952
f 2993 892 1581
f 1465 3027 2375
f 2774 1798 955
f 1471 3045 954
f 3044 3043 1472
f 953 2774 2773
f 1793 1791 681
f 2427 2516 956
f 2415 362 1759
f 3065 2132 957
f 1915 1624 694
f 1818 2661 958
f 2662 1399 2839
f 3037 2257 959
f 1621 2581 859
f 1835 2684 960
f 2661 1818 609
f 2917 2897 1921
f 556 2164 1310
f 1558 3126 3122
f 3312 2848 630
f 1636 3123 963
f 3128 3127 1628
f 1630 3133 3131
f 3129 1557 962
f 3124 1627 965
f 3289 3287 1015
f 3132 1627 966
f 2013 1619 808
f 1909 3060 967
f 2706 2596 2228
f 2725 2815 1423
f 1083 2677 3611
f 2407 2902 1711
f 3611 2677 512
f 969 2489 2488
f 3162 1746 670
f 3015 3839 2454
f 3227 23 3685
f 3145 2621 972
f 1882 2763 708
f 2644 2812 1500
f 272 2070 271
f 1537 3107 3108
f 1481 1480 597
f 3578 2972 975
f 2811 788 1672
f 2600 3081 1493
f 1782 3082 426
f 2568 977 1469
f 2949 2948 1993
f 2752 1637 978
f 3150 1704 980
f 3855 2474 979
f 3440 3171 1374
f 1496 3152 2101
f 3139 922 1702
f 1898 3153 2338
f 1828 398 1405
f 1153 2540 2365
f 2800 3225 74
f 1698 2161 983
f 3165 440 1502
f 2901 1959 984
f 3106 2984 1339
f 2549 1932 985
f 615 3674 1991
f 3293 2025 1574
f 1957 1857 768
f 1570 987 1384
f 1750 3091 673
f 3305 2617 988
f 3725 1437 594
f 2044 3018 989
f 3019 1570 3491
f 2298 1900 990
f 2683 883 2672
f 3097 1442 991
f 3432 466 1998
f 3810 2821 3811
f 3284 3231 1243
f 3626 2681 1186
f 993 1827 2523
f 2554 3192 1455
f 3191 3190 1890
f 2066 2067 995
f 2668 2667 1063
f 3691 2055 996
f 2032 1260 219
f 3518 2603 997
f 871 2421 2168
f 881 2179 1926
f 2382 2381 844
f 3410 1859 999
f 346 2736 1651
f 1803 3237 3844
f 3232 1243 1061
f 2940 2734 1001
f 1799 3253 682
f 2305 1808 1002
f 2471 2176 941
f 3249 1713 1003
f 3461 1841 1104
f 3793 2047 1004
f 3659 3796 1639
f 1527 3267 1005
f 72 1652 71
f 2541 3200 1006
f 2958 1030 2304
f 1789 2909 1007
f 2206 358 2205
f 2122 2385 1008
f 3075 1008 1326
f 3022 2135 1009
f 3024 1009 1342
f 2334 1739 1010
f 3425 416 1377
f 2651 3208 2290
f 1739 2178 756
f 3319 562 1645
f 2861 1877 230
f 49 2586 1850
f 1457 1315 415
f 3396 3395 1014
f 1968 414 1415
f 3130 3289 1804
f 3802 1630 457
f 2953 2952 1016
f 720 1825 1618
f 8 2756 1660
f 1568 2234 434
f 3574 2943 1018
f 3222 1770 2612
f 2205 3013 1696
f 3081 3082 976
f 2689 1020 2322
f 2680 2233 826
f 2254 1412 1021
f 2064 2923 1385
f 2822 1665 1022
f 2799 2303 625
f 227 228 1878
f 1969 1377 416
f 257 3304 1475
f 622 1789 2208
f 2874 2209 3694
f 2587 1669 447
f 1647 3344 2960
f 3463 1674 1095
f 3548 1864 1027
f 3506 3704 687
f 1988 3176 1028
f 3311 1028 1602
f 1695 478 1953
f 2839 1029 1612
f 207 2863 1518
f 2578 2257 1086
f 3496 3118 3495
f 3117 1865 3693
f 2853 2193 1032
f 3581 1940 216
f 2605 3195 1738
f 2927 1753 1154
f 3453 3029 2344
f 2333 1034 1684
f 2524 3317 1772
f 767 1669 3161
f 3366 2418 1036
f 2695 1700 866
f 2775 1177 1037
f 2248 2676 25
f 3679 2022 1038
f 3341 1038 1544
f 2109 3181 1039
f 2108 3457 578
f 3466 3388 1946
f 3455 1040 1736
f 2167 1041 2021
f 3745 2189 762
f 3346 2920 1042
f 2833 2151 1114
f 2097 2181 1043
f 2194 1951 771
f 2008 1044 1705
f 2198 2197 801
f 3695 2727 1045
f 2497 1726 301
f 64 65 2140
f 3618 2089 407
f 3743 1047 2098
f 3063 2030 85
f 1322 347 1944
f 3048 3449 1055
f 1774 3430 3431
f 1721 2029 674
f 3560 2823 2029
f 3456 328 1388
f 1945 3429 1051
f 2876 2410 819
f 2077 1930 1052
f 2088 2674 1322
f 3446 1945 1053
f 3445 3444 1929
f 3443 3438 1054
f 3692 3448 676
f 1814 2100 1055
f 3448 3449 1815
f 2261 2262 1056
f 2133 648 1488
f 3467 1451 1057
f 3388 1879 1040
f 2665 3381 1671
f 3369 3507 1601
f 3784 1600 1059
f 3857 1530 641
f 3084 1625 1060
f 3427 1060 1650
f 3238 3232 1842
f 2267 3372 1066
f 1912 404 1275
f 2446 2668 1063
f 2846 2668 1128
f 511 2166 2165
f 2444 2009 1064
f 3060 2596 967
f 770 2155 2125
f 1393 3453 1087
f 3373 3372 1383
f 3374 1066 1685
f 1686 2538 1067
f 1755 612 1478
f 3474 2755 1068
f 2888 3473 669
f 2816 2419 1069
f 3853 2797 969
f 2291 2654 1070
f 3392 1070 1436
f 2666 2903 3492
f 2665 3104 620
f 2934 1656 1072
f 2273 878 2535
f 2935 1072 3116
f 3399 1991 894
f 306 3146 1664
f 3775 424 1456
f 2413 3332 1076
f 2714 2794 945
f 3169 2114 1076
f 3332 2413 627
f 3604 1109 2366
f 3515 686 1309
f 3004 2601 3498
f 3498 314 2757
f 1162 684 1872
f 2376 2758 1215
f 3494 1591 1080
f 3550 3551 2149
f 3350 1545 1081
f 1843 1416 399
f 2146 3155 1473
f 3406 2348 442
f 3720 3739 1083
f 2677 1824 2349
f 2320 2942 1084
f 223 2501 222
f 1939 3211 1085
f 2411 2121 213
f 1030 2578 2304
f 2684 2220 960
f 2530 362 1822
f 2344 3029 1242
f 2234 791 2641
f 3458 1588 3459
f 3052 1089 1553
f 3568 1089 1779
f 2882 3144 1172
f 2242 1907 764
f 1521 3273 1091
f 2767 1727 1416
f 3260 2717 1092
f 3334 1915 694
f 2337 2087 1093
f 2227 2086 340
f 3853 1787 1094
f 321 2472 2001
f 2869 1046 3095
f 2441 1674 843
f 1795 1096 1432
f 3543 1096 1717
f 1684 3566 1097
f 3630 3541 1099
f 1914 3086 406
f 3086 3629 1917
f 3541 2330 1099
f 1916 3628 695
f 2010 3298 1100
f 2670 2918 879
f 1483 644 1970
f 3566 2096 1097
f 2499 566 1873
f 735 2199 3637
f 1682 3557 1103
f 3556 653 1444
f 3461 1104 2438
f 1947 3460 496
f 2410 530 1422
f 3424 3423 2122
f 2173 3590 1106
f 2879 3607 503
f 3099 2159 1107
f 2700 1668 1098
f 2645 2451 1108
f 2592 824 2280
f 3516 3603 3604
f 648 2000 1555
f 3741 1896 1110
f 2445 1898 446
f 1325 698 2360
f 3834 1561 364
f 2522 3066 1232
f 2686 3687 2
f 2790 490 2791
f 3677 3676 1883
f 3597 3846 1114
f 1987 785 1195
f 3513 2057 1115
f 1808 1756 1002
f 283 284 2295
f 3686 3002 1900
f 3575 1778 1117
f 2783 2420 910
f 1227 518 1728
f 3039 913 1605
f 1949 3571 1119
f 1927 329 1288
f 3089 1818 1120
f 3495 3118 1031
f 1954 2808 1121
f 3458 2641 1088
f 3726 494 1881
f 3705 3704 1864
f 3645 3701 1123
f 1484 1971 582
f 1965 2136 1224
f 1522 2714 945
f 3401 2389 1125
f 1992 1525 1307
f 2139 3272 2193
f 2852 1941 713
f 3055 3054 1127
f 561 3113 2550
f 3166 2846 1128
f 2531 2658 1062
f 2498 2269 1129
f 3734 3562 1795
f 1734 2629 3577
f 3219 867 2056
f 3050 3235 1131
f 1237 1478 612
f 1273 3711 1132
f 3049 1830 613
f 2195 3260 1133
f 3030 1914 406
f 2143 3757 1134
f 3756 571 1323
f 2929 1861 1135
f 3762 1135 2036
f 3384 1136 2245
f 3383 3589 1427
f 1989 3699 1137
f 2417 3698 839
f 1920 1138 1612
f 2618 1786 1120
f 2420 609 1666
f 2036 1572 729
f 1304 712 2201
f 3605 2479 1366
f 2187 3641 1141
f 3328 652 1344
f 2725 3080 1142
f 350 2745 1765
f 1142 3080 3079
f 2046 3771 803
f 3441 1144 1950
f 2467 411 1403
f 292 3533 2309
f 1937 1392 449
f 2746 2481 1418
f 3489 2191 295
f 2667 2118 1147
f 3522 1998 1406
f 62 63 2041
f 2869 2140 1046
f 46 3435 2363
f 2733 3792 500
f 3016 2546 1150
f 2202 2378 797
f 3529 3032 1151
f 3390 241 242
f 2557 2345 1152
f 3319 2433 1343
f 1829 3637 2657
f 3636 2365 76
f 2179 3554 3553
f 2707 2534 432
f 1488 662 2120
f 561 3500 3055
f 2102 2566 1156
f 2494 2570 835
f 3773 3770 1157
f 3774 656 1734
f 2964 372 1703
f 2019 1350 551
f 2423 3665 3587
f 3587 2898 2784
f 3682 2550 1160
f 3812 2120 662
f 1454 2894 2528
f 2715 2702 265
f 1872 351 1162
f 2648 2985 2153
f 1956 2499 1163
f 3524 1673 1214
f 3111 3073 1164
f 3527 2650 1409
f 2642 887 1510
f 1742 1511 519
f 2343 1807 1166
f 3594 3841 793
f 2180 3650 1167
f 3276 2827 56
f 2614 3376 2994
f 3372 3364 1066
f 2359 2306 1169
f 2105 510 1170
f 2127 2105 1170
f 400 1170 1791
f 1792 3800 3801
f 2212 2211 766
f 3144 2635 1172
f 3827 575 2883
f 3407 2487 1173
f 1985 3408 545
f 2214 3782 1174
f 1335 2514 553
f 2796 397 1175
f 3840 1175 1720
f 2663 3477 1310
f 2174 2435 761
f 3660 3813 1177
f 3661 1177 2775
f 2093 3716 1178
f 559 3193 1740
f 3862 2003 1179
f 2399 2819 275
f 2713 1984 1180
f 2357 3651 545
f 3436 2061 1181
f 2215 2276 335
f 2479 820 1182
f 2925 668 1359
f 1886 722 1183
f 3379 1183 1353
f 3382 1184 1760
f 2636 728 1869
f 2014 3796 1185
f 3385 1004 1515
f 2422 354 1186
f 2092 2588 1210
f 2081 2256 1187
f 2588 3357 1210
f 1467 365 1188
f 516 2891 1572
f 1902 692 1189
f 2299 2563 318
f 2728 2751 904
f 2705 2260 896
f 2168 2440 1191
f 3197 2654 573
f 3416 2439 1192
f 3333 2413 1076
f 2615 3707 1623
f 3414 3413 1237
f 1973 3681 1194
f 1826 1460 339
f 2057 488 1195
f 743 2111 2610
f 2873 2020 1196
f 1426 789 1319
f 2200 2293 1197
f 290 2184 289
f 2580 3574 1198
f 383 1479 2282
f 1935 725 1199
f 497 1199 2272
f 3314 2606 1200
f 3032 2358 1151
f 603 2072 1467
f 1201 2015 3147
f 2372 517 1202
f 1895 3804 1222
f 3861 2015 1203
f 2913 799 1820
f 60 61 2792
f 2130 1204 818
f 3737 1205 2292
f 2219 1274 1118
f 2518 746 1206
f 2526 720 1225
f 2603 3305 988
f 2617 1207 3092
f 2300 2301 1208
f 3647 2277 1265
f 2429 2430 1209
f 3736 1169 2105
f 2681 513 2092
f 2990 443 1553
f 1339 3715 3174
f 388 2841 1490
f 1837 3586 1212
f 560 1616 2732
f 2490 430 1213
f 701 1213 1849
f 1235 715 2063
f 3008 2030 1047
f 3536 2758 2376
f 3791 2480 1456
f 3530 2781 1216
f 1999 3144 580
f 2401 1217 2180
f 3821 3200 2542
f 2272 2352 1218
f 726 1218 1659
f 2252 777 2561
f 3579 2597 1466
f 3797 1220 2734
f 400 2127 1170
f 2103 2573 1221
f 2024 1635 380
f 1202 333 1895
f 3166 1958 995
f 1675 760 3481
f 3356 764 1907
f 2436 850 1224
f 3719 1771 1373
f 3662 2287 1225
f 720 2526 3817
f 1534 719 2692
f 1226 2170 3115
f 2185 518 1227
f 768 1227 1957
f 3354 2259 1228
f 3570 1949 1119
f 2576 524 1229
f 3263 2749 2577
f 2826 3810 1230
f 2504 2286 412
f 11 12 1994
f 3564 734 1762
f 3 4 2347
f 1112 1232 3066
f 2944 2943 1233
f 3211 3212 1085
f 2997 592 1653
f 2571 317 1556
f 1956 715 2268
f 413 2307 1607
f 1492 374 1236
f 565 1236 2076
f 3051 1131 1237
f 334 3413 3412
f 3831 3683 1238
f 3085 2415 828
f 2515 3776 1239
f 3831 3085 956
f 1856 896 2604
f 3255 2069 1363
f 2870 3860 1241
f 2639 2709 327
f 3029 2333 1242
f 2601 1242 1078
f 2286 2504 1243
f 1061 1243 3231
f 3845 542 2124
f 796 1244 2006
f 3845 2124 1245
f 3540 1978 280
f 3642 1141 1246
f 3508 1740 2225
f 2171 753 1247
f 523 2400 2909
f 2169 753 1248
f 260 2721 259
f 2548 2621 1249
f 2763 2761 876
f 2284 407 1250
f 2283 1986 494
f 1905 700 1251
f 329 3251 1855
f 1251 700 2525
f 3629 1916 695
f 1251 529 1899
f 707 2269 2498
f 3100 1254 1733
f 656 1952 2629
f 3669 3835 1255
f 2380 3815 1256
f 1849 533 1256
f 3815 798 2170
f 2162 209 1257
f 2581 3033 859
f 2317 3655 1258
f 773 1258 1559
f 1979 736 1259
f 2139 1852 755
f 2368 218 1260
f 3114 2032 996
f 3701 3726 1971
f 1772 2134 370
f 3649 2077 1262
f 2080 1931 480
f 3221 1263 2906
f 760 2129 1223
f 2431 3221 1264
f 353 2192 1421
f 2061 2431 1265
f 3647 3261 1208
f 109 2837 1499
f 3175 1266 2922
f 2740 3218 1267
f 3559 3759 1161
f 2737 2536 1268
f 448 2556 2085
f 2625 3337 1523
f 3206 422 2155
f 3539 2040 1270
f 3795 3439 1491
f 2941 1271 2901
f 2838 1817 894
f 3541 651 2330
f 344 1272 1934
f 2842 387 2462
f 2354 585 1359
f 3673 3672 1274
f 1205 2219 2292
f 1810 704 2238
f 2255 2658 511
f 2090 742 1276
f 3298 2362 1100
f 2572 570 1419
f 2675 2719 34
f 3667 2459 1278
f 3835 3834 1255
f 1890 3482 1279
f 547 1279 2584
f 2459 2584 1280
f 1764 2545 905
f 3286 3050 1281
f 1076 1281 3333
f 3014 2216 1282
f 3082 1282 426
f 2507 812 1283
f 3696 672 1596
f 2301 782 1284
f 418 2369 1691
f 1279 3482 3469
f 3469 2728 904
f 2595 843 1286
f 2284 1674 407
f 1996 1287 1433
f 389 1841 3461
f 3569 329 1927
f 535 1288 1892
f 2328 781 1289
f 1289 1888 2793
f 1888 535 1290
f 710 1290 1887
f 2982 394 2983
f 2410 1291 530
f 2266 2404 1292
f 2196 1806 286
f 2913 404 2687
f 733 1293 2016
f 1486 3404 1294
f 246 2634 245
f 51 52 1295
f 2319 3228 1013
f 3300 3286 1296
f 1124 1296 3270
f 2177 756 1297
f 416 1297 1464
f 2260 573 2558
f 3783 2350 359
f 3848 2450 1299
f 3766 1002 2471
f 3842 1829 1300
f 2499 2316 1163
f 2379 566 1301
f 2268 715 1235
f 2276 786 1302
f 335 2398 1386
f 1594 537 1303
f 1707 2338 981
f 1911 711 1304
f 3728 1947 1140
f 1759 900 1305
f 1908 2770 901
f 2335 367 3184
f 3402 3401 1125
f 1308 532 2147
f 2437 337 1410
f 2672 883 3233
f 2231 2147 795
f 3515 1309 2766
f 394 1309 2246
f 3477 2598 1310
f 2663 2164 680
f 3218 646 3173
f 753 2217 1247
f 2655 539 1312
f 834 2652 2051
f 1638 425 1313
f 3415 1313 627
f 2067 747 1314
f 377 1314 2118
f 2384 2784 1315
f 3226 1139 2974
f 255 3789 2074
f 2073 1424 431
f 2388 2387 1317
f 3021 2468 97
f 3599 3421 1408
f 3421 378 3043
f 2646 3744 1319
f 563 1319 2324
f 1665 855 1320
f 2323 2324 789
f 1510 680 1321
f 2895 2896 961
f 2408 819 2674
f 1944 3329 1048
f 2141 2537 1323
f 2968 2407 929
f 3358 2227 1324
f 540 1324 2517
f 1743 698 1325
f 1213 3077 1849
f 2823 502 2867
f 1875 1327 328
f 2513 1327 1875
f 3483 1880 825
f 1667 549 2682
f 2980 392 1477
f 2111 2563 1329
f 2610 471 1756
f 2491 538 1330
f 2553 2975 831
f 2555 2975 1331
f 360 1852 1259
f 2327 785 1332
f 318 1332 2299
f 1332 785 2373
f 536 1333 2326
f 2328 357 1334
f 2465 2369 1284
f 3781 3710 1335
f 2188 2243 764
f 2242 764 1336
f 316 3244 3018
f 2070 973 1337
f 3735 2034 270
f 2009 486 1338
f 2229 1938 343
f 3850 1339 2984
f 3106 2649 984
f 3012 3700 1450
f 2461 1747 665
f 3018 3244 1341
f 3020 2789 476
f 3023 2334 1342
f 3087 2160 1012
f 2433 1991 1343
f 3024 3022 1009
f 2229 3328 1344
f 2228 1714 459
f 2552 3262 1762
f 2851 2850 942
f 2473 3848 1346
f 2999 1833 930
f 2394 3407 1347
f 3347 1985 754
f 3716 390 1348
f 623 1348 2175
f 1648 825 3158
f 328 1349 1388
f 1158 2019 1571
f 551 1350 3192
f 3387 2554 1351
f 2555 2554 831
f 2346 1352 1541
f 3661 3660 1177
f 3308 2012 1364
f 3202 807 1741
f 2910 923 1354
f 2536 2737 937
f 2533 2768 1355
f 885 1355 2753
f 1405 730 2221
f 1356 1509 3071
f 1356 730 2699
f 555 1357 2844
f 2612 3411 1358
f 2590 2857 918
f 2470 585 2354
f 668 2925 1182
f 3096 2886 1360
f 3470 489 1871
f 2119 991 2956
f 3856 3009 1955
f 2094 54 1362
f 3142 574 1967
f 2069 2843 1363
f 2710 2711 925
f 1768 867 2512
f 1071 3177 2828
f 3026 2374 1365
f 784 1365 2275
f 1896 312 1366
f 2479 3605 820
f 3153 1367 2609
f 2594 1749 1371
f 2138 755 1368
f 2995 849 1770
f 1802 576 1369
f 2716 315 1521
f 1700 576 3409
f 2054 757 1420
f 2856 398 1371
f 2436 1371 850
f 2711 454 3526
f 1583 3822 327
f 3217 1373 1583
f 327 3345 1690
f 3388 376 1879
f 2938 3534 1567
f 1620 862 1375
f 671 3679 1722
f 2972 3058 1376
f 975 1376 2971
f 3425 1377 2973
f 640 1377 2976
f 2690 363 1378
f 2821 1378 992
f 3804 1585 3803
f 3468 865 1389
f 2708 2514 1380
f 774 2350 2291
f 2237 30 1381
f 3788 1693 2739
f 2892 2893 1382
f 2486 2073 431
f 590 1168 1383
f 3231 2267 1061
f 3090 395 1384
f 3092 1570 476
f 2453 691 2064
f 3243 1853 726
f 1594 637 2398
f 335 1386 1356
f 424 1340 1387
f 2480 2475 655
f 1720 674 2435
f 761 1388 2175
f 1379 865 3468
f 2691 1389 864
f 299 300 1390
f 725 2253 1415
f 2403 2914 842
f 3681 3680 1194
f 2190 758 3389
f 449 1392 1853
f 2836 2835 1393
f 3683 2241 1238
f 2670 879 1394
f 837 1394 1582
f 2064 355 3224
f 564 2469 1397
f 2240 2985 1396
f 564 3847 2002
f 2469 3278 1397
f 564 2240 1396
f 2825 1100 3336
f 2918 352 2028
f 2662 958 1399
f 1029 1399 1953
f 2142 351 1400
f 2142 1400 2143
f 2521 3643 1401
f 822 2565 1575
f 2052 617 1402
f 452 1402 1980
f 2451 690 2442
f 2454 3812 662
f 2865 326 1404
f 3623 3622 1108
f 2609 398 1828
f 730 1405 1904
f 3331 3764 1406
f 466 1406 1998
f 3198 2562 1407
f 889 1407 2615
f 2390 854 1408
f 3045 1408 3421
f 1451 588 1409
f 1057 1409 3466
f 2314 795 1410
f 3230 3111 1164
f 263 264 1411
f 263 1610 262
f 2002 721 1412
f 1021 1412 3324
f 2764 2659 1413
f 1413 2403 3368
f 2704 3743 1414
f 2496 88 89
f 1199 725 1415
f 3362 1014 1838
f 3351 626 1843
f 399 1416 1984
f 3727 1261 1417
f 2998 699 1640
f 2481 3511 1418
f 2746 1935 497
f 2619 869 3563
f 2567 1419 1277
f 1812 779 1420
f 757 2054 3843
f 2359 353 2306
f 2781 3638 1216
f 2409 819 1422
f 3424 2122 817
f 1744 3484 1785
f 968 1423 2815
f 3321 1316 1424
f 2932 2208 762
f 3622 3623 1425
f 2786 3624 1404
f 912 1196 1426
f 912 3744 2872
f 2679 931 1427
f 2505 2695 866
f 2611 538 1428
f 3411 2750 1358
f 3639 1216 1429
f 2383 2134 767
f 234 235 1430
f 3042 2433 1152
f 1803 3844 2782
f 2782 1431 1505
f 3562 1096 1795
f 705 2464 1938
f 2226 778 1433
f 1287 1996 825
f 2280 824 1434
f 1528 1930 403
f 3392 594 2154
f 774 2708 1380
f 3178 3725 1436
f 366 1436 2440
f 1341 594 1437
f 3818 3020 989
f 2026 3033 1438
f 1257 1438 534
f 2049 3167 1448
f 3196 1753 1033
f 3318 2367 1440
f 2910 1440 923
f 3181 3247 1441
f 2270 3318 1440
f 2889 2738 1442
f 991 2370 3061
f 2877 3671 1443
f 3556 1692 653
f 636 1443 1444
f 636 3483 1648
f 2313 3538 1445
f 2735 1963 752
f 2406 348 1446
f 783 1446 2258
f 2211 510 1447
f 766 1447 2209
f 2293 838 1448
f 3167 2049 1439
f 2135 878 1449
f 1009 1449 3023
f 1834 802 1450
f 424 1450 1340
f 2814 2911 1451
f 1057 1451 1409
f 2858 2859 1452
f 3296 1602 1028
f 3182 1453 2108
f 3457 937 2397
f 267 268 2528
f 2894 1454 2108
f 3192 994 1455
f 831 1455 2553
f 424 1387 1456
f 3775 2157 1532
f 2384 1315 1457
f 3763 2785 1135
f 2914 3419 1391
f 2871 914 2302
f 2107 763 1459
f 3609 1459 3610
f 3680 599 3450
f 339 3074 2023
f 2472 1461 2001
f 721 3479 1412
f 2777 630 1462
f 3134 2128 815
f 2321 579 1463
f 3064 2539 1084
f 3547 1464 1689
f 2989 1464 932
f 1608 341 1465
f 3291 1465 584
f 3699 3579 1466
f 3698 2418 839
f 3147 365 3271
f 3652 1031 2245
f 1855 707 1468
f 3617 1064 1893
f 2568 3179 1589
f 2235 1706 396
f 2884 370 1470
f 2383 767 2126
f 2375 953 1471
f 584 1471 3044
f 3043 378 1472
f 2378 1472 797
f 3370 1094 1473
f 812 3155 2265
f 529 1252 1474
f 529 3572 1862
f 2875 1024 3304
f 257 2780 256
f 3254 851 2722
f 2519 2616 852
f 1328 392 2980
f 2532 613 1830
f 1508 612 1755
f 1477 1478 613
f 3702 1198 1479
f 2509 2156 581
f 3305 597 1976
f 336 1480 3109
f 3108 974 1481
f 3355 997 1788
f 1450 802 3012
f 3072 1660 1017
f 2116 898 1483
f 2669 384 2083
f 3646 1123 1484
f 331 3006 1656
f 2922 1485 2810
f 2772 1825 720
f 2953 658 1486
f 1016 2952 2951
f 3349 1081 1487
f 3493 3765 1075
f 2120 2133 1488
f 2864 2866 902
f 3053 3675 1489
f 3227 22 23
f 2805 388 1490
f 598 1490 2595
f 3439 2412 1491
f 3646 3645 1123
f 2885 374 1492
f 3062 1766 1047
f 3787 858 2904
f 320 1493 1781
f 3666 1159 1494
f 2542 1967 574
f 2101 980 1495
f 2768 3663 1355
f 3855 1496 2474
f 1961 591 1497
f 1496 591 1961
f 2754 1497 885
f 1561 624 1498
f 3408 1498 545
f 108 109 2458
f 3067 3175 947
f 2812 973 1500
f 911 3780 2819
f 1445 349 2313
f 593 1501 3164
f 2053 804 1502
f 3165 3164 983
f 3264 688 1503
f 1502 1503 593
f 2183 3785 1504
f 1503 1504 593
f 2247 775 1505
f 530 1505 1942
f 3174 1211 1506
f 3640 552 2441
f 2332 3750 1507
f 1741 1551 621
f 1623 612 3615
f 501 1508 3364
f 3071 1509 2215
f 3782 1509 1174
f 1165 680 1510
f 1165 1510 2945
f 3840 1511 3313
f 886 3391 2795
f 2671 879 1512
f 3542 1752 880
f 2849 2850 1513
f 3504 2503 970
f 2047 1977 1514
f 596 1514 3208
f 1185 1004 3385
f 520 2962 2273
f 1529 635 2204
f 354 1516 1186
f 1474 695 1517
f 706 3121 1854
f 2162 1030 2863
f 207 3361 206
f 1402 617 1519
f 3740 1981 736
f 2815 350 1520
f 968 1520 2419
f 2626 315 2716
f 863 3149 1545
f 2136 1124 3187
f 604 1522 1997
f 3205 1269 3337
f 3025 340 2086
f 2389 439 1524
f 3403 1524 610
f 3403 610 1992
f 1307 1525 337
f 106 107 2476
f 804 3264 1503
f 2799 625 1754
f 73 3157 72
f 635 1434 1528
f 2933 3001 993
f 2204 852 1529
f 635 2280 1434
f 1531 649 1530
f 1530 2920 3346
f 3427 1531 3084
f 3398 1982 1059
f 1450 424 1834
f 3664 1074 2271
f 2418 605 3204
f 576 1533 1369
f 2251 719 2244
f 3394 2626 1533
f 3274 1535 3120
f 3010 2692 719
f 2351 756 1536
f 3107 3109 974
f 1538 601 3578
f 2972 3108 469
f 2988 601 1538
f 372 2928 2027
f 1202 517 1539
f 602 1539 2679
f 1539 602 1540
f 1202 1540 333
f 2739 465 1541
f 607 1541 3661
f 1562 714 1542
f 1289 1542 535
f 3122 962 1543
f 381 3340 2308
f 3125 3341 1544
f 964 2848 1557
f 3149 3351 1545
f 863 1545 2031
f 1924 461 1546
f 3160 972 2405
f 1548 742 1547
f 2296 2741 870
f 3690 1548 1699
f 2161 3165 983
f 3658 2931 1549
f 860 1549 2685
f 1541 607 3216
f 27 3213 26
f 2828 621 1551
f 620 2048 1625
f 2704 903 1552
f 2887 1552 906
f 3568 738 1553
f 1089 3052 1972
f 2585 1554 2037
f 3762 2929 1135
f 2865 902 1555
f 3712 1053 1928
f 2289 832 1556
f 808 1556 2013
f 3131 964 1557
f 962 3312 1543
f 1840 629 3323
f 3825 381 3610
f 3641 773 1559
f 1141 1559 3643
f 2321 780 2424
f 716 2078 1878
f 1280 2623 2459
f 1278 1561 3834
f 2620 3354 1562
f 2845 1562 1542
f 2838 3674 1563
f 503 1563 2879
f 1637 835 2924
f 2936 2961 922
f 2322 539 1565
f 880 3558 2207
f 1567 663 1566
f 3297 324 1679
f 3171 663 3534
f 589 1567 2367
f 3072 1017 1568
f 2950 1777 1340
f 2263 1112 2921
f 309 3738 308
f 3020 476 1570
f 3491 1866 575
f 3612 1158 1571
f 617 2748 1519
f 2974 1572 2036
f 2891 3693 1188
f 3103 1573 2993
f 2926 325 1631
f 1647 634 2025
f 67 1574 66
f 2916 943 1575
f 822 1575 2520
f 2216 2517 1576
f 1282 1576 426
f 2173 238 1577
f 667 3314 2984
f 2021 800 2992
f 858 1578 2600
f 3486 432 1579
f 3103 3101 952
f 2803 367 1580
f 891 1580 2802
f 2802 616 1581
f 439 1581 2573
f 1565 834 2511
f 467 1582 1394
f 3526 1372 1583
f 925 1583 2709
f 2720 466 1584
f 3724 3753 1729
f 333 1379 3804
f 3803 1585 643
f 2331 463 1586
f 650 1586 1587
f 3428 650 1587
f 2757 1587 920
f 3531 3459 1588
f 572 1588 2849
f 3787 2904 1589
f 3179 2568 1469
f 2495 1590 1614
f 679 3787 1589
f 679 1469 1591
f 3494 1080 1614
f 2961 433 1592
f 2937 2860 592
f 1134 1513 1593
f 1134 1593 3756
f 1302 537 1594
f 2398 637 1386
f 3180 3245 1595
f 1118 1595 2608
f 3324 482 2453
f 3619 2038 853
f 1586 463 2981
f 3004 618 2601
f 3172 2959 1598
f 888 3028 1964
f 3809 1230 1599
f 643 2694 2066
f 3369 1058 3507
f 3784 1059 2450
f 2473 876 1601
f 3507 1058 1600
f 2252 2561 1602
f 638 1602 3296
f 2857 338 1603
f 638 3210 2252
f 2798 840 1604
f 3635 2632 1708
f 2905 606 1605
f 913 3039 3245
f 3600 445 1606
f 1816 659 1607
f 2307 741 1607
f 3292 3016 1150
f 3000 930 1608
f 2546 3291 1150
f 2400 792 1609
f 3829 358 2206
f 263 1411 1610
f 3777 2169 261
f 2456 933 3519
f 737 3863 1934
f 3497 332 1612
f 1138 1920 3496
f 587 1403 1613
f 2551 2864 902
f 1590 679 1614
f 3550 1614 1080
f 2514 823 2759
f 3241 927 2069
f 2432 2493 1616
f 1212 1616 3585
f 2683 542 2298
f 872 1617 1918
f 250 251 1618
f 720 1618 1225
f 2917 943 2426
f 966 1619 2013
f 1760 862 1620
f 3295 845 1753
f 2059 959 1621
f 383 1621 2582
f 3769 1622 2834
f 14 3717 13
f 2371 889 1623
f 612 1623 3414
f 2560 1624 1915
f 3634 3099 1107
f 3381 620 1625
f 3380 1625 485
f 3657 380 1626
f 899 1626 1974
f 2899 965 1627
f 628 1627 3132
f 1633 631 3823
f 961 1628 2895
f 1974 628 2915
f 2915 3338 917
f 3802 3287 1630
f 3131 3133 964
f 2807 2926 1631
f 3133 1631 964
f 3299 2947 1632
f 963 1632 3127
f 3290 631 1633
f 3823 1628 961
f 1632 963 3299
f 3126 1634 962
f 3832 3287 1635
f 1221 2024 3833
f 3288 3802 1636
f 631 1636 3128
f 2752 337 1637
f 3110 2924 611
f 1812 425 1638
f 779 2562 3198
f 1640 699 1639
f 3796 3659 1185
f 1697 699 2998
f 582 2627 1484
f 837 1582 1641
f 96 1641 95
f 3397 1059 1642
f 3512 3257 1115
f 2833 488 1643
f 641 3257 1642
f 3363 3826 1644
f 930 3229 1608
f 2557 1152 1645
f 2881 2861 231
f 2994 1168 1646
f 1378 2820 992
f 3188 484 1647
f 2025 634 1574
f 328 1327 1648
f 3158 825 1349
f 3061 346 1649
f 3009 731 1955
f 3426 385 1650
f 649 1650 2181
f 2730 1651 1858
f 2736 2370 999
f 1527 1005 3157
f 2104 1857 70
f 592 1234 1653
f 2996 1653 460
f 102 103 1654
f 2279 3007 948
f 1978 796 1655
f 2991 2004 277
f 2934 331 1656
f 3136 520 2569
f 1609 792 2955
f 1019 1657 2216
f 3238 1000 1658
f 944 3215 2738
f 355 1385 1659
f 355 1659 1218
f 2756 1017 1660
f 8 3838 7
f 3545 644 1661
f 3258 438 1718
f 3093 324 1662
f 898 2744 1483
f 2475 2743 1663
f 655 1663 1664
f 2157 655 3280
f 1074 3146 2583
f 2576 855 1665
f 3105 1320 401
f 1315 910 1666
f 1315 3226 415
f 1327 549 1667
f 1327 1667 636
f 3634 1107 1668
f 1098 1668 3627
f 3315 1035 1669
f 1025 1669 2587
f 3754 1670 3017
f 3330 940 1848
f 2664 868 1671
f 322 1671 3369
f 1376 788 2811
f 1350 1672 323
f 82 83 3721
f 3721 1673 3723
f 3095 1095 2441
f 843 1674 1286
f 1421 760 1675
f 1421 1675 2781
f 2479 1182 2693
f 850 1676 1965
f 3596 2544 1677
f 923 1677 1354
f 3596 647 2544
f 3582 898 2116
f 2466 856 1679
f 2230 1662 898
f 2248 1037 1680
f 3685 23 24
f 2382 844 2527
f 3816 367 2335
f 2477 496 1682
f 668 2462 1273
f 3633 645 1683
f 1107 1683 1668
f 3442 3566 1684
f 645 3365 1683
f 1801 2484 1685
f 660 1685 2538
f 1687 660 3485
f 2386 1686 392
f 2385 435 1687
f 3485 660 1686
f 3007 727 1688
f 948 1688 2117
f 3547 1689 1969
f 716 2424 1560
f 3345 790 1690
f 327 1690 2639
f 2369 784 1691
f 418 1691 2277
f 3514 653 1841
f 3460 3557 496
f 1870 465 1693
f 724 1693 1381
f 2364 2830 1694
f 19 1694 18
f 1953 748 1695
f 478 1695 2510
f 1578 800 1696
f 541 1696 3014
f 582 1417 2998
f 2315 2884 949
f 2149 678 1698
f 349 3807 1501
f 1548 678 1699
f 3690 2091 742
f 3242 1700 2695
f 866 3409 2697
f 3603 3567 1701
f 3429 2982 1051
f 1704 922 3139
f 371 1702 2456
f 3614 3612 1703
f 935 1703 2052
f 3150 611 1704
f 3151 3139 371
f 1993 1044 2008
f 677 2060 2362
f 2091 396 2591
f 677 2008 1705
f 1594 1303 1707
f 3154 1707 981
f 1649 346 1708
f 731 2632 1870
f 1790 826 2847
f 3140 1709 92
f 16 17 2760
f 921 1710 2045
f 2967 929 1711
f 321 1711 2797
f 2969 721 1712
f 929 1712 2968
f 3249 652 1713
f 1003 2977 2438
f 2228 1344 1714
f 3250 3249 1003
f 3480 934 1715
f 654 2482 1717
f 3199 1823 1716
f 409 1716 3562
f 3561 654 1717
f 507 1717 2289
f 1661 438 3258
f 651 1718 1272
f 2285 901 1719
f 977 1719 2948
f 3854 674 1720
f 519 1720 2174
f 3431 1049 1721
f 397 1721 1175
f 3102 671 1722
f 952 1722 1573
f 3101 432 1723
f 952 1723 3102
f 3601 3119 1724
f 758 3070 1392
f 104 105 2731
f 870 1725 2053
f 300 301 1726
f 1390 1726 657
f 3472 1091 2767
f 1416 1727 754
f 2219 1118 1728
f 1227 1728 1027
f 1584 3753 3724
f 875 1729 2719
f 3675 1730 2703
f 21 1730 20
f 3386 1731 1732
f 1731 2831 2832
f 3056 411 1732
f 971 1732 3053
f 2770 462 3770
f 656 1733 1254
f 3774 1734 3689
f 495 1734 2197
f 2818 504 1735
f 911 1735 2644
f 2812 661 1736
f 2812 1736 2813
f 3477 1176 1737
f 390 1737 1348
f 3195 1033 1738
f 897 1738 2404
f 2290 1011 1739
f 477 1739 2334
f 3632 559 1740
f 3508 2225 652
f 807 1507 1741
f 807 3202 1353
f 1165 1511 1742
f 680 3684 2663
f 3760 430 1743
f 3191 1743 994
f 2488 970 1744
f 3484 2723 1423
f 2723 670 1745
f 873 1745 2724
f 3262 861 2804
f 2503 1744 970
f 2376 665 1747
f 1079 1747 1872
f 1592 917 2860
f 592 1748 1234
f 1367 586 1749
f 1367 2594 2609
f 3090 3091 1750
f 3269 3793 1004
f 2203 468 2613
f 683 2264 1752
f 3767 1752 2264
f 3542 880 2207
f 2927 1033 1753
f 1154 1753 3555
f 625 1527 1754
f 2800 74 75
f 1067 1508 1755
f 392 2656 1477
f 3240 1756 1808
f 1002 3678 2176
f 2265 442 3256
f 1283 1757 672
f 2038 672 1758
f 339 1758 1826
f 3069 828 1759
f 900 1759 2530
f 2636 862 1760
f 1184 3382 1995
f 14 15 2834
f 3371 921 1763
f 3564 1762 2294
f 521 1762 2851
f 1761 921 3371
f 2552 2447 861
f 2623 1280 1764
f 624 1764 2638
f 1520 350 3254
f 851 2451 2645
f 1492 1236 1766
f 1492 1766 595
f 2727 474 1767
f 3277 3301 657
f 2056 867 1768
f 827 1768 1924
f 2629 1130 1769
f 2203 2613 946
f 2944 408 1770
f 1018 3222 2156
f 1997 790 1771
f 604 1771 3719
f 3317 1035 1772
f 1417 1772 370
f 3329 1773 3303
f 675 3094 1775
f 3048 675 1774
f 3048 1774 3449
f 3094 2123 1775
f 3430 3560 1049
f 2068 747 1776
f 3697 412 2286
f 1568 434 1777
f 1568 1777 2950
f 2661 1117 1778
f 958 1778 2660
f 2092 738 2422
f 3163 813 1824
f 2732 950 1780
f 874 3223 1554
f 3580 1781 2771
f 693 3259 1782
f 3259 976 1782
f 2428 2427 828
f 2501 836 2939
f 221 1783 220
f 2960 1026 1784
f 634 1784 3034
f 472 1744 1785
f 472 1785 2816
f 3497 1138 2618
f 1120 1786 2356
f 2742 1094 1787
f 472 1787 2488
f 2421 871 1788
f 997 3355 3518
f 2978 523 1789
f 1024 1789 3138
f 3859 1020 1790
f 2847 826 1709
f 1793 955 1791
f 681 1791 2011
f 2646 854 1792
f 3801 3800 1171
f 2773 955 1793
f 2840 1792 854
f 1994 1231 1794
f 3819 1088 2641
f 3734 1795 3733
f 705 1795 1432
f 3111 978 1796
f 470 1796 3152
f 2989 932 1797
f 579 1797 2966
f 2774 682 1798
f 955 3709 1791
f 3252 1001 1799
f 471 3688 2176
f 3027 341 1800
f 953 1800 2774
f 2223 816 1801
f 1687 1801 660
f 2031 757 1802
f 863 1802 1369
f 2483 475 1803
f 775 2782 1505
f 3124 965 3290
f 631 1804 3288
f 3343 1027 1805
f 3344 3471 1026
f 1292 881 2196
f 2963 2112 1116
f 3559 841 2740
f 646 1807 2343
f 3512 1115 1808
f 379 1808 2305
f 3005 939 1809
f 38 1809 2619
f 1913 704 1810
f 41 1810 40
f 347 1422 1811
f 347 1811 1773
f 1420 757 1812
f 779 1812 1638
f 3437 1054 1813
f 313 1813 2764
f 3438 480 1814
f 1054 3692 1813
f 2796 2959 1815
f 3449 3448 1055
f 915 1606 1816
f 915 1816 2075
f 3731 2110 1817
f 528 1817 2806
f 3089 609 1818
f 1120 3656 2618
f 3747 1133 1819
f 700 1819 1252
f 2531 1062 2824
f 799 2913 2372
f 3525 3541 1821
f 3565 3630 487
f 3454 1087 1822
f 919 3207 2930
f 3828 934 1854
f 706 3199 1863
f 2677 1083 1824
f 813 3163 1779
f 2951 249 1825
f 1016 1825 2772
f 3794 3450 1826
f 814 1826 1758
f 1528 403 3001
f 2523 2081 513
f 3154 981 1828
f 637 1828 2221
f 78 79 1829
f 735 1829 3842
f 387 1443 3711
f 1132 1830 3049
f 607 1550 1831
f 882 2829 2237
f 3785 427 1832
f 746 1832 1206
f 445 1346 1833
f 930 3363 1644
f 3377 802 2522
f 1532 1834 3775
f 2541 543 1835
f 2543 2801 393
f 2132 750 1836
f 1507 1836 385
f 1912 704 1837
f 1293 1837 560
f 2986 414 1838
f 684 3395 1839
f 1767 474 3396
f 3395 684 1838
f 2222 763 1964
f 3323 629 1558
f 389 1287 1841
f 1104 1841 1692
f 3239 1000 1842
f 319 1842 2267
f 399 1487 1843
f 1416 1843 2767
f 427 1485 1844
f 427 3517 1832
f 2905 913 1845
f 1035 1845 3316
f 2274 853 1846
f 2923 2065 1385
f 349 1445 1847
f 3185 1962 751
f 1603 338 3462
f 940 3330 1670
f 3077 533 1849
f 701 1849 3017
f 48 49 1850
f 48 2311 47
f 2323 789 1851
f 1274 1851 614
f 2139 1259 1852
f 755 1852 2137
f 1392 726 1853
f 449 1853 2050
f 2113 344 3121
f 706 1854 1823
f 1899 707 3251
f 329 2508 1288
f 2705 1856 2545
f 905 1856 2870
f 69 70 1857
f 986 1857 1957
f 3516 506 1858
f 1077 1858 3515
f 1309 686 1859
f 475 3410 3215
f 2000 664 1860
f 1555 1860 326
f 1850 3348 2311
f 3792 1861 500
f 1253 529 1862
f 1253 1862 1863
f 1862 706 1863
f 1253 1863 409
f 3704 3506 1864
f 361 3548 2608
f 3117 1031 1865
f 1188 1865 1467
f 1639 699 2172
f 1384 1866 3491
f 1184 450 1867
f 3476 1758 339
f 728 1867 1868
f 3074 2302 815
f 1184 728 2636
f 862 3041 1375
f 1604 465 2632
f 731 2779 1955
f 1790 1020 1871
f 489 3470 2886
f 1747 351 1872
f 1079 1872 3537
f 3306 735 1873
f 1102 1873 3307
f 1328 549 3326
f 848 1874 2385
f 549 1327 2513
f 1050 3456 2463
f 2529 919 1876
f 722 1876 1183
f 2976 1023 1877
f 1012 1877 2861
f 3248 1023 1878
f 227 2078 226
f 3440 1374 1879
f 2425 3318 1441
f 1444 653 1880
f 1444 1880 636
f 3703 1122 1881
f 1261 1881 2524
f 2548 1249 1882
f 490 1882 2791
f 1884 915 1883
f 3676 3677 1113
f 2762 445 3583
f 708 1884 1883
f 3616 462 1885
f 722 1885 2529
f 3100 722 1886
f 345 3379 1353
f 1290 405 1887
f 710 2931 3658
f 2793 3742 1889
f 710 1888 1290
f 2449 357 3026
f 860 3658 1549
f 3190 323 1890
f 1891 1279 547
f 698 1890 1891
f 698 1891 3668
f 1288 697 1892
f 535 1892 1290
f 1892 697 1893
f 405 1893 3060
f 1389 865 3038
f 436 1894 2697
f 799 1202 1895
f 3805 3166 522
f 3741 312 1896
f 1110 3521 1898
f 1367 696 1897
f 586 1897 1366
f 2445 1110 1898
f 2338 3153 981
f 3251 1251 1899
f 707 1899 1253
f 3002 508 1900
f 872 1900 2298
f 2610 1329 1901
f 3252 2940 1001
f 1189 509 1902
f 692 1902 3797
f 2411 1903 2121
f 951 1903 3003
f 1405 926 1904
f 730 1904 1357
f 1906 700 1905
f 3569 1905 329
f 3571 492 1906
f 1119 1906 1905
f 3143 531 1907
f 3282 316 2635
f 693 1305 1908
f 693 1908 2771
f 3141 1909 2547
f 711 1909 3059
f 2706 459 1910
f 711 1910 1304
f 1304 312 1911
f 711 2908 2547
f 1275 704 1912
f 404 1912 1293
f 3586 704 1913
f 42 1913 41
f 3030 1092 1914
f 3086 2700 1098
f 957 1624 2560
f 491 3334 2717
f 3630 1099 1916
f 3627 1916 1098
f 1252 406 1917
f 1474 1917 695
f 282 283 1918
f 282 1918 2353
f 1902 509 1919
f 1902 1919 1220
f 2417 498 2979
f 718 1920 1612
f 2897 961 1921
f 943 3501 1575
f 2443 369 1922
f 2405 2548 490
f 2264 827 3767
f 1922 1923 776
f 1768 461 1924
f 1923 1924 776
f 907 1922 1925
f 907 2790 3470
f 2112 881 1926
f 508 1926 2382
f 3570 1119 1927
f 714 2500 1542
f 1860 1053 3712
f 2392 2393 824
f 3864 3445 1929
f 1052 1929 3433
f 1434 703 3749
f 403 1930 2077
f 1262 702 1931
f 480 1931 2100
f 236 237 1932
f 3608 1932 1106
f 1718 438 1933
f 1718 1933 1272
f 1272 737 1934
f 344 3828 1854
f 1199 497 1935
f 725 1935 1418
f 1390 725 1936
f 1390 1936 299
f 3532 1145 1937
f 838 1937 1448
f 1338 705 1938
f 1338 1938 2229
f 1940 713 1939
f 215 3670 214
f 2852 713 1940
f 1032 3581 2368
f 2138 408 1941
f 1126 1941 2852
f 1505 816 1942
f 3422 3752 1105
f 3246 903 1943
f 90 1943 89
f 702 1322 1944
f 702 1944 1931
f 3446 664 1945
f 1053 1945 3444
f 3465 1057 1946
f 661 3455 1736
f 2438 1104 1947
f 712 1947 3728
f 1910 459 1948
f 1304 1948 712
f 2258 492 1949
f 1228 1949 714
f 3441 1950 3078
f 2745 1950 1765
f 3214 1951 2194
f 771 2717 3260
f 656 1254 1952
f 1130 2115 3219
f 1399 748 1953
f 1029 1953 3360
f 2461 723 3858
f 351 1954 1400
f 1584 466 1955
f 1584 2779 724
f 1301 566 1956
f 3723 1956 1163
f 3188 986 1957
f 484 1957 1227
f 3803 643 1958
f 1222 1958 3805
f 3607 1106 1959
f 984 1959 3106
f 3836 3383 1960
f 603 2701 2072
f 663 1496 1961
f 663 1961 1566
f 1847 3185 2150
f 751 2495 1614
f 2735 890 1963
f 3322 3285 1041
f 3028 456 1964
f 888 1964 2659
f 1676 386 1965
f 850 1965 1224
f 3010 719 1966
f 3758 429 2170
f 3665 908 1967
f 1494 1967 2542
f 3301 1014 1968
f 657 1968 2253
f 2288 1377 1969
f 716 1969 1689
f 769 2669 2083
f 384 1970 3544
f 1484 1123 1971
f 3727 3726 1261
f 1973 814 3052
f 1089 1972 2348
f 3794 814 1973
f 443 1973 1553
f 2414 899 1974
f 2915 628 1629
f 2749 1102 1975
f 1472 1975 797
f 597 1480 1976
f 3475 1977 673
f 1480 336 1977
f 1976 1977 3475
f 3540 1245 1978
f 280 1978 279
f 2055 736 1979
f 996 1979 3114
f 2539 452 1980
f 2055 1979 996
f 1519 360 1981
f 1519 3740 1402
f 485 1531 1982
f 1059 1982 1642
f 546 1347 1983
f 546 1983 3274
f 1416 754 1984
f 399 1984 2713
f 3347 1173 1985
f 754 1985 1984
f 2283 1250 1986
f 3703 1986 1122
f 2833 1114 1987
f 488 1987 1195
f 3360 478 1988
f 718 1988 3310
f 3311 402 1989
f 718 1989 2979
f 1348 623 1990
f 1348 1990 3716
f 382 1343 3399
f 3674 2880 1563
f 3402 1125 1992
f 532 1992 1307
f 2008 717 1993
f 1044 1993 2197
f 10 3168 2163
f 791 1994 1794
f 2236 811 3382
f 1184 1995 450
f 1349 825 1996
f 623 1996 1433
f 1771 604 1997
f 790 1997 2712
f 3644 3432 1998
f 1147 1998 3522
f 3143 1090 1999
f 1429 1999 580
f 2366 1109 2000
f 1555 2000 1860
f 2967 321 2001
f 721 2001 1461
f 1712 721 3847
f 564 2254 1395
f 3862 740 2003
f 504 2003 2814
f 3135 740 2991
f 277 2004 276
f 2006 421 2005
f 740 3584 2003
f 1244 421 2006
f 796 3135 1655
f 1420 779 2007
f 864 2007 2690
f 1706 717 2008
f 1706 2008 677
f 2444 486 2009
f 1064 2596 3060
f 1688 453 2117
f 846 2825 2387
f 1791 1170 2011
f 3800 2011 1171
f 345 1353 2012
f 345 3308 2115
f 3132 966 3309
f 317 2013 1556
f 1656 732 2014
f 3136 2569 1072
f 2678 517 2015
f 3147 2017 365
f 1293 560 2016
f 733 2016 2017
f 2015 733 3147
f 365 2017 2585
f 2116 769 2239
f 1065 2018 2835
f 3837 1350 2019
f 3613 2019 1158
f 3714 1196 2020
f 913 2020 1845
f 2035 800 2021
f 1041 2167 3322
f 671 1375 2022
f 2355 3134 1462
f 728 1868 2023
f 728 2128 1869
f 3832 1635 2024
f 3657 1626 899
f 986 1647 2025
f 986 3293 3189
f 2121 951 3573
f 211 3824 210
f 3614 372 2027
f 1158 2027 3613
f 2787 946 2028
f 352 2918 3209
f 1721 1049 2029
f 674 2029 2463
f 3814 2030 3008
f 3063 85 86
f 1812 757 2031
f 425 2031 1545
f 3114 1260 2032
f 1783 2032 220
f 253 254 2033
f 3509 2074 739
f 2070 1337 3735
f 270 2622 269
f 2021 1041 2035
f 3829 1609 358
f 1139 1572 2974
f 415 2036 2785
f 874 1554 2585
f 365 2037 1188
f 1596 3619 2274
f 853 3476 1868
f 2279 948 3327
f 100 3503 99
f 2806 893 2040
f 1270 2040 3439
f 2312 62 2041
f 818 2041 2131
f 737 1611 2042
f 934 2042 1715
f 469 1788 3058
f 1376 2043 788
f 2635 316 2044
f 3420 3019 575
f 1710 803 2045
f 921 2045 1763
f 3079 1143 2046
f 499 2046 2831
f 1750 673 3793
f 1004 2047 3268
f 620 1551 2048
f 1625 2048 1060
f 2050 811 2049
f 449 2049 1448
f 1995 811 2434
f 810 2050 1853
f 94 95 2051
f 2652 834 1312
f 3612 617 2052
f 2965 1402 452
f 1725 804 2053
f 870 2053 2296
f 436 1370 2054
f 2589 1420 864
f 836 1980 2055
f 3691 996 1783
f 2115 867 3219
f 3730 3713 1751
f 3513 488 2057
f 1115 2057 3240
f 2660 464 2058
f 1399 2058 748
f 2912 959 2059
f 3595 2282 1695
f 677 1705 2060
f 1100 2060 3336
f 3436 526 2061
f 1181 2061 786
f 1832 746 2062
f 1832 2062 3785
f 3524 1214 2063
f 1235 2063 565
f 3224 1021 2064
f 355 2064 1385
f 1846 450 2065
f 1385 2065 810
f 1776 747 2694
f 643 2066 1958
f 2066 747 2067
f 995 2067 2846
f 1314 747 2068
f 2755 1776 1068
f 2844 927 3241
f 1240 2069 3255
f 2579 973 2070
f 3735 1337 2034
f 2419 639 2071
f 1069 3611 2742
f 3271 1467 2072
f 1201 2072 2678
f 3321 1424 2073
f 739 2073 1382
f 2780 1316 3789
f 255 3509 254
f 1883 915 2075
f 374 2075 1236
f 1236 741 2076
f 565 2076 1235
f 3649 403 2077
f 1262 2077 702
f 227 1878 2078
f 226 2078 1560
f 724 1381 2079
f 1729 2079 32
f 744 1262 2080
f 744 3443 2256
f 1827 744 2081
f 513 2081 2588
f 493 2018 2082
f 1034 3442 1684
f 2082 769 2083
f 2082 2083 1034
f 2628 5 2084
f 802 2084 1482
f 3841 448 2085
f 793 2085 2086
f 2227 793 2086
f 340 3025 2224
f 2337 423 2087
f 3761 793 2227
f 2077 1052 2088
f 702 2088 1322
f 687 1250 2089
f 1026 3618 1784
f 2502 742 2090
f 1688 2090 453
f 1276 742 2091
f 396 2091 1699
f 2422 1186 2092
f 738 2092 2990
f 3477 390 2598
f 822 2093 2521
f 3142 908 2094
f 54 2094 53
f 53 2094 2095
f 52 2095 1295
f 3544 1101 2096
f 1097 3525 3565
f 1530 649 2097
f 1530 2097 348
f 3062 1047 3743
f 1414 2098 87
f 3300 1296 2099
f 1359 2099 2925
f 1931 1048 2100
f 480 2100 1814
f 3152 980 2101
f 1496 2101 591
f 2103 745 2102
f 1524 2102 610
f 1524 439 2103
f 1524 2103 2102
f 768 1857 2104
f 1652 2104 71
f 2359 1169 3736
f 709 2105 2127
f 2526 483 2518
f 1445 2106 890
f 2659 763 2107
f 1413 2107 619
f 1039 1453 3182
f 806 2108 1454
f 1337 515 2109
f 806 2109 3182
f 2535 382 2110
f 1073 2110 3731
f 2327 318 2111
f 1195 2111 743
f 1806 881 2112
f 1116 2112 3002
f 3628 1099 2113
f 3121 344 1854
f 1281 1076 2114
f 1281 2114 3286
f 1952 345 2115
f 1952 2115 1130
f 1678 898 3582
f 2239 769 2018
f 2039 948 2117
f 846 2117 2010
f 2667 377 2118
f 1147 2118 3644
f 3148 505 2119
f 2956 991 1361
f 3813 391 2120
f 1160 2120 3812
f 1085 1903 2411
f 213 2121 212
f 3423 435 2122
f 817 2122 2123
f 3094 817 2123
f 502 2123 3075
f 2672 1244 2124
f 1245 2124 1978
f 2765 770 2125
f 544 2125 2836
f 419 1429 2126
f 419 3161 2209
f 3798 709 2127
f 1220 2127 2734
f 2023 815 2128
f 1869 2128 441
f 2906 1263 2129
f 1223 2129 417
f 3529 1204 2130
f 3715 2130 1211
f 2130 818 2340
f 552 2131 2869
f 3750 650 2132
f 750 2132 3065
f 3464 1056 2133
f 391 2133 2120
f 1772 1035 2134
f 370 2134 1470
f 2535 878 2135
f 382 2135 3022
f 2900 1124 2136
f 1224 2136 3719
f 1852 1331 2137
f 755 2137 1368
f 3272 755 2138
f 1126 2138 1941
f 525 1259 2139
f 3272 2138 1126
f 3790 64 2140
f 1148 2140 2869
f 1162 749 2141
f 473 2141 1323
f 1162 351 2142
f 1162 2142 749
f 1400 572 2143
f 749 2143 2537
f 830 1213 2144
f 2492 1848 338
f 1715 460 3353
f 832 2145 2571
f 2742 512 2146
f 1094 2146 1473
f 3786 1308 2231
f 795 2147 1307
f 658 1266 3404
f 1294 2148 3405
f 3551 678 2149
f 751 2149 2150
f 349 1847 2150
f 349 2150 1698
f 1446 783 2406
f 2833 1987 488
f 414 1397 2152
f 1415 2152 1199
f 684 1162 2153
f 684 2153 1838
f 594 1435 2154
f 1070 2154 2291
f 3194 422 3206
f 2125 2155 1065
f 3574 1018 2156
f 1479 2156 2509
f 1074 1532 2157
f 655 2157 1456
f 2519 852 3739
f 1824 2158 354
f 3498 1078 2159
f 314 2159 3099
f 562 1342 2160
f 1012 2160 2976
f 678 1548 2161
f 678 2161 1698
f 2863 208 2162
f 1030 2162 2602
f 9 10 2163
f 1017 2163 2234
f 1321 680 2164
f 1321 2164 2896
f 2255 511 3706
f 1809 2165 869
f 2446 1063 2166
f 2165 2166 869
f 1962 752 2167
f 1962 2167 437
f 2421 366 2168
f 871 2729 2310
f 1610 753 2169
f 261 2169 260
f 1966 429 3758
f 3115 2395 546
f 1248 753 2171
f 1248 2171 523
f 699 1866 2172
f 1639 2172 395
f 237 238 2173
f 1932 2173 1106
f 3478 519 3520
f 1737 2174 761
f 1388 1349 2175
f 761 2175 3098
f 2471 1002 2176
f 3688 471 1799
f 1739 756 3778
f 1010 3425 2973
f 1739 1011 2178
f 756 2178 1536
f 2361 481 2179
f 1926 2179 998
f 2542 574 3821
f 1217 2401 2643
f 1650 750 2181
f 649 2181 2097
f 2181 750 2182
f 1043 2182 1951
f 1485 427 2810
f 947 2183 3067
f 2200 1197 3325
f 289 2184 2266
f 2292 518 2185
f 768 2185 1227
f 3543 507 2186
f 1432 2186 773
f 2464 773 2187
f 343 2187 3642
f 3781 1335 2188
f 417 2188 1223
f 431 1424 2189
f 3745 2035 1041
f 293 294 2190
f 1145 2190 3389
f 294 295 3806
f 758 2191 3602
f 2430 1264 2192
f 1421 2192 760
f 525 2139 2193
f 525 2193 2853
f 1043 1951 3214
f 348 2194 1446
f 2258 1446 2195
f 3746 2195 1133
f 3593 1292 2196
f 287 2196 286
f 1993 495 2197
f 1044 2197 2198
f 1705 1044 3625
f 2787 2203 946
f 735 1229 2199
f 1153 2199 2540
f 2309 838 2200
f 291 3325 290
f 312 1304 2201
f 312 2201 3203
f 3292 1150 2202
f 413 2202 1301
f 801 1769 2203
f 801 2787 2198
f 2158 852 2204
f 1516 2204 635
f 800 2035 2205
f 800 2205 1696
f 2208 1007 2206
f 762 2206 2205
f 467 1512 2207
f 3558 880 1565
f 2932 622 2208
f 762 2208 2206
f 3161 1025 2209
f 419 2209 2210
f 1447 765 2210
f 1447 2210 2209
f 3799 510 2211
f 1171 2211 2212
f 3801 1171 2212
f 3694 2587 912
f 3221 526 2213
f 1263 2214 417
f 2213 759 2214
f 417 2214 3781
f 759 1181 2215
f 759 2215 1509
f 1657 540 2216
f 1019 2216 3014
f 753 1311 2217
f 1247 2217 423
f 799 1895 2218
f 799 2824 1820
f 3673 1274 2219
f 518 2219 1728
f 2304 1086 2684
f 960 3779 3575
f 1386 637 2221
f 1386 2221 730
f 2945 887 2222
f 456 2222 1964
f 1942 816 2223
f 1942 3752 3422
f 936 1523 3025
f 340 3776 2515
f 1740 778 2225
f 652 2225 1713
f 2225 778 2226
f 2225 2226 1713
f 2087 793 3761
f 1324 2227 340
f 805 1344 2228
f 805 2228 2596
f 805 1338 2229
f 805 2229 1344
f 647 1679 2230
f 647 2230 1678
f 1308 2147 2231
f 3487 2911 909
f 2868 1046 2232
f 1574 2232 66
f 3246 826 2233
f 903 3592 1552
f 2163 791 2234
f 1017 2234 1568
f 396 1591 2235
f 1706 2235 717
f 1439 811 2236
f 356 2236 1760
f 29 30 2237
f 29 2237 2829
f 704 1275 2238
f 1810 2238 939
f 3582 2116 2239
f 422 2239 2155
f 2986 928 2240
f 1397 2240 564
f 3683 1393 2241
f 1238 2241 2415
f 1090 1907 3282
f 316 2242 1336
f 2188 1335 2243
f 764 2243 1336
f 2597 1219 2244
f 605 2244 1534
f 3384 2245 3118
f 1031 3652 1865
f 2983 394 2246
f 1291 2247 530
f 2246 775 2247
f 2246 2247 1291
f 1550 1037 3213
f 26 2248 25
f 2498 1129 3852
f 1338 2249 705
f 940 1670 2970
f 777 2250 2251
f 2250 1966 2251
f 777 2251 1219
f 3210 2970 2252
f 638 2252 1602
f 725 1390 2253
f 1415 2253 1968
f 2002 1412 2254
f 2002 2254 564
f 2238 1275 2255
f 2238 3706 939
f 2081 744 2256
f 1187 3437 2607
f 3037 1086 2257
f 959 2257 1621
f 2259 783 2258
f 1228 2258 1949
f 3354 420 2259
f 1228 2259 2258
f 2339 1190 2705
f 2558 2291 1298
f 1352 840 2261
f 1352 2261 3660
f 2261 840 2262
f 1056 3528 2366
f 310 311 2263
f 1112 2686 2347
f 683 1751 2264
f 1752 3767 369
f 3155 1082 2265
f 812 3256 1283
f 2184 897 2266
f 288 2266 3593
f 1842 1061 2267
f 319 2267 3374
f 413 1301 2268
f 413 2268 2307
f 707 1253 2269
f 1129 2269 3734
f 3181 1441 2270
f 1039 2270 3183
f 3738 2271 2583
f 1074 3664 1532
f 1199 772 2272
f 497 2272 3119
f 2569 520 2273
f 2535 2135 382
f 691 1596 2274
f 691 2274 1846
f 1691 784 2275
f 1691 2278 786
f 1181 786 2276
f 1181 2276 2215
f 3647 418 2277
f 1265 2277 2061
f 2275 537 2278
f 2275 2278 1691
f 102 1654 2279
f 102 2279 101
f 2786 824 2592
f 1529 2280 635
f 1426 1196 2281
f 789 2281 1851
f 2059 383 2282
f 1695 2282 847
f 794 1250 2283
f 794 2283 3645
f 794 1286 2284
f 794 2284 1250
f 2568 320 2285
f 977 2285 1719
f 3708 412 3697
f 3473 3236 669
f 251 252 3662
f 1225 2287 938
f 1023 1377 2288
f 1878 2288 716
f 3851 832 2289
f 507 2289 2317
f 3208 1011 2290
f 1449 2290 477
f 2154 774 2291
f 573 2291 2558
f 3737 2292 3267
f 1005 2292 2185
f 2200 838 2293
f 1197 2293 2605
f 3717 1622 2294
f 1231 2294 521
f 2963 1116 2295
f 283 2295 1918
f 440 1547 2296
f 440 2296 2053
f 3811 992 2297
f 1599 2297 412
f 1617 872 2298
f 1617 2298 542
f 782 1189 2299
f 3621 1332 2506
f 1189 782 2300
f 509 2300 1208
f 2300 782 2301
f 418 2301 1284
f 2776 815 2302
f 914 2871 2308
f 3673 1205 2303
f 1022 2303 2799
f 1518 1030 2958
f 543 2304 2684
f 3849 379 2305
f 1299 3766 2778
f 2377 1169 2306
f 765 2306 1421
f 2076 741 2307
f 1235 2307 2268
f 2777 914 3340
f 381 2308 3610
f 3533 3532 2309
f 292 2309 2200
f 2043 871 2310
f 788 2310 1285
f 3435 47 2311
f 1149 3348 3792
f 61 62 2312
f 1204 2312 818
f 2062 746 3076
f 1501 2313 349
f 2574 795 3487
f 2911 588 1451
f 699 1697 2315
f 699 2315 1866
f 1873 1300 2499
f 3722 2316 81
f 1556 808 2317
f 507 2317 2186
f 2916 428 2318
f 1619 2318 808
f 51 1295 2319
f 51 2319 50
f 1560 780 3112
f 224 3452 223
f 1689 579 2321
f 2424 780 1560
f 2443 1020 2689
f 880 2322 1565
f 401 1320 2323
f 401 2323 3672
f 1319 789 2324
f 563 2324 1320
f 1509 555 2325
f 1174 2325 3710
f 2465 536 2326
f 1334 2326 2328
f 1195 785 2327
f 1195 2327 2111
f 2793 357 2328
f 781 2328 2326
f 1987 1114 2329
f 785 2329 1333
f 651 1272 2330
f 1099 2330 2113
f 1183 463 2331
f 2332 1586 650
f 807 2331 2332
f 807 2332 1507
f 3029 1034 2333
f 1242 3499 1078
f 3023 477 2334
f 3576 2973 640
f 2683 990 2335
f 3184 2803 1306
f 2743 877 2336
f 303 2336 302
f 1247 423 2337
f 792 2337 2342
f 446 1898 2338
f 446 2338 3830
f 2391 904 2339
f 410 2339 2705
f 1506 1211 2340
f 3186 2131 552
f 1709 826 2341
f 91 2341 90
f 1657 792 2342
f 1657 2342 540
f 1311 646 2343
f 1311 2878 423
f 1822 1087 2344
f 618 2344 2601
f 234 1430 2345
f 234 2345 233
f 1604 840 2346
f 1604 2346 465
f 2686 3 2347
f 1112 2347 1232
f 2349 813 3406
f 442 2348 1972
f 2146 512 2349
f 3406 813 2348
f 774 1380 2350
f 1298 2350 3783
f 1297 756 2351
f 1297 2351 2988
f 772 1395 2352
f 1218 2352 355
f 281 282 2353
f 281 2353 3540
f 668 1273 2354
f 668 2354 1359
f 1038 2022 2355
f 3342 1462 630
f 1572 1139 2356
f 516 2356 1786
f 2712 1180 2357
f 790 2357 1690
f 240 241 3510
f 3032 3529 568
f 2430 353 2359
f 1209 2359 709
f 3668 1111 2360
f 1325 2360 3077
f 2404 481 2361
f 1292 2361 881
f 453 1276 2362
f 1100 2362 2060
f 45 46 2363
f 950 2363 2733
f 1730 924 2364
f 20 2364 19
f 3636 1153 2365
f 76 2800 75
f 3604 2366 3528
f 1056 2366 2133
f 1567 856 2367
f 589 2367 3318
f 217 218 2368
f 1032 2368 2853
f 1334 784 2465
f 1284 2369 418
f 1442 999 2370
f 1442 2370 991
f 3376 889 2371
f 501 2371 1508
f 1203 517 2372
f 1203 2372 2913
f 785 1333 2373
f 1332 2373 2506
f 2685 1303 2374
f 1365 2374 2275
f 3027 953 2375
f 1465 2375 584
f 1747 1079 2376
f 665 2376 1215
f 765 1447 2377
f 1169 2377 2105
f 3044 1472 2378
f 584 3820 3291
f 3307 566 2379
f 797 2379 1301
f 3669 1255 2380
f 533 2380 1256
f 2382 998 2381
f 844 3486 2637
f 1926 998 2382
f 2527 844 1681
f 580 1470 2383
f 580 2383 1429
f 2423 583 3228
f 1013 2384 1457
f 2122 435 2385
f 1008 2385 1874
f 3485 1686 2386
f 848 2386 3326
f 2825 527 2387
f 846 2387 2388
f 2039 846 3503
f 99 2388 98
f 3401 891 2389
f 1125 2389 1524
f 451 1793 2390
f 451 2390 3045
f 2584 904 2391
f 1280 3451 1764
f 326 1928 2392
f 326 2392 1404
f 2392 1928 2393
f 824 2393 1434
f 3834 364 2394
f 798 2394 2395
f 2170 798 2395
f 546 2395 1347
f 2397 937 2396
f 841 2396 1807
f 3502 937 3457
f 578 2653 2894
f 1302 1594 2398
f 1302 2398 335
f 2004 1179 2399
f 276 2399 275
f 2337 792 2400
f 1247 2400 523
f 203 204 2401
f 2817 2180 1167
f 2387 527 2402
f 2387 2402 1317
f 3368 2403 2607
f 842 2914 2448
f 1738 481 2404
f 897 2404 2266
f 3145 972 3160
f 1925 2405 490
f 2920 348 2406
f 2151 2406 783
f 1323 571 2407
f 1323 2407 2968
f 1945 1051 3808
f 2674 819 1322
f 1322 819 2409
f 1322 2409 347
f 2876 1291 2410
f 819 2410 1422
f 1939 1085 3670
f 214 2411 213
f 2595 1286 2412
f 598 2412 3439
f 3415 627 2413
f 1192 3333 3412
f 2566 899 3279
f 433 2919 1592
f 3085 1238 2415
f 828 2415 1759
f 2417 839 3384
f 1136 2416 3383
f 2979 1137 2417
f 3384 2416 1136
f 3366 839 2418
f 3204 3394 1533
f 1520 639 2419
f 968 2419 2816
f 1666 910 2420
f 609 2420 2661
f 2769 366 2421
f 997 2421 1788
f 3163 354 2422
f 1779 2422 738
f 2095 908 2423
f 1295 2423 3228
f 1689 2321 2424
f 1689 2424 716
f 1040 1879 2425
f 1040 3247 1736
f 1627 458 2426
f 966 2426 1619
f 1782 426 2427
f 828 2427 3085
f 693 1782 2428
f 693 2428 1305
f 3261 809 2429
f 509 2429 1919
f 809 1264 2430
f 809 2430 2429
f 2061 526 2431
f 1265 2431 3261
f 43 44 2432
f 1212 2432 1616
f 3042 615 2433
f 3319 3024 562
f 450 1995 2434
f 2065 2434 810
f 674 1388 2435
f 1720 2435 2174
f 2854 1371 2436
f 567 2436 3718
f 795 1307 2437
f 795 2437 1410
f 3648 1003 2438
f 712 2438 1947
f 2562 1638 2439
f 558 2439 3416
f 3197 1191 2654
f 1070 2440 1436
f 1095 1674 2441
f 552 3640 3186
f 690 1403 2442
f 1108 2442 3623
f 2689 369 2443
f 1020 2443 1871
f 1468 486 2444
f 1468 2444 697
f 2908 1110 2445
f 916 3378 2931
f 2531 1128 2658
f 511 2446 2166
f 1746 861 2946
f 1745 2447 444
f 3357 842 2448
f 443 2448 3681
f 3026 1365 2449
f 1334 2449 784
f 3848 633 2450
f 3849 3397 379
f 851 1765 2451
f 1108 2451 2442
f 1620 1375 2452
f 845 3490 2534
f 482 1596 2453
f 1021 2453 2064
f 3839 1155 2454
f 1613 2454 662
f 1495 371 2455
f 1495 2455 2768
f 1702 933 2456
f 2455 2456 884
f 745 2024 2457
f 3279 2570 1156
f 107 108 2458
f 1526 2458 688
f 3667 547 2459
f 1278 2623 1561
f 672 1757 2460
f 1758 2460 814
f 1387 723 2461
f 1387 2461 665
f 1682 1103 2462
f 1682 2462 668
f 2029 1050 2463
f 674 2463 1388
f 705 1432 2464
f 1938 2464 2187
f 2326 1334 2465
f 536 2465 2506
f 2367 856 3417
f 923 3596 1677
f 1950 1144 2467
f 690 2467 1403
f 3606 2468 3021
f 97 2468 96
f 1395 772 2469
f 1395 2469 564
f 3050 585 3235
f 1132 2470 1273
f 2305 1002 3766
f 608 3826 3363
f 1473 812 2472
f 1473 2472 321
f 1601 633 2473
f 876 2473 2762
f 3152 1496 3855
f 979 3171 3440
f 2758 877 2475
f 1215 2475 2480
f 107 1526 2476
f 106 2476 1725
f 3729 496 2477
f 820 2477 2478
f 1182 820 2478
f 1182 2478 668
f 586 1366 2479
f 2693 1182 1676
f 665 1215 3791
f 1456 2480 655
f 296 297 2481
f 1146 2481 2746
f 654 1715 2482
f 1717 3851 2289
f 1859 475 2483
f 1309 2483 775
f 319 1685 2484
f 1431 2484 816
f 727 1654 2741
f 870 2731 1725
f 2890 1382 2486
f 890 2486 1963
f 3408 1173 2487
f 1561 2487 364
f 2489 970 2488
f 969 2488 1787
f 1593 970 2489
f 2902 969 1711
f 2491 1330 2490
f 830 2490 1213
f 1428 538 2491
f 830 2491 2490
f 830 2144 2492
f 830 2492 1428
f 44 45 2493
f 44 2493 2432
f 2102 1156 2494
f 610 2494 1525
f 1962 437 2495
f 1962 2495 751
f 903 1414 2496
f 903 2496 1943
f 2336 1045 2497
f 302 2497 301
f 1468 707 2498
f 1468 2498 486
f 1300 2316 2499
f 566 2499 1956
f 714 1927 2500
f 1542 2500 535
f 3452 1084 2501
f 222 2939 221
f 1547 742 2502
f 1547 2502 727
f 368 1746 2503
f 3504 970 1593
f 2297 992 2504
f 2297 2504 412
f 2679 1427 2505
f 602 3598 2698
f 2299 1332 3621
f 1284 2506 2465
f 1461 812 2507
f 1461 2507 3479
f 329 1855 2508
f 1288 2508 697
f 847 1479 2509
f 847 2509 2858
f 2858 1452 2510
f 847 2510 1695
f 3558 1565 2511
f 467 2511 1582
f 3308 1364 2512
f 1768 2512 461
f 1326 549 2513
f 1326 2513 2867
f 2708 553 2514
f 1380 2514 2759
f 1324 340 2515
f 829 2515 3035
f 1576 829 2516
f 426 2516 2427
f 2216 540 2517
f 1576 2517 829
f 3538 746 2518
f 2106 2518 483
f 639 1476 2519
f 639 3720 2071
f 2093 822 2598
f 1310 2520 556
f 3523 559 2521
f 822 2521 2565
f 3654 642 2522
f 1834 2522 802
f 1827 2081 2523
f 2681 2092 1186
f 1417 1261 2524
f 1417 2524 1772
f 700 1252 2525
f 1251 2525 529
f 2518 1206 2526
f 483 2526 1225
f 508 2382 2527
f 508 2527 1900
f 3759 267 2528
f 2894 2108 578
f 2530 919 2529
f 900 2529 1885
f 1822 919 2530
f 362 2530 1759
f 3166 1128 2531
f 522 2531 2824
f 2980 1477 2532
f 3671 1830 1443
f 1497 591 2533
f 885 2533 1355
f 1723 432 2534
f 1723 2534 3490
f 1073 2273 2535
f 1073 2535 2110
f 375 1354 2536
f 375 3502 3183
f 2143 1134 2537
f 749 2537 2141
f 3364 1067 2538
f 1066 2538 1685
f 1463 3064 2942
f 1084 2539 2501
f 2199 524 2540
f 2365 2540 982
f 1835 833 2541
f 543 3170 2958
f 833 1494 2542
f 3200 3821 1217
f 833 1835 2543
f 833 2543 1494
f 548 1677 3205
f 3205 2544 3194
f 3451 410 2545
f 905 2545 1856
f 659 1608 2546
f 659 3016 1607
f 405 1909 3141
f 916 2908 2445
f 2405 972 2548
f 490 2548 1882
f 235 236 2549
f 235 2549 1430
f 1177 1160 2550
f 1177 3113 1037
f 587 1613 2551
f 587 2551 3624
f 734 1763 2552
f 734 2552 1762
f 2490 1330 2553
f 430 2553 1455
f 3387 551 2554
f 1351 2554 2555
f 360 1351 2555
f 360 2555 1331
f 2737 1268 2556
f 2085 2556 936
f 232 233 2557
f 232 2557 2881
f 896 2260 2558
f 3320 3783 1240
f 1429 1216 2559
f 1999 2559 3143
f 3065 957 2560
f 491 2560 1915
f 777 1219 2561
f 1602 2561 402
f 779 1638 2562
f 1407 2562 558
f 692 1329 2563
f 1189 2563 2299
f 337 1525 2564
f 1637 2564 835
f 2916 1575 2565
f 428 2565 1401
f 745 2457 2566
f 745 2566 2102
f 3563 1419 2567
f 36 2567 35
f 2285 977 2568
f 320 2568 1589
f 2014 520 3136
f 1072 2569 3116
f 1564 835 2570
f 433 2570 3279
f 2145 1234 2571
f 832 2571 1556
f 3031 570 2572
f 869 2572 1419
f 2103 439 2573
f 2573 2807 3832
f 421 2231 2574
f 421 2574 2005
f 1320 855 2575
f 563 2575 3599
f 3263 855 2576
f 524 2576 2822
f 2575 855 2577
f 1318 2577 378
f 1257 534 2602
f 2304 2578 1086
f 1500 973 2579
f 1500 2579 273
f 3003 550 2580
f 859 2580 2582
f 534 1438 2581
f 534 2581 2257
f 1621 859 2582
f 383 2582 3702
f 1569 2271 3738
f 308 2583 307
f 1279 904 2584
f 547 2584 2459
f 2017 874 2585
f 365 2585 2037
f 689 1850 2809
f 1013 2586 2319
f 3694 1025 2587
f 912 2587 2873
f 2081 1187 2588
f 513 2588 2092
f 436 2054 2589
f 436 2589 1389
f 2612 1358 2590
f 581 2590 2509
f 1276 2091 2591
f 1276 2591 677
f 455 1425 2592
f 455 2592 1529
f 588 1410 2593
f 588 2593 3159
f 1367 1749 2594
f 398 2594 1371
f 1490 843 2595
f 598 2595 2412
f 2009 805 2596
f 2009 2596 1064
f 2561 1219 3579
f 1466 2597 605
f 822 2520 2598
f 2093 2598 390
f 1590 437 2599
f 858 2599 1578
f 1578 541 2600
f 858 2600 1493
f 2344 1242 2601
f 618 3004 3207
f 2162 1257 2602
f 1030 2602 2578
f 3518 597 2603
f 997 2769 2421
f 3320 1240 2604
f 1856 2604 554
f 2293 577 2605
f 897 2605 1738
f 1577 239 2606
f 3314 1200 2984
f 2588 1187 2607
f 842 2607 2403
f 1728 1118 2608
f 1728 2608 1027
f 696 1367 3153
f 981 2609 1828
f 2111 1329 2610
f 743 2610 1756
f 1368 538 2611
f 849 2611 3411
f 1770 849 2612
f 581 2612 2590
f 468 1751 2613
f 946 2613 2688
f 3198 1407 2614
f 363 2994 1646
f 1407 558 2615
f 889 2615 1623
f 2519 1476 2616
f 852 2616 1529
f 3305 1207 2617
f 2789 3020 1437
f 1138 1786 2618
f 332 2618 3656
f 1809 869 2619
f 38 2619 37
f 1333 420 2620
f 1333 2620 781
f 2548 972 2621
f 1249 2621 2761
f 270 2034 2622
f 269 2622 268
f 1278 2459 2623
f 1561 2623 624
f 2638 857 3234
f 1498 2624 545
f 2556 1268 2625
f 936 2625 1523
f 2692 315 2626
f 1534 2626 3394
f 582 1640 2627
f 3006 732 1656
f 2347 4 2628
f 3377 2084 802
f 1952 1130 2629
f 656 2629 1734
f 3663 884 2630
f 1355 2630 438
f 2630 884 2631
f 1933 2631 737
f 731 1708 2632
f 1870 2632 465
f 3281 2633 3244
f 1341 2633 594
f 3068 1294 2634
f 245 2634 114
f 2242 316 3282
f 1090 2635 3144
f 1760 1184 2636
f 862 2636 1869
f 1681 844 2640
f 1580 2637 616
f 1764 905 2638
f 624 2638 3234
f 2747 1241 2639
f 857 2639 1690
f 844 2637 2640
f 1681 2640 367
f 1794 1088 3819
f 2234 2641 434
f 2947 887 2642
f 1632 2642 342
f 204 205 2643
f 204 2643 2401
f 1735 661 2644
f 911 2644 1500
f 1476 851 2645
f 455 2645 3622
f 1792 330 2646
f 854 3751 2647
f 1319 563 3751
f 854 2647 1408
f 1162 2141 2648
f 2153 2985 928
f 2941 984 2649
f 3174 3715 1211
f 3527 979 2650
f 1409 2650 376
f 1515 596 2651
f 878 2651 1449
f 94 2051 2652
f 94 2652 93
f 578 2397 2653
f 1161 2653 3559
f 2440 1070 2654
f 2440 2654 1191
f 1565 539 2655
f 1565 2655 834
f 1478 1477 2656
f 1478 2656 1755
f 77 78 3636
f 3637 1829 735
f 2255 1062 2658
f 511 2658 2446
f 1964 763 2659
f 888 2659 2764
f 1778 464 2660
f 958 2660 1399
f 1778 958 2661
f 1117 2661 2420
f 1818 958 3656
f 2839 1399 1029
f 1310 2164 2663
f 1176 3684 3478
f 3145 868 2664
f 2621 2664 322
f 3492 3104 2665
f 868 2665 1671
f 1546 461 2666
f 1546 2666 3145
f 2668 377 2667
f 3031 3522 570
f 2846 377 2668
f 1128 2668 2446
f 1483 1970 2669
f 1483 2669 769
f 3336 1398 2670
f 527 2670 1394
f 1394 879 2671
f 467 2671 1512
f 2124 542 2672
f 3233 883 1308
f 1308 883 2673
f 532 2673 3402
f 479 2408 2674
f 479 2674 3433
f 2567 1277 2675
f 35 2675 34
f 2248 1680 2676
f 25 2676 24
f 2071 1083 3611
f 512 2677 2349
f 2072 931 2678
f 1201 2678 2015
f 1539 931 2679
f 602 2679 2505
f 1790 1871 2680
f 1790 2680 826
f 993 2523 2681
f 3626 1186 1516
f 549 1328 2682
f 1667 2682 821
f 2298 990 2683
f 542 2683 2672
f 1086 2220 2684
f 543 2684 1835
f 2374 860 2685
f 1303 2685 3830
f 2 3 2686
f 2263 2686 1112
f 1293 733 2687
f 1293 2687 404
f 2028 946 2688
f 2028 2688 879
f 1752 369 2689
f 880 2689 2322
f 2007 363 2690
f 864 2690 2691
f 3468 1389 2691
f 557 2691 1378
f 3010 1535 2692
f 1534 2692 2626
f 586 2479 2693
f 586 3283 1749
f 643 1599 2694
f 2066 2694 747
f 3367 1700 3242
f 3589 2505 1427
f 2698 865 2696
f 1540 2696 333
f 1894 866 2697
f 436 2697 1370
f 1540 602 2698
f 865 2698 1894
f 730 1357 2699
f 1356 2699 555
f 3634 1668 2700
f 694 2700 1914
f 603 1960 2701
f 2072 2701 931
f 2715 1267 2702
f 264 2702 1411
f 2832 1730 3675
f 1489 2703 22
f 1552 595 2704
f 903 2704 1414
f 1190 2260 2705
f 410 2705 2545
f 3059 967 2706
f 459 2706 2228
f 3553 1154 2707
f 998 2707 2381
f 3281 553 2708
f 1435 2708 774
f 2710 925 3860
f 1241 2709 2639
f 3255 1363 2710
f 3860 2709 1241
f 2843 454 2711
f 1363 2711 2710
f 2713 1180 2712
f 945 2712 1997
f 1487 399 3765
f 945 2713 2712
f 3169 1075 2714
f 514 2714 3270
f 3559 1267 2715
f 266 2715 265
f 863 1369 2716
f 863 2716 1521
f 771 1951 2717
f 1092 2717 3334
f 2754 885 2718
f 1662 2718 644
f 1729 33 2719
f 875 2719 2675
f 1406 466 2720
f 1406 2720 3331
f 260 1248 2721
f 259 2721 2875
f 851 1476 2722
f 1520 2722 639
f 3484 670 2723
f 1423 2723 2725
f 3080 873 2724
f 1143 2724 3772
f 2745 350 2725
f 873 2725 2723
f 1478 1237 2726
f 1478 2726 613
f 1767 1045 2727
f 474 2758 3536
f 1285 569 2728
f 3469 904 1279
f 2168 1191 2729
f 2168 2729 871
f 2798 895 2730
f 506 2730 1858
f 105 1725 2731
f 104 2731 2485
f 1616 950 2732
f 560 3088 2016
f 2363 1149 2733
f 950 2733 1780
f 3797 2734 2940
f 1001 2734 1798
f 1445 890 2735
f 1847 2735 752
f 686 1651 2736
f 686 2736 1859
f 2396 937 2737
f 2396 2737 448
f 2889 944 2738
f 1442 2738 999
f 1693 465 2739
f 882 2739 3216
f 1807 646 2740
f 1807 2740 841
f 2485 870 2741
f 2485 2741 1654
f 3339 1069 2742
f 1094 2742 2146
f 2475 877 2743
f 1663 2743 305
f 898 1662 2744
f 1483 2744 644
f 1142 1950 2745
f 1142 2745 2725
f 1418 1935 2746
f 1146 2746 3601
f 2870 1241 2747
f 2638 2747 857
f 617 1571 2748
f 1519 2748 1351
f 2576 1229 3263
f 2577 2749 378
f 2611 1428 3411
f 1358 2750 2857
f 2728 569 2751
f 2339 2751 1190
f 1410 337 2752
f 1410 2752 2593
f 2718 885 2753
f 1661 2753 438
f 3220 1497 2754
f 324 2754 1662
f 505 2068 2755
f 505 2755 2889
f 2163 1017 2756
f 9 2756 8
f 314 1587 2757
f 314 3498 2159
f 474 2727 2758
f 1215 2758 2475
f 2350 1380 2759
f 359 2759 1615
f 15 16 2760
f 1761 2760 921
f 2621 322 2761
f 1249 2761 2763
f 2473 1346 2762
f 876 3583 2763
f 1882 1249 2763
f 708 3583 1884
f 3172 888 2764
f 313 2764 3368
f 2224 770 3776
f 1239 2765 3036
f 3603 1077 3567
f 394 2766 1309
f 1091 1727 2767
f 626 2767 1843
f 591 1495 2768
f 591 2768 2533
f 1436 366 3178
f 2603 2769 997
f 1908 462 2770
f 901 2770 3773
f 320 1781 3580
f 901 2771 1908
f 1485 1016 2772
f 1844 2772 720
f 1471 953 3732
f 451 2773 1793
f 1800 682 2774
f 2773 2774 955
f 1550 607 2775
f 1550 2775 1037
f 914 1462 2776
f 914 2776 2302
f 1543 630 2777
f 3340 914 2308
f 3848 1299 2778
f 1833 2778 608
f 731 1870 2779
f 1955 2779 1584
f 257 1475 2780
f 3789 1316 2074
f 765 1421 2781
f 765 3530 2210
f 3844 1431 2782
f 1803 2782 775
f 1117 2420 2783
f 3666 2898 1159
f 2384 583 2784
f 1315 2784 910
f 2036 1135 2785
f 415 2785 1457
f 2592 1425 2786
f 824 2786 2392
f 352 2198 2787
f 352 2787 2028
f 900 1885 2788
f 1305 2788 462
f 988 2617 2789
f 988 3725 3178
f 1925 490 2790
f 1925 2790 907
f 1882 1113 2791
f 2790 2791 1360
f 3529 1151 2792
f 1204 2792 61
f 2328 1289 2793
f 357 2793 1889
f 399 2713 2794
f 1075 2794 2714
f 3391 456 2795
f 886 2795 1598
f 1815 397 2796
f 886 2796 3313
f 1711 969 2797
f 321 2797 3370
f 1604 895 2798
f 840 2798 2262
f 2822 1022 2799
f 982 2799 1754
f 982 1754 2800
f 982 2800 2365
f 1835 960 2801
f 393 2801 2783
f 1580 616 2802
f 891 3400 2389
f 3184 367 2803
f 1306 2803 3401
f 2850 1345 2804
f 368 2804 1746
f 2649 388 2805
f 893 2805 3620
f 2941 893 2806
f 1271 2806 1817
f 2573 892 2807
f 2573 3832 1221
f 3459 1121 2808
f 1777 2808 723
f 2586 1013 2809
f 2586 2809 1850
f 2183 947 2810
f 2183 2810 427
f 2971 1376 2811
f 600 2811 3837
f 2813 973 2812
f 661 2812 2644
f 1337 973 2813
f 1337 2813 515
f 2005 909 3584
f 504 2814 3467
f 2725 350 2815
f 968 2815 1520
f 1785 968 2816
f 472 2816 3339
f 203 2401 2817
f 203 2817 202
f 2003 504 2818
f 1179 2818 2399
f 2399 911 2819
f 275 2819 274
f 1646 590 2820
f 1646 2820 1378
f 557 1378 2821
f 3811 2297 1230
f 2540 524 2822
f 2540 2822 982
f 1775 502 3560
f 2029 2823 1050
f 799 2218 2824
f 1820 2824 1062
f 846 2010 2825
f 3336 2060 1398
f 3468 557 2826
f 1379 2826 1585
f 1362 55 2827
f 1362 2827 3650
f 3177 621 2828
f 3104 1551 620
f 882 1831 2829
f 29 2829 28
f 2364 924 2830
f 1694 2830 803
f 666 1731 2832
f 924 2831 2830
f 3675 666 2832
f 1730 2832 924
f 1042 2151 2833
f 1042 2833 1643
f 15 1761 2834
f 14 2834 1622
f 2836 1065 2835
f 1393 2835 3453
f 2125 1065 2836
f 544 2836 3683
f 109 110 2837
f 1499 2837 3175
f 2901 1271 2838
f 503 2838 1563
f 332 2662 2839
f 332 2839 1612
f 854 2390 2840
f 1792 2840 681
f 388 1506 2841
f 1490 2841 843
f 2462 1103 2842
f 387 2842 1444
f 2069 927 2843
f 1363 2843 2711
f 2325 555 2844
f 1615 2844 3241
f 781 1562 2845
f 781 2845 1289
f 2067 377 2846
f 995 2846 3166
f 539 1790 2847
f 539 2847 1312
f 964 1544 2848
f 3312 630 1543
f 3447 942 2849
f 572 2849 3757
f 2849 942 2850
f 1513 2850 368
f 1762 1345 2851
f 3335 3447 1088
f 2193 1126 2852
f 1032 2852 1940
f 3114 525 2853
f 1260 2853 2368
f 2856 1371 2854
f 926 2854 1372
f 1904 926 2855
f 454 2855 1372
f 1405 398 2856
f 1405 2856 926
f 2750 338 2857
f 918 2857 2859
f 2590 918 2858
f 847 2858 2510
f 2857 1603 2859
f 918 2859 2858
f 917 1748 2860
f 1592 2860 2937
f 1645 1012 2881
f 231 2861 230
f 1673 83 2862
f 1214 3755 2030
f 207 208 2863
f 1518 2863 1030
f 662 1488 2864
f 662 2864 1613
f 1555 326 2865
f 902 2865 1404
f 2864 1488 2866
f 902 2866 1555
f 2513 1875 2867
f 1326 2867 502
f 2232 1574 2868
f 1046 3034 3095
f 2131 1148 2869
f 3095 3034 1095
f 1856 554 2870
f 905 2870 2747
f 1458 2308 2871
f 599 2871 2302
f 330 2212 2872
f 3744 912 1426
f 2587 447 2873
f 912 2873 1196
f 2212 766 2874
f 2872 2874 912
f 258 259 2875
f 3304 3138 1475
f 2983 1291 2876
f 2408 2876 819
f 1667 821 2877
f 1667 2877 636
f 793 2087 3594
f 2343 2878 1311
f 3608 3607 2879
f 985 2879 1563
f 3674 615 2880
f 1563 2880 985
f 2557 1645 2881
f 232 2881 231
f 1470 580 2882
f 1470 2882 2884
f 2315 949 2883
f 1866 2883 575
f 1697 370 2884
f 949 2884 2882
f 3677 374 2885
f 906 2885 2887
f 3470 1360 2886
f 489 2886 3592
f 595 1552 2887
f 595 2887 1492
f 3474 3473 2888
f 944 2888 1658
f 3474 944 2889
f 505 2889 3097
f 2892 1382 2890
f 2106 2890 890
f 729 1572 2891
f 729 2891 2037
f 1225 938 2892
f 483 2892 2890
f 938 2033 2893
f 938 2893 2892
f 1161 2528 2894
f 1161 2894 2653
f 342 1321 2895
f 342 2895 1628
f 2164 556 2896
f 1321 2896 2895
f 458 1633 2897
f 458 2897 2917
f 3587 1159 2898
f 910 2898 2783
f 3130 965 2899
f 1626 2899 628
f 2099 1124 2900
f 386 2900 1965
f 2838 503 2901
f 1271 2941 2806
f 571 2489 2902
f 571 2902 2407
f 3177 1071 2903
f 2512 2903 461
f 858 1493 2904
f 1589 2904 320
f 1605 913 2905
f 606 2905 3317
f 2192 1264 2906
f 760 2906 2129
f 2643 205 2907
f 1006 3361 3170
f 1911 1110 2908
f 2547 2908 916
f 1789 523 2909
f 1007 2909 3829
f 375 1440 2910
f 375 2910 1354
f 3487 2314 2911
f 909 2911 2814
f 2058 464 2912
f 2058 2912 748
f 2687 1203 2913
f 404 2913 1820
f 2403 619 2914
f 2448 2914 1391
f 917 1974 2915
f 917 3338 1748
f 2565 428 2916
f 943 2916 1619
f 2426 458 2917
f 943 2917 1921
f 2670 1398 2918
f 879 2918 2028
f 433 2414 2919
f 1592 2919 917
f 641 1530 3346
f 1042 2920 2406
f 310 2263 2921
f 310 2921 309
f 1266 658 2922
f 947 2922 2810
f 691 1846 2923
f 691 2923 2064
f 835 1564 2924
f 1637 2924 3110
f 1676 1182 2925
f 386 2925 2099
f 892 1573 2926
f 892 2926 2807
f 1738 1033 2927
f 481 2927 3554
f 2987 1538 2928
f 2027 2928 975
f 3223 500 2929
f 1554 3762 729
f 3207 1597 2930
f 919 2930 1876
f 710 1887 2931
f 1549 2931 3378
f 1424 622 2932
f 1424 2932 2189
f 635 1528 2933
f 635 2933 1516
f 3795 331 2934
f 1270 2934 2935
f 3116 528 2935
f 1072 2935 2934
f 611 1564 2936
f 611 2936 1704
f 922 1592 2937
f 922 2937 1702
f 1879 1374 2938
f 1879 2938 2425
f 222 2501 2939
f 221 2939 1783
f 1901 692 2940
f 1901 2940 3252
f 2649 2805 2941
f 984 2941 2901
f 780 1463 2942
f 780 2942 2320
f 2944 1018 2943
f 1233 2943 3212
f 1770 1018 2944
f 408 2944 1941
f 1510 887 2945
f 1165 2945 3391
f 1745 670 2946
f 2447 2946 861
f 1840 887 2947
f 1840 2947 629
f 2949 977 2948
f 1993 2948 495
f 1469 977 2949
f 1469 2949 717
f 685 1568 2950
f 3700 1340 1450
f 2952 248 2951
f 1016 2951 1825
f 247 248 2952
f 1486 2952 2953
f 2922 658 2953
f 1485 2953 1016
f 1275 404 2954
f 1275 2954 1062
f 792 1657 2955
f 1609 2955 358
f 787 2119 2956
f 787 2956 3432
f 3635 1708 2957
f 1651 2957 346
f 3361 1518 3170
f 543 2958 2304
f 676 1815 2959
f 1598 2959 886
f 3344 1026 2960
f 1647 2960 634
f 1564 433 2961
f 1564 2961 2936
f 3385 1515 2962
f 2273 2962 878
f 285 1806 2963
f 285 2963 284
f 2987 372 2964
f 1797 2964 935
f 935 2052 2965
f 935 2965 2966
f 1463 579 2966
f 1463 2966 2965
f 1711 321 2967
f 929 2967 2969
f 473 1323 2968
f 473 2968 1712
f 2001 721 2969
f 929 2969 1712
f 2250 777 2970
f 2250 2970 1670
f 2027 975 2971
f 2027 2971 3613
f 3578 1537 2972
f 975 2972 1376
f 2334 1010 2973
f 640 2973 1377
f 3748 1139 3226
f 415 2974 2036
f 538 1331 2975
f 1330 2975 2553
f 1377 1023 2976
f 640 2976 2160
f 1713 389 2977
f 1713 2977 1003
f 2721 1248 2978
f 2721 2978 2875
f 1920 718 2979
f 1920 2979 498
f 2682 1328 2980
f 2682 2980 821
f 463 1597 2981
f 1586 2981 920
f 664 1701 3429
f 2983 2246 1291
f 1051 2982 2983
f 1051 2983 2876
f 3106 667 2984
f 1339 3850 3715
f 2240 928 2985
f 1396 2985 473
f 1838 928 2986
f 414 2986 1397
f 932 1538 2987
f 932 2987 1797
f 2351 601 2988
f 1297 2988 932
f 579 1464 2989
f 579 2989 1797
f 2092 1210 2990
f 738 2990 1553
f 278 1655 2991
f 278 2991 277
f 437 2021 2992
f 2599 2992 1578
f 952 1573 3103
f 616 2993 1581
f 3376 1168 2994
f 2614 2994 363
f 2138 1368 2995
f 408 2995 1770
f 933 1653 2996
f 933 2996 1611
f 2937 592 2997
f 1702 2997 933
f 1417 1697 2998
f 582 2998 1640
f 445 1833 2999
f 445 2999 1606
f 2999 930 3000
f 659 3000 1608
f 2933 1528 3001
f 993 3001 1827
f 2112 508 3002
f 1116 3002 3686
f 1903 550 3003
f 951 3003 3033
f 920 1597 3004
f 920 3004 3498
f 40 1810 3005
f 40 3005 39
f 1484 2627 3006
f 1484 3006 331
f 1654 727 3007
f 1654 3007 2279
f 1214 2030 3814
f 565 3008 1766
f 1361 1649 3009
f 3856 1955 466
f 3120 1535 3010
f 1226 3010 1966
f 3586 1913 3011
f 1212 3011 2432
f 1482 685 3012
f 1482 3012 802
f 2205 358 3013
f 1696 3013 1019
f 1696 1019 3014
f 541 3014 3081
f 1403 411 3015
f 1403 3015 1613
f 659 2546 3016
f 1607 3292 413
f 3330 701 3017
f 1670 3754 429
f 2044 316 3018
f 989 3018 3818
f 989 1570 3019
f 989 3019 2044
f 1341 1437 3818
f 989 3020 1570
f 2388 1317 3021
f 98 3021 97
f 1343 382 3022
f 1343 3022 3024
f 1449 477 3023
f 1009 3023 1342
f 3319 1343 3024
f 562 3024 1342
f 1523 2224 3025
f 936 3025 2086
f 1889 860 3026
f 1889 3026 357
f 1800 953 3027
f 341 3027 1465
f 2795 456 3028
f 1598 3028 888
f 2082 1034 3029
f 493 3029 3453
f 3260 1092 3030
f 1819 3030 406
f 1063 2667 3031
f 1063 3031 2166
f 1200 2358 3032
f 1200 3850 2984
f 2026 951 3033
f 1438 3033 2581
f 1046 2868 3034
f 1095 3034 1784
f 2515 1239 3035
f 829 3035 2516
f 2765 544 3036
f 3035 3036 956
f 2220 1086 3037
f 2912 3037 959
f 1894 436 3038
f 1894 3038 865
f 361 1595 3039
f 361 3039 1605
f 1559 1258 3040
f 1559 3040 428
f 862 1869 3041
f 1375 3041 441
f 2880 615 3042
f 2345 3042 1152
f 1318 378 3421
f 954 3043 3044
f 1471 954 3044
f 584 3044 2378
f 3732 451 3045
f 954 3045 3421
f 3047 941 3046
f 1800 3046 682
f 3826 941 3047
f 341 3047 1800
f 3303 675 3048
f 2100 3048 1055
f 3235 1132 3049
f 1131 3049 2726
f 3286 585 3050
f 1281 3050 3051
f 3050 1131 3051
f 1281 3051 3333
f 814 1972 3052
f 1973 3052 1553
f 1732 666 3053
f 3054 3227 1127
f 971 3053 3054
f 3055 1680 561
f 971 3054 3055
f 3500 3682 1155
f 3839 411 3056
f 3839 3056 3500
f 1551 1741 3057
f 1551 3057 385
f 2043 1376 3058
f 2043 3058 1788
f 1909 967 3059
f 711 3059 1910
f 1893 1064 3060
f 405 3060 1909
f 2370 346 3061
f 991 3061 1649
f 595 1766 3062
f 595 3743 2704
f 1047 2030 3063
f 1047 3063 2098
f 452 2539 3064
f 452 3064 2965
f 2182 750 3065
f 2182 3065 2560
f 2921 1112 3066
f 1569 3066 642
f 688 1499 3067
f 688 3067 2183
f 1486 1294 3068
f 1486 3068 247
f 2428 828 3069
f 1305 3069 1759
f 758 1724 3070
f 1392 3070 726
f 335 1356 3071
f 335 3071 2215
f 685 1660 3072
f 685 3072 1568
f 3111 470 3073
f 1164 3073 3527
f 339 1460 3074
f 2023 3074 815
f 2123 1008 3075
f 502 3075 1326
f 2313 1501 3076
f 2313 3076 746
f 2360 533 3077
f 1325 3077 1213
f 2046 499 3079
f 1142 3078 1950
f 3080 1143 3079
f 1142 3079 3078
f 2724 1143 3080
f 873 3080 2725
f 3014 1282 3081
f 541 3081 2600
f 3081 1282 3082
f 976 3082 1782
f 1624 957 3083
f 1624 3083 3099
f 1531 485 3084
f 1531 3427 649
f 3831 1238 3085
f 956 3085 2427
f 1914 2700 3086
f 406 3086 1917
f 562 2160 3087
f 562 3087 1645
f 2732 1780 3088
f 2732 3088 560
f 3748 609 3089
f 1139 3089 2356
f 1750 395 3090
f 987 3090 1384
f 3475 673 3091
f 1207 3091 987
f 987 1570 3092
f 987 3092 1207
f 1679 324 3093
f 1679 3093 2230
f 1773 817 3094
f 1773 3094 675
f 552 2869 3095
f 552 3095 2441
f 2791 1113 3096
f 2791 3096 1360
f 2889 1442 3097
f 2119 3097 991
f 1348 1737 3098
f 1348 3098 2175
f 3083 314 3099
f 1624 3634 694
f 1885 722 3100
f 1885 3100 3616
f 1579 432 3101
f 1579 3101 3103
f 3490 671 3102
f 952 3102 1722
f 616 1579 3103
f 616 3103 2993
f 1071 2828 3104
f 1071 3104 3492
f 1022 1665 3105
f 1022 3105 2303
f 1959 667 3106
f 2649 3106 1339
f 601 1536 3107
f 601 3107 1537
f 3107 974 3108
f 1537 3108 2972
f 3107 1536 3109
f 974 3109 1480
f 978 1637 3110
f 978 3110 1796
f 1796 470 3111
f 978 3111 3230
f 780 2320 3112
f 1560 3112 225
f 561 1680 3113
f 2550 3113 1177
f 2853 1260 3114
f 525 3114 1979
f 2170 2395 3115
f 1226 3120 3010
f 1817 528 3731
f 1073 3116 2569
f 3495 1031 3117
f 3693 1865 1188
f 3496 498 3118
f 1031 3118 2245
f 726 1724 3119
f 1218 3119 2272
f 1226 3115 3120
f 1535 3274 1091
f 1517 2113 3121
f 1517 3121 706
f 3126 962 3122
f 1558 3122 3825
f 1634 963 3123
f 1634 3123 457
f 1633 458 3124
f 1633 3124 3290
f 1631 325 3125
f 964 3125 1544
f 3299 1634 3126
f 629 3126 1558
f 3128 963 3127
f 1628 3127 342
f 1636 963 3128
f 631 3128 1628
f 3131 1557 3129
f 457 3129 1634
f 1626 380 3130
f 965 3130 1804
f 457 1630 3131
f 457 3131 3129
f 1629 628 3132
f 1629 3132 3309
f 632 1631 3133
f 632 3133 1630
f 2776 1462 3134
f 2128 3134 441
f 796 2006 3135
f 1655 3135 2991
f 1656 2014 3136
f 1656 3136 1072
f 1672 788 3137
f 1672 3137 323
f 3304 1024 3138
f 1475 3138 3591
f 3151 1704 3139
f 371 3139 1702
f 1312 1709 3140
f 1312 3140 2652
f 1887 405 3141
f 1887 3141 2931
f 2094 1362 3142
f 908 3142 1967
f 1907 1090 3143
f 531 3143 2559
f 1999 1090 3144
f 580 3144 2882
f 2666 868 3145
f 1546 3145 3160
f 1074 1664 3146
f 2583 3146 307
f 733 2017 3147
f 3271 365 1467
f 2068 505 3148
f 1314 3148 787
f 3472 626 3149
f 1521 3149 863
f 3110 611 3150
f 1796 3150 980
f 980 1704 3151
f 980 3151 1495
f 1796 980 3152
f 470 3152 3855
f 1898 696 3153
f 981 3153 2609
f 637 1707 3154
f 637 3154 1828
f 2146 1082 3155
f 1473 3155 812
f 1829 79 3156
f 1300 3156 2316
f 1005 1652 3157
f 1527 3157 73
f 328 1648 3158
f 328 3158 1349
f 2593 1164 3159
f 588 3159 1409
f 776 1546 3160
f 776 3160 2405
f 419 2126 3161
f 1025 3161 1669
f 2503 1746 3162
f 1744 3162 670
f 2422 1779 3163
f 354 3163 1824
f 1501 983 3164
f 593 3164 1502
f 1502 3164 3165
f 440 3165 3265
f 3805 1958 3166
f 522 3166 2531
f 2293 1448 3167
f 577 3167 3195
f 11 1994 3168
f 11 3168 10
f 2714 514 3169
f 1075 3169 3332
f 543 2541 3170
f 2958 3170 1518
f 979 2474 3171
f 3534 663 1567
f 1813 676 3172
f 1813 3172 2764
f 646 1311 3173
f 1411 3173 1610
f 388 2649 3174
f 388 3174 1506
f 2837 1266 3175
f 1499 3175 3067
f 2510 1452 3176
f 478 3176 1988
f 3768 621 3177
f 1364 3177 2903
f 2769 988 3178
f 2769 3178 366
f 679 1589 3179
f 679 3179 1469
f 1274 614 3180
f 1118 3180 1595
f 2109 515 3181
f 1039 3181 2270
f 2109 1039 3182
f 806 3182 2108
f 1453 1039 3183
f 1453 3183 3502
f 883 2335 3184
f 883 3184 2673
f 1847 752 3185
f 2150 3185 751
f 1506 2340 3186
f 1506 3640 2841
f 3270 1522 3187
f 2136 3187 604
f 1957 484 3188
f 986 3188 1647
f 3293 68 3189
f 986 3189 1857
f 1350 323 3190
f 994 3190 3191
f 698 1743 3191
f 698 3191 1890
f 1350 994 3192
f 551 3192 2554
f 3523 1178 3193
f 1740 3193 778
f 2544 1678 3194
f 1269 3194 3206
f 3167 1439 3195
f 577 3195 2605
f 2236 356 3196
f 3195 3196 1033
f 3352 1191 3197
f 1190 3197 2260
f 2007 779 3198
f 2007 3198 363
f 706 1823 3199
f 1863 3199 1716
f 833 2542 3200
f 833 3200 2541
f 1011 1514 3201
f 1011 3201 2178
f 2012 1353 3768
f 621 3202 1741
f 2201 1140 3203
f 312 3203 1366
f 1036 2418 3204
f 1036 3204 1533
f 3194 1269 3205
f 2544 3205 1677
f 3337 1269 3653
f 770 3206 2155
f 919 1822 3207
f 1597 3207 3004
f 1514 1011 3208
f 596 3208 2651
f 3625 352 3209
f 2060 3209 1398
f 3462 940 3210
f 1603 3210 638
f 713 1233 3211
f 713 3211 1939
f 3211 1233 3212
f 1085 3212 1903
f 2248 26 3213
f 2248 3213 1037
f 2097 1043 3214
f 2097 3214 348
f 944 1658 3215
f 2738 3410 999
f 2739 1541 3216
f 882 3216 1831
f 2854 567 3217
f 1372 3217 1583
f 2702 1267 3218
f 2702 3218 1411
f 1769 1130 3219
f 468 3219 2056
f 1961 1497 3220
f 1566 3220 3297
f 2431 526 3221
f 1264 3221 2906
f 1018 1770 3222
f 2156 3222 581
f 874 1780 3223
f 1554 3223 2929
f 2254 1021 3224
f 2254 3224 1395
f 1754 1527 3225
f 1754 3225 2800
f 1315 1666 3226
f 415 3226 2974
f 3054 1489 3227
f 1127 3685 2676
f 2319 1295 3228
f 1013 3228 2384
f 930 1644 3229
f 1608 3229 341
f 2752 978 3230
f 2593 3230 1164
f 590 1383 3231
f 590 3231 3284
f 3238 669 3232
f 1842 3232 1061
f 1244 2672 3233
f 1244 3786 421
f 1498 624 3234
f 1498 3234 2624
f 2470 1132 3235
f 2470 3235 585
f 3232 669 3236
f 1243 3236 2286
f 1658 1000 3237
f 1658 3237 475
f 1658 669 3238
f 1000 3238 1842
f 1842 319 3239
f 1000 3239 3844
f 2057 743 3240
f 1115 3240 1808
f 359 1615 3241
f 359 3241 2069
f 3366 1036 3242
f 373 3242 2695
f 810 1853 3243
f 1659 3243 726
f 1435 2633 3281
f 1336 3244 316
f 3039 1595 3245
f 2020 3245 3714
f 2341 826 3246
f 2341 3246 1943
f 2425 1441 3247
f 2425 3247 1040
f 1877 1023 3248
f 228 3248 1878
f 1714 652 3249
f 1714 3249 3250
f 459 1714 3250
f 459 3250 1948
f 329 1251 3251
f 1855 3251 707
f 471 1901 3252
f 471 3252 1799
f 1798 682 3253
f 1798 3253 1001
f 350 1765 3254
f 1520 3254 2722
f 2604 1240 3255
f 554 3255 2710
f 812 2265 3256
f 1283 3256 1757
f 641 1643 3257
f 1642 3512 379
f 1101 1661 3258
f 3546 1718 651
f 1781 976 3259
f 1781 3259 693
f 2195 771 3260
f 1133 3260 3030
f 2429 1208 3261
f 809 3261 2431
f 2552 861 3262
f 1762 3262 1345
f 2577 855 3263
f 2749 3263 1229
f 1526 688 3264
f 1526 3264 804
f 2161 1548 3265
f 2161 3265 3165
f 1652 1005 3266
f 1652 3266 2104
f 1527 625 3267
f 1005 3267 2292
f 1515 1004 3268
f 1515 3268 596
f 395 1750 3269
f 395 3269 3659
f 2714 1522 3270
f 514 3270 1296
f 1201 3147 3271
f 1201 3271 2072
f 2139 755 3272
f 2193 3272 1126
f 1535 1091 3273
f 1535 3273 2692
f 3120 546 3274
f 1091 3274 1727
f 2792 1151 3275
f 59 3275 58
f 2817 1167 3276
f 202 3276 57
f 1045 1767 3277
f 1045 3277 2497
f 2152 1397 3278
f 2152 3278 1199
f 899 2414 3279
f 2566 3279 1156
f 655 1664 3280
f 2157 3280 1074
f 3244 1336 3281
f 1435 3281 2708
f 1907 2242 3282
f 1090 3282 2635
f 2693 1676 3283
f 1749 3283 850
f 2820 590 3284
f 2504 3284 1243
f 431 2189 3285
f 431 3285 1963
f 3300 585 3286
f 1296 3286 2114
f 3289 1635 3287
f 1015 3287 3802
f 1804 1015 3288
f 631 3288 1636
f 3130 380 3289
f 1804 3289 1015
f 1804 631 3290
f 1804 3290 965
f 2546 1465 3291
f 1150 3820 2202
f 1607 3016 3292
f 413 3292 2202
f 1574 67 3293
f 2025 3293 986
f 1831 1550 3294
f 1831 3294 2829
f 356 1620 3295
f 356 3295 3196
f 1452 638 3296
f 3176 3296 1028
f 856 1566 3297
f 856 3297 1679
f 453 2362 3298
f 453 3298 2010
f 3126 629 3299
f 1634 3299 963
f 1359 585 3300
f 1359 3300 2099
f 3396 1014 3301
f 1767 3301 3277
f 857 1690 3302
f 2624 3302 545
f 347 1773 3329
f 1048 3303 2100
f 258 2875 3304
f 258 3304 257
f 1976 1207 3305
f 597 3305 2603
f 1229 735 3306
f 1229 3306 1102
f 1873 566 3307
f 1102 3307 1975
f 345 2012 3308
f 2115 3308 867
f 966 2013 3309
f 1629 3309 3338
f 1988 1028 3310
f 718 3310 1989
f 1602 402 3311
f 1028 3311 3310
f 1557 2848 3312
f 1557 3312 962
f 519 1511 3840
f 1175 3313 2796
f 1577 2606 3314
f 1577 3314 667
f 2134 1035 3315
f 2134 3315 767
f 1669 1035 3316
f 1669 3316 447
f 2905 1845 3317
f 606 3317 2524
f 2425 589 3318
f 1441 3318 2270
f 1152 2433 3319
f 1152 3319 1645
f 896 2558 3320
f 896 3320 2604
f 2074 1316 3321
f 739 3321 2073
f 752 1963 3322
f 752 3322 2167
f 763 1840 3323
f 763 3323 1459
f 3479 482 3324
f 1021 3324 2453
f 1197 2184 3325
f 2200 3325 291
f 1874 848 3326
f 1874 3326 549
f 948 2039 3327
f 2279 3327 101
f 3642 1246 3328
f 343 3328 2229
f 1944 347 3329
f 1048 3329 3303
f 3017 1670 3330
f 701 3330 1848
f 2675 1277 3331
f 875 3331 2720
f 3169 1076 3332
f 1075 3332 3493
f 1192 2413 3333
f 334 3333 3051
f 491 1915 3334
f 1092 3334 1914
f 521 2851 3335
f 521 3335 1794
f 527 2825 3336
f 527 3336 2670
f 3653 1523 3337
f 3205 3337 548
f 2915 1629 3338
f 1748 3338 1234
f 1787 472 3339
f 1787 3339 2742
f 1543 2777 3340
f 1543 3340 381
f 3679 1038 3341
f 1722 3341 325
f 1038 2355 3342
f 1038 3342 1544
f 484 1227 3343
f 484 3343 1805
f 484 1805 3344
f 484 3344 1647
f 1771 790 3345
f 1771 3345 3822
f 1643 641 3346
f 1643 3346 1042
f 3407 1173 3347
f 1983 3347 754
f 689 1861 3348
f 689 3348 1850
f 3350 1081 3349
f 627 3349 3493
f 1313 425 3350
f 1313 3350 3349
f 3149 626 3351
f 1081 3351 1843
f 569 2729 3352
f 2751 3352 1190
f 460 2145 3353
f 1715 3353 2482
f 2620 420 3354
f 1562 3354 714
f 469 1481 3355
f 469 3355 1788
f 3481 1223 3356
f 531 3356 1907
f 2588 842 3357
f 1210 3357 2990
f 2342 1093 3358
f 540 3358 1324
f 1612 1029 3359
f 1612 3359 718
f 1953 478 3360
f 1029 3360 3359
f 207 1518 3361
f 206 3361 2907
f 414 1968 3362
f 414 3362 1838
f 1833 608 3363
f 1833 3363 930
f 1508 1067 3364
f 501 3364 3372
f 645 1684 3365
f 1683 3565 487
f 2416 839 3366
f 2416 3366 373
f 3242 1036 3367
f 1700 3367 576
f 2764 1413 3368
f 313 3368 2607
f 1671 1058 3369
f 322 3369 1601
f 3853 1094 3370
f 321 3370 1473
f 3769 1761 3371
f 734 3371 1763
f 3373 501 3372
f 1383 3372 2267
f 2371 501 3376
f 1168 3373 1383
f 2267 1066 3374
f 319 3374 1685
f 1755 392 3375
f 1755 3375 1067
f 2614 889 3376
f 1168 3376 3373
f 1232 2628 3377
f 1232 3377 2522
f 916 2445 3378
f 1549 3378 2685
f 1886 1183 3379
f 1886 3379 345
f 1058 1625 3380
f 1058 3380 1600
f 2665 620 3381
f 1671 3381 1058
f 811 1995 3382
f 2236 3382 1760
f 3836 1136 3383
f 1960 3383 1427
f 498 2417 3384
f 498 3384 3118
f 2014 1185 3385
f 520 3385 2962
f 2467 1144 3386
f 411 3386 1732
f 1571 551 3387
f 2748 3387 1351
f 3466 376 3388
f 1946 3388 1040
f 758 1392 3389
f 1145 3389 1937
f 1151 2358 3390
f 3275 3390 242
f 2945 456 3391
f 1511 3391 3313
f 2154 1070 3392
f 594 3392 1436
f 3824 2026 3393
f 1257 3393 1438
f 605 1534 3394
f 605 3394 3204
f 3396 1839 3395
f 1014 3395 1838
f 474 1839 3396
f 1767 3396 3301
f 2450 1059 3397
f 379 3397 1642
f 485 1982 3398
f 485 3398 1600
f 894 2110 3399
f 1991 3399 1343
f 2802 1581 3400
f 2802 3400 891
f 2803 891 3401
f 1306 3402 2673
f 1306 3401 3402
f 532 3402 1992
f 1125 1524 3403
f 1125 3403 1992
f 2148 1294 3404
f 2148 3404 1266
f 2634 1294 3405
f 2634 3405 113
f 1082 2349 3406
f 1082 3406 2265
f 2394 364 3407
f 1347 3407 3347
f 2487 1498 3408
f 1173 3408 1985
f 866 1700 3409
f 2697 3409 1370
f 475 1859 3410
f 3215 3410 2738
f 1428 2750 3411
f 849 3411 2612
f 3333 334 3412
f 1192 3412 3416
f 334 1237 3413
f 3412 3413 1193
f 1237 612 3414
f 3413 3414 1193
f 2439 1313 3415
f 1192 3415 2413
f 3707 558 3416
f 1193 3416 3412
f 856 2466 3417
f 2367 3417 1440
f 3419 1458 3418
f 1391 3418 3680
f 3609 1458 3419
f 619 3419 2914
f 1172 2044 3420
f 1172 3420 3827
f 3599 1318 3421
f 954 3421 3043
f 530 1942 3422
f 530 3422 1422
f 2223 435 3752
f 1105 3423 3424
f 1811 1105 3424
f 1811 3424 817
f 2177 416 3425
f 2177 3425 1010
f 1551 385 3426
f 2048 3426 1060
f 3084 1060 3427
f 649 3427 1650
f 2132 650 3428
f 2132 3428 957
f 1701 2982 3429
f 664 3429 1945
f 675 1775 3430
f 675 3430 1774
f 3430 1049 3431
f 1774 3431 397
f 2956 1361 3432
f 787 3432 3644
f 1929 479 3433
f 1052 3433 2088
f 2907 1006 3434
f 2643 3434 1217
f 46 47 3435
f 2363 3435 1149
f 2213 526 3436
f 2213 3436 759
f 2256 1054 3437
f 2256 3437 1187
f 3443 2080 3438
f 1054 3438 1814
f 2040 598 3439
f 1270 3439 3795
f 2650 979 3440
f 2650 3440 376
f 1731 1144 3441
f 1731 3441 499
f 2083 384 3442
f 2083 3442 1034
f 744 2080 3443
f 2256 3443 1054
f 3445 1053 3444
f 1929 3444 479
f 1928 1053 3445
f 703 3445 3864
f 1860 664 3446
f 1860 3446 1053
f 3458 1088 3447
f 1588 3447 2849
f 1814 1055 3448
f 1814 3448 3692
f 397 1815 3449
f 397 3449 1774
f 3794 1194 3450
f 1826 3450 1460
f 2391 410 3451
f 2391 3451 1280
f 2501 223 3452
f 1084 3452 2320
f 2835 493 3453
f 1087 3453 2344
f 2241 1087 3454
f 2241 3454 362
f 1946 1040 3455
f 1946 3455 661
f 1050 1875 3456
f 2463 3456 1388
f 2108 1453 3457
f 578 3457 2397
f 3447 1588 3458
f 2641 3458 434
f 3531 1121 3459
f 3458 3459 434
f 1104 1692 3460
f 1104 3460 1947
f 2977 389 3461
f 2977 3461 2438
f 338 1848 3462
f 1603 3462 3210
f 3618 407 3463
f 1784 3463 1095
f 2261 1056 3464
f 2261 3464 391
f 3467 1057 3465
f 1735 3465 661
f 1409 376 3466
f 1057 3466 1946
f 1735 504 3467
f 1735 3467 3465
f 2826 1379 3468
f 557 3468 2691
f 1285 2728 3469
f 3482 1890 323
f 2790 1360 3470
f 907 3470 1871
f 3344 1805 3471
f 2089 3471 687
f 1521 1091 3472
f 1521 3472 3149
f 1068 2286 3473
f 1068 3473 3474
f 2889 2755 3474
f 944 3474 2888
f 1207 1976 3475
f 1207 3475 3091
f 853 2038 3476
f 1868 3476 339
f 1737 390 3477
f 1176 3477 2663
f 3684 1742 3478
f 1176 3478 3520
f 721 1461 3479
f 1412 3479 3324
f 1823 934 3480
f 1823 3480 654
f 760 1223 3481
f 1675 3481 3638
f 1285 3469 3482
f 1285 3482 3137
f 636 1880 3483
f 1648 3483 825
f 1744 670 3484
f 1785 3484 1423
f 848 1687 3485
f 848 3485 2386
f 844 2381 3486
f 2637 3486 1579
f 795 2314 3487
f 2574 3487 909
f 1801 1687 3488
f 1801 3488 2223
f 295 296 3489
f 2191 3489 1146
f 845 2452 3490
f 1723 3490 3102
f 1570 1384 3491
f 3019 3491 575
f 2903 1071 3492
f 2666 3492 868
f 3349 1487 3493
f 627 3493 3332
f 679 1591 3494
f 679 3494 1614
f 1786 1138 3495
f 1786 3495 3117
f 1920 498 3496
f 1138 3496 3495
f 2618 332 3497
f 1138 3497 1612
f 2601 1078 3498
f 920 3498 2757
f 2333 645 3499
f 2333 3499 1242
f 971 3055 3500
f 971 3500 3056
f 943 1921 3501
f 1575 3501 2520
f 3457 1453 3502
f 937 3502 2536
f 100 2039 3503
f 99 3503 2388
f 368 2503 3504
f 368 3504 1513
f 1940 1939 3505
f 1940 3505 216
f 1027 1864 3506
f 1805 3506 3471
f 633 1601 3507
f 633 3507 3784
f 3632 1740 3508
f 1246 3508 3328
f 255 2074 3509
f 2033 3509 2893
f 2606 240 3510
f 1200 3510 2358
f 297 298 3511
f 297 3511 2481
f 1642 3257 3512
f 379 3512 1808
f 1643 488 3513
f 1643 3513 3257
f 825 1880 3514
f 1287 3514 1841
f 1858 686 3515
f 1077 3515 2766
f 1858 1077 3516
f 506 3516 3604
f 427 1844 3517
f 1832 3517 1206
f 1481 597 3518
f 1481 3518 3355
f 933 1611 3519
f 2456 3519 884
f 2174 1737 3520
f 2174 3520 519
f 1110 1896 3521
f 1898 3521 696
f 3031 1147 3522
f 570 3522 3764
f 3193 559 3523
f 1178 3523 2093
f 3723 1673 3524
f 715 3524 2063
f 2096 651 3525
f 2096 3525 1097
f 454 1372 3526
f 2711 3526 925
f 3073 979 3527
f 1164 3527 3159
f 2262 506 3528
f 2262 3528 1056
f 2130 568 3529
f 1204 3529 2792
f 765 2781 3530
f 2210 3530 3639
f 1400 1121 3531
f 572 3531 1588
f 3533 1145 3532
f 2309 3532 838
f 2190 1145 3533
f 293 3533 292
f 1374 3171 3534
f 1374 3534 2938
f 1664 1663 3535
f 1664 3535 306
f 1839 474 3536
f 1079 3536 2376
f 1839 1079 3537
f 1839 3537 684
f 2313 746 3538
f 1445 3538 2106
f 2806 2040 3539
f 528 3539 2935
f 2353 1245 3540
f 281 3540 280
f 3525 651 3541
f 1821 3541 3630
f 683 1752 3542
f 683 3542 1512
f 1717 507 3543
f 1096 3543 1432
f 1970 1101 3544
f 384 3544 3566
f 1970 644 3545
f 1101 3545 1661
f 1101 3258 3546
f 1101 3546 2096
f 416 1464 3547
f 416 3547 1969
f 3705 1864 3548
f 2608 3548 1027
f 2000 1109 3549
f 2000 3549 664
f 751 1614 3550
f 751 3550 2149
f 1699 678 3551
f 1080 3551 3550
f 1699 1080 3552
f 1699 3552 396
f 3554 1154 3553
f 2179 3553 998
f 2927 1154 3554
f 481 3554 2179
f 2707 1154 3555
f 2534 3555 845
f 2842 1103 3556
f 2842 3556 1444
f 3556 1103 3557
f 1692 3557 3460
f 467 2207 3558
f 467 3558 2511
f 2740 1267 3559
f 841 3559 2653
f 3430 1775 3560
f 1049 3560 2029
f 1716 654 3561
f 1096 3561 1717
f 1716 1096 3562
f 409 3562 3734
f 869 1419 3563
f 2619 3563 37
f 3769 734 3564
f 1622 3564 2294
f 3525 1821 3565
f 1097 3565 3365
f 3544 2096 3566
f 384 3566 3442
f 1077 2766 3567
f 1701 3567 2982
f 1553 1089 3568
f 738 3568 1779
f 1119 1905 3569
f 1119 3569 1927
f 714 1949 3570
f 714 3570 1927
f 1949 492 3571
f 1119 3571 1906
f 1474 1517 3572
f 1474 3572 529
f 951 2026 3573
f 2121 3573 212
f 550 2943 3574
f 1198 3574 2156
f 2801 960 3575
f 2801 3575 1117
f 1342 2334 3576
f 1342 3576 2160
f 2629 1769 3577
f 1734 3577 801
f 601 1537 3578
f 1538 3578 2928
f 1219 2597 3579
f 3699 3698 1137
f 2285 320 3580
f 2285 3580 901
f 217 2368 3581
f 217 3581 216
f 422 1678 3582
f 422 3582 2239
f 876 2762 3583
f 2763 3583 708
f 740 2005 3584
f 2003 3584 2814
f 1837 1212 3585
f 1837 3585 560
f 1837 704 3586
f 1212 3586 3011
f 3665 1159 3587
f 2423 3587 583
f 1641 1582 3588
f 1641 3588 2051
f 373 2695 3589
f 373 3589 3383
f 2173 1577 3590
f 1106 3590 1959
f 2780 1475 3591
f 1316 3591 1424
f 903 2233 3592
f 1552 3592 2886
f 287 288 3593
f 287 3593 2196
f 2878 1166 3594
f 2878 3594 2087
f 748 2059 3595
f 748 3595 1695
f 2466 647 3596
f 2466 3596 923
f 783 2259 3597
f 2151 3597 1114
f 602 2505 3598
f 2698 3598 1894
f 2647 563 3599
f 2647 3599 1408
f 1884 445 3600
f 1884 3600 915
f 2746 497 3601
f 3602 1724 758
f 1146 3601 3602
f 1146 3602 2191
f 3516 1077 3603
f 1109 3603 1701
f 3603 1109 3604
f 506 3604 3528
f 3203 1140 3605
f 3203 3605 1366
f 2402 837 3606
f 1317 3606 3021
f 3608 1106 3607
f 503 3607 1959
f 985 1932 3608
f 985 3608 2879
f 3610 1458 3609
f 1459 3609 2107
f 2308 1458 3610
f 381 3825 3122
f 1069 2071 3611
f 2742 3611 512
f 3614 1158 3612
f 1703 3612 2052
f 3837 2019 3613
f 600 3613 2971
f 2027 1158 3614
f 372 3614 1703
f 2371 1623 3615
f 2371 3615 1508
f 3770 462 3616
f 1733 3616 3100
f 697 2444 3617
f 697 3617 1893
f 1026 2089 3618
f 1784 3618 3463
f 1596 672 3619
f 2274 3619 853
f 2805 1490 3620
f 893 3620 2040
f 782 2299 3621
f 782 3621 2506
f 2645 1108 3622
f 455 3622 1425
f 3624 1425 3623
f 587 3623 2442
f 2786 1425 3624
f 1404 3624 2551
f 1044 2198 3625
f 1705 3625 3209
f 993 2681 3626
f 993 3626 2933
f 487 1916 3627
f 487 3627 1668
f 1916 1099 3628
f 695 3628 2113
f 3086 1098 3629
f 1917 3629 695
f 3565 1821 3630
f 487 3630 1916
f 2204 1516 3631
f 2204 3631 2158
f 3643 559 3632
f 1246 3632 3508
f 3499 645 3633
f 2159 3633 1107
f 1624 3099 3634
f 694 3634 2700
f 1604 2632 3635
f 895 3635 2957
f 76 77 3636
f 1153 3636 2657
f 1153 2657 3637
f 1153 3637 2199
f 2781 1675 3638
f 1216 3638 2559
f 3530 1216 3639
f 2210 3639 419
f 1506 3186 3640
f 843 3640 2441
f 2187 773 3641
f 1141 3641 1559
f 2187 1141 3642
f 343 3642 3328
f 1559 1401 3643
f 1141 3643 3632
f 2118 787 3644
f 1147 3644 1998
f 2412 794 3645
f 3646 1484 331
f 1491 3645 3646
f 1491 3646 3795
f 1265 3261 3647
f 418 3647 2301
f 3250 1003 3648
f 1948 3648 712
f 1827 403 3649
f 1827 3649 744
f 2827 1167 3650
f 1362 3650 3142
f 1985 545 3651
f 1985 3651 1984
f 1467 1865 3652
f 603 3652 2245
f 1269 3206 3653
f 1523 3653 2224
f 3664 642 3654
f 1532 3654 1834
f 3040 1258 3655
f 2318 3655 808
f 958 2662 3656
f 1818 3656 1120
f 2024 380 3657
f 2457 3657 899
f 3742 710 3658
f 1889 3658 860
f 3269 1185 3659
f 395 3659 1639
f 2261 391 3660
f 3661 2775 607
f 1352 3660 3661
f 1352 3661 1541
f 252 2287 3662
f 1618 3662 1225
f 2768 2455 3663
f 1355 3663 2630
f 3654 1532 3664
f 642 3664 2271
f 2423 908 3665
f 1159 3665 1967
f 2783 2898 3666
f 393 3666 1494
f 1111 1891 3667
f 1111 3667 3835
f 1891 1111 3668
f 698 3668 2360
f 2360 1111 3669
f 533 3669 2380
f 1085 2411 3670
f 1939 3670 215
f 821 2532 3671
f 821 3671 2877
f 3673 401 3672
f 1274 3672 1851
f 2303 401 3673
f 1205 3673 2219
f 894 1991 3674
f 894 3674 2838
f 3053 666 3675
f 1489 3675 2703
f 708 1883 3676
f 708 3676 1882
f 1883 374 3677
f 1113 3677 3096
f 1002 1756 3678
f 2176 3678 471
f 671 2022 3679
f 1722 3679 3341
f 3681 1391 3680
f 1194 3680 3450
f 2448 1391 3681
f 443 3681 1973
f 3500 561 3682
f 1155 3682 3812
f 2836 1393 3683
f 544 3831 3036
f 680 1742 3684
f 2663 3684 1176
f 1127 3227 3685
f 2676 3685 24
f 2295 1116 3686
f 2295 3686 1918
f 2263 311 3687
f 2263 3687 2686
f 941 2176 3688
f 941 3688 3046
f 1719 1157 3689
f 495 3689 1734
f 1699 2091 3690
f 1548 3690 742
f 836 2055 3691
f 836 3691 2939
f 1054 1814 3692
f 1813 3692 676
f 516 3117 3693
f 516 3693 2891
f 2209 1025 3694
f 2874 3694 912
f 1045 2336 3695
f 2727 3695 2758
f 2507 1283 3696
f 482 3696 1596
f 1068 1776 3697
f 1068 3697 2286
f 3699 1466 3698
f 1137 3698 2417
f 402 3579 3699
f 402 3699 1989
f 685 2950 3700
f 685 3700 3012
f 3645 2283 3701
f 1123 3701 1971
f 2582 1198 3702
f 383 3702 1479
f 494 1986 3703
f 494 3703 1881
f 1986 687 3704
f 1122 3704 3705
f 1605 1122 3705
f 361 3705 3548
f 511 2165 3706
f 2255 3706 2238
f 2615 558 3707
f 1623 3707 1193
f 2694 1599 3708
f 2694 3708 1776
f 955 1798 3709
f 1791 3709 400
f 3781 1174 3710
f 1335 3710 2514
f 1830 1132 3711
f 1830 3711 1443
f 326 1860 3712
f 326 3712 1928
f 2056 1768 3713
f 2056 3713 3730
f 2281 1196 3714
f 614 3714 3245
f 568 2130 3715
f 568 3715 3850
f 2093 390 3716
f 1178 3716 1990
f 12 13 3717
f 1231 3717 2294
f 2436 1224 3718
f 567 3718 3217
f 2136 604 3719
f 3718 3719 1373
f 639 2519 3720
f 2071 3720 1083
f 81 82 3722
f 1163 3721 3723
f 1163 2316 3722
f 1163 3722 3721
f 715 1956 3723
f 715 3723 3524
f 2720 1584 3724
f 875 3724 1729
f 594 1436 3725
f 1437 3725 2789
f 3701 494 3726
f 1971 3726 3727
f 582 1971 3727
f 582 3727 1417
f 2201 712 3728
f 2201 3728 1140
f 1947 496 3729
f 1140 3729 3605
f 468 2056 3730
f 468 3730 1751
f 3116 1073 3731
f 3116 3731 528
f 953 2773 3732
f 1471 3732 3045
f 2249 1129 3733
f 705 3733 1795
f 2269 409 3734
f 1129 3734 3733
f 271 2070 3735
f 271 3735 270
f 709 2359 3736
f 709 3736 2105
f 2303 1205 3737
f 625 3737 3267
f 309 1569 3738
f 308 3738 2583
f 3720 2519 3739
f 1083 3739 2158
f 1519 1981 3740
f 1402 3740 1980
f 1911 312 3741
f 1911 3741 1110
f 2793 1888 3742
f 1889 3742 3658
f 595 3062 3743
f 1414 3743 2098
f 330 2872 3744
f 330 3744 2646
f 1041 3285 3745
f 2035 3745 762
f 492 2195 3746
f 492 3746 1906
f 1906 1133 3747
f 1906 3747 700
f 1666 609 3748
f 1666 3748 3226
f 1528 1434 3749
f 1528 3749 1930
f 1836 1507 3750
f 1836 3750 2132
f 854 2646 3751
f 2647 3751 563
f 435 3423 3752
f 2223 3752 1942
f 2079 1729 3753
f 2079 3753 724
f 2170 429 3815
f 1256 3754 3017
f 1214 2862 3755
f 2030 3755 85
f 2537 1134 3756
f 2537 3756 1323
f 2143 572 3757
f 1134 3757 1513
f 1226 1966 3758
f 1226 3758 2170
f 3559 2715 3759
f 1161 3759 2528
f 1213 430 3760
f 1325 3760 1743
f 1093 2087 3761
f 1093 3761 3358
f 1554 2929 3762
f 729 3762 2036
f 1457 2785 3763
f 689 3763 1861
f 3331 1277 3764
f 1406 3764 3522
f 399 2794 3765
f 1487 3765 3493
f 1299 2305 3766
f 608 3766 2471
f 1923 369 3767
f 1923 3767 827
f 3202 621 3768
f 2012 3768 1364
f 3371 734 3769
f 1761 3769 2834
f 3616 1733 3770
f 2770 3770 3773
f 2045 803 3771
f 2045 3771 3772
f 3771 1143 3772
f 2045 3772 444
f 1719 901 3773
f 1719 3773 1157
f 1733 656 3774
f 1157 3774 3689
f 1456 2157 3775
f 424 3775 1834
f 340 2224 3776
f 1239 3776 2765
f 261 262 3777
f 2169 3777 1610
f 1010 1739 3778
f 1010 3778 2177
f 960 2220 3779
f 3575 3779 1778
f 911 1500 3780
f 2819 3780 274
f 2214 1174 3781
f 417 3781 2188
f 759 1509 3782
f 759 3782 2214
f 3320 1298 3783
f 1240 3783 2069
f 3507 1600 3784
f 633 3784 2450
f 2183 427 3785
f 1504 3785 2062
f 3233 1308 3786
f 3233 3786 1244
f 2599 858 3787
f 1590 3787 679
f 2739 882 3788
f 1693 3788 1381
f 256 2780 3789
f 256 3789 255
f 2041 63 3790
f 2041 3790 1148
f 1215 2480 3791
f 665 3791 1387
f 3348 1861 3792
f 1149 3792 2733
f 673 2047 3793
f 1750 3793 3269
f 1826 814 3794
f 1194 3794 1973
f 2934 1270 3795
f 331 3795 3646
f 732 1639 3796
f 732 3796 2014
f 1902 1220 3797
f 692 3797 2940
f 1919 709 3798
f 1919 3798 1220
f 2011 510 3799
f 2011 3799 1171
f 681 2011 3800
f 681 3800 1792
f 330 1792 3801
f 330 3801 2212
f 3288 1015 3802
f 1636 3802 457
f 1379 1585 3804
f 1222 3803 1958
f 1895 333 3804
f 1222 3804 3803
f 2218 1222 3805
f 2218 3805 522
f 295 2191 3806
f 294 3806 2190
f 349 1698 3807
f 1501 3807 983
f 1051 2408 3808
f 1945 3808 3444
f 1585 1230 3809
f 643 3809 1599
f 557 2821 3810
f 557 3810 2826
f 2821 992 3811
f 3810 3811 1230
f 3682 1160 3812
f 1155 3812 2454
f 3660 391 3813
f 1160 3813 2120
f 2063 1214 3814
f 2063 3814 565
f 3754 1256 3815
f 3754 3815 429
f 990 1681 3816
f 990 3816 2335
f 1844 720 3817
f 3517 3817 1206
f 1437 3020 3818
f 1341 3818 3018
f 791 1794 3819
f 791 3819 2641
f 584 2378 3820
f 3291 3820 1150
f 2180 1217 3821
f 2180 3821 574
f 3345 327 3822
f 1771 3822 1373
f 2897 1633 3823
f 2897 3823 961
f 211 2026 3824
f 210 3824 1257
f 3323 1558 3825
f 1459 3825 3610
f 608 2471 3826
f 1644 3826 3047
f 2882 1172 3827
f 949 3827 2883
f 2042 934 3863
f 1934 3828 344
f 2909 1609 3829
f 1007 3829 2206
f 2685 446 3830
f 1303 3830 1707
f 544 3683 3831
f 3036 3831 956
f 2807 632 3832
f 1221 3832 2024
f 2103 1221 3833
f 2103 3833 745
f 3667 1278 3835
f 1255 3834 2394
f 1278 3834 3835
f 1111 3835 3669
f 2245 1136 3836
f 2245 3836 603
f 1672 1350 3837
f 600 3837 3613
f 6 7 3838
f 1482 3838 1660
f 3500 1155 3839
f 411 3839 3015
f 1720 519 3840
f 1175 3840 3313
f 1807 448 3841
f 1166 3841 3594
f 1873 735 3842
f 1873 3842 1300
f 576 1802 3843
f 1370 3843 2054
f 3239 1431 3844
f 1000 3844 3237
f 1617 542 3845
f 1617 3845 1245
f 3597 2259 3846
f 1114 3846 2329
f 721 2002 3847
f 1712 3847 1396
f 2473 633 3848
f 1346 3848 2778
f 1299 2450 3849
f 1299 3849 2305
f 3032 568 3850
f 3032 3850 1200
f 2482 832 3851
f 2482 3851 1717
f 1129 2249 3852
f 2498 3852 486
f 969 1787 3853
f 2797 3853 3370
f 1721 674 3854
f 1721 3854 1175
f 3073 470 3855
f 3073 3855 979
f 1361 3009 3856
f 1361 3856 3432
f 1982 1531 3857
f 1982 3857 641
f 723 1954 3858
f 2461 3858 1747
f 2322 1020 3859
f 2322 3859 539
f 554 2710 3860
f 554 3860 2870
f 733 2015 3861
f 2687 3861 1203
f 2004 740 3862
f 2004 3862 1179
f 737 2042 3863
f 1934 3863 3828
f 1930 703 3864
f 1930 3864 1052
f 194 6219 7575
f 6219 5909 4657
f 5503 7113 7364
f 7113 4331 5502
f 7282 5369 6361
f 6485 5605 192
f 5605 5870 4638
f 6541 4196 5562
f 7509 4300 5176
f 36 6185 6658
f 5281 6840 185
f 7331 4295 5710
f 6704 4027 5040
f 6048 3902 5465
f 7597 5512 183
f 5707 4130 7048
f 5927 3939 7039
f 180 181 5691
f 5321 6548 6651
f 6090 75 74
f 66 5367 67
f 6961 3996 6477
f 7117 4251 5684
f 6348 7284 6686
f 5441 71 6178
f 5139 7117 5684
f 5709 3997 7196
f 6122 69 68
f 7026 4110 6638
f 6892 6727 4667
f 5765 3951 5098
f 5690 5419 173
f 5048 6134 6599
f 6713 4516 6256
f 5957 4368 5157
f 5418 5957 170
f 6322 4612 5055
f 6725 4368 5418
f 6121 7165 63
f 5924 4368 5757
f 6892 4667 5233
f 5704 4280 5231
f 7445 7444 5927
f 5357 167 168
f 6121 4944 7165
f 6400 5321 76
f 7612 4910 6760
f 6911 4155 5864
f 6457 4217 6683
f 4537 5864 6795
f 5045 6114 4670
f 5714 4766 7225
f 6681 4537 5714
f 1 3865 3866
f 6012 59 58
f 6012 58 159
f 7225 4766 5729
f 7364 44 43
f 6890 4645 6528
f 7214 5637 4461
f 6221 5166 5909
f 6903 4813 7233
f 7509 6380 5199
f 5359 6545 6169
f 7486 4135 5697
f 4864 5463 199
f 5333 4689 6281
f 49 48 5590
f 5575 189 190
f 5481 6528 5463
f 6990 7061 5089
f 5463 4864 5481
f 5710 4295 5505
f 6990 4326 5589
f 6658 4586 5546
f 4864 199 200
f 6151 4216 7088
f 6467 4640 5695
f 6971 5700 5666
f 6249 5670 201
f 5536 4530 4922
f 52 4961 6467
f 7506 32 7212
f 4801 5670 6249
f 5623 4254 5168
f 5695 55 54
f 6821 27 26
f 6249 57 56
f 5643 4488 5826
f 5679 4023 6046
f 6389 3968 5105
f 6378 5643 3898
f 6469 22 5873
f 5900 3894 3895
f 5007 4270 4888
f 5983 4113 5852
f 5299 4112 6049
f 6461 5474 3975
f 6439 5344 19
f 6731 3890 3891
f 5878 5223 4047
f 7387 5019 6953
f 6352 4268 7398
f 6080 6357 3885
f 5797 4971 7490
f 5638 4637 6439
f 6259 4191 6142
f 5908 3887 7490
f 6801 4186 5592
f 6916 4190 5828
f 6357 3883 3884
f 6915 4607 6505
f 6915 6505 4191
f 5008 4086 5665
f 7324 5379 6103
f 7340 4779 6992
f 6253 4452 5664
f 20 19 5344
f 6024 4779 6187
f 7273 4348 5018
f 6372 4511 5260
f 7333 5597 3879
f 6371 6024 10
f 6091 3892 5058
f 3879 5597 7273
f 7409 7306 4317
f 6858 5007 4888
f 6383 4097 5855
f 5385 4283 7022
f 5935 3946 4939
f 5826 3897 5643
f 5768 5158 6
f 6454 5341 3872
f 7561 4888 5313
f 5768 4427 5158
f 5855 4097 7101
f 4693 6378 5096
f 7521 5054 4361
f 6235 3871 3872
f 6241 3950 5173
f 6006 4 3
f 5328 7350 7351
f 7523 4042 5054
f 7456 7493 5424
f 4693 5159 5613
f 3871 5328 3870
f 5932 5112 29
f 7417 6423 2
f 6626 4764 5910
f 5586 3998 7367
f 5464 3988 5014
f 7417 2 1
f 6626 5910 3867
f 7083 6529 186
f 4841 7301 5867
f 7417 1 3866
f 5298 4001 6102
f 6335 4999 79
f 5403 3947 4857
f 3907 5530 6347
f 6082 6780 4754
f 6347 3906 3907
f 6652 4219 4999
f 7604 4203 5143
f 6335 79 78
f 5530 3907 3908
f 6205 82 81
f 5682 6641 7154
f 6998 4127 5581
f 6385 4558 6384
f 6913 4838 7327
f 6854 3911 3912
f 5136 4387 5548
f 4912 5307 4474
f 6096 3984 4885
f 5226 3912 3913
f 5548 4387 4983
f 5388 3914 3915
f 4983 6846 87
f 7494 4605 6375
f 6846 88 87
f 5337 4167 7553
f 6278 91 90
f 6052 3916 3917
f 5585 3984 6757
f 7425 4095 5163
f 6278 6540 91
f 5453 6364 3919
f 7291 4166 6809
f 5785 3965 4891
f 5767 4367 5264
f 6193 3922 6040
f 5264 4367 5718
f 6431 4418 6001
f 7460 6030 4242
f 6040 3922 3923
f 5339 97 6029
f 6040 4810 6193
f 6797 5339 4519
f 6640 4024 5354
f 7211 3978 5206
f 6323 4067 7147
f 5761 100 99
f 5515 4541 5934
f 5170 4291 5364
f 5090 5708 3928
f 5596 6970 7395
f 6576 5090 4284
f 4790 7450 5522
f 6936 4291 5363
f 6492 5447 107
f 7388 3930 3931
f 7161 5941 106
f 6576 4284 7559
f 5752 4076 4914
f 5447 6480 108
f 5577 7529 109
f 5410 4763 6324
f 6480 109 108
f 6844 5410 3932
f 5663 4763 6424
f 5663 112 111
f 6424 112 5663
f 6844 4763 5410
f 113 7416 114
f 3934 3935 114
f 6444 7604 5143
f 5281 4869 7330
f 6068 4605 5863
f 6278 4902 6540
f 5350 5797 3889
f 5564 4081 6442
f 5927 4947 5928
f 6122 6226 5073
f 5605 4638 6868
f 6267 4027 4878
f 3904 4943 3903
f 6113 6630 5209
f 7456 31 30
f 5236 3936 4954
f 6928 6279 4049
f 6073 84 83
f 4931 3951 5996
f 5648 4083 4922
f 5934 3924 3925
f 5761 4769 7084
f 7046 5362 5457
f 4900 3953 5466
f 6393 4532 7103
f 5295 4069 6571
f 5917 4107 7515
f 6660 4702 5343
f 6882 4861 6355
f 6090 6400 75
f 6815 4006 5251
f 5900 6309 3894
f 5329 3974 6741
f 6511 177 178
f 5624 4116 5830
f 7176 3943 7160
f 6397 5191 6396
f 4851 5425 5903
f 6619 7057 5939
f 6217 3941 5167
f 5549 4612 6339
f 7467 6734 4886
f 5931 6914 7178
f 6773 4169 5970
f 7172 4171 6248
f 6512 4124 5221
f 5546 6622 38
f 5242 4123 7276
f 5319 4055 6237
f 7303 4022 6137
f 5942 4044 5141
f 5787 4561 5383
f 7032 4898 5472
f 5345 5439 7098
f 6648 3962 5145
f 5851 4024 4892
f 5702 7586 5358
f 7324 3883 5379
f 6207 3900 3901
f 4468 6835 6241
f 5067 5977 4627
f 7024 5902 3962
f 5540 3966 7110
f 6886 4831 6013
f 5303 3967 5493
f 7412 7599 5473
f 5700 4570 5790
f 4269 5273 5617
f 5485 4298 5070
f 5661 3942 5556
f 6623 4092 5518
f 7394 3937 5291
f 6294 6779 4527
f 5778 5090 3929
f 6177 3972 5318
f 7475 4245 7200
f 6283 7 5158
f 6748 5997 3875
f 6507 4082 6635
f 5604 5928 7440
f 7157 4047 5078
f 5638 18 17
f 6685 4031 5148
f 7500 4329 4956
f 6627 4128 5763
f 6991 4751 5834
f 6029 96 5264
f 7551 4053 5355
f 4390 5831 4842
f 5013 6841 5966
f 7320 4065 6118
f 6863 4091 5533
f 6871 4356 5183
f 6165 5454 5865
f 5203 3982 5664
f 6663 4096 5511
f 6205 4602 7204
f 7319 4003 6544
f 5889 6757 5286
f 7211 5565 3978
f 6633 4550 5057
f 6254 3963 5081
f 6629 3986 5687
f 6690 4707 6459
f 6656 5297 7035
f 6900 6899 4304
f 7248 3988 6678
f 5992 4739 7261
f 6214 5583 3989
f 6517 4180 7344
f 7410 7411 6246
f 4824 6986 6161
f 6220 4748 5646
f 6145 4025 6738
f 5068 3992 6373
f 4472 6020 5332
f 4878 4027 5645
f 6754 4621 6943
f 7006 4299 5401
f 6206 3913 3914
f 6897 5840 3995
f 5270 7228 5885
f 6028 4136 7241
f 6939 4647 6937
f 6311 4965 5326
f 5441 6163 72
f 6654 3998 5586
f 5317 5318 4521
f 6916 6917 4941
f 6258 5638 17
f 5235 4136 5994
f 5265 3957 4953
f 5171 4001 6306
f 4746 6955 5554
f 6276 6188 4207
f 7531 4005 5168
f 5662 4860 5856
f 6794 4319 5144
f 7585 5123 6086
f 6305 4639 5354
f 6403 4005 5256
f 6987 4375 5571
f 5140 4006 6581
f 5111 5676 6292
f 6837 4079 5506
f 6262 5453 3920
f 5626 4036 7485
f 7463 4025 6559
f 5010 4175 5929
f 6343 4656 6039
f 7059 5193 5395
f 6772 4385 5809
f 6830 4011 6760
f 6114 61 60
f 5330 5306 7121
f 6265 175 176
f 5312 4515 6420
f 7511 3991 5926
f 4640 4961 5915
f 5507 5508 6838
f 5957 169 170
f 5083 3955 6134
f 7329 6097 4146
f 5475 4695 6930
f 7195 4017 6215
f 5816 4194 5517
f 7016 4018 7584
f 5550 5930 7131
f 5505 4019 7544
f 4964 6961 6477
f 4698 6474 5444
f 6987 4046 5602
f 7009 4282 6826
f 5737 7372 5626
f 5479 7538 5094
f 6876 5278 4017
f 6460 4270 7392
f 5998 4032 5106
f 7578 4126 6586
f 7507 5923 4218
f 7285 4272 5334
f 6630 6113 7136
f 6541 4949 6429
f 6263 6708 5780
f 5346 5645 6515
f 5211 4814 5039
f 6548 4631 5525
f 5885 4436 6229
f 5461 4063 6519
f 5266 6374 7262
f 6565 4071 5429
f 6569 4682 6291
f 6685 5719 4031
f 6999 4893 5621
f 6999 4165 4893
f 6280 3942 6605
f 7079 5003 5856
f 5966 4004 5198
f 6729 4034 5499
f 7273 5018 3878
f 4951 4635 6827
f 5342 4905 6907
f 5087 5188 4350
f 6443 4021 7186
f 4994 4037 6325
f 6373 3992 7528
f 7173 4829 7495
f 6458 4077 5960
f 49 5590 5089
f 6120 4853 5322
f 5335 5522 6344
f 7084 5596 101
f 4335 6606 4992
f 5159 5373 4052
f 7193 4275 4940
f 5328 4940 3870
f 7210 5593 4284
f 7428 3931 3932
f 6117 4137 7245
f 6785 4257 5249
f 6038 4252 6061
f 6110 5216 6093
f 5529 5538 4376
f 6147 4237 5127
f 5100 4047 5513
f 4975 21 20
f 5220 4048 4897
f 7112 4974 6804
f 6536 4797 5372
f 5023 4149 6222
f 7104 4310 5438
f 6982 4038 5352
f 5183 5631 4792
f 7150 4116 6598
f 5817 5085 4214
f 5826 4988 7548
f 5489 5490 4414
f 5037 6395 6577
f 6672 5405 6140
f 5449 4183 4885
f 5161 4055 6298
f 4334 5273 6078
f 5880 4056 5293
f 5767 95 94
f 7363 4213 6923
f 6187 12 11
f 5657 4058 6523
f 6776 4187 6176
f 6567 4059 5435
f 6814 6815 5251
f 5246 4060 6252
f 5610 4430 5081
f 6009 4099 5194
f 7287 5796 5498
f 6934 4062 5541
f 6719 4005 5216
f 6519 4546 5461
f 7092 4269 5274
f 7554 4064 6247
f 6340 7286 5432
f 5952 4406 7393
f 5904 4085 5144
f 6746 4355 7151
f 7470 5125 5537
f 4712 7147 5595
f 4991 3923 3924
f 6464 4068 6289
f 7355 4713 5584
f 5958 4798 5654
f 5580 3978 6578
f 7399 7430 5775
f 5636 3959 7074
f 7379 7573 6016
f 6594 4010 5165
f 6109 4072 5155
f 5921 4477 5535
f 6538 5696 6342
f 6920 3977 5764
f 6711 5300 4183
f 5921 4053 5850
f 5555 6590 5922
f 5746 4160 6589
f 5812 4957 4359
f 5364 6910 104
f 7513 4378 4915
f 5901 4090 5839
f 6574 4365 5686
f 6941 4576 5427
f 6556 4527 6295
f 5845 5189 3971
f 7091 5314 4513
f 6739 4093 5622
f 6617 4173 6288
f 5563 4025 4856
f 6742 4082 5811
f 5690 173 174
f 5805 4083 5648
f 5647 4833 6848
f 6202 4138 5311
f 5719 4344 5289
f 7596 4820 5905
f 5456 7095 6065
f 7356 4311 5702
f 7281 6197 4129
f 5203 5539 6820
f 6478 6925 5476
f 4807 7481 6142
f 5731 6700 5223
f 6792 5883 4089
f 7379 4478 6015
f 6273 6438 5901
f 6788 4111 6077
f 5819 4091 5302
f 5859 4111 6788
f 6098 4276 5296
f 6343 3948 5428
f 4871 4093 5680
f 4883 5998 4371
f 7404 5888 4094
f 6206 5226 3913
f 5388 4603 6033
f 5029 6052 3917
f 6730 4634 5498
f 6775 4100 5469
f 6132 4285 5341
f 5385 6748 3876
f 7432 5588 7433
f 6391 4181 6334
f 5559 5560 4422
f 7348 4138 6032
f 5732 4694 5480
f 5156 4096 5801
f 7354 4101 5796
f 6842 3982 5701
f 6393 4102 5399
f 7086 4151 6385
f 5131 4103 5944
f 5933 4231 4972
f 5347 4394 5824
f 6409 4288 7109
f 5272 4105 6379
f 6477 5745 6228
f 5114 5713 4666
f 5334 4272 5849
f 6964 4107 5917
f 5771 4182 7138
f 5450 4108 6044
f 6553 4031 5289
f 5187 4109 5894
f 7093 5070 6921
f 70 69 5073
f 5884 4111 5859
f 4436 7228 5884
f 5041 4424 5839
f 4963 6049 6904
f 7462 4526 5240
f 5983 5678 4113
f 6731 3891 6091
f 4618 6275 5734
f 6307 4911 5532
f 5750 4474 6167
f 5750 3910 6072
f 5624 4936 4116
f 6282 5573 5052
f 7129 4221 5095
f 4687 5399 6493
f 7135 4118 5715
f 7081 4736 5113
f 6524 6336 4119
f 5833 5864 4537
f 5488 4120 5798
f 7339 4303 5876
f 6532 4424 5838
f 6339 66 65
f 5615 4122 7280
f 6703 4927 6127
f 7004 6154 4123
f 5849 7215 6803
f 5459 4124 5877
f 5074 179 180
f 6004 4125 5509
f 6961 4588 5947
f 6160 4223 5976
f 6455 5291 5423
f 6698 4602 6205
f 6027 6898 4840
f 7539 4386 5764
f 7019 4095 6033
f 6861 4348 5598
f 7221 3881 3882
f 5842 4680 5120
f 7230 4659 6496
f 6275 4131 5857
f 6483 3987 6530
f 5862 4586 5263
f 5652 4762 6632
f 5207 4133 5853
f 6426 4291 5170
f 7381 4134 4995
f 6756 4003 6316
f 7588 4135 5039
f 7233 5590 48
f 5994 4481 7452
f 5745 3996 6496
f 5668 6534 4951
f 5759 5129 4044
f 5467 4306 5004
f 7206 3946 5935
f 4876 7471 5631
f 6088 4445 6422
f 5400 5346 4140
f 5200 4300 6762
f 5758 4803 5060
f 6670 6857 4718
f 7442 4142 6066
f 6355 3949 6354
f 5501 4307 6232
f 5194 4435 6009
f 4431 6274 5990
f 7106 5558 7105
f 5055 4145 6322
f 5740 7067 6226
f 83 6074 6073
f 6898 4775 5514
f 6358 4147 5437
f 7160 3943 5627
f 7068 4148 5769
f 6694 4248 5108
f 5950 4149 5023
f 6245 3979 5065
f 7122 4462 6164
f 5869 4358 4860
f 6657 4151 7086
f 7583 6135 4218
f 5484 4196 6429
f 4753 5044 7136
f 7018 4153 5953
f 6435 4003 6756
f 5152 6264 6533
f 7385 6093 7384
f 59 6012 7037
f 5714 161 162
f 5451 5749 4887
f 5699 6333 4696
f 6832 4157 5507
f 5575 190 6868
f 7537 4158 6808
f 6139 4235 7252
f 6144 4404 5882
f 5157 5357 168
f 6589 4160 5239
f 7610 4072 5490
f 6196 4161 6079
f 7482 4567 6514
f 6866 5858 6026
f 4878 4567 5606
f 6646 5844 6978
f 7434 4338 5514
f 5808 4164 6438
f 5960 4077 7513
f 5651 4165 6201
f 5669 4341 4893
f 89 6952 7516
f 5488 4835 4120
f 6624 4167 5337
f 5823 3966 7396
f 6015 4168 7572
f 6806 4125 6004
f 6555 4657 6218
f 6838 3989 6281
f 7157 5078 4802
f 4502 6396 4900
f 4976 6248 7342
f 5361 6291 4682
f 4924 4172 6181
f 4922 4083 5536
f 5026 6584 7044
f 6286 4241 7070
f 6370 4174 5868
f 7488 4370 5988
f 7073 4175 6945
f 6039 4655 5774
f 6425 4176 5414
f 7461 5835 4476
f 7156 4177 6250
f 6740 4122 7128
f 7032 4178 5925
f 6634 5059 6761
f 5897 4875 5181
f 6673 4566 6654
f 6189 6597 5047
f 6517 5265 4953
f 6334 4812 6391
f 5333 7076 5756
f 6260 4755 6621
f 6449 3964 5254
f 5836 4569 5145
f 6661 4056 5963
f 6831 4966 5721
f 6331 7079 5123
f 7015 4185 5209
f 5887 4856 5184
f 5592 4186 6509
f 6143 4495 6080
f 6954 6955 4746
f 5657 6667 5257
f 6800 4188 5672
f 5945 4529 5536
f 6170 4189 6890
f 6131 6218 4657
f 5828 4749 6916
f 6829 7008 4694
f 6142 4191 6717
f 6491 14 6470
f 5234 4192 6534
f 6826 4282 5370
f 4615 6593 5919
f 5843 4819 5844
f 4698 5813 6473
f 7552 4377 5517
f 7065 4232 5098
f 5361 4136 6028
f 7358 4196 6536
f 6501 5470 5483
f 6774 6862 5021
f 5186 6730 5974
f 7202 4266 5309
f 5799 4399 5800
f 5039 4199 5211
f 5503 7364 42
f 7248 6679 5014
f 5700 6971 5002
f 6321 4201 7469
f 7153 4115 5343
f 54 6467 5695
f 5166 4189 6131
f 5143 4203 5381
f 6988 3904 3905
f 6782 6336 4493
f 6956 4404 6144
f 6226 4593 5740
f 5279 7380 5028
f 6309 4726 7249
f 7111 5261 5779
f 6752 4207 6188
f 7249 4206 5641
f 5146 4374 4947
f 7294 4825 6986
f 5964 5103 4209
f 5519 4316 4897
f 6064 4210 5160
f 6271 4471 5160
f 7316 4211 6549
f 6381 4836 7171
f 6364 4596 6363
f 6251 3977 5675
f 6923 4213 5725
f 7524 4544 4997
f 4980 6276 5683
f 5169 6058 6864
f 7294 4215 6499
f 6500 4209 5068
f 5243 4599 5121
f 7261 6185 36
f 6163 4590 6448
f 5635 3997 5709
f 5052 5550 6135
f 6590 4583 5417
f 5409 4219 6652
f 4999 7054 79
f 5789 4220 5105
f 4498 6389 5105
f 5807 5937 7129
f 5721 4184 6831
f 51 6770 6062
f 6958 5280 6106
f 6764 5020 5117
f 6244 7441 4828
f 6881 4662 6198
f 4923 3970 5422
f 5204 4225 6105
f 5545 3993 6513
f 6255 4226 5056
f 5549 65 64
f 4515 5766 7253
f 5242 4758 5115
f 6947 6949 4858
f 6299 4479 6300
f 7042 4327 5586
f 5208 4055 5319
f 7147 5570 6323
f 5959 4128 5150
f 6320 4231 4973
f 5377 6257 4972
f 6434 4485 5149
f 5429 4071 7573
f 7322 5178 4233
f 6296 4298 5394
f 6851 4997 4234
f 5480 3975 5732
f 4503 5743 5101
f 7033 3966 5540
f 5543 4236 7011
f 6446 4230 6332
f 5940 4302 4998
f 5267 4960 4194
f 7526 4850 5639
f 7526 5639 6535
f 6560 4239 5205
f 6891 4161 5071
f 5071 4533 5382
f 6463 4228 5161
f 6200 4852 7070
f 7044 4173 6617
f 5206 4242 6233
f 5339 98 97
f 4597 6745 5197
f 7441 4734 6456
f 5212 4244 7177
f 5948 4411 5023
f 6285 4245 7512
f 5737 4233 5179
f 7466 4791 7492
f 7128 4122 5615
f 6145 4369 5305
f 7302 4158 7537
f 7003 4598 6585
f 7424 4623 6624
f 5165 7072 6778
f 7465 4649 5871
f 6199 4677 5360
f 6346 4497 6642
f 5684 4395 5139
f 7473 177 6511
f 6399 4719 6038
f 6785 5576 4257
f 5324 4253 5217
f 7373 4062 5255
f 5784 4254 5167
f 7531 7384 4005
f 6450 5254 4255
f 5487 4058 5534
f 6208 4256 5111
f 6038 4930 6399
f 6790 4257 5576
f 6814 4258 6410
f 7562 4641 6895
f 5610 4422 5561
f 5062 6889 5061
f 5288 6952 88
f 4056 5471 5287
f 6757 4903 5585
f 6021 4261 5192
f 6201 4165 5097
f 6417 4464 5155
f 6304 4463 5154
f 6263 4433 6708
f 6113 4954 3936
f 4579 5867 5075
f 6840 7597 184
f 7010 4265 5431
f 5431 4079 7012
f 4721 7202 5309
f 6723 4009 5348
f 5456 4267 5175
f 6436 4523 5284
f 6008 4268 5310
f 6032 4613 6551
f 6706 4269 7092
f 5275 6732 5274
f 6573 4270 5100
f 4888 24 6858
f 5238 4271 7587
f 6821 26 5313
f 7216 4786 5849
f 7621 4081 5564
f 7013 4665 5663
f 6069 4284 5090
f 6743 4274 5331
f 5607 4478 6017
f 6006 4764 4918
f 7459 3869 3870
f 4539 7555 6098
f 5657 4970 6776
f 5775 4277 5317
f 6376 6239 7156
f 7375 5411 4278
f 6812 3967 5303
f 7309 4279 7085
f 5514 3983 6898
f 4880 5231 7374
f 7045 6129 4119
f 6063 4531 5551
f 5220 4897 5219
f 6827 6826 5370
f 5980 4408 5050
f 7579 5018 4283
f 5918 4405 6862
f 7243 4325 5595
f 7532 4541 5515
f 7101 4684 5855
f 4940 4275 5244
f 6116 5054 4286
f 5054 5104 4286
f 6565 6043 5396
f 6875 4824 6161
f 5497 4288 5277
f 7110 5814 6649
f 6215 4356 7400
f 5874 3936 6721
f 4857 4290 5403
f 7305 4687 6841
f 4076 6699 5363
f 5364 103 5170
f 5151 7477 7199
f 4986 6823 6884
f 5063 5062 4293
f 5962 5336 4431
f 6793 4642 5433
f 7029 4661 6662
f 5505 4295 7443
f 6459 6962 6690
f 5291 4296 5423
f 5600 4330 5746
f 7503 5376 4297
f 5356 4476 5836
f 6498 5050 4408
f 6296 5042 7485
f 5309 4568 5951
f 7041 4636 6668
f 6622 4715 6762
f 6732 4762 5274
f 7141 4301 5443
f 5442 4302 4936
f 4968 4998 7255
f 5949 4662 5258
f 5448 4303 7137
f 7242 3984 5585
f 3901 6048 6207
f 6859 4339 5553
f 6046 4305 4871
f 5620 4340 7581
f 6461 4306 5791
f 6432 4613 6032
f 6232 4307 7383
f 7310 4345 5649
f 5765 4308 6055
f 4978 6186 6935
f 5691 4626 6813
f 7315 4660 6496
f 5438 4310 4925
f 4884 4426 5968
f 6567 4467 6213
f 7000 4258 6895
f 7060 4312 4924
f 6856 4757 5766
f 5970 4313 5870
f 6868 190 191
f 5304 4314 5489
f 4160 6158 4862
f 7287 4315 6639
f 6036 5043 6861
f 6270 5222 6353
f 6805 4622 4974
f 7522 4317 6602
f 7409 4511 5215
f 7497 5462 5483
f 6418 4447 5407
f 4754 7377 5557
f 7439 4412 5904
f 5461 4320 7617
f 5961 7092 5464
f 7335 4321 4856
f 6737 4619 5563
f 6211 4322 5447
f 7014 4273 6324
f 6579 4323 5580
f 5482 6614 7455
f 5793 4914 4324
f 5516 5363 7208
f 5189 4712 5594
f 7559 5092 6576
f 7464 4326 5590
f 4873 6959 6960
f 5006 7042 5586
f 6943 5005 6754
f 5344 4637 6647
f 5480 7429 6595
f 4899 4329 5578
f 5878 4047 5100
f 6150 4881 5600
f 5599 4559 5785
f 6094 7149 5502
f 7132 41 6380
f 6711 4332 6302
f 6225 4589 5420
f 6359 4546 6518
f 6280 4724 5615
f 5893 4334 6078
f 6732 4140 6632
f 6899 4916 4992
f 5465 3903 4943
f 5960 4336 5920
f 6510 4425 6789
f 6769 5035 7235
f 5413 4282 7009
f 6869 4977 5629
f 4820 7085 5905
f 5351 4746 7139
f 5554 4969 5553
f 7581 4340 5622
f 7205 5739 5097
f 4893 4341 5633
f 5632 4692 6128
f 4877 4342 5526
f 5644 4878 5645
f 5381 4343 5143
f 4867 4041 5477
f 5387 4344 4942
f 7383 4307 5289
f 6044 4345 7310
f 4894 4165 5651
f 4816 7268 5572
f 6907 4376 5744
f 4832 4347 5647
f 7094 4381 5805
f 7332 4348 5597
f 5018 7579 3878
f 5692 4349 6610
f 5660 6236 5716
f 4927 5087 4008
f 7372 5179 4036
f 6394 4906 5380
f 6357 3884 3885
f 4946 4352 5422
f 6945 4656 6343
f 7027 5705 4353
f 7533 4907 6932
f 3908 6912 5530
f 7266 6836 4001
f 7493 5112 5436
f 6746 4428 5677
f 4752 6871 5183
f 6215 4017 4876
f 4966 4357 5721
f 7123 4720 7122
f 4860 4358 5723
f 6764 4483 6657
f 7447 4793 5752
f 5793 4324 5294
f 6034 4360 7145
f 5262 4562 5791
f 5726 4788 6712
f 6301 5260 7409
f 6682 4362 5491
f 5730 4363 5174
f 7590 4363 5697
f 6031 7577 4771
f 5224 5733 5731
f 6071 4329 5667
f 5982 4365 6124
f 6377 4180 6517
f 4068 6419 5582
f 5982 5137 4365
f 5718 4419 5264
f 5406 93 6433
f 6506 4535 5418
f 7217 4280 7357
f 7530 4369 7155
f 5108 4248 6407
f 7127 4174 6053
f 6065 4065 5456
f 6739 4883 4371
f 5105 3968 5790
f 5747 4372 5299
f 5360 7099 6834
f 6820 4373 5203
f 5362 4448 6047
f 7408 4374 5146
f 5397 4030 5292
f 5783 5571 4375
f 6264 4376 5538
f 5744 4376 5152
f 5538 4437 5134
f 7323 4377 5823
f 5822 7144 5517
f 5301 4378 5352
f 5493 3967 7108
f 5868 4174 7127
f 5352 4378 5494
f 7426 4837 6763
f 4023 7519 6046
f 5806 4381 5478
f 6736 4622 5945
f 101 5596 102
f 4767 6614 5271
f 5709 4383 6646
f 7349 4965 6554
f 4312 5391 5392
f 7431 4229 5208
f 6587 4385 4889
f 6957 4649 5340
f 6920 4386 4919
f 6001 4418 4859
f 6019 4387 6913
f 7119 85 6073
f 21 4975 5873
f 5878 5100 5879
f 5528 5082 4389
f 7392 4928 6460
f 6087 4863 5829
f 7219 7150 4717
f 6940 5711 5712
f 6068 6375 4605
f 5890 4392 5527
f 7423 4393 5964
f 6765 5103 5821
f 5820 5848 4826
f 5825 4394 4876
f 5824 4697 5347
f 7256 4395 5684
f 7602 175 6265
f 5182 6639 3982
f 6290 4496 6925
f 6833 4397 5754
f 5756 5854 4642
f 5816 4398 5267
f 5936 4237 4968
f 7180 4399 7371
f 5800 5154 5799
f 5404 4857 6783
f 7448 4683 7105
f 5173 4401 5787
f 5899 5218 5324
f 5685 6649 5813
f 5814 4959 5815
f 5987 5027 4403
f 5861 5965 4854
f 4880 4404 5881
f 6675 3974 5871
f 6484 4405 5172
f 7022 4700 5385
f 4967 4406 5953
f 6544 4003 5283
f 7201 5562 5965
f 5372 6279 4407
f 5601 4834 5980
f 6490 4643 5979
f 6932 4907 6792
f 7435 5809 4385
f 5016 6791 7125
f 5973 5022 5985
f 4797 6025 5948
f 4318 5462 5706
f 5905 4412 7596
f 7377 4319 5557
f 7240 5196 6648
f 5145 4569 6676
f 5489 4414 5190
f 5841 4737 5715
f 5772 4415 7605
f 6498 3969 5650
f 5956 4416 5348
f 5422 3970 4946
f 7386 5991 5992
f 4417 7271 5847
f 5118 5999 6000
f 6111 4736 7082
f 95 5264 96
f 6661 5471 4056
f 5922 5116 4420
f 7583 4558 5656
f 5518 4946 4421
f 5445 4302 5940
f 5250 7000 5524
f 6879 4475 6011
f 7576 4423 6004
f 6937 4012 6939
f 7613 4624 5839
f 5041 6510 4668
f 5753 4962 4425
f 5860 4701 5859
f 7175 4884 5968
f 6671 4244 5212
f 6602 4427 5259
f 6356 4 6006
f 6973 4428 5666
f 5002 5681 6349
f 7051 5136 5500
f 6074 82 6205
f 7387 4460 5081
f 5561 5560 4099
f 5962 4431 5989
f 7564 3947 5403
f 5973 6791 5801
f 5803 4613 5802
f 6701 4981 5925
f 7015 6707 4185
f 7071 4434 5307
f 6660 6669 7154
f 6475 6879 5194
f 6034 5625 4360
f 6229 4436 5533
f 5270 6644 6825
f 7224 4719 6399
f 6092 4438 5134
f 5971 4438 7385
f 6110 4253 5216
f 6107 5187 4439
f 5894 4691 5716
f 7246 4817 5942
f 5942 5141 5943
f 6552 4441 5576
f 6136 5252 6790
f 4944 4442 5741
f 5630 61 6114
f 6905 4443 5497
f 5101 4235 6139
f 3931 5237 7388
f 4273 7014 7229
f 6422 4445 6087
f 6666 6088 4831
f 6164 6165 5866
f 5060 4141 6099
f 6014 4447 5093
f 5454 4462 5407
f 5327 4989 4448
f 5974 4410 5186
f 6842 5457 4449
f 7354 5727 4101
f 7163 4450 6100
f 7192 4018 7016
f 6284 6802 5239
f 7551 5355 5376
f 5378 5008 6018
f 6253 3982 6639
f 6611 4453 5140
f 6042 6552 5576
f 7495 4454 6066
f 7458 4780 5283
f 6995 4455 5510
f 5967 4426 5212
f 6022 4456 6021
f 3976 5386 5387
f 6120 4457 7164
f 4362 5280 5542
f 6083 4458 5336
f 7189 3983 7376
f 5359 4459 5481
f 6169 6561 5076
f 5804 5358 4460
f 5081 4430 5792
f 7366 5440 6095
f 5637 44 7364
f 7123 7122 6164
f 4051 6909 6013
f 6158 4463 4862
f 6304 4262 5155
f 5155 4464 6109
f 5977 5034 4094
f 7209 4465 5374
f 6222 5486 5316
f 6238 4466 6177
f 6237 6300 4932
f 6977 4575 6213
f 6213 4059 6567
f 6850 4468 6208
f 6834 4250 5241
f 6696 4469 5888
f 3994 6312 4935
f 5373 4686 6056
f 6859 5553 6057
f 5222 4471 5068
f 5160 4531 6064
f 6020 4473 5031
f 7445 5332 4908
f 5102 4473 6269
f 6272 5031 4473
f 3911 4912 6072
f 6167 4115 5531
f 7187 4475 5559
f 6980 3976 6034
f 7461 4476 5837
f 5356 4297 5355
f 7314 5414 6209
f 6390 7034 5535
f 6016 4996 4478
f 6017 5329 5607
f 6300 4479 4932
f 5616 4334 5024
f 6462 4480 5208
f 7518 4858 7133
f 4931 4481 5995
f 5509 4125 6231
f 6314 4482 5163
f 6312 5032 6313
f 7606 5065 6051
f 6100 4450 5276
f 5531 6308 6307
f 7056 4114 4904
f 6325 4485 6434
f 6326 7250 5659
f 6315 4486 6331
f 6316 7319 6525
f 7258 4487 6140
f 6931 4431 5990
f 6950 5458 7478
f 7548 3895 3896
f 5293 5287 4489
f 5286 3984 6096
f 5447 4490 6211
f 6492 106 5941
f 5133 5963 6233
f 4332 5038 5608
f 7070 5552 6286
f 6288 4710 7057
f 6524 4493 6336
f 6471 4799 6486
f 5356 5902 7608
f 5640 7578 6586
f 7257 5908 4821
f 7064 4351 6103
f 6615 4496 5592
f 7418 4821 5908
f 5218 4497 6041
f 5241 4250 6346
f 6388 4498 5105
f 7535 5015 5537
f 6190 4499 5181
f 6709 4180 5427
f 7407 4833 7410
f 6246 4872 6248
f 7060 4924 6180
f 6181 6848 5084
f 5886 4502 4900
f 5192 4261 6397
f 5108 4503 6406
f 5742 4035 6445
f 5191 4504 5739
f 5148 4031 4895
f 6054 4505 5609
f 6258 15 4945
f 5167 4506 6217
f 5168 4005 6403
f 5254 6402 6401
f 6919 4187 6776
f 6404 5487 4508
f 5534 4506 5623
f 5185 4799 7298
f 6162 5892 5083
f 7504 4510 6077
f 6789 4425 5859
f 8 5215 6371
f 5828 4929 4749
f 6412 4512 5252
f 6011 4475 7187
f 7151 4355 7493
f 7091 27 5314
f 7412 4514 6458
f 6535 4238 7526
f 4832 5312 4013
f 4312 5392 5694
f 4799 5185 5628
f 7620 4678 5603
f 6609 4517 5285
f 6540 92 91
f 5253 4518 5570
f 6447 5118 4518
f 6030 4519 5339
f 5853 4769 5761
f 5435 4520 5702
f 6816 4256 5383
f 5317 4521 6155
f 7492 4246 7063
f 6367 5175 4522
f 6365 5284 6366
f 6613 4523 4995
f 5284 4267 6436
f 5254 4524 6449
f 5817 4214 7487
f 6860 5541 4525
f 6865 4255 5256
f 6415 4526 5523
f 6149 5085 6466
f 6575 4798 6294
f 6556 5715 4118
f 6132 4528 6383
f 6454 3874 5997
f 5946 6751 4529
f 7411 3990 6246
f 5944 4530 5536
f 5377 4231 6320
f 7472 4531 5220
f 4210 6271 5160
f 5095 4532 6085
f 5723 4358 5088
f 7207 5382 6440
f 6441 5730 5174
f 6830 4553 6487
f 6782 4493 6337
f 172 5419 7600
f 172 173 5419
f 179 5074 5655
f 6686 4587 6348
f 163 5233 6681
f 5832 4534 6487
f 6262 4538 5453
f 6431 6001 7080
f 5127 4539 6520
f 6521 5126 6522
f 5296 4540 6141
f 5460 4705 7020
f 6332 4541 7134
f 3925 3926 5515
f 7294 4542 6373
f 6500 5068 4542
f 6547 6223 4543
f 5526 4342 5400
f 6917 4749 7313
f 6845 5802 6204
f 5452 4545 6549
f 6291 4000 6569
f 5107 5692 4063
f 6518 5614 6359
f 6561 4547 5076
f 5205 4549 6419
f 5907 4548 5132
f 6214 4366 5583
f 6464 6735 4068
f 5322 4853 7179
f 6091 5058 5641
f 6633 4113 6125
f 6126 4551 5678
f 3889 3890 5350
f 7034 4552 5535
f 5837 4053 5535
f 4119 5832 5833
f 4534 6486 6487
f 5294 5335 4265
f 5482 4323 5064
f 6345 5064 6577
f 6578 6225 5420
f 6425 4556 6395
f 6294 4527 5506
f 7155 4557 5479
f 7220 3954 7002
f 7454 5656 6385
f 6386 5923 5147
f 7272 4559 5599
f 7514 4751 5799
f 6191 6479 4499
f 6247 4500 6248
f 5786 4930 6427
f 6061 5140 4561
f 5467 5791 4306
f 5578 4329 5474
f 6810 4563 5302
f 6066 4454 7231
f 7288 4564 6391
f 6629 5687 5137
f 6362 4565 5204
f 6891 6079 4161
f 5204 4566 6653
f 6654 5072 6948
f 7482 6513 4567
f 7589 4814 5211
f 5408 5951 6539
f 5428 4742 6343
f 5608 5038 6677
f 6933 5449 4413
f 5680 4570 6349
f 5790 3968 5700
f 6124 4688 5982
f 6124 4365 6574
f 5346 4572 6516
f 7326 5176 6023
f 6566 4573 5429
f 6503 5397 6043
f 6901 4574 6702
f 5521 4316 6568
f 6050 4582 4963
f 6835 4644 6637
f 5687 4576 5686
f 7344 4560 7343
f 6852 5854 4577
f 6941 5686 4576
f 6776 4578 5657
f 5297 4276 6667
f 6166 5272 4579
f 5735 4660 6781
f 6924 6478 6867
f 6588 6212 4467
f 6183 4581 5359
f 6106 5280 4362
f 6787 5983 4582
f 4582 5852 5299
f 6997 4583 5555
f 7542 5834 4559
f 5306 4584 6744
f 4082 5688 5811
f 6741 4585 6874
f 6635 4870 6507
f 6151 4586 6185
f 5862 4715 5546
f 6939 4587 6081
f 6720 5248 4536
f 5877 4588 5459
f 6813 4626 5707
f 4552 5674 6115
f 7017 7264 5420
f 71 5441 72
f 7026 6638 5315
f 70 6178 71
f 6328 5028 6327
f 5315 4592 6645
f 6638 6076 7504
f 67 6452 68
f 7067 4778 5279
f 5295 4594 6753
f 6571 6395 5654
f 6837 4595 5543
f 7031 6447 5253
f 6363 4596 5150
f 5453 4538 5959
f 5405 4597 6759
f 6758 5013 5966
f 6715 4598 5668
f 5234 7002 7069
f 7087 5717 6678
f 7415 4066 6974
f 5103 6765 6766
f 6849 4316 5519
f 7120 4601 5396
f 6778 5228 6777
f 5124 6697 6175
f 6697 7204 4602
f 3916 6052 6421
f 6319 5030 7019
f 7425 4604 6033
f 7469 4912 6854
f 5863 4605 6314
f 5993 5888 4469
f 7570 5760 6664
f 6927 4609 5725
f 12 5201 13
f 6505 4941 6717
f 6787 5592 4608
f 6509 6126 5678
f 6665 5511 6927
f 5511 6883 4609
f 6978 4610 6646
f 6645 4592 5635
f 4708 5470 5872
f 6501 5484 4611
f 6718 4612 5549
f 6322 4593 5367
f 5004 6432 6032
f 5802 4432 5803
f 6595 4614 5480
f 7174 4306 5468
f 6882 4615 5819
f 6819 4648 6229
f 5302 6863 6811
f 6596 4436 5884
f 5734 4617 5682
f 6102 4756 5298
f 7056 4618 5734
f 5696 5774 4618
f 4709 5619 6442
f 5769 4369 5033
f 5849 4620 5334
f 6803 4673 6584
f 7360 4874 5268
f 6650 5588 6755
f 4974 4622 6804
f 5946 4529 5945
f 5743 5742 4623
f 5572 4346 5180
f 7607 6273 6599
f 7613 4424 6532
f 6814 5676 4625
f 6581 4561 5140
f 5074 5691 4309
f 6767 182 5512
f 5711 6251 4391
f 5675 4464 5067
f 7162 4628 5890
f 6608 4826 5848
f 6489 4629 5598
f 6926 5499 6036
f 6488 4630 5515
f 5092 4067 5777
f 74 5077 6090
f 6683 4610 5525
f 77 6369 78
f 7558 4819 5409
f 6940 4633 5711
f 6627 5763 7539
f 5172 4634 6728
f 5499 4315 5498
f 7269 4951 6827
f 7186 4855 6443
f 5896 7041 6668
f 5401 4299 5320
f 7550 4637 6054
f 4328 4975 5344
f 6133 4638 5870
f 5642 4707 5575
f 5354 4639 6640
f 7578 4828 7441
f 4801 5695 6182
f 54 53 6467
f 6893 5246 6894
f 6895 4987 7000
f 5433 4642 6852
f 7520 4078 6941
f 6261 4643 6443
f 5979 4408 6490
f 6240 4575 6835
f 7099 4677 5523
f 6531 4645 6221
f 6528 6170 6890
f 6011 6877 6879
f 6171 5290 4344
f 6002 7483 6938
f 6939 6348 4587
f 6819 5919 4648
f 4193 5326 6983
f 5871 4649 6675
f 6957 5883 6956
f 6580 4650 6333
f 7501 5115 6502
f 6708 4651 5780
f 6428 4664 5699
f 5117 4652 6493
f 5976 4733 6456
f 6679 5243 6975
f 6974 5677 6973
f 6969 4654 5956
f 6135 4921 7584
f 6538 5428 3948
f 6035 4705 5875
f 5010 6338 4175
f 6007 4655 6039
f 196 6221 5909
f 6218 4882 5907
f 6485 4658 5605
f 4169 5132 5970
f 6662 5195 4105
f 6228 7241 6476
f 7048 4660 7315
f 7315 3996 5947
f 6662 4661 5195
f 6823 4986 5689
f 7289 4662 5573
f 6881 4923 4224
f 5672 4663 6800
f 6428 4696 7089
f 6749 4664 5749
f 6527 4106 5699
f 6659 4665 5577
f 6324 4763 5663
f 5806 5478 6557
f 7501 4227 5115
f 165 5795 6727
f 5703 4119 6129
f 6075 4668 6788
f 5840 4424 5041
f 5063 6224 6616
f 6351 4902 6278
f 160 5729 159
f 6173 4910 7612
f 7011 4671 5543
f 6753 4594 5431
f 6771 4672 7072
f 7116 4089 6957
f 5658 4673 6803
f 7474 5626 5782
f 6906 5671 4674
f 4167 5180 5342
f 5589 4675 6990
f 6106 4362 5053
f 5323 5636 4321
f 7275 4758 5698
f 6168 4677 6199
f 7100 6415 5523
f 5838 4678 6896
f 6726 4778 5603
f 6649 4679 7110
f 7251 4732 5540
f 5120 4680 6839
f 5842 4626 5512
f 5086 5236 4247
f 7463 4856 4025
f 5890 5527 6569
f 7346 4481 5994
f 5566 4683 7448
f 5557 4319 7106
f 5398 4684 6774
f 4286 4849 5855
f 5824 6472 4104
f 5278 4288 6409
f 6010 4686 6266
f 4041 5351 6060
f 6963 5399 4687
f 6841 4004 5966
f 3989 5583 6123
f 5584 4181 5982
f 5507 4689 6832
f 6281 4571 5333
f 7452 4690 5235
f 7576 6003 4423
f 5716 4691 5661
f 7322 4233 5188
f 5773 4692 7093
f 4109 5187 6128
f 6378 4693 5643
f 7478 4052 6950
f 7557 4694 5732
f 7481 4901 6142
f 5990 4695 6931
f 6360 4683 5566
f 6428 5699 4696
f 7090 6502 6993
f 7476 5347 7140
f 7142 4698 5444
f 7141 5738 7142
f 6473 4402 5815
f 5363 4699 6936
f 7161 106 105
f 4917 5390 4283
f 5997 3874 3875
f 6812 7336 5860
f 7336 5533 6596
f 6308 7153 4484
f 6668 4434 5896
f 3909 5750 6912
f 4474 5895 6167
f 6583 4704 5917
f 6141 4540 5210
f 5875 4705 6482
f 7020 5210 5460
f 5348 4706 6723
f 4175 6872 6945
f 5574 4707 5642
f 6962 5389 187
f 5470 4708 5724
f 6761 5059 4263
f 6628 5026 6618
f 7058 3954 7220
f 6617 6288 7057
f 6288 4492 6287
f 7226 4711 5891
f 6384 3937 5891
f 5594 4712 7148
f 6323 4518 6446
f 5584 4713 6334
f 7419 3956 5369
f 6769 4714 5501
f 7235 5601 7236
f 37 5546 38
f 7334 5200 6762
f 5539 6824 6924
f 5665 4086 6290
f 5831 4717 6282
f 7150 6598 7289
f 6670 4718 5830
f 5443 4301 5624
f 7224 5308 7239
f 7239 5943 4719
f 7123 5627 4720
f 6222 4465 5023
f 7203 4721 5309
f 4198 4993 5430
f 7351 4722 7193
f 7194 5245 7193
f 6768 4723 6740
f 6250 4177 5893
f 5615 4724 7128
f 7475 5153 5188
f 7328 4725 7280
f 7546 4333 5615
f 7249 4726 6350
f 5900 3895 7548
f 5798 4727 5488
f 5876 4885 3984
f 4979 5693 4120
f 7259 5448 4728
f 6310 4729 6928
f 4147 6358 5748
f 6806 6885 4125
f 6081 6687 7167
f 6476 4731 6228
f 6508 4730 5459
f 5497 4732 7251
f 7396 4809 5823
f 7226 5891 7198
f 3937 5116 5291
f 6918 4734 6244
f 4733 6455 6456
f 7311 4735 6553
f 6044 5050 4345
f 5567 5113 4736
f 5762 4386 7082
f 6497 4919 7135
f 5715 4414 5841
f 5169 4738 6950
f 7534 4002 5261
f 34 5992 7261
f 7260 5847 6929
f 5986 4740 6533
f 7300 5784 7299
f 7614 4741 5745
f 6549 4545 6028
f 6724 4742 5428
f 4706 6722 7073
f 7166 4743 5850
f 6802 5304 4743
f 7178 4744 5931
f 6079 7164 6196
f 6922 3972 7263
f 7263 6177 6376
f 5351 4867 7138
f 6955 4866 6176
f 7344 4747 6517
f 7343 4976 7342
f 7427 4748 5648
f 6220 4666 5478
f 7340 5066 5828
f 7313 4609 6414
f 5571 4750 6987
f 5822 4377 5671
f 7514 5834 4751
f 7370 5368 7371
f 6870 4752 5183
f 7234 4753 5911
f 7368 4753 5874
f 5724 4708 5044
f 6082 4754 5557
f 7377 5421 4319
f 4705 6481 6482
f 6483 4866 6620
f 4617 5857 6102
f 4755 6620 6621
f 5766 4757 7005
f 6155 4521 6965
f 5115 4758 7275
f 4123 5225 5504
f 5212 4759 6604
f 7043 4465 5316
f 6194 4760 5937
f 4995 4523 6435
f 5862 5263 4132
f 7248 4599 6679
f 6632 5051 5652
f 7087 3988 5274
f 5237 5410 4273
f 3933 3934 5906
f 3868 5244 6626
f 6329 5245 4427
f 6526 4765 6037
f 5939 4710 7058
f 6796 4766 6795
f 5729 160 7225
f 5673 7391 7390
f 7455 4323 5482
f 5580 4768 7420
f 7421 5579 4768
f 5673 4769 5853
f 7084 101 100
f 4629 6489 6625
f 6197 4452 6253
f 7486 4771 5653
f 6031 5049 4039
f 7399 4772 7430
f 6462 5006 7367
f 6437 4773 7403
f 5558 4319 6794
f 7270 5473 6368
f 7025 5808 4774
f 5124 5581 4127
f 7434 5514 4775
f 6130 4776 7204
f 6074 83 82
f 5755 4777 5754
f 4295 6459 5574
f 5603 4778 5740
f 5279 5028 4205
f 6104 6976 4190
f 11 10 6024
f 5952 4780 7457
f 7393 4934 6544
f 3881 6174 3880
f 7541 5598 7332
f 5938 4782 6194
f 6930 4695 5566
f 6564 4783 5565
f 7345 6115 4589
f 6227 4784 7482
f 7480 6440 5545
f 7300 5986 6570
f 5971 5134 4438
f 7216 5225 4786
f 7215 4927 4008
f 6119 4952 7218
f 5953 4406 5952
f 5365 6712 4057
f 5726 3973 5384
f 6430 4789 6005
f 4370 5510 5988
f 4914 5516 4324
f 7450 5271 4040
f 6153 4791 6154
f 6922 4723 5955
f 7237 4792 6014
f 6909 4051 5454
f 6210 4793 6211
f 5770 4957 4043
f 6768 6740 4794
f 6740 6374 4122
f 6638 4795 6825
f 6077 4111 6203
f 6504 4796 5947
f 4130 6781 7048
f 6025 4797 5484
f 7358 4407 5562
f 5654 4798 6575
f 5190 4414 6295
f 6162 7298 6471
f 4509 6134 6303
f 7499 4800 6053
f 5547 4370 7097
f 7525 4801 6249
f 6942 4864 5670
f 4899 5667 4329
f 7157 6853 5513
f 7183 4803 5758
f 7182 6088 6422
f 6807 4804 5282
f 5277 4288 5278
f 4804 6807 6808
f 7368 5911 4753
f 5094 7303 6600
f 6137 4443 6138
f 4941 6716 6717
f 5496 7524 4997
f 7126 4808 6982
f 6053 4800 5036
f 5337 4809 5446
f 7553 5671 7323
f 6000 4810 6902
f 7549 6262 6193
f 6101 4811 7454
f 6099 4141 4842
f 7288 4812 6362
f 6334 4713 5369
f 7464 4813 5653
f 6903 46 5440
f 6408 4814 7589
f 4363 6031 5697
f 6610 5556 4815
f 6518 4546 6519
f 7337 4951 7269
f 7268 4818 5810
f 5349 4818 6117
f 5759 4282 5129
f 5810 4818 7352
f 7268 4816 7267
f 5844 4819 7558
f 7247 4977 5898
f 6869 5629 4338
f 7085 4965 7309
f 6080 4821 6143
f 3886 3887 5908
f 6112 4822 5622
f 5466 3953 5620
f 5913 4823 7594
f 3938 6769 5501
f 5818 5292 6875
f 6985 5011 6984
f 6269 5009 7528
f 4824 6984 6986
f 4628 6607 6608
f 7158 5131 4393
f 7028 4827 6659
f 6691 4444 5237
f 7265 4828 5640
f 6918 4004 5981
f 7173 5510 4829
f 6118 4065 6065
f 5776 5347 4830
f 7476 6089 6666
f 7238 4831 4792
f 6636 4830 6666
f 4924 5591 4172
f 4013 5646 4832
f 7407 5084 4833
f 5647 4347 5164
f 5544 4834 7414
f 6822 6443 4643
f 7563 6817 4835
f 5962 5989 4835
f 7171 4836 6465
f 6453 4986 6884
f 6763 4837 5679
f 7587 6341 4928
f 7327 4838 6083
f 6097 5500 4146
f 7188 4839 6027
f 7317 4776 6130
f 6084 4840 6780
f 7188 6705 4839
f 5842 5120 4130
f 6379 4105 5735
f 6688 4842 7192
f 5829 4390 4842
f 4784 6227 7479
f 6026 4877 6866
f 7412 4844 7599
f 5920 4890 6438
f 6951 5169 7487
f 6057 3964 6449
f 6055 4846 5765
f 6002 4423 6003
f 7574 6055 7572
f 5429 4573 6565
f 6938 4848 6937
f 5330 4274 5306
f 6383 4849 6132
f 7618 5104 4285
f 5146 5846 4238
f 7527 5494 4077
f 7453 4851 5903
f 7212 31 5424
f 5552 4852 7069
f 7186 4021 5371
f 7179 4853 6079
f 3956 6563 5322
f 5861 4854 4403
f 5748 4729 7292
f 7070 4855 6200
f 7070 6261 4855
f 7335 4856 5887
f 4321 5563 4856
f 5938 4857 3947
f 4400 5807 6783
f 5072 6947 6948
f 7133 4228 7518
f 5999 4859 4418
f 7082 4386 5763
f 5856 4860 4033
f 5869 4913 4358
f 4563 7442 6882
f 4454 6067 7231
f 6284 4862 4314
f 4463 6157 4862
f 5829 4863 6670
f 6089 3952 6857
f 5670 4864 200
f 6528 4459 6170
f 7485 7078 4865
f 7077 6288 4173
f 6620 4866 6954
f 6530 4578 6176
f 5298 5771 4343
f 7138 4746 5351
f 6592 6997 4009
f 7507 4218 6968
f 6839 5281 7330
f 7083 187 5389
f 6635 5402 4870
f 5757 4368 6725
f 5679 4871 4380
f 7582 4822 6112
f 6248 4872 7172
f 5377 4972 4231
f 6770 4873 6062
f 4675 6958 6959
f 7397 5268 4874
f 6179 4064 6191
f 7432 4875 6392
f 4179 6190 5181
f 5825 4876 4017
f 4394 5776 7471
f 6866 4877 5526
f 4162 5644 4877
f 6514 4878 5644
f 5606 4199 5040
f 5882 4879 6144
f 4159 5402 4879
f 5882 4880 4159
f 4015 5231 4880
f 5116 5568 4296
f 4075 5599 4881
f 5076 5412 4189
f 6289 5582 4548
f 5788 6739 4371
f 4340 5621 4883
f 5437 4884 4310
f 5969 4426 4884
f 5449 4885 4303
f 5300 4489 6096
f 7543 5795 4886
f 166 167 6734
f 7038 5451 4651
f 4156 7335 5887
f 6341 4888 6460
f 7561 24 4888
f 6587 4889 7607
f 6438 4890 5901
f 7599 5920 4164
f 4336 5611 4890
f 5785 4891 4330
f 6159 4463 6158
f 5600 4892 4024
f 4330 4891 5746
f 5621 4893 4032
f 4165 4894 5669
f 5650 4894 4345
f 5632 4341 5669
f 6689 5148 4504
f 5649 4345 5651
f 7591 4896 7398
f 4613 5803 6551
f 5519 4897 4048
f 4316 5521 4897
f 7307 5472 4898
f 5925 4433 4898
f 6398 4899 4084
f 5667 4802 6071
f 7052 4900 5466
f 4170 4899 5886
f 5609 4901 6829
f 4807 6851 7481
f 5285 4902 4166
f 4517 6433 6540
f 7291 4903 5889
f 5585 4727 7242
f 6669 5320 4114
f 4904 6539 6342
f 7268 5810 4346
f 3960 5529 6979
f 5380 4906 6103
f 6174 3881 7221
f 5892 5025 6932
f 5881 4404 5883
f 5332 4925 6370
f 5868 4808 5135
f 5893 4909 6250
f 7279 4725 7328
f 6760 4910 6830
f 4442 5045 6173
f 5532 4911 4203
f 6306 4001 6836
f 5307 4912 4201
f 6072 3910 3911
f 5866 4913 5869
f 7369 5758 3979
f 7447 5752 4359
f 5516 4790 7451
f 7513 4915 5960
f 7108 3967 5860
f 3902 6048 3901
f 7053 4041 6060
f 6318 4917 4283
f 5978 5172 4405
f 6799 4918 4764
f 4427 5768 6356
f 5762 4919 4386
f 6497 4464 6108
f 6367 5269 7321
f 5326 7349 5843
f 5656 4921 7583
f 5550 4224 5930
f 5914 4922 4530
f 4347 5648 4922
f 5930 4923 7213
f 6881 5573 4662
f 6180 4924 4501
f 5591 4832 4172
f 5438 4925 4050
f 4310 5345 4925
f 5502 4926 7113
f 7149 5637 4926
f 7215 6127 4927
f 7512 4245 4927
f 7615 4928 7392
f 6341 5313 4888
f 7361 4929 4057
f 7361 4788 7363
f 6061 4930 6038
f 6427 5787 4401
f 5149 4931 4195
f 7065 5098 4931
f 6237 4932 6239
f 4479 5024 4932
f 7555 4933 6098
f 6684 5534 4058
f 5954 4934 7393
f 4184 6317 6525
f 5751 4935 4469
f 6601 4605 7494
f 5444 5442 4936
f 4302 5258 4936
f 7191 4937 5327
f 6070 5561 4099
f 5634 6980 7567
f 7145 5467 4138
f 4989 5935 4448
f 3946 5803 5016
f 3870 4940 7459
f 7351 7193 4940
f 6716 4941 6917
f 6505 4607 6104
f 6021 4942 4261
f 4456 5387 4942
f 5465 4943 6444
f 5736 6988 5000
f 6718 5549 6582
f 63 62 6121
f 6258 4945 6259
f 15 14 6491
f 5445 6981 3970
f 6623 5127 4092
f 5618 5846 7039
f 4374 5292 5818
f 6063 5551 7201
f 4611 6643 5872
f 7244 4949 6541
f 7307 4898 4026
f 5054 4950 7523
f 5365 4057 5260
f 7353 5668 7337
f 4192 6828 4951
f 7218 4952 7018
f 5968 4426 5967
f 5432 4953 3957
f 4577 5427 6377
f 6693 4954 4185
f 6059 4247 5236
f 5408 6696 4073
f 7404 4094 5034
f 5732 4956 7130
f 7500 5474 4329
f 5455 5770 4043
f 4359 5366 5812
f 6256 4958 6713
f 7620 5603 7603
f 5815 4959 4194
f 3966 5823 4959
f 6474 6473 4960
f 5815 4194 4960
f 6062 4961 52
f 5915 4581 6183
f 5972 4962 4336
f 7108 5860 4962
f 6212 4963 6977
f 6904 4112 5794
f 6231 4964 6477
f 5459 4588 6961
f 7309 4965 4920
f 7085 4820 6554
f 4967 6234 6831
f 7160 5627 4966
f 6604 6234 4967
f 6831 5954 4967
f 4960 5267 6172
f 5936 5126 4237
f 6402 4969 4507
f 5553 4339 5554
f 6523 4970 5657
f 4507 4969 6919
f 6967 7418 4186
f 7490 3888 5797
f 6880 4972 6257
f 6714 6607 4628
f 7172 4973 7171
f 5416 4292 6381
f 7112 6568 4974
f 4316 5520 4974
f 5492 4975 4328
f 5873 22 21
f 4560 7554 7343
f 6248 4171 7342
f 5409 5898 4219
f 5629 4820 6045
f 5765 6413 4308
f 7295 5011 6186
f 6994 4979 5475
f 5989 4431 6931
f 5683 4990 6184
f 5779 4372 5747
f 5926 4981 7511
f 4433 5925 4981
f 7132 4982 7508
f 7509 5176 4982
f 6616 5288 4259
f 87 86 5548
f 5655 5074 4984
f 6504 4588 5877
f 5885 7196 3997
f 6966 4193 6983
f 7199 7159 4292
f 4211 5195 5689
f 6895 6252 4987
f 7278 5559 4422
f 6752 4988 5826
f 6188 4726 5900
f 5362 5327 4448
f 7398 4896 7206
f 6951 4990 4738
f 6149 4526 6415
f 5934 4991 3924
f 6902 4810 6040
f 6855 4992 4916
f 6606 5143 5477
f 4266 5430 6405
f 4198 6591 4993
f 7293 4994 6434
f 4392 5848 4994
f 7381 4995 4760
f 7402 4773 6613
f 7465 5871 4996
f 3974 6017 4996
f 6851 5496 4997
f 4544 6204 4997
f 5442 4998 4302
f 4968 4237 4998
f 6175 4999 4219
f 7054 6698 80
f 3906 5000 3905
f 4354 5532 5000
f 7341 5001 6801
f 7040 5378 4495
f 6786 5002 6971
f 6349 4380 5680
f 6317 5003 4486
f 4357 5662 5856
f 5467 5004 4138
f 4306 5469 5004
f 5391 6674 4384
f 6674 6754 5005
f 7367 5006 5586
f 4229 5587 7042
f 22 6469 23
f 4388 5879 5007
f 5664 7036 4396
f 6018 4351 5378
f 6161 5009 7440
f 7528 3992 6269
f 5930 7213 4416
f 6338 5128 6872
f 6186 5011 6985
f 6326 4485 6325
f 6326 5012 6499
f 7436 5069 4542
f 5404 5013 4290
f 6841 6695 4004
f 7616 5014 6679
f 7617 5464 5014
f 5014 7616 7617
f 7535 4498 6387
f 3946 5016 4939
f 5801 4096 5973
f 6744 5017 6348
f 5017 7256 5684
f 6861 5984 4348
f 4283 5385 7579
f 7046 6843 4061
f 4373 5569 6953
f 5117 5020 4223
f 6657 5276 4151
f 7510 5760 5021
f 6862 4684 7101
f 5760 5022 4606
f 4197 5186 5985
f 6680 5023 4465
f 4411 5950 5023
f 4932 5024 4177
f 6297 3958 5616
f 6337 5025 5892
f 6537 5705 4015
f 6618 5026 6617
f 6584 4673 7044
f 5861 5027 3961
f 5987 5438 4050
f 6327 5028 6076
f 4205 7067 5279
f 6319 6052 5029
f 3917 3918 6364
f 5712 5030 4212
f 4391 5863 5030
f 6020 5031 4050
f 4210 5027 5031
f 6313 5032 4201
f 3994 5896 5032
f 6738 5033 6145
f 4619 5619 7068
f 5800 5034 7050
f 4399 7180 7404
f 6136 5035 6769
f 6655 5129 5413
f 7169 5036 6430
f 7097 4370 5036
f 6395 5037 6425
f 7017 4589 5674
f 6676 5038 4183
f 6677 4074 5608
f 6095 5039 4135
f 4461 6094 5039
f 5502 5040 4199
f 6704 5176 7326
f 5753 6510 4090
f 7007 6075 3995
f 7077 7078 4492
f 4036 5393 6296
f 4917 6318 4034
f 5984 5018 4348
f 7234 5724 4753
f 6761 4263 6630
f 6796 5045 4670
f 5630 62 61
f 6485 7575 4658
f 6219 195 5909
f 5687 6542 4576
f 6597 4499 6479
f 6303 5048 4121
f 6599 3955 7607
f 7446 5049 6196
f 7577 5589 7484
f 5980 5050 4108
f 4408 5485 6498
f 6784 5200 5051
f 5652 4761 7087
f 7584 5052 6135
f 6282 4717 5573
f 6545 5053 6216
f 6944 5915 4222
f 5104 5054 4042
f 4286 5398 6116
f 6255 5055 4226
f 6713 7603 5055
f 7413 5056 6760
f 7612 4442 6173
f 5641 5057 4550
f 4206 7111 5779
f 5057 5641 4206
f 3892 3893 5058
f 4898 5059 4026
f 4898 4433 5059
f 7163 5060 4450
f 4803 7184 5060
f 5062 5061 4016
f 6019 4983 4387
f 6817 5062 4016
f 7547 4903 6809
f 6224 5063 6809
f 6889 5062 5063
f 6577 5064 6579
f 4554 5482 5064
f 4913 6245 4358
f 3979 6051 5065
f 6992 5066 7340
f 4057 4929 5066
f 7050 5977 5067
f 5675 3977 6108
f 5222 5068 4209
f 6268 3992 5068
f 5012 7436 4542
f 4037 5820 7423
f 6921 5070 4298
f 4692 7118 5070
f 5931 5071 4225
f 4161 6441 5071
f 7611 5072 6105
f 6948 4858 5720
f 6328 5073 6226
f 6178 70 5073
f 4984 5074 4309
f 4984 4536 5655
f 7544 5075 5505
f 7330 4869 5710
f 6169 5076 6170
f 5412 4882 6131
f 73 5077 74
f 6448 5315 4217
f 7130 5078 6700
f 7130 6071 5078
f 5461 6733 4320
f 7401 5273 6706
f 6468 5080 4060
f 7592 4823 5913
f 6254 5081 4460
f 3963 5524 5610
f 7519 5082 6046
f 5528 4170 5247
f 6162 5083 4509
f 7107 5338 3955
f 6179 5084 4064
f 6848 4172 5647
f 6451 5085 4524
f 6466 4526 6149
f 6721 5236 5086
f 6600 4806 7302
f 7474 5658 4350
f 4927 4245 5087
f 7103 5723 5088
f 7190 5065 5975
f 6770 5089 7061
f 50 49 5089
f 3929 5090 3928
f 6069 5091 4284
f 5138 5091 4444
f 4043 4957 7210
f 6576 5092 4630
f 7559 5593 7243
f 5706 5093 4411
f 3981 6014 5093
f 6750 5094 6600
f 7055 4557 6694
f 5807 5095 4117
f 7103 4033 5723
f 6798 5096 6900
f 3899 3900 5096
f 7205 5097 6999
f 4504 6201 5097
f 4931 5098 3951
f 7595 4978 6413
f 6702 5099 6901
f 4663 5612 5099
f 6573 5100 4389
f 5879 4388 5878
f 6137 5101 4443
f 6406 4503 5101
f 6268 5102 3992
f 4210 6272 5102
f 5069 5964 4209
f 4393 5821 5103
f 7498 7115 5104
f 7618 6132 4849
f 5789 5105 5790
f 4220 6388 5105
f 6107 5106 4032
f 6236 5660 4220
f 6387 5107 4063
f 4220 5660 5107
f 7538 7055 5108
f 6694 6037 4248
f 6585 5109 7003
f 4248 6037 5109
f 6407 5110 5742
f 6585 4598 6715
f 5676 5111 4625
f 6850 6240 4468
f 29 5112 7456
f 5436 4080 5426
f 6111 5567 4736
f 7185 5506 5113
f 6220 5114 4666
f 6420 4515 7253
f 6502 5115 3959
f 7005 4757 7004
f 6692 5116 3937
f 5922 4075 5568
f 6160 5117 4223
f 4102 5975 6243
f 6446 5118 4230
f 4007 5999 5118
f 6332 5119 6446
f 7134 5777 4067
f 5867 5120 4264
f 7301 6781 4130
f 6946 5121 4599
f 7271 4417 5903
f 7382 5122 6315
f 4760 4995 5122
f 4221 5123 5095
f 4221 6315 6331
f 6697 5124 4127
f 4219 4977 5124
f 5537 5125 4498
f 4653 5666 5125
f 5781 5126 5936
f 6522 4539 6521
f 5940 6147 4421
f 6521 4539 5127
f 5917 5128 4352
f 7515 6007 4656
f 4817 5370 5759
f 4282 5413 5129
f 7545 7059 5130
f 4287 5397 7502
f 6751 5821 5131
f 7158 4826 7021
f 5907 5132 4169
f 6195 3989 5508
f 5963 5133 6661
f 4242 6030 5133
f 5538 5134 4154
f 5916 4045 6092
f 6747 5618 4379
f 7444 4908 5868
f 84 6073 85
f 7329 4146 6084
f 6391 5137 4181
f 4564 5897 6629
f 4043 5138 4827
f 4043 5091 5138
f 5690 5139 4395
f 6265 176 7473
f 5141 6611 4252
f 4453 6152 5140
f 5943 5141 4252
f 4044 6042 5141
f 5806 5672 4381
f 6804 4622 5142
f 5477 5143 4343
f 7604 4943 5736
f 5904 5144 7439
f 7403 4773 6794
f 6648 5145 4413
f 3962 5836 5145
f 5927 7039 4947
f 4238 7545 7408
f 5116 6692 4420
f 3937 6384 5147
f 4504 5148 4895
f 4261 4942 6685
f 7293 6434 4195
f 4485 5659 5149
f 6363 5150 4212
f 4596 5959 5150
f 7477 5151 7162
f 4231 5933 5151
f 7299 5602 4740
f 4046 5744 5152
f 6285 4724 7200
f 5495 4691 5178
f 6159 5154 4463
f 3965 5799 5154
f 6157 5155 4072
f 4262 7050 6417
f 6845 5156 4432
f 4544 6414 5156
f 7357 5357 7217
f 168 169 5157
f 7306 6283 5158
f 7 6 5158
f 6798 5159 4693
f 6266 4686 5373
f 6270 5160 4471
f 6546 5220 4531
f 5720 6463 4480
f 4228 5162 6299
f 5858 5162 4228
f 6866 6297 5162
f 6314 5163 4095
f 4482 6313 5163
f 4922 5164 4347
f 4922 5914 5164
f 6368 6771 4010
f 7072 4249 6778
f 5909 5166 4657
f 196 197 6221
f 5783 5167 3941
f 4254 5623 5167
f 7222 5623 5168
f 4254 6570 5168
f 6058 5169 4052
f 7487 4214 6951
f 102 7395 103
f 6426 5271 6543
f 7153 6641 4484
f 4617 6102 5171
f 5021 6484 4197
f 4405 4917 5978
f 6208 7325 4256
f 5899 5324 4401
f 7274 5174 6408
f 6441 4161 5730
f 6365 5175 4267
f 6367 3949 6067
f 7508 5176 6704
f 6023 4572 6515
f 6653 5177 7432
f 7433 4179 5181
f 5894 7227 4691
f 5178 7536 5772
f 5772 5179 4233
f 7605 5393 4036
f 6445 5180 4623
f 6908 4674 5671
f 7433 5181 4875
f 4499 6189 7338
f 5796 5182 4449
f 4315 6625 6639
f 6870 5183 7237
f 7238 4139 6636
f 6693 5184 7463
f 6710 4887 5887
f 6256 7290 4121
f 5628 4011 6486
f 5985 5186 4410
f 6728 4634 6730
f 6107 5633 5187
f 6128 4692 5773
f 4245 7475 5087
f 5153 7322 5188
f 7146 5189 7011
f 3971 5294 5845
f 6972 5190 6779
f 3945 5489 5190
f 6396 5191 3953
f 4261 5148 6689
f 6398 5192 4502
f 4084 6022 5192
f 7270 5193 6535
f 4010 5395 5193
f 5560 6475 4099
f 6878 3976 5634
f 6495 5195 6494
f 7598 4986 5452
f 7240 5197 5196
f 7024 4494 5902
f 6759 5197 4054
f 4243 5196 5197
f 4243 5198 4828
f 6745 4597 5966
f 39 5199 40
f 6762 4300 7509
f 5051 5200 4132
f 5051 6516 6784
f 6470 5201 4607
f 12 6187 5201
f 6545 6216 4014
f 6682 5491 4239
f 5539 5203 4396
f 4373 5457 5701
f 6362 5204 4098
f 6914 5931 4225
f 6560 5205 6735
f 4239 6562 5205
f 7420 5206 3978
f 7568 5207 4242
f 5206 7568 4242
f 7568 7422 5207
f 7431 5208 4772
f 6298 4055 5208
f 5780 5209 4263
f 4185 4954 5209
f 6141 5210 4704
f 4540 6656 7035
f 5606 7318 4199
f 4567 6513 5211
f 5967 5212 4153
f 6671 5214 4244
f 5214 6310 4244
f 4049 5948 6680
f 5969 5214 6671
f 7292 4729 6310
f 6371 5215 4511
f 8 7 6283
f 6041 6860 4253
f 6719 5256 4005
f 6092 5217 4438
f 5786 4401 5324
f 5324 5218 4253
f 6642 5241 6346
f 5220 5219 4281
f 4897 4178 5219
f 7472 5220 4281
f 4531 5160 6546
f 6512 5221 4536
f 6687 4587 5221
f 6766 5222 4209
f 6353 5519 4048
f 5731 5223 4328
f 5078 4047 5223
f 6647 5224 4328
f 4088 5733 5224
f 7466 5225 4123
f 4246 6127 7063
f 6321 5226 4604
f 6854 3912 5226
f 6586 5423 5227
f 4296 4881 6150
f 6777 5228 4071
f 4249 4996 5228
f 6192 5229 4752
f 7400 5282 6215
f 5269 5230 4279
f 4522 6366 5230
f 7374 5231 4280
f 4015 5705 7027
f 5757 5232 5924
f 4159 4880 5232
f 164 6892 163
f 7045 4119 5833
f 7003 5234 4598
f 4852 6200 5234
f 7452 5235 5994
f 4690 6004 5509
f 4681 6059 4954
f 5086 7537 6721
f 7229 6691 4273
f 4444 5778 7388
f 7232 5238 7426
f 4513 5314 6411
f 5851 6589 4451
f 4160 4862 6284
f 7462 5240 6346
f 4526 6466 5240
f 5218 6642 4497
f 6637 4644 6834
f 4227 5242 5115
f 7004 4123 5242
f 7271 7415 5121
f 6975 4200 6679
f 3869 7459 3868
f 6799 4764 6626
f 5259 5245 4042
f 4427 4918 6329
f 6894 5246 4641
f 4512 5080 6468
f 4900 5247 4170
f 4305 5082 5247
f 177 7473 176
f 4536 5221 6720
f 6152 5249 4006
f 6894 4641 7562
f 7586 5250 3963
f 4520 5676 6410
f 5249 7562 4006
f 7562 6895 5251
f 6412 5252 3938
f 4512 5246 6893
f 7152 5253 4236
f 4595 5567 7031
f 6402 5254 3964
f 4255 5255 6450
f 7373 5255 6865
f 6451 4524 6450
f 7373 6865 4525
f 6404 4508 6403
f 7556 5257 4276
f 7197 4506 6684
f 4936 5258 4116
f 7389 5445 5949
f 6602 5259 7522
f 4427 5245 5259
f 6301 5365 5260
f 4057 6372 5260
f 7534 5261 7111
f 4002 7100 6168
f 5625 5262 4360
f 6996 5578 4562
f 7088 5263 6151
f 4761 5652 7062
f 6029 5264 4419
f 5767 94 5406
f 7342 6465 5265
f 6884 3957 5265
f 7156 6250 4745
f 7280 4122 5266
f 4968 5267 4398
f 6172 4020 6474
f 6180 5268 3940
f 7397 4179 6650
f 7321 5269 7309
f 4522 5230 5269
f 6644 5270 3997
f 6203 4111 5884
f 7390 5271 6426
f 7450 4790 6543
f 6166 5433 5272
f 4294 7029 6662
f 6078 5273 7401
f 7437 4543 7168
f 5275 5274 4269
f 4762 7087 5274
f 7437 5275 4269
f 7168 5400 4140
f 6051 5276 4483
f 4450 6101 5276
f 7312 5277 6876
f 6905 6138 4443
f 7347 5278 6409
f 4017 7195 6876
f 7066 5279 4778
f 3995 6075 7380
f 6989 5280 4675
f 5542 4457 5491
f 6840 5281 6839
f 6529 4869 5281
f 5229 7359 7400
f 4289 6807 5282
f 7458 5283 4267
f 6544 4934 7319
f 6437 5284 4523
f 6366 4522 6365
f 6609 5285 4260
f 4517 4902 5285
f 7049 5286 4489
f 4260 5285 5889
f 5286 7049 4260
f 4489 5300 6302
f 4259 5288 4983
f 6952 89 88
f 5290 5289 4344
f 5289 7311 6553
f 5386 6171 4344
f 7594 4823 6232
f 7394 5291 6455
f 5116 4296 5291
f 5397 5292 4374
f 4030 6985 5292
f 5880 5293 4332
f 4056 5287 5293
f 5366 5793 3971
f 6416 4554 6345
f 5335 6416 4265
f 6416 6345 5295
f 6520 5296 4092
f 4276 5297 6656
f 6530 5297 4578
f 7035 5460 4540
f 6818 5771 5298
f 4343 5381 7266
f 5852 5747 5299
f 4372 6168 6199
f 4183 5300 4885
f 4183 5038 6711
f 6005 5301 4038
f 7565 5303 6230
f 5411 6810 4278
f 4563 5819 5302
f 6230 5303 5493
f 6811 4616 6812
f 6209 5304 7283
f 4477 5921 5304
f 7378 5305 6750
f 6559 4025 6145
f 6937 7121 4012
f 4274 6743 5306
f 5032 7071 4201
f 4434 5895 5307
f 5349 5308 3960
f 4440 7239 5308
f 7203 5309 4073
f 7096 5428 4568
f 4937 5310 4268
f 4937 7191 6070
f 6008 5311 7591
f 6202 4938 4138
f 5591 5312 4832
f 7170 5694 4515
f 5314 5313 4271
f 26 25 7561
f 6411 5314 4271
f 4513 5932 7091
f 6457 6448 4217
f 4590 6242 7026
f 7124 5316 4720
f 7043 5374 4465
f 7001 5775 5317
f 5318 3972 6153
f 4277 5318 5317
f 5318 6238 6177
f 7430 5319 6238
f 4772 5208 5319
f 4904 5320 4299
f 4904 4114 5320
f 6369 5321 4632
f 77 76 5321
f 6562 5322 4549
f 4239 6120 5322
f 7089 5323 7335
f 6993 3959 5636
f 4045 5786 5217
f 4401 5173 5899
f 6828 5325 4635
f 4192 6200 5325
f 6983 5326 4383
f 4193 6311 5326
f 7191 5327 4061
f 4937 4268 6352
f 3872 5341 6235
f 7350 7115 4722
f 6874 5329 6741
f 4274 5607 5329
f 7483 5330 4848
f 5330 6015 5607
f 5329 6874 4274
f 4585 6635 5331
f 5604 6020 4472
f 4050 4925 5332
f 6574 7076 4571
f 4397 6833 5333
f 7285 5334 7621
f 4620 6628 5334
f 4324 5335 5294
f 6344 4040 5482
f 6083 5336 4016
f 4458 6082 6274
f 5743 7424 4235
f 4623 5180 6624
f 5083 7107 3955
f 5827 4089 5809
f 6030 5339 4419
f 4519 5761 6797
f 7072 5340 4249
f 4672 5809 7116
f 7569 6235 5341
f 3872 3873 6454
f 4346 5342 5180
f 4346 4905 5342
f 7153 5343 4702
f 4115 5895 5343
f 20 5344 4975
f 19 18 6439
f 4925 5345 4174
f 7098 3980 5547
f 5275 7168 4140
f 6515 4027 7326
f 7140 5347 4697
f 4830 6636 5776
f 5956 5348 4009
f 5929 4175 6722
f 5308 5349 4440
f 7352 4818 5349
f 6125 5350 4550
f 4551 5797 5350
f 6056 6060 4339
f 4041 4867 5351
f 7126 6982 5352
f 4038 5301 5352
f 5082 7519 4389
f 7615 6330 4928
f 5851 5354 4024
f 4297 6305 5354
f 5376 5355 4297
f 4053 5837 5355
f 4476 5356 5355
f 7608 4494 6305
f 5924 7217 5157
f 6734 167 5357
f 4087 5434 5804
f 7586 4520 5250
f 6183 5359 4202
f 4581 6545 5359
f 7308 5360 6834
f 4112 6199 5360
f 5415 6291 4545
f 7346 5995 4481
f 5457 5362 4449
f 4061 5327 5362
f 6543 7208 4291
f 4076 6210 6699
f 6910 5364 6936
f 104 103 5364
f 7521 5365 4950
f 6712 4788 7361
f 5594 5366 3971
f 4359 4914 5366
f 6452 5367 4593
f 66 6339 5367
f 4955 7180 4073
f 7371 4751 7370
f 7419 5369 4713
f 6361 4565 7282
f 7245 5370 4817
f 6827 4635 6826
f 5325 7186 4635
f 5544 4337 5413
f 7438 5372 4797
f 6279 4729 5748
f 6058 5373 4470
f 5159 6266 5373
f 7177 5374 7176
f 4244 5213 7209
f 6887 5471 5375
f 4367 5406 5375
f 5354 7503 4297
f 4451 5850 5376
f 7489 5377 6320
f 3990 5914 6257
f 6143 7040 4495
f 4086 5008 5378
f 5378 7064 4495
f 7221 4906 6174
f 6018 5380 4351
f 4129 6394 5380
f 4911 5381 4203
f 7266 4001 5298
f 5071 5382 4225
f 6440 4240 7207
f 6816 5383 4625
f 4256 5787 5383
f 6664 5384 3973
f 4606 6665 5384
f 5997 6748 4700
f 3876 3877 7579
f 6878 5386 3976
f 4646 6877 6171
f 5625 6612 4456
f 5386 4344 5387
f 6206 5388 4604
f 6421 6052 4603
f 6529 7083 4869
f 187 188 6962
f 5918 5390 4917
f 4097 6382 5390
f 6674 5391 7060
f 5694 4070 6856
f 4384 5392 5391
f 4384 5775 7001
f 5179 7605 4036
f 4415 7093 6921
f 6847 6261 5394
f 4241 5042 5394
f 5130 7059 4287
f 4010 6594 5395
f 5395 7120 4287
f 4601 6777 5396
f 7502 5397 4374
f 6935 4573 6566
f 5726 5398 3973
f 4286 7102 5398
f 6493 5399 4102
f 6963 4117 6085
f 6223 5526 5400
f 4342 5346 5400
f 4636 5401 5320
f 5751 4469 5408
f 4879 5402 4585
f 4159 5757 5402
f 5405 6672 4290
f 7564 5475 3947
f 4857 5404 4290
f 4117 6963 5404
f 6140 5405 4054
f 4290 6758 5405
f 93 5406 94
f 4517 5375 5406
f 5486 5407 4462
f 6418 5093 4447
f 5951 5408 4073
f 7006 5401 5751
f 6651 5409 4632
f 5898 4977 4219
f 3931 7428 5237
f 3932 3933 6844
f 7375 6005 5411
f 7181 4142 6631
f 4547 5412 5076
f 6735 5205 4068
f 5035 5413 4337
f 5035 6655 5413
f 6390 5414 4176
f 7314 3945 5958
f 7159 5415 4545
f 7199 5416 5151
f 4231 5416 4973
f 4231 5151 5416
f 6590 5417 4075
f 7542 4198 5834
f 171 5418 170
f 4535 6507 6725
f 5688 5419 4395
f 7600 6506 172
f 4555 5420 5037
f 6578 3978 6225
f 5514 6293 3983
f 5144 4319 5421
f 5010 5422 4352
f 7213 4923 5422
f 5227 5423 4296
f 5227 6640 6586
f 7254 5424 4355
f 7212 32 31
f 5903 5425 4066
f 7254 4355 5425
f 7493 5436 7151
f 4080 5002 6786
f 5854 7520 4577
f 4576 6709 5427
f 5309 7096 4568
f 4266 6724 5428
f 7540 5429 7573
f 4308 6566 5429
f 7566 5430 7202
f 6405 4706 6724
f 7010 5431 4671
f 4594 6575 5431
f 7030 7029 5432
f 7286 4577 6377
f 5272 5433 4294
f 4019 6793 5433
f 6867 5434 4087
f 4580 6146 5434
f 6146 6567 4311
f 4059 6292 5435
f 4513 5436 5112
f 4513 5238 7232
f 4854 6358 4403
f 4147 4884 5437
f 5031 5987 4050
f 7104 5437 4310
f 4310 5439 5345
f 4310 4884 5439
f 45 7214 46
f 6095 4135 7366
f 6242 5441 4591
f 4590 6163 5441
f 4301 5444 4936
f 7255 4998 5442
f 6857 5443 4718
f 3952 7140 5443
f 7142 5444 4301
f 4020 5442 5444
f 6981 5445 4421
f 7389 5258 4302
f 7252 5446 4732
f 4235 5337 5446
f 5577 6480 4322
f 108 107 5447
f 5912 5448 4054
f 4413 5449 6873
f 6873 5449 4303
f 4413 5145 6933
f 7580 5450 7311
f 4714 7236 5450
f 6707 5451 4887
f 3991 5612 6749
f 7598 5452 4211
f 4986 6453 5452
f 6364 5453 4596
f 3919 3920 5453
f 6909 5454 5407
f 6165 4446 5866
f 4827 7028 4043
f 4322 6211 5455
f 7095 5456 5175
f 7457 4780 7458
f 6842 5701 5457
f 6843 5019 4061
f 7478 5458 6752
f 4738 5683 5458
f 6508 5459 4964
f 4730 7167 5459
f 4540 5460 5210
f 3987 6481 5460
f 6733 5461 4546
f 5015 7535 5461
f 5706 5462 3981
f 7497 4152 6192
f 6531 5463 4645
f 198 199 5463
f 5079 5961 4320
f 5274 3988 5464
f 6855 6048 5465
f 3902 3903 5465
f 7582 5466 4822
f 4305 5247 7052
f 4938 7145 4138
f 5791 4562 6461
f 7468 5468 3975
f 7174 5469 4306
f 6775 5469 7174
f 4100 6432 5469
f 5483 5470 4152
f 5872 4026 6634
f 5375 5471 4367
f 5375 4260 6887
f 7244 5472 4949
f 4281 5219 5472
f 5808 7025 4164
f 7270 4010 5193
f 5468 6461 3975
f 4562 5578 5474
f 6994 5475 7564
f 4979 6931 5475
f 6588 5476 3985
f 6925 4716 6290
f 4867 5477 4343
f 7114 4992 6606
f 6557 5478 4666
f 4381 7094 5478
f 6750 7530 5094
f 4369 5769 7155
f 7008 7429 4694
f 4614 5468 7468
f 6942 5481 4864
f 4202 5359 5481
f 6344 5482 4554
f 7455 4767 5579
f 4318 5483 5462
f 6501 4611 5470
f 6025 5484 4318
f 4797 6536 5484
f 5979 5485 4408
f 5070 3969 5485
f 5316 5486 4720
f 4149 5407 5486
f 6404 6401 5487
f 4507 4970 6523
f 5585 5488 4727
f 4293 7563 5488
f 7283 5489 3945
f 5841 4072 6109
f 4314 5490 5489
f 4314 4862 7610
f 5202 6682 4239
f 4362 5542 5491
f 7304 5492 4388
f 4328 5223 5492
f 4378 5493 4915
f 4378 6230 5493
f 7527 6747 5494
f 4379 5352 5494
f 3942 5495 5153
f 3942 5661 5495
f 6716 5496 4807
f 3999 6414 7524
f 4158 6138 6905
f 4443 6139 7365
f 6730 5498 4101
f 4634 5499 5498
f 6729 5499 4634
f 6926 4629 6625
f 4429 5500 5136
f 4429 4839 6705
f 7593 5501 4823
f 4714 5450 7580
f 5040 5502 4331
f 7149 4461 5637
f 41 7132 42
f 7508 4331 7113
f 7277 5504 7216
f 7276 4123 5504
f 5755 5505 4777
f 5710 4869 7331
f 6294 5506 4079
f 4527 5113 5506
f 5642 6133 4157
f 4313 5508 5507
f 5132 5508 4313
f 5132 4548 6195
f 6476 5509 4731
f 5235 4690 5509
f 5547 6995 4370
f 4455 6118 5510
f 6663 5511 4606
f 6883 5156 4609
f 6767 5512 4626
f 182 183 5512
f 6853 5528 5513
f 4389 5100 5513
f 5629 6045 4338
f 6293 5421 3983
f 6488 5515 3926
f 7532 5777 7134
f 4076 5516 4914
f 4076 5363 5516
f 5816 5517 4750
f 4194 4959 7552
f 7505 5518 4092
f 4704 6583 5518
f 6270 6353 4048
f 6849 5520 4316
f 6765 5520 4600
f 3944 6805 5520
f 6701 5521 4574
f 4178 4897 5521
f 4324 5522 5335
f 7451 4790 5522
f 7099 5523 7462
f 7100 4002 6415
f 5250 5524 3963
f 4987 4422 5524
f 6548 5525 4163
f 4631 6457 5525
f 4543 6223 5400
f 3958 6866 5526
f 4994 7293 4392
f 4195 5995 5527
f 5082 5528 5247
f 4389 5513 5528
f 6979 5529 4376
f 3960 5308 7223
f 5531 5530 4703
f 6347 5000 3906
f 5530 5531 4354
f 4703 6167 5531
f 5736 5532 4203
f 4354 6307 5532
f 6863 5533 4616
f 6229 4648 5885
f 5487 5534 4508
f 4058 5257 6684
f 5414 6390 4477
f 4552 5837 5535
f 5945 5536 4083
f 4529 5944 5536
f 7616 5537 5015
f 4200 6975 7470
f 6533 6264 4154
f 5529 4437 5538
f 6824 5539 4396
f 4087 5569 5539
f 7109 5540 4679
f 4732 5446 7033
f 6860 6041 5541
f 4497 6346 6934
f 4039 5542 5280
f 4039 5049 7446
f 7012 5543 4671
f 4595 7031 7152
f 4021 5544 5371
f 4021 6822 5544
f 7480 5545 4784
f 4533 5174 7274
f 6622 5546 4715
f 37 6658 5546
f 7098 5547 4800
f 3980 6119 5547
f 87 5548 4983
f 86 85 7119
f 7165 5549 64
f 6718 4226 5055
f 6968 5550 4654
f 5052 4224 5550
f 7244 5551 4281
f 4948 7201 5551
f 6287 5552 3954
f 4492 6286 5552
f 3964 5553 4969
f 3964 6057 5553
f 7139 5554 4339
f 4187 6919 5554
f 5923 5555 4420
f 6997 6592 4583
f 6518 5556 4333
f 6610 4349 5661
f 6360 5557 4683
f 4144 6082 5557
f 7402 5558 4773
f 7105 4683 7106
f 4987 7278 4422
f 4060 5080 7187
f 5310 6070 4099
f 5559 4475 5560
f 5610 5561 4430
f 4422 5560 5561
f 5965 5562 4407
f 4948 6541 5562
f 6737 5563 4321
f 4619 6738 5563
f 7075 5564 4321
f 4676 7285 7621
f 6564 5565 4491
f 7345 4589 6225
f 7405 5566 4782
f 6360 4144 5557
f 7031 5567 4007
f 4595 5506 7185
f 4881 5568 4075
f 4881 4296 5568
f 5804 5569 4087
f 6953 5019 6843
f 7146 5570 4712
f 4236 5253 5570
f 5783 5781 5571
f 4398 5816 5571
f 6445 5572 5180
f 7353 4816 5572
f 5052 5573 4224
f 7289 6598 4662
f 7609 5574 4157
f 7443 4295 5574
f 5642 5575 4638
f 4707 6690 5575
f 6042 5576 4453
f 4441 6136 6790
f 6659 5577 4322
f 4665 7013 7529
f 5262 6996 4562
f 4084 4899 5578
f 7391 5579 4767
f 7422 4768 5579
f 6579 5580 6578
f 7421 4768 5580
f 6998 5581 4775
f 5124 4977 6869
f 5907 6289 4548
f 6419 4549 5722
f 6195 6214 3989
f 4366 5584 7297
f 7297 5584 4688
f 4366 5722 7355
f 7547 5585 4903
f 4293 5488 5585
f 5177 6673 4327
f 6673 6654 5586
f 5005 6943 4229
f 4621 6755 5587
f 4327 5588 5177
f 6755 4621 6650
f 7484 5589 4326
f 4039 6989 5589
f 5089 5590 4326
f 48 47 7233
f 4312 5591 4924
f 4312 5312 5591
f 6787 6615 5592
f 4496 7341 6801
f 5091 7210 4284
f 4957 4325 5593
f 5812 5594 4325
f 3971 5189 5594
f 7148 5595 4325
f 4067 5092 5595
f 7601 5596 4769
f 7395 5170 103
f 3880 7333 3879
f 4781 7332 5597
f 6489 5598 4129
f 4629 6861 5598
f 4881 5599 4330
f 4075 5417 7272
f 5227 6150 4024
f 4881 4330 5600
f 7236 5601 4108
f 7414 4834 5601
f 5152 5602 4046
f 5152 4740 5602
f 7603 5603 4145
f 4678 6726 5603
f 5928 5604 4472
f 5009 4473 5604
f 192 5605 191
f 5870 4313 6133
f 4027 6267 5040
f 7318 5211 4199
f 5330 5607 4274
f 5330 4168 6015
f 7296 5608 4074
f 4783 6564 5608
f 6054 5609 4088
f 5609 6259 6142
f 3963 5610 5081
f 5524 4422 5610
f 4890 5611 4090
f 4336 4962 5611
f 5099 5612 3991
f 4663 6527 5612
f 7560 5613 7478
f 5159 4052 5613
f 7279 5614 4725
f 4029 7401 6359
f 5614 7546 4725
f 4333 6280 5615
f 4479 6297 5024
f 3958 6223 5616
f 4334 5617 5273
f 4334 5616 6547
f 5135 5618 3939
f 5135 4379 5618
f 6442 5619 4619
f 4709 6619 5619
f 5466 5620 4822
f 5739 4504 5097
f 4883 5621 4032
f 4340 7205 6999
f 6112 5622 4093
f 4340 4883 5622
f 6403 7222 5168
f 4506 5167 5623
f 5443 5624 4718
f 4301 4936 5624
f 6612 5625 6034
f 4456 6022 5625
f 5782 5626 4865
f 4350 5737 5626
f 4966 5627 4357
f 3943 7124 5627
f 7290 5628 5185
f 4516 5056 7413
f 4028 5629 4977
f 4028 6554 5629
f 4442 5630 5045
f 4442 4944 6121
f 4356 5631 5183
f 4356 4876 5631
f 3969 5632 4894
f 7118 4692 5632
f 4893 5633 4032
f 4341 5187 5633
f 5194 5634 4435
f 5194 4646 6878
f 6683 5635 4610
f 4592 6644 5635
f 7075 5636 4676
f 5323 4696 6993
f 5440 7214 4461
f 45 44 5637
f 16 6258 17
f 4505 6054 5638
f 7270 6535 4514
f 4850 7527 5639
f 6305 5640 4639
f 4494 7265 5640
f 6091 5641 4550
f 5058 7249 5641
f 6133 5642 4638
f 4157 5574 5642
f 3898 5643 3897
f 4693 5613 7560
f 4877 5644 4342
f 4162 6514 5644
f 4342 5645 5346
f 4342 5644 5645
f 4832 5646 4347
f 4013 6220 5646
f 4833 5647 5164
f 4172 4832 5647
f 5646 7427 4347
f 4748 7094 5648
f 4031 5649 4895
f 4031 6553 5649
f 4894 5650 3969
f 4345 5050 5650
f 5649 5651 4895
f 4345 4894 5651
f 4132 5652 5051
f 7062 5263 7088
f 7366 5653 4813
f 4771 7577 7484
f 6571 5654 4594
f 6972 3945 5190
f 6511 5655 4536
f 178 179 5655
f 6385 5656 4558
f 4811 7016 5656
f 6667 5657 4578
f 5257 4058 5657
f 5087 5658 4008
f 5087 4350 5658
f 7295 5659 5011
f 4232 5149 5659
f 5692 5660 4349
f 4220 5106 6236
f 5716 5661 4349
f 4691 5495 5661
f 5869 5662 4150
f 4357 5627 5662
f 7013 5663 111
f 4665 6324 5663
f 7036 5664 4452
f 4396 5203 5664
f 6824 5665 4716
f 4396 5008 5665
f 5125 5666 3968
f 4653 6973 5666
f 4170 5667 4899
f 4170 6853 5667
f 6715 5668 4035
f 6534 4192 4951
f 4165 5669 4893
f 4894 5632 5669
f 201 5670 200
f 4801 6942 5670
f 6908 5671 4167
f 6906 4046 5822
f 5142 5672 4188
f 5142 4381 5672
f 7391 5673 4133
f 4382 5596 7601
f 7264 7017 4176
f 6115 4074 6156
f 4627 5675 5067
f 4627 6251 5675
f 6814 6410 5676
f 6292 4059 6850
f 5425 5677 4066
f 5425 4355 6746
f 4186 6126 6509
f 4551 6125 5678
f 6763 5679 4380
f 4837 6330 5679
f 4871 5680 4380
f 4093 5788 5680
f 4080 5681 5002
f 7426 5238 4837
f 5171 5682 4617
f 6641 4702 7154
f 5458 5683 4207
f 4738 4990 5683
f 7284 5684 4251
f 7256 4584 5811
f 6472 5685 4104
f 4685 6409 5685
f 6574 5686 4078
f 4365 5687 5686
f 5137 5687 4365
f 6542 5047 6709
f 6507 5688 4082
f 4535 5419 5688
f 4661 5689 5195
f 4661 7030 6823
f 7602 5690 174
f 4395 5419 5690
f 180 5691 5074
f 181 6767 5691
f 6519 5692 4815
f 5107 5660 5692
f 7258 5693 6994
f 4728 5798 5693
f 5312 7170 4515
f 5392 4070 5694
f 6182 5695 4640
f 4801 7525 5695
f 7056 5696 4618
f 6538 4568 5428
f 7588 5697 4135
f 4814 7590 5697
f 7074 5698 4676
f 4758 7277 5698
f 6527 5699 4664
f 6333 4650 7090
f 5666 5700 3968
f 5002 6349 5700
f 5203 5701 3982
f 5203 4373 5701
f 7356 5702 5358
f 4311 5435 5702
f 6558 5703 4667
f 4353 5705 6524
f 6558 7543 4353
f 4886 7357 5704
f 5704 7027 4353
f 4015 7533 6537
f 5093 5706 3981
f 4411 5948 6025
f 7517 5707 4796
f 4626 5842 5707
f 6488 5708 4630
f 3927 3928 5708
f 6983 5709 4985
f 4610 5635 5709
f 5075 5710 5505
f 5075 4264 7330
f 5712 5711 4391
f 4633 5764 5711
f 5030 5712 4391
f 4212 5150 6940
f 6580 5713 4650
f 5114 7253 5713
f 6681 5714 162
f 7406 4766 5714
f 7135 5715 4737
f 6556 5113 4527
f 5660 5716 4349
f 7227 4109 7536
f 7088 5717 4761
f 4216 5121 6946
f 5471 6661 4367
f 5133 4419 5718
f 4344 5719 4942
f 5289 4031 5719
f 6462 7367 4480
f 3998 6948 5720
f 5003 5721 4357
f 5003 6317 5721
f 5582 5722 4366
f 4549 6563 5722
f 4532 6086 7103
f 4033 4860 5723
f 4753 5724 5044
f 4152 5470 5724
f 6923 5725 4749
f 6927 5511 4609
f 4788 5726 5384
f 4361 6116 5726
f 4939 5727 4448
f 4939 7125 5974
f 5774 5728 4618
f 4655 5875 5728
f 6796 5729 4766
f 7037 60 59
f 6196 5730 4161
f 5049 4363 5730
f 5224 5731 4328
f 6700 5078 5223
f 7500 5732 3975
f 4364 5733 7557
f 5731 5733 4364
f 4088 6829 5733
f 5728 6275 4618
f 5682 4114 5734
f 6379 5735 4841
f 4105 6495 5735
f 3904 6988 4943
f 5000 5532 5736
f 5188 5737 4350
f 5188 4233 5737
f 5824 5738 4697
f 4104 5813 5738
f 3953 5739 5620
f 3953 5191 5739
f 6322 5740 4593
f 4145 5603 5740
f 4226 5741 5056
f 4226 4944 5741
f 6407 5742 4503
f 5110 4035 5742
f 5101 5743 4235
f 4503 5742 5743
f 6906 5744 4046
f 4674 6907 5744
f 6494 7614 4659
f 6477 4731 6231
f 5600 5746 4892
f 4891 6158 5746
f 5057 5747 4113
f 5057 5779 5747
f 4407 5748 4854
f 4407 6279 5748
f 7619 5749 4156
f 5451 6749 5749
f 6912 5750 4703
f 3909 3910 5750
f 3994 5751 5401
f 3994 4935 5751
f 4359 5752 4914
f 4793 6210 5752
f 5611 5753 4090
f 5611 4962 5753
f 5755 5754 4397
f 4777 7443 7609
f 5756 6888 4397
f 4019 5505 5755
f 6888 5756 4642
f 4397 5333 5756
f 5402 5757 4870
f 4159 5232 5757
f 6245 7369 3979
f 4446 7183 5758
f 5942 5759 4044
f 5370 4282 5759
f 6664 5760 4606
f 5021 4197 7510
f 98 6797 99
f 5853 4133 5673
f 7081 5762 4736
f 4118 4919 5762
f 6001 5763 4128
f 4859 7082 5763
f 5711 5764 3977
f 7539 5763 4386
f 7571 5765 4846
f 6413 4978 6566
f 7253 5766 4227
f 4515 5694 6856
f 4367 5767 5406
f 5264 95 5767
f 5 5768 6
f 6356 4918 4427
f 7068 5769 5033
f 4148 6526 5769
f 4793 7447 5455
f 4359 4957 5770
f 4343 5771 4867
f 6818 4756 6621
f 5178 5772 4233
f 7536 4109 5773
f 5772 5773 4415
f 4109 6128 5773
f 5728 5774 4655
f 5696 3948 5774
f 4070 7001 5317
f 4384 6550 7399
f 7471 5776 4139
f 4394 5347 5776
f 5092 5777 4630
f 4067 5119 7134
f 6069 5778 4444
f 3929 3930 5778
f 4206 5779 5057
f 5261 4372 5779
f 5059 6263 4263
f 4651 6707 7015
f 5126 5781 3941
f 4398 5571 5781
f 4173 7044 4865
f 4673 5658 7474
f 5781 5783 3941
f 4375 5784 5783
f 5783 5784 5167
f 7299 4740 7300
f 5599 5785 4330
f 4559 6572 5785
f 5217 5786 5324
f 4045 4930 5786
f 5173 5787 4256
f 4401 5786 6427
f 5790 7496 4371
f 4570 5680 5788
f 5998 5789 4371
f 5106 4220 5789
f 7496 5790 4570
f 4371 5789 5790
f 4360 5791 5467
f 4360 5262 5791
f 6070 7191 4430
f 4061 5019 5792
f 3971 5793 5294
f 5366 4914 5793
f 6904 5794 4575
f 4112 5360 7308
f 166 7467 165
f 7543 5704 4353
f 6047 7354 4449
f 4101 5498 5796
f 3889 5797 3888
f 4551 6126 5797
f 5693 5798 4120
f 7137 4303 7339
f 6572 7514 3965
f 4751 7371 5799
f 5034 5800 4399
f 4262 5154 5800
f 4432 5801 5016
f 4432 5156 5801
f 6432 5802 4613
f 6845 4544 5156
f 5016 5803 4432
f 6551 4896 6032
f 5569 5804 4460
f 5434 4311 7356
f 5142 5805 4381
f 5142 6736 5805
f 6527 5806 4106
f 4663 5672 5806
f 6783 5807 4117
f 4400 5937 5807
f 4385 5808 4889
f 4385 6772 5808
f 6772 5809 4672
f 4385 5338 7435
f 4905 5810 3960
f 4905 4346 5810
f 6742 5811 4584
f 5688 4395 5811
f 5594 5812 5366
f 4325 4957 5812
f 5738 5813 4698
f 4104 5685 5813
f 6649 5814 4402
f 3966 4959 5814
f 6473 5815 4960
f 4402 5814 5815
f 4194 5816 5267
f 4750 5571 5816
f 6449 5817 4845
f 4524 5085 5817
f 4947 5818 4208
f 4947 4374 5818
f 6631 7442 4563
f 4615 5919 6819
f 5848 5820 4037
f 4826 7158 5820
f 6765 5821 3944
f 4393 5131 5821
f 7144 5822 4046
f 5517 4377 5822
f 7323 5823 4809
f 4377 7552 5823
f 5825 6472 4394
f 4104 5738 5824
f 5278 7347 4017
f 6472 5824 4394
f 3897 5826 3896
f 4488 6752 5826
f 4409 5827 5338
f 4409 6932 6792
f 7340 5828 4190
f 5066 4929 5828
f 4141 5829 4842
f 4141 6087 5829
f 6670 5830 4390
f 4718 5624 5830
f 7192 5831 4018
f 4390 5830 7219
f 5833 5832 4553
f 4119 6336 5832
f 5864 5833 4553
f 7045 5233 6129
f 5417 7542 4559
f 4198 6991 5834
f 6677 5835 4074
f 4569 5836 5835
f 5356 5836 3962
f 4476 5835 5836
f 6156 7461 4552
f 4476 5355 5837
f 5048 6532 4121
f 4424 6897 5838
f 5901 5839 4624
f 4090 5041 5839
f 4668 7007 5041
f 3995 6726 6897
f 5490 5841 4414
f 5490 4072 5841
f 5707 5842 4130
f 5512 4680 5842
f 5326 5843 4383
f 4028 7247 5843
f 5525 6978 4163
f 4383 5843 5844
f 4265 7010 5294
f 4671 5189 5845
f 7039 5846 5146
f 5618 4850 5846
f 4216 5847 5121
f 6929 4739 7260
f 4994 5848 4037
f 4392 6608 5848
f 7216 5849 4272
f 4786 7215 5849
f 5239 7166 4451
f 4743 5921 5850
f 6589 5851 4892
f 4451 5376 7503
f 6050 6787 4582
f 4113 5747 5852
f 4519 5853 5761
f 4519 7460 5853
f 6340 6852 4577
f 5756 4078 5854
f 7102 5855 4684
f 4849 6383 5855
f 7079 5856 4033
f 5003 4357 5856
f 6275 5857 4617
f 4131 6260 5857
f 7133 5858 4228
f 4843 6026 5858
f 5860 5859 4425
f 4701 5884 5859
f 4962 5860 4425
f 3967 6812 5860
f 5027 5861 4403
f 3961 5965 5861
f 4586 5862 5546
f 4132 5200 7334
f 7019 5863 4095
f 4391 6068 5863
f 6830 6911 4553
f 6795 4766 7406
f 4051 5865 5454
f 7182 4803 7183
f 6164 5866 4150
f 4446 7369 5866
f 5075 5867 4264
f 4579 6379 5867
f 7444 5868 5135
f 4908 6370 5868
f 5662 5869 4860
f 4150 5866 5869
f 4658 5870 5605
f 4658 5970 5870
f 4996 5871 3974
f 4996 4249 7465
f 4611 5872 5470
f 4611 6429 6643
f 5492 7304 4975
f 4388 5007 6469
f 6807 5874 4805
f 4753 7136 5874
f 5728 5875 4131
f 4655 6007 6035
f 5798 7339 4727
f 4303 4885 5876
f 4984 5877 4124
f 4984 4309 6504
f 5492 5878 4388
f 5492 5223 5878
f 4270 5879 5100
f 4270 5007 5879
f 5608 6564 4332
f 4491 5963 5880
f 7533 5881 4907
f 4015 4880 5881
f 4879 5882 4159
f 4404 4880 5882
f 5827 6792 4089
f 4907 5881 5883
f 6596 5884 4701
f 7228 5270 6203
f 7196 5885 4648
f 3997 5270 5885
f 4170 5886 4900
f 4899 6398 5886
f 6693 6710 5184
f 4887 7619 5887
f 6696 5888 4955
f 4469 4935 5993
f 4260 5889 5286
f 5285 4166 7291
f 7162 5890 4000
f 4628 6608 5890
f 5976 7198 4733
f 4711 6384 5891
f 5083 5892 4409
f 4204 6337 5892
f 5024 5893 4177
f 5024 4334 5893
f 4439 5894 5716
f 4439 5187 5894
f 5307 5895 4474
f 4434 5343 5895
f 7071 5896 4434
f 3994 5401 7041
f 6392 5897 4564
f 7338 6189 3986
f 4819 5898 5409
f 7247 4028 4977
f 3950 5899 5173
f 3950 5218 5899
f 6752 6188 4988
f 4726 6309 5900
f 6273 5901 4624
f 4890 4090 5901
f 3962 5902 5356
f 7024 5196 6148
f 7271 5903 4066
f 4417 5991 7453
f 5905 5904 4412
f 5230 4085 5904
f 5230 5905 4279
f 5230 5904 5905
f 7416 5906 3934
f 113 112 6424
f 6218 5907 4169
f 4882 6464 6289
f 7418 5908 4971
f 4821 6080 7257
f 6555 6219 4657
f 195 196 5909
f 3867 5910 3866
f 4764 6006 6423
f 7359 5911 4289
f 5229 6192 5911
f 6873 5912 4413
f 4054 5197 5912
f 6011 5913 4143
f 5080 4512 5913
f 6257 5914 4530
f 3990 7411 5914
f 6960 5915 4961
f 4222 6106 6944
f 4437 5916 5134
f 5916 7224 6399
f 6583 5917 4352
f 4704 6964 5917
f 5390 5918 4097
f 4917 4405 5918
f 6354 6593 4615
f 4193 6966 5919
f 5960 5920 4844
f 4336 4890 5920
f 5304 5921 4743
f 5535 4053 5921
f 5116 5922 5568
f 4420 5555 5922
f 5555 5923 4868
f 4420 5147 5923
f 4280 5924 5232
f 5157 4368 5924
f 7032 5925 4898
f 4178 6701 5925
f 5451 7038 3991
f 4433 4981 5926
f 4208 5928 4947
f 7445 4908 7444
f 5927 5928 4472
f 7440 5009 5604
f 4416 5929 5348
f 4416 5010 5929
f 5956 7131 4416
f 4224 4923 5930
f 6891 5931 4744
f 4225 5204 6914
f 28 5932 29
f 4513 5112 5932
f 6714 5933 4972
f 4628 5151 5933
f 5515 5934 3925
f 4541 6332 5934
f 4448 5935 4939
f 4989 7206 5935
f 4398 5936 4968
f 4398 5781 5936
f 6194 5937 4400
f 4760 7382 5937
f 7405 5938 3947
f 4400 4857 5938
f 6526 5939 4765
f 7057 4709 6617
f 4237 6147 4998
f 4421 5445 5940
f 6699 5941 4699
f 4490 5447 6492
f 7246 5942 4440
f 4817 5759 5942
f 6038 5943 4252
f 4440 5942 5943
f 5131 5944 4529
f 4103 6714 6880
f 6736 5945 4083
f 4622 5946 5945
f 6805 5946 4622
f 3944 5821 6751
f 6504 5947 4588
f 4796 7048 7315
f 6680 5948 5023
f 7438 4797 5948
f 3970 5949 5445
f 3970 6198 5949
f 5093 5950 4411
f 5093 6418 5950
f 5309 5951 4073
f 6539 4299 5408
f 7320 5952 4065
f 4787 5953 5952
f 7018 5953 4787
f 4153 6604 5953
f 4967 5954 4406
f 4184 6525 5954
f 7492 5955 4246
f 7491 3972 6922
f 6969 5956 4009
f 7131 5930 4416
f 4368 5957 5418
f 5157 169 5957
f 4556 5958 5654
f 4556 5414 7314
f 5453 5959 4596
f 7080 6001 4128
f 4336 5960 4915
f 4844 6458 5960
f 4320 5961 5464
f 5079 7401 6706
f 6817 5962 4835
f 4016 5336 5962
f 5880 5963 4056
f 6233 4242 5133
f 7423 5964 5069
f 4393 5103 5964
f 4854 5965 4407
f 7201 4948 5562
f 6745 5966 5198
f 4597 6758 5966
f 7018 5967 4153
f 4952 5968 5967
f 6119 5968 4952
f 3980 5439 7175
f 4147 5969 4884
f 4147 5214 5969
f 6773 5970 4658
f 5132 4313 5970
f 5986 5971 4785
f 4154 5134 5971
f 4915 5972 4336
f 4915 5493 5972
f 6791 5973 4410
f 4096 6663 5973
f 5727 5974 4101
f 5727 4939 5974
f 5088 5975 4102
f 5088 4358 7190
f 5981 6160 4734
f 7198 5891 4733
f 6375 5977 4094
f 5067 6417 7050
f 4034 5978 4917
f 4034 6729 5978
f 6847 5979 4643
f 4298 5485 5979
f 5601 5980 4108
f 4834 6490 5980
f 6695 5981 4004
f 4652 6160 5981
f 5584 5982 4688
f 4181 5137 5982
f 4582 5983 5852
f 4608 5678 5983
f 6318 5984 5043
f 4283 5018 5984
f 5973 5985 4410
f 5022 7510 5985
f 5971 5986 4154
f 7300 4254 5784
f 5027 5987 5031
f 4403 5438 5987
f 7181 5988 4142
f 4789 7488 5988
f 4120 5989 4979
f 4120 4835 5989
f 5336 6274 4431
f 4144 6360 5990
f 5992 5991 4417
f 33 32 7506
f 33 7386 34
f 4417 7260 5992
f 6601 5993 4935
f 4094 5888 5993
f 5361 5994 4136
f 5361 4682 7346
f 5527 5995 4682
f 4195 4931 5995
f 4931 5996 4481
f 3951 6003 7143
f 7023 5997 4700
f 4528 6454 5997
f 5789 5998 5106
f 4883 4032 5998
f 6000 5999 4418
f 4007 5567 6111
f 5118 6000 4230
f 4418 6431 6000
f 5763 6001 4859
f 4128 5959 7080
f 7574 6002 4846
f 7483 4848 6938
f 7571 6003 3951
f 4846 6002 6003
f 7143 7576 4690
f 4423 6938 6806
f 6430 6005 4038
f 4789 5411 6005
f 6356 6006 4918
f 6423 5910 4764
f 6872 7515 4656
f 4107 6035 6007
f 4099 6009 5310
f 4435 6202 6008
f 6008 6009 4435
f 6008 5310 6009
f 6899 6010 4304
f 4992 7114 7053
f 5913 6011 5080
f 6877 4646 6879
f 5729 6012 159
f 5729 4670 6012
f 6886 6013 4447
f 4831 6088 6013
f 7237 6014 3981
f 4792 6886 6014
f 7379 6015 4847
f 4478 5607 6015
f 5228 6016 4071
f 5228 4996 6016
f 4996 6017 4478
f 3974 5329 6017
f 7036 6018 5008
f 4452 7281 6018
f 4259 6019 5061
f 4259 4983 6019
f 5332 6020 4050
f 5604 4473 6020
f 6022 6021 5192
f 4456 4942 6021
f 5262 6022 4084
f 5262 5625 6022
f 4300 6023 5176
f 4300 5200 6784
f 9 6371 10
f 4511 6992 6024
f 5706 6025 4318
f 5706 4411 6025
f 6227 6026 4843
f 4162 4877 6026
f 7188 6027 4840
f 4839 6998 6027
f 7316 6549 6028
f 4545 5361 6028
f 5339 6029 4419
f 97 96 6029
f 5133 6030 4419
f 4242 5207 7460
f 5697 6031 4771
f 4363 5049 6031
f 7348 6032 4896
f 4138 5004 6032
f 5388 6033 4604
f 4603 6319 7019
f 6980 6034 4938
f 3976 6612 6034
f 4655 6035 5875
f 4107 5210 7020
f 4034 6036 5499
f 4034 5043 6036
f 6526 6037 4557
f 4765 7220 6037
f 4045 6399 4930
f 4719 5943 6038
f 6007 6039 4656
f 5774 3948 6039
f 4991 6040 3923
f 4991 6902 6040
f 5218 6041 4253
f 4497 5541 6041
f 5141 6042 4453
f 4044 5129 6552
f 4287 6043 5397
f 4287 5396 6043
f 5450 6044 4735
f 4108 5050 6044
f 6293 6045 4412
f 5514 4338 6045
f 5679 6046 4871
f 5082 4305 6046
f 5362 6047 4449
f 4448 5727 6047
f 4335 6855 5465
f 4916 6207 6048
f 4582 6049 4963
f 4582 5299 6049
f 6212 6050 4963
f 6787 4608 5983
f 7606 6051 4483
f 3979 6100 6051
f 4212 6319 5029
f 4603 5388 6421
f 7169 7127 6053
f 4174 5345 7499
f 5224 7550 4088
f 4637 5638 6054
f 5429 7540 4308
f 7572 4168 7574
f 5373 6056 4470
f 6060 5351 4339
f 6864 6057 4845
f 4470 6859 6057
f 5373 6058 4052
f 6864 4845 7487
f 4954 6059 5236
f 4681 5305 7378
f 4686 6060 6056
f 4686 6010 7053
f 5140 6061 4252
f 4561 6427 6061
f 51 6062 52
f 4873 6960 6062
f 5027 6063 3961
f 5027 4210 6064
f 6063 6064 4531
f 6063 5027 6064
f 7495 6065 4454
f 4829 6118 6065
f 7442 6066 4861
f 4142 7173 6066
f 7231 6067 3949
f 4454 7095 6067
f 6251 6068 4391
f 7494 4094 5993
f 5778 6069 5090
f 4444 5091 6069
f 4937 6070 5310
f 4430 5561 6070
f 5078 6071 4802
f 4956 4329 6071
f 4474 6072 4912
f 4474 5750 6072
f 5136 6073 4429
f 5136 7119 6073
f 7317 6074 4776
f 4429 6073 6074
f 7380 6075 4510
f 3995 5840 7007
f 6327 6076 4110
f 5028 4510 6076
f 7504 6077 4795
f 4510 6075 6788
f 7279 6078 4029
f 4909 5893 6078
f 7179 6079 4744
f 7164 4457 6196
f 6357 6080 4495
f 3885 3886 7257
f 6687 6081 4587
f 4730 6885 6081
f 6274 6082 4144
f 6780 4840 7189
f 7327 6083 4016
f 4838 7329 6083
f 6083 7329 4458
f 4146 7188 6084
f 5095 6085 4117
f 4532 5399 6085
f 5095 7585 4532
f 5123 7079 6086
f 7184 6422 6087
f 4445 6089 6087
f 6013 6088 4051
f 4831 6636 6666
f 6087 6089 4863
f 4445 6666 6089
f 6448 6457 5077
f 4631 6400 6090
f 5350 6731 4550
f 3891 3892 6091
f 5916 6092 5134
f 4045 5217 6092
f 6110 6093 4438
f 5216 4005 6093
f 4199 6094 5502
f 4199 5039 6094
f 4461 6095 5440
f 4461 5039 6095
f 5300 6096 4885
f 4489 5286 6096
f 6913 6097 4838
f 4387 7051 6097
f 6520 6098 5296
f 4933 7556 6098
f 6688 6099 4842
f 4450 5060 6099
f 6051 6100 5276
f 3979 5758 7163
f 5276 6101 4151
f 4450 6688 6101
f 5171 6102 4001
f 5857 4756 6102
f 7064 6103 5379
f 4351 5380 6103
f 6976 6104 4607
f 4190 6916 6104
f 5204 6105 4566
f 4225 7611 6105
f 6944 6106 5053
f 4222 6958 6106
f 5106 6107 4439
f 4032 5633 6107
f 5675 6108 4464
f 3977 6920 6108
f 6497 6109 4464
f 4737 5841 6109
f 5217 6110 4438
f 5217 4253 6110
f 5999 6111 4859
f 5999 4007 6111
f 4871 6112 4093
f 4871 4305 6112
f 7136 6113 3936
f 5209 4954 6113
f 7037 6114 60
f 5045 5630 6114
f 4589 6115 5674
f 6115 7345 7296
f 5726 6116 5398
f 4361 5054 6116
f 7246 6117 4817
f 4818 7267 6117
f 5510 6118 4829
f 4455 7218 7320
f 6995 6119 4455
f 3980 5968 6119
f 5491 6120 4239
f 5491 4457 6120
f 5630 6121 62
f 5630 4442 6121
f 69 6122 5073
f 68 6452 6122
f 6281 6123 4571
f 5583 4688 6123
f 6123 6124 4571
f 6123 4688 6124
f 5678 6125 4113
f 4551 5350 6125
f 7418 6126 4186
f 4971 5797 6126
f 7063 6127 4786
f 4246 6703 6127
f 4341 6128 5187
f 4341 5632 6128
f 4667 6129 5233
f 4667 5703 6129
f 6998 6130 4127
f 4839 4429 7317
f 5166 6131 4657
f 4189 5412 6131
f 6277 7618 4849
f 5341 6454 6132
f 5507 6133 4313
f 5507 4157 6133
f 6303 6134 5048
f 4509 5083 6134
f 6968 6135 5550
f 4218 6386 7583
f 6655 6136 4441
f 3938 5252 6136
f 7303 6137 4806
f 4022 5101 6137
f 7302 6138 4158
f 4806 6137 6138
f 7365 6139 7252
f 4443 5101 6139
f 7259 6140 4054
f 4487 6672 6140
f 5518 7505 4704
f 4092 5296 6141
f 5609 6142 4901
f 5609 4505 6259
f 6967 6143 4821
f 5001 4086 7040
f 6741 6675 4879
f 4649 6956 6144
f 4369 6145 5033
f 5305 4681 6559
f 5434 6146 4311
f 4580 6588 6146
f 4421 6147 5127
f 5940 4998 6147
f 4243 6148 5196
f 4243 4828 7265
f 4214 6149 4990
f 4214 5085 6149
f 4024 6150 5600
f 5227 4296 6150
f 6929 6151 4739
f 5263 4586 6151
f 5140 6152 4006
f 4453 6785 6152
f 5318 6153 4521
f 3972 7491 6153
f 7004 6965 6154
f 4521 6153 6154
f 6856 6155 4757
f 4070 5317 6155
f 6115 6156 4552
f 4074 5835 6156
f 7610 6157 4072
f 4463 6304 6157
f 5746 6158 4160
f 4891 6159 6158
f 3965 6159 4891
f 3965 5154 6159
f 4734 6160 5976
f 4652 5117 6160
f 6875 6161 4208
f 4825 7528 6161
f 7298 6162 4509
f 4204 5892 6162
f 73 6163 5077
f 73 72 6163
f 7123 6164 4150
f 4462 6165 6164
f 5454 6165 4462
f 5865 4446 6165
f 5075 7544 4579
f 4019 5433 6166
f 5750 6167 4703
f 5895 4115 6167
f 5261 6168 4372
f 5261 4002 6168
f 5359 6169 4459
f 4014 6561 6169
f 6169 6170 4459
f 5076 4189 6170
f 4646 6171 5386
f 4143 5290 6171
f 4968 6172 5267
f 4968 7255 6172
f 4155 6173 5045
f 4155 6911 6173
f 6394 6174 4906
f 4781 7333 6174
f 5124 6175 4219
f 4602 7054 6175
f 6955 6176 4187
f 4866 6483 6530
f 4277 6238 5318
f 7263 4745 7262
f 6328 6178 5073
f 4591 5441 6178
f 7360 6179 4874
f 4501 5084 6179
f 7060 6180 3940
f 4501 7360 6180
f 4501 6181 5084
f 4501 4924 6181
f 5915 6183 4640
f 4202 6942 6182
f 6182 6183 4202
f 6182 4640 6183
f 5683 6184 4980
f 4990 6415 6184
f 35 7261 36
f 4739 6151 6185
f 6503 6935 4030
f 4978 7595 7295
f 6024 6187 11
f 4779 7047 6187
f 4988 6188 5900
f 4207 5683 6276
f 6542 6189 5047
f 3986 5897 7338
f 7397 6190 4179
f 4874 6191 6190
f 6190 6191 4499
f 4874 6179 6191
f 7497 6192 4752
f 4152 7234 6192
f 6431 7549 4810
f 3921 3922 6193
f 5938 6194 4400
f 7449 4134 7381
f 5132 6195 5508
f 4548 6214 6195
f 7446 6196 4457
f 5049 5730 6196
f 6489 6197 4770
f 4129 5380 7281
f 5949 6198 4662
f 3970 4923 6198
f 5299 6199 4112
f 5299 4372 6199
f 5325 6200 4855
f 4192 5234 6200
f 4895 6201 4504
f 4895 5651 6201
f 6008 6202 5311
f 4435 7567 6202
f 6825 6203 5270
f 4795 6077 6203
f 4100 6204 5802
f 4100 4997 6204
f 6074 6205 4776
f 81 6698 6205
f 5388 6206 3914
f 4604 5226 6206
f 6900 6207 4916
f 5096 3900 6207
f 6292 6850 5111
f 4468 6241 7325
f 4477 6209 5414
f 4477 5304 6209
f 6699 6210 4490
f 4076 5752 6210
f 6210 6211 4490
f 4793 5455 6211
f 6146 6588 4467
f 3985 6050 6212
f 6212 6977 4467
f 4575 6240 6213
f 5582 6214 4548
f 5582 4366 6214
f 4356 6215 4876
f 5282 7195 6215
f 4014 6216 5202
f 5053 4362 6216
f 7197 6217 4506
f 4933 7555 6217
f 6773 6555 4169
f 6131 4882 6218
f 7575 6219 5046
f 194 195 6219
f 4748 6220 5478
f 4013 5114 6220
f 198 6531 197
f 4645 6890 6221
f 5486 6222 4149
f 5316 4465 6222
f 5617 6547 4543
f 3958 5526 6223
f 4902 6351 4166
f 6616 4259 6889
f 5565 6225 3978
f 5565 4783 7345
f 6328 6226 4205
f 6122 4593 6226
f 6026 6227 4162
f 4843 6949 7479
f 4741 6228 5745
f 7241 4136 6476
f 4091 6229 5533
f 4091 6819 6229
f 5301 6230 4378
f 5301 7375 7565
f 5509 6231 4731
f 4125 6885 6508
f 4143 7594 5290
f 4823 5501 6232
f 4491 6233 5963
f 4491 5565 7211
f 5953 6604 4967
f 4759 7176 7160
f 4285 7569 5341
f 5328 3871 6235
f 4439 6236 5106
f 4439 5716 6236
f 6238 6237 4466
f 4055 6300 6237
f 7430 6238 4277
f 5319 6237 6238
f 6237 6239 4466
f 4932 4177 6239
f 6213 6240 4059
f 4575 5794 6835
f 7325 6241 5173
f 6241 6835 6637
f 5441 6242 4590
f 4591 6327 6242
f 4102 6243 5117
f 5975 5065 7606
f 5198 6244 4828
f 5198 4004 6918
f 7190 6245 5065
f 4913 7369 6245
f 7410 6246 4500
f 3990 5377 7489
f 7554 6247 4976
f 4064 5084 7407
f 6247 6248 4976
f 4500 6246 6248
f 57 6249 201
f 56 7525 6249
f 7279 7328 4909
f 5266 4745 6250
f 6068 6251 4627
f 5711 3977 6251
f 5246 6252 4641
f 4060 7278 6252
f 6197 6253 4770
f 5664 3982 6253
f 5358 6254 4460
f 5358 3963 6254
f 4516 6255 5056
f 4516 6713 6255
f 7290 6256 4516
f 4121 6896 6256
f 6880 6257 4530
f 5377 3990 6257
f 5638 6258 4505
f 16 15 6258
f 6258 6259 4505
f 4945 4191 6259
f 5857 6260 4756
f 4131 6482 6260
f 5394 6261 4241
f 5394 4298 6847
f 3921 6262 3920
f 3921 6193 6262
f 4263 6263 5780
f 5059 4433 6263
f 4154 6264 5538
f 5152 4376 6264
f 6720 7117 5248
f 5139 7602 6265
f 6798 6266 5159
f 4304 6010 6266
f 5606 6267 4878
f 5606 5040 6267
f 4471 6268 5068
f 4471 5102 6268
f 5102 6269 3992
f 4473 5009 6269
f 5160 6270 4048
f 4471 5222 6270
f 5102 6271 4210
f 5102 4471 6271
f 5102 6272 4473
f 4210 5031 6272
f 6599 6273 4624
f 4889 6438 6273
f 5990 6274 4144
f 5336 4458 6274
f 5734 6275 4617
f 5728 4131 6275
f 7534 7111 4980
f 4726 6188 6276
f 4286 6277 4849
f 4286 5104 6277
f 7516 6278 90
f 4669 6351 6278
f 4049 6279 5372
f 4049 5213 6928
f 5556 6280 4333
f 5556 3942 6280
f 6838 6281 4689
f 3989 6123 6281
f 7584 6282 5052
f 4018 5831 6282
f 6602 7306 5158
f 5215 8 6283
f 6802 6284 4314
f 5239 4160 6284
f 6740 7128 4794
f 4724 6605 7200
f 7078 6286 4492
f 5042 4241 6286
f 5552 6287 4492
f 3954 7058 6287
f 4710 6288 6287
f 4173 4865 7077
f 4882 6289 5907
f 4068 5582 6289
f 5665 6290 4716
f 4086 5001 7341
f 4545 6291 5361
f 5415 4000 6291
f 4520 6292 5676
f 4520 5435 6292
f 6045 6293 5514
f 4412 7439 6293
f 6575 6294 4079
f 6779 5190 6295
f 6779 6295 4527
f 4414 5715 6295
f 4298 6296 5393
f 5394 5042 6296
f 5024 6297 5616
f 4479 5162 6297
f 4480 6298 5208
f 4480 5161 6298
f 4228 6299 5161
f 5162 4479 6299
f 5161 6300 4055
f 5161 6299 6300
f 7522 6301 4317
f 4950 5365 6301
f 5293 6302 4332
f 5293 4489 6302
f 5185 6303 4121
f 5185 4509 6303
f 4262 6304 5154
f 5155 6157 6304
f 7608 6305 4297
f 4494 5640 6305
f 6307 6306 4911
f 4484 5171 6306
f 5531 6307 4354
f 4484 6306 6307
f 6307 6308 4484
f 5531 4115 6308
f 3893 6309 5058
f 3893 3894 6309
f 4244 6310 5213
f 5214 7292 6310
f 6593 6311 4193
f 4920 4965 6311
f 6601 6312 4482
f 3994 5032 6312
f 6321 6313 4201
f 4482 6312 6313
f 5863 6314 4095
f 4605 6601 6314
f 7382 6315 4221
f 5122 6316 6315
f 6315 6316 4486
f 5122 6756 6316
f 6525 6317 4486
f 4184 5721 6317
f 5984 6318 4283
f 5043 4034 6318
f 6052 6319 4603
f 4212 5030 6319
f 7172 6320 4973
f 4872 7489 6320
f 7425 6321 4604
f 5163 6313 6321
f 5740 6322 4145
f 5367 4612 6322
f 4518 6323 5570
f 5119 4067 6323
f 7014 6324 4665
f 4273 5410 6324
f 7436 6325 4037
f 5012 6326 6325
f 6984 7250 4215
f 5659 4485 6326
f 7026 6327 4110
f 4591 6328 6327
f 5028 6328 4205
f 4591 6178 6328
f 6799 6329 4918
f 4275 7193 6329
f 5679 6330 4023
f 7587 4271 6341
f 4221 6331 5123
f 4486 5003 6331
f 6902 6332 4230
f 4991 5934 6332
f 4106 6333 5699
f 4106 6557 6580
f 4812 6334 5369
f 4181 5584 6334
f 6369 6335 78
f 4632 6652 6335
f 5832 6336 4534
f 4119 5703 6524
f 6471 6782 4204
f 4493 6537 6337
f 4352 6338 5010
f 4352 5128 6338
f 5549 6339 65
f 4612 5367 6339
f 4294 6340 5432
f 6852 4642 5854
f 6330 7587 4928
f 4271 5313 6341
f 4904 6342 5696
f 4904 4299 6539
f 6945 6343 4742
f 6039 3948 6343
f 5335 6344 4554
f 5522 4040 6344
f 5295 6345 4069
f 4554 5064 6345
f 7462 6346 4250
f 5240 6934 6346
f 4354 6347 5530
f 4354 5000 6347
f 6744 6348 4012
f 7284 4251 6686
f 5700 6349 4570
f 5681 4380 6349
f 6276 6350 4726
f 6276 4980 6350
f 6224 6351 4669
f 6224 4166 6351
f 5327 6352 4989
f 5327 4937 6352
f 6766 6353 5222
f 4600 6849 6353
f 6367 7321 3949
f 6593 4193 5919
f 7231 6355 4861
f 6354 4615 6355
f 5 6356 5768
f 5 4 6356
f 5379 6357 4495
f 5379 3883 6357
f 7104 6358 5437
f 4854 5748 6358
f 4029 6359 5614
f 5079 6733 6359
f 4695 6360 5566
f 4695 5990 6360
f 3956 6361 5369
f 6361 7179 7178
f 6392 7288 4098
f 4812 7282 6362
f 5029 6363 4212
f 5029 6364 6363
f 3917 6364 5029
f 3918 3919 6364
f 5175 6365 4522
f 4267 5284 6365
f 4085 6366 5284
f 4085 5230 6366
f 5175 6367 6067
f 4522 5269 6367
f 4774 6368 5473
f 4774 6771 6368
f 6335 6369 4632
f 77 5321 6369
f 5332 6370 4908
f 4925 4174 6370
f 6024 6371 4511
f 9 8 6371
f 5066 6372 4057
f 5066 6992 6372
f 6986 4215 7294
f 4542 5068 6373
f 7262 6374 4723
f 5266 4122 6374
f 4627 6375 6068
f 4627 5977 6375
f 4466 6376 6177
f 4466 6239 6376
f 7286 6377 4953
f 5427 4180 6377
f 3899 6378 3898
f 3899 5096 6378
f 5867 6379 4841
f 4579 5272 6379
f 40 6380 41
f 40 5199 6380
f 5416 6381 4973
f 4292 5452 6453
f 7023 6382 6383
f 4700 5390 6382
f 7023 6383 4528
f 6382 4097 6383
f 6385 6384 4711
f 4558 5147 6384
f 7086 6385 4711
f 4151 7454 6385
f 5923 6386 4218
f 5147 4558 6386
f 5461 7535 4063
f 4498 6388 6387
f 5107 6388 4220
f 5107 6387 6388
f 5125 6389 4498
f 5125 3968 6389
f 5674 7034 4176
f 5535 4477 6390
f 7288 6391 4812
f 4564 5137 6391
f 7432 6392 4098
f 4875 5897 6392
f 4102 6393 5088
f 5399 4532 6393
f 5598 7541 4129
f 4781 6174 6394
f 5654 6395 4556
f 4069 6577 6395
f 4900 6396 3953
f 4502 6397 6396
f 5192 6397 4502
f 4261 5191 6397
f 5192 6398 4084
f 4502 5886 6398
f 5916 6399 4045
f 5916 4437 7224
f 75 6400 76
f 4631 5321 6400
f 5254 6401 4255
f 4507 5487 6401
f 4969 6402 3964
f 4507 6401 6402
f 6404 6403 5256
f 4508 7222 6403
f 4255 6404 5256
f 4255 6401 6404
f 4993 6405 5430
f 4993 6723 6405
f 4022 6406 5101
f 4022 5108 6406
f 5108 6407 4503
f 4248 6585 6407
f 7274 6408 3993
f 5174 4363 6408
f 5685 6409 4679
f 4685 7347 6409
f 5250 6410 4258
f 5250 4520 6410
f 5238 6411 4271
f 5238 4513 6411
f 7593 6412 3938
f 7593 7592 6412
f 5098 6413 5765
f 5098 4232 7595
f 7313 6414 3999
f 4609 5156 6414
f 6184 6415 4002
f 4990 6149 6415
f 4265 6416 5295
f 5335 4554 6416
f 4262 6417 5155
f 5067 4464 6417
f 4149 6418 5407
f 4149 5950 6418
f 5582 6419 5722
f 4068 5205 6419
f 4013 6420 5114
f 4013 5312 6420
f 3915 6421 5388
f 3915 3916 6421
f 4141 7184 6087
f 4803 7182 6422
f 3 6423 6006
f 3 2 6423
f 5906 6424 4763
f 5906 7416 6424
f 4556 6425 5414
f 5037 7264 6425
f 6970 6426 5170
f 4382 7390 6426
f 6061 6427 4930
f 4561 5787 6427
f 5749 6428 4156
f 5749 4664 6428
f 6643 6429 4949
f 4611 5484 6429
f 7169 6430 4038
f 5036 4370 7488
f 7549 6431 4538
f 4810 6000 6431
f 5469 6432 5004
f 4100 5802 6432
f 5406 6433 4517
f 93 92 6433
f 4195 6434 5149
f 4994 6325 6434
f 6436 6435 4523
f 5283 4003 6435
f 5283 6436 4267
f 5283 6435 6436
f 5284 6437 4085
f 4523 6613 6437
f 5808 6438 4889
f 4164 5920 6438
f 5638 6439 18
f 4637 5344 6439
f 4533 6440 5382
f 4533 5545 6440
f 4533 6441 5174
f 4533 5071 6441
f 6737 6442 4619
f 4081 6618 6442
f 6261 6443 4855
f 4643 6490 6822
f 6606 6444 5143
f 4335 5465 6444
f 5742 6445 4623
f 4035 5572 6445
f 6323 6446 5119
f 4518 5118 6446
f 5253 6447 4518
f 4007 5118 6447
f 6163 6448 5077
f 4590 5315 6448
f 5817 6449 4524
f 4845 6057 6449
f 6451 6450 5255
f 4524 5254 6450
f 4062 6451 5255
f 4062 5085 6451
f 6122 6452 4593
f 67 5367 6452
f 6381 6453 4836
f 6381 4292 6453
f 3874 6454 3873
f 4528 6132 6454
f 7394 6455 4733
f 5423 4126 6455
f 5976 6456 4734
f 6455 4126 6456
f 6090 6457 4631
f 6090 5077 6457
f 5639 6458 4514
f 5639 4077 6458
f 5574 6459 4707
f 4295 5389 6459
f 6341 6460 4928
f 4888 4270 6460
f 4306 6461 5468
f 4562 5474 6461
f 4229 6462 5208
f 4229 5006 6462
f 4480 6463 5161
f 5720 4858 7518
f 5412 6464 4882
f 5412 4547 6735
f 6884 6465 4836
f 5265 4747 7342
f 4062 6466 5085
f 4062 6934 6466
f 52 6467 53
f 4961 4640 6467
f 5246 6468 4060
f 5246 4512 6468
f 4388 6469 5873
f 5007 6858 6469
f 13 6470 14
f 13 5201 6470
f 6782 6471 4534
f 4204 6162 6471
f 4685 6472 5825
f 4685 5685 6472
f 6172 6474 4960
f 5813 4402 6473
f 5444 6474 4020
f 4698 6473 6474
f 4099 6475 5194
f 5560 4475 6475
f 5235 6476 4136
f 5235 5509 6476
f 5745 6477 3996
f 6228 4731 6477
f 4580 6478 5476
f 4580 5434 6867
f 6597 6479 4560
f 6191 4064 6479
f 4322 6480 5447
f 5577 109 6480
f 6482 6481 4755
f 4705 5460 6481
f 6260 6482 4755
f 4131 5875 6482
f 6481 6483 4755
f 6481 3987 6483
f 4197 6484 5172
f 5021 6862 6484
f 193 6485 192
f 7575 5046 4658
f 6471 6486 4534
f 4799 5628 6486
f 5832 6487 4553
f 6486 4011 6487
f 3927 6488 3926
f 3927 5708 6488
f 6197 6489 4129
f 6926 4315 5499
f 5980 6490 4408
f 6822 4021 6443
f 4607 6915 6470
f 4945 15 6491
f 106 6492 107
f 5941 4490 6492
f 5117 6493 4102
f 4652 6695 6493
f 6495 6494 4659
f 5195 4211 6494
f 7230 6495 4659
f 4105 5195 6495
f 5735 7230 4660
f 4659 5745 6496
f 6109 6497 4737
f 6108 4919 6497
f 3969 6498 5485
f 5650 5050 6498
f 6326 6499 4215
f 5012 4542 6499
f 5069 6500 4542
f 5069 4209 6500
f 4318 6501 5483
f 4318 5484 6501
f 6993 6502 3959
f 4650 7501 6502
f 4573 6503 6043
f 4030 5397 6503
f 4984 6504 5877
f 7517 4796 6504
f 4941 6505 6104
f 4191 4945 6915
f 171 6506 5418
f 171 172 6506
f 6725 6507 4870
f 4535 5688 6507
f 6231 6508 4964
f 6231 4125 6508
f 4608 6509 5678
f 4608 5592 6509
f 4090 6510 5041
f 5753 4425 6510
f 5655 6511 178
f 4536 5248 7473
f 4984 6512 4536
f 4984 4124 6512
f 5545 6513 4784
f 3993 7589 6513
f 7482 6514 4162
f 4567 4878 6514
f 5346 6515 4572
f 5645 4027 6515
f 5346 6516 4140
f 4572 6784 6516
f 6377 6517 4953
f 4747 5265 6517
f 5556 6518 4815
f 4333 5614 6518
f 5692 6519 4063
f 4815 6518 6519
f 5127 6520 4092
f 4539 6098 6520
f 4237 6521 5127
f 4237 5126 6521
f 3941 6522 5126
f 3941 6217 6522
f 5487 6523 4058
f 5487 4507 6523
f 4353 6524 5703
f 5705 4493 6524
f 6316 6525 4486
f 4934 5954 6525
f 7155 6526 4557
f 4148 5939 6526
f 5612 6527 4664
f 4663 5806 6527
f 5463 6528 4645
f 5481 4459 6528
f 185 6529 5281
f 185 186 6529
f 4866 6530 6176
f 3987 5297 6530
f 197 6531 6221
f 198 5463 6531
f 4121 6532 5838
f 5048 4624 6532
f 5986 6533 4154
f 4740 5152 6533
f 4598 6534 5668
f 4598 5234 6534
f 4514 6535 5639
f 5193 7545 6535
f 7358 6536 5372
f 4196 5484 6536
f 6337 6537 5025
f 4493 5705 6537
f 5696 6538 3948
f 6342 4568 6538
f 4568 6539 5951
f 4568 6342 6539
f 4517 6540 4902
f 6433 92 6540
f 7244 6541 4948
f 6429 4196 6541
f 3986 6542 5687
f 3986 6189 6542
f 7208 6543 4790
f 4291 6426 6543
f 4780 6544 5283
f 7393 4406 5954
f 6169 6545 4014
f 4581 6944 6545
f 4048 6546 5160
f 4048 5220 6546
f 4334 6547 5617
f 5616 6223 6547
f 6651 6548 4163
f 5321 4631 6548
f 4741 7316 6028
f 4211 5452 6549
f 6674 6550 4384
f 5005 4229 7431
f 3946 6551 5803
f 3946 7206 6551
f 4044 6552 6042
f 5129 6655 6552
f 4307 7311 5289
f 4735 5649 6553
f 5629 6554 4820
f 4028 7349 6554
f 4169 6555 6218
f 5046 6219 6555
f 5715 6556 6295
f 4118 7081 6556
f 6580 6557 4666
f 4106 5806 6557
f 5703 6558 4353
f 4667 5795 6558
f 5305 6559 6145
f 4681 6693 7463
f 6561 6560 4547
f 5202 4239 6560
f 5202 6561 4014
f 5202 6560 6561
f 5205 6562 4549
f 4239 5322 6562
f 5722 6563 4713
f 4549 5322 6563
f 5880 6564 4491
f 5880 4332 6564
f 6043 6565 4573
f 5396 4071 6565
f 6413 6566 4308
f 4978 6935 6566
f 4311 6567 5435
f 6146 4467 6567
f 5521 6568 4574
f 4316 4974 6568
f 5890 6569 4000
f 5527 4682 6569
f 4785 6570 5986
f 4785 7531 6570
f 5295 6571 4594
f 4069 6395 6571
f 5785 6572 3965
f 4559 5834 6572
f 5353 6573 4389
f 5353 7392 6573
f 7076 6574 4078
f 4571 6124 6574
f 5431 6575 4079
f 4594 5654 6575
f 5708 6576 4630
f 5708 5090 6576
f 5037 6577 4555
f 4069 6345 6577
f 4555 6578 5420
f 4555 6579 6578
f 6577 6579 4555
f 5064 4323 6579
f 4106 6580 6333
f 4666 5713 6580
f 6815 6581 4006
f 5383 4561 6581
f 7165 6582 5549
f 4944 4226 6582
f 4946 6583 4352
f 4946 5518 6583
f 6628 6584 5026
f 6803 4008 5658
f 6407 6585 5110
f 4248 5109 6585
f 5640 6586 4639
f 4126 5423 6586
f 5338 6587 3955
f 5338 4385 6587
f 5476 6588 4580
f 3985 6212 6588
f 4451 6589 5239
f 4892 5746 6589
f 5922 6590 4075
f 5555 4583 6590
f 4583 6591 5417
f 4583 6592 6591
f 6723 6592 4009
f 4993 6591 6592
f 4920 6593 6354
f 4920 6311 6593
f 6778 6594 5165
f 4601 5395 6594
f 4997 6595 4234
f 4997 4100 6775
f 7336 6596 4701
f 5533 4436 6596
f 6603 6597 4560
f 6189 4499 6597
f 5258 6598 4116
f 5258 4662 6598
f 5048 6599 4624
f 6134 3955 6599
f 4247 6600 5086
f 4247 6750 6600
f 6312 6601 4935
f 4482 6314 6601
f 7306 6602 4317
f 5158 4427 6602
f 6709 6603 4180
f 5047 6597 6603
f 5212 6604 4153
f 4759 6234 6604
f 6280 6605 4724
f 3942 5153 6605
f 4041 7114 5477
f 4335 6444 6606
f 5933 6714 4628
f 4103 7021 6607
f 5890 6608 4392
f 6607 4826 6608
f 5375 6609 4260
f 5375 4517 6609
f 5692 6610 4815
f 5661 5556 6610
f 4252 6611 5140
f 5141 4453 6611
f 5387 6612 3976
f 5387 4456 6612
f 4134 7402 4995
f 4773 6437 6613
f 4040 6614 5482
f 4040 5271 6614
f 5476 6615 3985
f 5476 4496 6615
f 4669 6616 6224
f 4669 6952 6616
f 6618 6617 4709
f 5026 7044 6617
f 6442 6618 4709
f 6628 4620 6584
f 4148 6619 5939
f 4148 5619 6619
f 6621 6620 4182
f 4755 6483 6620
f 5771 6818 4182
f 4756 6260 6621
f 39 6622 5199
f 39 38 6622
f 4421 6623 5518
f 4421 5127 6623
f 7424 6624 5337
f 5180 4167 6624
f 4770 6625 6489
f 6639 5182 7287
f 3868 6626 3867
f 5244 6799 6626
f 6940 6627 4633
f 5150 4128 6627
f 4081 6628 6618
f 4081 5334 6628
f 4564 6629 5137
f 5897 3986 6629
f 6761 6630 5044
f 4263 5209 6630
f 5411 6631 4563
f 5411 4789 7181
f 6516 6632 4140
f 6516 5051 6632
f 4550 6633 6125
f 5057 4113 6633
f 5872 6634 4708
f 4026 5059 6634
f 5331 6635 4082
f 4585 5402 6635
f 7238 6636 4831
f 4139 5776 6636
f 6642 6637 5241
f 3950 6241 6637
f 5315 6638 4592
f 4110 6076 6638
f 4770 6639 6625
f 4770 6253 6639
f 6586 6640 4639
f 5227 4024 6640
f 5171 6641 5682
f 5171 4484 6641
f 3950 6642 5218
f 3950 6637 6642
f 5472 7307 4949
f 4026 5872 6643
f 5635 6644 3997
f 6825 4795 6203
f 6683 6645 5635
f 4217 5315 6645
f 5709 6646 4610
f 4383 5844 6646
f 5344 6647 4328
f 4637 7550 6647
f 7240 6648 4413
f 5196 7024 6648
f 5813 6649 4402
f 5685 4679 6649
f 5588 6650 4179
f 4621 6754 6650
f 5321 6651 4632
f 4163 7558 6651
f 6335 6652 4999
f 4632 5409 6652
f 5204 6653 4098
f 4566 6673 6653
f 6105 6654 4566
f 6105 5072 6654
f 6136 6655 5035
f 4441 6552 6655
f 5296 6656 4540
f 5296 4276 6656
f 6764 6657 5020
f 4483 5276 6657
f 36 6658 37
f 6185 4586 6658
f 5455 7028 4322
f 4827 7014 6659
f 6668 6660 5343
f 7154 4114 5682
f 5718 6661 5133
f 5718 4367 6661
f 5272 6662 4105
f 5272 4294 6662
f 5022 6663 4606
f 5022 5973 6663
f 5384 6664 4606
f 7570 5021 5760
f 7362 6665 4213
f 4606 5511 6665
f 7476 6666 4830
f 4445 6088 6666
f 5297 6667 4578
f 4276 5257 6667
f 6660 6668 4636
f 5343 4434 6668
f 4636 6669 6660
f 4636 5320 6669
f 5829 6670 4390
f 6857 3952 5443
f 4426 6671 5212
f 4426 5969 6671
f 7564 6672 4487
f 5403 4290 6672
f 4327 6673 5586
f 5177 6653 6673
f 6754 6674 3940
f 5005 6550 6674
f 6144 6675 4649
f 6144 4879 6675
f 6933 6676 4183
f 4569 6677 6676
f 6676 6677 5038
f 4569 5835 6677
f 7087 6678 3988
f 5717 4599 6678
f 7616 6679 4200
f 4599 5243 6679
f 7209 6680 4465
f 5213 4049 6680
f 163 6681 162
f 5233 4537 6681
f 6216 6682 5202
f 6216 4362 6682
f 6457 6683 5525
f 4217 6645 6683
f 7556 7197 5257
f 4506 5534 6684
f 4261 6685 5148
f 4942 5719 6685
f 7117 6720 4251
f 5221 4587 6686
f 4124 6687 5221
f 7167 4730 6081
f 6101 6688 4811
f 4450 6099 6688
f 5191 6689 4504
f 5191 4261 6689
f 189 6690 188
f 189 5575 6690
f 4273 6691 5237
f 5138 4444 6691
f 5147 6692 3937
f 5147 4420 6692
f 4954 6693 4681
f 4185 6710 6693
f 7055 6694 5108
f 4557 6037 6694
f 6493 6695 4687
f 4652 5981 6695
f 4073 6696 4955
f 5408 4469 6696
f 7204 6697 4127
f 4602 6175 6697
f 80 6698 81
f 80 79 7054
f 5941 6699 4490
f 4699 5363 6699
f 4364 6700 5731
f 7130 4956 6071
f 5521 6701 4178
f 4574 6901 6701
f 6568 7112 4574
f 4188 6800 6702
f 5955 6768 4246
f 4794 7512 6703
f 4331 6704 5040
f 4331 7508 6704
f 5500 6705 4146
f 5500 4429 6705
f 5079 6706 5961
f 5273 4269 6706
f 5451 6707 4651
f 4887 6710 6707
f 5926 6708 4433
f 5926 7038 6708
f 6542 6709 4576
f 5047 6603 6709
f 5184 6710 5887
f 4185 6707 6710
f 4332 6711 5038
f 6302 5300 6711
f 7521 6712 5365
f 4361 5726 6712
f 7603 6713 4958
f 5055 6255 6713
f 6880 6714 4972
f 4103 6607 6714
f 5110 6715 4035
f 5110 6585 6715
f 5496 6716 3999
f 6717 4191 6505
f 4807 6717 6716
f 4807 6142 6717
f 4226 6718 6582
f 5055 4612 6718
f 4525 6719 5216
f 4525 5256 6719
f 6686 6720 5221
f 6686 4251 6720
f 5874 6721 4805
f 3936 5236 6721
f 5348 6722 4706
f 5348 5929 6722
f 6405 6723 4706
f 4993 6592 6723
f 6405 6724 4266
f 4706 7073 6724
f 4535 6725 5418
f 4870 5757 6725
f 6897 6726 4678
f 3995 7066 6726
f 165 6727 164
f 5795 4667 6727
f 4197 6728 5186
f 4197 5172 6728
f 5172 6729 4634
f 5172 5978 6729
f 5974 6730 4101
f 5186 6728 6730
f 4550 6731 6091
f 5350 3890 6731
f 4140 6732 5275
f 6632 4762 6732
f 6359 6733 4546
f 5079 4320 6733
f 7357 6734 5357
f 4886 5795 7467
f 5412 6735 6464
f 4547 6560 6735
f 5805 6736 4083
f 5142 4622 6736
f 5564 6737 4321
f 5564 6442 6737
f 5563 6738 4025
f 4619 5033 6738
f 4093 6739 5788
f 5622 4883 6739
f 6703 6768 4794
f 4723 6374 6740
f 6675 6741 3974
f 4879 4585 6741
f 6743 6742 4584
f 5331 4082 6742
f 6742 6743 5331
f 4584 5306 6743
f 7121 6744 4012
f 4584 7256 6744
f 4243 6745 5198
f 4243 5197 6745
f 4428 6746 5426
f 5677 5425 6746
f 5618 6747 4850
f 4379 5494 6747
f 3876 6748 3875
f 5385 4700 6748
f 3991 6749 5451
f 5612 4664 6749
f 7378 6750 4247
f 5305 4369 6750
f 4529 6751 5131
f 5946 3944 6751
f 7478 6752 4488
f 5458 4207 6752
f 4265 6753 5431
f 4265 5295 6753
f 5268 6754 3940
f 5268 6650 6754
f 4327 6755 5588
f 4327 5587 6755
f 4995 6756 5122
f 4995 6435 6756
f 5286 6757 3984
f 5889 4903 6757
f 5405 6758 4597
f 4290 5013 6758
f 5405 6759 4054
f 4597 5197 6759
f 7413 6760 4011
f 5056 5741 7612
f 4708 6761 5044
f 4708 6634 6761
f 6622 6762 5199
f 4715 7334 6762
f 5681 6763 4380
f 5681 4080 7426
f 6243 6764 5117
f 6243 4483 6764
f 5520 6765 3944
f 4600 6766 6765
f 5103 6766 4209
f 4600 6353 6766
f 5691 6767 4626
f 181 182 6767
f 4246 6768 6703
f 5955 4723 6768
f 6136 6769 3938
f 5035 4337 7235
f 50 6770 51
f 50 5089 6770
f 4010 6771 5165
f 4774 5808 6772
f 6771 6772 4672
f 6771 4774 6772
f 5046 6773 4658
f 5046 6555 6773
f 7570 6774 5021
f 3973 5398 6774
f 6595 6775 4614
f 6595 4997 6775
f 6919 6776 4970
f 6176 4578 6776
f 5396 6777 4071
f 4601 6778 6777
f 6594 6778 4601
f 4249 5228 6778
f 4798 6779 6294
f 4798 6972 6779
f 4458 6780 6082
f 4458 6084 6780
f 5120 7301 4130
f 4841 5735 6781
f 4204 6782 6337
f 4534 6336 6782
f 5404 6783 4117
f 4857 4400 6783
f 6023 6784 4572
f 6023 4300 6784
f 6152 6785 5249
f 4453 5576 6785
f 5426 6786 4428
f 5426 4080 6786
f 3985 6787 6050
f 3985 6615 6787
f 4510 6788 6077
f 4668 6789 6788
f 6788 6789 5859
f 4668 6510 6789
f 4441 6790 5576
f 5252 6893 6790
f 7125 6791 4410
f 5016 5801 6791
f 4409 6792 5827
f 4907 5883 6792
f 5755 6793 4019
f 5755 6888 6793
f 7403 6794 5144
f 4773 5558 6794
f 4155 6795 5864
f 6796 4670 5729
f 4155 6796 6795
f 4155 5045 6796
f 99 6797 5761
f 98 5339 6797
f 5096 6798 4693
f 4304 6266 6798
f 4275 6799 5244
f 4275 6329 6799
f 5099 6800 4663
f 5099 6702 6800
f 4496 6801 5592
f 5001 6967 6801
f 5304 6802 4314
f 4743 7166 6802
f 4620 6803 6584
f 4620 5849 6803
f 4188 6804 5142
f 4188 7112 6804
f 5520 6805 4974
f 3944 5946 6805
f 4423 6806 6004
f 6885 4730 6508
f 7368 6807 4289
f 7312 4158 6905
f 4805 6808 6807
f 4805 6721 7537
f 6224 6809 4166
f 5063 4293 7547
f 4278 6810 5302
f 5411 4563 6810
f 7565 6811 5303
f 4278 5302 6811
f 6811 6812 5303
f 4616 5533 7336
f 7517 6813 5707
f 4309 5691 6813
f 6815 6814 4625
f 5251 4258 6814
f 5383 6815 4625
f 5383 6581 6815
f 5111 6816 4625
f 5111 4256 6816
f 5962 6817 4016
f 4835 5488 7563
f 4756 6818 5298
f 6621 4182 6818
f 5819 6819 4091
f 5819 4615 6819
f 5569 6820 5539
f 5569 4373 6820
f 5314 6821 5313
f 5314 27 6821
f 4834 6822 6490
f 4834 5544 6822
f 4661 6823 5689
f 3957 6884 6823
f 5665 6824 4396
f 6924 4087 5539
f 4592 6825 6644
f 4592 6638 6825
f 5371 6826 4635
f 5371 7009 6826
f 7245 6827 5370
f 4137 7269 6827
f 4951 6828 4635
f 4192 5325 6828
f 5733 6829 4694
f 4088 5609 6829
f 4011 6830 6487
f 4910 6911 6830
f 5954 6831 4184
f 6234 4966 6831
f 6833 6832 4689
f 5754 4157 6832
f 6832 6833 5754
f 4689 5333 6833
f 6637 6834 5241
f 4644 7308 6834
f 6240 6835 4468
f 5794 4644 6835
f 4911 6836 5381
f 4911 6306 6836
f 4595 6837 5506
f 5543 7012 6837
f 5507 6838 4689
f 5508 3989 6838
f 5120 6839 4264
f 4680 6840 6839
f 5512 7597 4680
f 184 185 6840
f 5404 7305 5013
f 4687 6695 6841
f 5182 6842 4449
f 5182 3982 6842
f 4373 6843 5457
f 4373 6953 6843
f 5906 6844 3933
f 5906 4763 6844
f 5802 6845 4432
f 6204 4544 6845
f 5288 6846 4983
f 5288 88 6846
f 5979 6847 4298
f 4643 6261 6847
f 5084 6848 4833
f 6181 4172 6848
f 6353 6849 5519
f 4600 5520 6849
f 5111 6850 6208
f 4059 6240 6850
f 7008 7481 4234
f 4807 5496 6851
f 4294 6852 6340
f 4294 5433 6852
f 5667 6853 4802
f 4170 5528 6853
f 7469 6854 5226
f 4912 3911 6854
f 4992 6855 4335
f 4916 6048 6855
f 4515 6856 5766
f 4070 6155 6856
f 4863 6857 6670
f 4863 6089 6857
f 23 6858 24
f 23 6469 6858
f 6056 6859 4470
f 6056 4339 6859
f 5216 6860 4525
f 5216 4253 6860
f 6036 6861 4629
f 5043 5984 6861
f 6484 6862 4405
f 6774 4684 6862
f 6811 6863 4616
f 5302 4091 6863
f 4470 6864 6058
f 4470 6057 6864
f 4525 6865 5256
f 5255 4255 6865
f 6297 6866 3958
f 5162 5858 6866
f 6924 6867 4087
f 6478 4580 6867
f 5605 6868 191
f 4638 5575 6868
f 5581 6869 4338
f 5581 5124 6869
f 5462 6870 3981
f 5462 4752 6870
f 5229 6871 4752
f 5229 4356 6871
f 6338 6872 4175
f 5128 7515 6872
f 5448 6873 4303
f 5448 5912 6873
f 5331 6874 4585
f 5331 4274 6874
f 5818 6875 4208
f 5292 4824 6875
f 7312 6876 4804
f 5277 5278 6876
f 4143 6877 6011
f 4143 6171 6877
f 5194 6878 5634
f 4646 5386 6878
f 5194 6879 4646
f 6475 4475 6879
f 5944 6880 4530
f 5944 4103 6880
f 4923 6881 6198
f 4224 5573 6881
f 4615 6882 6355
f 5819 4563 6882
f 4096 6883 5511
f 4096 5156 6883
f 6465 6884 5265
f 4836 6453 6884
f 4647 6885 6806
f 4647 6081 6885
f 6014 6886 4447
f 4792 4831 6886
f 7049 6887 4260
f 5287 5471 6887
f 6793 6888 4642
f 5755 4397 6888
f 6616 6889 5063
f 4259 5061 6889
f 5166 6890 4189
f 5166 6221 6890
f 5931 6891 5071
f 4744 6079 6891
f 163 6892 5233
f 164 6727 6892
f 6790 6893 4257
f 5252 4512 6893
f 4257 6894 5249
f 4257 6893 6894
f 5251 6895 4258
f 4641 6252 6895
f 6256 6896 4958
f 4121 5838 6896
f 5838 6897 4678
f 4424 5840 6897
f 7189 6898 3983
f 6027 4775 6898
f 6010 6899 4992
f 4304 6798 6900
f 6207 6900 5096
f 4916 6899 6900
f 3991 7511 5099
f 4981 6701 6901
f 6332 6902 4991
f 4230 6000 6902
f 46 6903 47
f 5440 4813 6903
f 6977 6904 4575
f 6049 4112 6904
f 5277 6905 5497
f 5277 7312 6905
f 5671 6906 5822
f 4674 5744 6906
f 5342 6907 4674
f 4905 6979 6907
f 5342 6908 4167
f 5342 4674 6908
f 4447 6909 5407
f 4447 6013 6909
f 5941 7161 4699
f 105 104 6910
f 4553 6911 5864
f 4910 6173 6911
f 5530 6912 4703
f 3908 3909 6912
f 6019 6913 5061
f 4387 6097 6913
f 4565 6914 5204
f 4565 7178 6914
f 6491 6915 4945
f 6491 6470 6915
f 6917 6916 4749
f 4941 6104 6916
f 5725 7313 4749
f 3999 6716 6917
f 4734 6918 5981
f 6244 5198 6918
f 4507 6919 4970
f 4969 5554 6919
f 4386 6920 5764
f 4919 6108 6920
f 5393 6921 4298
f 5393 4415 6921
f 4791 7491 5955
f 6922 7263 7262
f 4929 6923 4749
f 4929 7363 6923
f 4716 6924 6824
f 4716 6478 6924
f 5476 6925 4496
f 6478 4716 6925
f 4629 6926 6036
f 6625 4315 6926
f 4213 6927 5725
f 4213 6665 6927
f 6310 6928 5213
f 4729 6279 6928
f 4216 6929 5847
f 4216 6151 6929
f 7405 6930 5566
f 3947 5475 6930
f 5475 6931 4695
f 4979 5989 6931
f 5892 6932 4409
f 5025 7533 6932
f 6676 6933 5145
f 4183 5449 6933
f 4497 6934 5541
f 5240 6466 6934
f 4030 6935 6186
f 6503 4573 6935
f 6910 6936 4699
f 5364 4291 6936
f 6938 6937 4647
f 7121 5306 6744
f 6806 6938 4647
f 4423 6002 6938
f 4647 6939 6081
f 4012 6348 6939
f 4212 6940 5712
f 5150 6627 6940
f 7520 6941 5427
f 4078 5686 6941
f 6182 6942 4801
f 4202 5481 6942
f 5587 6943 4621
f 5587 4229 6943
f 6545 6944 5053
f 4581 5915 6944
f 7073 6945 4742
f 6872 4656 6945
f 5717 6946 4599
f 5717 4216 6946
f 7611 7207 5072
f 6949 4843 7133
f 6654 6948 3998
f 6947 4858 6948
f 4240 6949 6947
f 7479 6227 4843
f 5169 6950 4052
f 4738 5458 6950
f 4990 6951 4214
f 4738 5169 6951
f 6616 6952 5288
f 4669 6278 7516
f 4460 6953 5569
f 4460 7387 6953
f 7138 6954 4746
f 4182 6620 6954
f 5554 6955 4187
f 6954 4866 6955
f 6957 6956 4649
f 5883 4404 6956
f 7116 6957 5340
f 4089 5883 6957
f 6959 6958 4222
f 4675 5280 6958
f 6960 6959 4222
f 4873 7061 6959
f 5915 6960 4222
f 4961 6062 6960
f 3996 6961 5947
f 4964 5459 6961
f 6690 6962 188
f 6459 5389 6962
f 5399 6963 6085
f 4687 7305 6963
f 5210 6964 4704
f 5210 4107 6964
f 6155 6965 4757
f 4521 6154 6965
f 7196 6966 4985
f 4648 5919 6966
f 6801 6967 4186
f 5001 6143 6967
f 6969 7507 4654
f 4218 6135 6968
f 6997 6969 4009
f 7507 6968 4654
f 4382 6970 5596
f 4382 6426 6970
f 4428 6971 5666
f 4428 6786 6971
f 5958 6972 4798
f 5958 3945 6972
f 6974 6973 4653
f 5677 4428 6973
f 5243 7415 4653
f 4066 5677 6974
f 4653 6975 5243
f 4653 5125 7470
f 5201 6976 4607
f 5201 7047 6976
f 4467 6977 6213
f 4963 6904 6977
f 4163 6978 5844
f 5525 4610 6978
f 6907 6979 4376
f 4905 3960 6979
f 7567 6980 4938
f 5634 3976 6980
f 4946 6981 4421
f 4946 3970 6981
f 4379 7126 5352
f 4808 7127 7169
f 5709 6983 4383
f 4985 6966 6983
f 6985 6984 4824
f 7250 6326 4215
f 5292 6985 4824
f 4030 6186 6985
f 6161 6986 4825
f 6984 4215 6986
f 7144 6987 4750
f 5602 4375 6987
f 5000 6988 3905
f 5736 4943 6988
f 5589 6989 4675
f 4039 5280 6989
f 7061 6990 4675
f 5089 4326 6990
f 5430 7566 4198
f 7566 7370 6991
f 6024 6992 4779
f 4511 6372 6992
f 5323 6993 5636
f 4696 7090 6993
f 7258 6994 4487
f 5693 4979 6994
f 4370 6995 5510
f 5547 6119 6995
f 4084 6996 5262
f 4084 5578 6996
f 4868 6997 5555
f 4868 6969 6997
f 6027 6998 4775
f 4839 6130 6998
f 4340 6999 5621
f 5097 4165 6999
f 5524 7000 4987
f 5250 4258 7000
f 5392 7001 4070
f 5392 4384 7001
f 7220 7002 5109
f 7069 4852 5234
f 7002 7003 5109
f 7002 5234 7003
f 7005 7004 5242
f 4757 6965 7004
f 4227 7005 5242
f 4227 5766 7005
f 5408 7006 5751
f 5408 4299 7006
f 5041 7007 5840
f 4668 6075 7007
f 7429 7008 4234
f 6829 4901 7008
f 5544 7009 5371
f 5544 5413 7009
f 5845 7010 4671
f 5845 5294 7010
f 7146 7011 4236
f 5189 4671 7011
f 5431 7012 4671
f 4079 6837 7012
f 110 7013 111
f 7529 5577 4665
f 6659 7014 4665
f 7229 5138 6691
f 5780 7015 5209
f 5780 4651 7015
f 5656 7016 4921
f 4811 7192 7016
f 4176 7017 5674
f 5420 4589 7017
f 7218 7018 4787
f 4952 5967 7018
f 4603 7019 6033
f 5030 5863 7019
f 6035 7020 4705
f 6035 4107 7020
f 6607 7021 4826
f 4103 5131 7021
f 5390 7022 4283
f 5390 4700 7022
f 6382 7023 4700
f 4528 5997 7023
f 4494 7024 6148
f 3962 6648 7024
f 5473 7025 4774
f 5473 4164 7025
f 4590 7026 5315
f 6242 6327 7026
f 5231 7027 5704
f 5231 4015 7027
f 4322 7028 6659
f 5455 4043 7028
f 5432 7029 4294
f 5432 3957 7030
f 6823 7030 3957
f 4661 7029 7030
f 6447 7031 4007
f 5253 7152 7031
f 5219 7032 5472
f 5219 4178 7032
f 4732 7033 5540
f 5446 4809 7396
f 4176 7034 6390
f 5674 4552 7034
f 3987 7035 5297
f 3987 5460 7035
f 6018 7036 4452
f 5008 4396 7036
f 4670 7037 6012
f 4670 6114 7037
f 6708 7038 4651
f 5926 3991 7038
f 4947 7039 5146
f 3939 5618 7039
f 5001 7040 6143
f 4086 5378 7040
f 3994 7041 5896
f 5401 4636 7041
f 4229 7042 5006
f 5587 4327 7042
f 7124 7043 5316
f 3943 7176 7043
f 5782 7044 4673
f 5782 4865 7044
f 4537 7045 5833
f 4537 5233 7045
f 6843 7046 5457
f 4061 5362 7046
f 6976 7047 4190
f 5201 6187 7047
f 5707 7048 4796
f 6781 4660 7048
f 5287 7049 4489
f 5287 6887 7049
f 5800 7050 4262
f 5034 5977 7050
f 6097 7051 5500
f 4387 5136 7051
f 4305 7052 5466
f 5247 4900 7052
f 4686 7053 6060
f 6010 4992 7053
f 6175 7054 4999
f 4602 6698 7054
f 4022 7538 5108
f 5479 4557 7055
f 4114 7056 5734
f 4904 5696 7056
f 5939 7057 4710
f 6619 4709 7057
f 5939 7058 4765
f 4710 6287 7058
f 4287 7059 5395
f 5130 7408 7545
f 6674 7060 3940
f 5391 4312 7060
f 6959 7061 4675
f 4873 6770 7061
f 4132 7062 5652
f 4132 5263 7062
f 5225 7063 4786
f 5225 7492 7063
f 4495 7064 5379
f 5378 4351 7064
f 5149 7065 4931
f 5149 4232 7065
f 6726 7066 4778
f 3995 5279 7066
f 6226 7067 4205
f 5740 4778 7067
f 4619 7068 5033
f 5619 4148 7068
f 3954 7069 7002
f 3954 5552 7069
f 5552 7070 4852
f 4241 6261 7070
f 4201 7071 5307
f 5032 5896 7071
f 6771 7072 5165
f 4672 5340 7072
f 6724 7073 4742
f 6722 4175 7073
f 5636 7074 4676
f 3959 7275 7074
f 5564 7075 4676
f 4321 5636 7075
f 5756 7076 4078
f 5333 4571 7076
f 7078 7077 4865
f 4492 6288 7077
f 5626 7485 4865
f 5042 6286 7078
f 6086 7079 4033
f 6331 5003 7079
f 4538 7080 5959
f 4538 6431 7080
f 6556 7081 5113
f 4118 5762 7081
f 6111 7082 4859
f 4736 5762 7082
f 187 7083 186
f 5389 7331 7083
f 5761 7084 100
f 4769 5596 7084
f 5905 7085 4279
f 6554 4965 7085
f 7226 7086 4711
f 5020 6657 7086
f 5652 7087 4762
f 4761 5717 7087
f 5717 7088 4216
f 4761 7062 7088
f 6428 7089 4156
f 4696 5323 7089
f 6333 7090 4696
f 4650 6502 7090
f 28 7091 5932
f 28 27 7091
f 5464 7092 5274
f 5961 6706 7092
f 5773 7093 4415
f 4692 5070 7093
f 5648 7094 5805
f 4748 5478 7094
f 6067 7095 5175
f 4454 6065 7095
f 4266 7096 5309
f 4266 5428 7096
f 4800 7097 5036
f 4800 5547 7097
f 5345 7098 4800
f 5439 3980 7098
f 6834 7099 4250
f 5360 4677 7099
f 4677 7100 5523
f 4677 6168 7100
f 5918 7101 4097
f 5918 6862 7101
f 5398 7102 4684
f 4286 5855 7102
f 6393 7103 5088
f 6086 4033 7103
f 4403 7104 5438
f 4403 6358 7104
f 4134 7105 5558
f 7105 7449 7448
f 5557 7106 4683
f 4319 5558 7106
f 4409 7107 5083
f 4409 5338 7107
f 5972 7108 4962
f 5972 5493 7108
f 6409 7109 4679
f 4288 7251 7109
f 5540 7110 4679
f 3966 5814 7110
f 6350 7111 4206
f 6350 4980 7111
f 6702 7112 4188
f 6702 4574 7112
f 7364 7113 4926
f 5503 7508 7113
f 5477 7114 6606
f 4041 7053 7114
f 5104 7115 4285
f 7498 4042 7194
f 4672 7116 5340
f 5809 4089 7116
f 6265 7117 5139
f 6265 5248 7117
f 3969 7118 5632
f 3969 5070 7118
f 5548 7119 5136
f 5548 86 7119
f 4287 7120 5396
f 5395 4601 7120
f 4848 7121 6937
f 4848 5330 7121
f 5486 7122 4720
f 5486 4462 7122
f 5662 7123 4150
f 5662 5627 7123
f 5627 7124 4720
f 3943 7043 7124
f 5974 7125 4410
f 4939 5016 7125
f 5135 7126 4379
f 5135 4808 7126
f 5036 7169 6053
f 4808 5868 7127
f 6285 7128 4724
f 6285 4794 7128
f 5807 7129 5095
f 5937 4221 7129
f 4364 7130 6700
f 4364 5732 7130
f 4654 7131 5956
f 4654 5550 7131
f 4982 7132 6380
f 5503 42 7132
f 6949 7133 4858
f 4843 5858 7133
f 6332 7134 5119
f 4541 7532 7134
f 6497 7135 4737
f 4919 4118 7135
f 5874 7136 3936
f 5044 6630 7136
f 4728 7137 5798
f 4728 5448 7137
f 5771 7138 4867
f 4182 6954 7138
f 5351 7139 4339
f 4746 5554 7139
f 5443 7140 4697
f 3952 7476 7140
f 4697 7141 5443
f 4697 5738 7141
f 7141 7142 4301
f 5738 4698 7142
f 5996 7143 4690
f 5996 3951 7143
f 6987 7144 4046
f 4750 5517 7144
f 6034 7145 4938
f 4360 5467 7145
f 5570 7146 4236
f 4712 5189 7146
f 5595 7147 4067
f 4712 5570 7147
f 5594 7148 4325
f 4712 5595 7148
f 5502 7149 4926
f 6094 4461 7149
f 5831 7219 4717
f 5830 4116 7150
f 5426 7151 5436
f 5426 6746 7151
f 5543 7152 4236
f 5543 4595 7152
f 6641 7153 4702
f 6308 4115 7153
f 6660 7154 4702
f 6669 4114 7154
f 7530 7155 5479
f 5769 6526 7155
f 6376 7156 4745
f 6239 4177 7156
f 6853 7157 4802
f 5513 4047 7157
f 5131 7158 7021
f 4393 5820 7158
f 5452 7159 4545
f 5452 4292 7159
f 6234 7160 4966
f 6234 4759 7160
f 6910 7161 105
f 6910 4699 7161
f 7477 7162 4000
f 5151 4628 7162
f 3979 7163 6100
f 5758 5060 7163
f 4853 7164 6079
f 4853 6120 7164
f 63 7165 64
f 4944 6582 7165
f 4451 7166 5850
f 5239 6802 7166
f 4124 7167 6687
f 4124 5459 7167
f 7437 7168 5275
f 4543 5400 7168
f 6982 7169 4038
f 6982 4808 7169
f 4312 7170 5312
f 4312 5694 7170
f 6381 7171 4973
f 6465 4171 7171
f 6320 7172 4872
f 7171 4171 7172
f 5988 7173 4142
f 5988 5510 7173
f 4614 7174 5468
f 4614 6775 7174
f 3980 7175 5968
f 5439 4884 7175
f 7177 7176 4759
f 5374 7043 7176
f 5212 7177 4759
f 4244 5374 7177
f 6361 7178 4565
f 6361 3956 7179
f 7178 7179 4744
f 3956 5322 7179
f 4073 7180 5368
f 4955 7404 7180
f 5411 7181 6631
f 4789 5988 7181
f 4051 7182 5865
f 4051 6088 7182
f 5865 7183 4446
f 5865 7182 7183
f 5060 7184 4141
f 4803 6422 7184
f 5567 7185 5113
f 5567 4595 7185
f 4635 7186 5371
f 5325 4855 7186
f 4060 7187 5559
f 5080 6011 7187
f 6084 7188 4840
f 4146 6705 7188
f 6780 7189 4754
f 4840 6898 7189
f 5088 7190 5975
f 4358 6245 7190
f 5792 7191 4061
f 5792 4430 7191
f 6688 7192 4811
f 4842 5831 7192
f 7194 7193 4722
f 5245 6329 7193
f 7115 7498 4722
f 4042 5245 7194
f 4804 7195 5282
f 4804 6876 7195
f 6966 7196 4648
f 4985 5709 7196
f 5257 7197 6684
f 4933 6217 7197
f 4223 7198 5976
f 4223 7226 7198
f 7159 7199 5415
f 4292 5416 7199
f 6285 7200 4245
f 6605 5153 7200
f 3961 7201 5965
f 3961 6063 7201
f 7566 7202 4721
f 5430 4266 7202
f 5368 7203 4073
f 5368 7370 7203
f 6130 7204 4127
f 4776 6205 7204
f 5620 7205 4340
f 5620 5739 7205
f 7398 7206 4989
f 4896 6551 7206
f 6947 7207 4240
f 6947 5072 7207
f 5516 7208 4790
f 5363 4291 7208
f 4244 7209 5374
f 5213 6680 7209
f 4043 7210 5091
f 4957 5593 7210
f 6233 7211 5206
f 6233 4491 7211
f 4851 7212 5424
f 7506 5991 33
f 5010 7213 5422
f 5010 4416 7213
f 46 7214 5440
f 45 5637 7214
f 6803 7215 4008
f 4786 6127 7215
f 7277 7216 4272
f 5504 5225 7216
f 5157 7217 5357
f 5924 4280 7217
f 7320 7218 4787
f 4455 6119 7218
f 4390 7219 5831
f 5830 7150 7219
f 6037 7220 5109
f 4765 7058 7220
f 3883 7324 3882
f 6103 4906 7221
f 5534 7222 4508
f 5534 5623 7222
f 5529 7223 4437
f 5529 3960 7223
f 7223 7224 4437
f 7223 5308 7224
f 161 7225 160
f 161 5714 7225
f 5020 7226 4223
f 5020 7086 7226
f 4691 7227 5178
f 5894 4109 7227
f 5884 7228 6203
f 4436 5885 7228
f 4827 7229 7014
f 4827 5138 7229
f 4660 7230 6496
f 5735 6495 7230
f 6355 7231 3949
f 4861 6066 7231
f 5436 7232 4080
f 5436 4513 7232
f 6903 7233 47
f 4813 5590 7233
f 6192 7234 5911
f 4152 5724 7234
f 6769 7235 4714
f 4337 5601 7235
f 5450 7236 4108
f 4714 7235 7236
f 6870 7237 3981
f 5183 4792 7237
f 5631 7238 4792
f 5631 4139 7238
f 7224 7239 4719
f 4440 5943 7239
f 5912 7240 4413
f 5912 5197 7240
f 4741 7241 6228
f 4741 6028 7241
f 5876 7242 4727
f 5876 3984 7242
f 5092 7243 5595
f 5593 4325 7243
f 5551 7244 4948
f 4281 5472 7244
f 6117 7245 4817
f 4137 6827 7245
f 5349 7246 4440
f 5349 6117 7246
f 4819 7247 5898
f 4819 5843 7247
f 3988 7248 5014
f 6678 4599 7248
f 6309 7249 5058
f 6350 4206 7249
f 5011 7250 6984
f 5011 5659 7250
f 7109 7251 5540
f 4288 5497 7251
f 7365 7252 4732
f 4235 5446 7252
f 5713 7253 4227
f 5114 6420 7253
f 4851 7254 5425
f 4851 5424 7254
f 4020 7255 5442
f 4020 6172 7255
f 4395 7256 5811
f 5017 6744 7256
f 3885 7257 6080
f 3886 5908 7257
f 7259 7258 6140
f 4728 5693 7258
f 5448 7259 4054
f 4728 7258 7259
f 5992 7260 4739
f 4417 5847 7260
f 34 7261 35
f 4739 6185 7261
f 6922 7262 4723
f 4745 5266 7262
f 6177 7263 3972
f 6376 4745 7263
f 6425 7264 4176
f 5037 5420 7264
f 6148 7265 4494
f 6148 4243 7265
f 4343 7266 5298
f 5381 6836 7266
f 7337 7269 4816
f 4137 6117 7267
f 5572 7268 4346
f 7267 4818 7268
f 7267 7269 4137
f 7267 4816 7269
f 5473 7270 4514
f 6368 4010 7270
f 7415 7271 4066
f 5121 5847 7271
f 4075 7272 5599
f 5417 4559 7272
f 3879 7273 3878
f 5597 4348 7273
f 5545 7274 3993
f 5545 4533 7274
f 7074 7275 5698
f 3959 5115 7275
f 7277 7276 5504
f 4758 5242 7276
f 5698 7277 4272
f 4758 7276 7277
f 6252 7278 4987
f 4060 5559 7278
f 6078 7279 4909
f 4029 5614 7279
f 7328 7280 5266
f 4725 5615 7280
f 6018 7281 5380
f 4452 6197 7281
f 6362 7282 4565
f 4812 5369 7282
f 6209 7283 3945
f 5304 5489 7283
f 5017 7284 6348
f 5017 5684 7284
f 5698 7285 4676
f 5698 4272 7285
f 5432 7286 4953
f 6340 4577 7286
f 4315 7287 5498
f 5182 5796 7287
f 4098 7288 6362
f 6392 4564 7288
f 4717 7289 5573
f 4717 7150 7289
f 5628 7290 4516
f 5185 4121 7290
f 4903 7291 6809
f 5889 5285 7291
f 4147 7292 5214
f 4147 5748 7292
f 5527 7293 4195
f 5527 4392 7293
f 4542 7294 6499
f 6373 4825 7294
f 4978 7295 6186
f 4232 5659 7295
f 5608 7296 4783
f 4074 6115 7296
f 5583 7297 4688
f 5583 4366 7297
f 5185 7298 4509
f 4799 6471 7298
f 4375 7299 5784
f 4375 5602 7299
f 5986 7300 4740
f 6570 4254 7300
f 5867 7301 5120
f 4841 6781 7301
f 6600 7302 5086
f 4806 6138 7302
f 6600 7303 4806
f 5094 7538 7303
f 5873 7304 4388
f 5873 4975 7304
f 5013 7305 6841
f 5404 6963 7305
f 6301 7409 4317
f 5215 6283 7306
f 6643 7307 4026
f 6643 4949 7307
f 5794 7308 4644
f 5794 4112 7308
f 7321 7309 4920
f 5269 4279 7309
f 4735 7310 5649
f 4735 6044 7310
f 7580 7311 4307
f 5450 4735 7311
f 6808 7312 4804
f 6808 4158 7312
f 6917 7313 3999
f 5725 4609 7313
f 3945 7314 6209
f 5958 4556 7314
f 3996 7315 6496
f 5947 4796 7315
f 7614 7316 4741
f 6494 4211 7316
f 4839 7317 6130
f 4429 6074 7317
f 4567 7318 5606
f 4567 5211 7318
f 6525 7319 4934
f 6316 4003 7319
f 4455 7320 6118
f 4787 5952 7320
f 6354 7321 4920
f 6354 3949 7321
f 5495 7322 5153
f 5495 5178 7322
f 7553 7323 4809
f 5671 4377 7323
f 7221 7324 6103
f 7221 3882 7324
f 4256 7325 5173
f 6208 4468 7325
f 6515 7326 6023
f 4027 6704 7326
f 5061 7327 4016
f 5061 6913 7327
f 6250 7328 5266
f 6250 4909 7328
f 4458 7329 6084
f 4838 6097 7329
f 5075 7330 5710
f 4264 6839 7330
f 7083 7331 4869
f 5389 4295 7331
f 7541 7332 4781
f 5598 4348 7332
f 6174 7333 3880
f 4781 5597 7333
f 5862 7334 4715
f 5862 4132 7334
f 7089 7335 4156
f 5323 4321 7335
f 5860 7336 4701
f 6812 4616 7336
f 7353 7337 4816
f 5668 4951 7337
f 5181 7338 5897
f 5181 4499 7338
f 4727 7339 5876
f 5798 7137 7339
f 7047 7340 4190
f 7047 4779 7340
f 6290 7341 4496
f 6290 4086 7341
f 7343 7342 4747
f 4171 6465 7342
f 7344 7343 4747
f 4560 6479 7554
f 6603 7344 4180
f 6603 4560 7344
f 5565 7345 6225
f 4783 7296 7345
f 5361 7346 5994
f 4682 5995 7346
f 5825 7347 4685
f 5825 4017 7347
f 7591 7348 4896
f 5311 4138 7348
f 5843 7349 4028
f 5326 4965 7349
f 7569 7350 5328
f 4285 7115 7350
f 5328 7351 4940
f 7350 4722 7351
f 3960 7352 5349
f 3960 5810 7352
f 4035 7353 5572
f 4035 5668 7353
f 4449 7354 5796
f 6047 5727 7354
f 4366 7355 5584
f 5722 4713 7355
f 5804 7356 5358
f 5804 5434 7356
f 5704 7357 4280
f 4886 6734 7357
f 4407 7358 5372
f 5562 4196 7358
f 5911 7359 5229
f 4289 5282 7359
f 6180 7360 5268
f 4501 6179 7360
f 6712 7361 4057
f 4788 7362 7363
f 5384 7362 4788
f 5384 6665 7362
f 7361 7363 4929
f 7362 4213 7363
f 5637 7364 4926
f 43 42 7364
f 5497 7365 4732
f 5497 4443 7365
f 5440 7366 4813
f 4135 7486 7366
f 5720 7367 3998
f 5720 4480 7367
f 6807 7368 5874
f 4289 5911 7368
f 5866 7369 4913
f 4446 5758 7369
f 6991 7370 4751
f 4721 7203 7370
f 7180 7371 5368
f 4399 5799 7371
f 5626 7372 4036
f 5737 5179 7372
f 5541 7373 4525
f 5541 4062 7373
f 5232 7374 4280
f 5232 4880 7374
f 7565 7375 4278
f 5301 6005 7375
f 7189 7376 4754
f 3983 5421 7376
f 7376 7377 4754
f 7376 5421 7377
f 6059 7378 4247
f 6059 4681 7378
f 7573 7379 4847
f 6016 4478 7379
f 5028 7380 4510
f 5279 3995 7380
f 6194 7381 4760
f 6194 4782 7449
f 5937 7382 4221
f 4760 5122 7382
f 5290 7383 5289
f 5290 6232 7383
f 7385 7384 4785
f 6093 4005 7384
f 5971 7385 4785
f 4438 6093 7385
f 34 7386 5992
f 33 5991 7386
f 5792 7387 5081
f 5792 5019 7387
f 4444 7388 5237
f 5778 3930 7388
f 5258 7389 5949
f 4302 5445 7389
f 5673 7390 4382
f 4767 5271 7390
f 5579 7391 4133
f 4767 7390 7391
f 6573 7392 4270
f 5353 7615 7392
f 4780 7393 6544
f 4780 5952 7393
f 5891 7394 4733
f 5891 3937 7394
f 5596 7395 102
f 6970 5170 7395
f 7033 7396 3966
f 7033 5446 7396
f 5268 7397 6650
f 4874 6190 7397
f 6352 7398 4989
f 4268 6008 7591
f 4384 7399 5775
f 6550 4772 7399
f 5229 7400 4356
f 7359 5282 7400
f 6359 7401 5079
f 4029 6078 7401
f 4995 7402 6613
f 4134 5558 7402
f 4085 7403 5144
f 4085 6437 7403
f 4399 7404 5034
f 4955 5888 7404
f 5938 7405 4782
f 3947 6930 7405
f 4537 7406 5714
f 4537 6795 7406
f 6247 7407 4500
f 6247 4064 7407
f 4238 7408 5146
f 5130 7502 7408
f 4511 7409 5260
f 5215 7306 7409
f 7407 7410 4500
f 4833 7411 7410
f 5164 7411 4833
f 5164 5914 7411
f 4514 7412 5473
f 6458 4844 7412
f 5628 7413 4011
f 5628 4516 7413
f 4337 7414 5601
f 4337 5544 7414
f 4653 7415 6974
f 5243 5121 7415
f 114 7416 3934
f 113 6424 7416
f 5910 7417 3866
f 5910 6423 7417
f 6126 7418 4971
f 6967 4821 7418
f 6563 7419 4713
f 6563 3956 7419
f 5580 7420 3978
f 4768 7568 7420
f 4323 7421 5580
f 4323 5579 7421
f 4133 7422 5579
f 4133 5207 7422
f 7436 7423 5069
f 5820 4393 7423
f 4235 7424 5337
f 5743 4623 7424
f 4095 7425 6033
f 5163 6321 7425
f 5681 7426 6763
f 4080 7232 7426
f 4347 7427 5648
f 5646 4748 7427
f 5410 7428 3932
f 5410 5237 7428
f 6595 7429 4234
f 5480 4694 7429
f 5775 7430 4277
f 4772 5319 7430
f 6550 7431 4772
f 6550 5005 7431
f 6653 7432 4098
f 5177 5588 7432
f 7432 7433 4875
f 5588 4179 7433
f 5581 7434 4775
f 5581 4338 7434
f 5827 7435 5338
f 5827 5809 7435
f 6325 7436 5012
f 4037 7423 7436
f 5617 7437 4269
f 5617 4543 7437
f 4049 7438 5948
f 4049 5372 7438
f 5421 7439 5144
f 5421 6293 7439
f 4208 7440 5928
f 4208 6161 7440
f 4734 7441 6244
f 6456 4126 7441
f 6882 7442 4861
f 6631 4142 7442
f 7609 7443 5574
f 4777 5505 7443
f 3939 7444 5135
f 3939 5927 7444
f 4472 7445 5927
f 4472 5332 7445
f 5542 7446 4457
f 5542 4039 7446
f 5770 7447 4359
f 5770 5455 7447
f 4134 7449 7105
f 4782 5566 7448
f 6194 7449 7381
f 4782 7448 7449
f 5271 7450 6543
f 4040 5522 7450
f 4324 7451 5522
f 4324 5516 7451
f 5996 7452 4481
f 5996 4690 7452
f 4417 7453 5903
f 5991 4851 7453
f 6101 7454 4151
f 4811 5656 7454
f 4767 7455 6614
f 5579 4323 7455
f 31 7456 5424
f 30 29 7456
f 4065 7457 5456
f 4065 5952 7457
f 5456 7458 4267
f 5456 7457 7458
f 5244 7459 4940
f 5244 3868 7459
f 5853 7460 5207
f 4519 6030 7460
f 4552 7461 5837
f 6156 5835 7461
f 7099 7462 4250
f 5523 4526 7462
f 4681 7463 6559
f 5184 4856 7463
f 4813 7464 5590
f 5653 4326 7464
f 5340 7465 4249
f 5340 4649 7465
f 6154 7466 4123
f 6154 4791 7466
f 165 7467 5795
f 166 6734 7467
f 5480 7468 3975
f 5480 4614 7468
f 6321 7469 5226
f 4201 4912 7469
f 4200 7470 5537
f 6975 4653 7470
f 5631 7471 4139
f 4876 4394 7471
f 5551 7472 4281
f 5551 4531 7472
f 4536 7473 6511
f 5248 6265 7473
f 5626 7474 4350
f 5782 4673 7474
f 5153 7475 7200
f 5188 5087 7475
f 5347 7476 4830
f 3952 6089 7476
f 5415 7477 4000
f 5415 7199 7477
f 7560 7478 4488
f 5613 4052 7478
f 4240 7479 6949
f 4240 6440 7480
f 7479 7480 4784
f 7479 4240 7480
f 4234 7481 6851
f 7008 4901 7481
f 6227 7482 4162
f 4784 6513 7482
f 4168 7483 6002
f 4168 5330 7483
f 5653 7484 4326
f 5653 4771 7484
f 6296 7485 4036
f 5042 7078 7485
f 4771 7486 5697
f 5653 7366 7486
f 6864 7487 5169
f 4845 5817 7487
f 6430 7488 4789
f 6430 5036 7488
f 6246 7489 4872
f 6246 3990 7489
f 5908 7490 4971
f 3887 3888 7490
f 5955 7491 6922
f 4791 6153 7491
f 7466 7492 5225
f 4791 5955 7492
f 5424 7493 4355
f 7456 5112 7493
f 4094 7494 6375
f 5993 6601 7494
f 7173 7495 6066
f 4829 6065 7495
f 5788 7496 4570
f 5788 4371 7496
f 5462 7497 4752
f 5483 4152 7497
f 4722 7498 7194
f 5104 4042 7498
f 4174 7499 6053
f 5345 4800 7499
f 5732 7500 4956
f 3975 5474 7500
f 5713 7501 4650
f 5713 4227 7501
f 7408 7502 4374
f 5130 4287 7502
f 5851 7503 5354
f 5851 4451 7503
f 6638 7504 4795
f 6076 4510 7504
f 6141 7505 4092
f 6141 4704 7505
f 4851 7506 7212
f 4851 5991 7506
f 4868 7507 6969
f 4868 5923 7507
f 7132 7508 5503
f 4982 5176 7508
f 6380 7509 4982
f 5199 6762 7509
f 5985 7510 4197
f 5022 5760 7510
f 6901 7511 4981
f 6901 5099 7511
f 6703 7512 4927
f 4794 6285 7512
f 5494 7513 4077
f 5494 4378 7513
f 3965 7514 5799
f 6572 5834 7514
f 5917 7515 5128
f 4107 6007 7515
f 89 7516 90
f 6952 4669 7516
f 4309 7517 6504
f 4309 6813 7517
f 6463 7518 4228
f 6463 5720 7518
f 7615 7519 4023
f 5353 4389 7519
f 4577 7520 5427
f 5854 4078 7520
f 5054 7521 4950
f 4361 6712 7521
f 7523 7522 5259
f 4950 6301 7522
f 7522 7523 4950
f 5259 4042 7523
f 3999 7524 5496
f 6414 4544 7524
f 55 7525 56
f 55 5695 7525
f 5846 7526 4238
f 5846 4850 7526
f 5639 7527 4077
f 4850 6747 7527
f 6161 7528 5009
f 4825 6373 7528
f 110 7529 7013
f 110 109 7529
f 5094 7530 5479
f 6750 4369 7530
f 6570 7531 5168
f 4785 7384 7531
f 4630 7532 5515
f 4630 5777 7532
f 6537 7533 5025
f 4015 5881 7533
f 6184 7534 4980
f 6184 4002 7534
f 4498 7535 5537
f 6387 4063 7535
f 5772 7536 5773
f 5178 7227 7536
f 4805 7537 6808
f 5086 7302 7537
f 7303 7538 4022
f 5479 7055 7538
f 4633 7539 5764
f 4633 6627 7539
f 6055 7540 4847
f 6055 4308 7540
f 6394 7541 4781
f 6394 4129 7541
f 6591 7542 5417
f 6591 4198 7542
f 5795 7543 6558
f 4886 5704 7543
f 6166 7544 4019
f 6166 4579 7544
f 6535 7545 4238
f 5193 7059 7545
f 4725 7546 5615
f 5614 4333 7546
f 5063 7547 6809
f 4293 5585 7547
f 5826 7548 3896
f 4988 5900 7548
f 6262 7549 4538
f 6193 4810 7549
f 4088 7550 6054
f 5224 6647 7550
f 5850 7551 5376
f 5850 4053 7551
f 4194 7552 5517
f 4959 5823 7552
f 5337 7553 4809
f 4167 5671 7553
f 7343 7554 4976
f 6479 4064 7554
f 6522 7555 4539
f 6522 6217 7555
f 6098 7556 4276
f 4933 7197 7556
f 4364 7557 5732
f 5733 4694 7557
f 6651 7558 5409
f 4163 5844 7558
f 5593 7559 4284
f 7243 5092 7559
f 5643 7560 4488
f 5643 4693 7560
f 26 7561 5313
f 25 24 7561
f 4006 7562 5251
f 5249 6894 7562
f 5062 7563 4293
f 5062 6817 7563
f 6672 7564 5403
f 4487 6994 7564
f 5301 7565 6230
f 4278 6811 7565
f 7370 7566 4721
f 6991 4198 7566
f 6202 7567 4938
f 4435 5634 7567
f 7420 7568 5206
f 4768 7422 7568
f 7350 7569 4285
f 5328 6235 7569
f 3973 7570 6664
f 3973 6774 7570
f 6003 7571 4846
f 3951 5765 7571
f 4847 7572 6055
f 4847 6015 7572
f 7540 7573 4847
f 4071 6016 7573
f 6002 7574 4168
f 4846 6055 7574
f 193 7575 6485
f 193 194 7575
f 4690 7576 6004
f 7143 6003 7576
f 4039 7577 6031
f 4039 5589 7577
f 4828 7578 5640
f 7441 4126 7578
f 3876 7579 5385
f 3877 3878 7579
f 5501 7580 4307
f 5501 4714 7580
f 4822 7581 5622
f 4822 5620 7581
f 4305 7582 6112
f 4305 5466 7582
f 6135 7583 4921
f 6386 4558 7583
f 7016 7584 4921
f 4018 6282 7584
f 4532 7585 6086
f 5095 5123 7585
f 5358 7586 3963
f 5702 4520 7586
f 4837 7587 6330
f 4837 5238 7587
f 4814 7588 5039
f 4814 5697 7588
f 6513 7589 5211
f 3993 6408 7589
f 6408 7590 4814
f 6408 4363 7590
f 4268 7591 7398
f 5311 7348 7591
f 4512 7592 5913
f 4512 6412 7592
f 7592 7593 4823
f 3938 5501 7593
f 5290 7594 6232
f 4143 5913 7594
f 5098 7595 6413
f 4232 7295 7595
f 6045 7596 4412
f 6045 4820 7596
f 184 7597 183
f 6840 4680 7597
f 5689 7598 4211
f 5689 4986 7598
f 5473 7599 4164
f 4844 5920 7599
f 4535 7600 5419
f 4535 6506 7600
f 5673 7601 4769
f 5673 4382 7601
f 5690 7602 5139
f 174 175 7602
f 5055 7603 4145
f 4958 7620 7603
f 4943 7604 6444
f 5736 4203 7604
f 5772 7605 5179
f 4415 5393 7605
f 6243 7606 4483
f 6243 5975 7606
f 6587 7607 3955
f 4889 6273 7607
f 5356 7608 4297
f 5902 4494 7608
f 5754 7609 4157
f 5754 4777 7609
f 4314 7610 5490
f 4862 6157 7610
f 5382 7611 4225
f 5382 7207 7611
f 5056 7612 6760
f 5741 4442 7612
f 4424 7613 5839
f 6532 4624 7613
f 4659 7614 5745
f 6494 7316 7614
f 7519 7615 5353
f 4023 6330 7615
f 5537 7616 4200
f 7617 4320 5464
f 5015 7617 7616
f 5015 5461 7617
f 5104 7618 6277
f 4285 6132 7618
f 5887 7619 4156
f 4887 5749 7619
f 6896 7620 4958
f 6896 4678 7620
f 4676 7621 5564
f 5334 4081 7621
f 8029 202 115
f 7962 8142 7776
f 115 8295 8029
f 7971 8046 7741
f 8082 7837 8154
f 8073 7971 8142
f 8126 7897 7671
f 8154 8046 7795
f 7940 8291 7658
f 8064 7861 7692
f 7977 8206 122
f 124 8069 8229
f 7869 8055 7948
f 7791 7902 8256
f 7952 126 127
f 8300 7968 8311
f 7935 8192 7681
f 7909 8116 7685
f 8149 7935 7769
f 8017 7988 7909
f 7988 134 8043
f 7649 137 8273
f 8239 8067 7695
f 8323 8239 7806
f 7888 7665 7860
f 8041 8187 7886
f 8275 8308 8227
f 8219 140 141
f 7938 226 225
f 7888 7850 7665
f 7867 7735 7868
f 8309 8172 7858
f 8282 7942 7662
f 8313 7871 7708
f 8168 148 149
f 7922 8168 8313
f 8278 150 7913
f 8065 7965 7662
f 7853 7836 7760
f 8101 7836 153
f 7851 7905 7998
f 7974 8083 7750
f 242 158 58
f 8261 7781 7974
f 8056 8162 7781
f 8196 8321 7709
f 241 8162 8056
f 8339 7991 7826
f 239 8354 7916
f 8303 7912 7652
f 8321 8359 7709
f 8267 8241 237
f 7763 8140 7991
f 7937 7966 7650
f 7939 235 8355
f 7991 8339 7711
f 8355 233 8034
f 8201 231 230
f 8201 230 7854
f 8330 8080 144
f 8163 228 7859
f 8144 7938 7730
f 228 227 7859
f 8215 8222 7963
f 8011 8062 8223
f 7924 7779 7941
f 8139 7900 7959
f 8226 7941 221
f 8226 221 220
f 8023 7655 7841
f 8305 218 217
f 8305 217 7904
f 8100 7928 7719
f 8343 7947 7719
f 7917 215 214
f 8012 8081 212
f 8240 8012 212
f 8341 8016 8342
f 8288 8047 7693
f 8130 7743 7982
f 207 8130 208
f 7986 8169 7777
f 8170 7962 7776
f 204 203 8169
f 115 202 57
f 136 7622 135
f 8043 134 135
f 8017 133 7988
f 8102 132 8017
f 8086 7623 7624
f 129 8137 8094
f 8353 7626 8014
f 8069 125 8238
f 8057 8025 8059
f 8058 7865 7688
f 8005 7890 7736
f 7629 8009 7628
f 8002 8184 7705
f 8002 7633 7834
f 7632 8002 7890
f 8144 227 226
f 8294 7635 7636
f 8108 7855 7694
f 8332 8118 7759
f 8153 7638 7639
f 8004 7874 7738
f 7874 7641 7642
f 8004 7641 7874
f 7874 7642 8000
f 8109 8298 7644
f 8109 7644 7645
f 8307 8269 7646
f 8308 8275 7803
f 7834 7634 7944
f 7944 7849 7726
f 7817 7960 7661
f 8195 7879 7666
f 8267 236 235
f 8248 8234 7853
f 8187 8041 7653
f 7892 147 7922
f 7978 8111 7757
f 8194 7993 7920
f 8232 222 7941
f 7959 7900 7651
f 8316 7985 7656
f 8088 7636 7637
f 8237 7948 7657
f 7825 7624 8097
f 7846 7967 8302
f 8290 8113 7672
f 7982 8240 210
f 7881 8072 7658
f 8183 7699 8277
f 8221 224 223
f 8236 7719 7904
f 8185 7980 7700
f 8182 7910 7690
f 7956 8280 7664
f 7813 8008 8327
f 7915 8199 7950
f 8354 8063 7916
f 8101 153 154
f 8067 8227 7695
f 8124 7873 8275
f 8350 7907 7666
f 8294 8088 7849
f 8176 7931 7887
f 8153 7639 7934
f 7973 8244 7668
f 7976 7732 7912
f 7757 7828 8112
f 8233 8180 8037
f 8249 7670 7927
f 7842 7627 7628
f 8042 8064 7692
f 8191 7651 7900
f 8121 7756 8008
f 8270 8199 7829
f 8262 7888 7717
f 7653 7831 8187
f 8150 8026 7674
f 8355 234 233
f 8033 7933 7840
f 8303 7652 7835
f 8077 8123 7694
f 8038 8346 7690
f 7955 8013 7677
f 8234 152 7836
f 7896 8090 7678
f 8039 8179 7881
f 7997 8066 7679
f 8068 220 219
f 7704 7987 7840
f 8106 7947 7679
f 8311 7734 7952
f 7954 7896 7678
f 7816 7981 7682
f 8031 8245 7667
f 7979 7815 7683
f 8218 7651 7946
f 8257 7914 7684
f 8208 8070 7674
f 8216 7909 7685
f 8086 8043 7623
f 8112 7828 7686
f 7969 7766 7980
f 7989 8016 7743
f 8081 213 212
f 8145 8096 7767
f 8349 8030 7701
f 8229 7845 7977
f 7975 7844 8072
f 8018 7983 7794
f 7822 7957 7652
f 8152 7995 7691
f 7862 8128 8127
f 119 8276 8073
f 8064 7827 8091
f 206 7986 7848
f 7861 8064 7753
f 7943 8077 8272
f 7855 7720 7856
f 8171 8239 8323
f 8307 7646 7647
f 8167 8179 7696
f 8103 7895 7672
f 8074 8144 7730
f 8163 7854 230
f 8298 7872 8000
f 8181 7887 7784
f 8228 8340 7875
f 7914 8032 7684
f 8174 7883 8175
f 7969 7937 7650
f 8338 8045 7701
f 8059 7865 7745
f 8188 7900 7702
f 8053 8052 7818
f 7998 7906 7750
f 153 7836 152
f 8159 7926 7704
f 8157 8175 7884
f 8005 8057 7918
f 8158 7927 7802
f 7919 7880 7729
f 8098 7999 7698
f 8051 7871 7707
f 8335 7998 7703
f 146 8022 145
f 7965 7871 7662
f 8162 7916 7781
f 156 8084 155
f 8141 7710 7911
f 7835 8325 8032
f 8089 7991 7711
f 8267 237 236
f 8137 8149 7769
f 8237 7953 8265
f 8115 7915 8322
f 8119 7694 7855
f 8176 8018 7714
f 7983 8048 7722
f 7902 8255 7715
f 8076 8024 7705
f 8001 8010 7716
f 8195 7984 8194
f 142 143 7858
f 7951 7923 7729
f 8013 7955 7822
f 8155 8021 7821
f 7817 8254 7833
f 216 7904 217
f 8108 8224 7720
f 8347 8211 7876
f 8021 8155 7721
f 8044 8198 7697
f 8279 7722 7973
f 8048 7823 7690
f 8139 7959 7723
f 7960 7979 7814
f 7948 8237 7787
f 7908 7940 7786
f 7879 8195 8193
f 8015 7816 7682
f 8184 7834 7726
f 7981 7849 8134
f 7996 7814 7727
f 8066 7773 8011
f 7813 8007 7728
f 7894 8103 7672
f 7951 7729 7850
f 8352 8351 7843
f 227 8144 7859
f 7832 8230 8252
f 8031 7990 7731
f 8298 7643 7644
f 7976 7942 7732
f 8304 8065 7662
f 8003 8318 7733
f 8206 8082 121
f 8110 7968 7786
f 8148 8094 7769
f 146 7892 8022
f 8133 7965 7754
f 7630 8005 7918
f 8076 7852 8158
f 8070 7889 7737
f 8201 8034 232
f 7640 8004 7934
f 8217 8031 7667
f 8035 7937 7739
f 8185 8156 7885
f 8200 7895 7740
f 7903 8103 7755
f 117 8142 7962
f 8104 8138 7659
f 8151 7961 7742
f 8100 7917 7764
f 209 208 7982
f 8203 8104 7659
f 8049 7835 7744
f 8340 8228 7699
f 8009 7918 7745
f 8122 7901 7748
f 8316 7746 7993
f 8272 8119 7782
f 7877 8075 7747
f 8156 8185 7700
f 8096 7688 8225
f 8338 7896 7797
f 8105 8065 8304
f 7923 7886 7729
f 8359 7851 7750
f 155 7906 154
f 8172 7888 7751
f 8219 8171 140
f 8306 7752 8126
f 8190 8191 7772
f 8046 7692 7861
f 8186 7899 7702
f 8133 7754 7921
f 7932 8345 7749
f 8202 7903 7755
f 7946 8121 7728
f 8121 7894 7756
f 8209 8060 7771
f 8286 8111 7978
f 8113 8112 7830
f 8106 8011 7758
f 221 7941 222
f 8118 8332 7809
f 7995 7934 7738
f 8147 7853 7760
f 8246 8280 7792
f 8320 8026 7761
f 8155 8150 7964
f 8180 8233 7762
f 8129 8128 7770
f 8320 8117 8026
f 8208 8089 7889
f 8342 8079 8012
f 8081 7917 214
f 7925 8054 7765
f 7660 8006 8252
f 8328 7980 7766
f 8228 7949 7699
f 8301 7825 7767
f 8145 8014 7842
f 7933 8174 7768
f 8173 8157 7925
f 8207 8102 7780
f 8094 8114 128
f 8177 7931 7770
f 8233 8078 7656
f 8322 8035 7771
f 7663 8071 8036
f 7899 8189 8188
f 8191 8235 7651
f 7840 8062 7773
f 7841 7997 8329
f 7936 8193 7774
f 8316 8078 7746
f 7910 8182 7775
f 7942 8282 7793
f 116 117 7962
f 8348 7971 7741
f 8169 8029 7777
f 8169 7986 205
f 8301 8116 7825
f 7623 8043 7622
f 225 8221 7938
f 8226 8068 7758
f 131 8102 7893
f 8216 7685 7869
f 242 241 8056
f 157 7974 156
f 8250 7943 7782
f 8132 7966 7937
f 8230 7832 7783
f 7963 8231 7730
f 8245 8031 7784
f 8181 8098 7843
f 7878 8055 7785
f 8096 8019 7767
f 8220 7908 7786
f 7967 7844 7689
f 7935 8264 7787
f 8265 7724 7908
f 8204 7972 7788
f 7720 7970 7949
f 7695 8227 8308
f 8247 8131 7843
f 7857 8123 8037
f 8233 7656 8127
f 8158 7715 7927
f 8256 8286 8030
f 8280 7956 7792
f 8146 7945 7760
f 8283 7942 7793
f 7891 8051 7707
f 7930 8293 8292
f 7972 7983 7722
f 8142 7971 7776
f 8046 8154 7692
f 7947 7796 7904
f 8305 8068 219
f 8197 7797 7896
f 8045 8020 7748
f 8315 7964 7798
f 8253 8074 7832
f 7800 8090 7978
f 8256 8030 7791
f 8040 8243 8200
f 8290 8289 8113
f 7908 8165 7940
f 8291 7801 8039
f 8025 8334 7802
f 8255 7902 7791
f 8239 7695 7958
f 8269 8109 7645
f 8336 7996 7804
f 8343 8263 7947
f 8344 8065 7805
f 8345 8346 8038
f 8273 8323 7806
f 8273 8214 7648
f 7982 8341 7807
f 210 8240 211
f 8003 8319 7808
f 7733 8042 7837
f 8120 8134 7809
f 7759 8118 8153
f 7985 8358 7810
f 8125 8085 7862
f 8094 8148 7811
f 128 8114 127
f 7838 7711 7939
f 8241 8354 238
f 8075 8007 7813
f 8299 8327 7885
f 7996 7661 7814
f 7727 8135 7877
f 7979 7959 7815
f 8007 8218 7728
f 8093 7981 7816
f 8358 8015 7810
f 8285 7960 7817
f 7994 7833 7687
f 8016 7989 7818
f 7687 8052 7994
f 7992 7684 7819
f 7765 7819 8160
f 8340 8183 7820
f 8054 7992 7765
f 7819 7684 8021
f 8155 8087 7761
f 7955 7718 7822
f 8166 7652 7912
f 8018 7653 7983
f 8048 7690 7824
f 7973 7722 7824
f 8244 8141 7911
f 8116 8086 7825
f 8097 7624 7625
f 8140 7664 7991
f 7812 8196 8063
f 8317 8091 7827
f 8318 7827 7733
f 8111 8001 7828
f 8270 7936 8199
f 8326 8061 7829
f 7950 8132 7713
f 8143 8113 7830
f 8209 7771 8092
f 7887 8297 7831
f 8293 8018 7794
f 8231 7783 7832
f 8253 8252 7798
f 7994 7817 7833
f 7687 7833 8079
f 7633 7634 7834
f 8184 7726 7907
f 8032 7744 7835
f 8324 7835 7652
f 8234 7836 7853
f 7760 7836 8146
f 7977 7733 7837
f 121 8082 120
f 7889 7711 7838
f 8034 233 232
f 7871 8313 7839
f 8259 7913 7853
f 7987 7680 7840
f 8173 7933 7768
f 8033 7773 7841
f 8023 7877 8205
f 8009 7745 7842
f 7627 8014 7626
f 8351 8181 7843
f 8247 8124 7789
f 7975 7689 7844
f 8213 8110 7786
f 8302 8003 7845
f 8229 7977 123
f 7952 7734 7846
f 8069 8302 7845
f 8047 8104 7847
f 8136 7743 7848
f 207 206 7848
f 7743 8136 7989
f 7981 7726 7849
f 8088 8294 7636
f 8172 7717 7888
f 8161 7729 7880
f 7826 8331 8321
f 8359 7750 8083
f 8099 8158 7852
f 8350 7852 7907
f 150 8248 7913
f 8259 7853 8147
f 8044 7737 7854
f 8198 8163 7859
f 8119 7855 7966
f 7856 7949 8228
f 7650 7855 7856
f 7650 7929 7969
f 7788 8224 8204
f 8123 8077 7790
f 8309 7858 8080
f 142 7858 8027
f 229 228 8163
f 8074 7730 7832
f 7866 7751 8067
f 7789 8274 8131
f 8104 7741 7861
f 8138 7753 7898
f 8178 7770 7862
f 8085 7810 7863
f 8357 8120 7863
f 8125 8127 7656
f 7995 7738 7864
f 8178 8177 7770
f 8058 7745 7865
f 7688 7865 8095
f 8027 7751 8219
f 140 8171 139
f 8022 7735 7867
f 144 8080 143
f 8242 7951 7868
f 7867 7868 8309
f 8264 7712 7948
f 8212 7685 8019
f 7964 7674 7870
f 7798 7870 8253
f 8314 7707 7871
f 7708 7965 8133
f 7999 7731 7872
f 8310 8109 7873
f 8124 8310 7873
f 7873 8269 8307
f 7990 7738 7874
f 8000 7642 7643
f 8107 7766 7875
f 8258 8340 7820
f 8211 8277 7876
f 7970 8224 7788
f 8135 7683 7877
f 8329 8023 7841
f 8020 7657 7878
f 8095 8225 7688
f 7902 7715 8010
f 8193 8195 7774
f 7919 7706 7880
f 7729 8161 7850
f 8167 7752 7881
f 8179 7740 7903
f 8190 7696 7882
f 8235 7755 7946
f 8205 7747 7883
f 8174 8175 7768
f 8175 7700 7884
f 7675 8107 8258
f 8327 8036 7885
f 7747 8156 7883
f 7823 7653 8041
f 7923 7951 7673
f 8181 7706 7887
f 7667 7887 7931
f 8262 7850 7888
f 7751 7888 7860
f 7870 7674 8070
f 7737 7889 7838
f 7631 7632 7890
f 7736 7890 8024
f 8284 7793 7891
f 8266 7760 7945
f 146 147 7892
f 7735 7892 8028
f 8102 8207 7893
f 131 8137 130
f 7946 7755 7894
f 7756 7894 8143
f 8200 7800 7895
f 7740 8179 8039
f 8287 7799 7896
f 8197 7954 7724
f 8126 7752 7897
f 8189 8190 7772
f 7861 7753 8138
f 7659 7898 8053
f 8091 7671 7899
f 8186 7702 7898
f 8188 7772 7900
f 7702 8139 7961
f 8122 7670 7901
f 7748 7901 8045
f 8111 7654 8001
f 8010 8099 7879
f 7740 7895 7903
f 7696 8202 7882
f 8106 7796 7947
f 7719 8236 7917
f 8331 7664 7905
f 7703 8246 8146
f 7998 8335 7906
f 8084 7906 155
f 7852 7705 7907
f 7666 8093 7984
f 8265 7908 8192
f 8220 7786 7968
f 7988 7778 7909
f 7780 8216 8050
f 7824 7690 7910
f 7710 7910 7976
f 7910 7710 8141
f 7668 8211 8347
f 8049 7710 8303
f 7652 8166 7822
f 149 150 8278
f 8314 8259 7707
f 8211 7744 8277
f 7820 7914 8257
f 8326 7829 8356
f 7686 8115 8060
f 240 239 8162
f 7781 7916 8083
f 8081 7764 7917
f 215 8236 216
f 7629 7630 7918
f 7745 7918 8057
f 8297 7706 7919
f 7886 7919 7729
f 7936 7774 7920
f 7669 7920 7943
f 7868 7735 8242
f 7673 8210 7932
f 147 148 7922
f 7892 7922 8337
f 7749 7886 7923
f 7749 7923 7932
f 8222 7779 7924
f 8062 8011 7773
f 8157 7675 7925
f 7704 7925 8159
f 8160 7660 7926
f 7704 7926 7987
f 8333 7802 7927
f 7670 8249 7901
f 8254 8336 7928
f 8251 8100 7764
f 7650 7856 7929
f 7766 7929 7875
f 8292 7676 7930
f 7714 7930 8129
f 8177 7667 7931
f 7770 7931 8129
f 8210 8344 7932
f 7673 7932 7923
f 8033 7655 7933
f 7840 7933 7704
f 7639 7640 7934
f 7759 7934 7995
f 8149 7712 7935
f 7769 7935 8148
f 8061 7716 8270
f 7669 7936 7920
f 8035 7713 7937
f 7969 7929 7766
f 7963 7730 8215
f 8221 225 224
f 8268 8267 7939
f 8355 235 234
f 8165 7801 7940
f 7786 7940 8213
f 223 222 8232
f 7924 7941 7758
f 7976 7775 7942
f 7732 7942 8283
f 7920 7746 7943
f 7669 8250 7950
f 7634 7635 7944
f 7834 7944 7726
f 8147 7760 8266
f 8281 8246 7792
f 8202 7755 8235
f 7651 8218 7815
f 8263 7679 7947
f 7719 7947 7904
f 8055 7657 7948
f 7869 7948 7712
f 7856 7720 7949
f 7699 7949 7876
f 8199 7669 7950
f 7915 7950 7713
f 8242 7673 7951
f 7868 8262 7717
f 8238 126 7952
f 8311 8114 7811
f 8197 7724 7953
f 8260 7657 8020
f 8165 7724 7954
f 7801 7954 8040
f 8312 7718 7955
f 7792 7955 8281
f 7955 7792 8312
f 7718 7956 8117
f 7822 7718 7957
f 7652 7957 8087
f 8214 7806 7958
f 8214 8271 7648
f 7979 7723 7959
f 7815 7959 7651
f 8285 7723 7960
f 7661 7960 7814
f 7898 7702 8151
f 7742 8285 7817
f 8295 116 7962
f 7777 7962 8170
f 7987 7783 7963
f 8222 8215 7779
f 8006 7721 8315
f 7798 7964 7870
f 7708 7871 7965
f 7754 7965 8065
f 8132 7782 7966
f 7650 7966 7855
f 8213 7844 8110
f 7734 7967 7846
f 8148 7681 8300
f 7734 7968 8110
f 7739 7937 7969
f 8328 7884 7700
f 7876 7949 8347
f 7668 7970 7973
f 8073 7795 7971
f 7776 8348 8288
f 8292 7794 7972
f 7676 7972 8204
f 7972 7722 8279
f 7788 7973 7970
f 8056 7781 8261
f 156 7974 8084
f 8319 7689 7975
f 8072 8213 7658
f 7910 7775 7976
f 7710 7976 7912
f 7845 7733 7977
f 123 7977 122
f 8090 7799 7978
f 7800 7978 8289
f 7960 7723 7979
f 7814 7979 7683
f 7739 7969 7980
f 7739 8185 8036
f 8093 7726 7981
f 8134 8088 7809
f 7848 7743 8130
f 209 7982 210
f 7653 7823 7983
f 7794 7983 7972
f 7816 7725 7984
f 7816 7984 8093
f 8125 7656 7985
f 7993 7746 7920
f 206 205 7986
f 7848 8164 7693
f 7963 7680 7987
f 7783 7987 7926
f 8043 7778 7988
f 134 7988 133
f 8203 7818 7989
f 7847 8136 7693
f 7874 7731 7990
f 8217 7667 7864
f 7664 7826 7991
f 8089 7711 7889
f 8054 8257 7992
f 7765 7992 7819
f 7725 7985 7993
f 8194 7920 7774
f 7742 7817 7994
f 8052 8016 7818
f 8152 7759 7995
f 7691 7995 7864
f 8336 7661 7996
f 7804 7996 7997
f 7996 7727 7997
f 7804 7997 8263
f 7905 7703 7998
f 7851 7998 7750
f 8310 7698 7999
f 7731 7999 8031
f 7731 7874 8000
f 7731 8000 7872
f 7654 7902 8001
f 7828 8061 8326
f 7632 7633 8002
f 8296 8002 7705
f 8302 7689 8003
f 7845 8003 7733
f 7640 7641 8004
f 7934 8004 7738
f 7631 7890 8005
f 7631 8005 7630
f 7819 7721 8006
f 7819 8006 7660
f 7683 7815 8007
f 7683 8007 8075
f 7813 7728 8008
f 7663 8008 8092
f 7629 7918 8009
f 7628 8009 7842
f 8001 7902 8010
f 7716 8010 7879
f 8223 7758 8011
f 7773 8066 7841
f 8079 7764 8012
f 8240 212 211
f 8284 7677 8013
f 7732 8013 8166
f 7627 7842 8014
f 8353 8097 7625
f 7725 7816 8015
f 7810 8015 8357
f 8341 7743 8016
f 7687 8016 8052
f 132 133 8017
f 7780 8017 7909
f 7831 7653 8018
f 7831 8018 8176
f 7869 7685 8212
f 7785 8019 8096
f 7878 7748 8020
f 7657 8260 7953
f 8325 7821 8021
f 7819 8021 7721
f 7892 7735 8022
f 145 8330 144
f 7883 7655 8205
f 7877 8329 7727
f 8296 7705 8024
f 8334 8076 7802
f 8057 7736 8025
f 7670 8025 8333
f 8117 7763 8026
f 8150 7674 7964
f 7858 7751 8027
f 142 8027 141
f 8337 7708 8028
f 7735 8028 7921
f 203 202 8029
f 7777 8295 7962
f 8249 7791 8349
f 7701 8030 8287
f 7999 7784 8031
f 7990 8031 8217
f 7914 7744 8032
f 8325 7835 7821
f 7841 7655 8033
f 7773 8033 7840
f 7737 7838 8034
f 7737 8201 7854
f 8322 7713 8035
f 8071 7739 8036
f 8035 7739 8071
f 7663 8036 8327
f 8204 7857 8037
f 7676 8180 7930
f 8041 7749 8038
f 7823 8038 7690
f 8040 7740 8039
f 7658 8039 7881
f 7954 7678 8040
f 7801 8040 8039
f 8038 7823 8041
f 7749 8041 7886
f 7733 7827 8042
f 7837 8042 8154
f 8086 7778 8043
f 7622 8043 135
f 8070 7737 8044
f 7870 8044 7697
f 7901 7701 8045
f 8020 8045 8260
f 7971 7795 8046
f 7741 8046 7861
f 8348 7741 8047
f 7693 8047 7847
f 7983 7823 8048
f 7722 8048 7824
f 7911 7710 8049
f 7911 8049 7744
f 7893 8207 8149
f 7712 8050 7869
f 7662 7871 8282
f 7793 8051 7891
f 7742 7994 8052
f 8053 8203 7659
f 7742 8052 8053
f 7742 8053 8151
f 8258 7820 8054
f 7675 8054 7925
f 7878 7657 8055
f 7785 8055 8212
f 158 242 8056
f 158 8261 157
f 8005 7736 8057
f 7745 8057 8059
f 7842 7745 8058
f 7842 8058 8145
f 8122 7865 8059
f 7670 8059 8025
f 8112 7686 8060
f 7830 8209 8143
f 8001 7716 8061
f 8001 8061 7828
f 7680 7924 8062
f 7680 8062 7840
f 8241 7812 8063
f 7916 8063 7709
f 8091 7753 8064
f 7827 8064 8042
f 8344 7754 8065
f 8304 7942 7775
f 7997 7841 8066
f 7679 8066 8011
f 7751 7860 8067
f 7866 8067 8239
f 8106 7758 8068
f 8305 219 218
f 8238 7846 8069
f 125 8069 124
f 8208 7889 8070
f 7870 8070 8044
f 7771 8035 8071
f 7771 8071 8092
f 7752 7975 8072
f 7752 8072 7881
f 8276 7795 8073
f 119 8073 118
f 8198 7859 8074
f 7697 8074 8253
f 7877 7683 8075
f 7747 8075 8299
f 7705 7852 8076
f 8024 8076 8334
f 8078 7790 8077
f 7746 8077 7943
f 8077 7746 8078
f 7790 8078 8233
f 8251 7764 8079
f 8342 8012 7807
f 8330 7867 8080
f 143 8080 7858
f 8012 7764 8081
f 213 8081 214
f 8206 7837 8082
f 120 8082 8276
f 7916 7709 8083
f 7781 8083 7974
f 7750 7906 8084
f 7750 8084 7974
f 7691 7862 8085
f 7691 8085 7863
f 8116 7778 8086
f 7825 8086 7624
f 7957 7761 8087
f 7652 8087 8324
f 8134 7849 8088
f 7809 8088 8118
f 7763 7991 8089
f 7763 8208 8026
f 7896 7799 8090
f 8243 7800 8200
f 7899 7753 8091
f 7671 8091 8317
f 8008 7756 8092
f 7663 8092 8071
f 7907 7726 8093
f 7907 8093 7666
f 8137 7769 8094
f 129 8094 128
f 7748 7878 8095
f 7748 8095 7865
f 8225 7785 8096
f 8145 7767 8014
f 7767 7825 8097
f 7767 8353 8014
f 8247 7843 8098
f 7999 8098 7784
f 8010 7715 8099
f 7879 8350 7666
f 7719 7917 8100
f 7928 8251 8254
f 7703 7836 8335
f 7906 8101 154
f 8017 7780 8102
f 132 8102 131
f 7903 7895 8103
f 7755 8103 7894
f 8047 7741 8104
f 7847 8104 8203
f 7805 8065 8105
f 8346 8182 7690
f 8068 7796 8106
f 8011 8106 7679
f 8328 7766 8107
f 7884 8107 7675
f 8123 7857 8108
f 7855 8108 7720
f 8310 7872 8109
f 7873 8109 8269
f 7967 7734 8110
f 7967 8110 7844
f 8286 7654 8111
f 7757 8111 7828
f 8113 7757 8112
f 7830 8112 8060
f 8289 7757 8113
f 7672 8113 8143
f 8094 7811 8114
f 127 8114 7952
f 7686 7915 8115
f 8060 8115 7771
f 7909 7778 8116
f 7685 8301 8019
f 8140 7763 8117
f 7718 8320 7957
f 7637 7638 8118
f 7637 8118 8088
f 8272 7694 8119
f 7782 8119 7966
f 8357 7682 8120
f 7863 8120 8152
f 7946 7894 8121
f 7728 8121 8008
f 8059 7670 8122
f 7865 8122 7748
f 8108 7694 8123
f 8037 8123 7790
f 8247 7698 8124
f 8275 7873 7803
f 7810 8085 8125
f 7810 8125 7985
f 7975 7752 8306
f 8306 8126 8317
f 8128 7762 8127
f 7862 8127 8125
f 8129 7762 8128
f 7770 8128 7862
f 7930 7762 8129
f 7714 8129 7931
f 207 7848 8130
f 208 8130 7982
f 8352 7843 8131
f 8274 8227 7860
f 7950 7782 8132
f 7713 8132 7937
f 8028 7708 8133
f 8028 8133 7921
f 7682 7981 8134
f 7682 8134 8120
f 7814 7683 8135
f 7814 8135 7727
f 7847 7989 8136
f 7693 8136 7848
f 131 7893 8137
f 130 8137 129
f 8104 7861 8138
f 7659 8138 7898
f 7702 7900 8139
f 7961 8139 7723
f 7956 7664 8140
f 7956 8140 8117
f 7824 7910 8141
f 7824 8141 8244
f 118 8073 8142
f 118 8142 117
f 7894 7672 8143
f 7756 8143 8209
f 226 7938 8144
f 7859 8144 8074
f 7688 8096 8145
f 7688 8145 8058
f 8246 7945 8146
f 7703 8146 7836
f 7891 7707 8147
f 7891 8147 8266
f 8300 7811 8148
f 7681 8148 7935
f 8050 7712 8207
f 7893 8149 8137
f 7761 8026 8150
f 7761 8150 8155
f 7702 7961 8151
f 7898 8151 8053
f 8332 7759 8152
f 7863 8152 7691
f 8118 7638 8153
f 7759 8153 7934
f 8042 7692 8154
f 8082 8154 7795
f 7821 8087 8155
f 7721 8155 7964
f 7747 7885 8156
f 7883 8156 7700
f 7884 7675 8157
f 7768 8157 8173
f 8099 7715 8158
f 8076 8158 7802
f 8160 7926 8159
f 7765 8159 7925
f 7819 7660 8160
f 7765 8160 8159
f 7665 7850 8161
f 7665 8161 8352
f 239 7916 8162
f 240 8162 241
f 230 229 8163
f 7854 8198 8044
f 7986 7777 8164
f 7986 8164 7848
f 7954 7801 8165
f 7724 8165 7908
f 8013 7822 8166
f 7732 8166 7912
f 7897 7752 8167
f 7897 8167 8190
f 7922 148 8168
f 7839 8278 8314
f 203 8029 8169
f 204 8169 205
f 8164 7777 8170
f 8164 8288 7693
f 8219 7866 8171
f 139 8171 8323
f 8309 7717 8172
f 7858 8172 7751
f 7704 7933 8173
f 7704 8173 7925
f 7655 7883 8174
f 7655 8174 7933
f 7883 7700 8175
f 7768 8175 8157
f 7887 7831 8176
f 7931 8176 7714
f 7864 7667 8177
f 7864 8177 8178
f 7691 7864 8178
f 7691 8178 7862
f 8167 7881 8179
f 7696 8179 7903
f 7676 8037 8180
f 7930 8180 7762
f 8351 7706 8181
f 8098 8181 7784
f 8105 7775 8182
f 8105 8346 7805
f 7914 7820 8183
f 8277 7699 7876
f 8002 7834 8184
f 7705 8184 7907
f 7739 7980 8185
f 8036 8185 7885
f 7753 7899 8186
f 7753 8186 7898
f 7919 7886 8187
f 7919 8187 8297
f 8189 7772 8188
f 7899 8188 7702
f 7671 7897 8189
f 7671 8189 7899
f 8167 7696 8190
f 7897 8190 8189
f 8190 7882 8191
f 7772 8191 7900
f 7935 7787 8192
f 7681 8192 8220
f 7716 7879 8193
f 7716 8193 8270
f 7725 7993 8194
f 7725 8194 7984
f 8194 7774 8195
f 7984 8195 7666
f 8339 7826 8196
f 8063 8196 7709
f 7896 7954 8197
f 7797 8197 7953
f 7854 8163 8198
f 7697 8198 8074
f 7936 7669 8199
f 7829 8199 8356
f 8090 7800 8243
f 8040 8200 7740
f 232 231 8201
f 8034 8201 7737
f 7696 7903 8202
f 7882 8202 8235
f 7989 7847 8203
f 7818 8203 8053
f 8037 7676 8204
f 8224 7970 7720
f 7877 7747 8205
f 8023 8205 7655
f 7977 7837 8206
f 122 8206 121
f 7712 8149 8207
f 8050 8207 7780
f 7763 8089 8208
f 8026 8208 7674
f 7830 8060 8209
f 7756 8209 8092
f 7921 7754 8210
f 7921 8210 7673
f 7911 7744 8211
f 7911 8211 7668
f 8055 7869 8212
f 7785 8212 8019
f 8072 7844 8213
f 7658 8213 7940
f 8273 7806 8214
f 7648 8271 7647
f 7938 7779 8215
f 7938 8215 7730
f 7780 7909 8216
f 8050 8216 7869
f 7738 7990 8217
f 7738 8217 7864
f 8007 7815 8218
f 7728 8218 7946
f 7751 7866 8219
f 8027 8219 141
f 8192 7908 8220
f 7681 8220 7968
f 7779 7938 8221
f 7779 8232 7941
f 7680 7963 8222
f 7680 8222 7924
f 7924 7758 8223
f 7924 8223 8062
f 7857 8204 8224
f 7857 8224 8108
f 7878 7785 8225
f 7878 8225 8095
f 7758 7941 8226
f 8068 8226 220
f 8274 7789 8227
f 7860 8227 8067
f 7929 7856 8228
f 7929 8228 7875
f 8069 7845 8229
f 124 8229 123
f 7926 7660 8230
f 7926 8230 7783
f 7963 7783 8231
f 7730 8231 7832
f 8221 223 8232
f 8221 8232 7779
f 8037 7790 8233
f 7762 8233 8127
f 151 152 8234
f 151 8234 8248
f 8191 7882 8235
f 7651 8235 7946
f 215 7917 8236
f 216 8236 7904
f 8265 7787 8237
f 7953 8237 7657
f 125 126 8238
f 7846 8238 7952
f 8171 7866 8239
f 7806 8239 7958
f 7807 8012 8240
f 7807 8240 7982
f 8267 7812 8241
f 237 8241 238
f 7921 7673 8242
f 7921 8242 7735
f 7678 8090 8243
f 7678 8243 8040
f 7973 7824 8244
f 7668 8244 7911
f 7887 7667 8245
f 7887 8245 7784
f 7703 7905 8246
f 7945 8246 8281
f 8098 7698 8247
f 8131 8247 7789
f 150 151 8248
f 7913 8248 7853
f 7701 7901 8349
f 7791 8249 8255
f 7669 7943 8250
f 7950 8250 7782
f 7928 8100 8251
f 7833 8251 8079
f 8006 7798 8252
f 7660 8252 8230
f 7870 7697 8253
f 8252 8253 7832
f 7817 7661 8254
f 7833 8254 8251
f 7927 7715 8255
f 7927 8255 8249
f 7799 8030 8286
f 7654 8256 7902
f 8054 7820 8257
f 7992 8257 7684
f 8107 7875 8258
f 7675 8258 8054
f 8314 7913 8259
f 7707 8259 8147
f 7797 7953 8260
f 7797 8260 8045
f 158 8056 8261
f 157 8261 7974
f 7951 7850 8262
f 7951 8262 7868
f 7997 7679 8263
f 7804 8263 8343
f 7935 7712 8264
f 7787 8264 7948
f 7953 7724 8265
f 7787 8265 8192
f 8284 7891 8266
f 7677 8266 8281
f 8268 7812 8267
f 7939 8267 235
f 8196 7812 8339
f 7711 8268 7939
f 7803 7873 8307
f 7646 8269 7645
f 8193 7936 8270
f 8061 8270 7829
f 7958 7803 8271
f 7958 8271 8214
f 8077 7694 8272
f 7943 8272 7782
f 137 138 8273
f 7649 8273 7648
f 7665 8131 8274
f 7665 8274 7860
f 7789 8124 8275
f 7789 8275 8227
f 8082 7795 8276
f 120 8276 119
f 7914 8183 8277
f 7914 8277 7744
f 8168 149 8278
f 8168 8278 7839
f 7788 7972 8279
f 7788 8279 7973
f 7905 7664 8280
f 7905 8280 8246
f 8266 7945 8281
f 7677 8281 7955
f 8051 7793 8282
f 8051 8282 7871
f 8013 7732 8283
f 8013 8283 8284
f 8266 7677 8284
f 7793 8284 8283
f 7961 7723 8285
f 7961 8285 7742
f 8256 7654 8286
f 7799 8286 7978
f 8030 7799 8287
f 7701 8287 8338
f 8170 7776 8288
f 8170 8288 8164
f 7978 7757 8289
f 7800 8289 8290
f 7895 7800 8290
f 7895 8290 7672
f 7940 7801 8291
f 7658 8291 8039
f 7972 7676 8292
f 7794 8292 8293
f 7714 8018 8293
f 7714 8293 7930
f 7944 7635 8294
f 7944 8294 7849
f 115 116 8295
f 8029 8295 7777
f 7890 8002 8296
f 7890 8296 8024
f 7887 7706 8297
f 7831 8297 8187
f 8000 7643 8298
f 7872 8298 8109
f 8075 7813 8299
f 7747 8299 7885
f 8311 7811 8300
f 7968 8300 7681
f 7685 8116 8301
f 8019 8301 7767
f 7967 7689 8302
f 7846 8302 8069
f 7710 7912 8303
f 8049 8303 7835
f 7775 8105 8304
f 7942 8304 7662
f 7796 8068 8305
f 7796 8305 7904
f 8319 7975 8306
f 7808 8306 8317
f 8271 7803 8307
f 8271 8307 7647
f 7958 7695 8308
f 7958 8308 7803
f 7868 7717 8309
f 7867 8309 8080
f 7999 7872 8310
f 7698 8310 8124
f 7952 8114 8311
f 7734 8311 7968
f 7956 7718 8312
f 7956 8312 7792
f 8168 7839 8313
f 7922 8313 8337
f 8278 7913 8314
f 7839 8314 7871
f 7721 7964 8315
f 8006 8315 7798
f 7656 8078 8316
f 7985 8316 7993
f 8126 7671 8317
f 7808 8317 7827
f 7808 7827 8318
f 7808 8318 8003
f 8003 7689 8319
f 7808 8319 8306
f 7718 8117 8320
f 7957 8320 7761
f 8331 7851 8321
f 7826 8321 8196
f 7915 7713 8322
f 8115 8322 7771
f 138 139 8323
f 138 8323 8273
f 7821 7835 8324
f 7821 8324 8087
f 7684 8032 8325
f 7684 8325 8021
f 7686 7828 8326
f 8356 8199 7915
f 8008 7663 8327
f 7813 8327 8299
f 7700 7980 8328
f 7884 8328 8107
f 7877 8023 8329
f 7727 8329 7997
f 8022 7867 8330
f 8022 8330 145
f 7905 7851 8331
f 7664 8331 7826
f 8120 7809 8332
f 8120 8332 8152
f 8025 7802 8333
f 7670 8333 7927
f 7736 8024 8334
f 7736 8334 8025
f 8101 7906 8335
f 8101 8335 7836
f 8254 7661 8336
f 7928 8343 7719
f 8313 7708 8337
f 7892 8337 8028
f 7797 8045 8338
f 7896 8338 8287
f 8268 7711 8339
f 8268 8339 7812
f 7699 8183 8340
f 7875 8340 8258
f 7982 7743 8341
f 7807 8341 8342
f 7687 8079 8342
f 7687 8342 8016
f 8336 7804 8343
f 8336 8343 7928
f 8210 7754 8344
f 7932 8344 7805
f 7932 7805 8345
f 7749 8345 8038
f 8105 8182 8346
f 7805 8346 8345
f 7970 7668 8347
f 7970 8347 7949
f 7776 7971 8348
f 8288 8348 8047
f 7791 8030 8349
f 8249 8349 7901
f 8099 7852 8350
f 8099 8350 7879
f 7880 7706 8351
f 7880 8351 8352
f 8161 7880 8352
f 7665 8352 8131
f 7625 7626 8353
f 8097 8353 7767
f 8241 8063 8354
f 238 8354 239
f 7838 7939 8355
f 7838 8355 8034
f 7686 8326 8356
f 7686 8356 7915
f 8015 7682 8357
f 7810 8357 7863
f 7725 8015 8358
f 7725 8358 7985
f 8321 7851 8359
f 7709 8359 8083
f 8778 8374 8375
f 8788 147 146
f 8666 8503 8817
f 8361 8362 8641
f 8716 8936 8584
f 8588 8999 9010
f 8966 8548 8641
f 8682 8550 9070
f 8922 8572 8700
f 8693 8365 8618
f 9116 8470 8761
f 8760 8584 8858
f 8815 8367 8368
f 8611 141 140
f 8679 8549 8618
f 8470 9059 8845
f 8592 8483 8815
f 9163 8470 8762
f 8725 8371 8372
f 9164 8922 143
f 168 8985 169
f 8984 8833 8486
f 8665 8400 9112
f 8945 8856 8540
f 8985 8535 8723
f 166 9158 167
f 148 8746 8926
f 9076 9158 165
f 8622 150 149
f 8748 8459 8580
f 9161 8480 8785
f 9076 8658 9158
f 9076 165 164
f 9125 153 152
f 8854 162 9149
f 9126 154 153
f 9076 8496 8658
f 8831 8460 8986
f 9028 161 160
f 9160 8606 158
f 9119 8624 9150
f 8986 8460 9051
f 9150 156 9119
f 8606 9154 158
f 159 58 158
f 8641 8588 8361
f 9031 174 8975
f 8641 8454 8588
f 8727 139 8999
f 9007 136 135
f 9089 8397 8770
f 8823 8494 8667
f 9022 8396 8681
f 9141 8413 8735
f 8862 8484 8713
f 8827 8376 8377
f 176 175 8862
f 8713 8806 177
f 9002 8511 8888
f 8838 8440 8573
f 8951 8383 8384
f 8928 8803 8403
f 8781 184 183
f 8894 8843 121
f 8929 8837 8916
f 115 57 201
f 9142 8404 8869
f 8929 8916 186
f 8821 8443 8596
f 8894 120 8699
f 8855 190 189
f 9036 8472 8881
f 8871 8490 8821
f 9099 8490 8683
f 192 8847 193
f 8847 8751 8921
f 8892 8973 8699
f 8921 193 8847
f 8842 9024 196
f 9024 8485 8671
f 8972 8471 8731
f 8671 8485 8825
f 9024 8842 8485
f 8671 8948 198
f 8948 199 198
f 8632 8471 8675
f 200 8632 201
f 137 8360 9010
f 8950 8690 8468
f 8931 8482 8809
f 8998 8497 8616
f 8806 179 178
f 9133 8899 8380
f 8866 8497 8781
f 8636 9110 8840
f 8866 8781 183
f 8781 185 184
f 8753 8818 8522
f 8849 8501 8796
f 8672 8637 8444
f 9038 8440 8620
f 8960 8442 8602
f 8790 8521 8951
f 9084 8421 8673
f 8736 8386 8387
f 125 8910 9140
f 8997 8577 8422
f 9111 8421 8685
f 8782 8417 8619
f 8897 8469 8698
f 8782 9020 8764
f 8904 8660 129
f 8902 8507 8736
f 9134 8476 8763
f 8989 8390 8391
f 9033 8710 133
f 8619 8417 8721
f 134 133 8710
f 8594 8989 9007
f 8723 8823 170
f 8592 8433 8813
f 9000 8393 8581
f 9052 8440 8838
f 8806 8647 179
f 8707 8456 8608
f 8872 8401 8584
f 8662 8375 8376
f 8787 8408 8783
f 9066 8418 8933
f 9083 8603 8858
f 9040 8487 8729
f 8705 8404 8630
f 8892 8699 119
f 8832 8420 8805
f 8902 8736 8387
f 9021 8400 8687
f 8667 173 172
f 8725 8372 8666
f 8993 8807 9100
f 8614 8789 8570
f 9129 8381 8382
f 8929 185 8781
f 8930 8547 8703
f 9044 8623 9142
f 8910 125 124
f 8802 8634 8405
f 8789 8532 8784
f 8506 8587 8640
f 8628 8438 8750
f 8693 8458 8987
f 8965 8508 8661
f 8926 8746 8467
f 8728 8565 8884
f 9015 8549 8814
f 8815 8368 8974
f 9126 153 9125
f 8824 8414 8607
f 182 181 8648
f 8627 8553 8656
f 8817 8990 8715
f 9104 8423 8719
f 8801 8616 8734
f 8713 177 176
f 8748 8465 9124
f 9030 8426 8628
f 8935 8472 8973
f 8972 8851 8675
f 190 8855 8743
f 8976 8612 8804
f 8897 8697 8469
f 8852 8527 8957
f 9066 8850 8418
f 9004 8423 8696
f 9078 8742 8676
f 8931 8826 8686
f 9138 8481 9055
f 8809 8419 8690
f 8978 8421 8739
f 9011 128 127
f 8963 8422 8644
f 8570 9109 8614
f 8558 9104 8719
f 8712 8802 8547
f 8881 8472 9153
f 8630 8404 8846
f 8612 8633 8819
f 9061 8430 8664
f 9016 8903 8426
f 8793 8414 8580
f 9094 8540 8856
f 8945 146 145
f 9097 8428 8844
f 9009 8604 8829
f 8538 9082 8774
f 8758 8489 9148
f 9065 8656 9061
f 9081 8462 8712
f 8822 8494 8607
f 8979 8455 8687
f 8943 8523 8954
f 9110 8752 8964
f 8813 8433 8585
f 8906 8370 9003
f 8576 8887 8785
f 8744 8812 154
f 9162 8435 8700
f 8922 8816 144
f 8777 8610 8436
f 8953 8420 8832
f 8853 8437 8900
f 8617 8500 8882
f 8750 8438 8924
f 8714 8418 8850
f 8428 8932 8844
f 8857 9083 8718
f 8381 9129 8875
f 8652 9027 8830
f 9130 8740 8794
f 9144 8485 8842
f 9087 8898 8631
f 8705 8522 8923
f 8745 8493 8596
f 8574 8855 188
f 8923 8444 8705
f 9008 8425 8876
f 8868 8507 8619
f 9039 8489 8758
f 8779 8643 8446
f 8643 8542 8633
f 8527 8956 8644
f 9107 8429 9001
f 9047 8534 8920
f 9045 8724 9085
f 9044 8449 8623
f 8978 8739 8901
f 8692 8450 9136
f 8943 8704 8952
f 8889 8451 8651
f 8869 8404 8637
f 8805 8452 8927
f 8980 8488 8733
f 8873 8453 8678
f 9064 8488 8754
f 8659 8775 8548
f 9010 138 137
f 9029 8455 8688
f 8607 8939 8822
f 8870 8456 8708
f 8649 8525 8709
f 8800 8833 9077
f 9057 8508 8768
f 9037 8454 8641
f 8679 8366 8367
f 9103 8459 8748
f 8981 8455 8689
f 8747 8460 8624
f 8986 9028 8606
f 8909 8536 8704
f 8797 8481 8597
f 8726 8462 9081
f 8634 8517 8860
f 180 8647 9025
f 8627 8394 9091
f 8734 8464 8801
f 8617 8437 9086
f 8580 8959 8991
f 9158 166 165
f 9106 8466 8718
f 9023 8439 9070
f 8836 8467 8732
f 8746 147 8788
f 8733 8468 8690
f 8969 8503 8778
f 130 8660 8697
f 8673 8695 9117
f 9162 9163 8762
f 9116 141 8611
f 8935 8541 8731
f 116 115 8632
f 8996 8501 8639
f 8890 8818 8510
f 8564 8839 8749
f 8839 8684 8747
f 8373 8874 8666
f 8584 8401 8858
f 9140 8591 8738
f 9098 8404 9142
f 9007 135 8594
f 8896 9033 132
f 8918 8759 8772
f 8932 8506 8886
f 8765 8478 9132
f 8767 8544 8766
f 8769 8479 8575
f 8661 8427 8856
f 8785 8480 8576
f 8905 150 8622
f 8798 8481 8609
f 8786 8598 8452
f 8830 8514 8573
f 8826 8377 8378
f 9043 8483 8814
f 8974 8369 8906
f 175 174 9031
f 9006 8600 8601
f 195 9143 8842
f 8893 8731 8825
f 9132 8884 8565
f 8674 8427 8625
f 9013 8565 8728
f 8499 9022 8864
f 8912 8551 8754
f 9026 8691 8468
f 8878 9039 8758
f 8721 8417 9056
f 8821 8490 8574
f 8683 8589 8911
f 8811 8491 9068
f 8877 8416 8642
f 9046 8492 8829
f 8682 8439 9050
f 8596 8493 8808
f 8919 8411 9113
f 8607 8494 8824
f 9093 8566 8975
f 9023 8495 8858
f 8585 8433 8760
f 8942 8496 8684
f 164 163 8854
f 182 8648 8866
f 8998 8411 8669
f 8956 8645 8840
f 8663 8449 8593
f 8863 8499 8680
f 8487 8728 8729
f 8756 9012 8810
f 8938 8519 8979
f 8639 8501 8880
f 8491 8795 8796
f 8877 8502 8589
f 8795 8491 8740
f 8374 8778 8874
f 8778 8375 8662
f 8967 8661 8504
f 8971 8529 8732
f 8936 8505 8584
f 8925 8677 8873
f 8773 8587 8885
f 8668 8397 8886
f 9073 8736 8868
f 8388 8389 8701
f 9057 8741 8508
f 9069 8668 8457
f 8958 8852 8878
f 9159 8619 8721
f 8631 8510 8753
f 8898 122 8843
f 8876 8615 8888
f 8888 9000 9002
f 8903 8512 8628
f 8918 8940 8635
f 8694 8809 8482
f 8827 8950 8662
f 8784 8514 8830
f 9034 8419 8694
f 9147 8685 8961
f 8602 8442 8630
f 8891 8516 8714
f 8940 8649 9074
f 8708 8707 8517
f 8861 8609 8860
f 9045 9123 8394
f 8518 9090 8850
f 8979 8519 8689
f 8400 8665 8977
f 131 8697 8896
f 8698 8417 8764
f 8951 8521 8913
f 8790 8385 8586
f 8983 8522 8630
f 8923 8599 8444
f 8954 8523 8962
f 8952 8702 8953
f 8970 8524 8806
f 8647 180 179
f 9017 8525 8719
f 8772 8477 8773
f 8937 8526 8696
f 8777 8436 8608
f 8577 8852 8957
f 8840 8498 9120
f 9038 8528 9027
f 8644 8447 8964
f 8783 8792 8486
f 8408 8730 8836
f 9032 8530 8672
f 8612 8446 8633
f 128 9011 8904
f 8867 9011 8738
f 8597 8805 8420
f 8927 8514 8784
f 8681 8533 8793
f 8835 8544 8688
f 9113 8717 8919
f 9047 8655 9063
f 8723 8535 8824
f 8985 168 8657
f 8994 8536 8909
f 9054 8405 8609
f 8704 8943 8393
f 8841 8498 8593
f 9145 8538 8869
f 8774 8593 8449
f 8882 8665 8900
f 8891 8635 8516
f 8945 8540 8788
f 8746 148 147
f 8851 8541 8892
f 8935 8415 8706
f 8633 8542 9018
f 9019 8791 9062
f 9131 8543 8765
f 8759 8512 8903
f 8533 8834 8835
f 8766 8478 8767
f 8903 8628 8426
f 9021 8687 8545
f 8751 8546 8911
f 9152 191 8743
f 8865 8547 8930
f 8802 8462 8634
f 8364 8693 8995
f 9080 8407 8845
f 9015 8670 9042
f 8618 8365 8366
f 8828 9071 9009
f 9071 8859 8722
f 9067 8551 8937
f 8754 8395 8912
f 9053 8552 8702
f 9054 8609 9138
f 9092 8553 9081
f 9091 8726 8553
f 9062 8791 8554
f 9065 8448 8656
f 8843 8555 8890
f 121 120 8894
f 9123 8556 9086
f 8735 8413 8617
f 8411 8595 8669
f 8916 8574 188
f 8718 8558 9106
f 9105 8937 8696
f 8924 8559 8750
f 8539 8853 8900
f 8908 8560 9100
f 8993 8428 8720
f 151 8776 152
f 8749 8473 8744
f 9095 8562 8857
f 9050 8563 8682
f 9096 8844 9050
f 8886 8397 9089
f 8737 8564 9146
f 8839 8747 8473
f 9013 8783 8565
f 8629 8406 8765
f 173 8975 174
f 8431 9006 8780
f 8663 8567 9147
f 9148 8695 9111
f 194 8921 9143
f 9144 8590 8893
f 9114 8569 8627
f 8411 8998 8801
f 9122 8570 8789
f 9110 8636 9109
f 8941 8571 9107
f 9121 8636 8571
f 8700 8572 9162
f 9164 142 8761
f 8694 8573 8514
f 8838 8582 9052
f 8855 8574 8490
f 188 187 8916
f 8769 8575 8845
f 8479 8768 8575
f 8730 8944 8480
f 8887 8737 8434
f 8997 8621 8577
f 8445 8879 9135
f 9003 8578 8906
f 9102 8716 9101
f 8383 8913 9129
f 8883 8422 8620
f 8793 8580 8459
f 8414 8824 8959
f 9121 8941 8581
f 8941 9000 8581
f 8686 8899 8482
f 9133 8381 8875
f 8680 9103 8410
f 9124 8658 8496
f 8716 8584 8433
f 8505 8872 8584
f 8859 8585 8495
f 8814 8483 8813
f 8621 8586 8445
f 8385 8386 8586
f 8771 8587 8477
f 8968 8457 8668
f 8361 8588 9010
f 9060 8611 8727
f 8740 8589 8502
f 8911 8546 9099
f 8794 8590 8992
f 8893 8825 8485
f 8738 8591 8475
f 8910 124 9087
f 8370 8906 8369
f 8578 9101 8592
f 8841 8593 8429
f 8820 8399 8663
f 134 8594 135
f 9134 8763 8594
f 8803 9072 8534
f 8907 8557 8669
f 8683 8871 8416
f 8443 8745 8596
f 8797 8597 8420
f 8799 8395 8786
f 8597 8786 8452
f 8395 8754 8598
f 8880 8599 8424
f 8849 8796 8398
f 8601 8600 8500
f 9006 8939 8600
f 8810 8601 8500
f 8780 8566 9093
f 8901 8602 8515
f 8475 8591 8960
f 9096 8603 8857
f 8858 8401 9083
f 8770 8604 9089
f 8829 8492 9009
f 8889 8605 8451
f 9001 8429 9082
f 9154 8606 9028
f 158 157 9160
f 8689 8607 8414
f 8939 8431 8822
f 8707 8608 8436
f 8456 8709 8608
f 8860 8609 8405
f 8436 8798 8609
f 8912 9058 8526
f 8610 8799 8798
f 139 8727 140
f 9060 8654 9059
f 8914 8612 8530
f 8976 8502 8642
f 8947 8613 8462
f 8418 8708 8933
f 8954 8962 8432
f 8962 8953 8832
f 8876 8692 8615
f 9136 8994 8909
f 8915 8616 8497
f 8463 8734 8616
f 9085 8735 8556
f 8413 8810 8617
f 9042 8618 8549
f 8458 8693 8618
f 8868 8619 8445
f 8507 8782 8619
f 9128 9108 8620
f 9108 8521 8883
f 8790 8621 8521
f 8445 8577 8621
f 8730 8622 8467
f 8480 8776 8905
f 8961 8623 8449
f 9098 8846 8404
f 155 9119 156
f 8473 8747 8624
f 8674 8625 8457
f 8934 8661 8508
f 8893 8811 8415
f 9068 8796 8501
f 9114 8627 8448
f 9115 8464 8724
f 9030 8628 8545
f 8917 8438 8628
f 9014 8629 9132
f 8486 8800 8629
f 8983 8630 8442
f 8705 8444 8637
f 9035 8910 8631
f 9087 123 8898
f 201 8632 115
f 200 199 8948
f 8819 8633 8425
f 8446 8643 8633
f 8613 8634 8462
f 8613 8933 9079
f 8917 8635 8438
f 8918 8392 8940
f 9120 8636 8840
f 9110 8570 8752
f 8638 9032 8444
f 9145 8955 8538
f 8599 8638 8444
f 8398 8914 8638
f 8890 8881 8424
f 9153 8706 8996
f 8406 8640 8587
f 8800 8486 8833
f 8363 8966 8362
f 8548 8775 9037
f 8808 8779 8642
f 8976 8804 8502
f 8642 8779 8446
f 9075 8791 8542
f 8963 8644 8528
f 8957 8527 8644
f 8958 8645 8527
f 8399 8820 8645
f 8949 8646 8463
f 9118 8756 8413
f 8949 8647 8524
f 8463 8616 8915
f 9025 8648 181
f 8647 8463 8648
f 9074 8649 8456
f 8392 8908 8649
f 161 9149 162
f 9051 8684 8496
f 9155 8672 8651
f 9157 8819 8425
f 8752 9027 8528
f 8573 8440 8652
f 8946 8653 9090
f 9086 8437 8853
f 8845 8654 9080
f 9059 8611 9060
f 9063 8655 9065
f 8403 8803 9047
f 9061 8656 8430
f 8448 8627 8656
f 167 8657 168
f 8991 8535 8985
f 8583 9124 8496
f 8465 8657 8895
f 8987 8659 8548
f 9151 8670 8711
f 129 8660 130
f 9084 8739 8421
f 8700 8967 8504
f 8508 8625 8934
f 8377 8826 8827
f 8969 8691 8503
f 8498 8820 8593
f 8399 8758 8663
f 9062 8664 8994
f 8664 8988 8865
f 8900 8665 8559
f 8977 8600 8938
f 9102 8725 8474
f 8372 8373 8666
f 8975 8667 9093
f 172 171 8823
f 8968 8668 8506
f 8457 8625 9069
f 8907 8669 8595
f 9088 8781 8497
f 8711 8670 8492
f 9042 8549 9015
f 8632 8948 8471
f 198 197 9024
f 9157 8672 8530
f 8651 8451 9155
f 8660 8673 8469
f 8660 8531 8673
f 8833 8674 8457
f 8529 8971 8674
f 116 8675 117
f 116 8632 8675
f 8927 8676 8514
f 8452 8598 9078
f 8873 8677 8453
f 8412 8755 8677
f 9105 8678 8453
f 8558 8718 8678
f 9043 8679 8483
f 8618 8366 8679
f 8839 8863 8410
f 8864 8681 8459
f 8680 8864 8459
f 8396 8834 8681
f 8886 9089 8563
f 8604 8550 8682
f 8589 8683 8416
f 9099 8743 8490
f 8942 8684 8410
f 8496 8650 9051
f 9098 8961 8515
f 8567 9111 8685
f 8379 8686 8378
f 8899 8582 8482
f 9029 8687 8455
f 8400 8938 8687
f 8835 8688 8455
f 9137 8767 8426
f 8607 8689 8519
f 8982 8533 8981
f 8809 8690 8513
f 8980 8742 8488
f 8733 9026 8468
f 8990 8817 8503
f 9018 8692 8425
f 8542 9019 8692
f 8966 8995 8548
f 8364 8365 8693
f 8573 8694 8482
f 9034 8676 8419
f 8757 8695 8489
f 8673 8421 8695
f 9105 8696 9104
f 8526 8777 9004
f 130 8697 131
f 8660 8469 8697
f 8897 8698 8520
f 9117 8695 8757
f 119 8699 120
f 119 118 8892
f 8965 8967 8435
f 8816 145 144
f 8390 8763 8389
f 9020 8782 8507
f 9053 8702 8461
f 8552 8797 8702
f 8930 8703 8461
f 9041 8802 8405
f 8909 8704 8393
f 8536 8930 8704
f 8404 8705 8637
f 8630 8522 8705
f 8626 8706 8415
f 9153 8639 8881
f 8861 8707 8436
f 8933 8613 9066
f 9049 8870 8708
f 8456 8707 8708
f 9156 8709 8423
f 8456 8649 8709
f 8764 9005 8520
f 8594 134 8710
f 8659 8711 8407
f 8659 8458 9151
f 8988 8712 8547
f 8712 9092 9081
f 8756 8970 8484
f 8970 8806 8713
f 8924 8891 8714
f 8516 8870 9049
f 8817 8715 8474
f 8412 8677 8925
f 9101 8716 8433
f 8474 8715 8936
f 8920 8717 8448
f 8534 8919 8717
f 9095 8857 8466
f 8401 8678 8718
f 8709 9017 8423
f 8525 8807 8719
f 8807 8720 8466
f 8993 8773 8428
f 9159 8721 9039
f 9056 8698 8757
f 9070 8722 9023
f 8550 9071 8722
f 8823 8723 8494
f 170 169 8723
f 8627 8724 8394
f 8627 8569 8724
f 8474 8725 8666
f 8578 9003 8725
f 8946 8726 8394
f 8946 8947 8726
f 8454 8727 8588
f 8611 140 8727
f 9013 8728 8487
f 8884 8478 8766
f 8737 9040 8499
f 8728 8396 8729
f 8944 8730 8408
f 8480 8622 8730
f 8972 8731 8541
f 8893 8485 9144
f 8836 8732 8529
f 9048 8746 8540
f 8419 8742 8980
f 8488 8755 9026
f 8646 8734 8463
f 9141 8735 8464
f 8556 8735 8617
f 8464 8734 9141
f 8386 8736 8586
f 8387 8388 8902
f 8863 8737 8499
f 8434 8785 8887
f 8867 8738 8475
f 127 126 8738
f 8867 8739 8531
f 8475 8901 8739
f 8795 8740 8502
f 8491 8794 8740
f 8668 8741 8397
f 8625 8508 8741
f 8676 8742 8419
f 8598 8488 8742
f 9152 8743 9099
f 191 190 8743
f 9127 8749 8561
f 8473 8624 8812
f 8595 8745 8443
f 8595 8534 8745
f 8732 9048 8540
f 8467 8622 8926
f 8749 8839 8473
f 8684 8460 8747
f 8465 8748 8580
f 9103 8680 8459
f 8561 8749 8744
f 9146 8564 8749
f 9112 9021 8750
f 8545 8628 8750
f 8992 8751 8441
f 8921 194 193
f 9027 8752 8402
f 8964 8447 9110
f 8631 8753 8442
f 8818 8424 8848
f 9064 8754 8551
f 8488 8598 8754
f 8677 8755 8551
f 8412 8691 9026
f 9012 8756 8484
f 8413 8646 9118
f 8721 8757 8489
f 8698 8469 8757
f 8663 8758 8567
f 9039 8509 9159
f 9139 8759 8543
f 8477 8772 8759
f 8585 8760 8495
f 8433 8584 8760
f 9164 8761 8572
f 142 141 9116
f 8845 8762 8470
f 8575 8435 8762
f 9020 8763 8476
f 8701 8389 8763
f 9005 8764 8476
f 8520 8698 8764
f 8771 9131 8406
f 9016 8767 8478
f 8834 8766 8544
f 8396 8728 8766
f 8765 9016 8478
f 8426 9030 9137
f 8575 8768 8435
f 8479 8770 9057
f 8711 9046 8407
f 9046 8829 8769
f 8604 8770 8479
f 8397 8741 8770
f 8587 8771 8406
f 8477 8759 9139
f 8908 8772 8560
f 8392 8918 8772
f 8772 8773 8560
f 8477 8587 8773
f 8955 9082 8538
f 8429 8593 8774
f 8407 9080 8659
f 8654 8454 8775
f 9125 8776 9161
f 151 150 8905
f 9156 9004 8777
f 8526 8610 8777
f 8468 8969 8662
f 8874 8373 8374
f 8416 8808 8642
f 8493 8803 8928
f 9012 8780 8601
f 8484 8862 8780
f 8669 9088 8497
f 8557 8929 8781
f 8701 9020 8507
f 8764 8417 8782
f 8792 8783 8408
f 8486 9014 8783
f 8789 8784 8402
f 8532 8805 8927
f 9127 8785 8434
f 9161 8776 8480
f 8481 8799 8597
f 8395 8598 8786
f 8576 8787 8487
f 8576 8944 8787
f 145 8816 8945
f 8540 8746 8788
f 8752 9122 8402
f 8614 8532 8789
f 8385 8790 8384
f 8586 8621 8790
f 8643 9075 8542
f 8403 9063 8791
f 8836 8792 8408
f 8984 8674 8833
f 8681 8793 8459
f 8533 8982 8793
f 9130 8794 8441
f 8491 8811 8794
f 8804 8795 8502
f 9068 8501 8626
f 8398 8796 8795
f 8398 8638 8849
f 8702 8797 8420
f 9055 8481 8797
f 8610 8798 8436
f 8610 9058 8799
f 8597 8799 8786
f 8481 8798 8799
f 8406 8800 8640
f 8406 8629 8800
f 9115 8801 8464
f 8569 9113 8801
f 8703 9041 8405
f 8712 8462 8802
f 9075 8928 8403
f 9072 8745 8534
f 8398 8804 8612
f 8398 8795 8804
f 8832 8805 8532
f 8597 8452 8805
f 177 8806 178
f 8524 8647 8806
f 8719 8807 8466
f 9100 8560 8993
f 8596 8808 8416
f 8493 8779 8808
f 8931 8809 8513
f 8694 8419 8809
f 8617 8810 8500
f 8413 8756 8810
f 8415 8811 8626
f 8590 8794 8811
f 154 8812 155
f 8744 8473 8812
f 8814 8813 8585
f 8483 8592 8813
f 8409 8814 8585
f 8409 9015 8814
f 8679 8815 8483
f 8679 8367 8815
f 8504 8816 8700
f 8945 8788 146
f 8666 8817 8474
f 8503 8691 8990
f 8510 8818 8753
f 8510 8843 8890
f 9008 9157 8425
f 8530 8612 8819
f 8593 8820 8663
f 8498 8645 8820
f 8871 8821 8596
f 8574 8837 8821
f 8780 9093 8431
f 8667 8494 8822
f 172 8823 8667
f 171 170 8823
f 8723 8824 8494
f 8959 8580 8414
f 8471 8825 8731
f 8471 8671 8825
f 8686 8826 8378
f 8827 8662 8376
f 8513 8827 8826
f 8513 8690 8950
f 9071 8828 8409
f 8492 8670 8828
f 8479 8829 8604
f 8479 8769 8829
f 8652 8830 8573
f 8402 8784 8830
f 156 9150 157
f 8624 8460 8831
f 8614 8832 8532
f 8962 8523 8953
f 9077 8833 8457
f 8486 8792 8984
f 8681 8834 8533
f 8396 8766 8834
f 8981 8835 8455
f 8834 8544 8835
f 8792 8836 8529
f 8730 8467 8836
f 8907 8837 8557
f 8443 8821 8837
f 8482 8838 8573
f 8482 8582 8838
f 8863 8839 8564
f 8410 8684 8839
f 8956 8840 8447
f 8645 8498 8840
f 9107 8841 8429
f 8571 9120 8841
f 195 8842 196
f 8568 9144 8842
f 8898 8843 8510
f 122 121 8843
f 9095 9097 8562
f 8428 8885 8932
f 8769 8845 8407
f 8575 8762 8845
f 8602 8846 8515
f 8602 8630 8846
f 191 9152 192
f 8546 8751 8847
f 8818 8848 8522
f 8424 8599 8848
f 8599 8849 8638
f 8599 8501 8849
f 9090 8853 8850
f 8539 8714 8850
f 117 8851 118
f 117 8675 8851
f 9135 8852 8577
f 8509 8878 8852
f 8850 8853 8539
f 8653 9086 8853
f 162 8854 163
f 8650 8496 8854
f 8743 8855 8490
f 189 188 8855
f 8661 8856 8504
f 9094 8732 8540
f 8466 8857 8718
f 8562 9096 8857
f 9023 8858 8603
f 8495 8760 8858
f 8722 8859 8495
f 8409 8585 8859
f 8634 8860 8405
f 8861 8436 8609
f 8517 8861 8860
f 8517 8707 8861
f 176 8862 8713
f 8566 8780 8862
f 8410 8863 8680
f 8564 8737 8863
f 8499 8864 8680
f 8499 8729 9022
f 8994 8865 8536
f 8664 8430 8988
f 182 8866 183
f 8648 8497 8866
f 8739 8867 8475
f 8531 8904 9011
f 8586 9073 8445
f 8736 8507 8868
f 9155 9145 8637
f 8538 9044 9142
f 8418 9049 8708
f 8516 8940 9074
f 8416 8871 8596
f 8683 8490 8871
f 8873 8872 8505
f 8678 8401 8872
f 8872 8873 8678
f 8505 8925 8873
f 8503 8874 8778
f 8503 8666 8874
f 9128 9052 8875
f 9133 8380 8381
f 8889 9008 8511
f 8425 8692 8876
f 8416 8877 8589
f 8642 8502 8877
f 8399 8878 8758
f 8399 8958 8878
f 8852 9135 8509
f 8445 8619 8879
f 8639 8880 8424
f 8501 8599 8880
f 8424 8881 8639
f 9036 8699 8472
f 8617 8882 8437
f 8500 8665 8882
f 9108 8883 8620
f 8521 8621 8997
f 8728 8884 8766
f 8565 9014 9132
f 8773 8885 8428
f 8587 8506 8885
f 8932 8886 8563
f 8506 8668 8886
f 8487 8887 8576
f 8487 9040 8887
f 8876 8888 8511
f 8615 8909 8888
f 9157 9008 8651
f 8511 9002 8889
f 8881 8890 8555
f 8424 8818 8890
f 8539 8924 8714
f 8438 8635 8891
f 8851 8892 118
f 8973 8472 8699
f 8811 8893 8590
f 8415 8731 8893
f 9036 8894 8699
f 8555 8843 8894
f 9124 8895 8658
f 8657 167 8895
f 8710 9033 8520
f 132 131 8896
f 8896 8897 8520
f 8896 8697 8897
f 8631 8898 8510
f 123 122 8898
f 8379 8899 8686
f 8379 8380 8899
f 8924 8900 8559
f 8437 8882 8900
f 8978 8901 8515
f 8475 8602 8901
f 8701 8902 8388
f 8701 8507 8902
f 8767 9016 8426
f 8543 8759 8903
f 128 8904 129
f 8531 8660 8904
f 8480 8905 8622
f 8776 151 8905
f 8592 8906 8578
f 8592 8974 8906
f 8443 8907 8595
f 8443 8837 8907
f 8649 8908 8525
f 8392 8772 8908
f 8888 8909 8393
f 9136 8450 8994
f 8442 9035 8631
f 8591 9140 8910
f 9130 8911 8589
f 8441 8751 8911
f 9058 8912 8395
f 8526 8937 8912
f 9108 8913 8521
f 9129 8382 8383
f 9032 8914 8530
f 8398 8612 8914
f 8648 8915 8497
f 8648 8463 8915
f 186 8916 187
f 8837 8574 8916
f 8512 8917 8628
f 8512 8635 8917
f 8512 8918 8635
f 8512 8759 8918
f 8595 8919 8534
f 8595 8411 8919
f 8717 8920 8534
f 8448 8655 8920
f 8568 8921 8751
f 9143 195 194
f 8816 8922 8700
f 144 143 8922
f 8848 8923 8522
f 8848 8599 8923
f 8891 8924 8438
f 8539 8900 8924
f 8715 8925 8505
f 8715 8412 8925
f 149 8926 8622
f 149 148 8926
f 8532 8927 8784
f 8452 8676 8927
f 8779 8928 8643
f 8779 8493 8928
f 8837 8929 8557
f 186 185 8929
f 8704 8930 8461
f 8536 8865 8930
f 8826 8931 8513
f 8686 8482 8931
f 8844 8932 8563
f 8885 8506 8932
f 8517 8933 8708
f 9079 8634 8613
f 8427 8934 8625
f 8427 8661 8934
f 8415 8935 8731
f 8706 8472 8935
f 8474 8936 8716
f 8715 8505 8936
f 8677 9067 8453
f 8551 8912 8937
f 8977 8938 8400
f 8600 8519 8938
f 8519 8939 8607
f 8519 8600 8939
f 8635 8940 8516
f 8392 8649 8940
f 9000 8941 8537
f 8581 8954 9121
f 9103 8942 8410
f 8583 8496 8942
f 8393 8943 8581
f 8704 8461 8952
f 8787 8944 8408
f 8576 8480 8944
f 8504 8945 8816
f 8504 8856 8945
f 8947 8946 8518
f 8394 9123 8946
f 8726 8947 8462
f 8518 9066 8947
f 8471 8948 8671
f 8632 200 8948
f 9118 8949 8524
f 8463 8647 8949
f 8662 8950 8468
f 8827 8513 8950
f 8383 8951 8913
f 8384 8790 8951
f 8943 8952 8523
f 8461 8702 8952
f 8952 8953 8523
f 8702 8420 8953
f 9121 8954 8432
f 8581 8943 8954
f 8605 8955 8451
f 9082 8429 8774
f 8644 8956 8447
f 8527 8645 8956
f 8422 8957 8644
f 8422 8577 8957
f 8645 8958 8399
f 8527 8852 8958
f 8535 8959 8824
f 8535 8991 8959
f 8475 8960 8602
f 8591 9035 8960
f 9147 8961 8449
f 8685 8515 8961
f 8614 8962 8832
f 8614 8432 8962
f 9038 8963 8528
f 8620 8422 8963
f 8528 8964 8752
f 8528 8644 8964
f 8768 8965 8435
f 8768 8508 8965
f 8362 8966 8641
f 8995 8693 8987
f 8435 8967 8700
f 8965 8661 8967
f 8640 8968 8506
f 8640 9077 8968
f 8662 8969 8778
f 8468 8691 8969
f 8484 8970 8713
f 8756 8524 8970
f 9094 8971 8732
f 8427 8674 8971
f 8851 8972 8541
f 8675 8471 8972
f 8541 8973 8892
f 8541 8935 8973
f 8815 8974 8592
f 8368 8369 8974
f 8862 9031 8566
f 173 8667 8975
f 8446 8976 8642
f 8446 8612 8976
f 8500 8977 8665
f 8500 8600 8977
f 8685 8978 8515
f 8685 8421 8978
f 8455 8979 8689
f 8687 8938 8979
f 8690 8980 8733
f 8690 8419 8980
f 8414 8982 8689
f 8533 8835 8981
f 8689 8982 8981
f 8414 8793 8982
f 8753 8983 8442
f 8753 8522 8983
f 8529 8984 8792
f 8529 8674 8984
f 169 8985 8723
f 8657 8991 8985
f 9149 9028 8986
f 8606 8831 8986
f 8995 8987 8548
f 8458 8659 8987
f 8865 8988 8547
f 8430 8712 8988
f 8763 8989 8594
f 8763 8390 8989
f 8412 8990 8691
f 8412 8715 8990
f 8465 8991 8657
f 8465 8580 8991
f 8751 8992 8568
f 8441 8794 8992
f 8807 8993 8720
f 8560 8773 8993
f 9062 8994 8450
f 8664 8865 8994
f 8363 8995 8966
f 8363 8364 8995
f 8626 8996 8706
f 8626 8501 8996
f 8883 8997 8422
f 8883 8521 8997
f 8497 8998 8669
f 8616 8801 8998
f 8727 8999 8588
f 139 138 8999
f 9002 9000 8537
f 8888 8393 9000
f 9002 9001 8605
f 8537 8941 9107
f 9001 9002 8537
f 8605 8889 9002
f 8371 9003 8370
f 8371 8725 9003
f 8526 9004 8696
f 8777 8608 9156
f 9134 9005 8476
f 8710 8520 9005
f 8780 9006 8601
f 8431 8939 9006
f 8391 9007 8989
f 8391 136 9007
f 8511 9008 8876
f 8889 8651 9008
f 8828 9009 8492
f 8550 8604 9009
f 8361 9010 8360
f 8999 138 9010
f 8738 9011 127
f 8867 8531 9011
f 8780 9012 8484
f 8601 8810 9012
f 8787 9013 8487
f 8787 8783 9013
f 8783 9014 8565
f 8486 8629 9014
f 8828 9015 8409
f 8828 8670 9015
f 8543 9016 8765
f 8543 8903 9016
f 8423 9017 8719
f 8709 8525 9017
f 8633 9018 8425
f 8542 8692 9018
f 8692 9019 8450
f 8542 8791 9019
f 8763 9020 8701
f 8476 8764 9020
f 8750 9021 8545
f 8750 8559 9112
f 8864 9022 8681
f 8729 8396 9022
f 8495 9023 8722
f 8603 9096 9023
f 198 9024 8671
f 197 196 9024
f 180 9025 181
f 8647 8648 9025
f 8488 9026 8733
f 8755 8412 9026
f 8830 9027 8402
f 8652 9038 9027
f 9154 9028 160
f 8986 8650 9149
f 9030 9029 8688
f 8545 8687 9029
f 9029 9030 8545
f 8688 9137 9030
f 8566 9031 8975
f 8862 175 9031
f 8444 9032 8672
f 8638 8914 9032
f 132 9033 133
f 8896 8520 9033
f 8514 9034 8694
f 8514 8676 9034
f 8960 9035 8442
f 8591 8910 9035
f 8555 9036 8881
f 8555 8894 9036
f 8548 9037 8641
f 8775 8454 9037
f 8440 9038 8652
f 8620 8963 9038
f 8509 9039 8878
f 8721 8489 9039
f 8499 9040 8729
f 8737 8887 9040
f 8547 9041 8703
f 8547 8802 9041
f 9151 9042 8670
f 8458 8618 9042
f 8549 9043 8814
f 8549 8679 9043
f 8774 9044 8538
f 8774 8449 9044
f 8724 9045 8394
f 8724 8464 9085
f 8407 9046 8769
f 8711 8492 9046
f 8534 9047 8803
f 8920 8655 9047
f 8467 9048 8732
f 8467 8746 9048
f 8714 9049 8418
f 8714 8516 9049
f 9096 9050 8439
f 8844 8563 9050
f 8986 9051 8650
f 8460 8684 9051
f 8875 9052 8582
f 8875 8579 9128
f 8703 9053 8461
f 8703 9054 9053
f 9053 9054 8552
f 8703 8405 9054
f 8552 9055 8797
f 9138 8609 8481
f 8721 9056 8757
f 8417 8698 9056
f 8479 9057 8768
f 8770 8741 9057
f 8799 9058 8395
f 8610 8526 9058
f 8845 9059 8654
f 8470 9116 9059
f 8454 9060 8727
f 8454 8654 9060
f 9062 9061 8664
f 8554 9065 9061
f 9019 9062 8450
f 8554 9061 9062
f 8791 9063 8554
f 8403 9047 9063
f 8755 9064 8551
f 8755 8488 9064
f 9063 9065 8554
f 8655 8448 9065
f 8947 9066 8613
f 8518 8850 9066
f 8453 9067 8937
f 8677 8551 9067
f 8811 9068 8626
f 8491 8796 9068
f 8741 9069 8625
f 8741 8668 9069
f 8682 9070 8439
f 8550 8722 9070
f 8859 9071 8409
f 8550 9009 9071
f 8493 9072 8803
f 8493 8745 9072
f 8445 9073 8868
f 8586 8736 9073
f 8870 9074 8456
f 8870 8516 9074
f 8928 9075 8643
f 8403 8791 9075
f 8854 9076 164
f 8854 8496 9076
f 8968 9077 8457
f 8640 8800 9077
f 8452 9078 8676
f 8598 8742 9078
f 8517 9079 8933
f 8517 8634 9079
f 8775 9080 8654
f 8775 8659 9080
f 8430 9092 8712
f 8553 8726 9081
f 8605 9082 8955
f 8605 9001 9082
f 8718 9083 8401
f 8857 8603 9083
f 8531 9084 8673
f 8531 8739 9084
f 9045 9085 8556
f 8464 8735 9085
f 9123 9086 8653
f 8556 8617 9086
f 8910 9087 8631
f 124 123 9087
f 8557 9088 8669
f 8557 8781 9088
f 8682 9089 8604
f 8682 8563 9089
f 8946 9090 8518
f 8653 8853 9090
f 8627 9091 8553
f 8394 8726 9091
f 8656 9092 8430
f 8656 8553 9092
f 8822 9093 8667
f 8822 8431 9093
f 8427 9094 8856
f 8427 8971 9094
f 8720 9095 8466
f 8720 9097 9095
f 8844 9096 8562
f 8439 9023 9096
f 8562 9097 8844
f 8720 8428 9097
f 8961 9098 8623
f 8515 8846 9098
f 8911 9099 8683
f 8546 9152 9099
f 8525 9100 8807
f 8525 8908 9100
f 8592 9101 8433
f 8578 9102 9101
f 8725 9102 8578
f 8474 8716 9102
f 8583 9103 8748
f 8583 8942 9103
f 9105 9104 8558
f 8696 8423 9104
f 8678 9105 8558
f 8453 8937 9105
f 8719 9106 8558
f 8719 8466 9106
f 8537 9107 9001
f 8571 8841 9107
f 8440 9128 8620
f 8579 8913 9108
f 8432 9109 8636
f 8432 8614 9109
f 8840 9110 8447
f 9109 8570 9110
f 9148 9111 8567
f 8695 8421 9111
f 8665 9112 8559
f 8400 9021 9112
f 8801 9113 8411
f 8569 9114 9113
f 8717 9114 8448
f 8717 9113 9114
f 8569 9115 8724
f 8569 8801 9115
f 9059 9116 8611
f 8761 142 9116
f 8469 9117 8757
f 8469 8673 9117
f 8949 9118 8646
f 8524 8756 9118
f 8812 9119 155
f 8812 8624 9119
f 8841 9120 8498
f 8571 8636 9120
f 8636 9121 8432
f 8571 8941 9121
f 8402 9122 8789
f 8752 8570 9122
f 8946 9123 8653
f 9045 8556 9123
f 8748 9124 8583
f 8465 8895 9124
f 9126 9125 8561
f 152 8776 9125
f 8744 9126 8561
f 8744 154 9126
f 8749 9127 8434
f 8561 9125 9161
f 9052 9128 8440
f 8579 9108 9128
f 8579 9129 8913
f 8579 8875 9129
f 8911 9130 8441
f 8589 8740 9130
f 8406 9131 8765
f 8771 9139 9131
f 8765 9132 8629
f 8478 8884 9132
f 8582 9133 8875
f 8582 8899 9133
f 8710 9134 8594
f 8710 9005 9134
f 8445 9135 8577
f 8879 8509 9135
f 8615 9136 8909
f 8615 8692 9136
f 8544 9137 8688
f 8544 8767 9137
f 8552 9138 9055
f 8552 9054 9138
f 9131 9139 8543
f 8771 8477 9139
f 126 9140 8738
f 126 125 9140
f 8646 9141 8734
f 8646 8413 9141
f 8538 9142 8869
f 8623 9098 9142
f 8568 9143 8921
f 8568 8842 9143
f 8992 9144 8568
f 8992 8590 9144
f 8637 9145 8869
f 8451 8955 9145
f 8434 9146 8749
f 8434 8737 9146
f 8663 9147 8449
f 8567 8685 9147
f 8758 9148 8567
f 8489 8695 9148
f 8854 9149 8650
f 161 9028 9149
f 8831 9150 8624
f 8831 9160 9150
f 8659 9151 8711
f 8458 9042 9151
f 8847 9152 8546
f 8847 192 9152
f 8706 9153 8472
f 8996 8639 9153
f 159 9154 160
f 159 158 9154
f 9145 9155 8451
f 8637 8672 9155
f 8709 9156 8608
f 8423 9004 9156
f 8672 9157 8651
f 8530 8819 9157
f 8895 9158 8658
f 8895 167 9158
f 8879 9159 8509
f 8879 8619 9159
f 9150 9160 157
f 8831 8606 9160
f 9127 9161 8785
f 9127 8561 9161
f 9163 9162 8572
f 8762 8435 9162
f 8761 9163 8572
f 8761 8470 9163
f 142 9164 143
f 8572 8922 9164
