ply
format ascii 1.0
element vertex 9124
property float x
property float y
property float z
element face 18044
property list uchar int vertex_indices
end_header
-34.36190269 32.27419941 2.50000000
-34.13120793 33.23578870 2.50000000
-33.90051318 34.19737800 2.50000000
-33.66981843 35.15896730 2.50000000
-33.43912368 36.12055659 2.50000000
-33.20842892 37.08214589 2.50000000
-32.97773417 38.04373519 2.50000000
-32.74703942 39.00532448 2.50000000
-32.51634467 39.96691378 2.50000000
-32.28564991 40.92850307 2.50000000
-32.05495516 41.89009237 2.50000000
-31.82426041 42.85168167 2.50000000
-31.59356566 43.81327096 2.50000000
-31.36287090 44.77486026 2.50000000
-31.13217615 45.73644956 2.50000000
-30.90148140 46.69803885 2.50000000
-30.67078664 47.65962815 2.50000000
-30.44009189 48.62121744 2.50000000
-30.20939714 49.58280674 2.50000000
-29.97870239 50.54439604 2.50000000
-29.74800763 51.50598533 2.50000000
-29.51731288 52.46757463 2.50000000
-29.28661813 53.42916393 2.50000000
-29.05592338 54.39075322 2.50000000
-28.82522862 55.35234252 2.50000000
-28.59453387 56.31393182 2.50000000
-28.36383912 57.27552111 2.50000000
-28.13314437 58.23711041 2.50000000
-27.90244961 59.19869970 2.50000000
-27.67175486 60.16028900 2.50000000
-27.44106011 61.12187830 2.50000000
-27.21036536 62.08346759 2.50000000
-26.97967060 63.04505689 2.50000000
-26.74897585 64.00664619 2.50000000
-26.51828110 64.96823548 2.50000000
-26.28758635 65.92982478 2.50000000
-26.05689159 66.89141407 2.50000000
-25.82619684 67.85300337 2.50000000
-25.59550209 68.81459267 2.50000000
-25.36480734 69.77618196 2.50000000
-25.13411258 70.73777126 2.50000000
-24.90341783 71.69936056 2.50000000
-24.67272308 72.66094985 2.50000000
-24.44202833 73.62253915 2.50000000
-24.21133357 74.58412844 2.50000000
-23.98063882 75.54571774 2.50000000
-23.74994407 76.50730704 2.50000000
-23.51924931 77.46889633 2.50000000
-23.28855456 78.43048563 2.50000000
-23.05785981 79.39207493 2.50000000
-22.82716506 80.35366422 2.50000000
-22.59647030 81.31525352 2.50000000
-22.36577555 82.27684281 2.50000000
-22.13508080 83.23843211 2.50000000
-21.90438605 84.20002141 2.50000000
-21.67369129 85.16161070 2.50000000
-18.35879827 88.62320000 2.50000000
18.30075242 88.62320000 2.50000000
21.55759959 85.16161070 2.50000000
21.78829434 84.20002141 2.50000000
22.01898910 83.23843211 2.50000000
22.24968385 82.27684281 2.50000000
22.48037860 81.31525352 2.50000000
22.71107335 80.35366422 2.50000000
22.94176811 79.39207493 2.50000000
23.17246286 78.43048563 2.50000000
23.40315761 77.46889633 2.50000000
23.63385236 76.50730704 2.50000000
23.86454712 75.54571774 2.50000000
24.09524187 74.58412844 2.50000000
24.32593662 73.62253915 2.50000000
24.55663137 72.66094985 2.50000000
24.78732613 71.69936056 2.50000000
25.01802088 70.73777126 2.50000000
25.24871563 69.77618196 2.50000000
25.47941038 68.81459267 2.50000000
25.71010514 67.85300337 2.50000000
25.94079989 66.89141407 2.50000000
26.17149464 65.92982478 2.50000000
26.40218940 64.96823548 2.50000000
26.63288415 64.00664619 2.50000000
26.86357890 63.04505689 2.50000000
27.09427365 62.08346759 2.50000000
27.32496841 61.12187830 2.50000000
27.55566316 60.16028900 2.50000000
27.78635791 59.19869970 2.50000000
28.01705266 58.23711041 2.50000000
28.24774742 57.27552111 2.50000000
28.47844217 56.31393182 2.50000000
28.70913692 55.35234252 2.50000000
28.93983167 54.39075322 2.50000000
29.17052643 53.42916393 2.50000000
29.40122118 52.46757463 2.50000000
29.63191593 51.50598533 2.50000000
29.86261068 50.54439604 2.50000000
30.09330544 49.58280674 2.50000000
30.32400019 48.62121744 2.50000000
30.55469494 47.65962815 2.50000000
30.78538969 46.69803885 2.50000000
31.01608445 45.73644956 2.50000000
31.24677920 44.77486026 2.50000000
31.47747395 43.81327096 2.50000000
31.70816870 42.85168167 2.50000000
31.93886346 41.89009237 2.50000000
32.16955821 40.92850307 2.50000000
32.40025296 39.96691378 2.50000000
32.63094771 39.00532448 2.50000000
32.86164247 38.04373519 2.50000000
33.09233722 37.08214589 2.50000000
33.32303197 36.12055659 2.50000000
33.55372673 35.15896730 2.50000000
33.78442148 34.19737800 2.50000000
34.01511623 33.23578870 2.50000000
34.24581098 32.27419941 2.50000000
-15.27460000 92.09872046 2.50000000
-15.27460000 93.07424092 2.50000000
-15.27460000 94.04976138 2.50000000
-15.27460000 95.02528184 2.50000000
-15.27460000 96.00080230 2.50000000
-15.27460000 96.97632276 2.50000000
-15.27460000 97.95184322 2.50000000
-15.27460000 98.92736368 2.50000000
-15.27460000 99.90288414 2.50000000
-15.27460000 100.87840460 2.50000000
-15.27460000 101.85392506 2.50000000
-15.27460000 102.82944552 2.50000000
-15.27460000 103.80496599 2.50000000
-15.27460000 104.78048645 2.50000000
-15.27460000 105.75600691 2.50000000
-15.27460000 106.73152737 2.50000000
-15.27460000 107.70704783 2.50000000
-15.27460000 108.68256829 2.50000000
-15.27460000 109.65808875 2.50000000
-15.27460000 110.63360921 2.50000000
-15.27460000 111.60912967 2.50000000
-15.27460000 112.58465013 2.50000000
15.27460000 112.58465013 2.50000000
15.27460000 111.60912967 2.50000000
15.27460000 110.63360921 2.50000000
15.27460000 109.65808875 2.50000000
15.27460000 108.68256829 2.50000000
15.27460000 107.70704783 2.50000000
15.27460000 106.73152737 2.50000000
15.27460000 105.75600691 2.50000000
15.27460000 104.78048645 2.50000000
15.27460000 103.80496599 2.50000000
15.27460000 102.82944552 2.50000000
15.27460000 101.85392506 2.50000000
15.27460000 100.87840460 2.50000000
15.27460000 99.90288414 2.50000000
15.27460000 98.92736368 2.50000000
15.27460000 97.95184322 2.50000000
15.27460000 96.97632276 2.50000000
15.27460000 96.00080230 2.50000000
15.27460000 95.02528184 2.50000000
15.27460000 94.04976138 2.50000000
15.27460000 93.07424092 2.50000000
15.27460000 92.09872046 2.50000000
18.14325858 88.62320000 22.50000000
17.27929388 88.62320000 22.50000000
16.41532919 88.62320000 22.50000000
15.55136449 88.62320000 22.50000000
14.68739980 88.62320000 22.50000000
13.82343511 88.62320000 22.50000000
12.95947041 88.62320000 22.50000000
12.09550572 88.62320000 22.50000000
11.23154102 88.62320000 22.50000000
10.36757633 88.62320000 22.50000000
9.50361164 88.62320000 22.50000000
8.63964694 88.62320000 22.50000000
7.77568225 88.62320000 22.50000000
6.91171755 88.62320000 22.50000000
6.04775286 88.62320000 22.50000000
5.18378816 88.62320000 22.50000000
4.31982347 88.62320000 22.50000000
3.45585878 88.62320000 22.50000000
2.59189408 88.62320000 22.50000000
1.72792939 88.62320000 22.50000000
0.86396469 88.62320000 22.50000000
0.00000000 88.62320000 22.50000000
-0.86396469 88.62320000 22.50000000
-1.72792939 88.62320000 22.50000000
-2.59189408 88.62320000 22.50000000
-3.45585878 88.62320000 22.50000000
-4.31982347 88.62320000 22.50000000
-5.18378816 88.62320000 22.50000000
-6.04775286 88.62320000 22.50000000
-6.91171755 88.62320000 22.50000000
-7.77568225 88.62320000 22.50000000
-8.63964694 88.62320000 22.50000000
-9.50361164 88.62320000 22.50000000
-10.36757633 88.62320000 22.50000000
-11.23154102 88.62320000 22.50000000
-12.09550572 88.62320000 22.50000000
-12.95947041 88.62320000 22.50000000
-13.82343511 88.62320000 22.50000000
-14.68739980 88.62320000 22.50000000
-15.55136449 88.62320000 22.50000000
-16.41532919 88.62320000 22.50000000
-17.27929388 88.62320000 22.50000000
-18.14325858 88.62320000 22.50000000
-16.86978625 88.62320000 -17.50000000
-16.02919923 88.62320000 -17.50000000
-15.18861221 88.62320000 -17.50000000
-14.34802519 88.62320000 -17.50000000
-13.50743817 88.62320000 -17.50000000
-12.66685115 88.62320000 -17.50000000
-11.82626413 88.62320000 -17.50000000
-10.98567711 88.62320000 -17.50000000
-10.14509009 88.62320000 -17.50000000
-9.30450307 88.62320000 -17.50000000
-8.46391605 88.62320000 -17.50000000
-7.62332903 88.62320000 -17.50000000
-6.78274201 88.62320000 -17.50000000
-5.94215499 88.62320000 -17.50000000
-5.10156797 88.62320000 -17.50000000
-4.26098095 88.62320000 -17.50000000
-3.42039393 88.62320000 -17.50000000
-2.57980691 88.62320000 -17.50000000
-1.73921989 88.62320000 -17.50000000
-0.89863287 88.62320000 -17.50000000
-0.05804585 88.62320000 -17.50000000
0.78254117 88.62320000 -17.50000000
1.62312819 88.62320000 -17.50000000
2.46371521 88.62320000 -17.50000000
3.30430223 88.62320000 -17.50000000
4.14488925 88.62320000 -17.50000000
4.98547627 88.62320000 -17.50000000
5.82606329 88.62320000 -17.50000000
6.66665031 88.62320000 -17.50000000
7.50723733 88.62320000 -17.50000000
8.34782435 88.62320000 -17.50000000
9.18841137 88.62320000 -17.50000000
10.02899839 88.62320000 -17.50000000
10.86958541 88.62320000 -17.50000000
11.71017243 88.62320000 -17.50000000
12.55075945 88.62320000 -17.50000000
13.39134647 88.62320000 -17.50000000
14.23193349 88.62320000 -17.50000000
15.07252051 88.62320000 -17.50000000
15.91310753 88.62320000 -17.50000000
16.75369455 88.62320000 -17.50000000
-33.94299654 31.93618139 -20.00000000
33.71081313 31.93618139 -20.00000000
32.71590417 31.93618139 -20.00000000
31.72099520 31.93618139 -20.00000000
30.72608624 31.93618139 -20.00000000
29.73117727 31.93618139 -20.00000000
28.73626831 31.93618139 -20.00000000
27.74135934 31.93618139 -20.00000000
26.74645037 31.93618139 -20.00000000
25.75154141 31.93618139 -20.00000000
24.75663244 31.93618139 -20.00000000
23.76172348 31.93618139 -20.00000000
22.76681451 31.93618139 -20.00000000
21.77190554 31.93618139 -20.00000000
20.77699658 31.93618139 -20.00000000
19.78208761 31.93618139 -20.00000000
18.78717865 31.93618139 -20.00000000
17.79226968 31.93618139 -20.00000000
16.79736072 31.93618139 -20.00000000
15.80245175 31.93618139 -20.00000000
14.80754278 31.93618139 -20.00000000
13.81263382 31.93618139 -20.00000000
12.81772485 31.93618139 -20.00000000
11.82281589 31.93618139 -20.00000000
10.82790692 31.93618139 -20.00000000
9.83299795 31.93618139 -20.00000000
8.83808899 31.93618139 -20.00000000
7.84318002 31.93618139 -20.00000000
6.84827106 31.93618139 -20.00000000
5.85336209 31.93618139 -20.00000000
4.85845313 31.93618139 -20.00000000
3.86354416 31.93618139 -20.00000000
2.86863519 31.93618139 -20.00000000
1.87372623 31.93618139 -20.00000000
0.87881726 31.93618139 -20.00000000
-0.11609170 31.93618139 -20.00000000
-1.11100067 31.93618139 -20.00000000
-2.10590964 31.93618139 -20.00000000
-3.10081860 31.93618139 -20.00000000
-4.09572757 31.93618139 -20.00000000
-5.09063653 31.93618139 -20.00000000
-6.08554550 31.93618139 -20.00000000
-7.08045446 31.93618139 -20.00000000
-8.07536343 31.93618139 -20.00000000
-9.07027240 31.93618139 -20.00000000
-10.06518136 31.93618139 -20.00000000
-11.06009033 31.93618139 -20.00000000
-12.05499929 31.93618139 -20.00000000
-13.04990826 31.93618139 -20.00000000
-14.04481722 31.93618139 -20.00000000
-15.03972619 31.93618139 -20.00000000
-16.03463516 31.93618139 -20.00000000
-17.02954412 31.93618139 -20.00000000
-18.02445309 31.93618139 -20.00000000
-19.01936205 31.93618139 -20.00000000
-20.01427102 31.93618139 -20.00000000
-21.00917999 31.93618139 -20.00000000
-22.00408895 31.93618139 -20.00000000
-22.99899792 31.93618139 -20.00000000
-23.99390688 31.93618139 -20.00000000
-24.98881585 31.93618139 -20.00000000
-25.98372481 31.93618139 -20.00000000
-26.97863378 31.93618139 -20.00000000
-27.97354275 31.93618139 -20.00000000
-28.96845171 31.93618139 -20.00000000
-29.96336068 31.93618139 -20.00000000
-30.95826964 31.93618139 -20.00000000
-31.95317861 31.93618139 -20.00000000
-32.94808758 31.93618139 -20.00000000
-0.11609170 59.26251249 -20.00000000
-12.85059886 48.56586205 -20.00000000
12.32027037 48.42474710 -20.00000000
-9.15456927 71.17239285 -20.00000000
8.31384597 71.37461088 -20.00000000
-0.27621306 46.52451233 -20.00000000
11.57034755 60.11846936 -20.00000000
-14.70492567 60.47443768 -20.00000000
20.61122715 42.26410469 -20.00000000
-20.91740717 42.20731226 -20.00000000
18.91992621 54.67702369 -20.00000000
-0.47662385 76.13365948 -20.00000000
7.34572554 40.92336195 -20.00000000
-7.61478098 41.06888628 -20.00000000
-20.17979318 52.88970463 -20.00000000
-1.39764403 67.67455178 -20.00000000
-7.77718514 55.45452114 -20.00000000
6.15124193 53.90003253 -20.00000000
16.17692907 67.55033241 -20.00000000
14.02557377 77.64514720 -20.00000000
-14.34169657 77.75185793 -20.00000000
-16.82151723 68.36138305 -20.00000000
-7.85320824 63.70840868 -20.00000000
5.38191119 64.40375918 -20.00000000
6.56799755 78.64783431 -20.00000000
0.23602785 39.23509047 -20.00000000
-7.28831808 77.97816006 -20.00000000
-14.23311031 42.02351791 -20.00000000
14.23455340 39.06007006 -20.00000000
18.08021291 61.22698890 -20.00000000
-6.59365789 47.35884015 -20.00000000
-0.13838163 52.89278621 -20.00000000
6.01341051 47.53175865 -20.00000000
18.67859323 48.32245913 -20.00000000
-20.85620214 60.17052850 -20.00000000
-14.32848880 54.43439427 -20.00000000
11.99834359 54.27500936 -20.00000000
25.62185779 38.31479195 -20.00000000
-23.82967991 47.66373699 -20.00000000
-25.48627033 38.07587431 -20.00000000
24.23600547 46.75785559 -20.00000000
10.85936601 65.70277373 -20.00000000
-18.25933674 47.13141167 -20.00000000
-17.70022825 37.57048054 -20.00000000
-11.55754481 37.32241727 -20.00000000
6.35283143 59.19483527 -20.00000000
19.16524705 37.19444674 -20.00000000
3.55322362 69.27491433 -20.00000000
-2.59548514 80.91602370 -20.00000000
17.79982512 73.17284603 -20.00000000
15.43201395 44.18284216 -20.00000000
-12.75783942 65.22445408 -20.00000000
-4.00679980 72.23832814 -20.00000000
-18.20920180 73.75051129 -20.00000000
4.20873874 74.23537656 -20.00000000
-4.59318205 36.98884097 -20.00000000
-25.85603273 43.07680598 -20.00000000
23.46961819 51.98729194 -20.00000000
12.93832817 72.89887389 -20.00000000
3.07421702 43.09724415 -20.00000000
2.07063288 80.12281069 -20.00000000
-13.81044056 72.00995284 -20.00000000
22.67566514 57.61193297 -20.00000000
9.33554347 36.63628329 -20.00000000
4.52047473 37.00672186 -20.00000000
-20.78336370 65.22378758 -20.00000000
20.74467919 65.28415234 -20.00000000
15.28621462 57.45322885 -20.00000000
-3.86464696 43.68794485 -20.00000000
-10.34379191 44.73978157 -20.00000000
11.28911809 81.45705347 -20.00000000
-10.92329795 81.24020830 -20.00000000
9.61413140 44.81919592 -20.00000000
15.55031377 51.53647772 -20.00000000
-3.04548874 63.11986669 -20.00000000
-5.91638816 59.59895404 -20.00000000
16.96777063 81.37660704 -20.00000000
-3.35853121 55.96055583 -20.00000000
-5.11006010 51.71008277 -20.00000000
-23.63892076 55.75345392 -20.00000000
-10.31041130 60.03916148 -20.00000000
-17.24785303 81.43750022 -20.00000000
-18.07129054 56.75742252 -20.00000000
10.01702342 76.06573375 -20.00000000
24.88134327 42.52851257 -20.00000000
-10.63246640 52.24481777 -20.00000000
1.23415683 63.32894960 -20.00000000
-5.97121497 67.88197766 -20.00000000
14.56390058 63.61671212 -20.00000000
19.98812458 69.49573479 -20.00000000
-10.83678891 75.18061197 -20.00000000
-16.52722548 50.90848410 -20.00000000
-20.51250606 70.25742484 -20.00000000
3.09157786 56.66776233 -20.00000000
8.78750755 50.65734612 -20.00000000
18.22453896 77.35999748 -20.00000000
-6.56088306 82.03319199 -20.00000000
3.42649340 50.77337698 -20.00000000
0.23695393 71.93968266 -20.00000000
-24.87715077 51.73554438 -20.00000000
-16.77050781 64.09521821 -20.00000000
22.03880907 61.53075578 -20.00000000
-21.70085033 36.16548738 -20.00000000
-18.82251250 77.73082151 -20.00000000
5.27034606 82.28511979 -20.00000000
7.51458427 67.60876914 -20.00000000
8.49556448 62.28918073 -20.00000000
12.66599022 69.07919522 -20.00000000
9.42761450 57.02412390 -20.00000000
-0.61354619 35.61812812 -20.00000000
11.14869719 41.31734963 -20.00000000
15.76748917 35.66297036 -20.00000000
-28.87163758 35.93859391 -20.00000000
-9.71411071 67.44596130 -20.00000000
17.22132343 41.06324595 -20.00000000
28.72180469 35.87874331 -20.00000000
-2.01674430 49.74781195 -20.00000000
-7.11195232 74.27103602 -20.00000000
-3.75036456 77.54377539 -20.00000000
22.73653476 35.77799336 -20.00000000
-8.05484086 37.58409670 -20.00000000
-0.45287466 42.71527566 -20.00000000
-28.56970477 39.64849851 -20.00000000
-12.77448934 57.56299716 -20.00000000
-13.39466942 68.60005757 -20.00000000
22.27102998 39.21671717 -20.00000000
6.29546546 44.14321422 -20.00000000
-4.32205531 40.34852208 -20.00000000
28.14778478 40.61991407 -20.00000000
-17.53550462 43.56120685 -20.00000000
-14.61368881 45.52118725 -20.00000000
-11.04199757 40.72776437 -20.00000000
-26.99940947 46.39031588 -20.00000000
19.30469943 58.05516080 -20.00000000
3.13106039 60.44169674 -20.00000000
15.49985803 70.79123900 -20.00000000
12.56882301 36.26399465 -20.00000000
-14.54227171 35.43330549 -20.00000000
-14.54222139 38.73566106 -20.00000000
17.66747848 64.40154547 -20.00000000
0.37978698 82.90526413 -20.00000000
27.41951352 44.51293558 -20.00000000
1.69163381 66.57575056 -20.00000000
-20.84665898 49.46790372 -20.00000000
-3.44729986 46.84805440 -20.00000000
-7.19743387 44.22899582 -20.00000000
-9.51036023 49.06011146 -20.00000000
-0.03933382 56.07734175 -20.00000000
2.97668695 46.35319209 -20.00000000
20.08265131 51.45100090 -20.00000000
18.67363412 44.98344182 -20.00000000
15.48512209 47.48409759 -20.00000000
-14.09825473 80.93239780 -20.00000000
-24.01220850 59.07370353 -20.00000000
-23.09433042 62.72994371 -20.00000000
25.96240719 49.68174037 -20.00000000
21.81087810 48.79605564 -20.00000000
3.65741433 77.36711414 -20.00000000
3.32417849 39.93962450 -20.00000000
14.66062748 60.50398126 -20.00000000
-23.04613547 44.57654026 -20.00000000
-22.47477406 39.33754900 -20.00000000
-24.63617182 35.05475257 -20.00000000
-17.75752485 59.85616082 -20.00000000
7.35669442 74.37686065 -20.00000000
8.19835598 81.27960727 -20.00000000
-11.31424057 78.20421138 -20.00000000
-17.29308354 53.83458331 -20.00000000
-13.56331671 51.50373813 -20.00000000
-9.61988385 34.95942228 -20.00000000
-18.30588602 40.58476178 -20.00000000
25.74255636 35.03310603 -20.00000000
20.22691514 75.04177552 -20.00000000
15.92048747 54.51727044 -20.00000000
2.74898595 53.69158893 -20.00000000
8.96604144 47.70502880 -20.00000000
12.35336055 57.28719944 -20.00000000
24.78329014 55.04108112 -20.00000000
21.85586523 54.79048997 -20.00000000
11.68035992 51.32352285 -20.00000000
9.07296810 54.11597326 -20.00000000
12.46629198 43.98189996 -20.00000000
15.98714936 75.47182617 -20.00000000
21.70317766 45.09210501 -20.00000000
-3.04715420 58.89776724 -20.00000000
-18.52190757 34.79128563 -20.00000000
-13.72868205 74.91304649 -20.00000000
-26.28828632 49.20189588 -20.00000000
-20.60132412 75.36340938 -20.00000000
-12.30863317 62.26624457 -20.00000000
-10.79930621 55.26808406 -20.00000000
14.26439021 83.00596254 -20.00000000
2.37118071 34.90256975 -20.00000000
-19.33484225 62.67575388 -20.00000000
-21.02381603 57.19104223 -20.00000000
0.89721726 49.23972590 -20.00000000
-6.58299998 34.82983401 -20.00000000
11.24018331 62.91384607 -20.00000000
13.63300791 66.29596695 -20.00000000
-22.26618412 67.82768344 -20.00000000
-20.19534624 44.99701181 -20.00000000
-15.63343701 48.14451280 -20.00000000
-5.24964484 65.04548963 -20.00000000
6.78612461 34.97724654 -20.00000000
-16.57411648 76.03986176 -20.00000000
-17.80861131 70.98043570 -20.00000000
20.44013890 72.25443390 -20.00000000
-7.92637890 51.40825059 -20.00000000
11.33359911 78.60082133 -20.00000000
-28.57933424 42.70161444 -20.00000000
-19.50334704 67.68132558 -20.00000000
18.28324920 34.61636315 -20.00000000
22.22575863 67.72395221 -20.00000000
-3.58724251 83.44877816 -20.00000000
8.23894804 64.99210335 -20.00000000
26.90029347 47.15634980 -20.00000000
13.76005497 80.34270281 -20.00000000
6.11704079 51.17925785 -20.00000000
-15.38472644 56.90927784 -20.00000000
9.88188942 69.07407111 -20.00000000
-2.06475233 37.86725393 -20.00000000
-4.46947265 74.91961206 -20.00000000
-12.51305887 83.44809285 -20.00000000
5.78062318 56.56538207 -20.00000000
5.48073643 61.72723020 -20.00000000
8.96577845 59.63298927 -20.00000000
-5.03128457 79.86632404 -20.00000000
26.11455953 52.34664115 -20.00000000
16.81726718 38.43744991 -20.00000000
19.56930330 39.82024278 -20.00000000
-3.16842044 34.66293786 -20.00000000
-15.31869463 83.39457869 -20.00000000
14.10434721 41.79184680 -20.00000000
-6.57898195 71.69713816 -20.00000000
-3.60915819 69.43793558 -20.00000000
-1.76758933 73.75631642 -20.00000000
11.20037449 38.60564845 -20.00000000
-9.42250258 57.53758961 -20.00000000
-9.04839423 83.32175864 -20.00000000
-1.35211847 78.60633579 -20.00000000
19.34170704 79.91447304 -20.00000000
0.82066041 69.27018629 -20.00000000
4.29239141 66.77357367 -20.00000000
6.13435382 69.86944751 -20.00000000
-4.53979141 49.18977135 -20.00000000
-14.97391766 66.55424906 -20.00000000
-10.17655244 64.88367289 -20.00000000
-2.60831003 52.23455081 -20.00000000
-21.38735333 72.79597172 -20.00000000
-25.86689978 54.24031512 -20.00000000
9.62160443 83.49563900 -20.00000000
18.80415537 67.10930682 -20.00000000
-20.17475098 38.21826936 -20.00000000
24.21741101 59.87364512 -20.00000000
23.34046425 63.87303629 -20.00000000
-0.52614904 65.23260810 -20.00000000
18.61539254 83.46526409 -20.00000000
1.51360464 74.31459015 -20.00000000
-23.32940363 65.26545071 -20.00000000
-23.53973645 41.77294277 -20.00000000
-26.17264015 40.53926073 -20.00000000
2.91952779 71.88219958 -20.00000000
-18.87406141 83.49893461 -20.00000000
9.78191819 73.49634940 -20.00000000
-11.67152153 70.54045758 -20.00000000
-12.11025885 34.89325000 -20.00000000
10.33045244 34.36520753 -20.00000000
2.81009759 82.47714456 -20.00000000
11.27021903 71.09825983 -20.00000000
-8.49687937 80.28772822 -20.00000000
13.56096167 75.25391129 -20.00000000
-19.64420899 80.26770228 -20.00000000
19.71910848 63.05417580 -20.00000000
-5.56630647 62.45872382 -20.00000000
-0.83403878 61.75829631 -20.00000000
-22.33722935 51.53427938 -20.00000000
2.01285374 37.41836243 -20.00000000
6.97796162 37.47080001 -20.00000000
-14.42593907 63.45794104 -20.00000000
5.03354741 41.66364394 -20.00000000
1.25719549 44.67225100 -20.00000000
28.03999240 38.20152945 -20.00000000
5.87016017 72.36053922 -20.00000000
25.10097737 57.45088422 -20.00000000
8.95440923 78.99035716 -20.00000000
5.86015445 76.30881192 -20.00000000
15.90154294 79.19164297 -20.00000000
-12.69282309 43.96065517 -20.00000000
0.95043253 78.03026424 -20.00000000
4.39921845 79.62895622 -20.00000000
-15.51451743 70.34951701 -20.00000000
-15.75766289 73.51748966 -20.00000000
-2.91239551 65.75747458 -20.00000000
-10.90023524 72.79686695 -20.00000000
15.31436988 73.17620928 -20.00000000
-25.49846855 57.21651301 -20.00000000
17.10463829 59.02809661 -20.00000000
-16.58786961 78.96931789 -20.00000000
-1.92912043 40.25805417 -20.00000000
1.47574147 41.38200318 -20.00000000
-9.89723803 62.41985699 -20.00000000
-8.00852698 60.86586718 -20.00000000
17.92048674 70.75495425 -20.00000000
11.99406248 83.73496662 -20.00000000
-6.06403841 38.79831982 -20.00000000
-0.20737307 80.64348300 -20.00000000
13.82873094 45.85968948 -20.00000000
-12.15977814 46.28422361 -20.00000000
17.51561609 52.80579566 -20.00000000
17.64638635 50.44721110 -20.00000000
20.72174560 34.38500528 -20.00000000
-5.40887837 54.31933968 -20.00000000
-1.95442880 71.10132664 -20.00000000
22.06706760 70.57147982 -20.00000000
-8.00939100 69.09521420 -20.00000000
-7.66448250 66.13441573 -20.00000000
-2.02839329 45.05304953 -20.00000000
-5.28355353 45.48294973 -20.00000000
-8.50753823 46.10488625 -20.00000000
-9.49024545 42.52447762 -20.00000000
-5.77852730 42.43399095 -20.00000000
17.32644855 56.35750083 -20.00000000
20.50832552 77.30873754 -20.00000000
-18.46055088 49.50938249 -20.00000000
-7.13251761 57.65502711 -20.00000000
3.53371719 62.99542953 -20.00000000
-9.36464982 76.96257156 -20.00000000
-21.44989305 47.09713842 -20.00000000
7.29778431 83.42305746 -20.00000000
13.91879256 55.62132429 -20.00000000
-30.46081516 34.22196906 -20.00000000
-17.70499418 66.21743218 -20.00000000
8.25618971 43.00155407 -20.00000000
10.94999161 46.63488789 -20.00000000
13.85383630 34.29066481 -20.00000000
9.37082996 39.92712554 -20.00000000
-21.45247079 54.87345286 -20.00000000
14.03091713 53.23854762 -20.00000000
14.37061152 49.52874145 -20.00000000
7.66632173 45.89745313 -20.00000000
-1.64666758 54.53351585 -20.00000000
-4.88830293 57.60340779 -20.00000000
3.02617001 48.58113562 -20.00000000
-27.47608826 34.14977167 -20.00000000
20.13055046 46.65079035 -20.00000000
-22.50154343 34.09737257 -20.00000000
30.63355331 34.36988000 -20.00000000
20.14969345 60.20364235 -20.00000000
-12.55231835 59.80601812 -20.00000000
4.58110348 34.79501415 -20.00000000
-23.45952481 53.49841590 -20.00000000
5.59611258 39.36386130 -20.00000000
-19.23417521 54.88278550 -20.00000000
-26.54833896 36.14686069 -20.00000000
-27.04484291 51.28306186 -20.00000000
16.37251798 83.87384716 -20.00000000
-3.83900792 61.00912965 -20.00000000
-16.56493548 61.81291637 -20.00000000
-25.16726187 45.16850146 -20.00000000
-9.18895999 39.49749369 -20.00000000
-16.40226653 41.67997545 -20.00000000
8.02279883 76.99651826 -20.00000000
-8.77279612 53.46534542 -20.00000000
-12.28482535 53.66986857 -20.00000000
-11.72375293 50.39462009 -20.00000000
25.90857857 40.53710884 -20.00000000
22.80289257 41.48211501 -20.00000000
23.88062562 44.53972345 -20.00000000
-6.71536061 49.56280032 -20.00000000
16.10796201 62.10682492 -20.00000000
15.61496299 65.48324234 -20.00000000
23.76548737 49.80679720 -20.00000000
-23.67731356 36.95472434 -20.00000000
-30.13889637 37.90896931 -20.00000000
-19.45055534 58.59699470 -20.00000000
18.08188510 75.25935159 -20.00000000
30.12132397 37.55100710 -20.00000000
-20.91142783 77.44839556 -20.00000000
-23.74820520 49.85533076 -20.00000000
-16.56868488 39.36582874 -20.00000000
12.94252199 61.69772435 -20.00000000
18.50820685 42.81561157 -20.00000000
10.56401448 49.55706878 -20.00000000
7.40324521 49.09207952 -20.00000000
1.10352192 60.96450705 -20.00000000
4.37501783 55.01221873 -20.00000000
-2.52838723 75.70863868 -20.00000000
11.55302720 74.62973694 -20.00000000
7.72210461 52.51968391 -20.00000000
-5.65511457 76.65512885 -20.00000000
-15.32691739 52.60849375 -20.00000000
-18.50924302 51.61198457 -20.00000000
-22.54448592 70.74491684 -20.00000000
1.68835578 51.90759462 -20.00000000
4.53289581 52.55977344 -20.00000000
5.01175813 49.38543866 -20.00000000
20.83039341 56.61827383 -20.00000000
12.65079876 64.45335943 -20.00000000
4.49721112 58.22165881 -20.00000000
1.27531705 57.70253313 -20.00000000
-1.40216240 57.63800986 -20.00000000
-6.56251463 84.10825621 -20.00000000
7.73492495 55.75484616 -20.00000000
24.06695060 61.93649333 -20.00000000
4.34681648 84.12508244 -20.00000000
-12.41541302 76.48083052 -20.00000000
-8.88211664 73.21535813 -20.00000000
27.62917830 34.05726949 -20.00000000
-20.32073766 40.25474353 -20.00000000
17.40960443 46.65483149 -20.00000000
-27.50358805 37.92967949 -20.00000000
-24.76926795 61.10931157 -20.00000000
-20.42912445 33.97060677 -20.00000000
-16.63403109 35.74419165 -20.00000000
28.84046190 42.76412380 -20.00000000
-13.09148350 40.25772764 -20.00000000
-18.56487516 75.73311340 -20.00000000
3.11600458 65.04455401 -20.00000000
-22.80260421 60.68214771 -20.00000000
12.19569217 76.75993481 -20.00000000
-19.46249951 72.15526424 -20.00000000
-28.60559597 44.89556588 -20.00000000
23.41925728 65.98263624 -20.00000000
-1.66338982 82.74155649 -20.00000000
4.96240856 45.73826454 -20.00000000
-16.43855179 46.32168299 -20.00000000
23.26426899 33.86112746 -20.00000000
0.56527657 33.95251244 -20.00000000
22.25535252 59.55478690 -20.00000000
26.86311353 42.60916631 -20.00000000
13.27096866 59.06488175 -20.00000000
-14.79164025 49.94322390 -20.00000000
-3.06607188 41.87752469 -20.00000000
26.75857680 36.71353727 -20.00000000
-18.88755812 64.61577756 -20.00000000
-12.39445396 79.88647862 -20.00000000
25.77667145 45.56294793 -20.00000000
-24.39920830 39.70607517 -20.00000000
13.62014297 51.34266019 -20.00000000
24.17922284 39.63057370 -20.00000000
23.61041728 37.64716196 -20.00000000
16.49195235 33.85747728 -20.00000000
-5.60464486 69.89636326 -20.00000000
-4.61743371 81.78177061 -20.00000000
6.11621284 80.53677414 -20.00000000
-11.38806830 68.55343055 -20.00000000
-16.53208964 33.80905886 -20.00000000
6.55573606 65.93473943 -20.00000000
9.45283152 67.12231588 -20.00000000
-6.87531822 53.04340442 -20.00000000
20.88055309 36.30887814 -20.00000000
-10.28679781 47.14887550 -20.00000000
8.01055654 69.48323183 -20.00000000
14.32641219 68.09649322 -20.00000000
11.97258593 67.27866895 -20.00000000
13.22666848 70.95876762 -20.00000000
21.77067826 73.66578157 -20.00000000
10.68862251 43.20289640 -20.00000000
12.81805362 40.36154606 -20.00000000
10.60432712 52.93232369 -20.00000000
-19.29446183 36.53075791 -20.00000000
-0.00287613 50.95788030 -20.00000000
4.53905356 70.89517038 -20.00000000
-16.80494339 58.19445181 -20.00000000
21.60790041 52.78163694 -20.00000000
-8.82270461 75.12768359 -20.00000000
22.20652167 43.27294057 -20.00000000
-3.50596810 54.04340425 -20.00000000
-11.28854960 66.40724104 -20.00000000
2.36330173 84.30651738 -20.00000000
10.14867606 61.36774091 -20.00000000
7.88037812 58.09553450 -20.00000000
7.19451867 60.90105339 -20.00000000
10.46900866 55.42142708 -20.00000000
7.05383376 63.51594524 -20.00000000
10.51301483 58.56157868 -20.00000000
-21.20601106 63.29776956 -20.00000000
1.40987824 76.19938478 -20.00000000
18.20429448 68.89382647 -20.00000000
-3.99845591 67.45805213 -20.00000000
-29.90056898 40.98472119 -20.00000000
17.37002244 36.64246258 -20.00000000
14.37802174 37.08039267 -20.00000000
16.32556189 77.34050772 -20.00000000
0.12802948 37.35220005 -20.00000000
-1.35463049 33.84367533 -20.00000000
21.56008510 63.32961190 -20.00000000
-5.56262283 73.24972234 -20.00000000
-18.84164189 69.42625461 -20.00000000
20.65019447 38.30992975 -20.00000000
22.30993913 46.92800322 -20.00000000
-30.97010254 36.12398967 -20.00000000
-27.99099980 48.13683632 -20.00000000
29.82928265 39.53222339 -20.00000000
0.98452383 54.45167908 -20.00000000
8.41931495 33.86642879 -20.00000000
16.22556952 49.21378154 -20.00000000
-0.76010076 48.34480016 -20.00000000
9.87449676 64.14783024 -20.00000000
-15.36584709 37.08449583 -20.00000000
-13.44956656 37.00930675 -20.00000000
-19.01506985 42.35623691 -20.00000000
-18.33750573 45.25708533 -20.00000000
-15.48160995 43.65720959 -20.00000000
-12.34284407 42.10143691 -20.00000000
-14.41406316 58.57158458 -20.00000000
-12.73970710 55.59547779 -20.00000000
19.71903922 81.84133572 -20.00000000
-16.02126309 55.17478118 -20.00000000
-2.10505332 60.45526766 -20.00000000
-8.35191935 59.04725959 -20.00000000
-3.59821959 50.72749280 -20.00000000
5.68291450 68.04214569 -20.00000000
-6.04462636 56.14162993 -20.00000000
26.45729323 54.19207598 -20.00000000
21.92768073 50.76205192 -20.00000000
15.81214566 39.93610355 -20.00000000
16.66759825 42.81859132 -20.00000000
-3.04322374 79.18548136 -20.00000000
1.40141902 47.41065897 -20.00000000
-17.10291662 83.22398905 -20.00000000
27.28035492 50.94328618 -20.00000000
-0.25003733 40.94715059 -20.00000000
-0.61197039 84.39961091 -20.00000000
27.88485877 48.69231746 -20.00000000
-13.63374899 33.77859719 -20.00000000
-12.63278675 73.42948520 -20.00000000
-22.90569331 57.51699766 -20.00000000
12.09687651 34.55160863 -20.00000000
-13.74351547 47.05010967 -20.00000000
-7.30342472 76.02519659 -20.00000000
17.58607495 79.72225127 -20.00000000
-6.42774837 36.68319569 -20.00000000
-9.83377706 37.82248504 -20.00000000
28.41621741 46.08140817 -20.00000000
-10.16712965 79.59966806 -20.00000000
-11.09240978 58.35323545 -20.00000000
-6.73888662 80.28423074 -20.00000000
-1.25784251 63.54665166 -20.00000000
-20.62282225 51.20016308 -20.00000000
-22.35208372 48.58882630 -20.00000000
-19.86365305 47.95565263 -20.00000000
17.29271180 66.15132728 -20.00000000
-15.12801437 40.42528232 -20.00000000
20.58019832 67.05344463 -20.00000000
7.72460208 39.13713643 -20.00000000
-1.86467570 69.35728896 -20.00000000
21.15877379 40.58662240 -20.00000000
-10.79442362 83.00928919 -20.00000000
4.78480059 59.92899841 -20.00000000
-26.84920454 44.56309568 -20.00000000
-11.74562354 39.09258994 -20.00000000
-9.80094675 69.46176982 -20.00000000
-13.27451168 66.87485327 -20.00000000
-15.12108090 68.66719375 -20.00000000
-13.78810595 70.28238083 -20.00000000
20.09231689 49.56732863 -20.00000000
19.24397328 52.97127049 -20.00000000
-23.80331612 66.97918165 -20.00000000
29.71870820 41.29642242 -20.00000000
2.89234811 75.33571842 -20.00000000
-4.91921794 33.85624805 -20.00000000
-25.35318459 46.87429226 -20.00000000
-19.91510706 73.80080006 -20.00000000
-24.76333374 63.14175838 -20.00000000
19.14943679 56.36186379 -20.00000000
-25.48627033 33.57165676 -20.00000000
10.34346774 80.01386413 -20.00000000
24.78764062 48.40376131 -20.00000000
24.94018868 51.07689782 -20.00000000
-8.14792664 33.80526468 -20.00000000
-25.71553879 58.91353094 -20.00000000
-2.96685429 36.38573928 -20.00000000
4.54909955 44.03826956 -20.00000000
6.63567855 42.47297138 -20.00000000
-10.05602223 50.65788754 -20.00000000
-11.15092604 48.61325813 -20.00000000
-8.27181356 47.83263745 -20.00000000
-11.62169833 63.88376702 -20.00000000
24.41911534 36.13021049 -20.00000000
-5.95774265 40.75750097 -20.00000000
-4.38252002 38.66262105 -20.00000000
15.38419317 80.79673453 -20.00000000
12.76856036 82.24724730 -20.00000000
-21.72727771 58.72507392 -20.00000000
1.55506382 70.82933360 -20.00000000
-10.83201294 33.68219230 -20.00000000
9.42726983 41.68685973 -20.00000000
-2.18575724 43.34716641 -20.00000000
16.95122842 44.99450166 -20.00000000
19.89028077 43.80037243 -20.00000000
-21.81045130 53.24367122 -20.00000000
26.15385417 56.08624011 -20.00000000
-0.05778839 73.62871447 -20.00000000
-0.48994012 70.30236505 -20.00000000
23.41329509 53.82097165 -20.00000000
23.81285050 56.39485744 -20.00000000
-20.03510984 82.06826800 -20.00000000
1.04085251 35.93622805 -20.00000000
-17.98927064 79.91691791 -20.00000000
3.36608968 33.54450802 -20.00000000
16.55560701 72.07304679 -20.00000000
16.47393672 69.30355962 -20.00000000
-11.04757870 43.19653001 -20.00000000
21.01497106 58.34269767 -20.00000000
2.76919824 58.68865175 -20.00000000
-0.43616902 44.42632347 -20.00000000
-8.80198108 78.65707842 -20.00000000
15.47949126 45.83313328 -20.00000000
13.78558360 47.56039236 -20.00000000
-28.70424479 46.59317506 -20.00000000
1.42572669 43.03106316 -20.00000000
9.14670619 38.28391843 -20.00000000
-27.85369709 49.81092612 -20.00000000
2.91207715 67.72556444 -20.00000000
1.47921164 64.95005110 -20.00000000
0.03462537 66.80922444 -20.00000000
-5.65747303 78.32177948 -20.00000000
-21.84873203 40.85526627 -20.00000000
-22.22687847 37.71758862 -20.00000000
18.65166608 59.55240577 -20.00000000
-16.32728549 71.88045332 -20.00000000
3.46846792 80.97706436 -20.00000000
2.89073403 44.72118272 -20.00000000
4.30263089 47.43826390 -20.00000000
1.40703895 81.62453157 -20.00000000
12.84296528 37.99488524 -20.00000000
10.89651279 35.96664816 -20.00000000
24.90698495 33.59371542 -20.00000000
-23.46758806 68.93250766 -20.00000000
16.60316319 60.56644524 -20.00000000
-27.08717038 41.94188996 -20.00000000
-3.05448620 48.45701642 -20.00000000
-18.19313566 61.46345698 -20.00000000
30.33180329 35.95309529 -20.00000000
29.04637192 44.38311220 -20.00000000
11.27804410 72.76399517 -20.00000000
-22.01023043 74.39070903 -20.00000000
-10.16101924 84.50442810 -20.00000000
-7.63091321 39.12817855 -20.00000000
16.12661382 63.96592934 -20.00000000
17.58943793 62.77729040 -20.00000000
19.27279105 64.61025738 -20.00000000
15.69036345 41.54531255 -20.00000000
12.82140027 49.94999396 -20.00000000
-14.90438002 79.39451289 -20.00000000
-12.55443057 81.53658100 -20.00000000
-15.58587065 81.72858558 -20.00000000
-3.70280489 45.27418454 -20.00000000
-1.86655122 46.63928921 -20.00000000
-8.76304326 44.53101638 -20.00000000
-5.02804850 47.05681959 -20.00000000
-7.84596918 42.70703240 -20.00000000
-6.94192884 45.80286569 -20.00000000
1.57445835 56.11623174 -20.00000000
-24.18715569 43.33217772 -20.00000000
-22.39871623 43.01730532 -20.00000000
-23.78295535 46.03256398 -20.00000000
-26.20124803 52.66026607 -20.00000000
20.51099471 53.93676502 -20.00000000
5.78827503 33.61972716 -20.00000000
5.04332606 78.16514794 -20.00000000
2.51034633 78.54130845 -20.00000000
18.81770306 41.23962046 -20.00000000
1.73083420 39.80331582 -20.00000000
4.18903689 38.58196115 -20.00000000
3.06062125 41.50746442 -20.00000000
2.22816946 62.08820058 -20.00000000
25.37935235 44.03087566 -20.00000000
23.04732375 69.19792323 -20.00000000
27.06967805 39.45637293 -20.00000000
15.74466309 82.40462551 -20.00000000
13.48553948 84.48012584 -20.00000000
21.67386101 75.67642464 -20.00000000
8.52647670 75.47393280 -20.00000000
8.22981058 73.00151975 -20.00000000
5.76546936 74.68986124 -20.00000000
-4.57076308 35.40324449 -20.00000000
-20.67352496 61.77414762 -20.00000000
-15.29253591 64.90121651 -20.00000000
-16.82561743 49.28549443 -20.00000000
-1.74193560 77.07698386 -20.00000000
-19.45831260 66.09574982 -20.00000000
-2.20236181 84.24572863 -20.00000000
4.38776379 75.78715352 -20.00000000
-7.93737737 35.87647029 -20.00000000
-19.29273808 60.15257685 -20.00000000
-16.25489241 60.28215035 -20.00000000
14.55036620 62.05842324 -20.00000000
15.46841443 59.08010838 -20.00000000
-1.59807486 56.09156419 -20.00000000
9.48511066 77.52782539 -20.00000000
21.99069421 72.12551013 -20.00000000
-16.33349762 84.59253738 -20.00000000
19.45664050 35.65484344 -20.00000000
-11.37521290 56.76986906 -20.00000000
9.71489713 81.87066449 -20.00000000
6.79176085 81.94953854 -20.00000000
7.61777421 79.81838990 -20.00000000
8.42515566 84.56516326 -20.00000000
-20.89192500 79.13407686 -20.00000000
-23.10447122 35.51985853 -20.00000000
-5.39516922 43.93641275 -20.00000000
29.23372279 33.50477197 -20.00000000
-30.48064365 39.48255935 -20.00000000
-8.20309690 81.90827229 -20.00000000
18.43335677 38.65105568 -20.00000000
24.68673876 52.94238174 -20.00000000
-18.07767134 39.06262897 -20.00000000
21.49638636 69.12764145 -20.00000000
6.33033122 84.64534477 -20.00000000
19.40614452 33.48513137 -20.00000000
14.13359630 69.66481854 -20.00000000
19.26431824 76.23421984 -20.00000000
19.04448200 74.06690727 -20.00000000
-10.89258632 76.72129760 -20.00000000
-12.82464762 77.95580863 -20.00000000
-13.93470957 84.40870140 -20.00000000
-15.31919424 75.05273819 -20.00000000
-4.92476994 84.45574069 -20.00000000
-10.89076313 35.89323911 -20.00000000
11.22579266 45.03270998 -20.00000000
14.43942679 71.90846345 -20.00000000
-12.28334105 71.94132161 -20.00000000
-26.46991297 55.82586715 -20.00000000
-9.14746785 41.03010946 -20.00000000
8.29741311 35.44321713 -20.00000000
5.59738073 35.92955785 -20.00000000
22.13837059 37.19651503 -20.00000000
-18.76109300 53.43746663 -20.00000000
12.39254856 55.75556454 -20.00000000
12.63826705 52.54784331 -20.00000000
-23.93325264 33.49015303 -20.00000000
20.71309864 78.96443905 -20.00000000
25.57001144 58.99443425 -20.00000000
-13.68648928 53.03679709 -20.00000000
-10.77214565 53.75334623 -20.00000000
-9.26315104 54.95452174 -20.00000000
-16.82638615 52.39345869 -20.00000000
-17.77011298 55.27259260 -20.00000000
-13.28002838 50.01707344 -20.00000000
-12.09431006 51.86011370 -20.00000000
-22.19413022 56.18695291 -20.00000000
3.52597874 35.87277525 -20.00000000
17.43447511 54.32925388 -20.00000000
15.83958320 56.03628431 -20.00000000
15.53475841 53.05179110 -20.00000000
23.26913720 48.37133896 -20.00000000
-15.01293140 62.00803487 -20.00000000
-22.04022289 66.23220677 -20.00000000
-20.83762717 68.64434896 -20.00000000
2.88654883 55.18355869 -20.00000000
12.50619396 42.30412460 -20.00000000
-13.32297906 61.12453371 -20.00000000
-11.53797245 60.94772899 -20.00000000
-17.64261524 62.86625632 -20.00000000
4.34882690 72.40522521 -20.00000000
18.58877586 51.61835261 -20.00000000
12.95604405 78.90171926 -20.00000000
12.23178318 80.25062238 -20.00000000
-28.98368021 33.55630585 -20.00000000
-19.52887429 57.10141806 -20.00000000
-22.29895227 45.86909732 -20.00000000
12.42379933 46.92602953 -20.00000000
-25.09198537 36.47672714 -20.00000000
24.52073749 41.08185586 -20.00000000
-8.18777511 67.57394520 -20.00000000
-19.09528916 43.90452914 -20.00000000
-20.09225964 46.48336824 -20.00000000
0.88378035 84.61240958 -20.00000000
-8.07019385 84.55176822 -20.00000000
-13.82958358 82.52038334 -20.00000000
13.93085472 44.35243636 -20.00000000
-28.40432683 41.20011299 -20.00000000
-16.89133611 44.90341897 -20.00000000
9.73822486 70.66080720 -20.00000000
-7.70070786 70.61966152 -20.00000000
10.12819163 51.44961638 -20.00000000
15.93831095 37.18417832 -20.00000000
-21.04731765 43.72923281 -20.00000000
19.31156330 78.40612847 -20.00000000
2.25384640 49.85484104 -20.00000000
9.11100444 49.19535192 -20.00000000
9.11930924 46.22375984 -20.00000000
7.50338261 47.38567616 -20.00000000
8.15947786 44.48987963 -20.00000000
22.25525991 64.96983982 -20.00000000
-4.53011333 59.05054613 -20.00000000
-2.89218747 57.39622863 -20.00000000
-13.90998664 56.55885646 -20.00000000
14.95807244 84.31528686 -20.00000000
10.87521598 48.11159253 -20.00000000
-22.20227153 50.06083477 -20.00000000
-20.35294571 55.86852389 -20.00000000
1.42075455 59.44921274 -20.00000000
-3.11009620 74.35755498 -20.00000000
-31.92512862 33.54793485 -20.00000000
22.24132657 56.20831237 -20.00000000
10.91773077 56.85268095 -20.00000000
13.80312668 57.66452354 -20.00000000
-6.31049420 33.38709552 -20.00000000
-16.20845159 80.39310276 -20.00000000
18.87683916 72.01463634 -20.00000000
7.59252451 54.27293145 -20.00000000
-15.92708311 77.50765978 -20.00000000
-27.10178391 39.36894793 -20.00000000
16.93175811 74.35251152 -20.00000000
15.05798319 76.60507885 -20.00000000
-3.80034971 64.48011872 -20.00000000
-6.79243060 64.84623215 -20.00000000
-6.12169674 66.33367321 -20.00000000
-2.93169345 39.11568353 -20.00000000
-5.48682242 83.07156925 -20.00000000
-27.24547682 53.70663102 -20.00000000
-20.71282330 66.85354591 -20.00000000
3.11833564 52.20005680 -20.00000000
20.47233403 48.11379061 -20.00000000
-7.16775372 62.24544078 -20.00000000
-6.54582639 60.92042168 -20.00000000
9.17236019 52.66213215 -20.00000000
-24.82833193 41.09665115 -20.00000000
-19.76555230 76.55326944 -20.00000000
-14.23371257 73.47457134 -20.00000000
-12.26435659 74.84818707 -20.00000000
-14.41256603 76.25096127 -20.00000000
-17.36568386 77.73749031 -20.00000000
-1.59867893 59.08529271 -20.00000000
-1.18247857 51.84746810 -20.00000000
-25.13309967 48.31434790 -20.00000000
-26.58393361 47.78095197 -20.00000000
-25.20613154 50.25897702 -20.00000000
-15.08674597 33.42973277 -20.00000000
-17.96253184 33.41785885 -20.00000000
-22.06862671 64.49644492 -20.00000000
20.65722867 80.51720073 -20.00000000
-21.96826782 75.83664261 -20.00000000
20.49921054 61.71422592 -20.00000000
19.54101371 84.63902221 -20.00000000
10.70997976 84.58532790 -20.00000000
23.67565323 67.43804034 -20.00000000
-9.32531645 36.42094990 -20.00000000
-24.85877323 53.17219883 -20.00000000
-1.53794074 41.69510092 -20.00000000
20.25619022 45.20486436 -20.00000000
23.17991498 45.78952319 -20.00000000
0.72865351 79.49509991 -20.00000000
-18.71877712 81.41132746 -20.00000000
-2.79003253 68.24865884 -20.00000000
-24.44345726 54.55479551 -20.00000000
11.32536140 33.30350938 -20.00000000
-24.08405885 38.31838337 -20.00000000
24.79418373 63.20486268 -20.00000000
2.76473421 38.62894981 -20.00000000
-8.10070737 49.24388374 -20.00000000
13.90037692 35.72603064 -20.00000000
-19.78749890 84.65720383 -20.00000000
-13.00007867 63.51451608 -20.00000000
14.98295079 66.76499734 -20.00000000
12.27014891 65.88732949 -20.00000000
13.99445685 64.92020620 -20.00000000
10.01331531 72.07467603 -20.00000000
-4.35575808 70.76035000 -20.00000000
-9.27537968 51.83961219 -20.00000000
-6.46345536 51.04817649 -20.00000000
-25.05329682 55.83344892 -20.00000000
1.49998183 68.00178774 -20.00000000
-4.00513851 52.66852518 -20.00000000
1.93527424 33.53976351 -20.00000000
-4.77655430 68.63926183 -20.00000000
-2.64250288 61.76383857 -20.00000000
16.82063422 47.93571649 -20.00000000
-13.13537476 38.84715278 -20.00000000
10.87426324 77.26340913 -20.00000000
-14.24359164 48.36558113 -20.00000000
-16.94510399 47.63463707 -20.00000000
-17.41985277 74.91532280 -20.00000000
11.54652150 61.52492242 -20.00000000
1.59599993 72.73970720 -20.00000000
2.95758157 73.39109333 -20.00000000
-8.66295790 64.99174560 -20.00000000
-9.33362960 63.73149177 -20.00000000
-14.12539071 44.15976849 -20.00000000
11.92467269 58.63414820 -20.00000000
-12.24168884 33.47441874 -20.00000000
-9.66601948 81.99290775 -20.00000000
-19.84693060 35.24409524 -20.00000000
17.66825008 84.62632906 -20.00000000
-17.44845047 69.62063748 -20.00000000
-17.66616395 72.41503872 -20.00000000
-19.19439663 70.78113015 -20.00000000
19.99826051 83.21809061 -20.00000000
20.62719679 70.80740341 -20.00000000
27.10547368 35.35642868 -20.00000000
7.15385189 75.76533865 -20.00000000
-6.07111897 75.27217661 -20.00000000
9.84389488 62.74124742 -20.00000000
11.26158551 64.31024732 -20.00000000
-15.13088100 46.83332377 -20.00000000
18.27000032 82.04353843 -20.00000000
-22.75518283 72.21571866 -20.00000000
25.21970610 60.98366197 -20.00000000
-26.01531065 34.86008109 -20.00000000
11.27485174 68.58115706 -20.00000000
23.48960249 42.70551224 -20.00000000
-17.84806092 84.61322953 -20.00000000
-17.94477184 36.20334446 -20.00000000
-9.85475099 74.20266152 -20.00000000
13.20672372 63.11895293 -20.00000000
-4.50034431 41.77533436 -20.00000000
-18.06009045 67.61776641 -20.00000000
8.73302888 68.30358930 -20.00000000
-1.86913615 64.81370206 -20.00000000
26.27935862 33.75926900 -20.00000000
-7.46750664 72.85528298 -20.00000000
20.37548816 73.64823573 -20.00000000
9.11318536 55.68013040 -20.00000000
22.08118233 66.34518935 -20.00000000
-16.28568839 65.94986714 -20.00000000
-5.77622850 48.50931892 -20.00000000
-29.97203144 42.40653965 -20.00000000
-29.53696606 43.78728443 -20.00000000
-31.66840713 34.91781676 -20.00000000
-19.66589986 50.19592139 -20.00000000
-7.64331434 83.20253192 -20.00000000
1.04385593 46.05648883 -20.00000000
23.23191769 60.83867628 -20.00000000
23.38773634 58.78287255 -20.00000000
-8.52159889 62.50317863 -20.00000000
15.07579593 42.81653249 -20.00000000
14.49937227 40.44168368 -20.00000000
2.18641106 69.57941455 -20.00000000
-0.53804522 68.81930653 -20.00000000
12.49199752 45.55719491 -20.00000000
-15.76664514 63.15694931 -20.00000000
-1.87730431 35.10394537 -20.00000000
-2.68731004 33.31064934 -20.00000000
-1.47184534 53.18059447 -20.00000000
17.77412029 33.32456803 -20.00000000
17.01535183 35.11558774 -20.00000000
20.16138411 55.36596320 -20.00000000
17.28512514 76.36862590 -20.00000000
6.34540997 52.53698946 -20.00000000
7.37314587 50.51342606 -20.00000000
4.80595770 50.74967101 -20.00000000
18.77049787 46.93588867 -20.00000000
-4.24241894 73.57823109 -20.00000000
-4.32544864 76.29075613 -20.00000000
-12.51305887 84.83160639 -20.00000000
-0.39789764 49.65609533 -20.00000000
-2.93891061 82.24209744 -20.00000000
-3.59477058 84.83056501 -20.00000000
14.84618398 74.55981578 -20.00000000
-15.20271700 51.24705154 -20.00000000
-4.75493926 66.31965170 -20.00000000
8.40584590 63.64430576 -20.00000000
8.24174988 66.40147360 -20.00000000
9.51777882 65.46313776 -20.00000000
31.58728513 35.34347267 -20.00000000
12.81516110 33.34252635 -20.00000000
11.53443784 37.23018960 -20.00000000
11.48407619 39.96739800 -20.00000000
14.39542579 79.04339675 -20.00000000
14.27736261 81.62412373 -20.00000000
6.29406932 46.16259548 -20.00000000
-5.18562979 60.75766714 -20.00000000
19.27503791 70.71945019 -20.00000000
-21.72948348 69.66340833 -20.00000000
-24.61536384 64.58779357 -20.00000000
-0.83101404 74.78691634 -20.00000000
-1.18811570 72.38146803 -20.00000000
-2.61173193 72.59098264 -20.00000000
18.14488275 40.01670385 -20.00000000
-17.75676267 41.83228836 -20.00000000
8.85046816 60.98229209 -20.00000000
0.50015886 75.20406844 -20.00000000
17.05126322 78.48086633 -20.00000000
25.57721807 46.89647102 -20.00000000
26.16224769 48.31910503 -20.00000000
-4.68773126 56.25651031 -20.00000000
5.72873605 55.19972495 -20.00000000
6.49841200 57.78616763 -20.00000000
4.44521577 56.85598664 -20.00000000
-16.70404521 56.40940139 -20.00000000
27.09576557 45.82563419 -20.00000000
-9.46940647 33.29526295 -20.00000000
-20.71368391 71.60811454 -20.00000000
31.84428232 33.45106781 -20.00000000
-20.97838628 80.53854652 -20.00000000
-4.94154515 63.69500815 -20.00000000
4.83178910 80.99414948 -20.00000000
-6.48450612 63.49577212 -20.00000000
3.23541057 70.57832238 -20.00000000
16.70652540 57.65052148 -20.00000000
24.35241423 64.89151164 -20.00000000
22.73199098 62.67835884 -20.00000000
5.74918854 63.07723118 -20.00000000
4.26171457 61.16522194 -20.00000000
-0.06905400 57.90395074 -20.00000000
17.80582047 43.95943773 -20.00000000
-3.42045570 37.69138859 -20.00000000
-0.79456141 38.34966028 -20.00000000
-1.60440365 36.57154062 -20.00000000
-18.16961766 58.12055438 -20.00000000
-5.28175796 50.34656003 -20.00000000
15.22602043 34.39760952 -20.00000000
27.45582874 52.27495824 -20.00000000
-9.00443447 66.29770433 -20.00000000
-20.10913532 64.06645212 -20.00000000
-19.03479205 79.06357836 -20.00000000
21.84779579 33.41831495 -20.00000000
28.55648279 47.46947857 -20.00000000
19.72544698 68.13914300 -20.00000000
17.51452493 67.47268661 -20.00000000
19.66054383 66.07565810 -20.00000000
-15.56077289 53.92229709 -20.00000000
-23.13679275 40.49860101 -20.00000000
15.49973729 38.64019079 -20.00000000
-10.10136410 56.39704918 -20.00000000
-8.23583048 56.78357236 -20.00000000
-9.84137234 58.79727908 -20.00000000
12.89336551 60.35468395 -20.00000000
-4.38830342 78.70644017 -20.00000000
-3.77301202 80.29748981 -20.00000000
10.27026480 59.86391680 -20.00000000
9.20852848 58.33065115 -20.00000000
7.62326519 59.62883661 -20.00000000
7.25724531 70.57403429 -20.00000000
6.81330878 68.73229455 -20.00000000
4.83641167 69.60420795 -20.00000000
7.10830991 33.69492688 -20.00000000
1.50226529 53.22551318 -20.00000000
17.37451556 83.01390375 -20.00000000
-28.81689779 37.36651039 -20.00000000
7.19894905 72.13264745 -20.00000000
8.54981391 82.61894028 -20.00000000
10.78668765 82.74736321 -20.00000000
-0.33950271 54.22153165 -20.00000000
-27.17387887 43.27116649 -20.00000000
18.05989995 57.50426291 -20.00000000
-5.24729658 71.75103134 -20.00000000
-7.61988482 79.27977087 -20.00000000
-5.27230720 53.01324099 -20.00000000
-6.56924180 54.93656292 -20.00000000
-0.40464099 77.55047658 -20.00000000
-1.88496816 79.80900126 -20.00000000
6.77374362 62.18964554 -20.00000000
6.22905010 49.87281600 -20.00000000
-24.16007882 57.00433410 -20.00000000
17.55667696 49.05597965 -20.00000000
10.29681440 37.65789999 -20.00000000
5.48136152 43.10761819 -20.00000000
3.01455646 66.37828073 -20.00000000
5.20263509 65.75669722 -20.00000000
4.19122747 68.10356442 -20.00000000
-4.18947984 62.34541546 -20.00000000
23.17616918 55.17573698 -20.00000000
-21.90502380 62.19861422 -20.00000000
-20.28979929 83.39893592 -20.00000000
18.98668420 50.33343542 -20.00000000
5.95071956 60.51155809 -20.00000000
0.47224540 62.18521498 -20.00000000
-0.77090193 60.42530285 -20.00000000
-5.69855166 81.06188779 -20.00000000
-12.37161495 69.42685682 -20.00000000
-10.36146926 70.65100123 -20.00000000
-1.21162327 66.36445602 -20.00000000
0.36357045 64.28962501 -20.00000000
5.42263897 38.01902920 -20.00000000
-10.50407804 39.52731959 -20.00000000
2.04306761 77.33136598 -20.00000000
5.98847162 83.38074111 -20.00000000
-15.79938144 67.55835400 -20.00000000
-14.08419339 65.52553399 -20.00000000
-25.85957116 60.35395082 -20.00000000
24.25762092 34.78398267 -20.00000000
-13.76088668 62.34492102 -20.00000000
9.65547168 74.80336812 -20.00000000
-16.39287200 38.00076058 -20.00000000
-27.76093175 36.61102200 -20.00000000
-7.62798862 54.13609949 -20.00000000
-14.29532729 67.67054163 -20.00000000
-21.50663447 33.17792109 -20.00000000
-13.19924933 45.29975993 -20.00000000
-15.70195406 34.82304132 -20.00000000
13.62503122 43.04554306 -20.00000000
-18.96903489 37.77387346 -20.00000000
-21.13245472 39.17308509 -20.00000000
-20.58603597 36.93036601 -20.00000000
-13.54946881 79.13057702 -20.00000000
-25.82457316 39.30892781 -20.00000000
-2.34555901 50.98332349 -20.00000000
-0.57142730 81.94509590 -20.00000000
-10.03910649 78.32521920 -20.00000000
-23.64179050 51.19826172 -20.00000000
2.35585528 63.98846005 -20.00000000
-23.47024844 63.97374202 -20.00000000
-11.42330196 65.14130289 -20.00000000
3.25098409 37.11702226 -20.00000000
1.04028362 38.24441768 -20.00000000
14.31008830 33.10507837 -20.00000000
-19.19114002 39.67386027 -20.00000000
-11.97278449 47.58624091 -20.00000000
26.36451931 57.33726664 -20.00000000
-21.10060758 35.04740854 -20.00000000
-6.65764858 69.04743851 -20.00000000
13.69192045 73.95946215 -20.00000000
-19.29522463 33.25068408 -20.00000000
-24.47068912 65.87223438 -20.00000000
-12.09214327 67.44538054 -20.00000000
10.72653015 66.97774917 -20.00000000
-14.88327644 55.74120405 -20.00000000
21.98274284 34.71469367 -20.00000000
-15.04993721 71.57737666 -20.00000000
11.60877918 69.84032730 -20.00000000
12.31837583 84.95105175 -20.00000000
-15.35864900 59.40085555 -20.00000000
1.26212263 50.68590911 -20.00000000
18.34584718 65.46186236 -20.00000000
-4.33544642 55.02255045 -20.00000000
6.36763333 73.54991169 -20.00000000
6.12700406 71.12822346 -20.00000000
-11.42110332 84.13984962 -20.00000000
-12.34781364 36.22476518 -20.00000000
8.26089594 37.34775574 -20.00000000
7.23762448 36.19666727 -20.00000000
-19.45958927 61.40916472 -20.00000000
-7.05110233 58.95646484 -20.00000000
-5.99642554 58.23722097 -20.00000000
-2.49625002 66.98563145 -20.00000000
25.44788861 36.98719089 -20.00000000
10.73865668 54.18785637 -20.00000000
13.21834131 67.48944233 -20.00000000
-13.36143991 35.00487709 -20.00000000
9.06396412 80.29601206 -20.00000000
-29.86463794 36.69523373 -20.00000000
2.29022738 36.17128380 -20.00000000
9.56889298 35.38504676 -20.00000000
9.60107673 33.24912927 -20.00000000
-21.45769869 44.92517654 -20.00000000
-2.47749359 78.07882682 -20.00000000
-27.76456916 35.36349323 -20.00000000
-19.95407600 78.23387195 -20.00000000
-13.32166542 42.87973283 -20.00000000
-11.72075254 44.96058109 -20.00000000
-10.85477605 45.95709153 -20.00000000
-19.43465242 41.16057006 -20.00000000
6.60220617 64.68362568 -20.00000000
-10.65621027 41.96302564 -20.00000000
1.67932468 83.17021874 -20.00000000
4.01932073 82.11334440 -20.00000000
19.21101547 61.86131263 -20.00000000
15.47244528 68.57144745 -20.00000000
-11.48351556 73.88821563 -20.00000000
-16.97131313 73.76150247 -20.00000000
4.04310198 53.75954700 -20.00000000
12.18167193 71.92686418 -20.00000000
18.59145197 63.57278730 -20.00000000
20.40044757 64.09164587 -20.00000000
-20.02636937 43.04987569 -20.00000000
20.59605368 33.15713415 -20.00000000
-22.63541671 47.39879133 -20.00000000
-21.05286898 48.25824503 -20.00000000
-9.03963171 60.11883827 -20.00000000
-9.16810387 61.38128317 -20.00000000
-9.78739100 80.76923871 -20.00000000
6.08736519 77.51666878 -20.00000000
4.80787426 76.94013821 -20.00000000
-31.34248075 37.38341640 -20.00000000
9.48753393 42.91946487 -20.00000000
13.85006535 76.43849359 -20.00000000
29.40981464 34.78492418 -20.00000000
30.66363340 33.15241527 -20.00000000
-22.49933425 54.24918984 -20.00000000
-27.68592057 52.45007984 -20.00000000
16.49208457 80.25610116 -20.00000000
15.25184275 78.06869310 -20.00000000
23.89758026 57.67084453 -20.00000000
20.05560581 41.15464101 -20.00000000
-18.00063309 82.39769636 -20.00000000
3.99096669 42.29445613 -20.00000000
4.63655204 40.34783453 -20.00000000
6.20374713 41.33757582 -20.00000000
-3.10716603 70.59330935 -20.00000000
31.21223849 36.88188575 -20.00000000
4.58956954 33.18322881 -20.00000000
16.71160809 70.86887519 -20.00000000
26.83146081 38.26959810 -20.00000000
28.54513823 39.39060863 -20.00000000
29.24206939 38.39269976 -20.00000000
28.82041509 37.16914859 -20.00000000
-15.56990139 58.13195710 -20.00000000
18.06286595 80.84317012 -20.00000000
-4.11727915 47.86405582 -20.00000000
15.44676319 50.24686994 -20.00000000
-11.08717831 62.09569417 -20.00000000
-7.18432382 48.43156387 -20.00000000
-8.76337370 50.38646211 -20.00000000
-25.84259621 41.82701365 -20.00000000
7.79173603 78.60636991 -20.00000000
10.10899530 78.58176356 -20.00000000
-17.76275185 48.52356999 -20.00000000
-7.01591706 67.18505738 -20.00000000
-15.10581604 84.86973019 -20.00000000
-1.38651365 80.91044860 -20.00000000
-8.75200211 70.04284659 -20.00000000
12.44367552 39.17414380 -20.00000000
-3.12581881 40.29717968 -20.00000000
-0.93614172 39.55693960 -20.00000000
30.77519080 38.65952272 -20.00000000
22.97988579 71.39523246 -20.00000000
-17.52590030 50.25316872 -20.00000000
13.34272259 54.40019017 -20.00000000
14.63512745 54.38117692 -20.00000000
-29.32699001 34.76623103 -20.00000000
-10.15998560 71.84215534 -20.00000000
-8.08776299 71.79000938 -20.00000000
5.53675788 79.25588357 -20.00000000
3.73802240 78.59324133 -20.00000000
3.22115712 79.81096301 -20.00000000
-16.64327460 70.73148011 -20.00000000
-16.26927136 69.42201446 -20.00000000
-24.67538564 58.08112411 -20.00000000
6.97522049 56.68440420 -20.00000000
21.14440978 43.95828244 -20.00000000
-9.67352658 43.72594599 -20.00000000
-9.06780997 68.48357694 -20.00000000
20.41561810 52.74782272 -20.00000000
27.91507374 41.87907825 -20.00000000
26.79318071 41.38549067 -20.00000000
3.83738751 59.21069252 -20.00000000
-26.68698844 57.01213383 -20.00000000
-21.17299022 52.24728329 -20.00000000
16.90879533 51.58923334 -20.00000000
24.98791550 56.27516246 -20.00000000
-15.78486501 45.33158359 -20.00000000
-19.47050040 74.92802843 -20.00000000
-20.81857418 53.88001195 -20.00000000
4.09417054 64.17681501 -20.00000000
0.21319727 47.62907236 -20.00000000
0.74757550 65.87237822 -20.00000000
-9.66292847 45.74148585 -20.00000000
5.98652282 48.71469550 -20.00000000
-1.17591751 50.62929183 -20.00000000
3.35505910 85.01182735 -20.00000000
8.18936371 56.90147028 -20.00000000
13.14564032 83.35771718 -20.00000000
0.42250431 41.92000099 -20.00000000
26.11908774 51.16450042 -20.00000000
6.72511356 39.85842932 -20.00000000
6.58749732 38.63665301 -20.00000000
-29.46556764 38.87910552 -20.00000000
-30.83454304 33.10627903 -20.00000000
8.56775264 74.25772946 -20.00000000
-0.48663552 79.46020033 -20.00000000
-17.67337650 76.56066027 -20.00000000
-6.94041633 40.09285967 -20.00000000
5.74900608 66.83506797 -20.00000000
21.62590952 77.69879109 -20.00000000
-3.43008757 49.56741225 -20.00000000
16.98046626 39.91990735 -20.00000000
15.93659461 84.96385501 -20.00000000
20.70685940 39.49242250 -20.00000000
-7.02269043 38.13095541 -20.00000000
-5.64395326 37.63725007 -20.00000000
-5.15839533 39.53448255 -20.00000000
27.19464950 49.71361481 -20.00000000
-24.12923075 62.12367489 -20.00000000
-16.82438466 66.99049358 -20.00000000
14.67330480 48.36766086 -20.00000000
13.37414316 48.92343845 -20.00000000
-27.38403099 40.54702460 -20.00000000
21.80374907 42.14409859 -20.00000000
22.32706152 40.39869566 -20.00000000
0.37049399 43.56284224 -20.00000000
-24.60834249 42.24326736 -20.00000000
4.47332741 62.30928538 -20.00000000
17.71548624 72.01455956 -20.00000000
5.13835157 73.36535342 -20.00000000
-17.02578539 40.56175764 -20.00000000
16.66813133 64.99345664 -20.00000000
14.59979456 46.73015037 -20.00000000
-10.76274915 49.72086497 -20.00000000
-17.16404003 65.18878276 -20.00000000
16.77153605 55.32425964 -20.00000000
18.23969444 55.62773766 -20.00000000
-9.99291043 75.98252703 -20.00000000
-8.37796110 77.57560886 -20.00000000
-22.90144235 58.69163078 -20.00000000
16.64143172 73.22965231 -20.00000000
20.02295748 59.01307928 -20.00000000
21.38113117 60.45883208 -20.00000000
19.07330183 60.63108544 -20.00000000
18.46849375 36.26519855 -20.00000000
15.52564203 33.11989024 -20.00000000
3.79796982 45.49166953 -20.00000000
-13.46617283 76.98355623 -20.00000000
-23.23604128 52.32340841 -20.00000000
23.49309255 40.55785694 -20.00000000
-22.41408217 73.31396023 -20.00000000
-3.77865875 33.68410257 -20.00000000
27.15224225 33.01152939 -20.00000000
-1.93211124 47.89348171 -20.00000000
-10.90296530 38.28704347 -20.00000000
-11.59532252 82.17839865 -20.00000000
-10.50105070 63.45622326 -20.00000000
11.74396650 49.45904373 -20.00000000
16.57060495 53.56264934 -20.00000000
-1.13049672 45.76281437 -20.00000000
-6.25907676 44.88433567 -20.00000000
-4.76570700 42.97567937 -20.00000000
-5.96640561 46.40147975 -20.00000000
-6.88666570 42.00703031 -20.00000000
-2.87232982 44.27070101 -20.00000000
-7.56918113 46.76022609 -20.00000000
-6.40798952 43.39472433 -20.00000000
-2.76444778 45.92952438 -20.00000000
0.69072564 40.28921079 -20.00000000
-10.14486995 66.38629708 -20.00000000
11.27778924 75.87481678 -20.00000000
12.39329127 75.46844817 -20.00000000
28.34146551 49.74477565 -20.00000000
14.74990172 56.42725149 -20.00000000
13.23086191 56.54333218 -20.00000000
17.62151058 60.04749848 -20.00000000
9.56700906 84.63854467 -20.00000000
-13.74959025 64.40818904 -20.00000000
20.60535539 76.14574518 -20.00000000
-7.15476676 56.41297603 -20.00000000
-21.66934767 61.03525262 -20.00000000
14.67604624 52.28523951 -20.00000000
-20.56915303 59.01234803 -20.00000000
22.82590404 72.90200540 -20.00000000
2.04981394 45.50296876 -20.00000000
29.95539882 43.08744899 -20.00000000
-0.61354619 32.96902297 -20.00000000
12.85455855 77.73188954 -20.00000000
17.73206899 37.73655503 -20.00000000
-17.23085649 60.86157684 -20.00000000
-16.75449214 36.89823607 -20.00000000
-31.12196860 38.51937363 -20.00000000
7.34407201 43.68958934 -20.00000000
8.21133127 41.78267170 -20.00000000
-26.68323520 33.16525653 -20.00000000
-27.92907138 33.08887843 -20.00000000
20.87322542 68.16345431 -20.00000000
-17.71165058 78.81742629 -20.00000000
-8.35141569 57.91246511 -20.00000000
14.36499718 70.77594265 -20.00000000
-8.45191652 76.23467547 -20.00000000
18.36792147 53.68850099 -20.00000000
0.44465836 76.79708992 -20.00000000
25.30846041 62.15202459 -20.00000000
18.18298397 78.49100046 -20.00000000
-29.73777983 44.90153293 -20.00000000
10.19547165 67.98209785 -20.00000000
-1.99881513 62.69302432 -20.00000000
10.08774150 38.99245489 -20.00000000
10.13371753 40.78342967 -20.00000000
8.23721968 40.17916236 -20.00000000
-26.86398416 54.76855073 -20.00000000
-5.40191152 36.18444950 -20.00000000
-3.69757746 59.85800110 -20.00000000
10.04394038 47.32925385 -20.00000000
10.17461289 45.80609515 -20.00000000
-13.65852383 60.04393077 -20.00000000
-11.42093513 59.82229784 -20.00000000
-12.25573689 58.64412827 -20.00000000
28.17100455 43.67185678 -20.00000000
3.68690443 83.19998520 -20.00000000
-3.83231412 58.05796858 -20.00000000
-19.79153326 49.07814889 -20.00000000
-24.77256269 59.94950387 -20.00000000
22.77260017 44.73982924 -20.00000000
24.29678066 43.49222076 -20.00000000
24.31926710 45.60698096 -20.00000000
-28.84432626 48.86680009 -20.00000000
-11.32703706 79.38394015 -20.00000000
19.57257497 38.68064508 -20.00000000
12.52680196 73.98930400 -20.00000000
25.52487942 41.59982719 -20.00000000
25.93719197 39.40376254 -20.00000000
-6.05474203 79.38204685 -20.00000000
-12.78779760 70.88696665 -20.00000000
-19.00963523 56.04149955 -20.00000000
2.21950655 43.82300831 -20.00000000
1.04502804 80.56708506 -20.00000000
2.20606281 42.22944174 -20.00000000
3.35237205 61.86340560 -20.00000000
-21.97792154 59.86131544 -20.00000000
27.37525558 53.45159522 -20.00000000
-29.03353992 47.68193229 -20.00000000
-22.01220498 41.96465428 -20.00000000
-2.42707249 55.33763720 -20.00000000
-0.82597415 55.28770183 -20.00000000
3.17518877 47.46330461 -20.00000000
3.35782617 49.65324420 -20.00000000
1.92219024 48.78273246 -20.00000000
6.81079016 45.15326161 -20.00000000
-8.33964596 52.44088858 -20.00000000
-9.70852984 52.86406904 -20.00000000
-8.58820491 38.56076738 -20.00000000
-8.36069328 40.24193976 -20.00000000
-4.33900880 46.18514161 -20.00000000
-7.83363779 45.13995290 -20.00000000
15.42891117 69.68205010 -20.00000000
-17.31073107 34.73829207 -20.00000000
30.50528230 40.46015767 -20.00000000
-22.60811002 32.98405500 -20.00000000
-6.68631506 70.16053002 -20.00000000
19.53937748 72.91105288 -20.00000000
-25.57794140 62.32025554 -20.00000000
-25.89374243 51.18710977 -20.00000000
-28.19094796 50.95450350 -20.00000000
-26.80406846 50.19249274 -20.00000000
19.27006779 45.93247808 -20.00000000
21.04619041 46.00193081 -20.00000000
3.47204510 34.76461193 -20.00000000
5.68863517 34.82537452 -20.00000000
-6.16384011 52.15014741 -20.00000000
-10.72184056 34.79142365 -20.00000000
7.18259416 80.83724811 -20.00000000
-2.59154043 53.37003460 -20.00000000
16.55349226 50.27109065 -20.00000000
-7.61228887 50.29060799 -20.00000000
4.07095963 65.65952731 -20.00000000
-2.86227918 76.81071967 -20.00000000
-24.21087405 44.49923773 -20.00000000
-25.77154716 44.20823571 -20.00000000
-25.97382890 45.94361739 -20.00000000
-25.99898192 37.10127945 -20.00000000
0.31093128 45.23497112 -20.00000000
-0.44955799 62.79380450 -20.00000000
9.01971837 76.53071302 -20.00000000
24.87610695 49.95788217 -20.00000000
22.56249544 49.73786883 -20.00000000
23.82956910 50.92581286 -20.00000000
-10.34019004 36.84576496 -20.00000000
-17.95386798 52.61872017 -20.00000000
23.13975080 70.30044941 -20.00000000
-10.42197848 61.17198332 -20.00000000
14.36744587 59.39658244 -20.00000000
21.17065955 47.17922545 -20.00000000
-15.40765701 42.41981594 -20.00000000
-16.47899244 42.97669421 -20.00000000
0.30545439 67.97300110 -20.00000000
16.53709040 43.94204381 -20.00000000
-12.29381033 38.13926785 -20.00000000
-28.42768302 43.80056261 -20.00000000
-27.93578512 45.78615974 -20.00000000
-0.88060695 71.32795404 -20.00000000
-24.09118510 48.77077004 -20.00000000
24.50471547 58.62209553 -20.00000000
-23.64889653 34.55810228 -20.00000000
20.78343981 50.51273588 -20.00000000
-7.32545149 81.22746833 -20.00000000
14.03023978 72.92104860 -20.00000000
-11.48516435 52.92659476 -20.00000000
-13.14543289 54.48310184 -20.00000000
-11.57180664 54.49662003 -20.00000000
-17.91969268 63.98679606 -20.00000000
-28.48456622 38.40441653 -20.00000000
-15.10687160 80.48087349 -20.00000000
-17.42491118 45.85517241 -20.00000000
-20.90580342 74.29771769 -20.00000000
-18.77551046 48.10017701 -20.00000000
17.93842911 41.88533221 -20.00000000
19.46678121 42.18547298 -20.00000000
-1.60372776 85.15451258 -20.00000000
19.41476627 77.31741535 -20.00000000
-21.19043141 46.01021099 -20.00000000
-15.52339996 76.45319721 -20.00000000
3.41782960 76.29757892 -20.00000000
19.36924890 34.57143368 -20.00000000
25.70627561 53.37701116 -20.00000000
2.33349061 50.99731703 -20.00000000
2.46507207 40.60127911 -20.00000000
2.48089172 81.43814317 -20.00000000
15.51260764 63.04244370 -20.00000000
15.35242159 61.33418389 -20.00000000
17.04573094 61.55851037 -20.00000000
-13.34652763 58.95380204 -20.00000000
-10.95048067 69.62958436 -20.00000000
-16.79009888 59.30685159 -20.00000000
-4.58867233 44.65550298 -20.00000000
19.15327584 75.13947957 -20.00000000
-19.54023974 51.27369770 -20.00000000
-7.57790895 32.89144421 -20.00000000
13.06647276 35.03463189 -20.00000000
14.65658643 58.34441865 -20.00000000
-24.19942922 68.05277827 -20.00000000
-23.58722489 70.13472476 -20.00000000
-13.82852319 55.41781613 -20.00000000
-10.95144266 67.49827477 -20.00000000
-12.33266060 49.50826789 -20.00000000
-12.64889498 50.94028884 -20.00000000
-11.16916801 51.31444495 -20.00000000
21.02742081 59.43028947 -20.00000000
13.25672216 81.29102609 -20.00000000
-15.58466763 78.54265225 -20.00000000
8.53021477 51.74607034 -20.00000000
-19.94477424 69.30369390 -20.00000000
14.64303285 45.15777617 -20.00000000
4.18004726 48.58562002 -20.00000000
16.02445439 66.48185066 -20.00000000
15.01698094 64.59077505 -20.00000000
-18.96890387 46.22221105 -20.00000000
28.26639004 32.94837141 -20.00000000
-14.50693381 43.10816650 -20.00000000
-15.91970876 49.95786516 -20.00000000
24.48721030 65.95138444 -20.00000000
-7.24586214 60.05354729 -20.00000000
-26.24223902 57.98376727 -20.00000000
27.71415315 36.23490635 -20.00000000
18.11255949 58.59860847 -20.00000000
-30.00729777 35.61604441 -20.00000000
-16.15001616 82.67347796 -20.00000000
14.63326850 50.96115171 -20.00000000
-21.76943140 71.79432614 -20.00000000
-22.70933344 36.50939062 -20.00000000
-24.14188328 35.99723936 -20.00000000
-9.13676089 47.07068993 -20.00000000
-22.09932846 44.05564278 -20.00000000
-3.84425489 56.91190814 -20.00000000
-15.56926613 61.09857297 -20.00000000
-11.22691770 71.77923140 -20.00000000
-7.32611384 68.21038114 -20.00000000
28.33513662 34.87224193 -20.00000000
-8.59349035 41.94367778 -20.00000000
15.50764682 71.86050660 -20.00000000
-15.45786480 39.36456486 -20.00000000
24.68886866 37.76185207 -20.00000000
-21.96275869 77.72390144 -20.00000000
18.57588910 69.90269495 -20.00000000
17.48528860 69.74214164 -20.00000000
-3.58388294 81.36755615 -20.00000000
-15.53889286 35.92017858 -20.00000000
5.12216244 48.10604920 -20.00000000
5.11921597 53.49899508 -20.00000000
-21.23587779 38.11164109 -20.00000000
0.59339597 70.32977067 -20.00000000
22.39655999 74.83287201 -20.00000000
-18.66061793 59.30265033 -20.00000000
-20.23187061 57.88807090 -20.00000000
-29.59302292 45.99561407 -20.00000000
-20.80939261 76.39801721 -20.00000000
17.19832657 68.50412222 -20.00000000
17.97558894 74.21140339 -20.00000000
-16.34882308 74.66758466 -20.00000000
-19.73382003 53.91915746 -20.00000000
-18.66228677 50.55657553 -20.00000000
-17.43366540 51.49849564 -20.00000000
-19.30626911 52.30085309 -20.00000000
10.55984163 74.23123484 -20.00000000
-14.15290266 39.81699623 -20.00000000
-13.99183269 40.92756979 -20.00000000
-11.99218438 40.16766122 -20.00000000
-4.77572665 77.25589468 -20.00000000
-6.33331221 77.48749612 -20.00000000
-23.70910655 60.10481435 -20.00000000
5.20867639 51.73607039 -20.00000000
4.13017712 51.57337405 -20.00000000
24.47903822 54.00350771 -20.00000000
-24.65303385 37.43313576 -20.00000000
23.17615597 43.73111919 -20.00000000
23.30417113 64.93961986 -20.00000000
-10.49776111 57.40529173 -20.00000000
-8.74243489 55.86508399 -20.00000000
16.26917054 46.65593173 -20.00000000
2.25991442 65.65015829 -20.00000000
7.39519161 85.06110529 -20.00000000
5.33857385 85.13469211 -20.00000000
5.94138343 37.01036915 -20.00000000
26.32090385 44.60425433 -20.00000000
-5.86249008 57.18579045 -20.00000000
15.85662150 74.13071264 -20.00000000
21.32729752 55.69549953 -20.00000000
21.59502772 57.40851971 -20.00000000
20.26885658 57.55046947 -20.00000000
17.81666950 45.64901284 -20.00000000
17.92874218 47.57642648 -20.00000000
5.58479038 58.40360465 -20.00000000
3.65604604 57.56985867 -20.00000000
-1.45046408 75.66992197 -20.00000000
-3.58244268 75.51957518 -20.00000000
-2.13383244 74.73799392 -20.00000000
3.88069627 55.95425936 -20.00000000
-14.23229845 69.29133261 -20.00000000
-18.03065927 68.70360601 -20.00000000
2.03082895 60.36778822 -20.00000000
0.56663852 60.06125438 -20.00000000
0.04065009 61.13173373 -20.00000000
14.56031085 65.80423260 -20.00000000
-8.73894591 43.25380030 -20.00000000
-5.48570825 34.79659002 -20.00000000
13.72908118 60.99651579 -20.00000000
12.27129780 62.55767413 -20.00000000
-9.11217310 84.37645634 -20.00000000
7.04385757 53.33183596 -20.00000000
8.37386455 53.33786090 -20.00000000
7.13811401 51.58778338 -20.00000000
9.06011321 69.79953854 -20.00000000
18.85349779 43.95128716 -20.00000000
2.09873323 57.03645477 -20.00000000
0.48269484 56.99938179 -20.00000000
0.72422890 58.61151188 -20.00000000
-21.48118921 70.69835651 -20.00000000
-23.49717993 71.17689835 -20.00000000
9.85040783 50.38919205 -20.00000000
11.22598710 50.37469743 -20.00000000
8.21956097 49.76488869 -20.00000000
8.07532013 48.27537923 -20.00000000
-4.59318205 32.85945517 -20.00000000
12.03673067 63.60000228 -20.00000000
-13.40239400 75.92357408 -20.00000000
9.83053212 48.38881741 -20.00000000
-18.21405944 54.32719577 -20.00000000
-5.43283456 74.35750592 -20.00000000
22.75144435 52.88293746 -20.00000000
22.26661466 51.85082805 -20.00000000
21.15427231 51.76212999 -20.00000000
22.35869894 53.86255646 -20.00000000
-7.68422897 34.80443184 -20.00000000
6.83810181 55.09322473 -20.00000000
-14.34732718 52.21222494 -20.00000000
14.30700818 85.15883140 -20.00000000
5.39223268 46.69107900 -20.00000000
5.76194348 45.05189901 -20.00000000
-19.43455147 34.28574665 -20.00000000
-20.28806100 32.93986150 -20.00000000
-14.54105279 34.35720699 -20.00000000
0.80448720 52.45488941 -20.00000000
-7.10666548 85.04283030 -20.00000000
-5.89882829 85.01341256 -20.00000000
-6.52500325 83.07075295 -20.00000000
-14.46807427 57.48857216 -20.00000000
27.08553079 55.61909750 -20.00000000
-14.65878692 53.40513490 -20.00000000
-3.98167255 65.55347404 -20.00000000
4.56354328 35.83318523 -20.00000000
-2.22856977 58.26278095 -20.00000000
-0.81237930 56.77766033 -20.00000000
8.40920689 54.91563534 -20.00000000
11.55815062 52.40603233 -20.00000000
19.51302984 47.68143621 -20.00000000
-12.18533738 78.78469640 -20.00000000
-26.52607149 38.43250432 -20.00000000
-23.17097122 61.67434811 -20.00000000
23.73872499 62.91790151 -20.00000000
21.26187605 74.64893406 -20.00000000
26.32689552 43.53465990 -20.00000000
-18.62146418 66.73022375 -20.00000000
15.44850882 83.39994770 -20.00000000
-15.01844376 72.68800566 -20.00000000
5.69005110 40.41533256 -20.00000000
23.36220433 38.79161210 -20.00000000
23.44569346 36.58530928 -20.00000000
-10.16015482 48.21075837 -20.00000000
-2.27222631 63.83824381 -20.00000000
-9.18508194 72.21611203 -20.00000000
-7.99534828 73.74036966 -20.00000000
-9.92353436 73.16215678 -20.00000000
-19.04553811 82.40384525 -20.00000000
-22.14919759 35.08573608 -20.00000000
4.95187158 83.27702260 -20.00000000
-2.85899766 71.59203406 -20.00000000
8.92732555 43.79246965 -20.00000000
14.58874776 75.62007291 -20.00000000
-15.06505540 44.59730316 -20.00000000
-1.46787771 44.14114341 -20.00000000
21.36123485 64.46023941 -20.00000000
6.80887021 76.75564719 -20.00000000
7.25091452 77.70723743 -20.00000000
-1.74906032 32.89732903 -20.00000000
-2.56165709 83.26833890 -20.00000000
-0.65421742 82.97837001 -20.00000000
-2.01955381 81.77268481 -20.00000000
14.99180067 55.38742579 -20.00000000
-4.58592935 69.75843904 -20.00000000
-5.88024287 70.91122422 -20.00000000
17.06326370 75.36848711 -20.00000000
11.43387495 57.73625127 -20.00000000
-20.28596632 54.81679531 -20.00000000
-11.76056187 77.27589977 -20.00000000
-11.71541209 75.72228664 -20.00000000
-4.51966637 53.75212985 -20.00000000
11.82977784 82.70398184 -20.00000000
-1.91054896 39.23062850 -20.00000000
-13.77695572 38.01105565 -20.00000000
-5.32950911 55.36907228 -20.00000000
-22.52536346 63.58061156 -20.00000000
10.67975149 70.26481498 -20.00000000
-20.46184325 41.27907427 -20.00000000
1.46017736 34.44284526 -20.00000000
1.02280423 32.99111486 -20.00000000
0.35303700 35.05225984 -20.00000000
-0.58227081 34.56308624 -20.00000000
-12.33115836 66.43027686 -20.00000000
2.05470135 54.50793017 -20.00000000
18.56231908 49.36936151 -20.00000000
-1.01945519 47.30139597 -20.00000000
11.79521395 77.69469331 -20.00000000
-20.31502574 72.80578856 -20.00000000
-18.49019339 71.77248624 -20.00000000
-19.08073737 73.14528176 -20.00000000
11.78172785 43.12625703 -20.00000000
0.01277987 78.52502077 -20.00000000
21.75556585 38.23610914 -20.00000000
-9.82907217 40.28169283 -20.00000000
-13.01501272 41.30052404 -20.00000000
-3.83490063 42.55194998 -20.00000000
21.47890026 76.68355371 -20.00000000
-11.01310950 85.08959895 -20.00000000
-5.14099576 75.68328450 -20.00000000
1.69956189 79.16776081 -20.00000000
-9.71921920 53.97902792 -20.00000000
25.83791977 60.06707168 -20.00000000
-3.43671286 66.61971417 -20.00000000
-4.98854960 67.65273087 -20.00000000
-3.78646060 68.44458309 -20.00000000
-10.14910792 68.43699730 -20.00000000
-2.63306506 85.20037763 -20.00000000
6.82538704 48.14198856 -20.00000000
24.25917796 32.81689091 -20.00000000
7.86859389 32.97970121 -20.00000000
21.09020658 37.34679830 -20.00000000
-18.66559898 76.73559075 -20.00000000
-18.41145447 74.73743218 -20.00000000
-15.42221002 41.40090515 -20.00000000
29.32900466 45.45404111 -20.00000000
15.08005008 79.81278243 -20.00000000
20.78091185 81.59926920 -20.00000000
3.97651327 46.48409626 -20.00000000
2.40719725 76.38460280 -20.00000000
8.95808067 72.22351259 -20.00000000
-27.77917054 47.10235392 -20.00000000
-27.11694683 48.63308157 -20.00000000
8.52576468 77.89021730 -20.00000000
16.43876753 52.52436959 -20.00000000
-13.67017606 35.99545533 -20.00000000
-14.42171393 36.68991411 -20.00000000
28.26364415 50.74486242 -20.00000000
-20.11912404 39.25804442 -20.00000000
0.37287248 81.50749307 -20.00000000
29.10036188 40.24894767 -20.00000000
-12.39765945 68.41273666 -20.00000000
-1.34790880 83.71023866 -20.00000000
21.11474548 49.54522075 -20.00000000
12.81351487 58.17534362 -20.00000000
-13.39891682 80.16091416 -20.00000000
-11.85086428 80.77198539 -20.00000000
4.94207910 55.91342766 -20.00000000
27.82392258 37.22702407 -20.00000000
24.22874676 60.87093148 -20.00000000
-17.27260460 38.47246098 -20.00000000
-15.36752544 38.11633398 -20.00000000
-19.19427095 63.66491819 -20.00000000
-19.80344958 65.01959551 -20.00000000
-18.54293677 65.59872400 -20.00000000
2.71137269 68.71595267 -20.00000000
8.37660424 46.89547553 -20.00000000
6.49215183 32.88743204 -20.00000000
-16.74036699 72.78979843 -20.00000000
22.97249663 34.81187779 -20.00000000
22.76767746 32.96270879 -20.00000000
22.07480588 58.49883615 -20.00000000
23.22809185 59.76522712 -20.00000000
-16.04407533 51.77844029 -20.00000000
4.33647274 85.24024787 -20.00000000
4.72626027 63.33289145 -20.00000000
-25.95121176 61.37039730 -20.00000000
-14.29548837 50.81636984 -20.00000000
-15.05203619 48.96875321 -20.00000000
11.47704035 44.07169179 -20.00000000
10.49900093 44.32934616 -20.00000000
-31.95508503 36.39294364 -20.00000000
13.31028647 37.03371496 -20.00000000
13.91070055 38.04156295 -20.00000000
15.20043409 36.49684204 -20.00000000
-16.16779539 53.13653310 -20.00000000
18.27920369 76.36742236 -20.00000000
25.87385134 42.52896177 -20.00000000
-16.03988972 47.22968498 -20.00000000
-4.08069632 51.63951568 -20.00000000
-20.87633278 82.59696588 -20.00000000
-21.08675078 81.57565859 -20.00000000
8.53830167 45.41278159 -20.00000000
13.05955079 53.44775446 -20.00000000
-5.94148680 64.32992404 -20.00000000
26.38154159 58.36446989 -20.00000000
-4.01851455 63.32502835 -20.00000000
-12.98403422 52.32175777 -20.00000000
5.09036436 71.73163001 -20.00000000
4.07335789 41.25365536 -20.00000000
-3.69016051 41.10981723 -20.00000000
-2.50173018 41.06488713 -20.00000000
-29.13206773 41.87624091 -20.00000000
22.74165382 73.89643906 -20.00000000
13.09600226 65.33904658 -20.00000000
25.41330414 35.98271594 -20.00000000
-11.25634594 46.87970598 -20.00000000
7.66748174 34.51705456 -20.00000000
9.30278647 34.39206832 -20.00000000
12.26210004 81.24581007 -20.00000000
12.35937299 59.52236774 -20.00000000
-7.14895154 33.94883709 -20.00000000
19.61763577 48.68122017 -20.00000000
10.27640368 42.26311995 -20.00000000
-21.09988854 64.28386402 -20.00000000
-20.35199779 62.74137666 -20.00000000
-16.44108682 43.99229228 -20.00000000
-23.45817633 54.48608859 -20.00000000
-9.53559081 85.26827395 -20.00000000
-12.40414457 56.58547707 -20.00000000
-11.71077543 55.77986979 -20.00000000
-2.27095102 34.20216794 -20.00000000
13.09848895 41.40288897 -20.00000000
12.61182881 70.11876325 -20.00000000
13.54617592 64.04337633 -20.00000000
-12.03305689 41.15893078 -20.00000000
8.46469528 67.35839289 -20.00000000
19.18607728 82.66611841 -20.00000000
19.71246872 80.84224511 -20.00000000
13.83147152 50.36788847 -20.00000000
-22.36969033 55.22168735 -20.00000000
13.16589264 71.94121489 -20.00000000
9.86508212 80.88671249 -20.00000000
-2.85619407 64.77109743 -20.00000000
-4.64302874 80.78486912 -20.00000000
-5.57162399 82.04301951 -20.00000000
-3.91124959 82.49718391 -20.00000000
21.29961151 79.76292835 -20.00000000
-23.42917581 39.56262372 -20.00000000
-24.90026517 38.86265183 -20.00000000
-25.28427297 40.12618264 -20.00000000
1.96020627 46.53098286 -20.00000000
-20.11529862 44.02305837 -20.00000000
-1.18028672 37.45185774 -20.00000000
-7.54747106 77.00362451 -20.00000000
32.15006049 34.45624700 -20.00000000
25.00236196 39.08432100 -20.00000000
24.97867416 40.20827097 -20.00000000
11.37247334 55.92414363 -20.00000000
-20.74062939 35.96082366 -20.00000000
-23.21458860 37.83523406 -20.00000000
12.12157562 41.40610526 -20.00000000
-8.89291534 81.19642553 -20.00000000
-28.36068585 34.58066220 -20.00000000
-19.25130258 47.17408731 -20.00000000
11.73572894 47.63143334 -20.00000000
8.28210985 83.57889722 -20.00000000
26.87665177 40.41308061 -20.00000000
-13.50481624 85.28376565 -20.00000000
-30.82889929 40.48012343 -20.00000000
-21.57871082 50.86085175 -20.00000000
-23.24992200 67.79323442 -20.00000000
-22.80028179 66.89244303 -20.00000000
22.69942285 37.99338484 -20.00000000
-25.30861786 49.28144214 -20.00000000
3.20555223 74.37281832 -20.00000000
16.85864575 32.93084497 -20.00000000
-6.58411068 73.38594935 -20.00000000
17.39443914 34.21995210 -20.00000000
10.53593602 75.23415449 -20.00000000
-7.39294617 52.22074792 -20.00000000
-6.35959934 53.93134727 -20.00000000
15.64519951 60.12147349 -20.00000000
5.89698370 81.50950108 -20.00000000
6.61862311 79.65844004 -20.00000000
-8.63084704 35.14680801 -20.00000000
7.33477169 73.39812999 -20.00000000
-18.82130255 84.47985487 -20.00000000
13.61033083 52.33723024 -20.00000000
12.64807920 51.55327326 -20.00000000
29.50130139 36.46814606 -20.00000000
-11.55754481 32.77700294 -20.00000000
21.08156471 72.98258640 -20.00000000
0.46129568 50.10620285 -20.00000000
-0.20564916 51.91587750 -20.00000000
7.76462167 68.54545773 -20.00000000
21.71189285 35.70554205 -20.00000000
-15.98457910 32.95197987 -20.00000000
-17.06537492 32.94820151 -20.00000000
10.06681487 66.26460782 -20.00000000
-4.53299440 83.23983849 -20.00000000
11.48922595 53.40859289 -20.00000000
9.92791950 53.63964492 -20.00000000
-8.58253536 32.81756913 -20.00000000
22.35255403 47.94007777 -20.00000000
23.26533125 46.75643296 -20.00000000
22.01297899 46.00793212 -20.00000000
22.82898546 66.96373666 -20.00000000
-13.08821788 32.93775567 -20.00000000
-0.78391873 58.55929504 -20.00000000
21.35103993 62.31085065 -20.00000000
20.11103411 37.48153450 -20.00000000
19.88254241 36.53282887 -20.00000000
20.44679382 35.37619225 -20.00000000
13.41348000 68.44807437 -20.00000000
12.47085153 68.12056318 -20.00000000
7.26866098 66.63801004 -20.00000000
7.32651445 65.33694855 -20.00000000
17.55094526 39.10689335 -20.00000000
16.12393224 34.74850874 -20.00000000
6.51760491 67.48249958 -20.00000000
19.74467856 71.57264417 -20.00000000
-14.57485208 81.82975427 -20.00000000
-9.21421662 48.03052517 -20.00000000
-13.64169120 57.99021247 -20.00000000
-5.69744481 68.93393833 -20.00000000
13.36580466 39.53612440 -20.00000000
24.10124032 41.95469541 -20.00000000
-2.60225728 54.38686459 -20.00000000
-3.37250332 54.99738530 -20.00000000
5.27178533 57.44071634 -20.00000000
14.86671651 37.91218714 -20.00000000
0.19194312 55.08775322 -20.00000000
0.44013038 53.65994446 -20.00000000
8.97465510 40.82060423 -20.00000000
-0.59594620 36.62801212 -20.00000000
21.62363475 78.65914329 -20.00000000
25.84816554 55.06588272 -20.00000000
-29.55311582 39.88730172 -20.00000000
-12.50437103 37.17078888 -20.00000000
-26.48609897 59.48732577 -20.00000000
-22.73096260 69.61287313 -20.00000000
11.25879333 42.29404013 -20.00000000
14.44692685 43.54244212 -20.00000000
8.20385158 70.42224258 -20.00000000
-14.97797302 74.12504721 -20.00000000
-16.22567322 57.40727835 -20.00000000
-17.21911275 57.28294502 -20.00000000
-27.41093364 55.64146176 -20.00000000
2.36952897 52.80612630 -20.00000000
-7.77354516 75.08635119 -20.00000000
-8.89752456 74.17292246 -20.00000000
-21.37543613 34.12826206 -20.00000000
-19.31054320 38.69692699 -20.00000000
-22.18798751 68.80114006 -20.00000000
-14.00420592 49.33275318 -20.00000000
-12.82920158 82.49873163 -20.00000000
9.66375107 54.88337878 -20.00000000
9.91521687 56.20127133 -20.00000000
1.91201879 71.77731005 -20.00000000
-23.27828668 56.63771195 -20.00000000
-22.00083237 57.14572828 -20.00000000
-32.45063309 32.75095960 -20.00000000
22.89507871 50.65284109 -20.00000000
-18.44100498 43.16220431 -20.00000000
14.11626315 67.16526010 -20.00000000
-10.32872409 32.86183396 -20.00000000
-14.20411470 61.49711881 -20.00000000
22.96563219 61.75408208 -20.00000000
-3.46343786 73.02454525 -20.00000000
8.17528247 36.39349482 -20.00000000
-29.93172532 33.42429768 -20.00000000
2.15431975 63.04758242 -20.00000000
-18.77672504 35.71940713 -20.00000000
11.34643058 79.66323067 -20.00000000
-16.09571209 40.23192497 -20.00000000
-5.74191609 49.48524501 -20.00000000
7.99744392 61.45227539 -20.00000000
29.93571916 44.04035649 -20.00000000
-10.89013550 80.26095466 -20.00000000
24.79987852 44.78568098 -20.00000000
16.32098975 76.37635221 -20.00000000
17.27311744 77.53859257 -20.00000000
-16.72429470 63.13850657 -20.00000000
26.20756534 32.79210429 -20.00000000
5.38747015 84.15542985 -20.00000000
0.94498592 48.26886608 -20.00000000
3.72892531 71.38808549 -20.00000000
5.40891661 70.49462125 -20.00000000
21.16743029 71.61284524 -20.00000000
-12.80415636 34.23775151 -20.00000000
-5.58809102 32.75620139 -20.00000000
28.75055359 41.38240033 -20.00000000
7.05564845 69.64825406 -20.00000000
-16.25058163 64.89991074 -20.00000000
7.66746602 64.23710441 -20.00000000
7.60766645 62.70626115 -20.00000000
-4.11293193 34.57213855 -20.00000000
10.91905424 60.81086446 -20.00000000
10.62047670 62.19300224 -20.00000000
9.31131476 61.80907518 -20.00000000
-12.38221597 43.05657468 -20.00000000
21.24432095 70.06197190 -20.00000000
-14.28978716 83.44184830 -20.00000000
15.90529309 58.20753849 -20.00000000
6.77746768 60.05215033 -20.00000000
11.51266377 66.45281699 -20.00000000
22.31121472 60.62590081 -20.00000000
0.92130095 67.21628257 -20.00000000
-11.14113301 44.17129844 -20.00000000
-14.05773592 32.90612911 -20.00000000
1.86664754 75.27927077 -20.00000000
21.28413677 42.96577301 -20.00000000
-22.29030534 76.78122013 -20.00000000
20.71012830 82.56365235 -20.00000000
26.24251032 37.51744651 -20.00000000
1.07350648 37.29796961 -20.00000000
-30.60483648 41.66202891 -20.00000000
11.61741488 73.66711201 -20.00000000
-22.89947801 49.38816454 -20.00000000
25.10318160 64.29592956 -20.00000000
16.58184052 63.03171642 -20.00000000
0.04995190 48.82672023 -20.00000000
-1.62242880 48.83671233 -20.00000000
-21.56388340 79.79760625 -20.00000000
1.75964491 85.11776263 -20.00000000
2.75791421 83.43364746 -20.00000000
18.75047364 68.08434240 -20.00000000
19.11801934 69.13014452 -20.00000000
25.15512453 52.05605879 -20.00000000
5.63097140 69.02439386 -20.00000000
4.91305713 67.48962659 -20.00000000
8.29661707 58.95353999 -20.00000000
11.04874217 59.33522869 -20.00000000
7.20702624 58.77083112 -20.00000000
10.24839310 57.59653564 -20.00000000
15.28902236 49.31785455 -20.00000000
15.95056610 48.30817743 -20.00000000
11.59923437 45.92182207 -20.00000000
7.58883968 82.49945906 -20.00000000
23.74948766 47.56274941 -20.00000000
-3.95892380 36.20485210 -20.00000000
-24.49136137 32.73376746 -20.00000000
16.66047912 36.00264927 -20.00000000
2.64425094 61.24555617 -20.00000000
0.60215857 72.87364494 -20.00000000
18.91144207 81.34707996 -20.00000000
27.37938899 54.39595147 -20.00000000
16.84683905 37.42253811 -20.00000000
14.48970949 34.98848456 -20.00000000
13.30548455 45.06715072 -20.00000000
11.40612953 85.24336912 -20.00000000
-7.74685795 64.67264587 -20.00000000
-23.70795361 58.15258449 -20.00000000
-32.45034242 34.35535836 -20.00000000
-17.75788459 44.49361789 -20.00000000
-19.23026120 44.86870465 -20.00000000
5.25635168 80.15424846 -20.00000000
-18.44272721 36.99785433 -20.00000000
-3.59827308 32.74866267 -20.00000000
-4.63038746 61.51567462 -20.00000000
4.04177335 70.10090000 -20.00000000
-10.08539304 41.19971808 -20.00000000
-16.80954885 76.96344438 -20.00000000
18.60153837 85.08909814 -20.00000000
11.64579608 65.17557536 -20.00000000
15.24768472 67.66280660 -20.00000000
-9.04868731 34.17218834 -20.00000000
-22.61686634 75.13188997 -20.00000000
-28.80330905 49.87389490 -20.00000000
6.34087278 61.36107732 -20.00000000
-6.56484284 78.58635886 -20.00000000
23.84659544 68.49117910 -20.00000000
-21.30940142 55.82037273 -20.00000000
7.69065303 38.15190514 -20.00000000
-4.43163054 85.25296940 -20.00000000
-6.07387645 39.73557486 -20.00000000
-20.06841452 60.68895292 -20.00000000
-11.59502126 62.91781160 -20.00000000
-18.41241862 70.26136627 -20.00000000
-19.30882748 68.60548976 -20.00000000
9.73244281 59.10209928 -20.00000000
18.55387169 62.59130295 -20.00000000
-25.69238019 35.74763910 -20.00000000
12.77878238 66.66794541 -20.00000000
20.63955833 63.19215095 -20.00000000
22.46010116 63.56913037 -20.00000000
25.25408693 32.72664416 -20.00000000
-7.44358777 36.76829010 -20.00000000
-6.92153797 35.79137588 -20.00000000
12.29198546 70.99788958 -20.00000000
-19.95364086 79.35481888 -20.00000000
-11.79416363 57.66163609 -20.00000000
-10.72430759 59.20681901 -20.00000000
27.81722164 46.84305922 -20.00000000
27.87825149 45.32234503 -20.00000000
29.18180308 46.70516741 -20.00000000
-3.75551883 39.58702108 -20.00000000
26.36226624 46.39760315 -20.00000000
-0.32171814 72.73209555 -20.00000000
-5.93999991 72.38780379 -20.00000000
-4.86991949 72.61294990 -20.00000000
11.83402428 35.54528171 -20.00000000
11.03336885 35.01751088 -20.00000000
2.37118071 32.72006051 -20.00000000
17.68274858 35.76519108 -20.00000000
-18.44149004 85.32592776 -20.00000000
27.66293068 47.77456850 -20.00000000
-12.77293277 47.03672042 -20.00000000
-9.98590987 34.09300362 -20.00000000
27.24887894 43.60421394 -20.00000000
21.43741199 53.96353033 -20.00000000
11.31705380 54.96054578 -20.00000000
-22.66573736 41.30161534 -20.00000000
-16.92185323 54.75585809 -20.00000000
-15.75190274 56.05997807 -20.00000000
-15.19025992 54.76941476 -20.00000000
-8.54602938 85.34368108 -20.00000000
-2.67307344 73.52382331 -20.00000000
16.14553417 78.30105600 -20.00000000
-1.24964073 43.22229675 -20.00000000
15.82924150 43.34968820 -20.00000000
-13.44857076 72.90800419 -20.00000000
-11.80178550 73.01656980 -20.00000000
-13.02277021 74.28795277 -20.00000000
-17.01620910 79.84591128 -20.00000000
3.81172121 75.06739493 -20.00000000
-17.25058288 46.76258618 -20.00000000
-20.17061315 81.09613545 -20.00000000
3.42099186 84.08759277 -20.00000000
-2.59267870 47.23014232 -20.00000000
16.62452918 41.83999592 -20.00000000
17.58777729 42.73972802 -20.00000000
10.49609337 64.84349343 -20.00000000
8.96803213 64.39815359 -20.00000000
10.63918824 63.62142197 -20.00000000
-23.30008468 72.96006292 -20.00000000
11.03287384 83.67822091 -20.00000000
-14.59837597 37.59403250 -20.00000000
-7.87302014 53.24198089 -20.00000000
-1.01694765 64.44385813 -20.00000000
0.12139415 38.27146351 -20.00000000
-2.05268220 56.93478889 -20.00000000
-9.63044405 65.62380442 -20.00000000
3.93362141 73.29388065 -20.00000000
18.50868773 79.40921710 -20.00000000
-22.82981268 50.74625907 -20.00000000
23.70556669 52.91224417 -20.00000000
3.36128594 54.38746021 -20.00000000
2.33886065 59.50132911 -20.00000000
-21.63862693 67.10282261 -20.00000000
-26.78217806 45.48838935 -20.00000000
-13.80293366 46.07183990 -20.00000000
16.46569766 56.73994186 -20.00000000
-10.08450043 38.70809708 -20.00000000
-17.42553543 39.72364816 -20.00000000
-24.02995756 52.78116425 -20.00000000
4.01585515 43.24771620 -20.00000000
3.60477424 44.10011748 -20.00000000
-2.93781303 42.79917257 -20.00000000
31.29845727 37.84562789 -20.00000000
-26.95862751 37.13888746 -20.00000000
-4.63363667 59.99021046 -20.00000000
-8.53360205 54.36942709 -20.00000000
-21.72274899 39.91532319 -20.00000000
0.77625242 51.50389975 -20.00000000
8.29259128 60.25503783 -20.00000000
8.64371187 39.33208893 -20.00000000
-24.33314153 50.57736315 -20.00000000
28.80315293 48.91919552 -20.00000000
-7.89619337 43.62759166 -20.00000000
-19.75895912 37.31650901 -20.00000000
-5.78463833 61.51673985 -20.00000000
16.29989435 59.47464232 -20.00000000
-19.94121585 42.08998843 -20.00000000
18.23740869 56.58279789 -20.00000000
21.85818905 41.20926886 -20.00000000
4.65301050 39.40402127 -20.00000000
-26.29640529 33.99183386 -20.00000000
30.90808663 39.59998993 -20.00000000
-1.42400592 61.06236073 -20.00000000
-2.92363143 60.88372017 -20.00000000
-2.76383954 59.79007507 -20.00000000
-26.94602485 34.91690297 -20.00000000
-18.55188397 32.72048443 -20.00000000
-21.45570548 37.22132701 -20.00000000
2.33507257 47.92015659 -20.00000000
-17.65253709 58.91450737 -20.00000000
6.21159230 63.86136772 -20.00000000
-14.42772765 59.50862341 -20.00000000
30.35725561 42.16692315 -20.00000000
23.66495344 35.53787987 -20.00000000
-10.61378095 77.60197743 -20.00000000
4.25765254 49.96931765 -20.00000000
-23.36612124 42.75905745 -20.00000000
-23.08483628 43.64644419 -20.00000000
-23.08569746 73.92556455 -20.00000000
4.69747725 65.00141255 -20.00000000
-1.18137403 40.82627455 -20.00000000
23.08767618 39.69992829 -20.00000000
26.96400115 56.60687658 -20.00000000
-23.49645240 32.69493441 -20.00000000
3.68946560 52.91531585 -20.00000000
24.24550674 63.98576330 -20.00000000
5.44037856 52.64588610 -20.00000000
6.35190485 55.85986238 -20.00000000
0.04518541 85.14367338 -20.00000000
5.12686287 60.89173681 -20.00000000
27.92797817 42.79189322 -20.00000000
-24.90685370 43.90132220 -20.00000000
-15.85183440 64.07196000 -20.00000000
-14.63564564 70.71880238 -20.00000000
9.50992672 60.35907030 -20.00000000
-18.61489356 41.54435409 -20.00000000
5.14271468 54.45016052 -20.00000000
-9.34686674 79.97977588 -20.00000000
26.57038625 50.37494703 -20.00000000
22.01344286 44.23460416 -20.00000000
-2.09974433 66.16669923 -20.00000000
19.87117853 50.56221089 -20.00000000
-9.13438625 56.68022630 -20.00000000
14.94444010 39.64018972 -20.00000000
16.40614754 40.63793301 -20.00000000
16.38669981 39.23506147 -20.00000000
26.29107074 35.75517367 -20.00000000
-20.62222375 47.46256025 -20.00000000
-4.21216214 50.04628921 -20.00000000
-3.09909952 51.47828584 -20.00000000
-30.76408466 35.09143429 -20.00000000
-15.95177765 49.05460607 -20.00000000
14.54989475 73.66467396 -20.00000000
24.96808418 46.23236969 -20.00000000
-30.32401232 43.27636275 -20.00000000
26.55870302 34.62701064 -20.00000000
-6.01279332 35.52487407 -20.00000000
10.33045244 32.70100996 -20.00000000
16.40080125 45.73925357 -20.00000000
15.85966453 44.99636755 -20.00000000
-20.45300649 67.77140337 -20.00000000
-8.14827114 59.93442354 -20.00000000
5.75175283 42.23233624 -20.00000000
-8.94011087 37.73461849 -20.00000000
11.38742406 80.56236738 -20.00000000
10.28824315 36.70291174 -20.00000000
-24.06251850 40.57147619 -20.00000000
-12.45932708 60.74485068 -20.00000000
0.22512417 83.87889322 -20.00000000
22.95218692 68.28500242 -20.00000000
-16.24025026 83.61724960 -20.00000000
-17.99860504 83.29629638 -20.00000000
-17.10458741 82.32500090 -20.00000000
10.28176311 39.88355169 -20.00000000
-0.01373165 71.07096293 -20.00000000
19.86845704 61.06444172 -20.00000000
2.17189785 57.96890096 -20.00000000
20.91144580 54.79208339 -20.00000000
18.20098267 66.38963410 -20.00000000
13.27263284 85.36269681 -20.00000000
16.81351125 66.91106668 -20.00000000
-25.27560924 54.94266467 -20.00000000
-22.05704406 52.38379924 -20.00000000
-27.77681717 44.46826842 -20.00000000
-3.52900798 78.42157755 -20.00000000
-2.17539640 78.96095071 -20.00000000
-2.75279550 80.03353192 -20.00000000
12.42987408 37.19984924 -20.00000000
10.29736072 85.37885676 -20.00000000
2.49292831 71.08864764 -20.00000000
10.76213757 69.34693484 -20.00000000
12.12133567 50.52914114 -20.00000000
-9.25288246 77.86613049 -20.00000000
-9.94837889 75.09068876 -20.00000000
-10.66907861 65.64570380 -20.00000000
12.12567236 60.83130520 -20.00000000
-22.97808556 46.52156888 -20.00000000
-0.17403112 40.03709832 -20.00000000
-2.84704945 50.24413682 -20.00000000
-0.35149381 63.70941546 -20.00000000
-2.24862070 42.23351447 -20.00000000
-25.15546575 65.29899690 -20.00000000
-24.36505684 46.83214553 -20.00000000
-24.89289281 46.06143405 -20.00000000
12.07585502 79.12313874 -20.00000000
-5.02898200 47.97528155 -20.00000000
-0.46938969 41.81768390 -20.00000000
0.68869110 46.87456025 -20.00000000
-23.61257808 66.10953507 -20.00000000
-5.03204951 40.98434922 -20.00000000
0.14967469 36.10992227 -20.00000000
19.69708749 67.23750150 -20.00000000
21.38415562 67.43489347 -20.00000000
20.55205061 66.15853634 -20.00000000
22.62596146 42.48700785 -20.00000000
-13.40094901 83.31010590 -20.00000000
5.42159339 32.76251995 -20.00000000
-9.87339853 82.89724951 -20.00000000
-11.64088169 83.27905723 -20.00000000
-10.69589515 82.11287699 -20.00000000
-29.46590620 32.67000058 -20.00000000
-0.93454585 73.39964298 -20.00000000
-19.05283451 74.09180767 -20.00000000
-21.83420574 78.70999556 -20.00000000
-14.84914901 47.69321177 -20.00000000
-13.03673764 67.75820040 -20.00000000
1.93124023 38.30783695 -20.00000000
0.39119464 63.06485300 -20.00000000
16.75775501 79.41267227 -20.00000000
1.48110020 55.21250307 -20.00000000
-4.64445730 50.95888136 -20.00000000
20.31549261 40.30411681 -20.00000000
21.56374595 39.77894296 -20.00000000
20.89439962 41.42843152 -20.00000000
-6.39672254 76.12416612 -20.00000000
16.77765928 84.66804667 -20.00000000
13.03322465 46.27027617 -20.00000000
5.85199776 65.15439660 -20.00000000
27.04431824 48.40986760 -20.00000000
-13.07523209 84.13984962 -20.00000000
5.30787813 75.52886787 -20.00000000
1.38563428 69.94552897 -20.00000000
-11.45551601 34.30420761 -20.00000000
-13.46691426 47.90804720 -20.00000000
18.64507533 72.87898032 -20.00000000
1.36562316 62.41572670 -20.00000000
13.62611302 59.86902874 -20.00000000
-7.61812008 80.16680879 -20.00000000
-12.12640155 64.60781005 -20.00000000
-10.82819090 64.28119962 -20.00000000
6.64944805 74.98259475 -20.00000000
-15.07284367 77.23018797 -20.00000000
-24.69298307 67.19262152 -20.00000000
8.74718844 57.58165857 -20.00000000
19.81659179 54.52426009 -20.00000000
8.77587765 32.85050383 -20.00000000
23.94741992 54.72279155 -20.00000000
-2.72114183 69.73884694 -20.00000000
11.93033896 38.05464083 -20.00000000
12.94806931 76.21418969 -20.00000000
-32.34968111 35.47067589 -20.00000000
5.42851978 43.98694837 -20.00000000
4.52205098 44.94508579 -20.00000000
-23.25253092 48.38447520 -20.00000000
3.21539502 64.17140037 -20.00000000
-22.89260116 59.63407405 -20.00000000
17.26301895 63.60697619 -20.00000000
32.55345631 32.85090980 -20.00000000
16.18857564 70.14758905 -20.00000000
-20.32475825 52.02486117 -20.00000000
-20.85925048 50.35012215 -20.00000000
9.20223673 71.36931472 -20.00000000
-12.53031414 39.47843531 -20.00000000
-1.46757176 70.25205336 -20.00000000
-1.40840257 68.57774507 -20.00000000
-18.52180069 63.06478212 -20.00000000
-28.89154428 40.46742219 -20.00000000
-17.47184574 85.40277101 -20.00000000
4.04520468 34.10018539 -20.00000000
-21.88948404 47.84994032 -20.00000000
-21.56399452 48.96778199 -20.00000000
-17.34512991 42.65822670 -20.00000000
-21.87052108 38.70923889 -20.00000000
17.25797109 85.39472089 -20.00000000
17.48704062 65.29911068 -20.00000000
-23.12330131 38.72359786 -20.00000000
16.70880211 82.31011232 -20.00000000
3.94182151 37.70745817 -20.00000000
28.11454870 51.64443868 -20.00000000
21.35171881 48.04270038 -20.00000000
-5.43256015 66.88791329 -20.00000000
11.30080136 34.18119767 -20.00000000
3.48763469 72.54417706 -20.00000000
-9.69706782 60.68969397 -20.00000000
26.75565121 51.75801783 -20.00000000
24.40247426 66.86996768 -20.00000000
-21.38975553 67.95237417 -20.00000000
-10.97091659 47.73233004 -20.00000000
-14.31588676 80.06625671 -20.00000000
-15.83427811 79.53094381 -20.00000000
-14.34249099 78.66928552 -20.00000000
19.23429813 53.85308918 -20.00000000
19.71117050 52.23753735 -20.00000000
18.38658057 52.81765565 -20.00000000
-21.70812535 65.35865904 -20.00000000
-21.13429605 66.05538265 -20.00000000
24.01710032 48.91625227 -20.00000000
24.62543489 47.54273076 -20.00000000
25.50930190 48.91931743 -20.00000000
9.94740476 43.65730798 -20.00000000
-2.72820931 35.48462581 -20.00000000
-2.67010610 37.22045237 -20.00000000
-16.43429668 54.02396423 -20.00000000
-25.44070087 64.32120067 -20.00000000
-27.68405702 54.46367525 -20.00000000
-19.68046925 45.70805541 -20.00000000
-15.87652097 71.13854660 -20.00000000
-17.09403912 71.47338684 -20.00000000
25.33289204 54.31652387 -20.00000000
-16.58209134 48.43811557 -20.00000000
-9.02234505 58.47956468 -20.00000000
-3.69300907 35.36758696 -20.00000000
-15.15386542 82.51372484 -20.00000000
25.57731697 50.47906925 -20.00000000
4.00166200 60.32640627 -20.00000000
4.69261599 59.06663524 -20.00000000
5.63068752 59.69406246 -20.00000000
-32.81315250 33.54799676 -20.00000000
-19.86176598 71.36414326 -20.00000000
24.32446618 51.72522601 -20.00000000
-13.28712458 65.96483065 -20.00000000
-14.14287521 66.81346390 -20.00000000
-0.56757761 67.94636779 -20.00000000
-1.68946034 61.88542996 -20.00000000
14.78887139 69.10080685 -20.00000000
-18.00629615 64.87976237 -20.00000000
-13.62865111 71.14837269 -20.00000000
-13.35985289 69.49536708 -20.00000000
-15.98687375 68.60089023 -20.00000000
-15.08626437 69.56250327 -20.00000000
16.33184019 68.44689006 -20.00000000
9.74092445 79.37727135 -20.00000000
-15.88587477 72.62946601 -20.00000000
13.48958585 32.76396368 -20.00000000
-28.41465216 51.81452276 -20.00000000
25.67167125 56.80270701 -20.00000000
1.04577419 71.56229649 -20.00000000
0.77601385 55.74607667 -20.00000000
-8.41448935 36.70150413 -20.00000000
25.47509715 47.77007403 -20.00000000
-6.13797704 50.25041824 -20.00000000
12.32027037 32.63844935 -20.00000000
-10.65497908 73.62948997 -20.00000000
-9.57665985 70.29419509 -20.00000000
1.85389949 68.78594423 -20.00000000
10.93686563 51.78773959 -20.00000000
7.55031159 42.41726581 -20.00000000
6.70961048 46.96112256 -20.00000000
-25.63602243 63.35112500 -20.00000000
-23.92324771 62.95848340 -20.00000000
18.28972416 32.63699621 -20.00000000
-5.82020768 80.21000006 -20.00000000
-26.21967407 46.77984921 -20.00000000
-8.35094382 61.65761106 -20.00000000
-24.44807036 34.19906178 -20.00000000
-7.41611063 47.60495795 -20.00000000
0.59095146 74.28543038 -20.00000000
2.36927770 74.06187059 -20.00000000
-20.99980882 58.27042075 -20.00000000
30.58931508 41.32724765 -20.00000000
-6.91448331 75.10735806 -20.00000000
9.07568258 81.26966061 -20.00000000
-3.72738921 71.39217336 -20.00000000
-21.61200434 73.62723810 -20.00000000
-21.40148029 75.01568009 -20.00000000
14.07826707 62.84172683 -20.00000000
24.22367995 37.00832429 -20.00000000
-19.78267764 59.41648577 -20.00000000
11.64617817 36.38096963 -20.00000000
-18.80153500 60.85717064 -20.00000000
-24.85697815 58.92028810 -20.00000000
13.00342774 34.17928016 -20.00000000
29.47307557 42.14605438 -20.00000000
-25.89235178 32.80178073 -20.00000000
8.83249989 42.37007752 -20.00000000
4.95449863 68.49612322 -20.00000000
-18.69463025 33.85843687 -20.00000000
-1.02605039 69.52060124 -20.00000000
-1.06891186 80.10320927 -20.00000000
21.36217881 65.87859901 -20.00000000
-4.22217594 79.55669298 -20.00000000
1.19362914 73.50825269 -20.00000000
1.12842654 39.13776958 -20.00000000
6.56541324 43.32842954 -20.00000000
6.97864564 41.69264230 -20.00000000
-31.35953834 39.37265830 -20.00000000
13.11772320 48.10241670 -20.00000000
-25.25690910 34.46977955 -20.00000000
-29.53491404 46.93611510 -20.00000000
19.08352953 55.51278961 -20.00000000
18.92274006 57.23641689 -20.00000000
20.02772104 56.24222304 -20.00000000
-11.99680988 48.44781683 -20.00000000
13.64461555 40.69738389 -20.00000000
-18.68950975 57.39794062 -20.00000000
-7.31527920 69.58741683 -20.00000000
9.29073717 63.45690632 -20.00000000
4.83712889 42.51598500 -20.00000000
4.66318055 74.96295678 -20.00000000
19.36518830 43.07509531 -20.00000000
19.47606630 44.59152507 -20.00000000
20.42653230 43.11472858 -20.00000000
28.50956986 34.00789219 -20.00000000
-22.68664287 53.03665939 -20.00000000
-25.99162576 56.52638385 -20.00000000
-10.19504436 43.03167597 -20.00000000
-11.47070568 42.38344032 -20.00000000
17.43781428 58.08263722 -20.00000000
-23.84118574 61.02711971 -20.00000000
21.34432945 32.70108443 -20.00000000
11.01695725 67.77389048 -20.00000000
-16.04211360 58.86260767 -20.00000000
-17.45064346 80.59533409 -20.00000000
-18.85522683 79.91073518 -20.00000000
-19.63903159 77.41833726 -20.00000000
7.88850022 51.18905463 -20.00000000
17.77517009 44.80445693 -20.00000000
20.26760068 84.08879794 -20.00000000
-9.91270692 49.81476815 -20.00000000
-10.33657498 51.45413850 -20.00000000
-24.99750678 43.04707834 -20.00000000
-21.60355732 42.71198598 -20.00000000
-22.18277211 57.99060532 -20.00000000
22.24910450 69.66482833 -20.00000000
23.76488624 69.69290574 -20.00000000
-16.36347637 81.27823295 -20.00000000
-4.77954546 37.86244368 -20.00000000
-5.22631248 38.69288360 -20.00000000
-26.43896971 43.68920397 -20.00000000
16.19122279 81.04504935 -20.00000000
14.51216352 80.78420636 -20.00000000
-6.10148886 41.62069129 -20.00000000
-6.78471600 40.92141967 -20.00000000
-27.70617545 38.76195686 -20.00000000
-21.08009762 78.29330049 -20.00000000
29.55110062 35.62134217 -20.00000000
1.19529506 77.20953003 -20.00000000
6.32460409 34.27099270 -20.00000000
5.15230610 34.17410897 -20.00000000
1.76951241 35.50111860 -20.00000000
-1.50136535 65.57253712 -20.00000000
-19.28877182 85.34235159 -20.00000000
2.64895612 34.06260314 -20.00000000
3.21963549 32.70871171 -20.00000000
-14.62863965 64.31803839 -20.00000000
-14.93430942 65.68939192 -20.00000000
22.14830094 68.57504387 -20.00000000
-10.10428164 54.75341304 -20.00000000
-5.81217059 47.66921998 -20.00000000
-6.26527457 74.17603308 -20.00000000
-16.01982053 66.74724314 -20.00000000
-20.53918550 84.22788394 -20.00000000
17.75360644 51.32566355 -20.00000000
-26.85596674 58.55912545 -20.00000000
-28.00784619 48.98089344 -20.00000000
24.08116667 38.34840176 -20.00000000
11.99353692 56.51167431 -20.00000000
13.36256301 42.22672090 -20.00000000
12.63343001 43.14651278 -20.00000000
24.10084019 55.57658704 -20.00000000
31.92970966 36.44255893 -20.00000000
13.52509588 82.60960917 -20.00000000
-13.63121445 78.21118729 -20.00000000
17.29269853 80.50890376 -20.00000000
-5.39712991 58.88521538 -20.00000000
3.70439282 67.39769118 -20.00000000
2.43288785 67.01157622 -20.00000000
7.48173970 57.35536974 -20.00000000
-20.29257532 65.92074392 -20.00000000
26.55405748 53.11686835 -20.00000000
-27.70742010 42.56889742 -20.00000000
-26.41306539 42.44584893 -20.00000000
-26.51755261 41.31383056 -20.00000000
-5.67400188 83.95377317 -20.00000000
-4.11706998 84.13680555 -20.00000000
-0.09820649 65.96843346 -20.00000000
-0.75603246 67.11853919 -20.00000000
0.45665018 44.40303648 -20.00000000
8.31384597 85.41911755 -20.00000000
5.41433690 50.14380855 -20.00000000
25.85844530 61.52269275 -20.00000000
-14.37268975 85.33726939 -20.00000000
-28.78502953 45.72769439 -20.00000000
26.59340903 49.12240135 -20.00000000
-24.66795423 47.61528330 -20.00000000
-21.63346747 54.05900275 -20.00000000
-20.99555801 53.06468042 -20.00000000
-9.57593972 55.73756384 -20.00000000
20.85687832 78.10614305 -20.00000000
20.22469559 79.72425177 -20.00000000
0.06824961 69.66297037 -20.00000000
-11.87233889 43.73714530 -20.00000000
19.12175306 32.70062974 -20.00000000
-16.75516893 55.57501880 -20.00000000
-7.62467685 58.33908104 -20.00000000
14.92952089 35.70287164 -20.00000000
13.88276322 83.74716434 -20.00000000
12.74819463 84.09074589 -20.00000000
-10.63862418 78.90865003 -20.00000000
5.05770021 74.21083161 -20.00000000
-5.27977203 79.06785891 -20.00000000
9.30560334 85.44067164 -20.00000000
11.34573221 71.93079114 -20.00000000
10.64395577 73.36301095 -20.00000000
12.11398382 72.76006820 -20.00000000
24.45989370 56.91923615 -20.00000000
23.31422987 57.06877421 -20.00000000
-17.38809020 61.68037397 -20.00000000
-18.85003744 61.98856743 -20.00000000
24.81874052 35.39947077 -20.00000000
-17.71541825 75.71198124 -20.00000000
2.31469338 64.81970227 -20.00000000
25.07567303 34.45801279 -20.00000000
24.07025021 33.63296175 -20.00000000
10.38512599 33.53310875 -20.00000000
-18.27959985 80.70045329 -20.00000000
-24.57637981 49.69881299 -20.00000000
-2.88629906 45.10452926 -20.00000000
-3.10902464 63.96361596 -20.00000000
14.84819519 82.32046288 -20.00000000
6.38305553 36.27464233 -20.00000000
19.29473941 51.16891820 -20.00000000
15.99832032 72.69588669 -20.00000000
9.13471042 66.27900305 -20.00000000
-16.48008836 85.43117251 -20.00000000
1.91974681 58.77168323 -20.00000000
18.62458512 35.41283819 -20.00000000
-9.56156192 79.01684497 -20.00000000
-8.45749646 79.43649167 -20.00000000
-8.03843552 78.33258838 -20.00000000
9.09719249 37.44360462 -20.00000000
1.63024223 36.67887660 -20.00000000
-13.23821377 81.00930026 -20.00000000
-19.68785036 70.10247781 -20.00000000
-12.97127752 46.10005803 -20.00000000
-1.12682459 44.91611966 -20.00000000
-2.43855195 49.02437963 -20.00000000
-3.29955953 47.66441690 -20.00000000
-3.79646565 48.82475839 -20.00000000
-0.47858501 43.57816615 -20.00000000
12.61790440 54.90280538 -20.00000000
-31.60691634 32.76637453 -20.00000000
30.19308099 35.08275832 -20.00000000
-7.76769148 41.88269295 -20.00000000
-15.95265545 38.70137037 -20.00000000
-30.23265148 44.23712550 -20.00000000
0.68042306 41.12496900 -20.00000000
-3.32404942 62.29918980 -20.00000000
-10.07416963 36.05661914 -20.00000000
2.49454358 79.40849413 -20.00000000
-19.82104738 75.70379179 -20.00000000
15.25614758 85.44989166 -20.00000000
15.44274071 46.65875038 -20.00000000
3.56697026 58.41014080 -20.00000000
21.22415300 35.03977475 -20.00000000
-17.63796149 49.43484653 -20.00000000
13.72493475 78.47270914 -20.00000000
13.62653509 79.47240686 -20.00000000
1.37836280 42.20433820 -20.00000000
1.16871104 43.83391763 -20.00000000
6.21594406 37.78929587 -20.00000000
-0.77799600 85.34307982 -20.00000000
13.75904928 61.82188518 -20.00000000
15.57958996 81.59728092 -20.00000000
1.53497853 84.03110955 -20.00000000
-8.38873905 82.75675081 -20.00000000
-7.38822142 82.05265156 -20.00000000
-8.60496348 48.58902613 -20.00000000
-26.02286610 45.08538535 -20.00000000
-29.24842192 38.07684033 -20.00000000
29.05368778 32.69869199 -20.00000000
29.90235743 32.77050418 -20.00000000
29.85031990 34.07214300 -20.00000000
-20.75529235 69.46705668 -20.00000000
18.31322576 37.10745702 -20.00000000
-21.12552718 62.46145832 -20.00000000
-21.26248534 59.45517122 -20.00000000
-14.83453624 84.07764593 -20.00000000
-10.91097789 50.53167697 -20.00000000
19.96703586 76.67803325 -20.00000000
0.62174698 42.74855268 -20.00000000
10.63264742 79.23127290 -20.00000000
6.74871814 72.82100027 -20.00000000
-6.77363345 32.70311535 -20.00000000
1.79823422 80.89991859 -20.00000000
0.81773141 82.20419507 -20.00000000
2.05067173 82.14611252 -20.00000000
-21.27419709 41.45629502 -20.00000000
-21.11616211 40.47504008 -20.00000000
1.71107138 78.34475286 -20.00000000
3.14748943 78.01635089 -20.00000000
6.66200758 82.81774393 -20.00000000
-18.05642113 77.28945019 -20.00000000
7.09554810 84.25700363 -20.00000000
-2.43830896 56.18272764 -20.00000000
18.59063366 33.39975476 -20.00000000
-12.59214039 75.64116945 -20.00000000
1.52750096 64.11367874 -20.00000000
-9.13984932 59.29805350 -20.00000000
14.60568342 47.55029125 -20.00000000
17.24035450 83.87131116 -20.00000000
2.79336680 80.51096620 -20.00000000
4.15675412 80.45691076 -20.00000000
3.23731067 81.77012794 -20.00000000
-15.61836933 46.15234729 -20.00000000
0.20802531 32.72850504 -20.00000000
21.24302414 38.87412547 -20.00000000
-12.92711270 64.41950444 -20.00000000
-6.50490048 81.21444942 -20.00000000
2.86867584 45.54061258 -20.00000000
2.07595768 44.63018534 -20.00000000
12.86771360 74.76567297 -20.00000000
18.91308483 58.77539039 -20.00000000
19.39892484 59.88206088 -20.00000000
-16.72458445 50.09583577 -20.00000000
-6.05345484 34.18275017 -20.00000000
-22.17834130 46.71470477 -20.00000000
-9.78642185 83.74214046 -20.00000000
13.75817651 46.69892603 -20.00000000
-24.09186701 69.47744477 -20.00000000
13.23316515 76.99348612 -20.00000000
28.98138886 43.56878857 -20.00000000
28.24352416 44.58062335 -20.00000000
25.06096806 59.69135187 -20.00000000
-22.35779225 61.50133881 -20.00000000
-23.67078148 45.17488402 -20.00000000
-8.28153481 72.61604233 -20.00000000
-6.08240494 65.42100730 -20.00000000
-6.84290037 65.84544544 -20.00000000
-23.61552868 72.01880580 -20.00000000
-30.53757211 37.18102982 -20.00000000
19.01939435 38.03333924 -20.00000000
18.79108839 39.43991360 -20.00000000
-24.05551571 51.93585138 -20.00000000
20.65868083 60.84627818 -20.00000000
8.04376826 72.17628524 -20.00000000
8.93006170 73.48670111 -20.00000000
0.66396340 65.05470410 -20.00000000
29.18924243 47.98831672 -20.00000000
-2.08939976 71.93161522 -20.00000000
10.45369874 81.47999338 -20.00000000
9.93235397 82.69831438 -20.00000000
13.34777385 38.68293925 -20.00000000
-22.27519380 44.85691045 -20.00000000
17.74961956 61.97516625 -20.00000000
-10.42458127 48.98052459 -20.00000000
12.03559141 44.73107094 -20.00000000
9.28308029 51.34922683 -20.00000000
-22.53217280 65.54528087 -20.00000000
18.42353241 84.27560331 -20.00000000
-10.64843407 83.82917978 -20.00000000
19.96635373 77.91895032 -20.00000000
15.35677858 40.71085478 -20.00000000
14.85489111 41.39539677 -20.00000000
-13.34390147 81.83919815 -20.00000000
-14.19911387 68.47842112 -20.00000000
17.19285179 72.63482814 -20.00000000
16.38066645 65.75251900 -20.00000000
-1.20111120 49.81155937 -20.00000000
-11.21232717 39.93069633 -20.00000000
11.66274886 84.47461100 -20.00000000
20.05967176 64.83595157 -20.00000000
19.61356686 63.86595168 -20.00000000
18.45180132 64.64691356 -20.00000000
16.18035129 61.28030816 -20.00000000
17.37958923 60.82052097 -20.00000000
-12.31842840 52.83191642 -20.00000000
-7.29522834 61.37714042 -20.00000000
-6.40547360 62.64073744 -20.00000000
-7.24678625 63.10047545 -20.00000000
-25.67664473 52.00109899 -20.00000000
-26.88356852 52.13124517 -20.00000000
-26.96565495 52.94165065 -20.00000000
-26.32199920 53.51121738 -20.00000000
16.24907862 51.06010183 -20.00000000
2.85574858 77.10052237 -20.00000000
2.47682483 55.99642153 -20.00000000
1.29282851 56.88447900 -20.00000000
-20.85854438 60.98300977 -20.00000000
26.33482981 59.37318455 -20.00000000
25.56665622 58.15241677 -20.00000000
0.93767144 83.48841194 -20.00000000
12.98919952 50.77914176 -20.00000000
-31.17219969 33.83982515 -20.00000000
30.25462237 36.75574713 -20.00000000
31.39990571 32.72477284 -20.00000000
17.18442559 43.44117803 -20.00000000
-16.51437403 34.93312625 -20.00000000
-30.33477630 38.69033355 -20.00000000
3.49296492 39.09284717 -20.00000000
-13.14744612 42.09418545 -20.00000000
-5.30517940 41.74214922 -20.00000000
-10.94687219 56.07281251 -20.00000000
27.05452711 37.48827640 -20.00000000
18.92156680 40.38593369 -20.00000000
18.02692748 41.08432640 -20.00000000
12.50908577 49.20765875 -20.00000000
15.33730739 53.88726579 -20.00000000
15.94691131 42.36006409 -20.00000000
8.97945425 83.98126250 -20.00000000
-20.67228484 73.52725359 -20.00000000
-16.31799841 78.21112802 -20.00000000
9.27187262 75.76952459 -20.00000000
8.27432246 76.23512122 -20.00000000
8.01440429 74.84775182 -20.00000000
8.14912618 40.97970376 -20.00000000
-12.36151903 54.82735844 -20.00000000
19.63987181 79.15404083 -20.00000000
-19.92502684 62.06238688 -20.00000000
-6.07527398 52.95066444 -20.00000000
11.51427079 48.65335382 -20.00000000
4.31073568 68.98785289 -20.00000000
-5.39470787 65.83492985 -20.00000000
18.17589950 46.37967790 -20.00000000
3.47812568 68.47458342 -20.00000000
15.33784164 63.82450465 -20.00000000
15.81189270 64.70472571 -20.00000000
-6.85745919 38.91582677 -20.00000000
-7.81568528 38.34867213 -20.00000000
-8.38163117 39.43224955 -20.00000000
17.94559485 52.11573263 -20.00000000
20.66212638 68.98335933 -20.00000000
16.57849208 83.10011559 -20.00000000
-25.99504875 49.98415495 -20.00000000
4.80057048 78.93194504 -20.00000000
4.24794730 77.94400457 -20.00000000
5.77951345 78.48908647 -20.00000000
1.45482650 40.56867033 -20.00000000
2.53348844 39.80154405 -20.00000000
2.57496652 85.33007446 -20.00000000
-8.33075380 47.02763613 -20.00000000
-26.08858637 55.02701866 -20.00000000
-3.06472858 84.14253878 -20.00000000
-6.71126513 72.59699812 -20.00000000
13.01307560 80.01191337 -20.00000000
-16.04425766 75.42221895 -20.00000000
-14.53884494 74.81316542 -20.00000000
-17.89040130 35.35714949 -20.00000000
-7.31849844 72.05531368 -20.00000000
-4.22272657 47.06561879 -20.00000000
-9.51713294 44.91014260 -20.00000000
-3.55172829 46.05733299 -20.00000000
-5.13247694 46.26609818 -20.00000000
-3.80972437 44.48371728 -20.00000000
-1.97097965 45.84856780 -20.00000000
-7.04635728 45.01214428 -20.00000000
-8.61196667 45.31416484 -20.00000000
-7.72920935 45.93067431 -20.00000000
-6.74473449 46.57569170 -20.00000000
-11.30118786 41.48658639 -20.00000000
-0.27352528 33.75969023 -20.00000000
12.35301170 78.36471683 -20.00000000
0.62233171 76.00580247 -20.00000000
-7.02128642 42.82987202 -20.00000000
20.13977198 33.82421060 -20.00000000
2.22258339 43.02614236 -20.00000000
27.95456919 52.90018796 -20.00000000
2.83046596 57.45879804 -20.00000000
-19.73668356 82.81509440 -20.00000000
10.45570995 71.04942644 -20.00000000
9.96446333 69.88141924 -20.00000000
19.93002052 53.38507391 -20.00000000
-28.64594511 32.69032920 -20.00000000
-18.76590379 68.00866083 -20.00000000
-18.29150346 72.93890236 -20.00000000
-8.79948472 69.24084750 -20.00000000
-27.12693323 49.44617858 -20.00000000
2.26879645 41.43696376 -20.00000000
3.00040946 42.30292735 -20.00000000
3.41156351 40.76038634 -20.00000000
1.56115472 61.63113366 -20.00000000
2.89842099 62.51666382 -20.00000000
-19.23482090 43.12204099 -20.00000000
25.04944996 65.29997405 -20.00000000
23.25411962 72.18451166 -20.00000000
-6.98938550 55.62425185 -20.00000000
2.75982234 37.79321510 -20.00000000
20.99299260 53.29980259 -20.00000000
13.44985307 70.15039049 -20.00000000
-18.13424236 46.30230038 -20.00000000
27.78897816 39.01000345 -20.00000000
27.84369137 39.84274890 -20.00000000
-19.40213182 66.89077293 -20.00000000
-12.68874912 35.47699050 -20.00000000
-15.61190506 84.25390325 -20.00000000
5.09733638 38.74459535 -20.00000000
-11.54871744 49.62204363 -20.00000000
14.91131754 33.64982272 -20.00000000
17.46200681 82.01638919 -20.00000000
31.15620924 36.05330401 -20.00000000
25.37729448 43.19783529 -20.00000000
18.35189519 50.80686938 -20.00000000
23.06153228 56.01141820 -20.00000000
-27.52112018 50.53052373 -20.00000000
18.29619920 71.46258592 -20.00000000
7.51460224 35.29834171 -20.00000000
8.53999489 34.66886488 -20.00000000
8.86337654 35.99894234 -20.00000000
-3.57429950 36.90632254 -20.00000000
18.81794233 80.53808280 -20.00000000
13.44908945 69.24846775 -20.00000000
20.94449681 75.37253166 -20.00000000
22.48269095 75.87047092 -20.00000000
17.95520831 68.13675938 -20.00000000
-1.23175859 77.76130092 -20.00000000
-1.96761509 76.29651460 -20.00000000
-0.91481800 76.86615952 -20.00000000
-3.19501933 52.81108146 -20.00000000
10.84712991 40.43868139 -20.00000000
-11.52650925 36.46676463 -20.00000000
-11.73149644 35.64777336 -20.00000000
2.35073724 72.45445399 -20.00000000
-11.82299507 65.82398900 -20.00000000
-17.49860493 83.90621052 -20.00000000
7.21369262 79.14189746 -20.00000000
17.19360833 49.77789909 -20.00000000
-0.90631932 59.58327521 -20.00000000
-3.19470676 67.38924647 -20.00000000
-5.53118967 77.52859465 -20.00000000
10.92136391 39.37420389 -20.00000000
12.02596158 40.58787893 -20.00000000
14.61079075 45.94367115 -20.00000000
8.21928603 80.42534197 -20.00000000
8.42167299 79.62323284 -20.00000000
-7.32876872 84.28781033 -20.00000000
-8.49367784 83.88458027 -20.00000000
-27.38542605 56.65227748 -20.00000000
12.27846148 53.26484773 -20.00000000
-18.01568409 60.67698394 -20.00000000
-25.46664273 58.15846765 -20.00000000
-22.72542066 42.30006144 -20.00000000
13.65137257 33.53216674 -20.00000000
20.96648442 48.75188985 -20.00000000
-6.84778511 79.49115838 -20.00000000
6.59877861 40.64535737 -20.00000000
8.74234096 65.59691358 -20.00000000
-8.10747030 81.12544561 -20.00000000
-20.21634597 74.67707477 -20.00000000
-18.56594444 38.44770937 -20.00000000
23.62818445 70.93083625 -20.00000000
-18.09168940 78.10029292 -20.00000000
-28.04830900 53.74708834 -20.00000000
-20.56735254 79.85895421 -20.00000000
-6.88406240 37.34180064 -20.00000000
18.29745100 60.46356569 -20.00000000
2.10749542 39.09262398 -20.00000000
-15.78176457 61.85345330 -20.00000000
-14.51430303 62.64994049 -20.00000000
-2.03514108 35.89246595 -20.00000000
-2.24737173 70.36920803 -20.00000000
-6.55985257 61.72230548 -20.00000000
-16.23347986 62.52513715 -20.00000000
-15.47286475 60.32151223 -20.00000000
-16.35148112 61.05936841 -20.00000000
-17.00311610 60.05824700 -20.00000000
-10.61600262 74.42027460 -20.00000000
13.84857431 58.48308764 -20.00000000
-4.47739847 71.61372097 -20.00000000
-13.01383039 71.64296833 -20.00000000
-9.18234756 75.86374025 -20.00000000
-16.17377866 36.37554273 -20.00000000
16.07423265 71.32171729 -20.00000000
6.93296072 71.34230199 -20.00000000
26.63541567 54.96545830 -20.00000000
6.07751754 85.38263685 -20.00000000
-1.60518781 55.31200410 -20.00000000
-17.44507268 56.03604761 -20.00000000
-18.22752634 55.98930191 -20.00000000
14.47052226 61.27162810 -20.00000000
15.32820162 62.11359746 -20.00000000
7.54245022 81.71407726 -20.00000000
14.01811072 56.84815415 -20.00000000
7.33435791 44.51503551 -20.00000000
18.70740808 42.01094555 -20.00000000
9.97928852 52.31523634 -20.00000000
24.77518987 49.18404840 -20.00000000
21.36805729 66.65681840 -20.00000000
30.03995850 38.34610328 -20.00000000
27.44146070 40.95135103 -20.00000000
22.03302657 72.91740650 -20.00000000
21.90703209 71.34250667 -20.00000000
9.75076426 76.79666942 -20.00000000
9.21218810 78.25634372 -20.00000000
-5.67344629 63.28887237 -20.00000000
-4.46365180 64.92005970 -20.00000000
-6.18792624 67.12157513 -20.00000000
-7.15319817 64.11918479 -20.00000000
-17.53903807 73.20195751 -20.00000000
-4.89945129 82.52958170 -20.00000000
-6.93995366 70.95029956 -20.00000000
-8.37006246 71.04747087 -20.00000000
20.08208944 85.32688260 -20.00000000
-20.32412628 85.33940910 -20.00000000
-23.25450722 33.88125925 -20.00000000
-20.05826648 36.34911709 -20.00000000
-1.50309570 42.47933314 -20.00000000
-28.18200121 33.82402972 -20.00000000
-3.51480368 76.32826364 -20.00000000
8.95769755 70.62732797 -20.00000000
-1.22595267 62.77056413 -20.00000000
-15.17840199 63.67318687 -20.00000000
26.22113883 47.54087478 -20.00000000
22.17920145 36.37835447 -20.00000000
-5.36228040 44.71133533 -20.00000000
-4.61922839 43.87796407 -20.00000000
-5.51989562 43.16811821 -20.00000000
19.90997303 62.26823698 -20.00000000
21.25873077 61.53623386 -20.00000000
-4.50921762 45.42772862 -20.00000000
22.24991340 76.60925146 -20.00000000
-17.95887671 50.91131618 -20.00000000
-27.00426007 57.74496490 -20.00000000
-10.78500485 37.50259089 -20.00000000
-10.14889300 76.97033136 -20.00000000
22.62564114 54.60741447 -20.00000000
-25.98734092 48.39805124 -20.00000000
-25.77264937 47.59356060 -20.00000000
7.50835388 39.89062061 -20.00000000
-6.04513247 45.62986536 -20.00000000
-4.70824005 62.94067637 -20.00000000
-22.86296316 34.78320298 -20.00000000
16.94195440 62.33547178 -20.00000000
-13.11916025 53.64891755 -20.00000000
19.92215777 32.72459916 -20.00000000
6.37185628 75.71536824 -20.00000000
22.79610332 65.52353740 -20.00000000
22.76336766 64.38730843 -20.00000000
19.33585540 49.40236327 -20.00000000
-1.04795961 46.53015536 -20.00000000
-11.63748215 76.49646214 -20.00000000
-10.97051626 75.94712210 -20.00000000
-9.30690314 51.01172947 -20.00000000
2.91762580 63.45972903 -20.00000000
14.94863991 71.32991636 -20.00000000
14.99927866 72.45787479 -20.00000000
13.79139483 71.48680602 -20.00000000
7.57349920 36.92845599 -20.00000000
10.28381123 83.92260659 -20.00000000
2.18829325 70.36477485 -20.00000000
-20.46102474 45.73133021 -20.00000000
22.53704329 34.15809742 -20.00000000
22.93199140 37.23369527 -20.00000000
-9.75019167 46.54477331 -20.00000000
-18.18852035 39.82418390 -20.00000000
-12.34007832 32.69363130 -20.00000000
-10.32460897 58.17439526 -20.00000000
23.19679049 49.19989753 -20.00000000
29.71030667 44.78065054 -20.00000000
-0.70810526 53.48614564 -20.00000000
-13.97139939 53.75217380 -20.00000000
-24.20323465 63.69210247 -20.00000000
-23.06972123 45.68967067 -20.00000000
10.54233422 50.77453389 -20.00000000
-27.86860819 41.78916044 -20.00000000
11.67443713 39.21267125 -20.00000000
-0.32788075 45.72254967 -20.00000000
-10.46033103 43.77396288 -20.00000000
-8.38473846 41.19234599 -20.00000000
-9.50434369 41.73474659 -20.00000000
19.64073599 74.54823142 -20.00000000
19.73945499 75.63302366 -20.00000000
6.50618560 66.71611893 -20.00000000
13.16330860 55.77528500 -20.00000000
-5.14468856 70.56612157 -20.00000000
25.57464141 44.81443719 -20.00000000
-21.57475315 77.06083817 -20.00000000
-7.75560577 66.91616839 -20.00000000
-8.92019097 67.14320569 -20.00000000
-8.08231060 68.33267159 -20.00000000
1.95471987 73.41711751 -20.00000000
2.45633535 47.14226862 -20.00000000
8.85945522 56.44826823 -20.00000000
4.06921127 76.71326613 -20.00000000
9.09299489 69.00861650 -20.00000000
-14.38349650 46.59804150 -20.00000000
15.96999933 36.41042485 -20.00000000
16.23275327 37.91253198 -20.00000000
-12.72170766 77.19010906 -20.00000000
-12.05441568 77.98863005 -20.00000000
20.45126618 44.40413082 -20.00000000
-15.69434489 85.39181774 -20.00000000
-22.39604978 35.81063206 -20.00000000
17.81882701 59.30671510 -20.00000000
-22.38959595 40.30435841 -20.00000000
-20.07746830 68.45807078 -20.00000000
-12.13846061 61.48122895 -20.00000000
9.85716534 46.54604575 -20.00000000
-12.48790775 72.67839557 -20.00000000
-12.07990874 71.19613314 -20.00000000
1.51373863 65.82928114 -20.00000000
-12.70844027 47.80011591 -20.00000000
18.10477503 54.81249496 -20.00000000
-20.87995247 42.97701420 -20.00000000
-20.79930019 44.48272032 -20.00000000
-13.05624468 61.90900528 -20.00000000
-12.97986918 62.71007125 -20.00000000
-13.99594853 60.76121390 -20.00000000
-10.87854936 60.55511262 -20.00000000
-12.22639125 63.38372096 -20.00000000
-31.61461505 35.70172349 -20.00000000
3.09283589 59.38030498 -20.00000000
14.77543536 70.11080783 -20.00000000
17.53975566 48.26516597 -20.00000000
16.66538790 54.32588110 -20.00000000
17.60291197 53.57433507 -20.00000000
-13.07859953 37.68491802 -20.00000000
-14.22692112 72.68306240 -20.00000000
-13.79404120 74.12810076 -20.00000000
10.72955456 78.06069534 -20.00000000
23.78073584 41.26342964 -20.00000000
-1.24254399 79.36083234 -20.00000000
17.36305294 71.31071657 -20.00000000
5.02859163 36.43781103 -20.00000000
6.16551326 35.42064826 -20.00000000
-15.28890429 34.17294605 -20.00000000
19.30255844 85.45241222 -20.00000000
14.08028506 68.81845987 -20.00000000
-9.15559986 49.73383695 -20.00000000
5.11297732 72.50148780 -20.00000000
-11.74240628 84.84038288 -20.00000000
-23.42034690 36.23859803 -20.00000000
-23.83493014 35.29838175 -20.00000000
15.46509323 56.70655990 -20.00000000
15.75382754 55.27005542 -20.00000000
11.90168332 81.93212671 -20.00000000
-19.01103633 54.15573925 -20.00000000
-17.96682500 53.41325155 -20.00000000
-17.28605706 53.02698201 -20.00000000
-19.43019701 53.05934854 -20.00000000
-3.54499305 38.53013443 -20.00000000
-2.79877307 38.21231490 -20.00000000
-2.48426815 39.73413879 -20.00000000
31.40775925 34.13295814 -20.00000000
32.52361690 33.79351129 -20.00000000
-18.53977315 44.50176815 -20.00000000
22.56656676 48.67488767 -20.00000000
-3.92196026 70.13329828 -20.00000000
-12.82229066 70.08776666 -20.00000000
-18.51349350 60.07210014 -20.00000000
-9.41667230 64.89453259 -20.00000000
-8.58682811 64.14264822 -20.00000000
-8.62064574 63.32027030 -20.00000000
-9.31200048 62.94528931 -20.00000000
-8.00011835 65.42012390 -20.00000000
8.31375153 38.62363500 -20.00000000
-12.53941906 44.78398312 -20.00000000
-12.26841864 45.51356050 -20.00000000
9.56789268 72.73184554 -20.00000000
19.49023273 65.33672224 -20.00000000
-13.16210501 56.85722974 -20.00000000
-13.36854512 56.02408397 -20.00000000
-14.64333120 56.75100768 -20.00000000
6.06705573 82.28785143 -20.00000000
15.69952279 52.29574594 -20.00000000
14.77026687 53.04394325 -20.00000000
13.62100869 49.63990072 -20.00000000
-18.49049623 55.03394126 -20.00000000
-11.53003892 53.73975654 -20.00000000
-10.73037792 52.99648274 -20.00000000
-21.95883643 63.00468441 -20.00000000
-17.08896166 84.73592370 -20.00000000
-22.74910548 75.90442808 -20.00000000
-7.94156074 44.38694254 -20.00000000
-13.23291123 49.24187376 -20.00000000
-13.53409776 50.73898283 -20.00000000
15.15440964 79.05732162 -20.00000000
4.65827057 37.97711789 -20.00000000
-29.58133929 37.39710235 -20.00000000
-24.97545740 50.98251489 -20.00000000
10.32875264 45.06595142 -20.00000000
-14.04323578 50.09549281 -20.00000000
-11.91611395 51.12557606 -20.00000000
-11.36152903 52.04540092 -20.00000000
-13.82527612 43.45586378 -20.00000000
-0.52130191 71.99823796 -20.00000000
1.03118649 85.36861832 -20.00000000
13.16222327 44.31084360 -20.00000000
14.68065698 44.26075854 -20.00000000
5.13137682 35.33518280 -20.00000000
-8.52003120 55.13372965 -20.00000000
10.28145661 35.12288499 -20.00000000
-24.42011290 45.42754558 -20.00000000
-28.13709323 40.49407274 -20.00000000
-27.78408025 39.78001153 -20.00000000
-2.97433302 58.14651677 -20.00000000
-3.03806348 56.65003627 -20.00000000
16.84009101 64.24637580 -20.00000000
18.83658021 77.81185509 -20.00000000
-22.91799535 55.97510226 -20.00000000
4.06572787 36.40247413 -20.00000000
4.02384513 35.30482243 -20.00000000
2.98553664 35.34368412 -20.00000000
-15.02773095 67.35136462 -20.00000000
-0.06785345 74.68412384 -20.00000000
18.69577883 75.73888650 -20.00000000
-8.02273023 69.84955033 -20.00000000
-17.07648292 62.36750944 -20.00000000
-18.11039141 62.24040841 -20.00000000
7.50199428 76.44185955 -20.00000000
-14.64262829 41.35882759 -20.00000000
-5.83006543 51.46768059 -20.00000000
-7.25239130 50.99470517 -20.00000000
-19.08343182 40.45479979 -20.00000000
3.75020783 47.95946945 -20.00000000
9.51006768 68.35126389 -20.00000000
-2.19266179 67.72192751 -20.00000000
-0.22222113 75.42299665 -20.00000000
-6.48268903 56.75600818 -20.00000000
-11.49722526 59.03397200 -20.00000000
0.56712412 36.73852329 -20.00000000
-20.34548347 48.55017494 -20.00000000
-12.94792968 58.30470328 -20.00000000
-17.78314073 32.66795579 -20.00000000
-9.32505153 38.74920777 -20.00000000
9.34893869 74.11408698 -20.00000000
18.92331582 52.29145002 -20.00000000
-15.85999425 44.53798276 -20.00000000
8.01812166 73.73202869 -20.00000000
-15.06766831 75.80453152 -20.00000000
-14.21339575 75.50902517 -20.00000000
-14.35726401 77.00047150 -20.00000000
20.21593245 47.40226713 -20.00000000
11.66783858 46.87692787 -20.00000000
13.05713656 47.34529688 -20.00000000
-25.62888899 53.17552764 -20.00000000
10.11633068 35.94148994 -20.00000000
-4.88596851 78.06234974 -20.00000000
29.67141376 46.12855001 -20.00000000
-6.49146383 85.49138247 -20.00000000
18.55963675 74.68152693 -20.00000000
17.47779483 55.61058755 -20.00000000
-1.94162829 53.80764571 -20.00000000
23.49188404 32.66944012 -20.00000000
-19.63035724 32.58009083 -20.00000000
3.62953253 55.08702274 -20.00000000
14.52460390 57.41802671 -20.00000000
13.07853022 57.47476030 -20.00000000
-5.15291909 56.87562009 -20.00000000
-19.48406092 57.84891030 -20.00000000
-20.27668398 57.14057866 -20.00000000
27.86452635 35.48060609 -20.00000000
8.95055923 49.92663739 -20.00000000
8.82831385 48.47063729 -20.00000000
9.88985049 49.16595739 -20.00000000
5.11143018 76.25347687 -20.00000000
7.66477565 46.65031513 -20.00000000
-6.44469234 44.15064231 -20.00000000
8.14801173 49.02007865 -20.00000000
-6.90093657 51.65607438 -20.00000000
1.29328952 60.24052618 -20.00000000
-22.78732641 64.28306217 -20.00000000
-3.49871145 52.11406064 -20.00000000
-18.07805873 42.50796086 -20.00000000
24.66116325 61.48165469 -20.00000000
25.25636046 40.90224993 -20.00000000
3.46726386 38.31380647 -20.00000000
-21.52501196 56.55092556 -20.00000000
19.12639990 84.01413536 -20.00000000
22.88969254 47.41052631 -20.00000000
11.73377218 67.98971984 -20.00000000
-26.78137719 40.06856104 -20.00000000
-14.35704778 33.59083846 -20.00000000
-14.81504015 32.69077075 -20.00000000
5.83997738 38.65694697 -20.00000000
-27.27739772 32.65802290 -20.00000000
-24.38091112 36.70466179 -20.00000000
-24.94138717 35.74095861 -20.00000000
18.95954998 66.36646520 -20.00000000
26.00673232 36.46511683 -20.00000000
14.31555052 79.80376563 -20.00000000
-2.43751030 32.60611445 -20.00000000
-1.58911555 73.02199687 -20.00000000
-2.96696336 69.00352471 -20.00000000
1.19669958 49.93328823 -20.00000000
8.86783781 44.73831787 -20.00000000
8.18273980 43.74408624 -20.00000000
7.76642658 45.14234816 -20.00000000
4.58800400 82.61311569 -20.00000000
18.42259783 73.60160063 -20.00000000
-19.79309690 55.37618081 -20.00000000
24.24555827 40.38078726 -20.00000000
-8.69380107 35.98950751 -20.00000000
-9.42851726 35.68130129 -20.00000000
-9.44678943 37.16988028 -20.00000000
-4.84795690 58.36131947 -20.00000000
-3.80461732 58.81901115 -20.00000000
12.06980429 33.34046628 -20.00000000
-0.78382470 56.03235852 -20.00000000
-20.82454445 46.67198417 -20.00000000
-10.81731452 54.50655055 -20.00000000
2.56360913 49.17166302 -20.00000000
2.77896338 50.39224819 -20.00000000
-24.92700469 66.47431705 -20.00000000
9.12141223 46.97254127 -20.00000000
8.37407561 46.14405193 -20.00000000
9.28383225 45.49227675 -20.00000000
5.11023453 62.69495862 -20.00000000
-16.71407896 45.62823745 -20.00000000
6.81320877 54.31326318 -20.00000000
7.67121564 55.01316899 -20.00000000
8.33070115 54.17516224 -20.00000000
-10.30050177 85.39519218 -20.00000000
-8.92036693 82.19588576 -20.00000000
-15.69763731 80.93870943 -20.00000000
3.15900397 79.06602866 -20.00000000
-5.16930206 85.15813444 -20.00000000
10.40246430 41.50423922 -20.00000000
19.67899527 56.96579103 -20.00000000
1.11117922 35.11920424 -20.00000000
-22.05978509 72.47877636 -20.00000000
-22.79472759 71.45956135 -20.00000000
-19.39169756 81.00961426 -20.00000000
27.75520447 50.20222718 -20.00000000
-14.32934186 71.39584656 -20.00000000
-25.34301729 42.38368752 -20.00000000
21.13115992 33.72272645 -20.00000000
25.30325834 55.58886954 -20.00000000
-9.63675958 32.55850038 -20.00000000
14.44952029 36.30985898 -20.00000000
-11.60746769 80.07097473 -20.00000000
9.37108182 39.18504048 -20.00000000
10.66066710 56.15116475 -20.00000000
-14.47980675 69.99211639 -20.00000000
20.02702900 58.26178818 -20.00000000
-17.26148804 33.66529886 -20.00000000
-17.98478852 34.20942003 -20.00000000
-19.93624915 56.48185565 -20.00000000
-20.77956444 56.48352861 -20.00000000
3.94892872 64.91607917 -20.00000000
-1.62610932 59.85372512 -20.00000000
28.48350898 48.24111434 -20.00000000
14.61815770 83.65695510 -20.00000000
15.66926436 84.10728481 -20.00000000
14.22267796 84.40549610 -20.00000000
-11.54497854 45.68235779 -20.00000000
-10.98211219 45.16299173 -20.00000000
0.39269731 80.17692884 -20.00000000
0.72868308 78.74589766 -20.00000000
1.38538269 79.83944276 -20.00000000
-10.85961639 62.80417748 -20.00000000
-19.88238304 63.34009862 -20.00000000
18.55315656 45.74056035 -20.00000000
18.80374630 76.89410368 -20.00000000
-16.06774566 40.99431976 -20.00000000
15.75161369 80.14418164 -20.00000000
10.20060549 60.62827409 -20.00000000
-21.54832666 49.70981514 -20.00000000
-2.11293982 52.79510057 -20.00000000
11.03077941 47.37922425 -20.00000000
10.55351914 48.79857126 -20.00000000
22.51152655 45.44500671 -20.00000000
-18.07637244 47.85079347 -20.00000000
-22.29794013 59.19495690 -20.00000000
24.39529055 67.60977868 -20.00000000
23.67477096 66.68790931 -20.00000000
10.53578796 68.64085746 -20.00000000
12.01234449 68.71307385 -20.00000000
18.20942611 80.11896700 -20.00000000
-0.65475395 51.32035999 -20.00000000
-0.73337377 52.44298561 -20.00000000
-1.98462668 51.71231916 -20.00000000
-21.70279181 63.84999025 -20.00000000
15.50763758 77.29016667 -20.00000000
14.76928857 77.47885820 -20.00000000
-15.77367882 50.72062306 -20.00000000
-19.61077190 83.85726135 -20.00000000
-6.87479542 50.28289519 -20.00000000
-15.71476843 74.26651642 -20.00000000
12.25398090 39.88667323 -20.00000000
-30.05676102 34.87923447 -20.00000000
-0.91994316 49.11157399 -20.00000000
-14.92321938 78.21006851 -20.00000000
-28.34693376 52.81521169 -20.00000000
-3.11294713 43.54418729 -20.00000000
10.47225423 76.64552461 -20.00000000
-5.69700665 36.88184839 -20.00000000
-24.32297588 56.20245987 -20.00000000
-24.88880828 56.73488912 -20.00000000
4.75564580 43.25128320 -20.00000000
-29.72262872 34.13729647 -20.00000000
6.37396813 71.82262071 -20.00000000
-17.98243829 81.37513807 -20.00000000
-19.37434169 81.74501102 -20.00000000
-3.73029476 74.78246365 -20.00000000
-2.80944532 75.02887899 -20.00000000
-7.78205343 85.40517198 -20.00000000
10.63366830 80.72925387 -20.00000000
-7.62143486 59.42104504 -20.00000000
19.32625486 69.85276460 -20.00000000
19.99645835 70.30319335 -20.00000000
12.52893201 82.94787448 -20.00000000
-27.67175192 51.69827261 -20.00000000
22.59346972 56.86835615 -20.00000000
22.03631509 55.50273994 -20.00000000
21.60104788 56.63764531 -20.00000000
14.96565195 59.83071761 -20.00000000
-9.09393642 40.29677032 -20.00000000
-13.35117873 44.47698966 -20.00000000
-13.96817084 45.01633337 -20.00000000
-25.06463224 53.98771287 -20.00000000
14.33074453 42.80643588 -20.00000000
-5.60730295 33.59927293 -20.00000000
-33.18580873 32.64056657 -20.00000000
5.74883519 73.95205692 -20.00000000
26.41291199 42.02105909 -20.00000000
24.81806800 41.79735259 -20.00000000
-1.35375928 84.45399548 -20.00000000
-12.44127041 50.23521112 -20.00000000
6.70481749 48.86609665 -20.00000000
-16.77199222 75.27715038 -20.00000000
-24.71843437 33.47376281 -20.00000000
18.47579915 61.86024286 -20.00000000
-17.65737758 41.04392505 -20.00000000
-17.34143394 63.53525638 -20.00000000
-12.29751347 74.09960703 -20.00000000
-11.54919392 75.00847824 -20.00000000
15.62240782 76.12031368 -20.00000000
-10.24202658 81.52864344 -20.00000000
16.47792118 74.92775384 -20.00000000
17.51679337 74.79328456 -20.00000000
17.38542938 73.77712940 -20.00000000
-6.34814892 37.84269620 -20.00000000
-22.77724833 68.35860565 -20.00000000
-10.06304852 64.10726188 -20.00000000
-17.38596453 64.49132968 -20.00000000
-6.47218160 60.14485993 -20.00000000
21.45070097 50.20074377 -20.00000000
18.45920932 82.75038964 -20.00000000
-4.75429114 52.41605630 -20.00000000
-3.70529353 53.33771715 -20.00000000
25.49559941 62.89545846 -20.00000000
25.39318905 63.62450876 -20.00000000
24.39419910 62.59153002 -20.00000000
-24.83030564 62.39353156 -20.00000000
-5.35049234 40.28166089 -20.00000000
15.25340183 75.22007252 -20.00000000
14.23981296 74.97396761 -20.00000000
-1.48755542 58.36339816 -20.00000000
-2.34552025 59.16612423 -20.00000000
21.85303282 49.53323595 -20.00000000
12.80081037 80.71510722 -20.00000000
-0.68728818 78.26993982 -20.00000000
6.40618267 74.28638747 -20.00000000
2.39869806 52.07655019 -20.00000000
3.39259521 51.51267549 -20.00000000
7.20200312 32.61089330 -20.00000000
12.38191715 65.15956692 -20.00000000
21.36339906 70.78872030 -20.00000000
-30.22617869 32.64986643 -20.00000000
-1.32008371 82.06545474 -20.00000000
0.61052341 59.33258830 -20.00000000
25.04480647 45.48028182 -20.00000000
5.02223316 66.76797507 -20.00000000
21.54043749 36.75657564 -20.00000000
9.23231412 53.39654894 -20.00000000
8.44512000 52.61241426 -20.00000000
-17.02778232 78.38561061 -20.00000000
28.61835020 45.22601543 -20.00000000
14.54923663 50.23627393 -20.00000000
-13.76093770 57.27174136 -20.00000000
-25.26947215 61.65076285 -20.00000000
26.03385805 60.79226402 -20.00000000
-25.50159071 40.82062017 -20.00000000
-24.11875536 41.31041571 -20.00000000
25.62897147 33.37972697 -20.00000000
-7.29029558 73.56090539 -20.00000000
11.59259689 32.62657896 -20.00000000
7.02008653 46.29217148 -20.00000000
15.19487364 37.24254637 -20.00000000
-19.20163109 76.08987780 -20.00000000
-20.28379355 77.07085101 -20.00000000
-23.83563269 64.66711568 -20.00000000
16.41979257 58.74230839 -20.00000000
22.92341789 51.43154745 -20.00000000
18.29172497 50.06390663 -20.00000000
-27.29505054 47.92890981 -20.00000000
-26.87152073 47.10949021 -20.00000000
20.31334089 45.93825187 -20.00000000
20.96447287 44.95328816 -20.00000000
-28.74023308 35.21294347 -20.00000000
13.90764087 40.02013313 -20.00000000
16.29990623 32.46605126 -20.00000000
6.58002987 81.25033099 -20.00000000
-15.00638519 81.22059886 -20.00000000
3.99086763 32.69692230 -20.00000000
2.81401608 69.97059284 -20.00000000
16.67162061 56.04355147 -20.00000000
-8.31779177 74.60780385 -20.00000000
-6.91204920 76.64246604 -20.00000000
14.79698851 62.93100057 -20.00000000
8.64386537 81.87847998 -20.00000000
28.29168034 36.67313925 -20.00000000
-1.29641214 35.90003561 -20.00000000
-28.98804083 44.27147233 -20.00000000
-28.97660825 43.31637471 -20.00000000
-25.77739801 59.63475651 -20.00000000
22.07606405 32.72275843 -20.00000000
21.20347594 81.00286616 -20.00000000
-27.08245353 35.64028620 -20.00000000
-21.23823503 75.73451822 -20.00000000
8.82416666 77.22914964 -20.00000000
26.50613012 45.34322589 -20.00000000
-14.80819328 43.92115356 -20.00000000
14.47102312 78.27536076 -20.00000000
11.40250779 76.66398875 -20.00000000
12.87696519 63.76457751 -20.00000000
13.25733460 62.37437313 -20.00000000
-17.60238709 66.98864096 -20.00000000
-17.21502225 67.67675839 -20.00000000
-21.58668425 51.61576519 -20.00000000
-16.52329654 32.46939398 -20.00000000
26.52581844 38.94824432 -20.00000000
-15.66292298 65.54505265 -20.00000000
-17.02664414 65.91760288 -20.00000000
-2.15848263 68.66201942 -20.00000000
-18.99490307 48.88901131 -20.00000000
-19.20249609 49.60813582 -20.00000000
-24.28003366 53.75202858 -20.00000000
-23.91264449 55.06784596 -20.00000000
24.78637425 60.38098516 -20.00000000
-4.67936839 36.12044082 -20.00000000
21.52622351 46.54640650 -20.00000000
27.60367312 34.79261240 -20.00000000
20.62567009 62.45309598 -20.00000000
-22.04662154 36.80214723 -20.00000000
5.80244647 53.26919783 -20.00000000
-18.30609894 83.96026566 -20.00000000
-11.57655508 85.54674375 -20.00000000
5.04916778 47.35885821 -20.00000000
-10.32829611 45.46540973 -20.00000000
16.90253412 59.89526854 -20.00000000
10.53840254 72.61616246 -20.00000000
19.18916975 36.32688390 -20.00000000
-3.28551871 72.32071388 -20.00000000
1.63772555 67.29440268 -20.00000000
1.15125007 68.63112880 -20.00000000
2.25376081 68.10768584 -20.00000000
3.36586508 61.13322542 -20.00000000
14.76656825 42.13686275 -20.00000000
-3.78294724 41.82276826 -20.00000000
-14.95073636 73.40518950 -20.00000000
0.25345975 77.84526393 -20.00000000
-10.72936087 68.91262898 -20.00000000
-31.71703985 38.04550739 -20.00000000
-25.08149809 52.45660314 -20.00000000
-8.67181656 51.40208868 -20.00000000
13.34209808 36.26108905 -20.00000000
23.85085382 65.40715652 -20.00000000
-11.62519573 69.27689499 -20.00000000
-16.12432914 59.57600249 -20.00000000
-2.95316414 33.97779288 -20.00000000
10.19188426 56.87261757 -20.00000000
17.12052560 57.05389121 -20.00000000
16.02530784 57.34355158 -20.00000000
17.94758323 83.73503260 -20.00000000
-20.80435720 55.31177864 -20.00000000
1.63815653 48.08704598 -20.00000000
23.75144643 46.22626212 -20.00000000
22.69379981 46.31969403 -20.00000000
23.67730265 45.24705823 -20.00000000
-8.98752257 52.77075858 -20.00000000
3.97107565 39.62835862 -20.00000000
-22.64127506 62.16646991 -20.00000000
-21.79359447 43.40515880 -20.00000000
14.35551455 55.04662534 -20.00000000
16.62413961 36.72959308 -20.00000000
-26.45646595 37.69010294 -20.00000000
14.32588273 66.48069934 -20.00000000
0.17353951 68.94761700 -20.00000000
25.37563249 52.73951124 -20.00000000
-19.15707243 71.50480765 -20.00000000
1.23015700 33.67936088 -20.00000000
4.66236339 46.73812864 -20.00000000
-34.94299654 31.93618139 25.00000000
-33.94462521 31.93618139 25.00000000
-32.94625388 31.93618139 25.00000000
-31.94788255 31.93618139 25.00000000
-30.94951122 31.93618139 25.00000000
-29.95113989 31.93618139 25.00000000
-28.95276856 31.93618139 25.00000000
-27.95439723 31.93618139 25.00000000
-26.95602590 31.93618139 25.00000000
-25.95765457 31.93618139 25.00000000
-24.95928324 31.93618139 25.00000000
-23.96091191 31.93618139 25.00000000
-22.96254058 31.93618139 25.00000000
-21.96416925 31.93618139 25.00000000
-20.96579792 31.93618139 25.00000000
-19.96742660 31.93618139 25.00000000
-18.96905527 31.93618139 25.00000000
-17.97068394 31.93618139 25.00000000
-16.97231261 31.93618139 25.00000000
-15.97394128 31.93618139 25.00000000
-14.97556995 31.93618139 25.00000000
-13.97719862 31.93618139 25.00000000
-12.97882729 31.93618139 25.00000000
-11.98045596 31.93618139 25.00000000
-10.98208463 31.93618139 25.00000000
-9.98371330 31.93618139 25.00000000
-8.98534197 31.93618139 25.00000000
-7.98697064 31.93618139 25.00000000
-6.98859931 31.93618139 25.00000000
-5.99022798 31.93618139 25.00000000
-4.99185665 31.93618139 25.00000000
-3.99348532 31.93618139 25.00000000
-2.99511399 31.93618139 25.00000000
-1.99674266 31.93618139 25.00000000
-0.99837133 31.93618139 25.00000000
0.00000000 31.93618139 25.00000000
0.99837133 31.93618139 25.00000000
1.99674266 31.93618139 25.00000000
2.99511399 31.93618139 25.00000000
3.99348532 31.93618139 25.00000000
4.99185665 31.93618139 25.00000000
5.99022798 31.93618139 25.00000000
6.98859931 31.93618139 25.00000000
7.98697064 31.93618139 25.00000000
8.98534197 31.93618139 25.00000000
9.98371330 31.93618139 25.00000000
10.98208463 31.93618139 25.00000000
11.98045596 31.93618139 25.00000000
12.97882729 31.93618139 25.00000000
13.97719862 31.93618139 25.00000000
14.97556995 31.93618139 25.00000000
15.97394128 31.93618139 25.00000000
16.97231261 31.93618139 25.00000000
17.97068394 31.93618139 25.00000000
18.96905527 31.93618139 25.00000000
19.96742660 31.93618139 25.00000000
20.96579792 31.93618139 25.00000000
21.96416925 31.93618139 25.00000000
22.96254058 31.93618139 25.00000000
23.96091191 31.93618139 25.00000000
24.95928324 31.93618139 25.00000000
25.95765457 31.93618139 25.00000000
26.95602590 31.93618139 25.00000000
27.95439723 31.93618139 25.00000000
28.95276856 31.93618139 25.00000000
29.95113989 31.93618139 25.00000000
30.94951122 31.93618139 25.00000000
31.94788255 31.93618139 25.00000000
32.94625388 31.93618139 25.00000000
33.94462521 31.93618139 25.00000000
34.94299654 31.93618139 25.00000000
-0.49918566 59.02968184 25.00000000
13.30653181 48.99835859 25.00000000
-13.68956179 48.69224906 25.00000000
9.73932210 70.64291710 25.00000000
-9.95992042 70.92465652 25.00000000
0.21109657 45.49141961 25.00000000
-15.79145724 60.47389708 25.00000000
10.50034345 59.65210727 25.00000000
-0.13539858 69.02883347 25.00000000
21.46498359 42.41049061 25.00000000
-21.81724999 42.28477692 25.00000000
19.35952542 56.28916013 25.00000000
8.48615630 41.14088958 25.00000000
17.63269861 65.25887981 25.00000000
-8.08404089 41.25156051 25.00000000
3.60288639 77.17163792 25.00000000
5.33859603 52.54819637 25.00000000
-21.14180042 52.88058979 25.00000000
-8.52880058 55.69126801 25.00000000
15.10632518 77.45337135 25.00000000
-15.23080008 77.61234576 25.00000000
-4.84373062 77.66348860 25.00000000
-17.76837944 68.42940427 25.00000000
-7.07160261 63.51208474 25.00000000
-6.45933473 48.30738328 25.00000000
5.61924099 64.83588397 25.00000000
20.31781320 49.33549819 25.00000000
-14.93930451 41.91890894 25.00000000
-1.61601275 38.83159161 25.00000000
14.89320967 42.61763947 25.00000000
-1.05439087 51.80215639 25.00000000
15.94932301 71.26907365 25.00000000
-21.95271973 59.17674878 25.00000000
-15.34219860 54.47572921 25.00000000
6.08338381 46.61580332 25.00000000
26.66325733 38.45916478 25.00000000
-12.64609489 65.47889472 25.00000000
-26.45684024 38.13847427 25.00000000
9.29258727 79.84477833 25.00000000
-24.84123481 47.66650912 25.00000000
-19.18491101 47.30433474 25.00000000
17.47149827 37.57641944 25.00000000
25.86222668 45.87758465 25.00000000
10.77227448 54.02728552 25.00000000
5.06666499 58.17301813 25.00000000
11.22459291 65.22400755 25.00000000
-18.61779774 37.59910163 25.00000000
22.10501135 61.24715552 25.00000000
24.49620329 52.66840887 25.00000000
-12.47964162 37.21808476 25.00000000
-10.03062804 76.28988615 25.00000000
3.18139174 41.09597986 25.00000000
-21.55451750 64.56914181 25.00000000
-11.47020274 81.11381395 25.00000000
-4.62183070 72.18347224 25.00000000
4.81213506 69.77363658 25.00000000
-1.86575552 64.08559353 25.00000000
-19.22902955 73.77511810 25.00000000
11.48127029 37.01228877 25.00000000
19.48854609 74.85653310 25.00000000
-0.49870447 80.79221063 25.00000000
20.70151984 69.35925846 25.00000000
-14.65519026 72.15245386 25.00000000
-27.08588999 43.14612920 25.00000000
-0.75627758 75.08449922 25.00000000
5.49104231 36.79366858 25.00000000
-6.48941364 36.71698186 25.00000000
16.65795978 52.37399392 25.00000000
14.57287308 57.03000891 25.00000000
-3.74460702 42.99611255 25.00000000
-11.20534772 44.73192452 25.00000000
22.19138159 36.72657834 25.00000000
-11.08882367 61.00939509 25.00000000
10.52219733 45.29915445 25.00000000
10.82489871 75.30739474 25.00000000
18.45998413 80.71138240 25.00000000
14.44643663 61.97220428 25.00000000
5.02597586 81.53438461 25.00000000
-6.45756340 68.02035008 25.00000000
-18.18457310 81.35834599 25.00000000
13.46502061 81.64726936 25.00000000
24.20096107 57.20874177 25.00000000
1.76342252 55.22078479 25.00000000
8.95335994 49.98906620 25.00000000
-6.48315807 81.74918949 25.00000000
2.54769093 49.18486054 25.00000000
-3.80214364 55.64832135 25.00000000
-11.46662127 52.45531875 25.00000000
-25.01871076 54.82763405 25.00000000
16.93973071 46.51418008 25.00000000
-4.74117623 59.86944781 25.00000000
2.07937166 62.43928585 25.00000000
-21.50408693 70.25540501 25.00000000
21.76386512 65.36559505 25.00000000
-17.41327049 64.29426436 25.00000000
6.63795213 73.82327081 25.00000000
-17.51171887 51.02300795 25.00000000
-18.97945358 56.35939217 25.00000000
-22.65239010 36.19638689 25.00000000
-6.19551539 52.36326816 25.00000000
-12.30402804 57.14919245 25.00000000
1.90237493 72.29742537 25.00000000
18.26167857 61.46132038 25.00000000
13.07735752 68.64483642 25.00000000
-19.85291449 77.72458900 25.00000000
28.15887042 42.37311602 25.00000000
1.43014001 36.04321076 25.00000000
-29.84228340 35.96032323 25.00000000
29.83328726 35.96689170 25.00000000
-10.09092491 48.19027994 25.00000000
-6.95239266 44.70594953 25.00000000
-2.56816154 48.21634903 25.00000000
-26.36779068 51.21143778 25.00000000
8.58084844 62.73462802 25.00000000
7.71588230 67.71343235 25.00000000
2.15966984 66.13324421 25.00000000
7.46145926 55.46980993 25.00000000
-2.49592832 35.42196002 25.00000000
20.40915798 45.79310829 25.00000000
20.14857508 52.85503743 25.00000000
-14.23658006 68.63927602 25.00000000
26.77281842 49.59356161 25.00000000
-29.57046326 39.64868048 25.00000000
-0.40108278 42.07882395 25.00000000
-14.60440940 45.35908225 25.00000000
-11.60057883 40.67195631 25.00000000
-18.42817949 41.16373155 25.00000000
-4.91858776 39.76981043 25.00000000
-19.18038105 61.28966698 25.00000000
-7.78193661 73.63644061 25.00000000
-24.25912841 61.76394945 25.00000000
25.45846891 35.28983404 25.00000000
-14.83744031 80.96006094 25.00000000
24.81356719 42.68556473 25.00000000
-9.85483417 67.48745010 25.00000000
5.47410022 61.49357453 25.00000000
7.92021390 76.85388782 25.00000000
11.99873683 40.53839802 25.00000000
18.13437812 41.09537540 25.00000000
23.10781188 47.63506898 25.00000000
13.75861560 45.76061693 25.00000000
29.76802145 39.51549132 25.00000000
12.69740854 72.41303699 25.00000000
-8.70661533 79.31176856 25.00000000
23.36786612 39.76530441 25.00000000
-25.18095553 58.19728324 25.00000000
-7.92183576 60.40135714 25.00000000
8.01657726 82.85443353 25.00000000
14.42899696 65.17690702 25.00000000
-3.39740204 69.15726413 25.00000000
-21.88482592 49.48834233 25.00000000
-15.47475561 35.40273711 25.00000000
-15.41199899 38.67766586 25.00000000
-28.00573427 47.40876850 25.00000000
12.24102691 78.75013715 25.00000000
16.29659742 74.46601601 25.00000000
17.59160650 68.48821297 25.00000000
3.44890911 44.47809368 25.00000000
-22.06875113 55.86819666 25.00000000
14.37330535 38.38889888 25.00000000
14.47638428 35.14405482 25.00000000
-26.86313542 35.04993987 25.00000000
-24.74896899 40.89635035 25.00000000
-13.10760256 75.07589632 25.00000000
-17.72911583 44.36680915 25.00000000
-24.15821046 44.50984748 25.00000000
-21.41031223 39.12748475 25.00000000
13.92409055 53.94458093 25.00000000
-1.42960777 71.95580181 25.00000000
2.30877600 52.22273098 25.00000000
-3.60928263 80.53059153 25.00000000
-4.65374473 65.47871493 25.00000000
5.82132599 42.58880409 25.00000000
-16.11674613 57.43362465 25.00000000
-14.55465961 51.57290787 25.00000000
21.91902714 72.38882374 25.00000000
18.92612991 71.87183976 25.00000000
-9.37732071 38.24909433 25.00000000
-10.06301095 35.12937866 25.00000000
8.44750113 37.96213642 25.00000000
8.48615630 34.92860680 25.00000000
5.97540168 49.61519567 25.00000000
20.14530508 38.89465638 25.00000000
16.45724741 83.06969557 25.00000000
22.41042378 54.81254355 25.00000000
18.18008264 77.64443821 25.00000000
-14.61723287 63.22680382 25.00000000
-9.84611803 64.53157215 25.00000000
2.03636081 82.85511266 25.00000000
2.34777510 79.88332056 25.00000000
17.33825864 49.47002486 25.00000000
24.55616057 62.85214563 25.00000000
19.45941059 35.08530665 25.00000000
-19.46824093 34.80949865 25.00000000
-2.26514241 83.17190212 25.00000000
5.71984120 39.68760831 25.00000000
-23.60894340 66.69263986 25.00000000
28.73368923 45.25460577 25.00000000
17.25812217 58.54570965 25.00000000
-21.61658370 75.36707030 25.00000000
0.14723259 77.90339381 25.00000000
-8.34664561 50.46666806 25.00000000
-21.27426151 45.20002471 25.00000000
4.61413001 55.30664787 25.00000000
-20.74762145 67.40534081 25.00000000
8.24113988 52.73861971 25.00000000
-16.34387703 47.62864204 25.00000000
21.47481578 58.35697280 25.00000000
21.08661543 77.30757099 25.00000000
24.66452980 60.01244463 25.00000000
-6.71345082 57.85148605 25.00000000
11.53117329 51.25670673 25.00000000
2.42209491 59.50026120 25.00000000
10.01489231 56.80965411 25.00000000
7.61105209 59.54609409 25.00000000
11.57164178 62.34587726 25.00000000
-4.27817614 45.85904060 25.00000000
19.70306490 83.28007583 25.00000000
-4.37719461 62.66908940 25.00000000
-9.18976187 83.10397218 25.00000000
-0.96224014 56.17813270 25.00000000
10.73670358 82.23236740 25.00000000
17.41632822 43.77816205 25.00000000
-18.81876843 71.01480767 25.00000000
-17.58092999 76.05947494 25.00000000
23.46410006 67.67482576 25.00000000
13.59679328 75.12111654 25.00000000
-18.02319747 53.75236651 25.00000000
26.78603923 54.23469833 25.00000000
-3.76140245 50.83251052 25.00000000
5.89582465 78.83717465 25.00000000
-13.46502061 83.38331305 25.00000000
-23.62753053 51.64755651 25.00000000
-5.28640338 74.90106281 25.00000000
-7.11191807 70.79518352 25.00000000
-9.71434877 58.23819625 25.00000000
10.42697663 68.00439088 25.00000000
8.22924765 43.84427472 25.00000000
22.95977529 44.73315168 25.00000000
-15.33297940 66.10710263 25.00000000
-7.43055693 76.95168036 25.00000000
-12.30333859 78.23842086 25.00000000
-10.74629501 73.59737373 25.00000000
3.11488019 38.28916238 25.00000000
22.88297652 50.40524353 25.00000000
-2.31763496 60.97784445 25.00000000
-12.93864937 34.59692460 25.00000000
0.88515921 39.74669015 25.00000000
-1.85447221 66.85611532 25.00000000
-16.24951617 83.35673396 25.00000000
-29.66857909 42.34962127 25.00000000
-29.05680372 44.95138866 25.00000000
20.28450958 63.16970533 25.00000000
-8.88529391 53.06336354 25.00000000
19.65727830 66.89956989 25.00000000
-0.12305931 49.29656155 25.00000000
1.95774149 75.01185195 25.00000000
-23.90026775 38.46301956 25.00000000
12.42920479 43.50442922 25.00000000
-21.59676273 72.81043597 25.00000000
16.37193405 55.04079001 25.00000000
-21.67732719 61.98113400 25.00000000
11.99452826 34.50016397 25.00000000
-19.83967777 83.45455237 25.00000000
4.49267098 34.44187413 25.00000000
15.76581599 80.12958233 25.00000000
8.64881844 65.31097374 25.00000000
22.01880631 74.95329820 25.00000000
-7.62004849 34.44619583 25.00000000
-4.98066360 34.56463814 25.00000000
4.53001003 67.19268200 25.00000000
2.43985965 68.72705394 25.00000000
7.10494253 71.17631281 25.00000000
-2.37303160 78.29901552 25.00000000
14.05808779 51.41618705 25.00000000
16.96814891 35.13601064 25.00000000
-27.25319094 40.63373941 25.00000000
-4.06173081 37.39836997 25.00000000
4.49858885 72.35141277 25.00000000
-24.01979056 64.23960727 25.00000000
23.16490364 70.18696798 25.00000000
10.78904001 47.99577113 25.00000000
24.24776149 65.31729553 25.00000000
13.26297059 59.46921260 25.00000000
-19.48049424 58.80820454 25.00000000
-20.63126622 80.28181362 25.00000000
8.35190811 47.59326113 25.00000000
-15.57649387 74.51151171 25.00000000
20.84226294 79.83436732 25.00000000
-7.76768707 65.90284318 25.00000000
-16.10137619 70.19860608 25.00000000
-12.54720509 70.62210081 25.00000000
23.12641667 34.41983133 25.00000000
12.39779012 55.87644562 25.00000000
-2.89461439 73.90789014 25.00000000
4.39362522 74.79470276 25.00000000
-14.10116389 58.75550886 25.00000000
-26.27415826 45.70423385 25.00000000
-3.09881036 53.24619372 25.00000000
24.42041760 37.61068554 25.00000000
2.37033334 46.71123853 25.00000000
10.36374157 72.95615767 25.00000000
-16.71044246 79.48317283 25.00000000
-17.10769323 72.67976590 25.00000000
-10.97878974 54.96398523 25.00000000
27.69538439 47.39793121 25.00000000
-11.83852923 63.25422476 25.00000000
-13.47645235 61.06052967 25.00000000
-6.17281976 54.86112187 25.00000000
-2.75905285 57.93328328 25.00000000
10.15157858 77.64032647 25.00000000
-7.17159543 39.07876827 25.00000000
4.48834020 83.82439619 25.00000000
-9.07133318 45.95299211 25.00000000
-2.10663871 44.78256885 25.00000000
-2.83088975 40.83688682 25.00000000
-5.83664455 41.93061522 25.00000000
-10.10835865 42.57591282 25.00000000
-13.19275529 43.48527269 25.00000000
-12.61700184 46.60573408 25.00000000
26.54113326 56.63233670 25.00000000
26.69257778 51.91437738 25.00000000
-19.90022190 50.83114044 25.00000000
15.81026102 40.35856198 25.00000000
0.00805111 61.32591318 25.00000000
-4.75929978 83.60242558 25.00000000
25.56404231 40.49605149 25.00000000
10.24813846 42.67223450 25.00000000
-19.82182584 43.42130492 25.00000000
15.98901323 66.85289253 25.00000000
16.07266805 63.58345289 25.00000000
-19.41345702 65.49289213 25.00000000
-27.18794376 53.57715509 25.00000000
-26.80086894 56.27212660 25.00000000
-9.06061337 62.38416907 25.00000000
31.44869689 34.24433381 25.00000000
7.18339763 80.72586461 25.00000000
-31.44869689 34.23792624 25.00000000
1.75316717 42.91058603 25.00000000
-12.13717154 67.71541648 25.00000000
-0.03311271 65.46341373 25.00000000
12.50098729 83.80560551 25.00000000
-10.59415414 50.38234854 25.00000000
19.41051365 59.43537212 25.00000000
-23.46172625 34.11391549 25.00000000
27.82853494 34.44812278 25.00000000
8.66522310 74.75209992 25.00000000
16.19669264 60.54157283 25.00000000
3.13621192 57.00888533 25.00000000
-0.20571601 53.97324314 25.00000000
30.30975596 41.70242148 25.00000000
-2.71514694 76.11311258 25.00000000
15.37691654 69.05566026 25.00000000
24.66087726 54.99799314 25.00000000
-7.10190869 83.89407765 25.00000000
-5.65216421 79.71086530 25.00000000
18.96010893 47.52811548 25.00000000
15.44092145 48.22104873 25.00000000
18.90156141 51.03123585 25.00000000
-13.20402985 55.10892350 25.00000000
10.42797264 38.96788765 25.00000000
-23.58156542 69.07961488 25.00000000
4.43004242 48.05792075 25.00000000
4.09305019 50.74213547 25.00000000
-24.81651434 35.83895000 25.00000000
18.22734695 53.89105448 25.00000000
22.31196241 52.51882496 25.00000000
-0.31379549 34.34796517 25.00000000
-23.04298638 53.92832153 25.00000000
-23.08464731 46.39436598 25.00000000
-15.74229713 49.73370013 25.00000000
5.73469606 76.64789161 25.00000000
-0.05496053 83.82047710 25.00000000
-13.72155805 40.08622615 25.00000000
-8.60930148 69.24573958 25.00000000
-11.32689640 83.25121612 25.00000000
4.12772656 63.22634731 25.00000000
19.36198185 42.86143111 25.00000000
-20.70543621 37.10006798 25.00000000
-31.13959489 37.91012570 25.00000000
-19.76532409 63.36530570 25.00000000
-6.10820815 61.47065717 25.00000000
11.77644865 57.97148570 25.00000000
31.60899532 37.08693869 25.00000000
27.77710683 40.27626675 25.00000000
26.98120930 44.10612295 25.00000000
0.95072474 57.26574253 25.00000000
27.20172683 36.44081183 25.00000000
-21.92866019 77.47581101 25.00000000
-12.64016915 72.71104630 25.00000000
-28.24264871 49.76491053 25.00000000
-23.98064951 49.57967704 25.00000000
15.64715192 44.87950162 25.00000000
-23.27114437 71.47050674 25.00000000
24.65161073 49.15457957 25.00000000
-17.39932338 66.37827969 25.00000000
-16.52883131 62.41529659 25.00000000
2.35240973 34.07784767 25.00000000
14.58198842 73.29053392 25.00000000
0.08721327 63.39565580 25.00000000
-12.64620951 50.73877013 25.00000000
22.47820103 63.35141726 25.00000000
0.19641452 37.75350113 25.00000000
-28.78724537 34.08315154 25.00000000
-17.06358430 55.60532952 25.00000000
-19.92296415 54.53442279 25.00000000
-19.75402288 69.19448506 25.00000000
3.49278884 36.25414769 25.00000000
7.05879461 57.52547404 25.00000000
-17.93700384 48.97860466 25.00000000
-16.29153321 52.66427384 25.00000000
-5.79426554 50.30064579 25.00000000
-5.35684321 69.74449023 25.00000000
-21.38099236 33.97949625 25.00000000
-17.73290749 59.85572717 25.00000000
-12.08576118 59.20185780 25.00000000
-17.32902468 34.14703275 25.00000000
6.31506738 44.57870011 25.00000000
-27.96734875 36.76618976 25.00000000
14.47040112 83.39079198 25.00000000
6.57096672 34.01612362 25.00000000
12.80848845 63.95500688 25.00000000
-25.89819259 60.28511672 25.00000000
28.79102384 37.72262239 25.00000000
-21.22637239 47.24187970 25.00000000
-18.80143864 79.44169770 25.00000000
-19.55572052 75.74752378 25.00000000
-26.52206030 48.74793677 25.00000000
28.49540231 50.57705042 25.00000000
10.47279380 84.20079391 25.00000000
-4.73624040 57.89183196 25.00000000
-20.94133703 57.48496877 25.00000000
-8.42828563 36.26548800 25.00000000
-17.41324554 39.32238451 25.00000000
8.35113527 72.76084622 25.00000000
-1.91920882 50.05481713 25.00000000
-4.52371040 47.83603843 25.00000000
-1.40287910 46.62506476 25.00000000
12.84674293 66.55758530 25.00000000
11.42617618 69.67367457 25.00000000
13.89762009 70.63079926 25.00000000
-23.97363676 56.56668372 25.00000000
-3.77878210 67.23370238 25.00000000
30.06410062 43.71916104 25.00000000
21.55864588 67.29723122 25.00000000
-10.83857244 69.17758373 25.00000000
13.19210595 77.03769012 25.00000000
19.38547758 37.06504311 25.00000000
15.13308781 58.90217985 25.00000000
26.34368427 58.73370499 25.00000000
-28.16740448 51.91256802 25.00000000
-25.34698846 52.89035723 25.00000000
7.31017045 51.03044926 25.00000000
15.72718669 36.66408060 25.00000000
3.01334815 70.63902932 25.00000000
0.56417632 73.68249876 25.00000000
0.35249097 70.99417474 25.00000000
3.22868588 53.93869237 25.00000000
20.17725407 61.24493279 25.00000000
17.98543419 63.36643462 25.00000000
6.48315807 84.16718653 25.00000000
-16.65322417 37.06338547 25.00000000
-8.41230759 81.27614441 25.00000000
0.53604143 47.43719851 25.00000000
13.92624791 40.90943745 25.00000000
15.52740830 50.15528919 25.00000000
-8.24391032 43.21649020 25.00000000
0.74802082 51.04622847 25.00000000
11.82098000 80.63472583 25.00000000
-13.83869776 53.32539002 25.00000000
14.13134071 79.11299759 25.00000000
19.90272206 65.02317351 25.00000000
-23.01335444 40.13702981 25.00000000
20.98855277 51.13158946 25.00000000
20.13481631 40.90418305 25.00000000
-14.25022211 56.78518824 25.00000000
-10.34142881 78.22705473 25.00000000
8.65549110 45.70682858 25.00000000
-25.59243458 63.10075798 25.00000000
21.34520277 35.04070076 25.00000000
29.06504079 48.67984182 25.00000000
-13.10783955 80.02991817 25.00000000
12.54762936 47.24196061 25.00000000
4.17187101 46.20431399 25.00000000
-15.81018701 43.74007528 25.00000000
4.01864068 79.01037870 25.00000000
3.88127837 65.46275900 25.00000000
0.99903720 67.57065692 25.00000000
1.74432112 64.29442101 25.00000000
17.75983775 75.74619540 25.00000000
17.19874491 72.75068552 25.00000000
-31.97422667 36.13127077 25.00000000
-23.89459427 59.76727424 25.00000000
26.09293059 61.18696143 25.00000000
-17.24948008 42.58430660 25.00000000
22.38212252 56.70077186 25.00000000
-23.75598007 42.58904905 25.00000000
-25.45846891 33.76988070 25.00000000
10.33250658 35.46908737 25.00000000
3.54100041 61.12023315 25.00000000
8.77298414 58.14274638 25.00000000
-19.39068277 45.25572220 25.00000000
18.86123505 69.94244915 25.00000000
-6.10782953 46.42479193 25.00000000
-5.15477004 44.21448305 25.00000000
-17.90754006 57.85437570 25.00000000
-11.91173336 48.28720178 25.00000000
-8.25663405 47.67524372 25.00000000
9.89354205 63.98906557 25.00000000
9.93292930 61.43767482 25.00000000
6.62651184 63.11783683 25.00000000
20.97018662 81.78783205 25.00000000
-2.17819802 54.81977569 25.00000000
29.60780169 33.79883603 25.00000000
16.42062053 56.89297232 25.00000000
9.27623347 55.11431856 25.00000000
6.71530635 53.77991961 25.00000000
-20.40808873 40.86153037 25.00000000
-19.55093015 39.20947030 25.00000000
10.03910854 52.33723581 25.00000000
18.51340063 45.37878451 25.00000000
-18.02725771 35.89463330 25.00000000
-10.80285016 46.50379730 25.00000000
12.32132379 52.96236528 25.00000000
-20.07992410 48.95875008 25.00000000
-18.05048604 77.80135869 25.00000000
23.26766144 58.80323006 25.00000000
-18.05114788 83.16520960 25.00000000
-15.95763623 40.41232999 25.00000000
-22.93698586 74.07843954 25.00000000
18.31330227 39.23975809 25.00000000
16.57375092 41.98416650 25.00000000
-13.73985067 66.92074813 25.00000000
-12.28203959 39.00659523 25.00000000
-9.81749618 40.81121045 25.00000000
10.25101153 40.88957831 25.00000000
12.46645215 38.66873500 25.00000000
-1.49010200 36.98074346 25.00000000
6.66877346 69.31402870 25.00000000
6.26797265 66.56580698 25.00000000
8.94603648 69.02729884 25.00000000
10.40210061 33.67854591 25.00000000
-16.44771706 45.74768212 25.00000000
21.16408194 47.58494757 25.00000000
21.24131887 44.19676523 25.00000000
7.77523150 78.73071592 25.00000000
15.71784410 33.77012043 25.00000000
-15.99625591 68.42960310 25.00000000
-14.34170034 70.40827901 25.00000000
1.73716641 76.88632776 25.00000000
12.92992444 35.99977176 25.00000000
6.91964561 35.75040454 25.00000000
3.17565181 73.51847906 25.00000000
19.84593118 54.59321003 25.00000000
-1.97957147 33.71727301 25.00000000
25.12909078 50.93604854 25.00000000
31.45171255 38.87976492 25.00000000
26.00119236 47.97769933 25.00000000
-10.10401919 56.50742230 25.00000000
15.23366494 81.80608837 25.00000000
-15.64562278 33.65812272 25.00000000
-13.85456949 36.10808704 25.00000000
-20.53735663 60.19490304 25.00000000
18.18630447 33.76070343 25.00000000
-6.03239619 73.27857995 25.00000000
-8.48541213 71.97091903 25.00000000
-9.27770962 74.64839325 25.00000000
-21.59848265 51.20312127 25.00000000
-4.60692232 54.10865500 25.00000000
-19.36924780 52.55361578 25.00000000
-29.61811745 46.64494493 25.00000000
-0.55981963 43.86850617 25.00000000
-1.12596051 40.49913696 25.00000000
-2.10601202 42.41657381 25.00000000
16.58354183 78.50870887 25.00000000
20.24316169 73.16900256 25.00000000
-31.30887313 39.64029450 25.00000000
-27.94320612 39.03881657 25.00000000
-14.28968317 47.06483157 25.00000000
-26.90946780 58.00761891 25.00000000
11.81180662 73.89298591 25.00000000
11.29559369 71.39891901 25.00000000
-8.13323205 67.58820431 25.00000000
19.74660591 78.45319924 25.00000000
28.29314513 52.56239741 25.00000000
23.76143766 36.02011652 25.00000000
29.43139024 46.91575657 25.00000000
-13.03123240 41.71948674 25.00000000
-11.12509936 66.30895422 25.00000000
-3.30122417 39.18128721 25.00000000
-5.67893179 38.23049700 25.00000000
21.60067891 39.90704344 25.00000000
-1.72776464 70.07435409 25.00000000
-3.08391819 71.25361515 25.00000000
14.44848909 67.61124497 25.00000000
-17.59685669 74.33425832 25.00000000
-1.35423088 62.42448865 25.00000000
16.90033115 81.41643015 25.00000000
8.47797594 84.49429550 25.00000000
2.49352233 84.49523167 25.00000000
18.01368878 84.20036677 25.00000000
20.36808814 33.61635513 25.00000000
1.86262148 45.08898079 25.00000000
3.44955704 42.77640552 25.00000000
24.72907884 33.68442474 25.00000000
-25.35586606 43.25653460 25.00000000
-1.28436469 77.00890474 25.00000000
-18.20761985 62.68404602 25.00000000
-13.05629686 81.73112785 25.00000000
-29.35818640 37.87970329 25.00000000
-16.51129972 81.15674104 25.00000000
-15.03658305 79.28649274 25.00000000
-9.48452763 33.54616107 25.00000000
-11.30027500 33.78000820 25.00000000
22.05495901 46.15466107 25.00000000
-18.94421949 67.15907280 25.00000000
18.27732314 82.38491034 25.00000000
26.43856987 42.01917621 25.00000000
25.31117349 44.29035402 25.00000000
23.10221736 42.99914942 25.00000000
-5.69667786 56.49125678 25.00000000
7.32247823 61.37561349 25.00000000
5.85188503 59.76194546 25.00000000
11.64174726 49.51662575 25.00000000
14.02857538 44.08179142 25.00000000
11.95274239 60.63440564 25.00000000
-7.74102401 75.30834542 25.00000000
-9.61806084 44.18246119 25.00000000
4.09721066 59.53966502 25.00000000
-22.70711940 48.02759257 25.00000000
-11.38159538 75.20760388 25.00000000
-14.61178159 75.97364831 25.00000000
-13.99164336 73.67253670 25.00000000
-19.98867828 72.25156908 25.00000000
22.10145546 48.94760161 25.00000000
5.98849496 56.24855399 25.00000000
-22.63722193 57.61933531 25.00000000
-9.90411839 80.49541637 25.00000000
21.03978957 55.73632637 25.00000000
-21.94585184 68.61272872 25.00000000
6.94734279 75.47893945 25.00000000
-10.60096293 39.35774019 25.00000000
-7.06969861 78.67180547 25.00000000
1.53491639 41.26944667 25.00000000
-4.74181393 81.85778611 25.00000000
-13.78664776 38.26765938 25.00000000
-19.82389818 81.76549661 25.00000000
-10.64927253 36.89344722 25.00000000
15.25277309 46.54434478 25.00000000
12.19263594 45.16357983 25.00000000
8.68860991 81.36403270 25.00000000
6.51168436 82.21614043 25.00000000
-25.13352624 66.04146707 25.00000000
3.62817513 82.41433433 25.00000000
0.46443708 82.19772268 25.00000000
24.08567206 46.13045047 25.00000000
23.17818175 73.62401061 25.00000000
23.59929524 71.88616503 25.00000000
21.60279403 70.75648433 25.00000000
-12.35340408 76.56762430 25.00000000
22.57401589 76.53482751 25.00000000
24.10385305 41.21893128 25.00000000
22.89656119 38.20066748 25.00000000
-7.30379661 53.62236802 25.00000000
-22.64272140 63.32386298 25.00000000
9.45074237 76.17442316 25.00000000
25.60606952 64.12096438 25.00000000
13.54034175 33.64693836 25.00000000
-25.88881126 39.69446585 25.00000000
-30.39158256 43.89243677 25.00000000
-11.79646174 35.74767892 25.00000000
16.09522439 38.64167604 25.00000000
17.93698385 55.49445016 25.00000000
-26.13278240 41.82089621 25.00000000
22.25846161 68.80512236 25.00000000
22.04736508 78.67569292 25.00000000
-22.56630032 43.84069173 25.00000000
-24.67239542 46.05081614 25.00000000
17.60370192 66.87343886 25.00000000
16.76735037 69.87680406 25.00000000
6.66128863 38.15716173 25.00000000
7.71827599 39.56061576 25.00000000
9.17460720 66.89752176 25.00000000
-6.37823720 59.85596378 25.00000000
-9.48268045 60.82334563 25.00000000
-11.16361622 72.02254497 25.00000000
-1.93368480 68.47084779 25.00000000
-4.51375605 52.33683013 25.00000000
16.13150888 76.13104046 25.00000000
-11.60972328 43.16909381 25.00000000
-1.47868241 84.58200444 25.00000000
14.36657367 63.57416849 25.00000000
16.03167334 65.18562862 25.00000000
-1.02763856 73.50609635 25.00000000
-4.29501194 41.49025704 25.00000000
-20.90898157 35.51072278 25.00000000
26.40452882 33.55603335 25.00000000
24.37419916 69.05710693 25.00000000
24.89895404 66.84276971 25.00000000
-22.39384752 37.81554676 25.00000000
-9.51370505 51.57879312 25.00000000
9.82602274 37.04528771 25.00000000
-8.82834786 77.72093458 25.00000000
-29.28485359 48.47013279 25.00000000
-10.47279380 84.60350545 25.00000000
-21.17946755 82.59743412 25.00000000
-12.77128721 45.02085457 25.00000000
-7.15576319 80.27568235 25.00000000
-12.32247598 53.79053420 25.00000000
-30.44605816 40.96912565 25.00000000
21.14263491 59.94320131 25.00000000
-8.66080867 39.69106167 25.00000000
-17.28893070 84.56474205 25.00000000
14.74980765 55.38187958 25.00000000
15.04808033 52.73640133 25.00000000
-17.68366307 46.75925985 25.00000000
-6.35507291 40.43492273 25.00000000
19.89820339 57.85394935 25.00000000
3.77113378 80.57217671 25.00000000
14.56204892 60.38626100 25.00000000
19.16460196 68.39624703 25.00000000
10.81262650 79.42087331 25.00000000
-6.30025544 65.03338127 25.00000000
-22.89328879 60.98169737 25.00000000
9.85606690 46.72658213 25.00000000
-21.48705047 54.41107443 25.00000000
6.80528051 40.98095443 25.00000000
7.51709711 42.41269762 25.00000000
-14.86706314 84.39614800 25.00000000
-12.32061176 84.53682871 25.00000000
-3.85415203 78.93672061 25.00000000
-1.99553614 79.96635877 25.00000000
-1.91365297 81.58735512 25.00000000
-20.49668785 55.98742092 25.00000000
6.77054524 48.14218198 25.00000000
-3.06444243 65.78195936 25.00000000
-3.57969485 64.16601004 25.00000000
-3.46395629 34.19819345 25.00000000
32.61038629 35.29331177 25.00000000
-5.82855894 66.55584975 25.00000000
-26.40161671 36.56021848 25.00000000
-26.99402286 33.49557973 25.00000000
15.45983847 84.62336292 25.00000000
18.65092603 73.46948669 25.00000000
27.75198923 55.48337450 25.00000000
20.85084691 84.33577967 25.00000000
24.79892002 39.12998757 25.00000000
11.66620173 77.31054969 25.00000000
-11.31498143 79.51044333 25.00000000
-10.56591476 59.54229107 25.00000000
18.23250586 36.03073679 25.00000000
-3.78251527 49.24267935 25.00000000
-21.03018782 78.76332523 25.00000000
-7.55012500 62.03822225 25.00000000
17.65805149 60.03857151 25.00000000
18.00094903 57.13072767 25.00000000
1.25180773 69.72769317 25.00000000
-7.92188528 37.72660076 25.00000000
17.99411148 79.20765523 25.00000000
19.20128546 76.42271830 25.00000000
0.30698672 52.52141204 25.00000000
-3.49093127 84.59304400 25.00000000
-3.12559710 59.54070719 25.00000000
0.62098396 75.80476753 25.00000000
12.85032679 50.46588579 25.00000000
1.49456626 53.62325168 25.00000000
-0.20165635 35.97723995 25.00000000
7.20637367 64.61210211 25.00000000
-13.66391451 77.44304219 25.00000000
2.47620157 78.29645565 25.00000000
-15.57677464 55.99466200 25.00000000
-16.39147625 59.00055703 25.00000000
14.06358251 47.52669603 25.00000000
-26.48802806 47.21876165 25.00000000
16.88834369 62.23476983 25.00000000
-5.53682933 63.69010183 25.00000000
2.56363391 50.71444440 25.00000000
3.83819228 52.25042204 25.00000000
31.27770536 40.45169501 25.00000000
8.28180578 36.44301393 25.00000000
8.89281972 33.45859605 25.00000000
-2.87798421 62.39512880 25.00000000
4.90501593 43.87236541 25.00000000
4.88198324 41.16928973 25.00000000
-8.55346985 84.57619899 25.00000000
-10.22131167 81.98437183 25.00000000
1.57662556 60.89116501 25.00000000
-8.12375035 58.74440714 25.00000000
-8.52203239 57.24380802 25.00000000
25.71489744 36.79709854 25.00000000
5.45662941 68.39728980 25.00000000
-14.03643090 50.15830918 25.00000000
-24.70025456 67.89880143 25.00000000
-15.06840805 37.12914659 25.00000000
5.80425392 51.11366767 25.00000000
7.50057798 49.51381278 25.00000000
-7.60972301 46.31540728 25.00000000
11.71831098 42.09335004 25.00000000
13.39995905 42.33513872 25.00000000
8.64576796 60.64682033 25.00000000
-13.23543556 64.00605124 25.00000000
-15.74195354 64.47639370 25.00000000
-14.87256548 61.70883325 25.00000000
-6.25734207 33.54688753 25.00000000
21.38886359 53.70742298 25.00000000
23.33352260 53.62394553 25.00000000
-6.36223552 43.33126091 25.00000000
1.75356578 81.32326594 25.00000000
0.66872814 79.53662369 25.00000000
-1.60697199 53.42949452 25.00000000
16.93311483 48.01986065 25.00000000
16.83848521 50.88461504 25.00000000
18.83403140 49.53555215 25.00000000
-15.99879656 51.20238270 25.00000000
20.86415021 37.52354172 25.00000000
-4.02358415 35.82013630 25.00000000
8.48245987 56.62706741 25.00000000
-25.56188159 64.60215178 25.00000000
-2.80389317 46.10454405 25.00000000
-0.99330880 78.86304399 25.00000000
19.71673783 44.41708425 25.00000000
-16.08663680 76.35278722 25.00000000
-14.12441958 65.21609808 25.00000000
1.58832641 38.38811928 25.00000000
-6.38134564 75.90246313 25.00000000
-4.93228902 68.26001841 25.00000000
-28.13241762 41.95405265 25.00000000
-1.05615849 48.10126979 25.00000000
1.03436499 58.81235577 25.00000000
4.05080903 39.67118099 25.00000000
4.72266019 38.20826727 25.00000000
-11.35296403 64.68939726 25.00000000
-9.33064606 66.01104397 25.00000000
-8.54383545 63.79057026 25.00000000
-13.31355660 62.52982212 25.00000000
-22.90880506 65.31445516 25.00000000
-21.58791879 66.11152455 25.00000000
32.91401548 33.55515742 25.00000000
-32.91549150 33.55420814 25.00000000
13.31838615 57.92764777 25.00000000
-7.20640729 56.42286640 25.00000000
-0.35628095 66.92810548 25.00000000
19.39140595 84.71870171 25.00000000
17.78184726 70.94454092 25.00000000
28.58923783 43.78534268 25.00000000
30.23078329 45.20768679 25.00000000
27.29274241 45.54205547 25.00000000
18.71541227 52.49673418 25.00000000
-19.42614092 36.36450321 25.00000000
-20.76805554 76.57615447 25.00000000
-12.30673545 69.17375983 25.00000000
12.20257539 75.90703218 25.00000000
23.28215611 62.12361290 25.00000000
26.03590017 62.67605051 25.00000000
-7.81000257 82.61158718 25.00000000
20.71942663 75.80048984 25.00000000
-18.71379628 33.46054867 25.00000000
12.18555624 54.42397128 25.00000000
9.19891246 39.82370138 25.00000000
24.58761774 47.52673556 25.00000000
-18.54516437 72.44533905 25.00000000
-3.68701300 44.48803160 25.00000000
-10.57154640 62.42975451 25.00000000
28.95587524 41.14483147 25.00000000
4.59094436 56.77921601 25.00000000
30.20167263 38.11654476 25.00000000
20.41556231 71.67677728 25.00000000
11.36913141 63.78144724 25.00000000
12.95666658 61.75612013 25.00000000
-0.91220700 82.65159742 25.00000000
22.51220255 41.21185227 25.00000000
10.59807020 66.54887411 25.00000000
-20.96618811 84.36345116 25.00000000
-24.89752823 50.80033645 25.00000000
0.46740967 55.88969747 25.00000000
-0.48446377 57.56391961 25.00000000
-2.45219771 56.28847333 25.00000000
10.35208591 58.21474688 25.00000000
10.70097272 55.50214356 25.00000000
-27.49088724 44.68248270 25.00000000
-2.43708295 51.39881436 25.00000000
14.26703705 36.59096747 25.00000000
21.90463214 33.47780963 25.00000000
10.11795589 50.87567884 25.00000000
-22.78869423 76.27107022 25.00000000
-20.40814872 74.59307762 25.00000000
-17.72523103 61.31101351 25.00000000
-8.85924340 49.05297555 25.00000000
-7.11914502 49.63511894 25.00000000
-7.02176613 51.13219491 25.00000000
22.71793095 66.44367555 25.00000000
-14.07740096 33.50834910 25.00000000
-15.06225393 48.27408053 25.00000000
6.06980105 72.35836112 25.00000000
5.28956900 71.13966605 25.00000000
31.22818680 35.65628221 25.00000000
3.18563993 55.36784457 25.00000000
5.27403450 54.00560108 25.00000000
-6.04419645 71.80737947 25.00000000
-6.74483374 69.41717758 25.00000000
-12.91150896 52.18465279 25.00000000
23.46417243 55.77266366 25.00000000
-4.30908064 76.16113052 25.00000000
-25.36649592 56.22017503 25.00000000
24.86857186 58.53853296 25.00000000
23.21426338 60.27634380 25.00000000
24.69157413 61.43539500 25.00000000
-3.29037896 82.11322299 25.00000000
8.68793490 51.38733319 25.00000000
8.10410452 54.17638377 25.00000000
-17.29402174 71.15954155 25.00000000
13.22817879 73.73559678 25.00000000
-2.67190113 37.83005408 25.00000000
6.77466114 77.70940934 25.00000000
5.14249099 80.08309281 25.00000000
4.89011540 77.81062268 25.00000000
-26.24560025 61.74726481 25.00000000
8.30748760 70.34339802 25.00000000
-9.50377834 54.48539783 25.00000000
-16.64430353 77.65224550 25.00000000
-25.06386755 37.39731607 25.00000000
-10.60932820 53.59037556 25.00000000
-4.70120179 61.28773216 25.00000000
-15.95422235 71.60182473 25.00000000
11.89857915 67.71871083 25.00000000
20.42713572 36.11269497 25.00000000
6.87502147 52.37538857 25.00000000
-19.44947421 84.80694663 25.00000000
-10.97517470 57.61280887 25.00000000
2.36446278 37.09721074 25.00000000
2.45180874 39.70907159 25.00000000
11.44902565 46.36009795 25.00000000
-28.52016714 35.46832962 25.00000000
-5.81889119 84.64555355 25.00000000
9.33145597 83.36931511 25.00000000
-23.65929988 55.19424332 25.00000000
-4.63711253 73.61978933 25.00000000
-12.16011151 74.03455508 25.00000000
-21.99227555 79.82771947 25.00000000
-9.14620046 73.23134604 25.00000000
-18.43221303 69.66578015 25.00000000
-20.22419698 70.85706441 25.00000000
12.11381566 82.00022095 25.00000000
10.04163989 81.02224546 25.00000000
-14.84960527 82.56721470 25.00000000
23.46551693 51.69654963 25.00000000
13.70996337 84.66296344 25.00000000
-28.17157382 54.56710174 25.00000000
14.35825256 76.28291174 25.00000000
14.91143146 74.64823652 25.00000000
17.88101939 42.46505037 25.00000000
17.14499276 45.14041628 25.00000000
16.10905974 43.29727818 25.00000000
-16.65432570 54.00889148 25.00000000
-18.61454370 55.01435095 25.00000000
-17.97931033 52.34798638 25.00000000
-21.20856912 43.53607052 25.00000000
-22.89247316 50.45794561 25.00000000
-22.41562336 52.32648261 25.00000000
-27.61876082 46.07009053 25.00000000
28.18948787 53.98424487 25.00000000
25.42079202 53.77366380 25.00000000
-5.26173008 49.01537647 25.00000000
-1.70592202 65.47022646 25.00000000
2.14214127 57.97687942 25.00000000
13.20729041 80.22477443 25.00000000
19.58066653 81.89203982 25.00000000
5.55345402 35.37936501 25.00000000
13.27647260 37.55162190 25.00000000
28.45611964 39.06775824 25.00000000
14.02941451 72.01480134 25.00000000
-30.15996921 33.43835455 25.00000000
0.94398489 33.46943546 25.00000000
-32.65999475 34.92131715 25.00000000
8.89098290 42.45444209 25.00000000
17.00627649 39.67498125 25.00000000
-4.49267098 33.24602545 25.00000000
10.22044139 49.31404466 25.00000000
-4.11194082 70.33572909 25.00000000
7.48416999 46.48597228 25.00000000
-8.46504421 70.60458729 25.00000000
-23.71257424 72.85244236 25.00000000
-26.47682009 54.85030069 25.00000000
-20.07356778 33.58550072 25.00000000
-29.06484765 40.93448577 25.00000000
-8.34718444 44.75970169 25.00000000
9.38296703 44.56029689 25.00000000
0.50209228 60.06132929 25.00000000
2.81770659 76.06326234 25.00000000
-14.99195514 67.48988758 25.00000000
12.60951992 71.05860237 25.00000000
0.86894139 44.04696147 25.00000000
3.45855298 58.33433174 25.00000000
3.93011575 49.35841835 25.00000000
-18.67672501 42.56924923 25.00000000
-20.36122090 46.20009959 25.00000000
-21.81576622 40.87701505 25.00000000
-28.60032298 43.47124289 25.00000000
-31.06688012 42.22794674 25.00000000
18.63065916 58.32896547 25.00000000
-7.24421276 42.30885855 25.00000000
-19.01618002 49.80147612 25.00000000
3.49429965 33.25325417 25.00000000
21.85495252 80.74897175 25.00000000
0.55125209 72.33102012 25.00000000
-12.26903040 61.67034276 25.00000000
-23.86189626 36.78928643 25.00000000
-30.30363689 45.47793651 25.00000000
7.45626487 65.93434775 25.00000000
5.32402694 45.49771373 25.00000000
-8.17258946 51.88639253 25.00000000
-6.21618588 77.59483628 25.00000000
-8.65719777 76.33242853 25.00000000
16.10243597 53.66314833 25.00000000
-1.73120274 59.70246301 25.00000000
13.13471463 39.82924108 25.00000000
-25.18892377 48.97304644 25.00000000
28.55162079 36.39327690 25.00000000
1.19035520 48.71563687 25.00000000
-0.66414336 50.52132594 25.00000000
-21.67111211 81.25834091 25.00000000
9.41091832 53.61380645 25.00000000
15.81406335 72.65075183 25.00000000
-11.22325232 38.13731944 25.00000000
11.93759059 59.29811316 25.00000000
0.15771342 40.86624938 25.00000000
-0.39851471 39.37957773 25.00000000
-12.58197782 33.26086381 25.00000000
-2.66111971 72.55734911 25.00000000
-3.90894140 74.84173288 25.00000000
21.01129784 57.08748629 25.00000000
-29.15801281 50.73601721 25.00000000
-6.60961624 74.52671637 25.00000000
-16.28094513 67.11882741 25.00000000
1.68230347 70.98592320 25.00000000
21.14008276 62.15665499 25.00000000
21.00091357 64.28332958 25.00000000
19.07366822 62.55164512 25.00000000
-13.52471940 78.76632574 25.00000000
22.99271132 64.66765020 25.00000000
5.62205327 75.31757495 25.00000000
-6.31961656 34.93462103 25.00000000
11.02161391 43.91929592 25.00000000
-24.55749424 69.97101228 25.00000000
27.33251394 57.76665700 25.00000000
1.07707326 84.69495893 25.00000000
20.42333559 67.98116890 25.00000000
-3.44526268 77.34710656 25.00000000
-14.46414477 43.99610507 25.00000000
-20.45911521 42.22023983 25.00000000
15.37276905 51.46163486 25.00000000
-5.14225181 36.58267542 25.00000000
23.46172625 33.15047554 25.00000000
1.22695284 34.74878830 25.00000000
1.87021937 73.60534984 25.00000000
9.10946530 78.50383854 25.00000000
-25.50406285 44.59704166 25.00000000
25.56191718 65.44010748 25.00000000
2.83433295 63.53346103 25.00000000
5.49104231 33.19660344 25.00000000
-14.25390475 34.83289653 25.00000000
2.29594768 67.43056140 25.00000000
-23.80204106 58.37946031 25.00000000
-11.11054167 77.11014085 25.00000000
18.64069504 66.08452284 25.00000000
20.67074292 66.07788613 25.00000000
-22.59728482 45.16384685 25.00000000
-13.55581439 71.44979055 25.00000000
-11.21720832 70.46249615 25.00000000
-28.47470092 53.28225859 25.00000000
12.55398737 65.26031807 25.00000000
-16.72938822 35.76086559 25.00000000
19.47481899 79.79397020 25.00000000
7.56556258 44.97620794 25.00000000
3.20273978 72.21583893 25.00000000
5.21148193 73.60593824 25.00000000
3.35151739 66.64802325 25.00000000
5.08948001 66.02114823 25.00000000
4.00388212 68.55609010 25.00000000
-20.30189791 62.09385016 25.00000000
-21.31395001 63.26080830 25.00000000
16.79843506 84.78420772 25.00000000
-22.92114452 41.57973171 25.00000000
5.33733179 82.81560023 25.00000000
-22.46335492 33.18353149 25.00000000
-17.24545734 40.61525262 25.00000000
8.37940953 64.02901191 25.00000000
9.93702633 65.27698782 25.00000000
-24.23343214 39.71148904 25.00000000
6.16149895 54.95817904 25.00000000
14.50421332 80.65183839 25.00000000
-9.22581524 59.50763750 25.00000000
21.50482914 73.68911780 25.00000000
12.29437152 33.21648839 25.00000000
11.67214196 35.74279134 25.00000000
10.16503937 69.43132048 25.00000000
-5.55160099 58.87861103 25.00000000
14.60384320 39.72970407 25.00000000
-12.58865355 49.42020692 25.00000000
11.34799628 56.70475847 25.00000000
24.02934303 43.94816115 25.00000000
23.36370282 49.20917111 25.00000000
-21.65765256 74.08835790 25.00000000
-21.93655107 71.51891496 25.00000000
17.65322104 74.39172905 25.00000000
-11.38352004 56.21298782 25.00000000
-22.10075409 35.03973110 25.00000000
12.71892112 51.74232849 25.00000000
10.29368896 62.71924347 25.00000000
20.96104512 83.06417249 25.00000000
-13.61451508 84.84077259 25.00000000
16.91482538 77.21392298 25.00000000
-18.91302767 76.85500369 25.00000000
-29.90903141 34.68773794 25.00000000
6.61829260 58.73164706 25.00000000
-15.00729795 52.78032063 25.00000000
-22.34622301 67.27922092 25.00000000
9.07239844 48.68578444 25.00000000
-19.23361018 80.63838237 25.00000000
-8.77608900 35.02179374 25.00000000
-7.49950988 33.14674894 25.00000000
25.48793711 57.39510584 25.00000000
25.00084027 56.22193179 25.00000000
25.96699105 55.29438868 25.00000000
25.97562857 43.20478011 25.00000000
19.18992614 63.91029247 25.00000000
-14.45041393 55.39103152 25.00000000
-15.73664909 73.08953356 25.00000000
-16.63800292 75.20871825 25.00000000
8.80367640 71.54355733 25.00000000
23.32786241 74.92479348 25.00000000
13.76357375 52.66832636 25.00000000
14.16703813 50.05660023 25.00000000
-5.66969880 82.72089364 25.00000000
-17.05207217 82.33666078 25.00000000
18.13078926 48.48370737 25.00000000
24.32520469 70.79546615 25.00000000
-25.90708016 50.02444913 25.00000000
-18.61068040 63.88392547 25.00000000
-15.35202333 46.37893339 25.00000000
-16.25095612 41.70803822 25.00000000
-24.33265647 53.71492772 25.00000000
15.33042609 78.70122575 25.00000000
-7.22913327 72.42162381 25.00000000
-16.46056644 65.52325730 25.00000000
-4.47068573 38.59112645 25.00000000
7.48778497 33.11831255 25.00000000
-22.51004059 78.63222514 25.00000000
26.76396913 35.20818644 25.00000000
28.38737752 33.21700002 25.00000000
29.02180078 34.95553571 25.00000000
-1.61459735 58.45155039 25.00000000
-3.58251820 56.92862952 25.00000000
8.86636329 59.40275888 25.00000000
-0.82798081 33.19086572 25.00000000
4.07133851 76.00748288 25.00000000
-26.55134228 52.47282869 25.00000000
-3.40499776 54.46057367 25.00000000
5.39349668 63.54923364 25.00000000
-19.29615178 60.04478916 25.00000000
-19.13557948 57.60311198 25.00000000
-20.72169909 58.95831842 25.00000000
-6.04740392 53.61095237 25.00000000
-7.38379924 55.18257091 25.00000000
-5.00074548 55.29466590 25.00000000
-11.23462631 41.92188191 25.00000000
-27.03661283 59.37948962 25.00000000
21.38204252 38.66905587 25.00000000
-7.28437530 35.74198133 25.00000000
16.97225295 36.40727801 25.00000000
15.72188431 35.02161750 25.00000000
-7.02683576 66.90851779 25.00000000
-7.49821395 64.68458806 25.00000000
22.60689222 35.55212394 25.00000000
24.29407442 34.85045907 25.00000000
-3.50219510 83.34411284 25.00000000
-24.33582708 63.02076248 25.00000000
24.10907783 64.04807984 25.00000000
-21.77205006 60.41843904 25.00000000
3.05995032 47.90496254 25.00000000
2.98150544 45.62938511 25.00000000
1.25144938 46.17083420 25.00000000
6.76375854 43.41116636 25.00000000
-12.39520934 60.41992902 25.00000000
-10.95302680 49.14616578 25.00000000
17.72769026 51.74802433 25.00000000
9.28214282 73.63439292 25.00000000
16.95017308 33.26705359 25.00000000
27.74981095 48.71243866 25.00000000
19.06278977 40.24846077 25.00000000
26.80993322 60.02080481 25.00000000
30.34118821 34.79456260 25.00000000
17.30942880 80.24380815 25.00000000
5.34014708 84.84310107 25.00000000
13.28129997 55.00560532 25.00000000
13.36888107 56.67279871 25.00000000
12.66123077 69.81640374 25.00000000
-10.19012422 45.43295890 25.00000000
-9.68372519 47.02488023 25.00000000
3.30225678 34.96705752 25.00000000
15.63570339 62.39817975 25.00000000
21.38747953 49.95932516 25.00000000
11.97362097 48.33107829 25.00000000
-18.82347844 51.44229839 25.00000000
-9.89914189 72.20008680 25.00000000
3.16208437 74.75073000 25.00000000
-25.15250026 38.66218685 25.00000000
-1.80088707 74.45156199 25.00000000
-3.39291303 47.23935313 25.00000000
15.44071305 41.52422039 25.00000000
-24.94238717 42.10473565 25.00000000
11.47020274 84.96793847 25.00000000
2.87866502 64.75811863 25.00000000
14.80479037 66.39114500 25.00000000
-32.34225084 37.38917672 25.00000000
-1.23510493 35.22987326 25.00000000
-16.88241137 69.26456947 25.00000000
-15.12273551 69.47424239 25.00000000
13.29796818 34.83965694 25.00000000
-5.16810780 70.95333416 25.00000000
10.70440175 76.53624862 25.00000000
-16.07243960 84.56027640 25.00000000
1.51980214 49.96044933 25.00000000
19.07823077 38.26522343 25.00000000
-0.91569365 45.03211041 25.00000000
-2.60943947 43.59943807 25.00000000
-3.06203548 36.63295523 25.00000000
31.01221323 42.81131770 25.00000000
6.69577929 36.94361872 25.00000000
-9.15289716 41.82707276 25.00000000
-18.69460903 74.87689242 25.00000000
20.20172834 80.85723401 25.00000000
22.18375216 59.33333126 25.00000000
-23.38913667 70.27022859 25.00000000
-13.41660215 57.71292199 25.00000000
-15.29912170 58.38452907 25.00000000
-14.46249905 60.09060439 25.00000000
-5.84365047 45.22807434 25.00000000
-4.93929591 51.18370871 25.00000000
-19.81283225 37.98217306 25.00000000
-3.56158854 60.73151046 25.00000000
-22.79814998 38.95105710 25.00000000
-17.20191620 56.83629091 25.00000000
25.49874186 38.14884255 25.00000000
21.30350101 41.21262443 25.00000000
-20.92623767 50.20956902 25.00000000
-20.40097862 51.92858213 25.00000000
10.63546820 74.12370568 25.00000000
11.50687930 72.58278203 25.00000000
10.15245596 71.77229466 25.00000000
-18.15317336 45.57152268 25.00000000
4.87263155 60.45532907 25.00000000
18.63666655 43.84511067 25.00000000
-23.39468990 67.88382695 25.00000000
16.09072283 58.09870820 25.00000000
16.29482087 59.31358533 25.00000000
-17.76992161 80.16730009 25.00000000
-5.17653598 42.97725694 25.00000000
-17.43765438 38.05682141 25.00000000
-13.33701597 59.67876497 25.00000000
-14.41292811 74.79312044 25.00000000
-15.77531729 80.22053196 25.00000000
28.35106570 46.39240805 25.00000000
26.57361468 46.88516679 25.00000000
-13.35259173 69.74424838 25.00000000
-0.68591794 60.32600022 25.00000000
4.63782800 42.71277619 25.00000000
-20.50184617 73.36796478 25.00000000
-32.07140054 38.69232405 25.00000000
3.05907757 83.45381723 25.00000000
-28.10665202 48.58860314 25.00000000
-27.11315286 50.23923446 25.00000000
-24.46009758 33.05687008 25.00000000
-10.69823940 63.66815534 25.00000000
11.24128629 52.42684644 25.00000000
9.02481875 77.27853735 25.00000000
11.58401531 83.05804616 25.00000000
13.03078763 82.74778030 25.00000000
-8.37331860 54.13155228 25.00000000
1.32873176 77.99910937 25.00000000
30.72902843 33.19192117 25.00000000
-25.95415283 57.27258336 25.00000000
6.60961039 68.13251721 25.00000000
-7.51806051 40.21125617 25.00000000
-8.73285690 64.97322922 25.00000000
-22.84378691 62.16088739 25.00000000
-31.81698744 33.11279611 25.00000000
-30.96059776 35.39301351 25.00000000
-23.49289576 52.82834036 25.00000000
3.72733791 84.86280029 25.00000000
1.01940902 61.92781169 25.00000000
16.96865737 40.86303501 25.00000000
0.72472133 66.39861918 25.00000000
-13.66407655 46.06749189 25.00000000
-12.97082563 47.74278203 25.00000000
-11.83095435 45.72926421 25.00000000
-13.91105349 42.52928681 25.00000000
23.35449998 37.12050634 25.00000000
-1.63667239 57.18591073 25.00000000
-2.29595829 39.79031195 25.00000000
-3.19003755 41.95784788 25.00000000
-3.91322620 40.37864799 25.00000000
0.26916868 43.04015301 25.00000000
5.61306160 47.74540415 25.00000000
-30.85643685 36.69203861 25.00000000
-30.23562601 38.67163592 25.00000000
-21.58354060 48.35692119 25.00000000
-24.04532991 65.60401632 25.00000000
-31.61296232 40.78227078 25.00000000
29.51715039 49.80524261 25.00000000
1.12975118 65.29575324 25.00000000
-5.41774819 76.61289773 25.00000000
14.13415189 69.37072648 25.00000000
-13.48735079 76.28872670 25.00000000
20.45802864 70.50561569 25.00000000
29.28402496 42.80192132 25.00000000
-4.83549146 80.63104131 25.00000000
-20.62626913 65.36079666 25.00000000
-19.94695967 66.54230438 25.00000000
-18.14511295 65.34121650 25.00000000
-0.43008692 55.12848982 25.00000000
0.80149071 54.56128267 25.00000000
4.17965725 70.76113812 25.00000000
20.67603541 74.58258318 25.00000000
-19.85636317 78.90719211 25.00000000
20.48521958 58.97763216 25.00000000
18.76532515 60.40821484 25.00000000
-4.64725021 84.95894269 25.00000000
1.68364129 47.65650919 25.00000000
27.16121044 53.05754384 25.00000000
26.33936447 50.74037025 25.00000000
25.51448185 52.05863175 25.00000000
27.71481226 56.65671789 25.00000000
-17.01034234 49.85227321 25.00000000
-16.80200038 48.70302547 25.00000000
7.17278237 72.77321127 25.00000000
25.57630582 49.86146024 25.00000000
-5.29576878 40.90544638 25.00000000
26.60677281 39.74372416 25.00000000
25.19865398 41.59418402 25.00000000
0.70265633 80.73869704 25.00000000
20.88637081 78.67421026 25.00000000
-10.16759287 79.36987612 25.00000000
-2.99450591 33.11590141 25.00000000
2.44255626 41.98382402 25.00000000
2.66333155 43.62695036 25.00000000
3.87494588 37.37771221 25.00000000
-9.41664055 37.01145121 25.00000000
24.00470821 50.67625467 25.00000000
13.10619870 60.61218152 25.00000000
3.65286389 69.66615667 25.00000000
-6.04475391 39.32419791 25.00000000
20.35564257 43.45311002 25.00000000
-3.76101691 58.55030719 25.00000000
6.10741515 81.13740497 25.00000000
0.94892381 83.24729255 25.00000000
-0.04083905 84.97215739 25.00000000
-28.11339139 33.10952814 25.00000000
-12.43022311 82.76265672 25.00000000
-17.64251035 33.03947562 25.00000000
13.37342580 62.88864069 25.00000000
-7.14033799 47.37250122 25.00000000
-6.80297800 37.98998613 25.00000000
-18.70181259 43.73102727 25.00000000
-20.43897305 44.39972778 25.00000000
-7.61300575 68.63475609 25.00000000
7.82311457 69.29543238 25.00000000
-27.67939986 57.08829626 25.00000000
-27.95672649 55.79786300 25.00000000
22.54475902 71.42079908 25.00000000
-12.60513806 66.64573889 25.00000000
-11.01023151 67.45897985 25.00000000
-13.11496612 68.34075615 25.00000000
25.10744633 68.06152529 25.00000000
-0.66002004 64.38955310 25.00000000
-15.96650830 78.59338787 25.00000000
-5.54704012 62.50945967 25.00000000
-9.95677853 52.64163071 25.00000000
16.78603050 67.67474647 25.00000000
16.80668465 66.05158491 25.00000000
-19.43395961 41.71060853 25.00000000
15.23478467 64.36362638 25.00000000
16.86955672 64.40545513 25.00000000
6.21249434 70.40311473 25.00000000
9.60101467 34.54403284 25.00000000
15.55704744 67.91928693 25.00000000
15.66064090 70.16300801 25.00000000
6.30979972 79.93818853 25.00000000
8.24795415 80.30916830 25.00000000
7.57623386 81.79944687 25.00000000
-8.49163805 61.39138972 25.00000000
26.78652265 40.90095425 25.00000000
23.10141302 57.63553246 25.00000000
-3.44740336 51.92984719 25.00000000
12.66733107 41.46173733 25.00000000
14.00251011 77.92111187 25.00000000
30.04053800 47.89693798 25.00000000
11.08952830 78.30508628 25.00000000
-0.84911489 70.89946129 25.00000000
-4.65875262 50.01817214 25.00000000
-28.19671736 37.90506804 25.00000000
14.37690308 48.61842577 25.00000000
16.30259664 48.97768970 25.00000000
18.08515811 34.89824888 25.00000000
9.23323731 35.80040700 25.00000000
-29.53312576 49.62052308 25.00000000
-20.76558042 68.58578316 25.00000000
-19.74640776 68.01093083 25.00000000
4.42199991 53.23772447 25.00000000
-7.56674885 48.58487267 25.00000000
-10.48289896 32.97169474 25.00000000
1.20685184 37.18226270 25.00000000
-25.76147510 53.95704556 25.00000000
15.30585458 61.23766864 25.00000000
17.17134794 61.13130176 25.00000000
20.04743784 48.12495945 25.00000000
19.99944005 46.92353310 25.00000000
18.17637151 46.56991780 25.00000000
12.60671480 84.93759581 25.00000000
-14.77258556 40.70877322 25.00000000
-19.05746313 82.61725843 25.00000000
2.38450299 56.16497915 25.00000000
-0.12112028 76.74002858 25.00000000
-19.32112988 40.37709547 25.00000000
31.43482961 41.76665865 25.00000000
30.15250943 40.58081089 25.00000000
15.72346075 55.98456683 25.00000000
27.75786483 38.17965158 25.00000000
22.80148216 77.72599449 25.00000000
4.47883731 64.39682393 25.00000000
-10.69537881 51.55983145 25.00000000
-9.45708211 50.06952780 25.00000000
11.72219832 66.60698655 25.00000000
27.78856558 51.50801741 25.00000000
-3.74456586 72.91104582 25.00000000
18.77365544 64.96162423 25.00000000
-18.30861993 34.76893274 25.00000000
-16.28437750 34.60135676 25.00000000
4.42549225 35.58677803 25.00000000
-16.66859132 73.70914845 25.00000000
16.10937886 47.26338638 25.00000000
-10.57323924 43.59587883 25.00000000
-23.62868771 35.37731051 25.00000000
-24.59979459 34.63758813 25.00000000
-25.69192346 35.06080200 25.00000000
-18.14417554 47.83082379 25.00000000
-19.00485132 48.57876115 25.00000000
14.47638428 32.97480895 25.00000000
-6.88829117 85.00036722 25.00000000
-9.73945687 69.71929340 25.00000000
-9.87448590 68.60736993 25.00000000
-12.07430480 55.29906773 25.00000000
-13.15330816 56.30518771 25.00000000
8.38415234 75.83540393 25.00000000
9.72886193 75.09274904 25.00000000
7.54991525 74.50959640 25.00000000
9.54424769 82.19541730 25.00000000
15.07812295 43.71421217 25.00000000
29.11272244 51.74208684 25.00000000
-2.70303801 67.62379710 25.00000000
9.32285045 38.69124026 25.00000000
11.53691109 39.42953419 25.00000000
10.66975213 37.83665582 25.00000000
23.85541775 66.38650597 25.00000000
31.87027846 33.08025267 25.00000000
-15.93304994 82.28200265 25.00000000
-11.64772182 50.01802372 25.00000000
22.30604284 43.80659822 25.00000000
-2.81571654 75.01138321 25.00000000
-1.58136426 75.89274293 25.00000000
9.57028693 84.99255766 25.00000000
7.37382583 84.98168369 25.00000000
24.42719286 45.02976353 25.00000000
6.70369128 45.68681992 25.00000000
1.24084843 63.24566645 25.00000000
18.05033110 50.32030250 25.00000000
19.91649001 51.67550430 25.00000000
19.96392750 50.47922251 25.00000000
-26.86913535 60.82676611 25.00000000
-24.73640838 60.64519796 25.00000000
-25.05637848 59.40719300 25.00000000
-0.81372226 68.03817984 25.00000000
-15.78079942 63.31046998 25.00000000
-28.51926697 39.97763382 25.00000000
-1.09568488 61.35116450 25.00000000
16.49017675 68.77334476 25.00000000
24.39820645 40.15676449 25.00000000
-5.57639438 78.55748535 25.00000000
-6.13797527 80.70136139 25.00000000
21.38216199 63.25082269 25.00000000
-12.73029641 40.62977169 25.00000000
-14.41569037 39.20062215 25.00000000
-26.11875921 58.77272907 25.00000000
-22.56941051 69.52688607 25.00000000
-23.33380389 75.20660703 25.00000000
15.01723820 53.83463147 25.00000000
6.84130637 76.60393337 25.00000000
24.07459919 72.90596673 25.00000000
3.25656573 62.43458549 25.00000000
4.37584501 61.98885210 25.00000000
5.01043919 49.02736980 25.00000000
4.80649872 51.58263169 25.00000000
5.09080540 50.27317144 25.00000000
-2.25089353 52.50771138 25.00000000
15.34540871 37.75817517 25.00000000
32.29499501 38.05043297 25.00000000
-10.33237586 65.53052756 25.00000000
21.16786719 52.28540313 25.00000000
22.38820660 51.40549890 25.00000000
-15.07636993 50.60674119 25.00000000
-2.36056692 77.20513980 25.00000000
19.29572103 33.96852524 25.00000000
-12.12490302 44.13612485 25.00000000
6.35645330 60.77905042 25.00000000
17.65841125 52.90932438 25.00000000
17.12179470 54.17891938 25.00000000
19.23560744 53.46140324 25.00000000
30.44234925 36.96890851 25.00000000
18.62409736 67.38889548 25.00000000
-18.50021477 39.60910512 25.00000000
-10.39967112 74.66457157 25.00000000
0.71067852 42.01800778 25.00000000
3.99460124 41.82781642 25.00000000
-19.25093911 62.37539383 25.00000000
-18.32926813 85.04207142 25.00000000
-16.47312694 32.92363046 25.00000000
10.82430468 60.73799468 25.00000000
-20.47449834 64.24280665 25.00000000
1.33787592 68.62427886 25.00000000
2.41854741 32.96649817 25.00000000
-22.47910419 54.85970675 25.00000000
-22.05093266 53.47968922 25.00000000
14.65702512 34.05943189 25.00000000
2.64297032 81.95109933 25.00000000
-21.88999738 46.23595510 25.00000000
-23.63995112 45.46265839 25.00000000
-24.03252865 46.93435033 25.00000000
0.43955138 64.43839282 25.00000000
27.40171097 50.48658083 25.00000000
12.49967522 74.80445640 25.00000000
-23.86384146 48.37699507 25.00000000
9.25441486 43.47993238 25.00000000
-13.58478557 37.18045622 25.00000000
2.50294824 35.74302933 25.00000000
-4.88766866 67.14878029 25.00000000
-4.58405111 56.44144208 25.00000000
-25.62280369 46.56857747 25.00000000
-9.60124125 63.38096601 25.00000000
-18.84971704 83.90141047 25.00000000
-26.85139705 39.16418873 25.00000000
27.14364764 42.94986557 25.00000000
-14.26834357 54.32155244 25.00000000
-1.38681190 41.57499233 25.00000000
-27.71066515 34.33861663 25.00000000
23.48348074 54.69315859 25.00000000
20.29856796 42.10004550 25.00000000
19.17865488 41.67917567 25.00000000
-17.74544060 78.93307329 25.00000000
17.39432839 38.66015944 25.00000000
-28.08084701 50.83438858 25.00000000
14.83324075 71.23997911 25.00000000
-15.36044543 59.47276944 25.00000000
-26.51996138 44.11687061 25.00000000
-21.30861002 38.02660255 25.00000000
-21.79067370 36.88901219 25.00000000
25.73665563 60.16440830 25.00000000
-14.60912935 49.24874441 25.00000000
-22.66271138 72.42632817 25.00000000
-24.38655205 71.12586707 25.00000000
19.19126922 46.21383381 25.00000000
-6.74989939 82.86300176 25.00000000
22.43274091 39.19368336 25.00000000
-10.26636925 83.06089802 25.00000000
-11.28183882 82.17468993 25.00000000
1.67381762 79.03014726 25.00000000
8.79687380 67.93413668 25.00000000
19.46824093 32.89837052 25.00000000
6.46612915 65.50489642 25.00000000
-25.82839176 40.77860886 25.00000000
-2.48197868 85.10303047 25.00000000
-25.41557466 51.78226899 25.00000000
22.22811104 62.31054722 25.00000000
25.45846891 32.89119099 25.00000000
28.84548990 40.07273217 25.00000000
-1.22431496 49.19439612 25.00000000
4.45930567 44.85395267 25.00000000
5.56028803 57.22645341 25.00000000
16.40435786 37.61938866 25.00000000
-3.75400436 61.78283736 25.00000000
27.90559571 41.33605098 25.00000000
13.22295882 44.81336394 25.00000000
-14.97589370 43.02022333 25.00000000
23.33807401 68.74854870 25.00000000
-18.81911201 68.66164643 25.00000000
-2.82907873 79.27867216 25.00000000
0.29478754 74.75160428 25.00000000
-24.43738170 52.33796454 25.00000000
-5.63380606 47.48740956 25.00000000
7.65528825 34.20638142 25.00000000
5.54944006 34.31501657 25.00000000
-1.12098676 42.91685241 25.00000000
21.38321686 45.28580646 25.00000000
-3.04580797 70.17630186 25.00000000
-20.92152182 61.20660869 25.00000000
-5.05392624 46.59169331 25.00000000
-16.34657683 38.11193452 25.00000000
-0.72266384 52.82228472 25.00000000
-18.97535951 78.31845469 25.00000000
23.90623751 38.54558180 25.00000000
-11.77900713 51.40641336 25.00000000
-18.20888077 73.45901467 25.00000000
-19.99958006 56.94980740 25.00000000
-25.49262574 67.14455382 25.00000000
18.99704171 55.26747157 25.00000000
27.40407669 58.82890660 25.00000000
22.51072728 79.64932513 25.00000000
9.40511141 47.68253515 25.00000000
4.79964946 47.06165916 25.00000000
-9.59697792 55.55783481 25.00000000
-0.67081775 38.35807973 25.00000000
0.46871756 38.77499912 25.00000000
12.49578503 46.18130844 25.00000000
-16.59000330 61.28132961 25.00000000
-15.66570749 44.89098536 25.00000000
-16.71918668 44.71461414 25.00000000
-16.91092403 43.63118672 25.00000000
-7.09675247 61.07462936 25.00000000
-5.50591613 60.60070758 25.00000000
9.58502490 60.17177957 25.00000000
21.92979677 37.75743378 25.00000000
-16.29932564 39.35170491 25.00000000
19.24729076 77.49883083 25.00000000
24.67214451 36.57460025 25.00000000
-0.23883772 46.56658091 25.00000000
-5.99044537 51.33282170 25.00000000
7.77619905 48.48702639 25.00000000
-8.24584886 83.56963096 25.00000000
-9.50547915 85.12774547 25.00000000
-11.67374135 47.19873788 25.00000000
13.51403384 65.72533028 25.00000000
12.94238988 67.60338308 25.00000000
32.65736830 36.49589634 25.00000000
-8.40629571 38.66559375 25.00000000
-20.48519345 34.55075058 25.00000000
-22.95050032 49.12641784 25.00000000
27.86706431 44.66569268 25.00000000
26.40688740 44.98248573 25.00000000
17.81467199 69.89752869 25.00000000
7.69905694 58.43626239 25.00000000
7.42598424 56.53013021 25.00000000
23.52446546 63.15938824 25.00000000
24.37650522 53.70789564 25.00000000
-12.53173853 71.66933044 25.00000000
-13.66424501 72.49150641 25.00000000
-11.67191579 73.10866209 25.00000000
-22.97342535 77.31229379 25.00000000
-20.89245573 77.61412067 25.00000000
-7.72371825 69.83880590 25.00000000
-12.87042510 35.67142773 25.00000000
27.80032806 35.53417718 25.00000000
26.63866724 37.37159977 25.00000000
8.35391513 61.68265845 25.00000000
2.73015948 80.88369189 25.00000000
25.48207360 46.90090933 25.00000000
-17.48243070 54.64727793 25.00000000
30.88494127 44.38083995 25.00000000
-20.96290408 33.00060987 25.00000000
-0.95620621 63.38903231 25.00000000
-17.30702327 67.45365129 25.00000000
14.81560102 45.56165154 25.00000000
16.51844168 44.30746949 25.00000000
16.27370300 45.71244840 25.00000000
-13.52672167 51.32448906 25.00000000
-2.32350522 47.17320374 25.00000000
20.21081349 76.72268149 25.00000000
-11.47020274 85.18046255 25.00000000
-20.99095738 71.96059543 25.00000000
7.39721912 79.70393776 25.00000000
23.97307677 48.36607392 25.00000000
-28.57175768 46.51987689 25.00000000
-15.97039757 42.71100441 25.00000000
15.50256881 73.78597801 25.00000000
-2.69235002 64.77319619 25.00000000
-24.60998622 68.93360560 25.00000000
-17.26120324 63.21820437 25.00000000
-7.01902783 41.26779746 25.00000000
9.44672797 41.56400736 25.00000000
-29.16427345 33.10220477 25.00000000
0.07762720 62.35963726 25.00000000
-8.55875777 34.00958087 25.00000000
-8.60107395 32.93770430 25.00000000
-7.01684317 58.93249124 25.00000000
-1.59851147 43.83971734 25.00000000
-14.06749093 79.64595893 25.00000000
-1.20407973 54.40752186 25.00000000
-20.59232633 48.05970077 25.00000000
-11.90608438 58.14481495 25.00000000
16.95602956 55.95216751 25.00000000
21.86124769 82.54431430 25.00000000
14.05865734 58.72603718 25.00000000
-14.37612705 78.18692193 25.00000000
-18.05901802 55.88708581 25.00000000
-16.25435537 54.96210405 25.00000000
-18.98527209 46.24964153 25.00000000
20.91606483 54.67055857 25.00000000
21.70119922 69.70371417 25.00000000
-6.61323352 62.54865223 25.00000000
5.27398753 62.51513781 25.00000000
-20.12782711 53.40935858 25.00000000
-19.07511820 53.57844448 25.00000000
-23.94052671 73.85497363 25.00000000
12.52802320 57.26740321 25.00000000
9.39037635 72.51908974 25.00000000
-19.53046382 55.48788236 25.00000000
-30.05732420 47.66815988 25.00000000
19.57730128 71.06003122 25.00000000
-14.25075501 64.19170538 25.00000000
-5.46533137 32.86666673 25.00000000
-9.56446398 84.08203032 25.00000000
-20.54136335 69.86959858 25.00000000
-19.43685650 70.18195089 25.00000000
4.24065685 54.29933979 25.00000000
-6.10801081 70.48092464 25.00000000
-5.88240713 68.86658986 25.00000000
-4.45223018 69.20026018 25.00000000
3.15085493 67.99189929 25.00000000
-17.02902071 51.93835141 25.00000000
-17.20004342 53.14039939 25.00000000
-15.72150012 53.52002291 25.00000000
-22.66207038 66.30673275 25.00000000
-21.78439334 76.46347386 25.00000000
23.30479953 41.94123872 25.00000000
10.82807717 50.13810203 25.00000000
-27.09729614 37.32597054 25.00000000
-28.92353498 36.40680803 25.00000000
-27.54963253 35.82159971 25.00000000
4.18442306 73.77505361 25.00000000
-16.70568274 59.98736705 25.00000000
-18.59222745 59.30781980 25.00000000
33.40231928 34.46636906 25.00000000
-15.83183400 36.39780924 25.00000000
-17.73980993 36.94875927 25.00000000
-22.79850929 59.88354525 25.00000000
-23.88903561 50.66407279 25.00000000
-7.28067285 52.52540799 25.00000000
-20.38868394 85.20369885 25.00000000
-3.01596835 50.02755544 25.00000000
3.39917602 46.91293248 25.00000000
29.46058627 44.54033688 25.00000000
23.06622711 45.79963079 25.00000000
19.03159987 57.27716278 25.00000000
-12.18861410 42.31498247 25.00000000
12.17385941 63.16289848 25.00000000
13.74309645 64.40103651 25.00000000
-11.13303024 34.86857921 25.00000000
-11.46808311 60.00712037 25.00000000
-24.39006475 57.52061223 25.00000000
-23.08317284 56.04841384 25.00000000
22.03379752 64.28380934 25.00000000
7.50134543 37.57377573 25.00000000
-5.89312789 35.87451889 25.00000000
-0.18023906 70.08319410 25.00000000
5.51382685 83.83239724 25.00000000
1.34149055 52.59732353 25.00000000
7.55631988 83.86877509 25.00000000
6.30014492 85.16210705 25.00000000
-18.44243280 60.59321740 25.00000000
-9.02471826 68.06214885 25.00000000
-21.64665290 83.50976614 25.00000000
-0.51544303 72.54603167 25.00000000
7.75337123 71.94865632 25.00000000
-20.63003652 75.57700541 25.00000000
-7.93511667 62.97783113 25.00000000
-4.66636996 64.37264092 25.00000000
-22.81137704 58.62500887 25.00000000
-18.32340800 38.59032114 25.00000000
-13.83333936 41.09599173 25.00000000
7.29987893 70.17319574 25.00000000
14.29514667 82.33021891 25.00000000
13.49487781 83.64179985 25.00000000
15.51768389 83.56351065 25.00000000
-1.33306019 83.57641785 25.00000000
27.41872512 33.51969927 25.00000000
21.28168726 68.52502233 25.00000000
11.30819087 68.61060600 25.00000000
-6.09613336 83.65595041 25.00000000
-6.75763979 65.93448979 25.00000000
18.45206527 85.19537039 25.00000000
20.52478006 39.90142776 25.00000000
-17.44823321 58.82259253 25.00000000
-22.99319966 64.29009421 25.00000000
28.42791056 49.52266445 25.00000000
-18.02049188 50.11239520 25.00000000
-15.01257877 71.18795846 25.00000000
-27.14796629 41.65671606 25.00000000
5.56944484 67.35181368 25.00000000
-21.12020850 40.11646352 25.00000000
-12.23642752 64.18857404 25.00000000
6.73878932 39.93460716 25.00000000
20.29100159 85.17469040 25.00000000
-23.44475919 32.85272512 25.00000000
1.44598829 59.72568209 25.00000000
-18.57028049 75.91587687 25.00000000
-8.09417447 78.46482930 25.00000000
-25.81581691 47.99868816 25.00000000
-27.25392832 48.06730795 25.00000000
-27.37478400 49.26923196 25.00000000
7.64808111 38.56301724 25.00000000
6.47768379 32.85829790 25.00000000
-2.85000885 81.20104184 25.00000000
4.49830602 33.42354425 25.00000000
-12.83349699 58.53096500 25.00000000
2.32985234 69.80204549 25.00000000
3.08540295 51.57828385 25.00000000
21.55680659 76.39474057 25.00000000
-5.09729605 53.19450825 25.00000000
-4.09873084 53.24655271 25.00000000
-3.58757358 48.24029345 25.00000000
-24.50331775 55.72315096 25.00000000
3.75499127 56.20625815 25.00000000
-0.97516859 79.88638040 25.00000000
6.32409742 64.09483391 25.00000000
6.23683110 62.17336643 25.00000000
7.51258971 62.46167797 25.00000000
-7.51765594 36.74376971 25.00000000
-9.35447393 35.85402040 25.00000000
29.34235902 38.61685698 25.00000000
16.45330207 73.43650101 25.00000000
-1.07398737 66.23886786 25.00000000
-25.25043309 61.52567431 25.00000000
-8.20951475 80.24152659 25.00000000
-7.48412113 81.66106393 25.00000000
-8.72691698 82.22158379 25.00000000
10.60370929 83.21644130 25.00000000
-18.40218293 66.31277849 25.00000000
1.76766353 83.81378185 25.00000000
18.46986960 32.80218998 25.00000000
-19.46824093 32.79638125 25.00000000
-9.94581662 49.18785392 25.00000000
30.36151952 46.30996930 25.00000000
19.43715814 36.07572438 25.00000000
18.46827794 37.46965735 25.00000000
4.72123278 76.79984294 25.00000000
-8.50286914 66.62570934 25.00000000
11.67730770 38.01688896 25.00000000
-29.87153781 36.98844000 25.00000000
-13.76783292 44.75646880 25.00000000
-13.82816191 82.41682940 25.00000000
29.47089858 50.80623083 25.00000000
15.45888720 32.80774676 25.00000000
-32.87158797 36.55151994 25.00000000
2.60998371 60.56688430 25.00000000
-5.72551892 57.90465569 25.00000000
29.42349145 36.92249082 25.00000000
-14.45914395 57.79179212 25.00000000
-15.24195547 56.94109669 25.00000000
7.46132414 63.65352380 25.00000000
26.06407962 34.49527727 25.00000000
29.30746019 32.85795215 25.00000000
0.25918173 48.38555764 25.00000000
-11.01203442 58.62877203 25.00000000
-1.67138096 45.67196977 25.00000000
-9.28103212 43.20151391 25.00000000
-8.24809702 42.22718112 25.00000000
-7.67689326 44.02949725 25.00000000
-21.47040337 58.31688470 25.00000000
-20.06752316 57.98828240 25.00000000
-21.33026278 56.55470350 25.00000000
-2.75354624 63.46890411 25.00000000
8.13136994 66.74431630 25.00000000
-22.21289714 47.17084184 25.00000000
-17.50767418 41.59924802 25.00000000
27.43788647 39.14977497 25.00000000
2.66470100 61.61854903 25.00000000
-9.58386844 39.25072838 25.00000000
15.17402112 35.84462628 25.00000000
18.05416027 59.13245585 25.00000000
0.18008540 58.30354929 25.00000000
-20.46271827 38.76245032 25.00000000
19.74803294 60.35958024 25.00000000
-11.67855636 32.87218327 25.00000000
13.85130255 66.77477614 25.00000000
-13.75435432 80.90089171 25.00000000
-12.34933904 79.29414938 25.00000000
-12.00991778 80.25236573 25.00000000
14.87951085 40.67249693 25.00000000
14.26605921 41.84486548 25.00000000
-23.95947383 41.57081651 25.00000000
-23.59329472 43.62563098 25.00000000
-22.72898568 42.80410980 25.00000000
-9.80371083 77.31980976 25.00000000
-11.32326920 78.07989072 25.00000000
-9.38759932 78.56380373 25.00000000
-15.17893671 39.81630846 25.00000000
-3.97460419 66.23572757 25.00000000
-3.51359264 68.18071243 25.00000000
12.54036701 77.79605392 25.00000000
13.39994999 76.08056474 25.00000000
-6.16786859 49.39288858 25.00000000
-4.28482451 79.81863097 25.00000000
16.98989660 42.87021399 25.00000000
2.52630491 71.49730718 25.00000000
-11.39660996 68.36544728 25.00000000
7.05451682 83.02949035 25.00000000
27.90335599 37.17476327 25.00000000
0.52092276 50.06762115 25.00000000
-0.17593842 51.36993993 25.00000000
1.74188497 51.35126718 25.00000000
11.53615109 43.06973293 25.00000000
15.10124702 57.89180490 25.00000000
15.43574925 59.87053834 25.00000000
-3.55930659 38.23892100 25.00000000
19.13896509 48.57067053 25.00000000
-1.53939466 50.95451773 25.00000000
-2.19747171 49.11927039 25.00000000
11.23614351 32.98846285 25.00000000
2.54288539 54.63326048 25.00000000
3.06103774 52.92400890 25.00000000
13.24877726 78.60548814 25.00000000
22.35427120 53.50443450 25.00000000
11.03916579 40.28744169 25.00000000
10.65501980 70.28407452 25.00000000
12.56445581 58.54886902 25.00000000
6.77980722 50.19359363 25.00000000
8.16611179 50.56395293 25.00000000
7.73030961 51.90924825 25.00000000
17.24187292 82.39397221 25.00000000
17.76702146 83.23767633 25.00000000
22.12780545 47.92573743 25.00000000
21.09911900 48.63337371 25.00000000
20.93927845 46.62471103 25.00000000
17.01294927 75.12355733 25.00000000
18.21982532 76.64000010 25.00000000
18.47351798 75.00858878 25.00000000
-2.61366178 84.11050658 25.00000000
-9.41567319 81.37773390 25.00000000
21.74820672 66.34065093 25.00000000
22.52837012 67.40025583 25.00000000
25.87737392 39.06812955 25.00000000
-24.91570130 63.82151438 25.00000000
8.26909558 73.78117979 25.00000000
-9.83571098 61.75628765 25.00000000
17.98519254 44.56454031 25.00000000
29.50172677 45.85305078 25.00000000
-7.73289162 79.38892936 25.00000000
5.70357623 38.62281609 25.00000000
-17.07096452 70.21580286 25.00000000
16.96685131 71.67862239 25.00000000
17.93124183 71.92985796 25.00000000
-24.54506580 66.94243398 25.00000000
1.41140031 56.12870813 25.00000000
18.73549703 83.23815230 25.00000000
15.20063184 49.20084674 25.00000000
16.49095787 49.96625411 25.00000000
-4.28249037 82.73479709 25.00000000
-11.40834715 84.21511156 25.00000000
9.89818585 79.07910265 25.00000000
19.98976859 37.93911739 25.00000000
-29.21308205 51.78768482 25.00000000
5.80840945 40.71542744 25.00000000
23.27661530 52.65183068 25.00000000
-27.51828463 52.65107508 25.00000000
-27.31576323 51.43837456 25.00000000
25.59687347 48.87630180 25.00000000
11.02566367 81.26172142 25.00000000
11.78620082 79.63786861 25.00000000
12.69803602 81.05163754 25.00000000
18.41374239 69.05178894 25.00000000
19.81943214 69.77093715 25.00000000
11.30873300 41.21672269 25.00000000
-22.55427185 51.36675121 25.00000000
19.20982581 61.26778378 25.00000000
20.17614091 62.21036943 25.00000000
21.14147270 60.95117458 25.00000000
13.46907457 38.86404601 25.00000000
26.20111799 52.78348718 25.00000000
1.25886882 74.34936639 25.00000000
0.10340780 56.79044873 25.00000000
3.15456528 49.94341006 25.00000000
17.82812540 64.31620965 25.00000000
18.12110796 62.41352247 25.00000000
17.00053682 63.22362304 25.00000000
14.86928143 79.74878436 25.00000000
-16.78716012 58.12363142 25.00000000
10.86649364 36.27075808 25.00000000
10.93693166 34.59595671 25.00000000
4.20593592 57.68870931 25.00000000
23.24652186 65.61618807 25.00000000
14.46242954 85.28436674 25.00000000
-11.00743515 76.12487436 25.00000000
11.17101037 58.71812717 25.00000000
15.69477371 75.24704125 25.00000000
20.60900356 67.03758224 25.00000000
33.44543955 32.75593058 25.00000000
-13.42769046 32.79243765 25.00000000
-15.36670154 85.23502115 25.00000000
-33.44543955 32.75497785 25.00000000
-15.40350298 47.35653121 25.00000000
-4.08299557 71.33794095 25.00000000
8.18341266 77.81823346 25.00000000
-20.68122664 81.27051245 25.00000000
-22.57852158 70.79648041 25.00000000
22.04265983 60.28605823 25.00000000
-6.72486124 45.66106233 25.00000000
5.85693871 43.73265374 25.00000000
14.10619215 74.12480521 25.00000000
17.81584130 47.51876838 25.00000000
11.58831495 47.43218519 25.00000000
13.42908996 46.72688991 25.00000000
12.90872165 48.12809211 25.00000000
11.41605341 84.00637439 25.00000000
5.69157430 69.34637646 25.00000000
8.84152777 46.70441144 25.00000000
9.64471225 45.75880663 25.00000000
-15.70927919 75.46603001 25.00000000
-27.63261073 58.63242525 25.00000000
-2.00694197 73.49410687 25.00000000
24.35260967 32.80695740 25.00000000
13.78587984 61.28276983 25.00000000
-21.10481692 41.51567756 25.00000000
18.93784489 78.98718812 25.00000000
-7.54800526 57.34009655 25.00000000
-16.52678725 63.91893355 25.00000000
32.01554965 39.73777577 25.00000000
-9.12192952 48.11742437 25.00000000
-8.74296155 46.85147788 25.00000000
-2.03734041 71.08776182 25.00000000
-1.17043739 69.18780771 25.00000000
-2.41530213 69.34767159 25.00000000
-0.43581078 81.78186942 25.00000000
5.94965849 48.65018031 25.00000000
26.15485986 35.94680329 25.00000000
9.76356960 59.00177606 25.00000000
-25.39580990 32.80214228 25.00000000
-26.33159657 34.22248991 25.00000000
10.52267650 85.16790528 25.00000000
22.42178108 42.32049899 25.00000000
13.55017208 72.83858994 25.00000000
-19.49532462 64.30883139 25.00000000
23.33230398 56.71373947 25.00000000
10.14852878 39.93854822 25.00000000
26.76653904 48.60439099 25.00000000
12.01530402 64.47782302 25.00000000
14.89938064 72.39552000 25.00000000
-22.18502539 39.67482524 25.00000000
-23.85270706 40.58173021 25.00000000
-13.25358058 54.12186647 25.00000000
-14.12840075 52.42125457 25.00000000
19.73128060 65.95499889 25.00000000
-22.31704655 34.11846685 25.00000000
13.85733245 55.81124225 25.00000000
-31.39877689 43.13811667 25.00000000
21.86614111 57.49472753 25.00000000
22.51288403 55.75840550 25.00000000
-26.52553942 62.71670541 25.00000000
-26.25038563 63.86515490 25.00000000
2.62561105 77.31942677 25.00000000
0.80094525 77.17404434 25.00000000
1.87990699 75.95290870 25.00000000
5.83919395 77.88673470 25.00000000
22.22181187 34.69010758 25.00000000
21.73028312 35.90271713 25.00000000
20.40470427 35.16436623 25.00000000
4.94259463 78.76512981 25.00000000
3.96616145 78.05587157 25.00000000
3.02252878 79.13929972 25.00000000
-33.44780476 34.36112047 25.00000000
6.61397679 41.96888222 25.00000000
-19.49376833 44.31207598 25.00000000
-18.59937995 44.73746797 25.00000000
0.30689867 35.12374078 25.00000000
-16.25539589 46.68041112 25.00000000
21.23254525 85.19676643 25.00000000
8.46259850 79.38487272 25.00000000
6.82836969 78.65757214 25.00000000
26.41350502 57.56460026 25.00000000
-20.96907849 49.26886204 25.00000000
-20.03708328 49.89945706 25.00000000
16.58644793 79.52688185 25.00000000
13.16010539 53.39244717 25.00000000
11.64425156 53.63658119 25.00000000
20.55603765 44.83981980 25.00000000
-18.00244538 70.51882366 25.00000000
23.69584959 61.18352623 25.00000000
-2.98488584 66.72272497 25.00000000
-0.83895713 77.88890038 25.00000000
28.71039025 47.68610845 25.00000000
29.97758824 48.96675610 25.00000000
-19.83024139 76.64705750 25.00000000
-21.91761309 44.51782247 25.00000000
12.48981495 36.91267330 25.00000000
-20.27054068 47.15553017 25.00000000
4.50424429 36.59107509 25.00000000
-23.83460418 60.92165565 25.00000000
10.74781222 61.89984747 25.00000000
9.43316383 62.26991903 25.00000000
5.69332161 41.65295380 25.00000000
-21.75711254 35.91349365 25.00000000
9.48452763 32.73053735 25.00000000
-6.59751448 55.70294675 25.00000000
-26.45684024 32.72850685 25.00000000
0.08053010 67.75739609 25.00000000
19.57473394 45.35076726 25.00000000
7.17543063 66.90810162 25.00000000
10.72915536 47.06228604 25.00000000
16.23802842 61.51255181 25.00000000
-4.96709679 35.54684096 25.00000000
22.46335492 32.72742353 25.00000000
17.29491350 34.19830281 25.00000000
-10.74295695 47.47202022 25.00000000
-13.02570300 73.59970220 25.00000000
16.20649839 35.84129313 25.00000000
-17.44798750 35.15183543 25.00000000
8.47949338 44.79109970 25.00000000
19.25230838 39.18932974 25.00000000
18.13027527 40.15854494 25.00000000
-4.46843172 43.58360410 25.00000000
-6.09243664 44.31809641 25.00000000
-4.89500376 45.13192353 25.00000000
-15.41789411 51.93784562 25.00000000
-2.48106897 58.84217641 25.00000000
-20.75033383 55.04749959 25.00000000
-20.16850527 39.93744131 25.00000000
1.49755699 32.72147974 25.00000000
-11.54254773 62.32333022 25.00000000
-11.62367740 36.72187039 25.00000000
-10.26966214 36.04015314 25.00000000
-10.27764566 37.81929937 25.00000000
3.57540815 64.11976563 25.00000000
13.39898094 43.32193588 25.00000000
-29.02656792 47.47995251 25.00000000
-0.67478495 37.42810300 25.00000000
-1.72975838 37.89414680 25.00000000
-1.75549368 36.04808775 25.00000000
1.57516235 80.40706960 25.00000000
0.59561227 36.47102996 25.00000000
-24.04135393 71.98595021 25.00000000
10.72298531 80.36399849 25.00000000
-9.23876532 45.03501568 25.00000000
16.92112571 57.67791310 25.00000000
15.50348293 57.05231778 25.00000000
-22.40832013 80.67247832 25.00000000
7.70139662 60.49786269 25.00000000
14.73798151 50.78651149 25.00000000
28.72549981 34.07863719 25.00000000
-17.96931549 43.16568501 25.00000000
-24.99200023 49.87852254 25.00000000
27.00969540 60.94712723 25.00000000
26.72343088 61.95674551 25.00000000
9.83285945 55.88038110 25.00000000
9.91104589 54.41499819 25.00000000
8.33026699 55.09511756 25.00000000
20.09974528 64.07581231 25.00000000
19.34265820 72.76611535 25.00000000
21.11340398 72.84831581 25.00000000
19.55138671 73.87214706 25.00000000
-16.94157475 76.75527922 25.00000000
-14.92215106 32.94830638 25.00000000
4.04087882 81.51973587 25.00000000
4.21654761 66.32363165 25.00000000
2.97635929 65.68472777 25.00000000
23.98216923 58.15106428 25.00000000
23.83328557 59.56125771 25.00000000
22.41026867 58.42329755 25.00000000
1.54551984 66.82463171 25.00000000
6.16805649 53.00634307 25.00000000
7.40132027 53.14658267 25.00000000
7.03387270 54.64893312 25.00000000
24.86662181 69.94085558 25.00000000
15.52742260 39.42952571 25.00000000
-22.29215831 73.41771367 25.00000000
-22.43791122 74.88785396 25.00000000
27.42533270 46.50529613 25.00000000
24.46066030 51.67363652 25.00000000
25.30524861 59.35006382 25.00000000
1.83296432 44.12246084 25.00000000
10.26721437 53.24233388 25.00000000
10.67029265 51.63838132 25.00000000
9.17768669 52.70618601 25.00000000
-3.44503884 45.40532388 25.00000000
5.50762907 37.71866254 25.00000000
-15.56820292 62.37269354 25.00000000
-22.44152720 56.71502309 25.00000000
-18.17575139 56.91490861 25.00000000
-29.57800589 43.33288309 25.00000000
-30.44427721 42.94458347 25.00000000
5.98698329 58.05096212 25.00000000
-14.97879208 73.72418538 25.00000000
-19.65147623 79.81109423 25.00000000
21.27247446 36.69990773 25.00000000
21.75796853 83.53647185 25.00000000
-28.15298765 40.82044643 25.00000000
23.33363116 46.71176251 25.00000000
-8.00533677 49.39229933 25.00000000
11.64753669 55.24432893 25.00000000
20.32613610 56.39715802 25.00000000
19.93302287 55.53591498 25.00000000
1.24226248 72.93555389 25.00000000
14.32672430 46.49368275 25.00000000
22.15981997 81.64558508 25.00000000
23.57958482 75.83801362 25.00000000
-12.17036058 34.08638663 25.00000000
-10.36018834 33.91320800 25.00000000
-16.45045085 56.29748506 25.00000000
2.04825672 65.17022515 25.00000000
25.22909292 62.20161801 25.00000000
-28.79364240 38.63376054 25.00000000
-12.12516226 81.77726582 25.00000000
-15.25861213 83.47786055 25.00000000
2.22304618 57.06554193 25.00000000
-21.33902698 69.33027538 25.00000000
8.54966171 39.17963402 25.00000000
17.12836396 83.91426429 25.00000000
20.86862790 65.18664248 25.00000000
15.97548938 77.06865121 25.00000000
14.76086294 70.32805651 25.00000000
9.96164336 48.42389518 25.00000000
-2.88069222 55.44862609 25.00000000
-2.60871172 54.01555484 25.00000000
-1.74970351 55.65962293 25.00000000
4.08154752 43.45152892 25.00000000
8.03686275 57.49816237 25.00000000
9.58639330 57.65549131 25.00000000
-28.41721043 45.61284106 25.00000000
11.96689476 70.40967522 25.00000000
-14.81366023 34.08427199 25.00000000
10.16613837 43.58649443 25.00000000
-4.64039011 58.80128118 25.00000000
-13.29132049 39.16037896 25.00000000
-10.16370175 66.54653093 25.00000000
-4.88708648 37.78187056 25.00000000
-24.67589836 64.90976963 25.00000000
22.39456659 47.02772892 25.00000000
-0.45194388 74.21965000 25.00000000
6.19385873 71.32626865 25.00000000
10.55451411 64.61144430 25.00000000
9.12256599 63.48179943 25.00000000
9.15038559 64.53627805 25.00000000
17.34826121 78.01459575 25.00000000
15.45482292 54.70700056 25.00000000
24.49099793 71.69272128 25.00000000
19.99080022 68.78560368 25.00000000
-5.45277811 81.29512811 25.00000000
16.73226823 70.79264216 25.00000000
12.18580624 68.98785332 25.00000000
-17.14786609 83.23777524 25.00000000
-17.96654242 82.25060394 25.00000000
-17.22633980 47.88721972 25.00000000
-12.70637686 80.86914044 25.00000000
-16.89691721 78.54881338 25.00000000
20.31903161 82.42137126 25.00000000
24.96268318 64.75974038 25.00000000
-3.65118218 63.24319725 25.00000000
1.68237836 40.30652163 25.00000000
-13.34113148 66.08743175 25.00000000
23.88352354 74.20185045 25.00000000
10.73052168 57.38092384 25.00000000
-7.63437522 71.57497470 25.00000000
-9.10247625 71.27840277 25.00000000
-8.29748178 72.87286806 25.00000000
-20.74582003 83.39527930 25.00000000
-20.24196591 82.60465142 25.00000000
3.25061495 59.90417509 25.00000000
-25.92739458 65.49433145 25.00000000
5.82583294 74.36363384 25.00000000
-9.32254283 75.62124961 25.00000000
-8.63033702 73.99384675 25.00000000
-9.84965574 73.89603726 25.00000000
-4.92237870 79.17962886 25.00000000
21.46498359 32.68886679 25.00000000
14.79082984 44.57607944 25.00000000
-17.99292700 76.88264426 25.00000000
-18.86336978 35.50560188 25.00000000
6.84316315 47.19162391 25.00000000
-9.67429862 53.56571791 25.00000000
-20.29675512 45.29545069 25.00000000
14.47477218 37.48079535 25.00000000
10.55463141 41.78139806 25.00000000
-24.51965994 43.65635424 25.00000000
26.63261175 63.35030674 25.00000000
13.12302828 32.83638115 25.00000000
0.12283088 32.91777817 25.00000000
-10.31528051 41.63548596 25.00000000
21.52580168 43.32524599 25.00000000
9.35710151 69.82802650 25.00000000
9.75779741 68.61905795 25.00000000
31.38722763 37.97079549 25.00000000
30.52953072 38.98486132 25.00000000
-12.15085816 38.08693058 25.00000000
-11.54487394 39.67705565 25.00000000
18.68998972 70.84036375 25.00000000
15.22704481 76.55192956 25.00000000
-0.10092029 44.64507684 25.00000000
-14.36705976 83.33111833 25.00000000
-14.45145270 85.21191887 25.00000000
15.75843073 42.36709403 25.00000000
17.41756715 41.65127514 25.00000000
-5.74144071 67.46059633 25.00000000
-16.67816492 85.24904731 25.00000000
26.88405847 55.15683021 25.00000000
24.99286317 46.13689987 25.00000000
22.67754807 75.61026141 25.00000000
-18.10698224 71.62010164 25.00000000
-0.22772907 79.36130190 25.00000000
-15.85734180 48.79187296 25.00000000
20.22249702 77.65333578 25.00000000
-22.97058235 37.07741646 25.00000000
9.31080972 65.97198534 25.00000000
-18.65674101 58.38943573 25.00000000
-13.85445175 67.81867558 25.00000000
-14.61247703 66.66285578 25.00000000
-10.67742885 40.33684965 25.00000000
-8.93191653 40.95717381 25.00000000
23.17681817 72.70373544 25.00000000
14.58577641 68.54359125 25.00000000
-6.86784366 73.64975470 25.00000000
-5.47013861 74.00280199 25.00000000
-5.19937011 72.89556730 25.00000000
-21.28371893 85.29001061 25.00000000
-18.59988905 36.70544882 25.00000000
-11.81108531 71.13495807 25.00000000
-15.52301265 41.19177393 25.00000000
-3.52064881 72.03991701 25.00000000
-30.51821478 46.38882976 25.00000000
-29.44948126 45.76103857 25.00000000
4.89032893 39.17100258 25.00000000
-11.41692500 54.10964733 25.00000000
20.46661226 32.70500202 25.00000000
-4.16229372 46.75875734 25.00000000
4.48834020 85.36192334 25.00000000
-1.96830492 34.65123253 25.00000000
-1.69184834 32.82387054 25.00000000
-1.14334456 34.02380039 25.00000000
-21.10308807 71.06453680 25.00000000
15.13087570 82.72436169 25.00000000
6.50546385 39.05436836 25.00000000
20.43834802 53.83843448 25.00000000
-15.08502622 65.17827828 25.00000000
28.72059104 54.69881638 25.00000000
-0.30342097 71.64597220 25.00000000
-12.15722903 83.63626266 25.00000000
8.33225403 49.18667445 25.00000000
16.40600857 34.41433266 25.00000000
10.56426349 46.18792894 25.00000000
6.75324958 49.03147801 25.00000000
-7.34968183 43.19705813 25.00000000
-9.12428865 56.47014876 25.00000000
-9.44909234 57.34423599 25.00000000
-10.60885907 55.77393487 25.00000000
-14.88671949 36.17535623 25.00000000
-0.66774473 76.00013918 25.00000000
-12.19209704 41.36481177 25.00000000
22.50723883 40.12251550 25.00000000
6.76677810 59.94178905 25.00000000
5.62914901 58.88353304 25.00000000
14.20786133 57.84530786 25.00000000
-14.44567896 81.76664920 25.00000000
-12.27318974 56.16741875 25.00000000
-15.12263592 68.58662351 25.00000000
-16.88231178 68.37695059 25.00000000
-14.21509974 69.52817725 25.00000000
-15.99635550 69.31722198 25.00000000
8.31553021 32.77138688 25.00000000
10.37820953 32.73811498 25.00000000
24.72170600 50.13615220 25.00000000
-13.01145442 67.44770866 25.00000000
-15.69871006 61.36421847 25.00000000
16.19782566 84.13213664 25.00000000
6.17315505 36.22795837 25.00000000
6.40297683 34.95208973 25.00000000
7.84652812 35.61328774 25.00000000
-6.69380570 32.77369341 25.00000000
4.98418917 59.57469690 25.00000000
17.54648598 85.30656594 25.00000000
12.42297265 35.27445278 25.00000000
13.72646096 35.61403321 25.00000000
-3.77089460 73.79426919 25.00000000
-5.38465677 33.76179635 25.00000000
12.79063015 34.11557447 25.00000000
22.00658441 77.26048678 25.00000000
24.58669332 35.68981577 25.00000000
26.94259559 34.33281379 25.00000000
32.39812459 34.36063599 25.00000000
19.00434693 54.31657094 25.00000000
3.85572147 72.95603139 25.00000000
2.59008088 72.85470060 25.00000000
22.66034676 74.34260100 25.00000000
22.39300547 73.16503541 25.00000000
-31.78332613 35.05999912 25.00000000
-26.10407583 55.68309297 25.00000000
23.92636854 34.04912234 25.00000000
25.09678472 34.48576147 25.00000000
12.84934162 79.40542902 25.00000000
20.17555968 79.23808459 25.00000000
17.73476316 45.80171792 25.00000000
2.36355960 53.77034252 25.00000000
-5.38989770 64.93400866 25.00000000
-13.95505749 61.85726718 25.00000000
25.95369335 66.23823325 25.00000000
16.18368840 82.11037325 25.00000000
15.35488948 80.92185722 25.00000000
21.78980881 50.75025003 25.00000000
12.51668634 59.95977912 25.00000000
7.11833925 44.21741854 25.00000000
22.92424690 78.59773314 25.00000000
9.39353258 40.68378510 25.00000000
-7.09086919 77.77833268 25.00000000
-6.28665532 79.09000444 25.00000000
1.02104531 71.57797312 25.00000000
-27.13774460 55.44750915 25.00000000
-1.53674366 60.56439130 25.00000000
8.36419132 40.22345475 25.00000000
27.32216358 42.08220088 25.00000000
25.62906619 42.35968033 25.00000000
2.27225201 48.33215942 25.00000000
4.55001050 82.32849188 25.00000000
-23.51254828 57.55053075 25.00000000
-27.34834491 38.18253116 25.00000000
15.85886460 77.96629645 25.00000000
27.57829212 54.61676024 25.00000000
-19.65055109 42.56081940 25.00000000
23.47097068 71.01384700 25.00000000
11.53025099 61.43849415 25.00000000
11.32528033 59.99726608 25.00000000
-33.34723196 35.47008831 25.00000000
-24.92525570 62.35404499 25.00000000
3.52560234 71.37728092 25.00000000
-15.21592389 76.68169930 25.00000000
-13.87326794 75.50202602 25.00000000
14.57887907 84.37706864 25.00000000
10.32383156 44.44705231 25.00000000
11.12426918 67.27170512 25.00000000
11.69960230 75.18018504 25.00000000
25.61256316 67.34790389 25.00000000
-14.32569315 76.82951915 25.00000000
19.34078727 80.66571292 25.00000000
-2.12462622 62.85192155 25.00000000
-4.17188406 81.19731560 25.00000000
-29.14505193 52.68375740 25.00000000
-3.47097192 75.62665200 25.00000000
11.91887687 50.40778975 25.00000000
12.42398152 49.09637392 25.00000000
11.21319047 48.75743370 25.00000000
-20.02808517 59.48695133 25.00000000
-21.26266777 59.71033326 25.00000000
-20.03737546 60.96354653 25.00000000
22.01132996 44.65020067 25.00000000
-25.45585747 36.53628335 25.00000000
-2.90142963 42.77924109 25.00000000
23.99647120 43.05289685 25.00000000
-0.38282727 47.47487963 25.00000000
-21.99019335 50.38723423 25.00000000
-20.72756603 51.11659492 25.00000000
-21.27189523 52.01510848 25.00000000
-7.62522892 45.37011299 25.00000000
-32.20525552 39.58065987 25.00000000
-30.43909225 39.52509437 25.00000000
-31.20612666 38.77698171 25.00000000
25.23285706 68.92170003 25.00000000
-1.87947556 61.73016412 25.00000000
-1.43128138 39.68308349 25.00000000
-2.27964480 41.54009206 25.00000000
-1.99063742 40.60636542 25.00000000
-27.47558429 39.78323111 25.00000000
6.23051995 83.32799173 25.00000000
-4.17538263 54.86325138 25.00000000
-5.37719248 54.51127275 25.00000000
-19.52922455 74.60122770 25.00000000
0.62547155 53.70616966 25.00000000
-13.02681649 42.60713283 25.00000000
4.82708665 65.19284788 25.00000000
-26.81296134 57.14472472 25.00000000
14.13791252 59.60843430 25.00000000
-13.41319653 46.98155115 25.00000000
-13.84731227 47.82606245 25.00000000
5.12388363 76.02968407 25.00000000
-26.19412584 42.78213200 25.00000000
7.67223219 40.78226921 25.00000000
-5.75145496 37.29557028 25.00000000
-11.96483701 66.03912311 25.00000000
-11.71892062 66.94901627 25.00000000
25.99306348 41.24865753 25.00000000
-12.22802012 74.92448683 25.00000000
-11.21971692 74.34103062 25.00000000
-18.18485035 67.63554236 25.00000000
-7.27858060 67.73906788 25.00000000
14.82302268 62.79395110 25.00000000
12.01424879 71.88144540 25.00000000
26.84746661 47.72487293 25.00000000
-33.80011649 33.55752861 25.00000000
18.19979008 38.30710990 25.00000000
33.81473100 33.54837546 25.00000000
23.16636950 43.89349042 25.00000000
16.84851828 53.22038026 25.00000000
-4.45286541 42.40147098 25.00000000
30.14784185 42.85761106 25.00000000
-4.46797532 63.52999881 25.00000000
20.78008597 34.38104848 25.00000000
-23.23119411 44.48706217 25.00000000
28.85292777 53.31790957 25.00000000
2.56059992 74.12790733 25.00000000
14.43925559 75.39938711 25.00000000
-30.08008597 48.90049489 25.00000000
-17.85224766 75.19929784 25.00000000
-7.26972603 59.78990933 25.00000000
12.19003905 73.11437362 25.00000000
11.12864687 73.36139432 25.00000000
3.64759331 34.13809323 25.00000000
-5.36023097 51.99412747 25.00000000
17.76410944 36.76030470 25.00000000
-30.23441443 37.79092250 25.00000000
-23.68255965 62.42988215 25.00000000
23.50324358 35.19643614 25.00000000
22.96663760 36.35162988 25.00000000
9.32940326 37.79335661 25.00000000
-2.51716755 38.72428662 25.00000000
-4.08867903 39.53388410 25.00000000
-3.12581243 40.02614814 25.00000000
23.28758129 77.01586651 25.00000000
-10.66296794 80.07944516 25.00000000
-3.49047943 76.48736288 25.00000000
-12.72621841 48.56930061 25.00000000
15.63566497 66.00967372 25.00000000
-23.50837650 63.27901708 25.00000000
23.98524417 69.85289442 25.00000000
-7.66705370 84.57697245 25.00000000
-27.28360050 54.46575892 25.00000000
-23.46756954 47.59947474 25.00000000
-13.40709742 70.60263230 25.00000000
25.33183054 52.90872886 25.00000000
-15.23781404 70.34203802 25.00000000
13.69320406 68.03555322 25.00000000
-15.63232149 81.41625783 25.00000000
-5.11265933 75.77535010 25.00000000
-5.25715620 38.97960362 25.00000000
-21.96336316 82.12543972 25.00000000
-14.51008628 46.21217611 25.00000000
-3.38717110 35.13220423 25.00000000
-31.25502638 44.12056474 25.00000000
16.50548388 80.62100527 25.00000000
-17.27495902 45.41286239 25.00000000
0.68281285 78.63225385 25.00000000
-14.34206937 37.60219208 25.00000000
-9.09450413 80.11692346 25.00000000
32.86261418 37.36324477 25.00000000
4.05249864 40.64987218 25.00000000
4.88060370 40.15909549 25.00000000
3.25731722 40.17068659 25.00000000
-12.46761167 85.40159192 25.00000000
13.20968125 71.69972702 25.00000000
17.87468793 81.49423136 25.00000000
18.76170961 81.54718966 25.00000000
26.45684024 32.67003565 25.00000000
-19.97389864 35.60126095 25.00000000
-12.94220474 53.10688048 25.00000000
-31.06803093 45.09263793 25.00000000
32.32249878 38.92179919 25.00000000
7.25863808 34.96465761 25.00000000
-1.42463360 80.70102222 25.00000000
-1.96774371 79.08366129 25.00000000
-2.84001058 80.14093299 25.00000000
-14.84596558 53.65073303 25.00000000
8.75116851 37.16041679 25.00000000
11.32311462 44.80872601 25.00000000
11.84992541 44.13432999 25.00000000
8.97305612 55.91986445 25.00000000
-6.73592442 64.29808231 25.00000000
0.13451327 82.98662286 25.00000000
1.39462196 82.18155757 25.00000000
-29.56565416 44.22207882 25.00000000
8.47932219 83.60907516 25.00000000
8.16990678 85.29077101 25.00000000
15.19091911 67.15029317 25.00000000
-11.98307890 34.91695799 25.00000000
17.29803384 73.60664195 25.00000000
1.86982286 85.19453999 25.00000000
2.94074369 85.24860150 25.00000000
-19.33804761 72.87831828 25.00000000
-19.58092727 71.46556299 25.00000000
-21.79113600 57.52872034 25.00000000
-22.80679683 68.69521432 25.00000000
-21.36971140 67.98623426 25.00000000
-6.25863820 76.74473363 25.00000000
14.27282408 43.23865428 25.00000000
-17.42623336 62.18731597 25.00000000
-18.53609028 61.87669357 25.00000000
1.04981340 45.34336225 25.00000000
2.16869736 45.88376658 25.00000000
2.57865096 44.58329482 25.00000000
-18.84604416 64.85879983 25.00000000
18.47038273 72.61586088 25.00000000
-0.62897350 41.18918684 25.00000000
12.54569157 42.30774397 25.00000000
-6.47476804 56.96976759 25.00000000
-5.23983264 57.20757263 25.00000000
7.95585918 71.12028640 25.00000000
13.08265650 40.69749091 25.00000000
-30.90952980 32.87374533 25.00000000
-10.06713597 73.05368591 25.00000000
-20.82171936 66.53368242 25.00000000
-21.52246109 67.03222970 25.00000000
-3.99966059 64.91813985 25.00000000
-17.98601985 84.03706602 25.00000000
-18.40748114 32.66656075 25.00000000
-5.38626228 85.37497227 25.00000000
-17.31338088 65.52978164 25.00000000
2.32817585 40.89817247 25.00000000
-17.52105906 85.38664180 25.00000000
3.30495992 48.74548479 25.00000000
17.03210777 76.30433320 25.00000000
-7.99424030 53.05908983 25.00000000
-4.23349194 34.98760627 25.00000000
14.44527279 81.49670789 25.00000000
11.62836346 33.73777778 25.00000000
29.43184022 41.91161350 25.00000000
-19.02858397 81.46388673 25.00000000
-0.82300942 45.90774338 25.00000000
-20.94004334 53.73028604 25.00000000
-16.48898997 33.77489571 25.00000000
24.21437656 68.17158781 25.00000000
-1.70346796 77.75963629 25.00000000
-11.57391316 69.65913885 25.00000000
-21.94494355 43.12058289 25.00000000
-10.93183936 48.29857191 25.00000000
15.27210076 47.39108430 25.00000000
-16.70352918 50.67639503 25.00000000
-14.06486769 84.12287360 25.00000000
-4.99860313 66.28182645 25.00000000
-3.99429681 59.39901066 25.00000000
-9.47201308 34.44802694 25.00000000
-9.67530033 32.72293363 25.00000000
-14.78923491 80.10569245 25.00000000
-16.61210230 80.32010344 25.00000000
-17.38259999 80.96984396 25.00000000
25.16949803 48.14374645 25.00000000
6.21910823 75.93694739 25.00000000
7.52623121 76.10099684 25.00000000
6.71879304 74.66490612 25.00000000
-12.68213924 39.76958720 25.00000000
-10.63686454 80.93198923 25.00000000
24.16793714 42.09295508 25.00000000
-26.12901190 53.20035717 25.00000000
15.22962326 38.61637060 25.00000000
-15.15554171 63.87324683 25.00000000
7.39269330 68.52997324 25.00000000
23.23637951 40.66387276 25.00000000
25.57525696 33.73053862 25.00000000
25.16650487 43.45566978 25.00000000
25.30544217 45.18161619 25.00000000
26.14464903 44.18425702 25.00000000
-5.76662905 65.70235684 25.00000000
-10.42351847 44.42306408 25.00000000
-8.77280318 43.92449947 25.00000000
21.69494373 79.90819134 25.00000000
5.29089966 44.63956968 25.00000000
-9.88196579 60.06246538 25.00000000
-6.93718580 54.42331934 25.00000000
17.47149827 32.61010577 25.00000000
14.04156151 77.07186646 25.00000000
-12.99818113 37.91093844 25.00000000
4.30323167 58.65863660 25.00000000
3.95652728 60.37830852 25.00000000
-25.39096583 45.49711687 25.00000000
-24.19699705 37.61891042 25.00000000
8.24254034 68.56653359 25.00000000
-2.48119913 57.13409120 25.00000000
-0.86968033 65.42680621 25.00000000
-8.59060004 75.16751930 25.00000000
-7.92754508 74.47645672 25.00000000
-7.80642373 76.17169603 25.00000000
2.46748481 34.90683990 25.00000000
21.58226617 77.98090460 25.00000000
27.44854318 52.27211442 25.00000000
27.70486095 32.73413077 25.00000000
-11.97358261 77.39239132 25.00000000
-12.81473023 77.55181723 25.00000000
-12.54273024 75.72682465 25.00000000
9.62572646 67.64903451 25.00000000
-17.17369326 60.68135901 25.00000000
-10.00390913 46.25022768 25.00000000
-19.75182516 48.17621070 25.00000000
27.96022181 43.20534221 25.00000000
-13.09720603 36.48767183 25.00000000
-14.97107523 60.82279967 25.00000000
27.14029701 56.05125391 25.00000000
-8.98054218 58.68452169 25.00000000
-8.33865533 59.61137286 25.00000000
-7.49095815 58.18366344 25.00000000
3.23998755 39.21236089 25.00000000
3.93883899 38.64757973 25.00000000
-25.32071118 68.47426453 25.00000000
3.73185509 45.26348915 25.00000000
-23.25310747 37.89254596 25.00000000
-4.19747843 51.56503341 25.00000000
-20.26396785 36.38761191 25.00000000
-10.99178371 45.68497303 25.00000000
-32.59430796 32.76592772 25.00000000
-10.40288841 75.51985674 25.00000000
-8.77422815 60.34614968 25.00000000
6.78780858 55.97802526 25.00000000
6.38370291 57.00431168 25.00000000
5.47578124 55.52302808 25.00000000
12.46576430 37.74601485 25.00000000
-28.68161596 37.21487368 25.00000000
16.17027320 41.11410441 25.00000000
8.84511891 82.67492188 25.00000000
21.34726973 71.65278868 25.00000000
-19.82441516 37.12435156 25.00000000
7.50375395 36.74071739 25.00000000
22.42644826 70.58857087 25.00000000
21.95188159 68.03106824 25.00000000
0.08247997 80.15468587 25.00000000
-28.75411263 49.10976333 25.00000000
1.05492623 51.81788461 25.00000000
-26.28349367 35.69846590 25.00000000
24.61955244 66.06031309 25.00000000
24.13250376 67.17425865 25.00000000
-14.52180405 72.99909532 25.00000000
-13.45739926 74.31612056 25.00000000
-11.78552730 49.19552562 25.00000000
2.61824243 42.79661349 25.00000000
-25.87979538 66.40852029 25.00000000
14.53692102 54.54834791 25.00000000
14.59322132 56.19863133 25.00000000
31.83414709 36.26099880 25.00000000
-8.55357505 37.12722335 25.00000000
21.03791556 80.94932041 25.00000000
27.59905252 49.52748515 25.00000000
-7.95404842 35.22408931 25.00000000
-25.21924406 40.20090584 25.00000000
-26.49665557 40.27209623 25.00000000
-25.98427034 38.84763618 25.00000000
1.54060384 42.10377229 25.00000000
9.95880937 36.21848138 25.00000000
-11.37924598 53.28060472 25.00000000
20.66665971 58.16767599 25.00000000
19.71676325 58.66390552 25.00000000
6.58296218 51.53802923 25.00000000
-10.41402752 70.21875614 25.00000000
22.62320437 49.60619258 25.00000000
22.81783448 48.45480248 25.00000000
-22.19679317 64.03229284 25.00000000
-22.17231001 62.64366531 25.00000000
21.77051708 56.13565097 25.00000000
21.62651216 55.12814839 25.00000000
22.83182593 69.41723539 25.00000000
-7.97642061 77.61437736 25.00000000
-18.71859762 50.59825420 25.00000000
3.88032441 83.22790800 25.00000000
9.56292834 51.57864178 25.00000000
-19.59073305 51.75517139 25.00000000
-26.60313859 49.57339194 25.00000000
16.30275970 32.71846662 25.00000000
15.78316711 52.24489815 25.00000000
16.23736847 51.50776756 25.00000000
14.37736840 53.23934984 25.00000000
14.43428568 52.16537785 25.00000000
-8.11088601 85.29198846 25.00000000
4.99764822 46.25816409 25.00000000
30.42325392 33.96617305 25.00000000
-2.83424647 60.32259693 25.00000000
-5.75942460 55.65409237 25.00000000
-27.34823691 32.70678671 25.00000000
-18.44514385 53.03630480 25.00000000
12.30285534 39.76113327 25.00000000
26.15907485 64.79978418 25.00000000
24.87852531 63.65419185 25.00000000
31.07049376 39.63316137 25.00000000
-2.94008566 61.55116153 25.00000000
-22.94960486 34.82432361 25.00000000
25.11168572 60.71567825 25.00000000
23.93238465 49.83427724 25.00000000
-12.41293455 62.55990248 25.00000000
-12.67955506 63.36523556 25.00000000
-1.50876291 72.80358531 25.00000000
-6.64766203 53.04957527 25.00000000
-27.73857006 43.79563388 25.00000000
-28.33837509 44.44116127 25.00000000
3.68580867 84.03431008 25.00000000
-15.16082616 78.43120509 25.00000000
-4.02214541 78.04611300 25.00000000
-3.19302769 78.14282434 25.00000000
-31.53578462 37.17607176 25.00000000
9.63327097 84.15409957 25.00000000
19.80121186 75.72331689 25.00000000
-21.96786996 38.52083735 25.00000000
-18.90331094 63.11798846 25.00000000
13.30122608 85.37428288 25.00000000
-15.84758858 79.40421930 25.00000000
7.79078848 41.61614457 25.00000000
18.42309943 56.29483600 25.00000000
-6.36663960 60.68394979 25.00000000
-5.55902272 59.77966322 25.00000000
-11.15353053 65.48714609 25.00000000
9.00777552 80.61123418 25.00000000
7.92894333 81.06190216 25.00000000
5.76652948 81.88027614 25.00000000
-0.75114397 36.60062671 25.00000000
-7.03883904 33.84479556 25.00000000
4.69494344 37.38866508 25.00000000
7.44764598 73.57444163 25.00000000
-3.56192989 57.75155823 25.00000000
18.27426837 54.72754075 25.00000000
17.18489209 55.16263098 25.00000000
24.82929886 40.84810095 25.00000000
-10.45783795 71.58754725 25.00000000
-10.91708078 72.79992272 25.00000000
-11.91845123 72.33128434 25.00000000
12.03017730 52.19267884 25.00000000
0.80182789 61.14277747 25.00000000
1.79420669 61.67619922 25.00000000
-24.76815204 56.78770398 25.00000000
-24.21597181 54.55472248 25.00000000
-1.49611340 85.43318976 25.00000000
-13.44805360 49.52345437 25.00000000
-22.80573305 79.72009992 25.00000000
11.55523099 76.46389062 25.00000000
12.37121964 76.75777614 25.00000000
-12.89949992 83.96670185 25.00000000
10.16311335 75.78099561 25.00000000
9.75898295 76.92753954 25.00000000
-24.84519525 46.84942693 25.00000000
-24.43044856 45.27527807 25.00000000
-23.57562339 39.21834216 25.00000000
0.95744532 40.68825931 25.00000000
21.90750534 40.66992797 25.00000000
-2.42856148 82.30439419 25.00000000
15.23566234 63.52455118 25.00000000
4.54184994 71.51561831 25.00000000
-24.30674403 59.04279485 25.00000000
21.27889463 59.14384004 25.00000000
1.75634888 54.40058516 25.00000000
-6.87696996 81.03868694 25.00000000
19.19055380 83.92211849 25.00000000
20.03519418 84.07077586 25.00000000
2.01408963 63.51968635 25.00000000
30.47563521 47.15899575 25.00000000
-32.15958663 33.84778124 25.00000000
-2.27408931 66.11023174 25.00000000
-13.51411201 35.17288037 25.00000000
13.15513563 54.20395222 25.00000000
-10.26923329 61.05897498 25.00000000
-1.59639160 67.67808493 25.00000000
3.18624959 79.96575638 25.00000000
25.95632039 54.43976962 25.00000000
-10.58610762 68.17534104 25.00000000
17.83533809 67.68260628 25.00000000
17.61397523 66.06608346 25.00000000
16.79641134 66.85894032 25.00000000
16.07306266 69.46465875 25.00000000
17.18449038 69.18548356 25.00000000
-0.78391775 84.16927824 25.00000000
-11.31557389 43.92671451 25.00000000
-12.43176966 43.17432494 25.00000000
-10.87003336 42.84468112 25.00000000
24.13337274 56.33637237 25.00000000
-24.65367357 36.63000329 25.00000000
-16.84087455 38.75155925 25.00000000
-28.30277106 56.54724806 25.00000000
-12.25428607 52.66815274 25.00000000
-15.87360614 37.40450071 25.00000000
-8.95431887 52.21729462 25.00000000
-9.10582881 50.83840055 25.00000000
-10.09570000 51.01829159 25.00000000
4.70226394 61.24736708 25.00000000
-27.30025529 46.88743181 25.00000000
6.84663527 81.45775268 25.00000000
-10.92819045 78.79290218 25.00000000
-7.87608683 39.48248276 25.00000000
-9.41025662 40.07445053 25.00000000
-2.25091262 36.69314869 25.00000000
12.39861611 62.36677801 25.00000000
23.20455411 38.94935465 25.00000000
-4.23798507 84.24225076 25.00000000
-3.49093127 85.43939023 25.00000000
-19.06158025 38.27023021 25.00000000
-17.80765549 40.03089278 25.00000000
32.63172504 32.79116471 25.00000000
-24.65212784 42.85905038 25.00000000
28.05796699 57.39571869 25.00000000
-2.92325718 44.77712063 25.00000000
-6.81952974 71.55600035 25.00000000
-10.96620422 41.16475895 25.00000000
-2.77065496 68.58180313 25.00000000
-26.68210122 44.95469088 25.00000000
-6.42089062 79.94821268 25.00000000
-24.00968305 68.40021320 25.00000000
-16.70614228 64.72986525 25.00000000
-16.57205819 66.34370398 25.00000000
-24.44925591 51.50385282 25.00000000
-30.72234592 34.61166632 25.00000000
6.37387422 67.36331800 25.00000000
-3.58574672 41.11248918 25.00000000
-5.03109811 41.83202148 25.00000000
1.76663794 33.49946112 25.00000000
-9.06557742 67.23429303 25.00000000
5.09183917 36.03976258 25.00000000
8.01837469 64.77417423 25.00000000
6.07563093 52.18459209 25.00000000
16.83292370 65.20613013 25.00000000
16.06830637 64.38495362 25.00000000
15.23042299 65.16512711 25.00000000
-21.26222883 34.78125010 25.00000000
-0.20240847 73.32969671 25.00000000
-17.71135364 69.25642284 25.00000000
0.91794105 81.52280737 25.00000000
-14.61048315 38.39073986 25.00000000
-10.68281653 83.79028608 25.00000000
-10.69336973 85.37279599 25.00000000
23.11268105 63.86207801 25.00000000
7.60455430 43.26211258 25.00000000
-8.30691822 40.42892064 25.00000000
6.92739262 71.98374575 25.00000000
17.69952914 57.87496336 25.00000000
17.22254559 56.93367741 25.00000000
9.10868701 61.33628479 25.00000000
-18.48560282 46.89046310 25.00000000
-16.94887645 47.09394482 25.00000000
-17.11127003 46.19778136 25.00000000
29.10043462 52.54938765 25.00000000
-2.46512206 71.77336408 25.00000000
7.47789383 47.71816704 25.00000000
19.57691014 43.63069459 25.00000000
10.01114627 38.28734505 25.00000000
16.32503183 62.79947316 25.00000000
-25.35216320 41.41947330 25.00000000
-4.66173791 76.88194203 25.00000000
27.00587318 51.17998124 25.00000000
-7.70270447 80.87765226 25.00000000
25.84814524 56.13755035 25.00000000
3.72348552 67.39048322 25.00000000
-16.68262066 84.03525421 25.00000000
-29.33697851 35.29577649 25.00000000
18.59838592 79.84447382 25.00000000
-12.62629359 45.80668915 25.00000000
-13.11027343 44.28826475 25.00000000
-11.98021072 44.92032640 25.00000000
18.59513808 75.84033207 25.00000000
22.90772731 61.39777411 25.00000000
0.51590754 34.32031889 25.00000000
22.75209912 33.64198749 25.00000000
-23.75799871 75.88081687 25.00000000
-10.16157737 38.64688661 25.00000000
-0.01290708 36.98497993 25.00000000
13.28727608 36.73458993 25.00000000
-3.85925268 50.03875419 25.00000000
-4.30711636 48.62050729 25.00000000
-3.06297249 48.86246550 25.00000000
32.05727981 41.26222753 25.00000000
19.24693473 82.62088323 25.00000000
1.00919800 75.10742788 25.00000000
25.66014638 58.22784793 25.00000000
-30.38437667 44.68722605 25.00000000
-27.94303434 42.84320566 25.00000000
-28.80620413 42.59780279 25.00000000
-29.03836388 41.78213545 25.00000000
-29.83318125 41.53314190 25.00000000
-0.34843405 40.20823071 25.00000000
-24.26310453 33.87081141 25.00000000
-13.71858480 55.72994807 25.00000000
-23.40490484 61.59380883 25.00000000
-13.85457898 63.48918785 25.00000000
-12.84694613 64.70493239 25.00000000
-14.32932336 36.77573543 25.00000000
-15.25439106 37.90025825 25.00000000
-11.76847426 75.90036050 25.00000000
-12.56530736 54.58208708 25.00000000
14.04877589 44.97145654 25.00000000
-21.13693484 36.42316646 25.00000000
-26.54281449 41.13555908 25.00000000
-30.94511198 40.34863309 25.00000000
-29.76757381 40.46850395 25.00000000
3.13475307 59.09013509 25.00000000
14.05680845 79.94565262 25.00000000
-6.72397263 39.73314644 25.00000000
-5.67165827 40.02714647 25.00000000
-6.21815296 41.22515790 25.00000000
12.25926401 66.00849541 25.00000000
-22.72944396 53.05999371 25.00000000
30.77806875 41.06493734 25.00000000
4.61495780 80.77106351 25.00000000
4.28772780 79.85353335 25.00000000
16.06281935 85.25569790 25.00000000
15.24717485 85.38548064 25.00000000
-20.11460246 84.26636528 25.00000000
11.00335869 42.43392580 25.00000000
-20.02125841 80.80824992 25.00000000
-26.29719961 37.35396609 25.00000000
8.66083790 76.57634763 25.00000000
-16.28008582 72.40924550 25.00000000
-15.46986271 72.26677265 25.00000000
-16.90979606 71.88397936 25.00000000
-3.86985179 36.61342993 25.00000000
28.54292332 55.46965944 25.00000000
-16.67343251 40.05757824 25.00000000
10.77293690 72.27234232 25.00000000
10.62767036 37.03606031 25.00000000
2.38227691 38.81182582 25.00000000
1.65867113 39.31921852 25.00000000
-20.40109836 79.50583876 25.00000000
-21.19126438 79.69358491 25.00000000
-21.42585967 80.47759697 25.00000000
-25.64088926 37.99242344 25.00000000
5.28929701 43.17784754 25.00000000
-21.26911881 55.74847345 25.00000000
17.57401711 61.84628012 25.00000000
-16.78276168 75.98337808 25.00000000
-5.30385644 45.82594817 25.00000000
19.21208634 69.20842509 25.00000000
19.37337804 67.63554377 25.00000000
-13.68237449 34.23502252 25.00000000
30.84706244 43.58784703 25.00000000
17.21062205 79.01600968 25.00000000
18.31548454 78.45321728 25.00000000
-23.45477669 59.09961249 25.00000000
21.90817654 41.72059853 25.00000000
-22.34097733 61.54914562 25.00000000
18.52952865 43.00686753 25.00000000
3.25332078 68.92928401 25.00000000
-11.27138422 38.93072403 25.00000000
22.81848635 68.14330565 25.00000000
-5.24872359 48.20292359 25.00000000
-19.68740736 46.61816627 25.00000000
20.69286767 38.29080720 25.00000000
6.43576426 73.05905662 25.00000000
5.28251063 72.73575964 25.00000000
5.22231057 71.93743102 25.00000000
-27.20566502 36.53836506 25.00000000
-1.83660256 47.83766364 25.00000000
10.55909315 71.08064722 25.00000000
4.49267098 32.59610566 25.00000000
11.06860090 38.51335605 25.00000000
-21.73467050 78.29768804 25.00000000
-20.43458503 78.25185232 25.00000000
-6.26962686 63.30288346 25.00000000
-22.24114650 48.78763288 25.00000000
24.04480177 61.89815382 25.00000000
-14.22501706 43.24858681 25.00000000
-8.17766308 54.93866398 25.00000000
13.91719408 34.34450469 25.00000000
-8.55762709 65.83473146 25.00000000
-9.48042843 65.23369527 25.00000000
7.99340466 75.15590684 25.00000000
18.88988450 74.32411731 25.00000000
20.33615505 59.78571168 25.00000000
-26.85010499 46.24128602 25.00000000
-11.15844833 50.92693031 25.00000000
24.08053518 39.44120859 25.00000000
24.72967088 38.34044054 25.00000000
25.37294738 39.70578072 25.00000000
19.81571503 57.03847006 25.00000000
31.80050395 35.02247025 25.00000000
33.17097929 35.87362081 25.00000000
10.03597650 50.08611877 25.00000000
26.23547283 53.61312417 25.00000000
23.75168648 45.42349458 25.00000000
-2.64574899 34.19235696 25.00000000
4.95350018 41.97165657 25.00000000
-23.21959822 56.82184334 25.00000000
-19.17666241 66.41346763 25.00000000
12.89953406 75.47798131 25.00000000
31.07919818 36.49885743 25.00000000
22.61724251 37.38325968 25.00000000
-17.43653857 73.57054983 25.00000000
-4.27056762 34.18167824 25.00000000
-1.45187026 52.49540934 25.00000000
22.43020026 45.32456417 25.00000000
3.21555618 41.87575011 25.00000000
16.04340117 46.47222177 25.00000000
-17.13660723 36.43816424 25.00000000
21.64769080 84.49761947 25.00000000
-10.74223099 52.79589388 25.00000000
2.80484020 82.71524670 25.00000000
-8.27092163 45.85347877 25.00000000
-15.51735077 34.43288629 25.00000000
15.76049736 44.10257571 25.00000000
-10.63725287 60.34360483 25.00000000
-10.24665187 58.82068668 25.00000000
13.58997438 63.63708702 25.00000000
11.25404301 45.59512744 25.00000000
-18.53944958 40.38990524 25.00000000
12.29199717 51.09118653 25.00000000
2.05610518 53.00645063 25.00000000
-1.63645405 82.32981115 25.00000000
26.04034313 51.47047187 25.00000000
-10.98954578 35.66674912 25.00000000
-0.08713635 75.48190032 25.00000000
1.19780038 76.32622304 25.00000000
26.07488381 59.46378528 25.00000000
0.68410932 69.12834784 25.00000000
0.61605383 70.22878926 25.00000000
-3.52102422 79.64551295 25.00000000
-8.32174425 56.46665012 25.00000000
-8.24264945 57.97281014 25.00000000
-20.54934961 63.45699484 25.00000000
-9.28514973 70.42523036 25.00000000
-21.74713810 79.08229058 25.00000000
-23.35167703 65.95139213 25.00000000
3.42160325 75.52026619 25.00000000
-15.69384782 32.69767852 25.00000000
21.50341019 75.58286694 25.00000000
-6.29724595 58.55137441 25.00000000
-10.34751454 54.39728802 25.00000000
-8.95141139 55.03587730 25.00000000
0.49870447 85.52926015 25.00000000
10.87312449 77.31117089 25.00000000
-8.28862393 62.28430952 25.00000000
-6.81191076 61.79827863 25.00000000
-10.24489401 57.29237106 25.00000000
-10.88457491 56.82690953 25.00000000
12.99310113 45.56842415 25.00000000
18.85298497 35.56714048 25.00000000
18.67525823 36.69696660 25.00000000
17.63634729 35.53247319 25.00000000
1.90054517 58.80869241 25.00000000
0.31320874 59.24292755 25.00000000
0.91374443 58.04331065 25.00000000
-32.66781762 38.13656442 25.00000000
-29.08436324 53.76915368 25.00000000
20.16209715 37.17405273 25.00000000
-6.17888887 85.35451920 25.00000000
31.04254214 45.17771673 25.00000000
13.69267047 48.22397133 25.00000000
-0.95322519 69.94281317 25.00000000
1.60142623 46.87472493 25.00000000
-0.53139671 61.88142488 25.00000000
-7.65123893 38.46066862 25.00000000
-8.68264369 37.89581081 25.00000000
-3.77947541 32.76778388 25.00000000
-23.61198539 64.92968422 25.00000000
-22.01765382 65.33066533 25.00000000
-0.46882528 35.10819867 25.00000000
-18.11468684 33.99194722 25.00000000
-18.90772938 34.23753419 25.00000000
17.87039649 60.78790460 25.00000000
16.95900294 60.38196867 25.00000000
17.28876575 59.33750075 25.00000000
-31.71754237 41.64774943 25.00000000
-2.43029117 32.58129772 25.00000000
-5.91259889 64.36511942 25.00000000
-27.66788259 57.86072065 25.00000000
-21.02651172 62.48775756 25.00000000
-20.02518550 64.87309903 25.00000000
-14.76950968 56.14830307 25.00000000
0.12353711 81.24949450 25.00000000
-4.24229535 67.87413441 25.00000000
8.15613069 55.88595207 25.00000000
8.81829703 57.34837761 25.00000000
9.25786839 56.64121068 25.00000000
21.12278551 33.39653240 25.00000000
0.57392341 46.62333913 25.00000000
8.29125746 82.12039278 25.00000000
3.78760639 47.59977097 25.00000000
20.00103538 34.30744785 25.00000000
18.90789084 44.63870031 25.00000000
-24.98242558 39.44037109 25.00000000
14.57796681 78.46181641 25.00000000
-18.13171002 64.57132242 25.00000000
15.52366318 71.92486333 25.00000000
1.83915451 69.20870635 25.00000000
0.01555690 53.23493991 25.00000000
-0.35205252 52.12080682 25.00000000
8.55949827 43.14906463 25.00000000
-14.51843017 62.42972496 25.00000000
13.33827389 69.39719610 25.00000000
1.81550808 35.35333746 25.00000000
-18.56605721 80.20308322 25.00000000
11.81965463 78.06398587 25.00000000
4.60400502 84.59315976 25.00000000
12.43828706 80.07286865 25.00000000
-15.52868831 55.22450846 25.00000000
27.53706939 59.63923641 25.00000000
13.64472451 50.69890346 25.00000000
13.37264042 49.82358257 25.00000000
5.39366206 80.82193030 25.00000000
5.19528250 56.26517546 25.00000000
13.83710189 82.95067504 25.00000000
-25.91688786 49.22408778 25.00000000
3.16522503 36.99233532 25.00000000
9.03565886 75.42632694 25.00000000
-3.13187423 35.86249011 25.00000000
-19.73640193 56.22802874 25.00000000
5.40192653 70.33394907 25.00000000
17.93761670 73.17444730 25.00000000
-6.49889087 38.69972820 25.00000000
12.63485033 44.27486169 25.00000000
-16.57510250 70.83123193 25.00000000
5.20256265 54.78722842 25.00000000
1.94010430 68.12629383 25.00000000
-1.69889369 56.42318937 25.00000000
2.32703419 37.95962673 25.00000000
0.86942408 38.12113866 25.00000000
3.32625960 50.84330664 25.00000000
2.36679869 49.95162101 25.00000000
4.57180808 52.48288193 25.00000000
4.04134670 51.50907422 25.00000000
3.20588356 77.85148106 25.00000000
-21.12016965 46.44995155 25.00000000
19.70723530 72.05216430 25.00000000
25.07909887 37.22209612 25.00000000
25.37096082 36.08016680 25.00000000
-22.99448797 73.11528139 25.00000000
-25.83457479 59.50356115 25.00000000
23.68162032 37.81320132 25.00000000
15.83869654 50.85446366 25.00000000
0.66107902 68.26063757 25.00000000
-14.57527570 65.86970460 25.00000000
10.09698038 79.85866787 25.00000000
-25.62143174 51.04604190 25.00000000
-0.82598567 85.02114182 25.00000000
18.64544247 34.37479780 25.00000000
-1.91855218 76.58006051 25.00000000
9.81825897 74.26776835 25.00000000
8.87397856 34.24463884 25.00000000
9.66063852 33.47814200 25.00000000
32.03869243 40.49993930 25.00000000
20.83983648 40.60115534 25.00000000
26.36709572 64.06565377 25.00000000
-17.39916270 77.38100492 25.00000000
22.55629775 80.42186019 25.00000000
-32.60798648 35.69115426 25.00000000
8.54013447 66.08181080 25.00000000
16.07006121 81.30637491 25.00000000
26.73807872 46.10915092 25.00000000
-8.38065250 68.50079147 25.00000000
-4.43875614 75.40142852 25.00000000
-23.82177517 46.20236286 25.00000000
-15.88518342 77.13644346 25.00000000
20.88816971 42.90823990 25.00000000
-9.51650031 82.37000225 25.00000000
6.16087582 68.74722418 25.00000000
22.12517646 38.49520093 25.00000000
-15.67302860 45.66956770 25.00000000
14.54458495 61.21700542 25.00000000
23.99389427 60.44388798 25.00000000
4.68192222 68.03452192 25.00000000
4.98800576 69.01692028 25.00000000
13.54319383 41.57802418 25.00000000
14.72750862 47.93401011 25.00000000
-18.22480673 41.92442977 25.00000000
9.27839148 50.78339071 25.00000000
5.63993569 60.50079618 25.00000000
-4.70127704 78.43098824 25.00000000
18.39662645 41.85215567 25.00000000
-2.03620867 75.22471601 25.00000000
-30.79303254 33.85635425 25.00000000
-29.48694783 33.78915405 25.00000000
-30.16968637 32.67140158 25.00000000
-0.62558712 48.72700190 25.00000000
-1.24263473 47.36624785 25.00000000
20.73902778 50.39266457 25.00000000
8.18835759 59.03346687 25.00000000
25.32515928 63.00887040 25.00000000
-11.43385980 63.91703947 25.00000000
-11.89852221 65.24958742 25.00000000
-10.58053927 64.79190531 25.00000000
-21.11609169 42.71739513 25.00000000
20.49118120 60.54602012 25.00000000
-14.20335126 60.81332991 25.00000000
29.71527004 41.20456597 25.00000000
-9.09513363 76.98324884 25.00000000
28.58299252 35.60778496 25.00000000
-27.26888449 61.46908436 25.00000000
7.46124933 45.72766047 25.00000000
-23.91397075 74.65504309 25.00000000
-9.80956276 62.62297237 25.00000000
-10.71801898 61.67872531 25.00000000
-11.12204046 62.96953362 25.00000000
10.57809033 63.50682244 25.00000000
11.03866269 62.89536656 25.00000000
12.02515282 84.45438040 25.00000000
-21.75566235 32.74318654 25.00000000
-25.31314973 69.24207740 25.00000000
-7.78514595 55.90802111 25.00000000
-1.84687861 43.12622592 25.00000000
-6.36784063 47.17781783 25.00000000
-6.91431682 46.63938199 25.00000000
19.58346641 85.45517226 25.00000000
-16.03141857 58.18722149 25.00000000
8.26957551 59.96375739 25.00000000
-2.21597607 80.72681549 25.00000000
21.67252005 46.80600742 25.00000000
16.98292337 51.62545195 25.00000000
-25.92613189 58.03476174 25.00000000
-23.47117506 76.68698532 25.00000000
18.38250593 68.25822130 25.00000000
0.66169319 49.29559712 25.00000000
-20.24638311 32.67300569 25.00000000
6.03490595 50.38100175 25.00000000
-19.12657577 54.38676884 25.00000000
16.53289939 72.33360031 25.00000000
-18.88671553 67.91078007 25.00000000
-3.58181282 46.22667097 25.00000000
-11.72734364 78.79238468 25.00000000
17.65055394 56.29051800 25.00000000
8.94395811 54.32819311 25.00000000
-13.39261564 50.57139375 25.00000000
-14.17053693 50.91140448 25.00000000
-7.99553706 46.96565986 25.00000000
-20.12921494 52.64403291 25.00000000
16.17351156 48.02027759 25.00000000
16.86554797 47.26670895 25.00000000
17.03468022 48.77316174 25.00000000
13.67450349 62.05064265 25.00000000
12.53903668 61.11978634 25.00000000
-0.26124518 78.57550931 25.00000000
21.99127950 54.17527621 25.00000000
21.75185529 53.03658127 25.00000000
22.88893959 54.23142113 25.00000000
20.83295176 53.18776693 25.00000000
23.88037266 53.10421001 25.00000000
-17.99987389 63.42146881 25.00000000
26.45307802 36.64007925 25.00000000
13.30248330 58.71397528 25.00000000
21.61872074 51.62449540 25.00000000
-1.32170140 64.79562315 25.00000000
11.50786748 78.93488549 25.00000000
-8.41923910 48.42477579 25.00000000
-8.73753606 49.80862402 25.00000000
0.42256350 67.08746007 25.00000000
22.53786551 65.29758457 25.00000000
4.61127216 73.11895769 25.00000000
16.02065443 79.01940612 25.00000000
-0.91165765 53.71506226 25.00000000
-2.34942076 53.30959929 25.00000000
-4.33419298 57.20083921 25.00000000
-7.74463184 66.66157820 25.00000000
-25.84472745 62.38816072 25.00000000
-25.87575504 61.06279413 25.00000000
19.73374303 39.82199815 25.00000000
-14.19475005 32.68024986 25.00000000
20.46834215 72.43894665 25.00000000
-26.27898808 64.82932622 25.00000000
3.54069369 54.66331439 25.00000000
-13.64470731 64.63694989 25.00000000
-21.75438569 55.14109290 25.00000000
23.72503469 44.65468465 25.00000000
21.06555317 39.36324994 25.00000000
17.20835805 50.21971094 25.00000000
-6.65188473 50.35643054 25.00000000
-7.49812972 50.42900544 25.00000000
-7.82421796 51.16285519 25.00000000
-0.31689467 66.16879798 25.00000000
-1.11032037 66.99499596 25.00000000
-5.73533191 34.44132384 25.00000000
-16.83577917 74.46265564 25.00000000
11.31979032 74.49858712 25.00000000
-26.22650998 33.46143904 25.00000000
11.01214019 54.77803434 25.00000000
16.23892692 39.72048553 25.00000000
12.36172410 67.12921707 25.00000000
12.47924492 68.19287684 25.00000000
-18.55971862 74.13096454 25.00000000
-9.11243992 64.30612651 25.00000000
-8.89229562 63.12046606 25.00000000
-7.79532324 63.71685868 25.00000000
-14.92019352 44.63787882 25.00000000
19.54830080 49.23065905 25.00000000
19.18024526 50.26928696 25.00000000
18.08322465 49.56945102 25.00000000
4.62880849 83.08096378 25.00000000
-6.38717210 78.33602220 25.00000000
-12.31879511 36.34273930 25.00000000
-20.56024431 38.02044096 25.00000000
-6.89386215 43.91705457 25.00000000
-5.68867532 43.67740987 25.00000000
-5.90369932 42.70438958 25.00000000
9.75753849 39.30043098 25.00000000
5.04614337 74.36790756 25.00000000
23.82877068 47.32213043 25.00000000
0.07946892 33.68628309 25.00000000
15.08982578 37.05533409 25.00000000
13.26897554 47.46465418 25.00000000
-2.07983116 46.30140472 25.00000000
-2.51915121 45.40986120 25.00000000
-2.99028511 82.79853425 25.00000000
-3.21175618 56.14677038 25.00000000
-4.45058754 44.51059480 25.00000000
-3.73876143 43.74295809 25.00000000
14.49017875 64.43170290 25.00000000
-27.60877562 35.07778732 25.00000000
2.60586586 58.56255772 25.00000000
-14.25442433 78.92333969 25.00000000
-15.98451057 50.44813812 25.00000000
-16.16354090 51.92964856 25.00000000
11.32858079 55.93984298 25.00000000
10.64860110 56.33980674 25.00000000
-26.87382776 42.39129061 25.00000000
22.23217959 43.05328921 25.00000000
-1.18163064 81.73702634 25.00000000
25.93376670 61.92650227 25.00000000
-0.49918566 32.49712990 25.00000000
-20.85154220 72.70082017 25.00000000
0.99110360 42.74556226 25.00000000
-22.65036254 67.96319591 25.00000000
-1.64907018 48.56955871 25.00000000
-2.48172336 50.60984011 25.00000000
24.65847542 57.81153030 25.00000000
24.53987290 59.25079139 25.00000000
-5.41294235 83.99818805 25.00000000
-6.47569086 84.29592225 25.00000000
-24.05180853 67.51324921 25.00000000
6.19971791 77.23249527 25.00000000
-4.88999027 62.06069156 25.00000000
-5.02310483 63.03622081 25.00000000
-5.61700479 35.18251427 25.00000000
-14.40718752 35.58102079 25.00000000
-6.92175586 76.41126726 25.00000000
-5.78550174 75.45465430 25.00000000
-6.92128835 75.28524179 25.00000000
24.37230475 46.81577378 25.00000000
-21.19133859 44.29543476 25.00000000
-16.51522059 63.17158512 25.00000000
-6.78062121 48.97553410 25.00000000
-6.82089307 51.89018741 25.00000000
-20.73961042 39.45611337 25.00000000
-17.86705382 66.96007231 25.00000000
-19.69481519 67.25587882 25.00000000
-14.46481041 40.02989813 25.00000000
13.08649417 84.26105016 25.00000000
-13.38243924 65.33906809 25.00000000
5.93510107 62.85048250 25.00000000
13.12510250 70.45788965 25.00000000
-22.18572169 75.84100490 25.00000000
-28.62848245 51.33298797 25.00000000
-14.31262761 71.47705726 25.00000000
-12.57864240 57.83629294 25.00000000
12.27276763 82.74141532 25.00000000
-4.55164775 40.78074733 25.00000000
21.03023727 70.02811735 25.00000000
20.30610610 73.92279609 25.00000000
-13.19319707 61.77280215 25.00000000
-16.38486113 49.33424969 25.00000000
-11.56344747 46.44379136 25.00000000
4.35779107 50.00951047 25.00000000
-26.82542318 63.39574013 25.00000000
-16.84429432 41.24909096 25.00000000
18.53550440 53.21634045 25.00000000
19.41551531 52.74179696 25.00000000
19.12301006 51.80393608 25.00000000
30.09014635 32.71887934 25.00000000
0.10125809 50.68066371 25.00000000
31.07500570 34.88188199 25.00000000
28.72049582 44.51417044 25.00000000
29.31818590 43.56320023 25.00000000
-26.49574555 53.84608985 25.00000000
21.46622788 79.17615719 25.00000000
21.55351815 34.29034850 25.00000000
15.05672657 33.43550868 25.00000000
31.53753248 43.32886825 25.00000000
-1.81217786 51.82825083 25.00000000
23.07916788 59.53392213 25.00000000
-4.00423690 81.91811660 25.00000000
-25.55348170 35.80502318 25.00000000
-0.18222873 59.78826997 25.00000000
-20.53849303 43.19720139 25.00000000
13.80256371 60.29584536 25.00000000
4.48255667 56.04104284 25.00000000
3.88277942 57.01567218 25.00000000
-24.47481701 73.00198293 25.00000000
13.85288579 39.53751623 25.00000000
18.68838295 84.49718279 25.00000000
-6.68764669 72.92953739 25.00000000
12.97851046 52.50173078 25.00000000
13.46904849 51.90997898 25.00000000
10.12693172 82.65098259 25.00000000
-5.26335945 71.73199714 25.00000000
-6.06124075 72.54316374 25.00000000
-11.65351449 37.49467507 25.00000000
5.84324022 65.93751452 25.00000000
-12.80336511 51.45721497 25.00000000
34.21114452 32.62654373 25.00000000
-34.18154089 32.64218334 25.00000000
11.18909094 66.01779184 25.00000000
-13.29959738 33.55882639 25.00000000
27.12495430 44.82669735 25.00000000
28.01080930 45.38626708 25.00000000
-3.81486996 52.56752156 25.00000000
-25.19900026 57.42676316 25.00000000
-5.15123259 68.96447694 25.00000000
31.44869689 32.47698851 25.00000000
10.28231489 67.24957187 25.00000000
-12.27584821 69.92302128 25.00000000
-12.13093014 68.45517158 25.00000000
12.37900607 55.13744747 25.00000000
12.38719375 53.70559257 25.00000000
22.90984680 62.75694157 25.00000000
-32.35252950 40.31612560 25.00000000
13.27029608 77.87194049 25.00000000
10.02456366 55.15583230 25.00000000
13.03759354 64.67714237 25.00000000
-23.32818354 60.39099622 25.00000000
15.54782843 45.60633622 25.00000000
0.26336631 57.56036239 25.00000000
-0.91717926 56.93785180 25.00000000
-0.82512150 58.29345314 25.00000000
9.83711500 66.52222679 25.00000000
-7.67818440 54.39031242 25.00000000
-7.55325399 83.30655318 25.00000000
-3.79168851 33.52048116 25.00000000
-18.77340898 77.59400331 25.00000000
29.56256565 37.68245687 25.00000000
10.80584616 43.20802033 25.00000000
28.68681000 41.84296247 25.00000000
28.34064641 40.74562402 25.00000000
1.94245272 77.59302252 25.00000000
-3.60770183 62.50633612 25.00000000
17.61679107 50.97264641 25.00000000
10.86506363 50.91598343 25.00000000
27.71657657 43.92294634 25.00000000
-27.34384791 60.14837099 25.00000000
3.25819842 81.46408841 25.00000000
8.49435324 69.62110594 25.00000000
9.02607858 70.48037593 25.00000000
0.77872316 62.64578582 25.00000000
-9.43243923 79.45810948 25.00000000
10.09003273 47.42129378 25.00000000
14.41111928 35.87321300 25.00000000
4.27852076 69.25082221 25.00000000
-4.04219286 60.15107163 25.00000000
13.12238523 55.72798059 25.00000000
8.72959310 53.30510986 25.00000000
-22.38472240 76.87974087 25.00000000
10.31060258 78.41003473 25.00000000
-14.96931095 75.30641261 25.00000000
18.35223098 59.80239494 25.00000000
-21.68071924 61.17287738 25.00000000
1.40866007 66.08459682 25.00000000
-15.91515854 77.86551221 25.00000000
-0.62490185 62.68792215 25.00000000
5.16439388 53.27061176 25.00000000
5.96881652 53.72764931 25.00000000
1.07444366 55.47585738 25.00000000
0.79703058 56.54682419 25.00000000
-0.22746143 56.13281755 25.00000000
-1.88848220 54.14734443 25.00000000
-25.74491200 55.02252381 25.00000000
-24.39895921 38.99862820 25.00000000
-6.50199834 42.26274874 25.00000000
-17.59313959 72.13654457 25.00000000
-17.90542273 72.79572514 25.00000000
-27.10049654 45.55432331 25.00000000
-18.88693379 71.76927552 25.00000000
5.37594848 79.37354344 25.00000000
-21.34352358 77.04274985 25.00000000
-11.61232795 56.90865575 25.00000000
-21.23285991 75.98684480 25.00000000
-3.34363290 37.53957292 25.00000000
-4.47205277 72.91127502 25.00000000
-12.34385262 32.57008049 25.00000000
10.59492464 65.59353172 25.00000000
-26.47720020 59.84461911 25.00000000
12.47964162 32.47779432 25.00000000
10.79513963 39.59914639 25.00000000
15.75388588 52.99655092 25.00000000
-0.92687502 35.89185983 25.00000000
14.46619587 49.36585523 25.00000000
1.05608783 83.96731141 25.00000000
-24.64145423 48.41920495 25.00000000
-7.01008778 65.23971857 25.00000000
14.08716492 62.67198944 25.00000000
4.13108175 44.19027485 25.00000000
14.13554382 66.10450899 25.00000000
-26.88742939 62.08706633 25.00000000
-11.35414664 59.28019840 25.00000000
0.74493156 35.73445287 25.00000000
-8.36733116 77.00023256 25.00000000
20.93824876 71.05160687 25.00000000
10.49979569 68.75526439 25.00000000
6.55047135 42.70439680 25.00000000
11.27127474 64.50016365 25.00000000
-0.62559945 83.34019036 25.00000000
-15.76972101 70.87315105 25.00000000
-14.60460878 59.33569898 25.00000000
-25.00802654 54.06637031 25.00000000
8.13052843 63.32741327 25.00000000
-26.05954539 43.52212638 25.00000000
-21.67989705 84.23430350 25.00000000
28.15798154 56.08349889 25.00000000
-23.34698809 72.19034671 25.00000000
8.12020629 33.57788177 25.00000000
13.41347369 80.92201325 25.00000000
-23.16205666 40.87083181 25.00000000
-22.34800516 54.14395008 25.00000000
-15.41487841 57.65709639 25.00000000
7.39691685 54.02294959 25.00000000
-25.50581571 47.31244687 25.00000000
5.94241626 73.59843501 25.00000000
9.23099120 36.56505275 25.00000000
-28.63527903 32.59596491 25.00000000
-29.51637317 38.58649250 25.00000000
-5.76770876 81.97659780 25.00000000
13.86652348 57.20313200 25.00000000
-30.98787925 41.48440998 25.00000000
-4.49968224 49.31512618 25.00000000
25.21044591 54.49110252 25.00000000
-20.76175239 58.18336847 25.00000000
-28.65319469 48.10612252 25.00000000
-1.16667117 49.95176629 25.00000000
-3.06631786 51.03866666 25.00000000
-16.01178484 59.78569546 25.00000000
-13.16080888 82.71754600 25.00000000
0.15287556 43.97122695 25.00000000
1.24273845 43.42561648 25.00000000
1.27919434 44.65054145 25.00000000
-26.53510323 48.02816488 25.00000000
23.14643485 67.02566238 25.00000000
-28.54021338 55.26558615 25.00000000
24.49126759 55.70428782 25.00000000
20.30708698 75.20545426 25.00000000
5.40871914 77.29921696 25.00000000
4.28838793 77.40674925 25.00000000
-13.19355058 85.43302617 25.00000000
1.04959780 63.98270726 25.00000000
3.42836521 78.54011917 25.00000000
-7.26024440 37.42418412 25.00000000
-20.34014664 77.15387710 25.00000000
16.75002811 38.28180096 25.00000000
-4.81229855 74.33616527 25.00000000
1.87563936 48.93110957 25.00000000
0.89942673 48.05787573 25.00000000
2.05012823 60.11564437 25.00000000
-15.01413390 49.86877530 25.00000000
10.48157811 58.93084804 25.00000000
9.53757524 49.55896679 25.00000000
10.92938218 49.42734757 25.00000000
-14.17130685 41.79642132 25.00000000
19.37434809 40.94327857 25.00000000
-26.07392958 56.51542516 25.00000000
-25.22315283 55.51627485 25.00000000
15.05991603 34.68388629 25.00000000
-21.01706134 74.97274345 25.00000000
-19.97394663 75.16440247 25.00000000
-19.96292709 73.97602932 25.00000000
-15.76215612 48.06869536 25.00000000
-14.73658651 47.63072816 25.00000000
-14.33934094 48.36312915 25.00000000
7.50881673 50.24455489 25.00000000
4.88909115 75.33512383 25.00000000
12.65682062 49.77500745 25.00000000
14.02135985 55.08521142 25.00000000
13.45089076 74.41813917 25.00000000
30.17632743 44.49241294 25.00000000
-11.72515269 60.67728816 25.00000000
5.66009164 85.48426223 25.00000000
10.98562532 53.33504873 25.00000000
-9.20727825 71.99296071 25.00000000
-13.51784124 56.96549726 25.00000000
-6.96773402 79.42307680 25.00000000
8.91911034 85.37182679 25.00000000
-8.50309386 82.90157089 25.00000000
19.03104265 78.24888708 25.00000000
-24.05800357 36.03164956 25.00000000
4.89047128 57.47914322 25.00000000
-13.02488713 76.85309281 25.00000000
-15.69059476 73.80435462 25.00000000
0.44039192 84.34919451 25.00000000
-7.82010978 61.11889239 25.00000000
22.90019888 72.04285115 25.00000000
-13.47928448 112.58465013 -15.00000000
-12.48081897 112.58465013 -15.00000000
-11.48235345 112.58465013 -15.00000000
-10.48388793 112.58465013 -15.00000000
-9.48542241 112.58465013 -15.00000000
-8.48695690 112.58465013 -15.00000000
-7.48849138 112.58465013 -15.00000000
-6.49002586 112.58465013 -15.00000000
-5.49156034 112.58465013 -15.00000000
-4.49309483 112.58465013 -15.00000000
-3.49462931 112.58465013 -15.00000000
-2.49616379 112.58465013 -15.00000000
-1.49769828 112.58465013 -15.00000000
-0.49923276 112.58465013 -15.00000000
0.49923276 112.58465013 -15.00000000
1.49769828 112.58465013 -15.00000000
2.49616379 112.58465013 -15.00000000
3.49462931 112.58465013 -15.00000000
4.49309483 112.58465013 -15.00000000
5.49156034 112.58465013 -15.00000000
6.49002586 112.58465013 -15.00000000
7.48849138 112.58465013 -15.00000000
8.48695690 112.58465013 -15.00000000
9.48542241 112.58465013 -15.00000000
10.48388793 112.58465013 -15.00000000
11.48235345 112.58465013 -15.00000000
12.48081897 112.58465013 -15.00000000
13.47928448 112.58465013 -15.00000000
0.99846552 101.85750642 -15.00000000
-6.49536181 99.10221235 -15.00000000
7.28011904 98.32405717 -15.00000000
7.35298721 105.45481126 -15.00000000
-4.67581210 105.72188885 -15.00000000
-1.03412500 96.67725864 -15.00000000
2.19283253 107.15887613 -15.00000000
-9.41405812 107.51793048 -15.00000000
-9.66967332 102.71529660 -15.00000000
-9.80514692 95.79770151 -15.00000000
3.47379400 95.72957805 -15.00000000
-5.17062500 95.21523163 -15.00000000
10.25258197 101.36616483 -15.00000000
-2.68784225 100.31502394 -15.00000000
10.26884100 95.34350034 -15.00000000
10.40519917 108.19480806 -15.00000000
-1.67198326 108.49809498 -15.00000000
5.99079310 108.90708163 -15.00000000
5.16341628 101.91143682 -15.00000000
-0.71010377 105.02766364 -15.00000000
-5.99079310 109.04544542 -15.00000000
-9.95823542 99.26082368 -15.00000000
-5.43997947 102.37202749 -15.00000000
10.72219056 104.77169636 -15.00000000
6.83449642 94.88848065 -15.00000000
1.72056384 98.58528344 -15.00000000
4.30503524 104.89005169 -15.00000000
10.29146116 98.35491560 -15.00000000
-7.38965454 104.57887689 -15.00000000
-2.43876254 94.06869232 -15.00000000
0.79901454 94.20166554 -15.00000000
-11.44236379 105.21776558 -15.00000000
0.99846552 109.76327361 -15.00000000
-3.98048920 97.79008105 -15.00000000
4.49410913 98.32203101 -15.00000000
-11.51077695 109.61753609 -15.00000000
-3.00729043 103.57917591 -15.00000000
-7.68472489 93.94028374 -15.00000000
-8.45129007 109.95994420 -15.00000000
-11.90917118 101.36616483 -15.00000000
7.82340681 102.71593088 -15.00000000
3.49402669 109.33166382 -15.00000000
-11.87555867 97.44112300 -15.00000000
-11.37537500 93.71147136 -15.00000000
1.78005239 104.32424472 -15.00000000
12.01245444 110.12048203 -15.00000000
-8.15041771 100.84910011 -15.00000000
4.72523852 93.59528282 -15.00000000
8.98618966 110.18877031 -15.00000000
3.09750924 100.60492715 -15.00000000
-0.64021811 99.05109765 -15.00000000
-6.73908344 106.82746324 -15.00000000
-8.29927349 97.59921391 -15.00000000
12.24579721 96.48856253 -15.00000000
1.32909574 96.37890447 -15.00000000
-2.99539655 110.35757601 -15.00000000
8.06568141 107.73090749 -15.00000000
12.10531358 99.88421042 -15.00000000
12.28070424 102.34168529 -15.00000000
11.37537500 93.36433536 -15.00000000
7.01584935 100.58628812 -15.00000000
8.76626621 93.49627648 -15.00000000
-11.61625846 107.41547879 -15.00000000
-0.94556374 102.85526269 -15.00000000
5.53963232 106.73418104 -15.00000000
-3.93731096 107.93599788 -15.00000000
-2.54145850 106.24020515 -15.00000000
12.14189882 106.62939908 -15.00000000
8.80094772 96.86031896 -15.00000000
-4.39541257 93.23445463 -15.00000000
3.19754224 102.73335444 -15.00000000
5.44035320 96.45260662 -15.00000000
6.04996113 103.77991456 -15.00000000
-6.27784371 97.00711085 -15.00000000
-9.33615535 105.40486378 -15.00000000
0.26877159 107.85257380 -15.00000000
-0.94559000 110.41576161 -15.00000000
-3.27589506 95.90193216 -15.00000000
-4.58691313 99.69389774 -15.00000000
9.54748953 106.38914826 -15.00000000
2.65762955 93.22187420 -15.00000000
7.02576931 110.62933997 -15.00000000
8.77241264 99.64493542 -15.00000000
-12.48308338 99.39858524 -15.00000000
-12.43534368 103.38402453 -15.00000000
12.59161777 104.25588329 -15.00000000
-4.92147264 110.67943274 -15.00000000
6.53975582 93.00247313 -15.00000000
4.99232759 110.65141233 -15.00000000
-0.88457262 100.94582123 -15.00000000
-7.76638445 102.71324367 -15.00000000
-11.67344944 95.56986223 -15.00000000
-7.94967740 95.77685713 -15.00000000
-9.48518145 93.10216704 -15.00000000
5.22667975 100.04253536 -15.00000000
-6.76819900 110.72108660 -15.00000000
0.88144065 105.90247122 -15.00000000
-2.18471351 98.08778475 -15.00000000
-7.64292026 108.36761270 -15.00000000
8.87395831 104.30620851 -15.00000000
12.74308114 94.53752161 -15.00000000
12.65891520 108.39651059 -15.00000000
-9.87887376 100.99348304 -15.00000000
-10.03786299 97.52235897 -15.00000000
10.69607076 103.04015388 -15.00000000
-6.37903473 100.86989391 -15.00000000
-4.07186353 101.33288557 -15.00000000
-4.71663326 103.96910966 -15.00000000
-1.03412500 92.91069538 -15.00000000
2.99539655 110.95824940 -15.00000000
11.99158410 98.17877528 -15.00000000
7.13264387 96.55760639 -15.00000000
3.81624622 106.55261348 -15.00000000
8.51293295 95.18108822 -15.00000000
-6.18042514 92.93327875 -15.00000000
1.45841150 100.24321900 -15.00000000
2.76701335 97.26169880 -15.00000000
-9.98465517 110.87187608 -15.00000000
0.29250031 97.67672418 -15.00000000
-12.83119257 106.21361045 -15.00000000
4.56396898 108.07004636 -15.00000000
-2.40726123 101.99019065 -15.00000000
-8.32858933 99.22890883 -15.00000000
-0.85113107 94.89626019 -15.00000000
-1.09884605 106.98103449 -15.00000000
8.61408540 101.27813846 -15.00000000
-12.86716930 94.42529684 -15.00000000
-12.75420833 92.75818837 -15.00000000
-12.74394955 110.85649905 -15.00000000
1.03412500 92.65211157 -15.00000000
-12.81348576 108.57638260 -15.00000000
12.88169484 92.73945709 -15.00000000
0.29317338 103.81996059 -15.00000000
2.26792792 94.73537514 -15.00000000
7.50888567 109.16690623 -15.00000000
-9.91925543 109.23674028 -15.00000000
-10.88760850 103.73164053 -15.00000000
-10.48589679 106.39918263 -15.00000000
4.57535798 103.38853245 -15.00000000
10.49035660 109.75731303 -15.00000000
2.55739841 105.65841760 -15.00000000
-5.24307396 107.14131077 -15.00000000
10.30689280 96.84900710 -15.00000000
10.26269346 99.86041978 -15.00000000
5.76033662 105.25109506 -15.00000000
-13.04802017 96.48856253 -15.00000000
-2.48349750 92.58352591 -15.00000000
-8.24946034 106.50289651 -15.00000000
4.82577263 95.08827103 -15.00000000
-8.71677581 103.87601092 -15.00000000
-6.15470640 105.43998240 -15.00000000
-6.18999725 103.67407266 -15.00000000
-4.54506998 109.26621769 -15.00000000
10.98312069 111.18815063 -15.00000000
-3.86945890 94.58238110 -15.00000000
9.25593669 102.91172958 -15.00000000
13.09017849 111.12136944 -15.00000000
-8.14001128 92.56539364 -15.00000000
-11.17940437 100.08581286 -15.00000000
1.54136107 111.12206714 -15.00000000
1.57119983 108.44986256 -15.00000000
-13.00186641 104.74725192 -15.00000000
9.99654167 92.60360864 -15.00000000
-3.32440394 99.04755494 -15.00000000
-4.56337738 96.49702669 -15.00000000
-5.24299839 98.43642385 -15.00000000
-0.28585123 109.15906810 -15.00000000
-6.53738011 95.60872098 -15.00000000
-9.05014759 94.52056397 -15.00000000
4.13607413 96.96417606 -15.00000000
3.16665147 99.07858133 -15.00000000
5.88745586 97.85310773 -15.00000000
8.67507956 98.25148357 -15.00000000
6.45412238 102.44359010 -15.00000000
7.42198615 104.05682333 -15.00000000
-11.36603535 111.17515999 -15.00000000
10.14041149 93.97278723 -15.00000000
-11.28112697 98.69862071 -15.00000000
-3.62326533 104.82051073 -15.00000000
-2.15608709 104.77505672 -15.00000000
-4.10065836 102.72777484 -15.00000000
6.96283200 106.82660515 -15.00000000
3.53846335 94.25559579 -15.00000000
-6.37562804 94.26876837 -15.00000000
-1.99650300 111.30295922 -15.00000000
6.22504953 99.14942052 -15.00000000
13.20188444 97.46408299 -15.00000000
-13.09016437 98.13716165 -15.00000000
7.82244707 92.48540445 -15.00000000
13.00934566 101.05468568 -15.00000000
0.35831161 95.46210877 -15.00000000
-1.94546522 95.68371996 -15.00000000
-8.03379836 111.27821275 -15.00000000
9.07880749 108.75277966 -15.00000000
-10.98906625 102.37213075 -15.00000000
-13.10319753 100.64695324 -15.00000000
-13.09381381 102.13479174 -15.00000000
-10.72888331 92.48048175 -15.00000000
-10.62959309 94.78419027 -15.00000000
0.16331732 111.24273845 -15.00000000
10.80883236 106.89653656 -15.00000000
11.42460871 94.69077077 -15.00000000
-2.98930165 108.96122934 -15.00000000
13.16513579 98.78399243 -15.00000000
5.34944209 92.43248131 -15.00000000
1.83779745 102.94875600 -15.00000000
2.32916672 101.70241070 -15.00000000
3.15180773 104.11954462 -15.00000000
13.26787345 107.25915401 -15.00000000
3.79179167 92.45068887 -15.00000000
11.47617901 108.92001209 -15.00000000
-10.84318507 96.53566365 -15.00000000
3.22344903 108.01769180 -15.00000000
2.24219430 109.52404124 -15.00000000
4.78593868 109.37534484 -15.00000000
-7.25861257 109.56406796 -15.00000000
13.18664043 109.57759059 -15.00000000
13.07989321 105.57776154 -15.00000000
11.82356881 105.40133407 -15.00000000
-10.94004420 108.48664222 -15.00000000
5.75923442 94.27553507 -15.00000000
11.60278924 101.15507200 -15.00000000
8.20059126 111.27502691 -15.00000000
9.68170978 111.29379664 -15.00000000
0.14319836 100.11525005 -15.00000000
5.99079310 111.42465097 -15.00000000
4.32688054 100.94759808 -15.00000000
-2.94375760 97.10141473 -15.00000000
-8.85185750 108.61682342 -15.00000000
-2.23506269 107.41857233 -15.00000000
9.25962114 107.56035007 -15.00000000
-8.94511667 101.75364721 -15.00000000
-7.25510493 100.03987770 -15.00000000
0.54707536 98.85317288 -15.00000000
-1.88438435 99.32607595 -15.00000000
-0.89586974 97.87391833 -15.00000000
8.61237844 105.54115703 -15.00000000
6.87825049 108.05440297 -15.00000000
11.66856608 107.72707474 -15.00000000
7.52776334 93.81410418 -15.00000000
-3.99386207 111.47163244 -15.00000000
11.19364999 99.12518188 -15.00000000
13.36417477 103.31720575 -15.00000000
-13.25726909 107.39825592 -15.00000000
-5.24654436 101.20651111 -15.00000000
-6.59895397 102.57146195 -15.00000000
-7.30261711 105.77331107 -15.00000000
-9.12684391 100.09089033 -15.00000000
-7.46285448 98.42937100 -15.00000000
-9.15998084 98.39884217 -15.00000000
-9.13345062 96.76636608 -15.00000000
-6.52275612 107.98969803 -15.00000000
-4.12049130 106.76688089 -15.00000000
-7.30363944 101.64628408 -15.00000000
-3.64594431 92.30248767 -15.00000000
11.16578577 96.07406425 -15.00000000
13.24361388 95.70399273 -15.00000000
-2.00225086 109.66372435 -15.00000000
-10.34222465 104.78183151 -15.00000000
-12.65419959 109.71264342 -15.00000000
5.91251818 101.00127290 -15.00000000
7.56639153 99.50405023 -15.00000000
7.52029294 101.61293753 -15.00000000
13.31709399 99.93510907 -15.00000000
4.25256973 99.44108783 -15.00000000
-1.82779997 103.64051379 -15.00000000
11.81002905 92.28411194 -15.00000000
-5.17062500 92.27708835 -15.00000000
-5.99079310 111.55758678 -15.00000000
8.44709164 106.66301114 -15.00000000
-0.27915548 106.12879451 -15.00000000
11.48594865 103.89420705 -15.00000000
13.38330325 102.11616552 -15.00000000
9.65265958 105.11632610 -15.00000000
0.06453916 93.29761180 -15.00000000
1.65604750 97.45881257 -15.00000000
2.34555045 95.86962432 -15.00000000
-5.02019170 108.24519290 -15.00000000
-5.22963848 94.05005054 -15.00000000
5.65590423 107.84332713 -15.00000000
4.83405574 105.87121624 -15.00000000
9.89917563 103.83748243 -15.00000000
0.09215042 96.56248487 -15.00000000
3.99386207 111.54158635 -15.00000000
-11.58622637 106.31211875 -15.00000000
-1.45277641 105.89523104 -15.00000000
-0.19571337 101.92351949 -15.00000000
2.08696016 92.25004162 -15.00000000
8.92548523 92.25039138 -15.00000000
-9.80161284 103.79511488 -15.00000000
-0.17217897 92.21647418 -15.00000000
9.40507896 100.53054371 -15.00000000
0.38638439 104.91797250 -15.00000000
-0.90957798 111.52443724 -15.00000000
11.07345971 97.60989573 -15.00000000
-5.70857136 99.93810386 -15.00000000
-3.28421751 93.35090148 -15.00000000
-10.53466404 107.48170475 -15.00000000
3.43062193 101.65583569 -15.00000000
-0.78380998 103.92521987 -15.00000000
10.84739863 105.83077746 -15.00000000
-13.51369641 103.31720575 -15.00000000
-9.30811541 106.46386691 -15.00000000
-8.40523588 104.89211426 -15.00000000
9.54836389 96.11494471 -15.00000000
9.55947663 97.59438134 -15.00000000
7.93574705 97.48331473 -15.00000000
12.03727306 111.17443149 -15.00000000
-7.42969647 96.82132008 -15.00000000
-6.24107762 98.06977035 -15.00000000
-5.63722550 96.16493482 -15.00000000
-13.50067820 93.54498988 -15.00000000
1.77574252 93.80172413 -15.00000000
5.87469198 95.43636353 -15.00000000
11.05115174 102.05034140 -15.00000000
0.78619510 102.88918352 -15.00000000
-12.03998769 102.40958504 -15.00000000
-11.81306720 104.23278102 -15.00000000
4.20806243 102.38669939 -15.00000000
-12.72988233 95.47688930 -15.00000000
5.20460649 104.37759226 -15.00000000
5.51543765 102.88897198 -15.00000000
2.41364544 99.80920972 -15.00000000
13.54229963 93.56200115 -15.00000000
-10.86547906 101.33532283 -15.00000000
8.03511786 100.42364601 -15.00000000
-13.53998467 99.41512391 -15.00000000
-5.59828701 104.54555512 -15.00000000
-5.24346439 97.34748252 -15.00000000
0.06805464 110.21351303 -15.00000000
-9.08579396 92.14913901 -15.00000000
6.58831307 104.64999619 -15.00000000
-0.68755788 108.21756947 -15.00000000
1.22428987 107.48766254 -15.00000000
-11.79637251 92.21948193 -15.00000000
1.30870435 95.08713969 -15.00000000
-13.54313818 110.21834375 -15.00000000
-9.94554168 94.01927594 -15.00000000
6.00615215 110.37355093 -15.00000000
9.21389390 94.42503494 -15.00000000
3.60731579 97.82972769 -15.00000000
0.43376940 106.85115423 -15.00000000
-7.21648248 94.84700406 -15.00000000
3.94405258 110.48066498 -15.00000000
-4.21296351 95.53017196 -15.00000000
-2.92896473 94.95260034 -15.00000000
12.23390086 95.44663572 -15.00000000
7.94118403 110.12073224 -15.00000000
7.00061902 111.66769818 -15.00000000
-3.65453581 105.84921883 -15.00000000
-2.97207918 111.66087631 -15.00000000
-12.13454048 100.38956040 -15.00000000
5.00429665 111.68751698 -15.00000000
-4.98466583 111.69261104 -15.00000000
4.52734548 96.04329117 -15.00000000
-4.29106159 98.73964488 -15.00000000
-3.74362799 100.32931730 -15.00000000
-6.98971795 111.70644966 -15.00000000
-3.15573086 107.02894426 -15.00000000
-1.36335005 93.94225243 -15.00000000
-7.06381934 92.23585556 -15.00000000
9.44522105 98.89781423 -15.00000000
-9.10716471 111.54525279 -15.00000000
0.65279106 108.83095603 -15.00000000
-8.62880145 93.61542101 -15.00000000
-13.61110962 109.17032852 -15.00000000
6.48054215 105.94805649 -15.00000000
-10.57087916 110.02955338 -15.00000000
-8.41109534 107.69806753 -15.00000000
5.04059212 97.35184640 -15.00000000
13.49114122 104.67473601 -15.00000000
-2.03525534 96.68082195 -15.00000000
-3.96228334 110.49547248 -15.00000000
-5.36692007 109.80405608 -15.00000000
7.57205367 95.61792570 -15.00000000
13.61586656 108.17717600 -15.00000000
0.35719371 101.09125244 -15.00000000
12.28465693 103.32339234 -15.00000000
-13.44362500 92.04970765 -15.00000000
-5.86411210 106.37917839 -15.00000000
6.64774341 109.63351615 -15.00000000
5.21913902 99.02953394 -15.00000000
-0.55179384 95.82691683 -15.00000000
6.92213888 92.10153087 -15.00000000
-1.18893882 101.89179402 -15.00000000
-1.67623360 100.31603876 -15.00000000
3.34514163 105.07845788 -15.00000000
8.25217546 103.57482314 -15.00000000
-8.71806747 102.67850191 -15.00000000
-7.20844931 103.57143246 -15.00000000
8.03138800 104.78759762 -15.00000000
-12.16347974 98.34647191 -15.00000000
-13.46425085 111.57052753 -15.00000000
5.64997308 93.33274434 -15.00000000
-7.60878252 107.19805709 -15.00000000
-11.55944884 94.63504714 -15.00000000
-11.78378680 96.50449001 -15.00000000
7.01454505 103.20431586 -15.00000000
6.20245128 100.09790534 -15.00000000
-11.88618277 108.33490439 -15.00000000
11.17909162 100.25274848 -15.00000000
-8.16364489 94.85415153 -15.00000000
-8.88056576 95.50656073 -15.00000000
2.64523130 98.24087885 -15.00000000
-9.99956534 108.27948597 -15.00000000
13.52718704 92.03912785 -15.00000000
-7.64041788 110.40834244 -15.00000000
-5.84611303 110.64363434 -15.00000000
-6.39005864 109.87836555 -15.00000000
-3.13965629 102.62140870 -15.00000000
-2.87231521 105.35816730 -15.00000000
-0.44827136 94.06544731 -15.00000000
10.92280862 92.55467582 -15.00000000
-10.96999718 97.78230081 -15.00000000
10.03452644 102.31967525 -15.00000000
-1.81232027 94.76020121 -15.00000000
12.32714929 109.25988337 -15.00000000
-1.72354167 92.01042003 -15.00000000
-0.79214829 99.98339405 -15.00000000
-13.68885695 101.36616483 -15.00000000
6.61152626 93.92227798 -15.00000000
-1.85515171 101.23459275 -15.00000000
-10.11861339 101.89622713 -15.00000000
-13.59750230 95.75990999 -15.00000000
3.82599140 93.37572043 -15.00000000
-3.09297014 98.00147835 -15.00000000
-3.67095964 109.60458039 -15.00000000
1.64863541 105.29435777 -15.00000000
1.79020366 106.26653104 -15.00000000
-7.09884176 93.18840608 -15.00000000
13.60043628 106.37076902 -15.00000000
-6.05166673 92.02634560 -15.00000000
-13.56923361 97.30007666 -15.00000000
12.35732286 93.60340815 -15.00000000
13.58657020 94.86620532 -15.00000000
2.77096554 108.79571391 -15.00000000
-12.20357907 111.65832936 -15.00000000
6.79110976 97.47550145 -15.00000000
0.90382578 111.77036993 -15.00000000
8.30931606 94.28934036 -15.00000000
-6.49309710 104.60918428 -15.00000000
-10.29399404 98.40514660 -15.00000000
-3.07337728 101.24068012 -15.00000000
-1.10974966 109.52805956 -15.00000000
-13.53427966 105.55233297 -15.00000000
-8.05481566 109.15986411 -15.00000000
-10.54019476 111.63909379 -15.00000000
-9.42038214 110.07556926 -15.00000000
8.39426160 109.34050854 -15.00000000
-3.00306192 107.95075291 -15.00000000
-5.31516164 93.15974065 -15.00000000
13.70768434 96.48856253 -15.00000000
-13.70503864 108.19480806 -15.00000000
-6.14096890 101.76565849 -15.00000000
-10.79328183 95.65298889 -15.00000000
9.17694554 101.99987598 -15.00000000
-1.98262593 93.31169601 -15.00000000
2.60743937 103.40773475 -15.00000000
8.93460846 111.80064513 -15.00000000
-1.44359189 98.56360249 -15.00000000
-11.48950235 103.09301809 -15.00000000
-4.51766070 104.84134066 -15.00000000
-3.90168581 103.60000583 -15.00000000
-4.91560581 103.09687867 -15.00000000
-13.68075571 104.18361621 -15.00000000
-2.28394053 102.87378206 -15.00000000
-12.02657221 110.33733756 -15.00000000
8.35495437 96.07249899 -15.00000000
1.99693103 111.86761060 -15.00000000
1.16723089 103.68697618 -15.00000000
1.73804385 110.25563239 -15.00000000
-4.59987252 100.58838135 -15.00000000
-6.82880771 108.80580398 -15.00000000
2.54341643 104.74115348 -15.00000000
9.86310226 110.40822694 -15.00000000
2.34301576 108.02634876 -15.00000000
-9.99669003 100.13073223 -15.00000000
3.98105429 105.69793437 -15.00000000
4.66924767 106.72589535 -15.00000000
3.10172062 107.11597089 -15.00000000
3.93442937 107.43731667 -15.00000000
-9.97657263 91.97148721 -15.00000000
9.96437411 109.00240633 -15.00000000
-0.08267518 103.02491555 -15.00000000
11.52758676 102.77985193 -15.00000000
0.80695671 110.66414335 -15.00000000
-3.80321440 96.93226290 -15.00000000
-10.55143496 93.35893136 -15.00000000
-13.61408094 106.60097756 -15.00000000
-9.98696613 96.64099732 -15.00000000
-6.95835619 97.56262112 -15.00000000
9.41063100 95.26415072 -15.00000000
6.68666153 101.38528811 -15.00000000
-13.61328369 94.88413940 -15.00000000
-4.72611939 101.89169346 -15.00000000
2.93272599 92.40686738 -15.00000000
-8.85173945 110.72259877 -15.00000000
11.90027159 97.30081802 -15.00000000
12.04316582 99.03184516 -15.00000000
-12.43276496 107.02585657 -15.00000000
-12.16256806 105.67972084 -15.00000000
6.69622380 95.78095145 -15.00000000
-8.28002245 96.74575395 -15.00000000
2.96514225 110.05925456 -15.00000000
3.17789674 111.79205145 -15.00000000
-12.71451009 97.27590465 -15.00000000
2.19676403 100.79201819 -15.00000000
6.27072152 96.75938607 -15.00000000
1.00138415 98.13909527 -15.00000000
-3.85361208 108.77818698 -15.00000000
2.10055606 96.73478584 -15.00000000
2.98851778 96.43479831 -15.00000000
10.10301330 107.38897772 -15.00000000
12.58496849 91.94904149 -15.00000000
4.56529988 91.98671780 -15.00000000
1.19564925 101.04102033 -15.00000000
1.66328558 99.42592012 -15.00000000
-11.94950888 93.06808426 -15.00000000
-9.52598445 104.58758493 -15.00000000
8.23860471 98.98209679 -15.00000000
-9.04544015 100.92330267 -15.00000000
13.79152194 101.36616483 -15.00000000
-12.58380776 91.94028231 -15.00000000
-12.65218833 93.60248238 -15.00000000
0.85163824 99.65679029 -15.00000000
13.79927487 110.14584898 -15.00000000
12.44407609 107.41059365 -15.00000000
-0.20784319 98.34084748 -15.00000000
0.79095544 97.01196564 -15.00000000
6.22247149 107.22326637 -15.00000000
5.23527371 108.56034086 -15.00000000
4.15834069 108.81054713 -15.00000000
-1.53233359 97.34113529 -15.00000000
-8.12622527 101.67172356 -15.00000000
8.08661923 108.56497161 -15.00000000
-0.41069224 97.21154722 -15.00000000
8.23948833 102.00844135 -15.00000000
3.50964187 99.85885747 -15.00000000
-2.16816878 110.48393364 -15.00000000
-9.11603685 97.58310270 -15.00000000
7.94714976 106.01624970 -15.00000000
-8.34455802 98.41351044 -15.00000000
-9.14401215 99.21424056 -15.00000000
-8.30997796 100.04675451 -15.00000000
-7.50396917 99.25332747 -15.00000000
-10.66713194 105.56802631 -15.00000000
-1.86226212 106.69262005 -15.00000000
-0.30476952 107.24377230 -15.00000000
-1.35240009 107.75203746 -15.00000000
10.56845333 93.28405861 -15.00000000
-8.55611243 105.71962873 -15.00000000
4.62575763 92.79294033 -15.00000000
-1.36609537 104.51783557 -15.00000000
0.11674404 94.67038121 -15.00000000
6.07361544 91.97154645 -15.00000000
-7.18748812 100.84585699 -15.00000000
-9.81049494 94.82837183 -15.00000000
4.02283053 104.06415248 -15.00000000
-13.83672474 98.43960345 -15.00000000
-12.51325287 107.82809800 -15.00000000
7.57991139 94.60861564 -15.00000000
-3.51493638 101.91143908 -15.00000000
10.69367706 103.83465673 -15.00000000
5.12423319 100.84049911 -15.00000000
-10.71357338 109.24807538 -15.00000000
-10.31080146 103.18492899 -15.00000000
12.59526807 111.77379131 -15.00000000
1.89200176 93.01799061 -15.00000000
-12.12929869 109.10231403 -15.00000000
5.34235887 109.94007465 -15.00000000
-5.27079309 99.25081843 -15.00000000
13.72602621 108.97692591 -15.00000000
-11.08239976 104.52004125 -15.00000000
1.06098446 93.44880028 -15.00000000
1.35846232 91.92192190 -15.00000000
3.54578215 103.43869345 -15.00000000
-9.14368350 109.34324851 -15.00000000
-0.95038552 92.13245912 -15.00000000
11.30440593 109.71676456 -15.00000000
-13.85311808 100.39064437 -15.00000000
2.53602998 93.99748566 -15.00000000
2.84340932 95.26577262 -15.00000000
0.58260140 92.01442551 -15.00000000
3.04348665 106.30730331 -15.00000000
13.86688895 98.43960345 -15.00000000
-6.48873377 99.88420623 -15.00000000
-4.40221447 91.92540451 -15.00000000
-9.92461649 106.93425897 -15.00000000
-13.74137004 102.57059895 -15.00000000
12.82178305 110.32969583 -15.00000000
-7.76027285 91.88346704 -15.00000000
10.42501462 91.92304075 -15.00000000
11.50445293 104.68144142 -15.00000000
6.00363273 101.78990593 -15.00000000
6.78297245 108.84340542 -15.00000000
-7.91398186 103.96454955 -15.00000000
11.07730273 96.83943594 -15.00000000
9.57912841 109.68121217 -15.00000000
13.88343227 99.41512391 -15.00000000
-5.71952811 107.81195240 -15.00000000
-0.19238951 104.41414270 -15.00000000
-5.89701363 93.66489596 -15.00000000
3.96177752 95.01257801 -15.00000000
4.34198377 94.30310934 -15.00000000
-5.70741112 94.65833351 -15.00000000
-4.62160815 107.59027395 -15.00000000
-5.08748600 106.38042835 -15.00000000
3.76639171 98.58803057 -15.00000000
2.39355498 98.97866027 -15.00000000
12.71534830 99.41128320 -15.00000000
-8.79920060 107.03706488 -15.00000000
13.64941743 92.79942651 -15.00000000
11.39948977 106.38433314 -15.00000000
5.30406907 103.62159886 -15.00000000
-3.18804053 94.23103735 -15.00000000
-11.04287826 106.91645035 -15.00000000
-9.95725089 105.84857295 -15.00000000
11.05529551 98.37374622 -15.00000000
9.29489570 92.93071684 -15.00000000
9.63213038 91.90812419 -15.00000000
9.98465517 112.00021305 -15.00000000
-2.14856991 105.58975882 -15.00000000
11.51804603 111.78440565 -15.00000000
1.01067212 104.45081943 -15.00000000
13.35318851 111.83480614 -15.00000000
10.71632733 108.88874706 -15.00000000
10.62229873 110.51214362 -15.00000000
-13.81962779 96.56611763 -15.00000000
4.18998733 100.19926267 -15.00000000
13.63385513 100.62426523 -15.00000000
10.30123598 96.09591581 -15.00000000
10.31254962 97.60209838 -15.00000000
10.48190967 100.61479835 -15.00000000
9.53203803 99.65250010 -15.00000000
10.17587648 99.10573391 -15.00000000
-6.76672612 96.37456629 -15.00000000
-5.36392563 105.31163704 -15.00000000
-6.56841529 106.08254106 -15.00000000
-12.15580697 94.17166632 -15.00000000
-5.42325877 103.67149423 -15.00000000
-5.93665930 102.95296390 -15.00000000
-9.17141143 103.27774610 -15.00000000
-8.26343184 103.27676673 -15.00000000
5.01540287 105.14023831 -15.00000000
5.72872357 106.00435555 -15.00000000
-0.24377437 111.87626088 -15.00000000
-13.73752781 92.78722321 -15.00000000
-3.39671490 111.00235936 -15.00000000
7.73424291 107.01047032 -15.00000000
7.98772414 112.00769333 -15.00000000
5.00016764 107.42801259 -15.00000000
-2.53505602 98.82832092 -15.00000000
-2.58969625 99.57390794 -15.00000000
-12.23113083 104.89747988 -15.00000000
-11.25172415 110.40574345 -15.00000000
-12.92541661 101.38978083 -15.00000000
6.81344004 99.63795091 -15.00000000
9.48649187 101.29556066 -15.00000000
-2.46069670 91.82334524 -15.00000000
-10.60695775 100.60618218 -15.00000000
10.78433284 111.90457100 -15.00000000
11.50340916 110.65973608 -15.00000000
12.83654793 106.30484759 -15.00000000
8.94461099 111.01134618 -15.00000000
-12.93479657 103.97579451 -15.00000000
9.56705783 96.85456435 -15.00000000
12.73371972 101.74840048 -15.00000000
12.69206183 100.36538584 -15.00000000
5.19569137 95.72800090 -15.00000000
1.12950905 106.59949814 -15.00000000
-11.82082834 99.72244065 -15.00000000
-10.57138356 99.66952348 -15.00000000
-11.49225325 100.75564715 -15.00000000
7.89836962 96.70451933 -15.00000000
10.94311918 94.04451095 -15.00000000
-1.61961542 102.51305720 -15.00000000
13.78524306 110.88112727 -15.00000000
6.55372363 98.17748537 -15.00000000
5.25228588 98.27031896 -15.00000000
-2.89587149 104.59781067 -15.00000000
-2.55514663 96.13141133 -15.00000000
13.81690179 105.36824730 -15.00000000
10.68839470 94.73678534 -15.00000000
2.24426052 110.82608591 -15.00000000
-5.25587777 109.07689764 -15.00000000
-4.65611228 109.99337613 -15.00000000
12.97674077 96.39138027 -15.00000000
-4.66273520 94.60542331 -15.00000000
12.82160812 102.83036891 -15.00000000
-7.39276650 106.49920790 -15.00000000
9.48630567 93.63946328 -15.00000000
-8.78451365 92.90415646 -15.00000000
-7.82757899 93.22476130 -15.00000000
-4.28428716 93.96766948 -15.00000000
9.97003774 103.04284356 -15.00000000
8.98032258 103.58578842 -15.00000000
8.55899662 102.67244287 -15.00000000
4.45364432 101.68251993 -15.00000000
-12.25044471 94.90890095 -15.00000000
-5.98958677 107.11552241 -15.00000000
-2.42957066 108.44827524 -15.00000000
8.68230707 108.13272298 -15.00000000
9.67818129 108.32207820 -15.00000000
-9.80483937 111.87988136 -15.00000000
11.16350214 91.85301014 -15.00000000
8.26951634 91.87766081 -15.00000000
-2.38411126 104.09430906 -15.00000000
1.30997781 109.11753303 -15.00000000
0.91422141 108.16378762 -15.00000000
11.73702571 94.01504328 -15.00000000
15.09742273 112.58465013 20.00000000
14.12339545 112.58465013 20.00000000
13.14936818 112.58465013 20.00000000
12.17534091 112.58465013 20.00000000
11.20131364 112.58465013 20.00000000
10.22728636 112.58465013 20.00000000
9.25325909 112.58465013 20.00000000
8.27923182 112.58465013 20.00000000
7.30520455 112.58465013 20.00000000
6.33117727 112.58465013 20.00000000
5.35715000 112.58465013 20.00000000
4.38312273 112.58465013 20.00000000
3.40909545 112.58465013 20.00000000
2.43506818 112.58465013 20.00000000
1.46104091 112.58465013 20.00000000
0.48701364 112.58465013 20.00000000
-0.48701364 112.58465013 20.00000000
-1.46104091 112.58465013 20.00000000
-2.43506818 112.58465013 20.00000000
-3.40909545 112.58465013 20.00000000
-4.38312273 112.58465013 20.00000000
-5.35715000 112.58465013 20.00000000
-6.33117727 112.58465013 20.00000000
-7.30520455 112.58465013 20.00000000
-8.27923182 112.58465013 20.00000000
-9.25325909 112.58465013 20.00000000
-10.22728636 112.58465013 20.00000000
-11.20131364 112.58465013 20.00000000
-12.17534091 112.58465013 20.00000000
-13.14936818 112.58465013 20.00000000
-14.12339545 112.58465013 20.00000000
-15.09742273 112.58465013 20.00000000
4.87013636 101.85806940 20.00000000
-5.60070778 102.11352254 20.00000000
-0.36526023 97.76107225 20.00000000
0.00000000 106.12683363 20.00000000
9.65098777 97.55412019 20.00000000
9.96230822 105.26824668 20.00000000
-9.79006106 97.41290842 20.00000000
-9.74027273 106.54216198 20.00000000
4.62469311 96.77815647 20.00000000
5.12175689 107.32897449 20.00000000
-4.81730196 107.57356933 20.00000000
-5.07167172 97.42487008 20.00000000
-11.26764261 101.98572927 20.00000000
-1.27511152 101.99165212 20.00000000
8.83101008 101.45055744 20.00000000
12.10094718 108.61425661 20.00000000
12.33958493 100.15441434 20.00000000
8.43799341 108.91296751 20.00000000
12.05358750 94.77709428 20.00000000
-2.55682159 94.76525848 20.00000000
2.01463856 109.05517531 20.00000000
1.63148892 94.74027041 20.00000000
7.67046477 94.63325684 20.00000000
-12.39401195 94.80702541 20.00000000
-7.42400402 94.71196291 20.00000000
-12.44949376 108.96226968 20.00000000
1.76506911 100.43236105 20.00000000
-1.72366514 109.13104906 20.00000000
-3.02567928 104.79563711 20.00000000
-12.79648596 105.26824668 20.00000000
-7.73741592 109.24692809 20.00000000
3.04073831 104.68344684 20.00000000
-12.86578641 98.43960345 20.00000000
-7.43622399 99.53224254 20.00000000
6.85470264 99.00015962 20.00000000
12.75870311 103.45873127 20.00000000
7.09613797 104.04111688 20.00000000
-8.46872478 103.58171160 20.00000000
-2.85038947 99.43973567 20.00000000
4.91440357 93.95458947 20.00000000
-5.85672052 104.93647998 20.00000000
5.92478805 109.91117528 20.00000000
13.22260357 97.41118469 20.00000000
13.34321624 106.15302686 20.00000000
0.68753823 103.65064107 20.00000000
2.12299280 97.23548056 20.00000000
4.29404688 99.34001805 20.00000000
7.74657670 106.48268548 20.00000000
-5.33640851 110.05226508 20.00000000
-9.92777201 93.77848331 20.00000000
-13.65435522 101.36616483 20.00000000
-4.97956102 93.74757827 20.00000000
-10.76111719 99.62426867 20.00000000
-10.15023882 110.04456946 20.00000000
-7.43004147 97.09349238 20.00000000
-7.11158192 106.95447828 20.00000000
-2.75204025 97.09945526 20.00000000
-10.64167696 104.40170083 20.00000000
-5.13616659 99.83994665 20.00000000
-9.01430006 101.28624137 20.00000000
-2.14312115 106.89380350 20.00000000
2.87914829 106.95180313 20.00000000
13.75715278 110.27091122 20.00000000
6.87958646 96.74516218 20.00000000
2.59578338 102.50002446 20.00000000
10.49933243 103.03264622 20.00000000
10.71430000 110.38718120 20.00000000
9.84276235 95.29219616 20.00000000
13.83246450 93.38285729 20.00000000
-3.42250220 102.59945022 20.00000000
-0.73331654 99.89504478 20.00000000
-0.36526023 93.46443041 20.00000000
-0.33196928 95.61275133 20.00000000
9.86202614 93.19174173 20.00000000
5.19060203 105.13357296 20.00000000
14.04066300 101.36616483 20.00000000
0.17104894 110.35256429 20.00000000
-13.87875712 107.23321669 20.00000000
14.06334333 108.06062356 20.00000000
-13.92234083 93.28190119 20.00000000
-13.89001284 96.45965947 20.00000000
14.02690184 95.47778369 20.00000000
3.76846534 110.40246228 20.00000000
-13.96142814 103.47901637 20.00000000
-13.63638182 110.61175395 20.00000000
8.84313254 99.41861064 20.00000000
6.88882290 102.02608693 20.00000000
11.39078742 106.71169077 20.00000000
14.09535442 99.20584694 20.00000000
-1.08626574 104.49167468 20.00000000
-3.29824312 110.50068506 20.00000000
7.69007962 110.69280640 20.00000000
2.99550979 93.18818049 20.00000000
-12.05358750 92.96273390 20.00000000
11.47196313 98.36140309 20.00000000
10.45294794 100.44422425 20.00000000
0.12728774 108.19644798 20.00000000
-11.73811732 107.03213908 20.00000000
-6.93994432 92.93163905 20.00000000
-10.60570106 95.62399206 20.00000000
10.22597863 108.23029376 20.00000000
-5.67303066 95.57000741 20.00000000
6.60094273 93.04107306 20.00000000
6.80738237 108.06338209 20.00000000
12.04394270 92.93285472 20.00000000
-2.14205527 92.96751006 20.00000000
-8.22093946 105.44143581 20.00000000
11.28776450 96.49216886 20.00000000
3.14203118 95.73873841 20.00000000
-11.58651358 97.15158449 20.00000000
-8.80923076 95.88530787 20.00000000
1.89565619 110.84466621 20.00000000
14.24457957 104.54692956 20.00000000
3.76423096 108.54492982 20.00000000
8.88365824 103.82683825 20.00000000
-11.81777780 110.79241479 20.00000000
11.96878169 105.04065183 20.00000000
-10.38233901 108.24220397 20.00000000
-14.35729490 99.41512391 20.00000000
-7.21499832 101.31817812 20.00000000
5.72919842 100.33660421 20.00000000
-1.60383330 110.85872259 20.00000000
-3.22089836 108.25381766 20.00000000
-12.18244783 103.51182854 20.00000000
3.39411661 100.97857475 20.00000000
0.55517150 101.81679543 20.00000000
0.75475581 99.05297317 20.00000000
11.61419902 101.71804124 20.00000000
5.73317025 95.46524484 20.00000000
-14.31126014 108.96220693 20.00000000
-7.79221818 110.95086977 20.00000000
-12.42963673 100.12664655 20.00000000
-4.48797177 103.92591083 20.00000000
1.29390718 93.06817879 20.00000000
4.39850741 103.55764068 20.00000000
1.67263869 105.72592176 20.00000000
-8.58822078 107.78300956 20.00000000
-6.27489893 108.41454157 20.00000000
-9.11388059 99.02871989 20.00000000
-14.43993305 105.06441777 20.00000000
-3.71264547 106.31929755 20.00000000
8.40758977 96.11333857 20.00000000
-3.94532002 95.82439441 20.00000000
8.23221465 93.10060264 20.00000000
-4.25457284 101.20432140 20.00000000
-6.99942686 102.91655279 20.00000000
-9.81412049 102.68890833 20.00000000
2.60711712 98.90816013 20.00000000
14.27407028 102.94812010 20.00000000
-14.41093847 94.87591537 20.00000000
-6.14152504 98.60469899 20.00000000
8.10518968 97.99161039 20.00000000
7.49477084 100.50609826 20.00000000
5.76821886 97.86053429 20.00000000
-8.59717485 92.77884882 20.00000000
-2.62309849 101.06159231 20.00000000
12.25924067 110.94442849 20.00000000
9.17487170 110.26967580 20.00000000
8.90957831 107.46530607 20.00000000
1.35461889 107.24557876 20.00000000
-2.06217267 103.30824862 20.00000000
-1.57335572 98.65143279 20.00000000
-4.16527807 98.65747487 20.00000000
-14.52350711 97.87417176 20.00000000
0.71095063 96.70333109 20.00000000
-3.73331392 92.73005273 20.00000000
3.91113770 105.88538485 20.00000000
3.74676988 97.96711565 20.00000000
5.78907244 103.02829690 20.00000000
14.68829117 97.46408299 20.00000000
6.64818419 105.46787604 20.00000000
8.50367289 105.23549049 20.00000000
12.70800264 96.06311453 20.00000000
4.34453485 92.59598002 20.00000000
-11.39955512 105.62952864 20.00000000
-10.67182728 92.53968979 20.00000000
-1.75617057 96.00748215 20.00000000
-5.73444287 106.41167381 20.00000000
10.15309595 98.87893688 20.00000000
-7.21355762 104.37087768 20.00000000
14.64152455 106.75263322 20.00000000
-4.11302254 109.34787267 20.00000000
-5.61066377 92.50088436 20.00000000
12.62520924 107.33474680 20.00000000
12.80252566 98.72501222 20.00000000
-9.13152737 109.07796623 20.00000000
5.06747414 111.12614701 20.00000000
-6.33785766 111.12045143 20.00000000
8.98628760 94.23402567 20.00000000
-5.75856663 103.45822422 20.00000000
-4.51829304 111.18991437 20.00000000
11.04765760 93.86020998 20.00000000
5.15692487 108.73400427 20.00000000
7.16405611 109.36842772 20.00000000
-9.74027273 111.32821371 20.00000000
8.13149081 102.65477941 20.00000000
14.61040909 111.32170473 20.00000000
-11.25653559 94.06341996 20.00000000
-8.77766711 94.51821380 20.00000000
-14.72585633 102.28917750 20.00000000
6.42217042 111.17209726 20.00000000
-9.31047152 104.64023325 20.00000000
-14.84944008 111.12136944 20.00000000
-3.86583867 94.48888248 20.00000000
-6.15727289 94.34258995 20.00000000
-1.91205544 105.56190987 20.00000000
-0.81904024 107.21592863 20.00000000
-11.51507460 98.50184089 20.00000000
4.42529602 95.48541419 20.00000000
3.55144599 94.43573129 20.00000000
-13.05417072 102.53213322 20.00000000
6.45151880 106.78257405 20.00000000
10.01528881 106.64437213 20.00000000
-8.16511901 102.29698234 20.00000000
10.13655903 101.74452053 20.00000000
14.78311534 92.44640080 20.00000000
6.39496585 94.33474288 20.00000000
2.04771951 103.74876260 20.00000000
-0.61299357 103.19878106 20.00000000
0.60499410 104.96126893 20.00000000
14.82001562 109.17032852 20.00000000
-8.53123895 97.83550874 20.00000000
0.48424158 100.31079636 20.00000000
-4.75906029 105.58816045 20.00000000
-5.98193877 100.85138282 20.00000000
-1.49095375 94.06444899 20.00000000
1.77963020 96.00710273 20.00000000
9.86645762 111.35197991 20.00000000
-11.34827353 109.60625670 20.00000000
-6.53809614 109.65312631 20.00000000
-8.91759727 110.35818139 20.00000000
14.81862441 100.30500876 20.00000000
-10.95526081 103.19387077 20.00000000
14.76229996 94.35304246 20.00000000
11.51920631 103.82797812 20.00000000
-11.82237059 95.92148058 20.00000000
-1.55388290 97.41306560 20.00000000
5.61280123 99.09642749 20.00000000
-12.38755695 101.39303075 20.00000000
-14.77088410 100.66628716 20.00000000
12.91015512 102.11255068 20.00000000
-14.82668584 92.38114509 20.00000000
-7.33001383 98.31312888 20.00000000
-0.43596050 101.10880614 20.00000000
4.52792037 100.53487515 20.00000000
-6.94378105 105.63398001 20.00000000
-10.35502523 100.94642835 20.00000000
-10.22091183 98.54259853 20.00000000
-12.84962366 97.17635393 20.00000000
9.34428300 102.66279492 20.00000000
13.36672867 111.40505006 20.00000000
-7.60530884 95.90227567 20.00000000
-6.27221825 97.41120920 20.00000000
-7.42112879 108.10162323 20.00000000
-8.54734490 106.58982969 20.00000000
0.65559132 94.06717290 20.00000000
0.24811765 92.36101706 20.00000000
-1.01946107 92.37857346 20.00000000
3.81830473 102.48141128 20.00000000
13.13910442 92.35938169 20.00000000
-8.53121530 100.13397522 20.00000000
-5.19491766 108.88342365 20.00000000
1.07691429 97.87173768 20.00000000
13.29165791 109.08007426 20.00000000
-3.03844973 98.25962578 20.00000000
-3.94573253 97.02068290 20.00000000
9.09594516 92.27305426 20.00000000
10.87484830 92.40376191 20.00000000
11.79712625 109.80535835 20.00000000
-14.82371801 106.32072348 20.00000000
13.06456078 104.59964051 20.00000000
0.00000000 111.51518350 20.00000000
-10.14284088 105.45166094 20.00000000
-3.96287632 99.81347839 20.00000000
11.15699329 99.49799079 20.00000000
3.47181957 96.84548603 20.00000000
2.92208182 111.48006770 20.00000000
5.56696884 92.34082546 20.00000000
10.02098353 104.10004056 20.00000000
-3.05951998 93.66522955 20.00000000
10.01454617 109.41188420 20.00000000
-13.11959595 92.35160155 20.00000000
-9.68750356 100.01795983 20.00000000
-13.71809581 105.97170311 20.00000000
-15.03399312 93.56200115 20.00000000
-2.09119940 108.04201301 20.00000000
2.27784893 107.93401002 20.00000000
4.02012799 107.02340161 20.00000000
8.65480424 111.43003266 20.00000000
11.02030404 95.34422449 20.00000000
9.52666983 96.40448833 20.00000000
8.88191516 106.31848937 20.00000000
-7.84114848 93.64257532 20.00000000
12.76374528 93.85123537 20.00000000
-11.87933936 104.60333623 20.00000000
-2.92208182 111.56562502 20.00000000
6.97828944 97.87388738 20.00000000
6.91947083 95.55605933 20.00000000
5.75171628 96.73271617 20.00000000
-0.90556408 109.94229793 20.00000000
1.23216849 109.90185025 20.00000000
-6.30401809 99.74525096 20.00000000
10.98490157 111.47991079 20.00000000
-2.88115000 109.39027788 20.00000000
-12.66873039 106.39105768 20.00000000
2.79383161 105.77837226 20.00000000
-14.98342015 107.43164655 20.00000000
-13.38035383 108.27648110 20.00000000
-15.03507052 96.48856253 20.00000000
14.35601362 105.66544509 20.00000000
-12.66235455 111.55570180 20.00000000
-3.12004282 103.67874353 20.00000000
-2.36659168 102.23271623 20.00000000
-4.49792169 102.29515000 20.00000000
-11.46822108 100.72859158 20.00000000
-12.95783513 95.80006377 20.00000000
1.40171406 102.67739203 20.00000000
1.66819824 101.56860238 20.00000000
3.20636421 103.51264490 20.00000000
-14.93727692 109.95282274 20.00000000
11.04321598 108.98624125 20.00000000
-1.89182945 100.13225559 20.00000000
2.55682159 92.16998391 20.00000000
2.81094884 100.01546345 20.00000000
4.77097624 109.82477906 20.00000000
3.08634605 109.47524616 20.00000000
-2.85800316 96.00271937 20.00000000
4.97159450 106.22548537 20.00000000
4.13723117 104.80553161 20.00000000
6.10025739 104.51214499 20.00000000
-11.55786499 108.19473271 20.00000000
7.80856091 107.58888075 20.00000000
7.44605294 92.26316337 20.00000000
-0.82758778 96.59119116 20.00000000
4.02288407 111.47348053 20.00000000
-0.50547009 98.83561606 20.00000000
15.00987508 110.27472533 20.00000000
13.53754287 100.27257641 20.00000000
-13.42071174 94.30755030 20.00000000
-0.03604338 109.27826525 20.00000000
-0.31076695 94.53800437 20.00000000
0.78520094 95.48131179 20.00000000
-10.88570497 111.47395379 20.00000000
12.22237626 97.02074823 20.00000000
-9.62425209 95.18257914 20.00000000
-15.06220218 103.34574555 20.00000000
-13.53227522 104.47345478 20.00000000
10.91857070 104.74032474 20.00000000
-1.02639928 108.28919486 20.00000000
-7.70433179 92.15860082 20.00000000
11.52337705 102.77105909 20.00000000
14.90898031 96.28733595 20.00000000
-4.89239948 94.82389882 20.00000000
14.95284268 102.03977512 20.00000000
13.68711754 94.45283384 20.00000000
10.05202813 94.24042810 20.00000000
13.67606395 96.46582976 20.00000000
4.78052157 98.35056463 20.00000000
-9.64691347 92.76694420 20.00000000
-5.85853079 107.45254230 20.00000000
-13.56338811 100.23123896 20.00000000
0.22887549 107.15147854 20.00000000
1.20822171 108.32413842 20.00000000
2.09903987 93.77575235 20.00000000
-12.71302275 107.45134748 20.00000000
-10.80594551 106.51498047 20.00000000
6.55525081 101.01233164 20.00000000
6.23022351 108.92238465 20.00000000
12.48803594 101.17335381 20.00000000
15.03662431 107.70906642 20.00000000
13.62819797 107.13516896 20.00000000
-13.69272869 111.64440287 20.00000000
-13.38039656 109.54419302 20.00000000
9.05667647 98.40387508 20.00000000
7.78947551 99.49184689 20.00000000
8.54842787 100.43286201 20.00000000
11.67098350 107.69092514 20.00000000
12.26586061 106.07888866 20.00000000
10.73977511 105.92739694 20.00000000
5.87330762 102.01623326 20.00000000
6.81690436 103.05166593 20.00000000
7.84324345 101.68205719 20.00000000
-9.47824310 103.64287622 20.00000000
12.79560876 109.96037731 20.00000000
15.00994936 98.54538955 20.00000000
-6.60734330 96.36394411 20.00000000
1.60736749 104.68938206 20.00000000
1.08450329 111.56632678 20.00000000
3.94288329 93.51365405 20.00000000
-2.83704014 92.17433873 20.00000000
-12.45537910 109.98839921 20.00000000
-3.78650126 107.36783150 20.00000000
13.70083232 98.28816239 20.00000000
-1.05659554 106.18475617 20.00000000
10.55676488 97.96838720 20.00000000
15.20104738 103.31720575 20.00000000
-4.67632952 106.58414604 20.00000000
-8.72432412 111.35596245 20.00000000
-10.45580560 94.64547747 20.00000000
-5.14804734 98.43059258 20.00000000
-8.91599450 96.89544017 20.00000000
-9.82897074 96.35024896 20.00000000
8.84930061 95.22059901 20.00000000
-2.06426259 104.59076156 20.00000000
-0.11063924 104.25828465 20.00000000
-0.57359572 105.32949118 20.00000000
-1.61471152 95.03717365 20.00000000
-1.42465438 101.00927831 20.00000000
-4.90467695 96.34581561 20.00000000
-2.74378634 106.10360591 20.00000000
1.19983939 92.08042509 20.00000000
5.18524721 104.14923708 20.00000000
10.45300149 96.99790643 20.00000000
-6.58811901 95.22179854 20.00000000
-10.74825227 97.69447117 20.00000000
-2.13071825 110.02727490 20.00000000
2.63519211 94.86366150 20.00000000
-11.44149411 95.02228170 20.00000000
14.99517558 95.30809139 20.00000000
-10.78108722 96.59005142 20.00000000
6.82100744 110.27133524 20.00000000
7.69983800 111.67986283 20.00000000
8.03312829 109.78989887 20.00000000
15.11178160 105.02534173 20.00000000
2.78242396 110.41334391 20.00000000
-13.38909064 99.26747554 20.00000000
-8.19477550 98.73865961 20.00000000
-9.18104375 105.60564094 20.00000000
-5.88323926 93.42195354 20.00000000
5.65983410 93.31720025 20.00000000
6.49541080 92.08340166 20.00000000
7.39496877 93.66300813 20.00000000
-12.93467298 93.43434222 20.00000000
-1.94805455 111.75607194 20.00000000
-0.97670363 111.61398409 20.00000000
9.37641154 108.68798515 20.00000000
10.66944523 107.36442329 20.00000000
-4.35384690 108.41653627 20.00000000
9.63331790 100.93343146 20.00000000
9.75280163 99.76698272 20.00000000
11.41564638 100.42548104 20.00000000
14.78578008 93.39986434 20.00000000
-3.81768674 105.35524309 20.00000000
8.75628379 97.06933333 20.00000000
7.78858900 97.07713888 20.00000000
-4.69714234 92.82152626 20.00000000
-4.22228578 110.28943644 20.00000000
13.11874682 95.21005257 20.00000000
11.37572934 97.42719340 20.00000000
-8.16240736 104.48726786 20.00000000
-7.68760632 106.21360758 20.00000000
-11.56068369 92.10457529 20.00000000
-15.08429292 98.71410016 20.00000000
7.52688026 104.96005598 20.00000000
13.11769468 108.14659710 20.00000000
-12.14923066 102.29710725 20.00000000
-9.13150568 91.98529434 20.00000000
-12.22280233 99.17327361 20.00000000
1.71448666 99.40972061 20.00000000
-15.24256136 94.46558620 20.00000000
-9.44069594 108.18680071 20.00000000
1.98249210 98.18254567 20.00000000
12.27230279 92.03650216 20.00000000
-6.48039991 92.08334941 20.00000000
13.69622402 103.73713820 20.00000000
5.89123698 106.02670304 20.00000000
6.00842251 107.59552638 20.00000000
7.62219273 108.48912515 20.00000000
-0.32632574 102.25638949 20.00000000
0.47284185 102.74443790 20.00000000
3.44922093 92.38909754 20.00000000
11.84094578 95.75815263 20.00000000
10.40281050 96.05653947 20.00000000
-3.48193080 100.64035511 20.00000000
-1.90010045 92.02593486 20.00000000
-14.60121887 104.15082685 20.00000000
-10.97422285 110.44031165 20.00000000
-10.32569810 101.89251900 20.00000000
2.62378683 101.54454332 20.00000000
-6.94220009 93.85544443 20.00000000
3.19365270 107.81949909 20.00000000
4.37956279 107.86613590 20.00000000
1.99112331 111.76867392 20.00000000
-5.44439029 111.58254881 20.00000000
11.98114058 99.11444163 20.00000000
-6.82141380 100.49586115 20.00000000
-10.29290573 107.30471310 20.00000000
-10.51127221 109.17493452 20.00000000
-12.20527597 97.81632625 20.00000000
-8.19771033 95.21551533 20.00000000
-13.75083169 97.37110469 20.00000000
2.63860533 96.49125807 20.00000000
-7.36191157 110.11185720 20.00000000
9.28769049 104.64878616 20.00000000
7.94972011 103.59881126 20.00000000
12.30073274 97.94495134 20.00000000
-6.38054733 101.66042859 20.00000000
-8.10907840 100.98835420 20.00000000
-13.78951938 98.43503316 20.00000000
3.73135889 100.07047189 20.00000000
-15.19169857 95.50084342 20.00000000
-12.13841983 93.86309648 20.00000000
-15.25868060 97.35835738 20.00000000
9.98761179 92.30826158 20.00000000
-15.12533832 108.40684414 20.00000000
-14.26055733 108.05630017 20.00000000
-15.23250436 99.59528233 20.00000000
-3.81165458 111.76636900 20.00000000
2.94991247 97.56793829 20.00000000
-13.07062895 103.42445031 20.00000000
-11.76555049 111.69910968 20.00000000
6.65492391 99.97406468 20.00000000
-15.21100146 105.51563996 20.00000000
15.23849155 99.46045021 20.00000000
5.72431517 111.75370874 20.00000000
-3.95205602 93.59797852 20.00000000
4.66878908 102.71741964 20.00000000
-5.17297909 101.29568099 20.00000000
-15.21072299 101.49056050 20.00000000
0.85228139 106.47434355 20.00000000
-7.13605939 111.64475251 20.00000000
-9.41201885 98.20409516 20.00000000
-1.29952135 93.20911784 20.00000000
-8.71596655 93.64556916 20.00000000
-4.91275641 91.97416901 20.00000000
5.02643352 99.81698248 20.00000000
5.23139342 101.05878740 20.00000000
-3.29149543 95.24183086 20.00000000
-10.00787166 91.97006017 20.00000000
15.19710646 106.02564591 20.00000000
-11.59792356 99.86699972 20.00000000
3.51996692 98.85305671 20.00000000
2.82959250 108.62725559 20.00000000
14.88873627 101.17215962 20.00000000
-2.88296753 107.41455656 20.00000000
-5.66469215 96.78064476 20.00000000
-4.04759695 91.92233110 20.00000000
-3.39472299 101.63718979 20.00000000
-2.47045368 110.82523009 20.00000000
8.24634733 104.41049983 20.00000000
1.07019627 100.94536934 20.00000000
12.28122959 104.23514525 20.00000000
10.88351766 102.18544613 20.00000000
10.86645844 101.23348000 20.00000000
-13.58089451 95.17526137 20.00000000
3.97788986 109.41274686 20.00000000
2.20240447 106.41119017 20.00000000
5.16207953 96.10747257 20.00000000
5.53957986 94.59295859 20.00000000
4.01520188 101.61455184 20.00000000
-6.61010127 103.71680247 20.00000000
11.90608294 93.92867028 20.00000000
-4.91015122 103.11307594 20.00000000
13.00114742 99.57900730 20.00000000
15.02127940 104.16421169 20.00000000
0.06029694 99.56161983 20.00000000
0.22127526 98.38402467 20.00000000
-2.19007147 98.02239848 20.00000000
-13.97889374 92.03396125 20.00000000
0.45734256 93.23707440 20.00000000
-0.61292550 110.79210810 20.00000000
-7.98466256 111.78298115 20.00000000
-3.89239376 103.31315887 20.00000000
-3.71562083 104.29149549 20.00000000
-5.32114686 104.22965473 20.00000000
-9.06200010 102.18841005 20.00000000
-9.33074444 107.31716880 20.00000000
-7.94013766 107.20792146 20.00000000
-8.16066624 108.51371805 20.00000000
8.19189638 93.94498270 20.00000000
-13.86083797 102.20990950 20.00000000
-11.35191150 103.94147379 20.00000000
-4.45854138 104.78394059 20.00000000
-6.67123150 107.67189780 20.00000000
-7.00493373 108.83288488 20.00000000
12.74236317 105.38092203 20.00000000
12.56037852 111.78208875 20.00000000
13.68113016 105.16787285 20.00000000
1.06316967 110.72564578 20.00000000
2.18732463 92.93278333 20.00000000
-14.21946771 94.06271541 20.00000000
-14.36192669 95.73733796 20.00000000
6.81819091 111.90681513 20.00000000
4.84085940 91.91795822 20.00000000
3.88396367 96.12016649 20.00000000
-12.68223943 104.23845921 20.00000000
6.32235718 96.13125152 20.00000000
-0.85468168 109.10761081 20.00000000
7.53721597 96.17199979 20.00000000
8.03697439 95.37432010 20.00000000
-13.00965518 100.84673058 20.00000000
-4.29919707 97.80639211 20.00000000
8.27094870 92.27650872 20.00000000
13.95308268 92.55454533 20.00000000
-8.11861670 96.58630239 20.00000000
11.51688037 110.58232623 20.00000000
-2.70344131 100.24599687 20.00000000
-14.48286425 111.85124661 20.00000000
2.08929425 109.90907418 20.00000000
9.05026710 93.08990056 20.00000000
-10.70352716 93.40157699 20.00000000
6.28802267 103.69821373 20.00000000
-4.53615425 100.41925660 20.00000000
11.72577845 111.87532391 20.00000000
-12.45340946 96.45280223 20.00000000
-8.18411785 109.95483750 20.00000000
-2.30601399 93.98576513 20.00000000
15.35417783 111.00578719 20.00000000
-6.32763691 102.46701691 20.00000000
-7.82129350 103.05647331 20.00000000
-7.33875109 102.14859286 20.00000000
4.87013636 111.92335869 20.00000000
2.26053513 105.16857682 20.00000000
-14.15785022 109.75226653 20.00000000
4.38620887 94.62937688 20.00000000
-15.28755373 111.79840272 20.00000000
7.48257089 98.49913937 20.00000000
8.32844968 98.78046209 20.00000000
-7.74090362 100.27496861 20.00000000
9.78001279 107.48258447 20.00000000
15.29329560 111.80619477 20.00000000
13.39693604 102.84892580 20.00000000
13.71837191 102.10735967 20.00000000
-15.41039579 104.29272622 20.00000000
2.87882648 93.98782127 20.00000000
9.21736384 109.47140469 20.00000000
3.78187728 104.07983193 20.00000000
-6.76824831 99.09726157 20.00000000
-5.53596610 99.13858982 20.00000000
9.76303776 103.34356077 20.00000000
-12.81458855 110.73828031 20.00000000
4.99165604 97.53571531 20.00000000
7.19989897 107.06815209 20.00000000
-12.38298031 91.95773432 20.00000000
-0.39270636 91.86189079 20.00000000
0.82972244 109.11892100 20.00000000
-5.52591588 108.16760809 20.00000000
14.24514886 91.82206597 20.00000000
6.36763090 98.37679607 20.00000000
6.30958607 97.28858305 20.00000000
4.04191266 91.84891266 20.00000000
-9.87145686 99.25036110 20.00000000
-15.35192005 109.21883451 20.00000000
13.24867946 101.39594341 20.00000000
-2.43863743 98.76908016 20.00000000
-2.55732897 108.67445604 20.00000000
-14.42215424 101.55829221 20.00000000
-14.49322968 97.07575484 20.00000000
13.00512195 110.71277711 20.00000000
-5.94460738 109.13198484 20.00000000
-10.94977293 107.71506156 20.00000000
-2.00188702 101.53918354 20.00000000
8.42512768 110.45545658 20.00000000
9.95489574 110.19335943 20.00000000
-10.19918831 103.36059735 20.00000000
-0.08205027 96.97285536 20.00000000
10.99150297 108.07586805 20.00000000
2.64899992 100.77163504 20.00000000
7.84803261 105.69088218 20.00000000
13.08900044 93.13992336 20.00000000
-3.38183855 97.55941593 20.00000000
12.35439092 102.73163429 20.00000000
-5.21732667 110.82961952 20.00000000
-2.72159724 102.91404473 20.00000000
-1.70716711 102.62692012 20.00000000
-1.63514358 103.95020266 20.00000000
-12.61535675 108.21275591 20.00000000
11.50787877 105.95216060 20.00000000
0.65913317 105.72916563 20.00000000
14.07101218 108.86822220 20.00000000
14.38491196 109.81364622 20.00000000
-4.56089681 99.32246353 20.00000000
-3.56725759 99.14848973 20.00000000
0.73067173 107.72768386 20.00000000
1.03401152 99.77103213 20.00000000
2.12299901 107.17840290 20.00000000
10.77518564 103.99204343 20.00000000
8.30063691 107.00647367 20.00000000
8.76799355 108.21982554 20.00000000
-4.91206995 95.58474805 20.00000000
-10.37551665 110.90965159 20.00000000
3.20017548 102.03958718 20.00000000
-5.67725441 97.88464277 20.00000000
11.32306705 91.78983072 20.00000000
-1.43972814 107.65267380 20.00000000
0.31966700 101.05057910 20.00000000
12.54329283 109.23828482 20.00000000
-1.91876904 99.35180408 20.00000000
-8.68729731 102.85182027 20.00000000
5.55714500 106.70776546 20.00000000
-13.69650285 105.21373380 20.00000000
0.28747869 96.06433540 20.00000000
1.35103684 97.14436197 20.00000000
-15.44238192 100.32072821 20.00000000
-3.00004949 92.91205879 20.00000000
9.59523517 105.97146152 20.00000000
1.34057357 98.57819441 20.00000000
-1.12780021 99.25598969 20.00000000
-0.95102561 98.23105916 20.00000000
5.04235742 92.88332617 20.00000000
7.16876974 106.00624794 20.00000000
5.92428410 105.27939946 20.00000000
6.81434569 104.73362615 20.00000000
-11.68159680 102.91770976 20.00000000
-7.85608055 92.89290441 20.00000000
-3.48516298 96.42269740 20.00000000
5.10452498 103.32116935 20.00000000
5.30904459 110.38664831 20.00000000
4.52940578 110.56427776 20.00000000
10.75866778 94.59714263 20.00000000
4.51485814 105.44819267 20.00000000
3.53351074 105.24272379 20.00000000
3.30467560 106.33104730 20.00000000
-7.75945841 103.84637832 20.00000000
-6.65286361 110.41611338 20.00000000
-6.13281582 105.70202996 20.00000000
-6.53645586 106.39526076 20.00000000
-12.18024152 105.76680285 20.00000000
4.25590859 97.42445458 20.00000000
-2.30923989 96.50318656 20.00000000
-2.30482559 95.48197321 20.00000000
-1.02579726 95.87604511 20.00000000
15.27611017 108.49125179 20.00000000
-13.21301666 106.89939080 20.00000000
1.35493280 93.81059739 20.00000000
15.41089510 94.70080764 20.00000000
-6.45616941 104.46423659 20.00000000
-7.61800609 104.99954266 20.00000000
-5.28607871 106.99295674 20.00000000
0.50826244 97.40833242 20.00000000
10.65659597 93.16813386 20.00000000
15.32515210 97.86313023 20.00000000
15.29094671 96.96803830 20.00000000
13.95019002 97.58330258 20.00000000
-5.89176684 110.53513786 20.00000000
-6.42799118 111.85297725 20.00000000
-4.87013636 112.03740389 20.00000000
-14.38640223 110.47887008 20.00000000
-9.84255557 108.82542839 20.00000000
-5.25675797 100.56522977 20.00000000
-1.33501238 103.28754747 20.00000000
7.26926805 101.21253265 20.00000000
-15.35376501 102.67111013 20.00000000
0.41581368 94.80215815 20.00000000
-10.74174209 102.49420646 20.00000000
-11.30245129 92.94802223 20.00000000
-10.71961436 91.81222413 20.00000000
-9.61571977 101.70678808 20.00000000
13.00108004 96.72349242 20.00000000
-11.19439131 104.90835174 20.00000000
-11.68351888 106.30315175 20.00000000
13.52765999 91.75217533 20.00000000
15.34485401 93.89051455 20.00000000
10.71472470 109.64819910 20.00000000
-8.41917920 92.08232747 20.00000000
-13.17156664 96.48650721 20.00000000
-9.75743923 94.47651639 20.00000000
14.97566932 91.74839700 20.00000000
-9.60059206 100.78463612 20.00000000
2.34248811 104.43043636 20.00000000
-8.48955493 99.40580126 20.00000000
10.49178189 91.79346076 20.00000000
8.22122939 101.07179464 20.00000000
-10.98687893 108.63391384 20.00000000
15.34870866 92.92155558 20.00000000
14.40932844 98.14226907 20.00000000
14.38196284 107.41968128 20.00000000
13.96877026 106.50393064 20.00000000
15.35620597 106.72302221 20.00000000
3 310 0 3684
3 310 242 0
3 3684 0 1
3 1562 308 2923
3 2265 1562 641
3 2632 2085 3381
3 2085 4 5
3 2348 2632 1232
3 301 2336 2495
3 2163 2311 791
3 1650 684 1478
3 3776 1758 520
3 2163 2767 8
3 1116 1400 1956
3 3465 2815 433
3 3758 2734 443
3 3776 520 1230
3 1701 1686 803
3 2770 1701 921
3 3105 2168 498
3 2927 12 13
3 1730 2930 480
3 3148 2046 2836
3 1723 20 2716
3 3053 1484 3054
3 2313 1761 689
3 2686 1670 1124
3 1670 3055 1124
3 1367 989 1639
3 2734 1739 443
3 3470 2134 390
3 3293 26 27
3 3208 3293 1541
3 30 1384 29
3 2730 32 33
3 2416 3240 372
3 2731 3715 875
3 3145 3164 521
3 1418 3753 1278
3 2166 3030 2580
3 2955 1811 1061
3 3574 35 36
3 1801 40 1917
3 1855 2932 499
3 1277 1061 2248
3 2490 2362 948
3 3011 41 42
3 3443 2307 1146
3 44 2362 2490
3 2595 48 49
3 3347 1146 2307
3 2595 49 2318
3 3224 582 2385
3 2095 51 52
3 2095 2094 908
3 55 56 3274
3 1368 53 54
3 2833 54 55
3 2833 3274 1166
3 2181 2823 2400
3 3647 2181 573
3 3442 1004 3195
3 3442 3195 1215
3 1972 1489 1157
3 3036 2914 463
3 3166 2542 1004
3 1258 208 209
3 3401 2022 1432
3 1917 41 3011
3 3401 1258 3809
3 2122 1907 949
3 2156 1475 1195
3 3207 2947 549
3 1514 1355 359
3 1944 1234 712
3 3510 214 215
3 2031 1778 994
3 1984 1260 524
3 1985 734 2056
3 2983 2931 371
3 2500 2540 834
3 1510 3264 595
3 1459 2967 3063
3 3457 223 2319
3 1554 224 225
3 2279 1974 715
3 2812 3551 527
3 1880 228 229
3 2333 2973 639
3 3246 228 1880
3 2345 1425 3042
3 1962 2901 502
3 1425 2551 983
3 2551 235 1935
3 2607 2982 666
3 1571 237 238
3 1571 2655 2607
3 2655 239 2358
3 57 3273 241
3 2358 240 3397
3 3397 3273 1148
3 2799 58 59
3 2933 1101 1935
3 2308 2041 818
3 3779 2141 1145
3 1425 2879 3042
3 2141 2230 1044
3 2870 1568 633
3 2107 3261 767
3 2230 2141 64
3 2177 1300 415
3 3291 66 67
3 2283 2215 517
3 1655 1322 3103
3 2107 69 70
3 1003 2186 3261
3 1980 1468 377
3 2296 3729 624
3 3221 72 73
3 2828 2805 980
3 2371 2749 345
3 775 2405 1931
3 3635 77 2667
3 2667 77 1820
3 1820 3155 1304
3 2761 1980 377
3 3712 82 1662
3 81 3712 3713
3 1662 2862 1211
3 1762 1237 564
3 1872 2441 906
3 2099 85 86
3 1413 86 87
3 1946 2494 88
3 1700 90 91
3 2903 2674 460
3 2341 90 1700
3 3138 91 92
3 3594 832 2051
3 2865 466 1576
3 3739 3004 2389
3 2610 1576 835
3 2054 1498 439
3 3739 2389 845
3 2404 1883 452
3 3329 99 100
3 2473 1519 804
3 2454 1494 687
3 804 1499 1498
3 2473 804 1717
3 2842 109 1268
3 3171 2924 945
3 2149 1268 110
3 3415 2149 111
3 112 113 2639
3 243 244 113
3 3415 111 112
3 2149 110 111
3 1268 109 110
3 3067 245 246
3 2454 108 1494
3 2952 247 248
3 1817 249 1611
3 2741 870 2484
3 2278 3746 1223
3 250 2278 1611
3 3514 737 2895
3 3514 254 2074
3 3687 2221 395
3 2074 3322 737
3 2977 1248 522
3 3136 1783 621
3 2874 2977 1022
3 2877 2088 422
3 2172 1249 522
3 1604 1315 752
3 2525 1685 351
3 2750 2559 447
3 3213 3169 1410
3 3748 2723 265
3 2715 263 264
3 2627 2034 806
3 2819 1728 514
3 2627 806 1448
3 3448 1378 375
3 1340 2111 806
3 2310 1409 587
3 2902 1435 3395
3 2588 271 272
3 3766 272 273
3 2353 1922 1610
3 2987 738 2004
3 1904 1671 988
3 3774 2229 420
3 1983 1645 278
3 2115 1932 507
3 1610 1246 2353
3 3683 872 1922
3 3565 2535 2720
3 1797 2115 2965
3 2197 881 1797
3 3599 2260 1295
3 3396 1394 1940
3 2352 1396 354
3 1194 2614 897
3 3326 2185 289
3 2191 2192 757
3 3069 1716 724
3 3494 2478 1143
3 3494 295 2478
3 1417 1939 723
3 1718 3275 656
3 297 298 1939
3 1392 299 1718
3 1718 2495 3275
3 1075 1830 3548
3 2336 302 2755
3 3546 1653 304
3 3546 304 305
3 2265 1071 2592
3 3065 2522 641
3 2923 3065 1562
3 3437 1580 955
3 3047 1790 340
3 2735 3049 612
3 2836 2046 803
3 1177 1995 3711
3 3169 1315 1604
3 1895 1893 1279
3 3032 2589 859
3 783 2460 1336
3 2090 1251 406
3 3337 3310 316
3 738 2006 2005
3 2327 1334 317
3 2690 1872 488
3 2347 1532 464
3 1900 1901 695
3 3190 1668 421
3 3597 3136 621
3 3570 2519 1079
3 1230 11 2526
3 2048 1543 3435
3 2605 319 1582
3 1106 2263 1256
3 1880 1010 2975
3 2461 1669 646
3 2824 1727 911
3 1566 1712 324
3 1295 2403 2361
3 1796 1862 702
3 3742 1577 722
3 3830 1374 575
3 1908 3807 328
3 1876 1328 1006
3 2949 2217 457
3 1871 1254 408
3 2727 1953 490
3 3637 530 2562
3 1595 2771 321
3 3243 2640 446
3 3779 62 63
3 1659 2148 841
3 2611 533 2587
3 1800 37 38
3 3051 3423 333
3 2100 2900 385
3 3272 1515 314
3 3734 1363 553
3 1666 2929 385
3 3108 1527 335
3 1689 1416 369
3 2598 2764 3227
3 1712 3339 324
3 1597 1659 637
3 1261 217 218
3 2120 1754 440
3 3119 1216 724
3 3459 1812 361
3 2529 267 1448
3 2314 79 80
3 809 1267 2427
3 1506 1229 341
3 2899 1623 3125
3 2223 1429 388
3 2042 1605 459
3 1847 1813 706
3 3660 2451 884
3 1359 3197 3756
3 3750 2225 3358
3 3634 895 1598
3 3194 2620 362
3 2410 1421 346
3 2958 1699 345
3 3209 2195 347
3 1181 1878 462
3 3284 2190 3735
3 248 249 1817
3 2651 2652 1472
3 1159 1175 3800
3 3596 367 2802
3 3825 7 1650
3 2463 1631 95
3 3309 2513 867
3 2300 352 1420
3 2567 2114 317
3 2158 1775 353
3 3304 3048 2101
3 3625 671 2038
3 2154 1161 2657
3 1747 3191 3294
3 810 1649 1388
3 2696 3382 445
3 2152 1041 2406
3 2035 761 2205
3 3763 261 1604
3 2438 2169 365
3 2266 2617 397
3 1845 359 1333
3 3351 2763 568
3 2640 1715 446
3 1227 1097 2761
3 2415 2237 361
3 2332 3504 1074
3 1228 2288 1593
3 1330 2387 391
3 2263 3815 363
3 2561 1302 3320
3 2714 1423 932
3 3663 392 2794
3 2612 987 2780
3 2282 1431 554
3 2391 1575 438
3 1433 2233 3191
3 1585 2488 570
3 1854 2770 921
3 2690 488 2231
3 1255 1890 344
3 2312 2885 1863
3 2210 2214 416
3 2728 2765 1651
3 2453 2020 3655
3 2540 1985 834
3 3134 3488 322
3 2505 3595 2708
3 2417 1463 604
3 3743 2862 83
3 2673 1660 321
3 1270 2537 1360
3 1490 3150 370
3 3395 1435 514
3 1964 3216 1559
3 3332 875 2685
3 1648 3236 474
3 2201 1227 523
3 3098 3097 1815
3 3677 1751 470
3 3833 419 2329
3 1620 3286 379
3 1621 2830 962
3 3427 2873 598
3 3131 815 2788
3 1635 3081 1010
3 1981 1476 1982
3 2060 1614 382
3 1234 1944 2948
3 3575 2070 486
3 2452 2634 884
3 3435 1640 1057
3 2182 2183 1042
3 2027 1948 1264
3 2869 1877 1048
3 2456 386 1275
3 2483 1791 816
3 1663 3469 406
3 1201 60 2308
3 1429 1289 388
3 1638 1329 635
3 1401 1553 427
3 3461 1877 327
3 2553 3681 560
3 3561 1694 663
3 1128 2735 1238
3 3705 3421 1191
3 3765 2216 463
3 2649 2906 3442
3 3409 2089 1049
3 3493 1677 434
3 2173 1387 394
3 3057 2972 468
3 2221 1214 395
3 2511 1534 494
3 3440 1710 396
3 2218 3493 434
3 1550 2302 453
3 710 1915 2907
3 1836 1415 398
3 1989 1350 3345
3 3771 2747 399
3 2427 1267 352
3 3156 1642 71
3 3383 1658 446
3 3311 3312 1994
3 1971 1217 717
3 2996 402 1819
3 3249 393 3248
3 1811 2955 403
3 3082 1774 874
3 1896 3058 404
3 1941 2188 342
3 1130 3029 1810
3 2681 1976 383
3 1663 2276 1286
3 3184 67 68
3 2139 2990 407
3 1867 1257 700
3 2496 2243 485
3 3652 2317 3040
3 2393 2339 409
3 3351 2739 1189
3 3826 969 3506
3 2716 20 21
3 3706 3695 1770
3 3229 1386 2261
3 2076 2301 1236
3 3155 79 2314
3 1939 3515 297
3 2507 3694 481
3 2816 1452 688
3 3653 2672 331
3 2078 715 1554
3 1527 2178 335
3 2130 2210 416
3 785 1265 2290
3 1206 2294 417
3 1356 535 1306
3 3160 2127 766
3 2643 2044 1171
3 1335 2329 419
3 2849 1533 1291
3 3132 2006 738
3 3802 1671 366
3 2083 3028 492
3 2756 1652 643
3 2337 1249 422
3 2264 1434 374
3 721 1389 1343
3 2632 3 4
3 2437 1628 1317
3 1969 1526 314
3 1570 2516 425
3 3034 1240 3035
3 2891 2485 890
3 1482 246 2953
3 3040 2317 427
3 2830 341 1229
3 3769 2244 428
3 3188 1661 322
3 2023 1257 532
3 1736 1450 992
3 1385 2073 2485
3 2207 1783 1005
3 3225 2382 431
3 2448 1379 670
3 2928 1557 610
3 3310 2010 316
3 2815 1771 433
3 2311 11 1230
3 1769 2124 501
3 2483 1426 318
3 1391 2597 864
3 1803 2030 424
3 2988 2604 436
3 1572 1688 540
3 2765 1361 437
3 2634 1605 735
3 3716 2581 438
3 2581 3073 1219
3 3260 1538 439
3 2484 102 103
3 3416 440 2258
3 2615 3445 312
3 2986 3356 441
3 3324 3811 1455
3 2018 1379 442
3 2432 2065 449
3 2555 1759 2445
3 2898 689 1761
3 1600 2995 658
3 2447 3404 3835
3 3382 2443 445
3 1371 1901 585
3 2640 1496 1844
3 1599 1885 1117
3 1798 2396 447
3 3650 3202 769
3 3543 1940 836
3 3131 2356 442
3 2050 2432 811
3 3534 440 2653
3 1467 2638 450
3 3549 2583 1324
3 2943 3688 1778
3 2760 1564 3392
3 3509 845 2390
3 979 1684 2274
3 3816 2848 453
3 3019 1377 566
3 3797 1681 3798
3 3826 3015 410
3 1626 2424 960
3 3652 2316 808
3 3528 1625 456
3 1903 630 1535
3 1412 2669 2110
3 2520 1569 555
3 3059 2719 1914
3 3567 1672 495
3 3485 1705 653
3 2145 1643 1235
3 1929 826 1930
3 1827 1640 384
3 1912 1309 461
3 2934 1591 462
3 1359 1181 807
3 2840 2015 492
3 2914 2060 746
3 2162 207 208
3 2234 3777 882
3 1641 2740 895
3 3441 3844 465
3 2080 30 31
3 3594 2510 832
3 2198 2661 467
3 3328 1745 682
3 1954 1255 344
3 3107 1477 468
3 2622 3086 475
3 3167 2471 662
3 1557 2578 432
3 2618 1905 470
3 1923 1207 708
3 1090 1832 1449
3 2445 1759 443
3 2654 2458 1397
3 2853 2810 367
3 3302 1973 656
3 3848 1956 350
3 1313 1852 2481
3 3706 1593 411
3 1344 2180 986
3 1982 335 1509
3 2136 1444 2743
3 3196 1509 335
3 3359 1993 716
3 2509 2910 2909
3 3408 1926 478
3 2240 1501 529
3 1263 1934 2081
3 3453 1806 675
3 2361 2179 881
3 3294 1613 844
3 2247 1396 563
3 1840 1864 449
3 1500 2062 592
3 2381 252 2033
3 2090 1024 3476
3 1844 1496 613
3 1594 3385 484
3 3253 3518 1110
3 2008 1341 805
3 3726 1871 408
3 3529 3524 1921
3 1937 2634 735
3 3238 741 1751
3 3833 2252 419
3 3245 2231 903
3 2772 1349 444
3 1928 775 1931
3 3174 2888 907
3 1953 2183 490
3 3078 1580 313
3 2251 2196 491
3 1252 1910 528
3 1812 2344 617
3 2015 1063 2236
3 3717 1885 1262
3 1990 1251 686
3 3760 1726 494
3 3214 2057 467
3 3611 2476 820
3 3567 1680 3566
3 3119 3607 496
3 2246 1392 656
3 1781 3117 515
3 2724 1971 604
3 1722 3105 1724
3 1701 16 17
3 3219 1774 499
3 2307 47 1842
3 3380 500 3377
3 2539 1676 659
3 2829 2869 1048
3 1676 3379 391
3 1808 2843 1273
3 2658 1342 3170
3 2398 2824 911
3 2569 1627 336
3 2647 2890 504
3 3210 1648 474
3 2804 2740 505
3 2481 1793 774
3 2187 1259 772
3 2579 1235 316
3 283 2965 2285
3 2382 2720 431
3 1187 2293 508
3 2378 1442 509
3 3849 2259 1168
3 3638 1424 418
3 2166 2580 869
3 2710 1382 332
3 2146 2350 1078
3 3628 2642 454
3 2691 2523 512
3 3446 2081 479
3 2098 513 1299
3 2137 1968 2900
3 2034 1340 806
3 2902 1882 588
3 1565 2357 515
3 3649 602 1464
3 1531 1198 1530
3 3591 1609 559
3 3261 2186 767
3 2616 1587 360
3 3091 1729 760
3 1507 1164 3399
3 2011 3390 519
3 3204 1731 476
3 1581 3335 942
3 2950 669 1738
3 2668 1125 2444
3 1770 2647 2066
3 2977 1783 1022
3 2908 2399 1603
3 75 2366 2806
3 2583 3549 562
3 3587 1030 1943
3 2138 2762 537
3 3217 525 1266
3 2482 1306 334
3 3612 835 2463
3 2721 2679 879
3 2268 1070 2576
3 3626 1485 597
3 2498 1252 1870
3 1357 3690 1552
3 1050 2875 2408
3 1421 1100 1802
3 2127 1424 2384
3 2287 554 1337
3 2147 531 1311
3 1997 609 1518
3 3665 1256 532
3 1927 1256 798
3 2250 2587 533
3 1907 3207 549
3 1891 1291 2224
3 1896 3516 1062
3 2501 1307 535
3 2617 2599 397
3 781 2506 1284
3 2326 1335 782
3 1373 2138 2733
3 2762 1333 829
3 3851 1784 538
3 3138 92 2660
3 2342 3358 539
3 827 1327 2515
3 1777 1488 974
3 1282 2212 1570
3 1983 2125 796
3 1312 2683 531
3 3362 1004 2906
3 2216 3036 463
3 2775 2126 543
3 2237 1395 1083
3 3120 3115 544
3 3554 2029 545
3 1179 1988 545
3 2645 905 2759
3 3021 3553 1280
3 1285 2305 568
3 2630 1270 547
3 3216 2766 323
3 1328 1876 548
3 2533 1821 3669
3 3584 2589 549
3 3583 210 211
3 3723 550 1564
3 1450 1736 429
3 2340 2132 3181
3 3033 2870 633
3 2613 2726 552
3 1755 2302 927
3 1735 1362 553
3 2848 1362 453
3 3662 2102 593
3 2325 3734 553
3 2577 1229 555
3 3483 1734 518
3 1578 2832 1228
3 1636 1167 589
3 2566 2437 557
3 1317 3348 626
3 1247 1138 3629
3 2920 1503 555
3 42 2430 3011
3 2373 1198 799
3 3113 1670 1035
3 3654 21 22
3 1996 2431 614
3 1010 2860 2883
3 3670 2322 1843
3 3045 1467 450
3 3276 771 1196
3 3484 2507 481
3 1762 3005 1045
3 3743 83 84
3 1980 2380 797
3 3801 3005 564
3 1377 2434 566
3 2098 3009 513
3 2340 818 2132
3 2799 3273 58
3 2763 2339 904
3 2664 2281 572
3 2676 1144 3030
3 2573 2685 34
3 929 2407 1702
3 2488 966 2489
3 1400 3542 571
3 2106 1230 520
3 2253 3193 572
3 1339 2282 554
3 3140 3647 573
3 2823 3274 201
3 3813 3429 574
3 3637 3486 530
3 3370 1835 575
3 1536 3349 424
3 2185 1194 897
3 3191 2233 355
3 265 266 3748
3 3507 374 2537
3 1679 1460 578
3 1787 2983 2966
3 2562 2001 1424
3 2044 3018 3429
3 3218 2619 580
3 1351 2365 337
3 3002 2631 730
3 2524 1885 605
3 3593 2795 582
3 3738 3083 1136
3 1602 1461 2547
3 1980 3308 2380
3 1119 2100 1299
3 2533 1473 612
3 2571 1742 849
3 2475 1672 667
3 2164 2440 586
3 2867 1483 647
3 2913 2310 587
3 3158 3537 2659
3 1882 2942 588
3 3336 2630 547
3 3282 2504 990
3 1244 3228 3233
3 2103 1490 590
3 2633 1937 437
3 2962 1584 922
3 1643 2145 459
3 3075 592 2062
3 1519 106 2454
3 1431 2102 3662
3 2881 2780 987
3 85 2099 3061
3 3598 2231 488
3 2713 1510 595
3 3196 335 2178
3 1982 2047 672
3 1476 1477 972
3 3626 597 2040
3 3698 2275 493
3 3679 3427 598
3 2356 2018 442
3 2971 2818 599
3 3134 788 1285
3 1460 1300 933
3 3586 973 2931
3 2710 1531 2711
3 1423 2714 1963
3 3822 1963 602
3 2689 1530 516
3 2822 1222 2512
3 3554 2629 857
3 1463 2417 3696
3 1835 1525 1375
3 1885 1599 605
3 3317 1658 766
3 3211 606 1822
3 3293 3208 26
3 2789 3754 607
3 1790 3046 680
3 2357 3083 1115
3 3765 463 1772
3 2569 1518 2492
3 2899 1626 627
3 1786 3109 3149
3 2859 1741 591
3 3424 1615 1191
3 3379 1676 1065
3 3232 3049 1128
3 2665 391 1750
3 1276 3176 1113
3 3393 1496 912
3 232 2345 2560
3 3406 2113 381
3 2808 1574 2809
3 2370 1566 891
3 3618 1564 616
3 1986 1260 734
3 3203 1812 617
3 2332 1674 644
3 2402 1412 618
3 3122 1535 380
3 2834 1543 3102
3 1617 3079 484
3 3756 3173 1369
3 1733 1504 3056
3 2791 3597 1320
3 2956 3013 357
3 1995 1429 778
3 3519 1884 652
3 2744 1975 1493
3 1755 927 2704
3 72 3221 1520
3 2296 3103 400
3 1077 1536 3350
3 1719 1989 753
3 1836 1512 1077
3 1317 1190 2437
3 1979 1623 627
3 3123 1713 455
3 3290 1794 628
3 1625 3287 631
3 3112 1624 629
3 1714 3127 3444
3 1838 3340 630
3 2295 1453 598
3 3287 1620 631
3 3135 1622 963
3 2789 3834 1303
3 1056 1594 3405
3 2961 1779 633
3 2230 64 65
3 1511 2937 991
3 1796 2641 1862
3 2876 1437 635
3 1429 1995 622
3 2079 636 1548
3 2491 2609 334
3 2486 2564 3295
3 2245 1970 717
3 2998 1780 1073
3 1079 2158 1816
3 2160 2333 639
3 228 3246 227
3 1987 640 1632
3 2922 1522 347
3 3144 305 306
3 3449 2951 1343
3 1578 3795 642
3 2067 1318 376
3 3087 1652 2228
3 3254 1708 3558
3 3504 2332 644
3 3368 1674 1094
3 3213 2753 645
3 2343 1165 2877
3 2545 646 1668
3 2728 1651 643
3 2134 2367 647
3 1694 2776 393
3 3846 1523 1522
3 2183 2563 490
3 3740 2330 649
3 1580 1579 920
3 2096 3558 650
3 2729 1936 343
3 3330 3513 651
3 1951 2436 711
3 1833 652 1680
3 386 1438 1437
3 1092 1706 3572
3 3352 2145 830
3 3278 1654 1071
3 2755 302 303
3 2782 1725 1154
3 3803 801 2200
3 3363 1973 1012
3 3692 2336 877
3 1837 1481 2784
3 3067 2639 245
3 1807 1601 739
3 2376 1467 583
3 1791 1675 659
3 2539 1064 3367
3 3472 1949 660
3 2588 2071 271
3 3015 2450 1607
3 3791 850 2164
3 2471 1491 662
3 1560 1559 856
3 1992 663 1859
3 1926 2408 478
3 1451 1389 3780
3 654 2472 1653
3 3052 1722 3053
3 1723 2363 19
3 1962 3614 666
3 1571 238 2655
3 2466 2354 1275
3 3281 585 2705
3 1648 2889 668
3 990 2826 3282
3 2503 669 1737
3 2866 1761 349
3 3495 2448 670
3 2356 1458 3340
3 3694 1283 671
3 3498 1978 814
3 3085 3084 985
3 2047 1509 595
3 1173 3842 1709
3 2175 1353 622
3 3304 1768 674
3 3571 501 2829
3 887 3168 1592
3 2960 2801 886
3 3793 1691 981
3 2502 1678 725
3 436 1583 2493
3 1874 1683 678
3 3733 2525 747
3 3803 1752 801
3 1734 679 1164
3 2270 1314 555
3 3303 680 2315
3 3251 1789 999
3 1590 3098 681
3 1902 1170 509
3 3257 2678 682
3 2257 1745 826
3 3547 1873 683
3 2657 2142 472
3 5 1478 2085
3 2815 1956 721
3 1853 1641 685
3 1852 2749 997
3 3476 3511 686
3 3511 1795 1025
3 1500 1499 687
3 3414 1482 657
3 1132 1855 3752
3 2816 1011 1452
3 2635 1761 2313
3 3450 1722 410
3 2449 1589 690
3 2432 2050 810
3 2567 1187 691
3 2747 2128 399
3 2781 1777 692
3 2426 3068 1309
3 3334 693 1918
3 1925 1673 486
3 1253 1920 694
3 2032 1921 1095
3 3819 2338 1698
3 1901 1900 1372
3 2508 1465 696
3 2061 1896 1292
3 3279 697 1894
3 1106 1895 2412
3 730 1630 1629
3 2173 1863 1387
3 3737 1810 699
3 2797 405 1253
3 3508 3200 928
3 3769 2245 776
3 2077 2089 701
3 1934 1947 1046
3 3292 702 1861
3 1861 1748 1049
3 3001 1801 940
3 1916 1828 1296
3 3725 1785 704
3 2459 1427 772
3 2508 1848 1465
3 2243 704 1341
3 2861 1357 706
3 1706 1813 653
3 1108 1886 3676
3 2075 1807 739
3 3787 2128 1218
3 2108 2378 509
3 2697 1891 709
3 2548 1913 710
3 3139 916 2935
3 1308 1951 711
3 1914 1951 1308
3 3720 2476 3611
3 214 3510 1942
3 3667 2411 213
3 3353 1226 713
3 2499 1290 534
3 1305 1958 2262
3 2862 82 83
3 2279 1881 1021
3 3111 223 224
3 3360 1993 3359
3 2978 1994 1134
3 3769 1970 2245
3 1971 1969 1525
3 3804 2527 1203
3 482 1223 2894
3 2969 2002 2970
3 3220 354 1396
3 3095 1890 1255
3 2331 2330 807
3 1771 721 1343
3 3848 350 1740
3 2790 1682 722
3 2080 1384 30
3 3515 1939 1417
3 3276 2465 771
3 3606 1716 757
3 2926 1840 2065
3 2754 2286 725
3 3346 3733 747
3 2129 726 2019
3 1865 1864 854
3 1186 2037 2892
3 3752 688 1452
3 2636 2893 728
3 3371 1550 453
3 3006 1639 729
3 2790 1869 1682
3 2631 1630 730
3 1183 3263 1002
3 3852 2700 731
3 1774 2746 499
3 2864 1759 732
3 1348 2853 2852
3 3307 1875 1097
3 3155 78 79
3 1985 3731 734
3 1260 1986 359
3 1937 735 1274
3 3854 935 3810
3 2446 441 3356
3 1773 2349 813
3 1385 2895 737
3 1422 3597 621
3 275 2004 2398
3 3590 909 2821
3 1237 2075 739
3 1807 1600 658
3 3260 1539 1538
3 2502 2404 1678
3 2058 1193 741
3 1905 1331 691
3 3646 1263 742
3 3445 1804 312
3 3821 2020 743
3 3277 2414 432
3 1841 1440 2748
3 3522 1837 3804
3 1961 2068 993
3 3622 2119 787
3 2670 2059 1399
3 2273 1475 846
3 2389 452 1294
3 2274 1684 678
3 2143 2144 748
3 3745 1585 570
3 1640 1827 749
3 955 1580 3078
3 2837 1965 750
3 2151 1076 3536
3 2837 751 1965
3 2167 2017 436
3 259 2170 1248
3 2213 1315 422
3 3271 1989 1719
3 2219 1988 1179
3 1030 2194 2855
3 2733 1692 848
3 3764 755 2177
3 2984 1529 933
3 3830 3824 756
3 1419 2007 864
3 3792 2192 2191
3 2191 3544 292
3 1266 2211 2210
3 2214 1567 823
3 2193 2905 759
3 2189 2287 763
3 2433 1390 760
3 3530 3482 1174
3 2936 761 2190
3 3284 3323 1966
3 2217 1831 762
3 618 3616 3428
3 3355 1221 763
3 2287 1338 554
3 2259 1442 764
3 2640 1844 913
3 2378 2300 765
3 3486 3355 530
3 1466 2135 2384
3 3398 764 2208
3 68 1851 3184
3 3341 1225 1025
3 2083 2015 768
3 1976 3557 1096
3 3762 769 2775
3 2155 2236 1063
3 1441 2195 770
3 3736 1130 1909
3 2352 2267 771
3 2153 1414 413
3 3555 2187 1427
3 3642 2521 558
3 2102 2282 773
3 2281 2355 1302
3 1293 2241 2240
3 1501 1426 816
3 1930 1537 775
3 3143 2673 2626
3 2742 2244 841
3 2565 3237 401
3 1582 2306 777
3 1684 3172 395
3 3711 1995 778
3 2223 388 1703
3 2055 1419 2597
3 2620 1407 889
3 2320 1459 780
3 3111 2319 223
3 2429 508 1206
3 2506 2375 536
3 2625 1555 782
3 1933 1290 2499
3 2299 1370 783
3 2290 1356 785
3 3603 2152 784
3 2196 1441 770
3 2211 2289 1457
3 2364 2501 535
3 1991 2329 786
3 2375 1335 536
3 2118 1318 787
3 1639 1699 729
3 1782 871 2043
3 2818 1661 3823
3 1856 1844 789
3 2322 400 1322
3 2662 2028 1264
3 3487 2646 326
3 9 2311 2163
3 3335 2852 942
3 3013 2956 1647
3 3847 3357 1089
3 3828 2086 793
3 2087 2086 937
3 2413 1286 794
3 1990 3701 1117
3 2582 2229 3491
3 2435 1311 336
3 2125 1245 796
3 278 1645 277
3 3805 2379 2204
3 2204 797 1305
3 2831 1927 798
3 2394 2395 1350
3 3145 2374 1898
3 516 1200 2013
3 2988 800 1572
3 3013 1647 1017
3 3632 3840 1155
3 2334 2678 879
3 3651 2522 1825
3 1478 5 3825
3 17 1686 1701
3 3757 2046 1140
3 104 105 1717
3 3075 1497 592
3 2601 2719 965
3 1704 1347 651
3 267 2627 1448
3 3179 2264 374
3 3056 1504 384
3 2331 462 1579
3 2187 2316 1259
3 2317 1612 2918
3 2428 1267 809
3 2429 1207 1923
3 3242 1649 810
3 1757 1613 355
3 448 2050 2049
3 811 1433 2049
3 2468 812 1456
3 2653 1754 671
3 2350 1816 813
3 2349 1773 1085
3 1754 814 1753
3 3455 598 1453
3 1453 2295 3072
3 338 2019 1865
3 3234 318 1426
3 3741 3431 1100
3 1768 1802 817
3 2124 2123 1006
3 1209 2131 2340
3 2132 2041 1145
3 3409 478 2089
3 1421 3433 1100
3 1672 2475 2476
3 3720 1137 1950
3 2980 2533 821
3 3707 1275 386
3 3533 2521 2093
3 2602 2520 1314
3 1338 2214 823
3 3093 2355 1339
3 3519 1289 824
3 1353 1999 622
3 1316 2851 1700
3 2341 1946 89
3 3708 1764 826
3 368 1929 1928
3 2517 1327 827
3 2516 3034 954
3 1776 2425 2426
3 2798 1889 461
3 2557 1450 829
3 2762 2882 537
3 3352 830 2480
3 2280 1549 2316
3 2807 2544 1826
3 2906 204 205
3 2666 1316 832
3 1631 2463 835
3 2569 2492 833
3 2578 2492 1153
3 3063 1080 2946
3 2031 218 219
3 2401 3612 1321
3 1631 2051 94
3 290 291 2202
3 1443 1940 448
3 3389 837 2416
3 1835 1375 575
3 2347 838 1358
3 3837 1992 647
3 2663 2397 839
3 1798 3828 1165
3 2596 2615 840
3 3428 3427 1393
3 3770 841 2148
3 2148 1659 1597
3 2845 3639 842
3 2413 3644 1486
3 1904 2528 1671
3 3703 1573 615
3 3565 1747 844
3 3041 1866 442
3 97 2390 3020
3 3783 3346 747
3 2060 2273 3601
3 2564 1597 637
3 2386 1677 847
3 3327 2387 1330
3 2990 2733 848
3 2910 2911 918
3 3281 1666 849
3 2137 1948 603
3 1233 2642 850
3 2554 2785 902
3 1471 2635 851
3 2440 1404 586
3 2519 3492 852
3 3797 634 1511
3 1323 2550 853
3 3039 1590 681
3 1864 1840 854
3 3481 2038 1753
3 2828 2584 1655
3 2583 855 1324
3 3426 2461 923
3 3299 3216 323
3 1493 3231 2629
3 2029 3199 790
3 1583 2604 858
3 1488 3076 974
3 2250 2590 1614
3 2591 2589 1195
3 2299 2698 1370
3 2698 860 2501
3 2555 861 1348
3 2445 1739 2950
3 1864 726 1182
3 1613 2448 844
3 3824 1792 863
3 625 3477 2777
3 3037 435 1391
3 2703 2702 1383
3 1382 2710 865
3 3604 2505 866
3 3604 866 1897
3 3419 575 1374
3 1745 3708 826
3 2513 1369 2903
3 3497 2675 868
3 3386 1617 1055
3 940 2165 1800
3 3574 2573 35
3 102 2484 1644
3 725 2286 1538
3 2043 2305 788
3 2305 2739 568
3 3683 1904 872
3 3657 1574 366
3 968 2575 2574
3 3297 2046 498
3 2014 2012 874
3 2037 1546 727
3 31 32 1721
3 3753 1418 569
3 2771 1595 876
3 3589 444 1888
3 2769 3692 877
3 2755 303 304
3 2963 2713 878
3 3022 2136 1007
3 2679 2334 879
3 2680 3257 1744
3 1746 2701 880
3 2510 3594 1576
3 284 285 1797
3 3563 2720 996
3 3777 2234 1384
3 2835 3293 27
3 2693 2335 883
3 2683 3180 1310
3 1937 2633 2634
3 1605 2991 459
3 1492 2534 885
3 2766 2728 1652
3 3313 3399 886
3 2960 3168 675
3 2800 3027 1592
3 2110 3616 618
3 2217 888 1831
3 2737 1506 341
3 1383 362 1636
3 3621 611 1505
3 2518 2109 3550
3 1966 2485 430
3 3716 2370 891
3 2814 324 1622
3 1310 2808 892
3 2105 2492 609
3 2945 2811 893
3 3551 1272 2939
3 2113 894 1808
3 2879 1425 983
3 2958 1641 895
3 2804 505 2255
3 2718 896 1850
3 2355 3093 358
3 3165 576 2284
3 288 2260 287
3 1668 2228 898
3 2117 1479 768
3 2572 2453 899
3 2414 1979 2921
3 2798 1309 900
3 1878 2934 462
3 2783 901 1534
3 1154 1725 3759
3 2785 1483 902
3 1547 2867 647
3 87 2494 1413
3 1544 2841 907
3 1280 2593 2393
3 3351 3193 1188
3 3456 2546 1760
3 2759 2646 857
3 2441 1928 906
3 2628 1366 2841
3 1487 2887 2888
3 2888 3174 3674
3 2095 2422 1298
3 1489 2544 392
3 2005 2582 909
3 2821 1446 3473
3 2795 2897 910
3 2794 2807 1112
3 2003 2824 1178
3 3766 1495 272
3 3702 360 1599
3 3316 1839 1033
3 1323 329 1856
3 789 1844 1843
3 2787 1458 914
3 2873 3427 1454
3 3605 1600 915
3 1887 2075 373
3 3139 2548 916
3 3531 1900 695
3 2921 1979 917
3 3337 316 1235
3 2911 1597 918
3 2880 477 1687
3 900 2531 2530
3 2530 1878 720
3 2981 1591 920
3 3630 1673 1102
3 14 15 1854
3 1759 2045 443
3 1697 2940 922
3 2992 1643 934
3 3426 923 1434
3 1360 547 1270
3 3175 1724 924
3 2363 1686 18
3 2847 2848 925
3 3818 2726 2069
3 2979 3019 926
3 1879 453 1362
3 2302 1550 927
3 2858 927 1376
3 1692 2882 928
3 3200 1867 700
3 3365 2407 929
3 3212 2488 967
3 1829 2154 930
3 2479 1849 1398
3 1600 2994 2995
3 3226 3047 340
3 1530 2689 932
3 3388 2416 372
3 1527 600 2351
3 2966 1696 936
3 2941 2992 1695
3 370 2452 2451
3 1552 343 1847
3 1705 2042 459
3 2968 1787 936
3 2967 2053 1402
3 2559 2630 937
3 2220 3650 769
3 839 2397 2396
3 1360 1667 547
3 2381 2033 939
3 482 2891 2109
3 3704 2165 940
3 3001 1800 38
3 3812 2467 941
3 3046 2176 1789
3 3744 2854 1508
3 2810 861 1738
3 2424 943 1612
3 2570 2521 1401
3 3233 3478 2277
3 504 3090 2119
3 1500 687 2184
3 2924 2954 1481
3 3003 1678 946
3 3329 2039 99
3 2884 3813 947
3 2886 2312 1689
3 2490 948 1609
3 3082 874 2012
3 210 3583 2022
3 3032 2999 2589
3 3100 1711 950
3 2370 3716 1575
3 2315 1788 951
3 3468 3098 1590
3 3693 3026 2376
3 2638 2315 951
3 1467 3045 953
3 3044 3043 1468
3 2425 2516 954
3 2415 361 1756
3 3064 2133 955
3 1919 1616 693
3 1809 2671 956
3 2672 1399 2844
3 3036 2250 957
3 1614 2590 859
3 1826 2694 958
3 2671 1809 608
3 1713 3123 959
3 3286 3287 1013
3 1618 3126 960
3 2010 1612 808
3 1551 3128 3122
3 1903 1838 630
3 2919 3121 1503
3 3130 1621 964
3 1622 2925 963
3 2464 1903 961
3 1624 3130 964
3 3128 1714 961
3 1913 3058 965
3 2719 2601 2226
3 2488 1585 966
3 2503 1738 669
3 2407 3212 1702
3 3321 2687 511
3 1737 3463 3007
3 2568 1471 2998
3 3015 3826 2450
3 3223 23 2686
3 3143 2626 970
3 1886 2773 707
3 2650 2820 1495
3 271 2071 270
3 1528 3106 3107
3 1477 1476 596
3 3586 2972 973
3 2818 788 1661
3 2603 3076 1488
3 1776 3077 425
3 2764 1627 975
3 3149 1697 977
3 3843 2471 976
3 3448 3167 1378
3 1491 3151 2103
3 3137 922 1695
3 1899 3152 2338
3 3314 2266 1405
3 3172 979 1960
3 1960 1883 2404
3 1150 2541 2366
3 2806 3221 73
3 1691 2161 981
3 3163 439 1498
3 2901 1962 982
3 3104 2982 1342
3 2551 1935 983
3 614 3672 1996
3 3291 2021 1568
3 1959 1851 767
3 1563 985 1387
3 1743 3085 672
3 2044 3017 986
3 3018 1563 3496
3 3306 2622 987
3 3400 2102 1067
3 1610 872 2291
3 2693 883 2682
3 3090 1436 989
3 3441 465 2000
3 3794 2827 990
3 3282 3229 1244
3 1511 2691 1185
3 991 1819 2523
3 2557 550 1450
3 3188 322 1893
3 2068 2067 993
3 2677 2676 1060
3 3688 2056 994
3 2031 1261 218
3 3526 2612 995
3 871 2420 2169
3 881 2179 1932
3 2383 2382 843
3 3420 1852 997
3 345 2749 1641
3 3236 1648 998
3 3228 1244 1059
3 2944 2747 999
3 1789 3251 680
3 2298 1799 1000
3 2467 2176 941
3 3247 1703 1001
3 3467 1833 1099
3 3782 2047 1002
3 3656 3786 1629
3 1520 3262 1003
3 71 1642 70
3 2542 3195 1004
3 2959 1028 2297
3 1783 2908 1005
3 2206 357 2205
3 2123 2386 1006
3 3074 1006 1328
3 1346 3022 3023
3 3023 1007 1345
3 3772 3252 2333
3 3434 415 1381
3 1444 3205 3204
3 1731 2178 755
3 3319 561 1635
3 2860 1880 229
3 48 2595 1842
3 1452 1319 414
3 3403 3402 1012
3 1973 413 1414
3 3125 3286 1794
3 3285 3528 1619
3 2954 2953 1014
3 718 1817 1611
3 7 2767 1650
3 1561 2232 433
3 3584 2947 1016
3 3218 1765 2619
3 2205 3013 1688
3 3076 3077 974
3 2701 1018 2323
3 2690 2231 825
3 2247 1411 1019
3 2064 2926 1388
3 2828 1655 1020
3 2805 2296 624
3 226 227 1881
3 1974 1381 415
3 256 3305 1470
3 621 1783 2207
3 3398 3182 1023
3 1658 3317 1033
3 1637 3342 2961
3 3469 1663 1091
3 3560 1857 1025
3 3511 3701 686
3 1993 2486 1026
3 3312 1026 1596
3 1687 477 1955
3 2844 1027 1606
3 206 2863 1513
3 2587 2250 1082
3 3501 3118 3500
3 3117 1858 3691
3 2856 2194 1030
3 3587 1943 215
3 2614 3192 1730
3 2930 1747 1151
3 3458 3028 2344
3 2332 1032 1674
3 2524 3316 1766
3 766 1658 3160
3 3369 2417 1034
3 2708 1693 866
3 2786 1175 1035
3 2242 2686 24
3 3678 2018 1036
3 2925 1838 963
3 2111 3177 1037
3 2112 3462 577
3 3471 3394 1949
3 3460 3395 1728
3 2167 1039 2017
3 3735 2190 761
3 3407 1926 1040
3 1862 1748 702
3 3344 2922 1041
3 2838 2152 1109
3 2097 2182 1042
3 2195 1953 770
3 3692 2736 1043
3 2495 1718 300
3 63 64 2141
3 3624 2090 406
3 1413 3062 2099
3 3061 2026 84
3 1325 346 1947
3 3048 1767 1052
3 1767 3439 3440
3 1710 2025 673
3 3571 2829 2025
3 3461 327 1390
3 2077 1861 1049
3 2089 2684 1325
3 3407 3438 1926
3 2875 2409 819
3 3452 3446 1051
3 3689 3453 675
3 1805 2101 1052
3 3453 3454 1806
3 2254 2255 1053
3 2134 647 1483
3 3473 1446 1054
3 3394 1882 1038
3 2675 3386 1660
3 3373 3512 1595
3 3768 1594 1056
3 3846 1522 640
3 3079 1617 1057
3 3436 1057 1640
3 3540 1058 2334
3 2678 3328 682
3 3235 3228 1834
3 2261 3376 1064
3 2850 2677 1125
3 510 2166 2165
3 1916 403 1277
3 2444 2677 1060
3 2442 2008 1062
3 3058 2601 965
3 769 2155 2126
3 1395 3458 1083
3 3377 3376 1386
3 3378 1064 1675
3 1676 2539 1065
3 1750 611 1474
3 2890 2647 3479
3 2889 3478 668
3 2281 2664 1067
3 593 1588 1430
3 2674 2903 3497
3 2675 3102 619
3 2938 1646 1069
3 2268 878 2536
3 2939 1069 3116
3 3406 1996 894
3 305 3144 1654
3 3761 423 1451
3 3609 1104 2367
3 3520 685 1313
3 3333 2568 1073
3 3845 2803 967
3 3000 2608 3505
3 3505 313 2768
3 1161 683 1873
3 2377 2769 1212
3 3391 2221 1076
3 3536 1690 676
3 3349 1536 1077
3 626 1512 3010
3 2146 3154 1469
3 3416 2349 440
3 1073 1780 1449
3 2687 1816 2350
3 2319 2946 1080
3 222 2500 221
3 1942 3206 1081
3 2411 2122 212
3 1028 2587 2297
3 2694 2216 958
3 2531 361 1812
3 2344 3028 1243
3 2232 791 2648
3 3464 1581 3465
3 3498 1085 1545
3 3579 1085 1773
3 2884 3141 1171
3 2238 1911 763
3 1515 3272 1087
3 2777 1719 1415
3 3256 2727 1088
3 3334 1919 693
3 3357 2088 1089
3 2225 2087 339
3 3845 1832 1090
3 320 2468 2002
3 2871 1044 3089
3 2439 1663 842
3 1785 1092 1427
3 3555 1092 1707
3 1918 3525 3523
3 3529 1921 694
3 1674 3577 1094
3 3527 2729 1095
3 3576 3527 2070
3 1921 2032 694
3 1479 643 1976
3 3577 2096 1094
3 2497 565 1875
3 733 2201 3636
3 1672 3567 1098
3 3566 652 1438
3 3467 1099 2436
3 1950 3466 495
3 2409 529 1421
3 3432 3431 2123
3 2933 1571 1101
3 2878 3613 502
3 3092 2159 1102
3 3525 1925 1093
3 2652 2313 1103
3 2642 2164 850
3 3521 3608 3609
3 647 1992 1547
3 3732 1900 1105
3 2443 1899 445
3 1894 3666 3665
3 3665 1106 1256
3 2522 3065 1232
3 2699 3684 1
3 1366 3675 3174
3 3674 3676 1887
3 3603 3833 1109
3 1991 786 1193
3 3518 2058 1110
3 1799 1751 1000
3 282 283 2285
3 3683 2997 1904
3 3585 1772 1112
3 2794 2419 910
3 1225 517 1720
3 3038 912 1599
3 1952 3582 1114
3 3580 328 1290
3 3083 1809 1115
3 3500 3118 1029
3 1956 2815 1116
3 3464 2648 1084
3 3717 493 1885
3 3702 3701 1857
3 3644 3698 1118
3 1480 1977 581
3 1968 2137 1222
3 3266 3094 1264
3 3009 2098 1120
3 3425 2346 1190
3 1120 3010 3009
3 2028 1179 790
3 3411 2391 1122
3 1997 1518 1311
3 2140 3270 2194
3 2855 1944 712
3 3055 3054 1124
3 560 3113 2553
3 3164 2850 1125
3 2532 2668 1061
3 2496 1871 1126
3 3725 3726 1785
3 1752 3503 1127
3 3214 867 2057
3 3050 3232 1128
3 1238 1474 611
3 1275 3707 1129
3 3049 1821 612
3 2196 3256 1130
3 3029 1918 405
3 2144 3744 1131
3 3745 570 1326
3 2932 1855 1132
3 3751 1132 2036
3 3389 1133 2239
3 3388 3595 1423
3 1994 3697 1134
3 2418 3696 837
3 1924 1135 1606
3 2623 1781 1115
3 2419 608 1656
3 2036 1565 727
3 1308 711 2203
3 3611 2474 1372
3 2188 3640 1138
3 3330 651 1347
3 2574 873 2866
3 2898 2462 689
3 1139 3298 3297
3 2046 3757 803
3 2168 3105 1141
3 3450 410 1404
3 291 3544 2304
3 1940 1394 448
3 2758 2478 1417
3 3494 2192 294
3 2676 2118 1144
3 3532 2000 1406
3 61 62 2041
3 2871 2141 1044
3 45 3443 2362
3 2746 3781 499
3 3016 2547 1147
3 2204 2379 797
3 3539 3031 1148
3 3397 240 241
3 2560 2345 1149
3 3319 2431 1346
3 1820 3636 2667
3 3635 2366 75
3 2179 3564 3563
3 2720 2535 431
3 1483 661 2121
3 560 3506 3055
3 2105 2572 1153
3 2492 2578 833
3 3361 2782 1154
3 3760 1154 1726
3 3841 1683 1155
3 2199 3840 801
3 2966 371 1696
3 3723 3186 550
3 2422 3664 3593
3 3593 2897 2795
3 2027 3199 1439
3 3487 3796 2646
3 3681 2553 1159
3 3799 2121 661
3 1448 2896 2529
3 2723 2715 264
3 1873 350 1161
3 2657 2654 930
3 1958 2497 1162
3 3535 1662 1211
3 3110 3071 1163
3 3158 2659 1408
3 2737 888 1506
3 1734 1507 518
3 2343 1798 1165
3 3600 3828 793
3 2181 3647 1166
3 3274 2833 55
3 2620 3380 2989
3 3376 3367 1064
3 1814 681 1168
3 2360 764 1462
3 2359 2300 1169
3 2108 509 1170
3 2128 2108 1170
3 1815 1902 681
3 3141 2643 1171
3 3813 574 2885
3 3239 2744 1172
3 1988 3418 545
3 2801 396 1173
3 3827 1173 1709
3 2722 3482 1314
3 2174 2433 760
3 3658 3800 1175
3 3659 1175 2786
3 2726 2613 1241
3 3850 1755 1242
3 2093 3710 1177
3 3711 778 1732
3 3853 2003 1178
3 2398 2825 274
3 2028 398 1179
3 790 1179 2029
3 2474 820 1180
3 2929 667 1365
3 1890 720 1181
3 3384 1181 1359
3 3387 1182 1757
3 2644 726 1866
3 2011 3786 1183
3 3390 1002 1510
3 2082 2249 1184
3 2596 3356 1208
3 2421 3633 1185
3 2092 2596 1208
3 1464 364 1186
3 515 2892 1565
3 1906 691 1187
3 2292 2567 317
3 2738 2763 904
3 2718 2253 896
3 2169 2438 1189
3 3193 2664 572
3 3421 2437 1190
3 3425 3010 1120
3 2621 3705 1615
3 3424 3423 1238
3 1978 3680 1192
3 1818 1453 338
3 2058 487 1193
3 741 2114 2618
3 2202 2284 1194
3 289 2185 288
3 2589 3584 1195
3 382 1475 2273
3 1938 723 1196
3 496 1196 2267
3 2982 2607 1197
3 3031 2358 1148
3 2373 516 1198
3 1898 3790 1220
3 602 2072 1464
3 1199 2013 3146
3 3852 2013 1200
3 2915 799 1811
3 59 60 2799
3 2131 1201 818
3 3729 1202 2283
3 2215 1276 1113
3 2518 744 1203
3 2527 718 1223
3 2612 3306 987
3 2622 1204 3086
3 2606 2023 1205
3 2831 798 2171
3 2293 2294 1206
3 2778 417 1265
3 2429 2427 1207
3 3728 1169 2108
3 2691 512 2092
3 2986 441 1545
3 1342 3709 3170
3 387 2845 1485
3 1828 3592 1210
3 559 1609 2745
3 1236 714 2063
3 3005 2026 1045
3 3548 2769 2377
3 3780 2477 1451
3 3541 2792 1213
3 2001 3141 579
3 2586 1874 1214
3 3391 3562 1608
3 2400 1215 2181
3 3808 3195 2543
3 2267 2352 1216
3 724 1216 1649
3 3241 776 2565
3 3237 2724 1463
3 3788 1218 2747
3 399 2128 1170
3 2104 2581 1219
3 2020 1620 379
3 1198 332 1898
3 3164 1961 993
3 1665 759 3486
3 3355 763 1911
3 2434 1968 1222
3 2822 2512 1376
3 3746 2894 1223
3 718 2527 3804
3 1969 3008 1526
3 1224 2171 3115
3 2186 517 1225
3 767 1225 1959
3 3353 2252 1226
3 3581 1952 1114
3 2584 523 1227
3 3258 2761 2585
3 2832 3794 1228
3 2504 2277 411
3 1506 679 1229
3 2830 2577 962
3 10 11 2311
3 791 2106 2648
3 1664 3775 1231
3 2526 3776 1230
3 2 3 2348
3 1107 1232 3065
3 1681 454 1233
3 1860 1796 702
3 2948 2947 1234
3 3206 3207 1081
3 2992 591 1643
3 2579 316 1549
3 1958 714 2262
3 412 2301 1601
3 1487 373 1237
3 564 1237 2076
3 3051 1128 1238
3 333 3423 3422
3 3820 3682 1239
3 3080 2415 828
3 2515 3762 1240
3 3820 3080 954
3 1850 896 2613
3 552 2726 3817
3 2872 3850 1242
3 2646 2704 326
3 3028 2332 1243
3 2608 1243 1074
3 2277 2504 1244
3 1059 1244 3229
3 3832 541 2125
3 796 1245 2006
3 3832 2125 1246
3 3552 1983 279
3 3641 1138 1247
3 3513 1732 2222
3 2170 752 1248
3 259 2732 258
3 2172 752 1249
3 522 2399 2908
3 2549 2626 1250
3 2773 2771 876
3 2276 406 1251
3 2275 1990 493
3 1908 699 1252
3 3807 2498 1848
3 1810 405 2797
3 528 2861 1254
3 1870 528 1254
3 408 2487 1706
3 3095 1255 1725
3 3503 1954 1127
3 1927 532 1256
3 798 1256 2395
3 1867 429 1257
3 700 2023 2606
3 2162 208 1258
3 2590 3032 859
3 2316 3652 1259
3 772 1259 1553
3 1984 734 1260
3 2140 1845 754
3 2369 217 1261
3 3114 2031 994
3 3698 3717 1977
3 1766 2135 369
3 3646 2077 1263
3 2081 1934 479
3 3009 1121 3094
3 3266 1948 1119
3 2289 2428 1265
3 417 2778 1206
3 3217 1266 2905
3 759 2130 1221
3 2428 3217 1267
3 352 2193 1420
3 108 2842 1494
3 3171 1268 2924
3 2753 3213 1269
3 3568 3748 1160
3 2750 2537 1270
3 447 2559 2086
3 2630 3336 1516
3 3202 421 2155
3 3551 2040 1272
3 3785 3447 1486
3 2945 1273 2901
3 2843 1808 894
3 3749 1274 2729
3 2729 1274 1936
3 2846 386 2456
3 2354 584 1365
3 3671 3670 1276
3 1202 2215 2283
3 1801 703 2235
3 2248 2668 510
3 2580 569 1418
3 2685 2730 33
3 1893 3488 1279
3 546 1279 2593
3 3553 2593 1280
3 1760 2546 905
3 2412 1281 2263
3 2744 1493 1172
3 3014 2212 1282
3 3077 1282 425
3 2507 3534 1283
3 3694 671 1589
3 2294 781 1284
3 2271 2460 783
3 1279 3488 3475
3 3475 2738 904
3 2600 842 1286
3 2276 1663 406
3 3783 747 2392
3 3283 2721 1288
3 2401 526 2610
3 2680 2721 879
3 1999 1289 1429
3 388 1833 3467
3 3580 1290 1933
3 2061 696 1896
3 2328 782 1291
3 2224 1292 709
3 2224 534 1292
3 709 1292 1892
3 3248 2241 1293
3 2409 1293 529
3 2388 845 1294
3 2392 747 1287
3 2260 2403 1295
3 2197 1797 285
3 2915 403 2700
3 731 1296 2012
3 1482 3414 1297
3 245 2639 244
3 50 51 1298
3 2318 3224 1011
3 3301 3265 1299
3 1119 1299 3266
3 2177 755 1300
3 415 1300 1460
3 3265 3050 1301
3 3268 3051 333
3 2253 572 2561
3 3767 2355 358
3 3834 2447 1303
3 3754 1000 2467
3 3829 1820 1304
3 2497 2314 1162
3 2380 565 1305
3 2262 714 1236
3 2482 785 1306
3 334 2079 1548
3 1586 535 1307
3 1698 2338 978
3 1915 710 1308
3 3719 1950 1137
3 1756 900 1309
3 692 1912 2781
3 2335 366 3180
3 3412 3411 1122
3 1312 531 2147
3 2435 336 1409
3 2682 883 3230
3 2229 2147 795
3 3520 1313 2776
3 393 1313 2241
3 3482 2602 1314
3 2722 2270 679
3 3213 645 3169
3 2213 422 1249
3 2666 538 1316
3 832 2660 2051
3 1628 424 1317
3 1190 1317 3425
3 2067 745 1318
3 376 1318 2118
3 2385 2795 1319
3 3222 1136 2974
3 254 3778 2074
3 2073 1422 430
3 2390 2388 1321
3 3020 2463 96
3 1655 855 1322
3 2322 2321 789
3 1814 329 2552
3 562 3185 2321
3 3549 3430 1428
3 3430 377 3043
3 2408 819 2684
3 1947 3331 1046
3 2142 2538 1326
3 472 3365 2458
3 3358 2225 1327
3 539 1327 2517
3 2829 501 2869
3 1877 1329 327
3 2514 1329 1877
3 3489 1884 824
3 1657 548 2692
3 2980 391 1473
3 2114 2567 1331
3 2618 470 1751
3 2882 2762 1332
3 2556 2762 829
3 2558 829 1333
3 359 1845 1260
3 2327 786 1334
3 317 1334 2292
3 1334 786 2375
3 536 1335 2326
3 2328 356 1336
3 2460 2271 1284
3 2238 763 1337
3 315 3244 1344
3 2189 416 1338
3 554 1338 2324
3 2355 773 1339
3 3093 2757 1364
3 2071 971 1340
3 3727 2034 269
3 2008 485 1341
3 2227 1941 342
3 3836 1342 2982
3 3104 2658 982
3 3012 3449 1445
3 2455 1740 664
3 3017 315 1344
3 2180 3724 475
3 3772 2333 1345
3 3081 2160 1010
3 2431 1996 1346
3 3023 3022 1007
3 2227 3330 1347
3 2226 1704 458
3 2555 1348 1758
3 2852 2853 942
3 2469 3834 1349
3 2994 1824 931
3 2395 3239 1350
3 3345 1988 753
3 2365 3215 1692
3 2619 2910 580
3 3710 389 1352
3 622 1352 2175
3 1638 824 3157
3 327 1353 1390
3 1156 2016 1564
3 3186 3188 992
3 3392 2557 1355
3 2558 2557 829
3 2271 783 1356
3 785 1356 1306
3 1253 694 1357
3 1253 1357 528
3 2347 1358 1532
3 3659 3658 1175
3 3309 2009 1369
3 3197 807 1733
3 2912 923 1360
3 2537 2750 938
3 2534 2779 1361
3 885 1361 2765
3 1735 728 1362
3 553 1362 2847
3 2609 2491 1363
3 1567 2325 823
3 2757 2325 1364
3 3096 925 2069
3 2466 584 2354
3 667 2929 1180
3 3296 3675 1366
3 906 2628 1872
3 2957 989 1367
3 3844 3006 1957
3 2094 53 1368
3 3140 573 1972
3 1764 867 2513
3 1068 3173 2834
3 2698 2501 1370
3 783 2364 1356
3 3152 1371 2617
3 2599 2571 1377
3 1900 311 1372
3 2474 3611 820
3 2139 754 1373
3 2990 848 1765
3 1693 575 3419
3 2055 756 1419
3 1792 575 1375
3 2725 314 1515
3 2857 566 1376
3 326 1376 1439
3 2979 397 1377
3 3019 2857 1550
3 3394 375 1882
3 2942 3545 1560
3 1613 862 1379
3 670 3678 1712
3 2972 3057 1380
3 973 1380 2971
3 3434 1381 2973
3 639 1381 2975
3 3790 1578 3789
3 3474 865 1391
3 2702 362 1383
3 2827 1383 990
3 2234 29 1384
3 3777 1682 2752
3 2894 2895 1385
3 2485 2073 430
3 589 1167 1386
3 3229 2261 1059
3 3084 394 1387
3 3086 3499 475
3 2449 690 2064
3 3242 1846 724
3 423 1343 1389
3 2477 2472 654
3 1709 673 2433
3 760 1390 2175
3 1382 865 3474
3 2703 1391 864
3 298 299 1392
3 723 2246 1414
3 2402 2916 840
3 3680 3679 1192
3 2191 757 3396
3 448 1394 1846
3 2839 2840 1395
3 3682 2237 1239
3 2064 354 3220
3 563 2465 1398
3 2970 1397 2458
3 2654 1849 930
3 2465 3276 1398
3 563 1398 1849
3 2672 956 1399
3 1027 1399 1955
3 2143 350 1400
3 2143 1400 2144
3 2521 3642 1401
3 822 2570 1569
3 2053 616 1402
3 451 1402 1985
3 2909 2564 1403
3 3295 1596 1026
3 2313 689 2440
3 2450 3799 661
3 1548 636 2636
3 2893 926 1879
3 3332 3753 1406
3 465 1406 2000
3 3194 2566 1407
3 889 1407 2621
3 1446 587 1408
3 1054 1408 3471
3 2310 795 1409
3 3227 3110 1163
3 262 263 1410
3 262 1604 261
3 1397 719 2052
3 1019 1411 3325
3 2774 2669 1412
3 1412 2402 3372
3 2717 594 1413
3 2494 87 88
3 1196 723 1414
3 3363 1012 1829
3 3350 625 1836
3 398 2219 1179
3 3718 1262 1416
3 2993 698 1630
3 2478 3515 1417
3 2758 1938 496
3 2624 869 3574
3 2573 1418 1278
3 1803 779 1419
3 756 2055 3830
3 2359 352 2300
3 2792 3637 1213
3 2410 819 1421
3 3432 2123 817
3 3322 1320 1422
3 2936 2207 761
3 2688 932 1423
3 2505 2708 866
3 3638 1213 1424
3 2384 2135 766
3 233 234 1425
3 3042 2431 1149
3 1793 3831 2793
3 2793 1426 1501
3 3573 1092 1785
3 704 2459 1941
3 2656 853 1428
3 953 1428 3430
3 2223 778 1429
3 1289 1999 824
3 2964 593 1430
3 475 3724 2622
3 1337 554 1431
3 3662 2964 1344
3 2022 3032 1432
3 1258 1432 533
3 2049 3165 1443
3 3192 3191 1031
3 3318 2368 1434
3 2912 1434 923
3 3177 514 1435
3 2264 3318 1434
3 2890 2751 1436
3 989 2371 3060
3 1657 821 2876
3 3566 1680 652
3 635 1437 1438
3 635 3489 1638
3 3199 3487 1439
3 2512 1439 1376
3 2309 3550 1440
3 2748 1966 751
3 2406 347 1441
3 784 1441 2251
3 3849 509 2259
3 2208 2209 418
3 2284 836 1443
3 3165 2049 1433
3 2713 595 1444
3 3772 1345 1007
3 1825 802 1445
3 423 1445 1343
3 2821 2913 1446
3 1054 1446 1408
3 3178 1447 2112
3 3462 938 2397
3 266 267 2529
3 2896 1448 2112
3 3025 1073 1449
3 3375 1449 511
3 3186 992 1450
3 829 1450 2556
3 423 1389 1451
3 3761 2157 1524
3 2385 1319 1452
3 3752 2796 1132
3 3679 598 3455
3 338 3072 2019
3 2916 3428 1393
3 2873 914 2295
3 2110 762 1455
3 3616 1455 3617
3 2468 1456 2002
3 719 3484 1411
3 2289 785 1457
3 758 2609 1363
3 2787 630 1458
3 3131 2129 815
3 2320 578 1459
3 3063 2540 1080
3 3559 1460 1679
3 2985 1460 933
3 1602 3693 1461
3 3288 1461 583
3 2259 764 2360
3 2712 913 1856
3 3697 3237 1463
3 3696 2417 837
3 3146 364 3269
3 3649 1029 2239
3 1848 705 1465
3 3516 2442 1062
3 2886 369 1466
3 2384 766 2127
3 2376 952 1467
3 583 1467 3044
3 3043 377 1468
3 2379 1468 797
3 3374 1090 1469
3 812 3154 2258
3 2874 1022 3305
3 256 2791 255
3 2574 349 2568
3 2998 1471 2651
3 2519 638 1472
3 3492 454 1681
3 1330 391 2980
3 2533 612 1821
3 1505 611 1750
3 1473 1474 612
3 3699 1195 1475
3 2509 2156 580
3 3306 596 1981
3 335 1476 3108
3 3107 972 1477
3 3354 995 1782
3 1445 802 3012
3 3070 1650 1015
3 2117 898 1479
3 2681 383 2084
3 3645 1118 1480
3 330 3002 1646
3 2924 1481 2817
3 2784 1817 718
3 2954 657 1482
3 1014 2953 2952
3 2121 2134 1483
3 661 1483 2785
3 3053 3673 1484
3 1124 1484 3223
3 2811 387 1485
3 597 1485 2600
3 3447 2413 1486
3 3645 3644 1118
3 2888 373 1487
3 594 1762 3062
3 2605 858 1488
3 319 1488 1777
3 3663 1157 1489
3 2543 1972 573
3 2103 977 1490
3 2779 3660 1361
3 3843 1491 2471
3 1964 590 1492
3 1491 590 1964
3 2766 1492 885
3 1975 623 1493
3 3418 1493 545
3 107 108 2454
3 3066 3171 945
3 2820 971 1495
3 911 3766 2825
3 3393 613 1496
3 912 3243 1839
3 1440 348 2309
3 592 1497 3162
3 2054 804 1498
3 3163 3162 981
3 3259 687 1499
3 1498 1499 592
3 2184 3773 1500
3 1499 1500 592
3 2240 774 1501
3 529 1501 1945
3 3170 1209 1502
3 3639 551 2439
3 3121 2577 1503
3 943 1503 2920
3 2330 3740 1504
3 1733 1543 620
3 1615 611 3621
3 500 1505 3367
3 1164 679 1506
3 1164 1506 2949
3 3827 1507 3313
3 886 3399 2800
3 2854 2853 1508
3 2802 2503 966
3 2047 1982 1509
3 595 1509 3205
3 1183 1002 3390
3 519 2963 2268
3 3797 1511 1775
3 3633 1511 1185
3 3348 1077 1512
3 3267 1512 398
3 2162 1028 2863
3 206 3362 205
3 1402 616 1514
3 3731 1986 734
3 1375 314 2725
3 863 3147 1536
3 3201 1271 3336
3 3024 339 2087
3 2391 438 1517
3 3413 1517 609
3 3413 609 1997
3 1311 1518 336
3 105 106 2473
3 804 3259 1499
3 2805 624 1749
3 72 3156 71
3 2937 634 1521
3 402 1521 1861
3 1523 648 1522
3 1522 2922 3344
3 3436 1523 3079
3 3405 1987 1056
3 1445 423 1825
3 3661 1071 2265
3 2417 604 1835
3 1375 1525 314
3 3271 1526 3120
3 3008 1969 717
3 2351 755 1527
3 3106 3108 972
3 1529 600 3586
3 2972 3107 468
3 2984 600 1529
3 371 2931 2024
3 1198 516 1530
3 601 1530 2688
3 1530 601 1531
3 1198 1531 332
3 2752 464 1532
3 606 1532 3659
3 1555 713 1533
3 1291 1533 534
3 2783 1534 2306
3 2511 494 1683
3 3122 961 1535
3 380 3338 2303
3 3147 3350 1536
3 863 1536 2030
3 1930 460 1537
3 3159 970 2405
3 1539 740 1538
3 2286 2754 870
3 3686 1539 1690
3 2161 3163 981
3 2697 709 1540
3 860 1540 2696
3 1532 606 3211
3 26 3208 25
3 2641 850 1542
3 2868 1542 902
3 2834 620 1543
3 619 2048 1617
3 2717 903 1544
3 2887 1544 907
3 3579 736 1545
3 1085 3498 2120
3 2594 1546 2037
3 3751 2932 1132
3 2868 902 1547
3 325 1859 3410
3 1586 636 2079
3 2491 1735 1363
3 2280 830 1549
3 808 1549 2010
3 1879 926 3371
3 2857 3019 566
3 1831 629 3324
3 3811 380 3617
3 2729 343 2032
3 1357 1552 706
3 3640 772 1553
3 1138 1553 3642
3 2320 780 2423
3 715 2078 1881
3 2625 3353 1555
3 2849 1555 1533
3 2843 3672 1556
3 502 1556 2878
3 1627 833 2928
3 2940 2962 922
3 2323 538 1558
3 880 2695 1744
3 1560 662 1559
3 3299 323 1669
3 3167 662 3545
3 588 1560 2368
3 3070 1015 1561
3 2951 1771 1343
3 2256 1107 2923
3 308 3730 307
3 2180 475 3499
3 3496 1863 574
3 3618 1156 1564
3 616 2760 1514
3 2974 1565 2036
3 2892 3691 1186
3 3099 950 1566
3 891 1566 2814
3 758 1363 1567
3 3343 2214 2210
3 1637 633 2021
3 66 1568 65
3 2918 943 1569
3 822 1569 2520
3 2212 2517 1570
3 1282 1570 425
3 236 237 2933
3 3614 1571 666
3 2017 800 2988
3 858 1572 2603
3 3703 3225 1573
3 3099 3100 950
3 3657 3703 1574
3 2809 1575 892
3 2809 615 1575
3 892 1575 2391
3 1558 832 2510
3 2865 2610 1288
3 2731 465 1577
3 3715 3742 1721
3 332 1382 3790
3 3789 1578 642
3 2331 1579 2330
3 649 1579 1580
3 3437 649 1580
3 2768 1580 920
3 3542 3465 1581
3 571 1581 2854
3 2605 1582 2470
3 677 2586 1214
3 2493 1583 1608
3 677 2470 1582
3 1557 432 2962
3 2941 2859 591
3 1131 3596 1585
3 1131 1585 3745
3 1306 535 3578
3 636 1586 1698
3 3176 3393 1587
3 1113 1587 2616
3 3685 1588 2881
3 365 1588 2438
3 3325 481 2449
3 3625 2038 854
3 3045 450 2656
3 3039 681 1814
3 1579 462 2981
3 3000 617 2608
3 3168 2960 1592
3 887 3027 1967
3 3795 1228 1593
3 642 2707 2068
3 3373 1055 3512
3 3768 1056 2447
3 2469 876 1595
3 3512 1055 1594
3 3241 2565 1596
3 637 1596 3295
3 2911 337 1597
3 918 1597 2564
3 2804 838 1598
3 3634 2637 1699
3 2904 605 1599
3 912 3038 1587
3 3605 444 1600
3 1807 658 1601
3 2301 739 1601
3 3289 3016 1147
3 2995 931 1602
3 2547 3288 1147
3 2399 792 1603
3 3814 357 2206
3 262 1410 1604
3 3763 2170 260
3 2452 934 1605
3 735 3854 1936
3 3502 331 1606
3 1135 1924 3501
3 586 1404 1607
3 586 1607 2554
3 1583 677 1608
3 3562 3391 1076
3 2430 2490 1609
3 1210 1609 3591
3 2291 541 1610
3 872 1610 1922
3 249 250 1611
3 718 1611 1223
3 2919 943 2424
3 960 1612 2010
3 1757 862 1613
3 3294 844 1747
3 2060 957 1614
3 382 1614 2591
3 2372 889 1615
3 611 1615 3424
3 2563 1616 1919
3 693 3092 3631
3 3386 619 1617
3 3385 1617 484
3 1979 627 2917
3 2917 3337 917
3 3300 3285 1619
3 3127 3528 456
3 3073 631 1620
3 1219 2020 3821
3 1619 964 3300
3 3300 1621 3124
3 2814 1622 2813
3 631 3135 1625
3 3655 379 1623
3 899 1623 1979
3 3112 2737 1624
3 629 1624 3129
3 3285 1013 3528
3 456 3135 2464
3 2899 959 1626
3 3126 1626 960
3 2764 336 1627
3 3109 2928 610
3 1803 424 1628
3 779 2566 3194
3 1630 698 1629
3 3786 3656 1183
3 1689 698 2993
3 581 2631 1480
3 835 1576 1631
3 95 1631 94
3 3404 1056 1632
3 3517 3253 1110
3 2838 487 1633
3 640 3253 1632
3 3364 3812 1634
3 931 3226 1602
3 2560 1149 1635
3 2883 2860 230
3 2989 1167 1636
3 1383 2826 990
3 3183 483 1637
3 2021 633 1568
3 327 1329 1638
3 3157 824 1353
3 3060 345 1639
3 3006 729 1957
3 3435 384 1640
3 648 1640 2182
3 2740 1641 1853
3 2749 2371 997
3 1520 1003 3156
3 2107 1851 69
3 591 1235 1643
3 2991 1643 459
3 101 102 1644
3 2272 3003 946
3 1983 796 1645
3 2987 2004 276
3 2938 330 1646
3 3133 519 2576
3 1603 792 2956
3 1017 1647 2212
3 3235 998 1648
3 944 3210 2751
3 354 1388 1649
3 354 1649 1216
3 2767 1015 1650
3 7 3825 6
3 3557 643 1651
3 3254 437 1708
3 3087 323 1652
3 898 2756 1479
3 2472 2755 1653
3 654 1653 1654
3 2157 654 3278
3 1071 3144 2592
3 2584 855 1655
3 3103 1322 400
3 1319 910 1656
3 1319 3222 414
3 1329 548 1657
3 1329 1657 635
3 3383 1023 1658
3 3315 1658 1033
3 1596 637 3241
3 776 1659 2244
3 2673 868 1660
3 321 1660 3373
3 1380 788 2818
3 1354 1661 3188
3 81 82 3712
3 3712 1662 3714
3 3089 1091 2439
3 842 1663 1286
3 13 14 1664
3 13 1664 2927
3 1420 759 1665
3 1420 1665 2792
3 2474 1180 2705
3 849 1666 1968
3 3602 2545 1667
3 923 1667 1360
3 3602 646 2545
3 3588 898 2117
3 2461 856 1669
3 2228 1652 898
3 2242 1035 1670
3 24 2686 23
3 2383 843 2528
3 3802 366 2335
3 2476 495 1672
3 667 2456 1275
3 3630 644 1673
3 1925 3524 1093
3 3451 3577 1674
3 644 3368 1673
3 1791 2483 1675
3 659 1675 2539
3 1677 659 3490
3 2387 1676 391
3 2386 434 1677
3 3490 659 1676
3 3003 725 1678
3 946 1678 3004
3 3559 1679 1974
3 715 2423 1554
3 3519 652 1833
3 3466 3567 495
3 1472 454 3492
3 852 3797 1775
3 1869 464 1682
3 722 1682 1384
3 1874 2511 1683
3 678 1683 3841
3 1874 678 1684
3 1214 1684 395
3 2525 3733 1685
3 3839 3841 1155
3 2363 2836 1686
3 18 1686 17
3 1955 746 1687
3 477 2880 1403
3 1572 800 1688
3 540 1688 3014
3 581 1416 2993
3 2312 2886 947
3 1539 676 1690
3 3686 2091 740
3 2151 1691 2150
3 348 3793 1497
3 2733 537 1692
3 3215 2365 1351
3 3240 1693 2708
3 866 3419 2709
3 3608 1072 1694
3 1694 3249 3438
3 1697 922 3137
3 370 1695 2452
3 3620 3618 1696
3 936 1696 2053
3 3149 610 1697
3 3150 3137 370
3 1586 1307 1698
3 3153 1698 978
3 1639 345 1699
3 729 2637 1869
3 1784 825 2851
3 3138 1700 91
3 15 16 2770
3 921 1701 2045
3 2969 929 1702
3 320 1702 2803
3 3247 651 1703
3 1001 2976 2436
3 2226 1347 1704
3 3569 1001 1951
3 3485 935 1705
3 653 2480 1707
3 2487 1813 1706
3 408 1706 3573
3 3572 653 1707
3 506 1707 2280
3 1651 437 3254
3 650 1708 3749
3 3842 673 1709
3 518 1709 2174
3 3440 1047 1710
3 396 1710 1173
3 3100 431 1711
3 950 1711 3101
3 3101 670 1712
3 950 1712 1566
3 3121 455 1713
3 3124 3290 628
3 3129 964 1714
3 3444 456 2464
3 2706 3383 1715
3 1462 1715 913
3 3607 3119 1716
3 757 3069 1394
3 103 104 2741
3 870 1717 2054
3 299 300 1718
3 1392 1718 656
3 3477 1087 2777
3 1415 1719 753
3 2215 1113 1720
3 1225 1720 1025
3 1577 3742 3715
3 875 1721 2730
3 1724 665 1722
3 1141 1722 3450
3 3673 1723 2716
3 20 1723 19
3 3673 665 3175
3 3148 498 2046
3 2782 461 1725
3 655 1725 1255
3 3759 655 1726
3 494 1726 2200
3 2824 503 1727
3 911 1727 2650
3 2820 660 1728
3 2820 1728 2819
3 3482 3530 1729
3 389 1729 1352
3 3192 1031 1730
3 897 1730 2403
3 3204 1009 1731
3 476 1731 3252
3 3629 3189 1732
3 3513 2222 651
3 807 1504 1733
3 807 3197 1359
3 1164 1507 1734
3 679 3648 2722
3 3610 728 1735
3 1363 1735 553
3 1257 429 3279
3 697 1736 3187
3 2489 966 1737
3 3463 2575 968
3 1348 861 2810
3 367 2503 2802
3 2575 669 1739
3 873 1739 2734
3 2377 664 1740
3 1075 1740 1873
3 1584 917 2859
3 591 1741 1235
3 1371 585 1742
3 1371 2599 2617
3 3084 3085 1743
3 3263 3782 1002
3 2695 466 1744
3 880 1744 1746
3 3417 1745 3328
3 682 2257 1746
3 3755 1746 2257
3 682 1746 1744
3 2930 1031 1747
3 1151 1747 3565
3 1862 1040 1748
3 702 1748 1861
3 624 1520 1749
3 2806 73 74
3 1065 1505 1750
3 391 2665 1473
3 3238 1751 1799
3 1000 3677 2176
3 1726 655 1752
3 801 1752 2198
3 2038 671 1753
3 338 1753 1818
3 2653 440 1754
3 671 1754 1753
3 3817 1176 1755
3 2704 2858 326
3 3068 828 1756
3 900 1756 2531
3 2644 862 1757
3 1182 3387 1998
3 3775 732 1758
3 520 1758 2852
3 1854 921 2864
3 732 1759 2555
3 3021 1280 1760
3 623 1760 2645
3 2866 1139 1761
3 2635 2313 851
3 1487 1237 1762
3 1487 1762 594
3 2736 473 1763
3 3275 3302 656
3 2057 867 1764
3 826 1764 1930
3 2948 407 1765
3 1016 3218 2156
3 3316 1033 1766
3 1416 1766 369
3 3048 674 1767
3 1052 1767 3454
3 3331 1768 3304
3 674 3088 1769
3 3088 2124 1769
3 3439 3571 1047
3 2066 745 1770
3 3695 411 2277
3 1561 433 1771
3 1561 1771 2951
3 2671 1112 1772
3 956 1772 2670
3 2092 736 2421
3 3161 813 1816
3 2745 948 1774
3 874 3219 1546
3 2158 852 1775
3 3633 1775 1511
3 3255 974 1776
3 2426 2425 828
3 2783 1777 2781
3 692 3255 1776
3 2500 834 2943
3 220 1778 219
3 2961 1024 1779
3 633 1779 3033
3 2998 638 1780
3 1449 3321 511
3 3502 1135 2623
3 1115 1781 2357
3 2420 871 1782
3 995 3354 3526
3 2977 522 1783
3 1022 1783 3136
3 3851 1018 1784
3 2851 825 1700
3 3726 408 1785
3 704 1785 1427
3 3110 975 1786
3 469 1786 3151
3 2985 933 1787
3 578 1787 2968
3 2315 680 1788
3 951 1788 3097
3 3250 999 1789
3 470 1789 2176
3 3812 941 3047
3 3026 3303 952
3 2218 816 1791
3 1677 1791 659
3 3824 3830 1792
3 863 1792 1375
3 2481 474 1793
3 774 2793 1501
3 1713 959 3290
3 628 1794 3285
3 3341 1025 1795
3 3342 3476 1024
3 1233 850 1796
3 1233 1796 1860
3 1295 881 2197
3 2965 2115 1111
3 3568 839 2753
3 645 1798 2343
3 3517 1110 1799
3 378 1799 2298
3 3001 940 1800
3 37 1800 2624
3 1917 703 1801
3 40 1801 39
3 346 1421 1802
3 346 1802 1768
3 1419 756 1803
3 779 1803 1628
3 3445 1051 1804
3 312 1804 2774
3 3446 479 1805
3 1051 3689 1804
3 2801 2960 1806
3 3454 3453 1052
3 915 1600 1807
3 915 1807 2075
3 3722 2113 1808
3 527 1808 2812
3 3083 608 1809
3 1115 3653 2623
3 3737 1130 1810
3 699 2797 1910
3 3366 1811 2374
3 799 2915 2373
3 3459 1083 1812
3 919 3203 2934
3 1847 935 1813
3 706 1813 2487
3 2552 3039 1814
3 329 1814 2360
3 399 1170 1815
3 3097 3098 951
3 2687 1079 1816
3 813 3161 1773
3 2952 248 1817
3 1014 1817 2784
3 3784 3455 1818
3 814 1818 1753
3 1521 402 2996
3 2523 2082 512
3 77 78 1820
3 733 1820 3829
3 386 1437 3707
3 1129 1821 3049
3 606 1541 1822
3 882 2835 2234
3 3773 426 1823
3 744 1823 1203
3 444 1349 1824
3 931 3364 1634
3 3381 802 2522
3 1524 1825 3761
3 2542 542 1826
3 2544 2807 392
3 2133 749 1827
3 1504 1827 384
3 1916 703 1828
3 1296 1828 559
3 3806 3363 1829
3 683 3402 1830
3 1763 473 3403
3 3402 683 1829
3 2217 762 1967
3 3324 629 1551
3 3025 1449 1832
3 471 1832 2489
3 388 1289 1833
3 1099 1833 1680
3 3234 998 1834
3 318 1834 2261
3 604 1525 1835
3 1034 1835 3370
3 398 1512 1836
3 1415 1836 2777
3 426 1481 1837
3 426 3522 1823
3 3339 1036 1838
3 963 1838 1903
3 2904 912 1839
3 1033 1839 3315
3 2269 854 1840
3 2926 2065 1388
3 348 1440 1841
3 348 1841 2150
3 47 48 1842
3 47 2307 46
3 2322 789 1843
3 1276 1843 613
3 1856 913 1844
3 1843 1844 613
3 2140 1260 1845
3 754 1845 2138
3 1394 724 1846
3 448 1846 2050
3 3810 935 1847
3 1552 1847 706
3 2498 705 1848
3 328 2508 1290
3 2479 930 1849
3 563 1849 1397
3 2718 1850 2546
3 905 1850 2872
3 68 69 1851
3 984 1851 1959
3 1313 685 1852
3 474 3420 3210
3 3521 505 1853
3 1072 1853 3520
3 1664 14 1854
3 1664 2864 732
3 1842 3347 2307
3 3781 1855 499
3 1462 913 2712
3 1323 1856 3185
3 3701 3511 1857
3 360 3560 2616
3 3117 1029 1858
3 1186 1858 1464
3 3561 663 1992
3 1547 1859 325
3 3798 1233 1860
3 634 1860 1521
3 1860 702 3292
3 402 1861 2077
3 3410 1040 1862
3 2641 1796 850
3 1629 698 2173
3 1387 1863 3496
3 1182 449 1864
3 3481 1753 338
3 726 1864 1865
3 3072 2295 815
3 1182 726 2644
3 862 3041 1379
3 1332 429 3508
3 3200 700 1868
3 2365 928 1868
3 337 1868 2148
3 1598 464 2637
3 729 2790 1957
3 1252 528 1870
3 705 1870 1871
3 1870 1254 1871
3 705 1871 2496
3 1784 1018 1872
3 2628 3296 1366
3 1740 350 1873
3 1075 1873 3547
3 2586 777 1874
3 1214 1874 1684
3 3307 733 1875
3 1097 1875 3308
3 1330 548 3327
3 847 1876 2386
3 548 1329 2514
3 1048 3461 2457
3 2530 919 1878
3 720 1878 1181
3 2979 926 2893
3 728 1879 1362
3 2975 1021 1880
3 1010 1880 2860
3 3246 1021 1881
3 226 2078 225
3 375 1378 1882
3 2902 588 1435
3 1960 979 1883
3 452 3783 1294
3 1438 652 1884
3 1438 1884 635
3 3700 1117 1885
3 1262 1885 2524
3 2549 1250 1886
3 3675 1886 1108
3 1888 915 1887
3 3676 3674 1108
3 2772 444 3589
3 707 1888 1887
3 3623 461 1889
3 720 1889 2530
3 3095 720 1890
3 344 3384 1359
3 356 1291 1891
3 1891 2697 2698
3 1292 404 1892
3 709 2935 1540
3 3188 1893 3187
3 1895 1279 546
3 1736 697 3279
3 1257 1894 532
3 697 1893 1895
3 3666 1895 1106
3 1290 696 2061
3 1292 1896 404
3 1391 865 3037
3 435 1897 2709
3 799 1198 1898
3 799 1898 2374
3 2443 1105 1899
3 2338 3152 978
3 3732 311 1900
3 1105 3531 1899
3 1371 695 1901
3 585 1901 1372
3 1815 1170 1902
3 681 1902 1168
3 2464 963 1903
3 961 1903 1535
3 2997 507 1904
3 872 1904 2291
3 2618 1331 1905
3 3250 2944 999
3 1187 508 1906
3 691 1906 3788
3 2411 1907 2122
3 949 1907 2999
3 1909 699 1908
3 1114 1908 3580
3 3582 491 1909
3 1114 1909 1908
3 1252 699 1910
3 528 1910 1253
3 3142 530 1911
3 3280 315 2643
3 692 1309 1912
3 901 1912 2782
3 3139 1913 2548
3 710 1913 3059
3 2719 458 1914
3 710 1914 1308
3 1308 311 1915
3 710 2907 2548
3 1277 703 1916
3 403 1916 1296
3 3592 703 1917
3 41 1917 40
3 3029 1088 1918
3 3523 3525 1093
3 955 1616 2563
3 490 3334 2727
3 3523 1093 1920
3 405 1920 1253
3 2070 1095 1921
3 3529 1920 1093
3 281 282 1922
3 281 1922 2353
3 1906 508 1923
3 1906 1923 1218
3 2418 497 2978
3 716 1924 1606
3 1102 1673 1925
3 3631 3525 693
3 3438 1050 1926
3 1040 1926 3408
3 2023 532 1927
3 1205 2831 2742
3 2441 368 1928
3 2405 2549 489
3 2257 826 3755
3 1928 1929 775
3 1764 460 1930
3 1929 1930 775
3 906 1928 1931
3 906 3296 2628
3 2115 881 1932
3 507 1932 2383
3 3581 3580 1933
3 713 2499 1533
3 1263 701 1934
3 479 1934 2101
3 235 236 1935
3 3615 1935 1101
3 1274 735 1936
3 343 3810 1847
3 1708 437 1937
3 1708 1937 1274
3 1196 496 1938
3 723 1938 1417
3 1392 723 1939
3 1392 1939 298
3 3543 1142 1940
3 836 1940 1443
3 1341 704 1941
3 1341 1941 2227
3 1943 712 1942
3 214 3667 213
3 2855 712 1943
3 1030 3587 2369
3 2139 407 1944
3 1123 1944 2855
3 1501 816 1945
3 3433 3741 1100
3 2341 3245 1946
3 89 1946 88
3 701 1325 1947
3 701 1947 1934
3 2137 1119 1948
3 603 1948 2027
3 3472 1054 1949
3 660 3460 1728
3 2436 1099 1950
3 711 1950 3719
3 3247 1001 3569
3 458 1951 1914
3 2251 491 1952
3 1226 1952 713
3 3209 1953 2195
3 770 2727 3256
3 655 1255 1954
3 1127 2116 3214
3 1399 746 1955
3 1027 1955 3360
3 2455 721 3848
3 350 1956 1400
3 1577 465 1957
3 1577 2790 722
3 1305 565 1958
3 3714 1958 1162
3 3183 984 1959
3 483 1959 1225
3 3172 1960 2091
3 740 2404 2502
3 3789 642 1961
3 1220 1961 3145
3 3613 1101 1962
3 982 1962 3104
3 3822 3388 1963
3 602 2714 2072
3 662 1491 1964
3 662 1964 1559
3 1841 751 2837
3 750 2493 1608
3 2748 890 1966
3 3323 3284 1039
3 3027 457 1967
3 887 1967 2669
3 1666 385 1968
3 849 1968 2434
3 1971 717 1969
3 1525 1969 314
3 3008 717 1970
3 3747 428 2171
3 2724 1217 1971
3 604 1971 1525
3 3664 908 1972
3 1489 1972 2543
3 3302 1012 1973
3 656 1973 2246
3 2279 1381 1974
3 715 1974 1679
3 3021 623 1975
3 3815 2744 363
3 768 2681 2084
3 383 1976 3556
3 1480 1118 1977
3 3718 3717 1262
3 3784 814 1978
3 441 1978 1545
3 2414 899 1979
3 2917 627 1618
3 2761 1097 1980
3 1468 1980 797
3 596 1476 1981
3 3480 1982 672
3 1476 335 1982
3 1981 1982 3480
3 3552 1246 1983
3 279 1983 278
3 2056 734 1984
3 994 1984 3114
3 2540 451 1985
3 2056 1984 994
3 1514 359 1986
3 1514 3731 1402
3 484 1523 1987
3 1056 1987 1632
3 3345 1172 1988
3 753 1988 2219
3 544 1350 1989
3 544 1989 3271
3 2275 1251 1990
3 3700 1990 1117
3 2838 1109 1991
3 487 1991 1193
3 2367 1104 3837
3 1547 1992 1859
3 3360 477 1993
3 716 1993 3311
3 3312 401 1994
3 716 1994 2978
3 1352 622 1995
3 1352 1995 3710
3 381 1346 3406
3 3672 2879 1556
3 3412 1122 1997
3 531 1997 1311
3 2233 811 3387
3 1182 1998 449
3 1353 824 1999
3 622 1999 1429
3 3643 3441 2000
3 1144 2000 3532
3 3142 1086 2001
3 1424 2001 579
3 2969 320 2002
3 719 2002 1456
3 3853 738 2003
3 503 2003 2821
3 3132 738 2987
3 276 2004 275
3 2006 420 2005
3 738 3590 2003
3 1245 420 2006
3 796 3132 1645
3 1419 779 2007
3 864 2007 2702
3 2442 485 2008
3 1062 2601 3058
3 344 1359 2009
3 344 3309 2116
3 1618 960 3310
3 316 2010 1549
3 1646 730 2011
3 3133 2576 1069
3 1296 559 2012
3 731 2012 2014
3 2689 516 2013
3 3146 2014 364
3 2013 731 3146
3 364 2014 2594
3 2117 768 2236
3 1063 2015 2840
3 3823 3723 2016
3 3619 2016 1156
3 2035 800 2017
3 1039 2167 3323
3 670 1379 2018
3 2356 3131 1458
3 726 1865 2019
3 726 2129 1866
3 1219 1620 2020
3 3655 1623 899
3 984 1637 2021
3 984 3291 3184
3 2122 949 3583
3 210 3809 209
3 700 1257 2023
3 1205 2023 1927
3 3620 371 2024
3 1156 2024 3619
3 1710 1047 2025
3 673 2025 2457
3 3801 2026 3005
3 3061 84 85
3 1264 790 2027
3 603 2027 1439
3 3267 398 2662
3 1264 2028 790
3 3554 1158 2029
3 545 2029 1179
3 1803 756 2030
3 424 2030 1536
3 3114 1261 2031
3 1778 2031 219
3 3690 694 2032
3 1552 2032 343
3 252 253 2033
3 3514 2074 737
3 2071 1340 3727
3 269 2627 268
3 2017 1039 2035
3 3814 1603 357
3 1136 1565 2974
3 414 2036 2796
3 874 1546 2594
3 364 2037 1186
3 1589 3625 2269
3 854 3481 1865
3 2272 946 3329
3 99 3509 98
3 2812 893 2040
3 1272 2040 3447
3 2308 61 2041
3 818 2041 2132
3 735 1605 2042
3 935 2042 1705
3 468 1782 3057
3 1380 2043 788
3 2643 315 2044
3 3429 3018 574
3 1701 803 2045
3 921 2045 1759
3 3297 1140 2046
3 498 3148 1724
3 1743 672 3782
3 3264 2047 595
3 619 1543 2048
3 1617 2048 1057
3 2050 811 2049
3 448 2049 1443
3 1998 811 2432
3 810 2050 1846
3 93 94 2051
3 2660 832 1316
3 719 1411 2052
3 1397 2052 563
3 3618 616 2053
3 2967 1402 451
3 1717 804 2054
3 870 2054 2286
3 435 1374 2055
3 2597 1419 864
3 834 1985 2056
3 3688 994 1778
3 2116 867 3214
3 3721 3708 1745
3 3518 487 2058
3 1110 2058 3238
3 2670 463 2059
3 1399 2059 746
3 2914 957 2060
3 3601 2273 1687
3 534 1290 2061
3 534 2061 1292
3 1823 744 2062
3 1823 2062 3773
3 3535 1211 2063
3 1236 2063 564
3 3220 1019 2064
3 354 2064 1388
3 1840 449 2065
3 1388 2065 810
3 1318 745 2066
3 3622 504 2119
3 2068 745 2067
3 993 2067 2850
3 1770 745 2707
3 642 2068 1961
3 2847 925 3096
3 358 2069 3767
3 3575 1094 2070
3 486 2070 1921
3 2588 971 2071
3 3727 1340 2034
3 3269 1464 2072
3 1199 2072 2689
3 3322 1422 2073
3 737 2073 1385
3 2791 1320 3778
3 254 3514 253
3 1887 915 2075
3 373 2075 1237
3 1237 739 2076
3 564 2076 1236
3 3646 402 2077
3 1263 2077 701
3 226 1881 2078
3 225 2078 1554
3 3578 1586 2079
3 1306 2079 334
3 722 1384 2080
3 1721 2080 31
3 742 1263 2081
3 742 3452 2249
3 1819 742 2082
3 512 2082 2596
3 492 2015 2083
3 1032 3451 1674
3 2083 768 2084
3 2083 2084 1032
3 2632 4 2085
3 802 2085 1478
3 3828 447 2086
3 793 2086 2087
3 2225 793 2087
3 339 3024 2220
3 3357 422 2088
3 3750 793 2225
3 2077 1049 2089
3 701 2089 1325
3 686 1251 2090
3 1024 3624 1779
3 1960 740 2091
3 395 2091 1690
3 2421 1185 2092
3 736 2092 2986
3 3482 389 2602
3 822 2093 2521
3 3140 908 2094
3 53 2094 52
3 52 2094 2095
3 51 2095 1298
3 3556 1096 2096
3 1094 2096 3576
3 1522 648 2097
3 1522 2097 347
3 3268 1120 2098
3 1301 2098 3265
3 3062 1045 2099
3 1413 2099 86
3 3301 1299 2100
3 1365 2100 2929
3 1934 1046 2101
3 479 2101 1805
3 3400 593 2102
3 1067 2102 2281
3 3151 977 2103
3 1491 2103 590
3 1517 438 2104
3 1517 2104 2105
3 2104 743 2105
3 1517 2105 609
3 791 1230 2106
3 1084 2106 3335
3 767 1851 2107
3 1642 2107 70
3 2359 1169 3728
3 708 2108 2128
3 2527 482 2518
3 1440 2109 890
3 2669 762 2110
3 1412 2110 618
3 1340 514 2111
3 806 2111 3178
3 1037 1447 3178
3 806 2112 1448
3 2536 381 2113
3 1070 2113 3722
3 2327 317 2114
3 1193 2114 741
3 1797 881 2115
3 1111 2115 2997
3 1954 344 2116
3 1954 2116 1127
3 1668 898 3588
3 2236 768 2015
3 2676 376 2118
3 1144 2118 3643
3 2066 504 3622
3 787 2957 3441
3 2349 1085 2120
3 1754 2120 814
3 3800 390 2121
3 1159 2121 3799
3 1081 1907 2411
3 212 2122 211
3 3431 434 2123
3 817 2123 2124
3 3088 817 2124
3 501 2124 3074
3 2682 1245 2125
3 1246 2125 1983
3 2775 769 2126
3 543 2126 2839
3 418 1424 2127
3 2127 3160 3182
3 3787 708 2128
3 1218 2128 2747
3 2019 815 2129
3 1866 2129 442
3 2905 1266 2130
3 1221 2130 2189
3 3539 1201 2131
3 3709 2131 1209
3 2131 818 2340
3 551 2132 2871
3 3740 649 2133
3 749 2133 3064
3 3470 1053 2134
3 390 2134 2121
3 1766 1033 2135
3 369 2135 1466
3 878 1444 2136
3 3668 381 2536
3 2900 1119 2137
3 1222 2137 603
3 1845 1333 2138
3 754 2138 1373
3 3270 754 2139
3 1123 2139 1944
3 524 1260 2140
3 3270 2139 1123
3 3779 63 2141
3 1145 2141 2871
3 1161 748 2142
3 472 2142 3365
3 1161 350 2143
3 1161 2143 748
3 1400 571 2144
3 748 2144 2538
3 1705 459 3352
3 830 2145 2579
3 3375 511 2146
3 1090 2146 1469
3 3774 1312 2229
3 795 2147 1311
3 2606 841 3770
3 337 2148 1597
3 657 1268 3414
3 1297 2149 3415
3 1691 348 2150
3 1691 2151 676
3 3562 1076 2151
3 750 2151 2150
3 1441 784 2406
3 2838 1991 487
3 413 1398 2153
3 1414 2153 1196
3 683 1161 2154
3 683 2154 1829
3 3190 421 3202
3 2126 2155 1063
3 3584 1016 2156
3 1475 2156 2509
3 1071 1524 2157
3 654 2157 1451
3 2519 852 2158
3 1816 2158 353
3 3505 1074 2159
3 313 2159 3092
3 561 1345 2160
3 1010 2160 2975
3 676 1539 2161
3 676 2161 1691
3 2863 207 2162
3 1028 2162 2611
3 8 9 2163
3 1015 2163 2232
3 3628 2164 2642
3 850 3791 1542
3 2248 510 3704
3 1800 2165 869
3 2444 1060 2166
3 2165 2166 869
3 1965 751 2167
3 1965 2167 436
3 3297 498 2168
3 1139 2168 1761
3 2420 365 2169
3 871 2739 2305
3 1604 752 2170
3 260 2170 259
3 1970 428 3747
3 3115 2394 544
3 1248 752 2172
3 1248 2172 522
3 698 1863 2173
3 1629 2173 394
3 3483 518 3530
3 1729 2174 760
3 1390 1353 2175
3 760 2175 3091
3 2467 1000 2176
3 941 2176 3046
3 1731 755 3764
3 1008 3434 2973
3 1731 1009 2178
3 755 2178 1527
3 2361 480 2179
3 1932 2179 996
3 2964 1430 2180
3 3499 3086 1563
3 2543 573 3808
3 1215 2400 2649
3 1640 749 2182
3 648 2182 2097
3 2182 749 2183
3 1042 2183 1953
3 1481 426 2817
3 945 2184 3066
3 2202 1194 3326
3 288 2185 2260
3 2283 517 2186
3 767 2186 1225
3 3555 506 2187
3 1427 2187 772
3 2459 772 2188
3 342 2188 3641
3 2130 416 2189
3 1221 2189 763
3 430 1422 2190
3 3735 2035 1039
3 292 293 2191
3 1142 2191 3396
3 293 294 3792
3 757 2192 3606
3 352 1267 2193
3 1420 2193 759
3 524 2140 2194
3 524 2194 2856
3 1042 1953 3209
3 347 2195 1441
3 2251 1441 2196
3 3736 2196 1130
3 3599 1295 2197
3 286 2197 285
3 2199 801 3540
3 1058 2198 3417
3 3839 1155 2199
3 3540 2198 1058
3 1683 494 3632
3 3840 2200 801
3 733 1227 2201
3 1150 2201 2541
3 2304 836 2202
3 290 3326 289
3 311 1308 2203
3 311 2203 3198
3 3289 1147 2204
3 412 2204 1305
3 800 2035 2205
3 800 2205 1688
3 2207 1005 2206
3 761 2206 2205
3 2936 621 2207
3 761 2207 2206
3 764 1442 2208
3 764 3398 2706
3 1442 765 2209
3 1442 2209 2208
3 2211 758 2210
3 1266 2210 2130
3 1266 525 2211
3 758 2211 1457
3 1647 539 2212
3 1017 2212 3014
3 752 1315 2213
3 752 2213 1249
3 3343 1567 2214
3 416 2214 1338
3 3671 1276 2215
3 517 2215 1720
3 2297 1082 2694
3 958 3765 3585
3 2949 888 2217
3 457 2217 1967
3 1945 816 2218
3 1945 3741 3433
3 1415 753 2219
3 1415 2219 398
3 937 1516 3024
3 339 3762 2515
3 677 1214 2221
3 1076 3687 3536
3 1732 778 2222
3 651 2222 1703
3 2222 778 2223
3 2222 2223 1703
3 1291 534 2224
3 1891 2224 709
3 2088 793 3750
3 1327 2225 339
3 805 1347 2226
3 805 2226 2601
3 805 1341 2227
3 805 2227 1347
3 646 1669 2228
3 646 2228 1668
3 1312 2147 2229
3 3491 2913 909
3 2870 1044 2230
3 1568 2230 65
3 3245 825 2231
3 903 3598 1544
3 2163 791 2232
3 1015 2232 1561
3 1433 811 2233
3 355 2233 1757
3 28 29 2234
3 28 2234 2835
3 703 1277 2235
3 1801 2235 940
3 3588 2117 2236
3 421 2236 2155
3 3682 1395 2237
3 1239 2237 2415
3 1086 1911 3280
3 315 2238 1337
3 3389 2239 3118
3 1029 3649 1858
3 2241 774 2240
3 1293 2240 529
3 1313 774 2241
3 393 2241 3248
3 1541 1035 3208
3 25 2242 24
3 2496 1126 2243
3 485 2243 1341
3 2742 428 2244
3 841 2244 1659
3 1217 776 2245
3 1217 2245 717
3 723 1392 2246
3 1414 2246 1973
3 2052 1411 2247
3 2052 2247 563
3 2235 1277 2248
3 2235 3704 940
3 2082 742 2249
3 1184 3445 2615
3 3036 1082 2250
3 957 2250 1614
3 2252 784 2251
3 1226 2251 1952
3 3353 419 2252
3 1226 2252 2251
3 2339 1188 2718
3 2561 2281 1302
3 1358 838 2254
3 1358 2254 3658
3 2254 838 2255
3 1053 3538 2367
3 309 310 2256
3 1107 2699 2348
3 682 1745 2257
3 1746 3755 368
3 3154 1078 2258
3 812 3534 2507
3 509 1442 2259
3 1168 2259 2360
3 2185 897 2260
3 287 2260 3599
3 1834 1059 2261
3 318 2261 3378
3 412 1305 2262
3 412 2262 2301
3 3553 1281 2412
3 1256 2263 363
3 3177 1435 2264
3 1037 2264 3179
3 3730 2265 2592
3 1071 3661 1524
3 3153 978 2266
3 1405 2266 2979
3 1196 771 2267
3 496 2267 3119
3 2576 519 2268
3 3668 3022 381
3 690 1589 2269
3 690 2269 1840
3 1229 679 2270
3 1229 2270 555
3 417 1284 2271
3 417 2271 2290
3 101 1644 2272
3 101 2272 100
3 2060 382 2273
3 1687 2273 846
3 1883 979 3346
3 1685 2274 678
3 794 1251 2275
3 794 2275 3644
3 794 1286 2276
3 794 2276 1251
3 3706 411 3695
3 3478 3233 668
3 250 251 2278
3 1611 2278 1223
3 1021 1381 2279
3 1881 2279 715
3 3838 830 2280
3 506 2280 2316
3 2102 773 2281
3 572 2281 2561
3 2102 1431 2282
3 773 2282 1339
3 3729 2283 3262
3 1003 2283 2186
3 2202 836 2284
3 1194 2284 2614
3 2965 1111 2285
3 282 2285 1922
3 439 1538 2286
3 439 2286 2054
3 2189 1338 2287
3 763 2287 1337
3 3794 990 2288
3 1593 2288 411
3 2211 525 2289
3 785 2289 1265
3 2271 1356 2290
3 417 2290 1265
3 2693 541 2291
3 988 2291 1904
3 781 1187 2292
3 3627 1334 2506
3 1187 781 2293
3 508 2293 1206
3 2293 781 2294
3 417 2294 1284
3 2788 815 2295
3 914 2873 2303
3 3671 1202 2296
3 1020 2296 2805
3 1513 1028 2959
3 542 2297 2694
3 3835 378 2298
3 1303 3754 2789
3 1336 356 2299
3 1336 2299 783
3 2378 1169 2300
3 765 2300 1420
3 2076 739 2301
3 1236 2301 2262
3 3816 453 2302
3 1176 2302 1755
3 2787 914 3338
3 380 2303 3617
3 3544 3543 2304
3 291 2304 2202
3 2043 871 2305
3 788 2305 1285
3 1582 319 2306
3 777 2306 1534
3 3443 46 2307
3 1146 3347 3781
3 60 61 2308
3 1201 2308 818
3 2062 744 3075
3 1497 2309 348
3 3491 795 2310
3 2913 587 1446
3 9 10 2311
3 791 2311 1230
3 698 1689 2312
3 698 2312 1863
3 2652 851 2313
3 1103 2313 2440
3 1875 1304 2497
3 3713 2314 80
3 1790 680 3303
3 3468 1590 450
3 1549 808 2316
3 506 2316 2187
3 2918 427 2317
3 1612 2317 808
3 50 1298 2318
3 50 2318 49
3 1554 780 3111
3 223 3457 222
3 1679 578 2320
3 2423 780 1554
3 3185 789 2321
3 562 2321 2583
3 1322 2321 2322
3 400 2322 3670
3 2441 1018 2701
3 880 2323 1558
3 1338 823 2324
3 554 2324 1339
3 2757 823 2325
3 1364 2325 2847
3 2460 536 2326
3 1336 2326 2328
3 1193 786 2327
3 1193 2327 2114
3 1291 356 2328
3 782 2328 2326
3 1991 1109 2329
3 786 2329 1335
3 1504 807 2330
3 649 2330 1579
3 1181 462 2331
3 1181 2331 807
3 3028 1032 2332
3 1243 2332 1074
3 3252 1008 2333
3 1345 2333 2160
3 351 2199 2334
3 351 2334 2679
3 2693 988 2335
3 3180 366 1310
3 2755 877 2336
3 302 2336 301
3 2399 1249 2337
3 792 3847 2342
3 445 1899 2338
3 445 2338 3819
3 2393 904 2339
3 409 2339 2718
3 1502 1209 2340
3 3181 2132 551
3 1700 825 2341
3 90 2341 89
3 1647 792 2342
3 1647 2342 539
3 1315 645 2343
3 1315 2877 422
3 1812 1083 2344
3 617 2344 2608
3 233 1425 2345
3 233 2345 232
3 3422 1190 2346
3 333 2346 3268
3 1598 838 2347
3 1598 2347 464
3 2699 2 2348
3 1107 2348 1232
3 2350 813 3416
3 440 2349 2120
3 2146 511 2350
3 3416 813 2349
3 1300 755 2351
3 1300 2351 2984
3 771 1396 2352
3 1216 2352 354
3 280 281 2353
3 280 2353 3552
3 667 1275 2354
3 667 2354 1365
3 2281 773 2355
3 1302 2355 3767
3 1036 2018 2356
3 3340 1458 630
3 1565 1136 2357
3 515 2357 1781
3 239 240 2358
3 3031 3539 567
3 2427 352 2359
3 1207 2359 708
3 1814 1168 2360
3 329 2360 1462
3 2403 480 2361
3 1295 2361 881
3 44 45 2362
3 948 2362 2746
3 1723 924 2363
3 19 2363 18
3 783 1370 2364
3 1356 2364 535
3 1868 337 2365
3 928 2365 1692
3 3635 1150 2366
3 75 2806 74
3 3609 2367 3538
3 1053 2367 2134
3 1560 856 2368
3 588 2368 3318
3 216 217 2369
3 1030 2369 2856
3 3099 1566 2370
3 615 2370 1575
3 1436 997 2371
3 1436 2371 989
3 3380 889 2372
3 500 2372 1505
3 1200 516 2373
3 1200 2373 2915
3 1811 799 2374
3 1811 3366 1061
3 786 1335 2375
3 1334 2375 2506
3 3026 952 2376
3 1461 2376 583
3 1740 1075 2377
3 664 2377 1212
3 765 1442 2378
3 1169 2378 2108
3 3044 1468 2379
3 583 3805 3288
3 3308 565 2380
3 797 2380 1305
3 251 252 2381
3 251 2381 2278
3 2383 996 2382
3 3225 431 1573
3 1932 996 2383
3 2528 843 1671
3 579 1466 2384
3 579 2384 1424
3 2422 582 3224
3 1011 2385 1452
3 2123 434 2386
3 1006 2386 1876
3 3490 1676 2387
3 847 2387 3327
3 1294 526 2388
3 845 2388 2390
3 3004 452 2389
3 845 2389 1294
3 2039 845 3509
3 98 2390 97
3 3411 892 2391
3 1122 2391 1517
3 526 1294 2392
3 526 2392 3283
3 2593 904 2393
3 1280 3456 1760
3 2171 798 2394
3 544 2394 1350
3 1256 363 2395
3 798 2395 2394
3 2397 938 2396
3 839 2396 1798
3 3507 938 3462
3 577 2663 2896
3 2004 1178 2398
3 275 2398 274
3 2337 792 2399
3 1249 2399 522
3 202 203 2400
3 2823 2181 1166
3 2388 526 2401
3 2388 2401 1321
3 3372 2402 2615
3 840 2916 2446
3 1730 480 2403
3 897 2403 2260
3 740 1960 2404
3 1678 2404 452
3 3143 970 3159
3 1931 2405 489
3 2922 347 2406
3 2152 2406 784
3 1326 570 2407
3 1326 2407 3365
3 1926 1050 2408
3 2684 819 1325
3 2875 1293 2409
3 819 2409 1421
3 1325 819 2410
3 1325 2410 346
3 1942 1081 3667
3 213 2411 212
3 1895 546 2412
3 1106 2412 2263
3 2600 1286 2413
3 597 2413 3447
3 2572 899 3277
3 432 2921 1584
3 3080 1239 2415
3 828 2415 1756
3 2418 837 3389
3 1133 2416 3388
3 3369 837 2417
3 1034 2417 1835
3 2978 1134 2418
3 3389 2416 1133
3 1656 910 2419
3 608 2419 2671
3 2780 365 2420
3 995 2420 1782
3 3161 353 2421
3 1773 2421 736
3 2095 908 2422
3 1298 2422 3224
3 1679 2320 2423
3 1679 2423 715
3 1626 455 2424
3 960 2424 1612
3 1776 425 2425
3 828 2425 3080
3 692 1776 2426
3 692 2426 1309
3 2429 809 2427
3 1207 2427 2359
3 2289 525 2428
3 1265 2428 2778
3 2778 809 2429
3 508 2429 1923
3 42 43 2430
3 1210 2430 1609
3 3042 614 2431
3 3319 3023 561
3 449 1998 2432
3 2065 2432 810
3 2457 1390 2433
3 1709 2433 2174
3 2571 849 2434
3 566 2434 2822
3 795 1311 2435
3 795 2435 1409
3 1951 1001 2436
3 711 2436 1950
3 2566 1628 2437
3 557 2437 3421
3 3193 1189 2664
3 1067 2438 1588
3 1091 1663 2439
3 551 3639 3181
3 689 1404 2440
3 1103 2440 2164
3 2701 368 2441
3 1018 2441 1872
3 1465 485 2442
3 1465 2442 696
3 2907 1105 2443
3 916 3382 2935
3 2532 1125 2668
3 510 2444 2166
3 1738 861 2950
3 1739 2445 443
3 3356 840 2446
3 441 2446 3680
3 3834 632 2447
3 3835 3404 378
3 1613 1379 2448
3 844 3495 2535
3 481 1589 2449
3 1019 2449 2064
3 3826 1152 2450
3 1607 2450 661
3 1490 370 2451
3 1490 2451 2779
3 1695 934 2452
3 2451 2452 884
3 743 2020 2453
3 3277 2578 1153
3 106 107 2454
3 1519 2454 687
3 1389 721 2455
3 1389 2455 664
3 1672 1098 2456
3 1672 2456 667
3 2025 1048 2457
3 673 2457 2433
3 2654 472 2458
3 1397 2970 719
3 704 1427 2459
3 1941 2459 2188
3 2326 1336 2460
3 536 2460 2506
3 2368 856 3426
3 923 3602 1667
3 2898 1141 2462
3 689 2462 1404
3 3612 2463 3020
3 96 2463 95
3 3135 963 2464
3 456 3444 3127
3 1396 771 2465
3 1396 2465 563
3 3050 584 3232
3 1129 2466 1275
3 2298 1000 3754
3 607 3812 3364
3 1469 812 2468
3 1469 2468 320
3 1595 632 2469
3 876 2469 2772
3 1583 858 2470
3 1583 2470 677
3 3151 1491 3843
3 976 3167 3448
3 2769 877 2472
3 1212 2472 2477
3 106 1519 2473
3 105 2473 1717
3 585 1372 2474
3 2705 1180 1666
3 1180 820 2475
3 1180 2475 667
3 3720 495 2476
3 820 2476 2475
3 664 1212 3780
3 1451 2477 654
3 295 296 2478
3 1143 2478 2758
3 1829 930 3806
3 413 2479 1398
3 653 1705 2480
3 1707 3838 2280
3 1852 474 2481
3 1313 2481 774
3 1457 785 2482
3 1457 2482 334
3 318 1675 2483
3 1426 2483 816
3 725 1644 2754
3 870 2741 1717
3 2891 1385 2485
3 890 2485 1966
3 477 1403 2486
3 477 2486 1993
3 2861 706 2487
3 1254 2487 408
3 3212 570 2488
3 2489 1737 471
3 967 2488 2489
3 967 2489 1832
3 43 44 2490
3 43 2490 2430
3 3610 1735 2491
3 1548 2491 334
3 2105 1153 2492
3 609 2492 1518
3 1965 436 2493
3 1965 2493 750
3 903 1413 2494
3 903 2494 1946
3 2336 1043 2495
3 301 2495 300
3 1465 705 2496
3 1465 2496 485
3 1304 2314 2497
3 565 2497 1958
3 1870 705 2498
3 3807 1848 328
3 713 1933 2499
3 1533 2499 534
3 3457 1080 2500
3 221 2943 220
3 2696 1307 2501
3 1370 2501 2364
3 1538 740 2502
3 1538 2502 725
3 367 1738 2503
3 966 2503 1737
3 2288 990 2504
3 2288 2504 411
3 2688 1423 2505
3 601 3604 2711
3 2292 1334 3627
3 1284 2506 2460
3 1456 812 2507
3 1456 2507 3484
3 328 1848 2508
3 1290 2508 696
3 846 1475 2509
3 846 2509 2909
3 2695 1558 2510
3 466 2510 1576
3 777 1534 2511
3 777 2511 1874
3 603 1439 2512
3 603 2512 1222
3 3309 1369 2513
3 1764 2513 460
3 1328 548 2514
3 1328 2514 2869
3 1327 339 2515
3 827 2515 3034
3 1570 827 2516
3 425 2516 2425
3 2212 539 2517
3 1570 2517 827
3 3550 744 2518
3 2109 2518 482
3 3570 638 2519
3 1079 2519 2158
3 2093 822 2602
3 1314 2520 555
3 3189 558 3533
3 822 2521 2570
3 3651 641 2522
3 1825 2522 802
3 1819 2082 2523
3 2691 2092 1185
3 1416 1262 2524
3 1416 2524 1766
3 1287 747 2525
3 1287 2525 351
3 2927 1231 2526
3 12 2526 11
3 2518 1203 2527
3 482 2527 1223
3 507 2383 2528
3 507 2528 1904
3 3748 266 2529
3 2896 2112 577
3 2531 919 2530
3 900 2530 1889
3 1812 919 2531
3 361 2531 1756
3 3164 1125 2532
3 521 3366 2374
3 2980 1473 2533
3 3669 1821 1437
3 1492 590 2534
3 885 2534 1361
3 1711 431 2535
3 1711 2535 3495
3 1070 2268 2536
3 1070 2536 2113
3 374 1360 2537
3 374 3507 3179
3 2144 1131 2538
3 748 2538 2142
3 3367 1065 2539
3 1064 2539 1675
3 1459 3063 2946
3 1080 2540 2500
3 2201 523 2541
3 2366 2541 980
3 1826 831 2542
3 542 3166 2959
3 831 1489 2543
3 3195 3808 1215
3 831 1826 2544
3 831 2544 1489
3 547 1667 3201
3 3201 2545 3190
3 3456 409 2546
3 905 2546 1850
3 658 1602 2547
3 658 3016 1601
3 404 1913 3139
3 916 2907 2443
3 2405 970 2549
3 489 2549 1886
3 1323 562 2550
3 853 2550 1428
3 234 235 2551
3 234 2551 1425
3 1323 853 2552
3 1323 2552 329
3 1175 1159 2553
3 1175 3113 1035
3 3791 586 2554
3 1542 2554 902
3 2445 861 2555
3 732 2555 1758
3 429 1332 2556
3 429 2556 1450
3 3392 550 2557
3 1355 2557 2558
3 359 1355 2558
3 359 2558 1333
3 2750 1270 2559
3 2086 2559 937
3 231 232 2560
3 231 2560 2883
3 896 2253 2561
3 3320 3767 1241
3 1424 1213 2562
3 2001 2562 3142
3 3064 955 2563
3 490 2563 1919
3 2909 918 2564
3 1403 2564 2486
3 776 1217 2565
3 1596 2565 401
3 779 1628 2566
3 1407 2566 557
3 691 1331 2567
3 1187 2567 2292
3 349 1471 2568
3 968 2568 3333
3 336 1518 2569
3 1627 2569 833
3 2918 1569 2570
3 427 2570 1401
3 2599 1742 2571
3 1377 2571 2434
3 743 2453 2572
3 743 2572 2105
3 3574 1418 2573
3 35 2573 34
3 2575 873 2574
3 968 2574 2568
3 1739 873 2575
3 3463 968 3007
3 2011 519 3133
3 1069 2576 3116
3 3121 962 2577
3 1503 2577 555
3 1557 833 2578
3 432 2578 3277
3 2145 1235 2579
3 830 2579 1549
3 3030 569 2580
3 869 2580 1418
3 2104 438 2581
3 3073 2813 631
3 420 2229 2582
3 420 2582 2005
3 1322 855 2583
3 1322 2583 2321
3 3258 855 2584
3 523 2584 2828
3 1324 855 2585
3 1324 2585 377
3 1582 777 2586
3 1582 2586 677
3 1258 533 2611
3 2297 2587 1082
3 1495 971 2588
3 1495 2588 272
3 2999 549 2589
3 859 2589 2591
3 533 1432 2590
3 533 2590 2250
3 1614 859 2591
3 382 2591 3699
3 1562 2265 3730
3 307 2592 306
3 1279 904 2593
3 546 2593 3553
3 2014 874 2594
3 364 2594 2037
3 688 1842 2816
3 1011 2595 2318
3 2082 1184 2596
3 512 2596 2092
3 435 2055 2597
3 435 2597 1391
3 587 1409 2598
3 587 2598 3158
3 1371 1742 2599
3 397 2599 1377
3 1485 842 2600
3 597 2600 2413
3 2008 805 2601
3 2008 2601 1062
3 822 2520 2602
3 2093 2602 389
3 1572 540 2603
3 858 2603 1488
3 1583 436 2604
3 858 2604 1572
3 1488 319 2605
3 858 2605 2470
3 1868 700 3770
3 841 2606 2742
3 2655 1197 2607
3 1571 2607 666
3 2344 1243 2608
3 617 3000 3203
3 1457 334 2609
3 1457 2609 758
3 3283 1288 2610
3 2401 2610 835
3 2162 1258 2611
3 1028 2611 2587
3 3526 596 2612
3 995 2780 2420
3 3320 1241 2613
3 1850 2613 552
3 2284 576 2614
3 897 2614 1730
3 2596 1184 2615
3 840 2615 2402
3 1720 1113 2616
3 1720 2616 1025
3 695 1371 3152
3 978 2617 2266
3 2114 1331 2618
3 741 2618 1751
3 3215 1351 2619
3 848 2619 1765
3 3194 1407 2620
3 362 2989 1636
3 1407 557 2621
3 889 2621 1615
3 3306 1204 2622
3 987 3724 3685
3 1135 1781 2623
3 331 2623 3653
3 1800 869 2624
3 37 2624 36
3 1335 419 2625
3 1335 2625 782
3 2549 970 2626
3 1250 2626 2771
3 269 2034 2627
3 268 2627 267
3 488 1872 2628
3 2841 3174 907
3 2645 857 3231
3 1493 2629 545
3 2559 1270 2630
3 937 2630 1516
3 581 1630 2631
3 3002 730 1646
3 2348 3 2632
3 3381 2085 802
3 3660 884 2633
3 1361 2633 437
3 2452 1605 2634
3 884 2634 2633
3 349 1761 2635
3 349 2635 1471
3 3314 1405 2636
3 1548 2636 3610
3 729 1699 2637
3 1869 2637 464
3 952 2315 2638
3 952 2638 1467
3 3067 1297 2639
3 244 2639 113
3 3243 1496 2640
3 1715 2640 913
3 325 1862 2641
3 325 2641 1542
3 1103 2164 3628
3 454 2642 1233
3 2238 315 3280
3 1086 2643 3141
3 1757 1182 2644
3 862 2644 1866
3 1760 905 2645
3 3231 857 2629
3 2759 1242 2646
3 3796 3487 1158
3 1770 1066 2647
3 2066 2647 504
3 2106 1084 2648
3 2232 2648 433
3 203 204 2649
3 203 2649 2400
3 1727 660 2650
3 911 2650 1495
3 1471 851 2651
3 638 2651 1472
3 2651 851 2652
3 1472 2652 454
3 2258 440 3534
3 1283 2653 671
3 1397 1849 2654
3 472 2654 2657
3 2358 1197 2655
3 239 2655 238
3 3039 853 2656
3 1590 2656 450
3 1161 2142 2657
3 2154 2657 930
3 2945 982 2658
3 3170 3709 1209
3 3537 976 2659
3 1408 2659 375
3 93 2051 2660
3 93 2660 92
3 1752 1127 2661
3 1752 2661 2198
3 398 2028 2662
3 1121 2662 3094
3 577 2397 2663
3 1160 2663 3568
3 2438 1067 2664
3 2438 2664 1189
3 1474 1473 2665
3 1474 2665 1750
3 1558 538 2666
3 1558 2666 832
3 76 77 3635
3 3636 1820 733
3 2248 1061 2668
3 510 2668 2444
3 1967 762 2669
3 887 2669 2774
3 1772 463 2670
3 956 2670 1399
3 1772 956 2671
3 1112 2671 2419
3 1809 956 3653
3 2844 1399 1027
3 3143 868 2673
3 2626 2673 321
3 1537 460 2674
3 1537 2674 3143
3 3497 3102 2675
3 868 2675 1660
3 2677 376 2676
3 3030 3532 569
3 2850 376 2677
3 1125 2677 2444
3 2334 1058 2678
3 3257 682 1744
3 1287 351 2679
3 2721 2680 1288
3 2865 1288 2680
3 466 2680 1744
3 1479 1976 2681
3 1479 2681 768
3 2125 541 2682
3 3230 883 1312
3 1312 883 2683
3 531 2683 3412
3 478 2408 2684
3 478 2684 2089
3 2573 1278 2685
3 34 2685 33
3 2242 1670 2686
3 23 3223 22
3 3570 1079 3321
3 511 2687 2350
3 1530 932 2688
3 601 2688 2505
3 2072 932 2689
3 1199 2689 2013
3 1784 1872 2690
3 1784 2690 825
3 991 2523 2691
3 991 2691 1511
3 548 1330 2692
3 1657 2692 821
3 2291 988 2693
3 541 2693 2682
3 1082 2216 2694
3 542 2694 1826
3 2510 466 2695
3 1558 2695 880
3 2501 860 2696
3 1307 2696 3819
3 356 1891 2698
3 860 2697 1540
3 2697 860 2698
3 356 2698 2299
3 1 2 2699
3 2256 2699 1107
3 1296 731 2700
3 1296 2700 403
3 1746 368 2701
3 880 2701 2323
3 2007 362 2702
3 864 2702 2703
3 3474 1391 2703
3 556 2703 1383
3 1242 1755 2704
3 1242 2704 2646
3 585 2474 2705
3 585 3281 1742
3 1462 764 2706
3 1462 2706 1715
3 642 1593 2707
3 2068 2707 745
3 3370 1693 3240
3 3595 2505 1423
3 1897 866 2709
3 435 2709 1374
3 2711 865 2710
3 1531 2710 332
3 1531 601 2711
3 865 2711 1897
3 329 1462 2712
3 329 2712 1856
3 2963 1510 2713
3 878 2713 1444
3 602 1963 2714
3 2072 2714 932
3 2723 1269 2715
3 263 2715 1410
3 3175 1723 3673
3 1484 2716 3654
3 1544 594 2717
3 903 2717 1413
3 1188 2253 2718
3 409 2718 2546
3 3059 965 2719
3 458 2719 2226
3 3563 1151 2720
3 996 2720 2382
3 1287 2679 2721
3 1287 3283 2392
3 1314 2270 2722
3 1174 3648 3483
3 3568 1269 2723
3 265 2723 264
3 3237 1217 2724
3 1463 2724 604
3 863 1375 2725
3 863 2725 1515
3 3818 1176 2726
3 2069 2726 1241
3 770 1953 2727
3 1088 2727 3334
3 2766 885 2728
3 1652 2728 643
3 3749 2729 3527
3 1095 2729 2032
3 1721 32 2730
3 875 2730 2685
3 1406 465 2731
3 1406 2731 3332
3 259 1248 2732
3 258 2732 2874
3 2138 537 2733
3 1373 2733 2990
3 3298 873 2734
3 1140 2734 3758
3 1474 1238 2735
3 1474 2735 612
3 1763 1043 2736
3 473 2769 3548
3 3112 888 2737
3 1624 2737 341
3 1285 568 2738
3 3475 904 1279
3 2169 1189 2739
3 2169 2739 871
3 2804 895 2740
3 505 2740 1853
3 104 1717 2741
3 103 2741 2484
3 2831 428 2742
3 1205 2742 2606
3 3204 476 2743
3 2136 2743 1007
3 3815 1975 2744
3 3239 3345 1350
3 1609 948 2745
3 559 3082 2012
3 2362 1146 2746
3 948 2746 1774
3 3788 2747 2944
3 3771 3097 1788
3 1440 890 2748
3 1841 2748 751
3 685 1641 2749
3 685 2749 1852
3 2396 938 2750
3 2396 2750 447
3 2890 944 2751
3 1436 2751 997
3 1682 464 2752
3 882 2752 3211
3 1798 645 2753
3 1798 2753 839
3 2484 870 2754
3 2484 2754 1644
3 2472 877 2755
3 1653 2755 304
3 898 1652 2756
3 1479 2756 643
3 2324 823 2757
3 2324 2757 1339
3 1417 1938 2758
3 1143 2758 3607
3 2872 1242 2759
3 2645 2759 857
3 616 1564 2760
3 1514 2760 1355
3 2584 1227 3258
3 2585 2761 377
3 2556 1332 2762
3 1333 2762 2138
3 2738 568 2763
3 2339 2763 1188
3 1409 336 2764
3 1409 2764 2598
3 2728 885 2765
3 1651 2765 437
3 3216 1492 2766
3 323 2766 1652
3 2163 1015 2767
3 8 2767 7
3 313 1580 2768
3 313 3505 2159
3 473 2736 2769
3 1212 2769 2472
3 16 1701 2770
3 15 2770 1854
3 2626 321 2771
3 1250 2771 2773
3 2469 1349 2772
3 876 3589 2773
3 1886 1250 2773
3 707 3589 1888
3 3168 887 2774
3 312 2774 3372
3 2220 769 3762
3 1240 2775 3035
3 1694 1072 2776
3 393 2776 1313
3 1087 1719 2777
3 625 2777 1836
3 2429 1206 2778
3 809 2778 2428
3 590 1490 2779
3 590 2779 2534
3 1588 365 2881
3 2612 2780 995
3 319 1777 2783
3 901 2781 1912
3 1912 461 2782
3 901 2782 3361
3 2781 901 2783
3 319 2783 2306
3 1481 1014 2784
3 1837 2784 718
3 1607 661 2785
3 1607 2785 2554
3 1541 606 2786
3 1541 2786 1035
3 1535 630 2787
3 3338 914 2303
3 914 1458 2788
3 914 2788 2295
3 1824 1349 2789
3 1824 2789 607
3 729 1869 2790
3 1957 2790 1577
3 256 1470 2791
3 3778 1320 2074
3 765 1420 2792
3 765 3541 2209
3 3831 1426 2793
3 1793 2793 774
3 1112 2419 2794
3 3663 2897 1157
3 2385 582 2795
3 1319 2795 910
3 2036 1132 2796
3 414 2796 1452
3 699 1810 2797
3 1910 2797 1253
3 461 1309 2798
3 1889 2798 900
3 3539 1148 2799
3 1201 2799 60
3 3399 457 2800
3 886 2800 1592
3 1806 396 2801
3 886 2801 3313
3 2853 367 3596
3 1585 2802 966
3 1702 967 2803
3 320 2803 3374
3 1598 895 2804
3 838 2804 2255
3 2828 1020 2805
3 980 2805 1749
3 980 1749 2806
3 980 2806 2366
3 1826 958 2807
3 392 2807 2794
3 366 1574 2808
3 366 2808 1310
3 1574 615 2809
3 2808 2809 892
3 2853 1348 2810
3 367 2810 1738
3 2658 387 2811
3 893 2811 3626
3 2945 893 2812
3 1273 2812 1808
3 2581 891 3073
3 631 2813 1622
3 1566 324 2814
3 891 2814 2813
3 3465 1116 2815
3 1771 2815 721
3 2595 1011 2816
3 2595 2816 1842
3 2184 945 2817
3 2184 2817 426
3 2971 1380 2818
3 599 2818 3823
3 1340 971 2819
3 1340 2819 514
3 2819 971 2820
3 660 2820 2650
3 2005 909 3590
3 503 2821 3473
3 2434 1222 2822
3 566 2822 1376
3 202 2400 2823
3 202 2823 201
3 2003 503 2824
3 1178 2824 2398
3 2398 911 2825
3 274 2825 273
3 1636 589 2826
3 1636 2826 1383
3 556 1383 2827
3 556 3794 2832
3 2541 523 2828
3 2541 2828 980
3 1769 501 3571
3 2025 2829 1048
3 1621 341 2830
3 2577 2830 1229
3 1205 1927 2831
3 428 2831 2171
3 3474 556 2832
3 1382 2832 1578
3 1368 54 2833
3 1368 2833 3647
3 3173 620 2834
3 3102 1543 619
3 882 1822 2835
3 28 2835 27
3 2363 924 2836
3 1686 2836 803
3 2150 1841 2837
3 2150 2837 750
3 1041 2152 2838
3 1041 2838 1633
3 2126 1063 2839
3 543 2839 3682
3 2839 1063 2840
3 1395 2840 3458
3 488 2628 2841
3 488 2841 3598
3 108 109 2842
3 1494 2842 3171
3 2901 1273 2843
3 502 2843 1556
3 331 2672 2844
3 331 2844 1606
3 387 1502 2845
3 1485 2845 842
3 2456 1098 2846
3 386 2846 1438
3 2325 553 2847
3 1364 2847 3096
3 2847 1362 2848
3 2848 3816 3818
3 782 1555 2849
3 782 2849 1291
3 2067 376 2850
3 993 2850 3164
3 538 1784 2851
3 538 2851 1316
3 1758 1348 2852
3 520 3335 2106
3 2854 942 2853
3 1508 2853 3596
3 1581 942 2854
3 571 2854 3744
3 2194 1123 2855
3 1030 2855 1943
3 3114 524 2856
3 1261 2856 2369
3 927 1550 2857
3 927 2857 1376
3 2704 927 2858
3 326 2858 1376
3 917 1741 2859
3 1584 2859 2941
3 1635 1010 2883
3 230 2860 229
3 528 1357 2861
3 1254 2861 2487
3 1662 82 2862
3 1211 3743 2026
3 206 207 2863
3 1513 2863 1028
3 921 1759 2864
3 1854 2864 1664
3 2680 466 2865
3 2610 2865 1576
3 3298 1139 2866
3 2574 2866 349
3 902 1483 2867
3 902 2867 1547
3 325 1542 2868
3 325 2868 1547
3 2514 1877 2869
3 1328 2869 501
3 2230 1568 2870
3 1044 3033 3089
3 2132 1145 2871
3 3089 3033 1091
3 1850 552 2872
3 905 2872 2759
3 1454 2303 2873
3 598 2873 2295
3 257 258 2874
3 3305 3136 1470
3 3248 1293 2875
3 2408 2875 819
3 3669 1437 2876
3 1657 2876 635
3 793 2088 3600
3 2343 2877 1315
3 3615 3613 2878
3 983 2878 1556
3 3672 614 2879
3 1556 2879 983
3 2909 1403 2880
3 846 2880 1687
3 365 2780 2881
3 1588 3685 1430
3 1692 537 2882
3 928 2882 3508
3 2560 1635 2883
3 231 2883 230
3 1466 579 2884
3 1466 2884 2886
3 2312 947 2885
3 1863 2885 574
3 1689 369 2886
3 947 2886 2884
3 594 1544 2887
3 594 2887 1487
3 3674 373 2888
3 907 2888 2887
3 3479 3478 2889
3 944 2889 1648
3 3479 944 2890
3 504 2890 3090
3 2894 1385 2891
3 2109 2891 890
3 727 1565 2892
3 727 2892 2037
3 2636 1405 2893
3 728 2893 1879
3 3746 939 2894
3 482 2894 2891
3 939 2033 2895
3 939 2895 2894
3 1160 2529 2896
3 1160 2896 2663
3 3593 1157 2897
3 910 2897 2794
3 2168 1141 2898
3 2168 2898 1761
3 3125 959 2899
3 1623 2899 627
3 2100 1119 2900
3 385 2900 1968
3 2843 502 2901
3 1273 2945 2812
3 1038 1882 2902
3 1038 2902 3395
3 3173 1068 2903
3 2513 2903 460
3 3316 605 2904
3 912 2904 1599
3 2193 1267 2905
3 759 2905 2130
3 2649 204 2906
3 1004 3362 3166
3 1915 1105 2907
3 2548 2907 916
3 1783 522 2908
3 1005 2908 3814
3 2910 918 2909
3 846 2909 2880
3 2619 1351 2910
3 580 2910 2509
3 1351 337 2911
3 1351 2911 2910
3 374 1434 2912
3 374 2912 1360
3 3491 2310 2913
3 909 2913 2821
3 2059 463 2914
3 2059 2914 746
3 2700 1200 2915
3 403 2915 1811
3 2402 618 2916
3 2446 2916 1393
3 917 1979 2917
3 917 3337 1741
3 2570 427 2918
3 943 2918 1612
3 2424 455 2919
3 943 2919 1503
3 1569 943 2920
3 1569 2920 555
3 432 2414 2921
3 1584 2921 917
3 640 1522 3344
3 1041 2922 2406
3 309 2256 2923
3 309 2923 308
3 1268 657 2924
3 945 2924 2817
3 3339 1838 2925
3 324 2925 1622
3 690 1840 2926
3 690 2926 2064
3 2526 12 2927
3 1231 2927 1664
3 833 1557 2928
3 1627 2928 3109
3 1666 1180 2929
3 385 2929 2100
3 1730 1031 2930
3 480 2930 3564
3 2983 1529 2931
3 2024 2931 973
3 3219 499 2932
3 1546 3751 727
3 237 1571 2933
3 236 2933 1935
3 3203 1591 2934
3 919 2934 1878
3 709 1892 2935
3 1540 2935 3382
3 1422 621 2936
3 1422 2936 2190
3 1511 634 2937
3 991 2937 2996
3 3785 330 2938
3 1272 2938 2939
3 3116 527 2939
3 1069 2939 2938
3 610 1557 2940
3 610 2940 1697
3 922 1584 2941
3 922 2941 1695
3 1882 1378 2942
3 588 2942 1560
3 221 2500 2943
3 220 2943 1778
3 1905 691 2944
3 1905 2944 3250
3 2658 2811 2945
3 982 2945 2901
3 780 1459 2946
3 780 2946 2319
3 2948 1016 2947
3 1234 2947 3207
3 1765 1016 2948
3 407 2948 1944
3 1506 888 2949
3 1164 2949 3399
3 1739 669 2950
3 2445 2950 861
3 684 1561 2951
3 3449 1343 1445
3 2953 247 2952
3 1014 2952 1817
3 246 247 2953
3 1482 2953 2954
3 2924 657 2954
3 1481 2954 1014
3 1277 403 2955
3 1277 2955 1061
3 792 1647 2956
3 1603 2956 357
3 2119 989 2957
3 2119 2957 787
3 3634 1699 2958
3 1641 2958 345
3 3362 1513 3166
3 542 2959 2297
3 675 1806 2960
3 1592 2960 886
3 3342 1024 2961
3 1637 2961 633
3 432 1584 2962
3 1557 2962 2940
3 3390 1510 2963
3 2268 2963 878
3 3662 593 2964
3 1344 2964 2180
3 284 1797 2965
3 284 2965 283
3 2983 371 2966
3 1787 2966 936
3 936 2053 2967
3 936 2967 2968
3 1459 578 2968
3 1459 2968 2967
3 1702 320 2969
3 929 2969 2970
3 2002 719 2970
3 929 2970 2458
3 2024 973 2971
3 2024 2971 3619
3 3586 1528 2972
3 973 2972 1380
3 2333 1008 2973
3 639 2973 1381
3 3738 1136 3222
3 414 2974 2036
3 1381 1021 2975
3 639 2975 2160
3 1703 388 2976
3 1703 2976 1001
3 2732 1248 2977
3 2732 2977 2874
3 1924 716 2978
3 1924 2978 497
3 2266 397 2979
3 1405 2979 2893
3 2692 1330 2980
3 2692 2980 821
3 462 1591 2981
3 1579 2981 920
3 3104 666 2982
3 1342 3836 3709
3 933 1529 2983
3 933 2983 1787
3 2351 600 2984
3 1300 2984 933
3 578 1460 2985
3 578 2985 1787
3 2092 1208 2986
3 736 2986 1545
3 277 1645 2987
3 277 2987 276
3 436 2017 2988
3 2604 2988 1572
3 3380 1167 2989
3 2620 2989 362
3 2139 1373 2990
3 407 2990 1765
3 934 1643 2991
3 934 2991 1605
3 2941 591 2992
3 1695 2992 934
3 1416 1689 2993
3 581 2993 1630
3 444 1824 2994
3 444 2994 1600
3 2994 931 2995
3 658 2995 1602
3 2937 1521 2996
3 991 2996 1819
3 2115 507 2997
3 1111 2997 3683
3 2651 638 2998
3 2568 2998 1073
3 1907 549 2999
3 949 2999 3032
3 920 1591 3000
3 920 3000 3505
3 39 1801 3001
3 39 3001 38
3 1480 2631 3002
3 1480 3002 330
3 1644 725 3003
3 1644 3003 2272
3 1678 452 3004
3 946 3739 2039
3 1211 2026 3801
3 564 3005 1762
3 1367 1639 3006
3 3844 1957 465
3 471 1737 3007
3 471 3333 3025
3 3120 1526 3008
3 1224 3008 1970
3 3094 513 3009
3 3010 3425 626
3 1121 3009 3010
3 1121 3010 1512
3 3592 1917 3011
3 1210 3011 2430
3 1478 684 3012
3 1478 3012 802
3 2205 357 3013
3 1688 3013 1017
3 1688 1017 3014
3 540 3014 3076
3 1404 410 3015
3 1404 3015 1607
3 658 2547 3016
3 1601 3289 412
3 2044 315 3017
3 986 3017 1344
3 3499 1563 3018
3 986 3018 2044
3 2979 1377 3019
3 926 3019 3371
3 2390 1321 3020
3 97 3020 96
3 1975 1281 3021
3 623 3021 1760
3 878 2136 3668
3 381 3022 1346
3 3319 1346 3023
3 561 3023 1345
3 1516 2220 3024
3 937 3024 2087
3 3333 1073 3025
3 471 3025 1832
3 340 1790 3026
3 3693 2376 1461
3 2800 457 3027
3 1592 3027 887
3 2083 1032 3028
3 492 3028 3458
3 3256 1088 3029
3 1810 3029 405
3 1060 2676 3030
3 1060 3030 2166
3 1197 2358 3031
3 1197 3836 2982
3 2022 949 3032
3 1432 3032 2590
3 1044 2870 3033
3 1091 3033 1779
3 2515 1240 3034
3 827 3034 2516
3 2775 543 3035
3 3034 3035 954
3 2216 1082 3036
3 2914 3036 957
3 1897 435 3037
3 1897 3037 865
3 360 1587 3038
3 360 3038 1599
3 2656 1590 3039
3 853 3039 2552
3 1553 1259 3040
3 1553 3040 427
3 862 1866 3041
3 1379 3041 442
3 2879 614 3042
3 2345 3042 1149
3 1324 377 3430
3 953 3043 3044
3 1467 953 3044
3 583 3044 2379
3 1428 953 3045
3 1428 3045 2656
3 1790 941 3046
3 680 3046 1789
3 941 1790 3047
3 1634 3047 3226
3 3304 674 3048
3 2101 3048 1052
3 3232 1129 3049
3 1128 3049 2735
3 3265 584 3050
3 1301 3050 3051
3 3050 1128 3051
3 1301 3051 3268
3 3053 969 3052
3 1722 3052 410
3 1722 665 3053
3 3054 1484 1124
3 969 3053 3054
3 3055 1670 560
3 969 3054 3055
3 3506 3681 1152
3 1543 1733 3056
3 1543 3056 384
3 2043 1380 3057
3 2043 3057 1782
3 1896 1062 3058
3 404 3058 1913
3 1913 965 3059
3 710 3059 1914
3 2371 345 3060
3 989 3060 1639
3 1045 2026 3061
3 1045 3061 2099
3 1762 1045 3062
3 594 3062 1413
3 451 2540 3063
3 451 3063 2967
3 2183 749 3064
3 2183 3064 2563
3 2923 1107 3065
3 1562 3065 641
3 687 1494 3066
3 687 3066 2184
3 1482 1297 3067
3 1482 3067 246
3 2426 828 3068
3 1309 3068 1756
3 757 1716 3069
3 1394 3069 724
3 684 1650 3070
3 684 3070 1561
3 3110 469 3071
3 1163 3071 3537
3 338 1453 3072
3 2019 3072 815
3 891 2813 3073
3 1219 3073 1620
3 2124 1006 3074
3 501 3074 1328
3 2309 1497 3075
3 2309 3075 744
3 3014 1282 3076
3 540 3076 2603
3 3076 1282 3077
3 974 3077 1776
3 1616 955 3078
3 1616 3078 3092
3 1523 484 3079
3 1523 3436 648
3 3820 1239 3080
3 954 3080 2425
3 561 2160 3081
3 561 3081 1635
3 2745 1774 3082
3 2745 3082 559
3 3738 608 3083
3 1136 3083 2357
3 1743 394 3084
3 985 3084 1387
3 3480 672 3085
3 1204 3085 985
3 985 1563 3086
3 985 3086 1204
3 1669 323 3087
3 1669 3087 2228
3 1768 817 3088
3 1768 3088 674
3 551 2871 3089
3 551 3089 2439
3 2890 1436 3090
3 2119 3090 989
3 1352 1729 3091
3 1352 3091 2175
3 3078 313 3092
3 1616 3092 693
3 3096 358 3093
3 2757 3093 1339
3 3266 513 3094
3 1264 3094 2662
3 1889 720 3095
3 1889 3095 3623
3 3093 1364 3096
3 358 3096 2069
3 399 1815 3097
3 399 3097 3771
3 3468 951 3098
3 681 3098 1815
3 615 1573 3099
3 615 3099 2370
3 1573 431 3100
3 1573 3100 3099
3 1711 670 3101
3 950 3101 1712
3 1068 2834 3102
3 1068 3102 3497
3 1020 1655 3103
3 1020 3103 2296
3 1962 666 3104
3 2658 3104 1342
3 1722 1141 3105
3 1724 3105 498
3 600 1527 3106
3 600 3106 1528
3 3106 972 3107
3 1528 3107 2972
3 3106 1527 3108
3 972 3108 1476
3 975 1627 3109
3 975 3109 1786
3 1786 469 3110
3 975 3110 3227
3 780 2319 3111
3 1554 3111 224
3 1831 888 3112
3 1831 3112 629
3 560 1670 3113
3 2553 3113 1175
3 2856 1261 3114
3 524 3114 1984
3 2171 2394 3115
3 1224 3120 3008
3 1808 527 3722
3 1070 3116 2576
3 3500 1029 3117
3 3691 1858 1186
3 3501 497 3118
3 1029 3118 2239
3 724 1716 3119
3 1216 3119 2267
3 1224 3115 3120
3 1526 3271 1087
3 1713 962 3121
3 455 3121 2919
3 3128 961 3122
3 1551 3122 3811
3 1626 959 3123
3 1626 3123 455
3 962 1713 3124
3 962 3124 1621
3 1623 379 3125
3 959 3125 1794
3 627 1626 3126
3 627 3126 1618
3 964 1619 3127
3 964 3127 1714
3 3129 1714 3128
3 629 3128 1551
3 1624 964 3129
3 629 3129 3128
3 341 1621 3130
3 341 3130 1624
3 2788 1458 3131
3 2129 3131 442
3 796 2006 3132
3 1645 3132 2987
3 1646 2011 3133
3 1646 3133 1069
3 1661 788 3134
3 1661 3134 322
3 631 1622 3135
3 1625 3135 456
3 3305 1022 3136
3 1470 3136 3597
3 3150 1697 3137
3 370 3137 1695
3 1316 1700 3138
3 1316 3138 2660
3 1892 404 3139
3 1892 3139 2935
3 2094 1368 3140
3 908 3140 1972
3 2001 1086 3141
3 579 3141 2884
3 1911 1086 3142
3 530 3142 2562
3 2674 868 3143
3 1537 3143 3159
3 1071 1654 3144
3 2592 3144 306
3 1898 1220 3145
3 2374 3145 521
3 731 2014 3146
3 3269 364 1464
3 3477 625 3147
3 1515 3147 863
3 924 1724 3148
3 924 3148 2836
3 3109 610 3149
3 1786 3149 977
3 977 1697 3150
3 977 3150 1490
3 1786 977 3151
3 469 3151 3843
3 1899 695 3152
3 978 3152 2617
3 636 1698 3153
3 636 3153 3314
3 2146 1078 3154
3 1469 3154 812
3 1820 78 3155
3 1304 3155 2314
3 1003 1642 3156
3 1520 3156 72
3 327 1638 3157
3 327 3157 1353
3 2598 1163 3158
3 587 3158 1408
3 775 1537 3159
3 775 3159 2405
3 418 2127 3182
3 1023 3160 1658
3 2421 1773 3161
3 353 3161 1816
3 1497 981 3162
3 592 3162 1498
3 1498 3162 3163
3 439 3163 3260
3 3145 1961 3164
3 521 3164 2532
3 2284 1443 3165
3 576 3165 3192
3 542 2542 3166
3 2959 3166 1513
3 976 2471 3167
3 3545 662 1560
3 1804 675 3168
3 1804 3168 2774
3 645 1315 3169
3 1410 3169 1604
3 387 2658 3170
3 387 3170 1502
3 2842 1268 3171
3 1494 3171 3066
3 1684 979 3172
3 395 3172 2091
3 3756 620 3173
3 1369 3173 2903
3 3675 1108 3174
3 1366 3174 2841
3 665 1724 3175
3 1723 3175 924
3 1276 613 3176
3 1113 3176 1587
3 2111 514 3177
3 1037 3177 2264
3 2111 1037 3178
3 806 3178 2112
3 1447 1037 3179
3 1447 3179 3507
3 883 2335 3180
3 883 3180 2683
3 1502 2340 3181
3 1502 3639 2845
3 3160 1023 3182
3 418 3182 2208
3 1959 483 3183
3 984 3183 1637
3 3291 67 3184
3 984 3184 1851
3 1856 789 3185
3 1323 3185 562
3 3823 1354 3723
3 550 3186 1450
3 1736 992 3187
3 697 3187 1893
3 3186 1354 3188
3 992 3188 3187
3 3533 1177 3189
3 558 3189 3629
3 2545 1668 3190
3 1271 3190 3202
3 3165 1433 3192
3 1031 3191 1747
3 1433 3191 3192
3 576 3192 2614
3 3351 1189 3193
3 1188 3193 2253
3 2007 779 3194
3 2007 3194 362
3 831 2543 3195
3 831 3195 2542
3 1009 1509 3196
3 1009 3196 2178
3 2009 1359 3756
3 620 3197 1733
3 2203 1137 3198
3 311 3198 1372
3 2029 1158 3199
3 790 3199 2027
3 3508 1867 3200
3 928 3200 1868
3 3190 1271 3201
3 2545 3201 1667
3 3336 1271 3650
3 769 3202 2155
3 919 1812 3203
3 1591 3203 3000
3 3205 1009 3204
3 1444 3204 2743
3 1509 1009 3205
3 595 3205 1444
3 712 1234 3206
3 712 3206 1942
3 3206 1234 3207
3 1081 3207 1907
3 2242 25 3208
3 2242 3208 1035
3 2097 1042 3209
3 2097 3209 347
3 944 1648 3210
3 2751 3420 997
3 2752 1532 3211
3 882 3211 1822
3 2407 570 3212
3 1702 3212 967
3 2715 1269 3213
3 2715 3213 1410
3 2661 1127 3214
3 2661 3214 467
3 848 1692 3215
3 848 3215 2619
3 1964 1492 3216
3 1559 3216 3299
3 2428 525 3217
3 1267 3217 2905
3 1016 1765 3218
3 2156 3218 580
3 874 1774 3219
3 1546 3219 2932
3 2247 1019 3220
3 2247 3220 1396
3 1749 1520 3221
3 1749 3221 2806
3 1319 1656 3222
3 414 3222 2974
3 3654 22 3223
3 1124 3223 2686
3 2318 1298 3224
3 1011 3224 2385
3 843 2382 3225
3 843 3703 3657
3 931 1634 3226
3 1602 3226 340
3 2764 975 3227
3 2598 3227 1163
3 3235 668 3228
3 1834 3228 1059
3 589 1386 3229
3 589 3229 3282
3 1245 2682 3230
3 1245 3774 420
3 623 2645 3231
3 623 3231 1493
3 2466 1129 3232
3 2466 3232 584
3 3228 668 3233
3 1244 3233 2277
3 1834 318 3234
3 998 3234 3831
3 1648 668 3235
3 998 3235 1834
3 1793 474 3236
3 1793 3236 3831
3 2565 1217 3237
3 401 3237 3697
3 2058 741 3238
3 1110 3238 1799
3 363 2744 3239
3 363 3239 2395
3 3369 1034 3240
3 372 3240 2708
3 1659 776 3241
3 1659 3241 637
3 810 1846 3242
3 1649 3242 724
3 912 1496 3243
3 1839 3243 446
3 1337 1431 3244
3 1337 3244 315
3 2341 825 3245
3 1946 3245 903
3 1880 1021 3246
3 227 3246 1881
3 1704 651 3247
3 1704 3247 3569
3 1694 393 3249
3 1050 3248 2875
3 663 1694 3438
3 1050 3249 3248
3 470 1905 3250
3 470 3250 1789
3 1788 680 3251
3 1788 3251 3771
3 3764 1008 3252
3 476 3252 3772
3 640 1633 3253
3 1632 3517 378
3 1096 1651 3254
3 3558 1708 650
3 1777 974 3255
3 1777 3255 692
3 2196 770 3256
3 1130 3256 3029
3 879 2678 3257
3 879 3257 2680
3 2585 855 3258
3 2761 3258 1227
3 1519 687 3259
3 1519 3259 804
3 2161 1539 3260
3 2161 3260 3163
3 1642 1003 3261
3 1642 3261 2107
3 1520 624 3262
3 1003 3262 2283
3 394 1743 3263
3 394 3263 3656
3 1002 2047 3264
3 1002 3264 1510
3 3301 584 3265
3 1299 3265 2098
3 1264 1948 3266
3 513 3266 1299
3 1121 1512 3267
3 1121 3267 2662
3 2098 1301 3268
3 1120 3268 2346
3 1199 3146 3269
3 1199 3269 2072
3 2140 754 3270
3 2194 3270 1123
3 3120 544 3271
3 1087 3271 1719
3 1526 1087 3272
3 1526 3272 314
3 2799 1148 3273
3 58 3273 57
3 2823 1166 3274
3 201 3274 56
3 1043 1763 3275
3 1043 3275 2495
3 2153 1398 3276
3 2153 3276 1196
3 899 2414 3277
3 2572 3277 1153
3 654 1654 3278
3 2157 3278 1071
3 429 1736 3279
3 1257 3279 1894
3 1911 2238 3280
3 1086 3280 2643
3 2705 1666 3281
3 1742 3281 849
3 2826 589 3282
3 2504 3282 1244
3 1287 2721 3283
3 526 3283 2610
3 430 2190 3284
3 430 3284 1966
3 1794 1013 3285
3 628 3285 3300
3 3125 379 3286
3 1794 3286 1013
3 3286 1620 3287
3 1013 3287 1625
3 2547 1461 3288
3 1147 3805 2204
3 1601 3016 3289
3 412 3289 2204
3 959 1794 3290
3 1713 3290 3124
3 1568 66 3291
3 2021 3291 984
3 1521 1860 3292
3 1521 3292 1861
3 1822 1541 3293
3 1822 3293 2835
3 355 1613 3294
3 355 3294 3191
3 2564 637 3295
3 2486 3295 1026
3 1931 489 3296
3 1931 3296 906
3 3298 1140 3297
3 1139 3297 2168
3 2734 1140 3298
3 873 3298 2866
3 856 1559 3299
3 856 3299 1669
3 3124 628 3300
3 1621 3300 964
3 1365 584 3301
3 1365 3301 2100
3 3403 1012 3302
3 1763 3302 3275
3 3026 1790 3303
3 952 3303 2315
3 346 1768 3331
3 1046 3304 2101
3 257 2874 3305
3 257 3305 256
3 1981 1204 3306
3 596 3306 2612
3 1227 733 3307
3 1227 3307 1097
3 1875 565 3308
3 1097 3308 1980
3 344 2009 3309
3 2116 3309 867
3 960 2010 3310
3 1618 3310 3337
3 1993 1026 3311
3 716 3311 1994
3 1596 401 3312
3 1026 3312 3311
3 518 1507 3827
3 1173 3313 2801
3 3153 2266 3314
3 636 3314 2636
3 446 1658 3315
3 446 3315 1839
3 2904 1839 3316
3 605 3316 2524
3 2135 1033 3317
3 2135 3317 766
3 1435 588 3318
3 1435 3318 2264
3 1149 2431 3319
3 1149 3319 1635
3 896 2561 3320
3 896 3320 2613
3 1079 2687 3321
3 1780 3321 1449
3 2074 1320 3322
3 737 3322 2073
3 751 1966 3323
3 751 3323 2167
3 762 1831 3324
3 762 3324 1455
3 3484 481 3325
3 1019 3325 2449
3 1194 2185 3326
3 2202 3326 290
3 1876 847 3327
3 1876 3327 548
3 3721 1745 3417
3 1058 3328 2678
3 946 2039 3329
3 2272 3329 100
3 3641 1247 3330
3 342 3330 2227
3 1947 346 3331
3 1046 3331 3304
3 2685 1278 3332
3 875 3332 2731
3 3007 968 3333
3 3007 3333 471
3 490 1919 3334
3 1088 3334 1918
3 520 2852 3335
3 1084 3335 1581
3 3650 1516 3336
3 3201 3336 547
3 2917 1618 3337
3 1741 3337 1235
3 1535 2787 3338
3 1535 3338 380
3 1712 1036 3339
3 324 3339 2925
3 1036 2356 3340
3 1036 3340 1838
3 483 1225 3341
3 483 3341 1795
3 483 1795 3342
3 483 3342 1637
3 758 1567 3343
3 758 3343 2210
3 1633 640 3344
3 1633 3344 1041
3 3239 1172 3345
3 1989 3345 753
3 979 2274 3346
3 1883 3346 3783
3 688 1855 3347
3 688 3347 1842
3 3349 1077 3348
3 626 3348 1512
3 1317 424 3349
3 1317 3349 3348
3 3147 625 3350
3 1077 3350 1836
3 568 2739 3351
3 2763 3351 1188
3 459 2145 3352
3 1705 3352 2480
3 2625 419 3353
3 1555 3353 713
3 468 1477 3354
3 468 3354 1782
3 3486 1221 3355
3 530 3355 1911
3 2596 840 3356
3 1208 3356 2986
3 2337 422 3357
3 3847 1089 2342
3 2342 1089 3358
3 539 3358 1327
3 1606 1027 3359
3 1606 3359 716
3 1955 477 3360
3 1027 3360 3359
3 1534 901 3361
3 1534 3760 494
3 206 1513 3362
3 205 3362 2906
3 413 1973 3363
3 413 3363 3806
3 1824 607 3364
3 1824 3364 931
3 2142 1326 3365
3 2458 3365 929
3 2532 1061 3366
3 2532 3366 521
3 1505 1065 3367
3 500 3367 3376
3 644 1674 3368
3 1673 3575 486
3 2416 837 3369
3 2416 3369 3240
3 3240 1034 3370
3 1693 3370 575
3 3019 1550 3371
3 1879 3371 453
3 2774 1412 3372
3 312 3372 2615
3 1660 1055 3373
3 321 3373 1595
3 3845 1090 3374
3 320 3374 1469
3 1090 1449 3375
3 1090 3375 2146
3 3377 500 3376
3 1386 3376 2261
3 2372 500 3380
3 1167 3377 1386
3 2261 1064 3378
3 318 3378 1675
3 1750 391 3379
3 1750 3379 1065
3 2620 889 3380
3 1167 3380 3377
3 1232 2632 3381
3 1232 3381 2522
3 916 2443 3382
3 1540 3382 2696
3 2706 1023 3383
3 1715 3383 446
3 1890 1181 3384
3 1890 3384 344
3 1055 1617 3385
3 1055 3385 1594
3 2675 619 3386
3 1660 3386 1055
3 811 1998 3387
3 2233 3387 1757
3 3822 1133 3388
3 1963 3388 1423
3 497 2418 3389
3 497 3389 3118
3 2011 1183 3390
3 519 3390 2963
3 677 2221 3391
3 677 3391 1608
3 1564 550 3392
3 2760 3392 1355
3 3176 613 3393
3 1587 3393 912
3 3471 375 3394
3 1949 3394 1038
3 3460 1038 3395
3 1728 3395 514
3 757 1394 3396
3 1142 3396 1940
3 1148 2358 3397
3 3273 3397 241
3 1023 2706 3398
3 3182 3398 2208
3 2949 457 3399
3 1507 3399 3313
3 1588 593 3400
3 1588 3400 1067
3 3809 2022 3401
3 1258 3401 1432
3 3403 1830 3402
3 1012 3402 1829
3 473 1830 3403
3 1763 3403 3302
3 2447 1056 3404
3 378 3404 1632
3 484 1987 3405
3 484 3405 1594
3 894 2113 3406
3 1996 3406 1346
3 1859 663 3407
3 1859 3407 1040
3 1748 1040 3408
3 1748 3409 1049
3 3408 478 3409
3 3408 3409 1748
3 1859 1040 3410
3 325 3410 1862
3 1310 892 3411
3 1310 3412 2683
3 1310 3411 3412
3 531 3412 1997
3 1122 1517 3413
3 1122 3413 1997
3 2149 1297 3414
3 2149 3414 1268
3 2639 1297 3415
3 2639 3415 112
3 1078 2350 3416
3 1078 3416 2258
3 2198 467 3417
3 1058 3417 3328
3 1172 1493 3418
3 1172 3418 1988
3 866 1693 3419
3 2709 3419 1374
3 474 1852 3420
3 3210 3420 2751
3 3705 557 3421
3 1191 3421 3422
3 2346 333 3422
3 1190 3422 3421
3 3051 1238 3423
3 3422 3423 1191
3 1238 611 3424
3 3423 3424 1191
3 1120 2346 3425
3 626 3425 1317
3 856 2461 3426
3 2368 3426 1434
3 3428 1454 3427
3 1393 3427 3679
3 3616 1454 3428
3 618 3428 2916
3 1171 2044 3429
3 1171 3429 3813
3 3549 1324 3430
3 953 3430 3043
3 2218 434 3741
3 1100 3431 3432
3 1802 1100 3432
3 1802 3432 817
3 529 1945 3433
3 529 3433 1421
3 2177 415 3434
3 2177 3434 1008
3 1543 384 3435
3 2048 3435 1057
3 3079 1057 3436
3 648 3436 1640
3 2133 649 3437
3 2133 3437 955
3 3249 1050 3438
3 663 3438 3407
3 674 1769 3439
3 674 3439 1767
3 3439 1047 3440
3 1767 3440 396
3 2957 1367 3441
3 787 3441 3643
3 2906 1004 3442
3 2649 3442 1215
3 45 46 3443
3 2362 3443 1146
3 961 1714 3444
3 961 3444 2464
3 2249 1051 3445
3 2249 3445 1184
3 3452 2081 3446
3 1051 3446 1805
3 2040 597 3447
3 1272 3447 3785
3 2659 976 3448
3 2659 3448 375
3 684 2951 3449
3 684 3449 3012
3 2462 1141 3450
3 2462 3450 1404
3 2084 383 3451
3 2084 3451 1032
3 742 2081 3452
3 2249 3452 1051
3 1805 1052 3453
3 1805 3453 3689
3 396 1806 3454
3 396 3454 1767
3 3784 1192 3455
3 1818 3455 1453
3 2393 409 3456
3 2393 3456 1280
3 2500 222 3457
3 1080 3457 2319
3 2840 492 3458
3 1083 3458 2344
3 2237 1083 3459
3 2237 3459 361
3 1949 1038 3460
3 1949 3460 660
3 1048 1877 3461
3 2457 3461 1390
3 2112 1447 3462
3 577 3462 2397
3 669 2575 3463
3 669 3463 1737
3 1084 1581 3464
3 2648 3464 433
3 3542 1116 3465
3 3464 3465 433
3 1099 1680 3466
3 1099 3466 1950
3 2976 388 3467
3 2976 3467 2436
3 2638 951 3468
3 2638 3468 450
3 3624 406 3469
3 1779 3469 1091
3 2254 1053 3470
3 2254 3470 390
3 1408 375 3471
3 1054 3471 1949
3 3473 1054 3472
3 1727 3472 660
3 1727 503 3473
3 1727 3473 3472
3 2832 1382 3474
3 556 3474 2703
3 1285 2738 3475
3 3488 1893 322
3 3342 1795 3476
3 2090 3476 686
3 1515 1087 3477
3 1515 3477 3147
3 1066 2277 3478
3 1066 3478 3479
3 2889 944 3479
3 1066 3479 2647
3 1204 1981 3480
3 1204 3480 3085
3 854 2038 3481
3 1865 3481 338
3 2722 1174 3482
3 389 3482 1729
3 3648 1734 3483
3 1174 3483 3530
3 719 1456 3484
3 1411 3484 3325
3 1813 935 3485
3 1813 3485 653
3 759 1221 3486
3 1665 3486 3637
3 3199 1158 3487
3 1439 3487 326
3 1285 3475 3488
3 1285 3488 3134
3 635 1884 3489
3 1638 3489 824
3 847 1677 3490
3 847 3490 2387
3 2229 795 3491
3 2582 3491 909
3 2519 1472 3492
3 852 3492 1681
3 1791 1677 3493
3 1791 3493 2218
3 294 295 3494
3 2192 3494 1143
3 844 2448 3495
3 1711 3495 670
3 1563 1387 3496
3 3018 3496 574
3 2903 1068 3497
3 2674 3497 868
3 814 2120 3498
3 1978 3498 1545
3 986 2180 3499
3 986 3499 3018
3 1781 1135 3500
3 1781 3500 3117
3 1924 497 3501
3 1135 3501 3500
3 2623 331 3502
3 1135 3502 1606
3 655 1954 3503
3 655 3503 1752
3 2159 1074 3504
3 2159 3504 3630
3 2608 1074 3505
3 920 3505 2768
3 969 3055 3506
3 969 3826 3052
3 3462 1447 3507
3 938 3507 2537
3 429 1867 3508
3 1332 3508 2882
3 99 2039 3509
3 98 3509 2390
3 1943 1942 3510
3 1943 3510 215
3 1025 1857 3511
3 1795 3511 3476
3 632 1595 3512
3 632 3512 3768
3 3629 1732 3513
3 1247 3513 3330
3 2033 253 3514
3 2033 3514 2895
3 296 297 3515
3 296 3515 2478
3 696 2442 3516
3 696 3516 1896
3 1632 3253 3517
3 378 3517 1799
3 1633 487 3518
3 1633 3518 3253
3 824 1884 3519
3 1289 3519 1833
3 1853 685 3520
3 1072 3520 2776
3 1853 1072 3521
3 505 3521 3609
3 426 1837 3522
3 1823 3522 1203
3 405 1918 3523
3 405 3523 1920
3 486 1921 3524
3 486 3524 1925
3 1102 1925 3631
3 693 3525 1918
3 1477 596 3526
3 1477 3526 3354
3 3576 650 3527
3 2070 3527 1095
3 1013 1625 3528
3 1619 3528 3127
3 1093 3524 3529
3 1920 3529 694
3 2174 1729 3530
3 2174 3530 518
3 1105 1900 3531
3 1899 3531 695
3 3030 1144 3532
3 569 3532 3753
3 2093 1177 3533
3 2521 3533 558
3 812 2258 3534
3 1283 3534 2653
3 3714 1662 3535
3 714 3535 2063
3 3687 1690 3536
3 2151 3536 676
3 3071 976 3537
3 1163 3537 3158
3 2255 505 3538
3 2255 3538 1053
3 2131 567 3539
3 1201 3539 2799
3 801 2198 3540
3 2199 3540 2334
3 765 2792 3541
3 2209 3541 3638
3 1400 1116 3542
3 571 3542 1581
3 3544 1142 3543
3 2304 3543 836
3 2191 1142 3544
3 292 3544 291
3 1378 3167 3545
3 1378 3545 2942
3 1654 1653 3546
3 1654 3546 305
3 1830 1075 3547
3 1830 3547 683
3 1830 473 3548
3 1075 3548 2377
3 2550 562 3549
3 2550 3549 1428
3 2309 744 3550
3 1440 3550 2109
3 2812 2040 3551
3 527 3551 2939
3 2353 1246 3552
3 280 3552 279
3 2412 546 3553
3 1281 3553 3021
3 3796 1158 3554
3 2629 3554 545
3 1707 506 3555
3 1092 3555 1427
3 1976 1096 3556
3 383 3556 3577
3 1976 643 3557
3 1096 3557 1651
3 1096 3254 3558
3 1096 3558 2096
3 415 1460 3559
3 415 3559 1974
3 3702 1857 3560
3 2616 3560 1025
3 3608 1694 3561
3 1104 3561 3837
3 750 1608 3562
3 750 3562 2151
3 3564 1151 3563
3 2179 3563 996
3 2930 1151 3564
3 480 3564 2179
3 2720 1151 3565
3 2535 3565 844
3 2846 1098 3566
3 2846 3566 1438
3 3566 1098 3567
3 1680 3567 3466
3 2753 1269 3568
3 839 3568 2663
3 458 1704 3569
3 458 3569 1951
3 1780 638 3570
3 1780 3570 3321
3 3439 1769 3571
3 1047 3571 2025
3 1706 653 3572
3 1092 3572 1707
3 1706 1092 3573
3 408 3573 1785
3 869 1418 3574
3 2624 3574 36
3 3368 1094 3575
3 3368 3575 1673
3 2096 650 3576
3 1094 3576 2070
3 3556 2096 3577
3 383 3577 3451
3 535 1586 3578
3 1306 3578 2079
3 1545 1085 3579
3 736 3579 1773
3 1908 328 3580
3 1114 3580 3581
3 713 1952 3581
3 713 3581 1933
3 1952 491 3582
3 1114 3582 1909
3 949 2022 3583
3 2122 3583 211
3 549 2947 3584
3 1195 3584 2156
3 2807 958 3585
3 2807 3585 1112
3 600 1528 3586
3 1529 3586 2931
3 216 2369 3587
3 216 3587 215
3 421 1668 3588
3 421 3588 2236
3 876 2772 3589
3 2773 3589 707
3 738 2005 3590
3 2003 3590 2821
3 1828 1210 3591
3 1828 3591 559
3 1828 703 3592
3 1210 3592 3011
3 3664 1157 3593
3 2422 3593 582
3 1631 1576 3594
3 1631 3594 2051
3 372 2708 3595
3 372 3595 3388
3 1131 1508 3596
3 1585 3596 2802
3 2791 1470 3597
3 1320 3597 1422
3 903 2231 3598
3 1544 3598 2841
3 286 287 3599
3 286 3599 2197
3 2877 1165 3600
3 2877 3600 2088
3 746 2060 3601
3 746 3601 1687
3 2461 646 3602
3 2461 3602 923
3 784 2252 3603
3 2152 3603 1109
3 601 2505 3604
3 2711 3604 1897
3 1888 444 3605
3 1888 3605 915
3 3607 1716 3606
3 1143 3606 2192
3 2758 496 3607
3 1143 3607 3606
3 3521 1072 3608
3 1104 3608 3561
3 3608 1104 3609
3 505 3609 3538
3 2636 728 3610
3 1548 3610 2491
3 3198 1137 3611
3 3198 3611 1372
3 2401 835 3612
3 1321 3612 3020
3 3615 1101 3613
3 502 3613 1962
3 1101 1571 3614
3 1101 3614 1962
3 983 1935 3615
3 983 3615 2878
3 3617 1454 3616
3 1455 3616 2110
3 2303 1454 3617
3 380 3811 3122
3 3620 1156 3618
3 1696 3618 2053
3 3823 2016 3619
3 599 3619 2971
3 2024 1156 3620
3 371 3620 1696
3 2372 1615 3621
3 2372 3621 1505
3 1318 2066 3622
3 1318 3622 787
3 1725 461 3623
3 1725 3623 3095
3 1024 2090 3624
3 1779 3624 3469
3 1589 671 3625
3 2269 3625 854
3 2811 1485 3626
3 893 3626 2040
3 781 2292 3627
3 781 3627 2506
3 2652 1103 3628
3 2652 3628 454
3 3642 558 3629
3 1247 3629 3513
3 3504 644 3630
3 2159 3630 1102
3 1925 3525 3631
3 1102 3631 3092
3 494 2200 3632
3 1683 3632 1155
3 353 1775 3633
3 353 3633 2421
3 1598 2637 3634
3 895 3634 2958
3 75 76 3635
3 1150 3635 2667
3 1150 2667 3636
3 1150 3636 2201
3 2792 1665 3637
3 1213 3637 2562
3 3541 1213 3638
3 2209 3638 418
3 1502 3181 3639
3 842 3639 2439
3 2188 772 3640
3 1138 3640 1553
3 2188 1138 3641
3 342 3641 3330
3 1553 1401 3642
3 1138 3642 3629
3 2118 787 3643
3 1144 3643 2000
3 2413 794 3644
3 3645 1480 330
3 1486 3644 3645
3 1486 3645 3785
3 1819 402 3646
3 1819 3646 742
3 2833 1166 3647
3 1368 3647 3140
3 679 1734 3648
3 2722 3648 1174
3 1464 1858 3649
3 602 3649 2239
3 1271 3202 3650
3 1516 3650 2220
3 3661 641 3651
3 1524 3651 1825
3 3040 1259 3652
3 2317 3652 808
3 956 2672 3653
3 1809 3653 1115
3 2716 21 3654
3 1484 3654 3223
3 2020 379 3655
3 2453 3655 899
3 3263 1183 3656
3 394 3656 1629
3 1671 843 3657
3 1671 3657 366
3 2254 390 3658
3 3659 2786 606
3 1358 3658 3659
3 1358 3659 1532
3 2779 2451 3660
3 1361 3660 2633
3 3651 1524 3661
3 641 3661 2265
3 3244 1431 3662
3 3244 3662 1344
3 2794 2897 3663
3 392 3663 1489
3 2422 908 3664
3 1157 3664 1972
3 3666 1106 3665
3 1894 3665 532
3 697 1895 3666
3 697 3666 1894
3 1081 2411 3667
3 1942 3667 214
3 2136 3022 3668
3 878 3668 2536
3 821 2533 3669
3 821 3669 2876
3 3671 400 3670
3 1276 3670 1843
3 2296 400 3671
3 1202 3671 2215
3 894 1996 3672
3 894 3672 2843
3 3053 665 3673
3 1484 3673 2716
3 1887 373 3674
3 1108 3674 3174
3 489 1886 3675
3 489 3675 3296
3 707 1887 3676
3 707 3676 1886
3 1000 1751 3677
3 2176 3677 470
3 670 2018 3678
3 1712 3678 1036
3 3680 1393 3679
3 1192 3679 3455
3 2446 1393 3680
3 441 3680 1978
3 3506 560 3681
3 1152 3681 3799
3 2839 1395 3682
3 543 3682 3820
3 2285 1111 3683
3 2285 3683 1922
3 2256 310 3684
3 2256 3684 2699
3 3724 1430 3685
3 987 3685 2881
3 1690 2091 3686
3 1539 3686 740
3 1076 2221 3687
3 1690 3687 395
3 834 2056 3688
3 834 3688 2943
3 1051 1805 3689
3 1804 3689 675
3 1357 694 3690
3 1552 3690 2032
3 515 3117 3691
3 515 3691 2892
3 1043 2336 3692
3 2736 3692 2769
3 340 3026 3693
3 340 3693 1602
3 2507 1283 3694
3 481 3694 1589
3 1066 1770 3695
3 1066 3695 2277
3 3697 1463 3696
3 1134 3696 2418
3 1994 401 3697
3 1134 3697 3696
3 3644 2275 3698
3 1118 3698 1977
3 2591 1195 3699
3 382 3699 1475
3 493 1990 3700
3 493 3700 1885
3 1990 686 3701
3 1117 3701 3702
3 1599 1117 3702
3 360 3702 3560
3 843 3225 3703
3 1574 3703 615
3 510 2165 3704
3 2248 3704 2235
3 2621 557 3705
3 1615 3705 1191
3 2707 1593 3706
3 2707 3706 1770
3 1821 1129 3707
3 1821 3707 1437
3 2057 1764 3708
3 2057 3708 3721
3 567 2131 3709
3 567 3709 3836
3 2093 389 3710
3 1177 3710 1995
3 3189 1177 3711
3 3189 3711 1732
3 80 81 3713
3 1162 3712 3714
3 1162 2314 3713
3 1162 3713 3712
3 714 1958 3714
3 714 3714 3535
3 2731 1577 3715
3 875 3715 1721
3 438 1575 3716
3 2581 3716 891
3 3698 493 3717
3 1977 3717 3718
3 581 1977 3718
3 581 3718 1416
3 2203 711 3719
3 2203 3719 1137
3 1950 495 3720
3 1137 3720 3611
3 467 2057 3721
3 467 3721 3417
3 3116 1070 3722
3 3116 3722 527
3 1354 3186 3723
3 2016 3723 1564
3 2180 1430 3724
3 2622 3724 987
3 2243 1126 3725
3 2243 3725 704
3 1126 1871 3726
3 1126 3726 3725
3 270 2071 3727
3 270 3727 269
3 708 2359 3728
3 708 3728 2108
3 2296 1202 3729
3 624 3729 3262
3 308 1562 3730
3 307 3730 2592
3 1514 1986 3731
3 1402 3731 1985
3 1915 311 3732
3 1915 3732 1105
3 2274 1685 3733
3 2274 3733 3346
3 1567 1363 3734
3 1567 3734 2325
3 1039 3284 3735
3 2035 3735 761
3 491 2196 3736
3 491 3736 1909
3 1909 1130 3737
3 1909 3737 699
3 1656 608 3738
3 1656 3738 3222
3 946 3004 3739
3 2039 3739 845
3 1827 1504 3740
3 1827 3740 2133
3 434 3431 3741
3 2218 3741 1945
3 2080 1721 3742
3 2080 3742 722
3 1211 2862 3743
3 2026 3743 84
3 2144 571 3744
3 1131 3744 1508
3 2538 1131 3745
3 2538 3745 1326
3 2381 939 3746
3 2381 3746 2278
3 1224 1970 3747
3 1224 3747 2171
3 3568 2723 3748
3 1160 3748 2529
3 1708 1274 3749
3 650 3749 3527
3 1089 2088 3750
3 1089 3750 3358
3 1546 2932 3751
3 727 3751 2036
3 1452 2796 3752
3 688 3752 1855
3 3332 1278 3753
3 1406 3753 3532
3 1303 2298 3754
3 607 3754 2467
3 1929 368 3755
3 1929 3755 826
3 3197 620 3756
3 2009 3756 1369
3 2045 803 3757
3 2045 3757 3758
3 3757 1140 3758
3 2045 3758 443
3 1725 655 3759
3 1154 3759 1726
3 3361 1154 3760
3 3361 3760 1534
3 1451 2157 3761
3 423 3761 1825
3 339 2220 3762
3 1240 3762 2775
3 260 261 3763
3 2170 3763 1604
3 3252 1731 3764
3 1008 3764 2177
3 958 2216 3765
3 3585 3765 1772
3 911 1495 3766
3 2825 3766 273
3 3320 1302 3767
3 1241 3767 2069
3 3512 1594 3768
3 632 3768 2447
3 428 1970 3769
3 2244 3769 776
3 700 2606 3770
3 1868 3770 2148
3 999 2747 3771
3 999 3771 3251
3 2743 476 3772
3 2743 3772 1007
3 2184 426 3773
3 1500 3773 2062
3 3230 1312 3774
3 3230 3774 1245
3 1664 732 3775
3 1231 3775 3776
3 3775 1758 3776
3 1231 3776 2526
3 2752 882 3777
3 1682 3777 1384
3 255 2791 3778
3 255 3778 254
3 2041 62 3779
3 2041 3779 1145
3 1212 2477 3780
3 664 3780 1389
3 3347 1855 3781
3 1146 3781 2746
3 672 2047 3782
3 1743 3782 3263
3 452 1883 3783
3 1294 3783 2392
3 1818 814 3784
3 1192 3784 1978
3 2938 1272 3785
3 330 3785 3645
3 730 1629 3786
3 730 3786 2011
3 1923 708 3787
3 1923 3787 1218
3 1906 1218 3788
3 691 3788 2944
3 1382 1578 3790
3 1220 3789 1961
3 1898 332 3790
3 1220 3790 3789
3 2554 1542 3791
3 586 3791 2164
3 294 2192 3792
3 293 3792 2191
3 348 1691 3793
3 1497 3793 981
3 556 2827 3794
3 1228 3794 2288
3 1578 1228 3795
3 642 3795 1593
3 857 2646 3796
3 857 3796 3554
3 3798 634 3797
3 1681 3797 852
3 1860 634 3798
3 1233 3798 1681
3 3681 1159 3799
3 1152 3799 2450
3 3658 390 3800
3 1159 3800 2121
3 2063 1211 3801
3 2063 3801 564
3 988 1671 3802
3 988 3802 2335
3 1726 1752 3803
3 1726 3803 2200
3 1837 718 3804
3 3522 3804 1203
3 583 2379 3805
3 3288 3805 1147
3 2479 413 3806
3 2479 3806 930
3 1252 2498 3807
3 1252 3807 1908
3 2181 1215 3808
3 2181 3808 573
3 210 2022 3809
3 209 3809 1258
3 2042 935 3854
3 1936 3810 343
3 3324 1551 3811
3 1455 3811 3617
3 607 2467 3812
3 1634 3812 3047
3 2884 1171 3813
3 947 3813 2885
3 2908 1603 3814
3 1005 3814 2206
3 1281 1975 3815
3 1281 3815 2263
3 925 2848 3818
3 1176 3816 2302
3 2726 1176 3817
3 552 3817 3850
3 3816 1176 3818
3 925 3818 2069
3 2696 445 3819
3 1307 3819 1698
3 3035 543 3820
3 3035 3820 954
3 2104 1219 3821
3 2104 3821 743
3 2239 1133 3822
3 2239 3822 602
3 1661 1354 3823
3 599 3823 3619
3 2030 756 3824
3 2030 3824 863
3 5 6 3825
3 1478 3825 1650
3 3506 1152 3826
3 3052 3826 410
3 1709 518 3827
3 1173 3827 3313
3 1798 447 3828
3 1165 3828 3600
3 1875 733 3829
3 1875 3829 1304
3 575 1792 3830
3 1374 3830 2055
3 3234 1426 3831
3 998 3831 3236
3 1610 541 3832
3 1610 3832 1246
3 3603 2252 3833
3 1109 3833 2329
3 2469 632 3834
3 1349 3834 2789
3 1303 2447 3835
3 1303 3835 2298
3 3031 567 3836
3 3031 3836 1197
3 3561 1992 3837
3 2367 3837 647
3 2480 830 3838
3 2480 3838 1707
3 351 1685 3839
3 351 3839 2199
3 3632 2200 3840
3 1155 3840 2199
3 1685 678 3841
3 1685 3841 3839
3 1710 673 3842
3 1710 3842 1173
3 3071 469 3843
3 3071 3843 976
3 1367 3006 3844
3 1367 3844 3441
3 967 1832 3845
3 2803 3845 3374
3 1987 1523 3846
3 1987 3846 640
3 2337 3357 3847
3 2337 3847 792
3 721 1956 3848
3 2455 3848 1740
3 1902 509 3849
3 1902 3849 1168
3 3817 1755 3850
3 552 3850 2872
3 2323 1018 3851
3 2323 3851 538
3 731 2013 3852
3 2700 3852 1200
3 2004 738 3853
3 2004 3853 1178
3 735 2042 3854
3 1936 3854 3810
3 193 6220 7538
3 6220 5921 4654
3 41 6062 42
3 7505 4319 5493
3 5626 3946 6360
3 6474 5601 191
3 5601 5881 4630
3 5777 5799 4712
3 5609 4287 4969
3 35 6189 6647
3 5253 183 184
3 7326 4280 5711
3 5927 4018 5029
3 6049 3892 5455
3 6800 5505 182
3 5707 4120 7009
3 7438 4466 6210
3 7030 5282 4971
3 5299 6545 6642
3 6094 74 73
3 65 5354 66
3 7070 3986 6637
3 7094 4238 5688
3 6341 7286 6674
3 5423 70 6181
3 5119 7094 5688
3 5709 3987 6167
3 6126 68 67
3 7584 4101 5295
3 6908 4668 6293
3 5768 3941 5081
3 5691 5397 172
3 6217 3945 6584
3 5557 4111 5858
3 5961 4355 5137
3 5396 5961 169
3 6597 4601 5267
3 6709 4355 5396
3 6125 7145 62
3 5936 4355 5759
3 5055 3929 5175
3 5914 4668 6909
3 5705 4267 5203
3 5344 166 167
3 6125 4929 7145
3 6384 5299 75
3 4437 4892 5157
3 6875 4143 5877
3 6450 4206 6671
3 4526 5877 6759
3 5035 6116 4671
3 5713 4768 7203
3 6299 4526 5713
3 0 3855 3856
3 5998 58 57
3 5998 57 158
3 7203 4768 5725
3 7385 43 42
3 6857 4638 6528
3 7190 5636 4455
3 6224 5147 5921
3 6867 4810 7210
3 6616 7198 38
3 5346 6541 6172
3 7472 4125 5697
3 4853 5450 198
3 6445 3979 5810
3 48 47 5581
3 5563 188 189
3 5474 6528 5450
3 6958 7022 5073
3 5450 4853 5474
3 5711 4280 5496
3 6958 4314 5582
3 6647 4578 5538
3 4853 198 199
3 6157 4205 7055
3 6461 4631 5694
3 4418 6940 5668
3 6244 5671 200
3 5528 4519 4904
3 51 4946 6461
3 7489 31 7188
3 4798 5671 6244
3 5618 4240 5151
3 5694 54 53
3 6784 26 25
3 6244 56 55
3 7064 5269 3887
3 5744 4014 6738
3 6370 3958 5087
3 7054 4902 3886
3 6364 21 5884
3 5643 3885 4902
3 4995 4258 4873
3 7011 4104 6052
3 5273 4103 6053
3 6453 5466 3965
3 6428 5331 18
3 5336 3880 6556
3 5888 5197 4038
3 7362 5011 6920
3 6346 4254 7381
3 6083 7025 3875
3 5806 4953 7475
3 5640 4629 6428
3 6250 4177 6149
3 5920 3877 7475
3 6765 4172 5584
3 6879 6880 4752
3 6544 5285 5451
3 6878 4595 6495
3 6878 6495 4177
3 4997 4077 5666
3 5285 4782 6529
3 5977 4924 6111
3 6245 4447 5667
3 19 18 5331
3 7519 4635 6882
3 7197 4339 5010
3 7063 9 5234
3 7213 5592 3869
3 7413 5234 9
3 5616 5046 5615
3 3869 5592 7197
3 5194 4305 6383
3 7044 4995 4873
3 5960 4087 5479
3 6884 4270 5369
3 5945 3936 4922
3 7064 3887 3888
3 5776 5140 5
3 6026 4667 6688
3 7533 4873 5294
3 5776 4417 5140
3 7306 4087 5661
3 6207 7317 3890
3 5326 4344 5659
3 6688 5283 3862
3 5789 3940 4926
3 5992 3 2
3 5613 4897 7173
3 5771 4033 5660
3 7436 7477 5404
3 7106 4043 6796
3 7173 6523 3859
3 5941 5092 28
3 7398 6415 1
3 6622 4764 5922
3 5579 3988 7351
3 5453 3978 5006
3 7398 1 0
3 6622 5922 3857
3 7046 6530 185
3 4833 7301 5880
3 7398 0 3856
3 5272 6018 6725
3 6324 4983 78
3 5539 3937 6716
3 3897 5072 5734
3 5928 4831 6864
3 5734 3896 3897
3 6641 4208 4983
3 5736 4190 6433
3 6324 78 77
3 6288 3898 3899
3 6205 81 80
3 5685 6634 6488
3 6962 4117 5576
3 7565 4549 6367
3 6877 4830 7323
3 7478 5841 3902
3 5116 4375 5540
3 5310 4424 5330
3 6099 3974 4871
3 5841 3901 3902
3 5540 4375 4970
3 5373 3904 3905
3 4970 6805 86
3 4894 4807 6202
3 6805 87 86
3 5319 4155 7525
3 6264 90 89
3 6583 3907 3908
3 5577 3974 6455
3 6583 5762 4489
3 6264 6425 90
3 5762 3908 3909
3 6980 4154 6770
3 5383 3955 4878
3 5774 4354 5235
3 6195 3912 6033
3 5235 4354 5717
3 7373 5986 4405
3 6098 4231 5189
3 6033 3912 3913
3 5322 96 6013
3 6033 4808 6195
3 6762 5322 4512
3 7227 4015 5932
3 5589 3968 5189
3 6306 4057 7126
3 5765 99 98
3 5508 4530 5943
3 5153 4276 5350
3 6599 5708 6478
3 5591 6937 7375
3 3917 3918 6599
3 4789 7429 5515
3 5350 4276 6905
3 6482 5431 106
3 7366 3920 3921
3 7141 5949 105
3 6307 4271 5074
3 5752 4067 4895
3 5431 6470 107
3 5567 6978 108
3 5390 4763 6308
3 6470 108 107
3 6803 5390 3922
3 5665 4763 6417
3 5665 111 110
3 6417 111 5665
3 6803 4763 5390
3 112 7397 113
3 3924 3925 113
3 6433 4190 5125
3 5253 4859 7325
3 5801 4086 7556
3 6264 4886 6425
3 5336 5806 3879
3 5552 4072 6430
3 5055 5696 6521
3 6126 6227 5056
3 5601 4630 6834
3 6259 4018 5645
3 3894 4928 3893
3 4712 6735 4913
3 7436 30 29
3 5077 3926 4940
3 7177 4140 5574
3 6073 83 82
3 4914 3941 5982
3 5650 4075 4904
3 5943 3914 3915
3 5765 4771 7047
3 7006 5349 5445
3 4884 3943 5457
3 4643 6662 4925
3 5265 4059 6566
3 5930 4098 7495
3 7514 6488 4705
3 5905 3939 5308
3 6094 6384 74
3 6778 3996 5438
3 5643 6297 3884
3 5314 3964 6720
3 6501 6502 177
3 7360 5426 5428
3 6148 4139 6182
3 6378 5172 6379
3 7253 5755 6351
3 6613 7019 5947
3 6218 3931 5150
3 5541 4601 6330
3 165 6713 5914
3 5940 4557 6353
3 6744 4157 5284
3 7151 4159 7544
3 7483 5281 5761
3 5538 6616 37
3 7279 4113 5473
3 6235 4046 4915
3 7302 4012 6143
3 5950 4035 5124
3 5788 4553 5367
3 5236 5463 7539
3 6903 3971 4996
3 7365 5111 4284
3 6320 5343 4015
3 5702 7552 5345
3 5285 4342 7058
3 6207 3890 3891
3 6238 3940 5155
3 6568 4085 5430
3 7283 5341 3952
3 5532 3956 7087
3 6625 4042 5575
3 5312 3957 5486
3 4837 7567 5465
3 5700 4562 5791
3 5519 3948 6830
3 5477 4285 5052
3 5663 3932 5548
3 6617 4083 5511
3 7099 3927 7482
3 6278 6751 4517
3 5784 5075 3919
3 7180 3962 6888
3 5185 4233 7184
3 7043 6 5140
3 5959 3864 3865
3 6496 4073 6631
3 7162 3981 7444
3 7134 4038 5063
3 5640 17 16
3 6673 4022 5129
3 7484 4317 4942
3 5437 5502 4527
3 6509 3955 5383
3 6013 95 5235
3 6028 4044 5495
3 5850 4009 7166
3 6419 3993 5440
3 6586 3970 6280
3 7571 3969 6102
3 7496 3971 6161
3 5573 6776 5893
3 5184 3972 5667
3 7081 5014 6655
3 6205 4592 7178
3 6031 5126 5339
3 6455 3974 5257
3 7149 3968 5572
3 6128 4538 6555
3 6247 3953 5066
3 6623 3976 5915
3 188 5563 6683
3 6646 5270 6993
3 6207 7296 5080
3 5006 3978 6667
3 5981 4743 7258
3 5284 4534 6133
3 6508 4166 7333
3 7393 7392 6243
3 6160 4820 5309
3 6856 5002 6085
3 5208 6817 6029
3 6223 4751 5649
3 6153 4016 5022
3 5645 4018 6136
3 6731 4611 6246
3 6957 4286 6849
3 5373 6206 3904
3 6863 5859 3985
3 6934 4428 5893
3 6011 4126 7231
3 7437 5588 4644
3 6078 4178 4962
3 5423 6166 71
3 6643 3988 5579
3 6406 5296 6405
3 6879 3989 6702
3 6249 5640 16
3 5205 4126 5983
3 5237 3947 4937
3 5154 3991 6294
3 4749 6924 5546
3 4729 6303 7270
3 7304 3995 5151
3 7208 3993 6680
3 5932 4015 5343
3 7446 4219 7410
3 5421 4093 6681
3 5226 3995 6420
3 7175 4363 5559
3 5123 3996 6577
3 5091 5677 6277
3 6798 4070 5497
3 5762 5437 4489
3 5622 4026 7471
3 7445 4016 6554
3 6039 4163 4912
3 6331 5612 3938
3 7138 5173 5380
3 6743 4372 5822
3 6004 6938 5118
3 6116 60 59
3 7486 7229 4002
3 6122 3937 5539
3 5313 5280 7100
3 6255 174 175
3 5291 4508 6411
3 6764 5608 4889
3 4631 4946 5926
3 5499 3979 6565
3 5961 168 169
3 6344 3945 6140
3 7324 6100 4135
3 4564 6121 6122
3 5347 4008 4822
3 5148 5831 7212
3 6979 4009 7550
3 5938 4403 5939
3 5496 4010 7517
3 6637 3986 5746
3 5904 4011 6534
3 6954 4037 5599
3 5471 4012 5078
3 5246 5247 4800
3 6972 4268 6789
3 5737 7352 5622
3 6452 4258 7371
3 6047 4331 5639
3 5932 4736 7227
3 6030 5933 4207
3 7032 4260 5316
3 7380 3926 7041
3 5138 4414 4984
3 7051 4522 5410
3 6136 4018 5419
3 5193 4811 5028
3 6545 4623 5518
3 6167 5894 6934
3 5449 4054 6511
3 6569 4112 5642
3 6562 4062 5422
3 5902 6876 5521
3 6673 5718 4022
3 5537 4023 5086
3 5634 5635 4331
3 6292 3932 6609
3 6618 4932 6232
3 7197 5010 3868
3 4936 4626 6788
3 7520 4888 6872
3 5109 5185 4341
3 6997 4013 5356
3 4980 4027 6311
3 4960 4682 5738
3 5898 4963 5897
3 7239 4209 5848
3 6170 4029 7090
3 6413 4068 5174
3 48 5581 5073
3 6175 4845 5301
3 5317 5515 6338
3 7047 5591 100
3 4323 6596 4979
3 6796 4463 6058
3 7171 4263 5212
3 5613 3860 3861
3 7187 5585 4271
3 7406 3921 3922
3 6119 4127 7244
3 7359 4245 5221
3 6380 6999 4911
3 5611 3940 5209
3 5523 5530 4362
3 6340 5254 5105
3 5082 4038 5506
3 4957 20 19
3 6162 4039 6021
3 7194 7195 4793
3 7147 4192 6233
3 7277 4850 5566
3 5002 4041 6086
3 5754 4174 6764
3 7101 7383 6627
3 7214 4107 5849
3 5837 5071 4203
3 3887 5269 7054
3 5481 5482 4400
3 5026 6375 6573
3 6309 4291 5442
3 5434 4170 4871
3 5143 4046 6286
3 6813 4020 5948
3 5889 4047 5262
3 5774 94 93
3 6389 4202 6117
3 7063 4924 11
3 5447 4049 4951
3 6750 4173 6179
3 5219 4050 5772
3 5606 4420 5066
3 6564 4051 5416
3 5438 3996 6862
3 5995 4090 5176
3 7289 5804 5489
3 6901 4053 5263
3 6420 3995 6042
3 6511 4533 5449
3 7068 4257 5243
3 6594 4055 6241
3 6333 7287 5413
3 5755 7254 5405
3 7452 5104 5529
3 5957 4057 5074
3 4978 3913 3914
3 4870 6458 6282
3 4964 4694 6601
3 5962 4796 5657
3 5572 3968 6574
3 7409 4265 5828
3 5632 3949 5698
3 7347 5633 5748
3 5554 3933 5452
3 4839 4062 5925
3 6745 4000 5146
3 5966 4286 7479
3 7543 4597 5513
3 5217 4064 6222
3 6007 4470 5527
3 6697 5274 4170
3 6007 4044 6028
3 5547 7036 5934
3 5596 4148 4877
3 5830 4943 4349
3 5350 6874 103
3 6431 4068 5963
3 5917 4081 5857
3 5268 4402 5818
3 5729 6672 6332
3 7263 4517 5714
3 5864 5169 3961
3 7066 5293 6397
3 4357 6505 5793
3 6611 4161 6273
3 5553 4016 4848
3 7077 6631 4073
3 5691 172 173
3 7488 4074 5139
3 5307 4256 6826
3 5821 4075 5650
3 5648 4824 6807
3 6201 4128 5290
3 5718 4335 5259
3 7344 4299 5702
3 7059 4119 4909
3 5184 5531 6783
3 6468 6889 5468
3 4805 7467 6149
3 5732 6677 5197
3 6318 4080 5844
3 5925 4471 4839
3 6217 6427 5917
3 7124 4102 5641
3 7211 4646 5893
3 6516 4102 6079
3 6101 4264 5271
3 6203 4253 5612
3 6108 4084 5793
3 5537 5086 5792
3 7386 5900 4085
3 7478 5019 5841
3 7556 4472 5096
3 6678 3906 3907
3 6953 5661 6640
3 5283 7515 3862
3 6711 4625 5489
3 6748 4091 5461
3 6409 4168 5446
3 4964 4167 5809
3 5549 5550 4410
3 7337 4128 6015
3 7512 4699 5472
3 5136 4088 5813
3 7341 4092 5804
3 6801 3972 5701
3 7566 4093 6648
3 7007 4137 6366
3 5324 4094 5952
3 5942 4220 4954
3 5334 4383 5843
3 6394 4275 7086
3 5242 4096 6363
3 6637 5746 6229
3 5097 5712 4665
3 5316 4260 5867
3 6929 4098 5930
3 7104 4169 7116
3 5168 4099 5909
3 7069 5052 6885
3 5435 4100 6045
3 6551 4022 5259
3 69 68 5056
3 6216 5641 4102
3 6216 4102 5874
3 5030 4415 5857
3 4949 6053 6868
3 7110 4516 5277
3 7011 5680 4104
3 6556 3881 5616
3 4607 6261 5733
3 6295 4893 5525
3 3899 6024 6288
3 6289 3900 3901
3 5428 4107 7214
3 6267 5561 5043
3 5149 4108 6040
3 4108 5883 6949
3 6260 4109 5706
3 5853 5877 4526
3 7234 4110 7232
3 5845 4292 5886
3 5037 6535 5858
3 6330 65 64
3 5408 4112 6569
3 6698 4931 6050
3 5432 4113 6967
3 7002 3998 5681
3 5459 4114 6494
3 5282 7030 179
3 5991 4115 5500
3 7070 6831 4580
3 4738 7285 5061
3 4976 4640 6682
3 79 6691 7143
3 6009 6864 4831
3 5766 4373 7038
3 5373 5458 4593
3 6828 4339 5569
3 5763 3871 6529
3 5860 4687 5101
3 7206 4657 6484
3 6261 4121 5871
3 6473 3977 6532
3 5875 4578 5233
3 5655 4762 6526
3 6098 7402 5188
3 6421 4276 5153
3 5802 4124 6839
3 5623 4186 6729
3 7557 4125 5028
3 7210 5581 47
3 5983 4475 7431
3 5746 3986 6484
3 5670 6536 4936
3 5764 5110 4035
3 5460 4295 4992
3 7182 3936 5945
3 7259 5647 4129
3 7511 4442 6092
3 5333 5332 4130
3 6812 4287 5609
3 7221 4835 7447
3 6663 6824 4720
3 5492 4296 6230
3 5176 4427 5995
3 5318 6089 5978
3 5897 4028 5252
3 5557 5600 6231
3 5740 7026 6227
3 82 6074 6073
3 6864 4778 5507
3 7027 4136 5778
3 6687 4234 6392
3 6734 4137 7007
3 6368 4207 5128
3 6790 4061 5425
3 7051 4250 5614
3 5958 4426 6148
3 7415 6076 7274
3 5439 6279 6068
3 7072 4042 6077
3 5452 4551 6348
3 5679 4074 5565
3 5134 6254 7218
3 7303 6042 7304
3 58 5998 6996
3 5713 160 161
3 5794 6178 4707
3 5699 6322 7065
3 7155 4145 5498
3 5563 189 6834
3 7115 4802 6145
3 6144 4224 7250
3 6063 4394 5890
3 5137 5344 167
3 4877 4148 5868
3 6222 4064 7169
3 6830 5872 6008
3 4867 4559 5602
3 6197 4150 6082
3 7468 4559 6504
3 6636 5863 6946
3 7412 4327 5507
3 5823 4152 6427
3 5963 4068 6475
3 5653 4153 6689
3 5590 4330 5627
3 6919 4670 6264
3 5480 4827 4110
3 6619 4155 5319
3 5839 3956 7376
3 6000 4156 5985
3 6769 4115 5991
3 6552 4654 6219
3 5808 4407 6174
3 7134 5063 4799
3 4493 6379 4884
3 4958 4159 7334
3 5348 6276 7012
3 4906 4160 6183
3 4904 4075 5528
3 5017 6581 7003
3 6274 4230 7028
3 5501 6603 6211
3 7276 4364 5566
3 6039 4999 4163
3 6715 4652 6403
3 6418 4164 5393
3 7207 5854 4469
3 7132 4165 6263
3 5642 4112 6887
3 6191 6593 4938
3 6508 5237 4937
3 7580 4585 6601
3 7441 4069 6469
3 5446 4168 6193
3 6036 4558 5579
3 6251 4755 6615
3 6441 3954 5225
3 5855 4560 5127
3 6653 4047 5967
3 6385 4171 6336
3 5514 4848 5166
3 5584 4172 6499
3 6151 4486 6083
3 6923 6924 4749
3 7529 4264 6101
3 6764 4174 6010
3 5953 4518 5954
3 6171 4175 6857
3 6134 6219 4654
3 6117 4752 6881
3 6791 6971 4699
3 6149 4177 6703
3 6481 13 6464
3 5415 4178 4961
3 4991 4180 5974
3 5204 4179 6536
3 6789 4268 5357
3 5974 4180 4990
3 5862 4816 5863
3 7367 4393 5832
3 7524 4361 5510
3 7024 4221 5081
3 5348 4126 6011
3 7463 4183 6749
3 5167 6711 5970
3 4912 5467 6152
3 6522 4063 6690
3 5028 4185 5193
3 5494 6062 41
3 6840 4440 5623
3 7480 5421 4640
3 4590 6668 5006
3 6940 4418 6755
3 6304 4188 6539
3 6483 4106 6296
3 53 6461 5694
3 5147 4175 6134
3 5125 4190 5364
3 6956 3894 3895
3 7148 6325 4485
3 7095 4394 5891
3 6029 4934 5795
3 6161 3971 7476
3 6227 4586 5740
3 5249 7356 5018
3 6297 4729 6724
3 4967 5094 4194
3 6463 6537 4663
3 4967 4194 6724
3 6085 4196 6856
3 7015 4682 7016
3 5651 4197 7114
3 7016 4960 4382
3 5175 5638 5055
3 6352 4204 5000
3 5520 4199 6485
3 6365 4828 7151
3 7390 5033 7098
3 7482 5327 5878
3 5329 4201 6034
3 6037 4379 5801
3 5409 6389 6117
3 7502 4531 4982
3 6032 4195 6537
3 5152 6796 4838
3 6952 4204 6754
3 6352 4380 5248
3 6437 5211 6449
3 7258 6189 35
3 6166 4583 6347
3 5631 3987 5709
3 5043 5542 6142
3 4857 7005 5547
3 5389 4208 6641
3 4983 6691 78
3 5916 4308 4950
3 4374 5180 5181
3 5792 4210 5087
3 4488 6370 5087
3 50 6741 6067
3 6925 5250 6114
3 6847 4660 6199
3 4905 3960 5399
3 5186 4213 6113
3 5536 3983 6503
3 5946 4509 6319
3 5541 64 63
3 4508 5769 7252
3 5210 4759 5098
3 6915 6917 4849
3 5142 4473 6287
3 5578 4315 5579
3 5190 4046 5298
3 7126 5558 6306
3 7136 4118 7037
3 5637 4308 5025
3 6120 7274 4783
3 6302 4220 4955
3 5360 6248 4954
3 6426 4478 5131
3 5422 4062 4839
3 4697 5161 5487
3 6283 4285 5377
3 6810 4982 4223
3 7512 3965 5730
3 4494 5742 5083
3 6991 3956 5532
3 5534 4225 6974
3 6438 4218 6316
3 7078 5543 4288
3 5785 4181 7174
3 5638 4227 5112
3 6432 4506 7272
3 6558 4228 5187
3 6932 4150 5054
3 7271 4521 6989
3 6456 4216 5143
3 6200 4844 7028
3 7003 4161 6611
3 6098 5188 4231
3 5322 97 96
3 7179 4232 7193
3 7089 4112 6107
3 6323 4233 7357
3 5737 4222 5160
3 7423 4589 6582
3 7403 4613 6619
3 6153 4356 5279
3 7420 4146 7460
3 5146 7031 6746
3 7449 4647 5882
3 5568 7052 6794
3 5611 6902 7464
3 5688 4386 5119
3 6502 176 177
3 5929 4722 6380
3 6860 4245 5219
3 5787 4240 5150
3 4787 7304 5151
3 6443 5225 4241
3 5478 4049 5526
3 5209 4642 5611
3 6818 4241 5226
3 6208 4243 5091
3 6380 4036 5929
3 5438 4244 6779
3 5606 4410 5551
3 6399 4245 5220
3 6861 4974 4244
3 5048 6855 5047
3 5258 7504 87
3 4047 5464 5256
3 5901 6980 6455
3 6003 4248 5171
3 6689 4153 5635
3 6095 4249 5023
3 7275 5217 4249
3 6735 4250 4913
3 6336 4940 5191
3 4570 5880 5059
3 6800 182 183
3 6975 4252 5412
3 5412 4070 6973
3 6911 4253 6203
3 7088 6836 4653
3 5994 4254 5289
3 6015 4602 6548
3 5311 4255 5304
3 6448 4618 5305
3 6850 4256 5126
3 6827 4074 7305
3 6515 4257 7068
3 5244 6525 5243
3 6567 4258 5082
3 4873 23 7044
3 7554 4259 6315
3 6784 25 5294
3 7191 4788 5867
3 7583 4072 5552
3 109 6978 110
3 6070 4271 5075
3 6721 4262 5314
3 5603 4471 5999
3 5992 4764 4899
3 7173 3859 3860
3 6101 4917 7529
3 5447 4951 6750
3 5828 4265 5297
3 6180 4458 7132
3 5593 4325 5300
3 5407 3934 5953
3 7353 5203 4267
3 6138 4109 5853
3 6788 6789 5357
3 5973 4395 5041
3 7183 5899 4384
3 7451 4680 5802
3 5726 5010 4270
3 7379 4290 6373
3 5585 4313 5074
3 5783 6317 6572
3 4566 5381 6968
3 6838 4819 6160
3 7061 4273 5181
3 6398 4209 5625
3 6135 4312 5876
3 7383 4129 6627
3 7249 4735 5532
3 7087 5832 4686
3 4067 6693 5351
3 5350 102 5153
3 7170 5395 4277
3 4973 6706 6852
3 6240 4278 5238
3 5411 4082 6776
3 5049 5048 4279
3 5965 5318 4421
3 5496 4280 7424
3 6683 187 188
3 6758 4633 5414
3 6194 4656 5825
3 5932 4282 5061
3 5342 4469 5341
3 5328 4283 7226
3 7048 5935 7298
3 4399 5402 5403
3 5440 4291 5441
3 6487 5041 4395
3 5378 6283 4026
3 7479 4286 6957
3 6849 6440 4627
3 6616 4718 5609
3 6526 4762 6525
3 6534 4288 4919
3 6270 4660 5561
3 7121 4289 5427
3 5426 4288 5229
3 6782 4290 7578
3 5370 4423 5369
3 7363 4291 5440
3 5441 4939 6419
3 7233 4292 5845
3 7236 3974 5577
3 3891 6049 6207
3 6723 4692 6869
3 6738 4294 4861
3 7509 4651 5456
3 6453 4295 5796
3 6424 4602 6015
3 6230 4296 7358
3 7310 4336 5652
3 5768 4297 7536
3 4966 6190 6563
3 180 6739 7135
3 3986 7315 6484
3 6564 4459 6215
3 6963 4244 4974
3 7021 4300 4906
3 6821 4758 5769
3 6266 4301 5881
3 6834 189 190
3 5355 4302 5084
3 6790 4425 6587
3 5278 4303 5481
3 7169 4064 5482
3 7289 4304 6633
3 6023 5032 6828
3 5660 6629 5771
3 5194 6381 7
3 5449 4306 5005
3 5964 7068 5453
3 7329 4307 4848
3 6717 4609 5553
3 5848 4308 5637
3 5637 4219 5121
3 6212 4309 5431
3 6977 4261 6308
3 5798 4895 4310
3 5509 5351 7185
3 6575 4311 5572
3 5476 6607 7435
3 5903 4312 7419
3 7040 4138 5727
3 5169 4715 5586
3 5074 4271 5585
3 7448 4314 5581
3 4864 6926 6927
3 4993 5578 5579
3 6246 4994 6731
3 5331 4629 6638
3 5472 4223 6588
3 4883 4317 5570
3 5888 4038 5082
3 5597 4318 5596
3 6196 4550 5383
3 7127 4907 7505
3 5494 40 4969
3 6697 4320 6290
3 6226 4581 5398
3 4915 4959 4165
3 7342 6410 4541
3 7237 4533 5610
3 4322 6292 6107
3 6865 4898 4979
3 5455 3893 4928
3 5963 4324 5931
3 7109 4416 5874
3 7440 4325 5614
3 5593 3982 6362
3 6740 5024 7222
3 5392 4268 6972
3 6835 4965 5684
3 5684 4962 5415
3 5337 4749 7117
3 5546 4952 5545
3 7306 4858 5479
3 5039 6816 7171
3 5627 4330 5168
3 5628 4696 6129
3 6543 4331 6047
3 4880 4023 5639
3 4866 4332 5519
3 5646 4867 5645
3 5364 4333 5125
3 4855 4032 5469
3 5040 4334 5574
3 5512 4790 7101
3 5372 4335 4927
3 7358 4296 7309
3 6045 4336 7310
3 4879 4153 5653
3 4815 7265 5560
3 6872 4362 5743
3 4825 4338 5648
3 7071 4368 5821
3 5569 4339 4909
3 5010 3867 3868
3 5692 4340 6604
3 5664 6234 5715
3 4931 5109 7569
3 7352 5160 4026
3 7058 4342 5362
3 7025 3874 3875
3 4935 4343 5399
3 7088 4653 4900
3 6343 5326 5659
3 4858 4329 5479
3 7102 5704 4345
3 7507 4891 6899
3 3898 5072 3897
3 6725 3991 6106
3 5968 4347 7416
3 5678 6797 5286
3 7477 5092 5418
3 5406 4418 5405
3 7427 4791 5752
3 5798 4310 5264
3 6017 4350 7123
3 5232 4555 5796
3 7092 4351 5182
3 5728 4352 5156
3 7558 4352 5697
3 6014 7542 4775
3 5196 5731 5732
3 6072 4317 5669
3 5717 4406 5235
3 6845 92 91
3 7575 6497 4524
3 7196 4267 7345
3 6727 4356 7251
3 6392 4234 5088
3 6505 4357 5791
3 5087 3958 5791
3 5045 4358 5751
3 3992 6404 5288
3 6783 4359 5184
3 5349 4443 6048
3 5112 4360 5638
3 6726 5381 4021
3 7322 4361 5839
3 7321 6954 4753
3 5743 4362 5134
3 6933 4429 5163
3 6542 4363 5787
3 6254 4362 5530
3 6903 4364 5358
3 6498 4255 5311
3 5021 4365 5847
3 7348 4366 6475
3 7090 4366 7348
3 5486 3957 7084
3 7404 4829 6737
3 4861 4294 5456
3 5820 4368 5470
3 6809 4612 5954
3 100 5591 101
3 4770 6607 5241
3 5709 4370 6636
3 5918 4991 5862
3 4300 5375 5376
3 7408 4217 5190
3 6584 4372 5823
3 7242 5891 4647
3 6435 4676 7038
3 5988 4405 4851
3 6066 5180 5835
3 7159 4002 5944
3 6001 4375 6877
3 7097 84 6073
3 20 4957 5884
3 5888 5082 5887
3 5522 5067 4377
3 7371 4908 6452
3 6092 4852 5851
3 7563 4721 5850
3 4597 5430 5513
3 6301 4476 5144
3 6944 5276 5738
3 6952 4820 6160
3 6159 4381 5521
3 6265 5324 4382
3 7016 4382 5687
3 6829 4381 6159
3 6757 6321 5842
3 5843 4703 5334
3 7183 4636 5899
3 4961 4178 5898
3 5308 5907 5905
3 4963 4178 5051
3 6390 4386 5688
3 7570 174 6255
3 5165 6633 3972
3 6275 4487 6889
3 5861 4563 6469
3 5756 5870 4633
3 7174 6376 5785
3 7050 4226 5254
3 6522 4390 7163
3 5811 5135 5812
3 5879 4391 5328
3 7048 3927 5935
3 5155 5789 5788
3 7464 4242 7292
3 6639 4393 5833
3 7367 4945 5831
3 4868 4394 5892
3 7133 3964 5882
3 5598 4826 5973
3 6480 4634 5972
3 6899 4891 6318
3 7414 5822 4372
3 5905 5051 5361
3 6139 4019 4991
3 5008 7508 4922
3 6749 4183 5167
3 5402 4399 5433
3 5127 4560 6665
3 5481 4400 5170
3 6040 4456 5149
3 5780 4401 7573
3 6487 3959 5654
3 6600 4989 5817
3 7492 4938 6595
3 5939 4403 4912
3 5399 3960 4935
3 7361 5980 5981
3 5102 4205 5865
3 5099 5987 5986
3 6115 4740 7045
3 94 5235 95
3 6653 5464 4047
3 6557 5619 5808
3 5810 4674 6445
3 6124 4698 5934
3 6367 4549 5128
3 5511 4935 4409
3 3960 5229 5543
3 6963 4974 5517
3 6844 4468 5997
3 7540 4411 5991
3 6906 4003 6084
3 6396 4412 5355
3 6130 5236 4414
3 7245 4413 6027
3 7114 4197 7085
3 6761 4414 7539
3 7453 5218 5236
3 6535 4614 5857
3 5030 6500 7109
3 5753 4948 7216
3 5873 6169 4769
3 6708 4417 5230
3 6350 3 5992
3 7417 4418 5668
3 4988 5682 6342
3 7014 5116 5491
3 6074 81 6205
3 7362 4454 5066
3 5551 5550 4090
3 5965 4421 5979
3 6976 4643 5676
3 5971 7508 5813
3 5815 4602 5814
3 3866 5198 3865
3 4270 5368 5369
3 5020 4424 5911
3 4627 6440 6488
3 6188 4425 5777
3 5425 4302 5424
3 7177 4426 5079
3 5575 4042 7072
3 6466 6844 5176
3 6017 5621 4350
3 5893 4428 5573
3 7493 4584 6632
3 7202 4722 5929
3 7303 4430 6042
3 6933 5163 6044
3 7292 4242 6819
3 5627 5168 6109
3 5909 4697 5715
3 6549 4432 5564
3 5220 4245 5564
3 7243 4813 5950
3 5950 5124 5951
3 6163 4434 5013
3 6021 4435 5034
3 6841 4725 5554
3 6348 4551 7230
3 5084 7347 5747
3 5748 4547 5749
3 6652 4437 5157
3 5624 60 6116
3 6145 4438 5620
3 5083 4224 6144
3 3921 5206 7366
3 7368 6977 4821
3 5180 4440 6065
3 6066 6649 5352
3 6491 4441 6075
3 6104 4131 4834
3 4835 7511 6092
3 6093 6625 5015
3 5306 4975 4443
3 5970 4398 5167
3 5701 5445 4444
3 7341 5722 4092
3 6102 4445 5200
3 7166 4009 6979
3 7080 4746 6028
3 4044 5342 5495
3 5363 4997 6038
3 6245 3972 6633
3 6605 4448 6621
3 6035 6549 5564
3 6766 4783 7411
3 7571 6102 5200
3 5232 5621 6002
3 3966 5371 5372
3 6175 4451 7144
3 4351 5250 5533
3 6087 4452 5318
3 5928 3973 5899
3 5346 4453 5474
3 6172 6559 5060
3 5819 5345 4454
3 5066 4420 5797
3 7349 5420 6097
3 5636 43 7385
3 6416 5149 4456
3 7255 5714 4400
3 5826 4457 6222
3 6630 4249 5217
3 6291 4458 5296
3 4046 6284 4915
3 6945 4567 6215
3 6215 4051 6564
3 6808 4460 6208
3 6794 4237 6900
3 5895 4461 5846
3 4253 4900 5612
3 6690 4462 4941
3 6016 4476 6870
3 6059 5141 7481
3 6057 5545 6058
3 6590 5292 6570
3 7108 4820 5248
3 4693 4934 5503
3 7156 4464 5937
3 6590 4466 7438
3 7494 5710 4365
3 3901 5841 6289
3 5911 4424 5310
3 7158 4468 5549
3 6948 3966 6017
3 7207 4469 5856
3 5495 4282 5343
3 7314 5393 6209
3 6372 6992 5527
3 5925 4981 4471
3 5999 5314 5603
3 3907 6583 6678
3 7556 4086 5458
3 6284 4473 4915
3 5594 4321 6814
3 6454 4474 5190
3 7498 4849 7112
3 7013 4475 5983
3 5500 4115 6060
3 7443 4807 6301
3 6016 5020 4476
3 6483 4477 6295
3 6137 4105 5386
3 6311 4478 6426
3 6310 7247 5662
3 6262 4479 5442
3 6670 5979 6669
3 3889 7317 6257
3 6258 5141 6256
3 5262 5256 4481
3 5257 3974 6099
3 5431 4482 6212
3 6482 105 5949
3 5114 5967 6414
3 4320 5027 5604
3 7028 5544 6274
3 6273 4714 7019
3 6260 4485 6325
3 5118 4684 6859
3 7256 5920 4817
3 6544 4342 5285
3 6608 4487 5584
3 7400 4817 5920
3 5085 4488 6369
3 6371 5005 5529
3 7037 5329 7136
3 6034 6268 5113
3 7393 4824 7392
3 6243 4862 6242
3 7021 4906 6184
3 6183 6807 5069
3 6193 4492 5446
3 7492 4166 6672
3 5896 4493 4884
3 5171 4248 6378
3 5090 4494 6391
3 5741 4025 6434
3 7225 4495 5634
3 5129 4022 4881
3 6056 4496 5605
3 6249 14 4933
3 5150 4497 6218
3 6374 3995 5226
3 6388 4498 5478
3 6883 4173 4951
3 6388 5478 6387
3 5526 4497 5618
3 6939 6938 6164
3 7248 5908 5068
3 7257 4501 6079
3 6516 7109 5874
3 6383 4502 5194
3 6111 4176 6110
3 6132 4503 5409
3 6389 5475 6656
3 7562 7561 6400
3 5997 4468 7158
3 7128 4348 7477
3 7066 26 5293
3 5465 4506 4837
3 5173 4227 6432
3 6955 4507 5175
3 7090 4029 5238
3 4825 5291 4004
3 4300 5376 5693
3 6597 5267 4134
3 6859 4001 5118
3 6598 4510 5255
3 6845 91 6425
3 5223 4511 5558
3 6439 5099 4511
3 6012 4512 5322
3 5869 4771 5765
3 5416 4513 5702
3 6780 4243 5367
3 5297 4514 6155
3 6405 3962 7180
3 5225 4515 6441
3 5837 4203 7473
3 6404 4516 5288
3 6156 5071 6460
3 6571 4796 6278
3 7263 4108 6949
3 7049 5324 4518
3 7392 3980 6243
3 5952 4519 5528
3 5360 4220 6302
3 6457 4520 6240
3 7488 5565 4074
3 6989 4521 5536
3 6429 5728 5156
3 6362 4707 6385
3 5410 5191 4250
3 6477 4542 6476
3 7148 4485 6326
3 171 6497 170
3 171 172 5397
3 178 7030 6501
3 6674 4579 6341
3 162 5007 6299
3 5852 4523 6476
3 6253 4527 5502
3 7079 5988 4118
3 5106 4528 6514
3 6513 5107 4528
3 5271 4529 6146
3 5448 4709 6983
3 6316 4530 5100
3 3915 3916 5508
3 6879 4752 7313
3 6804 5814 6204
3 5436 4532 6546
3 7012 3990 5521
3 5085 5692 4054
3 7237 4020 7083
3 7527 4534 5284
3 6174 5810 3979
3 7516 4535 6132
3 6436 5230 5771
3 6559 4536 5060
3 5187 4537 6557
3 6458 5187 4058
3 7454 4845 7153
3 3882 5046 5616
3 5615 5045 6555
3 6127 4539 5680
3 3879 3880 5336
3 6992 4540 5527
3 5856 4044 5527
3 7343 4541 7217
3 4257 5245 5760
3 4109 5852 5853
3 6477 4001 6361
3 5264 5317 4252
3 5476 4311 5050
3 6339 5050 6573
3 6574 6226 5398
3 6418 4545 6375
3 6278 4517 5497
3 6520 4546 5471
3 7199 3944 6964
3 5749 4547 5587
3 6279 4548 5040
3 6587 4554 5177
3 6112 5512 6626
3 7434 5658 6366
3 7298 4408 5934
3 6893 4550 6196
3 6509 4724 5812
3 7549 5916 3933
3 7159 4645 5339
3 6192 6594 6593
3 6241 4490 4958
3 5790 4911 6578
3 6064 5123 6577
3 7307 4918 6898
3 6586 6280 6298
3 5460 5796 4295
3 5570 4317 5466
3 6891 4585 6602
3 4863 4315 5580
3 6602 5239 4089
3 6932 6082 4150
3 6354 5186 6644
3 6643 5053 6916
3 7468 6503 4559
3 7559 4811 5193
3 5604 5027 6666
3 4170 5434 6327
3 6626 4561 6625
3 6627 7113 5015
3 6984 6108 4562
3 5791 3958 5700
3 7441 4563 5268
3 5861 5758 7155
3 5630 4564 6122
3 5978 4133 4956
3 5332 4565 6507
3 5419 5159 4287
3 6561 4566 5422
3 6968 4272 7105
3 7394 6051 4573
3 6795 4637 6837
3 7574 5870 4568
3 7492 4628 7186
3 6750 4569 5447
3 5270 4264 6658
3 6168 5242 4570
3 5735 4658 6752
3 6890 6468 6832
3 6585 6214 4459
3 6187 4572 5346
3 6114 5250 4351
3 7394 4573 4949
3 5751 4358 5273
3 6550 4574 5366
3 7418 4318 5597
3 7005 4575 5547
3 7111 6055 4550
3 6720 4576 5314
3 6631 4860 6496
3 5280 4577 6722
3 5829 5690 4386
3 6157 4578 6189
3 5875 4718 5538
3 6341 4579 6084
3 6704 5215 4525
3 5281 4580 6494
3 6777 4616 5707
3 4540 5675 6118
3 6981 7262 5398
3 69 6181 70
3 6312 5018 6313
3 70 5423 71
3 6635 4584 5631
3 6347 5295 6635
3 6632 6080 7257
3 6602 4585 5239
3 5915 3976 4989
3 66 6444 67
3 7026 4781 7535
3 5265 4587 6730
3 6566 6375 5657
3 6798 4588 5534
3 6988 6439 5223
3 6701 4589 5670
3 5204 6964 7029
3 7056 5716 6667
3 6449 5102 6437
3 6746 4591 6745
3 5380 4000 6745
3 5103 6692 6177
3 6692 7178 4592
3 6965 4593 5458
3 6206 7478 3903
3 6928 5132 6657
3 6895 4599 5720
3 11 4924 5977
3 6495 4923 6703
3 7288 5584 4596
3 6499 6127 5680
3 6568 4597 6095
3 5484 4456 4901
3 6716 4598 5539
3 6729 5441 6728
3 6656 5504 6895
3 5504 6851 4599
3 6946 4600 6636
3 6671 6635 5631
3 7372 4601 5541
3 6305 4586 5354
3 4992 6424 6015
3 5814 4422 5815
3 6588 4603 5472
3 7152 4295 5462
3 5304 4604 6772
3 6774 5305 6773
3 5312 4605 6169
3 5411 5304 4082
3 5733 4606 5685
3 6725 4756 5272
3 6137 4784 6337
3 6337 6403 4607
3 5795 4608 5501
3 7476 3971 7399
3 4713 5617 6430
3 5778 4356 5022
3 5867 4610 5316
3 6767 7002 6581
3 7572 4865 5130
3 5580 4315 6733
3 7269 5407 6768
3 6809 4075 5821
3 5742 5741 4613
3 5560 4337 5164
3 6217 4614 6140
3 5857 4415 6535
3 6779 5677 4615
3 6577 4553 6064
3 5282 7135 6777
3 6739 181 5505
3 7004 4617 5679
3 6753 5126 4256
3 6826 4618 6827
3 5305 4255 6448
3 5133 4619 6159
3 6829 4930 4381
3 6902 5263 4242
3 6818 5226 4620
3 6479 4621 5569
3 6894 5490 6023
3 6478 4622 5508
3 6307 5074 5783
3 73 5062 6094
3 6671 4600 5518
3 76 6359 77
3 7532 4816 5389
3 6589 4932 6618
3 5490 4304 5489
3 7266 7267 4127
3 6997 4847 6660
3 5910 6922 6659
3 6849 4286 7293
3 5818 4628 5729
3 7186 3976 4938
3 7523 4629 6056
3 4316 4957 5331
3 6833 4630 5881
3 5644 4710 5563
3 4798 5694 6186
3 53 52 6461
3 6862 4632 5438
3 6860 5219 4632
3 5414 4633 6811
3 5870 4069 5729
3 5377 6892 6252
3 5972 4395 6480
3 6382 6897 6896
3 6881 4752 6880
3 5158 4636 6756
3 7183 4384 5805
3 6237 4567 6795
3 7052 4683 7541
3 6533 4638 6224
3 6528 6171 6857
3 5352 4639 6165
3 7446 5121 4219
3 6681 4640 5421
3 6069 5058 4391
3 5997 6843 6844
3 6173 5260 4335
3 6900 4642 5209
3 5263 7354 6819
3 6661 4643 4956
3 6839 4124 6065
3 5989 7469 6907
3 7437 4579 5459
3 5836 4645 6398
3 5944 4794 5275
3 7211 5444 4646
3 4180 4991 5918
3 7133 4647 6063
3 5891 4394 6063
3 6576 4648 6322
3 7485 5098 6492
3 6668 5211 6942
3 6019 5405 4418
3 4857 6030 6269
3 6142 4903 7550
3 7261 4651 6047
3 6543 5634 4331
3 4900 4653 6715
3 6022 4709 5885
3 4999 6329 4163
3 5993 4652 6715
3 195 6224 5921
3 6219 4870 5773
3 6474 4655 5601
3 6744 5284 6266
3 7017 4656 5520
3 6707 4973 5436
3 7017 5520 6486
3 6229 7231 6467
3 7315 4658 6484
3 7315 3986 5955
3 7261 6047 6930
3 7107 4023 5537
3 5426 5229 5956
3 6847 4905 4212
3 5385 6010 4174
3 7330 4701 5302
3 5608 4662 5794
3 6527 4097 5699
3 6990 4663 6537
3 6982 6256 4043
3 6650 4664 5567
3 6308 4763 5665
3 5820 5470 6553
3 7485 4215 5098
3 5659 4666 6913
3 7379 5370 4290
3 5283 4667 5479
3 3863 3864 6026
3 6909 4668 6908
3 6293 4109 6138
3 6081 4669 6079
3 5859 4415 5030
3 5049 6225 6610
3 6345 4886 6264
3 159 5725 158
3 4143 6875 6176
3 6974 4672 5534
3 6730 4587 5412
3 6742 4673 7031
3 7093 4080 7242
3 5810 5809 4674
3 7219 4167 5817
3 5681 4675 7002
3 7490 5622 5786
3 7037 4676 5329
3 7038 5767 6435
3 6873 5672 4677
3 4155 5164 5325
3 5582 4678 6958
3 6114 4351 7092
3 5302 5632 4307
3 5698 4759 7280
3 7060 4680 7451
3 7061 5181 7062
3 5676 4681 6716
3 6065 4440 6840
3 7131 5454 7015
3 5738 4380 4960
3 5273 6651 7053
3 7541 3992 5288
3 7577 4509 5946
3 4001 6476 5118
3 5858 4685 5557
3 6710 4781 5600
3 6639 4686 5832
3 7086 7249 5532
3 5101 4687 6799
3 5860 4616 5505
3 6046 4940 4688
3 7445 4848 4016
3 5521 4689 7012
3 6876 5984 7013
3 5033 4690 7098
3 6366 4549 7565
3 5843 6321 7008
3 5247 4275 6394
3 7057 4692 7481
3 6869 5337 4328
3 5747 4693 5503
3 7501 5749 4039
3 6353 6360 3946
3 4585 6600 6601
3 7431 4695 5205
3 7540 5990 4411
3 5781 4696 7069
3 4099 5168 6129
3 5715 4697 5663
3 7499 4222 5185
3 7164 4698 6550
3 6124 4066 5595
3 7531 4699 5730
3 7467 4885 6149
3 5906 4700 6931
3 5126 4002 5339
3 6422 5699 4701
3 7065 6492 6960
3 7121 5739 7118
3 5833 4393 5148
3 7456 5334 7120
3 7118 4702 5904
3 6905 4704 6874
3 7141 105 104
3 6296 4705 6634
3 6659 4424 5910
3 3900 6024 3899
3 7140 5310 7139
3 3982 5794 6362
3 4144 7329 5514
3 6580 4708 5930
3 6146 4529 5192
3 5885 4709 6472
3 6983 5192 5448
3 5562 4710 5644
3 6683 5374 186
3 5498 4711 7155
3 6565 4563 5861
3 7547 4712 5727
3 6736 5216 6735
3 6624 5017 6612
3 7018 3944 7199
3 6611 6273 7019
3 6273 4484 6272
3 7238 4715 5957
3 6306 4511 6438
3 5721 4716 7161
3 5937 3981 7162
3 6740 4717 5492
3 7222 5598 7223
3 36 5538 37
3 7327 5179 6812
3 5531 6786 6890
3 5666 4077 6275
3 6663 4720 7214
3 5427 4289 5428
3 5850 4721 6267
3 4107 5956 6270
3 7202 5287 7224
3 7224 5951 6999
3 7163 4724 5320
3 7428 4968 6152
3 6518 4724 6055
3 5812 3955 6509
3 6021 5587 6841
3 6068 4140 7205
3 5723 4726 6699
3 6263 4165 5070
3 5070 4727 6263
3 5948 5610 7338
3 5408 6107 4112
3 7184 5162 5185
3 6724 4729 4967
3 3884 3885 5643
3 7232 5630 4730
3 7235 5433 7233
3 7232 5845 7234
3 5886 4871 3974
3 6043 4732 7291
3 7290 5790 6271
3 5588 5459 4733
3 7070 4580 5955
3 6467 4734 6229
3 6060 4733 5266
3 5246 5620 4275
3 7376 4806 5839
3 7228 4736 5061
3 7226 6550 5366
3 7264 4737 5879
3 3993 6679 6680
3 5403 7284 7283
3 7284 5401 4738
3 5435 4739 7309
3 6045 5041 4336
3 5555 5093 4740
3 5883 5149 4373
3 7106 4741 6463
3 5686 3992 5094
3 6148 7073 7074
3 6147 4334 5575
3 33 5981 7258
3 5865 4205 6157
3 6105 4744 7218
3 7300 5787 7299
3 6485 4745 5746
3 6546 4532 6011
3 5868 5178 7080
3 6848 5278 4746
3 6353 4747 5940
3 6082 7144 6197
3 7260 4748 5642
3 7132 4458 6236
3 5337 4855 7116
3 6924 4856 6179
3 7333 4750 6508
3 7335 4958 7334
3 7405 4751 5650
3 6223 4665 5470
3 6882 4910 6881
3 7313 4599 6402
3 5559 6376 7175
3 5840 4361 5672
3 4712 4913 5727
3 7419 4801 5903
3 4709 6471 6472
3 6473 4856 6614
3 4606 5871 6106
3 4755 6614 6615
3 7181 4757 5199
3 6888 4726 5723
3 5769 4758 6966
3 6155 4514 5432
3 7281 4759 5698
3 4113 5199 5473
3 6699 4760 6698
3 6887 4112 7089
3 5875 5233 4122
3 6667 4590 5006
3 6507 5042 6526
3 7056 3978 5243
3 5206 5390 4261
3 3923 3924 5919
3 3858 5212 6622
3 6314 5213 4417
3 5835 5625 6281
3 4209 4950 5848
3 6519 4766 6025
3 5947 4714 7018
3 5218 7245 7268
3 6027 3934 5407
3 6760 4768 6759
3 5725 159 7203
3 5874 4769 6216
3 6169 5573 4769
3 5674 7369 7370
3 7435 4311 5476
3 5674 4771 5869
3 7047 100 99
3 5572 4772 7149
3 7401 5571 7402
3 7365 4773 5111
3 7364 5442 7363
3 4621 6479 6620
3 6198 4447 6245
3 7472 4775 5656
3 6014 5038 4030
3 6547 4776 5828
3 6454 4993 7351
3 7272 5465 6358
3 6986 5823 4777
3 5103 5576 4117
3 7412 5507 4778
3 6131 4779 7178
3 6074 82 81
3 5757 4780 5758
3 4280 6451 5562
3 5600 4781 5740
3 5249 5018 4193
3 5569 4909 4119
3 6529 3872 5285
3 7411 4783 6006
3 7274 4804 7415
3 6337 4784 6331
3 6137 5733 4105
3 6560 4785 5589
3 7336 6118 4581
3 6228 4786 7468
3 6989 5365 7271
3 7300 6105 6806
3 6105 4142 7303
3 7191 5199 4788
3 6050 4931 3998
3 4895 5509 4310
3 7429 5241 4031
3 7579 4790 5512
3 5745 4822 4129
3 6213 4791 6212
3 5779 4943 4034
3 7493 4792 5240
3 7257 6079 7124
3 7194 4793 6161
3 5678 4347 5968
3 6348 7230 6797
3 7382 4209 6398
3 6493 4795 5955
3 4120 6752 7009
3 5657 4796 6571
3 7142 4400 5714
3 7407 4797 6357
3 6233 4192 5013
3 54 7503 55
3 6910 4853 5671
3 4883 5669 4317
3 4799 6815 5506
3 5246 4800 7460
3 4008 5347 5876
3 7460 5903 7420
3 7042 4754 5803
3 5078 7302 6591
3 6143 4438 6145
3 7549 4803 5916
3 6182 5025 4308
3 7311 4804 6120
3 7415 4441 6076
3 4923 6702 6703
3 5488 7502 4982
3 5319 4806 5429
3 7525 5672 7322
3 5430 6202 7297
3 4085 5900 4894
3 5986 4808 6866
3 7075 6253 6195
3 6103 4809 7434
3 6675 6104 4834
3 7448 4810 5656
3 6867 45 5420
3 6393 4811 7559
3 4352 6014 5697
3 6604 5548 4812
3 6510 4533 6511
3 5335 4814 6119
3 5764 4268 5110
3 4888 5824 3950
3 7267 4815 7340
3 7340 4936 7267
3 7266 4814 7265
3 5863 4816 7532
3 7246 4965 5913
3 6083 4817 6151
3 3876 3877 5920
3 5923 4818 7560
3 3928 6740 5492
3 5696 5261 6838
3 6950 7513 6951
3 5937 5309 7108
3 4819 6951 6952
3 6987 4821 6650
3 6685 4439 5206
3 5347 4822 5745
3 5842 4383 7259
3 5647 4823 7113
3 7456 6091 7457
3 7393 5069 6807
3 5648 4338 5145
3 4906 5583 4160
3 4004 5649 4825
3 5535 4826 7396
3 6785 6660 4634
3 7534 6781 4827
3 5979 4110 4827
3 7151 4828 6459
3 6446 4973 6852
3 6737 4829 5744
3 7462 4908 5338
3 7323 4830 6087
3 6100 5491 4135
3 6088 4831 7377
3 7160 6696 4832
3 7160 4832 6009
3 7316 4779 6131
3 5860 5101 4120
3 6363 4096 5735
3 6675 4834 7166
3 4131 5851 4834
3 6077 4835 7221
3 6077 6093 4835
3 4786 6228 7465
3 6008 4866 6830
3 6431 4837 4506
3 5931 4875 6427
3 6918 5152 7473
3 6058 3954 6441
3 5985 4839 6000
3 7328 5422 4839
3 6907 4840 6906
3 5313 4262 5280
3 7328 5985 7536
3 5989 4411 5990
3 5980 4842 7253
3 7188 30 5404
3 5703 5292 4843
3 7438 6210 7439
3 5544 4844 7029
3 5303 6997 5356
3 7153 4845 6082
3 3946 5626 6705
3 6913 4846 6928
3 6232 4024 5490
3 7028 4847 6200
3 6785 4634 6480
3 7329 4848 5514
3 4307 5553 4848
3 5053 6915 6916
3 7112 4216 7498
3 6357 4850 5710
3 5566 4029 7277
3 5987 4851 4405
3 7045 4373 5766
3 5851 4852 6663
3 6091 3942 6824
3 5671 4853 199
3 6528 4453 6171
3 7471 7035 4854
3 7034 6273 4161
3 7104 4855 5469
3 7116 4749 5337
3 6614 4856 6923
3 6532 4569 6179
3 7005 4857 6269
3 7442 4207 6142
3 5660 4858 4344
3 6858 5039 4329
3 6799 5253 7325
3 7046 186 5374
3 7077 5382 6631
3 5759 4355 6709
3 5744 4861 4367
3 6738 5067 4294
3 6242 4862 7544
3 5360 4954 4220
3 6408 4863 6409
3 6644 4558 6036
3 6741 4864 6067
3 4678 6925 6926
3 6732 5130 6524
3 6185 4055 6192
3 6830 4866 5519
3 4149 5646 4866
3 6504 4867 5646
3 5602 4185 5029
3 5890 4868 4147
3 4006 5203 4868
3 7133 4869 3964
3 4147 5382 4869
3 5060 5391 4175
3 6282 5808 4534
3 5434 4871 4292
3 5274 4481 6099
3 6355 4872 5705
3 165 166 6713
3 6335 4873 6452
3 7533 23 4873
3 5321 6584 3945
3 6427 4875 5917
3 7567 5931 4152
3 4324 5607 4875
3 6943 4876 7169
3 4148 4878 5826
3 5597 4877 4015
3 5597 5596 4877
3 7001 4878 5596
3 6221 4457 5826
3 5654 4879 4336
3 5628 4330 5590
3 7215 4880 5639
3 4153 5590 4880
3 6676 5129 4495
3 5652 4336 5653
3 5290 4882 7381
3 4602 5815 6548
3 6377 4883 4076
3 5669 4799 6072
3 6904 4884 5457
3 4158 4883 5896
3 5605 4885 6791
3 4805 6810 7467
3 5255 4886 4154
3 6425 91 90
3 6770 4887 6980
3 5577 4731 7236
3 5824 4888 4337
3 3950 5523 6947
3 7241 4889 5608
3 7268 4767 5754
3 7042 4890 7040
3 6898 4554 6188
3 5908 5016 6899
3 5892 4394 7095
3 6361 5157 4892
3 6176 5035 4143
3 5525 4893 4190
3 6294 3991 6822
3 5770 6628 4462
3 6870 4807 4894
3 7427 5752 4349
3 5509 4789 7430
3 6475 4896 5963
3 7216 3957 5873
3 7172 4897 5613
3 7171 5212 6523
3 3892 6049 3891
3 7491 4032 6061
3 6763 4899 4764
3 7146 5776 6350
3 5612 4900 3938
3 5467 4912 4163
3 6041 4901 4456
3 7275 6095 4597
3 6303 5643 4902
3 3885 3886 4902
3 7551 4903 6368
3 5542 4212 5938
3 5924 4904 4519
3 4338 5650 4904
3 5938 4905 4403
3 6847 5561 4660
3 6184 4906 4491
3 5583 4825 4160
3 7505 4907 6062
3 7127 5636 4907
3 7555 6315 7462
3 6335 5294 4873
3 3871 5763 3870
3 4782 7059 4909
3 6897 4910 6882
3 5409 4503 6389
3 6064 4911 6999
3 6578 4392 5790
3 5939 4912 3999
3 4163 7088 5467
3 7380 4913 5191
3 7547 4138 5777
3 5131 4914 4182
3 7024 5081 4914
3 6235 4915 4458
3 6814 4321 6531
3 6150 4916 4507
3 4366 4896 6475
3 7530 4917 6101
3 4497 5526 5228
3 4274 4918 4890
3 7384 4790 5912
3 7118 5904 4289
3 6534 5105 7078
3 7165 4920 5306
3 6071 5551 4090
3 5629 6948 4427
3 7123 5460 4128
3 5945 4922 5722
3 3936 5815 5008
3 6702 4923 6879
3 6495 4595 6110
3 10 7063 11
3 7519 6882 4924
3 5676 4925 4681
3 4269 5252 7451
3 6271 4926 7464
3 6271 5789 4926
3 6003 4927 4248
3 4450 5372 4927
3 5455 4928 4323
3 5736 6956 4985
3 7372 5541 6579
3 62 61 6125
3 6334 4930 6265
3 6123 4980 4381
3 7192 6050 3998
3 7357 4233 4931
3 6373 6782 4846
3 7578 5368 4024
3 6249 4933 6250
3 14 13 6481
3 5503 4934 4465
3 4693 6823 4934
3 5543 6684 3960
3 6617 5106 4083
3 7340 5670 4936
3 6787 4626 4936
3 5413 4937 3947
3 6332 4166 6508
3 6191 4938 3976
3 6595 4166 7492
3 6165 5421 4939
3 7480 6679 3993
3 6686 4940 6336
3 6046 4235 5077
3 6690 4941 6522
3 7386 4085 5023
3 5730 4942 7103
3 7484 5466 4317
3 5443 5779 4034
3 4349 5353 5830
3 7546 4944 5785
3 7119 4702 5148
3 5831 4945 4181
3 3956 5839 4945
3 6067 4946 51
3 5926 4572 6187
3 6076 4947 6102
3 7447 4131 6104
3 5969 4948 4324
3 7084 3957 7216
3 6214 4949 6945
3 6868 4103 5800
3 5275 6328 4209
3 6349 3933 5916
3 5478 6517 4049
3 6883 4952 4173
3 6386 4952 6883
3 5545 4328 5546
3 6936 7400 4172
3 7475 3878 5806
3 6846 4954 6248
3 6700 4619 5942
3 7544 4955 7151
3 5394 4277 6365
3 6669 4956 4564
3 4133 6661 4956
3 5485 4957 4316
3 5884 21 20
3 6594 4958 7335
3 4490 6242 4958
3 4473 4959 4915
3 6285 3948 5594
3 5827 4960 4380
3 4027 4930 6334
3 5899 4961 4384
3 5507 4327 5415
3 5051 6078 4397
3 4178 5415 4962
3 5906 4963 4385
3 4028 5897 4963
3 5619 4964 4407
3 6705 5301 7454
3 5389 5913 4208
3 4019 4962 5684
3 5768 6401 4297
3 7294 5001 6190
3 6032 4977 5686
3 6654 4358 5045
3 4575 6489 6490
3 6356 4912 6152
3 39 4969 40
3 4287 5159 4969
3 6610 5258 4246
3 86 85 5540
3 5281 7483 4298
3 6501 177 178
3 6167 4972 5709
3 6167 6935 4972
3 5395 7137 4277
3 6707 4656 6706
3 6861 5772 4974
3 7282 5549 4410
3 5349 5306 4443
3 7381 4882 7182
3 4737 6680 7130
3 6679 4640 4976
3 6918 4977 4741
3 6156 4516 6404
3 5943 4978 3914
3 6866 4808 6033
3 6820 4979 4898
3 6596 5125 5469
3 5902 4980 6426
3 4381 4930 6123
3 7449 5882 4981
3 3964 5999 4981
3 6810 5488 4982
3 4531 6204 4982
3 6177 4983 4208
3 6691 79 78
3 5424 4984 4017
3 6054 5355 4412
3 3896 4985 3895
3 4346 5525 4985
3 7332 4986 6765
3 7000 5363 4486
3 6090 4987 4413
3 4041 5002 4987
3 6755 4988 6940
3 6984 4367 5683
3 5816 4989 3976
3 5817 4167 6600
3 5444 4990 4180
3 4604 6773 4990
3 4962 6139 4397
3 4019 5862 4991
3 5460 4992 4128
3 4295 5461 4992
3 7351 4993 5579
3 4217 5578 4993
3 5375 6664 4371
3 3930 6731 4994
3 21 6364 22
3 4376 5887 4995
3 7496 5968 3971
3 4996 7416 5565
3 6995 4997 5666
3 4447 5362 6038
3 6319 4998 5946
3 6361 4892 6477
3 4905 7189 4403
3 6329 5108 6836
3 6310 5000 4204
3 4027 4960 5827
3 6190 5001 7513
3 6310 4478 6311
3 6085 5002 4412
3 6856 5004 5651
3 5503 7395 3951
3 4465 5721 5003
3 7161 5004 6856
3 5276 4380 5738
3 7020 5005 4306
3 6371 4488 5085
3 7067 5006 6668
3 7020 5453 5006
3 163 6908 162
3 4668 5706 6293
3 3936 5008 4922
3 5971 4088 5014
3 6722 5009 6341
3 6390 5829 4386
3 6828 5975 4339
3 4270 6884 5726
3 7006 6802 4052
3 4359 5556 6920
3 6823 5012 6163
3 5782 4436 5749
3 7422 6233 5013
3 4192 6163 5013
3 5971 5014 4398
3 7081 4594 6657
3 6627 5015 4561
3 4823 7457 5015
3 6326 5016 5908
3 6538 5704 4006
3 6612 5017 6611
3 6581 4675 7003
3 6313 5018 6080
3 4193 7026 5249
3 6304 5019 4593
3 6539 5911 4467
3 6300 5020 4188
3 3984 5910 5020
3 6210 5021 3929
3 6211 4162 7494
3 6718 5022 4016
3 4609 5617 7027
3 5811 5023 4249
3 4390 4941 7386
3 5220 6447 3928
3 6645 5110 5392
3 5916 6182 4308
3 7312 4804 7311
3 6375 5026 6418
3 6981 4581 5675
3 6665 5027 4170
3 6666 4065 5604
3 6097 5028 4125
3 4455 6096 5028
3 5493 5029 4185
3 4319 5159 5927
3 5753 6500 4081
3 6969 6081 3985
3 7034 7035 4484
3 6283 5378 4285
3 5368 6695 4024
3 5975 5010 4339
3 5057 7389 7390
3 6734 5200 4137
3 6162 6021 5034
3 6020 4141 7195
3 6760 5035 4671
3 5624 61 60
3 6474 7538 4655
3 6220 194 5921
3 6164 5037 4111
3 6344 5068 3945
3 7426 5038 6197
3 7542 5582 7470
3 4858 6858 4329
3 4033 5213 5039
3 6279 5040 4140
3 6280 3970 6112
3 5973 5041 4100
3 4395 5477 6487
3 7320 5179 5042
3 5655 4761 7056
3 7550 5043 6142
3 6267 4721 5561
3 6541 5044 4005
3 4572 5926 6912
3 6555 5045 4104
3 6654 5094 4358
3 5615 5046 4194
3 3882 3883 5046
3 5048 5047 4007
3 6001 4970 4375
3 6781 5048 4007
3 7521 4887 6770
3 6225 5049 6770
3 6855 5048 5049
3 6573 5050 6575
3 4543 5476 5050
3 5974 5361 4397
3 4385 4963 5051
3 6885 5052 4285
3 7069 7096 5052
3 5054 7271 4213
3 6916 4849 5719
3 5940 5054 4213
3 4150 6429 5054
3 5696 5055 4360
3 6521 7439 5055
3 6312 5056 6227
3 6181 69 5056
3 6682 5057 7390
3 6005 4449 7389
3 7130 6069 4391
3 7098 4690 7099
3 7517 5059 5496
3 7325 4859 5711
3 6172 5060 6171
3 5391 4870 6134
3 5341 5838 4282
3 4116 7228 5061
3 72 5062 73
3 6347 4206 6450
3 7103 5063 6677
3 7103 6072 5063
3 5449 6712 4306
3 7083 5245 6515
3 6462 5065 4050
3 7561 4818 5923
3 6247 5066 4454
3 3953 5517 5606
3 7500 5067 6738
3 5522 4158 5214
3 7248 5068 6344
3 7082 5321 3945
3 6185 5069 4055
3 6807 4160 5648
3 4959 6814 4165
3 6531 5245 7083
3 6442 5071 4515
3 6460 4516 6156
3 7139 5524 7506
3 4346 4985 5734
3 6741 5073 7022
3 49 48 5073
3 7238 5957 4313
3 6307 4622 5708
3 3919 5075 3918
3 6070 5076 4271
3 5117 5076 4439
3 4034 4943 7187
3 6591 5224 4235
3 7421 3926 5077
3 6727 5078 6591
3 7251 6520 5471
3 5554 5079 5958
3 7205 4140 7177
3 6258 5080 4293
3 6257 3888 3889
3 4914 5081 3941
3 7564 4966 6401
3 6567 5082 4377
3 5887 4376 5888
3 6143 5083 4438
3 6391 4494 5083
3 5355 5084 3951
3 4302 5425 5633
3 6371 5085 4054
3 4210 5664 5085
3 6109 5086 4023
3 6234 5664 4210
3 7522 5087 5791
3 6369 4488 5087
3 6392 5088 5741
3 4234 6582 5088
3 7423 5089 6964
3 4234 6025 5089
3 5471 5090 4012
3 6687 6025 4234
3 5677 5091 4615
3 6808 6237 4460
3 28 5092 7436
3 5418 4071 5406
3 6115 5555 4740
3 7157 5497 5093
3 5686 5094 4967
3 3992 5750 5094
3 7039 5095 4201
3 3967 5513 5095
3 6268 5096 4472
3 4201 5095 6037
3 6223 5097 4665
3 6411 4508 7252
3 6492 5098 7281
3 6966 4758 6967
3 6438 5099 4218
3 3997 5987 5099
3 6316 5100 6438
3 4530 6317 5100
3 5880 5101 4251
3 7301 6752 4120
3 6351 5102 4404
3 6449 5211 4590
3 6692 5103 4117
3 4208 4965 5103
3 5529 5104 4488
3 4649 5668 5104
3 4944 5254 6340
3 5673 4409 5543
3 5673 5106 4409
3 6513 4528 5106
3 7076 5107 7050
3 6512 4528 5107
3 5930 5108 4343
3 7495 5993 4653
3 7490 5681 4341
3 4931 4233 5109
3 4813 5357 5764
3 4268 5392 5110
3 7433 5111 7208
3 4773 5440 5111
3 5173 7138 4227
3 4272 5381 5866
3 6034 5113 4489
3 4472 5775 6678
3 5967 5114 6653
3 4231 6012 5114
3 7553 5115 7255
3 4064 6041 5115
3 83 6073 84
3 7324 4135 6088
3 4034 5117 4821
3 4034 5076 5117
3 6465 5118 4523
3 6938 4500 6164
3 5691 5119 4386
3 6255 175 5215
3 6649 5121 5976
3 7410 4783 6766
3 7518 5121 6649
3 4765 5848 5637
3 6150 5122 7348
3 4365 5710 6170
3 5124 6605 4239
3 6621 5221 3996
3 5951 5124 4239
3 4035 6035 5124
3 5469 5125 4333
3 4323 4928 6433
3 6850 5126 6031
3 6753 5307 4617
3 7176 5127 6327
3 3952 5855 5127
3 6368 5128 4549
3 4207 5933 5128
3 4495 5129 4881
3 4248 4927 6673
3 6184 5130 3930
3 4865 6193 6524
3 5902 6426 4182
3 4478 5662 5131
3 6657 5132 7081
3 4846 6589 5132
3 5395 7170 3990
3 4220 5942 5133
3 7299 5599 4744
3 4037 5743 5134
3 6221 5135 4457
3 3955 5812 5135
3 6804 5136 4422
3 4531 6402 5136
3 7345 5344 7196
3 167 168 5137
3 4302 5355 6054
3 6086 4041 6130
3 5807 5139 4520
3 5139 6827 6448
3 5194 5140 4305
3 6 5 5140
3 6256 5141 4043
3 7057 5996 4692
3 5872 5142 4216
3 6830 6285 5142
3 5719 6456 4474
3 6287 4473 6284
3 6301 5144 4086
3 4476 6300 5144
3 4904 5145 4338
3 4904 5924 5145
3 6358 6742 4000
3 7031 4236 6746
3 5921 5147 4654
3 195 196 6224
3 7545 5148 4944
3 4702 5833 5148
3 5484 6416 4456
3 4373 7045 5883
3 5559 6542 3931
3 4240 5618 5150
3 7200 5618 5151
3 4240 6806 5151
3 6059 6796 4043
3 7473 4203 6918
3 101 7375 102
3 6421 5241 6540
3 6296 6634 4477
3 4606 6106 5154
3 6208 5155 4243
3 4460 6238 5155
3 7278 5156 6393
3 6429 4150 5728
3 4214 5157 4998
3 4214 6579 6652
3 6089 5158 4133
3 7377 4831 5928
3 5494 5159 4319
3 4287 6506 5419
3 5780 5160 4222
3 7573 5378 4026
3 5909 7204 4697
3 5161 7510 5780
3 6323 4728 7184
3 7499 5161 4222
3 5929 5163 4429
3 4036 6043 5163
3 6434 5164 4613
3 6871 4677 5672
3 5804 5165 4444
3 4304 6620 6633
3 6686 5166 7445
3 6694 4707 5514
3 5014 6749 4398
3 4183 6618 5167
3 6109 5168 4431
3 6129 4696 5781
3 7125 5169 6974
3 3961 5264 5864
3 6941 5170 6751
3 3935 5481 5170
3 6377 5171 4493
3 6002 4450 6003
3 6379 5172 3943
3 4248 5129 6676
3 7272 5173 6432
3 4000 5380 5173
3 6921 5174 6432
3 4507 6413 5174
3 5847 6955 3929
3 4507 5174 6921
3 5550 6466 4090
3 6842 3966 5629
3 6298 5177 4554
3 7167 5439 4061
3 4876 6943 4148
3 4303 6848 5178
3 5042 5179 4122
3 7320 4565 6506
3 5181 5180 4124
3 6066 3994 6649
3 7062 5181 4124
3 4273 5836 5181
3 5044 7092 4005
3 4351 5483 5182
3 7291 5183 6042
3 6819 4620 6420
3 5531 5184 4387
3 4359 5445 5701
3 4233 5185 5109
3 5162 7499 5185
3 6644 5186 4558
3 7450 5940 4213
3 6558 5187 4536
3 4228 5301 6714
3 5869 5188 4123
3 4512 6012 5188
3 6414 5189 4231
3 4483 6560 5589
3 7408 5190 4776
3 6286 4046 5190
3 3926 5191 4940
3 4913 4250 5191
3 6146 5192 4708
3 4529 6646 6993
3 7318 5193 4185
3 4559 6503 5193
3 6381 5194 4502
3 7 6 7043
3 5761 5195 4525
3 6998 5459 4579
3 6638 5196 4316
3 4079 5731 5196
3 5732 5197 4316
3 5063 4038 5197
3 5959 5198 4423
3 3866 3867 5726
3 7181 5199 4113
3 7193 4788 5199
3 6006 5200 4449
3 4445 6103 5200
3 6914 5201 4062
3 4236 4981 5201
3 5759 5202 5936
3 4147 4868 5202
3 5202 7353 4267
3 4006 5704 7102
3 7423 5204 4589
3 4844 6200 5204
3 7431 5205 5983
3 4695 5991 5500
3 7368 6685 4261
3 4439 5784 7366
3 7209 5207 7404
3 4505 7066 6397
3 5721 5208 4716
3 6570 5292 4464
3 6238 6837 3940
3 6794 6900 5209
3 4215 5210 5098
3 6967 4113 7279
3 6886 5211 6437
3 6942 4187 6668
3 3859 6523 3858
3 6763 4764 6622
3 5230 5213 4033
3 4417 7146 6314
3 4884 5214 4158
3 4294 5067 5214
3 176 6502 175
3 4525 5195 6704
3 5400 7440 4017
3 5614 4250 5216
3 5135 6630 4457
3 4901 6041 5217
3 5236 5218 4266
3 6090 4413 7245
3 6399 5219 4245
3 4504 5065 6462
3 6447 5220 4432
3 6400 4504 6399
3 5123 6621 3996
3 7359 5564 4245
3 7552 5222 3953
3 4513 5677 6395
3 7129 5223 4225
3 4588 5555 6988
3 7421 5224 4801
3 5077 4235 5224
3 6386 5225 3954
3 4241 5227 6443
3 6387 5226 4241
3 4499 7200 6374
3 7354 5227 6818
3 6442 4515 6443
3 7529 5228 7319
3 4917 7528 5228
3 5543 5229 4288
3 3960 6199 5229
3 6708 5230 4305
3 4417 5213 5230
3 6382 5231 4048
3 6436 5771 4535
3 5621 5232 4350
3 6961 5570 4555
3 7055 5233 6157
3 7023 5655 4122
3 8 6381 7413
3 6896 4635 7519
3 6013 5235 4406
3 5774 93 5384
3 5300 5463 4266
3 4414 5138 6130
3 7334 6459 5237
3 6852 3947 5237
3 6457 6240 5238
3 4278 5312 6141
3 6360 5239 4694
3 4557 6354 5239
3 7355 5240 3987
3 4792 7124 5641
3 7370 5241 6421
3 7429 4789 6540
3 6168 5414 5242
3 4281 5413 6194
3 5244 5243 4257
3 4762 7056 5243
3 6525 5244 4130
3 6985 5760 4541
3 6813 6531 4020
3 6985 4541 7343
3 6145 5620 5246
3 4275 5247 5246
3 6757 5247 4691
3 7458 4800 5247
3 5276 5248 4380
3 3981 7108 5248
3 7535 5249 7026
3 3985 6081 7356
3 6959 5250 4678
3 5533 4451 5483
3 6662 5251 4269
3 6756 4636 6970
3 5805 5252 4269
3 4028 7060 5252
3 6800 5253 4687
3 6530 4859 5253
3 7076 7050 4389
3 4226 5105 5254
3 6598 5255 4247
3 4510 4886 5255
3 7010 5256 6853
3 4481 5274 6290
3 5256 7010 4481
3 4247 5255 5901
3 4246 5258 4970
3 4670 6919 7504
3 5260 5259 4335
3 7309 4739 6551
3 5371 6173 4335
3 7560 4818 6230
3 5866 6726 4360
3 6950 4819 6838
3 5889 5262 4320
3 4047 5256 5262
3 6901 5263 4642
3 4053 5227 7354
3 5353 5798 3961
3 6407 4543 6339
3 5317 6407 4252
3 6407 6339 5265
3 5500 6060 4734
3 4733 6494 6831
3 6319 5267 4214
3 4509 6231 5267
3 6445 5268 4563
3 4674 6793 5268
3 6982 5269 4480
3 7425 4902 7054
3 6532 5270 4569
3 6993 5448 4529
3 6514 6101 5271
3 4264 5270 6646
3 5364 6018 4333
3 4756 6615 5272
3 6052 5751 5273
3 7053 4683 5568
3 4170 5274 4871
3 4170 5027 6697
3 7230 5275 4794
3 6328 4950 4209
3 7444 5276 6944
3 3981 5248 5276
3 7110 5277 6900
3 4516 6460 5277
3 6209 5278 7154
3 4470 6007 5278
3 6046 5279 4235
3 6554 4016 6153
3 6906 7100 4003
3 6792 5315 4577
3 5761 5281 4114
3 4298 6493 5281
3 7582 5282 4298
3 179 180 7135
3 7172 5613 4329
3 3862 3863 6688
3 7527 5284 4157
3 6133 3979 5499
3 3873 5285 3872
3 6544 4486 5363
3 5678 5286 4347
3 7486 4002 6412
3 5335 5287 3950
3 4433 7224 5287
3 7052 5288 4237
3 7541 5750 3992
3 4920 5289 4254
3 4920 7165 6071
3 5994 5290 4254
3 6201 4921 4128
3 5583 5291 4825
3 7150 5693 4508
3 6521 5703 4843
3 4464 5208 6570
3 6397 5293 4259
3 4505 5941 7066
3 5293 5294 4259
3 25 24 7533
3 7584 5295 6347
3 4101 6632 5295
3 5298 6291 4265
3 4458 6180 5296
3 5376 6771 4060
3 4265 6406 5297
3 7409 5298 4265
3 4776 5190 5298
3 6359 5299 4624
3 76 75 5299
3 5463 5300 4325
3 6592 4889 7241
3 6714 5301 4537
3 4228 5483 6175
3 6422 7330 4144
3 6960 3949 5632
3 6787 5303 4626
3 4179 6200 5303
3 5311 5304 5411
3 4255 6774 5304
3 6825 5305 4618
3 6773 4604 6774
3 7165 5306 4052
3 4920 4254 6346
3 7305 5307 6827
3 4617 6412 6753
3 6825 5308 3939
3 4256 5907 5308
3 5703 5309 4464
3 4198 6160 5309
3 7139 5310 4106
3 4467 5911 5310
3 6240 5311 4278
3 4520 5139 6498
3 6141 5312 5486
3 4278 6775 5312
3 7469 5313 4840
3 5313 6000 5603
3 6721 5314 4576
3 4262 5603 5314
3 5829 5315 4073
3 4577 5280 6792
3 7032 5316 4679
3 4610 6624 5316
3 4310 5317 5264
3 6338 4031 5476
3 6087 5318 4007
3 6089 4133 5978
3 5742 7403 4224
3 6619 5164 4155
3 6518 5320 4724
3 4723 5895 5320
3 5068 7082 3945
3 5844 4080 5822
3 6012 5322 4406
3 4512 5765 6762
3 7031 5323 4236
3 4673 5822 7093
3 7049 5687 5324
3 6265 4930 5695
3 4337 5325 5164
3 4337 4888 5325
3 6132 5326 4503
3 6629 5660 4344
3 5878 5327 4283
3 7482 3927 5327
3 5879 5328 4116
3 4391 5878 5328
3 7136 5329 4489
3 7039 4201 5329
3 6296 5330 4705
3 4106 5310 5330
3 19 5331 4957
3 18 17 6428
3 5244 7343 4130
3 4332 5645 5332
3 6410 3948 7217
3 4332 5332 5333
3 7120 5334 4703
3 4823 5647 5334
3 5287 5335 4433
3 3950 7339 5335
3 6128 5336 4538
3 4539 5806 5336
3 6869 6061 5337
3 4032 4855 5337
3 5067 7500 4377
3 4014 7462 5338
3 5836 5339 4645
3 6031 4700 6850
3 6931 5340 7060
3 4700 6031 5340
3 5855 5341 4469
3 7283 4738 5838
3 5856 5342 4044
3 5341 4282 5342
3 4877 6320 4015
3 5495 5342 4282
3 5936 7196 5137
3 6713 166 5344
3 4078 5417 5819
3 7552 4513 5222
3 6187 5346 4189
3 4572 6541 5346
3 4890 6135 4274
3 5876 4800 7458
3 5395 6276 4532
3 5348 7013 5983
3 5445 5349 4444
3 4052 5306 5349
3 6874 5350 6905
3 103 102 5350
3 6540 7185 4276
3 4067 6213 6693
3 5623 5352 4186
3 4440 6066 5352
3 5586 5353 3961
3 4349 4895 5353
3 6444 5354 4586
3 65 6330 5354
3 6396 5355 3951
3 4412 5138 6054
3 5303 5356 4626
3 5535 4326 5392
3 7244 5357 4813
3 6788 4626 6789
3 6357 5358 4850
3 7399 3971 6903
3 6853 5464 5359
3 4354 5384 5359
3 7474 5360 6302
3 3980 5924 6248
3 4397 5361 5051
3 4990 3939 5361
3 6038 5362 4342
3 4447 6198 5362
3 6151 7000 4486
3 4077 4997 5363
3 4893 5364 4190
3 6822 3991 6018
3 6915 5365 4229
3 7581 4213 7271
3 7226 5366 7227
3 6994 5597 4015
3 6780 5367 4615
3 4243 5788 5367
3 6695 5368 4270
3 4024 4932 7578
3 5198 6884 4423
3 5368 4290 5369
3 5960 5370 4087
3 5369 4290 5370
3 6842 5371 3966
3 4641 6843 6173
3 5621 6606 4450
3 5371 4335 5372
3 6206 5373 4593
3 3905 5775 5373
3 6530 7046 4859
3 186 187 6683
3 6664 5375 7021
3 6821 4060 6155
3 4371 5376 5375
3 4371 5828 6771
3 6892 5377 4285
3 4230 5031 5377
3 5160 7573 4026
3 4401 7069 6885
3 7105 5379 6968
3 4591 6746 6914
3 5379 7105 4591
3 4272 5112 7138
3 6563 5381 4566
3 6726 5261 4360
3 4869 5382 4576
3 7391 5759 4860
3 6196 5383 7001
3 4550 6509 5383
3 92 5384 93
3 4510 5359 5384
3 6010 5385 4368
3 4174 6768 5385
3 6440 5386 4105
3 7293 5966 4784
3 5846 5387 4063
3 6957 5388 5770
3 6922 5388 4627
3 6957 4462 5387
3 6642 5389 4624
3 5913 4965 4208
3 3921 7406 5206
3 3922 3923 6803
3 4536 5391 5060
3 6458 4058 6282
3 5024 5392 4326
3 5024 6645 5392
3 6372 5393 4164
3 7314 3935 5962
3 4220 5394 4955
3 4220 5133 5394
3 7137 5395 4532
3 4277 5394 7170
3 170 7575 169
3 4524 6496 6709
3 5690 5397 4386
3 6497 171 5397
3 4544 5398 5026
3 6574 3968 6226
3 4999 5399 4343
3 7189 4905 5399
3 4984 6761 4017
3 7539 5463 4325
3 7285 5401 7264
3 4284 5111 7433
3 7364 5402 4045
3 7176 3952 5127
3 4284 5403 5402
3 7284 4738 7283
3 7254 5404 4348
3 7188 31 30
3 5755 5405 4056
3 4348 5406 5405
3 7477 5418 7128
3 4071 4988 6755
3 6768 5407 4612
3 7131 4413 5454
3 5948 5408 4727
3 6107 4728 7089
3 6897 5409 4910
3 4048 6132 5409
3 6385 5410 4522
3 6385 6336 5410
3 6775 5411 4605
3 4278 5311 5411
3 6975 5412 4672
3 4587 6571 5412
3 7168 6194 5413
3 7287 4568 6332
3 5242 5414 4281
3 4010 6758 5414
3 5507 5415 4961
3 4327 5684 5415
3 6154 6564 4299
3 4051 6277 5416
3 6832 5417 4078
3 4571 6154 5417
3 4505 5418 5092
3 4505 5207 7209
3 6136 5419 4565
3 4018 5927 5419
3 44 7190 45
3 6097 4125 7349
3 4186 6165 4939
3 6648 4093 5421
3 6561 5422 4297
3 4566 6562 5422
3 6239 5423 4582
3 4583 6166 5423
3 4984 5424 4302
3 4017 5799 5424
3 4425 5425 5424
3 5633 5084 4302
3 5428 5426 4107
3 4919 4288 5426
3 6824 5427 4720
3 3942 7120 5427
3 5427 5428 4720
3 7360 4919 5426
3 7250 5429 4735
3 4224 5319 5429
3 6202 5430 4085
3 7543 3967 5484
3 5567 6470 4309
3 107 106 5431
3 6155 5432 4758
3 6719 4757 7181
3 5402 5433 4045
3 7240 5434 4292
3 5433 7240 4292
3 6327 5127 6665
3 7548 5435 4296
3 4717 7223 5435
3 6707 5436 4199
3 4973 6446 5436
3 5762 5502 5437
3 4527 6423 7079
3 6861 5438 4632
3 4615 6778 5438
3 5748 5439 4547
3 4061 5177 7167
3 5111 5440 3993
3 4773 7363 5440
3 6728 5441 4291
3 4186 4939 5441
3 6262 5442 4045
3 4479 6309 5442
3 4821 6987 4034
3 4309 6212 5443
3 4990 5444 4604
3 6935 4646 5444
3 5165 6801 4444
3 6802 5011 4052
3 6191 6623 4492
3 4556 6409 5446
3 6658 5447 4569
3 5228 4049 5447
3 4529 5448 5192
3 3977 6471 5448
3 6712 5449 4533
3 5005 4054 5449
3 6533 5450 4638
3 197 198 5450
3 3873 5451 5285
3 3873 3874 5451
3 5554 5452 4435
3 3933 6349 5452
3 5064 5964 4306
3 5243 3978 5453
3 4987 7114 4413
3 7085 5738 4682
3 6820 6049 5455
3 3892 3893 5455
3 5683 5456 4084
3 7509 5457 4651
3 5214 6904 4294
3 3943 6543 5457
3 5144 6965 4086
3 7374 4472 5458
3 6060 5588 4733
3 4579 5195 6998
3 4921 7123 4128
3 5796 4555 6453
3 6748 5461 7152
3 4091 6424 5461
3 6747 5462 3965
3 4603 6748 7152
3 5400 7539 4325
3 5236 4266 5463
3 5359 5464 4354
3 5359 4247 6853
3 5823 6986 4152
3 7272 4000 5173
3 5462 6453 3965
3 4555 5570 5466
3 4253 5467 4900
3 6356 4968 6489
3 6585 5468 3975
3 6889 4719 6275
3 7104 5469 4333
3 7091 4979 6596
3 6553 5470 4665
3 4368 7071 5470
3 7251 5471 5078
3 4546 6687 5471
3 6747 5472 4603
3 4699 6971 5472
3 7280 5473 7191
3 4759 7279 5473
3 6910 5474 4853
3 4189 5346 5474
3 6343 5475 4503
3 3963 6657 5475
3 6338 5476 4543
3 7435 4770 5571
3 5972 5477 4395
3 5052 3959 5477
3 6387 5478 4499
3 6517 4951 4049
3 5283 5479 4329
3 4667 5960 5479
3 5577 5480 4731
3 4279 7534 5480
3 7154 5481 3935
3 7553 4064 5115
3 4303 5482 5481
3 4303 6943 7169
3 5182 5483 4228
3 4351 5533 5483
3 4597 7543 4901
3 3967 5767 6416
3 7350 5485 4376
3 4316 5197 5485
3 4366 5486 4896
3 4366 6141 5486
3 6609 5487 5162
3 7526 5663 4697
3 6702 5488 4805
3 3989 6402 7502
3 6711 5489 4092
3 4625 5490 5489
3 6232 5490 4625
3 6894 4621 6620
3 4419 5491 5116
3 4419 4832 6696
3 7562 5492 4818
3 4717 5435 7548
3 5029 5493 4319
3 7127 4455 5636
3 40 5494 41
3 4969 5159 5494
3 4446 5495 5343
3 4446 7080 6028
3 5757 5496 4780
3 5711 4859 7326
3 6278 5497 4070
3 4517 5093 5497
3 5644 5498 4145
3 4301 5499 5498
3 5498 5499 4711
3 4301 5284 5499
3 6467 5500 4734
3 5205 4695 5500
3 5795 5501 4040
3 6603 4162 6211
3 3910 5502 3909
3 3910 6253 5502
3 7395 5503 4465
3 3951 5747 5503
3 6655 5504 4594
3 6851 5136 4599
3 6739 5505 4616
3 181 182 5505
3 6815 5522 5506
3 4377 5082 5506
3 3973 5507 4961
3 3973 6864 5507
3 6478 5508 3916
3 4622 6572 5508
3 4067 5509 4895
3 4067 5351 5509
3 7174 5510 7321
3 4181 4945 7524
3 7487 5511 4083
3 4708 6580 5511
3 5040 6112 4334
3 7579 5912 4790
3 4379 5513 5430
3 4379 5095 5513
3 6686 6694 5166
3 7432 6178 4144
3 4310 5515 5317
3 7430 4789 5515
3 7036 5516 4066
3 4575 6490 7111
3 5222 5517 3953
3 4974 4410 5517
3 6545 5518 4151
3 4623 6450 5518
3 5333 5519 4332
3 7217 4541 6410
3 6486 5520 4657
3 4656 6707 5520
3 6159 5521 3990
3 6876 4182 5984
3 5067 5522 5214
3 4377 5506 5522
3 6947 5523 4362
3 3950 5287 7201
3 5072 5524 4346
3 7506 4706 7139
3 5736 5525 4190
3 4346 6295 5525
3 5478 5526 4499
3 4049 5228 5526
3 5393 6372 4470
3 4540 5856 5527
3 5954 5528 4075
3 4518 5952 5528
3 7067 5529 5005
3 4187 6942 7452
3 6254 5530 4142
3 5523 4429 5530
3 6786 5531 4387
3 4078 5556 5531
3 7086 5532 4686
3 4735 5429 6991
3 4030 5533 5250
3 4030 5038 7426
3 6973 5534 4672
3 4588 6988 7129
3 4013 5535 5356
3 4013 6785 5535
3 7466 5536 4786
3 4521 5156 7278
3 5793 5537 4357
3 4659 5639 7107
3 6616 5538 4718
3 36 6647 5538
3 6728 6309 5539
3 4479 6122 5539
3 86 5540 4970
3 85 84 7097
3 7145 5541 63
3 7372 4214 5267
3 6030 7442 4650
3 5043 4212 5542
3 7078 5673 5543
3 6684 4935 3960
3 6272 5544 3944
3 4484 6274 5544
3 3954 5545 4952
3 3954 6058 5545
3 7117 5546 4328
3 4173 4952 5546
3 4857 5547 4408
3 4575 5516 7036
3 6510 5548 4322
3 6604 4340 5663
3 4974 7282 4410
3 4050 5065 7158
3 5289 6071 4090
3 5549 4468 5550
3 5606 5551 4420
3 4410 5550 5551
3 7033 5552 4307
3 4679 5316 7583
3 6717 5553 4307
3 4609 6718 5553
3 6841 5554 4435
3 4725 5079 5554
3 6988 5555 3997
3 4588 5497 7157
3 5819 5556 4078
3 6920 5011 6802
3 5600 5557 4685
3 7577 5946 6939
3 7125 5558 4715
3 4225 5223 5558
3 5107 7076 3931
3 6376 4753 7175
3 6434 5560 5164
3 4025 7340 5560
3 5043 5561 4212
3 4721 6270 5561
3 7576 5562 4145
3 7424 4280 5562
3 5644 5563 4630
3 4710 6683 5563
3 6035 5564 4448
3 4432 5220 5564
3 6903 5565 4364
3 7416 4347 5679
3 7276 5566 4850
3 4364 5807 5566
3 6650 5567 4309
3 6978 109 108
3 5800 5568 4637
3 4103 7053 5568
3 6479 5569 4119
3 4621 6828 5569
3 5232 6961 4555
3 4076 4883 5570
3 7369 5571 4770
3 7402 4772 7401
3 6575 5572 6574
3 7401 4772 5572
3 6216 5573 4428
3 6776 4082 5893
3 5040 5574 4140
3 4334 6147 5574
3 6147 5575 4742
3 5575 6626 6625
3 6962 5576 4778
3 5103 4965 6835
3 7521 5577 4887
3 4279 5480 5577
3 7408 6246 4217
3 6733 4315 5578
3 6036 5579 4315
3 4558 6643 5579
3 6732 5580 6733
3 4168 6409 5580
3 5073 5581 4314
3 47 46 7210
3 7470 5582 4314
3 4030 6959 5582
3 4300 5583 4906
3 4300 5291 5583
3 7288 6608 5584
3 4487 7332 6765
3 5076 7187 4271
3 4943 4313 5585
3 5830 5586 4313
3 3961 5169 5586
3 5749 5587 4039
3 4547 6068 5587
3 6769 5588 4115
3 4644 6084 7437
3 4483 5589 5189
3 7336 4581 6226
3 4879 5590 4153
3 4879 5628 5590
3 7568 5591 4771
3 7375 5153 102
3 3870 7213 3869
3 4909 4339 5592
3 3982 5593 5300
3 7455 5614 4325
3 4473 6285 4959
3 7342 4541 5760
3 6124 5595 4574
3 6893 5516 4550
3 7001 5596 4318
3 4878 4148 5596
3 5366 6994 4015
3 4574 5595 7418
3 7223 5598 4100
3 7396 4826 5598
3 5134 5599 4037
3 5134 4744 5599
3 6231 5600 4134
3 4685 6710 5600
3 191 5601 190
3 5881 4301 6833
3 4018 6259 5029
3 4559 5193 7318
3 5313 5603 4262
3 5313 4156 6000
3 7295 5604 4065
3 4785 6560 5604
3 6056 5605 4079
3 5605 6250 6149
3 3953 5606 5066
3 5517 4410 5606
3 4875 5607 4081
3 4324 4948 5607
3 7241 5608 3982
3 4661 6527 5608
3 39 7198 4969
3 6812 5179 4287
3 6510 5610 4533
3 7338 5408 5948
3 6902 5611 4642
3 4926 3940 5611
3 6337 6331 3938
3 4461 6203 5612
3 7515 5613 3861
3 5283 4329 5613
3 7440 5614 5216
3 4325 5593 7455
3 6556 5616 4538
3 4194 5045 5615
3 4538 5616 5615
3 3881 3882 5616
3 6430 5617 4609
3 4713 6613 5617
3 6374 7200 5151
3 4497 5150 5618
3 5808 5619 4407
3 7308 5626 4964
3 4146 6145 5246
3 4438 6144 7461
3 6606 5621 6017
3 4450 6002 5621
3 5786 5622 4854
3 4341 5737 5622
3 6716 7220 4598
3 4440 5352 5623
3 4437 5624 5035
3 4437 6652 6125
3 6281 5625 4765
3 4374 5836 6398
3 4964 5626 4694
3 4964 5619 7308
3 4880 5627 4023
3 4880 5590 5627
3 3959 5628 4879
3 7096 4696 5628
3 5176 5629 4427
3 5176 4641 6842
3 6262 5630 4479
3 5630 7232 6670
3 6671 5631 4600
3 4584 7493 7355
3 7033 5632 4679
3 5302 4701 6960
3 4061 5633 5425
3 4061 5748 5633
3 5172 7225 3943
3 7215 4153 4880
3 4495 5635 5634
3 4495 4881 6689
3 5420 7190 4455
3 44 43 5636
3 4219 5637 5025
3 5121 4765 5637
3 5055 5638 4360
3 5175 4227 5638
3 6047 5639 4659
3 4331 7215 5639
3 15 6249 16
3 4496 6056 5640
3 5894 5641 4428
3 5240 4792 5641
3 7260 5642 4726
3 4748 6263 5642
3 6990 6303 4902
3 4729 6297 5643
3 6833 5644 4630
3 4145 5562 5644
3 5646 5645 4332
3 4867 6259 5645
3 4866 5646 4332
3 4149 6504 5646
3 4822 7259 4129
3 4383 5334 5647
3 4824 5648 5145
3 4160 4825 5648
3 4825 5649 4338
3 4004 6223 5649
3 5649 7405 4338
3 4751 7071 5650
3 6944 5651 5004
3 4987 5002 5651
3 4022 5652 4881
3 4022 6551 5652
3 5652 5653 4881
3 4336 4879 5653
3 4879 5654 3959
3 4336 5041 5654
3 4122 5655 5042
3 4122 5233 7023
3 7349 5656 4810
3 4775 7542 7470
3 6566 5657 4587
3 6941 3935 5170
3 6366 5658 4549
3 4809 6979 5658
3 6343 5659 3963
3 4344 5661 6953
3 6858 5660 4033
3 4344 5326 6629
3 6640 5661 4087
3 4344 4858 5661
3 7294 5662 5001
3 4221 5131 5662
3 5715 5663 4340
3 4697 5487 7526
3 5692 5664 4340
3 4210 5086 6234
3 6978 5665 110
3 4664 6308 5665
3 6786 5666 4719
3 4387 6995 5666
3 4997 6995 4447
3 4387 5184 5667
3 5104 5668 3958
3 4649 6019 7417
3 4158 5669 4883
3 4158 6815 5669
3 6701 5670 4025
3 6536 4179 6787
3 200 5671 199
3 4798 6910 5671
3 6871 5672 4155
3 6873 4037 5840
3 4226 5673 5105
3 4226 5106 5673
3 7369 5674 4123
3 4369 5591 7568
3 7262 6981 4164
3 6118 4065 6158
3 6121 6976 3937
3 4643 4925 5676
3 6779 6395 5677
3 6277 4051 6808
3 7195 5678 4793
3 6797 4794 5286
3 5286 7004 4347
3 4617 5307 7305
3 4172 6127 6499
3 4539 6128 5680
3 7569 5681 3998
3 5109 4341 5681
3 4071 5682 4988
3 7404 5207 4829
3 4861 5683 4367
3 4861 5456 5683
3 6835 5684 4327
3 4965 7246 5684
3 5154 5685 4606
3 6634 4705 6488
3 7331 6032 5686
3 4977 3992 5686
3 7015 5687 3934
3 4382 5324 5687
3 7286 5688 4238
3 6390 4577 5829
3 7008 5689 4095
3 4691 6394 5689
3 6496 5690 4073
3 4524 5397 5690
3 7570 5691 173
3 4386 5397 5691
3 6511 5692 4812
3 5085 5664 5692
3 5291 7150 4508
3 5376 4060 5693
3 6186 5694 4631
3 7503 54 5694
3 6700 5695 4619
3 4094 5324 6265
3 5261 5696 4360
3 6521 4843 7439
3 7557 5697 4125
3 4811 7558 5697
3 5632 5698 4679
3 3949 7281 5698
3 6527 5699 4662
3 7065 4648 6492
3 5668 5700 3958
3 4988 6342 5700
3 5184 5701 3972
3 5184 4359 5701
3 7344 5702 5345
3 4299 5416 5702
3 5309 5703 4198
3 4464 5292 5703
3 5705 7102 4345
3 4006 7507 6538
3 6355 5705 4345
3 4872 7345 5705
3 6355 5706 4668
3 4345 5704 6260
3 7497 5707 4795
3 4616 5860 5707
3 6478 5708 4622
3 5075 4271 5708
3 4370 5709 4972
3 4600 5631 5709
3 5021 7494 4365
3 4162 6357 5710
3 5059 5711 5496
3 5059 4251 7325
3 6576 5712 4648
3 5097 7252 5712
3 6299 5713 161
3 7387 4768 5713
3 6751 7142 4517
3 4400 7553 7255
3 5664 5715 4340
3 7204 4099 7510
3 7055 5716 4761
3 4205 6449 5716
3 5464 6653 4354
3 5114 4406 5717
3 4335 5718 4927
3 5259 4022 5718
3 6454 7351 4474
3 3988 6916 5719
3 6117 5720 4752
3 6895 5504 4599
3 5003 5721 4196
3 6817 5208 5721
3 5945 5722 4443
3 4922 4398 5970
3 7179 5723 4232
3 4757 7180 5723
3 6403 5724 4607
3 4652 5885 5724
3 6760 5725 4768
3 6996 59 58
3 3866 5726 5198
3 3867 5010 5726
3 7041 5727 4913
3 4754 7040 5727
3 6197 5728 4150
3 5038 4352 5728
3 5870 5729 4568
3 4069 5818 5729
3 7484 5730 3965
3 4353 5731 7531
3 5732 5731 4353
3 4079 6791 5731
3 5196 5732 4316
3 6677 5063 5197
3 5724 6261 4607
3 5685 4105 5733
3 4346 5734 5072
3 4985 3896 5734
3 7378 5735 4833
3 4096 6486 5735
3 3894 6956 4928
3 4985 5525 5736
3 5185 5737 4341
3 5185 4222 5737
3 5454 7085 4682
3 4197 6944 5738
3 5843 5739 4703
3 4095 5833 5739
3 6305 5740 4586
3 4134 5600 5740
3 6392 5741 4494
3 5088 4025 5741
3 5083 5742 4224
3 4494 5741 5742
3 6873 5743 4037
3 4677 6872 5743
3 6737 5744 4367
3 4829 7555 5744
3 7384 5745 4790
3 4274 5347 5745
3 6485 5746 4657
3 6637 4734 5266
3 5084 5747 3951
3 4436 5782 5747
3 7347 5748 4436
3 4061 5439 5748
3 7501 5782 5749
3 4436 5748 5749
3 6651 5750 4683
3 4358 5094 5750
3 4573 6052 5273
3 4104 5045 5751
3 4349 5752 4895
3 4791 6213 5752
3 5607 5753 4081
3 5607 4948 5753
3 6592 5754 4889
3 4767 7269 5754
3 6437 6351 4056
3 7254 4348 5405
3 6854 5756 4633
3 4388 5861 6469
3 5756 6854 4388
3 4010 5496 5757
3 5757 5758 4388
3 4780 7424 7576
3 5382 7391 4860
3 4147 5202 5759
3 4321 5760 5245
3 7342 5594 6410
3 5195 5761 4114
3 4525 6501 5761
3 5502 5762 3909
3 4489 5113 6583
3 4909 5763 4782
3 4909 5592 7213
3 5950 5764 4035
3 5357 4268 5764
3 97 6762 98
3 5869 4123 5674
3 5988 5766 4118
3 4851 7045 5766
3 6435 5767 3967
3 4373 5149 5767
3 7537 5768 4841
3 6401 4966 6561
3 7252 5769 4215
3 4508 5693 6821
3 3984 5770 5388
3 3984 6016 6628
3 7516 6436 4535
3 5230 4033 5771
3 5219 5772 4632
3 4050 7282 5772
3 6219 5773 4157
3 6282 4058 5808
3 4354 5774 5384
3 5235 94 5774
3 7374 5775 4472
3 3905 3906 5775
3 4 5776 5
3 4 6350 5776
3 6188 5777 4138
3 5799 4017 6736
3 7027 5778 5022
3 4136 6519 5778
3 4791 7427 5443
3 4349 4943 5779
3 5161 5780 4222
3 7510 4099 5781
3 5780 5781 4401
3 4099 6129 5781
3 6823 5782 5012
3 4693 5747 5782
3 4057 5783 5074
3 6572 4530 5508
3 6070 5784 4439
3 3919 3920 5784
3 7546 5785 4389
3 4944 7212 5785
3 4161 7003 4854
3 4675 5681 7490
3 6542 5787 5150
3 7299 4744 7300
3 5155 5788 4243
3 4392 6578 5788
3 5788 5789 4392
3 5155 3940 5789
3 5789 6271 4392
3 4036 6380 5790
3 6505 5791 4562
3 4357 5792 7522
3 5537 5792 4357
3 5086 4210 5792
3 6930 5793 4084
3 4659 5537 5793
3 5608 5794 3982
3 7432 4144 5514
3 6029 5795 4040
3 4934 4192 7147
3 4350 5796 5460
3 4350 5232 5796
3 6071 7165 4420
3 4052 5011 5797
3 3961 5798 5264
3 5353 4895 5798
3 4425 5799 5777
3 4425 5424 5799
3 6868 5800 4567
3 4103 5568 5800
3 6037 5801 5096
3 4379 7297 5801
3 4269 5802 4925
3 4680 7062 5802
3 7041 5803 4754
3 3926 7421 5803
3 6048 7341 4444
3 4092 5489 5804
3 5251 6970 4269
3 4384 5897 5805
3 3879 5806 3878
3 4539 6127 5806
3 6457 5807 4520
3 4364 5565 5807
3 5773 6282 4534
3 4058 6557 5808
3 4964 5809 4407
3 7219 5817 6793
3 6133 6174 3979
3 4407 5809 5810
3 5023 5811 4390
3 4249 5135 5811
3 7163 5812 4724
3 4390 5811 5812
3 4422 5813 5008
3 4422 5136 5813
3 6424 5814 4602
3 6804 4531 5136
3 5008 5815 4422
3 6548 4882 6015
3 5818 5816 4628
3 4402 4989 5816
3 4402 5817 4989
3 7219 4674 5809
3 7441 5818 4069
3 4402 5816 5818
3 5556 5819 4454
3 5417 4299 7344
3 6527 5820 4097
3 4661 6010 5820
3 5385 5821 4368
3 5385 4612 6809
3 6743 5822 4673
3 4372 6584 7414
3 6584 5823 4874
3 4372 6743 5823
3 7265 5824 4337
3 7339 3950 5824
3 5242 5825 4096
3 5242 4281 5825
3 4148 5826 4876
3 4878 6221 5826
3 6352 5827 4380
3 5000 4027 5827
3 6771 5828 5297
3 4371 6547 5828
3 5315 5829 4577
3 4073 5690 5829
3 5586 5830 5353
3 4313 4943 5830
3 7212 5831 4181
3 5148 4393 5831
3 6639 5832 4393
3 3956 4945 5832
3 5739 5833 4702
3 4095 5689 6639
3 6518 5834 4723
3 4184 6490 5834
3 4374 5835 5180
3 4374 5625 5835
3 5181 5836 4374
3 4273 5339 5836
3 6441 5837 4838
3 4515 5071 5837
3 5061 5838 4738
3 5061 4282 5838
3 7322 5839 4806
3 4361 7524 5839
3 6954 7321 4037
3 5510 4361 5840
3 6539 5841 5019
3 4467 7140 6289
3 4008 5842 4822
3 6757 4691 6321
3 6321 5843 4383
3 4095 5739 5843
3 4396 5844 5321
3 4396 6899 6318
3 7234 5845 4731
3 4730 7233 5845
3 5320 5895 4063
3 4461 6331 5966
3 5021 5847 3929
3 4365 6150 5847
3 5625 7239 4765
3 4950 4308 5848
3 6663 5849 4378
3 4107 6270 5849
3 5851 5850 4834
3 4378 5849 7563
3 5850 5851 4378
3 4131 6092 5851
3 5853 5852 4542
3 4109 6325 5852
3 5877 5853 4542
3 4526 5007 6138
3 6666 5854 4065
3 4560 5855 5854
3 5341 5855 3952
3 4469 5854 5855
3 7207 5856 4540
3 4469 5342 5856
3 5917 5857 4614
3 4081 5030 5857
3 5037 5858 4111
3 4415 6863 5858
3 4669 6969 5030
3 3985 6710 6863
3 5707 5860 4120
3 5505 4687 5860
3 5758 5861 4388
3 4711 6565 5861
3 5918 5862 4370
3 4019 7246 5862
3 5518 6946 4151
3 4370 5862 5863
3 4252 6975 5264
3 4672 5169 5864
3 5981 5865 4743
3 4404 5102 5865
3 5112 5866 4360
3 5112 4272 5866
3 7191 5867 4260
3 7192 3998 6767
3 6320 5868 4446
3 4148 5178 5868
3 4512 5869 5765
3 4512 5188 5869
3 6333 6811 7574
3 5756 4069 5870
3 6261 5871 4606
3 4121 6251 5871
3 7112 5872 4216
3 4836 6008 5872
3 7216 5873 4416
3 6169 4605 5573
3 5873 5874 4416
3 5873 4769 5874
3 4578 5875 5538
3 4122 5179 7327
3 6135 5876 5347
3 7459 4800 5876
3 6477 6875 4542
3 6759 4768 7387
3 5328 5878 4283
3 4391 5058 7482
3 7264 5879 4116
3 4737 7130 5879
3 5059 5880 4251
3 4570 7378 5880
3 4655 5881 5601
3 4655 6266 5881
3 4981 5882 3964
3 4981 4236 7449
3 6949 5883 4740
3 4108 5149 5883
3 5485 7350 4957
3 4376 4995 6364
3 5724 5885 4121
3 4652 5993 6022
3 5845 5886 4731
3 4292 4871 5886
3 4258 5887 5082
3 4258 4995 5887
3 5485 5888 4376
3 5485 5197 5888
3 5604 6560 4320
3 4483 5967 5889
3 4868 5890 4394
3 4147 4869 5890
3 5323 7242 4647
3 4080 6318 5891
3 7507 5892 4891
3 4006 4868 5892
3 6772 7211 4082
3 4646 6934 5893
3 5240 5894 3987
3 5240 5641 5894
3 4063 5895 5846
3 4723 6911 6203
3 4158 5896 4884
3 4883 6377 5896
3 5805 5897 5252
3 4384 5898 5897
3 4961 5898 4384
3 4178 4963 5898
3 5928 5899 4636
3 3973 4961 5899
3 4462 5900 4941
3 4462 4894 5900
3 4247 5901 5257
3 5255 4154 6980
3 4381 5902 5521
3 4381 4980 5902
3 7420 5903 4801
3 4800 7459 5903
3 7360 5904 4919
3 4702 7119 5904
3 5051 5905 4385
3 5361 3939 5905
3 4963 5906 4028
3 4385 5907 5906
3 5906 5907 4700
3 4385 5905 5907
3 5068 5908 4396
3 4191 6326 5908
3 4431 5909 5715
3 4431 5168 5909
3 5020 5910 4424
3 3984 5388 6922
3 5841 6539 4467
3 4188 5020 5911
3 6586 5912 3970
3 4918 4274 5912
3 4816 5913 5389
3 4816 5862 7246
3 165 5914 164
3 4872 6355 5914
3 4585 6891 4989
3 4556 5446 6623
3 6349 5916 4950
3 4803 6182 5916
3 6217 5917 4614
3 4875 4081 5917
3 4972 5918 4370
3 4972 4180 5918
3 7397 5919 3924
3 112 111 6417
3 7400 5920 4953
3 4817 6083 7256
3 6552 6220 4654
3 194 195 5921
3 3857 5922 3856
3 4764 5992 6415
3 5997 5923 4132
3 5065 4504 5923
3 6248 5924 4519
3 3980 7392 5924
3 5201 5925 4062
3 5201 4981 5925
3 6927 5926 4946
3 6912 5044 6541
3 4319 5927 5029
3 5159 5419 5927
3 5158 5928 4636
3 5158 7377 5928
3 5163 5929 4036
3 4429 7202 5929
3 6580 5930 4343
3 4708 6929 5930
3 5963 5931 4837
3 4324 4875 5931
3 4282 5932 5343
3 5061 4736 5932
3 4408 5933 4857
3 4408 5128 5933
3 7298 5934 4698
3 4408 5547 5934
3 6367 5935 3927
3 5128 4408 5935
3 4267 5936 5202
3 5137 4355 5936
3 5208 7156 4716
3 4464 5309 5937
3 5542 5938 4650
3 4212 4905 5938
3 6269 5939 3999
3 4650 5938 5939
3 6932 5940 4747
3 4213 5186 7450
3 27 5941 28
3 4505 5092 5941
3 4094 6700 4954
3 4619 5133 5942
3 5508 5943 3915
3 4530 6316 5943
3 7229 5944 4002
3 5275 7382 5944
3 4975 5945 4443
3 4975 7182 5945
3 6859 5946 4998
3 7577 4111 5557
3 6519 5947 4766
3 7019 4713 6611
3 5070 6813 4727
3 4020 5610 5948
3 6693 5949 4704
3 4482 5431 6482
3 7243 5950 4433
3 4813 5764 5950
3 6999 5951 4239
3 4433 5950 5951
3 5324 5952 4518
3 4094 4954 6846
3 5407 5953 4612
3 3934 5687 7049
3 5953 5954 4612
3 4518 5528 5954
3 6493 5955 4580
3 4795 7009 7315
3 5426 5956 4107
3 5229 4660 5956
3 4313 5957 5074
3 4715 7126 5957
3 5554 5958 3933
3 5079 4426 5958
3 5198 5959 3865
3 7273 5960 4667
3 6026 7273 4667
3 4423 5370 5960
3 4355 5961 5396
3 5137 168 5961
3 4545 5962 5657
3 4545 5393 7314
3 4324 5963 4896
3 4837 6431 5963
3 4306 5964 5453
3 7083 4020 6531
3 6781 5965 4827
3 4007 5318 5965
3 4461 5966 5846
3 4784 5386 7293
3 5889 5967 4047
3 4483 5189 6414
3 3971 5968 4996
3 4793 5678 5968
3 4896 5969 4324
3 4896 5486 5969
3 5722 5970 4092
3 5722 4922 5970
3 7508 5971 4398
3 5813 4088 5971
3 6892 5972 4634
3 4285 5477 5972
3 5598 5973 4100
3 4826 6480 5973
3 5361 5974 4990
3 4397 4991 5974
3 6695 5975 5032
3 4270 5010 5975
3 7566 5976 5120
3 6649 3994 7518
3 6464 5977 4595
3 12 11 5977
3 6669 5978 4956
3 4421 5318 5978
3 5965 5979 4827
3 6669 4564 6670
3 5981 5980 4404
3 32 31 7489
3 32 7361 33
3 4404 5865 5981
3 4914 5982 4475
3 3941 5990 7122
3 5348 5983 4126
3 5348 4689 7013
3 4914 5984 4182
3 4914 4475 5984
3 5989 5985 4156
3 7536 4297 7328
3 5099 5986 4218
3 4405 6423 7373
3 5986 5987 4405
3 3997 5555 6115
3 5766 5988 4851
3 7079 5437 4527
3 5985 5989 4841
3 7469 4840 6907
3 7537 5990 3941
3 4841 5989 5990
3 7122 7540 4695
3 4411 6907 6769
3 6350 5992 4899
3 6415 5922 4764
3 6836 7495 4653
3 4098 6022 5993
3 4090 5995 5289
3 4427 6201 5994
3 5994 5995 4427
3 5994 5289 5995
3 6865 5996 4293
3 4979 7091 7491
3 5923 5997 5065
3 6843 4641 6844
3 5725 5998 158
3 5725 4671 5998
3 4981 5999 4471
3 3964 5314 5999
3 4471 6000 4839
3 4471 5603 6000
3 4246 6001 5047
3 4246 4970 6001
3 4076 6002 5171
3 4076 5232 6002
3 6002 6003 5171
3 4450 4927 6003
3 6465 6004 5118
3 4191 5908 7248
3 6681 6005 5057
3 4093 5120 6766
3 7411 6006 4449
3 4783 7274 6006
3 4044 6007 5527
3 4746 5278 6007
3 6228 6008 4836
3 4149 4866 6008
3 7160 6009 4831
3 4832 6962 6009
3 5820 6010 4368
3 4661 6764 6010
3 6485 6546 4745
3 4532 5348 6011
3 5114 6012 4406
3 4231 5188 6012
3 5322 6013 4406
3 96 95 6013
3 5697 6014 4775
3 4352 5038 6014
3 7337 6015 4882
3 4128 4992 6015
3 6628 6016 4894
3 3984 5020 6016
3 6948 6017 4921
3 3966 6606 6017
3 4333 6018 5272
3 5364 4893 6822
3 6942 6886 4649
3 4056 5405 6019
3 4435 6020 5034
3 4435 5452 6020
3 4434 6162 5034
3 4039 5587 6021
3 4652 6022 5885
3 4098 5192 6983
3 4024 6023 5490
3 4024 5032 6023
3 7140 6024 6289
3 4706 6288 6024
3 6519 6025 4546
3 4766 7199 6025
3 5959 6026 3864
3 5959 4423 7273
3 4767 6027 5407
3 4767 7268 7245
3 4446 6028 5495
3 4746 6007 6028
3 5208 6029 4040
3 4465 4934 6029
3 6269 6030 4650
3 4857 5933 6030
3 4273 6031 5339
3 4273 5340 6031
3 4977 6032 4741
3 5686 4967 7331
3 4978 6033 3913
3 4978 6866 6033
3 5329 6034 4489
3 4201 5096 6268
3 5124 6035 4448
3 4035 5110 6549
3 4863 6036 4315
3 4863 6408 6644
3 4201 6037 5096
3 5095 4379 6037
3 5363 6038 4342
3 4997 4447 6038
3 4403 6039 4912
3 4403 4999 6039
3 5714 7255 4108
3 5115 4456 6040
3 5115 6041 4456
3 4064 5217 6041
3 7291 6042 4430
3 5183 6420 6042
3 5163 6043 4430
3 4036 7290 6043
3 5530 6933 4142
3 5163 4430 6044
3 5435 6045 4739
3 4100 5041 6045
3 4940 6046 5077
3 4688 5279 6046
3 6930 6047 4659
3 4651 6543 6047
3 5349 6048 4444
3 4443 5722 6048
3 4323 6820 5455
3 4898 6207 6049
3 7193 6050 4788
3 4232 6698 6050
3 6608 7288 3975
3 4596 7011 6051
3 6051 7011 4573
3 4104 5751 6052
3 4573 6053 4949
3 4573 5273 6053
3 4984 6054 5138
3 4984 4302 6054
3 5516 7111 4550
3 4184 6518 6055
3 5196 7523 4079
3 4629 5640 6056
3 6723 6057 4463
3 4328 5545 6057
3 6796 6058 4838
3 4463 6057 6058
3 5141 6059 4043
3 7481 4692 6723
3 4734 6060 5266
3 4115 5588 6060
3 5996 7491 4692
3 4032 5337 6061
3 7385 6062 4907
3 5494 4319 6062
3 5891 6063 4647
3 5890 4869 6063
3 5123 6064 4239
3 4553 6578 6064
3 6839 6065 6840
3 4124 5180 6065
3 5180 6066 4440
3 5835 3994 6066
3 50 6067 51
3 4864 6927 6067
3 5587 6068 4725
3 4547 5439 6068
3 4200 6069 4976
3 4200 7098 6069
3 5784 6070 5075
3 4439 5076 6070
3 4920 6071 5289
3 4420 5551 6071
3 5063 6072 4799
3 4942 4317 6072
3 5116 6073 4419
3 5116 7097 6073
3 7316 6074 4779
3 4419 6073 6074
3 7312 6075 4804
3 7074 4742 6491
3 7274 6076 3969
3 4441 7221 6076
3 6491 6077 4441
3 4042 6093 6077
3 4397 6078 4962
3 5051 4178 6078
3 6081 6079 4501
3 4669 6516 6079
3 6313 6080 4101
3 5018 4501 6080
3 7356 6081 4501
3 3985 5859 6969
3 7153 6082 4747
3 7144 4451 6197
3 5451 7025 4486
3 3875 3876 7256
3 6906 6084 4644
3 4003 6341 6084
3 6396 6085 4412
3 5003 4196 6085
3 4412 6086 5138
3 4412 5002 6086
3 7323 6087 4007
3 4830 7324 6087
3 6087 7324 4452
3 4135 7160 6088
3 4452 6089 5318
3 4452 5158 6089
3 7453 6090 5218
3 4041 4987 6090
3 6092 6091 4852
3 7457 4823 7456
3 7447 6092 4131
3 4442 6091 6092
3 6625 6093 4042
3 5015 4442 6093
3 6347 6450 5062
3 4623 6384 6094
3 4085 6568 5023
3 4597 4901 7275
3 4185 6096 5493
3 4185 5028 6096
3 4455 6097 5420
3 4455 5028 6097
3 7149 6098 5189
3 4772 7402 6098
3 5274 6099 4871
3 4481 5257 6099
3 6877 6100 4830
3 4375 7014 6100
3 4083 6514 5271
3 4528 7530 6101
3 6076 6102 3969
3 4947 6104 6102
3 5200 6103 4137
3 4445 6675 6103
3 6102 6104 4445
3 4947 7447 6104
3 6044 7303 4142
3 7300 4240 5787
3 5154 6106 3991
3 5871 4756 6106
3 4322 6107 5408
3 4322 5548 6292
3 6342 6984 4562
3 5683 4084 6108
3 5086 6109 4431
3 4023 5627 6109
3 6111 6110 4595
3 4176 6880 6110
3 5977 6111 4595
3 4924 4176 6111
3 4548 6280 5040
3 3970 5512 6112
3 5186 6113 4558
3 4213 7581 6113
3 6912 6114 5044
3 4211 6925 6114
3 5987 6115 4851
3 5987 3997 6115
3 6996 6116 59
3 5035 5624 6116
3 5409 6117 4910
3 4202 5720 6117
3 4581 6118 5675
3 6118 7336 7295
3 7243 6119 4813
3 4814 7266 6119
3 7410 6120 4783
3 4219 5025 7311
3 4956 6121 4564
3 4956 4643 6976
3 5630 6122 4479
3 6121 3937 6122
3 4027 6123 4930
3 4027 4980 6123
3 6550 6124 4574
3 5934 4066 6124
3 5624 6125 61
3 5624 4437 6125
3 68 6126 5056
3 67 6444 6126
3 7400 6127 4172
3 4953 5806 6127
3 5680 6128 4104
3 4539 5336 6128
3 4330 6129 5168
3 4330 5628 6129
3 6086 6130 5138
3 4041 7453 6130
3 6962 6131 4117
3 4832 4419 7316
3 5231 7516 4048
3 4535 5326 6132
3 5284 6133 5499
3 4534 6174 6133
3 5147 6134 4654
3 4175 5391 6134
3 4274 6135 5347
3 4890 4312 6135
3 5332 6136 4565
3 5332 5645 6136
3 5733 6137 4607
3 5386 4784 6137
3 4526 6138 5853
3 6293 5706 4109
3 4397 6139 4991
3 4962 4019 6139
3 6535 6140 4614
3 5037 4500 6344
3 5238 6141 4366
3 5238 4278 6141
3 7442 6142 5542
3 4207 6368 6142
3 7302 6143 4802
3 4012 5083 6143
3 7461 6144 7250
3 4438 5083 6144
3 7420 7115 4146
3 4802 6143 6145
3 5511 7487 4708
3 4083 5271 6146
3 7073 6147 4742
3 4426 5574 6147
3 5958 6148 4803
3 7073 4742 7074
3 5605 6149 4885
3 5605 4496 6250
3 5847 6150 4507
3 4365 5122 6150
3 6936 6151 4817
3 4986 4077 7000
3 4253 6152 5467
3 7428 5834 4968
3 4356 6153 5022
3 5279 4688 6554
3 5417 6154 4299
3 4571 6585 6154
3 6821 6155 4758
3 4060 5297 6155
3 4203 6156 4977
3 4203 5071 6156
3 4578 6157 5233
3 4743 5865 6157
3 6118 6158 4540
3 4065 5854 6158
3 5133 6159 3990
3 4619 6829 6159
3 6838 6160 4198
3 4819 6952 6160
3 4434 6161 5013
3 4434 7194 6161
3 6163 6162 4434
3 5012 7501 6162
3 6823 6163 4192
3 5012 6162 6163
3 6939 6164 4111
3 4500 5037 6164
3 5352 6165 4186
3 4639 6648 6165
3 72 6166 5062
3 72 71 6166
3 5894 6167 3987
3 4646 6935 6167
3 5059 7517 4570
3 4010 5414 6168
3 3957 6169 5873
3 3957 5312 6169
3 4365 6170 5122
3 5710 4850 7277
3 6172 6171 4453
3 5060 4175 6171
3 5346 6172 4453
3 4005 6559 6172
3 4641 6173 5371
3 4132 5260 6173
3 5808 6174 4534
3 4407 5810 6174
3 4228 6175 5301
3 5483 4451 6175
3 4437 6176 4892
3 4437 5035 6176
3 5103 6177 4208
3 4592 6691 6177
3 4662 6178 5794
3 4662 5699 6422
3 6924 6179 4173
3 4856 6473 6532
3 7260 7346 4748
3 3962 5296 6180
3 6312 6181 5056
3 4582 5423 6181
3 6148 6182 4803
3 4139 7312 6182
3 4491 6183 5069
3 4491 4906 6183
3 7572 6184 4491
3 3930 7021 6184
3 7572 6185 4865
3 4491 5069 6185
3 5926 6187 4631
3 4189 6910 6186
3 6186 6187 4189
3 6186 4631 6187
3 6898 6188 4138
3 4554 6587 6188
3 34 7258 35
3 4743 6157 6189
3 6563 6190 4021
3 4966 7564 7294
3 6623 6191 3976
3 6593 4552 6595
3 6193 6192 4492
3 4865 6185 6192
3 6524 6193 4168
3 4865 6192 6193
3 4281 6194 5825
3 5413 3947 7168
3 7075 6195 4808
3 3911 3912 6195
3 5595 6196 4318
3 5595 4066 6893
3 7426 6197 4451
3 5038 5728 6197
3 6479 6198 4774
3 4119 5362 6198
3 5229 6199 4660
3 3960 4905 6199
3 5303 6200 4847
3 4179 5204 6200
3 5994 6201 5290
3 4427 4921 6201
3 4894 6202 4085
3 7297 4379 5430
3 5895 6203 4461
3 5895 4723 6203
3 4091 6204 5814
3 4091 4982 6204
3 6074 6205 4779
3 80 79 7143
3 3904 6206 3903
3 4593 5019 6206
3 6865 7296 4898
3 7317 3889 3890
3 6808 6208 5091
3 4460 5155 6208
3 4470 6209 5393
3 4470 5278 6209
3 7439 6210 3929
3 4466 6211 6210
3 6210 6211 5021
3 4466 5501 6211
3 6213 6212 4482
3 4791 5443 6212
3 6693 6213 4482
3 4067 5752 6213
3 6154 6585 4459
3 3975 6051 7394
3 6214 6945 4459
3 4567 6237 6215
3 5573 6216 4769
3 4428 5641 6216
3 3945 6217 6140
3 4874 6427 6217
3 7528 6218 4497
3 4917 7530 6218
3 6744 6552 4157
3 6134 4870 6219
3 7538 6220 5036
3 193 194 6220
3 3955 6221 4878
3 3955 5135 6221
3 5826 6222 4876
3 4457 5217 6222
3 4751 6223 5470
3 4004 5097 6223
3 197 6533 196
3 4638 6857 6224
3 4886 6345 4154
3 6610 4246 6855
3 5589 6226 3968
3 5589 4785 7336
3 6312 6227 4193
3 6126 4586 6227
3 6008 6228 4149
3 4836 6917 7465
3 4745 6229 5746
3 7231 4126 6467
3 4132 7560 5260
3 4818 5492 6230
3 5267 6231 4134
3 4509 5557 6231
3 6618 6232 4625
3 4932 4024 6232
3 7476 7422 5013
3 4608 5795 7147
3 4431 6234 5086
3 4431 5715 6234
3 6291 6235 4458
3 5298 4046 6235
3 4915 6236 4458
3 4915 4165 6236
3 6215 6237 4051
3 4567 5800 6795
3 6795 6238 4460
3 6837 5209 3940
3 5423 6239 4583
3 4582 6313 6239
3 4029 6457 5238
3 4520 5311 6240
3 6594 6241 4958
3 4055 5069 7388
3 4958 6242 4159
3 4490 6243 6242
3 7393 6243 4490
3 3980 5360 7474
3 56 6244 200
3 55 7503 6244
3 6198 6245 4774
3 5667 3972 6245
3 6733 6246 4611
3 5578 4217 6246
3 5345 6247 4454
3 5345 3953 6247
3 6846 6248 4519
3 5360 3980 6248
3 5640 6249 4496
3 15 14 6249
3 6249 6250 4496
3 4933 4177 6250
3 5871 6251 4756
3 4121 6472 6251
3 7028 6252 4847
3 4230 5377 6252
3 3911 6253 3910
3 3911 6195 6253
3 7218 6254 4142
3 5134 4362 6254
3 6704 7094 5215
3 5119 7570 6255
3 6463 6982 4043
3 4480 6258 6256
3 4480 6257 5080
3 4480 5269 7064
3 7057 6258 4293
3 4480 5080 6258
3 5602 6259 4867
3 5602 5029 6259
3 4345 6260 5706
3 5704 4485 6260
3 5733 6261 4606
3 5724 4121 6261
3 7235 6262 4045
3 4730 5630 6262
3 6569 6263 4727
3 4748 7132 6263
3 6919 6264 89
3 4670 6345 6264
3 6334 6265 4382
3 5695 4094 6265
3 6744 6266 4655
3 5284 4301 6266
3 7550 6267 5043
3 4009 5850 6267
3 5113 6268 4472
3 6034 4201 6268
3 5939 6269 4650
3 3999 7005 6269
3 5849 6270 4721
3 5956 4660 6270
3 7290 6271 4732
3 5790 4392 6271
3 5544 6272 4484
3 3944 7018 6272
3 4714 6273 6272
3 4161 4854 7034
3 7035 6274 4484
3 5031 4230 6274
3 5666 6275 4719
3 4077 4986 7332
3 4532 6276 5348
3 5395 3990 6276
3 4513 6277 5677
3 4513 5416 6277
3 6571 6278 4070
3 6751 5170 7142
3 6068 6279 4140
3 5439 4548 6279
3 5040 6280 6112
3 6298 4554 6586
3 5121 7518 4765
3 3994 5835 6281
3 4870 6282 5773
3 4870 5391 6458
3 5031 6283 5377
3 5031 7471 6283
3 5143 6284 4046
3 5143 6287 6284
3 4959 6285 5594
3 4473 5142 6285
3 4474 6286 5190
3 4474 5143 6286
3 4216 6287 5143
3 4216 5142 6287
3 7506 6288 4706
3 5072 3898 6288
3 4467 6289 5841
3 6024 3900 6289
3 5262 6290 4320
3 5262 4481 6290
3 4265 6291 5296
3 5298 6235 6291
3 6107 6292 4728
3 5548 3932 6292
3 5007 6293 6138
3 5007 6908 6293
3 6295 6294 4893
3 4477 5154 6294
3 5524 6483 4346
3 4477 6294 6295
3 6483 6296 4477
3 4106 5330 6296
3 3883 6297 5046
3 3883 3884 6297
3 4548 6298 6280
3 4548 7167 6298
3 162 6299 161
3 5007 4526 6299
3 6304 6300 4188
3 4476 5020 6300
3 7443 6301 4086
3 4807 6870 6301
3 7544 6302 4955
3 4862 7474 6302
3 7270 6303 4195
3 4729 5643 6303
3 6965 6304 4593
3 5144 6300 6304
3 4601 6597 5354
3 4134 5740 6305
3 4511 6306 5558
3 5100 4057 6306
3 4622 6307 5783
3 5708 4271 6307
3 6977 6308 4664
3 4261 5390 6308
3 5539 6309 4479
3 5539 4598 6728
3 6951 7247 4204
3 5662 4478 6310
3 5000 6311 4027
3 5000 6310 6311
3 5018 6312 4193
3 4582 6181 6312
3 7584 6313 4101
3 4582 6312 6313
3 6763 6314 4899
3 4263 6816 6314
3 7554 6315 4829
3 4259 6335 6315
3 6866 6316 4218
3 4978 5943 6316
3 4057 6317 5783
3 4057 5100 6317
3 4396 6318 5844
3 4891 7095 6318
3 5267 6319 4509
3 4214 4998 6319
3 5868 6320 4877
3 4446 5343 6320
3 5842 6321 4383
3 4691 5689 7008
3 4097 6322 5699
3 4097 6553 6576
3 6887 7089 4760
3 4728 6609 7184
3 6359 6324 77
3 4624 6641 6324
3 5852 6325 4523
3 4109 6260 6325
3 6465 6326 4191
3 4485 6538 6326
3 7240 6327 5434
3 4399 7176 6327
3 7230 6328 5275
3 4551 6349 6328
3 4343 6329 4999
3 4343 5108 6329
3 5541 6330 64
3 4601 5354 6330
3 5966 6331 4784
3 4461 5612 6331
3 7287 6332 4937
3 4568 5729 6332
3 4281 6333 5413
3 7574 4633 5870
3 4960 6334 4382
3 4960 4027 6334
3 6315 6335 4908
3 4259 5294 6335
3 5410 6336 5191
3 4171 6686 6336
3 6403 6337 3938
3 4607 6137 6337
3 5317 6338 4543
3 5515 4031 6338
3 5265 6339 4059
3 4543 5050 6339
3 6534 6340 5105
3 7545 4944 6340
3 6722 6341 4003
3 7286 4238 6674
3 5700 6342 4562
3 5682 4367 6342
3 5475 6343 3963
3 4503 5326 6343
3 5037 6344 6140
3 4500 7248 6344
3 6225 6345 4670
3 6225 4154 6345
3 5306 6346 4975
3 5306 4920 6346
3 6166 6347 5062
3 4583 7584 6347
3 6020 6348 4141
3 6020 5452 6348
3 6328 6349 4950
3 4551 5452 6349
3 7146 6350 4899
3 4 3 6350
3 7253 6351 4404
3 5755 4056 6351
3 6754 6352 5248
3 5000 5827 6352
3 6360 6353 4557
3 3946 7153 6353
3 5239 6354 4089
3 4557 7450 6354
3 5706 6355 4345
3 4668 5914 6355
3 4968 6356 6152
3 3999 4912 6356
3 7407 6357 4162
3 4797 5358 6357
3 4777 6358 5465
3 4777 6742 6358
3 6324 6359 4624
3 76 5299 6359
3 5239 6360 4557
3 4694 5626 6360
3 6859 6361 4001
3 4998 5157 6361
3 5593 6362 4522
3 5794 4707 6362
3 7378 6363 5735
3 4570 5242 6363
3 4376 6364 5884
3 4995 7044 6364
3 5394 6365 4955
3 4277 5436 6446
3 5033 7007 4690
3 4137 7434 6366
3 5935 6367 5128
3 3927 7099 7565
3 7551 6368 4549
3 4903 6142 6368
3 4210 6369 5087
3 4210 5085 6369
3 5104 6370 4488
3 5104 3958 6370
3 5005 6371 4054
3 5529 4488 6371
3 5675 6992 4164
3 5527 4470 6372
3 6913 6373 4846
3 4666 6640 7379
3 4499 6374 5226
3 5151 3995 6374
3 5657 6375 4545
3 4059 6573 6375
3 4389 6376 5559
3 4389 5785 6376
3 5171 6377 4076
3 4493 5896 6377
3 5171 6378 4493
3 4248 5172 6378
3 4884 6379 3943
3 4493 6378 6379
3 6999 6380 4722
3 4911 5790 6380
3 5234 7413 4502
3 8 7 6381
3 6897 6382 4048
3 4502 6383 6382
3 5231 6383 4305
3 5231 6382 6383
3 74 6384 75
3 4623 5299 6384
3 6362 6385 4522
3 4707 6694 6385
3 4952 6386 3954
3 4498 6388 6386
3 5226 6387 4499
3 4241 6388 6387
3 5225 6388 4241
3 5225 6386 6388
3 5475 6389 4503
3 5475 4594 6656
3 5009 6390 5688
3 5009 4577 6390
3 4012 6391 5083
3 4012 5090 6391
3 5090 6392 4494
3 5090 6687 6392
3 7278 6393 3983
3 5156 4352 6393
3 5689 6394 4686
3 4691 5247 6394
3 5222 6395 4244
3 5222 4513 6395
3 7395 6396 3951
3 5003 6085 6396
3 7554 6397 4259
3 5207 4505 6397
3 4374 6398 5625
3 7382 5275 4209
3 6400 6399 5220
3 4504 5219 6399
3 3928 6400 5220
3 7562 4818 7561
3 5081 6401 5768
3 5081 4221 7564
3 7313 6402 3989
3 4599 5136 6402
3 6715 6403 3938
3 4652 5724 6403
3 4977 6404 3992
3 4977 6156 6404
3 6406 6405 4514
3 5296 3962 6405
3 5297 6406 4514
3 4265 5296 6406
3 4252 6407 5265
3 5317 4543 6407
3 6891 6602 6408
3 4089 6644 6408
3 6408 6409 4556
3 4863 5580 6409
3 3948 6410 5594
3 3948 5519 7217
3 4004 6411 5097
3 4004 5291 6411
3 7004 7486 4617
3 4002 5126 6412
3 4916 6413 4507
3 4916 6475 6413
3 5114 6414 4231
3 5967 4483 6414
3 2 6415 5992
3 2 1 6415
3 3967 6416 5484
3 5767 5149 6416
3 5919 6417 4763
3 5919 7397 6417
3 4545 6418 5393
3 5026 7262 6418
3 5441 6419 5440
3 4939 7480 6419
3 7292 6819 5183
3 4620 5226 6420
3 6937 6421 5153
3 4369 7370 6421
3 6178 6422 4144
3 6178 4662 6422
3 7075 6423 4527
3 4405 5988 6423
3 5461 6424 4992
3 4091 5814 6424
3 4510 6425 4886
3 4510 5384 6845
3 4182 6426 5131
3 4980 6311 6426
3 5823 6427 4874
3 4152 5931 6427
3 5640 6428 17
3 4629 5331 6428
3 4521 6429 5156
3 4521 7271 6429
3 6717 6430 4609
3 4072 6612 6430
3 6432 6431 4506
3 5174 4068 6431
3 6921 6432 4227
3 5174 6431 6432
3 4323 6433 5125
3 4928 5736 6433
3 5741 6434 4613
3 4025 5560 6434
3 5095 6435 3967
3 5095 7039 6435
3 4305 6436 5231
3 4305 5230 6436
3 6351 6437 5102
3 4056 6886 6437
3 6306 6438 5100
3 4511 5099 6438
3 5223 6439 4511
3 3997 5099 6439
3 6488 6440 4105
3 4627 5388 6849
3 5837 6441 4515
3 4838 6058 6441
3 4053 6442 5227
3 4053 5071 6442
3 6442 6443 5227
3 4515 5225 6443
3 6126 6444 4586
3 66 5354 6444
3 5268 6445 4674
3 4563 6565 6445
3 6365 6446 4828
3 6365 4277 6446
3 6645 6447 4432
3 5024 6740 6447
3 6498 6448 4255
3 5139 4074 6827
3 5716 6449 4590
3 4205 5102 6449
3 6094 6450 4623
3 6094 5062 6450
3 5562 6451 4710
3 4280 5374 6451
3 6335 6452 4908
3 4873 4258 6452
3 4295 6453 5462
3 4555 5466 6453
3 4217 6454 5190
3 4217 4993 6454
3 5901 6455 5257
3 4887 5577 6455
3 4474 6456 5143
3 5719 4849 7498
3 5566 6457 4029
3 5566 5807 6457
3 4536 6458 5391
3 4536 5187 6458
3 6852 6459 4828
3 5237 4750 7334
3 4053 6460 5071
3 4053 6901 6460
3 51 6461 52
3 4946 4631 6461
3 5219 6462 4050
3 5219 4504 6462
3 6537 6463 4741
3 4663 6982 6463
3 12 6464 13
3 12 5977 6464
3 6325 7148 4523
3 4191 6004 6465
3 4090 6466 5176
3 5550 4468 6466
3 5205 6467 4126
3 5205 5500 6467
3 4571 6468 5468
3 4571 5417 6832
3 5756 6469 4069
3 5756 4388 6469
3 4309 6470 5431
3 5567 108 6470
3 6472 6471 4755
3 4709 5448 6471
3 6251 6472 4755
3 4121 5885 6472
3 6471 6473 4755
3 6471 3977 6473
3 192 6474 191
3 7538 5036 4655
3 6413 6475 4068
3 4916 7348 6475
3 5852 6476 4542
3 4523 5118 6476
3 6875 6477 4892
3 6476 4001 6477
3 3917 6478 3916
3 3917 6599 6478
3 6198 6479 4119
3 6894 4304 5490
3 5973 6480 4395
3 6785 4013 6660
3 4595 6878 6464
3 4933 14 6481
3 105 6482 106
3 5949 4482 6482
3 4346 6483 6295
3 5524 4106 6483
3 5735 7206 4658
3 4657 5746 6484
3 5520 6485 4657
3 4199 6546 6485
3 7206 6486 4657
3 4096 5825 7017
3 3959 6487 5477
3 5654 5041 6487
3 5685 6488 4105
3 4705 5330 7514
3 6356 6489 3999
3 7111 4184 6055
3 4968 6490 6489
3 4968 5834 6490
3 4139 7074 6075
3 4742 7072 6491
3 6960 6492 3949
3 4648 7485 6492
3 5281 6493 4580
3 4298 7497 6493
3 5459 6494 4733
3 4114 5281 6494
3 4923 6495 6110
3 4177 4933 6878
3 6709 6496 4860
3 4524 5690 6496
3 4524 6497 5397
3 4524 5396 7575
3 4520 6498 5311
3 5139 6448 6498
3 4596 6499 5680
3 4596 5584 6499
3 4081 6500 5030
3 5753 4416 6500
3 5761 6501 4971
3 4525 6502 6501
3 5215 6502 4525
3 5215 175 6502
3 5536 6503 4786
3 3983 7559 6503
3 7468 6504 4149
3 4559 4867 6504
3 6108 6505 4562
3 6108 5793 6505
3 5419 6506 4565
3 4287 5179 6506
3 5332 6507 4130
3 4565 7320 6507
3 6332 6508 4937
3 4750 5237 6508
3 6055 6509 4550
3 6055 4724 6509
3 5548 6510 4812
3 4322 5610 6510
3 5692 6511 4054
3 4812 6510 6511
3 3931 6512 5107
3 3931 6218 6512
3 4226 6513 5106
3 4226 7050 6513
3 5106 6514 4083
3 4528 6101 6514
3 5064 6515 5964
3 5245 4257 6515
3 7109 6516 4669
3 5874 4102 6516
3 4498 6517 5478
3 4498 6883 6517
3 5834 6518 4184
3 4723 5320 6518
3 6520 6519 4546
3 4136 5947 6519
3 5778 6520 4356
3 5778 6519 6520
3 4198 6521 5696
3 4198 5703 6521
3 4063 6522 5320
3 4941 4390 6522
3 7171 6523 4897
3 5212 3858 6523
3 6732 6524 4168
3 5130 4865 6524
3 6526 6525 4130
3 4762 5243 6525
3 6507 6526 4130
3 5042 5655 6526
3 5608 6527 4662
3 4661 5820 6527
3 5450 6528 4638
3 5474 4453 6528
3 5763 6529 4782
3 3871 3872 6529
3 184 6530 5253
3 184 185 6530
3 6814 6531 5070
3 4321 5245 6531
3 4856 6532 6179
3 3977 5270 6532
3 196 6533 6224
3 197 5450 6533
3 5904 6534 4919
3 4011 6340 6534
3 5858 6535 4415
3 5037 6140 6535
3 4589 6536 5670
3 4589 5204 6536
3 6032 6537 4741
3 4195 6990 6537
3 6326 6538 5016
3 4485 5704 6538
3 6304 6539 5019
3 4188 5911 6539
3 7185 6540 4789
3 4276 6421 6540
3 6172 6541 4005
3 4572 6912 6541
3 3931 6542 5150
3 5559 4363 6542
3 5457 6543 4651
3 3943 5634 6543
3 4486 6544 5451
3 5363 4342 6544
3 6642 6545 4151
3 5299 4623 6545
3 4745 6546 6011
3 4199 5436 6546
3 6664 6547 4371
3 4994 6246 7408
3 3936 6548 5815
3 3936 7182 6548
3 4035 6549 6035
3 5110 6645 6549
3 5327 7164 4283
3 4698 6124 6550
3 7358 7309 5259
3 4739 5652 6551
3 4157 6552 6219
3 5036 6220 6552
3 6576 6553 4665
3 4097 5820 6553
3 5279 6554 6153
3 4688 6686 7445
3 6128 6555 4104
3 4538 5615 6555
3 5336 6556 4538
3 3880 3881 6556
3 5187 6557 4058
3 4537 5619 6557
3 6559 6558 4536
3 5182 4228 6558
3 5182 6559 4005
3 5182 6558 6559
3 5889 6560 4483
3 5889 4320 6560
3 6401 6561 4297
3 4966 4566 6561
3 6968 6562 4566
3 5379 4062 6562
3 5381 6563 4021
3 4566 4966 6563
3 4299 6564 5416
3 6154 4459 6564
3 5499 6565 4711
3 3979 6445 6565
3 5265 6566 4587
3 4059 6375 6566
3 5338 6567 4377
3 5338 7371 6567
3 4597 6568 5430
3 6095 5023 6568
3 6263 6569 5642
3 4727 5408 6569
3 4040 6570 5208
3 4040 5501 6590
3 5412 6571 4070
3 4587 5657 6571
3 5783 6572 4622
3 6317 4530 6572
3 5026 6573 4544
3 4059 6339 6573
3 4544 6574 5398
3 4544 6575 6574
3 6573 6575 4544
3 5050 4311 6575
3 4097 6576 6322
3 4665 5712 6576
3 6778 6577 3996
3 5367 4553 6577
3 6064 6578 4911
3 4553 5788 6578
3 7145 6579 5541
3 4929 6652 6579
3 4935 6580 4343
3 4935 5511 6580
3 6624 6581 5017
3 4610 6767 6581
3 5088 6582 4589
3 4234 5089 6582
3 6678 6583 5113
3 3908 5762 6583
3 6217 6584 4874
3 5321 7414 6584
3 5468 6585 4571
3 3975 6214 6585
3 6898 6586 4554
3 4918 5912 6586
3 6790 6587 5177
3 4425 6188 6587
3 4982 6588 4223
3 4982 4091 6748
3 5132 6589 4183
3 4846 6782 6589
3 4040 6590 6570
3 5501 4466 6590
3 6727 6591 4235
3 4802 7115 6591
3 4266 6592 5300
3 4266 7268 6592
3 4492 6593 6191
3 4492 6192 6593
3 6593 6594 4552
3 6192 4055 6594
3 6593 6595 4938
3 6595 7335 7333
3 4032 7091 5469
3 4323 5125 6596
3 6305 6597 4134
3 6305 5354 6597
3 5359 6598 4247
3 5359 4510 6598
3 5075 6599 3918
3 5075 5708 6599
3 6601 6600 4167
3 4585 4989 6600
3 4964 6601 4167
3 4694 5239 7580
3 6408 6602 4089
3 6408 4556 6891
3 4608 6603 5501
3 6603 7422 7407
3 5692 6604 4812
3 5663 5548 6604
3 4239 6605 5123
3 5124 4448 6605
3 5372 6606 3966
3 5372 4450 6606
3 4031 6607 5476
3 4031 5241 6607
3 5468 6608 3975
3 5468 4487 6608
3 6292 6609 4728
3 3932 5487 6609
3 4670 6610 6225
3 4670 7504 6610
3 6612 6611 4713
3 5017 7003 6611
3 6430 6612 4713
3 6624 4610 6581
3 4136 6613 5947
3 4136 5617 6613
3 6615 6614 4169
3 4755 6473 6614
3 5272 6615 4169
3 4756 6251 6615
3 7198 6616 5609
3 38 37 6616
3 4409 6617 5511
3 4409 5106 6617
3 5167 6618 4625
3 4183 6589 6618
3 7403 6619 5319
3 4613 5164 6619
3 4774 6620 6479
3 6633 5165 7289
3 6605 6621 5123
3 4448 7359 6621
3 3858 6622 3857
3 5212 6763 6622
3 4556 6623 5915
3 5446 4492 6623
3 4072 6624 6612
3 4072 5316 6624
3 4334 6626 5575
3 4561 5015 6625
3 6112 6626 4334
3 5512 4561 6626
3 7101 6627 4561
3 7113 4823 5015
3 4462 6628 4894
3 5770 3984 6628
3 4535 6629 5326
3 4535 5771 6629
3 4457 6630 5217
3 5135 4249 6630
3 5315 7077 4073
3 5382 4860 6631
3 5295 6632 4584
3 4101 6080 6632
3 4774 6633 6620
3 4774 6245 6633
3 5154 6634 5685
3 5154 4477 6634
3 6347 6635 4206
3 5295 4584 6635
3 5709 6636 4600
3 4370 5863 6636
3 4734 6637 6229
3 5266 7070 6637
3 5331 6638 4316
3 4629 7523 6638
3 4095 6639 5833
3 5689 4686 6639
3 6953 6640 4666
3 4087 5370 6640
3 6324 6641 4983
3 4624 5389 6641
3 5299 6642 4624
3 4151 7532 6642
3 6113 6643 4558
3 6113 5053 6643
3 4863 6644 6036
3 4089 6354 6644
3 6447 6645 5024
3 4432 6549 6645
3 5271 6646 4529
3 5271 4264 6646
3 35 6647 36
3 6189 4578 6647
3 6165 6648 5421
3 4639 5976 7566
3 4639 6649 5976
3 4639 5352 6649
3 5443 6987 4309
3 4821 6977 6650
3 4358 6651 5273
3 4358 5750 6651
3 4214 6652 5157
3 4929 6125 6652
3 5717 6653 5114
3 5717 4354 6653
3 4194 6654 5045
3 4194 5094 6654
3 4088 6655 5014
3 4088 5504 6655
3 6389 6656 4202
3 4594 5504 6656
3 5475 6657 4594
3 3963 6928 6657
3 5270 6658 4569
3 4264 7319 6658
3 7514 6659 4627
3 5330 4424 6659
3 6252 6660 4847
3 6252 4634 6660
3 6756 6661 4133
3 5251 6662 6661
3 4925 6662 4269
3 4643 6661 6662
3 5851 6663 4378
3 6824 3942 5427
3 4994 6664 3930
3 4994 6547 6664
3 6327 6665 4170
3 4560 6666 6665
3 6665 6666 5027
3 4560 5854 6666
3 7056 6667 3978
3 5716 4590 6667
3 7067 6668 4187
3 4590 5211 6668
3 4421 6669 5979
3 4421 5978 6669
3 5979 6670 4110
3 4564 5630 6670
3 6450 6671 5518
3 4206 6635 6671
3 6332 6672 4166
3 5729 4628 6672
3 4248 6673 5129
3 4927 5718 6673
3 7094 6704 4238
3 5195 4579 6674
3 6103 6675 4809
3 4445 6104 6675
3 7225 6676 4495
3 5172 4248 6676
3 4353 6677 5732
3 7103 4942 6072
3 4472 6678 5113
3 5775 3906 6678
3 6680 6679 4976
3 3993 6419 7480
3 7130 6680 4976
3 7208 5111 3993
3 6005 6681 4093
3 5057 6682 6681
3 4976 6682 4200
3 4640 6681 6682
3 6451 6683 4710
3 6451 5374 6683
3 4409 6684 5543
3 4409 4935 6684
3 4261 6685 5206
3 5117 4439 6685
3 4940 6686 4688
3 4171 6694 6686
3 5471 6687 5090
3 4546 6025 6687
3 6026 6688 3863
3 4667 5283 6688
3 4495 6689 5635
3 4881 5653 6689
3 5387 6690 4063
3 5387 4462 6690
3 6177 6691 4983
3 7143 6205 80
3 7178 6692 4117
3 4592 6177 6692
3 5949 6693 4482
3 4704 5351 6693
3 5166 6694 5514
3 4171 6385 6694
3 5975 6695 4270
3 5032 4024 6695
3 5491 6696 4135
3 5491 4419 6696
3 4320 6697 5027
3 6290 5274 6697
3 6699 6698 4232
3 4760 7357 6698
3 5723 6699 4232
3 4726 6887 6699
3 4954 6700 5942
3 4094 5695 6700
3 5088 6701 4025
3 5088 4589 6701
3 5488 6702 3989
3 6703 4177 6495
3 4805 6703 6702
3 4805 6149 6703
3 6674 6704 5195
3 6674 4238 6704
3 7308 6705 5626
3 4537 5301 6705
3 6194 7168 4656
3 3947 6852 6706
3 5520 6707 4199
3 6706 4973 6707
3 5140 6708 4305
3 5140 4417 6708
3 4524 6709 5396
3 4860 5759 6709
3 6863 6710 4685
3 3985 5249 7535
3 5970 6711 4092
3 5167 4625 6711
3 7237 6712 4533
3 5064 4306 6712
3 7345 6713 5344
3 4872 5914 6713
3 5187 6714 4537
3 5187 4228 6714
3 4900 6715 3938
3 4653 5993 6715
3 5676 6716 3937
3 4681 6840 7220
3 5552 6717 4307
3 5552 6430 6717
3 5553 6718 4016
3 4609 5022 6718
3 4514 6719 5432
3 4514 6405 6719
3 4869 6720 3964
3 4869 4576 6720
3 7077 6721 4576
3 5315 4262 6721
3 7100 6722 4003
3 4577 5009 6722
3 6059 6723 4463
3 4692 6061 6869
3 5046 6724 4194
3 5046 6297 6724
3 3991 6725 6018
3 6106 4756 6725
3 5381 6726 5866
3 4021 6950 6726
3 5279 6727 4235
3 5279 4356 6727
3 6729 6728 4598
3 4291 6309 6728
3 5623 6729 4598
3 4186 5441 6729
3 4252 6730 5412
3 4252 5265 6730
3 5130 6731 3930
3 5130 4611 6731
3 5580 6732 4168
3 4611 5130 6732
3 6246 6733 5578
3 4611 6732 6733
3 7389 6734 5033
3 4449 5200 6734
3 6736 6735 4712
3 5216 4250 6735
3 5799 6736 4712
3 4017 5216 6736
3 5682 6737 4367
3 5682 4071 7404
3 5744 6738 4861
3 4014 7500 6738
3 7135 6739 4616
3 180 181 6739
3 6447 6740 3928
3 5024 4326 7222
3 49 6741 50
3 49 5073 6741
3 4000 6742 5146
3 4777 5823 6743
3 6742 6743 4673
3 6742 4777 6743
3 5036 6744 4655
3 5036 6552 6744
3 6746 6745 5146
3 4591 5380 6745
3 5201 6746 4236
3 5201 6914 6746
3 5462 6747 4603
3 3965 7512 6747
3 6588 6748 4603
3 6588 4982 6748
3 4398 6749 5167
3 5014 7463 6749
3 4173 6750 4951
3 6179 4569 6750
3 4796 6751 6278
3 4796 6941 6751
3 5101 7301 4120
3 4833 5735 6752
3 5126 6753 6412
3 4256 5307 6753
3 6352 6754 4204
3 5248 4820 6754
3 5406 6755 4418
3 5406 4071 6755
3 6661 6756 5251
3 4133 5158 6756
3 4008 6757 5842
3 4008 5247 6757
3 5757 6758 4010
3 5757 6854 6758
3 4143 6759 5877
3 6760 4671 5725
3 4143 6760 6759
3 4143 5035 6760
3 4017 6761 5400
3 4984 4414 6761
3 98 6762 5765
3 97 5322 6762
3 4263 6763 5212
3 4263 6314 6763
3 5608 6764 4661
3 4889 5754 6764
3 4487 6765 5584
3 4986 6936 6765
3 4093 6766 6005
3 5120 7410 6766
3 5867 6767 4610
3 5867 4788 7192
3 5385 6768 4612
3 7269 4767 5407
3 4411 6769 5991
3 4644 5588 6769
3 6225 6770 4154
3 5049 4279 7521
3 4060 6771 5297
3 5376 4371 6771
3 5304 6772 4082
3 4604 5444 6772
3 3939 6773 5305
3 3939 4990 6773
3 5304 6774 4604
3 4255 5305 6774
3 5312 6775 4605
3 4278 5411 6775
3 4605 6776 5573
3 4605 5411 6776
3 7497 6777 5707
3 4298 5282 6777
3 5367 6778 4615
3 5367 6577 6778
3 5438 6779 4615
3 4244 6395 6779
3 5091 6780 4615
3 5091 4243 6780
3 5965 6781 4007
3 4827 5480 7534
3 6589 6782 4932
3 6373 4290 6782
3 5556 6783 5531
3 5556 4359 6783
3 5293 6784 5294
3 5293 26 6784
3 4826 6785 6480
3 4826 5535 6785
3 5666 6786 4387
3 6890 4078 5531
3 6536 6787 4936
3 4179 5303 6787
3 7244 6788 5357
3 4127 7267 6788
3 5356 6789 4626
3 5356 6972 6789
3 4425 6790 5425
3 5177 4061 6790
3 5731 6791 4699
3 4079 5605 6791
3 4262 6792 5280
3 4262 5315 6792
3 4402 6793 5817
3 4402 5268 6793
3 6837 6794 5209
3 4637 5568 6794
3 6237 6795 4460
3 5800 4637 6795
3 7106 6796 5152
3 6059 4463 6796
3 4141 6797 5678
3 4141 6348 6797
3 4588 6798 5497
3 5534 6973 6798
3 5101 6799 4251
3 4687 5253 6799
3 5253 6800 183
3 4687 5505 6800
3 4444 6801 5701
3 5165 3972 6801
3 4359 6802 5445
3 4359 6920 6802
3 5919 6803 3923
3 5919 4763 6803
3 5814 6804 4422
3 6204 4531 6804
3 5258 6805 4970
3 5258 87 6805
3 4787 6806 6105
3 4787 5151 6806
3 7393 6807 4824
3 6183 4160 6807
3 6277 6808 5091
3 4051 6237 6808
3 4075 6809 5954
3 5821 5385 6809
3 6971 7467 4223
3 4805 5488 6810
3 4281 6811 6333
3 4281 5414 6811
3 4718 6812 5609
3 4718 7327 6812
3 4727 6813 5948
3 5070 6531 6813
3 4165 6814 5070
3 4959 5594 6814
3 5669 6815 4799
3 4158 5522 6815
3 5213 6816 5039
3 5213 6314 6816
3 4465 6817 5721
3 4465 6029 6817
3 7354 6818 4620
3 5227 4241 6818
3 5183 6819 6420
3 4242 5263 6819
3 4979 6820 4323
3 4898 6049 6820
3 4508 6821 5769
3 5693 4060 6821
3 5364 6822 6018
3 4893 6294 6822
3 4934 6823 4192
3 4693 5782 6823
3 4852 6824 6663
3 4852 6091 6824
3 5305 6825 3939
3 4618 6826 6825
3 5308 6826 4256
3 5308 6825 6826
3 6826 6827 5307
3 4618 6448 6827
3 6023 6828 4621
3 5032 5975 6828
3 5695 6829 4619
3 5695 4930 6829
3 6285 6830 3948
3 5142 5872 6830
3 4733 6831 5266
3 6494 4580 6831
3 6890 6832 4078
3 6468 4571 6832
3 5498 6833 4301
3 5498 5644 6833
3 5601 6834 190
3 4630 5563 6834
3 5576 6835 4327
3 5576 5103 6835
3 6329 6836 4163
3 5108 7495 6836
3 6795 6837 6238
3 4637 6794 6837
3 5696 6838 4198
3 5261 6950 6838
3 4925 6839 4681
3 4925 5802 6839
3 7220 6840 5623
3 4681 6839 6840
3 6021 6841 4435
3 5587 4725 6841
3 5176 6842 5629
3 4641 5371 6842
3 4132 6843 5997
3 4132 6173 6843
3 5176 6844 4641
3 6466 4468 6844
3 4510 6845 6425
3 5384 92 6845
3 5952 6846 4519
3 5952 4094 6846
3 4905 6847 6199
3 4212 5561 6847
3 7080 6848 4746
3 4303 5278 6848
3 6440 6849 5386
3 5388 6957 6849
3 5907 6850 4700
3 5907 4256 6850
3 4088 6851 5504
3 4088 5136 6851
3 6459 6852 5237
3 4828 6446 6852
3 7010 6853 4247
3 5256 5464 6853
3 6758 6854 4633
3 5757 4388 6854
3 6610 6855 5049
3 4246 5047 6855
3 7161 6856 4196
3 5651 5002 6856
3 5147 6857 4175
3 5147 6224 6857
3 5660 6858 4858
3 4033 5039 6858
3 5946 6859 4684
3 4998 6361 6859
3 6862 6860 4632
3 5221 4245 6860
3 5438 6861 4244
3 4632 5772 6861
3 5221 6862 3996
3 5221 6860 6862
3 5858 6863 4685
3 4415 5859 6863
3 5928 6864 3973
3 6009 4778 6864
3 5996 6865 4979
3 7296 6207 4898
3 6316 6866 4978
3 4218 5986 6866
3 45 6867 46
3 5420 4810 6867
3 6945 6868 4567
3 6053 4103 6868
3 6057 6869 4328
3 6057 6723 6869
3 6016 6870 4894
3 4476 6301 6870
3 5325 6871 4155
3 5325 7520 6871
3 6871 7520 4677
3 4888 6947 6872
3 5672 6873 5840
3 4677 5743 6873
3 5949 7141 4704
3 104 103 6874
3 4542 6875 5877
3 4892 6176 6875
3 5521 6876 4689
3 5902 4182 6876
3 6001 6877 5047
3 4375 6100 6877
3 6481 6878 4933
3 6481 6464 6878
3 6880 6879 4923
3 4752 5720 7313
3 6110 6880 4923
3 6881 4910 6117
3 4176 6881 6880
3 6882 4635 6897
3 4176 6882 6881
3 4176 4924 6882
3 6517 6883 4951
3 4498 6386 6883
3 4423 6884 5369
3 5198 5726 6884
3 5378 6885 4285
3 5378 4401 6885
3 6019 6886 4056
3 6019 4649 6886
3 6699 6887 4760
3 4726 5642 6887
3 7180 6888 5723
3 7346 6180 4748
3 5468 6889 4487
3 6468 4719 6889
3 4719 6890 6786
3 4719 6468 6890
3 5915 6891 4556
3 5915 4989 6891
3 5972 6892 4285
3 4634 6252 6892
3 5595 6893 6196
3 4066 5516 6893
3 4621 6894 6023
3 6620 4304 6894
3 4202 6895 5720
3 4202 6656 6895
3 4502 6896 5234
3 4502 6382 6896
3 6896 6897 4635
3 4048 5409 6897
3 7040 7307 4138
3 4918 6586 6898
3 5908 6899 4396
3 5016 7507 6899
3 7110 6900 4237
3 5277 6901 6900
3 6900 6901 4642
3 5277 6460 6901
3 5263 6902 4642
3 4242 7464 6902
3 7399 6903 5358
3 4996 5565 6903
3 4294 6904 5457
3 5214 4884 6904
3 7185 6905 4276
3 5351 4704 6905
3 6907 6906 4644
3 7100 5280 6722
3 6769 6907 4644
3 4411 5989 6907
3 162 6908 5007
3 163 164 6909
3 163 6909 6908
3 164 5914 6909
3 6186 6910 4798
3 4189 5474 6910
3 5834 6911 4723
3 5834 7428 6911
3 4211 6912 5926
3 4211 6114 6912
3 5659 6913 3963
3 4666 6373 6913
3 5379 6914 4062
3 5379 4591 6914
3 5365 6915 5053
3 6917 4836 7112
3 6643 6916 3988
3 6915 4849 6916
3 4229 6917 6915
3 7465 6228 4836
3 4977 6918 4203
3 4741 7106 6918
3 88 6919 89
3 7504 5258 6610
3 4454 6920 5556
3 4454 7362 6920
3 5175 6921 4227
3 5175 4507 6921
3 6659 6922 4627
3 5910 3984 6922
3 7116 6923 4749
3 4169 6614 6923
3 5546 6924 4173
3 6923 4856 6924
3 6926 6925 4211
3 4678 5250 6925
3 6927 6926 4211
3 4864 7022 6926
3 5926 6927 4211
3 4946 6067 6927
3 6913 6928 3963
3 4846 5132 6928
3 5192 6929 4708
3 5192 4098 6929
3 5793 6930 4659
3 4084 5456 7261
3 5906 6931 4028
3 4700 5340 6931
3 5940 6932 5054
3 4747 6082 6932
3 4142 6933 6044
3 5530 4429 6933
3 6167 6934 4646
3 5894 4428 6934
3 4180 6935 5444
3 4180 4972 6935
3 6765 6936 4172
3 4986 6151 6936
3 4369 6937 5591
3 4369 6421 6937
3 5118 6938 4684
3 6004 4500 6938
3 4684 6939 5946
3 4684 6938 6939
3 5700 6940 4988
3 5700 5668 6940
3 5962 6941 4796
3 5962 3935 6941
3 6886 6942 5211
3 4649 5104 7452
3 5178 6943 4303
3 5178 4148 6943
3 5651 6944 4197
3 5004 7444 6944
3 4459 6945 6215
3 4949 6868 6945
3 4151 6946 5863
3 5518 4600 6946
3 6872 6947 4362
3 4888 3950 6947
3 4427 6948 4921
3 5629 3966 6948
3 5093 6949 4740
3 5093 7263 6949
3 6726 6950 5261
3 7513 5001 6951
3 6950 6951 4819
3 7247 6310 4204
3 4204 6952 6951
3 6754 4820 6952
3 5659 6953 4666
3 5659 4344 6953
3 4363 7175 5599
3 4753 7174 7321
3 3929 6955 5175
3 5847 4507 6955
3 4985 6956 3895
3 5736 4928 6956
3 4462 6957 5770
3 5387 7479 6957
3 7022 6958 4678
3 5073 4314 6958
3 5582 6959 4678
3 4030 5250 6959
3 5302 6960 5632
3 4701 7065 6960
3 4076 6961 5232
3 4076 5570 6961
3 6009 6962 4778
3 4832 6131 6962
3 5222 6963 5517
3 5222 4244 6963
3 7199 6964 5089
3 7029 4844 5204
3 4086 6965 5458
3 5144 6304 6965
3 4215 6966 5210
3 4215 5769 6966
3 6966 6967 5210
3 4758 5432 6967
3 6562 6968 5379
3 5381 4272 6968
3 5030 6969 5859
3 4669 6081 6969
3 4269 6970 5805
3 5251 6756 6970
3 5472 6971 4223
3 6791 4885 6971
3 5535 6972 5356
3 5535 5392 6972
3 5412 6973 4672
3 4070 6798 6973
3 7125 6974 4225
3 5169 4672 6974
3 5864 6975 4672
3 5864 5264 6975
3 3937 6976 5676
3 6121 4956 6976
3 6650 6977 4664
3 4821 5117 7368
3 4664 6978 5567
3 4664 5665 6978
3 5658 6979 4903
3 4809 7166 6979
3 6455 6980 4887
3 5901 5255 6980
3 4164 6981 5675
3 5398 4581 6981
3 5269 6982 4663
3 4480 6256 6982
3 6022 6983 4709
3 6022 4098 6983
3 4367 6984 6342
3 5683 6108 6984
3 4257 6985 5244
3 4257 5760 6985
3 5465 6986 4777
3 5465 4152 6986
3 4309 6987 6650
3 5443 4034 6987
3 6439 6988 3997
3 5223 7129 6988
3 7466 6989 5536
3 4229 5365 6989
3 6303 6990 4195
3 4902 7425 6990
3 4735 6991 5532
3 5429 4806 7376
3 4164 6992 6372
3 5675 4540 6992
3 3977 6993 5270
3 3977 5448 6993
3 4574 6994 5366
3 4574 7418 6994
3 5667 6995 4387
3 5667 4447 6995
3 4671 6996 5998
3 4671 6116 6996
3 4847 6997 5303
3 6660 4013 6997
3 4114 6998 5195
3 4114 5459 6998
3 7224 6999 4722
3 4239 6064 6999
3 4986 7000 6151
3 4077 5363 7000
3 6196 7001 4318
3 5383 4878 7001
3 6581 7002 4675
3 6767 3998 7002
3 5786 7003 4675
3 5786 4854 7003
3 4347 7004 5679
3 5286 7486 7004
3 6489 7005 3999
3 6489 4575 7005
3 6802 7006 5445
3 4052 5349 7006
3 4690 7007 6366
3 5033 6734 7007
3 5843 7008 4095
3 6321 4691 7008
3 5707 7009 4795
3 6752 4658 7009
3 5257 7010 4247
3 5257 4481 7010
3 4573 7011 6052
3 4596 5680 7011
3 5348 7012 4689
3 6276 3990 7012
3 6876 7013 4689
3 5984 4475 7013
3 6100 7014 5491
3 4375 5116 7014
3 6027 7131 3934
3 5454 4682 7015
3 7015 7016 5687
3 4682 4960 7016
3 4096 7017 6486
3 5825 4656 7017
3 5947 7018 4766
3 4714 6272 7018
3 5947 7019 4714
3 6613 4713 7019
3 7067 7020 5006
3 4306 5453 7020
3 6664 7021 3930
3 5375 4300 7021
3 6926 7022 4678
3 4864 6741 7022
3 7055 7023 5233
3 4761 5655 7023
3 5131 7024 4914
3 5131 4221 7024
3 4486 7025 6083
3 5451 3874 7025
3 6227 7026 4193
3 5740 4781 7026
3 4609 7027 5022
3 5617 4136 7027
3 5544 7028 4844
3 4230 6252 7028
3 3944 7029 6964
3 3944 5544 7029
3 6501 7030 4971
3 178 179 7030
3 6742 7031 5146
3 4673 5323 7031
3 5698 7032 4679
3 5698 7280 7032
3 5552 7033 4679
3 4307 5632 7033
3 7035 7034 4854
3 4484 6273 7034
3 5622 7471 4854
3 5031 6274 7035
3 5934 7036 4066
3 5547 4575 7036
3 5766 7037 4118
3 5766 7038 7037
3 7037 7038 4676
3 4373 5767 7038
3 4676 7039 5329
3 4676 6435 7039
3 7042 7040 4754
3 7307 6898 4138
3 5803 7041 3926
3 4754 5727 7041
3 7419 7042 5803
3 4312 4890 7042
3 5194 7043 5140
3 5194 7 7043
3 22 7044 23
3 22 6364 7044
3 6115 7045 4851
3 4740 5883 7045
3 186 7046 185
3 5374 7326 7046
3 5765 7047 99
3 4771 5591 7047
3 7164 7048 4698
3 5327 3927 7048
3 5953 7049 4518
3 5953 3934 7049
3 4389 7050 5254
3 5107 6513 7050
3 4250 7051 5410
3 5614 7455 7051
3 6794 7052 4237
3 5568 4683 7052
3 5273 7053 4103
3 6651 4683 7053
3 3887 7054 3886
3 5269 4663 7425
3 5716 7055 4205
3 4761 7023 7055
3 5655 7056 4762
3 4761 5716 7056
3 6258 7057 5141
3 4293 5996 7057
3 7059 7058 5362
3 4782 5285 7058
3 7058 7059 4782
3 5362 4119 7059
3 6931 7060 4028
3 5340 7061 7060
3 7060 7061 4680
3 5340 4273 7061
3 5802 7062 4124
3 4680 7061 7062
3 9 7063 10
3 5234 6896 7519
3 6257 7064 3888
3 6257 4480 7064
3 5699 7065 4701
3 6322 4648 7065
3 27 7066 5941
3 27 26 7066
3 5529 7067 4187
3 5005 7020 7067
3 5453 7068 5243
3 5964 6515 7068
3 5781 7069 4401
3 4696 7096 7069
3 6831 7070 5266
3 5955 3986 7070
3 5650 7071 5821
3 4751 5470 7071
3 6491 7072 6077
3 4742 5575 7072
3 4426 7073 6148
3 4426 6147 7073
3 6075 7074 6491
3 4139 6148 7074
3 7373 7075 4808
3 4527 6253 7075
3 5559 7076 4389
3 5559 3931 7076
3 6721 7077 5315
3 4576 5382 7077
3 6534 7078 4288
3 5105 5673 7078
3 5988 7079 6423
3 4118 5437 7079
3 5868 7080 4446
3 5178 6848 7080
3 4594 7081 6655
3 5132 4183 7463
3 4396 7082 5068
3 4396 5321 7082
3 5064 7083 6515
3 5064 7237 7083
3 5969 7084 4948
3 5969 5486 7084
3 7114 7085 5454
3 4197 5738 7085
3 6394 7086 4686
3 4275 7249 7086
3 5532 7087 4686
3 3956 5832 7087
3 5467 7088 4900
3 4163 6836 7088
3 6323 7089 4728
3 6323 4760 7089
3 4366 7090 5238
3 5122 6170 7090
3 5469 7091 6596
3 4032 7491 7091
3 4005 7092 5182
3 5044 6114 7092
3 4673 7093 5323
3 5822 4080 7093
3 6255 7094 5119
3 6255 5215 7094
3 6318 7095 5891
3 4891 5892 7095
3 3959 7096 5628
3 3959 5052 7096
3 5540 7097 5116
3 5540 85 7097
3 6069 7098 5058
3 4200 7390 7098
3 7098 7099 5058
3 7565 6367 3927
3 4840 7100 6906
3 4840 5313 7100
3 5512 7101 4561
3 4790 7383 7101
3 5203 7102 5705
3 5203 4006 7102
3 4353 7103 6677
3 4353 5730 7103
3 5272 7104 4333
3 5272 4169 7104
3 5380 7105 4272
3 5380 4591 7105
3 6918 7106 5152
3 6463 4043 7106
3 4659 7107 5537
3 5639 4023 7107
3 5937 7108 3981
3 5309 4820 7108
3 5030 7109 4669
3 6500 4416 7109
3 5288 7110 4237
3 5288 4516 7110
3 4575 7111 5516
3 6490 4184 7111
3 6917 7112 4849
3 4836 5872 7112
3 4129 7113 6627
3 4129 5647 7113
3 4413 7114 5454
3 4987 5651 7114
3 4146 7115 6145
3 5224 6591 7115
3 7104 7116 4855
3 4169 6923 7116
3 5337 7117 4328
3 4749 5546 7117
3 7121 7118 4289
3 5739 4702 7118
3 7545 7119 5148
3 4011 5904 7119
3 7121 7120 4703
3 3942 7456 7120
3 7120 7121 5427
3 4703 5739 7121
3 5982 7122 4695
3 5982 3941 7122
3 6017 7123 4921
3 4350 5460 7123
3 7257 7124 4792
3 6079 4102 7124
3 5558 7125 4225
3 4715 5169 7125
3 5957 7126 4057
3 4715 5558 7126
3 6096 7127 5493
3 6096 4455 7127
3 5406 7128 5418
3 5406 4348 7128
3 5534 7129 4225
3 5534 4588 7129
3 6069 7130 4976
3 4391 5879 7130
3 3934 7131 7015
3 6027 4413 7131
3 6180 7132 4748
3 6236 4165 7132
3 4647 7133 5882
3 6063 4869 7133
3 5506 7134 4799
3 5506 4038 7134
3 6777 7135 4616
3 5282 179 7135
3 5437 7136 4489
3 5437 4118 7136
3 5436 7137 4532
3 5436 4277 7137
3 4272 7138 5380
3 5112 4227 7138
3 5524 7139 4106
3 4706 7140 7139
3 5310 7140 4467
3 4706 6024 7140
3 6874 7141 104
3 6874 4704 7141
3 4517 7142 5714
3 5170 4400 7142
3 4592 7143 6691
3 4592 6205 7143
3 4845 7144 6082
3 4845 6175 7144
3 62 7145 63
3 4929 6579 7145
3 6314 7146 4899
3 4417 5776 7146
3 4608 7147 6233
3 5795 4934 7147
3 6465 7148 6326
3 6465 4523 7148
3 6098 7149 4772
3 5189 3968 7149
3 4300 7150 5291
3 4300 5693 7150
3 4159 7151 6459
3 4955 6365 7151
3 4603 7152 5462
3 5461 4295 7152
3 6353 7153 4747
3 7454 5301 4845
3 6209 7154 3935
3 5278 5481 7154
3 5861 7155 4711
3 5758 4145 7155
3 4716 7156 5937
3 5208 4464 7156
3 5555 7157 5093
3 5555 4588 7157
3 4050 7158 5549
3 5065 5997 7158
3 4002 7159 5339
3 5944 7382 7159
3 6088 7160 4831
3 4135 6696 7160
3 5721 7161 4196
3 4716 7162 7161
3 7161 7162 5004
3 4716 5937 7162
3 6522 7163 5320
3 4390 5812 7163
3 4283 7164 6550
3 5327 7048 7164
3 5797 7165 4052
3 5797 4420 7165
3 6675 7166 4809
3 4834 5850 7166
3 6298 7167 5177
3 4548 5439 7167
3 6706 7168 3947
3 6706 4656 7168
3 4303 7169 5482
3 4876 6222 7169
3 5133 7170 5394
3 5133 3990 7170
3 5039 7171 4897
3 6816 4263 7171
3 5039 7172 4329
3 5039 4897 7172
3 5613 7173 3860
3 4897 6523 7173
3 6376 7174 4753
3 4181 5510 7174
3 6954 7175 4753
3 6954 5599 7175
3 5403 7176 4399
3 5403 3952 7176
3 4426 7177 5574
3 5079 7205 7177
3 6131 7178 4117
3 4779 6205 7178
3 4757 7179 5199
3 4757 5723 7179
3 6719 7180 4757
3 6719 6405 7180
3 5432 7181 4113
3 5432 6719 7181
3 6346 7381 4975
3 4882 6548 7182
3 6970 7183 5805
3 6970 4636 7183
3 6323 7184 4233
3 6609 5162 7184
3 5509 7185 4789
3 5351 6905 7185
3 5816 7186 4628
3 5816 3976 7186
3 4034 7187 5076
3 4943 5585 7187
3 4842 7188 5404
3 7489 5980 32
3 4999 7189 5399
3 4999 4403 7189
3 45 7190 5420
3 44 5636 7190
3 7280 7191 4260
3 5473 5199 7191
3 5867 7192 6767
3 4788 6050 7192
3 7179 7193 5199
3 4232 6050 7193
3 5034 7194 4434
3 7195 4141 5678
3 5034 7195 7194
3 5034 6020 7195
3 5137 7196 5344
3 5936 4267 7196
3 3869 7197 3868
3 5592 4339 7197
3 4969 7198 5609
3 39 38 7198
3 6025 7199 5089
3 4766 7018 7199
3 5526 7200 4499
3 5526 5618 7200
3 5523 7201 4429
3 5523 3950 7201
3 7201 7202 4429
3 7201 5287 7202
3 160 7203 159
3 160 5713 7203
3 4697 7204 5161
3 5909 4099 7204
3 4725 7205 5079
3 4725 6068 7205
3 4658 7206 6484
3 5735 6486 7206
3 6158 7207 4540
3 6158 5854 7207
3 4737 7208 6680
3 4737 7433 7208
3 5418 7209 4071
3 5418 4505 7209
3 6867 7210 46
3 4810 5581 7210
3 4082 7211 5893
3 6772 5444 7211
3 5785 7212 4181
3 4944 5148 7212
3 5763 7213 3870
3 5763 4909 7213
3 6663 7214 5849
3 4720 5428 7214
3 5635 7215 4331
3 5635 4153 7215
3 5753 7216 4416
3 4948 7084 7216
3 5333 7217 5519
3 5333 7343 7217
3 6105 7218 4142
3 4744 5134 7218
3 4674 7219 6793
3 5809 4167 7219
3 4598 7220 5623
3 6716 4681 7220
3 6076 7221 4947
3 4441 6077 7221
3 6740 7222 4717
3 4326 5598 7222
3 5435 7223 4100
3 4717 7222 7223
3 7202 7224 4722
3 4433 5951 7224
3 3943 7225 5634
3 5172 6676 7225
3 7228 7226 4736
3 4283 6550 7226
3 7226 7227 4736
3 5366 4015 7227
3 5328 7228 4116
3 5328 7226 7228
3 4794 7229 5286
3 4794 5944 7229
3 6797 7230 4794
3 4551 6328 7230
3 4745 7231 6229
3 4745 6011 7231
3 6670 7232 4110
3 4730 5845 7232
3 7235 7233 4730
3 5433 4292 7233
3 5480 7234 4731
3 5480 4110 7234
3 6262 7235 4730
3 4045 5433 7235
3 5886 7236 4731
3 5886 3974 7236
3 4020 7237 5610
3 5064 6712 7237
3 5586 7238 4313
3 5586 4715 7238
3 4765 7239 5848
3 5625 4209 7239
3 4399 7240 5433
3 4399 6327 7240
3 5300 7241 3982
3 5300 6592 7241
3 7093 7242 5323
3 4080 5891 7242
3 5335 7243 4433
3 5335 6119 7243
3 6119 7244 4813
3 4127 6788 7244
3 4767 7245 6027
3 5218 6090 7245
3 4816 7246 5913
3 4019 5684 7246
3 5001 7247 6951
3 5001 5662 7247
3 6004 7248 4500
3 6004 4191 7248
3 5620 7249 4275
3 5620 4735 7249
3 7461 7250 4735
3 4224 5429 7250
3 6727 7251 5078
3 4356 6520 7251
3 5712 7252 4215
3 5097 6411 7252
3 5980 7253 4404
3 4842 5755 7253
3 4842 7254 5755
3 4842 5404 7254
3 6040 7255 5115
3 6040 4108 7255
3 3875 7256 6083
3 3876 5920 7256
3 6632 7257 4792
3 6080 4501 7257
3 33 7258 34
3 4743 6189 7258
3 5842 7259 4822
3 4383 5647 7259
3 6888 7260 4726
3 6888 3962 7346
3 4084 7261 6930
3 5456 4651 7261
3 6418 7262 4164
3 5026 5398 7262
3 4108 7263 5714
3 5093 4517 7263
3 7285 7264 4116
3 5401 7433 7264
3 5824 7265 4814
3 4337 5560 7265
3 6119 7266 4127
3 7265 4815 7266
3 6788 7267 4936
3 7266 4815 7267
3 6592 7268 5754
3 4266 5218 7268
3 4174 7269 6768
3 4174 5754 7269
3 6032 7331 4195
3 4967 4729 7270
3 7581 7271 5365
3 5054 6429 7271
3 5465 7272 4506
3 6358 4000 7272
3 5959 7273 6026
3 4423 5960 7273
3 6006 7274 3969
3 6120 4804 7274
3 5217 7275 4901
3 4249 6095 7275
3 5358 7276 4850
3 5358 4364 7276
3 6170 7277 4029
3 6170 5710 7277
3 5536 7278 3983
3 5536 4521 7278
3 5210 7279 4759
3 5210 6967 7279
3 7032 7280 4260
3 4759 5473 7280
3 6492 7281 3949
3 5098 4759 7281
3 5772 7282 4974
3 4050 5549 7282
3 5341 7283 5838
3 3952 5403 7283
3 4284 7284 5403
3 4284 5401 7284
3 5061 7285 4116
3 4738 5401 7285
3 5009 7286 6341
3 5009 5688 7286
3 5413 7287 4937
3 6333 4568 7287
3 6051 7288 4596
3 6051 3975 7288
3 4304 7289 5489
3 5165 5804 7289
3 6043 7290 4732
3 4036 5790 7290
3 6043 7291 4430
3 4732 7292 7291
3 7291 7292 5183
3 4732 6271 7464
3 6849 7293 5386
3 4286 5966 7293
3 4966 7294 6190
3 4221 5662 7294
3 5604 7295 4785
3 4065 6118 7295
3 4293 7296 6865
3 4293 5080 7296
3 4807 7297 6202
3 4807 5801 7297
3 7048 7298 4698
3 5935 4408 7298
3 4363 7299 5787
3 4363 5599 7299
3 6105 7300 4744
3 6806 4240 7300
3 5880 7301 5101
3 4833 6752 7301
3 6591 7302 4802
3 5078 4012 7302
3 6105 7303 4787
3 6044 4430 7303
3 7303 7304 4787
3 6042 3995 7304
3 5679 7305 4074
3 5679 4617 7305
3 4858 7306 5661
3 5479 4087 7306
3 4890 7307 7040
3 4890 4918 7307
3 4537 7308 5619
3 4537 6705 7308
3 5259 7309 6551
3 4296 5435 7309
3 4739 7310 5652
3 4739 6045 7310
3 4219 7311 6120
3 5025 6182 7312
3 5025 7312 7311
3 4139 6075 7312
3 6879 7313 3989
3 5720 4599 7313
3 3935 7314 6209
3 5962 4545 7314
3 4795 7315 5955
3 7009 4658 7315
3 4832 7316 6131
3 4419 6074 7316
3 5080 7317 6207
3 5080 6257 7317
3 5602 7318 4185
3 5602 4559 7318
3 5447 7319 5228
3 5447 6658 7319
3 6507 7320 5042
3 6506 5179 7320
3 5840 7321 5510
3 5840 4037 7321
3 7525 7322 4806
3 5672 4361 7322
3 5047 7323 4007
3 5047 6877 7323
3 4452 7324 6088
3 4830 6100 7324
3 5059 7325 5711
3 4251 6799 7325
3 7046 7326 4859
3 5374 4280 7326
3 5875 7327 4718
3 5875 4122 7327
3 5422 7328 4297
3 4839 5985 7328
3 7330 7329 4144
3 5302 4307 7329
3 7329 7330 5302
3 6422 4701 7330
3 7270 7331 4967
3 7270 4195 7331
3 6275 7332 4487
3 6275 4077 7332
3 6595 7333 4166
3 6595 4552 7335
3 7335 7334 4750
3 4159 6459 7334
3 7333 7335 4750
3 4552 6594 7335
3 5589 7336 6226
3 4785 7295 7336
3 5290 7337 4882
3 5290 4128 7337
3 4322 7338 5610
3 4322 5408 7338
3 4814 7339 5824
3 4814 5335 7339
3 5560 7340 4815
3 4025 5670 7340
3 4444 7341 5804
3 6048 5722 7341
3 4321 7342 5760
3 4321 5594 7342
3 4130 7343 5333
3 5244 6985 7343
3 5819 7344 5345
3 5819 5417 7344
3 5705 7345 4267
3 4872 6713 7345
3 6888 7346 7260
3 3962 6180 7346
3 5747 7347 4436
3 5084 5633 7347
3 6150 7348 4916
3 5122 7090 7348
3 5420 7349 4810
3 4125 7472 7349
3 5884 7350 4376
3 5884 4957 7350
3 5719 7351 3988
3 5719 4474 7351
3 5622 7352 4026
3 5737 5160 7352
3 4868 7353 5202
3 4868 5203 7353
3 6819 7354 4620
3 5263 4053 7354
3 5631 7355 3987
3 5631 4584 7355
3 5018 7356 4501
3 5249 3985 7356
3 6698 7357 4931
3 4760 6323 7357
3 5260 7358 5259
3 5260 6230 7358
3 6621 7359 5221
3 4448 5564 7359
3 4289 7360 5428
3 4289 5904 7360
3 33 7361 5981
3 32 5980 7361
3 5797 7362 5066
3 5797 5011 7362
3 7364 7363 4773
3 5442 4291 7363
3 7365 7364 4773
3 4045 5442 7364
3 5402 7365 4284
3 5402 7364 7365
3 4439 7366 5206
3 5784 3920 7366
3 4393 7367 5831
3 5832 4945 7367
3 6685 7368 5117
3 4261 6977 7368
3 5571 7369 4123
3 4770 7370 7369
3 5674 7370 4369
3 4770 5241 7370
3 6567 7371 4258
3 5338 4908 7371
3 4214 7372 6579
3 5267 4601 7372
3 7075 7373 6423
3 4808 5986 7373
3 5373 7374 5458
3 5373 5775 7374
3 5591 7375 101
3 6937 5153 7375
3 6991 7376 3956
3 6991 5429 7376
3 4452 7377 5158
3 4452 6088 7377
3 5880 7378 4833
3 4570 6363 7378
3 4666 7379 6373
3 6640 5370 7379
3 3926 7380 5191
3 7041 4913 7380
3 4975 7381 7182
3 4254 5290 7381
3 4645 7382 6398
3 4645 7159 7382
3 5745 7383 4790
3 5745 4129 7383
3 4274 7384 5912
3 4274 5745 7384
3 6062 7385 42
3 4907 5636 7385
3 4390 7386 5023
3 4941 5900 7386
3 4526 7387 5713
3 4526 6759 7387
3 6241 7388 4490
3 6241 4055 7388
3 6005 7389 5057
3 4449 6734 7389
3 6682 7390 4200
3 7389 5033 7390
3 4147 7391 5382
3 4147 5759 7391
3 5145 7392 4824
3 5145 5924 7392
3 7388 7393 4490
3 7388 5069 7393
3 6214 7394 4949
3 6214 3975 7394
3 5003 7395 4465
3 5003 6396 7395
3 4326 7396 5598
3 4326 5535 7396
3 113 7397 3924
3 112 6417 7397
3 5922 7398 3856
3 5922 6415 7398
3 4797 7399 5358
3 4797 7422 7476
3 6127 7400 4953
3 6936 4817 7400
3 4311 7401 5572
3 4311 5571 7401
3 4123 7402 5571
3 4123 5188 7402
3 4224 7403 5319
3 5742 4613 7403
3 5682 7404 6737
3 4071 7209 7404
3 4338 7405 5650
3 5649 4751 7405
3 5390 7406 3922
3 5390 5206 7406
3 6603 7407 4162
3 6603 4608 7422
3 6547 7408 4776
3 6547 4994 7408
3 4776 7409 5828
3 4776 5298 7409
3 7446 7410 5120
3 4219 6120 7410
3 6005 7411 4449
3 6005 6766 7411
3 5576 7412 4778
3 5576 4327 7412
3 8 7413 9
3 6381 4502 7413
3 5844 7414 5321
3 5844 5822 7414
3 6075 7415 4804
3 6075 4441 7415
3 5565 7416 5679
3 4996 5968 7416
3 4649 7417 5668
3 6019 4418 7417
3 6994 7418 5597
3 5595 4318 7418
3 7042 7419 4312
3 5803 4801 7419
3 5224 7420 4801
3 5224 7115 7420
3 5224 7421 5077
3 4801 5803 7421
3 7407 7422 4797
3 4608 6233 7422
3 5089 7423 6582
3 6964 5204 7423
3 7576 7424 5562
3 4780 5496 7424
3 5269 7425 7054
3 4663 6990 7425
3 5533 7426 4451
3 5533 4030 7426
3 5779 7427 4349
3 5779 5443 7427
3 4253 7428 6152
3 4253 6911 7428
3 5241 7429 6540
3 4031 5515 7429
3 4310 7430 5515
3 4310 5509 7430
3 5982 7431 4475
3 5982 4695 7431
3 4707 7432 5514
3 4707 6178 7432
3 7264 7433 4737
3 5401 4284 7433
3 6103 7434 4137
3 4809 5658 7434
3 4770 7435 6607
3 5571 4311 7435
3 30 7436 5404
3 29 28 7436
3 4579 7437 6084
3 5459 5588 7437
3 5292 7438 4843
3 5292 6590 7438
3 5055 7439 3929
3 4843 7438 7439
3 4017 7440 5216
3 5400 4325 7440
3 4563 7441 6469
3 5268 5818 7441
3 4650 7442 5542
3 6030 4207 7442
3 5801 7443 4086
3 5801 4807 7443
3 7162 7444 5004
3 3981 5276 7444
3 4688 7445 6554
3 5166 4848 7445
3 5976 7446 5120
3 5976 5121 7446
3 7221 7447 4947
3 4835 6092 7447
3 4314 7448 5656
3 5581 4810 7448
3 5323 7449 4236
3 5323 4647 7449
3 6354 7450 5186
3 4557 5940 7450
3 4269 7451 5802
3 5252 7060 7451
3 4187 7452 5529
3 6942 4649 7452
3 6130 7453 5236
3 4041 6090 7453
3 3946 7454 7153
3 3946 6705 7454
3 4522 7455 5593
3 4522 7051 7455
3 6091 7456 3942
3 4823 5334 7456
3 4442 7457 6091
3 4442 5015 7457
3 4008 7458 5247
3 4008 5876 7458
3 4312 7459 5876
3 4312 5903 7459
3 5246 7460 4146
3 4800 5903 7460
3 5620 7461 4735
3 5620 4438 7461
3 7555 7462 4014
3 6315 4908 7462
3 7081 7463 5014
3 7081 5132 7463
3 4732 7464 7292
3 4926 5611 7464
3 4229 7465 6917
3 4229 6989 7466
3 7465 7466 4786
3 7465 4229 7466
3 4223 7467 6810
3 6971 4885 7467
3 6228 7468 4149
3 4786 6503 7468
3 4156 7469 5989
3 4156 5313 7469
3 5656 7470 4314
3 5656 4775 7470
3 6283 7471 4026
3 5031 7035 7471
3 4775 7472 5697
3 5656 7349 7472
3 4838 7473 5152
3 4838 5837 7473
3 6243 7474 4862
3 6243 3980 7474
3 5920 7475 4953
3 3877 3878 7475
3 4797 7476 7399
3 5013 6161 7476
3 5404 7477 4348
3 7436 5092 7477
3 3903 7478 3902
3 6206 5019 7478
3 5846 7479 5387
3 5846 5966 7479
3 5421 7480 4939
3 4640 6679 7480
3 6059 7481 6723
3 5141 7057 7481
3 4391 7482 5878
3 5058 7099 7482
3 4971 7483 5761
3 4971 7582 7483
3 5730 7484 4942
3 3965 5466 7484
3 5712 7485 4648
3 5712 4215 7485
3 4617 7486 6412
3 5286 7229 7486
3 6146 7487 4083
3 6146 4708 7487
3 5807 7488 5139
3 5807 5565 7488
3 4842 7489 7188
3 4842 5980 7489
3 5622 7490 4341
3 5786 4675 7490
3 4692 7491 6061
3 5996 4979 7491
3 4628 7492 6672
3 7186 4938 7492
3 4792 7493 6632
3 5240 7355 7493
3 6211 7494 5021
3 4162 5710 7494
3 5930 7495 5108
3 4098 5993 7495
3 4793 7496 6161
3 4793 5968 7496
3 6493 7497 4795
3 4298 6777 7497
3 6456 7498 4216
3 6456 5719 7498
3 5487 7499 5162
3 5487 5161 7499
3 5338 7500 4014
3 5338 4377 7500
3 6162 7501 4039
3 5012 5782 7501
3 3989 7502 5488
3 6402 4531 7502
3 4798 7503 5694
3 4798 6244 7503
3 88 7504 6919
3 88 87 7504
3 7127 7505 5493
3 6062 4319 7505
3 5072 7506 5524
3 5072 6288 7506
3 6538 7507 5016
3 4006 5892 7507
3 4922 7508 4398
3 5008 5813 7508
3 4294 7509 5456
3 4294 5457 7509
3 5780 7510 5781
3 5161 7204 7510
3 6093 7511 4835
3 6093 4442 7511
3 4699 7512 5730
3 5472 6747 7512
3 4021 7513 6950
3 4021 6190 7513
3 6659 7514 5330
3 4627 6488 7514
3 3862 7515 3861
3 5283 5613 7515
3 4048 7516 6132
3 5231 6436 7516
3 6168 7517 4010
3 6168 4570 7517
3 6281 7518 3994
3 6281 4765 7518
3 7063 7519 4924
3 7063 5234 7519
3 4677 7520 6872
3 5325 4888 7520
3 5049 7521 6770
3 4279 5577 7521
3 4357 7522 5791
3 5792 5087 7522
3 4079 7523 6056
3 5196 6638 7523
3 4181 7524 5510
3 4945 5839 7524
3 5319 7525 4806
3 4155 5672 7525
3 3932 7526 5487
3 3932 5663 7526
3 5773 7527 4157
3 5773 4534 7527
3 5228 7528 4497
3 4917 6218 7528
3 5228 7529 4917
3 7319 4264 7529
3 6512 7530 4528
3 6512 6218 7530
3 4353 7531 5730
3 5731 4699 7531
3 6642 7532 5389
3 4151 5863 7532
3 25 7533 5294
3 24 23 7533
3 5048 7534 4279
3 5048 6781 7534
3 6710 7535 4781
3 6710 3985 7535
3 4841 7536 5985
3 4841 5768 7536
3 5990 7537 4841
3 3941 5768 7537
3 192 7538 6474
3 192 193 7538
3 6761 7539 5400
3 4414 5236 7539
3 4695 7540 5991
3 7122 5990 7540
3 7052 7541 5288
3 4683 5750 7541
3 4030 7542 6014
3 4030 5582 7542
3 3967 7543 5513
3 5484 4901 7543
3 6242 7544 4159
3 4862 6302 7544
3 4011 7545 6340
3 4011 7119 7545
3 5254 7546 4389
3 5254 4944 7546
3 4712 7547 5777
3 5727 4138 7547
3 5492 7548 4296
3 5492 4717 7548
3 5958 7549 3933
3 5958 4803 7549
3 6979 7550 4903
3 4009 6267 7550
3 5658 7551 4549
3 5658 4903 7551
3 5345 7552 3953
3 5702 4513 7552
3 5482 7553 4400
3 5482 4064 7553
3 5207 7554 4829
3 5207 6397 7554
3 5744 7555 4014
3 4829 6315 7555
3 4472 7556 5458
3 5096 5801 7556
3 4811 7557 5028
3 4811 5697 7557
3 6393 7558 4811
3 6393 4352 7558
3 6503 7559 5193
3 3983 6393 7559
3 5260 7560 6230
3 4132 5923 7560
3 4504 7561 5923
3 4504 6400 7561
3 3928 7562 6400
3 3928 5492 7562
3 4378 7563 5850
3 5849 4721 7563
3 5081 7564 6401
3 4221 7294 7564
3 4690 7565 7099
3 4690 6366 7565
3 4093 7566 5120
3 6648 4639 7566
3 5465 7567 4152
3 4837 5931 7567
3 5674 7568 4771
3 5674 4369 7568
3 4931 7569 3998
3 5109 5681 7569
3 5691 7570 5119
3 173 174 7570
3 6006 7571 5200
3 6006 3969 7571
3 6185 7572 4491
3 5130 6184 7572
3 5780 7573 5160
3 4401 5378 7573
3 6333 7574 4568
3 6811 4633 7574
3 169 7575 5396
3 170 6497 7575
3 5758 7576 4145
3 5758 4780 7576
3 4111 7577 6939
3 5557 4509 7577
3 6782 7578 4932
3 4290 5368 7578
3 3970 7579 5512
3 3970 5912 7579
3 4694 7580 6601
3 5239 4585 7580
3 5053 7581 5365
3 5053 6113 7581
3 7483 7582 4298
3 4971 5282 7582
3 4679 7583 5552
3 5316 4072 7583
3 6239 7584 4583
3 6239 6313 7584
3 7991 201 114
3 7924 8106 7739
3 114 8259 7991
3 7932 8009 7704
3 8045 7800 8118
3 8036 7932 8106
3 8089 7860 7634
3 8118 8009 7758
3 7902 8254 7621
3 8026 7824 7655
3 7939 8171 121
3 123 8032 8192
3 7832 8017 7910
3 7754 7865 8219
3 7914 125 126
3 8266 7930 8277
3 7897 8158 7644
3 7872 8079 7648
3 8112 7897 7732
3 7978 7949 7872
3 7949 133 8005
3 7612 136 8237
3 8202 8029 7658
3 8289 8202 7769
3 7851 7628 7823
3 8003 8153 7849
3 8239 8274 8191
3 8184 139 140
3 7900 225 224
3 7851 7813 7628
3 7830 7698 7831
3 8275 8139 7821
3 8245 7904 7625
3 8279 7834 7671
3 8134 147 148
3 7885 8134 8279
3 8242 149 7876
3 8027 7927 7625
3 7816 7799 7723
3 8064 7799 152
3 7814 7868 7959
3 7936 8046 7713
3 241 157 57
3 8224 7744 7936
3 8018 8126 7744
3 8162 8287 7672
3 240 8126 8018
3 8303 7952 7789
3 238 8317 7879
3 8269 7874 7615
3 8287 8322 7672
3 8232 8204 236
3 7726 8104 7952
3 7899 7928 7613
3 7901 234 8318
3 7952 8303 7674
3 8318 232 7996
3 8167 230 229
3 8167 229 7817
3 8294 8043 143
3 8127 227 7822
3 8108 7900 7693
3 227 226 7822
3 8180 8186 7925
3 8024 7643 7887
3 7887 7742 7903
3 8103 7861 7922
3 8190 7903 220
3 8190 220 219
3 7984 7618 7804
3 8271 217 216
3 8271 216 7867
3 8063 7891 7682
3 8306 7909 7682
3 7880 214 213
3 7973 8044 211
3 8203 7973 211
3 8304 7977 8305
3 8251 8008 7656
3 8094 7706 7943
3 206 8094 207
3 7947 8135 7740
3 8136 7924 7739
3 203 202 8135
3 114 201 56
3 135 7585 134
3 8005 133 134
3 7978 132 7949
3 8065 131 7978
3 8049 7586 7587
3 128 8101 8057
3 8316 7589 7975
3 8032 124 8201
3 8020 7986 8021
3 8019 7828 7651
3 7966 7853 7699
3 7592 7970 7591
3 7963 8151 7668
3 7963 7596 7797
3 7595 7963 7853
3 8108 226 225
3 8258 7598 7599
3 8070 7818 7657
3 8296 8081 7722
3 8117 7601 7602
3 7965 7838 7701
3 7838 7604 7605
3 7965 7604 7838
3 7838 7605 7961
3 8071 8262 7607
3 8071 7607 7608
3 8273 8233 7609
3 8274 8239 7766
3 7797 7597 7906
3 7906 7812 7689
3 7780 7923 7624
3 8161 7842 7629
3 8232 235 234
3 8211 8197 7816
3 8153 8003 7616
3 7855 146 7885
3 7940 8074 7720
3 8160 7954 7883
3 8195 221 7903
3 7922 7861 7614
3 8282 7946 7619
3 8051 7599 7600
3 8200 7910 7620
3 7788 7587 8059
3 7809 7929 8268
3 8253 8076 7635
3 7943 8203 209
3 7844 8035 7621
3 8150 7662 8241
3 8187 223 222
3 8199 7682 7867
3 8031 7837 7663
3 8149 7875 7653
3 7917 8243 7627
3 7776 7969 8265
3 7878 8165 7912
3 8317 8025 7879
3 8064 152 153
3 8029 8191 7658
3 8087 7836 8239
3 8313 7870 7629
3 8258 8051 7812
3 8142 7892 7850
3 8117 7602 7896
3 7934 8206 7631
3 7938 7695 7874
3 7720 7791 8075
3 8196 8090 7999
3 8212 7633 7890
3 7805 7590 7591
3 8004 8026 7655
3 8157 7614 7861
3 8084 7719 7969
3 8234 8165 7792
3 8225 7851 7680
3 7616 7794 8153
3 8114 7987 7637
3 8318 233 232
3 7995 7895 7803
3 8269 7615 7798
3 8040 8086 7657
3 8000 8309 7653
3 7918 7974 7640
3 8197 151 7799
3 7859 8053 7641
3 8001 8146 7844
3 7958 8028 7642
3 8030 219 218
3 7667 7948 7803
3 8069 7909 7642
3 8277 7697 7914
3 7916 7859 7641
3 7779 7942 7645
3 7993 8207 7630
3 7941 7778 7646
3 8183 7614 7908
3 8220 7877 7647
3 8173 8033 7637
3 8181 7872 7648
3 8049 8005 7586
3 8075 7791 7649
3 7846 8140 7663
3 7950 7977 7706
3 8044 212 211
3 8109 8060 7730
3 8312 7992 7664
3 8192 7808 7939
3 7937 7807 8035
3 7979 7944 7757
3 7785 7919 7615
3 8116 7956 7654
3 7825 8093 8092
3 118 8240 8036
3 8026 7790 8054
3 205 7947 7810
3 7824 8026 7716
3 7905 8040 8236
3 7818 7683 7819
3 8138 8202 8289
3 8273 7609 7610
3 8133 8146 7659
3 8066 7858 7635
3 8037 8108 7693
3 8127 7817 229
3 8262 7835 7961
3 8147 7850 7747
3 8119 7819 7662
3 7877 7994 7647
3 8140 7848 7663
3 8137 7728 8129
3 8302 8007 7664
3 8021 7828 7708
3 8154 7861 7665
3 8015 8014 7781
3 7959 7869 7713
3 152 7799 151
3 8123 7889 7667
3 8121 7731 7846
3 7966 8020 7881
3 8122 7890 7765
3 7882 7843 7692
3 8061 7960 7661
3 8013 7834 7670
3 8299 7959 7666
3 145 7983 144
3 7927 7834 7625
3 8126 7879 7744
3 155 8047 154
3 8105 7673 7873
3 7798 8291 7994
3 8052 7952 7674
3 8232 236 235
3 8101 8112 7732
3 8200 7915 8229
3 8078 7878 8288
3 8082 7657 7818
3 8142 7979 7677
3 7944 7787 7685
3 7865 8218 7678
3 8039 7985 7668
3 7962 7971 7679
3 8161 7945 8160
3 141 142 7821
3 7913 7886 7692
3 7974 7918 7785
3 8120 7982 7784
3 7780 8217 7796
3 215 7867 216
3 8070 8188 7683
3 8310 8176 7839
3 7982 8120 7684
3 8006 8164 7660
3 8226 7685 7934
3 8010 8000 7653
3 8103 7922 7686
3 7923 7941 7777
3 7910 8200 7750
3 7871 7902 7749
3 7842 8161 8159
3 7976 7779 7645
3 8151 7797 7689
3 7942 7812 8098
3 7957 7777 7690
3 8028 7736 7972
3 7776 7968 7691
3 7857 8066 7635
3 7913 7692 7813
3 8315 8314 7806
3 226 8108 7822
3 7795 8194 8215
3 7993 7951 7694
3 8262 7606 7607
3 7938 7904 7695
3 8270 8027 7625
3 7964 8283 7696
3 8171 8045 120
3 8073 7930 7749
3 8113 8057 7732
3 145 7855 7983
3 8097 7927 7717
3 7593 7966 7881
3 8039 7815 8122
3 8033 7852 7700
3 8167 7996 231
3 7603 7965 7896
3 8182 7993 7630
3 7997 7899 7702
3 8031 7663 7847
3 8208 8002 8255
3 7866 8066 7718
3 116 8106 7924
3 8067 8102 7622
3 8115 7921 7705
3 8063 7880 7727
3 208 207 7943
3 8169 8067 7622
3 8011 7798 7707
3 8150 7935 7662
3 7970 7881 7708
3 8085 7864 7711
3 8282 7709 7954
3 8236 8082 7745
3 7840 8038 7710
3 8072 7847 7663
3 8060 7651 8189
3 8302 7859 7760
3 8068 8027 8270
3 7886 7849 7692
3 8322 7814 7713
3 154 7869 153
3 8139 7851 7714
3 8184 8138 139
3 8272 7715 8089
3 8156 8157 7735
3 8009 7655 7824
3 8152 8154 7665
3 8097 7717 7884
3 7894 8308 7712
3 8168 7866 7718
3 7908 8084 7691
3 8084 7857 7719
3 8174 8022 7734
3 8249 8074 7940
3 8076 8075 7793
3 8069 7972 7721
3 220 7903 221
3 8081 8296 7772
3 7956 7896 7701
3 8111 7816 7723
3 8209 8243 7755
3 8286 7987 7724
3 8120 8114 7926
3 7893 8090 7725
3 8091 8093 8263
3 8286 8080 7987
3 8173 8052 7852
3 8305 8042 7973
3 8044 7880 213
3 8128 7728 7837
3 8221 7935 7783
3 7888 8016 7729
3 7623 7967 8215
3 8267 7788 7730
3 8109 7975 7805
3 8148 8140 7731
3 8141 8121 7888
3 8172 8065 7743
3 8057 8077 127
3 8143 7892 7733
3 8196 8041 7619
3 8288 7997 7734
3 7626 8034 7998
3 8155 7860 7735
3 8157 8198 7614
3 8166 8024 7736
3 7804 7958 8293
3 7898 8159 7737
3 8282 8041 7709
3 7875 8149 7738
3 7904 8245 7756
3 115 116 7924
3 8311 7932 7704
3 8135 7991 7740
3 8135 7947 204
3 8267 8079 7788
3 7586 8005 7585
3 224 8187 7900
3 8190 8030 7721
3 130 8065 7856
3 8181 7648 7832
3 241 240 8018
3 156 7936 155
3 8213 7905 7745
3 8096 7928 7899
3 8194 7795 7746
3 7925 8193 7693
3 8207 7993 7747
3 8147 8061 7806
3 7841 8017 7748
3 8060 7980 7730
3 8185 7871 7749
3 7929 7807 7652
3 7897 8228 7750
3 8229 7687 7871
3 8170 7933 7751
3 7683 7931 7911
3 7658 8191 8274
3 8210 8095 7806
3 7820 8086 7999
3 8196 7619 8092
3 8122 7678 7890
3 8219 8249 7992
3 8243 8278 7755
3 8110 7907 7723
3 8246 7904 7756
3 7854 8013 7670
3 7893 8257 7757
3 7933 7944 7685
3 8106 7932 7739
3 8009 8118 7655
3 7909 7759 7867
3 8271 8030 218
3 8163 7760 7859
3 8007 7981 7711
3 8281 7926 7761
3 8216 8037 7795
3 7871 8131 7902
3 8254 8255 8001
3 7764 8053 7940
3 8219 7992 7754
3 8002 8053 7764
3 8253 8252 8076
3 7986 8298 7765
3 8218 7865 7754
3 8202 7658 7920
3 8233 8071 7608
3 8300 7957 7767
3 8306 8227 7909
3 8307 8027 7768
3 8308 8309 8000
3 8237 8289 7769
3 8237 8179 7611
3 7943 8304 7770
3 209 8203 210
3 7964 8285 7771
3 7696 8004 7800
3 8083 8098 7772
3 7722 8081 8117
3 7946 8321 7773
3 8088 8048 7825
3 8057 8113 7774
3 127 8077 126
3 7801 7674 7901
3 8204 8317 237
3 8038 7968 7776
3 8265 7998 7847
3 7957 7624 7777
3 7690 8099 7840
3 7941 7922 7778
3 7968 8183 7691
3 8056 7942 7779
3 8321 7976 7773
3 8248 7923 7780
3 7955 7796 7650
3 7977 7950 7781
3 7650 8014 7955
3 7953 7647 7782
3 7729 7782 8124
3 7935 8150 7783
3 8016 7953 7729
3 7782 7647 7982
3 8120 8050 7724
3 7918 7681 7785
3 8132 7615 7874
3 7934 7685 7786
3 8206 8105 7873
3 7979 7616 7944
3 7685 8010 7786
3 8079 8049 7788
3 8059 7587 7588
3 8104 7627 7952
3 7775 8162 8025
3 8284 8054 7790
3 8283 7790 7696
3 8074 7962 7791
3 8234 7898 8165
3 8292 8023 7792
3 7912 8096 7676
3 8107 8076 7793
3 8174 7734 8055
3 7850 8261 7794
3 8257 7979 7757
3 8193 7746 7795
3 8216 8215 7761
3 7955 7780 7796
3 7650 7796 8042
3 7596 7597 7797
3 8151 7689 7870
3 7994 7707 7798
3 8290 7798 7615
3 8197 7799 7816
3 7723 7799 8110
3 7939 7696 7800
3 120 8045 119
3 7852 7674 7801
3 7996 232 231
3 7834 8279 7802
3 8222 7876 7816
3 7948 8166 7803
3 8141 7895 7731
3 7995 7736 7804
3 7984 7840 7710
3 7970 7708 7805
3 7590 7975 7589
3 8314 8147 7806
3 8210 8087 7752
3 7937 7652 7807
3 8178 8073 7749
3 8268 7964 7808
3 8192 7939 122
3 7914 7697 7809
3 8032 8268 7808
3 206 205 7810
3 7706 8100 7950
3 8008 8067 7811
3 8100 7706 7810
3 7942 7689 7812
3 8051 8258 7599
3 8139 7680 7851
3 8125 7692 7843
3 7789 8295 8287
3 8322 7713 8046
3 8062 8122 7815
3 8313 7815 7870
3 149 8211 7876
3 8222 7816 8111
3 8006 7700 7817
3 8164 8127 7822
3 8082 7818 7928
3 7819 7911 7662
3 7613 7818 7819
3 7819 8119 8128
3 7751 8188 8170
3 8086 8040 7753
3 8275 7821 8043
3 141 7821 7988
3 228 227 8127
3 8037 7693 7795
3 7829 7714 8029
3 7752 8238 8095
3 8067 7704 7824
3 8102 7716 7863
3 8144 7733 7825
3 8048 7773 7826
3 8320 8083 7826
3 8088 8092 7619
3 7956 7701 7827
3 8144 8143 7733
3 8019 7708 7828
3 7651 7828 8058
3 7988 7714 8184
3 139 8138 138
3 7983 7698 7830
3 143 8043 142
3 8205 7913 7831
3 7830 7831 8275
3 8228 7675 7910
3 8177 7648 7980
3 7926 7637 7833
3 7761 7833 8216
3 8280 7670 7834
3 7671 7927 8097
3 7960 7694 7835
3 8276 8071 7836
3 8087 8276 7836
3 7836 8233 8273
3 8128 7837 7989
3 7702 8031 7998
3 7951 7701 7838
3 7961 7605 7606
3 8176 8241 7839
3 7931 8188 7751
3 8099 7646 7840
3 8293 7984 7804
3 7981 7620 7841
3 8058 8189 7651
3 7865 7678 7971
3 8159 8161 7737
3 7882 7669 7843
3 7692 8125 7813
3 8133 7715 7844
3 8146 7703 7866
3 8156 7659 7845
3 8198 7718 7908
3 8129 7638 7846
3 7837 7846 7663
3 7776 8265 8264
3 8072 7663 7848
3 8145 8072 7848
3 8148 7731 7895
3 7787 7616 8003
3 7886 7913 7636
3 8147 7669 7850
3 7630 7850 7892
3 8225 7813 7851
3 7714 7851 7823
3 7833 7637 8033
3 7700 7852 7801
3 7594 7595 7853
3 7699 7853 7985
3 8247 7756 7854
3 8230 7723 7907
3 145 146 7855
3 7698 7855 7990
3 8065 8172 7856
3 130 8101 129
3 7908 7718 7857
3 7719 7857 8107
3 8002 7764 7858
3 7703 8146 8001
3 8250 7763 7859
3 8163 7916 7687
3 8089 7715 7860
3 7634 7860 8155
3 8154 7735 7861
3 7665 8103 7921
3 8054 7634 7862
3 7716 8152 7863
3 7824 7716 8102
3 7622 7863 8015
3 8085 7633 7864
3 7711 7864 8007
3 8074 7617 7962
3 7971 8062 7842
3 7703 7858 7866
3 7659 8168 7845
3 8069 7759 7909
3 7682 8199 7880
3 8295 7627 7868
3 7666 8209 8110
3 7959 8299 7869
3 8047 7869 154
3 7815 7668 7870
3 7629 8056 7945
3 8229 7871 8158
3 8185 7749 7930
3 7949 7741 7872
3 7743 8181 8012
3 7875 7673 8105
3 7631 8176 8310
3 8011 7673 8269
3 7615 8132 7785
3 7786 7653 7875
3 7673 7875 7938
3 148 149 8242
3 8280 8222 7670
3 8176 7707 8241
3 7783 7877 8220
3 8292 7792 8319
3 7649 8078 8022
3 239 238 8126
3 7744 7879 8046
3 8044 7727 7880
3 214 8199 215
3 7592 7593 7881
3 7708 7881 8020
3 8261 7669 7882
3 7849 7882 7692
3 7898 7737 7883
3 7632 7883 7905
3 7831 7698 8205
3 7636 8175 7894
3 146 147 7885
3 7855 7885 8301
3 7712 7849 7886
3 7712 7886 7894
3 8186 7742 7887
3 8166 7736 7803
3 8121 7638 7888
3 7667 7888 8123
3 8124 7623 7889
3 7667 7889 7948
3 8297 7765 7890
3 7633 8212 7864
3 8217 8300 7891
3 8214 8063 7727
3 8143 7630 7892
3 8263 7677 8091
3 8256 7639 7893
3 7677 7893 8091
3 8175 8307 7894
3 7636 7894 7886
3 7995 7618 7895
3 7803 7895 7667
3 7602 7603 7896
3 7722 7896 7956
3 8112 7675 7897
3 7732 7897 8113
3 8023 7679 8234
3 7632 7898 7883
3 7997 7676 7899
3 7702 7989 7837
3 7925 7693 8180
3 8187 224 223
3 8231 8232 7901
3 8318 234 233
3 8131 7762 7902
3 7749 7902 8178
3 222 221 8195
3 7887 7903 7721
3 7938 7738 7904
3 7695 7904 8246
3 7883 7709 7905
3 7632 8213 7912
3 7597 7598 7906
3 7797 7906 7689
3 8111 7723 8230
3 8244 8209 7755
3 8168 7718 8198
3 7614 8183 7778
3 8227 7642 7909
3 7682 7909 7867
3 8017 7620 7910
3 7832 7910 7675
3 7819 7683 7911
3 7662 7911 7839
3 8165 7632 7912
3 7878 7912 7676
3 8205 7636 7913
3 7831 8225 7680
3 8201 125 7914
3 8277 8077 7774
3 8163 7687 7915
3 8223 7620 7981
3 8131 7687 7916
3 7762 7916 8208
3 8278 8243 7917
3 7681 7917 8080
3 7917 7681 8278
3 7755 7918 8244
3 7785 7681 7919
3 7615 7919 8050
3 8179 7769 7920
3 8179 8235 7611
3 7863 7665 8115
3 7705 8248 7780
3 7941 7686 7922
3 7778 7922 7614
3 8248 7686 7923
3 7624 7923 7777
3 8259 115 7924
3 7740 7924 8136
3 7948 7746 7925
3 8186 8180 7742
3 7967 7684 8281
3 7761 7926 7833
3 7671 7834 7927
3 7717 7927 8027
3 8096 7745 7928
3 7613 7928 7818
3 8178 7807 8073
3 7697 7929 7809
3 8113 7644 8266
3 7697 7930 8073
3 7839 7911 8310
3 7631 7931 7934
3 8036 7758 7932
3 7739 8311 8251
3 8256 7757 7933
3 7639 7933 8170
3 7933 7685 8226
3 7751 7934 7931
3 8119 7662 7935
3 8129 8221 7638
3 8018 7744 8224
3 155 7936 8047
3 8285 7652 7937
3 8035 8178 7621
3 7875 7738 7938
3 7673 7938 7874
3 7808 7696 7939
3 122 7939 121
3 8053 7763 7940
3 7764 7940 8252
3 7923 7686 7941
3 7777 7941 7646
3 8056 7689 7942
3 8098 8051 7772
3 7810 7706 8094
3 208 7943 209
3 7616 7787 7944
3 7757 7944 7933
3 7779 7688 7945
3 7779 7945 8056
3 8088 7619 7946
3 7954 7709 7883
3 205 204 7947
3 7810 8130 7656
3 7925 7643 7948
3 7746 7948 7889
3 8005 7741 7949
3 133 7949 132
3 8169 7781 7950
3 7811 8100 7656
3 7838 7694 7951
3 8182 7630 7827
3 7627 7789 7952
3 8052 7674 7852
3 8016 8220 7953
3 7729 7953 7782
3 7688 7946 7954
3 8160 7883 7737
3 7705 7780 7955
3 8014 7977 7781
3 8116 7722 7956
3 7654 7956 7827
3 8300 7624 7957
3 7767 7957 7958
3 7957 7690 7958
3 7767 7958 8227
3 7868 7666 7959
3 7814 7959 7713
3 8276 7661 7960
3 7694 7960 7993
3 7694 7838 7961
3 7694 7961 7835
3 7617 7865 7962
3 7791 8023 8292
3 7595 7596 7963
3 8260 7963 7668
3 8268 7652 7964
3 7808 7964 7696
3 7603 7604 7965
3 7896 7965 7701
3 7594 7853 7966
3 7594 7966 7593
3 7782 7684 7967
3 7782 7967 7623
3 7646 7778 7968
3 7646 7968 8038
3 7776 7691 7969
3 7626 7969 8055
3 7592 7881 7970
3 7591 7970 7805
3 7962 7865 7971
3 7679 7971 7842
3 7887 7721 8024
3 7736 8028 7804
3 8042 7727 7973
3 8203 211 210
3 8247 7640 7974
3 7695 7974 8132
3 7590 7805 7975
3 8316 8059 7588
3 7688 7779 7976
3 7773 7976 8320
3 8304 7706 7977
3 7650 7977 8014
3 131 132 7978
3 7743 7978 7872
3 7794 7616 7979
3 7794 7979 8142
3 7832 7648 8177
3 7748 7980 8060
3 7841 7711 7981
3 7620 8223 7915
3 8291 7784 7982
3 7782 7982 7684
3 7855 7698 7983
3 144 8294 143
3 8148 7618 8145
3 7840 8293 7690
3 8260 7668 7985
3 8298 8039 7765
3 8020 7699 7986
3 7633 7986 8297
3 8080 7726 7987
3 8114 7637 7926
3 7821 7714 7988
3 141 7988 140
3 7899 7613 7989
3 7899 7989 7702
3 8301 7671 7990
3 7698 7990 7884
3 202 201 7991
3 7740 8259 7924
3 8212 7754 8312
3 7664 7992 8250
3 7960 7747 7993
3 7951 7993 8182
3 7877 7707 7994
3 8291 7798 7784
3 7804 7618 7995
3 7736 7995 7803
3 7700 7801 7996
3 7700 8167 7817
3 8288 7676 7997
3 8034 7702 7998
3 7997 7702 8034
3 7626 7998 8265
3 8170 7820 7999
3 8090 8196 7725
3 8003 7712 8000
3 7787 8000 8010
3 8255 7703 8001
3 7621 8001 7844
3 8208 7641 8002
3 7703 8002 7858
3 8000 7787 8003
3 7712 8003 7849
3 7696 7790 8004
3 7800 8004 8118
3 8049 7741 8005
3 7585 8005 134
3 8033 7700 8006
3 7833 8006 7660
3 7864 7664 8007
3 7981 8007 8223
3 8311 7704 8008
3 7656 8008 7811
3 7932 7758 8009
3 7704 8009 7824
3 7685 7787 8010
3 7786 8010 7653
3 7873 7673 8011
3 7873 8011 7707
3 7856 8172 8112
3 7675 8012 7832
3 7625 7834 8245
3 7756 8013 7854
3 7705 7955 8014
3 8015 8169 7622
3 7705 8014 8015
3 7705 8015 8115
3 8221 7783 8016
3 7638 8016 7888
3 7841 7620 8017
3 7748 8017 8177
3 157 241 8018
3 157 8224 156
3 7805 7708 8019
3 7805 8019 8109
3 7966 7699 8020
3 7708 8020 8021
3 8085 7828 8021
3 7633 8021 7986
3 8075 7649 8022
3 7793 8174 8107
3 7962 7679 8023
3 7962 8023 7791
3 7972 7736 8024
3 7972 8024 7721
3 8204 7775 8025
3 7879 8025 7672
3 8054 7716 8026
3 7790 8026 8004
3 8307 7717 8027
3 8270 7904 7738
3 7958 7804 8028
3 7642 8028 7972
3 7714 7823 8029
3 7829 8029 8202
3 8069 7721 8030
3 8271 218 217
3 7702 7837 8031
3 7998 8031 7847
3 8201 7809 8032
3 124 8032 123
3 8173 7852 8033
3 7833 8033 8006
3 7734 7997 8034
3 7734 8034 8055
3 7715 7937 8035
3 7715 8035 7844
3 8240 7758 8036
3 118 8036 117
3 8164 7822 8037
3 7660 8037 8216
3 7840 7646 8038
3 7710 8038 8264
3 7668 7815 8039
3 7985 8039 8298
3 8041 7753 8040
3 7709 8040 7905
3 8040 7709 8041
3 7753 8041 8196
3 8214 7727 8042
3 8305 7973 7770
3 8294 7830 8043
3 142 8043 7821
3 7973 7727 8044
3 212 8044 213
3 8171 7800 8045
3 119 8045 8240
3 7879 7672 8046
3 7744 8046 7936
3 7713 7869 8047
3 7713 8047 7936
3 7654 7825 8048
3 7654 8048 7826
3 8079 7741 8049
3 7788 8049 7587
3 7919 7724 8050
3 7615 8050 8290
3 8098 7812 8051
3 7772 8051 8081
3 7726 7952 8052
3 7726 8173 7987
3 7859 7763 8053
3 7641 8053 8002
3 7862 7716 8054
3 7634 8054 8284
3 7969 7719 8055
3 7626 8055 8034
3 7870 7689 8056
3 7870 8056 7629
3 8101 7732 8057
3 128 8057 127
3 7711 7841 8058
3 7711 8058 7828
3 7730 7788 8059
3 7730 8316 7975
3 8189 7748 8060
3 8109 7730 7975
3 8210 7806 8061
3 7960 8061 7747
3 7971 7678 8062
3 7842 8313 7629
3 7682 7880 8063
3 7891 8214 8217
3 7666 7799 8299
3 7869 8064 153
3 7978 7743 8065
3 131 8065 130
3 7866 7858 8066
3 7718 8066 7857
3 8008 7704 8067
3 7811 8067 8169
3 7768 8027 8068
3 8309 8149 7653
3 8030 7759 8069
3 7972 8069 7642
3 8086 7820 8070
3 7818 8070 7683
3 8276 7835 8071
3 7836 8071 8233
3 8264 7847 8072
3 7710 8072 8145
3 7929 7697 8073
3 7929 8073 7807
3 8249 7617 8074
3 7720 8074 7791
3 8076 7720 8075
3 7793 8075 8022
3 8252 7720 8076
3 7635 8076 8107
3 8057 7774 8077
3 126 8077 7914
3 7649 7878 8078
3 8022 8078 7734
3 7872 7741 8079
3 7648 8267 7980
3 8104 7726 8080
3 7681 8286 7919
3 7600 7601 8081
3 7600 8081 8051
3 8236 7657 8082
3 7745 8082 7928
3 8320 7645 8083
3 7826 8083 8116
3 7908 7857 8084
3 7691 8084 7969
3 8021 7633 8085
3 7828 8085 7711
3 8070 7657 8086
3 7999 8086 7753
3 8210 7661 8087
3 8239 7836 7766
3 7773 8048 8088
3 7773 8088 7946
3 7937 7715 8272
3 8272 8089 8284
3 7639 7999 8090
3 7639 8090 7893
3 7893 7725 8091
3 7677 8263 7892
3 8093 7725 8092
3 7825 8092 8088
3 8091 7725 8093
3 7733 8093 7825
3 206 7810 8094
3 207 8094 7943
3 8315 7806 8095
3 8238 8191 7823
3 7912 7745 8096
3 7676 8096 7899
3 7990 7671 8097
3 7990 8097 7884
3 7645 7942 8098
3 7645 8098 8083
3 7777 7646 8099
3 7777 8099 7690
3 7811 7950 8100
3 7656 8100 7810
3 130 7856 8101
3 129 8101 128
3 8067 7824 8102
3 7622 8102 7863
3 7665 7861 8103
3 7921 8103 7686
3 7917 7627 8104
3 7917 8104 8080
3 7786 7875 8105
3 7786 8105 8206
3 117 8036 8106
3 117 8106 116
3 7857 7635 8107
3 7719 8107 8174
3 225 7900 8108
3 7822 8108 8037
3 7651 8060 8109
3 7651 8109 8019
3 8209 7907 8110
3 7666 8110 7799
3 7854 7670 8111
3 7854 8111 8230
3 8012 7675 8172
3 7856 8112 8101
3 8266 7774 8113
3 7644 8113 7897
3 7724 7987 8114
3 7724 8114 8120
3 7665 7921 8115
3 7863 8115 8015
3 8296 7722 8116
3 7826 8116 7654
3 8081 7601 8117
3 7722 8117 7896
3 8004 7655 8118
3 8045 8118 7758
3 7613 7819 8128
3 7728 8119 7935
3 7784 8050 8120
3 7684 8120 7926
3 8141 7731 8121
3 7638 8121 7846
3 8062 7678 8122
3 8039 8122 7765
3 8124 7889 8123
3 7729 8123 7888
3 7782 7623 8124
3 7729 8124 8123
3 7628 7813 8125
3 7628 8125 8315
3 238 7879 8126
3 239 8126 240
3 229 228 8127
3 7817 8164 8006
3 8119 7728 8128
3 7613 8128 7989
3 7728 7935 8129
3 7728 8137 7837
3 7947 7740 8130
3 7947 8130 7810
3 7916 7762 8131
3 7687 8131 7871
3 7974 7785 8132
3 7695 8132 7874
3 7860 7715 8133
3 7860 8133 8156
3 7885 147 8134
3 7802 8242 8280
3 202 7991 8135
3 203 8135 204
3 8130 7740 8136
3 8130 8251 7656
3 7846 7837 8137
3 7846 8137 8129
3 8184 7829 8138
3 138 8138 8289
3 8275 7680 8139
3 7821 8139 7714
3 8148 7848 8140
3 7731 8140 7846
3 7667 7895 8141
3 7667 8141 7888
3 7850 7794 8142
3 7892 8142 7677
3 7827 7630 8143
3 7827 8143 8144
3 7654 7827 8144
3 7654 8144 7825
3 7984 7710 8145
3 7984 8145 7618
3 8133 7844 8146
3 7659 8146 7866
3 8314 7669 8147
3 8061 8147 7747
3 8145 7848 8148
3 7618 8148 7895
3 8068 7738 8149
3 8068 8309 7768
3 7877 7783 8150
3 8241 7662 7839
3 7963 7797 8151
3 7668 8151 7870
3 7716 7862 8152
3 7863 8152 7665
3 7882 7849 8153
3 7882 8153 8261
3 8155 7735 8154
3 7862 8154 8152
3 7862 7634 8155
3 7862 8155 8154
3 8133 7659 8156
3 7860 8156 7735
3 8156 7845 8157
3 7735 8157 7861
3 7897 7750 8158
3 7644 8158 8185
3 7679 7842 8159
3 7679 8159 8234
3 7688 7954 8160
3 7688 8160 7945
3 8160 7737 8161
3 7945 8161 7629
3 8303 7789 8162
3 8025 8162 7672
3 7859 7916 8163
3 7760 8163 7915
3 7817 8127 8164
3 7660 8164 8037
3 7898 7632 8165
3 7792 8165 8319
3 7643 8024 8166
3 7643 8166 7948
3 231 230 8167
3 7996 8167 7700
3 7659 7866 8168
3 7845 8168 8198
3 7950 7811 8169
3 7781 8169 8015
3 7999 7639 8170
3 8188 7931 7683
3 7939 7800 8171
3 121 8171 120
3 7675 8112 8172
3 8012 8172 7743
3 7726 8052 8173
3 7987 8173 7637
3 7793 8022 8174
3 7719 8174 8055
3 7884 7717 8175
3 7884 8175 7636
3 7873 7707 8176
3 7873 8176 7631
3 8017 7832 8177
3 7748 8177 7980
3 8035 7807 8178
3 7621 8178 7902
3 8237 7769 8179
3 7611 8235 7610
3 7900 7742 8180
3 7900 8180 7693
3 7743 7872 8181
3 8012 8181 7832
3 7701 7951 8182
3 7701 8182 7827
3 7968 7778 8183
3 7691 8183 7908
3 7714 7829 8184
3 7988 8184 140
3 8158 7871 8185
3 7644 8185 7930
3 7643 7925 8186
3 7643 8186 7887
3 7742 7900 8187
3 7742 8195 7903
3 7820 8170 8188
3 7820 8188 8070
3 7841 7748 8189
3 7841 8189 8058
3 219 8030 8190
3 7903 8190 7721
3 8238 7752 8191
3 7823 8191 8029
3 8032 7808 8192
3 123 8192 122
3 7925 7746 8193
3 7693 8193 7795
3 7889 7623 8194
3 7889 8194 7746
3 8187 222 8195
3 8187 8195 7742
3 7999 7753 8196
3 7725 8196 8092
3 150 151 8197
3 150 8197 8211
3 8157 7845 8198
3 7614 8198 7908
3 214 7880 8199
3 215 8199 7867
3 8229 7750 8200
3 7915 8200 7620
3 124 125 8201
3 7809 8201 7914
3 8138 7829 8202
3 7769 8202 7920
3 7770 7973 8203
3 7770 8203 7943
3 8232 7775 8204
3 236 8204 237
3 7884 7636 8205
3 7884 8205 7698
3 7934 7786 8206
3 7631 8206 7873
3 7850 7630 8207
3 7850 8207 7747
3 7916 7641 8208
3 7762 8208 8255
3 7666 7868 8209
3 7907 8209 8244
3 8061 7661 8210
3 8095 8210 7752
3 149 150 8211
3 7876 8211 7816
3 7664 7864 8312
3 7754 8212 8218
3 7632 7905 8213
3 7912 8213 7745
3 7891 8063 8214
3 7796 8214 8042
3 7967 7761 8215
3 7623 8215 8194
3 7833 7660 8216
3 8215 8216 7795
3 7780 7624 8217
3 7796 8217 8214
3 7890 7678 8218
3 7890 8218 8212
3 7763 7992 8249
3 7617 8219 7865
3 8016 7783 8220
3 7953 8220 7647
3 8129 7935 8221
3 7638 8221 8016
3 8280 7876 8222
3 7670 8222 8111
3 7760 7915 8223
3 7760 8223 8007
3 157 8018 8224
3 156 8224 7936
3 7913 7813 8225
3 7913 8225 7831
3 7751 7933 8226
3 7751 8226 7934
3 7958 7642 8227
3 7767 8227 8306
3 7897 7675 8228
3 7750 8228 7910
3 7915 7687 8229
3 7750 8229 8158
3 8247 7854 8230
3 7640 8230 8244
3 8162 7775 8303
3 7674 8231 7901
3 8231 7775 8232
3 7901 8232 234
3 7766 7836 8273
3 7609 8233 7608
3 8159 7898 8234
3 8023 8234 7792
3 7920 7766 8235
3 7920 8235 8179
3 8040 7657 8236
3 7905 8236 7745
3 136 137 8237
3 7612 8237 7611
3 7628 8095 8238
3 7628 8238 7823
3 7752 8087 8239
3 7752 8239 8191
3 8045 7758 8240
3 119 8240 118
3 7877 8150 8241
3 7877 8241 7707
3 8134 148 8242
3 8134 8242 7802
3 7868 7627 8243
3 7868 8243 8209
3 8230 7907 8244
3 7640 8244 7918
3 8013 7756 8245
3 8013 8245 7834
3 7974 7695 8246
3 7974 8246 8247
3 8230 7640 8247
3 7756 8247 8246
3 7921 7686 8248
3 7921 8248 7705
3 8219 7617 8249
3 7763 8249 7940
3 7992 7763 8250
3 7664 8250 8302
3 8136 7739 8251
3 8136 8251 8130
3 7940 7720 8252
3 7764 8252 8253
3 7858 7764 8253
3 7858 8253 7635
3 7902 7762 8254
3 7621 8254 8001
3 8002 7703 8255
3 7762 8255 8254
3 7933 7639 8256
3 7757 8256 7893
3 7677 7979 8257
3 7677 8257 7893
3 7906 7598 8258
3 7906 8258 7812
3 114 115 8259
3 7991 8259 7740
3 7853 7963 8260
3 7853 8260 7985
3 7850 7669 8261
3 7794 8261 8153
3 7961 7606 8262
3 7835 8262 8071
3 7733 7892 8263
3 7733 8263 8093
3 8038 7776 8264
3 7710 8264 8072
3 7969 7626 8265
3 8264 8265 7847
3 8277 7774 8266
3 7930 8266 7644
3 7648 8079 8267
3 7980 8267 7730
3 7929 7652 8268
3 7809 8268 8032
3 7673 7874 8269
3 8011 8269 7798
3 7738 8068 8270
3 7904 8270 7625
3 7759 8030 8271
3 7759 8271 7867
3 8285 7937 8272
3 7771 8272 8284
3 8235 7766 8273
3 8235 8273 7610
3 7920 7658 8274
3 7920 8274 7766
3 7831 7680 8275
3 7830 8275 8043
3 7960 7835 8276
3 7661 8276 8087
3 7914 8077 8277
3 7697 8277 7930
3 7918 7755 8278
3 7918 8278 7681
3 8134 7802 8279
3 7885 8279 8301
3 8242 7876 8280
3 7802 8280 7834
3 7684 7926 8281
3 7967 8281 7761
3 7619 8041 8282
3 7946 8282 7954
3 7771 7790 8283
3 7771 8283 7964
3 8089 7634 8284
3 7771 8284 7790
3 7964 7652 8285
3 7771 8285 8272
3 7681 8080 8286
3 7919 8286 7724
3 8295 7814 8287
3 7789 8287 8162
3 7878 7676 8288
3 8078 8288 7734
3 137 138 8289
3 137 8289 8237
3 7784 7798 8290
3 7784 8290 8050
3 7647 7994 8291
3 7647 8291 7982
3 7649 7791 8292
3 8319 8165 7878
3 7840 7984 8293
3 7690 8293 7958
3 7983 7830 8294
3 7983 8294 144
3 7868 7814 8295
3 7627 8295 7789
3 8083 7772 8296
3 8083 8296 8116
3 7986 7765 8297
3 7633 8297 7890
3 7699 7985 8298
3 7699 8298 7986
3 8064 7869 8299
3 8064 8299 7799
3 8217 7624 8300
3 7891 8306 7682
3 8279 7671 8301
3 7855 8301 7990
3 7760 8007 8302
3 7859 8302 8250
3 8231 7674 8303
3 8231 8303 7775
3 7943 7706 8304
3 7770 8304 8305
3 7650 8042 8305
3 7650 8305 7977
3 8300 7767 8306
3 8300 8306 7891
3 8175 7717 8307
3 7894 8307 7768
3 7894 7768 8308
3 7712 8308 8000
3 8068 8149 8309
3 7768 8309 8308
3 7931 7631 8310
3 7931 8310 7911
3 7739 7932 8311
3 8251 8311 8008
3 7754 7992 8312
3 8212 8312 7864
3 8062 7815 8313
3 8062 8313 7842
3 7843 7669 8314
3 7843 8314 8315
3 8125 7843 8315
3 7628 8315 8095
3 7588 7589 8316
3 8059 8316 7730
3 8204 8025 8317
3 237 8317 238
3 7801 7901 8318
3 7801 8318 7996
3 7649 8292 8319
3 7649 8319 7878
3 7976 7645 8320
3 7773 8320 7826
3 7688 7976 8321
3 7688 8321 7946
3 8287 7814 8322
3 7672 8322 8046
3 8742 8337 8338
3 8750 146 145
3 8631 8466 8779
3 8324 8325 8605
3 8679 8900 8547
3 8551 8962 8975
3 8931 8511 9003
3 8646 8513 9032
3 8884 8535 8664
3 8657 8328 8582
3 9077 8433 8724
3 8722 8547 8821
3 8776 8330 8331
3 8575 140 139
3 8643 8512 8582
3 8809 8618 9041
3 8555 8446 8776
3 9121 8433 8725
3 8689 8334 8335
3 9123 8884 142
3 167 8947 168
3 8430 8998 8692
3 8630 8363 9073
3 8909 8819 8503
3 8947 8498 8687
3 165 9116 166
3 147 8708 8888
3 9038 9116 164
3 8586 149 148
3 8710 8422 8543
3 9120 8443 8747
3 9038 8622 9116
3 9038 164 163
3 9086 152 151
3 8817 161 9106
3 9087 153 152
3 9038 8459 8622
3 8796 8423 8948
3 8992 160 159
3 9119 8570 157
3 9080 8588 9107
3 8948 8423 9014
3 9107 155 9080
3 8570 9112 157
3 158 57 157
3 8605 8551 8324
3 8995 173 8938
3 8605 8417 8551
3 8691 138 8962
3 8970 135 134
3 9050 8360 8733
3 8785 8457 8632
3 8749 8359 8767
3 9098 8376 8696
3 8825 8447 8677
3 8789 8339 8340
3 175 174 8825
3 8677 8765 176
3 8965 8474 8851
3 8801 8403 8536
3 8916 8346 8347
3 8890 8763 8366
3 8744 183 182
3 8857 8807 120
3 8891 8800 8879
3 114 56 200
3 9099 8367 8832
3 8891 8879 185
3 8783 8406 8559
3 8857 119 8663
3 8818 189 188
3 9002 8435 8845
3 8834 8453 8783
3 9059 8453 8647
3 191 8811 192
3 8811 8713 8883
3 8855 8936 8663
3 8883 192 8811
3 8806 8988 195
3 8988 8448 8636
3 8935 8434 8693
3 8636 8448 8787
3 8988 8806 8448
3 8636 8913 197
3 8913 198 197
3 8596 8434 8639
3 199 8596 200
3 136 8323 8975
3 8915 8654 8431
3 8893 8445 8770
3 8961 8460 8580
3 8765 178 177
3 9091 8862 8343
3 8829 8460 8744
3 8600 9071 8805
3 8829 8744 182
3 8744 184 183
3 8715 8780 8486
3 8562 8464 8769
3 8637 8601 8407
3 9004 8403 8584
3 8925 8405 8565
3 8752 8485 8916
3 9045 8384 8638
3 8697 8349 8350
3 124 8873 9097
3 8960 8540 8385
3 9072 8384 8649
3 8745 8380 8583
3 8860 8432 8662
3 8745 8985 8727
3 8867 8624 128
3 8865 8470 8697
3 9092 8439 8726
3 8952 8353 8354
3 8997 8674 132
3 8583 8380 8685
3 133 132 8674
3 8557 8952 8970
3 8687 8785 169
3 8555 8396 8775
3 8963 8356 8544
3 9017 8403 8801
3 8765 8611 178
3 8671 8419 8572
3 8836 8364 8547
3 8626 8338 8339
3 8839 8371 8629
3 9029 8381 8895
3 9044 8566 8821
3 8698 8850 8803
3 8669 8367 8593
3 8855 8663 118
3 8797 8383 8764
3 8865 8697 8350
3 8986 8363 8653
3 8632 172 171
3 8689 8335 8631
3 8956 8766 9061
3 8578 8751 8532
3 9090 8344 8345
3 8891 184 8744
3 8892 8510 8667
3 9009 8587 9099
3 8873 124 123
3 8762 8598 8368
3 8751 8495 8746
3 8469 8550 8604
3 8592 8401 8712
3 8657 8421 8950
3 8930 8471 8625
3 8888 8708 8430
3 8794 8440 8533
3 8980 8512 8777
3 8776 8331 8937
3 9087 152 9086
3 8786 8377 8571
3 181 180 8612
3 9042 8516 9052
3 8779 8953 8680
3 8660 8386 9066
3 8761 8580 8695
3 8677 176 175
3 8710 8428 9085
3 8993 8389 8592
3 8899 8435 8936
3 8935 8814 8639
3 189 8818 8704
3 8949 8576 8755
3 8860 8661 8432
3 8815 8491 8923
3 9029 8813 8381
3 8967 8386 8660
3 9039 8703 8640
3 8893 8788 8650
3 9095 8444 9020
3 8770 8382 8654
3 8940 8384 8701
3 8978 127 126
3 8929 8385 8608
3 8532 9070 8578
3 9066 8386 8683
3 8676 8762 8510
3 8845 8435 9110
3 8593 8367 8810
3 8576 8597 8781
3 9027 8393 8628
3 8971 8389 8993
3 8757 8377 8543
3 9016 8390 8589
3 8909 145 144
3 9057 8391 8808
3 8974 8567 8791
3 8501 9043 8737
3 8720 8452 9105
3 8619 8999 9027
3 9042 9052 8676
3 8784 8457 8571
3 8941 8418 8653
3 8907 8487 8919
3 9071 8714 8928
3 8775 8396 8548
3 8869 8333 8966
3 8539 8397 8747
3 8706 8773 153
3 9122 8398 8664
3 8884 8778 143
3 8741 8574 8399
3 8918 8383 8797
3 8816 8400 8863
3 8581 8463 8846
3 8712 8401 8886
3 8678 8381 8813
3 8391 8894 8808
3 8820 9044 8682
3 8344 9090 8838
3 8616 8991 8792
3 9111 8699 8753
3 9100 8448 8806
3 9048 8861 8594
3 8669 8486 8885
3 8707 8456 8559
3 8537 8818 187
3 8885 8407 8669
3 8973 8388 8840
3 8831 8470 8583
3 9005 8452 8720
3 8740 8607 8409
3 8607 8505 8597
3 8491 8922 8608
3 9068 8392 8964
3 8763 8497 8620
3 9010 8688 9046
3 9009 8412 8587
3 8940 8701 8864
3 8656 8413 9094
3 8907 8668 8917
3 8852 8414 8615
3 8832 8367 8601
3 8764 8415 8889
3 8942 8451 8694
3 8836 8835 8642
3 9028 8451 8716
3 8623 8738 8511
3 8975 137 136
3 8993 8994 8651
3 8571 8903 8784
3 8833 8419 8672
3 8613 8489 8673
3 8984 8420 8633
3 9022 8471 8732
3 9003 8417 8605
3 8643 8329 8330
3 9064 8422 8710
3 8943 8418 8652
3 8709 8423 8588
3 8948 8992 8570
3 8872 8499 8668
3 8758 8444 8560
3 9052 8425 8676
3 8598 8480 8823
3 179 8611 8989
3 8591 8357 9053
3 8695 8427 8761
3 8581 8400 9047
3 8543 8924 8954
3 9116 165 164
3 9065 8429 8682
3 8987 8402 9032
3 8998 8430 8977
3 8708 146 8750
3 8694 8431 8654
3 8933 8466 8742
3 129 8624 8661
3 8638 8659 9078
3 9122 9121 8725
3 9077 140 8575
3 8899 8504 8693
3 115 114 8596
3 8959 8464 8603
3 8853 8780 8473
3 8527 8802 8711
3 8802 8648 8709
3 8336 8837 8631
3 8547 8364 8821
3 9097 8554 8700
3 9058 8367 9099
3 8970 134 8557
3 8859 8997 131
3 8793 8730 8794
3 8972 8506 8728
3 8881 8721 8734
3 8894 8469 8848
3 8731 8442 8538
3 8625 8390 8819
3 8747 8443 8539
3 8868 149 8586
3 8759 8444 8573
3 8748 8561 8415
3 8792 8477 8536
3 8788 8340 8341
3 9007 8446 8777
3 8937 8332 8869
3 174 173 8995
3 8969 8563 8564
3 194 9101 8806
3 8856 8693 8787
3 8839 8449 8850
3 8827 8645 8422
3 8795 8450 8629
3 8794 8730 8440
3 8874 8514 8716
3 8990 8655 8431
3 8841 9005 8720
3 8685 8380 9021
3 8783 8453 8537
3 8647 8553 8878
3 8772 8454 8590
3 8844 8379 8606
3 9011 8455 8791
3 8646 8402 9013
3 8559 8456 8768
3 8882 8374 9075
3 8571 8457 8786
3 9054 8528 8938
3 8987 8458 8821
3 8548 8396 8722
3 8906 8459 8648
3 163 162 8817
3 181 8612 8829
3 8961 8374 8634
3 8922 8609 8805
3 8627 8412 8556
3 8826 8462 8644
3 8803 8749 8767
3 8718 8979 8771
3 8902 8483 8941
3 8603 8464 8843
3 8774 8756 8361
3 8844 8465 8553
3 8755 8756 8465
3 8337 8742 8837
3 8742 8338 8626
3 8932 8625 8467
3 8977 8595 8998
3 8900 8468 8547
3 8887 8641 8835
3 8735 8550 8849
3 8633 8360 8848
3 9035 8697 8831
3 8351 8352 8665
3 9022 8702 8471
3 9031 8633 8420
3 8921 8815 8841
3 9118 8583 8685
3 8594 8473 8715
3 8861 121 8807
3 8840 8579 8851
3 8851 8963 8965
3 8866 8475 8592
3 8881 8904 8599
3 8658 8770 8445
3 8789 8915 8626
3 8746 8477 8792
3 9000 8382 8658
3 9104 8649 8926
3 8565 8405 8593
3 8854 8479 8678
3 8904 8613 9036
3 8672 8671 8480
3 8824 8573 8823
3 9010 9084 8357
3 8481 9051 8813
3 8589 8705 9016
3 8897 8569 8898
3 8941 8483 8652
3 8363 8630 8939
3 130 8661 8859
3 8662 8380 8727
3 8916 8485 8875
3 8752 8348 8549
3 8945 8486 8593
3 8885 8562 8407
3 8919 8487 8927
3 8917 8666 8918
3 8934 8488 8765
3 8611 179 178
3 8981 8489 8683
3 8734 8441 8735
3 8901 8490 8660
3 8741 8399 8572
3 8540 8815 8923
3 8805 8461 9082
3 9004 8492 8991
3 8608 8410 8928
3 8996 8493 8637
3 8576 8409 8597
3 127 8978 8867
3 8830 8978 8700
3 8560 8764 8383
3 8889 8477 8746
3 8645 8496 8757
3 8799 8506 8651
3 9075 8681 8882
3 8620 8366 8763
3 8687 8498 8786
3 8947 167 8621
3 8957 8499 8872
3 9019 8368 8573
3 8668 8907 8356
3 8804 8461 8556
3 9102 8501 8832
3 8737 8556 8412
3 8846 8630 8863
3 8854 8599 8479
3 8909 8503 8750
3 8708 147 146
3 8814 8504 8855
3 8899 8378 8670
3 8597 8505 8982
3 8983 8754 9026
3 8496 8798 8799
3 8728 8440 8972
3 9117 8507 8730
3 8721 8475 8866
3 8866 8592 8389
3 8986 8653 8508
3 8713 8509 8878
3 9109 190 8704
3 8828 8510 8892
3 8762 8425 8598
3 8327 8657 8958
3 9041 8370 8809
3 8980 8635 9008
3 8582 8328 8329
3 8790 9033 8974
3 9033 8822 8686
3 9030 8514 8901
3 8716 8358 8874
3 9018 8515 8666
3 9019 8573 9095
3 8619 8912 8999
3 9053 8690 9052
3 9026 8754 8517
3 8517 8946 9015
3 8807 8518 8853
3 120 119 8857
3 9084 8519 9047
3 8696 8376 8581
3 8374 8558 8634
3 8879 8537 187
3 8682 8521 9065
3 9067 8901 8660
3 8886 8522 8712
3 8502 8816 8863
3 8871 8523 9061
3 8956 8391 8684
3 150 8739 151
3 8711 8436 8706
3 9056 8525 8820
3 9013 8526 8646
3 9055 8808 9013
3 8848 8360 9050
3 8698 8527 9103
3 8802 8709 8436
3 172 8938 173
3 8394 8969 8743
3 8627 8529 9104
3 9105 8659 9072
3 193 8883 9101
3 9100 8552 8856
3 9074 8531 8591
3 8374 8961 8761
3 9083 8532 8751
3 9071 8600 9070
3 8629 8533 8449
3 8440 8728 8533
3 8905 8534 9068
3 9081 8600 8534
3 8664 8535 9122
3 9123 141 8724
3 8658 8536 8477
3 8801 8545 9017
3 8818 8537 8453
3 187 186 8879
3 8731 8538 8370
3 8442 8732 8538
3 8692 8908 8443
3 8850 8698 8397
3 8960 8585 8540
3 8408 8842 9093
3 8966 8541 8869
3 9063 8679 9062
3 8346 8875 9090
3 8847 8385 8584
3 8757 8543 8422
3 8377 8786 8924
3 9081 8905 8544
3 8905 8963 8544
3 8650 8862 8445
3 9091 8344 8838
3 8644 9064 8373
3 9085 8622 8459
3 8679 8547 8396
3 8468 8836 8547
3 8822 8548 8458
3 8777 8446 8775
3 8585 8549 8408
3 8348 8349 8549
3 8736 8550 8441
3 8369 8569 8604
3 8324 8551 8975
3 9025 8575 8691
3 9111 8753 8404
3 8856 8787 8448
3 8699 8553 8465
3 8878 8509 9059
3 8700 8554 8438
3 8873 123 9048
3 8333 8869 8332
3 8541 9062 8555
3 8804 8556 8392
3 8782 8362 8627
3 133 8557 134
3 9092 8726 8557
3 8763 9034 8497
3 8870 8520 8634
3 8647 8834 8379
3 8406 8707 8559
3 8758 8560 8383
3 8760 8358 8748
3 8560 8748 8415
3 8358 8716 8561
3 8843 8562 8387
3 8769 8361 8602
3 8564 8563 8463
3 8969 8903 8563
3 8771 8564 8463
3 8743 8528 9054
3 8864 8565 8478
3 8438 8554 8925
3 9055 8566 8820
3 8821 8364 9044
3 8733 8567 9050
3 8791 8455 8974
3 8852 8568 8414
3 8964 8392 9043
3 8793 8569 8369
3 8898 8482 8897
3 9112 8570 8992
3 157 156 9119
3 8652 8571 8377
3 8903 8394 8784
3 8671 8572 8399
3 8419 8673 8572
3 8823 8573 8368
3 8399 8759 8573
3 8874 9023 8490
3 8574 8760 8759
3 138 8691 139
3 9025 8618 9024
3 8876 8576 8493
3 8949 8465 8606
3 8910 8577 8425
3 8381 8672 8895
3 8919 8927 8395
3 8927 8918 8797
3 8840 8656 8579
3 9094 8957 8872
3 8877 8580 8460
3 8426 8695 8580
3 9046 8696 8519
3 8376 8771 8581
3 9008 8582 8512
3 8421 8657 8582
3 8831 8583 8408
3 8470 8745 8583
3 9089 9069 8584
3 9069 8485 8847
3 8752 8585 8485
3 8408 8540 8585
3 8692 8586 8430
3 8443 8739 8868
3 8926 8587 8412
3 9058 8810 8367
3 154 9080 155
3 8436 8709 8588
3 8705 8589 8420
3 8390 8625 8896
3 8856 8772 8378
3 8454 8774 8590
3 9074 8591 8411
3 9076 8427 8688
3 8993 8592 8508
3 8880 8401 8592
3 8945 8593 8405
3 8669 8407 8601
3 9001 8873 8594
3 9048 122 8861
3 8723 8595 8482
3 8977 8503 8976
3 200 8596 114
3 199 198 8913
3 8781 8597 8388
3 8409 8607 8597
3 8577 8598 8425
3 8577 8895 9040
3 8880 8599 8401
3 8881 8355 8904
3 9082 8600 8805
3 9071 8532 8714
3 8602 8996 8407
3 9102 8920 8501
3 8562 8602 8407
3 8361 8876 8602
3 8853 8845 8387
3 9110 8670 8959
3 8369 8604 8550
3 8569 8420 8604
3 8326 8931 8325
3 9003 8738 8417
3 8768 8740 8606
3 8949 8755 8465
3 8606 8740 8409
3 9037 8754 8505
3 8929 8608 8492
3 8923 8491 8608
3 8921 8609 8491
3 8362 8782 8609
3 8914 8610 8426
3 9079 8718 8376
3 8914 8611 8488
3 8426 8580 8877
3 8989 8612 180
3 8611 8426 8612
3 9036 8613 8419
3 8355 8871 8613
3 160 9106 161
3 9014 8648 8459
3 9113 8637 8615
3 9115 8781 8388
3 8714 8991 8492
3 8536 8403 8616
3 8911 8617 9051
3 9047 8400 8816
3 8538 8809 8370
3 9024 8575 9025
3 8946 8620 9015
3 8411 8591 8912
3 9060 8620 8497
3 9015 8619 8517
3 166 8621 167
3 8954 8498 8947
3 8546 9085 8459
3 8428 8621 8858
3 8950 8623 8511
3 9108 8635 8675
3 128 8624 129
3 9045 8701 8384
3 8664 8932 8467
3 8896 8589 8390
3 8340 8788 8789
3 8933 8655 8466
3 8461 8782 8556
3 8362 8720 8627
3 9026 8628 8957
3 8628 8951 8828
3 8795 8629 8371
3 8450 8794 8629
3 8863 8630 8522
3 8939 8563 8902
3 9063 8689 8437
3 8335 8336 8631
3 8938 8632 9054
3 171 170 8785
3 8604 8984 8469
3 8420 8589 9031
3 8870 8634 8558
3 9049 8744 8460
3 8675 8635 8455
3 9008 8512 8980
3 8596 8913 8434
3 197 196 8988
3 9115 8637 8493
3 8615 8414 9113
3 8624 8638 8432
3 8624 8494 8638
3 115 8639 116
3 115 8596 8639
3 8889 8640 8477
3 8415 8561 9039
3 8835 8641 8416
3 8375 8717 8641
3 9067 8642 8416
3 8521 8682 8642
3 9007 8643 8446
3 8582 8329 8643
3 8802 8826 8373
3 8462 8767 8827
3 8644 8827 8422
3 8359 8798 8645
3 8848 9050 8526
3 8567 8513 8646
3 8553 8647 8379
3 9059 8704 8453
3 8906 8648 8373
3 8459 8614 9014
3 9058 8926 8478
3 8529 9072 8649
3 8342 8650 8341
3 8862 8545 8445
3 8799 8651 8418
3 8506 8971 8651
3 8571 8652 8483
3 8944 8496 8943
3 8994 8653 8418
3 8363 8902 8653
3 8770 8654 8476
3 8942 8703 8451
3 8694 8990 8431
3 8953 8779 8466
3 8982 8656 8388
3 8505 8983 8656
3 8931 8958 8511
3 8327 8328 8657
3 8536 8658 8445
3 9000 8640 8382
3 8719 8659 8452
3 8638 8384 8659
3 9067 8660 9066
3 8490 8741 8967
3 129 8661 130
3 8624 8432 8661
3 8860 8662 8484
3 9078 8659 8719
3 118 8663 119
3 118 117 8855
3 8930 8932 8398
3 8778 144 143
3 8353 8726 8352
3 8985 8745 8470
3 9018 8666 8424
3 8515 8758 8666
3 8892 8667 8424
3 9006 8762 8368
3 8872 8668 8356
3 8499 8892 8668
3 8367 8669 8601
3 8593 8486 8669
3 8590 8670 8378
3 9110 8603 8845
3 8824 8671 8399
3 8895 8577 9029
3 9012 8833 8672
3 8419 8671 8672
3 9114 8673 8386
3 8419 8613 8673
3 8727 8968 8484
3 8557 133 8674
3 8623 8675 8370
3 8623 8421 9108
3 8951 8676 8510
3 8393 8999 9042
3 8718 8934 8447
3 8934 8765 8677
3 8886 8854 8678
3 8479 8833 9012
3 9062 8679 8396
3 8437 8680 8900
3 8779 8680 8437
3 8375 8641 8887
3 9015 9060 8411
3 8497 8882 8681
3 9056 8820 8429
3 8364 8642 8682
3 8673 8981 8386
3 8489 8766 8683
3 8766 8684 8429
3 8956 8735 8391
3 9118 8685 9005
3 9021 8662 8719
3 9032 8686 8987
3 8513 9033 8686
3 8785 8687 8457
3 169 168 8687
3 8591 8688 8357
3 8591 8531 8688
3 8437 8689 8631
3 8541 8966 8689
3 8911 8690 8357
3 8911 8910 8690
3 8417 8691 8551
3 8575 139 8691
3 8908 8692 8371
3 8443 8586 8692
3 8935 8693 8504
3 8856 8448 9100
3 8382 8703 8942
3 8451 8717 8990
3 8610 8695 8426
3 9098 8696 8427
3 8519 8696 8581
3 8427 8695 9098
3 8349 8697 8549
3 8350 8351 8865
3 8826 8698 8462
3 8397 8539 8850
3 8756 8699 8465
3 8753 8552 8955
3 8830 8700 8438
3 126 125 8700
3 8830 8701 8494
3 8438 8864 8701
3 8633 8702 8360
3 8589 8471 8702
3 8640 8703 8382
3 8561 8451 8703
3 9109 8704 9059
3 190 189 8704
3 8569 8897 8420
3 8482 8595 9016
3 9088 8711 8524
3 8436 8588 8773
3 8558 8707 8406
3 8558 8497 8707
3 8977 8708 8503
3 8430 8586 8888
3 8711 8802 8436
3 8648 8423 8709
3 8428 8710 8543
3 9064 8644 8422
3 8524 8711 8706
3 9103 8527 8711
3 9073 8986 8712
3 8508 8592 8712
3 8955 8713 8404
3 8883 193 192
3 8991 8714 8365
3 8928 8410 9071
3 8594 8715 8405
3 8780 8387 8812
3 9028 8716 8514
3 8451 8561 8716
3 8641 8717 8514
3 8375 8655 8990
3 8979 8718 8447
3 8376 8610 9079
3 8685 8719 8452
3 8662 8432 8719
3 8627 8720 8529
3 9005 8472 9118
3 9096 8721 8507
3 8441 8734 8721
3 8548 8722 8458
3 8396 8547 8722
3 8795 8723 8482
3 8371 8692 8723
3 9123 8724 8535
3 141 140 9077
3 8809 8725 8433
3 8538 8398 8725
3 8985 8726 8439
3 8665 8352 8726
3 8968 8727 8439
3 8484 8662 8727
3 8798 8728 8506
3 8359 8533 8728
3 8730 8729 8440
3 8507 8866 8729
3 9117 8730 8369
3 8507 8729 8730
3 8675 9011 8370
3 9011 8791 8731
3 8538 8732 8398
3 8442 8733 9022
3 8567 8733 8442
3 8360 8702 8733
3 8871 8734 8523
3 8355 8881 8734
3 8734 8735 8523
3 8441 8550 8735
3 8550 8736 8369
3 8441 8721 9096
3 8920 9043 8501
3 8392 8556 8737
3 8370 9041 8623
3 8618 8417 8738
3 9086 8739 9120
3 150 149 8868
3 8379 8768 8606
3 8456 8763 8890
3 9114 8967 8741
3 8490 8574 8741
3 8431 8933 8626
3 8837 8336 8337
3 8979 8743 8564
3 8447 8825 8743
3 8634 9049 8460
3 8520 8891 8744
3 8665 8985 8470
3 8727 8380 8745
3 8751 8746 8365
3 8495 8764 8889
3 9088 8747 8397
3 9120 8739 8443
3 8444 8760 8560
3 8358 8561 8748
3 8533 8749 8449
3 8533 8359 8749
3 144 8778 8909
3 8503 8708 8750
3 8714 9083 8365
3 8578 8495 8751
3 8348 8752 8347
3 8549 8585 8752
3 8454 8753 8699
3 8454 8772 8753
3 8607 9037 8505
3 8366 8946 8754
3 8361 8755 8576
3 8756 8454 8699
3 8361 8756 8755
3 8361 8769 8774
3 8645 8757 8422
3 8496 8944 8757
3 8666 8758 8383
3 9020 8444 8758
3 8574 8759 8399
3 8574 9023 8760
3 8560 8760 8748
3 8444 8759 8760
3 9076 8761 8427
3 8531 9075 8761
3 8667 9006 8368
3 8676 8425 8762
3 9037 8890 8366
3 9034 8707 8497
3 8797 8764 8495
3 8560 8415 8764
3 176 8765 177
3 8488 8611 8765
3 8683 8766 8429
3 9061 8523 8956
3 8803 8767 8462
3 8359 8645 8767
3 8559 8768 8379
3 8456 8740 8768
3 8562 8769 8602
3 8464 8774 8769
3 8893 8770 8476
3 8658 8382 8770
3 8581 8771 8463
3 8376 8718 8771
3 8378 8772 8590
3 8552 8753 8772
3 153 8773 154
3 8706 8436 8773
3 8590 8774 8464
3 8454 8756 8774
3 8777 8775 8548
3 8446 8555 8775
3 8643 8776 8446
3 8643 8330 8776
3 8372 8777 8548
3 8372 8980 8777
3 8467 8778 8664
3 8909 8750 145
3 8631 8779 8437
3 8466 8655 8953
3 8473 8780 8715
3 8473 8807 8853
3 8973 9115 8388
3 8493 8576 8781
3 8556 8782 8627
3 8461 8609 8782
3 8834 8783 8559
3 8537 8800 8783
3 8743 9054 8394
3 8632 8457 8784
3 171 8785 8632
3 170 169 8785
3 8687 8786 8457
3 8924 8543 8377
3 8434 8787 8693
3 8434 8636 8787
3 8650 8788 8341
3 8789 8626 8339
3 8476 8789 8788
3 8476 8654 8915
3 9033 8790 8372
3 8455 8635 8790
3 8442 8791 8567
3 8442 8731 8791
3 8616 8792 8536
3 8365 8746 8792
3 8898 8793 8450
3 8369 8730 8793
3 8629 8794 8533
3 8450 8793 8794
3 8723 8795 8371
3 8482 8898 8795
3 155 9107 156
3 8588 8423 8796
3 8578 8797 8495
3 8927 8487 8918
3 8645 8798 8496
3 8359 8728 8798
3 8943 8799 8418
3 8798 8506 8799
3 8870 8800 8520
3 8406 8783 8800
3 8445 8801 8536
3 8445 8545 8801
3 8826 8802 8527
3 8373 8648 8802
3 8698 8803 8462
3 8449 8749 8803
3 9068 8804 8392
3 8534 9082 8804
3 8922 8805 8410
3 8609 8461 8805
3 194 8806 195
3 8530 9100 8806
3 8861 8807 8473
3 121 120 8807
3 9056 9057 8525
3 8391 8849 8894
3 8725 8809 8538
3 8433 9024 8809
3 8565 8810 8478
3 8565 8593 8810
3 190 9109 191
3 8509 8713 8811
3 8780 8812 8486
3 8387 8562 8812
3 9051 8816 8813
3 8502 8678 8813
3 116 8814 117
3 116 8639 8814
3 9093 8815 8540
3 8472 8841 8815
3 8813 8816 8502
3 8617 9047 8816
3 161 8817 162
3 8614 8459 8817
3 8704 8818 8453
3 188 187 8818
3 8625 8819 8467
3 8390 8976 8819
3 8429 8820 8682
3 8525 9055 8820
3 8987 8821 8566
3 8458 8722 8821
3 8686 8822 8458
3 8372 8548 8822
3 8598 8823 8368
3 8824 8399 8573
3 8480 8824 8823
3 8480 8671 8824
3 175 8825 8677
3 8528 8743 8825
3 8373 8826 8644
3 8527 8698 8826
3 8462 8827 8644
3 8767 8645 8827
3 8957 8828 8499
3 8628 8393 8951
3 181 8829 182
3 8612 8460 8829
3 8701 8830 8438
3 8494 8867 8978
3 8549 9035 8408
3 8697 8470 8831
3 9113 9102 8601
3 8501 9009 9099
3 8381 9012 8672
3 8479 8904 9036
3 8379 8834 8559
3 8647 8453 8834
3 8642 8835 8416
3 8468 8680 8887
3 8835 8836 8468
3 8642 8364 8836
3 8466 8837 8742
3 8466 8631 8837
3 9089 9017 8838
3 9091 8343 8344
3 8449 8839 8629
3 8539 8908 8839
3 8852 8973 8474
3 8388 8656 8840
3 8362 8841 8720
3 8362 8921 8841
3 8815 9093 8472
3 8408 8583 8842
3 8603 8843 8387
3 8464 8562 8843
3 8379 8844 8553
3 8606 8465 8844
3 8387 8845 8603
3 9002 8663 8435
3 8581 8846 8400
3 8463 8630 8846
3 9069 8847 8584
3 8485 8585 8960
3 8894 8848 8526
3 8469 8633 8848
3 8735 8849 8391
3 8550 8469 8849
3 8839 8850 8539
3 8449 8803 8850
3 8840 8851 8474
3 8579 8872 8851
3 9115 8973 8615
3 8474 8965 8852
3 8845 8853 8518
3 8387 8780 8853
3 8502 8886 8678
3 8401 8599 8854
3 8814 8855 117
3 8936 8435 8663
3 8772 8856 8552
3 8378 8693 8856
3 9002 8857 8663
3 8518 8807 8857
3 9085 8858 8622
3 8621 166 8858
3 8674 8997 8484
3 131 130 8859
3 8859 8860 8484
3 8859 8661 8860
3 8594 8861 8473
3 122 121 8861
3 8342 8862 8650
3 8342 8343 8862
3 8886 8863 8522
3 8400 8846 8863
3 8940 8864 8478
3 8438 8565 8864
3 8665 8865 8351
3 8665 8470 8865
3 8729 8866 8389
3 8507 8721 8866
3 127 8867 128
3 8494 8624 8867
3 8443 8868 8586
3 8739 150 8868
3 8555 8869 8541
3 8555 8937 8869
3 8406 8870 8558
3 8406 8800 8870
3 8613 8871 8489
3 8355 8734 8871
3 8851 8872 8356
3 9094 8413 8957
3 8405 9001 8594
3 8554 9097 8873
3 9023 8874 8358
3 8490 8901 8874
3 9069 8875 8485
3 9090 8345 8346
3 8996 8876 8493
3 8361 8576 8876
3 8612 8877 8460
3 8612 8426 8877
3 9111 8878 8553
3 8404 8713 8878
3 185 8879 186
3 8800 8537 8879
3 8475 8880 8592
3 8475 8599 8880
3 8475 8881 8599
3 8475 8721 8881
3 8558 8882 8497
3 8558 8374 8882
3 8530 8883 8713
3 9101 194 193
3 8778 8884 8664
3 143 142 8884
3 8812 8885 8486
3 8812 8562 8885
3 8854 8886 8401
3 8502 8863 8886
3 8468 8887 8835
3 8680 8375 8887
3 148 8888 8586
3 148 147 8888
3 8495 8889 8746
3 8415 8640 8889
3 8740 8890 8607
3 8740 8456 8890
3 8800 8891 8520
3 185 184 8891
3 8668 8892 8424
3 8499 8828 8892
3 8788 8893 8476
3 8650 8445 8893
3 8808 8894 8526
3 8849 8469 8894
3 8480 8895 8672
3 9040 8598 8577
3 8471 8896 8625
3 8471 8589 8896
3 8705 8897 8482
3 8705 8420 8897
3 8793 8898 8569
3 8450 8795 8898
3 8378 8899 8693
3 8670 8435 8899
3 8437 8900 8679
3 8680 8468 8900
3 8641 9030 8416
3 8514 8874 8901
3 8939 8902 8363
3 8563 8483 8902
3 8483 8903 8571
3 8483 8563 8903
3 8599 8904 8479
3 8355 8613 8904
3 8963 8905 8500
3 8544 8919 9081
3 9064 8906 8373
3 8546 8459 8906
3 8356 8907 8544
3 8668 8424 8917
3 8839 8908 8371
3 8539 8443 8908
3 8467 8909 8778
3 8467 8819 8909
3 8690 8910 8425
3 8481 9029 8910
3 8910 8911 8481
3 8357 9084 8911
3 8411 8912 8619
3 8591 8516 8912
3 8434 8913 8636
3 8596 199 8913
3 9079 8914 8488
3 8426 8611 8914
3 8626 8915 8431
3 8789 8476 8915
3 8346 8916 8875
3 8347 8752 8916
3 8907 8917 8487
3 8424 8666 8917
3 8917 8918 8487
3 8666 8383 8918
3 9081 8919 8395
3 8544 8907 8919
3 8568 8920 8414
3 9043 8392 8737
3 8609 8921 8362
3 8491 8815 8921
3 8608 8922 8410
3 8491 8609 8922
3 8385 8923 8608
3 8385 8540 8923
3 8498 8924 8786
3 8498 8954 8924
3 8438 8925 8565
3 8554 9001 8925
3 9104 8926 8412
3 8649 8478 8926
3 8578 8927 8797
3 8578 8395 8927
3 8492 8928 8714
3 8492 8608 8928
3 9004 8929 8492
3 8584 8385 8929
3 8732 8930 8398
3 8732 8471 8930
3 8325 8931 8605
3 8958 8657 8950
3 8398 8932 8664
3 8930 8625 8932
3 8626 8933 8742
3 8431 8655 8933
3 8447 8934 8677
3 8718 8488 8934
3 8814 8935 8504
3 8639 8434 8935
3 8504 8936 8855
3 8504 8899 8936
3 8776 8937 8555
3 8331 8332 8937
3 8825 8995 8528
3 172 8632 8938
3 8463 8939 8630
3 8463 8563 8939
3 8649 8940 8478
3 8649 8384 8940
3 8418 8941 8652
3 8653 8902 8941
3 8654 8942 8694
3 8654 8382 8942
3 8377 8944 8652
3 8496 8799 8943
3 8652 8944 8943
3 8377 8757 8944
3 8715 8945 8405
3 8715 8486 8945
3 8754 8946 8517
3 8366 8620 8946
3 168 8947 8687
3 8621 8954 8947
3 9106 8992 8948
3 8570 8796 8948
3 8409 8949 8606
3 8409 8576 8949
3 8958 8950 8511
3 8421 8623 8950
3 8828 8951 8510
3 8393 8676 8951
3 8726 8952 8557
3 8726 8353 8952
3 8375 8953 8655
3 8375 8680 8953
3 8428 8954 8621
3 8428 8543 8954
3 8713 8955 8530
3 8404 8753 8955
3 8766 8956 8684
3 8523 8735 8956
3 9026 8957 8413
3 8628 8828 8957
3 8326 8958 8931
3 8326 8327 8958
3 8590 8959 8670
3 8590 8464 8959
3 8847 8960 8385
3 8847 8485 8960
3 8460 8961 8634
3 8580 8761 8961
3 8691 8962 8551
3 138 137 8962
3 8965 8963 8500
3 8851 8356 8963
3 8965 8964 8568
3 8500 8905 9068
3 8964 8965 8500
3 8568 8852 8965
3 8334 8966 8333
3 8334 8689 8966
3 8490 8967 8660
3 8741 8572 9114
3 9092 8968 8439
3 8674 8484 8968
3 8743 8969 8564
3 8394 8903 8969
3 8354 8970 8952
3 8354 135 8970
3 8972 8971 8506
3 8729 8389 8971
3 8729 8972 8440
3 8729 8971 8972
3 8474 8973 8840
3 8852 8615 8973
3 8790 8974 8455
3 8513 8567 8974
3 8324 8975 8323
3 8962 137 8975
3 8819 8976 8503
3 8390 9016 8976
3 8708 8977 8430
3 8976 8595 8977
3 8700 8978 126
3 8830 8494 8978
3 8743 8979 8447
3 8564 8771 8979
3 8790 8980 8372
3 8790 8635 8980
3 8386 8981 8683
3 8673 8489 8981
3 8597 8982 8388
3 8505 8656 8982
3 8656 8983 8413
3 8505 8754 8983
3 8469 8984 8633
3 8604 8420 8984
3 8726 8985 8665
3 8439 8727 8985
3 8712 8986 8508
3 8712 8522 9073
3 8458 8987 8686
3 8566 9055 8987
3 197 8988 8636
3 196 195 8988
3 179 8989 180
3 8611 8612 8989
3 8451 8990 8694
3 8717 8375 8990
3 8792 8991 8365
3 8616 9004 8991
3 9112 8992 159
3 8948 8614 9106
3 8994 8993 8508
3 8651 8971 8993
3 8651 8994 8418
3 8508 8653 8994
3 8528 8995 8938
3 8825 174 8995
3 8407 8996 8637
3 8602 8876 8996
3 131 8997 132
3 8859 8484 8997
3 8723 8998 8595
3 8723 8692 8998
3 9027 8999 8393
3 8912 8516 8999
3 8477 9000 8658
3 8477 8640 9000
3 8925 9001 8405
3 8554 8873 9001
3 8518 9002 8845
3 8518 8857 9002
3 8931 9003 8605
3 8511 8738 9003
3 8403 9004 8616
3 8584 8929 9004
3 8472 9005 8841
3 8685 8452 9005
3 8510 9006 8667
3 8510 8762 9006
3 8512 9007 8777
3 8512 8643 9007
3 9108 9008 8635
3 8421 8582 9008
3 8737 9009 8501
3 8737 8412 9009
3 8688 9010 8357
3 8688 8427 9046
3 8370 9011 8731
3 8675 8455 9011
3 8678 9012 8381
3 8678 8479 9012
3 9055 9013 8402
3 8808 8526 9013
3 8948 9014 8614
3 8423 8648 9014
3 9060 9015 8620
3 8411 8619 9015
3 8482 9016 8705
3 8595 8976 9016
3 8838 9017 8545
3 8838 8542 9089
3 8667 9018 8424
3 8667 9019 9018
3 9018 9019 8515
3 8667 8368 9019
3 8515 9020 8758
3 9095 8573 8444
3 8685 9021 8719
3 8380 8662 9021
3 8442 9022 8732
3 8733 8702 9022
3 8760 9023 8358
3 8574 8490 9023
3 8809 9024 8618
3 8433 9077 9024
3 8417 9025 8691
3 8417 8618 9025
3 8983 9026 8413
3 8517 9027 9026
3 9026 9027 8628
3 8517 8619 9027
3 8717 9028 8514
3 8717 8451 9028
3 8910 9029 8577
3 8481 8813 9029
3 8416 9030 8901
3 8641 8514 9030
3 8702 9031 8589
3 8702 8633 9031
3 8646 9032 8402
3 8513 8686 9032
3 8822 9033 8372
3 8513 8974 9033
3 8456 9034 8763
3 8456 8707 9034
3 8408 9035 8831
3 8549 8697 9035
3 8833 9036 8419
3 8833 8479 9036
3 8890 9037 8607
3 8366 8754 9037
3 8817 9038 163
3 8817 8459 9038
3 8415 9039 8640
3 8561 8703 9039
3 8480 9040 8895
3 8480 8598 9040
3 8738 9041 8618
3 8738 8623 9041
3 8393 9042 8676
3 8999 8516 9042
3 8568 9043 8920
3 8568 8964 9043
3 8682 9044 8364
3 8820 8566 9044
3 8494 9045 8638
3 8494 8701 9045
3 9010 9046 8519
3 8427 8696 9046
3 9084 9047 8617
3 8519 8581 9047
3 8873 9048 8594
3 123 122 9048
3 8520 9049 8634
3 8520 8744 9049
3 8646 9050 8567
3 8646 8526 9050
3 8911 9051 8481
3 8617 8816 9051
3 9053 9052 8516
3 8690 8425 9052
3 8591 9053 8516
3 8357 8690 9053
3 8784 9054 8632
3 8784 8394 9054
3 8808 9055 8525
3 8402 8987 9055
3 8684 9056 8429
3 8684 9057 9056
3 8525 9057 8808
3 8684 8391 9057
3 8926 9058 8587
3 8478 8810 9058
3 8878 9059 8647
3 8509 9109 9059
3 8681 9060 8497
3 8681 8411 9060
3 8489 9061 8766
3 8489 8871 9061
3 8555 9062 8396
3 8541 9063 9062
3 8689 9063 8541
3 8437 8679 9063
3 8546 9064 8710
3 8546 8906 9064
3 9066 9065 8521
3 8683 8429 9065
3 9065 9066 8683
3 8521 9067 9066
3 8642 9067 8521
3 8416 8901 9067
3 8500 9068 8964
3 8534 8804 9068
3 8403 9089 8584
3 8542 8875 9069
3 8395 9070 8600
3 8395 8578 9070
3 8805 9071 8410
3 9070 8532 9071
3 9105 9072 8529
3 8659 8384 9072
3 8630 9073 8522
3 8363 8986 9073
3 8681 9074 8411
3 8681 9075 9074
3 8761 9075 8374
3 8531 9074 9075
3 8531 9076 8688
3 8531 8761 9076
3 9024 9077 8575
3 8724 141 9077
3 8432 9078 8719
3 8432 8638 9078
3 8914 9079 8610
3 8488 8718 9079
3 8773 9080 154
3 8773 8588 9080
3 8600 9081 8395
3 8534 8905 9081
3 8804 9082 8461
3 8534 8600 9082
3 8365 9083 8751
3 8714 8532 9083
3 8911 9084 8617
3 9010 8519 9084
3 8710 9085 8546
3 8428 8858 9085
3 9087 9086 8524
3 151 8739 9086
3 8706 9087 8524
3 8706 153 9087
3 8711 9088 8397
3 8524 9086 9120
3 9017 9089 8403
3 8542 9069 9089
3 8542 9090 8875
3 8542 8838 9090
3 8545 9091 8838
3 8545 8862 9091
3 8674 9092 8557
3 8674 8968 9092
3 8408 9093 8540
3 8842 8472 9093
3 8579 9094 8872
3 8579 8656 9094
3 8515 9095 9020
3 8515 9019 9095
3 9117 9096 8507
3 8736 8441 9096
3 125 9097 8700
3 125 124 9097
3 8610 9098 8695
3 8610 8376 9098
3 8501 9099 8832
3 8587 9058 9099
3 8955 9100 8530
3 8955 8552 9100
3 8530 9101 8883
3 8530 8806 9101
3 8601 9102 8832
3 8414 8920 9102
3 8397 9103 8711
3 8397 8698 9103
3 8627 9104 8412
3 8529 8649 9104
3 8720 9105 8529
3 8452 8659 9105
3 8817 9106 8614
3 160 8992 9106
3 8796 9107 8588
3 8796 9119 9107
3 8623 9108 8675
3 8421 9008 9108
3 8811 9109 8509
3 8811 191 9109
3 8670 9110 8435
3 8959 8603 9110
3 8878 9111 8404
3 8553 8699 9111
3 158 9112 159
3 158 157 9112
3 9102 9113 8414
3 8601 8637 9113
3 8673 9114 8572
3 8386 8967 9114
3 8637 9115 8615
3 8493 8781 9115
3 8858 9116 8622
3 8858 166 9116
3 8736 9117 8369
3 8736 9096 9117
3 8842 9118 8472
3 8842 8583 9118
3 9107 9119 156
3 8796 8570 9119
3 9088 9120 8747
3 9088 8524 9120
3 8724 9121 8535
3 8724 8433 9121
3 9121 9122 8535
3 8725 8398 9122
3 141 9123 142
3 8535 8884 9123
