v -0.861003 0.733308 -0.004052
v -0.982792 0.426893 -0.005385
v -0.895060 0.680305 -0.006578
v -0.913148 0.647794 -0.010003
v -0.905675 0.662331 -0.011074
v -0.905079 0.663842 -0.008599
v -0.956185 0.522281 -0.008576
v -0.963249 0.467004 -0.005641
v -0.962481 0.387200 -0.008367
v -0.955919 0.361252 -0.014495
v -0.941121 0.303607 -0.013319
v -0.933524 0.304025 -0.010889
v -0.273917 1.056682 -0.010636
v -0.844554 0.794940 -0.010032
v -0.910588 0.282828 -0.012267
v -0.152599 1.064571 -0.011209
v -0.926695 0.574266 -0.012107
v -0.451548 1.088555 -0.007507
v -0.871594 0.238360 -0.006431
v -0.642795 0.003448 -0.006617
v -0.741452 0.958651 -0.004927
v -0.876527 0.774733 -0.003194
v -0.634798 0.018267 -0.008237
v -0.888612 0.751130 -0.008503
v -0.715050 1.007850 -0.003894
v -0.909918 0.471816 -0.005261
v -0.842051 0.873545 -0.007119
v -0.888336 0.765780 -0.008158
v -0.900860 0.712368 -0.007720
v -0.587382 1.140309 -0.009664
v -0.893163 0.717707 -0.007662
v -0.550054 1.180568 -0.008275
v -0.786685 0.285857 -0.004869
v -0.798467 0.304535 -0.006649
v -0.897424 0.640450 -0.007127
v -0.872861 0.828108 -0.007769
v -0.747659 1.070656 -0.005598
v -0.485889 1.253277 -0.006057
v -0.861773 0.544500 -0.009680
v -0.323911 1.312751 -0.009731
v -0.487606 0.141996 -0.005699
v -0.840387 0.930464 -0.007379
v -0.830618 0.482334 -0.006792
v -0.850105 0.544516 -0.007844
v -0.842516 0.538331 -0.010369
v -0.871911 0.680226 -0.006306
v -0.872469 0.719802 -0.008204
v -0.743197 0.401914 -0.007805
v -0.847339 0.626246 -0.008004
v -0.815297 1.042060 -0.008962
v -0.726246 1.192639 -0.008822
v -0.731962 1.194797 -0.001870
v -0.539598 1.366934 -0.010802
v -0.808512 0.636214 -0.005235
v -0.701359 1.247248 -0.012704
v -0.755250 1.191599 -0.009507
v -0.657832 1.321089 0.002000
v 0.572730 1.374127 0.005114
v 0.662583 1.302166 -0.008582
v 0.598513 1.350396 -0.009807
v 0.491186 1.398694 -0.005776
v 0.841018 0.921011 -0.006652
v 0.534645 1.360763 -0.010721
v 0.664138 1.262071 -0.007331
v 0.750224 1.154665 -0.008492
v 0.809634 1.039237 -0.008037
v 0.570578 0.262156 -0.009467
v 0.868768 0.762978 -0.009846
v 0.515069 1.312701 -0.010654
v 0.786103 0.448128 -0.005220
v 0.834592 0.951469 -0.009473
v 0.861354 0.598726 -0.007643
v 0.824978 0.461478 -0.007478
v 0.827929 0.452500 -0.009486
v 0.708042 1.123361 -0.009716
v 0.843828 0.467186 -0.006420
v 0.801252 0.361870 -0.007608
v 0.171764 1.269886 -0.009677
v 0.824931 0.387918 -0.007101
v 0.887962 0.742500 -0.006666
v 0.884919 0.520847 -0.004839
v 0.501426 0.054304 -0.005373
v 0.889718 0.745448 -0.004215
v 0.586367 1.155504 -0.006817
v 0.827604 0.906969 -0.004816
v 0.601031 1.128977 -0.010111
v 0.702991 0.138409 -0.010228
v 0.579571 1.119813 -0.004666
v 0.667318 1.067227 -0.007146
v 0.873343 0.793842 -0.007566
v 0.888273 0.748029 -0.004193
v 0.731527 0.988752 -0.009141
v 0.714460 0.999078 -0.010560
v 0.525434 1.095270 -0.006201
v 0.802377 0.144407 -0.007913
v 0.898092 0.705337 -0.009131
v 0.922586 0.615662 -0.008706
v 0.760333 0.909610 -0.007272
v 0.908857 0.291120 -0.008126
v 0.840835 0.125675 -0.008263
v 0.835787 0.107173 -0.007917
v 0.396794 1.046655 -0.009270
v 0.748302 -0.004843 -0.009357
v 0.945163 0.468512 -0.010554
v 0.576136 0.973679 -0.011797
v 0.513127 -0.187380 -0.012883
v 0.375912 0.999964 -0.002739
v 0.944096 0.295990 -0.010510
v 0.929544 0.565914 -0.006234
v 0.844646 0.726716 -0.009848
v 0.290872 -0.246883 -0.010531
v 0.749290 0.820611 -0.006994
v 0.808747 -0.066401 -0.004567
v 0.484404 0.955296 -0.002603
v -0.463723 0.405629 0.001389
v -0.738776 1.200634 0.000067
v -0.789331 0.920305 0.001367
v -0.448929 1.508171 0.001108
v -0.740367 1.217798 0.000990
v -0.779615 0.882914 -0.003712
v -0.782260 1.069395 -0.003843
v -0.663367 1.365741 -0.000880
v -0.721434 0.721269 0.002227
v -0.742413 0.770133 0.005782
v -0.789555 1.007999 0.003981
v -0.599152 0.591379 0.002491
v -0.580073 1.491685 0.003683
v -0.768297 0.887574 0.000855
v -0.648687 0.670377 0.003206
v -0.762095 1.246299 0.000313
v -0.754396 1.279620 0.005419
v -0.652550 1.474179 0.000749
v -0.752352 1.298049 -0.000918
v -0.774369 1.002849 -0.005872
v -0.778163 1.076501 -0.009460
v 0.444788 1.247786 -0.009924
v -0.419982 1.057642 -0.010764
v 0.755432 1.279264 -0.010887
v 0.761288 1.269343 -0.007360
v 0.703682 1.404329 -0.005765
v 0.714181 1.370711 -0.006144
v 0.265565 0.490827 -0.004332
v 0.756206 1.248502 -0.003044
v 0.757985 1.248553 -0.002478
v 0.780522 1.145686 0.000302
v 0.782956 0.965312 -0.001542
v 0.771620 1.165924 0.001577
v 0.788184 0.999151 -0.002370
v 0.682565 0.660538 -0.000804
v 0.478880 0.462820 -0.001136
v 0.673038 0.627649 -0.000550
v 0.655741 0.600059 0.000135
v 0.783516 0.957697 0.000114
v 0.545269 0.470574 0.000997
v 0.318427 1.545473 0.001679
v 0.616434 0.527420 0.002028
v 0.468229 1.472916 0.005953
v 0.480467 0.403440 0.006062
v 0.194171 0.915633 0.173146
v 0.183950 0.907893 0.178414
v 0.174163 0.902349 0.182123
v 0.164667 0.897761 0.185828
v 0.155095 0.894451 0.189666
v 0.145224 0.891993 0.193129
v 0.135595 0.890157 0.196664
v 0.125733 0.888795 0.200162
v 0.116092 0.887787 0.203506
v 0.106624 0.886992 0.206890
v 0.097372 0.886272 0.210191
v 0.088254 0.885784 0.213202
v 0.079184 0.885336 0.216035
v 0.070083 0.884770 0.217539
v 0.061746 0.885827 0.220779
v 0.053006 0.886397 0.223655
v 0.044071 0.885386 0.224020
v 0.035156 0.886176 0.225545
v 0.026207 0.885543 0.224785
v 0.016848 0.885337 0.224574
v 0.007359 0.885346 0.224209
v -0.001932 0.885305 0.223870
v -0.011363 0.885287 0.223429
v -0.020602 0.885178 0.222644
v -0.030189 0.885515 0.222038
v -0.039645 0.885962 0.220844
v -0.049124 0.886139 0.219155
v -0.058706 0.886739 0.217227
v -0.068328 0.887391 0.215145
v -0.077960 0.887995 0.212864
v -0.087771 0.888938 0.210304
v -0.097613 0.889795 0.207639
v -0.107453 0.890937 0.204743
v -0.117385 0.892151 0.201641
v -0.127297 0.893468 0.198455
v -0.137019 0.895120 0.195080
v -0.146906 0.896938 0.191560
v -0.156888 0.898915 0.188064
v -0.167195 0.901089 0.184666
v -0.177644 0.903532 0.181419
v -0.188228 0.906790 0.177985
v -0.199301 0.910952 0.174450
v -0.210866 0.916047 0.169878
v 0.058244 1.127753 -0.177382
v -0.637560 1.013697 -0.174566
v -0.748616 1.268562 -0.175421
v 0.168800 0.956854 -0.170693
v -0.005535 2.014689 -0.176976
v -0.687489 0.939363 -0.173582
v 0.461536 1.133214 -0.172740
v -0.199364 1.321182 -0.172958
v 0.094788 1.031596 -0.175236
v -0.677684 1.000434 -0.173375
v 1.084130 0.954657 -0.174440
v -1.162281 1.001637 -0.175469
v 0.178370 1.458502 -0.170926
v -0.983512 1.093480 -0.175563
v -1.045223 1.192682 -0.173731
v 0.045610 1.197284 -0.172770
v 0.164273 0.491014 -0.175985
v -0.302560 0.824274 -0.177201
v -0.372205 0.959472 -0.170708
v 0.547902 1.279138 -0.173642
v -0.635546 1.603094 -0.172623
v 1.022905 1.336058 -0.176684
v -1.086186 1.169326 -0.174403
v 1.162135 0.725695 -0.178000
v -0.927533 1.556526 -0.167804
v 0.840869 1.434013 -0.177152
v -0.404809 1.181077 -0.173952
v -0.324071 1.058083 -0.181034
v 0.729238 1.106453 -0.169764
v -0.207705 1.358161 -0.176360
v 1.121777 1.270930 -0.171747
v 0.284024 0.787546 -0.178463
v 0.094957 0.890382 -0.173688
v 0.147457 1.064484 -0.171460
v -0.819459 1.047592 -0.173507
v 1.139075 1.214035 -0.177191
v -0.068084 1.002175 -0.174844
v 0.994021 1.385135 -0.177538
v 0.028965 1.046548 -0.177046
v 0.438457 1.177820 -0.176838
v -0.030393 0.988027 -0.177103
v 0.602633 -0.496332 -0.198061
v -0.074032 -0.859793 -0.201104
v 0.572639 -0.906122 -0.198244
v 1.419472 -0.231445 -0.202336
v 0.503783 -0.914783 -0.188179
v 1.360915 -0.311500 -0.202995
v 1.340184 -0.299499 -0.197866
v -0.708964 -0.347717 -0.206344
v 0.137016 -0.922421 -0.198493
v 1.440069 0.467556 -0.201369
v 0.712497 -0.838921 -0.202007
v -0.692607 -0.490200 -0.206057
v 1.410608 0.025094 -0.196204
v 0.644748 -0.855028 -0.202287
v 0.135101 -0.927392 -0.186834
v 1.390128 0.104723 -0.207248
v -0.102088 -0.895582 -0.200115
v -0.573080 -0.667084 -0.197021
v 0.441209 -0.894512 -0.197765
v 0.613581 -0.843352 -0.197884
v 1.227391 -0.249808 -0.200826
v -0.506107 -0.741226 -0.204710
v -0.337019 -0.837307 -0.206026
v 0.162899 -0.929851 -0.198569
v 0.187841 -0.927978 -0.202369
v -0.641814 -0.671704 -0.190600
v 1.145571 -0.296246 -0.198486
v -0.495112 -0.779539 -0.210211
v 0.794755 -0.679992 -0.197977
v 0.013118 -0.928470 -0.204077
v 0.439774 -0.864393 -0.193270
v 0.580418 -0.803505 -0.203227
v -0.514039 -0.802152 -0.191419
v -1.087834 -0.189839 -0.196203
v 0.481472 -0.829548 -0.200264
v 0.597583 -0.761098 -0.190646
v -1.091024 -0.231192 -0.192526
v -0.058103 -0.929419 -0.199419
v -0.051646 -0.930405 -0.202583
v -0.782117 -0.664781 -0.194883
v -0.347698 -0.892850 -0.198758
v -0.205911 -0.922073 -0.201867
v -0.585795 -0.805590 -0.205965
v 1.028439 -0.178399 -0.185803
v -0.048247 -0.929972 -0.200017
v -0.015812 -0.927500 -0.197990
v -0.571633 -0.840302 -0.203478
v -0.905116 -0.638883 -0.202918
v -0.009915 -0.921189 -0.195463
v -0.595344 -0.838481 -0.205293
v -0.470666 -0.886499 -0.204577
v 0.705360 -0.542584 -0.193860
v 0.406117 -0.787288 -0.194270
v 0.885006 -0.303485 -0.194251
v -0.090724 -0.926560 -0.196882
v -0.008781 -0.915760 -0.203465
v 0.570774 -0.630375 -0.204813
v -1.299190 -0.221268 -0.198602
v 0.712547 -0.461329 -0.196339
v 0.133567 -0.870815 -0.197792
v -1.023824 -0.647140 -0.202891
v 0.722605 -0.429695 -0.205777
v -0.817256 -0.790996 -0.200100
v -0.750535 -0.834048 -0.198047
v -0.992762 -0.709130 -0.197569
v -0.331325 -0.930270 -0.197424
v -1.198071 -0.529279 -0.200158
v -0.329365 -0.927870 -0.201525
v -1.231582 -0.524077 -0.198677
v -0.262028 1.813658 -0.204129
v -1.374227 0.389549 -0.195431
v 1.372403 0.445610 -0.201847
v 0.032769 -0.531976 -0.192544
v -0.579640 1.770826 -0.196654
v -0.004808 1.714817 -0.200232
v -0.237531 1.799594 -0.204351
v -1.308175 1.057606 -0.196512
v -1.006448 0.124143 -0.193102
v 0.896493 1.000821 -0.187410
v -0.293114 -0.602225 -0.206552
v -0.033587 2.010780 -0.198160
v -0.443838 1.546838 -0.200245
v -1.281029 0.147653 -0.202867
v 0.487188 1.571488 -0.199151
v 0.130347 1.917953 -0.202990
v -0.453162 1.746404 -0.201274
v 0.190076 1.781217 -0.192080
v 0.079355 -0.571577 -0.206509
v -0.834418 1.557279 -0.196337
v -0.353515 -0.450371 -0.191817
v -0.699410 1.810538 -0.204206
v -0.799505 -0.382675 -0.194611
v 0.128080 1.891503 -0.195425
v -0.443713 -0.351782 -0.192183
v 0.213975 1.623620 -0.209250
v -0.419114 -0.418334 -0.192279
v 0.186504 1.625869 -0.191840
v -1.069923 0.689175 -0.207854
v -0.550101 1.624158 -0.192033
v -0.414722 -0.714592 -0.203792
v -1.223977 0.272909 -0.205530
v 0.821048 1.466570 -0.204907
v 1.432081 0.379121 -0.198023
v -0.177360 1.851238 -0.203792
v 0.302285 1.701511 -0.192038
v 0.939155 1.486007 -0.203696
v 0.468201 1.611538 -0.206134
v 0.976268 0.771481 -0.198731
v 0.674544 -0.454076 -0.206888
v 1.203564 1.265857 -0.201936
v -1.072911 0.271046 -0.192370
v -0.776335 -0.626234 -0.194554
v 0.057474 -0.851964 -0.197535
v -1.141466 1.086984 -0.202785
v -1.182663 0.502153 -0.194672
v -0.088877 -0.844151 -0.204119
v 0.778200 1.688814 -0.194759
v -0.277088 -0.414241 -0.210181
v -0.676890 -0.175835 -0.208545
v -1.018340 0.010953 -0.194367
v -0.581718 1.814450 -0.208687
v 0.627553 -0.333596 -0.206844
v -0.783952 1.811589 -0.201081
v -0.434493 -0.408602 -0.210270
v -1.075979 -0.337088 -0.201703
v -1.295761 -0.258402 -0.204508
v 0.084228 -0.719252 -0.204607
v -0.653092 1.699024 -0.202770
v 0.515170 -0.719130 -0.203771
v 0.335850 -0.408210 -0.207949
v 0.526115 1.777322 -0.193065
v -0.705142 -0.247443 -0.189695
v 0.099873 -0.883195 -0.201775
v -1.181593 0.607328 -0.194272
v 0.351026 1.769483 -0.205068
v 0.543577 -0.550591 -0.194780
v -0.129485 -0.642550 -0.206807
v 0.128690 -0.801456 -0.200680
v -0.241341 1.689498 -0.200174
v 0.452872 2.015335 -0.198077
v -0.124218 -0.437294 -0.191033
v 1.337131 0.410601 -0.202908
v 1.330014 0.098045 -0.202838
v 0.106768 -0.608766 -0.199460
v -0.487524 -0.576814 -0.205847
v 0.554651 -0.375088 -0.193638
v 0.034485 -0.688087 -0.205564
v 0.306701 -0.678237 -0.201116
v 0.739810 -0.221357 -0.199605
v -0.465647 1.795851 -0.203830
v 0.117076 -0.401448 -0.199207
v -0.501698 -0.639827 -0.206110
v -1.137491 0.742256 -0.194438
v -0.789775 1.120384 -0.191589
v -1.028147 1.366295 -0.203635
v 0.227827 1.863462 -0.205982
v 0.487968 1.801010 -0.202899
v -1.002671 0.149231 -0.206711
v -0.181938 1.885028 -0.202357
v -0.755808 1.819520 -0.197765
v 1.019732 0.894773 -0.193397
v -0.452833 1.927703 -0.202019
v 0.557249 -0.566729 -0.203917
v 0.604458 -0.628233 -0.195923
v -0.892473 1.411452 -0.193849
v -0.783901 -0.194272 -0.193739
v 0.074675 1.757178 -0.205645
v -0.190399 -0.514978 -0.192874
v -0.628314 -0.673462 -0.197364
v 0.612410 -0.332147 -0.206791
v -1.024780 0.532030 -0.201812
v 0.438637 1.422924 -0.208732
v 1.045136 0.918344 -0.198573
v 0.329244 -0.395530 -0.209178
v -0.265853 -0.525464 -0.193411
v -0.192865 -0.590438 -0.207058
v -0.888987 1.419096 -0.194131
v -1.142283 0.394049 -0.206828
v -0.184213 1.593057 -0.200146
v 0.732571 -0.671306 -0.197550
v -0.958627 -0.202976 -0.195055
v -0.586136 1.572663 -0.195021
v 1.071847 1.113073 -0.204745
v 1.308575 0.930492 -0.200907
v -0.825491 -0.205218 -0.192657
v 0.036953 1.746043 -0.200705
v -1.232810 0.296040 -0.196615
v 0.037191 2.022894 -0.200323
v -1.011711 0.359747 -0.192097
v -1.207062 -0.152194 -0.196241
v 1.212474 0.526826 -0.204892
v -1.281593 -0.355261 -0.200500
v 0.972459 0.023676 -0.206320
v 0.873698 -0.052274 -0.206230
v 0.059603 1.631016 -0.206797
v 1.276886 0.705365 -0.193525
v -0.302824 -0.819082 -0.200228
v 1.530447 0.395178 -0.200481
v -0.091639 1.656575 -0.192562
v 0.919814 1.019018 -0.191506
v 0.831183 1.232391 -0.191032
v 0.674072 -0.354975 -0.206853
v -0.150961 1.782096 -0.205361
v 0.290496 1.827228 -0.203146
v 1.169735 -0.021412 -0.196270
v -0.938212 1.018048 -0.191769
v -0.358264 -0.877177 -0.200249
v -1.281082 0.908832 -0.196399
v -0.218688 -0.541486 -0.206772
v 0.186994 2.065257 -0.201604
v -0.700900 -0.332602 -0.201622
v -0.316595 -0.536668 -0.206941
v -1.412960 0.204536 -0.201294
v 1.126079 0.257497 -0.207304
v 0.884015 -0.362377 -0.203250
v 0.728462 1.456134 -0.206037
v -1.046912 1.239026 -0.193164
v -0.259476 -0.747744 -0.205217
v 0.140090 1.762929 -0.192964
v 0.272216 -0.797077 -0.200831
v 1.230504 1.103106 -0.202429
v -1.381348 0.713552 -0.198402
v 0.907161 1.042947 -0.187775
v -0.867233 -0.448181 -0.196729
v 1.322334 1.153494 -0.204793
v 0.968745 -0.511383 -0.198751
v -0.590876 1.852613 -0.200194
v 1.199605 0.843371 -0.194860
v 1.288800 1.108282 -0.202425
v -1.196470 -0.345809 -0.197969
v -1.361950 -0.114232 -0.198925
v -0.089761 -0.888606 -0.197664
v -1.396494 0.839851 -0.197441
v 0.688327 1.831156 -0.202292
v -0.941811 1.528942 -0.196416
v -0.809231 -0.246166 -0.206643
v 0.310605 -0.611141 -0.205213
v 0.898423 -0.175716 -0.206116
v 0.209532 1.560303 -0.191094
v 0.401652 -0.698546 -0.196712
v 1.441936 0.745669 -0.201039
v 1.157762 1.554185 -0.202773
v -0.216540 -0.646854 -0.193216
v -0.391555 -0.639143 -0.207483
v -0.234119 -0.730145 -0.201925
v 0.157642 -0.676318 -0.193153
v -0.682920 -0.282272 -0.206670
v 0.686587 1.706805 -0.203711
v 0.799858 -0.533218 -0.197726
v 0.040859 1.789839 -0.205245
v -0.874933 -0.308285 -0.205002
v -0.946614 0.175732 -0.202121
v 1.259791 -0.236185 -0.200885
v 1.093389 0.064891 -0.195765
v -1.313660 -0.186159 -0.201136
v -0.905620 1.734588 -0.200730
v 0.186096 1.657950 -0.200339
v -1.293619 0.139505 -0.196737
v -0.841787 -0.384769 -0.207403
v 0.172457 1.770219 -0.205153
v -1.106241 0.839426 -0.206520
v -0.290325 1.555842 -0.207820
v -0.187316 -0.622791 -0.194096
v -0.270569 1.820418 -0.204311
v 0.182934 -0.744749 -0.200469
v -0.752626 -0.695678 -0.197407
v -1.039530 1.071631 -0.204982
v 1.339359 0.994517 -0.201212
v 0.986253 0.365325 -0.191480
v -1.189900 1.198803 -0.197886
v -0.916864 1.473180 -0.196777
v 1.176038 0.600204 -0.197248
v -0.143765 -0.882024 -0.200601
v -0.858294 1.800372 -0.200419
v -1.339725 1.160718 -0.201657
v 1.321384 0.170997 -0.197127
v -1.282964 0.850301 -0.195482
v -0.956877 1.323437 -0.204127
v 0.958978 0.318145 -0.209796
v -0.538030 1.878824 -0.202357
v -1.019916 0.008297 -0.204623
v -0.316265 1.805033 -0.204458
v 0.584099 1.903690 -0.199220
v -0.659741 1.652472 -0.205681
v 1.402678 0.989067 -0.200223
v 0.969822 1.735674 -0.201407
v -0.114507 1.748942 -0.193001
v -1.089477 -0.251780 -0.195127
v -0.620801 -0.329988 -0.207170
v -1.120192 0.963510 -0.193352
v -0.902313 -0.141974 -0.207851
v 0.620046 1.832553 -0.200936
v 1.147536 -0.024862 -0.205409
v -1.007574 0.005909 -0.201869
v -0.218297 1.836407 -0.193697
v -1.171875 0.276525 -0.206099
v -0.988430 0.503227 -0.209271
v 1.414479 0.421067 -0.202464
v -0.395916 -0.702714 -0.195304
v -0.800242 1.318836 -0.207106
v -0.762143 1.922636 -0.200495
v 0.633403 1.561815 -0.206423
v 0.534931 -0.415954 -0.206688
v -0.045718 1.966413 -0.201966
v -1.205153 1.065893 -0.196987
v -0.513573 -0.695658 -0.204036
v 0.301249 1.760845 -0.204865
v -0.656259 -0.278565 -0.193575
v 1.031973 1.395427 -0.200719
v 1.092764 1.666236 -0.201038
v 0.422851 1.894916 -0.203088
v -0.160143 1.931055 -0.202268
v -0.972433 -0.046653 -0.207413
v 0.716370 1.482457 -0.192522
v 1.098006 0.683466 -0.206953
v 0.297498 -0.535441 -0.206914
v -0.536837 -0.614972 -0.194989
v -1.214154 -0.006500 -0.201707
v 0.423947 -0.504563 -0.199947
v 1.149103 0.161835 -0.195521
v 0.053219 -0.570533 -0.206858
v 0.191921 -0.803901 -0.197149
v -0.597923 1.519858 -0.192034
v -0.780683 -0.090234 -0.208769
v 0.198268 1.883879 -0.199914
v -0.579087 1.822201 -0.196614
v 0.050548 -0.505969 -0.207113
v 0.101156 1.856351 -0.203577
v -0.301349 1.665528 -0.193046
v -0.419179 1.644719 -0.193568
v -0.406916 1.888792 -0.202889
v -1.188700 1.579171 -0.199342
v -0.963185 0.136105 -0.188712
v 0.047326 1.943068 -0.203479
v -1.364959 0.438935 -0.202623
v 0.562731 -0.818509 -0.200217
v 1.179683 1.264699 -0.203690
v -0.611664 1.723455 -0.194126
v -1.174465 1.378310 -0.197869
v 0.035518 1.997419 -0.197225
v 0.841438 1.498676 -0.194046
v 0.232394 -0.618575 -0.206004
v 0.725030 1.596864 -0.193078
v 0.226151 1.844072 -0.193021
v -1.352671 0.003899 -0.197657
v 1.025101 1.098927 -0.194027
v 0.190974 -0.869024 -0.198757
v -1.154996 1.368381 -0.203184
v 0.659053 -0.673969 -0.200072
v 1.057117 -0.229394 -0.203942
v 0.026379 1.602617 -0.190642
v -0.832452 1.599216 -0.196358
v -0.693131 1.393337 -0.199641
v 0.037799 -0.458743 -0.210199
v -0.272229 -0.441905 -0.190579
v -0.116143 -0.426645 -0.192604
v 0.893560 -0.281960 -0.205858
v -0.379207 1.964312 -0.200355
v -1.009250 0.127483 -0.193384
v 1.090830 0.799897 -0.208170
v -1.254499 1.328081 -0.202325
v 0.438847 1.814347 -0.199574
v -0.537430 -0.444503 -0.193192
v 0.205965 1.979930 -0.200541
v -0.015275 -0.654457 -0.205489
v 1.259420 -0.018421 -0.198481
v -1.403116 0.614230 -0.201269
v 0.020909 -0.846611 -0.199338
v 0.577685 -0.693067 -0.202211
v -1.022253 -0.216217 -0.202916
v 0.340572 -0.567661 -0.189910
v 0.203950 1.957007 -0.199113
v -0.301496 -0.338972 -0.197509
v 0.350470 -0.788322 -0.192554
v 0.311999 -0.399654 -0.191684
v -0.364964 1.601651 -0.199740
v -0.473744 -0.735542 -0.196734
v 0.592636 -0.649644 -0.202580
v -0.516879 1.543736 -0.200206
v 1.429969 0.595942 -0.196956
v 0.645151 -0.491086 -0.196544
v 0.378956 -0.472214 -0.193518
v 0.560444 1.908358 -0.197984
v -1.232215 0.207158 -0.202424
v 0.788724 1.560218 -0.204044
v 0.060258 -0.796400 -0.201630
v 0.543652 -0.612854 -0.204080
v -1.230058 0.944594 -0.195440
v 0.905057 -0.346209 -0.196008
v 1.126045 0.796243 -0.206670
v 1.029525 1.473902 -0.200310
v 0.031854 2.010097 -0.202591
v 0.836945 1.213228 -0.190009
v 0.473883 -0.537988 -0.194313
v 0.587655 -0.488656 -0.205779
v -1.248145 0.296157 -0.197600
v -1.321341 -0.108794 -0.200905
v 0.280306 2.066680 -0.196966
v -0.482386 1.633497 -0.193070
v -1.534138 0.564683 -0.199984
v 0.512121 1.704747 -0.191710
v -0.062871 -0.811271 -0.194691
v -1.076185 0.077793 -0.205332
v 0.002584 1.584435 -0.200406
v 0.459482 -0.794897 -0.200413
v 0.862659 1.130555 -0.188198
v 1.047881 1.391459 -0.195467
v 1.005368 -0.409668 -0.197348
v 0.160495 -0.788116 -0.199684
v 1.005538 1.243020 -0.194483
v 0.389801 -0.592014 -0.205172
v 1.081205 -0.190387 -0.203910
v -0.312285 1.589301 -0.190845
v -0.359304 1.582921 -0.191447
v 0.597355 1.278890 -0.210964
v 0.867470 1.460422 -0.201662
v -0.808671 -0.130445 -0.192659
v 1.091413 0.313334 -0.193090
v -0.021141 -0.900017 -0.196849
v -0.715235 1.688697 -0.202605
v 0.382488 -0.812405 -0.201630
v 0.718296 -0.304067 -0.206161
v -1.037506 -0.621195 -0.201310
v 0.150454 -0.662937 -0.199070
v -0.872620 1.536965 -0.208260
v 1.181782 0.384740 -0.204736
v -1.325370 0.164989 -0.202723
v -1.281966 -0.255851 -0.196993
v -0.764109 1.441840 -0.197981
v -0.391427 1.645635 -0.192982
v -0.981112 1.428532 -0.196454
v 0.434591 -0.600742 -0.204963
v -0.820576 1.573531 -0.196681
v -0.801531 -0.540464 -0.201989
v -0.952296 0.113267 -0.192271
v -0.090429 1.604575 -0.191245
v -0.062020 1.630534 -0.192520
v 0.627494 -0.541273 -0.194844
v 0.470872 -0.555701 -0.204597
v -0.238174 1.804592 -0.203113
v -0.903137 -0.005689 -0.192181
v 0.296399 -0.760739 -0.197012
v 0.652471 -0.428526 -0.197199
v -0.031045 -0.652532 -0.192935
v 0.771991 -0.348433 -0.195506
v -0.725870 -0.336033 -0.207263
v -0.349848 2.016343 -0.202002
v -1.311534 1.129101 -0.201698
v 0.318511 -0.758490 -0.196811
v -1.119442 0.662903 -0.207283
v 0.006663 -0.806361 -0.200146
v -0.547150 -0.568820 -0.201817
v 0.535649 1.651209 -0.205862
v 0.153626 1.851022 -0.203249
v -0.523733 1.660361 -0.198904
v -0.183534 1.996694 -0.200420
v 0.702090 -0.356445 -0.206710
v -0.507746 1.629470 -0.193652
v 0.608252 1.816777 -0.199793
v 1.095829 0.565501 -0.207167
v 0.802007 1.287291 -0.207146
v 0.270219 1.852011 -0.192973
v -0.412936 -0.652034 -0.195295
v 0.047356 1.743389 -0.206823
v 0.137381 1.771842 -0.192975
v -0.971622 0.164659 -0.188543
v -1.088977 0.371959 -0.208929
v -0.286486 1.787029 -0.204899
v -1.185532 0.234113 -0.204348
v 1.135116 0.089105 -0.203666
v -1.258367 1.116827 -0.199676
v 1.298954 0.293841 -0.195421
v -0.951588 0.247873 -0.202015
v 0.830580 1.806653 -0.199333
v -0.136459 1.632455 -0.207195
v -1.150605 1.477666 -0.202584
v 0.732568 1.673901 -0.194740
v 1.170013 1.214136 -0.202240
v 0.531692 1.413496 -0.191527
v 0.467393 1.681197 -0.193741
v -1.409283 0.901683 -0.200663
v -0.083048 -0.627830 -0.205856
v 0.418589 -0.742447 -0.206014
v 0.821969 1.088294 -0.190118
v 1.392795 -0.157405 -0.201285
v -1.321165 0.021174 -0.201370
v -1.204247 1.481085 -0.203830
v -0.939426 -0.121663 -0.194310
v -0.607657 1.792361 -0.195647
v 0.114736 -0.481637 -0.191242
v -0.228383 1.970469 -0.199715
v 0.877511 0.899191 -0.191484
v 0.982196 -0.341232 -0.203718
v 0.959832 1.602671 -0.200072
v -0.169883 1.687337 -0.192283
v 0.425125 1.564824 -0.200008
v 0.838886 -0.753651 -0.201195
v -0.037484 1.588714 -0.192221
v -0.906397 0.059562 -0.191862
v -0.539794 -0.526706 -0.203196
v 0.244925 1.835129 -0.194615
v -1.395015 0.425036 -0.197109
v -0.420784 1.600098 -0.186888
v -0.269450 1.495606 -0.200461
v -0.037713 1.885942 -0.203127
v 0.761649 -0.078265 -0.207504
v -0.995730 -0.601466 -0.199270
v 0.438197 1.725547 -0.205873
v 0.092421 1.635148 -0.207209
v 1.226633 -0.384564 -0.201581
v -0.551537 -0.684011 -0.197686
v 0.431822 1.842360 -0.194527
v -0.022682 -0.431732 -0.212931
v -1.174549 0.980886 -0.195910
v -1.150906 1.380754 -0.201420
v -0.062835 1.580818 -0.207729
v 0.039694 1.908938 -0.202465
v -0.964678 1.313815 -0.205377
v -1.016147 -0.267666 -0.203533
v 1.112873 -0.496354 -0.199572
v 0.980934 1.093657 -0.192225
v -0.991750 0.091019 -0.208066
v 0.166357 1.921543 -0.202527
v -0.817368 1.480400 -0.205527
v -0.976854 1.271325 -0.209680
v 0.987937 -0.246542 -0.203405
v -0.764756 -0.463503 -0.194396
v -1.082108 0.155856 -0.204941
v 1.351092 0.607508 -0.202428
v 0.054332 -0.859845 -0.198268
v -0.278904 -0.707481 -0.205528
v -0.119090 1.947808 -0.196189
v -1.093164 -0.258030 -0.203143
v -0.645997 1.429129 -0.206499
v -0.086421 2.000825 -0.199551
v 1.200588 0.660938 -0.198612
v 0.793377 -0.193366 -0.207252
v 1.059653 1.536850 -0.200171
v -1.169406 0.639611 -0.194017
v -1.044104 0.120967 -0.194014
v -0.335462 1.721211 -0.205056
v -0.913391 -0.152287 -0.194148
v -0.940223 1.253435 -0.193903
v 0.332670 1.852634 -0.204827
v -0.375012 1.871815 -0.194770
v -0.093548 -0.483035 -0.192650
v -0.871597 0.021652 -0.208431
v -0.871964 1.590889 -0.193228
v -1.511283 0.712468 -0.200862
v -1.015378 0.732410 -0.207912
v 1.326815 0.009169 -0.200708
v -0.980762 0.270702 -0.207954
v -0.051990 1.622052 -0.190923
v -1.218532 0.029305 -0.192890
v 1.422445 0.924944 -0.198671
v -0.224468 1.970837 -0.199806
v -0.747288 1.811081 -0.201883
v -0.541515 -0.613553 -0.205644
v 0.892763 -0.585896 -0.198689
v 0.461414 1.344748 -0.190809
v -0.574196 1.694124 -0.205272
v 1.413277 -0.166317 -0.200313
v -1.025010 1.230991 -0.190871
v -0.351754 -0.832515 -0.203067
v 0.821806 1.553355 -0.195916
v -0.165202 -0.756138 -0.202900
v -1.136432 0.453249 -0.200667
v 0.299677 1.534336 -0.190496
v 0.575939 1.398155 -0.211671
v 0.682882 -0.468984 -0.205975
v 0.240748 -0.723061 -0.198047
v -1.358989 0.102666 -0.201066
v 1.123793 0.501065 -0.206285
v -1.224838 -0.037502 -0.202666
v 0.361126 -0.588505 -0.208020
v 0.554342 2.015733 -0.200337
v 0.018507 -0.685144 -0.204853
v 1.074966 1.195248 -0.194618
v 0.291477 -0.601782 -0.198196
v -0.338231 1.719856 -0.194046
v 1.007917 -0.105219 -0.196466
v 0.457539 1.573163 -0.207551
v 0.999679 1.216892 -0.204544
v -0.879301 1.039936 -0.190265
v -0.447278 1.564862 -0.199956
v 0.625665 -0.733192 -0.203401
v -0.529348 1.429904 -0.191219
v -0.490671 1.949200 -0.200424
v 0.609141 -0.268408 -0.188101
v -0.179433 1.706466 -0.191818
v -0.841041 -0.220978 -0.192626
v -0.567017 1.434958 -0.207177
v 0.528439 -0.721241 -0.199973
v 0.204284 2.075296 -0.199736
v 1.324486 1.170522 -0.199559
v -0.566250 -0.834032 -0.195947
v -1.271828 1.225696 -0.196849
v -0.695877 1.733957 -0.196404
v -0.875736 -0.407844 -0.203844
v -0.811461 1.522858 -0.194212
v -0.154304 -0.408173 -0.208801
v -1.301064 0.545627 -0.203098
v -0.785521 1.421288 -0.206140
v -0.054491 1.663885 -0.206683
v -0.646457 -0.327267 -0.192493
v 1.077825 0.967027 -0.204734
v -0.905536 -0.118409 -0.206190
v 0.384460 -0.548252 -0.193853
v 0.964292 0.097419 -0.193848
v 0.331612 1.611229 -0.191989
v -1.361701 0.097223 -0.197302
v 1.241581 0.036652 -0.202926
v 0.168714 -0.578733 -0.207134
v -0.361132 1.561549 -0.189981
v 0.678511 1.730766 -0.202560
v -0.645672 1.314797 -0.199557
v 0.472010 -0.273287 -0.191706
v -0.266739 1.808468 -0.192833
v -0.529483 1.666024 -0.205806
v -1.335464 0.112554 -0.202000
v -0.579048 -0.458609 -0.194154
v 0.825189 1.468873 -0.194964
v 0.587999 -0.317174 -0.192645
v 1.023997 1.162117 -0.192341
v 0.217631 1.745166 -0.205976
v 1.423124 0.539241 -0.204069
v -0.562780 1.876397 -0.201435
v 1.461299 0.866826 -0.199682
v -0.141804 -0.484641 -0.192863
v -0.467852 1.514405 -0.193850
v 0.832784 1.086093 -0.199607
v -0.666405 1.888940 -0.200231
v -0.498729 -0.592927 -0.203321
v -0.933686 1.107085 -0.199670
v 0.552504 -0.617640 -0.196461
v -1.134891 0.920597 -0.194348
v 1.377591 1.028112 -0.198190
v 0.213787 -0.738335 -0.201308
v 1.134522 0.598508 -0.207702
v -1.149034 -0.281899 -0.196335
v -1.276987 0.319972 -0.193494
v -0.306115 -0.758643 -0.203599
v 1.018180 -0.382572 -0.202103
v -0.790455 -0.533725 -0.204196
v 0.609140 1.499885 -0.209746
v -1.156713 1.170239 -0.197075
v 1.057295 0.213093 -0.194854
v 1.486662 0.225157 -0.198309
v -0.960327 -0.462800 -0.201769
v -1.065332 -0.333275 -0.203026
v 0.431183 2.024261 -0.198722
v -0.800426 -0.001976 -0.210024
v -1.460804 0.664432 -0.198969
v -0.184538 -0.524361 -0.191577
v -0.867233 -0.656152 -0.199597
v -0.036675 -0.825623 -0.194094
v -0.495162 -0.718924 -0.205205
v 0.166383 -0.799620 -0.195725
v 0.344677 -0.802704 -0.197814
v -1.423226 0.862189 -0.198230
v 0.445343 1.795934 -0.196126
v -0.134844 -0.505898 -0.193485
v 0.385758 1.889848 -0.204249
v -0.445572 -0.481654 -0.206514
v -1.010569 0.527867 -0.191494
v -1.325078 1.362858 -0.203834
v 1.238684 0.169701 -0.195651
v 0.221326 -0.376961 -0.210225
v -0.474215 -0.805989 -0.203448
v 0.831165 -0.360668 -0.194982
v -0.381709 1.843671 -0.206019
v 0.650034 -0.558108 -0.195176
v -0.881048 -0.022991 -0.207425
v -0.052144 1.834087 -0.204869
v 0.274252 -0.772518 -0.204790
v -1.306631 1.064754 -0.199731
v 1.272788 1.016951 -0.204018
v 0.884058 1.477815 -0.194441
v -0.098057 1.700935 -0.192922
v 1.110839 -0.165472 -0.196216
v 0.189429 -0.863114 -0.201625
v 0.365789 -0.570945 -0.193921
v -0.109644 1.920833 -0.194366
v -0.255168 1.870591 -0.193166
v -0.290962 -0.529800 -0.207171
v 0.251683 -0.778788 -0.197757
v -0.378936 1.647532 -0.199504
v -0.670778 1.504825 -0.193410
v -1.398225 0.556105 -0.196982
v -0.062268 -0.436158 -0.191755
v 0.568295 1.568388 -0.192277
v 0.276873 -0.753319 -0.197559
v 1.240452 1.050581 -0.197720
v -0.493439 -0.703539 -0.205981
v 0.022620 -0.887159 -0.198910
v 1.498434 0.358148 -0.201492
v -0.402751 1.926866 -0.199302
v 1.159584 0.917270 -0.203949
v 0.469290 -0.604719 -0.194336
v 0.446099 -0.602732 -0.198080
v 0.281975 1.694261 -0.191855
v -0.044768 -0.627009 -0.205542
v -0.444389 -0.517025 -0.191774
v 1.283289 -0.196513 -0.199223
v -0.658178 1.158160 -0.199801
v 0.670381 -0.746849 -0.197762
v -0.251753 1.922816 -0.203437
v -1.364168 0.241386 -0.198633
v 0.337712 -0.324770 -0.196499
v 0.265634 1.592338 -0.206952
v -1.071348 0.595785 -0.207858
v 0.294366 -0.599520 -0.195521
v -1.073121 0.448390 -0.192443
v 1.042323 1.293726 -0.204695
v 1.322967 0.855623 -0.203441
v -1.050148 1.658226 -0.198962
v -0.642239 1.952251 -0.198843
v -1.391719 0.965590 -0.199550
v 1.155230 0.157045 -0.205115
v -1.311224 0.230982 -0.203376
v 1.020284 -0.134527 -0.202780
v 1.070461 -0.068312 -0.194617
v 0.327647 -0.741855 -0.200062
v 0.314151 1.667304 -0.206860
v -0.209840 -0.667844 -0.200437
v -0.531041 1.672040 -0.193678
v -0.698276 -0.724985 -0.199930
v 0.129057 1.626118 -0.208183
v -1.467957 0.819435 -0.199551
v -0.129316 1.738076 -0.207414
v 0.448251 -0.850934 -0.197049
v -0.898803 1.587026 -0.203205
v -0.860446 1.665904 -0.199448
v 0.802268 -0.676068 -0.198819
v -0.567323 -0.536320 -0.194574
v 0.002792 1.646901 -0.192165
v 0.012715 -0.863384 -0.202978
v 0.686900 -0.644954 -0.200905
v 0.223543 1.853965 -0.203547
v 1.044411 1.640267 -0.199110
v -0.552625 1.334505 -0.200105
v 0.106450 2.072631 -0.204392
v -1.039237 0.418602 -0.193010
v 0.842334 1.837179 -0.200315
v -0.883682 1.542770 -0.196337
v 1.154475 1.318815 -0.202471
v 1.130391 1.410637 -0.196994
v 0.004901 1.602015 -0.190287
v -1.221734 1.342965 -0.201948
v 1.038706 1.021060 -0.205153
v 1.080492 0.540611 -0.208339
v 0.252851 -0.439630 -0.210650
v -1.086147 1.535716 -0.200203
v 0.345480 2.033805 -0.199488
v -0.251418 -0.455263 -0.191897
v -1.298031 0.090792 -0.202787
v 0.920681 1.166738 -0.206313
v -1.075594 1.453449 -0.201753
v -0.698328 1.541500 -0.200917
v -0.858426 -0.139545 -0.191959
v 0.108667 1.804415 -0.193671
v 0.823062 1.790382 -0.198817
v 1.344536 1.222156 -0.203509
v -1.367419 1.177083 -0.207391
v -0.611730 -0.598348 -0.201970
v 0.242894 1.762126 -0.191547
v -0.638819 -0.189423 -0.207728
v -1.097758 0.373340 -0.208489
v 0.554871 1.944493 -0.196977
v 0.688401 1.937625 -0.200271
v -0.287954 2.037991 -0.197760
v 0.926067 -0.115328 -0.205400
v 1.164546 0.166511 -0.204252
v 1.499445 0.655403 -0.200507
v -1.494309 0.011774 -0.200398
v -1.204636 1.327730 -0.198358
v 0.985919 -0.570457 -0.202145
v -0.540933 1.496791 -0.200090
v 0.656819 -0.535954 -0.194978
v 0.467125 1.915061 -0.200947
v 0.508434 2.013088 -0.197377
v 0.806676 1.424062 -0.204825
v -0.645832 -0.271337 -0.206686
v -0.498850 1.800858 -0.204655
v 1.109983 -0.105812 -0.203574
v -1.282637 1.193743 -0.200680
v -0.965904 -0.144125 -0.194344
v 0.607086 1.846092 -0.201861
v 0.814687 -0.038125 -0.191924
v -0.960516 -0.007154 -0.207013
v -0.377028 1.576350 -0.200207
v 0.021642 -0.793665 -0.201647
v 1.255594 0.154002 -0.203753
v 1.008736 0.196244 -0.201861
v -0.557684 -0.656676 -0.200565
v -0.594717 1.553671 -0.200541
v -0.129743 -0.877207 -0.199561
v -0.256013 -0.850884 -0.196088
v 1.464502 0.486715 -0.200176
v 0.730518 -0.534695 -0.203306
v 1.129952 -0.214084 -0.203487
v 1.246146 1.185513 -0.202981
v 0.938649 0.727674 -0.198415
v 0.640665 1.961878 -0.196846
v 0.736779 1.743409 -0.202577
v 1.110249 0.528259 -0.210508
v 0.347671 1.701008 -0.205574
v -0.010046 1.796659 -0.205814
v 0.205299 -0.636772 -0.194477
v 0.409070 1.631783 -0.191293
v 0.745181 1.362054 -0.199799
v -0.693997 -0.616457 -0.202876
v -1.154653 1.216942 -0.205411
v -0.929592 -0.468077 -0.194588
v -1.128214 0.784664 -0.206860
v 0.496262 -0.664056 -0.202977
v 0.126580 -0.689089 -0.206140
v 0.220036 1.778754 -0.198191
v -1.273998 1.163727 -0.202922
v -0.904514 1.723622 -0.200233
v 0.585890 1.616511 -0.204753
v -1.168254 0.211462 -0.193613
v 1.022185 1.290908 -0.195575
v -0.439597 -0.600397 -0.205986
v 1.114769 0.397990 -0.207627
v 0.535138 1.631692 -0.190102
v -0.641625 -0.722129 -0.198644
v -0.617164 1.784578 -0.200662
v -0.969202 0.979734 -0.198752
v -1.116020 0.871893 -0.195727
v 1.138438 0.076931 -0.204740
v -1.539285 0.372438 -0.199130
v 0.070200 1.902570 -0.193731
v -1.004766 1.463724 -0.203521
v -0.800813 -0.522333 -0.203445
v -0.290968 1.647408 -0.199569
v 0.093044 -0.834632 -0.197255
v -0.054632 1.624136 -0.207211
v 0.348643 1.847546 -0.202431
v -0.822463 -0.639416 -0.201987
v -0.458627 1.686863 -0.205745
v 0.455109 2.013192 -0.199580
v -1.303012 1.102532 -0.201373
v 0.981459 0.270854 -0.208597
v -1.043313 0.052808 -0.205566
v -0.094329 1.646870 -0.192658
v 1.062554 0.645326 -0.198987
v 0.181249 -0.540030 -0.193931
v 0.149326 -0.522769 -0.192821
v 1.215797 -0.046052 -0.197590
v 0.457535 1.577565 -0.190675
v 0.971563 0.081916 -0.208855
v 0.473107 2.001585 -0.199447
v 0.481320 1.657696 -0.190872
v 1.146758 -0.206703 -0.196941
v -0.565590 1.553796 -0.205790
v 0.037577 -0.772601 -0.204720
v -0.838468 -0.130992 -0.207557
v 1.167283 -0.174065 -0.197379
v 0.772149 -0.472720 -0.196288
v 0.576493 -0.493638 -0.197984
v -0.049727 -0.675073 -0.200471
v 0.489607 1.642374 -0.192153
v -0.949548 1.436929 -0.200887
v -0.486392 -0.617185 -0.193475
v -0.446898 -0.727353 -0.201574
v 0.298104 -0.583436 -0.197302
v 0.223565 1.826267 -0.192820
v -0.759349 1.756283 -0.200184
v -1.544097 0.583762 -0.200101
v 1.465570 0.690743 -0.197293
v -0.153655 -0.652594 -0.193730
v 1.044287 1.429116 -0.202996
v -0.894195 -0.596445 -0.199237
v -1.006237 -0.114122 -0.195822
v 1.053803 1.622115 -0.199820
v 0.400730 1.748790 -0.204423
v -1.390889 0.564768 -0.202666
v -1.280375 1.130606 -0.201093
v -0.223034 -0.442085 -0.192361
v -0.524330 1.816409 -0.201789
v 1.106542 1.143796 -0.203596
v -0.594907 -0.723047 -0.202659
v -1.232184 1.238361 -0.200280
v -1.406011 0.011002 -0.197599
v -0.437465 1.896489 -0.199168
v -0.542449 -0.583296 -0.191529
v 1.207312 1.223771 -0.203638
v -1.068687 -0.110741 -0.204119
v -0.747758 1.641172 -0.191563
v 0.345050 1.750536 -0.199834
v -0.529683 1.628717 -0.193153
v -1.417396 1.002657 -0.203276
v -1.007563 1.636404 -0.200247
v -0.629303 1.890620 -0.201469
v 1.067960 0.471525 -0.193433
v -0.190160 2.026619 -0.199334
v 0.611076 1.669973 -0.204228
v -1.193233 0.884090 -0.203762
v 0.432280 1.529141 -0.200045
v -1.072831 1.432054 -0.199549
v 0.938760 0.132316 -0.190823
v -0.421321 1.554203 -0.207869
v 0.933754 0.899167 -0.191826
v -0.057994 1.883554 -0.203320
v 0.845789 1.879045 -0.199742
v -1.274502 0.088370 -0.202038
v -0.933813 0.102323 -0.207430
v 0.184731 2.095990 -0.202667
v 1.348870 0.719650 -0.203653
v 1.484247 0.745461 -0.199452
v -0.422460 1.569763 -0.199795
v 0.692635 1.353674 -0.200463
v 0.218020 -0.810508 -0.200632
v -0.135964 -0.751057 -0.201045
v 0.881871 1.661165 -0.195450
v -0.152069 -0.434305 -0.209234
v 0.958674 0.854159 -0.208180
v 0.088929 -0.916258 -0.198331
v 0.876709 -0.173230 -0.194157
v 0.644635 -0.552738 -0.202382
v 0.135878 1.629375 -0.208310
v 0.677325 -0.486661 -0.207065
v 0.777197 1.431133 -0.205818
v -1.101819 1.708473 -0.200256
v 0.612961 1.640102 -0.205984
v -0.277920 1.842206 -0.203304
v 0.305516 -0.588425 -0.193708
v 0.779951 -0.412894 -0.194578
v -0.432599 1.844824 -0.200127
v 0.698794 -0.295547 -0.207373
v 1.087644 -0.021288 -0.206355
v -1.322452 0.720969 -0.196050
v 1.151369 0.722382 -0.204739
v 0.311617 -0.557661 -0.200605
v 0.792689 -0.403237 -0.204452
v -1.222953 0.463900 -0.194799
v 0.817546 1.582719 -0.193245
v 0.360384 1.860410 -0.194846
v 0.997045 1.312126 -0.206291
v -1.030474 0.129119 -0.207701
v -1.373795 0.273280 -0.197339
v -1.124982 0.631355 -0.206549
v -0.559048 1.663340 -0.195563
v -1.115328 1.267718 -0.196326
v -0.827270 1.814026 -0.199973
v -0.358514 1.770719 -0.193564
v -0.536925 1.843897 -0.201412
v -1.193599 0.975751 -0.193151
v 1.027977 0.086124 -0.193891
v -0.398097 -0.574739 -0.193666
v 0.431806 -0.668686 -0.196077
v -0.269323 1.771543 -0.206574
v -0.235126 1.883654 -0.192513
v -0.998449 -0.556488 -0.200659
v -0.411446 -0.389010 -0.209667
v -0.108589 -0.894045 -0.198595
v 0.724352 1.968922 -0.205074
v -1.240605 0.069783 -0.203031
v -0.065649 1.941239 -0.202554
v -0.092587 1.953513 -0.201879
v 0.552233 2.031038 -0.198017
v 0.852986 -0.356009 -0.195314
v 1.015066 1.356841 -0.203557
v -0.325021 1.942427 -0.198901
v -1.133472 0.455449 -0.193100
v -0.614626 -0.370926 -0.192898
v -0.036601 1.712963 -0.200131
v -0.075627 2.031997 -0.197221
v -1.010362 -0.249202 -0.203428
v -0.041648 2.017615 -0.200602
v 0.106877 1.850963 -0.204200
v -1.242194 -0.418329 -0.198754
v -1.069565 1.085541 -0.191968
v -0.980937 1.801278 -0.202121
v -0.970733 -0.604105 -0.198140
v -0.152371 1.990713 -0.199561
v -1.117528 0.648425 -0.191469
v 0.385664 -0.755177 -0.198184
v -0.102492 1.923655 -0.202065
v -1.133057 0.463792 -0.204364
v 1.119309 0.161150 -0.194634
v 1.117283 -0.574197 -0.198026
v -1.291617 0.583000 -0.195953
v 1.444957 0.680808 -0.198732
v -1.142575 0.755915 -0.198779
v 1.362585 1.153760 -0.198839
v 0.847614 1.394810 -0.205124
v -0.259365 1.679047 -0.194313
v -0.745279 1.518639 -0.194987
v -0.932110 -0.069785 -0.195156
v -0.092632 -0.784785 -0.192436
v -0.847122 -0.021485 -0.195816
v -0.430058 -0.470756 -0.209280
v -0.428430 -0.576723 -0.194056
v 0.433836 -0.787569 -0.199834
v -0.785462 1.229176 -0.191053
v 0.039751 1.945233 -0.199178
v 0.167449 1.925780 -0.202331
v -1.083766 0.142730 -0.206536
v 0.173254 1.835625 -0.203616
v -1.185098 -0.074966 -0.203086
v -0.831337 -0.618043 -0.202551
v 0.224102 -0.695003 -0.205043
v -0.849639 -0.366919 -0.203698
v -0.965297 -0.171370 -0.195583
v -1.036026 0.603476 -0.201636
v 1.065240 -0.101586 -0.204406
v -1.141373 0.835415 -0.206149
v -0.327248 1.693584 -0.200396
v 0.149739 1.757700 -0.205699
v 0.707730 1.605466 -0.205351
v -0.931225 -0.136347 -0.193923
v -1.217908 1.198493 -0.198017
v 1.123650 0.850046 -0.194495
v -0.049708 -0.752518 -0.201155
v 0.853240 -0.056139 -0.193697
v 1.193845 0.936852 -0.195400
v -0.742740 1.621467 -0.204357
v 0.660738 1.459148 -0.199976
v -0.927132 1.389553 -0.195239
v -1.146665 0.772959 -0.194307
v -1.095213 0.247389 -0.194215
v -0.760298 0.988754 -0.210109
v -0.649321 -0.643743 -0.203421
v -0.871982 -0.393898 -0.202298
v -0.488608 -0.693987 -0.195407
v 1.222647 0.164418 -0.207084
v -0.381019 1.948419 -0.199972
v 0.297767 1.688688 -0.199576
v 1.192336 0.658934 -0.204907
v 1.430825 0.873039 -0.197982
v -0.982806 1.677814 -0.200855
v -0.633944 1.309223 -0.208346
v -1.333498 0.056341 -0.197309
v -1.105131 0.097377 -0.206340
v 0.365291 -0.442090 -0.191689
v -0.159640 -0.517210 -0.193016
v -1.213588 1.110081 -0.194429
v 0.928132 -0.592791 -0.198634
v 0.984338 -0.027930 -0.193690
v -0.817656 -0.247021 -0.194252
v -0.064684 -0.495790 -0.189820
v -0.748051 -0.061969 -0.191596
v 0.535986 -0.537934 -0.193838
v -0.459238 1.686882 -0.205880
v -0.962569 -0.127719 -0.205863
v -1.181521 0.739478 -0.194777
v -0.149502 -0.684957 -0.205542
v 0.081894 -0.904305 -0.203209
v -0.461585 1.939195 -0.199326
v 1.547415 0.560489 -0.198433
v -0.313327 2.048046 -0.199516
v 1.152683 0.300281 -0.205030
v -1.177972 0.997165 -0.194905
v -0.113304 1.946964 -0.198888
v 1.316995 1.060879 -0.201322
v 1.035025 -0.318353 -0.202156
v -0.594625 1.567989 -0.193618
v 1.301142 0.619650 -0.194824
v 0.250245 1.844015 -0.203864
v -0.844992 1.480653 -0.203192
v 0.154470 -0.809870 -0.200297
v -1.072626 -0.316656 -0.201828
v -0.018915 1.633126 -0.200454
v -0.483186 1.522667 -0.207033
v -0.523910 1.780379 -0.203758
v 0.508326 -0.609961 -0.204475
v -1.033145 0.681296 -0.193059
v -0.033504 1.733683 -0.206136
v 1.030351 0.118884 -0.206533
v 0.674833 -0.248240 -0.207177
v 0.519933 -0.234438 -0.211819
v 1.271124 -0.339290 -0.197366
v 0.609890 1.681072 -0.203353
v 0.719422 -0.474300 -0.203870
v 0.666098 1.823424 -0.201389
v -0.343712 -0.445253 -0.192393
v 0.708364 -0.499812 -0.203672
v 0.631281 -0.431411 -0.193760
v -1.130285 1.266043 -0.204344
v 0.520052 1.580997 -0.192787
v -0.207824 1.998710 -0.200860
v -0.165267 1.812344 -0.203852
v -0.903740 1.503012 -0.195741
v 0.752368 1.503036 -0.191817
v 0.465803 1.806786 -0.203798
v -0.068669 2.036100 -0.199456
v -0.091431 -0.445681 -0.199486
v -1.109152 0.294428 -0.205887
v -1.103824 0.236983 -0.195071
v -1.156211 0.399919 -0.206398
v 1.222505 1.105871 -0.197564
v -0.283683 1.903555 -0.203214
v -0.297172 -0.857344 -0.195474
v -0.598536 1.618467 -0.194387
v -0.494814 1.883364 -0.195214
v 0.561512 -0.542839 -0.197646
v -0.182143 1.944973 -0.201570
v -1.017692 0.243902 -0.191622
v -0.129127 -0.399520 -0.189646
v -0.696008 -0.489436 -0.203174
v -1.257032 -0.331623 -0.202217
v 0.943233 1.562695 -0.197326
v 0.787095 1.640374 -0.202909
v 0.366206 1.698026 -0.207459
v -0.219738 1.789187 -0.192613
v 0.537780 1.900655 -0.200136
v 0.783603 1.721128 -0.201646
v 0.666210 -0.288116 -0.189757
v -1.044361 0.743689 -0.198791
v 1.026972 -0.459320 -0.200719
v 0.800483 -0.571365 -0.196061
v -0.266729 1.863651 -0.196051
v -0.502939 1.789689 -0.194557
v -1.241764 1.213749 -0.200296
v 0.990516 -0.066753 -0.194465
v -0.226233 -0.608669 -0.200404
v -1.094012 1.512878 -0.200301
v -0.854018 1.899079 -0.199990
v -0.547469 1.793094 -0.201371
v -0.159370 1.702675 -0.206189
v -0.950493 1.336761 -0.205327
v 0.307065 1.813067 -0.203531
v 0.301064 1.834641 -0.200235
v -0.558850 -0.331108 -0.192705
v -0.147591 -0.542444 -0.207043
v 0.135237 1.917036 -0.203964
v 0.605726 -0.435428 -0.191353
v -0.032984 1.910850 -0.204070
v 0.208970 1.890547 -0.200148
v 0.041328 -0.869524 -0.201337
v -0.350295 1.620687 -0.191925
v -0.589904 -0.306073 -0.210350
v -0.839753 -0.020472 -0.188815
v -0.175351 -0.592393 -0.208026
v 0.803225 -0.123238 -0.207402
v 1.234070 0.350276 -0.205828
v -0.159238 -0.632421 -0.193867
v 1.318632 0.980432 -0.196879
v -1.265880 1.156161 -0.203502
v -0.161158 1.957770 -0.194445
v -0.263563 -0.865741 -0.198431
v 0.423279 -0.547479 -0.194291
v -1.383065 -0.216800 -0.200473
v 0.230033 -0.670370 -0.205244
v 0.990916 0.154181 -0.193516
v -0.304406 1.578214 -0.209541
v 0.796794 -0.381682 -0.195621
v -0.298590 1.589774 -0.191016
v 1.035093 1.289436 -0.194107
v 1.501041 0.296301 -0.200317
v 0.810997 -0.356447 -0.195197
v 0.239207 -0.778182 -0.198046
v 0.732448 -0.455189 -0.204930
v 0.537236 1.682972 -0.198823
v -1.043871 -0.064971 -0.205061
v -0.496974 -0.833714 -0.198352
v -0.803276 1.484734 -0.201222
v 1.223961 0.620183 -0.195223
v -1.062463 1.446506 -0.202453
v -1.013510 1.471800 -0.196735
v 0.264457 1.867857 -0.194211
v 1.008463 0.602318 -0.190822
v 0.330697 -0.516528 -0.194485
v 0.597475 -0.524293 -0.195747
v 0.361695 1.574993 -0.191019
v 0.304453 1.596588 -0.200371
v -0.651796 1.292376 -0.208841
v -0.348508 -0.843143 -0.199801
v -0.251786 1.717756 -0.192171
v -0.305575 1.685549 -0.206502
v -0.439193 1.579296 -0.192866
v 0.035293 1.936476 -0.191298
v -0.293257 1.912572 -0.195687
v 0.384246 -0.775963 -0.197388
v -1.144770 1.519383 -0.198759
v 1.127825 0.631232 -0.206559
v -0.735005 1.592084 -0.193678
v -1.069821 -0.283548 -0.195089
v 1.007649 0.491528 -0.192306
v 1.179836 -0.446157 -0.202154
v -1.442957 0.708455 -0.201695
v -1.041054 0.997385 -0.206151
v 0.622826 -0.265604 -0.192237
v -0.569622 -0.340489 -0.208434
v -0.196237 1.908612 -0.203872
v -0.475986 -0.246787 -0.190169
v -0.865413 1.619321 -0.205002
v 0.086622 -0.740685 -0.204917
v 0.573278 1.637134 -0.193344
v 0.490098 -0.542482 -0.206517
v -0.510071 1.823703 -0.203945
v 0.323763 1.955009 -0.199007
v 1.228970 1.188049 -0.196351
v 0.658484 -0.140801 -0.209786
v -1.292418 0.802611 -0.203230
v 0.294133 -0.858262 -0.200033
v 0.347063 -0.857407 -0.201328
v 0.411007 -0.479089 -0.199358
v 1.039382 0.023057 -0.194358
v -0.944668 -0.288357 -0.196289
v -0.561575 1.316381 -0.189359
v 0.319626 1.770953 -0.191203
v 0.017003 1.919424 -0.195103
v -1.362423 0.124228 -0.201350
v -0.960397 1.469695 -0.204590
v 0.752633 -0.305631 -0.197809
v 0.717913 1.399323 -0.207618
v -1.344879 0.857052 -0.198559
v 0.120798 -0.895625 -0.201774
v 0.835481 -0.673766 -0.201917
v 1.193379 0.938002 -0.203153
v 0.023147 -0.856848 -0.196937
v 0.197245 1.965002 -0.195457
v 0.265831 1.639307 -0.207206
v -1.276280 0.903850 -0.195674
v 1.116125 0.402230 -0.198166
v 0.564218 -0.581716 -0.195638
v 0.276744 1.609192 -0.208404
v 1.088532 1.463939 -0.199510
v 0.263576 -0.407122 -0.209536
v -0.324737 -0.517669 -0.193721
v -1.289608 1.164979 -0.200062
v -0.056329 -0.506851 -0.208508
v 1.037124 -0.169283 -0.193945
v -0.596921 1.366083 -0.191789
v -0.512299 1.795699 -0.202231
v -0.711618 -0.233622 -0.192992
v 0.581529 -0.550137 -0.203871
v 0.298205 -0.715159 -0.198325
v 0.060547 -0.748127 -0.200804
v 1.453440 0.262046 -0.200484
v 0.765931 1.260033 -0.208165
v -1.312875 0.390833 -0.201661
v -0.378902 -0.600897 -0.205577
v -0.209627 -0.437037 -0.200247
v 0.185398 -0.467744 -0.211616
v -1.145994 0.450553 -0.193600
v -0.157446 1.605819 -0.209307
v -0.954174 -0.247421 -0.204234
v 1.184744 0.083107 -0.194178
v 0.365623 1.595375 -0.191318
v 1.463782 -0.137155 -0.199211
v 0.318468 1.858888 -0.200076
v -1.380281 1.011606 -0.200868
v -0.958883 -0.521280 -0.196659
v 0.379035 -0.426553 -0.193407
v -1.066991 1.052891 -0.207933
v 0.166237 -0.668530 -0.194887
v -0.834739 1.111547 -0.199548
v -0.504994 -0.382853 -0.192646
v 1.010238 -0.354665 -0.202488
v 0.958957 -0.446972 -0.197195
v 0.098479 1.662038 -0.200165
v 0.567836 -0.386758 -0.193283
v 0.279380 1.612872 -0.208747
v 0.718198 -0.713960 -0.199093
v -0.918598 0.774172 -0.209362
v 1.278561 1.150759 -0.200944
v -0.404058 -0.653195 -0.202219
v 1.523682 0.531791 -0.199222
v -1.284624 1.112587 -0.200249
v -0.204827 -0.380369 -0.209545
v 0.325779 1.736297 -0.208024
v -0.624651 -0.518225 -0.194211
v 0.799826 1.659829 -0.203297
v -0.498138 1.658319 -0.200898
v -0.213648 1.747299 -0.206660
v 1.299169 1.167867 -0.200279
v 0.717401 1.198739 -0.214307
v 0.582796 -0.356703 -0.193592
v -0.738129 -0.132137 -0.191511
v -1.167010 -0.281592 -0.201146
v -0.035082 -0.754875 -0.205840
v -0.593061 2.017328 -0.197941
v -0.002563 2.058644 -0.198032
v 0.874442 -0.107977 -0.193442
v -0.430805 -0.501164 -0.206446
v 1.059280 1.245892 -0.198695
v -0.263474 -0.795567 -0.199889
v -0.147552 -0.841492 -0.201979
v 0.039606 -0.853397 -0.199119
v 0.607400 -0.825654 -0.197217
v 0.969788 -0.276183 -0.196788
v 0.173088 -0.689998 -0.196507
v 0.464632 1.552134 -0.207797
v 1.348141 0.837736 -0.201242
v -0.631931 1.517739 -0.199020
v -1.432398 -0.163663 -0.199169
v 0.584776 -0.321592 -0.207365
v 0.221667 -0.485297 -0.193262
v -0.381542 -0.494633 -0.194166
v -1.192584 0.732031 -0.195798
v -0.550729 1.888189 -0.200465
v -0.428256 1.950568 -0.196551
v -0.974843 -0.245622 -0.203987
v 0.163735 -0.512092 -0.198977
v -1.243659 1.334626 -0.200732
v -0.349973 1.743319 -0.204781
v -0.025149 1.684840 -0.207039
v -0.818391 -0.590118 -0.199939
v -1.088399 -0.066890 -0.204072
v 0.227904 1.776593 -0.204662
v 1.337825 1.073100 -0.203669
v -0.158681 -0.759464 -0.202243
v 0.011615 1.841674 -0.203578
v -1.477094 0.871963 -0.199192
v -0.337333 -0.626771 -0.201311
v -0.996865 0.594622 -0.191769
v 0.564137 1.461416 -0.207763
v -1.229512 0.056555 -0.196580
v -1.373324 0.988431 -0.196992
v 1.099417 1.029531 -0.192363
v -0.287287 -0.797422 -0.195062
v -0.406046 1.667438 -0.193733
v -0.436241 1.677896 -0.205494
v 1.209521 1.268819 -0.199660
v 0.703412 1.721569 -0.200537
v -1.140116 0.821182 -0.198854
v -0.402506 -0.294880 -0.197278
v 1.020760 -0.304126 -0.201559
v -0.906027 0.074134 -0.191887
v -0.100358 1.636849 -0.207353
v 0.004851 -0.861968 -0.201968
v -0.172561 -0.855040 -0.198916
v -1.556997 0.301449 -0.200210
v 0.681420 1.841067 -0.199376
v 1.006820 0.079345 -0.208161
v -1.289488 0.272096 -0.207262
v -0.755020 -0.643774 -0.195972
v -0.497447 1.799755 -0.204109
v 0.192760 1.724674 -0.206196
v 1.248815 -0.201150 -0.199385
v -1.084207 0.880544 -0.201225
v -0.919599 0.935533 -0.191309
v -0.996412 1.218216 -0.191582
v -1.295812 0.415405 -0.202135
v -1.229894 0.739668 -0.195124
v -0.937768 0.810693 -0.198680
v 0.003417 1.917553 -0.194035
v -0.341607 -0.624390 -0.204027
v 0.458515 1.751051 -0.203787
v 0.226554 1.730989 -0.206394
v 1.245231 -0.082008 -0.202631
v -0.289717 1.654963 -0.207463
v -0.681795 1.284808 -0.208034
v -0.282207 1.546567 -0.191723
v -0.087486 1.626444 -0.200602
v 1.019235 -0.290000 -0.197138
v -0.959407 -0.603811 -0.201058
v -0.511628 -0.495140 -0.206508
v -0.064713 1.945920 -0.203013
v 0.748444 -0.441422 -0.195152
v 0.555358 1.646231 -0.193060
v -0.835782 -0.515395 -0.196518
v 0.897389 0.009887 -0.193352
v 1.376099 0.851726 -0.202081
v -0.295441 1.710489 -0.207390
v -0.429359 1.964693 -0.198279
v -1.328909 0.695594 -0.195837
v -1.468815 0.429570 -0.200028
v -0.650673 1.678145 -0.194883
v -0.672745 1.484418 -0.192626
v -0.809351 -0.113110 -0.207887
v -1.050215 0.752025 -0.207973
v -0.826416 -0.371300 -0.204002
v -0.475183 1.409021 -0.189324
v 0.175007 -0.787115 -0.197279
v 0.029289 2.005775 -0.196069
v -0.083537 -0.716412 -0.199236
v 0.513012 1.624059 -0.194633
v -0.123175 -0.557185 -0.193420
v -1.170507 -0.082308 -0.202908
v -1.190495 -0.126692 -0.191333
v -0.914238 -0.054504 -0.206668
v 0.024656 1.727811 -0.207514
v 0.269718 1.573074 -0.207122
v 0.917435 0.124099 -0.211014
v 0.102959 1.625498 -0.192698
v -0.345924 -0.591792 -0.205582
v 1.178936 -0.164245 -0.202098
v 0.515913 -0.661937 -0.196032
v 0.069221 -0.803126 -0.200668
v 0.166795 -0.774946 -0.204185
v 0.649658 -0.564963 -0.199831
v 0.620503 -0.609175 -0.196874
v 1.161364 0.626348 -0.193261
v 0.518800 -0.685893 -0.204063
v 1.165962 0.584857 -0.205668
v 0.804858 -0.455429 -0.204033
v 0.510836 -0.650361 -0.202127
v 0.857639 -0.430788 -0.203307
v 1.172428 0.558446 -0.204747
v 0.300156 -0.805846 -0.194686
v -1.213558 0.096782 -0.203763
v -0.972713 0.140357 -0.207714
v 0.852228 1.768386 -0.198616
v -0.964052 0.420881 -0.211532
v -0.703544 -0.350315 -0.201834
v -0.242121 -0.626997 -0.200983
v 0.870237 -0.438115 -0.196562
v 1.323676 1.064758 -0.200727
v 0.224963 1.838894 -0.192899
v 0.025544 1.998042 -0.197214
v 0.533750 1.654996 -0.205010
v -0.454326 1.837377 -0.203017
v 0.572449 1.697786 -0.194702
v -0.374049 1.828511 -0.201110
v 0.429345 -0.502085 -0.194242
v 1.147185 0.972059 -0.194708
v -0.178067 -0.708853 -0.186408
v 0.507066 1.461279 -0.185847
v -1.034553 1.231282 -0.196461
v -0.828123 1.108971 -0.199492
v -1.316389 0.113928 -0.196485
v 0.309142 1.523996 -0.200729
v -1.451874 -0.118786 -0.200782
v 1.314373 0.392278 -0.196792
v -0.907633 -0.343798 -0.196485
v -0.134248 -0.910476 -0.198652
v -1.503427 0.104726 -0.199837
v -0.427846 1.757201 -0.204711
v -0.061273 2.032585 -0.199672
v 0.472482 -0.538501 -0.205607
v -0.568841 -0.568653 -0.202364
v 1.391062 0.729794 -0.201658
v 0.423775 1.901677 -0.195458
v 1.292193 -0.009001 -0.202307
v -0.173528 -0.468889 -0.200072
v 0.720253 -0.536503 -0.197714
v 1.163576 1.557650 -0.203649
v -0.840807 -0.140209 -0.192773
v 0.817478 1.548212 -0.191007
v -0.868527 1.174735 -0.207014
v 1.035277 -0.418467 -0.198437
v -0.463812 1.525857 -0.207852
v 0.805919 1.185179 -0.189275
v -0.357609 -0.850359 -0.198093
v 0.753533 -0.369226 -0.206067
v 1.233271 0.999929 -0.205113
v 1.345537 0.550617 -0.203077
v -1.382643 0.515599 -0.202561
v -1.345540 0.426071 -0.195992
v 0.273486 -0.598176 -0.206024
v 1.202127 -0.408805 -0.202021
v 1.218668 0.441325 -0.194284
v -0.147806 -0.560422 -0.207590
v -0.174347 1.844940 -0.192933
v 0.634827 -0.468344 -0.205080
v -0.799419 1.706503 -0.203465
v 0.259945 -0.632871 -0.206775
v -1.248193 0.271768 -0.202653
v 1.443319 0.443875 -0.198437
v 1.117456 0.006707 -0.195649
v -0.857239 -0.164963 -0.193615
v -0.943780 0.768162 -0.209979
v 0.321980 1.872086 -0.197408
v -0.576885 -0.629086 -0.195496
v 1.068767 1.098520 -0.199588
v 0.438550 -0.367699 -0.192580
v 0.621373 -0.671165 -0.203480
v 1.193987 1.265537 -0.201008
v 0.378163 1.679354 -0.193153
v 1.280015 0.608265 -0.193296
v -0.498941 -0.603773 -0.205795
v 1.158848 -0.334373 -0.199729
v 0.702565 -0.281527 -0.192771
v -1.356101 0.940054 -0.197026
v 0.596178 1.349340 -0.191100
v 0.519685 1.678005 -0.194726
v -0.272865 1.773879 -0.205104
v -0.789958 -0.463829 -0.205169
v -0.084817 1.740904 -0.199647
v 0.198534 1.724431 -0.206086
v 1.084936 -0.256006 -0.202751
v 0.173694 -0.806377 -0.200138
v 0.278776 -0.671372 -0.200857
v 1.001937 -0.065633 -0.193868
v -0.112895 1.651405 -0.191179
v -1.290860 0.096868 -0.202164
v -0.739321 1.454522 -0.200674
v -0.430823 -0.599160 -0.206931
v 0.942493 0.686431 -0.188544
v -0.030388 1.950503 -0.204279
v -0.875619 1.371463 -0.205158
v 0.028642 -0.592584 -0.193227
v -0.008342 -0.707311 -0.205277
v 0.872383 1.024579 -0.209928
v -1.027320 -0.470394 -0.201250
v 0.008170 -0.776726 -0.198315
v 0.867033 -0.602379 -0.198659
v -0.945067 -0.419580 -0.196307
v 1.135348 -0.062535 -0.196859
v 0.014839 1.768970 -0.205127
v -0.959510 -0.565197 -0.200372
v 0.100503 -0.440614 -0.191310
v 0.872742 -0.333442 -0.195710
v -0.126236 -0.711099 -0.193884
v -0.199633 -0.738916 -0.194508
v -0.879032 -0.133664 -0.192763
v -0.605376 -0.750876 -0.197528
v 0.979096 0.619983 -0.191110
v -1.358376 -0.147893 -0.197543
v -0.526371 1.590117 -0.194874
v -0.028488 1.701533 -0.200517
v 0.179824 -0.607835 -0.199289
v -0.452195 1.891237 -0.199124
v -0.080633 -0.714322 -0.195854
v -0.908899 0.023143 -0.207550
v -0.485706 1.558018 -0.192160
v 1.435597 0.369851 -0.198412
v -0.225325 1.854802 -0.194605
v 1.275545 0.070104 -0.196378
v -0.338271 -0.810705 -0.197450
v -0.902348 -0.576309 -0.197532
v 0.486531 -0.768426 -0.200040
v 1.118364 0.517491 -0.205503
v 0.154880 1.622962 -0.207294
v -0.210999 1.683711 -0.206898
v 0.455009 1.467159 -0.200615
v 0.385894 1.898758 -0.195272
v 0.979891 0.195710 -0.207079
v 0.230305 1.827771 -0.204292
v 0.426175 -0.702147 -0.195189
v -0.368195 1.614327 -0.200036
v 1.410942 0.116757 -0.199945
v -1.297079 1.062785 -0.199263
v 0.157752 -0.567965 -0.192367
v 0.176630 1.978384 -0.201057
v -0.891152 1.537224 -0.206331
v -0.520094 1.711453 -0.204385
v 0.007041 1.788719 -0.199975
v 0.753251 1.464946 -0.191615
v 0.307638 1.484288 -0.190613
v -1.307355 1.275270 -0.199257
v 0.197602 1.646189 -0.189913
v -1.183465 1.520218 -0.199330
v 0.327061 -0.820684 -0.198618
v 0.393631 -0.812036 -0.203437
v 1.171328 0.851415 -0.195101
v -0.169650 1.968709 -0.205133
v -1.369190 0.983597 -0.198779
v 0.680621 -0.155063 -0.208342
v 0.210147 -0.732560 -0.197992
v -0.270146 1.973758 -0.200740
v 1.347219 -0.132745 -0.199562
v -0.673737 -0.294396 -0.201351
v -0.488216 1.716658 -0.204922
v 0.583939 -0.511563 -0.193435
v 1.341937 0.226764 -0.196018
v -1.317259 1.134289 -0.199252
v -0.021104 1.759314 -0.206057
v 1.045739 1.114584 -0.205121
v 0.709735 -0.229159 -0.200277
v -0.989364 1.125830 -0.205694
v -1.079672 0.790207 -0.207016
v 1.090003 1.465261 -0.199900
v 0.563453 1.625796 -0.207720
v -0.049725 1.944556 -0.195250
v -0.851915 1.637871 -0.204014
v 0.565143 -0.641641 -0.200467
v 1.335561 0.248230 -0.201237
v -1.255534 -0.045481 -0.194795
v -1.001235 -0.153123 -0.204715
v 0.303586 1.823207 -0.198253
v 0.971249 0.975166 -0.192006
v -0.317546 1.936040 -0.199689
v 0.572054 -0.473947 -0.194742
v -1.319666 0.375159 -0.194198
v -0.818515 -0.542683 -0.202966
v -0.745188 -0.576234 -0.195882
v -1.315447 0.181380 -0.202036
v 1.395296 0.990108 -0.198951
v 0.852455 -0.205662 -0.193899
v -0.322277 -0.453228 -0.207462
v 0.538436 -0.645924 -0.196557
v 0.142124 1.890056 -0.195068
v 0.109843 -0.780230 -0.200704
v -1.085376 0.635777 -0.191854
v -0.442907 1.635099 -0.190468
v -1.367129 0.880451 -0.200774
v 1.351009 0.974986 -0.196531
v 0.587728 -0.581392 -0.196094
v 0.965542 1.038792 -0.205918
v 0.201044 -0.605294 -0.206111
v 0.795934 -0.455999 -0.191933
v -0.127328 -0.648102 -0.206663
v -1.415537 1.060876 -0.199995
v -0.266984 -0.762659 -0.199412
v 1.171718 1.346927 -0.204440
v -1.286951 -0.402188 -0.201658
v 0.300372 -0.334114 -0.190190
v -0.243185 -0.676809 -0.193794
v -0.003988 -0.512520 -0.191110
v 0.893379 0.912942 -0.191280
v 0.315071 -0.757881 -0.197209
v 0.139206 1.699057 -0.199908
v -0.548522 1.707968 -0.203773
v -1.082223 1.440524 -0.200740
v -0.614149 -0.444501 -0.205500
v 0.833176 1.466788 -0.206554
v 1.349043 1.082684 -0.197546
v 0.827103 -0.379709 -0.196654
v 1.096563 -0.538982 -0.200010
v 0.495703 1.884777 -0.200326
v 0.212378 1.975332 -0.201390
v 0.731920 1.584947 -0.204159
v -0.993844 0.311320 -0.189463
v -0.132873 2.059844 -0.197845
v 0.930115 0.977715 -0.210020
v 0.110678 -0.767267 -0.203697
v -1.013727 -0.096404 -0.194683
v 0.001767 1.952934 -0.195090
v 0.023573 -0.480072 -0.208334
v -0.875507 1.629880 -0.196641
v -0.486335 1.806465 -0.200040
v 0.815803 1.264714 -0.206728
v -0.029955 -0.472926 -0.210271
v 0.048114 -0.746038 -0.199027
v -0.208849 -0.722352 -0.205202
v 0.359678 -0.494203 -0.193941
v 0.570538 -0.264823 -0.190816
v -1.127557 0.561460 -0.207433
v 1.102972 0.287800 -0.206032
v -0.476840 1.610398 -0.206885
v 0.513380 1.478552 -0.209728
v -1.378177 1.017730 -0.202112
v 0.300619 -0.708562 -0.204056
v -1.454840 0.686873 -0.200254
v 0.969087 -0.360744 -0.195971
v 0.351899 -0.588387 -0.206275
v 0.347025 1.730226 -0.193048
v 1.227388 -0.188044 -0.197364
v 0.342689 -0.364823 -0.186285
v 0.952908 0.002034 -0.192290
v 0.438159 -0.820068 -0.196412
v 0.644735 1.596566 -0.192255
v 0.411936 -0.481363 -0.207111
v -0.214110 -0.616831 -0.206884
v 1.372795 0.102412 -0.197299
v -0.578887 1.550510 -0.206384
v 0.739403 -0.659307 -0.198605
v -0.948681 -0.057719 -0.193530
v 1.268405 0.778252 -0.193682
v 0.462856 1.755426 -0.193992
v -0.358936 1.768953 -0.204933
v -0.428974 -0.419874 -0.193807
v -0.037646 1.997006 -0.199915
v 0.702143 -0.505790 -0.195250
v -0.840026 1.418041 -0.205713
v 0.867374 -0.039827 -0.201570
v 0.001080 -0.550089 -0.199593
v 0.354038 1.799914 -0.204069
v -0.183401 -0.624458 -0.200292
v 0.100999 -0.642852 -0.189486
v -0.033208 -0.726728 -0.201287
v -0.113516 -0.900469 -0.198478
v -0.882859 1.329136 -0.191402
v 0.832573 -0.401702 -0.204077
v -1.277249 0.461799 -0.207114
v 0.476238 -0.504738 -0.194133
v 1.175298 -0.048459 -0.196488
v 0.000546 1.780607 -0.193219
v 0.393849 -0.514439 -0.194199
v 0.874705 1.480994 -0.199701
v -0.010443 -0.679011 -0.205421
v 0.425795 -0.605651 -0.204691
v 1.163342 1.045784 -0.194761
v 0.137955 -0.490653 -0.208252
v 0.677153 -0.134987 -0.211157
v 0.468125 1.697203 -0.200000
v 0.540711 1.677268 -0.204450
v -0.110997 -0.750719 -0.201184
v -0.061998 1.742497 -0.206294
v 1.138207 0.579532 -0.183163
v 0.208231 1.878535 -0.200860
v -0.820213 1.790236 -0.197700
v 0.408471 1.648033 -0.206233
v 0.256895 1.777748 -0.204576
v 0.703594 -0.635083 -0.195679
v 0.709720 -0.628027 -0.202903
v 0.475784 -0.685445 -0.204132
v -1.319978 0.329909 -0.203818
v 0.814772 1.552068 -0.198881
v 1.017251 0.816809 -0.192524
v 0.032443 1.759313 -0.205583
v -1.367777 0.176265 -0.201712
v -1.380726 0.668476 -0.202238
v -1.063632 0.568044 -0.209037
v -0.898983 -0.346555 -0.204239
v 0.149591 -0.778779 -0.199241
v -0.041740 1.582552 -0.200171
v -0.913280 1.350974 -0.193195
v 0.109370 1.567022 -0.200470
v 0.987654 -0.243446 -0.196498
v -1.294487 1.059348 -0.197388
v -1.010442 1.658717 -0.199320
v 0.978429 1.501148 -0.196588
v 0.704267 1.490373 -0.205031
v -0.782621 -0.116080 -0.192341
v -0.996102 1.449926 -0.197158
v 1.050086 0.341842 -0.193384
v -0.776300 -0.582727 -0.197378
v 0.644479 1.625381 -0.193815
v -0.029977 1.816750 -0.204368
v 0.726928 1.619711 -0.194502
v 0.731347 1.270909 -0.209538
v -1.123930 0.385303 -0.208104
v -0.258017 -0.687845 -0.197376
v 0.151571 2.007375 -0.200393
v 0.259194 1.517730 -0.200224
v -1.354818 1.164044 -0.199845
v 1.149392 -0.224305 -0.202674
v -0.455677 1.801930 -0.203366
v -0.796269 1.757787 -0.202922
v -0.546042 -0.200312 -0.217764
v -0.810631 1.787516 -0.201004
v -0.985656 1.070896 -0.192239
v 1.367624 -0.136216 -0.197279
v 1.465467 0.153049 -0.202358
v -0.960675 1.389518 -0.195621
v -0.839411 1.583106 -0.205350
v -1.039317 1.538370 -0.200222
v 0.708201 1.688774 -0.213072
v 0.919136 -0.159278 -0.194635
v 0.182299 -0.409125 -0.191504
v 1.148738 -0.223706 -0.202918
v -1.076659 1.014961 -0.194610
v -1.320534 0.831944 -0.202260
v -1.340135 0.072331 -0.196531
v 0.099588 1.685574 -0.207516
v -0.419539 1.721280 -0.198871
v -0.287591 1.964026 -0.201232
v 0.859825 1.745340 -0.197983
v 1.221138 0.426115 -0.190121
v -0.864022 -0.085427 -0.193112
v -0.404778 -0.353690 -0.212944
v 0.821409 -0.092323 -0.190683
v 1.023307 -0.308262 -0.196692
v -0.071973 -0.540617 -0.207436
v -0.445449 -0.497326 -0.207791
v 0.240590 -0.518400 -0.192399
v -0.956509 0.217972 -0.192333
v 0.470434 1.771871 -0.195191
v -1.236995 1.315477 -0.198141
v -0.635839 1.893481 -0.202975
v -1.149333 -0.030928 -0.195710
v 0.404075 2.043506 -0.203284
v 0.121486 1.633023 -0.209375
v -0.456336 -0.600403 -0.202594
v 0.355758 -0.640918 -0.198533
v 1.101099 0.230717 -0.193886
v -1.297270 0.607998 -0.206871
v -0.694605 -0.392028 -0.207981
v -0.284362 1.884014 -0.200374
v 0.240451 -0.539970 -0.193668
v -0.562440 -0.648932 -0.201280
v -1.349550 0.913116 -0.202167
v 0.323093 -0.741439 -0.197296
v 0.016825 -0.905320 -0.200645
v 0.269588 1.551128 -0.189943
v -0.441454 -0.817094 -0.198257
v 1.174512 0.705006 -0.195998
v -1.264047 0.153814 -0.196372
v -0.146935 -0.740819 -0.199453
v 1.154647 0.048154 -0.196184
v 0.577378 -0.756867 -0.200025
v 1.011807 -0.242010 -0.204400
v -0.782287 1.282899 -0.200021
v -0.256244 1.696272 -0.189221
v -0.010988 2.014891 -0.199896
v 0.854739 1.407958 -0.203881
v 0.823088 0.027543 -0.208992
v -1.007153 -0.214202 -0.195534
v -0.788581 1.291305 -0.208341
v -0.399966 1.966475 -0.200864
v -0.659809 1.649038 -0.195088
v 0.253038 -0.862912 -0.198143
v 0.950101 -0.272972 -0.204489
v 1.091541 0.151231 -0.193409
v -0.180424 1.667120 -0.207516
v 0.701303 -0.383803 -0.195729
v 0.854972 1.643552 -0.195540
v -0.373118 -0.393939 -0.190301
v 1.017481 1.459639 -0.198977
v -1.214136 1.083314 -0.194698
v 0.457819 1.833881 -0.195303
v 1.066077 1.122687 -0.193901
v -0.683828 -0.207904 -0.192518
v -0.268903 1.467273 -0.189980
v 1.258123 0.731400 -0.204371
v -0.549120 -0.618289 -0.191750
v 0.173920 1.963070 -0.196270
v 0.298376 -0.404638 -0.208555
v 0.409222 1.529563 -0.200376
v 0.860274 -0.659013 -0.198382
v 1.392032 0.777653 -0.199589
v -0.722889 1.628114 -0.194558
v 0.979141 1.280752 -0.205790
v 0.333997 1.973899 -0.199936
v -1.159646 0.714207 -0.193727
v -1.308198 -0.236338 -0.197807
v 0.834469 -0.095960 -0.191391
v 0.178830 2.024276 -0.198825
v 0.386282 1.754977 -0.204514
v -0.192336 1.608024 -0.189927
v -0.167417 -0.882713 -0.199680
v -0.810435 1.110022 -0.208284
v -0.567306 1.926023 -0.199987
v -0.928299 0.664583 -0.191183
v -0.102751 1.933339 -0.201379
v -0.389971 2.028635 -0.197712
v 0.971668 -0.495809 -0.202059
v 0.402440 -0.636655 -0.204745
v -0.731255 1.899465 -0.200570
v -0.776079 1.870562 -0.199798
v 0.975950 1.468990 -0.203304
v 1.012615 1.454154 -0.197533
v -0.592635 -0.524183 -0.206014
v 0.545478 1.820380 -0.203009
v -0.383587 1.616713 -0.192973
v 0.698969 -0.531383 -0.196675
v 0.596251 -0.319008 -0.208201
v -0.926499 -0.359852 -0.202831
v -0.469638 -0.581574 -0.195064
v 0.086656 -0.561667 -0.192523
v 0.655901 1.428060 -0.209488
v -1.453274 0.587918 -0.198510
v 0.647322 1.674658 -0.203960
v 1.383505 0.828137 -0.199166
v -1.007713 0.243068 -0.201411
v 0.983027 1.573456 -0.203096
v 1.423327 0.976141 -0.200054
v -1.168853 -0.220450 -0.196356
v -0.794480 -0.071817 -0.209326
v 0.940704 0.267997 -0.210383
v -0.561941 -0.667967 -0.195625
v 1.096931 0.557373 -0.193670
v 1.222521 1.019325 -0.196082
v 0.047208 -0.804843 -0.195313
v 0.603416 -0.478101 -0.198029
v -0.357383 1.517931 -0.200296
v -0.098129 -0.844010 -0.194154
v 1.180775 -0.344784 -0.200819
v -1.309410 0.047210 -0.201692
v -0.938269 0.226268 -0.209650
v 1.495149 0.667598 -0.199499
v 0.257707 1.671588 -0.190736
v -0.016974 -0.768784 -0.195727
v -0.324105 -0.700863 -0.205851
v 0.943248 0.345422 -0.197503
v 0.086842 -0.395849 -0.208760
v 1.149644 -0.199070 -0.202349
v -0.901111 -0.170763 -0.206129
v -0.982451 0.673739 -0.198434
v -0.617602 1.741118 -0.202922
v -1.029170 1.389184 -0.193877
v -0.372371 1.592010 -0.199724
v -0.299124 1.629919 -0.208800
v 0.157777 1.645565 -0.191353
v -0.561850 1.706864 -0.204719
v -0.575857 1.684093 -0.193974
v -0.076471 1.564522 -0.209265
v -0.540866 1.642196 -0.209650
v -0.580783 1.396407 -0.207010
v 0.519196 1.513911 -0.188790
v 0.798243 1.863756 -0.199537
v 0.163832 -0.653966 -0.194121
v 1.160838 0.459329 -0.194613
v 0.071821 -0.767380 -0.193527
v 0.963194 -0.062246 -0.191642
v -0.841797 1.172614 -0.191422
v 1.176032 1.059932 -0.203842
v 0.347651 1.697619 -0.204789
v -1.459351 0.692418 -0.201770
v -0.513146 -0.583491 -0.204255
v 0.988506 0.754925 -0.199876
v 1.083590 1.242161 -0.196214
v -0.104195 1.815176 -0.206003
v -1.159231 -0.115342 -0.195528
v 0.843848 1.238040 -0.207357
v 1.232094 -0.177236 -0.198383
v 0.170852 -0.547849 -0.199197
v 0.404635 1.859806 -0.202507
v -1.369680 0.400673 -0.201723
v 1.263730 0.304524 -0.204326
v -0.301842 -0.319791 -0.190701
v 0.007608 -0.423939 -0.191031
v 0.978568 -0.418597 -0.202472
v -0.138237 -0.694605 -0.195990
v 0.859687 -0.295040 -0.195117
v 1.281551 1.218176 -0.199484
v -0.793658 1.635167 -0.196183
v 0.473105 1.944199 -0.195604
v 0.365779 1.994958 -0.198245
v -0.973944 1.647984 -0.198682
v -0.643626 -0.110373 -0.209033
v 0.518694 1.391133 -0.191030
v -0.711441 1.550058 -0.195309
v 0.343762 1.499330 -0.209820
v -0.442570 -0.417761 -0.193463
v -0.893163 1.312321 -0.208167
v 0.949846 0.890427 -0.191640
v 0.436154 -0.790762 -0.197554
v 0.805959 1.470855 -0.195034
v 1.161909 1.253780 -0.203154
v 0.153596 -0.855064 -0.198063
v -0.728834 1.461836 -0.205293
v -0.535349 -0.846216 -0.200718
v -0.837224 1.471859 -0.205057
v 0.955048 -0.129382 -0.196043
v -1.043481 0.866116 -0.193707
v 0.044339 2.054548 -0.196954
v -0.759856 1.500892 -0.206288
v 0.844147 -0.225327 -0.206475
v -0.642932 -0.514113 -0.205034
v 0.854002 -0.144069 -0.206734
v 1.399962 -0.125841 -0.202197
v -1.163389 0.151264 -0.206789
v 0.819179 -0.133789 -0.193303
v -0.604232 1.617410 -0.200838
v 0.082809 -0.530964 -0.193564
v -1.174693 1.477637 -0.198353
v -1.001947 0.487423 -0.209807
v 0.986599 -0.058169 -0.194151
v 1.294142 0.869515 -0.196404
v -0.710359 1.798501 -0.199336
v 1.179957 1.082784 -0.203293
v 1.274847 1.168472 -0.199615
v 0.208204 -0.396081 -0.189829
v 0.823455 1.390792 -0.192153
v -0.037813 1.788157 -0.193391
v -0.428714 -0.500300 -0.206673
v 0.681908 -0.267252 -0.208589
v 1.312668 0.853930 -0.201679
v 1.154139 0.469589 -0.193206
v -0.027348 2.083789 -0.196835
v -0.594373 -0.490181 -0.201836
v -0.184282 1.724956 -0.192338
v -0.939630 0.194330 -0.202036
v 0.430911 1.451598 -0.190592
v -1.022025 0.583460 -0.208389
v 0.115048 1.745720 -0.191819
v -1.057594 -0.131650 -0.195214
v 0.605019 1.817794 -0.202466
v 0.531102 1.566778 -0.192925
v 0.225231 -0.852533 -0.203672
v 1.041187 0.024944 -0.196367
v 1.132627 -0.038005 -0.205774
v 1.139842 0.451721 -0.194138
v -0.347777 -0.626826 -0.201360
v -0.896839 1.271374 -0.206719
v -0.451040 1.522259 -0.190109
v -0.875800 1.055976 -0.199384
v 1.259505 1.176918 -0.201878
v -0.378937 -0.421213 -0.191831
v -0.515916 1.513203 -0.212404
v 0.658605 -0.461051 -0.204582
v -0.965401 0.219364 -0.192678
v -0.700023 1.319636 -0.199388
v -0.710255 -0.651893 -0.202642
v 0.921332 1.394659 -0.204015
v -0.961276 -0.091755 -0.205197
v -0.732927 -0.269720 -0.201549
v 0.276056 1.600571 -0.207481
v 1.294389 0.218215 -0.202925
v 0.211777 -0.565403 -0.193728
v 0.510889 -0.522374 -0.194235
v 1.018251 -0.223924 -0.204267
v 0.783161 -0.367098 -0.207085
v 1.020615 1.462367 -0.197829
v -0.199164 -0.571352 -0.208457
v -0.732874 1.247013 -0.199430
v 1.176734 1.068107 -0.199723
v -0.092111 1.930006 -0.204991
v -1.046886 0.815966 -0.193604
v -0.569583 1.992976 -0.198307
v -0.162266 1.873715 -0.204990
v -0.005026 -0.766485 -0.204549
v 0.736396 -0.311959 -0.205633
v 1.340605 0.691199 -0.196420
v -0.554337 1.652495 -0.194327
v -0.877124 -0.370710 -0.205210
v 1.122742 -0.403379 -0.199620
v 0.549057 -0.569266 -0.206106
v 1.234620 0.692364 -0.204681
v -0.508191 1.503680 -0.199868
v 0.335784 -0.832253 -0.204192
v -0.795967 0.055327 -0.209138
v -0.546247 -0.404862 -0.193960
v 0.890751 0.792091 -0.198787
v 0.726481 -0.720338 -0.202567
v 0.966187 -0.234057 -0.203117
v 0.648692 -0.254659 -0.191989
v -0.424055 -0.537317 -0.206101
v 1.029799 -0.424642 -0.202745
v -0.577982 1.571584 -0.194141
v -0.637908 1.409622 -0.208061
v 1.299102 0.549467 -0.198759
v 0.053209 -0.553345 -0.191365
v -1.244917 1.229444 -0.200784
v -0.286607 -0.499646 -0.207968
v 0.020181 1.806619 -0.204803
v 0.935023 1.169422 -0.192308
v 0.403757 1.603032 -0.207822
v 0.286498 -0.694115 -0.195674
v 1.023183 0.160280 -0.193291
v -0.164632 -0.505755 -0.208149
v 0.384268 -0.395369 -0.208428
v -0.781737 -0.770865 -0.198232
v -0.081337 1.631625 -0.192328
v 0.992075 0.403940 -0.207756
v -0.585284 -0.674407 -0.197441
v 0.273954 -0.357128 -0.187298
v 0.557890 -0.611883 -0.203339
v 1.332751 0.493487 -0.203737
v -0.821317 -0.187601 -0.208644
v -0.516893 -0.650751 -0.204049
v -1.101736 -0.313210 -0.202359
v -1.387753 0.983667 -0.200113
v 1.417736 0.123869 -0.201029
v 0.474173 -0.630363 -0.194846
v 0.304648 1.508888 -0.208924
v 0.662947 -0.338960 -0.192182
v 1.478892 0.648551 -0.201040
v 0.036509 -0.733405 -0.192844
v -0.818114 -0.492730 -0.204681
v 0.181220 -0.819484 -0.197638
v 0.021122 1.589120 -0.191873
v 0.666548 -0.321125 -0.192073
v -0.391900 1.630490 -0.194239
v 1.297630 0.737311 -0.196683
v -0.461298 -0.496873 -0.201412
v 0.289893 -0.599971 -0.194056
v -0.497266 -0.493948 -0.201954
v 0.110401 -0.788794 -0.206557
v -1.380656 0.109515 -0.200919
v 1.364905 0.314688 -0.202512
v 0.068043 2.039879 -0.200488
v 0.460128 1.977059 -0.198957
v 1.299485 1.316249 -0.201122
v -0.081980 1.648482 -0.207362
v 0.326625 1.777317 -0.205769
v -0.985228 0.387389 -0.202036
v -0.581367 1.910018 -0.199109
v -1.079203 1.074387 -0.206061
v 0.662056 -0.303683 -0.207869
v 0.232013 -0.520285 -0.193599
v -0.585504 1.669449 -0.194490
v 0.987437 0.903703 -0.207060
v -0.633389 -0.766805 -0.197344
v -0.222721 1.565968 -0.200592
v -0.526106 -0.524770 -0.201300
v -0.339606 1.885691 -0.193541
v 0.851880 -0.523231 -0.191041
v 0.609299 -0.537103 -0.196010
v 1.264741 0.174484 -0.204867
v 1.059347 1.407213 -0.197355
v -1.172221 -0.248458 -0.201214
v 0.238486 -0.548936 -0.208596
v -0.581918 2.004137 -0.199693
v 1.109317 -0.222177 -0.203586
v 0.808317 -0.374835 -0.205285
v 1.390980 1.047894 -0.200375
v 0.013007 -0.801490 -0.199042
v 0.472453 1.412923 -0.189447
v 0.078751 2.001350 -0.199869
v 0.844135 1.417303 -0.204778
v -0.232863 -0.343220 -0.209493
v 0.233564 -0.872731 -0.198647
v -0.097082 -0.872097 -0.198542
v -0.666995 1.706298 -0.194355
v -0.160819 -0.534766 -0.207060
v 0.126008 1.732019 -0.206255
v 0.180323 -0.745481 -0.204641
v 0.519881 -0.210392 -0.209796
v 1.233182 0.634453 -0.196530
v -1.040030 0.195476 -0.194425
v 0.618065 1.715347 -0.193561
v 1.127528 1.518044 -0.198107
v 0.983352 1.638982 -0.198107
v -0.281137 1.872188 -0.192808
v 1.249905 1.030243 -0.204056
v 0.954716 -0.323118 -0.203308
v 1.320286 0.613812 -0.196433
v 0.942605 -0.339705 -0.197502
v -0.556324 -0.611563 -0.203953
v -0.922814 -0.122221 -0.193060
v -0.001269 -0.744652 -0.196096
v 0.610545 1.607051 -0.198138
v 1.259167 0.418989 -0.195201
v 0.680125 -0.659563 -0.202622
v 0.601123 1.244802 -0.190155
v 1.408126 0.242567 -0.202247
v 0.615936 -0.487476 -0.206244
v 0.686685 1.766142 -0.200135
v 0.761817 -0.293219 -0.206783
v -0.929675 0.210426 -0.209288
v 0.947693 -0.595970 -0.199436
v 0.131519 -0.899189 -0.202411
v 0.934759 -0.508194 -0.196906
v -0.259955 -0.338248 -0.212079
v 0.750490 -0.175619 -0.211164
v 0.526528 -0.571281 -0.197491
v -1.333369 -0.028540 -0.200949
v -1.315431 0.994469 -0.196054
v -0.336141 -0.489948 -0.200972
v 1.300651 0.782174 -0.201247
v -0.396815 1.601538 -0.207062
v 0.414959 1.491268 -0.211882
v -1.137503 1.211138 -0.204292
v -1.143055 -0.276839 -0.201527
v 0.853211 0.051882 -0.190513
v 0.015330 -0.563598 -0.193195
v 1.422358 1.012348 -0.207794
v 0.542774 1.823658 -0.203593
v 0.354374 -0.434753 -0.211408
v -1.255120 -0.106624 -0.201663
v 1.182060 -0.397490 -0.200126
v 0.860575 1.365813 -0.206440
v 0.197997 1.639704 -0.201627
v -0.957319 1.041399 -0.209414
v -0.899775 1.600322 -0.198943
v 0.386399 1.591580 -0.208193
v -1.264558 0.648924 -0.195180
v 0.774466 1.644283 -0.204822
v -1.336781 1.125279 -0.200702
v 0.537509 -0.429542 -0.192771
v 0.248758 -0.469088 -0.198993
v 1.312561 0.871190 -0.198753
v 0.304974 -0.614700 -0.194722
v 0.845825 1.685116 -0.202971
v 0.945754 0.680218 -0.199748
v -0.110715 -0.560123 -0.200136
v -0.732608 1.455990 -0.205688
v 0.560106 -0.568289 -0.195790
v 1.159448 1.033051 -0.195103
v 0.148435 1.597530 -0.199959
v 1.120782 -0.023833 -0.204955
v 1.006292 -0.171575 -0.204674
v -0.488127 -0.413995 -0.190991
v -1.322950 0.268518 -0.202151
v -0.047472 -0.656314 -0.206118
v 0.575300 -0.745481 -0.201181
v 0.304544 -0.781538 -0.201198
v 0.434570 1.550225 -0.209827
v -0.701860 1.535952 -0.205202
v -0.957392 1.488389 -0.196374
v -1.421919 0.310078 -0.201586
v -1.425252 0.320806 -0.195452
v -0.537085 -0.424135 -0.207705
v -0.313420 -0.495892 -0.189027
v 1.311310 -0.007155 -0.198677
v -1.119121 0.535522 -0.193828
v -0.505463 1.754277 -0.205068
v 1.224710 0.629434 -0.205812
v 1.342073 0.800373 -0.195091
v 0.215453 -0.330761 -0.210877
v -0.966619 0.351274 -0.201980
v 0.881715 -0.264332 -0.195533
v 0.750838 1.256575 -0.200357
v -0.660400 1.431620 -0.189569
v 0.258506 -0.691630 -0.200575
v 0.171792 -0.771223 -0.198394
v 1.059503 0.351033 -0.206666
v -0.383378 1.774384 -0.207311
v 0.321119 1.713259 -0.205556
v 0.278095 -0.340187 -0.188033
v 1.198096 1.481159 -0.200842
v -0.867378 -0.314283 -0.204822
v 0.293843 -0.778282 -0.195809
v 0.609786 1.598611 -0.194795
v 0.291329 -0.445666 -0.208657
v -0.564141 -0.428861 -0.205897
v 1.071885 0.361942 -0.193713
v 0.980419 0.809234 -0.209477
v 0.896236 1.441473 -0.204204
v -0.137498 1.988048 -0.199558
v -0.357405 -0.768431 -0.204089
v 1.004043 0.515491 -0.217309
v -1.141073 0.416454 -0.195111
v -0.457709 1.500332 -0.190348
v -0.261804 -0.754151 -0.199763
v -0.578896 -0.582858 -0.205173
v 0.541518 1.618489 -0.192918
v 1.347803 0.706356 -0.203746
v 1.243248 1.148304 -0.201143
v 1.338577 0.596708 -0.204200
v 0.849172 1.351301 -0.207733
v 0.921265 1.787131 -0.200833
v -1.310014 0.830706 -0.205576
v -0.249571 1.770118 -0.204773
v -0.514892 1.780369 -0.204367
v -0.079829 -0.864490 -0.200246
v -0.065651 1.817872 -0.204577
v 0.957936 1.318774 -0.192074
v 0.864236 1.664966 -0.201128
v -0.979825 0.343190 -0.190949
v 0.711331 -0.309862 -0.193974
v 1.190385 -0.269447 -0.198153
v -0.137268 1.780826 -0.198500
v -0.016972 1.844216 -0.205687
v -0.397097 -0.564319 -0.206442
v -1.462284 0.088096 -0.196879
v 0.404728 -0.663743 -0.204601
v 1.315360 0.614898 -0.198067
v 1.368842 0.242321 -0.197148
v -1.011175 1.468009 -0.196232
v -0.276884 -0.849663 -0.201514
v -1.197890 1.112949 -0.202386
v -0.847864 -0.563662 -0.201495
v -0.748286 1.401707 -0.199646
v 0.352728 -0.767520 -0.200753
v -0.195238 -0.810778 -0.199567
v -0.923217 0.207366 -0.183955
v 1.192192 1.022505 -0.204179
v 0.792125 1.234982 -0.207587
v 0.866983 0.891136 -0.191379
v -1.115756 1.242864 -0.195423
v -0.456582 1.736823 -0.200799
v 0.044280 1.764200 -0.199478
v 1.178933 1.201043 -0.195067
v 0.300677 -0.838056 -0.198495
v 0.108835 -0.689934 -0.199643
v -0.957344 0.389455 -0.190053
v -1.020023 1.313353 -0.202581
v -0.430254 -0.577127 -0.194593
v 1.245264 -0.013321 -0.204682
v -1.035535 1.348711 -0.205124
v 0.217422 -0.682875 -0.205459
v 0.873999 1.330364 -0.206119
v -0.242917 1.589160 -0.208527
v -0.156093 1.550600 -0.208061
v -0.589695 1.713871 -0.196025
v -1.064059 -0.078798 -0.194847
v -0.539851 -0.519783 -0.206547
v -0.331289 -0.897000 -0.199529
v -0.488070 1.539824 -0.208755
v -0.900673 1.320284 -0.192792
v 0.671832 -0.327585 -0.193100
v 1.002117 0.103857 -0.192745
v -0.006651 1.612857 -0.209040
v -0.999982 0.178090 -0.208752
v -1.179904 0.292495 -0.192973
v 0.248446 1.588980 -0.199818
v -0.587359 -0.772067 -0.200340
v 0.006676 -0.469644 -0.192548
v 0.825558 -0.079757 -0.191621
v 1.014078 1.388059 -0.195378
v 0.941243 1.171884 -0.191753
v -0.127718 1.652614 -0.206763
v -0.087177 -0.811505 -0.200110
v -0.047375 -0.635263 -0.206668
v -1.438407 0.643490 -0.202491
v -0.340043 -0.657008 -0.210533
v 0.245138 1.889464 -0.201259
v -0.543839 -0.532431 -0.202943
v 0.118602 -0.390160 -0.210961
v -0.895483 0.853348 -0.190960
v -0.607526 -0.761937 -0.201018
v -1.405430 0.572586 -0.200886
v -0.815912 -0.347242 -0.194358
v 1.274209 1.011118 -0.202406
v -1.180968 1.168227 -0.202625
v 0.671617 -0.538311 -0.204846
v 0.034234 2.041957 -0.199862
v 0.598414 1.817400 -0.199736
v 1.071144 -0.451925 -0.199246
v 0.343255 -0.735814 -0.195720
v -0.076460 -0.682866 -0.200810
v -0.789473 1.598045 -0.195507
v 1.191989 -0.272808 -0.202566
v -1.069988 0.543120 -0.207726
v -0.743837 -0.466539 -0.195651
v -0.582229 -0.563012 -0.202353
v -0.467560 -0.744685 -0.195751
v -0.431841 -0.687067 -0.196052
v 0.928677 -0.276781 -0.195700
v -0.046947 -0.864458 -0.198126
v -1.253406 -0.105767 -0.201704
v 0.487629 -0.465431 -0.193860
v 0.700608 -0.560050 -0.197219
v -0.982189 0.416509 -0.192166
v 0.058603 1.599279 -0.200492
v 0.370007 1.546796 -0.192074
v -1.024964 0.842645 -0.208731
v 1.262258 1.036384 -0.195667
v 0.369356 -0.432223 -0.207275
v 0.438751 1.734053 -0.205437
v -0.562738 1.500316 -0.206768
v 0.584761 1.423343 -0.200004
v -0.955892 0.182818 -0.210016
v -0.078644 1.601903 -0.208042
v 0.983648 0.201577 -0.207802
v -1.271399 1.101826 -0.197803
v -0.072133 -0.408561 -0.190077
v 0.590573 -0.513458 -0.203873
v 0.275668 2.005646 -0.206714
v 0.141390 2.040462 -0.200989
v -0.160332 2.072792 -0.201711
v -0.461238 -0.703566 -0.205146
v -0.242929 -0.514910 -0.193511
v 1.424346 0.853581 -0.197161
v 1.204380 0.980934 -0.193581
v 0.983591 -0.431592 -0.196549
v 1.356337 0.638492 -0.204377
v -0.954956 1.581903 -0.200409
v 0.421003 1.583665 -0.207440
v -1.437471 -0.013865 -0.199057
v -0.755586 -0.233753 -0.208271
v -1.043321 0.117286 -0.206422
v -0.258274 2.025801 -0.200242
v 1.238536 -0.192294 -0.198238
v -1.028951 0.334872 -0.191208
v 0.866127 -0.212385 -0.194094
v 0.598575 -0.455126 -0.194348
v -1.123595 0.573185 -0.206644
v 0.044762 -0.490265 -0.199695
v -0.468336 1.852741 -0.202492
v 0.470494 -0.591668 -0.204646
v -0.328389 1.605155 -0.191229
v 0.165569 -0.732048 -0.204373
v 1.124794 0.899618 -0.208244
v 0.968319 0.381010 -0.193127
v 1.344350 0.956972 -0.201898
v -0.370675 1.936660 -0.196227
v -1.181748 0.756753 -0.204146
v -0.128467 -0.771219 -0.207695
v 0.205897 -0.505866 -0.199352
v 0.261949 1.619864 -0.207319
v -0.454067 -0.799545 -0.204339
v 0.406709 1.901608 -0.200224
v 1.456828 0.637924 -0.198887
v 0.085465 1.905397 -0.202513
v -0.979810 -0.086207 -0.207271
v -0.449593 1.470921 -0.199707
v -0.222110 2.070872 -0.196612
v -1.309645 1.183357 -0.199111
v -0.811151 1.846776 -0.200516
v -0.887662 1.423741 -0.205445
v 0.735236 1.727077 -0.197371
v 0.717295 1.573784 -0.193274
v 1.027529 0.880347 -0.190505
v -0.024357 -0.535458 -0.206788
v 0.517952 -0.580348 -0.205348
v -1.351339 0.412038 -0.202005
v 0.760121 -0.121871 -0.192636
v 0.861117 -0.658879 -0.202062
v 1.033570 0.326156 -0.191592
v -0.860356 -0.504116 -0.196623
v -0.691521 1.653408 -0.195150
v 0.505600 1.997379 -0.200566
v -1.050549 1.189168 -0.208418
v 0.705888 -0.212090 -0.211178
v 0.090064 1.751892 -0.192864
v 0.700542 -0.754006 -0.200062
v 1.412107 0.085495 -0.201232
v 1.321879 0.091561 -0.202004
v -1.166561 0.144252 -0.194098
v -0.730383 -0.215772 -0.208417
v 0.350692 -0.503975 -0.209082
v 0.975579 0.951360 -0.198870
v -0.052864 -0.376457 -0.210631
v 1.022521 0.010030 -0.205973
v 0.627979 -0.439673 -0.204725
v -0.106880 -0.619744 -0.191514
v -0.367210 -0.542945 -0.201124
v 0.640540 1.834069 -0.199655
v 1.033663 0.258077 -0.207349
v 0.666563 1.662445 -0.204587
v -0.956586 1.574869 -0.197393
v -1.000885 1.517412 -0.202814
v -0.674314 -0.670751 -0.201691
v -0.260930 -0.456320 -0.192682
v 0.923610 1.410303 -0.204357
v -0.375575 -0.562994 -0.206149
v 1.328312 0.721118 -0.198630
v 1.210214 1.201078 -0.195004
v -0.708933 1.287519 -0.199242
v -1.259738 0.744789 -0.196055
v -0.985969 -0.103656 -0.204982
v 0.678045 1.498296 -0.205225
v -0.467640 1.908751 -0.199564
v -1.118957 0.723535 -0.208632
v 0.852283 -0.069082 -0.208102
v 0.099433 -0.772187 -0.200313
v -0.902371 1.243095 -0.206529
v 1.231066 0.072439 -0.203110
v 0.215871 -0.566632 -0.193007
v 1.136391 0.084379 -0.194982
v -0.496258 1.268732 -0.209879
v 1.243430 0.228071 -0.196446
v 1.124357 0.377237 -0.193608
v 0.286718 1.575252 -0.208221
v -1.215131 0.402253 -0.206318
v -0.523829 -0.454155 -0.193052
v 1.172925 0.594967 -0.204884
v -1.225587 1.232030 -0.198238
v -0.041272 -0.766638 -0.193182
v -0.370947 -0.379492 -0.207424
v 0.411279 1.533616 -0.207885
v -1.369908 0.011613 -0.198068
v -0.292145 1.831814 -0.203637
v 0.350202 1.902300 -0.201830
v -0.334080 -0.858314 -0.200032
v -0.354472 -0.312493 -0.188932
v -0.060113 -0.868739 -0.197749
v 1.286097 0.478369 -0.194231
v 0.420548 -0.722552 -0.202151
v 0.968824 1.251400 -0.194255
v 0.460619 -0.449540 -0.207998
v 1.401728 -0.006615 -0.197948
v 1.133823 0.711923 -0.205506
v 0.327816 -0.566596 -0.207572
v -0.944611 1.693221 -0.199832
v 0.224540 -0.726796 -0.198510
v 0.980521 0.253904 -0.193114
v 1.058938 1.078283 -0.205432
v 0.421905 -0.324360 -0.209545
v -0.111156 -0.746268 -0.204731
v -0.517029 1.557963 -0.199624
v -1.050087 0.335593 -0.201810
v -0.438962 -0.552424 -0.201678
v -0.029071 -0.580601 -0.206659
v -1.136057 -0.177229 -0.195013
v 0.402830 1.649064 -0.199738
v -0.937057 0.122976 -0.201754
v -0.883256 -0.023429 -0.201427
v 1.035709 0.999200 -0.205406
v 1.030365 -0.288818 -0.202997
v -0.974181 1.489957 -0.202797
v 0.932435 1.034249 -0.192077
v -0.568239 -0.663023 -0.204336
v 0.682518 -0.430795 -0.200447
v 1.067446 0.858756 -0.204895
v -0.187817 1.960861 -0.199779
v 0.960701 1.571779 -0.200717
v 1.051085 0.443403 -0.192819
v -1.188509 1.175539 -0.203303
v -1.037531 -0.394815 -0.202053
v 0.529328 -0.221092 -0.195744
v 0.104999 -0.644858 -0.205771
v 0.882033 0.023658 -0.208519
v 0.068059 -0.506591 -0.207482
v -0.799242 -0.205943 -0.201451
v 0.690007 1.681813 -0.203558
v 0.914028 -0.020782 -0.191424
v -1.381946 0.549170 -0.202625
v -0.289010 1.953557 -0.201713
v -0.398613 -0.568493 -0.201072
v -1.189515 -0.086119 -0.194717
v -0.062972 -0.535752 -0.208188
v -0.548491 1.869156 -0.195821
v -1.276566 1.199642 -0.200839
v -1.376287 0.928733 -0.201041
v 0.949819 -0.184980 -0.195857
v 0.754953 1.551570 -0.203322
v 0.577934 -0.281121 -0.207798
v 0.746795 1.414917 -0.192299
v 0.951270 0.331735 -0.208382
v 0.911838 -0.495141 -0.203199
v 0.373137 1.910408 -0.202554
v 0.886507 1.440642 -0.192874
v 0.132115 -0.863534 -0.203019
v -0.281396 -0.500561 -0.192512
v -0.004570 -0.570743 -0.199988
v 0.136047 -0.559089 -0.207066
v 0.548253 1.799722 -0.204094
v 0.819903 1.574968 -0.205561
v -0.901434 -0.238778 -0.194541
v -1.153493 1.216694 -0.205686
v 0.738572 1.409882 -0.188353
v 0.097098 1.937787 -0.201485
v 0.073677 1.767420 -0.192972
v 0.056289 1.673748 -0.199778
v 0.350436 1.719915 -0.206413
v 0.191303 1.802589 -0.205148
v 0.770285 1.427088 -0.193197
v -1.228633 1.206825 -0.196544
v -1.476544 0.221295 -0.200487
v -1.507666 0.363244 -0.200326
v -1.420148 0.045724 -0.201014
v 0.014661 1.862544 -0.204526
v 0.262704 1.472778 -0.212949
v 0.189510 1.978506 -0.201406
v -0.234334 1.961434 -0.201049
v 0.323938 -0.547037 -0.206993
v -0.584074 -0.463924 -0.192942
v 0.758537 1.514354 -0.204264
v 1.009318 0.498372 -0.192224
v 1.303576 0.172605 -0.203118
v -0.922875 0.822232 -0.201106
v -0.568966 -0.598081 -0.204928
v 0.573417 1.527093 -0.206862
v -1.284576 1.206768 -0.200182
v -0.461964 -0.633649 -0.206411
v 1.277974 0.828880 -0.202286
v -0.893196 0.805298 -0.209950
v -1.378683 0.884519 -0.199093
v -0.851028 1.428546 -0.195822
v 0.766561 1.473355 -0.205451
v -1.352350 -0.089058 -0.199948
v -1.311073 -0.180578 -0.198531
v 0.103759 -0.549317 -0.192766
v -0.637599 -0.270855 -0.190744
v -0.371177 1.762220 -0.206625
v -1.064597 1.536343 -0.199988
v -0.629298 -0.329178 -0.206434
v -0.294802 -0.819571 -0.197405
v -1.163766 0.631144 -0.206165
v 0.125341 -0.831060 -0.194663
v -0.095002 1.874346 -0.208071
v 0.908413 0.654308 -0.202327
v -1.064964 0.842533 -0.199137
v -0.225898 1.593804 -0.191182
v -0.785181 1.612870 -0.204587
v -0.387655 -0.775430 -0.201485
v 1.429029 0.626645 -0.198652
v -0.287964 -0.582504 -0.193405
v 1.416211 0.289332 -0.203245
v 1.015721 -0.036575 -0.195619
v -0.740763 1.295827 -0.209893
v -0.124886 -0.673477 -0.192787
v 0.130805 -0.537068 -0.207114
v -1.106724 0.891997 -0.204909
v 0.594793 1.869088 -0.201106
v -0.707933 -0.420078 -0.193207
v -0.620215 1.377748 -0.208882
v -0.594426 -0.547613 -0.201083
v 0.089584 1.882833 -0.193431
v 1.006360 -0.294832 -0.203643
v 0.251572 1.705496 -0.205239
v -1.070298 1.226617 -0.194666
v 0.249789 -0.768615 -0.205817
v -0.902263 -0.052341 -0.195062
v 1.000953 0.763402 -0.206752
v -0.642571 1.234266 -0.190552
v 1.339941 0.454954 -0.196859
v 0.992739 0.114630 -0.191626
v -1.310469 1.321807 -0.198696
v -1.144234 1.604210 -0.198429
v -1.426732 0.758525 -0.199098
v 0.484138 -0.521140 -0.197583
v -0.914843 -0.014861 -0.202409
v 0.053630 1.691797 -0.200210
v -0.873606 1.554382 -0.195351
v 0.857860 1.624954 -0.197787
v -0.552966 -0.423601 -0.193116
v -0.413238 -0.245311 -0.200293
v 1.053203 1.332262 -0.196766
v 1.034466 1.272558 -0.204572
v 0.085675 1.733439 -0.200284
v 1.142394 0.415992 -0.194282
v 0.801732 -0.297527 -0.207495
v 0.996378 0.850008 -0.192270
v -0.801419 -0.015977 -0.191444
v -0.906131 0.196628 -0.191722
v 0.079620 2.038073 -0.197552
v 1.068693 -0.094514 -0.206988
v 1.102038 0.875526 -0.193346
v 0.947283 0.730452 -0.191787
v 0.107424 2.058642 -0.200421
v 0.038707 -0.437416 -0.192076
v -0.127631 -0.826394 -0.192751
v 0.090844 -0.806172 -0.198676
v -0.624983 -0.395856 -0.205857
v 1.536665 0.210218 -0.201554
v 0.343819 1.973864 -0.199647
v -0.939471 1.075954 -0.193549
v -0.109372 1.578650 -0.200762
v -0.502610 -0.780592 -0.203251
v -1.453393 0.204461 -0.203063
v 0.510153 -0.553352 -0.197949
v 0.053488 -0.371592 -0.189110
v 1.215946 0.720437 -0.193362
v 0.137678 1.572242 -0.208847
v -1.004518 -0.259638 -0.193942
v -0.881087 1.668825 -0.201879
v 0.268890 -0.562949 -0.206477
v 0.717880 -0.390273 -0.205628
v -0.298750 -0.560184 -0.193895
v -0.197320 1.621735 -0.192151
v -1.409329 0.669942 -0.200892
v 0.795164 0.096525 -0.191656
v 1.360806 0.123117 -0.197848
v 0.980123 0.614230 -0.211442
v -1.152022 1.384463 -0.201554
v -1.352798 -0.125407 -0.198521
v -0.686594 1.685201 -0.198492
v 0.265823 1.806675 -0.204492
v 0.715513 -0.277213 -0.200003
v 0.260426 -0.809720 -0.199528
v -1.020599 -0.057231 -0.194182
v -0.745395 -0.287703 -0.201529
v 1.184643 1.498615 -0.198544
v 0.392886 1.914328 -0.201481
v -0.475936 1.726807 -0.204622
v 0.177414 2.054544 -0.200846
v 0.473600 1.717771 -0.193169
v 0.549274 1.799864 -0.202285
v 0.753626 1.697228 -0.202075
v 1.241491 0.131221 -0.203277
v 0.988423 0.369471 -0.191478
v 1.327217 1.188707 -0.197938
v 0.458023 1.553185 -0.200212
v -0.768064 -0.729410 -0.198971
v -0.053751 1.655391 -0.191076
v -0.316053 1.672636 -0.192600
v 1.086366 0.367922 -0.206132
v -0.730496 1.877505 -0.198297
v -0.044597 -0.599596 -0.209601
v 0.330130 1.865930 -0.205127
v -0.083899 -0.604223 -0.200229
v 1.117160 1.137867 -0.196042
v 1.099253 0.431045 -0.207713
v 1.158549 0.802020 -0.204672
v -0.557487 1.551813 -0.190379
v -0.547922 -0.224278 -0.191730
v -0.935511 0.983000 -0.191776
v 0.179417 -0.353721 -0.198943
v 0.709020 -0.294352 -0.193531
v 0.583671 -0.434733 -0.199876
v 0.961234 0.150828 -0.208968
v -0.365196 -0.662967 -0.194138
v 0.973568 -0.207167 -0.204708
v -0.539510 -0.206802 -0.208696
v -0.068549 -0.551313 -0.199860
v -0.305517 1.673173 -0.206060
v -0.718079 1.574642 -0.204757
v -0.545203 1.733019 -0.206067
v 1.005501 -0.220971 -0.194613
v 0.075063 1.570828 -0.209831
v -1.165822 1.300333 -0.201217
v -0.601249 1.717255 -0.204671
v 0.816242 1.413316 -0.194197
v 0.434667 2.051739 -0.200242
v 0.846661 1.862662 -0.201210
v -0.798561 -0.017334 -0.210605
v 0.699172 -0.383853 -0.194071
v 1.298399 1.102498 -0.199504
v 0.672862 -0.393396 -0.195030
v 0.739797 1.711629 -0.196610
v 0.995917 1.551386 -0.200061
v 1.457985 0.859372 -0.200090
v 0.651766 1.546781 -0.205814
v -0.440796 1.843924 -0.194477
v -0.604516 -0.559260 -0.202021
v 1.060582 0.809017 -0.192761
v -0.973529 0.105172 -0.193388
v -0.975745 0.057713 -0.206580
v -0.781289 1.216965 -0.192995
v -0.543743 1.626449 -0.200514
v -1.130898 -0.140296 -0.203616
v -1.013348 -0.311485 -0.203026
v 0.925869 0.249440 -0.189441
v -0.154685 1.694295 -0.200346
v 0.754299 -0.318798 -0.206001
v 1.084992 0.002277 -0.192711
v 0.603175 1.355147 -0.199563
v 0.930851 -0.488879 -0.202425
v 1.328493 -0.139626 -0.200790
v 0.373029 -0.505197 -0.193322
v 1.180875 1.263284 -0.197737
v -0.063339 -0.391264 -0.186469
v -0.375822 -0.597149 -0.201832
v 1.043040 1.264076 -0.203784
v -0.066971 1.613945 -0.200293
v -1.087156 -0.219409 -0.195448
v 0.754910 -0.069635 -0.192152
v -0.274947 -0.545221 -0.193870
v -0.728037 1.557540 -0.206580
v -0.247106 1.674697 -0.199586
v -0.292347 -0.729901 -0.201000
v -0.433231 -0.707179 -0.194822
v -0.527672 -0.505142 -0.206263
v -0.766612 1.421833 -0.192681
v -1.083257 0.234194 -0.201578
v 0.898241 0.620441 -0.191264
v 0.218046 -0.896120 -0.202756
v -0.742302 1.492646 -0.202242
v -0.421531 1.583052 -0.199986
v -1.016926 1.376738 -0.195859
v 0.741151 1.361059 -0.199817
v 0.317974 -0.811477 -0.196813
v 0.256728 2.021193 -0.198504
v 0.433405 1.832790 -0.200940
v -1.034490 0.084160 -0.206015
v -0.174918 -0.647674 -0.205373
v -0.790967 -0.394680 -0.194872
v -1.396058 0.762065 -0.203094
v 1.289935 1.266769 -0.200108
v 0.391372 -0.428819 -0.193126
v -0.644481 1.482064 -0.199991
v -1.215518 0.650150 -0.205152
v -0.088883 1.616578 -0.208054
v -0.538708 -0.270574 -0.210026
v 1.069694 -0.206768 -0.196576
v 0.009609 -0.425243 -0.208119
v -1.179787 0.491104 -0.195932
v 0.309759 2.010949 -0.198920
v 1.112405 1.196587 -0.197549
v -0.874761 1.442885 -0.191156
v 0.908089 0.893781 -0.209289
v -1.168628 -0.142304 -0.195836
v 0.140213 1.689805 -0.199493
v 1.330614 -0.143278 -0.200280
v -1.378063 1.000982 -0.202241
v -0.947370 0.406602 -0.209611
v -0.682062 1.100957 -0.190285
v -0.610414 -0.517025 -0.202767
v 0.218080 -0.480173 -0.199226
v 1.428476 0.392184 -0.197585
v 0.755305 -0.163385 -0.207607
v 0.344198 -0.520854 -0.198169
v -0.111701 -0.408523 -0.192129
v 0.595775 1.534563 -0.206099
v 0.629834 -0.406670 -0.194568
v -1.221267 0.618477 -0.204372
v 1.014021 1.647098 -0.201777
v 0.675007 1.329303 -0.200730
v -0.837784 1.719250 -0.196941
v -0.328793 -0.381455 -0.193040
v -1.226128 0.859256 -0.196536
v 0.488160 -0.620240 -0.197173
v 0.230117 -0.761162 -0.198804
v -0.717860 -0.737021 -0.201239
v -1.316439 0.568168 -0.197908
v 1.161229 0.308767 -0.205827
v 1.041185 0.045884 -0.195303
v 0.852089 -0.139142 -0.208519
v -0.371523 -0.451199 -0.191372
v 0.118472 2.034417 -0.203818
v -0.476140 -0.279942 -0.212138
v -0.479186 -0.599850 -0.194886
v 0.733698 -0.789383 -0.200403
v 0.473407 -0.338751 -0.198549
v 0.814798 -0.260619 -0.206910
v -0.427549 -0.634888 -0.201987
v 1.040995 0.801068 -0.193461
v -0.286036 1.806087 -0.193774
v -0.930810 0.251986 -0.190810
v -0.198795 1.635099 -0.199979
v -1.051071 -0.551406 -0.199231
v -0.029323 2.053567 -0.202915
v 0.878083 1.722252 -0.199151
v -0.467027 1.959592 -0.199327
v -0.815141 -0.600047 -0.200871
v -0.893464 1.151167 -0.218206
v 0.946322 1.399524 -0.203821
v 1.095096 0.833275 -0.199612
v -0.020160 -0.600811 -0.199948
v 0.713467 1.785254 -0.201469
v -0.878704 1.306444 -0.193025
v -0.935561 -0.339688 -0.203421
v -0.422322 -0.368069 -0.200727
v 0.332984 -0.653769 -0.195464
v 1.436822 0.485815 -0.203070
v -1.389958 0.740803 -0.201025
v 0.099681 1.581531 -0.200878
v 0.875728 1.597379 -0.202786
v -0.497763 -0.604132 -0.205962
v 0.112568 -0.501292 -0.207470
v 1.355623 0.538266 -0.204758
v -0.302913 1.535985 -0.200301
v 0.034586 -0.633866 -0.194715
v 0.139428 -0.580954 -0.200520
v 0.398977 -0.423691 -0.192979
v 0.891841 1.254854 -0.190843
v -1.502864 0.018723 -0.199251
v -0.819568 1.116864 -0.191130
v -0.581114 1.379333 -0.199518
v 0.810047 1.195433 -0.191683
v 0.777816 1.718407 -0.202262
v -0.347568 -0.463003 -0.193350
v 0.741915 -0.336604 -0.206640
v -1.155143 0.698440 -0.206417
v -0.876760 -0.074182 -0.192862
v -0.868195 0.016393 -0.208333
v -0.385278 -0.327024 -0.211943
v 1.244859 1.287682 -0.200204
v 0.126002 2.076112 -0.198823
v 0.300705 1.623756 -0.192102
v 0.835457 -0.378004 -0.204692
v 0.398752 -0.610083 -0.195449
v 0.968762 -0.150161 -0.194444
v 0.542225 1.618364 -0.192246
v -0.536090 1.590877 -0.193245
v -0.917257 -0.381727 -0.202643
v -1.039617 1.089962 -0.211250
v -0.814196 1.864435 -0.197826
v -0.220981 -0.390470 -0.190401
v 1.178756 -0.306519 -0.198439
v -0.118142 -0.805588 -0.200024
v -1.126337 1.577422 -0.199483
v -1.101442 1.483870 -0.200688
v 1.101089 -0.108959 -0.196076
v 0.111262 -0.745284 -0.198698
v 0.050317 -0.839896 -0.199903
v 0.119919 2.094305 -0.197744
v -0.025866 1.877306 -0.206134
v 0.271219 1.886117 -0.195153
v 0.241084 1.895007 -0.202388
v -0.198432 -0.582330 -0.206977
v -0.367273 1.733227 -0.207331
v 0.553086 -0.523692 -0.199834
v 0.133662 -0.613305 -0.193046
v 0.250503 -0.583120 -0.206599
v 0.770624 1.549763 -0.204391
v 0.745923 -0.397431 -0.204985
v 0.069737 1.720042 -0.192407
v 0.754455 -0.185471 -0.207849
v -0.217151 1.784150 -0.204829
v 0.894540 1.007168 -0.200417
v -0.017607 1.747299 -0.199568
v -0.098767 -0.469699 -0.189650
v 0.243227 1.797205 -0.204178
v 0.637792 1.648978 -0.204046
v 0.401038 -0.480668 -0.199209
v 0.328135 -0.650657 -0.203744
v -0.249644 -0.543978 -0.200551
v -0.352201 -0.361275 -0.192512
v -0.165913 -0.706047 -0.200997
v 0.891195 -0.000233 -0.198516
v 1.544864 0.233489 -0.197008
v -0.786671 0.913059 -0.200671
v -0.283431 1.598318 -0.200215
v -0.430868 -0.870474 -0.201592
v 0.132524 -0.595280 -0.193538
v 0.107411 1.565489 -0.192247
v -0.157785 -0.840734 -0.195431
v -1.372846 0.276928 -0.201792
v -0.055038 -0.687777 -0.200527
v 1.513101 0.508908 -0.199034
v 0.146284 -0.477228 -0.190646
v -0.965235 -0.537590 -0.194899
v 0.550400 -0.466302 -0.207771
v -0.791869 -0.653872 -0.196769
v 0.259949 1.651501 -0.206971
v -0.905933 1.023213 -0.200909
v -1.114795 0.641434 -0.193287
v 1.287547 0.027119 -0.203978
v -0.919351 1.052510 -0.191362
v -0.211451 -0.710933 -0.205656
v -1.090703 1.242906 -0.203632
v -0.350115 -0.504206 -0.206254
v 0.620673 1.755160 -0.196208
v 1.109292 0.037394 -0.196851
v 1.151031 0.114408 -0.205923
v 0.109208 -0.500943 -0.199518
v 1.122014 -0.277084 -0.197135
v 0.555001 -0.500990 -0.193070
v -0.021201 -0.439117 -0.208264
v 0.539230 1.770601 -0.203803
v 0.169014 1.814936 -0.204444
v 0.172650 -0.697884 -0.200721
v -0.977511 1.088675 -0.207409
v -0.138771 -0.743716 -0.199052
v 1.135159 0.087888 -0.205024
v 0.204114 -0.819398 -0.202563
v -1.292923 0.257377 -0.205527
v 0.399311 1.751518 -0.204799
v 0.582359 -0.501925 -0.195427
v 1.378044 0.527569 -0.205864
v 1.269580 0.539018 -0.204498
v 0.727869 -0.262337 -0.206780
v 1.081553 1.497869 -0.199447
v -0.485797 -0.720348 -0.205728
v -0.967248 -0.360700 -0.204013
v -1.119474 0.358561 -0.195166
v -1.155763 1.422728 -0.199944
v -0.452412 -0.330738 -0.212043
v 0.406638 -0.414481 -0.210651
v 0.252483 2.043785 -0.196382
v -0.914988 1.750320 -0.203182
v -1.092451 1.550059 -0.202577
v 1.059393 0.197970 -0.207537
v 0.440532 1.858882 -0.197499
v -0.153967 1.714710 -0.191525
v 0.291203 -0.738327 -0.202969
v -1.216243 0.928908 -0.202441
v -0.806122 1.443221 -0.199750
v -0.063953 1.666436 -0.206772
v 0.096155 1.686576 -0.206203
v -0.315095 1.685045 -0.205304
v -1.260291 0.797203 -0.203193
v -0.024872 1.691444 -0.200526
v -0.255258 1.675005 -0.199529
v -1.166693 1.037483 -0.204217
v -0.323801 1.667661 -0.200075
v -1.305091 0.461540 -0.203541
v 0.368188 -0.738056 -0.195366
v -0.251627 -0.886609 -0.199168
v 1.044532 -0.060861 -0.196132
v 0.093338 2.006845 -0.202781
v -0.987342 -0.047137 -0.204385
v -1.009869 1.132088 -0.193552
v -0.753243 -0.172310 -0.191935
v -1.075532 1.159818 -0.202328
v 0.005246 -0.402796 -0.207153
v 0.104942 1.948383 -0.203555
v 0.208858 1.950127 -0.202563
v -0.062531 -0.687800 -0.193237
v 0.912882 0.673326 -0.197764
v 0.940012 0.194404 -0.192058
v -0.333733 1.875529 -0.201141
v 0.707355 1.655694 -0.201820
v -0.657972 1.456303 -0.199548
v -0.523838 1.542173 -0.199470
v -1.059258 -0.196333 -0.204663
v -0.258741 -0.601905 -0.206503
v -0.906364 1.446058 -0.193288
v -0.575682 1.620597 -0.194794
v -0.744124 1.408806 -0.206852
v -0.742584 1.499147 -0.206365
v -0.138762 -0.691082 -0.200528
v -0.738104 -0.593841 -0.203626
v 0.810531 -0.562821 -0.201984
v 0.770395 1.775998 -0.196077
v 0.460268 1.472081 -0.200622
v 0.563540 1.460325 -0.209880
v 0.918321 -0.681214 -0.200089
v -0.957545 0.217103 -0.207877
v 0.394077 -0.433857 -0.199163
v 1.097930 0.106211 -0.195426
v 0.535823 1.323397 -0.190743
v -0.742133 -0.391137 -0.207316
v 0.614879 -0.140592 -0.190497
v -1.168381 0.650413 -0.205553
v 0.599450 1.519316 -0.200055
v 1.123033 -0.440873 -0.200820
v -0.149948 2.015856 -0.205479
v 1.344586 -0.342898 -0.198476
v 1.073624 0.407596 -0.192902
v -0.325418 -0.633444 -0.206130
v -0.673165 -0.276213 -0.200961
v 0.644264 -0.755553 -0.201164
v -0.224556 -0.466880 -0.200014
v -0.145727 1.582992 -0.208036
v 0.945540 1.252125 -0.206262
v 0.319671 1.588153 -0.206049
v 0.556327 1.468479 -0.207261
v -0.491691 1.394701 -0.199346
v -0.942513 1.337816 -0.193169
v -0.596968 -0.463150 -0.194743
v -0.030004 -0.472912 -0.192363
v -0.557084 -0.211443 -0.191744
v -0.007375 -0.484595 -0.189423
v 0.382616 1.944945 -0.200225
v -1.087413 1.372364 -0.202378
v -1.126615 1.138893 -0.205637
v -0.135385 1.630011 -0.207255
v 0.822836 -0.456864 -0.193889
v 0.731004 -0.555094 -0.203012
v 0.941155 -0.112974 -0.192162
v 0.051023 1.896417 -0.193769
v 0.349153 -0.717297 -0.195838
v 0.190240 -0.355839 -0.222281
v -1.103495 1.183185 -0.197279
v 1.216653 -0.177739 -0.204006
v 0.127010 -0.646464 -0.198760
v -1.013869 1.587705 -0.199899
v 1.272884 0.840300 -0.195297
v 1.298976 0.010871 -0.202608
v 0.596399 -0.702842 -0.201973
v -0.465958 1.913540 -0.196094
v -0.337906 -0.632562 -0.200833
v 0.388562 1.922927 -0.203248
v 1.172697 0.828088 -0.195568
v 0.988366 1.475895 -0.201607
v 0.882680 0.094293 -0.208370
v 0.434563 1.742970 -0.192137
v 0.648576 1.536493 -0.205057
v 0.930124 0.979057 -0.200215
v -0.018327 -0.589611 -0.199891
v 0.175517 -0.912099 -0.202299
v -1.028549 0.650033 -0.200575
v 0.500598 -0.765335 -0.199357
v 0.659546 -0.453397 -0.194087
v 0.706798 -0.152507 -0.198366
v 1.017005 0.482798 -0.193106
v -1.417707 0.526135 -0.203695
v -0.866067 1.297301 -0.201059
v -1.098148 -0.067925 -0.205352
v 0.456189 1.539308 -0.208685
v -0.920854 -0.224369 -0.205746
v 1.345505 0.145875 -0.202755
v 1.269545 0.447425 -0.196028
v 0.924818 -0.018489 -0.198319
v 1.076350 0.450267 -0.206845
v 1.018265 -0.331117 -0.201354
v 0.344203 1.897596 -0.202800
v 0.294840 1.811702 -0.206004
v -0.731962 -0.486779 -0.193962
v 1.005371 0.180172 -0.198839
v 1.045626 0.297964 -0.198480
v 0.700942 -0.301513 -0.197060
v -0.446404 -0.517869 -0.201325
v -0.016389 1.933179 -0.199332
v -1.363845 0.631738 -0.201712
v -1.104345 -0.449827 -0.201709
v 0.016890 -0.535088 -0.192459
v 0.489067 -0.490882 -0.194102
v 1.420619 1.030055 -0.199508
v 0.434579 1.551548 -0.207840
v -0.444473 -0.286156 -0.201193
v -0.299968 -0.662874 -0.201718
v 0.606437 -0.524426 -0.204549
v 1.124530 1.158132 -0.204238
v 0.632396 -0.536524 -0.195889
v 1.085333 -0.209940 -0.201899
v -1.430396 0.827754 -0.201286
v 0.201744 -0.545880 -0.191384
v -1.246909 1.059882 -0.204442
v 0.695944 1.687974 -0.196796
v -1.147837 0.223501 -0.205374
v 0.001583 1.656111 -0.200264
v -0.855311 -0.282560 -0.205542
v 1.341882 0.606715 -0.197057
v 0.522312 -0.518324 -0.197086
v -0.662660 -0.214313 -0.191851
v 0.707320 1.565038 -0.199260
v -0.878566 0.891287 -0.190488
v -0.148707 1.914409 -0.193629
v -0.123335 -0.485786 -0.192873
v -0.221452 1.990793 -0.200159
v -0.388020 -0.379888 -0.192976
v -1.288956 0.650033 -0.203600
v -0.515491 1.934607 -0.197722
v -0.056782 -0.424455 -0.188846
v -0.061883 1.960057 -0.203342
v -0.565880 -0.437034 -0.193525
v -0.563991 -0.134952 -0.208923
v 0.765325 0.063524 -0.210230
v -1.231769 -0.389450 -0.199189
v -0.421404 1.593559 -0.192971
v -0.665284 1.489932 -0.191690
v 0.652752 -0.488487 -0.197262
v 0.183471 -0.537797 -0.207437
v -0.991470 1.303719 -0.196897
v -0.576433 1.740160 -0.205687
v 0.854822 -0.098477 -0.206734
v 0.479390 -0.857301 -0.199064
v -1.218217 1.086737 -0.205288
v -1.301021 0.409087 -0.195268
v -1.117254 1.101304 -0.200632
v -0.821723 1.417839 -0.205449
v -0.686180 1.525749 -0.200106
v 0.398138 1.856212 -0.202733
v 1.450973 0.783125 -0.198579
v -0.619811 1.682277 -0.196482
v 0.833847 -0.007477 -0.191939
v 0.342021 -0.791114 -0.201007
v 1.121641 0.998754 -0.194859
v 0.444435 -0.794978 -0.199416
v 0.598377 1.656060 -0.198603
v -1.048498 1.245868 -0.203215
v -1.129928 0.012540 -0.204548
v -1.426352 0.699899 -0.197870
v 0.113928 1.931036 -0.201276
v 0.758555 -0.334847 -0.193542
v -1.018219 0.085221 -0.193396
v 0.752527 1.798410 -0.197982
v -0.666366 1.528329 -0.199657
v -0.007233 1.871295 -0.204177
v 0.794047 -0.600808 -0.202575
v -0.202334 -0.769082 -0.202810
v 0.932730 0.085980 -0.192263
v 0.483633 -0.339075 -0.208331
v 0.326475 -0.742623 -0.203805
v 0.633571 1.524211 -0.190402
v 1.417874 0.826763 -0.197785
v -0.863917 1.460526 -0.193097
v -1.059772 1.027526 -0.200997
v -0.869225 0.007660 -0.208541
v 0.034064 1.618230 -0.200474
v -1.146715 0.851593 -0.195770
v -0.598902 1.769674 -0.204840
v -0.764005 1.104130 -0.199199
v -0.807004 1.066455 -0.190073
v -0.402056 -0.746740 -0.198154
v -0.216006 1.646371 -0.207793
v 0.876778 1.060305 -0.190825
v -1.315056 0.276628 -0.194558
v -0.268791 1.561565 -0.200311
v 0.334314 1.736240 -0.204605
v -0.586390 -0.628719 -0.195789
v -0.879789 -0.188656 -0.205337
v -0.638317 1.822247 -0.197173
v 0.673120 1.645211 -0.193263
v 1.165284 0.754996 -0.204526
v -0.618571 -0.510230 -0.194989
v -0.373075 -0.826384 -0.200813
v 0.746474 -0.684568 -0.198633
v 0.147431 1.640429 -0.191815
v -0.127451 -0.785898 -0.202017
v -0.126520 1.694101 -0.202130
v -0.729156 1.517062 -0.190865
v 0.838087 -0.427393 -0.203539
v 1.055568 -0.069028 -0.195343
v -1.050490 0.817263 -0.198764
v -0.440739 -0.316764 -0.191472
v 0.343056 1.868070 -0.203015
v 0.791653 1.617049 -0.196107
v -0.683882 1.779534 -0.195195
v -1.157339 -0.051042 -0.201982
v -0.503977 -0.503752 -0.200483
v -1.328442 0.527260 -0.200066
v 1.105772 1.071899 -0.203268
v 0.918525 -0.125847 -0.205926
v 1.225112 0.130408 -0.195692
v 1.312295 0.319651 -0.203342
v 1.020980 -0.000831 -0.195602
v 0.507177 1.867749 -0.201055
v -0.422832 -0.752076 -0.204378
v -1.005586 -0.053334 -0.195379
v 0.839263 -0.020154 -0.192984
v 0.851619 1.539896 -0.203914
v 0.430908 -0.248342 -0.210685
v -1.430317 0.037147 -0.200881
v -1.058180 0.773259 -0.193466
v 0.061617 1.849354 -0.204207
v -1.106098 0.135638 -0.194004
v -0.460148 1.929198 -0.202448
v -0.949093 -0.216832 -0.194195
v -1.373985 0.512026 -0.204909
v 0.152842 1.796222 -0.191683
v -1.415980 0.746898 -0.201202
v -0.935862 -0.611473 -0.201297
v 0.505509 1.694185 -0.192669
v 0.313865 -0.540964 -0.192202
v 0.891232 1.313232 -0.205940
v -0.222978 -0.638136 -0.194250
v -1.268447 1.132195 -0.203938
v -1.541909 0.113646 -0.200394
v 0.035212 -0.656082 -0.198949
v 1.420135 0.577010 -0.202588
v -0.292187 1.703065 -0.206324
v -0.432820 1.626965 -0.199140
v -1.352975 0.125290 -0.201681
v 0.069875 -0.504754 -0.192513
v 1.107418 0.657549 -0.205185
v 1.244204 0.311403 -0.204798
v -0.452277 1.744630 -0.195714
v -1.040375 0.128966 -0.206975
v 0.566419 1.502365 -0.200914
v -0.098250 -0.906985 -0.200723
v -0.049370 -0.370938 -0.210253
v -0.671715 -0.608897 -0.201440
v 0.317914 -0.495736 -0.193633
v -1.178952 1.506761 -0.197962
v 0.007189 1.963447 -0.201006
v -1.294419 1.024406 -0.202003
v -0.800359 1.467120 -0.204946
v 0.700412 1.691417 -0.201322
v -0.040673 1.783584 -0.198538
v -0.202201 -0.388455 -0.197706
v 0.657955 1.422052 -0.188899
v 0.312074 1.584642 -0.199333
v 1.208635 0.202661 -0.203828
v 0.202121 1.626435 -0.199622
v -0.416269 -0.671907 -0.201829
v -0.562442 -0.541393 -0.202613
v 0.683298 1.343313 -0.207857
v -0.820640 1.694418 -0.201646
v -0.486384 1.867090 -0.200560
v -0.217000 -0.545318 -0.193962
v 0.062557 -0.624056 -0.205954
v 0.985930 1.458618 -0.202429
v -0.584912 1.786862 -0.208526
v 0.361200 1.797413 -0.193950
v 0.652308 1.630791 -0.204884
v -1.212531 1.187163 -0.202534
v -1.299973 0.977672 -0.198577
v -0.218520 1.598061 -0.200361
v -1.063553 -0.377924 -0.197143
v -0.170763 1.702902 -0.190535
v 1.329470 0.915052 -0.201782
v -0.129826 1.860101 -0.192907
v 0.270336 -0.610542 -0.208244
v 0.069996 -0.664589 -0.193181
v -0.871556 1.565646 -0.199038
v 0.036822 2.072426 -0.198799
v -0.562432 -0.498784 -0.201643
v -0.513667 -0.530105 -0.201811
v -0.936645 1.136846 -0.199601
v -1.187524 1.296383 -0.200035
v 0.035887 -0.703294 -0.193993
v -0.073802 -0.719397 -0.204816
v -0.143053 -0.617209 -0.194545
v 1.068990 0.569460 -0.207904
v 0.789397 1.646469 -0.207331
v 1.022176 0.771483 -0.206194
v -0.404363 -0.503291 -0.192843
v 0.743368 1.384089 -0.200513
v -0.157344 1.756932 -0.205776
v -0.262562 1.968740 -0.196116
v 0.529142 1.532297 -0.206427
v -1.482917 0.253435 -0.200663
v -1.011817 1.004088 -0.200854
v 0.698040 1.427558 -0.200287
v -1.095230 -0.297755 -0.201889
v -1.185216 -0.215504 -0.201152
v -1.400022 0.241648 -0.200923
v -1.518312 0.529817 -0.197567
v 0.970142 1.122633 -0.192331
v 0.928903 -0.167312 -0.204686
v -1.200622 1.092718 -0.200476
v 0.367660 1.909508 -0.203909
v -0.811484 -0.075955 -0.192138
v 0.956947 1.379177 -0.203968
v 1.390371 0.320900 -0.202051
v 0.194853 1.591583 -0.200409
v 0.048872 -0.691109 -0.199877
v 0.364135 1.571380 -0.192152
v -0.008084 -0.814571 -0.200025
v 0.666411 1.215667 -0.189798
v -0.854749 1.512357 -0.195822
v 0.499688 1.697451 -0.204217
v -0.832158 -0.223593 -0.207809
v 0.202375 -0.471603 -0.192677
v -0.243073 1.809286 -0.204570
v 0.869431 1.284983 -0.193660
v 1.150111 -0.201882 -0.197905
v 0.730110 -0.672463 -0.200007
v -1.216930 1.323819 -0.199494
v -0.124999 1.990154 -0.201368
v 0.867261 1.623791 -0.201681
v 0.152389 2.006551 -0.194413
v 0.158295 1.925251 -0.201537
v -0.902571 1.618012 -0.198029
v -0.482086 -0.588800 -0.204509
v 0.373326 -0.448474 -0.193081
v -0.261039 -0.829800 -0.200771
v -0.919076 1.409956 -0.203983
v 0.992020 1.159712 -0.207167
v -0.667131 1.559709 -0.195271
v 0.080865 1.726341 -0.207290
v 1.337052 0.765009 -0.202889
v 0.015066 -0.495433 -0.212697
v -0.809753 -0.428872 -0.204308
v 0.941648 0.848287 -0.208665
v -0.389008 1.809765 -0.203826
v 0.529891 -0.724120 -0.203050
v 0.037240 1.615419 -0.208981
v -1.051368 1.419117 -0.194641
v -1.413716 0.483422 -0.202247
v 1.063672 0.819454 -0.206684
v 0.424185 -0.452515 -0.207898
v 1.295384 1.104035 -0.195959
v -0.373561 -0.544802 -0.193914
v 0.391657 -0.826886 -0.201764
v -1.221371 1.401729 -0.200234
v 0.670345 -0.191677 -0.192626
v -1.382319 0.616051 -0.203452
v 0.648539 -0.662520 -0.197501
v 0.540351 -0.708645 -0.200827
v -0.375859 -0.712150 -0.203562
v -0.454053 -0.689259 -0.202234
v 0.130758 1.608955 -0.189672
v -0.559186 1.368952 -0.200055
v 0.561603 1.377262 -0.190128
v 0.898683 0.060368 -0.198450
v -0.597160 1.721154 -0.198096
v -0.241608 -0.621302 -0.200599
v -1.246229 0.333116 -0.195382
v 1.446777 0.619222 -0.199376
v -0.757362 0.031330 -0.186976
v -0.369483 1.563377 -0.192168
v -0.161617 -0.634157 -0.192323
v -0.306895 1.744737 -0.205548
v -0.883262 1.490355 -0.204964
v 0.170900 1.774009 -0.206075
v 0.450068 -0.492813 -0.192161
v 1.465730 0.742817 -0.201140
v 0.651733 1.854695 -0.201628
v -0.459838 1.592009 -0.206263
v -0.784095 -0.503001 -0.203272
v -0.304688 -0.606101 -0.201207
v -0.677793 -0.521735 -0.195182
v -0.240523 1.754346 -0.201914
v 1.144742 -0.252070 -0.201844
v -0.530100 1.550128 -0.206641
v -0.056280 -0.579407 -0.193315
v 0.521071 1.532675 -0.206036
v 1.034073 0.552368 -0.207958
v 0.881442 -0.201861 -0.203628
v -0.932781 0.008126 -0.208820
v 0.212683 -0.753029 -0.198515
v -0.240372 -0.909686 -0.200340
v -0.061486 1.573558 -0.188092
v 0.273891 1.617350 -0.199245
v 0.168979 1.491430 -0.200013
v -0.949391 1.392632 -0.201097
v -0.320541 1.614154 -0.200978
v 1.250054 -0.398421 -0.200473
v -1.036693 1.209740 -0.195741
v -0.179292 1.566304 -0.191736
v 0.348449 1.687271 -0.199530
v 1.321298 1.132462 -0.200459
v -0.341861 1.693965 -0.200411
v -1.083885 0.877051 -0.193143
v -0.861948 1.256511 -0.200154
v -0.421539 1.597184 -0.200022
v -0.217310 2.047179 -0.199158
v -0.114931 1.949476 -0.201055
v -0.377979 1.789379 -0.204008
v 0.066719 -0.832987 -0.199059
v 0.494674 -0.818933 -0.198194
v 1.093403 -0.502741 -0.198755
v 0.782870 1.256411 -0.208556
v -0.734421 -0.711923 -0.200842
v 0.107799 -0.861601 -0.200050
v -0.643075 1.680717 -0.204683
v -0.859575 1.529737 -0.201646
v 0.477247 1.733603 -0.194961
v 0.564739 1.500745 -0.207463
v -0.875191 -0.437765 -0.202170
v -0.544987 -0.619075 -0.203963
v -0.040081 -0.743910 -0.199443
v 0.909572 0.197292 -0.208280
v -1.437153 -0.025574 -0.200836
v -0.043891 1.712127 -0.192817
v -1.144598 0.590888 -0.206025
v -0.054414 1.809117 -0.194859
v -1.122353 -0.343467 -0.201991
v -0.561986 -0.537286 -0.204508
v -0.737505 -0.396843 -0.203747
v -0.092573 -0.695449 -0.200356
v 0.141815 1.745963 -0.199341
v -1.311718 0.537286 -0.198172
v 0.483383 -0.281215 -0.189829
v 1.043086 1.141223 -0.194646
v -0.745278 1.762221 -0.204219
v -0.483422 1.506460 -0.199980
v 0.398395 -0.403317 -0.193090
v 1.106502 1.028281 -0.192596
v 1.428929 0.651180 -0.199310
v 1.107653 0.394374 -0.206139
v -0.808892 1.266496 -0.199956
v 1.436854 0.678899 -0.196722
v 0.078481 1.599049 -0.200791
v 0.412082 1.801931 -0.203698
v -1.460217 0.836784 -0.200026
v -1.352553 0.353068 -0.198444
v 1.455561 0.085793 -0.196560
v -0.755236 1.801676 -0.201525
v 1.396839 0.992695 -0.204051
v -1.029120 0.475338 -0.207268
v 1.443860 0.935550 -0.199776
v -0.310708 1.556538 -0.207039
v -1.101307 0.269559 -0.193589
v 0.479076 -0.296450 -0.208444
v 0.313089 1.622108 -0.206057
v 0.429985 -0.645076 -0.204240
v -0.539560 1.885696 -0.203502
v -1.008385 0.975702 -0.207040
v 1.022395 -0.358476 -0.202091
v 0.864503 -0.308426 -0.196149
v -1.173229 -0.411232 -0.199436
v 0.025723 1.793881 -0.205711
v -1.450916 0.483654 -0.201112
v -1.243926 0.432813 -0.204712
v 1.330524 -0.201701 -0.199293
v 1.346681 0.493359 -0.200095
v 1.359913 0.564443 -0.201853
v 1.121096 0.505747 -0.206896
v -0.676395 -0.658107 -0.196146
v 1.013509 0.198242 -0.193930
v -0.619908 1.877644 -0.203992
v -0.101908 -0.457422 -0.208383
v -0.377975 1.984210 -0.200001
v 0.158284 1.848690 -0.204231
v 0.108736 1.704717 -0.199729
v 0.861188 -0.387960 -0.203660
v 1.320031 0.242817 -0.201543
v -0.247908 -0.836804 -0.201003
v -0.987872 0.374549 -0.193412
v 0.437325 1.809655 -0.203865
v 0.752644 1.284369 -0.200382
v -0.131909 1.754739 -0.194265
v 0.809905 -0.192737 -0.200277
v -0.821764 -0.197638 -0.195502
v 1.037956 0.203017 -0.192388
v 0.718288 1.562151 -0.203971
v -0.098571 1.721289 -0.200554
v 0.180681 -0.751477 -0.192751
v 0.248580 1.715191 -0.199518
v 0.269342 1.642066 -0.199601
v -0.221752 1.761822 -0.205264
v 0.834254 1.492555 -0.203071
v 0.941236 1.419452 -0.194972
v 0.570405 1.555293 -0.206253
v -0.842508 1.286554 -0.199486
v -0.224887 1.826900 -0.199122
v 0.785586 1.733196 -0.201660
v 1.350878 0.471723 -0.204114
v 1.278041 1.401024 -0.200161
v 1.142939 0.970582 -0.203843
v 1.231221 0.635127 -0.193301
v 0.924424 -0.281592 -0.204622
v 0.310822 -0.494409 -0.199279
v 1.367362 0.480586 -0.202069
v 1.119285 -0.010488 -0.196178
v 0.049991 1.871221 -0.205627
v -0.475771 -0.592671 -0.204380
v -1.103451 -0.306669 -0.202594
v 0.482074 -0.209763 -0.195858
v -0.623977 1.793558 -0.204042
v -0.272733 1.987129 -0.202264
v 0.630275 1.540499 -0.206081
v 0.599914 1.214892 -0.199006
v -0.042103 1.740682 -0.200157
v -0.174704 2.030468 -0.199377
v 0.009162 1.684762 -0.200224
v 0.291429 -0.635645 -0.204327
v 1.282374 1.184550 -0.200627
v -0.853600 1.651269 -0.204575
v -0.901482 1.633161 -0.200078
v 1.145566 1.215235 -0.200394
v 1.295588 0.468509 -0.204278
v 0.766166 0.995818 -0.197607
v 0.222054 1.982131 -0.204852
v -0.356039 2.050771 -0.198319
v 0.667828 -0.292274 -0.193494
v 0.141969 -0.487536 -0.190696
v 0.146959 1.977076 -0.199511
v 1.068598 0.367746 -0.209250
v -0.908377 1.524847 -0.194630
v 0.195490 -0.550531 -0.208268
v -0.472939 1.748900 -0.204655
v 0.628776 1.968538 -0.196704
v -0.921163 1.587316 -0.201695
v -0.162565 1.756992 -0.206381
v -0.637028 -0.335218 -0.209393
v -0.534855 1.643585 -0.205683
v -0.186979 -0.842956 -0.203889
v -0.229987 1.690116 -0.192174
v -1.339083 0.797918 -0.205298
v -1.460804 0.809095 -0.199465
v 0.126041 -0.819664 -0.199781
v -0.774784 1.534205 -0.194055
v 0.893861 0.970701 -0.198845
v 0.258853 -0.872790 -0.196842
v 0.908909 0.177405 -0.199050
v 0.874293 1.633273 -0.195291
v -0.580031 1.422319 -0.199692
v 1.347807 1.042944 -0.200644
v -0.343917 -0.358065 -0.192127
v 0.450460 1.611546 -0.199965
v 0.151175 -0.455035 -0.192346
v -0.158176 1.903829 -0.202835
v -1.397207 -0.153471 -0.200958
v -1.144533 1.201098 -0.203895
v -0.836210 -0.417147 -0.204391
v 1.063381 0.348007 -0.205942
v 0.190574 -0.460950 -0.192693
v -1.016957 1.394390 -0.197160
v 0.514440 -0.434734 -0.193692
v 0.211716 2.024323 -0.200312
v 0.933809 1.734402 -0.200442
v 0.336787 1.986902 -0.200067
v 0.687101 1.874322 -0.198114
v -1.426523 1.037573 -0.199654
v 0.474306 1.750831 -0.204007
v -0.844544 1.695272 -0.201654
v 1.387949 0.464322 -0.200524
v -0.986402 0.022883 -0.195265
v 0.286335 1.799071 -0.204748
v -1.152484 -0.270611 -0.201803
v 0.736457 -0.633616 -0.197459
v 0.559123 -0.479971 -0.195457
v 1.190989 0.104706 -0.205433
v -0.663225 1.602501 -0.191356
v -0.178499 -0.802951 -0.202095
v -0.514640 -0.485965 -0.208865
v -0.577238 -0.459278 -0.194514
v 1.041145 0.509180 -0.200128
v -0.290963 1.751101 -0.199042
v -0.495814 1.630061 -0.206511
v 0.120640 1.869517 -0.196566
v -0.080949 1.862131 -0.203532
v -0.182010 -0.490623 -0.208284
v 1.382780 0.970017 -0.200503
v 0.908427 -0.237824 -0.196104
v -1.173938 0.140180 -0.203723
v -0.344074 -0.614669 -0.194502
v -0.147058 1.690469 -0.200538
v -1.114186 0.684624 -0.193709
v 1.332894 1.116078 -0.201723
v 0.156986 1.761911 -0.200069
v 0.191643 -0.725142 -0.206128
v -1.013092 0.927814 -0.190862
v 0.811983 -0.391691 -0.195216
v -0.005172 1.938416 -0.203928
v 0.464442 1.306015 -0.199446
v -1.443583 0.374280 -0.200791
v -1.255333 0.943441 -0.197726
v -0.353535 -0.602877 -0.201379
v -0.092934 -0.658532 -0.200364
v 1.453571 0.220713 -0.198001
v 1.372109 0.359348 -0.199166
v -0.402571 1.453682 -0.209296
v 0.269062 -0.702657 -0.200567
v 0.138909 -0.722537 -0.206997
v -0.059451 -0.461046 -0.192586
v 0.039476 1.734867 -0.200412
v -0.442679 1.604706 -0.199776
v -0.180741 -0.527286 -0.199784
v -1.318440 0.968520 -0.202882
v -1.042892 1.584813 -0.198820
v 0.691961 1.738967 -0.200190
v 0.084863 -0.627934 -0.206707
v -0.360539 -0.829981 -0.200973
v -0.401093 -0.833063 -0.198661
v 1.161596 0.603952 -0.194633
v -0.217251 1.530290 -0.209775
v 0.274662 -0.440711 -0.195253
v -1.016130 0.803224 -0.208485
v 0.484339 -0.289116 -0.190575
v 0.890227 0.166943 -0.191274
v -0.701296 -0.511591 -0.205962
v -0.670318 -0.422667 -0.205500
v -0.588599 1.578535 -0.193751
v -0.178653 1.695773 -0.200273
v 1.180795 -0.250068 -0.195920
v -1.417750 -0.094807 -0.199484
v 0.558761 1.647574 -0.200763
v 0.022104 -0.734417 -0.199017
v 0.803179 1.113776 -0.200701
v 0.526541 1.651510 -0.205085
v 1.293702 1.060473 -0.203597
v 0.557319 -0.563699 -0.197129
v 0.849125 -0.625772 -0.200064
v -0.640974 1.273567 -0.211002
v 0.603688 1.940197 -0.198297
v 0.744117 -0.058296 -0.209937
v -0.590505 1.405674 -0.199409
v -0.880335 1.480034 -0.195808
v -0.681068 -0.330783 -0.201150
v 0.103643 -0.547626 -0.199784
v -1.060177 0.797221 -0.192325
v 0.878154 1.464892 -0.203474
v 0.129871 -0.881778 -0.201846
v 0.861393 -0.661424 -0.200672
v -0.279836 1.845083 -0.201884
v 0.042093 1.559417 -0.211048
v -0.208675 -0.362635 -0.198385
v 0.136192 1.538041 -0.200462
v 0.175422 1.945429 -0.200904
v 0.280430 -0.462724 -0.199507
v 0.492648 1.511758 -0.200715
v -0.398872 -0.341964 -0.189618
v 1.071536 1.568804 -0.199438
v 0.857136 1.639415 -0.202042
v 1.174080 -0.043934 -0.203478
v -0.793258 1.491547 -0.205558
v -0.379335 1.790569 -0.203962
v -0.287404 1.839073 -0.203097
v -1.277972 0.202119 -0.203510
v -0.630552 -0.494232 -0.205260
v -0.075912 -0.569000 -0.192465
v -0.076807 -0.567921 -0.200101
v -0.925680 1.315961 -0.202207
v 1.411586 -0.108399 -0.199060
v -1.110566 1.374593 -0.197250
v -1.305168 0.137205 -0.203086
v 0.296705 -0.503302 -0.189853
v -0.962029 -0.301736 -0.203995
v -0.535660 -0.676863 -0.195234
v -1.477250 0.450545 -0.198210
v 0.592814 -0.597561 -0.196872
v 0.491863 -0.376098 -0.193264
v 0.133053 1.597875 -0.209495
v -0.411468 -0.694581 -0.199728
v -0.723863 -0.232709 -0.208552
v 0.677422 -0.377221 -0.199891
v 1.389131 0.221153 -0.197878
v 0.130085 -0.370208 -0.190174
v -0.201547 -0.565304 -0.207131
v -0.756616 1.496134 -0.193297
v 0.044210 -0.382626 -0.199376
v 0.726696 -0.478423 -0.197181
v -0.490889 1.658240 -0.199678
v -0.401667 -0.416133 -0.208088
v 0.079468 1.723128 -0.206145
v 1.029813 1.289411 -0.197986
v -1.148141 0.205758 -0.204942
v -0.006012 1.661335 -0.192193
v -0.855019 1.378170 -0.193987
v -0.183476 -0.822959 -0.201289
v -0.000598 1.978756 -0.200664
v 1.071587 0.156643 -0.194279
v 0.906668 0.068385 -0.191571
v -0.070249 -0.468005 -0.191751
v 0.859429 -0.037799 -0.192497
v -1.468184 0.790493 -0.199283
v 0.809659 -0.354963 -0.206103
v 0.651593 -0.773935 -0.200325
v -0.422439 1.714115 -0.200208
v 0.050906 -0.545726 -0.199817
v 0.294872 -0.567697 -0.206765
v 0.966915 -0.401312 -0.199619
v -0.045612 1.806564 -0.193546
v -1.221046 1.125350 -0.204488
v -0.966516 0.053357 -0.202403
v -0.974502 1.089028 -0.206179
v 1.227179 0.158141 -0.202058
v 0.565022 -0.641834 -0.203745
v 0.207366 1.765540 -0.199342
v -0.821354 1.528445 -0.195181
v -0.694088 1.621200 -0.201589
v -1.157670 0.742960 -0.194142
v 0.881903 1.199368 -0.192471
v 0.257753 -0.693979 -0.206179
v -0.732350 -0.780805 -0.199833
v 1.319327 -0.123356 -0.198816
v -0.100086 1.934876 -0.203441
v -0.809834 -0.370746 -0.203314
v 0.595801 -0.767587 -0.200828
v -1.172150 0.695998 -0.192760
v -0.298407 -0.721498 -0.203227
v -0.390129 0.381634 0.189199
v -0.378918 0.382757 0.196202
v -0.367208 0.377457 0.201260
v -0.355767 0.372356 0.206410
v -0.344087 0.367226 0.210562
v -0.332518 0.362143 0.214643
v -0.320911 0.357745 0.218797
v -0.309192 0.352826 0.222718
v -0.297569 0.348526 0.225842
v -0.285998 0.344240 0.229170
v -0.274464 0.339841 0.232764
v -0.262216 0.335707 0.235706
v -0.250212 0.331856 0.238266
v -0.237994 0.328263 0.240495
v -0.226100 0.324795 0.242663
v -0.213651 0.322080 0.244509
v -0.201256 0.320181 0.245883
v -0.189067 0.318752 0.246763
v -0.176892 0.317679 0.247375
v -0.165144 0.317684 0.247887
v -0.153538 0.317664 0.248436
v -0.142093 0.317973 0.248875
v -0.131381 0.318681 0.249207
v -0.120806 0.319157 0.249631
v -0.110567 0.319713 0.250085
v -0.100388 0.319845 0.250645
v -0.090315 0.319729 0.249918
v -0.080119 0.319623 0.250020
v -0.070095 0.319496 0.250120
v -0.059900 0.319522 0.250243
v -0.050035 0.319348 0.250051
v -0.039823 0.319316 0.250002
v -0.030057 0.319288 0.250000
v -0.019880 0.319423 0.250000
v -0.010105 0.319365 0.250000
v 0.000105 0.319399 0.250000
v 0.009910 0.319257 0.250000
v 0.020024 0.319316 0.250000
v 0.029845 0.319423 0.250000
v 0.039941 0.319233 0.250000
v 0.049821 0.319282 0.250000
v 0.060027 0.319381 0.250000
v 0.069767 0.319311 0.250000
v 0.079957 0.319423 0.250000
v 0.089749 0.319332 0.250000
v 0.099923 0.319431 0.250000
v 0.109888 0.319334 0.250001
v 0.119911 0.319303 0.250008
v 0.129696 0.319331 0.249991
v 0.139861 0.319315 0.250160
v 0.149792 0.319158 0.250433
v 0.160186 0.319094 0.250348
v 0.170503 0.318982 0.250178
v 0.181221 0.318926 0.249967
v 0.192060 0.318693 0.249803
v 0.203404 0.318945 0.249367
v 0.215018 0.319464 0.248936
v 0.226753 0.320805 0.248153
v 0.238301 0.322910 0.246967
v 0.249680 0.325194 0.245235
v 0.261099 0.328286 0.243418
v 0.272194 0.331773 0.240812
v 0.283070 0.336131 0.237553
v 0.293609 0.340261 0.233846
v 0.304198 0.344421 0.229387
v 0.314179 0.349270 0.224568
v 0.323874 0.354046 0.218522
v 0.332187 0.359209 0.211269
v 0.340472 0.364114 0.203998
v 0.348656 0.368792 0.196627
v 0.356847 0.369939 0.188612
v -0.005100 0.590308 0.250000
v 0.133388 0.489987 0.248352
v -0.137473 0.487376 0.244764
v 0.098025 0.705912 0.239735
v -0.099944 0.708847 0.239979
v 0.002166 0.454798 0.250000
v -0.159017 0.605671 0.231621
v 0.105116 0.596484 0.249454
v -0.001452 0.690235 0.249998
v 0.214799 0.426277 0.226403
v -0.222893 0.423419 0.219217
v 0.194275 0.565621 0.225644
v 0.084764 0.411343 0.250000
v 0.179321 0.651271 0.221015
v -0.080852 0.412383 0.249836
v 0.036013 0.771586 0.249975
v 0.053333 0.525557 0.250000
v -0.216027 0.529958 0.217364
v -0.085268 0.556794 0.249768
v 0.155623 0.776298 0.215940
v -0.159701 0.776701 0.213755
v -0.048532 0.776404 0.246036
v -0.180896 0.685296 0.218394
v -0.070609 0.635152 0.249998
v -0.064609 0.483096 0.250030
v 0.056274 0.648380 0.249879
v 0.204996 0.496441 0.225186
v -0.150580 0.418181 0.240439
v -0.016097 0.388310 0.250000
v 0.148796 0.426287 0.245912
v -0.010423 0.518033 0.250000
v 0.163431 0.713057 0.218552
v -0.224711 0.593423 0.208308
v -0.154350 0.544574 0.234913
v 0.060808 0.466056 0.250000
v 0.268338 0.386365 0.211921
v -0.126874 0.654643 0.238864
v -0.279471 0.387569 0.209545
v 0.093631 0.798475 0.237746
v -0.254958 0.478630 0.210272
v -0.193615 0.473302 0.228612
v 0.174820 0.375837 0.243608
v 0.262978 0.463646 0.205018
v 0.107806 0.540353 0.249873
v 0.112386 0.651886 0.241390
v 0.050566 0.581650 0.250000
v -0.190863 0.374581 0.232627
v 0.228368 0.615280 0.220302
v 0.250637 0.534109 0.205591
v -0.126490 0.371864 0.248678
v -0.102392 0.762282 0.233044
v 0.031884 0.411043 0.250000
v -0.220853 0.647531 0.207166
v -0.118846 0.810429 0.224501
v -0.046339 0.721907 0.249222
v -0.018758 0.640794 0.250000
v 0.048226 0.697796 0.249775
v -0.202258 0.737811 0.204577
v 0.114693 0.370120 0.250010
v 0.204111 0.751733 0.200101
v -0.004890 0.807978 0.249824
v 0.215589 0.692645 0.202311
v -0.149941 0.721584 0.223395
v -0.279942 0.436537 0.197009
v -0.007599 0.750829 0.249807
v 0.054892 0.368054 0.250000
v -0.064970 0.367271 0.249949
v 0.159324 0.602214 0.239047
v 0.166935 0.524536 0.236484
v -0.037542 0.429943 0.250000
v -0.112267 0.447189 0.248613
v 0.223204 0.367451 0.233021
v -0.110938 0.610252 0.246242
v 0.105245 0.452876 0.249961
v 0.109641 0.753549 0.233899
v 0.190543 0.815832 0.199190
v 0.050168 0.815227 0.249487
v -0.064656 0.680247 0.249372
v -0.194457 0.816321 0.198101
v 0.136107 0.818507 0.221040
v 0.244278 0.579620 0.201983
v 0.017618 0.552082 0.250000
v 0.089565 0.499783 0.250021
v -0.066411 0.817533 0.240852
v 0.025503 0.491968 0.250000
v -0.114762 0.524673 0.246646
v -0.038085 0.556582 0.250000
v -0.259387 0.551503 0.199787
v 0.168596 0.466241 0.236879
v -0.047308 0.598756 0.250000
v 0.020869 0.624484 0.250000
v -0.223827 0.700414 0.204047
v 0.223538 0.650833 0.204178
v -0.176274 0.643927 0.223562
v 0.066428 0.737987 0.247085
v -0.177649 0.511002 0.234014
v -0.192854 0.564363 0.221472
v 0.135529 0.569545 0.248344
v -0.235702 0.362531 0.218738
v -0.062065 0.523629 0.249813
v -0.123197 0.571434 0.243908
v 0.018933 0.722993 0.250047
v 0.132428 0.686256 0.231654
v -0.213681 0.777361 0.195713
v 0.283417 0.426677 0.197655
v 0.014264 0.360548 0.250000
v -0.320500 0.377990 0.190355
v 0.303446 0.366042 0.203777
v -0.100949 0.482091 0.249218
v -0.069469 0.446950 0.249980
v -0.025699 0.482280 0.250000
v -0.273046 0.514894 0.199597
v 0.027043 0.668977 0.249995
v 0.071279 0.613639 0.249998
v 0.077214 0.677293 0.245858
v 0.074716 0.554772 0.250000
v -0.024849 0.354165 0.250000
v 0.204435 0.460405 0.226432
v 0.203437 0.531335 0.223583
v -0.144520 0.686992 0.231694
v 0.275794 0.504220 0.197245
v -0.313601 0.407552 0.193703
v -0.003957 0.420689 0.250000
v -0.116562 0.406623 0.246793
v -0.146598 0.453316 0.242207
v -0.187312 0.410457 0.231012
v -0.049246 0.397660 0.250000
v -0.194417 0.613557 0.218819
v -0.078346 0.736669 0.242374
v 0.145210 0.634985 0.235014
v -0.249863 0.620991 0.197887
v 0.259259 0.355865 0.227170
v -0.156148 0.810120 0.211749
v 0.249334 0.429571 0.213117
v -0.098946 0.674410 0.245255
v 0.079737 0.768820 0.242773
v 0.181506 0.411731 0.238457
v 0.120021 0.405492 0.250084
v 0.234249 0.480357 0.214309
v 0.137697 0.457680 0.247798
v 0.298608 0.396921 0.193326
v 0.128634 0.724513 0.229246
v -0.089131 0.792370 0.234648
v 0.234277 0.398933 0.222873
v -0.261526 0.586155 0.195956
v -0.079167 0.603893 0.249767
v 0.080067 0.828236 0.242951
v -0.034053 0.691530 0.250007
v -0.222947 0.496623 0.218413
v 0.190385 0.618447 0.224534
v -0.158517 0.352539 0.243198
v -0.156363 0.385663 0.239837
v -0.285628 0.481254 0.190922
v 0.124436 0.788674 0.226800
v 0.168802 0.745547 0.213558
v 0.180508 0.684266 0.216024
v 0.034413 0.444696 0.250000
v -0.226394 0.560159 0.210352
v 0.143379 0.383750 0.247398
v 0.144907 0.351423 0.249301
v -0.256087 0.411469 0.209416
v -0.271803 0.357554 0.207517
v -0.135399 0.750675 0.226128
v -0.178997 0.443004 0.232935
v -0.246581 0.447094 0.208797
v -0.220441 0.391161 0.223046
v 0.138886 0.538942 0.244304
v -0.014298 0.719678 0.249975
v 0.023213 0.522203 0.250000
v -0.036387 0.805738 0.246577
v -0.046612 0.654859 0.250000
v 0.058093 0.425841 0.250000
v -0.147004 0.516109 0.241778
v -0.161956 0.574833 0.231184
v 0.231594 0.724497 0.192882
v 0.197067 0.719328 0.206014
v -0.094123 0.382384 0.249595
v -0.101351 0.351211 0.248486
v 0.084553 0.379539 0.249999
v 0.084853 0.349406 0.250000
v 0.059757 0.496271 0.250000
v 0.165178 0.554861 0.236925
v 0.201463 0.389449 0.235224
v 0.166594 0.836431 0.206923
v 0.226724 0.553653 0.212911
v 0.189141 0.781725 0.202840
v -0.147390 0.632554 0.234807
v -0.098394 0.644998 0.247173
v 0.020269 0.828592 0.250398
v 0.023557 0.798756 0.250234
v 0.163752 0.494892 0.242870
v 0.253038 0.624884 0.198202
v 0.196132 0.350299 0.243379
v -0.202612 0.346656 0.233831
v -0.023097 0.831967 0.250087
v 0.057300 0.396920 0.250000
v -0.244231 0.669372 0.195319
v 0.293557 0.456036 0.193138
v 0.188812 0.591964 0.237034
v -0.232328 0.750160 0.192485
v 0.001455 0.779154 0.250362
v -0.083386 0.504735 0.250076
v -0.215530 0.452753 0.220533
v 0.046249 0.553084 0.250000
v -0.211118 0.674735 0.204382
v 0.082504 0.527428 0.249999
v 0.151654 0.663658 0.228437
v -0.164325 0.476598 0.237676
v 0.216211 0.588683 0.216989
v 0.221484 0.780964 0.190702
v 0.250197 0.607881 0.201071
v 0.084933 0.640126 0.248832
v -0.067065 0.578567 0.249998
v 0.078713 0.586253 0.249993
v 0.106940 0.568565 0.249619
v 0.115408 0.512567 0.249241
v 0.024163 0.594889 0.250000
v 0.117842 0.622905 0.244357
v -0.042866 0.458676 0.250000
v 0.201401 0.847022 0.191793
v -0.043672 0.626632 0.249997
v -0.095126 0.830901 0.233251
v -0.009680 0.561891 0.250000
v 0.107704 0.823098 0.232405
v 0.173826 0.438885 0.238295
v -0.185696 0.761338 0.207193
v -0.194848 0.710515 0.211776
v 0.244934 0.673887 0.193368
v 0.139152 0.751964 0.223775
v -0.182694 0.537930 0.226836
v 0.275805 0.553842 0.194691
v -0.037503 0.508308 0.250000
v 0.058942 0.788217 0.247076
v -0.140875 0.833602 0.216089
v -0.242730 0.518577 0.209704
v -0.052958 0.748893 0.247366
v -0.071226 0.708028 0.246292
v -0.097161 0.582322 0.249009
v 0.104796 0.679846 0.240185
v 0.082350 0.438484 0.250002
v 0.231133 0.450658 0.218109
v -0.154257 0.661766 0.228959
v 0.007799 0.648884 0.250000
v -0.109265 0.735551 0.234977
v -0.075121 0.769118 0.240398
v -0.128171 0.777997 0.223358
v 0.031075 0.382806 0.250000
v 0.232807 0.508753 0.213870
v 0.131949 0.600184 0.245248
v -0.023073 0.609839 0.250000
v -0.131415 0.345222 0.246783
v 0.008956 0.397393 0.250000
v -0.018516 0.668671 0.249999
v -0.171891 0.835212 0.204460
v -0.310371 0.434016 0.186611
v -0.298978 0.458851 0.185619
v -0.088818 0.530513 0.249618
v 0.201995 0.667380 0.210475
v -0.001229 0.492951 0.250000
v 0.019524 0.750215 0.249754
v 0.047009 0.623718 0.250004
v -0.248964 0.386041 0.215992
v 0.124362 0.435112 0.249759
v -0.228570 0.724770 0.197444
v -0.221596 0.621469 0.208684
v 0.119891 0.344895 0.250050
v -0.213592 0.841254 0.189073
v 0.044947 0.344479 0.250000
v 0.161543 0.804914 0.211533
v 0.232521 0.753477 0.189390
v -0.076398 0.344363 0.249447
v -0.049925 0.345657 0.249988
v 0.071262 0.711830 0.246239
v 0.022792 0.697829 0.249981
v 0.051780 0.673074 0.249853
v -0.023675 0.783090 0.249163
v 0.170289 0.344684 0.247616
v -0.284890 0.412110 0.199912
v -0.040719 0.374037 0.250000
v 0.044876 0.723501 0.249829
v -0.249136 0.645749 0.197256
v 0.244455 0.699943 0.190799
v 0.107789 0.479892 0.249903
v 0.250873 0.649123 0.192181
v -0.197625 0.588954 0.218180
v 0.160435 0.578053 0.244325
v -0.223349 0.805968 0.189310
v 0.140282 0.513671 0.244873
v 0.083609 0.475891 0.249994
v -0.161713 0.745685 0.216919
v 0.217494 0.810786 0.189346
v -0.077557 0.659078 0.249146
v -0.164708 0.703258 0.223020
v -0.126966 0.706018 0.233397
v 0.235274 0.344907 0.235778
v -0.028843 0.739029 0.249898
v 0.044017 0.747877 0.250017
v -0.141060 0.587982 0.236261
v -0.268148 0.461355 0.198950
v -0.031104 0.532425 0.250000
v 0.245780 0.377174 0.223453
v 0.023795 0.467066 0.250000
v 0.104381 0.729492 0.236715
v -0.177343 0.796096 0.205827
v -0.177604 0.727465 0.214704
v -0.109736 0.549774 0.246421
v 0.284948 0.480258 0.195384
v 0.187898 0.511925 0.231927
v 0.094341 0.618380 0.248717
v -0.135524 0.611153 0.239448
v -0.118786 0.632083 0.242487
v -0.027558 0.579208 0.250000
v -0.061749 0.548727 0.250000
v 0.102779 0.777087 0.235051
v -0.071724 0.390911 0.250001
v 0.044921 0.838120 0.249157
v -0.090839 0.459535 0.249851
v -0.060554 0.425059 0.250016
v -0.021178 0.447881 0.250000
v -0.028275 0.408257 0.250000
v -0.101038 0.425799 0.248301
v -0.126375 0.466221 0.247236
v -0.132355 0.434092 0.245122
v 0.270767 0.577539 0.193175
v 0.275709 0.528897 0.195971
v -0.202444 0.509455 0.225050
v 0.158044 0.403484 0.245083
v 0.000144 0.613154 0.250000
v -0.049196 0.836169 0.247471
v 0.256637 0.406558 0.212667
v 0.104796 0.422785 0.250015
v 0.166073 0.623442 0.230165
v -0.200971 0.433902 0.226009
v -0.197540 0.655893 0.214276
v -0.283499 0.539610 0.191960
v -0.280555 0.567580 0.191032
v -0.090634 0.623860 0.248773
v 0.320466 0.354647 0.197259
v 0.072151 0.806927 0.245685
v -0.344588 0.370132 0.190448
v 0.017601 0.429003 0.250000
v -0.122726 0.677275 0.240404
v 0.156353 0.690359 0.223558
v 0.201193 0.639194 0.215069
v 0.124748 0.839526 0.225327
v 0.031246 0.645598 0.250000
v -0.106035 0.503964 0.247970
v -0.249311 0.344961 0.220702
v 0.282992 0.350133 0.215252
v -0.308356 0.359041 0.201034
v -0.292644 0.372711 0.198371
v 0.087106 0.747513 0.241295
v -0.001973 0.539801 0.250000
v 0.012365 0.574854 0.250000
v 0.184925 0.544689 0.229347
v 0.305761 0.418564 0.187797
v -0.027054 0.761112 0.250113
v 0.251130 0.558415 0.203377
v -0.057425 0.796825 0.242990
v -0.073946 0.838547 0.242063
v 0.150376 0.476236 0.245031
v 0.189674 0.477368 0.229766
v -0.132421 0.551169 0.240900
v 0.104299 0.389757 0.249998
v -0.240113 0.691074 0.186968
v 0.040896 0.507517 0.250000
v 0.044345 0.480460 0.250000
v 0.226850 0.529845 0.215220
v -0.003026 0.343495 0.250000
v -0.237121 0.541221 0.208541
v -0.234702 0.465648 0.214154
v -0.158726 0.498112 0.239849
v 0.057556 0.766390 0.247966
v -0.000698 0.838151 0.250100
v 0.091910 0.660723 0.244648
v -0.138037 0.399890 0.242804
v -0.086279 0.692361 0.245065
v -0.117801 0.831805 0.224955
v 0.193646 0.430067 0.232943
v -0.213698 0.370526 0.226460
v 0.005761 0.670131 0.250000
v -0.336039 0.396505 0.195284
v 0.044447 0.602364 0.250000
v 0.209377 0.603321 0.230745
v -0.201262 0.634599 0.215532
v -0.061125 0.614589 0.249867
v 0.322757 0.378264 0.193866
v 0.273211 0.445063 0.202030
v 0.278957 0.405116 0.202645
v 0.277163 0.369125 0.219486
v -0.238145 0.773065 0.187766
v -0.128703 0.727023 0.229382
v -0.294148 0.501369 0.196891
v -0.245817 0.497644 0.211002
v 0.155823 0.449199 0.242461
v -0.245514 0.707939 0.194341
v 0.251825 0.497452 0.206784
v -0.166911 0.625230 0.228822
v -0.177321 0.664398 0.220153
v 0.023464 0.340754 0.250000
v 0.149259 0.733735 0.221478
v -0.126879 0.507934 0.245460
v 0.230206 0.630436 0.205054
v 0.001927 0.377418 0.250000
v -0.207151 0.548554 0.217848
v -0.172278 0.556522 0.228730
v -0.202908 0.691588 0.210245
v 0.034830 0.362471 0.250000
v -0.181144 0.490423 0.232463
v -0.164555 0.526629 0.233895
v -0.058066 0.502985 0.250014
v -0.053594 0.697539 0.249520
v -0.225436 0.340415 0.229264
v -0.178888 0.599029 0.224530
v -0.120835 0.591918 0.244036
v -0.179362 0.339375 0.240974
v 0.063078 0.445692 0.250000
v 0.145012 0.836875 0.216068
v 0.065688 0.340286 0.250000
v -0.268715 0.608020 0.190767
v 0.031350 0.567312 0.250000
v 0.120929 0.583532 0.248451
v 0.121677 0.554912 0.249172
v 0.291607 0.380782 0.206231
v -0.215295 0.473128 0.221804
v -0.303225 0.390849 0.203240
v -0.201861 0.796290 0.197614
v -0.208357 0.757117 0.199897
v -0.274198 0.490559 0.204276
v -0.107318 0.781763 0.229712
v -0.136541 0.797738 0.219249
v 0.296211 0.516088 0.188456
v 0.104560 0.842572 0.234581
v -0.047316 0.579036 0.250000
v 0.129550 0.664773 0.235008
v -0.213970 0.575937 0.213422
v -0.084491 0.362659 0.249319
v -0.177220 0.391948 0.234667
v 0.083839 0.727428 0.242551
v -0.014073 0.466146 0.250000
v -0.045214 0.478440 0.250000
v -0.019129 0.500657 0.250000
v 0.141208 0.706714 0.226645
v 0.119404 0.705259 0.233671
v -0.247640 0.568593 0.202326
v -0.037767 0.672217 0.249992
v 0.304707 0.438548 0.186742
v 0.223162 0.671156 0.201984
v -0.108978 0.691172 0.240607
v 0.134897 0.771351 0.223977
v 0.194539 0.370452 0.240052
v 0.266755 0.597575 0.189952
v -0.293888 0.522436 0.191445
v -0.262461 0.531471 0.200964
v 0.073115 0.510222 0.250000
v 0.160988 0.362347 0.247247
v 0.005528 0.736865 0.249700
v 0.006214 0.708118 0.250019
v 0.032235 0.539452 0.250000
v 0.064785 0.841545 0.245990
v -0.170243 0.369015 0.238470
v -0.086280 0.812336 0.235166
v 0.005381 0.474284 0.250000
v 0.139254 0.408974 0.249021
v 0.176448 0.571386 0.234416
v -0.082433 0.432096 0.249924
v 0.007609 0.510447 0.250000
v 0.072965 0.658278 0.248111
v 0.119439 0.807640 0.228175
v -0.256775 0.369677 0.211682
v 0.136409 0.618192 0.239964
v 0.064491 0.631281 0.249951
v -0.138931 0.533039 0.240139
v 0.144553 0.792905 0.219020
v -0.237433 0.402211 0.216765
v 0.062618 0.596435 0.250000
v 0.210455 0.622250 0.216535
v 0.212905 0.514673 0.222324
v 0.201572 0.409942 0.232566
v -0.142964 0.568471 0.237720
v 0.086607 0.456979 0.249985
v -0.266481 0.633911 0.192902
v 0.215710 0.350016 0.239168
v 0.301849 0.493845 0.188140
v 0.125574 0.472450 0.248858
v 0.041778 0.461925 0.250000
v -0.159260 0.436599 0.238528
v 0.040283 0.790171 0.249692
v 0.184823 0.760314 0.206396
v 0.178239 0.727987 0.211835
v 0.103391 0.635309 0.246276
v -0.345060 0.387218 0.180841
v -0.246189 0.600433 0.199952
v 0.266740 0.620541 0.195399
v -0.174438 0.424779 0.234333
v 0.225223 0.572923 0.211491
v -0.243575 0.427194 0.211636
v -0.001544 0.632188 0.250000
v 0.103256 0.354587 0.249998
v -0.195836 0.452332 0.227556
v 0.195111 0.699138 0.208998
v -0.061041 0.464120 0.250000
v -0.051852 0.441242 0.249996
v -0.181048 0.578940 0.224517
v -0.082655 0.476837 0.250109
v -0.119433 0.483157 0.247665
v 0.216835 0.834363 0.187263
v -0.021780 0.548309 0.250000
v 0.303472 0.348125 0.209955
v 0.067044 0.537775 0.250000
v 0.094039 0.553905 0.249978
v 0.066499 0.571748 0.250000
v -0.208638 0.408291 0.224860
v -0.200132 0.391236 0.228684
v 0.100439 0.523460 0.249873
v 0.184752 0.455514 0.233397
v -0.185673 0.357025 0.236314
v -0.108225 0.465069 0.249417
v 0.160088 0.647212 0.228251
v 0.130362 0.646492 0.237435
v -0.203648 0.490292 0.225081
v -0.192295 0.779317 0.202752
v 0.234465 0.594782 0.206674
v -0.192910 0.835205 0.196907
v -0.161362 0.402839 0.237915
v -0.246704 0.734782 0.189404
v 0.088956 0.571308 0.249950
v 0.166331 0.421882 0.241707
v 0.174060 0.394335 0.241585
v 0.087913 0.601717 0.249968
v -0.138583 0.669652 0.234794
v -0.123632 0.389463 0.246380
v -0.098387 0.408115 0.249168
v 0.124547 0.386682 0.249642
v -0.014819 0.369890 0.250000
v 0.037352 0.683522 0.249966
v 0.081611 0.695763 0.244399
v 0.062585 0.687207 0.248757
v 0.098327 0.337231 0.250000
v -0.165305 0.457091 0.237198
v 0.213067 0.478982 0.221883
v 0.212886 0.444594 0.225122
v 0.077591 0.787248 0.241149
v -0.162569 0.685653 0.225773
v -0.146311 0.705218 0.229825
v 0.017299 0.768756 0.250001
v 0.129171 0.360015 0.249803
v 0.122972 0.529729 0.248482
v 0.069126 0.357460 0.250000
v 0.031646 0.735207 0.249941
v 0.146920 0.589795 0.244695
v 0.203393 0.549888 0.222192
v -0.033087 0.337669 0.250000
v 0.257656 0.516835 0.203646
v 0.317047 0.394270 0.189187
v 0.266286 0.486269 0.202082
v -0.101198 0.565005 0.249559
v 0.154690 0.821659 0.213122
v 0.186674 0.494562 0.232843
v -0.160933 0.334553 0.244899
v -0.141106 0.360352 0.245549
v -0.064183 0.406757 0.250002
v -0.208847 0.603010 0.213597
v -0.094569 0.746408 0.238871
v -0.060532 0.732758 0.246265
v -0.085085 0.719710 0.242513
v -0.220291 0.514057 0.218346
v -0.046189 0.541112 0.249998
v -0.196921 0.526049 0.223978
v -0.302201 0.478010 0.181463
v -0.005702 0.438737 0.250000
v -0.011159 0.405009 0.250000
v -0.021084 0.424046 0.250000
v 0.171347 0.788948 0.208988
v 0.212513 0.733232 0.198929
v -0.333544 0.413997 0.185537
v -0.143316 0.470686 0.243323
v -0.282260 0.586097 0.188934
v 0.119495 0.739424 0.231362
v -0.081364 0.675782 0.247933
v 0.199846 0.799518 0.197134
v 0.293674 0.538825 0.188424
v 0.240273 0.361263 0.230034
v 0.304244 0.473358 0.188379
v -0.130860 0.416673 0.243453
v -0.109249 0.660070 0.243308
v 0.181232 0.633658 0.223326
v 0.175476 0.609360 0.232580
v -0.032962 0.391695 0.250000
v -0.044483 0.414173 0.250000
v -0.056874 0.382311 0.250005
v 0.216194 0.400005 0.229079
v -0.286213 0.350329 0.212915
v -0.017316 0.700864 0.249969
v -0.030889 0.712683 0.249258
v 0.041325 0.659373 0.249984
v 0.146635 0.555976 0.243415
v -0.184298 0.743981 0.209584
v 0.172955 0.820165 0.205765
v 0.085077 0.844604 0.242259
v 0.024746 0.845030 0.249911
v 0.181658 0.851473 0.198870
v 0.206679 0.335262 0.244747
v 0.018627 0.450761 0.250000
v 0.034534 0.427860 0.250000
v 0.253678 0.339691 0.232775
v 0.035444 0.709290 0.249520
v -0.192976 0.672476 0.212527
v -0.260351 0.435522 0.204532
v -0.012718 0.770076 0.249680
v -0.184579 0.627613 0.222124
v -0.175056 0.812961 0.205056
v -0.137726 0.815795 0.217766
v -0.157999 0.793189 0.212499
v -0.095238 0.335317 0.247834
v -0.114124 0.337732 0.247508
v 0.222180 0.464747 0.219917
v 0.187050 0.833304 0.198884
v 0.265526 0.423067 0.206715
v 0.255775 0.446618 0.209096
v 0.231869 0.432691 0.219551
v -0.056993 0.565035 0.250000
v 0.116510 0.495196 0.249146
v 0.141378 0.441395 0.247475
v -0.078263 0.752776 0.241020
v -0.096302 0.441849 0.249491
v -0.231497 0.481822 0.216743
v 0.164917 0.675400 0.222517
v -0.121115 0.761471 0.227817
v -0.151961 0.760341 0.218908
v -0.143768 0.736888 0.223672
v -0.209243 0.721976 0.204926
v 0.100902 0.406341 0.249990
v 0.223855 0.493273 0.217491
v -0.232475 0.578183 0.206792
v -0.105691 0.798508 0.229275
v -0.223209 0.686669 0.196022
v 0.069607 0.754713 0.246151
v -0.005489 0.658383 0.250000
v -0.106500 0.393617 0.248555
v -0.091489 0.774583 0.235120
v -0.071782 0.786134 0.239837
v 0.015327 0.412567 0.250000
v -0.048371 0.818954 0.244781
v -0.139449 0.381763 0.243775
v -0.213677 0.822118 0.190933
v -0.107245 0.368689 0.249375
v 0.122051 0.451682 0.249688
v 0.065013 0.822044 0.247455
v 0.087154 0.813311 0.240478
v -0.263039 0.664264 0.189883
v 0.036172 0.824107 0.249996
v 0.004683 0.821865 0.250804
v 0.244112 0.465334 0.212020
v 0.251045 0.717880 0.186435
v 0.246395 0.737319 0.186080
v 0.226977 0.707082 0.196466
v 0.238018 0.771594 0.185402
v 0.241601 0.414231 0.217840
v 0.229862 0.382544 0.227459
v 0.186165 0.335544 0.247284
v 0.186296 0.528168 0.229837
v -0.073023 0.536342 0.249980
v -0.232748 0.635649 0.204110
v 0.013823 0.684278 0.249998
v 0.094999 0.762308 0.238445
v 0.265595 0.635592 0.188695
v 0.154312 0.336165 0.249525
v 0.135438 0.336366 0.250064
v 0.143703 0.367576 0.248841
v -0.270439 0.401236 0.207080
v -0.315503 0.451513 0.181012
v -0.119310 0.357556 0.247322
v -0.270707 0.422201 0.202684
v 0.232770 0.686192 0.196705
v 0.033557 0.614557 0.249999
v 0.231627 0.798685 0.185177
v -0.229977 0.439339 0.215620
v -0.251381 0.463071 0.206765
v 0.184149 0.667617 0.216915
v 0.171665 0.698343 0.217420
v 0.066558 0.381684 0.250000
v 0.077265 0.395508 0.250000
v -0.063686 0.598500 0.250095
v -0.094700 0.608200 0.249347
v -0.112648 0.719566 0.234994
v -0.016522 0.684713 0.250000
v -0.045032 0.523303 0.249993
v 0.167124 0.763258 0.212689
v -0.116367 0.431359 0.247185
v -0.015128 0.845899 0.249308
v 0.158651 0.378430 0.246358
v -0.010253 0.735013 0.249931
v -0.217310 0.354663 0.227305
v 0.271595 0.340513 0.226361
v 0.257700 0.686762 0.187458
v 0.259487 0.663792 0.187650
v 0.181589 0.360124 0.244424
v -0.232326 0.378243 0.220832
v -0.095208 0.515678 0.249512
v 0.098145 0.370409 0.249986
v -0.300033 0.493942 0.188171
v -0.109059 0.845609 0.228166
v 0.173367 0.482737 0.236832
v -0.228931 0.833560 0.184500
v -0.130649 0.450529 0.245876
v -0.073007 0.802195 0.238984
v -0.123452 0.537853 0.243633
v -0.086800 0.396953 0.249709
v -0.183262 0.848633 0.198900
v -0.177954 0.467645 0.233525
v 0.037840 0.805718 0.250428
v 0.197659 0.683250 0.210014
v 0.109327 0.795023 0.231869
v -0.063027 0.650450 0.249963
v -0.015948 0.624594 0.250000
v 0.150421 0.527024 0.241479
v -0.234661 0.612352 0.203749
v 0.098470 0.467175 0.249856
v 0.068096 0.409877 0.250000
v 0.075204 0.424240 0.250000
v -0.156039 0.844752 0.209627
v -0.128443 0.844912 0.220488
v -0.019963 0.799911 0.248841
v -0.019193 0.816025 0.248906
v -0.042513 0.791102 0.246194
v 0.067711 0.481316 0.250000
v -0.030750 0.657769 0.250000
v -0.035895 0.641736 0.249998
v 0.328685 0.362624 0.183839
v -0.058302 0.665680 0.249959
v 0.156070 0.849396 0.209393
v 0.194637 0.735943 0.205149
v 0.286233 0.569482 0.189656
v 0.211610 0.864132 0.186020
v 0.248909 0.392603 0.218263
v 0.118661 0.773767 0.229732
v -0.105475 0.595286 0.247871
v -0.037940 0.492430 0.250000
v -0.228112 0.788605 0.189552
v -0.075602 0.620408 0.249665
v -0.077342 0.376441 0.250036
v 0.200796 0.768954 0.199648
v 0.003083 0.525334 0.250000
v -0.035859 0.845831 0.247728
v -0.031225 0.595520 0.250000
v 0.006157 0.757975 0.250307
v 0.202047 0.589806 0.226964
v -0.274746 0.372337 0.205389
v 0.015017 0.536143 0.250000
v -0.002111 0.359703 0.250000
v 0.161096 0.539190 0.237920
v -0.120878 0.791316 0.224795
v -0.102737 0.816469 0.229970
v 0.024807 0.782847 0.249992
v -0.164968 0.590664 0.229341
v -0.156670 0.560050 0.233653
v -0.017010 0.335362 0.250000
v -0.270893 0.476710 0.199626
v 0.209028 0.573531 0.219181
v -0.055305 0.637007 0.250021
v 0.038310 0.522562 0.250000
v 0.025588 0.507256 0.250000
v 0.313959 0.405212 0.182781
v -0.268452 0.344753 0.219810
v 0.180783 0.712232 0.212615
v 0.082717 0.364366 0.250000
v 0.083491 0.334218 0.250000
v 0.048942 0.438736 0.250000
v 0.048750 0.411589 0.250000
v 0.098788 0.437997 0.249990
v -0.088781 0.845290 0.235396
v 0.015851 0.608816 0.250000
v -0.081351 0.587424 0.249954
v -0.085287 0.572333 0.249719
v 0.128585 0.504301 0.247880
v 0.260229 0.370261 0.221549
v -0.143715 0.784532 0.217893
v -0.141248 0.502118 0.243281
v -0.254761 0.681437 0.186748
v -0.153608 0.370426 0.242391
v 0.075114 0.495106 0.250000
v 0.058110 0.511229 0.250000
v -0.076012 0.463238 0.249977
v 0.099907 0.582159 0.249734
v 0.119804 0.420627 0.249923
v -0.325800 0.365949 0.194427
v -0.133007 0.639566 0.237929
v -0.149904 0.618009 0.234901
v -0.161410 0.639102 0.229298
v -0.062708 0.335514 0.249658
v 0.237464 0.542585 0.209972
v 0.216259 0.541249 0.218032
v 0.078711 0.626606 0.249824
v 0.024891 0.813885 0.250546
v 0.006722 0.795421 0.249893
v -0.015965 0.534298 0.250000
v 0.147403 0.498731 0.245063
v 0.158922 0.509869 0.240247
v -0.161615 0.512177 0.237160
v 0.209233 0.375569 0.235340
v 0.188975 0.397911 0.237630
v -0.040121 0.358259 0.249998
v -0.267900 0.648910 0.190175
v -0.028135 0.461113 0.250000
v -0.010009 0.788694 0.249911
v 0.090108 0.425355 0.250000
v 0.196817 0.445619 0.230422
v -0.168813 0.764269 0.212668
v -0.141850 0.652256 0.234139
v 0.015843 0.383803 0.250000
v -0.064270 0.758738 0.244118
v -0.049428 0.682631 0.249894
v -0.293306 0.426667 0.194010
v -0.010659 0.480979 0.250000
v 0.134420 0.422913 0.249271
v 0.034628 0.582991 0.250000
v 0.009977 0.589781 0.250000
v 0.222701 0.601683 0.220380
v 0.040560 0.396599 0.250000
v 0.047196 0.382199 0.250000
v -0.093467 0.659795 0.247341
v -0.085311 0.637928 0.249868
v 0.107716 0.611339 0.247609
v 0.174616 0.584527 0.240445
v -0.236346 0.655505 0.200630
v -0.221353 0.662723 0.204709
v 0.338350 0.353283 0.193895
v -0.364966 0.371354 0.189705
v -0.072048 0.564342 0.249969
v 0.195375 0.861356 0.192182
v 0.289460 0.440750 0.194665
v 0.278040 0.460165 0.199261
v 0.310200 0.453364 0.186544
v -0.200397 0.362368 0.231392
v -0.223611 0.764215 0.193808
v -0.124550 0.691583 0.237399
v 0.191339 0.605485 0.231891
v 0.124219 0.759675 0.228530
v 0.239941 0.620725 0.209040
v 0.269872 0.623064 0.193558
v -0.080557 0.825879 0.237596
v 0.217518 0.763094 0.193982
v -0.327922 0.428414 0.182096
v 0.150819 0.621283 0.235124
v -0.210913 0.334014 0.236905
v 0.189952 0.579354 0.230005
v 0.250438 0.480204 0.208461
v -0.193502 0.725040 0.210356
v -0.037585 0.444856 0.250000
v -0.105826 0.624249 0.246010
v 0.130317 0.631713 0.240132
v -0.296732 0.402578 0.199849
v 0.141244 0.674592 0.230266
v 0.291025 0.413886 0.195430
v -0.114686 0.646108 0.242725
v 0.052363 0.566649 0.250000
v 0.306064 0.385450 0.198408
v -0.134269 0.625109 0.239922
v 0.213915 0.717013 0.200163
v -0.009204 0.826638 0.250082
v 0.056990 0.609972 0.250000
v 0.225259 0.413939 0.224092
v 0.177590 0.804289 0.205278
v 0.113976 0.667225 0.239004
v -0.226969 0.854001 0.183242
v -0.256487 0.509974 0.205901
v 0.083778 0.542669 0.249998
v 0.005515 0.561270 0.250000
v -0.002797 0.575311 0.250000
v -0.024644 0.562849 0.250000
v -0.282429 0.452690 0.193524
v 0.117059 0.689604 0.236091
v -0.024283 0.514078 0.250000
v 0.223456 0.334864 0.241964
v 0.101257 0.508837 0.249925
v -0.136895 0.765775 0.222549
v -0.247393 0.757831 0.186337
v -0.216977 0.744304 0.198541
v -0.179086 0.613812 0.224421
v -0.070251 0.511249 0.250108
v -0.088605 0.490597 0.249697
v -0.071297 0.496349 0.249972
v 0.235031 0.661415 0.198165
v 0.215859 0.635346 0.210172
v -0.143751 0.333758 0.246655
v -0.222385 0.545960 0.212917
v -0.151234 0.483053 0.241445
v 0.060857 0.723375 0.248069
v 0.052944 0.711304 0.249216
v 0.000736 0.722326 0.250080
v 0.317305 0.363756 0.195212
v 0.176131 0.503348 0.238085
v 0.145145 0.649410 0.232620
v 0.052667 0.540137 0.250000
v 0.060425 0.554885 0.250000
v -0.067416 0.694297 0.248028
v -0.060646 0.718309 0.247710
v -0.129649 0.521625 0.244062
v 0.237344 0.564757 0.207639
v -0.043173 0.761526 0.248896
v -0.263610 0.566166 0.197012
v 0.251107 0.593736 0.198084
v 0.257000 0.616664 0.208830
v 0.238557 0.606302 0.213554
v -0.033365 0.821542 0.247375
v 0.086952 0.513828 0.249997
v -0.178299 0.712741 0.217219
v 0.134483 0.738126 0.226259
v -0.026656 0.378401 0.250000
v 0.048677 0.778017 0.248335
v 0.067665 0.776880 0.245526
v 0.051404 0.800732 0.248317
v -0.288746 0.359337 0.201772
v 0.114490 0.719103 0.234237
v -0.269739 0.622788 0.186156
v -0.095067 0.544880 0.249328
v -0.175818 0.777354 0.208485
v 0.069890 0.644428 0.249580
v -0.106146 0.536022 0.247310
v -0.047068 0.612762 0.249980
v 0.181311 0.558501 0.230730
v -0.164734 0.717117 0.222939
v 0.205539 0.360666 0.239223
v 0.121249 0.568802 0.249158
v 0.166710 0.660667 0.223956
v 0.179952 0.425977 0.237552
v 0.068857 0.523726 0.250000
v -0.208637 0.854943 0.189317
v -0.109442 0.575797 0.246531
v 0.024626 0.397114 0.250000
v 0.023625 0.370881 0.250000
v 0.112957 0.465163 0.249682
v -0.059758 0.845680 0.242772
v 0.093378 0.833772 0.238325
v -0.240650 0.555264 0.205865
v -0.046433 0.736341 0.248911
v -0.239280 0.801783 0.184398
v -0.094368 0.731595 0.239323
v -0.119840 0.747061 0.231281
v 0.031611 0.553221 0.250000
v -0.189482 0.697287 0.215426
v -0.210226 0.707894 0.206937
v 0.101114 0.810605 0.235372
v 0.121917 0.821249 0.226760
v 0.150515 0.462175 0.243562
v -0.156339 0.826362 0.210720
v -0.207944 0.562937 0.216453
v 0.096422 0.647356 0.245443
v 0.239402 0.522904 0.210781
v 0.135315 0.848792 0.217889
v -0.030092 0.622233 0.250000
v -0.295521 0.550033 0.186106
v 0.147593 0.763810 0.219830
v 0.153441 0.747495 0.218926
v 0.159793 0.435539 0.242610
v 0.170843 0.452529 0.237984
v -0.186273 0.551595 0.224486
v -0.168203 0.540144 0.231016
v -0.182185 0.523720 0.228731
v -0.215537 0.435878 0.220999
v 0.015986 0.660501 0.250000
v 0.012191 0.635421 0.250000
v -0.234132 0.506738 0.213874
v -0.230254 0.525316 0.214599
v -0.282203 0.466983 0.191845
v 0.292171 0.554380 0.188603
v 0.260509 0.546719 0.200900
v 0.090708 0.391999 0.249999
v -0.052669 0.490167 0.250003
v -0.193920 0.331967 0.240733
v 0.134212 0.803901 0.222458
v 0.096135 0.691540 0.241573
v -0.164851 0.652388 0.226265
v 0.201725 0.831501 0.193313
v 0.055484 0.353841 0.250000
v 0.112062 0.333294 0.250001
v 0.107850 0.554724 0.249799
v 0.286082 0.392574 0.201858
v 0.142607 0.720827 0.224841
v 0.009489 0.334689 0.250000
v -0.249899 0.356911 0.214382
v -0.357119 0.379448 0.182823
v 0.188785 0.383537 0.239457
v 0.195223 0.653118 0.215002
v 0.102093 0.493178 0.249893
v -0.041232 0.703395 0.249764
v 0.074882 0.464737 0.249996
v -0.084931 0.705932 0.243755
v 0.091372 0.674973 0.243478
v -0.253358 0.720484 0.188919
v -0.123323 0.616715 0.243976
v -0.275901 0.552617 0.193704
v -0.301046 0.415273 0.194017
v -0.083237 0.445743 0.249879
v 0.028208 0.760745 0.249993
v -0.151784 0.675810 0.229894
v 0.008667 0.440377 0.250000
v 0.144885 0.606217 0.240876
v 0.127870 0.373563 0.250038
v 0.046003 0.494511 0.250000
v -0.189259 0.424594 0.229945
v -0.205758 0.462184 0.224428
v -0.223707 0.409324 0.220170
v -0.337111 0.361346 0.200713
v -0.296313 0.442935 0.189765
v -0.192740 0.498776 0.228497
v 0.034843 0.332599 0.250000
v 0.227629 0.824171 0.184220
v -0.311165 0.467883 0.178679
v 0.053206 0.454853 0.250000
v 0.085538 0.713509 0.242930
v 0.044780 0.638719 0.250026
v 0.032608 0.631775 0.249994
v -0.319373 0.389003 0.197428
v -0.081761 0.518892 0.249872
v 0.117398 0.638444 0.242339
v -0.062569 0.775708 0.242713
v -0.017418 0.596963 0.250000
v 0.131454 0.398321 0.249855
v -0.259153 0.491740 0.207996
v 0.291641 0.369174 0.213229
v 0.206120 0.784994 0.196119
v -0.006534 0.505270 0.250000
v 0.012397 0.497031 0.250000
v -0.235032 0.818373 0.183974
v 0.162699 0.726866 0.217391
v -0.112977 0.381172 0.248816
v 0.008771 0.808894 0.250389
v 0.209297 0.650686 0.209991
v 0.118640 0.596893 0.247843
v 0.124908 0.611575 0.244015
v 0.018254 0.479825 0.250000
v -0.003910 0.393730 0.250000
v 0.001597 0.408533 0.250000
v -0.127614 0.331913 0.247713
v -0.026656 0.725683 0.250218
v -0.039184 0.748525 0.249671
v -0.006747 0.675070 0.250000
v -0.305029 0.510160 0.189646
v -0.066626 0.745225 0.245803
v 0.236643 0.643108 0.199646
v 0.056252 0.753123 0.248964
v 0.215975 0.561958 0.216346
v -0.063391 0.352318 0.249889
v -0.004930 0.645142 0.250000
v -0.252567 0.695752 0.190898
v 0.276349 0.588944 0.184322
v 0.012578 0.839484 0.248844
v 0.211280 0.678678 0.205597
v -0.034615 0.773351 0.248714
v -0.145345 0.439417 0.242181
v -0.045764 0.332432 0.249985
v -0.208188 0.422149 0.224111
v -0.051515 0.365914 0.249997
v 0.241119 0.333444 0.239103
v 0.012381 0.347527 0.250000
v 0.112136 0.441129 0.249942
v 0.018650 0.736154 0.250066
v 0.176097 0.597665 0.238413
v 0.091604 0.785296 0.237215
v -0.260975 0.449311 0.202847
v 0.031202 0.478031 0.250000
v 0.265787 0.648942 0.185132
v 0.054843 0.332065 0.250000
v -0.145576 0.347236 0.245462
v -0.245507 0.586380 0.201510
v 0.134761 0.583045 0.247090
v -0.229645 0.452952 0.215320
v -0.112958 0.703924 0.237301
v -0.137892 0.714890 0.228796
v -0.297771 0.535535 0.186702
v -0.171808 0.355721 0.239948
v 0.061258 0.700748 0.248478
v 0.075703 0.449655 0.250009
v 0.052103 0.735934 0.249075
v 0.031946 0.722180 0.249836
v 0.175145 0.535265 0.233196
v -0.216087 0.633943 0.210207
v -0.206641 0.621715 0.214202
v -0.235277 0.416854 0.215660
v 0.053244 0.828018 0.248869
v -0.240432 0.337210 0.230565
v -0.174920 0.405095 0.234627
v 0.127554 0.517432 0.247611
v -0.263831 0.382086 0.213004
v -0.255494 0.398351 0.211945
v 0.075317 0.598623 0.250002
v -0.165157 0.671892 0.224445
v 0.147774 0.808926 0.216779
v -0.092334 0.595089 0.249403
v 0.059582 0.661517 0.248691
v 0.227012 0.739064 0.192986
v 0.173165 0.331794 0.248759
v 0.157653 0.348862 0.248490
v 0.064528 0.674594 0.247745
v 0.116605 0.357400 0.250006
v -0.055418 0.588848 0.249994
v 0.146082 0.397131 0.248410
v -0.126291 0.494700 0.246020
v 0.123540 0.676357 0.235333
v 0.242008 0.442760 0.214761
v 0.237645 0.496681 0.212202
v -0.231276 0.737480 0.194531
v -0.230553 0.711427 0.199171
v 0.183823 0.745410 0.208139
v -0.113923 0.562125 0.245954
v -0.231420 0.351197 0.223311
v 0.005315 0.601488 0.250000
v 0.214932 0.849431 0.186392
v -0.142400 0.848307 0.215043
v -0.088264 0.761756 0.237240
v 0.175415 0.775677 0.208556
v -0.201829 0.769071 0.200730
v -0.151030 0.527536 0.237112
v -0.229034 0.674164 0.198382
v 0.090691 0.486731 0.249988
v -0.206727 0.809290 0.194612
v -0.306529 0.380668 0.195649
v 0.217564 0.795542 0.190782
v 0.203966 0.813721 0.194210
v -0.089188 0.346572 0.248967
v -0.075260 0.331482 0.250264
v 0.007745 0.623537 0.250000
v 0.093425 0.533981 0.249990
v 0.257855 0.582955 0.195176
v 0.254071 0.570986 0.200466
v 0.265831 0.563242 0.197550
v 0.261856 0.435416 0.207454
v 0.120523 0.542218 0.249302
v -0.315987 0.419893 0.188329
v 0.161035 0.391211 0.244010
v 0.035343 0.696589 0.249991
v 0.022729 0.710813 0.249898
v -0.145198 0.554131 0.237360
v -0.174385 0.752643 0.211988
v -0.162505 0.731053 0.218301
v 0.247870 0.752174 0.183757
v 0.004851 0.849324 0.247385
v -0.058169 0.827523 0.243074
v -0.181428 0.825524 0.201810
v 0.258673 0.705146 0.184772
v -0.267454 0.502602 0.203480
v -0.189027 0.639768 0.219626
v -0.154089 0.463850 0.240434
v -0.164233 0.416059 0.237148
v -0.251496 0.539463 0.204056
v 0.157666 0.789395 0.214197
v -0.072748 0.724316 0.245044
v -0.044795 0.385840 0.250000
v -0.015885 0.573421 0.250000
v -0.124062 0.604233 0.242192
v 0.134318 0.551049 0.247016
v -0.245462 0.786921 0.183808
v 0.293461 0.342812 0.220303
v 0.293640 0.356089 0.206839
v 0.270696 0.352219 0.221204
v 0.063017 0.583923 0.250000
v -0.035862 0.569343 0.250000
v 0.157194 0.565204 0.240973
v -0.005160 0.331100 0.250000
v -0.196667 0.539251 0.222159
v 0.040810 0.760139 0.249721
v -0.017968 0.654116 0.250000
v -0.275629 0.527795 0.196522
v -0.034166 0.544648 0.250000
v 0.050127 0.685464 0.249387
v 0.010320 0.696313 0.249982
v -0.308081 0.368769 0.193470
v -0.211192 0.590754 0.213315
v -0.194287 0.576943 0.220143
v -0.195319 0.601169 0.218594
v -0.050069 0.553039 0.250000
v -0.073796 0.551935 0.249949
v -0.060578 0.536127 0.249988
v -0.112397 0.419109 0.245815
v -0.282943 0.601256 0.186802
v 0.213905 0.387353 0.231720
v -0.070273 0.669180 0.249754
v -0.075054 0.646785 0.249540
v 0.137473 0.477756 0.246799
v 0.137799 0.526281 0.245089
v 0.228489 0.355751 0.234603
v 0.247206 0.350346 0.231339
v -0.036072 0.833644 0.249495
v -0.246460 0.633107 0.199415
v 0.162973 0.590544 0.241805
v 0.148410 0.572194 0.246876
v 0.248453 0.636285 0.195737
v -0.222491 0.605569 0.208447
v 0.012568 0.461593 0.250000
v 0.029905 0.456204 0.250000
v 0.067544 0.434062 0.250000
v -0.109627 0.491789 0.248092
v 0.093368 0.736357 0.239858
v -0.006823 0.708852 0.249945
v -0.129611 0.825615 0.220476
v 0.286641 0.494869 0.193757
v -0.054333 0.453651 0.249995
v 0.108216 0.698528 0.237253
v 0.272202 0.611268 0.187640
v -0.115848 0.772671 0.227783
v 0.306958 0.354985 0.198942
v 0.053461 0.848432 0.248013
v -0.102055 0.454319 0.249431
v -0.096880 0.470174 0.249656
v -0.026653 0.677671 0.250008
v 0.032924 0.349636 0.250000
v 0.203420 0.613057 0.224996
v 0.216785 0.503135 0.220615
v 0.094961 0.721511 0.239944
v 0.122275 0.484311 0.249552
v -0.191510 0.515118 0.229116
v 0.031678 0.747556 0.250334
v 0.183826 0.347923 0.245701
v -0.018114 0.744453 0.250096
v -0.033819 0.472419 0.250000
v -0.145333 0.601586 0.236730
v 0.155338 0.415636 0.244815
v 0.170301 0.406277 0.241905
v -0.257075 0.423580 0.207248
v 0.112540 0.850013 0.227066
v -0.348942 0.398761 0.184983
v -0.014690 0.347345 0.250000
v 0.038967 0.671477 0.249933
v -0.153918 0.696031 0.227466
v -0.172478 0.693921 0.221952
v 0.132943 0.348267 0.249795
v -0.051838 0.709615 0.249405
v 0.108499 0.765815 0.233727
v -0.169476 0.847257 0.204212
v -0.009102 0.450248 0.250000
v -0.025993 0.435911 0.250000
v -0.030629 0.366451 0.250000
v 0.313558 0.428654 0.181051
v 0.066846 0.369390 0.250000
v -0.245235 0.374267 0.217361
v -0.089232 0.421837 0.249853
v -0.197273 0.749259 0.204607
v 0.167737 0.636626 0.227295
v -0.239329 0.696888 0.198555
v -0.131048 0.739166 0.227434
v -0.153546 0.584635 0.233181
v -0.134473 0.577576 0.240208
v -0.049411 0.511923 0.249998
v -0.106830 0.747444 0.234725
v -0.203491 0.379019 0.228835
v 0.041939 0.573196 0.250000
v -0.035565 0.607421 0.249999
v 0.183925 0.793653 0.203755
v -0.236066 0.389924 0.218808
v -0.173654 0.568666 0.227665
v -0.133733 0.596577 0.240615
v 0.256406 0.382807 0.217673
v 0.213196 0.413616 0.228390
v -0.208184 0.520835 0.223156
v -0.212956 0.503420 0.221387
v 0.107338 0.741387 0.235318
v -0.182963 0.455527 0.231807
v -0.030287 0.793595 0.247947
v 0.200765 0.508121 0.228063
v 0.196271 0.521180 0.227246
v 0.175114 0.515171 0.234666
v -0.253356 0.692214 0.180540
v -0.239728 0.680160 0.191748
v -0.326052 0.441595 0.179158
v -0.185912 0.806048 0.201990
v -0.177966 0.378964 0.235465
v -0.147644 0.748536 0.221568
v -0.166575 0.802889 0.208792
v 0.273851 0.472022 0.200204
v 0.289136 0.467974 0.194461
v -0.135692 0.697902 0.233571
v -0.011012 0.607771 0.250000
v 0.046474 0.427201 0.250000
v -0.216552 0.732297 0.200575
v 0.105658 0.623262 0.247090
v 0.083341 0.613198 0.249851
v 0.090194 0.629420 0.249227
v -0.344707 0.406497 0.190000
v -0.048700 0.425444 0.249999
v -0.063049 0.436886 0.250079
v -0.069755 0.417293 0.249985
v 0.019983 0.649041 0.249996
v 0.029664 0.657252 0.249983
v 0.030501 0.834537 0.250407
v 0.025823 0.686259 0.249985
v -0.281169 0.505451 0.198715
v -0.290847 0.489684 0.197706
v -0.106781 0.636135 0.245069
v 0.124278 0.330968 0.250007
v 0.162508 0.476148 0.240413
v 0.090907 0.773704 0.239156
v 0.024189 0.576898 0.250000
v 0.193472 0.629763 0.219820
v 0.130649 0.829262 0.222772
v 0.115832 0.831604 0.228990
v 0.168436 0.854856 0.203258
v -0.083672 0.541414 0.250035
v 0.013343 0.779880 0.250210
v -0.015794 0.585386 0.250000
v 0.317747 0.348223 0.209375
v -0.270688 0.577557 0.193635
v 0.184905 0.443493 0.234524
v -0.060359 0.393542 0.249998
v -0.075763 0.401831 0.249902
v -0.087200 0.649490 0.247827
v -0.234391 0.624183 0.204040
v -0.353098 0.365693 0.197650
v -0.334861 0.376773 0.185797
v -0.136827 0.460626 0.244647
v -0.241966 0.530542 0.208996
v 0.037334 0.848580 0.250153
v -0.119964 0.456216 0.248121
v -0.139951 0.424426 0.243272
v -0.122859 0.441598 0.247215
v -0.132654 0.476232 0.245809
v 0.235049 0.371844 0.228410
v -0.022861 0.397955 0.250000
v -0.039106 0.403737 0.250000
v -0.033735 0.418726 0.250000
v 0.005287 0.428643 0.250000
v 0.055825 0.484445 0.250000
v -0.330351 0.388695 0.187691
v -0.327661 0.405352 0.193777
v -0.073280 0.358684 0.249907
v -0.219270 0.484714 0.220299
v -0.249932 0.659154 0.195281
v 0.307524 0.506637 0.184941
v -0.054423 0.765883 0.246007
v -0.150323 0.644191 0.231963
v 0.008241 0.486184 0.250000
v -0.100047 0.721055 0.238414
v 0.188481 0.643084 0.219027
v 0.208718 0.704393 0.203453
v 0.295334 0.430157 0.191066
v -0.049215 0.806445 0.244489
v -0.184338 0.653717 0.219276
v -0.210798 0.655018 0.209840
v -0.203552 0.666014 0.210050
v 0.112334 0.524230 0.249334
v -0.002397 0.551946 0.250000
v 0.008049 0.545491 0.250000
v 0.217429 0.749060 0.195459
v -0.214195 0.790248 0.194106
v -0.047457 0.848518 0.243651
v 0.017012 0.563915 0.250000
v 0.159773 0.613391 0.234462
v 0.177869 0.619972 0.227428
v 0.280638 0.542053 0.193485
v 0.262167 0.528974 0.201329
v 0.271287 0.516122 0.198304
v 0.283855 0.581491 0.189710
v -0.171796 0.499297 0.235607
v -0.169339 0.487609 0.236236
v 0.145451 0.487247 0.245517
v 0.071919 0.727625 0.245310
v 0.262177 0.506151 0.202369
v 0.267289 0.399292 0.209135
v 0.252783 0.418185 0.212823
v 0.026730 0.436217 0.250000
v 0.024519 0.419904 0.250000
v 0.043479 0.370745 0.250000
v -0.094421 0.369911 0.249449
v 0.244976 0.512883 0.208844
v 0.143298 0.694050 0.227343
v 0.168346 0.686596 0.219958
v 0.159618 0.701768 0.221138
v 0.203705 0.436397 0.229030
v -0.037566 0.585451 0.250000
v 0.061008 0.811118 0.248083
v 0.108405 0.344442 0.250000
v -0.071289 0.473684 0.250046
v 0.111073 0.412999 0.249965
v -0.189149 0.436485 0.229740
v -0.207095 0.444229 0.223674
v -0.076058 0.686461 0.247477
v -0.293772 0.563354 0.186596
v -0.291226 0.576959 0.186808
v 0.239558 0.711501 0.191331
v 0.094475 0.592221 0.249864
v -0.111281 0.671929 0.243990
v -0.120736 0.665300 0.240351
v -0.132842 0.683695 0.235737
v 0.095757 0.381728 0.249997
v 0.264836 0.675605 0.185900
v -0.167750 0.786199 0.209989
v -0.055366 0.625087 0.249993
v -0.071501 0.428873 0.249990
v -0.099693 0.526383 0.248466
v 0.213506 0.662631 0.206715
v -0.197764 0.416369 0.227641
v -0.321573 0.357309 0.206245
v 0.083106 0.802709 0.242267
v 0.063155 0.799447 0.245822
v 0.076090 0.817512 0.244071
v 0.085840 0.684838 0.244758
v -0.096654 0.806506 0.231958
v -0.084986 0.613850 0.249236
v 0.268975 0.411379 0.206424
v 0.232664 0.583014 0.207600
v -0.034397 0.519254 0.250000
v 0.143507 0.780554 0.220209
v 0.312601 0.484045 0.184811
v 0.112484 0.783905 0.231210
v -0.302030 0.352752 0.212086
v -0.046509 0.500135 0.250000
v 0.092279 0.357898 0.250000
v -0.308950 0.499238 0.193699
v 0.101754 0.668043 0.241791
v -0.211223 0.686196 0.202326
v 0.042635 0.533701 0.250000
v 0.094505 0.448690 0.249993
v -0.075750 0.485904 0.250009
v -0.105659 0.329868 0.248882
v 0.011979 0.371755 0.250000
v 0.130638 0.698763 0.230880
v -0.267499 0.542996 0.197723
v 0.178386 0.473151 0.233456
v 0.201300 0.472438 0.226329
v 0.202439 0.484423 0.225437
v 0.123695 0.850395 0.222083
v -0.148901 0.405905 0.240503
v -0.204731 0.830620 0.193195
v -0.082343 0.386660 0.249829
v -0.001312 0.767344 0.250180
v -0.197130 0.402828 0.228604
v 0.302957 0.407654 0.189649
v 0.318327 0.418153 0.182544
v -0.314854 0.398517 0.200300
v 0.280062 0.384104 0.208382
v 0.240610 0.786593 0.182830
v 0.128577 0.413301 0.250109
v -0.146806 0.773684 0.218173
v -0.094466 0.500834 0.249224
v -0.107162 0.515542 0.248698
v 0.062083 0.620307 0.249987
v -0.013243 0.358535 0.250000
v 0.097366 0.607512 0.250044
v 0.288243 0.525799 0.191114
v 0.190705 0.465858 0.230377
v -0.037515 0.729196 0.250118
v -0.167535 0.343950 0.242474
v -0.173273 0.329047 0.244404
v -0.191148 0.342443 0.237753
v 0.044350 0.355775 0.250000
v -0.171893 0.739777 0.214156
v -0.105852 0.435809 0.248472
v -0.283577 0.398126 0.204434
v -0.257607 0.339918 0.226948
v -0.182980 0.478567 0.231947
v -0.192262 0.486351 0.228915
v 0.144747 0.329787 0.250158
v -0.070519 0.848756 0.238454
v -0.261093 0.350748 0.213759
v -0.097788 0.696696 0.242201
v -0.099033 0.685611 0.243426
v -0.131896 0.563271 0.241084
v -0.120785 0.552901 0.243904
v 0.098131 0.751469 0.237776
v 0.084049 0.758271 0.241944
v 0.078571 0.738450 0.244030
v -0.285907 0.379823 0.204436
v 0.150024 0.544376 0.241424
v -0.200626 0.680358 0.207133
v 0.106785 0.378235 0.249927
v 0.095515 0.822265 0.237063
v 0.192172 0.554150 0.226401
v 0.173238 0.546746 0.233637
v 0.193563 0.537283 0.226630
v 0.302969 0.530567 0.184819
v 0.077718 0.574769 0.249997
v 0.115453 0.394361 0.250023
v 0.247539 0.660281 0.192772
v 0.329988 0.350784 0.204029
v 0.153023 0.678729 0.226077
v -0.168626 0.824179 0.206440
v -0.116637 0.500489 0.246593
v 0.223823 0.440828 0.221675
v -0.015759 0.758830 0.249672
v -0.028085 0.750187 0.249891
v 0.132495 0.447799 0.248871
v 0.094312 0.848990 0.235333
v 0.073779 0.849609 0.243979
v 0.246804 0.454134 0.211975
v 0.216114 0.612110 0.224747
v 0.067067 0.456968 0.250001
v 0.157288 0.485361 0.243030
v -0.279148 0.616239 0.185772
v -0.260130 0.615986 0.192153
v -0.259597 0.597811 0.195345
v -0.080595 0.778817 0.237754
v 0.096017 0.416223 0.250004
v 0.068681 0.765774 0.245739
v 0.114206 0.430257 0.250033
v 0.244776 0.403098 0.218129
v -0.056334 0.785194 0.243739
v -0.062635 0.806921 0.241685
v -0.145639 0.390919 0.241838
v -0.127960 0.405682 0.244288
v -0.272581 0.593015 0.191364
v 0.085767 0.651362 0.247136
v 0.081645 0.666131 0.246042
v 0.102432 0.656729 0.242881
v -0.253220 0.745394 0.185815
v 0.257286 0.728523 0.183224
v 0.036199 0.488626 0.250000
v 0.047956 0.515835 0.250000
v 0.033416 0.499339 0.250000
v 0.049887 0.470238 0.250000
v -0.022435 0.524992 0.250000
v 0.328416 0.388929 0.187321
v 0.215058 0.530004 0.219562
v 0.225290 0.517760 0.216890
v -0.152226 0.506356 0.240813
v -0.024549 0.631603 0.250000
v -0.023607 0.771917 0.249256
v 0.196775 0.329119 0.247416
v 0.080439 0.563950 0.249992
v 0.311037 0.376013 0.201693
v 0.156641 0.631537 0.231724
v -0.188647 0.395101 0.231504
v -0.038738 0.347274 0.250000
v 0.014634 0.817880 0.250490
v 0.039989 0.418165 0.250000
v -0.195544 0.624459 0.218233
v 0.043251 0.590756 0.250000
v -0.195037 0.854766 0.193884
v -0.208940 0.643756 0.211924
v 0.024250 0.329634 0.250000
v -0.226099 0.535780 0.212892
v -0.222036 0.463329 0.218727
v -0.245157 0.471570 0.211143
v -0.240574 0.456339 0.211087
v 0.026484 0.606036 0.250000
v 0.283454 0.514349 0.193633
v 0.023274 0.637980 0.250000
v 0.127177 0.748828 0.228198
v -0.244298 0.485583 0.212812
v 0.204814 0.562600 0.221028
v -0.138044 0.371175 0.246124
v 0.025127 0.357468 0.250000
v -0.048966 0.671572 0.249963
v -0.046608 0.568219 0.250000
v -0.259816 0.471547 0.203530
v -0.202107 0.844058 0.192802
v 0.273640 0.432961 0.202315
v 0.034871 0.597565 0.250000
v 0.046603 0.613038 0.250000
v -0.143299 0.543196 0.238187
v 0.088708 0.582273 0.249892
v -0.013764 0.415811 0.250000
v 0.238277 0.553935 0.208566
v 0.203096 0.422622 0.230707
v 0.191886 0.417999 0.234763
v -0.189342 0.790809 0.202399
v -0.292422 0.511434 0.193768
v 0.151302 0.712893 0.222659
v 0.129786 0.712370 0.229838
v -0.154811 0.595362 0.232504
v -0.272467 0.445255 0.198625
v -0.011787 0.544264 0.250000
v -0.220065 0.379956 0.224215
v -0.225900 0.368970 0.222719
v 0.261166 0.610808 0.194685
v -0.147060 0.492954 0.242924
v -0.240383 0.718909 0.194087
v -0.257722 0.705005 0.189898
v -0.095844 0.633831 0.247749
v -0.069562 0.828834 0.240674
v 0.224836 0.392717 0.227262
v -0.106602 0.827490 0.228934
v -0.118965 0.821112 0.224332
v 0.016741 0.790400 0.250068
v 0.135853 0.655830 0.234346
v -0.268319 0.411629 0.205363
v -0.025310 0.850283 0.246184
v -0.262685 0.520164 0.202311
v 0.227862 0.621107 0.210942
v 0.263748 0.334159 0.234398
v 0.289723 0.402875 0.197620
v -0.012198 0.492009 0.250000
v 0.044647 0.448418 0.250000
v 0.016670 0.671153 0.249998
v 0.003723 0.680650 0.250000
v 0.005135 0.659371 0.250000
v 0.280243 0.416115 0.200429
v -0.067554 0.380999 0.250019
v -0.149820 0.429219 0.240825
v 0.245172 0.684861 0.192258
v -0.192188 0.686914 0.213856
v 0.008846 0.747414 0.250203
v -0.252124 0.525562 0.205564
v -0.056258 0.474953 0.249984
v 0.072526 0.330735 0.250000
v 0.076382 0.342272 0.250000
v 0.055545 0.343043 0.250000
v 0.183398 0.695345 0.213643
v -0.011306 0.429192 0.250000
v 0.214510 0.455730 0.223411
v -0.030400 0.701840 0.249610
v -0.213102 0.613138 0.211941
v -0.050445 0.465835 0.249999
v -0.166433 0.379613 0.238117
v -0.007157 0.528332 0.250000
v -0.053405 0.407745 0.249999
v -0.203619 0.784343 0.198346
v 0.240044 0.386385 0.223038
v -0.118032 0.514279 0.248178
v -0.190489 0.735126 0.208955
v -0.266167 0.676199 0.186818
v 0.120525 0.658998 0.238278
v 0.278529 0.599987 0.183673
v 0.236100 0.811773 0.182288
v 0.093930 0.476853 0.249973
v 0.041641 0.648829 0.249857
v -0.096093 0.555600 0.249640
v -0.006747 0.383691 0.250000
v 0.004588 0.387799 0.250000
v 0.123104 0.462028 0.249289
v -0.167245 0.613750 0.228688
v 0.211995 0.596415 0.223230
v 0.198822 0.598474 0.234701
v -0.157566 0.448419 0.239242
v -0.168494 0.446568 0.236114
v -0.170727 0.435423 0.235359
v 0.053607 0.632548 0.250023
v -0.054975 0.606102 0.250020
v -0.070954 0.610626 0.249713
v 0.260397 0.474838 0.205150
v 0.200427 0.578776 0.224236
v 0.219980 0.378034 0.231612
v 0.142104 0.467971 0.247298
v -0.165361 0.392129 0.237446
v 0.249432 0.367185 0.225673
v -0.004963 0.471813 0.250000
v -0.059828 0.513247 0.250042
v 0.077875 0.484808 0.250000
v -0.085969 0.835302 0.237870
v -0.098346 0.850626 0.230237
v -0.116825 0.472125 0.248520
v 0.333476 0.373643 0.187834
v -0.234372 0.492902 0.215065
v 0.283291 0.450509 0.197560
v 0.267903 0.454210 0.203707
v 0.241556 0.627973 0.200895
v -0.144150 0.806763 0.216021
v -0.125322 0.801518 0.222674
v -0.131633 0.788053 0.221470
v 0.248899 0.544794 0.205458
v -0.139256 0.724889 0.225515
v -0.123649 0.716402 0.231738
v -0.120335 0.733949 0.231229
v -0.225995 0.775306 0.191726
v -0.250152 0.769763 0.183845
v -0.077235 0.698423 0.246039
v -0.130700 0.356296 0.246607
v 0.282495 0.361005 0.214529
v 0.269261 0.375935 0.215970
v 0.268381 0.362147 0.223585
v 0.315231 0.443069 0.184668
v -0.223265 0.332444 0.236184
v -0.214326 0.344664 0.231020
v 0.146423 0.452607 0.245456
v 0.162000 0.457860 0.239734
v -0.136464 0.513691 0.245253
v -0.023333 0.471667 0.250000
v 0.211892 0.773594 0.195042
v 0.070480 0.694858 0.246783
v -0.119269 0.851195 0.223199
v -0.220398 0.717641 0.201681
v 0.074163 0.797128 0.243060
v 0.244095 0.488325 0.210182
v -0.291651 0.473559 0.186781
v -0.160281 0.426241 0.238143
v 0.159778 0.738469 0.217395
v -0.027041 0.647768 0.250000
v -0.024667 0.343851 0.250000
v -0.171343 0.634806 0.226755
v -0.157604 0.629598 0.232694
v -0.175751 0.675234 0.219863
v -0.188202 0.663305 0.216286
v 0.109566 0.709179 0.236314
v -0.070049 0.589293 0.250036
v -0.212900 0.539643 0.216685
v -0.197519 0.554359 0.220602
v -0.215944 0.555286 0.214326
v -0.015910 0.438293 0.250000
v 0.051877 0.502727 0.250000
v -0.208744 0.481218 0.223724
v -0.118914 0.581293 0.243695
v 0.109964 0.586609 0.249258
v 0.189625 0.804328 0.200603
v 0.225648 0.640373 0.204906
v 0.225456 0.846430 0.182777
v 0.041200 0.562496 0.250000
v -0.163950 0.549640 0.231762
v -0.182187 0.561289 0.225220
v -0.191446 0.462518 0.229211
v 0.227355 0.695890 0.197595
v -0.066188 0.625560 0.249825
v -0.258423 0.729743 0.185815
v -0.306454 0.489651 0.179511
v 0.118763 0.728719 0.232187
v 0.176198 0.493029 0.237309
v -0.084495 0.337008 0.248489
v -0.099661 0.840557 0.232510
v -0.026042 0.329507 0.250000
v -0.200936 0.701657 0.210866
v -0.213661 0.694863 0.207039
v -0.058714 0.688723 0.249631
v -0.060934 0.705023 0.248041
v -0.044436 0.692073 0.249970
v -0.172052 0.519696 0.232534
v -0.158370 0.535229 0.234404
v -0.174517 0.530817 0.230292
v -0.233579 0.665072 0.200012
v -0.235613 0.761593 0.189959
v 0.233300 0.421776 0.220160
v 0.015616 0.850733 0.247632
v 0.108357 0.501468 0.249645
v 0.006255 0.418287 0.250000
v -0.114467 0.599951 0.245173
v 0.041881 0.737859 0.249821
v -0.187866 0.593742 0.221426
v -0.168247 0.600404 0.228242
v 0.113864 0.576117 0.249165
v 0.339557 0.361429 0.187132
v -0.181892 0.367805 0.235727
v -0.161841 0.362462 0.241427
v -0.233920 0.601119 0.204416
v -0.245274 0.508593 0.209874
v -0.072785 0.525129 0.250080
v -0.176507 0.546753 0.227984
v -0.219839 0.861633 0.184686
v -0.030072 0.500369 0.250000
v -0.028750 0.667878 0.250000
v 0.300194 0.447725 0.190382
v 0.232826 0.461680 0.216447
v 0.167779 0.383250 0.244070
v -0.122204 0.422752 0.245264
v -0.250282 0.610519 0.197348
v -0.112370 0.348686 0.247855
v -0.253377 0.560241 0.201048
v -0.235418 0.567798 0.206616
v -0.252443 0.578461 0.199824
v 0.075071 0.375633 0.250000
v -0.050147 0.355679 0.249966
v 0.054936 0.838240 0.247644
v 0.013373 0.526080 0.250000
v -0.096331 0.784181 0.232928
v -0.102255 0.772555 0.232029
v 0.075602 0.838614 0.244059
v -0.034123 0.783723 0.247999
v 0.062964 0.851554 0.246212
v -0.005992 0.850895 0.246804
v -0.186291 0.606448 0.221816
v 0.216118 0.551558 0.217174
v -0.090288 0.680313 0.245965
v -0.234558 0.845197 0.181481
v 0.085715 0.401236 0.250000
v -0.220794 0.753979 0.196004
v -0.081511 0.628608 0.249620
v -0.046614 0.643604 0.250000
v -0.234213 0.588436 0.205302
v -0.187166 0.384676 0.232686
v -0.139262 0.410113 0.242267
v 0.155742 0.839227 0.211172
v 0.134826 0.838888 0.220576
v 0.144282 0.825981 0.217204
v 0.053712 0.591586 0.250000
v -0.013606 0.835848 0.250487
v 0.283331 0.339032 0.226962
v 0.221386 0.684119 0.201180
v -0.063237 0.836222 0.244897
v 0.171513 0.365401 0.245458
v 0.169044 0.355413 0.246795
v -0.067645 0.659234 0.249842
v 0.183840 0.862729 0.195878
v 0.199187 0.399663 0.234507
v -0.175972 0.588471 0.225727
v -0.237085 0.645555 0.201604
v 0.294834 0.503861 0.189981
v -0.182325 0.501844 0.232067
v -0.154051 0.713197 0.226800
v 0.127394 0.591314 0.247262
v -0.146860 0.794347 0.216043
v 0.130549 0.560496 0.248658
v 0.014926 0.599021 0.250000
v -0.282433 0.421978 0.198654
v -0.291349 0.391774 0.206767
v -0.216785 0.401056 0.223110
v 0.067265 0.399350 0.250000
v 0.204142 0.870447 0.187768
v -0.196856 0.759551 0.203552
v -0.283984 0.496243 0.201008
v -0.265888 0.482410 0.206854
v -0.280949 0.484427 0.199625
v 0.076483 0.385730 0.250000
v -0.028819 0.812348 0.247244
v 0.045054 0.334130 0.250000
v -0.127955 0.585501 0.240596
v 0.030767 0.515868 0.250000
v -0.205504 0.532093 0.219987
v 0.226894 0.770244 0.189740
v 0.213283 0.821979 0.189849
v -0.050961 0.532031 0.250000
v -0.040904 0.532383 0.249999
v -0.035974 0.482350 0.250000
v -0.009796 0.798737 0.249390
v 0.165442 0.444000 0.240374
v -0.092151 0.356231 0.248776
v 0.073529 0.635236 0.249858
v -0.034634 0.631410 0.250000
v 0.092446 0.329238 0.250000
v 0.116874 0.380184 0.249859
v 0.295959 0.389088 0.199698
v 0.170180 0.734744 0.214027
v -0.089959 0.821855 0.234368
v -0.076775 0.816420 0.238095
v -0.084000 0.801968 0.235881
v 0.103393 0.832362 0.234093
v 0.097731 0.543886 0.249976
v -0.099631 0.491981 0.249178
v -0.264668 0.392143 0.211018
v 0.314284 0.464876 0.184868
v 0.199639 0.379078 0.237342
v 0.195514 0.360358 0.241636
v 0.184006 0.370108 0.242503
v 0.047286 0.767843 0.249311
v -0.084992 0.665998 0.248492
v 0.307120 0.519313 0.183697
v -0.355598 0.394147 0.178154
v -0.057331 0.579120 0.249998
v 0.300375 0.374724 0.207652
v 0.033602 0.373176 0.250000
v -0.144733 0.578572 0.236832
v -0.153143 0.569901 0.234362
v 0.077005 0.405580 0.250000
v -0.113122 0.681791 0.240840
v 0.041652 0.543749 0.250000
v 0.262604 0.346243 0.226489
v 0.304442 0.344692 0.219442
v -0.081416 0.353076 0.249486
v -0.009097 0.617469 0.250000
v 0.003051 0.464851 0.250000
v -0.109904 0.586010 0.246650
v -0.006495 0.459960 0.250000
v -0.016805 0.456806 0.250000
v 0.151093 0.440326 0.244502
v -0.075670 0.439436 0.250089
v -0.092688 0.431311 0.249494
v -0.223799 0.570402 0.210433
v -0.205598 0.582481 0.215856
v -0.219540 0.584603 0.210802
v -0.225920 0.472834 0.218499
v -0.177300 0.414691 0.233632
v 0.275958 0.393405 0.206583
v -0.096226 0.392425 0.249421
v 0.144946 0.853703 0.212481
v -0.210254 0.386994 0.226288
v -0.118062 0.328566 0.248299
v 0.226795 0.543360 0.213899
v 0.142928 0.418006 0.247601
v 0.148532 0.406455 0.247034
v -0.246686 0.417262 0.211695
v -0.241177 0.437721 0.211563
v -0.232387 0.428949 0.215448
v -0.153459 0.396992 0.239789
v -0.035715 0.681969 0.249995
v -0.039679 0.662457 0.249997
v 0.167494 0.565201 0.237104
v 0.137095 0.761532 0.223805
v 0.127789 0.779107 0.226098
v -0.062019 0.492512 0.250001
v 0.067799 0.831854 0.246303
v 0.283336 0.375251 0.212409
v 0.017417 0.513426 0.250000
v -0.001858 0.513732 0.250000
v 0.003523 0.501577 0.250000
v -0.001019 0.483220 0.250000
v -0.035562 0.382511 0.250000
v 0.077693 0.719420 0.244924
v 0.175963 0.674310 0.218873
v 0.009961 0.718012 0.250003
v 0.001210 0.699890 0.249984
v -0.022094 0.491164 0.250000
v -0.015469 0.509510 0.250000
v 0.030684 0.529136 0.250000
v 0.022720 0.543096 0.250000
v -0.037027 0.328573 0.250001
v 0.135148 0.787606 0.222902
v -0.306181 0.424464 0.190226
v 0.078193 0.518597 0.250000
v 0.065210 0.504257 0.250000
v 0.080166 0.503545 0.250003
v 0.175795 0.831049 0.203635
v 0.180587 0.840724 0.200694
v 0.134630 0.433486 0.248862
v 0.223612 0.482867 0.217905
v 0.212879 0.489543 0.221650
v 0.210838 0.468703 0.223466
v 0.189817 0.770662 0.203595
v 0.176772 0.752746 0.210035
v 0.192894 0.752591 0.204150
v 0.190558 0.407817 0.236157
v -0.026847 0.841141 0.249923
v 0.224243 0.661075 0.202630
v 0.234016 0.671718 0.197716
v 0.259382 0.392360 0.214054
v 0.104439 0.717942 0.237371
v -0.256543 0.638519 0.195387
v 0.010361 0.727840 0.249884
v -0.098424 0.617677 0.248163
v 0.195073 0.455648 0.230051
v 0.176643 0.460722 0.235375
v -0.100165 0.362020 0.248481
v 0.303393 0.461643 0.189113
v -0.078908 0.793125 0.237592
v -0.279911 0.364786 0.202785
v 0.128107 0.576011 0.248388
v 0.057138 0.386301 0.250000
v -0.175132 0.703173 0.219588
v 0.186442 0.721311 0.209607
v 0.172772 0.718778 0.214693
v 0.064776 0.652847 0.249336
v -0.254955 0.672740 0.190842
v 0.152486 0.357388 0.248469
v 0.191046 0.843410 0.196228
v 0.084336 0.555194 0.249997
v 0.100551 0.560923 0.249846
v -0.043832 0.827734 0.246321
v 0.105991 0.689196 0.239469
v 0.114288 0.561939 0.249548
v -0.118853 0.841756 0.224446
v 0.099651 0.791446 0.234877
v 0.024134 0.615237 0.250000
v -0.306634 0.520934 0.187861
v 0.002454 0.583734 0.250000
v 0.058032 0.407040 0.250000
v 0.237203 0.532584 0.210957
v 0.010643 0.829827 0.250471
v -0.284031 0.517525 0.195513
v -0.286719 0.529934 0.192128
v 0.262216 0.495560 0.202983
v 0.128540 0.811998 0.224411
v 0.113976 0.815530 0.230182
v 0.124868 0.798981 0.226234
v 0.191664 0.709141 0.209074
v 0.203989 0.692425 0.206580
v -0.230838 0.515747 0.214279
v -0.038025 0.616657 0.249994
v 0.134775 0.388682 0.248855
v 0.268412 0.538993 0.198375
v -0.002957 0.741849 0.249900
v 0.137226 0.499106 0.246863
v 0.152146 0.799761 0.215610
v -0.164475 0.661952 0.225285
v -0.169086 0.581613 0.228366
v 0.095337 0.348006 0.250000
v 0.108732 0.362776 0.249993
v -0.111231 0.756630 0.231322
v 0.240108 0.652587 0.196773
v -0.079326 0.422757 0.249942
v -0.055328 0.328331 0.249964
v 0.162350 0.753614 0.215238
v 0.195589 0.491287 0.228659
v -0.260064 0.625342 0.194755
v 0.200189 0.620838 0.220586
v 0.203881 0.629832 0.216136
v 0.345578 0.359503 0.196843
v -0.144981 0.824089 0.214912
v -0.136546 0.326828 0.247814
v -0.161363 0.853148 0.207009
v -0.373912 0.373758 0.194666
v 0.017239 0.583262 0.250000
v 0.206689 0.522067 0.223523
v -0.154696 0.473712 0.240386
v -0.040859 0.713515 0.249002
v -0.223647 0.817435 0.187988
v -0.063789 0.454975 0.249995
v 0.058665 0.437371 0.250000
v -0.260924 0.360949 0.209664
v 0.193148 0.673493 0.212887
v 0.144364 0.742009 0.222554
v 0.205630 0.450798 0.226944
v 0.132157 0.465496 0.248546
v 0.115870 0.474575 0.250119
v 0.113948 0.840971 0.230386
v 0.003901 0.640368 0.250000
v -0.009883 0.636911 0.250000
v 0.088004 0.703425 0.242465
v 0.075441 0.703119 0.245405
v 0.084850 0.447646 0.249935
v 0.084198 0.466452 0.250013
v -0.164148 0.755394 0.215271
v -0.290801 0.593756 0.185255
v -0.020148 0.735020 0.249974
v 0.251730 0.331829 0.238494
v -0.216356 0.415968 0.221942
v 0.014898 0.471015 0.250000
v 0.169053 0.576570 0.238996
v 0.184802 0.567788 0.230130
v -0.075511 0.573314 0.249961
v 0.039386 0.471904 0.250000
v 0.319205 0.396802 0.178932
v -0.091357 0.481162 0.249912
v -0.087392 0.468641 0.249817
v -0.020421 0.710762 0.249735
v -0.024469 0.693862 0.249850
v -0.010919 0.692866 0.249995
v -0.004214 0.817816 0.249801
v 0.067772 0.604742 0.250000
v 0.058135 0.475385 0.250000
v 0.070036 0.590644 0.250003
v 0.110390 0.402882 0.250010
v 0.139136 0.627434 0.237794
v 0.127536 0.622624 0.241639
v 0.135253 0.608934 0.242390
v -0.123133 0.640812 0.240656
v 0.096908 0.457865 0.250021
v 0.103107 0.851275 0.230480
v 0.224480 0.425500 0.223027
v 0.196065 0.339179 0.245423
v 0.137898 0.729071 0.225765
v -0.198551 0.644077 0.215705
v 0.235136 0.574103 0.206960
v 0.275223 0.493584 0.198185
v 0.015255 0.704883 0.249948
v 0.059732 0.639655 0.249889
v 0.176525 0.525859 0.233274
v 0.111881 0.630614 0.245142
v 0.108829 0.642766 0.243585
v 0.094090 0.637900 0.247635
v -0.127505 0.835174 0.221198
v -0.045681 0.449483 0.250000
v 0.152403 0.724541 0.221165
v -0.247840 0.404841 0.213154
v -0.228540 0.396968 0.220070
v 0.129842 0.542479 0.246817
v 0.148980 0.508599 0.243055
v 0.151402 0.389439 0.245697
v -0.246304 0.365500 0.214994
v -0.132736 0.541214 0.241118
v -0.142035 0.524053 0.240202
v 0.157611 0.520054 0.239673
v -0.119280 0.781740 0.225952
v -0.109698 0.359739 0.247716
v -0.235953 0.342753 0.225111
v -0.245246 0.395064 0.215481
v -0.034397 0.453703 0.250000
v 0.071737 0.668108 0.247058
v 0.141410 0.664406 0.231530
v 0.225796 0.563418 0.212234
v 0.217866 0.579242 0.214994
v -0.276634 0.628125 0.191138
v -0.275301 0.640018 0.188405
v 0.135601 0.379228 0.249723
v 0.008105 0.771668 0.250471
v 0.016016 0.759117 0.250512
v 0.026368 0.773153 0.249898
v -0.277513 0.344128 0.223851
v -0.201163 0.569892 0.218276
v 0.218907 0.358884 0.236270
v 0.225148 0.346892 0.237720
v 0.205683 0.350775 0.241259
v 0.049390 0.787497 0.248830
v 0.039748 0.780495 0.249833
v 0.030222 0.791515 0.250050
v 0.141975 0.684261 0.228910
v -0.368949 0.379170 0.183375
v 0.066081 0.419581 0.250000
v -0.197221 0.442673 0.227085
v -0.187815 0.446714 0.230184
v 0.003023 0.351125 0.250000
v -0.163382 0.466793 0.237861
v 0.214762 0.876427 0.183377
v 0.067437 0.561760 0.250000
v 0.058225 0.575877 0.250000
v 0.068158 0.786279 0.244244
v 0.082026 0.778472 0.241398
v 0.084981 0.793928 0.239781
v -0.179866 0.348939 0.239088
v 0.267314 0.585888 0.189915
v 0.072071 0.685184 0.247261
v -0.203418 0.499732 0.224810
v -0.213622 0.492130 0.221718
v -0.231711 0.693011 0.194179
v -0.338370 0.422529 0.180462
v 0.054348 0.601109 0.250000
v -0.185580 0.705975 0.215616
v 0.245895 0.614707 0.214313
v -0.008483 0.778807 0.250234
v 0.313006 0.495585 0.184038
v 0.296813 0.482584 0.190725
v -0.212362 0.766017 0.197471
v -0.222743 0.445997 0.218003
v 0.144917 0.339630 0.249836
v -0.204956 0.471761 0.225020
v 0.057025 0.416606 0.250000
v -0.226121 0.359247 0.223049
v -0.066047 0.556944 0.249990
v -0.081841 0.455341 0.249855
v 0.076116 0.414730 0.250000
v 0.230916 0.328522 0.243600
v -0.060566 0.415439 0.249998
v -0.107568 0.474850 0.249061
v 0.077964 0.750684 0.243945
v -0.155633 0.519734 0.238349
v 0.220800 0.627328 0.210080
v -0.245554 0.547251 0.205027
v -0.206513 0.398837 0.226291
v 0.014946 0.327335 0.250000
v -0.103460 0.378057 0.249309
v -0.116521 0.372238 0.249511
v 0.115127 0.534414 0.249442
v 0.162478 0.329169 0.249528
v 0.113807 0.676540 0.237860
v -0.295636 0.484802 0.185176
v 0.058106 0.775914 0.247101
v -0.004706 0.369793 0.250000
v -0.017404 0.378998 0.250000
v -0.021745 0.363181 0.250000
v -0.023481 0.590192 0.250000
v 0.004300 0.366805 0.250000
v -0.091480 0.450195 0.249868
v -0.243900 0.812449 0.181729
v 0.048938 0.654271 0.249615
v 0.050416 0.663650 0.249494
v 0.151498 0.642137 0.231860
v 0.157731 0.656153 0.227620
v 0.170374 0.646226 0.224934
v 0.153610 0.369690 0.247800
v 0.293198 0.348437 0.212781
v -0.181664 0.430504 0.232124
v -0.257047 0.500543 0.207046
v 0.103078 0.328700 0.250000
v 0.274291 0.621174 0.187783
v 0.278870 0.620119 0.196625
v 0.204786 0.740805 0.200960
v 0.222397 0.729764 0.195681
v 0.206638 0.724398 0.202006
v -0.174491 0.652685 0.222859
v -0.178890 0.768249 0.208687
v -0.152866 0.327549 0.246654
v 0.034535 0.814836 0.250426
v 0.224643 0.595146 0.212880
v 0.241795 0.588989 0.202908
v 0.240983 0.602921 0.204933
v 0.155516 0.552615 0.240179
v 0.143123 0.564051 0.246700
v 0.073897 0.531431 0.250000
v 0.067279 0.547779 0.250000
v 0.061677 0.530183 0.250000
v 0.264175 0.695247 0.184133
v -0.088953 0.328798 0.250188
v -0.060348 0.445691 0.249968
v -0.045589 0.434501 0.249998
v -0.237708 0.729550 0.193396
v -0.241797 0.743816 0.189999
v 0.250222 0.523911 0.206334
v 0.255702 0.602198 0.195576
v 0.017542 0.438342 0.250000
v 0.091195 0.525062 0.249968
v 0.105976 0.530956 0.249836
v 0.106775 0.516357 0.249789
v 0.055097 0.377056 0.250000
v -0.183526 0.330931 0.242654
v -0.307665 0.443789 0.185448
v -0.154405 0.737519 0.220002
v -0.211746 0.800486 0.193832
v -0.185047 0.570255 0.223753
v 0.177297 0.385113 0.241960
v 0.180254 0.401824 0.239552
v -0.055034 0.432446 0.249995
v 0.213848 0.366902 0.235788
v -0.230667 0.551764 0.209589
v -0.008236 0.598785 0.250000
v 0.222463 0.858390 0.182590
v 0.236327 0.470923 0.214354
v -0.296820 0.381372 0.200805
v -0.079958 0.493881 0.249941
v 0.138914 0.641987 0.235712
v 0.120722 0.647211 0.239909
v -0.178622 0.786652 0.206410
v 0.229637 0.836136 0.182340
v 0.249741 0.762933 0.181918
v -0.115582 0.798918 0.226006
v -0.110971 0.790546 0.227995
v -0.104424 0.339154 0.247546
v -0.123407 0.340520 0.247336
v -0.115735 0.623132 0.244330
v -0.165740 0.563282 0.230544
v 0.165388 0.845951 0.206197
v 0.261927 0.621121 0.200868
v -0.160732 0.835792 0.208516
v -0.294751 0.354358 0.206493
v -0.108009 0.836767 0.228861
v 0.165959 0.779473 0.211799
v 0.099725 0.484225 0.249988
v -0.128709 0.484445 0.246358
v -0.028694 0.554484 0.250000
v -0.017583 0.556518 0.250000
v -0.025999 0.540091 0.250000
v 0.202818 0.540495 0.223050
v 0.040772 0.434445 0.250000
v -0.291213 0.464018 0.188077
v -0.151727 0.339261 0.245396
v 0.109463 0.805139 0.232136
v -0.046496 0.587945 0.250000
v -0.134045 0.390772 0.244248
v 0.032717 0.465131 0.250000
v 0.191695 0.503489 0.232208
v -0.048749 0.377808 0.249993
v 0.159503 0.466888 0.240480
v -0.259678 0.655067 0.192377
v -0.110806 0.456524 0.249307
v -0.117844 0.656298 0.241383
v -0.106224 0.650888 0.244689
v -0.103513 0.666694 0.245766
v 0.226064 0.473915 0.217743
v 0.172978 0.415192 0.240488
v 0.168165 0.431201 0.240543
v 0.157801 0.424602 0.243776
v 0.148447 0.517762 0.242468
v 0.062119 0.710049 0.247960
v 0.165227 0.796068 0.210773
v 0.261697 0.714264 0.182840
v 0.097888 0.569850 0.249828
v 0.090155 0.562086 0.249956
v -0.055698 0.813144 0.243290
v 0.089099 0.341151 0.250000
v -0.076463 0.367405 0.249666
v -0.191992 0.825396 0.198116
v -0.182411 0.834923 0.200676
v -0.173434 0.479325 0.234940
v 0.016896 0.489015 0.250000
v 0.207989 0.840665 0.189962
v -0.203896 0.327813 0.241186
v 0.258715 0.642794 0.189937
v 0.016724 0.403144 0.250000
v -0.130294 0.663949 0.237460
v 0.254461 0.742893 0.182451
v -0.084826 0.729319 0.241827
v -0.093221 0.715081 0.240961
v -0.076589 0.715809 0.244766
v -0.224212 0.842255 0.185314
v -0.218230 0.832076 0.188368
v -0.058664 0.360215 0.250000
v -0.272738 0.658550 0.187392
v 0.058296 0.743536 0.248816
v -0.334900 0.435170 0.177602
v -0.053554 0.337474 0.249955
v -0.095289 0.755476 0.235689
v -0.101116 0.740215 0.236869
v -0.088053 0.739066 0.240270
v 0.026075 0.586098 0.250000
v 0.219843 0.326995 0.245618
v 0.180677 0.580035 0.234408
v -0.127723 0.816722 0.221283
v -0.191128 0.769660 0.204329
v -0.195532 0.353907 0.234159
v 0.068447 0.472003 0.249998
v -0.087037 0.376028 0.249781
v -0.096747 0.535754 0.248786
v -0.188684 0.530670 0.225876
v -0.206125 0.453178 0.223951
v 0.204407 0.712699 0.204094
v -0.251121 0.438787 0.207722
v 0.275298 0.625075 0.184905
v 0.132650 0.328020 0.250030
v 0.003244 0.327868 0.250000
v -0.103135 0.416165 0.248009
v 0.215643 0.435621 0.225115
v 0.307349 0.393019 0.192473
v 0.319175 0.386216 0.192986
v -0.122557 0.380367 0.247325
v -0.116048 0.396727 0.247168
v -0.133712 0.806847 0.219515
v 0.024091 0.558497 0.250000
v -0.196251 0.807182 0.198381
v -0.001062 0.446564 0.250000
v -0.150691 0.833848 0.212388
v -0.151440 0.852290 0.211270
v -0.057312 0.674561 0.249980
v -0.175802 0.854631 0.200878
v 0.085044 0.592780 0.249967
v -0.186896 0.679364 0.214364
v 0.276557 0.563636 0.193641
v 0.254079 0.466674 0.208183
v 0.239897 0.760671 0.185846
v -0.187806 0.717000 0.213370
v -0.002335 0.793667 0.249709
v 0.189513 0.688501 0.212290
v 0.150188 0.703895 0.224044
v 0.014165 0.801089 0.250002
v -0.159493 0.488368 0.239222
v 0.275767 0.483734 0.198660
v 0.116451 0.606451 0.246619
v -0.313081 0.354969 0.213449
v -0.188934 0.584365 0.221486
v -0.143240 0.678090 0.233588
v -0.131386 0.674783 0.237803
v -0.147313 0.667258 0.231470
v -0.107178 0.403395 0.248102
v -0.090033 0.412381 0.249766
v 0.246228 0.726986 0.187296
v 0.131430 0.533290 0.246641
v 0.168381 0.508562 0.238096
v 0.113287 0.547393 0.249781
v -0.052045 0.729034 0.247685
v -0.069003 0.736587 0.244354
v -0.058038 0.741502 0.247488
v -0.231001 0.865300 0.180720
v -0.155101 0.652567 0.229584
v 0.166288 0.373010 0.245581
v -0.139480 0.446868 0.243766
v -0.191164 0.365548 0.233565
v -0.156795 0.410866 0.238943
v 0.208491 0.805164 0.193305
v 0.196858 0.789205 0.199230
v -0.035257 0.720288 0.249935
v -0.311333 0.477920 0.176495
v -0.301642 0.468513 0.182720
v 0.048812 0.391622 0.250000
v -0.117272 0.544829 0.244723
v 0.208605 0.326532 0.246958
v -0.001123 0.622320 0.250000
v -0.042596 0.469786 0.250000
v 0.045004 0.853560 0.249168
v -0.006969 0.352087 0.250000
v -0.220465 0.708596 0.203283
v 0.042423 0.690835 0.249856
v 0.055988 0.693391 0.249832
v 0.031908 0.676557 0.249987
v 0.044777 0.678218 0.249904
v 0.057422 0.679802 0.249383
v 0.157167 0.761704 0.216489
v 0.224294 0.586235 0.211908
v 0.065030 0.390417 0.250000
v -0.058531 0.344638 0.250101
v -0.297302 0.365435 0.197320
v 0.297978 0.564254 0.186100
v 0.070538 0.622506 0.249996
v -0.159480 0.619043 0.231424
v -0.108515 0.808255 0.228063
v 0.083227 0.491950 0.249997
v -0.354339 0.402258 0.191020
v 0.185046 0.433792 0.235314
v -0.141226 0.619066 0.239120
v -0.105888 0.557927 0.247483
v -0.091268 0.564758 0.249512
v -0.094421 0.573345 0.250443
v -0.148102 0.815678 0.214169
v -0.152037 0.360804 0.243810
v -0.006606 0.760108 0.249454
v -0.122293 0.413384 0.244473
v 0.219695 0.617343 0.216857
v 0.225433 0.402513 0.225550
v 0.207726 0.403319 0.231420
v -0.122944 0.561734 0.243571
v -0.171610 0.685045 0.222199
v -0.144541 0.696232 0.230834
v -0.163076 0.694685 0.225066
v -0.153705 0.687219 0.229193
v -0.325458 0.397504 0.198164
v 0.252759 0.507960 0.205944
v 0.180061 0.784262 0.206059
v 0.162924 0.411026 0.243369
v 0.183283 0.484777 0.233003
v 0.061852 0.362274 0.250000
v 0.064155 0.349483 0.250000
v 0.076038 0.351621 0.250000
v -0.066942 0.327944 0.250355
v 0.086132 0.621387 0.249914
v 0.203667 0.658261 0.211080
v 0.121902 0.364655 0.249962
v 0.124340 0.352776 0.249965
v 0.138991 0.359276 0.249408
v 0.154944 0.585179 0.243968
v 0.154829 0.594798 0.242788
v 0.137364 0.592293 0.245766
v -0.242154 0.351320 0.219440
v 0.162093 0.340974 0.248676
v -0.037805 0.737854 0.249837
v 0.127998 0.341226 0.250171
v 0.230206 0.787068 0.186796
v 0.249561 0.358642 0.228671
v 0.329497 0.357589 0.191764
v 0.025983 0.728526 0.250054
v 0.038607 0.729460 0.249774
v 0.236422 0.733889 0.190104
v 0.240261 0.746076 0.187321
v -0.346025 0.377249 0.184808
v -0.267752 0.557825 0.196254
v 0.146811 0.580963 0.245827
v 0.244257 0.341865 0.234056
v -0.053975 0.649416 0.249997
v -0.137948 0.777053 0.220432
v 0.269714 0.656388 0.180591
v 0.164536 0.826337 0.208677
v 0.156569 0.812607 0.212983
v 0.071200 0.442292 0.250001
v 0.241452 0.798157 0.181546
v -0.063754 0.790470 0.241768
v -0.284052 0.559092 0.190319
v 0.094609 0.400109 0.250000
v 0.083294 0.420141 0.250000
v 0.274678 0.423829 0.202271
v 0.257549 0.426417 0.209983
v -0.067625 0.398461 0.249997
v 0.063661 0.331491 0.250000
v 0.045589 0.823334 0.249977
v -0.242157 0.577981 0.203435
v -0.067534 0.344495 0.249864
v 0.284902 0.559771 0.190959
v -0.199597 0.425028 0.226745
v 0.020601 0.678960 0.250000
v 0.186510 0.658050 0.217439
v 0.176842 0.660634 0.220462
v -0.360871 0.387330 0.177550
v -0.163898 0.326008 0.246045
v 0.078392 0.646431 0.249156
v -0.180620 0.635930 0.223148
v 0.208920 0.582456 0.220063
v -0.154804 0.768782 0.216571
v -0.142070 0.757956 0.222576
v 0.177567 0.339363 0.247536
v 0.181629 0.327762 0.248753
v 0.174095 0.627824 0.226819
v 0.185171 0.625576 0.223714
v 0.178791 0.642391 0.222607
v 0.118746 0.752234 0.230899
v 0.268599 0.667348 0.185527
v 0.094644 0.683078 0.243018
v -0.345077 0.412778 0.183479
v -0.323392 0.411156 0.189474
v 0.044771 0.706548 0.249481
v -0.142185 0.639703 0.235078
v 0.149969 0.377690 0.248023
v -0.138348 0.660707 0.234852
v -0.071578 0.777016 0.240247
v -0.015041 0.326581 0.250000
v -0.039841 0.814478 0.245933
v -0.257584 0.700089 0.183836
v -0.034775 0.756175 0.249880
v -0.271403 0.350069 0.212124
v -0.280846 0.353766 0.206964
v 0.125689 0.495505 0.248308
v 0.116666 0.503776 0.249120
v 0.113525 0.486767 0.249864
v -0.201159 0.607973 0.216363
v -0.202820 0.596163 0.216046
v -0.216930 0.598559 0.210878
v 0.221097 0.449348 0.221807
v -0.127719 0.768659 0.224780
v -0.126311 0.753863 0.227896
v 0.142127 0.548245 0.244170
v -0.200257 0.338357 0.237003
v 0.241138 0.433481 0.215971
v -0.217739 0.521982 0.219929
v -0.211317 0.512118 0.221826
v -0.222145 0.505359 0.218125
v -0.072726 0.455254 0.249984
v 0.268026 0.684104 0.184023
v -0.019492 0.408667 0.250000
v -0.014429 0.396811 0.250000
v -0.029369 0.426542 0.250000
v -0.025186 0.416624 0.250000
v 0.106520 0.434202 0.250000
v -0.041663 0.548544 0.250000
v -0.054701 0.542902 0.249999
v -0.206779 0.745560 0.201871
v 0.006196 0.537122 0.250000
v -0.130924 0.425413 0.244932
v -0.280944 0.576910 0.190207
v -0.141058 0.479242 0.244022
v 0.051354 0.760324 0.249277
v -0.270369 0.431654 0.201335
v -0.057494 0.372845 0.249981
v 0.260951 0.414802 0.209680
v 0.166327 0.398266 0.243506
v 0.070656 0.579370 0.250000
v -0.151815 0.802145 0.213805
v -0.072659 0.677357 0.248873
v 0.153635 0.327293 0.249991
v 0.075616 0.540079 0.250000
v -0.376109 0.374454 0.185899
v 0.347613 0.356278 0.188757
v 0.232708 0.442079 0.218302
v 0.304386 0.430105 0.186052
v -0.088074 0.438870 0.250141
v -0.042716 0.635755 0.249998
v 0.037505 0.623455 0.249995
v 0.132740 0.677109 0.232593
v 0.214934 0.340604 0.241839
v -0.236780 0.446018 0.212727
v 0.303120 0.541431 0.184385
v 0.025619 0.741168 0.249858
v 0.166446 0.607346 0.235349
v 0.169931 0.615715 0.230981
v 0.183593 0.613337 0.228860
v 0.148488 0.754719 0.220198
v -0.309251 0.499362 0.185355
v -0.180423 0.735729 0.212063
v -0.187993 0.752608 0.207372
v -0.072786 0.597977 0.250150
v -0.115003 0.533867 0.245695
v 0.032392 0.340915 0.250000
v -0.053578 0.519831 0.249966
v 0.238377 0.352796 0.232972
v 0.231507 0.363869 0.231639
v 0.249136 0.708552 0.188061
v -0.025273 0.387194 0.250000
v -0.031323 0.400342 0.250000
v -0.040876 0.395467 0.250000
v 0.245756 0.776616 0.181941
v -0.034969 0.764922 0.249621
v -0.293819 0.349348 0.218240
v 0.154635 0.493351 0.245232
v 0.157982 0.501399 0.242346
v 0.253614 0.695623 0.187911
v 0.126360 0.733815 0.229316
v -0.079362 0.845038 0.238218
v -0.285247 0.548734 0.190346
v -0.239780 0.477728 0.214668
v -0.136084 0.706625 0.231370
v -0.155534 0.704931 0.226259
v -0.160464 0.818525 0.209699
v -0.051138 0.757534 0.247291
v -0.052423 0.389830 0.250000
v -0.237574 0.829021 0.181835
v -0.145485 0.461918 0.242625
v -0.306084 0.530993 0.185838
v -0.324097 0.456203 0.177077
v 0.170196 0.810571 0.207662
v 0.023450 0.534502 0.250000
v 0.014456 0.505571 0.250000
v 0.020899 0.499259 0.250000
v -0.174040 0.453617 0.234583
v 0.006760 0.786222 0.249695
v 0.000757 0.801497 0.250028
v -0.145602 0.375099 0.243577
v -0.081680 0.744848 0.242708
v 0.335858 0.382829 0.185922
v 0.040611 0.406587 0.250000
v 0.048795 0.401686 0.250000
v 0.032495 0.401627 0.250000
v -0.254976 0.377316 0.214858
v -0.129803 0.853221 0.219030
v 0.180317 0.814173 0.203342
v 0.184957 0.823304 0.200676
v 0.275182 0.335725 0.232595
v -0.207129 0.354804 0.230579
v -0.129818 0.530995 0.242680
v -0.320320 0.465966 0.175806
v 0.325442 0.397270 0.185053
v 0.147272 0.535707 0.242175
v -0.022049 0.791494 0.249184
v -0.028508 0.801956 0.247915
v -0.014297 0.807134 0.248952
v 0.183737 0.390612 0.239776
v -0.149318 0.536382 0.236970
v 0.039214 0.717162 0.249466
v 0.028651 0.704336 0.249928
v 0.035157 0.605972 0.250000
v -0.067440 0.642909 0.250070
v 0.072303 0.744283 0.245715
v 0.001980 0.830196 0.250873
v -0.305730 0.452975 0.184238
v 0.085943 0.850988 0.236492
v 0.084958 0.835984 0.241546
v 0.017402 0.809700 0.250218
v -0.121369 0.348940 0.247357
v 0.179708 0.736737 0.210448
v 0.025105 0.853175 0.246835
v 0.022451 0.836689 0.249639
v -0.202766 0.728793 0.206205
v -0.203757 0.714526 0.208100
v -0.221770 0.692389 0.202142
v -0.220042 0.678346 0.199814
v -0.063091 0.767111 0.243820
v -0.176280 0.622716 0.225396
v -0.187628 0.619333 0.221263
v 0.025548 0.445284 0.250000
v 0.021633 0.458912 0.250000
v 0.010422 0.453529 0.250000
v -0.006081 0.412607 0.250000
v 0.152548 0.830392 0.213369
v 0.143817 0.597889 0.243810
v -0.064782 0.569614 0.249990
v -0.035144 0.650362 0.250000
v -0.191811 0.843948 0.196414
v -0.054642 0.852105 0.240109
v 0.023202 0.408890 0.250000
v -0.185109 0.856866 0.196891
v 0.180726 0.768250 0.207217
v -0.036003 0.464024 0.250000
v -0.080057 0.530548 0.249971
v 0.112139 0.734240 0.234061
v 0.053494 0.618155 0.249995
v 0.146585 0.817490 0.216757
v 0.092824 0.408207 0.249999
v 0.103439 0.398002 0.249999
v 0.300338 0.550559 0.185570
v 0.041786 0.630595 0.250027
v -0.095190 0.766996 0.234780
v 0.296261 0.421466 0.191879
v 0.150628 0.612531 0.237279
v -0.204301 0.818063 0.194556
v 0.034418 0.664482 0.249973
v -0.183381 0.671019 0.216860
v 0.254526 0.678018 0.189467
v -0.017084 0.777703 0.249678
v -0.116709 0.696020 0.237975
v -0.223538 0.432022 0.218351
v -0.110746 0.482912 0.248420
v -0.169098 0.507602 0.237231
v 0.216753 0.644138 0.207992
v -0.147315 0.841399 0.213231
v 0.208837 0.394465 0.232256
v -0.048133 0.662964 0.249986
v 0.147843 0.845286 0.213551
v -0.039952 0.594076 0.250000
v -0.176075 0.804371 0.205462
v -0.184654 0.814720 0.201609
v -0.167643 0.794564 0.209191
v -0.158216 0.784840 0.213221
v 0.257210 0.487176 0.205422
v 0.075684 0.760807 0.244259
v 0.062418 0.759582 0.247457
v -0.127689 0.397132 0.245231
v -0.002635 0.667129 0.250000
v 0.001217 0.751114 0.249634
v -0.029405 0.447063 0.250000
v 0.242467 0.423371 0.216466
v 0.143156 0.432640 0.247147
v -0.271324 0.535384 0.197149
v -0.098451 0.792980 0.231816
v 0.232591 0.408362 0.222092
v 0.279082 0.344161 0.221299
v 0.253627 0.437918 0.210677
v 0.256420 0.456043 0.208131
v 0.264466 0.445923 0.205657
v -0.057606 0.656909 0.249971
v -0.104351 0.444381 0.249011
v 0.226706 0.813629 0.185594
v 0.052963 0.446493 0.250000
v -0.098686 0.600582 0.249579
v -0.066679 0.541687 0.249986
v 0.165254 0.484235 0.240088
v 0.147041 0.772378 0.219428
v -0.131832 0.377580 0.245875
v 0.177270 0.446853 0.236617
v 0.129191 0.456216 0.249154
v 0.124873 0.443460 0.249641
v 0.113285 0.449656 0.249934
v 0.194769 0.661916 0.213882
v 0.102818 0.758657 0.236009
v -0.259024 0.458279 0.203100
v 0.183649 0.704083 0.212516
v -0.087195 0.751665 0.238762
v 0.063354 0.488586 0.250000
v 0.162720 0.771076 0.213693
v -0.024044 0.571557 0.250000
v 0.134690 0.367289 0.249556
v -0.339111 0.394369 0.187315
v -0.079174 0.761249 0.239958
v 0.116913 0.614739 0.245187
v -0.150639 0.608917 0.234341
v 0.024737 0.349177 0.250000
v -0.007890 0.726201 0.249973
v -0.000645 0.731054 0.250045
v 0.284129 0.534021 0.192414
v -0.173243 0.607448 0.226529
v -0.100040 0.462658 0.249764
v -0.199803 0.482204 0.226572
v 0.182262 0.603465 0.234511
v 0.282347 0.435222 0.198031
v -0.133026 0.364317 0.246869
v 0.278539 0.573381 0.192010
v -0.089766 0.586786 0.249998
v -0.083281 0.596078 0.250204
v -0.075006 0.581866 0.249980
v 0.032341 0.392202 0.250000
v 0.039502 0.386501 0.250000
v -0.260690 0.687586 0.181710
v 0.037284 0.452746 0.250000
v -0.042016 0.515482 0.250001
v -0.209367 0.363044 0.228548
v -0.363532 0.369646 0.197945
v 0.188537 0.354723 0.243974
v -0.087819 0.603545 0.249650
v -0.111181 0.764955 0.230196
v -0.002863 0.605426 0.250000
v 0.156951 0.670879 0.225794
v -0.220787 0.670702 0.202518
v -0.097107 0.343663 0.248319
v 0.014657 0.617692 0.250000
v 0.086572 0.822298 0.240395
v 0.053785 0.548764 0.250000
v -0.083831 0.404679 0.249531
v 0.224610 0.716813 0.196272
v -0.203969 0.370362 0.229404
v 0.170418 0.474531 0.237074
v 0.075121 0.367484 0.250000
v -0.073141 0.409653 0.249928
v 0.029038 0.624155 0.250001
v 0.219431 0.700969 0.199932
v 0.235538 0.703438 0.193714
v 0.228382 0.678431 0.199200
v -0.299181 0.494723 0.196364
v 0.209184 0.506705 0.224133
v 0.008733 0.518744 0.250000
v -0.107387 0.726796 0.235829
v 0.251716 0.668140 0.190935
v 0.255561 0.656000 0.189054
v -0.138980 0.743735 0.224681
v -0.147268 0.729431 0.222844
v -0.118261 0.492215 0.247195
v 0.025632 0.427990 0.250000
v 0.120374 0.521539 0.248651
v -0.272419 0.668312 0.186209
v 0.324592 0.370070 0.192758
v 0.091104 0.366329 0.250000
v 0.285139 0.504047 0.193677
v -0.043289 0.799688 0.245731
v -0.262183 0.405072 0.208683
v -0.274322 0.393799 0.208131
v -0.276636 0.407660 0.203611
v 0.060665 0.542949 0.250000
v 0.014220 0.421293 0.250000
v 0.099599 0.362293 0.249999
v 0.091159 0.374631 0.249997
v 0.065731 0.515475 0.250000
v 0.098573 0.628245 0.248097
v 0.195172 0.545881 0.225548
v -0.135813 0.732512 0.226639
v -0.104721 0.701684 0.239827
v 0.102369 0.800031 0.234723
v 0.229638 0.500205 0.215247
v 0.231330 0.488414 0.214841
v -0.227757 0.642455 0.205250
v -0.227124 0.628601 0.206517
v 0.080276 0.605459 0.250030
v 0.174522 0.861474 0.199320
v -0.192612 0.799089 0.200431
v 0.239924 0.692035 0.193384
v -0.002783 0.430673 0.250000
v -0.189970 0.506836 0.229482
v 0.038895 0.832290 0.250088
v 0.028503 0.826548 0.250474
v 0.095595 0.515691 0.249970
v -0.199712 0.518589 0.226126
v -0.087044 0.852629 0.232112
v 0.311108 0.350882 0.204650
v 0.130191 0.482286 0.248234
v -0.028383 0.603107 0.250000
v -0.057701 0.555795 0.250000
v 0.159389 0.529754 0.238622
v 0.123615 0.394882 0.249805
v 0.256966 0.632078 0.193579
v 0.275386 0.633981 0.184553
v 0.310657 0.397216 0.184997
v -0.275253 0.498539 0.202369
v 0.000502 0.652701 0.250000
v -0.013718 0.661427 0.250000
v -0.125064 0.625540 0.241963
v -0.237096 0.705051 0.198520
v 0.256146 0.614569 0.200708
v -0.191985 0.649408 0.217328
v -0.022382 0.618477 0.250000
v -0.009059 0.628923 0.250000
v -0.083629 0.771066 0.237862
v -0.030395 0.614017 0.249997
v 0.243989 0.503648 0.209528
v -0.304736 0.399296 0.201624
v 0.207788 0.794875 0.194550
v -0.018298 0.726718 0.249979
v -0.066350 0.530512 0.249963
v -0.286367 0.444059 0.193320
v -0.291934 0.452018 0.189727
v 0.223418 0.803638 0.187792
v -0.041252 0.421917 0.250000
v 0.036835 0.840458 0.249705
v -0.007646 0.582160 0.250000
v 0.090517 0.440873 0.249951
v 0.101908 0.445447 0.250000
v 0.099698 0.429373 0.249997
v 0.096617 0.841672 0.238298
v 0.208473 0.764444 0.197224
v 0.152774 0.857552 0.208071
v -0.240342 0.382672 0.218464
v -0.236284 0.370896 0.219636
v -0.227097 0.385308 0.221802
v -0.097301 0.327774 0.250042
v -0.212704 0.666540 0.206676
v -0.191999 0.631829 0.219145
v 0.129527 0.855175 0.217659
v -0.165502 0.811234 0.208476
v -0.027501 0.686262 0.250021
v -0.063309 0.606870 0.250065
v -0.055682 0.597048 0.249998
v -0.218220 0.563608 0.212879
v -0.137503 0.632725 0.237359
v 0.090695 0.805955 0.239350
v 0.072644 0.825099 0.245324
v 0.068651 0.814538 0.246400
v 0.057740 0.818666 0.248794
v 0.183105 0.519800 0.231673
v -0.258928 0.606275 0.194600
v 0.121268 0.713634 0.232505
v -0.267785 0.341067 0.227276
v -0.027593 0.639308 0.250000
v -0.035611 0.577634 0.250000
v -0.007305 0.700311 0.249988
v -0.041271 0.339180 0.250000
v 0.249065 0.410454 0.215343
v -0.105703 0.714846 0.237500
v -0.120427 0.723855 0.232271
v 0.167103 0.597918 0.239749
v 0.259183 0.538075 0.202002
v 0.184926 0.536458 0.229762
v 0.194876 0.529071 0.226805
v 0.198909 0.821693 0.195380
v 0.007446 0.609697 0.250000
v -0.247847 0.686418 0.185185
v -0.256653 0.571535 0.198962
v 0.129892 0.525206 0.247068
v 0.006879 0.689026 0.250000
v 0.018873 0.690841 0.249990
v -0.017392 0.852096 0.244842
v -0.127199 0.633572 0.240137
v -0.135177 0.495731 0.244672
v -0.248782 0.800694 0.181384
v 0.117289 0.765129 0.230650
v 0.126109 0.768204 0.227360
v -0.135040 0.839452 0.218157
v -0.273143 0.379666 0.209266
v -0.248918 0.454830 0.207532
v 0.009664 0.406946 0.250000
v 0.087578 0.765914 0.240626
v 0.098461 0.769818 0.236955
v 0.219200 0.408148 0.227008
v 0.231788 0.601099 0.211264
v -0.024573 0.823282 0.248837
v 0.164649 0.816604 0.209411
v 0.172731 0.559026 0.234309
v -0.232061 0.684987 0.192118
v -0.116385 0.463861 0.248946
v -0.251079 0.593267 0.198857
v -0.121355 0.365440 0.247848
v 0.198189 0.728165 0.204666
v 0.187356 0.730089 0.208367
v -0.124844 0.474226 0.247317
v -0.240469 0.409817 0.214802
v 0.132981 0.795658 0.223292
v -0.070186 0.810035 0.239769
v 0.200906 0.606279 0.229945
v 0.194825 0.852197 0.193680
v 0.203583 0.857248 0.189788
v 0.316965 0.474733 0.183554
v -0.010761 0.340275 0.250000
v -0.354639 0.370019 0.190455
v -0.023058 0.661470 0.250000
v -0.137613 0.350948 0.246058
v 0.192227 0.438421 0.232604
v -0.103029 0.607726 0.248221
v -0.018684 0.676608 0.250005
v -0.007979 0.685130 0.250001
v 0.031864 0.799554 0.250340
v 0.004861 0.570387 0.250000
v -0.003029 0.566847 0.250000
v 0.266279 0.554447 0.198154
v 0.160770 0.682387 0.223070
v 0.163981 0.694198 0.220536
v 0.167313 0.705620 0.218064
v -0.007877 0.841842 0.249941
v -0.124411 0.433599 0.246674
v -0.113499 0.439220 0.248104
v -0.108889 0.428389 0.247695
v 0.244326 0.570914 0.204060
v 0.039789 0.378217 0.250000
v 0.184904 0.676723 0.215427
v -0.171424 0.386123 0.236499
v -0.298684 0.571567 0.184633
v -0.122675 0.526666 0.244718
v -0.040549 0.778941 0.247376
v -0.161752 0.372835 0.240021
v 0.218047 0.709244 0.199506
v -0.101063 0.510357 0.249841
v -0.091197 0.508411 0.250436
v -0.092092 0.523390 0.249171
v -0.278369 0.474432 0.193671
v 0.193348 0.827608 0.196960
v 0.123830 0.602913 0.246015
v -0.098236 0.823390 0.231696
v -0.094171 0.815024 0.232751
v -0.079248 0.393940 0.249990
v -0.094299 0.400508 0.249150
v 0.051000 0.360577 0.250000
v 0.232753 0.390508 0.224915
v -0.111514 0.816056 0.226945
v -0.043648 0.842358 0.247970
v -0.039716 0.851733 0.243340
v 0.167215 0.532570 0.236000
v -0.195869 0.383801 0.230454
v -0.181040 0.399424 0.233263
v 0.337892 0.355723 0.201633
v -0.253140 0.430864 0.207767
v 0.284974 0.589913 0.185828
v -0.125587 0.546211 0.242715
v -0.068327 0.715837 0.246523
v 0.010757 0.676981 0.249999
v -0.109503 0.411200 0.247662
v -0.273319 0.454101 0.197239
v -0.065522 0.798255 0.240995
v -0.254026 0.517644 0.205748
v 0.116980 0.327082 0.250004
v 0.017624 0.335013 0.250000
v -0.093361 0.668194 0.247071
v 0.060796 0.521753 0.250000
v -0.304771 0.540419 0.182251
v -0.009692 0.375923 0.250000
v -0.052347 0.415958 0.249998
v -0.222604 0.347686 0.227453
v -0.265916 0.373539 0.209241
v 0.175723 0.690977 0.216881
v -0.022956 0.371016 0.250000
v -0.035876 0.411204 0.250000
v -0.181223 0.693643 0.218777
v -0.147866 0.383028 0.241817
v -0.108240 0.853556 0.225658
v 0.237465 0.634929 0.200893
v 0.042774 0.582809 0.250000
v 0.032279 0.575234 0.250000
v 0.076052 0.432493 0.250000
v 0.220420 0.523819 0.218268
v 0.079793 0.810175 0.243076
v 0.069134 0.719751 0.246902
v 0.005688 0.553449 0.250000
v -0.170305 0.471018 0.235862
v -0.186097 0.469102 0.230991
v -0.172175 0.461792 0.235235
v -0.024679 0.717615 0.249776
v 0.075062 0.476914 0.250000
v 0.171792 0.667189 0.221263
v -0.262154 0.417383 0.206430
v -0.046598 0.768576 0.247524
v 0.029733 0.807587 0.250275
v 0.060698 0.566181 0.250000
v 0.279138 0.521462 0.194946
v -0.078803 0.808312 0.237398
v 0.263631 0.571295 0.197161
v -0.176744 0.842483 0.202015
v -0.176516 0.760588 0.210460
v 0.161023 0.859311 0.204466
v -0.134029 0.468351 0.245523
v -0.127548 0.458380 0.246685
v -0.132800 0.442392 0.245225
v 0.196622 0.777244 0.200432
v 0.194108 0.761989 0.202801
v 0.237154 0.616930 0.216539
v 0.005095 0.343243 0.250000
v 0.000686 0.336342 0.250000
v -0.010260 0.651427 0.250000
v 0.232331 0.336971 0.239245
v -0.259052 0.751429 0.183140
v -0.102171 0.386262 0.249240
v -0.010444 0.552159 0.250000
v -0.030509 0.488599 0.250000
v -0.044442 0.486947 0.250000
v -0.038712 0.500387 0.250000
v 0.073708 0.567944 0.249999
v 0.323895 0.412372 0.179029
v 0.197305 0.838613 0.194293
v 0.084815 0.325753 0.250000
v 0.259482 0.591586 0.193825
v -0.155440 0.753054 0.218483
v -0.313661 0.460019 0.179686
v -0.300022 0.434398 0.190111
v -0.289838 0.434979 0.193633
v 0.165074 0.516178 0.237734
v 0.000979 0.400416 0.250000
v 0.182383 0.378642 0.241676
v -0.137673 0.557719 0.239476
v -0.128854 0.646799 0.238675
v -0.290673 0.418850 0.196585
v -0.154977 0.377985 0.240863
v -0.145927 0.367059 0.244692
v -0.218687 0.363980 0.225337
v -0.276083 0.415893 0.201981
v 0.077526 0.618309 0.249966
v -0.258534 0.647190 0.193716
v 0.201534 0.569914 0.222605
v 0.216837 0.570570 0.215472
v 0.143410 0.801208 0.218960
v 0.223754 0.508934 0.217661
v -0.056472 0.400655 0.249999
v 0.064948 0.747927 0.247552
v 0.311478 0.412433 0.185228
v 0.046004 0.807778 0.249387
v 0.042800 0.798443 0.249617
v 0.042329 0.815883 0.249878
v 0.177260 0.353186 0.245923
v -0.087543 0.783984 0.235530
v -0.216891 0.850711 0.186973
v -0.115987 0.711973 0.234843
v -0.215009 0.813406 0.191365
v 0.082461 0.427911 0.250002
v -0.241286 0.639182 0.200712
v -0.168288 0.724571 0.218104
v -0.159147 0.722866 0.220798
v -0.175375 0.719968 0.218621
v -0.033398 0.353511 0.250000
v -0.038640 0.366020 0.250000
v 0.291185 0.578462 0.187014
v -0.169133 0.399405 0.236233
v 0.023918 0.388044 0.250000
v 0.016507 0.393261 0.250000
v 0.116393 0.799821 0.229406
v 0.116339 0.790977 0.229610
v -0.220655 0.797103 0.191174
v -0.229913 0.799680 0.187762
v -0.232592 0.808842 0.185869
v 0.002656 0.814325 0.250405
v -0.077906 0.852118 0.234717
v 0.161678 0.547209 0.237816
v 0.052862 0.431656 0.250000
v -0.101368 0.657456 0.245261
v 0.201844 0.675999 0.209414
v -0.139518 0.341405 0.246364
v 0.101920 0.474652 0.249969
v 0.104812 0.461528 0.249953
v 0.312414 0.436567 0.181776
v -0.239592 0.594843 0.202847
v 0.219048 0.419069 0.225706
v -0.240472 0.606512 0.201632
v -0.243241 0.615088 0.200381
v -0.228620 0.617422 0.206146
v -0.316632 0.443188 0.182323
v -0.113425 0.389129 0.248041
v 0.238356 0.678972 0.195383
v -0.052448 0.481894 0.250006
v -0.198387 0.466874 0.227042
v 0.049799 0.462395 0.250000
v 0.125677 0.691547 0.233238
v 0.214210 0.671124 0.205407
v 0.052786 0.727331 0.249151
v 0.060127 0.732179 0.247856
v 0.051950 0.719352 0.249327
v -0.015365 0.474463 0.250000
v 0.044991 0.326070 0.250000
v -0.220910 0.782919 0.192627
v -0.236267 0.783108 0.187351
v 0.128526 0.428186 0.249644
v -0.326417 0.419892 0.185199
v -0.062795 0.632980 0.249962
v 0.209045 0.556076 0.219558
v 0.127563 0.654302 0.236976
v -0.226589 0.489385 0.217745
v 0.116125 0.457695 0.249737
v 0.248934 0.618988 0.207477
v -0.193511 0.547042 0.222531
v -0.142270 0.432075 0.242774
v -0.104916 0.679980 0.242997
v -0.081898 0.549404 0.250037
v -0.076069 0.543605 0.249936
v -0.094871 0.652148 0.246679
v -0.085685 0.658229 0.248347
v 0.110480 0.384900 0.250030
v 0.196836 0.744924 0.203456
v -0.274009 0.467339 0.195820
v -0.111857 0.509345 0.248727
v 0.254192 0.398778 0.214981
v 0.248290 0.384586 0.220366
v 0.241040 0.394627 0.221060
v 0.336789 0.362002 0.180171
v 0.321404 0.358349 0.189043
v -0.015861 0.613701 0.250000
v 0.100345 0.500739 0.250008
v 0.240030 0.457923 0.214197
v 0.120266 0.630802 0.243039
v 0.150246 0.345565 0.249246
v 0.049489 0.419831 0.250000
v -0.006081 0.717104 0.250005
v -0.259055 0.345477 0.219593
v -0.277438 0.347476 0.216540
v 0.198544 0.500454 0.228345
v 0.131679 0.755460 0.226190
v 0.240140 0.720449 0.190183
v 0.138488 0.831854 0.219300
v 0.316898 0.371773 0.196933
v -0.050947 0.791597 0.244601
v -0.046644 0.784180 0.245845
v 0.227072 0.374382 0.230207
v 0.016472 0.642147 0.250000
v -0.014605 0.524994 0.250000
v 0.225796 0.456505 0.219438
v 0.032060 0.418681 0.250000
v -0.177835 0.360850 0.237739
v 0.219993 0.869800 0.182339
v -0.016644 0.633220 0.250000
v 0.097503 0.713807 0.239670
v -0.159170 0.342312 0.244043
v 0.106249 0.370151 0.249991
v -0.131415 0.719817 0.228749
v 0.097548 0.599440 0.250113
v -0.102377 0.587937 0.249054
v 0.174249 0.846290 0.202571
v -0.188821 0.402997 0.230964
v -0.320417 0.434329 0.183035
v -0.016359 0.823471 0.249764
v 0.265586 0.521589 0.200301
v 0.153891 0.396758 0.246767
v 0.264051 0.604463 0.191314
v -0.233732 0.532285 0.211458
v 0.006172 0.358773 0.250000
v 0.270880 0.641605 0.185117
v -0.050028 0.560803 0.250000
v 0.082819 0.390215 0.250000
v -0.082444 0.579847 0.250028
v -0.083279 0.564783 0.249805
v 0.098938 0.742858 0.237925
v -0.093180 0.704052 0.242255
v -0.236589 0.792493 0.186257
v -0.241674 0.662092 0.197668
v -0.111273 0.629679 0.244487
v -0.171318 0.336602 0.243063
v 0.034141 0.755095 0.249958
v 0.211887 0.756111 0.196787
v 0.226514 0.760725 0.190864
v -0.063065 0.585467 0.250000
v -0.089438 0.550440 0.250363
v -0.103256 0.544223 0.247572
v 0.110969 0.351959 0.249997
v 0.110318 0.773612 0.232700
v 0.088496 0.433381 0.249999
v -0.073506 0.627762 0.249957
v -0.068009 0.618005 0.250029
v -0.093410 0.799123 0.233175
v -0.102434 0.572823 0.248999
v -0.108964 0.568252 0.248149
v 0.141148 0.575400 0.247482
v 0.203504 0.343059 0.243438
v 0.206523 0.383155 0.234726
v 0.203190 0.369232 0.238157
v -0.062977 0.851937 0.238543
v 0.319496 0.450080 0.183139
v 0.208653 0.642722 0.211486
v 0.123079 0.510507 0.248206
v -0.226268 0.655338 0.204260
v -0.244692 0.652163 0.198129
v -0.050415 0.630896 0.249994
v -0.059514 0.643312 0.249981
v -0.294265 0.585742 0.185066
v -0.204289 0.649739 0.212915
v -0.148971 0.563240 0.235960
v -0.042548 0.678483 0.249985
v 0.158817 0.639250 0.229907
v 0.103757 0.414955 0.250013
v 0.121954 0.666544 0.237006
v 0.112709 0.659366 0.240175
v -0.074826 0.383562 0.249953
v -0.070708 0.372320 0.249977
v -0.269675 0.364685 0.206272
v -0.283534 0.372221 0.201818
v 0.137699 0.558007 0.246994
v 0.081030 0.658147 0.247386
v 0.195657 0.591681 0.231907
v 0.204860 0.596903 0.228834
v 0.149555 0.786240 0.217535
v 0.159048 0.719489 0.219364
v 0.000182 0.532232 0.250000
v -0.003560 0.521097 0.250000
v -0.071101 0.351506 0.249700
v -0.010772 0.668755 0.250000
v -0.252948 0.712345 0.190406
v 0.017782 0.353128 0.250000
v -0.315119 0.364777 0.195855
v 0.120146 0.781430 0.228724
v 0.045937 0.846017 0.248878
v -0.156335 0.552290 0.234061
v 0.280155 0.608911 0.183843
v 0.091253 0.755126 0.239884
v 0.053982 0.808134 0.248574
v 0.094268 0.576645 0.249862
v 0.105730 0.576325 0.249562
v 0.101622 0.589419 0.249680
v -0.232168 0.408549 0.217616
v 0.116345 0.697419 0.235302
v 0.111474 0.683777 0.238122
v -0.147280 0.624775 0.237079
v 0.162911 0.570861 0.240139
v -0.267395 0.494588 0.205348
v 0.091483 0.463133 0.249989
v -0.261448 0.697553 0.189312
v -0.170308 0.709493 0.220365
v 0.254526 0.346789 0.229384
v 0.194887 0.392914 0.236662
v -0.000699 0.596887 0.250000
v 0.222352 0.536135 0.216260
v 0.023306 0.379632 0.250000
v 0.008805 0.381271 0.250000
v 0.045568 0.526080 0.250000
v 0.040477 0.515043 0.250000
v 0.033369 0.508396 0.250000
v 0.031981 0.778612 0.250114
v -0.016608 0.485584 0.250000
v -0.213752 0.464977 0.221793
v 0.252893 0.373630 0.222357
v 0.256999 0.363132 0.225437
v 0.268612 0.369183 0.220681
v -0.246551 0.726609 0.190593
v 0.067346 0.496881 0.250000
v -0.268590 0.599795 0.191905
v 0.238054 0.378949 0.225580
v 0.082118 0.356547 0.250000
v 0.083762 0.372072 0.250000
v -0.052349 0.573015 0.249999
v -0.146500 0.659144 0.232002
v -0.264667 0.512614 0.202764
v 0.001297 0.714614 0.250006
v -0.019285 0.765854 0.249805
v 0.111468 0.600528 0.248442
v 0.321518 0.404603 0.177790
v -0.010358 0.743855 0.249949
v 0.100497 0.536652 0.249991
v -0.184221 0.775066 0.205987
v 0.235450 0.822045 0.181448
v 0.190206 0.449358 0.232274
v 0.022921 0.821431 0.250773
v -0.201017 0.673240 0.209042
v 0.124821 0.683749 0.234180
v -0.083900 0.684883 0.246520
v -0.045829 0.752148 0.248335
v -0.046653 0.744154 0.249335
v 0.143919 0.656972 0.231831
v -0.243486 0.463667 0.210373
v 0.104176 0.649138 0.243619
v 0.104702 0.604360 0.249209
v 0.100939 0.614318 0.249058
v -0.160109 0.763200 0.215764
v -0.167549 0.772392 0.211846
v 0.131966 0.406046 0.250429
v 0.148918 0.671734 0.228287
v 0.079720 0.548899 0.250000
v 0.088391 0.548512 0.250011
v 0.081514 0.535017 0.250000
v 0.221754 0.385555 0.229562
v -0.106907 0.523660 0.248198
v -0.157483 0.456427 0.239413
v 0.245658 0.609750 0.208214
v 0.230665 0.604702 0.218028
v 0.125310 0.548056 0.249005
v -0.184820 0.418068 0.231441
v 0.092739 0.507926 0.249996
v -0.334837 0.369971 0.190530
v -0.326018 0.372243 0.189143
v 0.012383 0.558002 0.250000
v 0.206078 0.684948 0.206737
v 0.002757 0.435928 0.250000
v 0.141435 0.505564 0.245296
v -0.022543 0.755148 0.249984
v -0.142563 0.608596 0.236613
v 0.052025 0.641444 0.249906
v 0.112621 0.422612 0.249988
v 0.121086 0.412869 0.250013
v 0.261320 0.625453 0.193596
v -0.204808 0.539779 0.219416
v -0.215010 0.427571 0.221584
v -0.171029 0.731909 0.215650
v 0.298957 0.414123 0.191414
v 0.090016 0.608952 0.249824
v 0.290325 0.362373 0.209988
v 0.268758 0.478013 0.201737
v -0.282381 0.624101 0.182953
v 0.074518 0.457360 0.250002
v -0.259608 0.738039 0.184391
v -0.110374 0.617774 0.246775
v -0.098154 0.626100 0.247468
v 0.119017 0.845289 0.226248
v 0.124923 0.640593 0.239940
v 0.072689 0.502714 0.250000
v -0.077667 0.558582 0.249888
v -0.189992 0.325792 0.243616
v -0.018462 0.431386 0.250000
v -0.063804 0.471777 0.250004
v -0.069257 0.466369 0.249997
v 0.195400 0.869619 0.190603
v 0.132673 0.510984 0.246669
v -0.161195 0.582457 0.230925
v 0.200304 0.705559 0.206372
v 0.313861 0.356765 0.193866
v -0.021626 0.808985 0.248106
v 0.171720 0.654695 0.223167
v -0.270464 0.585257 0.192980
v -0.255685 0.761167 0.183041
v 0.017790 0.590971 0.250000
v -0.134471 0.506485 0.244148
v -0.142795 0.509689 0.242782
v 0.050790 0.574261 0.250000
v 0.048255 0.560374 0.250000
v -0.080004 0.469539 0.250033
v 0.204660 0.514685 0.225546
v -0.002537 0.785672 0.250008
v 0.243544 0.537956 0.208055
v 0.275477 0.361759 0.219039
v 0.036361 0.638980 0.249982
v -0.087474 0.498055 0.249930
v -0.084097 0.484182 0.250053
v 0.231473 0.653749 0.200419
v -0.224309 0.635386 0.207160
v -0.071892 0.338489 0.249487
v 0.046224 0.731167 0.249793
v -0.008576 0.535737 0.250000
v -0.023544 0.533183 0.250000
v -0.077513 0.666531 0.249403
v -0.268618 0.615613 0.189219
v 0.029474 0.485242 0.250000
v 0.061031 0.828545 0.247973
v -0.144873 0.325329 0.247572
v 0.209385 0.545177 0.220262
v 0.209475 0.536586 0.220952
v -0.266296 0.641152 0.191571
v -0.276514 0.650562 0.186960
v -0.137654 0.645801 0.236019
v -0.134532 0.653916 0.236472
v 0.239149 0.450166 0.215201
v 0.183681 0.501494 0.235330
v 0.043937 0.363483 0.250000
v -0.074971 0.504180 0.249988
v -0.066317 0.503420 0.250016
v -0.078316 0.511356 0.250571
v 0.114562 0.745378 0.232705
v -0.252673 0.628664 0.197617
v 0.139872 0.448787 0.247499
v -0.233335 0.332535 0.235448
v -0.195094 0.741658 0.206403
v -0.078400 0.635332 0.249908
v -0.092485 0.640473 0.248687
v -0.088655 0.631032 0.249060
v -0.149916 0.445712 0.241222
v -0.167679 0.644605 0.226332
v -0.154281 0.636143 0.232084
v -0.188882 0.349821 0.236729
v -0.145902 0.765618 0.219915
v 0.209225 0.431174 0.227780
v 0.046153 0.830839 0.249386
v -0.082819 0.621129 0.249718
v -0.064526 0.782853 0.241897
v -0.211657 0.379814 0.226552
v -0.133564 0.758376 0.224927
v 0.070895 0.488576 0.250000
v 0.191875 0.796509 0.200459
v 0.269583 0.547333 0.197423
v 0.083111 0.632627 0.249874
v 0.015683 0.743219 0.249607
v 0.045771 0.714036 0.249897
v 0.050333 0.743685 0.249801
v 0.241994 0.477567 0.211754
v -0.128339 0.794600 0.222174
v 0.173430 0.796774 0.207528
v -0.020685 0.463007 0.250000
v -0.025851 0.453622 0.250000
v -0.030519 0.828099 0.248877
v -0.016835 0.564347 0.250000
v -0.032057 0.561363 0.250000
v -0.299292 0.516487 0.190755
v 0.168796 0.540368 0.235315
v -0.344859 0.400386 0.193943
v 0.025015 0.630498 0.250001
v -0.089130 0.389575 0.249817
v 0.196351 0.645473 0.215753
v -0.163286 0.519495 0.235692
v -0.160004 0.505557 0.240234
v -0.001616 0.559480 0.250000
v -0.278453 0.428570 0.198892
v 0.222691 0.433067 0.222877
v -0.011477 0.814465 0.249595
v -0.016965 0.785805 0.249684
v 0.270618 0.620643 0.201237
v -0.217305 0.724645 0.201570
v 0.150782 0.601148 0.241260
v 0.137310 0.634827 0.237508
v 0.187662 0.650713 0.218141
v -0.146721 0.593897 0.235064
v -0.024765 0.505982 0.250000
v -0.181398 0.324070 0.245077
v -0.095731 0.417586 0.249109
v -0.229622 0.695250 0.201395
v 0.249046 0.586041 0.199346
v -0.158031 0.645643 0.229337
v 0.247789 0.600469 0.199934
v -0.056248 0.839944 0.246436
v -0.066943 0.842346 0.242309
v -0.217432 0.337896 0.232829
v -0.215527 0.328155 0.239944
v -0.248052 0.677354 0.190769
v -0.048981 0.620707 0.249982
v 0.175350 0.705082 0.215329
v -0.074123 0.517880 0.250471
v -0.103333 0.755021 0.233735
v 0.231014 0.536815 0.212954
v -0.315437 0.427437 0.186461
v -0.147044 0.355062 0.244803
v -0.058006 0.754222 0.245791
v -0.069719 0.752473 0.243355
v -0.071364 0.762418 0.242008
v 0.247664 0.472465 0.210106
v 0.011046 0.764996 0.250670
v 0.015130 0.543774 0.250000
v -0.214965 0.443622 0.220869
v 0.217745 0.656292 0.205843
v -0.317788 0.360203 0.200731
v -0.327579 0.361447 0.200116
v -0.068773 0.489138 0.250000
v -0.066050 0.517590 0.250335
v -0.212890 0.394385 0.224889
v -0.139334 0.790817 0.218787
v -0.145866 0.399199 0.241280
v 0.129540 0.844493 0.221768
v 0.056238 0.625133 0.250017
v 0.019206 0.571345 0.250000
v -0.092456 0.722931 0.240395
v -0.303859 0.408010 0.195596
v -0.288054 0.405202 0.201044
v -0.293484 0.411175 0.197451
v -0.260833 0.715233 0.186789
v -0.018869 0.541364 0.250000
v -0.239772 0.754274 0.189403
v -0.146127 0.715502 0.226864
v 0.009578 0.581952 0.250000
v 0.101001 0.550633 0.249930
v 0.127477 0.420688 0.249523
v 0.136056 0.415778 0.248935
v -0.125796 0.578488 0.242313
v -0.045974 0.407045 0.250000
v 0.123314 0.831950 0.225859
v 0.148681 0.688330 0.226288
v 0.225207 0.608192 0.222687
v 0.217602 0.604998 0.226810
v -0.030226 0.586460 0.250000
v 0.074401 0.780701 0.243505
v 0.213203 0.741372 0.197816
v 0.182417 0.586675 0.237991
v 0.167083 0.582469 0.242802
v -0.165106 0.494155 0.237693
v -0.038686 0.437251 0.250000
v -0.044737 0.442250 0.249999
v -0.281220 0.632954 0.187474
v -0.170507 0.411483 0.235627
v 0.313105 0.347255 0.216906
v 0.051091 0.477767 0.250000
v 0.296756 0.437850 0.190837
v 0.292220 0.448264 0.193752
v -0.276579 0.544271 0.194145
v 0.144036 0.617379 0.237847
v 0.142309 0.493460 0.247494
v 0.318981 0.433490 0.176821
v -0.018709 0.518746 0.250000
v -0.101853 0.732806 0.237176
v -0.207448 0.429592 0.224030
v -0.116365 0.688589 0.239570
v 0.024283 0.565734 0.250000
v -0.184651 0.646096 0.220363
v 0.188852 0.599380 0.235793
v 0.191597 0.612007 0.227999
v 0.138481 0.395175 0.249738
v 0.194170 0.573512 0.226630
v 0.188291 0.856524 0.195518
v -0.067257 0.729557 0.245833
v 0.091794 0.728560 0.240480
v -0.336506 0.403459 0.193880
v -0.058856 0.725674 0.247642
v -0.052714 0.717601 0.248909
v 0.127211 0.741307 0.228642
v 0.195843 0.810416 0.197643
v -0.128859 0.514874 0.246674
v -0.241992 0.622442 0.201223
v 0.352605 0.364323 0.191934
v -0.382994 0.378178 0.191871
v -0.135394 0.334750 0.247067
v -0.150786 0.780420 0.216142
v 0.271267 0.463931 0.201746
v 0.275542 0.452617 0.200666
v 0.285829 0.458117 0.196203
v 0.015409 0.712321 0.250050
v -0.038241 0.525730 0.250001
v 0.138307 0.343398 0.250049
v -0.261890 0.578351 0.196578
v -0.051602 0.689562 0.249977
v 0.327054 0.353417 0.211025
v -0.266652 0.468554 0.199928
v -0.124948 0.684135 0.237931
v -0.124056 0.698755 0.235749
v -0.128081 0.746876 0.229133
v -0.116085 0.740140 0.232866
v 0.235079 0.624725 0.205693
v 0.135641 0.779905 0.223188
v 0.025372 0.718149 0.250012
v -0.195978 0.663254 0.213414
v 0.064192 0.611025 0.250001
v 0.210663 0.615531 0.220847
v 0.067629 0.704814 0.247091
v 0.165524 0.501762 0.240708
v 0.159449 0.663874 0.225881
v -0.078431 0.833086 0.239341
v 0.099890 0.698035 0.239391
v 0.089435 0.695869 0.242359
v -0.200745 0.776838 0.200187
v 0.300044 0.381122 0.203118
v 0.195739 0.584933 0.228793
v 0.188678 0.586084 0.233120
v 0.288527 0.421026 0.195756
v 0.284755 0.409828 0.199109
v 0.019365 0.776033 0.249822
v -0.268333 0.626669 0.192728
v 0.108625 0.508814 0.249753
v 0.280665 0.442976 0.198755
v -0.285509 0.610225 0.184562
v 0.149472 0.628514 0.234507
v 0.158084 0.624040 0.232446
v -0.345238 0.364981 0.203195
v 0.295481 0.474222 0.191691
v 0.217942 0.473160 0.220645
v -0.064866 0.387760 0.249991
v -0.040479 0.601401 0.249999
v -0.242880 0.765829 0.186920
v 0.104236 0.784772 0.233774
v -0.105666 0.643417 0.245245
v 0.137380 0.855861 0.214424
v -0.252751 0.472040 0.207611
v 0.121296 0.337852 0.250021
v -0.221457 0.613240 0.208822
v 0.038712 0.550988 0.250000
v 0.034930 0.652227 0.250026
v 0.032517 0.853500 0.246998
v -0.113173 0.592660 0.245951
v -0.136540 0.603699 0.238780
v 0.054784 0.532751 0.250000
v -0.015909 0.751648 0.249984
v -0.031865 0.344719 0.250000
v -0.182960 0.722280 0.215169
v -0.186517 0.728704 0.211722
v -0.277247 0.460618 0.194789
v -0.196400 0.718219 0.210136
v 0.053853 0.793792 0.248252
v -0.230922 0.768637 0.190772
v -0.116322 0.569040 0.245995
v -0.228380 0.757588 0.192946
v -0.033411 0.375274 0.250000
v 0.134994 0.670108 0.232728
v -0.044565 0.729123 0.248940
v -0.124934 0.325351 0.248456
v -0.121351 0.649767 0.240727
v -0.115922 0.639005 0.242709
v -0.275867 0.604891 0.188687
v 0.142446 0.376572 0.249157
v 0.152925 0.649640 0.230181
v -0.221654 0.577615 0.210620
v 0.032409 0.590096 0.250000
v -0.316945 0.370633 0.191312
v 0.108160 0.671663 0.239969
v -0.252860 0.485922 0.210345
v -0.070005 0.652468 0.249974
v 0.085656 0.734956 0.242119
v 0.182428 0.466486 0.232997
v 0.215095 0.724928 0.198872
v 0.041397 0.441997 0.250000
v -0.276157 0.628332 0.183976
v 0.106235 0.468803 0.249812
v -0.250626 0.702229 0.193753
v -0.247186 0.696232 0.185252
v -0.256000 0.390835 0.213387
v -0.012066 0.644446 0.250000
v -0.133599 0.618012 0.241464
v 0.134492 0.719095 0.227724
v 0.141509 0.425399 0.247730
v 0.065598 0.427123 0.250000
v 0.295760 0.572058 0.186157
v -0.004738 0.832423 0.250692
v -0.161687 0.710189 0.223717
v -0.259093 0.543636 0.200779
v -0.080041 0.786055 0.237570
v -0.311808 0.391207 0.200802
v -0.328266 0.391906 0.194910
v -0.321453 0.385810 0.190974
v -0.267980 0.438882 0.201215
v -0.235519 0.858429 0.179965
v 0.109044 0.723850 0.235616
v 0.121928 0.721055 0.231725
v 0.051489 0.704266 0.249912
v 0.335329 0.368370 0.183397
v -0.041990 0.573730 0.250000
v -0.032099 0.440190 0.250000
v 0.263905 0.339785 0.229458
v 0.136020 0.810868 0.221419
v -0.066034 0.358890 0.249991
v -0.205359 0.614457 0.214786
v -0.154815 0.577203 0.233448
v -0.009804 0.569060 0.250000
v -0.042852 0.561761 0.250000
v 0.189494 0.365249 0.242107
v 0.063509 0.770812 0.246651
v -0.208041 0.340239 0.234372
v 0.131671 0.440204 0.249167
v 0.140488 0.843036 0.217108
v -0.058985 0.820217 0.242662
v 0.101948 0.736373 0.237265
v -0.164608 0.631918 0.229691
v 0.257595 0.554035 0.201394
v -0.043503 0.325774 0.249986
v 0.215707 0.333137 0.243983
v -0.293315 0.488965 0.190464
v 0.197242 0.462640 0.228616
v -0.011744 0.499453 0.250000
v -0.030765 0.510375 0.250000
v -0.073864 0.742583 0.244563
v 0.012900 0.446561 0.250000
v 0.011835 0.433911 0.250000
v -0.273477 0.483394 0.203202
v 0.240491 0.667137 0.195521
v 0.277570 0.355238 0.217128
v -0.026063 0.336569 0.250000
v -0.300255 0.557694 0.184036
v -0.123335 0.449414 0.247346
v 0.248595 0.565313 0.203339
v 0.199755 0.556557 0.223277
v 0.153618 0.697158 0.223678
v 0.121268 0.427684 0.249896
v -0.198184 0.459272 0.226910
v 0.280834 0.467992 0.197725
v -0.312505 0.356385 0.206520
v -0.270624 0.387388 0.211230
v 0.042971 0.774136 0.249790
v 0.062125 0.781736 0.246375
v 0.074140 0.773390 0.244074
v 0.054806 0.782295 0.248019
v -0.137619 0.853667 0.216149
v 0.034231 0.785284 0.249755
v -0.219015 0.770889 0.194622
v 0.170764 0.497192 0.240433
v -0.249871 0.336221 0.231813
v -0.151426 0.499413 0.242443
v -0.214971 0.548255 0.215246
v -0.230143 0.544620 0.210513
v 0.109583 0.492683 0.249783
v 0.095416 0.495704 0.249972
v 0.150056 0.565945 0.244208
v -0.142752 0.417201 0.241895
v -0.271954 0.564842 0.194230
v -0.224710 0.747281 0.195495
v -0.210988 0.738878 0.201416
v -0.212601 0.750769 0.199227
v -0.207846 0.436854 0.223575
v -0.147717 0.476444 0.242304
v -0.144426 0.485737 0.243325
v -0.158367 0.481156 0.239468
v 0.048813 0.753261 0.250061
v 0.213348 0.628440 0.213052
v -0.032118 0.852773 0.243966
v -0.029261 0.778370 0.248831
v 0.137271 0.744722 0.224906
v 0.079890 0.849565 0.240134
v 0.307966 0.446077 0.187198
v 0.056700 0.854604 0.247238
v 0.213380 0.781966 0.193665
v 0.039448 0.339252 0.250000
v -0.135478 0.570294 0.240045
v 0.125214 0.536557 0.248319
v 0.154983 0.768638 0.216760
v 0.190967 0.484837 0.229920
v -0.087954 0.828775 0.235557
v 0.184210 0.419243 0.237000
v -0.162426 0.738475 0.217367
v 0.206617 0.825527 0.192040
v 0.176930 0.760872 0.209270
v -0.015202 0.794287 0.249512
v -0.267230 0.550436 0.197088
v -0.214613 0.625929 0.211181
v -0.207565 0.629864 0.213578
v -0.297955 0.359465 0.201131
v -0.036974 0.624693 0.250000
v 0.204600 0.776772 0.197474
v -0.078128 0.611287 0.249826
v -1.358877 1.095090 -0.149711
v 0.703680 2.040879 -0.145802
v -0.460945 2.315171 -0.159914
v 1.087978 1.317158 -0.154924
v -0.929641 2.037489 -0.152776
v 1.110625 1.227633 -0.152848
v -0.975707 1.960432 -0.152712
v 0.468010 2.250116 -0.141524
v 0.479297 2.249693 -0.161440
v -0.712381 2.168812 -0.144538
v 0.161306 2.358874 -0.153747
v 0.450725 2.277037 -0.148570
v -1.112841 0.802812 -0.152670
v 0.065442 2.369322 -0.147928
v -0.236948 2.351904 -0.149496
v -0.097582 2.370421 -0.145103
v -0.154543 2.361993 -0.147909
v 0.082366 2.374711 -0.145954
v 0.131735 2.369522 -0.161062
v -0.872262 1.928563 -0.143406
v 0.401971 2.322941 -0.152677
v -0.471640 2.242171 -0.147983
v -0.212580 2.338423 -0.149704
v 0.870041 2.096370 -0.150463
v -0.034469 2.367826 -0.148459
v -0.933519 1.782391 -0.146046
v -0.362915 2.273212 -0.150919
v 1.048330 1.946673 -0.149867
v -0.975766 1.772852 -0.149683
v -0.874699 0.046731 -0.149458
v -0.750330 0.044144 -0.154434
v -0.863451 0.235093 -0.145291
v 0.104478 2.297369 -0.151128
v 0.362644 2.158753 -0.145749
v 0.257848 -0.154783 -0.144807
v -0.267512 -0.162315 -0.145433
v -0.031798 2.275220 -0.152683
v -0.058244 -0.291158 -0.150210
v 0.254049 2.187590 -0.153159
v 0.943835 1.691091 -0.153504
v 0.592884 -0.135269 -0.149967
v 0.893502 0.164740 -0.152825
v -0.842612 1.767642 -0.153617
v 1.336541 1.255394 -0.152099
v 0.229669 -0.138890 -0.146209
v 1.253502 1.041602 -0.147975
v -0.281444 2.222444 -0.146046
v -0.794975 0.080655 -0.154434
v 0.129116 2.325856 -0.150838
v 0.987277 0.375796 -0.146299
v 0.214414 -0.195917 -0.150219
v 1.294361 1.436051 -0.149754
v 1.309761 0.834982 -0.151371
v 0.000213 2.235417 -0.154162
v -0.714176 0.065885 -0.145700
v 0.523341 2.159630 -0.147431
v 0.472458 2.168655 -0.151033
v -0.196920 -0.297168 -0.152378
v -0.139383 -0.298648 -0.146912
v -0.577857 -0.108138 -0.152269
v -0.880811 1.948860 -0.148752
v 0.925997 1.766591 -0.146927
v -0.789847 0.053332 -0.145927
v -0.976396 0.214592 -0.149220
v -1.225764 0.697284 -0.148713
v 0.089802 -0.299079 -0.146000
v -0.312355 2.325754 -0.148771
v -0.751955 -0.062843 -0.151662
v 1.281947 0.863034 -0.152669
v -0.479864 2.230548 -0.148075
v -1.229911 1.543197 -0.150679
v -0.833969 -0.082599 -0.148702
v -0.377085 -0.139270 -0.149214
v 0.174039 2.349643 -0.150980
v 0.691079 1.982859 -0.145569
v -0.037815 2.182670 -0.153620
v -0.030243 -0.142016 -0.144840
v 0.355561 -0.199520 -0.152972
v -0.294559 -0.222936 -0.153881
v 0.237087 -0.143323 -0.147012
v 0.118287 -0.257537 -0.148648
v 0.212555 2.211262 -0.152762
v -1.026674 0.283094 -0.152345
v -0.050804 -0.145991 -0.144622
v -0.487590 2.189103 -0.145774
v -0.258440 -0.190841 -0.149017
v -1.042302 1.468306 -0.146513
v 0.101589 -0.316033 -0.148060
v 0.892682 0.071858 -0.148225
v -0.707877 -0.024051 -0.145917
v -0.359858 -0.151469 -0.151847
v 0.557070 2.136285 -0.145563
v -0.153048 -0.163626 -0.150620
v -0.382839 2.280883 -0.152211
v 0.302373 -0.143155 -0.155296
v 0.751456 -0.012955 -0.149127
v -0.709018 0.011372 -0.145030
v -0.489005 -0.235273 -0.151366
v -0.351008 -0.162098 -0.152842
v 0.929026 0.078875 -0.149205
v -0.373457 -0.132737 -0.148519
v 0.350365 2.146442 -0.153267
v 0.014554 -0.190731 -0.154007
v 1.012074 1.810768 -0.152441
v -0.281965 -0.115353 -0.145684
v 0.633483 -0.086803 -0.147187
v 0.334127 2.185962 -0.146034
v 0.879587 2.030715 -0.151987
v -0.318780 2.133026 -0.145172
v -0.751627 2.044354 -0.147815
v 1.267530 1.383078 -0.152815
v -0.547261 2.170161 -0.152516
v -0.514566 2.220625 -0.147317
v 1.375048 1.011529 -0.148934
v -0.518069 2.264588 -0.150373
v 1.133250 1.572528 -0.147198
v -0.515719 2.218393 -0.152851
v 0.946040 0.216479 -0.154363
v -1.149989 0.413012 -0.151306
v -0.271347 -0.284053 -0.150497
v 0.192458 -0.262207 -0.151444
v 1.097469 0.585113 -0.145680
v 1.172872 0.478282 -0.151630
v -0.318600 2.331117 -0.153552
v 0.310035 -0.153091 -0.153058
v 1.192523 0.695915 -0.152211
v 0.651569 2.095804 -0.147042
v 0.062612 -0.206451 -0.147124
v 0.884256 1.938888 -0.150874
v 1.292249 0.635348 -0.151205
v -1.082092 1.755305 -0.151192
v -0.056293 -0.273873 -0.151749
v 0.350637 2.256128 -0.150258
v -0.027721 -0.240668 -0.148183
v 0.856741 1.871794 -0.146959
v -0.544581 2.182907 -0.149646
v -0.761614 -0.064562 -0.148120
v -0.120132 2.350491 -0.149431
v 1.313301 1.332472 -0.148001
v 1.214197 1.471466 -0.147911
v -0.314353 -0.131803 -0.151163
v -0.720134 1.904949 -0.155563
v -0.178602 -0.315040 -0.147313
v 0.003993 -0.276871 -0.152079
v -0.514884 2.127687 -0.153481
v 1.097849 1.438762 -0.146026
v -0.789403 1.937383 -0.149678
v -0.905202 0.083230 -0.149941
v -0.025203 2.328361 -0.151063
v -0.098087 -0.227610 -0.153695
v 0.184088 -0.228331 -0.150110
v 1.224834 1.102750 -0.152735
v 1.217499 1.233813 -0.153259
v 1.163149 0.395335 -0.148798
v -0.219688 2.168473 -0.145165
v -0.651243 -0.202210 -0.150051
v -1.363871 1.258146 -0.150959
v 0.648217 1.999578 -0.154129
v -0.921639 2.049863 -0.149140
v 1.335227 1.253227 -0.150896
v -0.796751 1.994112 -0.151772
v -0.446030 2.102904 -0.154463
v -0.728529 0.136650 -0.155565
v -1.104312 1.788567 -0.153396
v -0.329100 2.267172 -0.151859
v -0.177696 -0.183724 -0.152821
v -0.777250 0.096757 -0.152971
v -0.584050 2.139390 -0.147038
v 0.188535 -0.182080 -0.150810
v 0.389764 2.238894 -0.150329
v -1.088627 1.336370 -0.147749
v 0.428463 -0.203424 -0.149810
v -1.132199 1.031680 -0.154615
v -1.376310 1.057294 -0.149277
v -0.393539 -0.266610 -0.149202
v -0.092582 -0.184703 -0.148530
v 0.038466 2.200450 -0.154237
v -0.158286 2.300277 -0.153653
v 0.480026 2.160348 -0.150938
v 1.104179 0.672995 -0.152784
v -0.531103 2.244170 -0.149130
v -1.113372 1.361391 -0.149223
v 0.269382 -0.262862 -0.151961
v -1.126298 1.230171 -0.154073
v 0.842549 2.138405 -0.150703
v 0.268666 -0.274178 -0.148832
v -0.090152 2.250434 -0.151478
v -0.189490 2.344124 -0.149817
v 0.004709 2.333997 -0.149434
v -1.177044 0.365638 -0.149034
v -0.119634 -0.304407 -0.147941
v 1.014622 1.666041 -0.153078
v 0.481881 2.092918 -0.146280
v -0.158690 2.229271 -0.150296
v 0.027310 -0.157423 -0.146898
v 0.614617 1.997517 -0.145099
v 0.040942 -0.294940 -0.152943
v 0.643261 -0.125000 -0.148793
v -0.376308 2.170707 -0.155494
v -0.290766 -0.221037 -0.149860
v 0.532722 2.147996 -0.146867
v -0.031068 -0.204646 -0.153285
v -1.182724 1.052531 -0.146910
v 1.034546 0.625672 -0.154500
v -0.184535 -0.276807 -0.149154
v -0.401861 2.202278 -0.151194
v -0.301674 2.268924 -0.150789
v -0.090348 -0.199185 -0.146297
v -0.375193 -0.175988 -0.152668
v -1.174572 1.078281 -0.153035
v -0.038061 2.190265 -0.153380
v 1.064588 0.416863 -0.152217
v -0.510904 -0.035702 -0.155254
v 0.563939 -0.150332 -0.150065
v 0.329406 2.206653 -0.145999
v -1.216767 1.599316 -0.149338
v 0.292479 -0.305645 -0.148090
v -0.309525 -0.159197 -0.150938
v -1.007266 0.242215 -0.152827
v -0.222606 -0.276294 -0.150522
v -1.233111 1.478547 -0.152170
v 0.888308 0.131893 -0.148822
v -0.581601 2.180524 -0.148549
v -0.826835 -0.031778 -0.147793
v -0.985178 0.109105 -0.149658
v 0.182616 -0.268139 -0.150377
v -0.190268 -0.315267 -0.151572
v -0.571024 2.216130 -0.148975
v 1.272597 0.627348 -0.149943
v -0.990937 0.366018 -0.146434
v -0.908583 0.206577 -0.153468
v 0.247963 -0.253699 -0.150268
v -0.846124 1.779713 -0.145972
v -1.063842 1.643190 -0.147988
v 0.995561 0.238684 -0.151981
v -0.217989 -0.182707 -0.150657
v 0.705600 -0.035450 -0.151528
v -0.768262 1.877257 -0.146273
v 0.622195 2.229019 -0.151577
v -0.526878 -0.211942 -0.149265
v -0.200550 2.307925 -0.147061
v -1.072784 1.685187 -0.147140
v -0.237317 2.310687 -0.150793
v 0.179931 2.319715 -0.149637
v 0.871847 2.103058 -0.151844
v 1.377425 1.049919 -0.147703
v 1.315878 0.735826 -0.151665
v -0.306620 -0.149051 -0.153468
v 1.013090 0.143807 -0.147738
v -0.353838 -0.146586 -0.146132
v -0.958213 1.802477 -0.148013
v 1.265120 1.531668 -0.151433
v -0.631523 0.081059 -0.157956
v 0.078238 2.246732 -0.152625
v 0.746027 2.042155 -0.147979
v 1.203025 1.015054 -0.146865
v -0.265910 2.322453 -0.149607
v 0.758508 0.107086 -0.147030
v 1.321702 0.858300 -0.149196
v -0.413779 2.223414 -0.146769
v -0.023054 -0.248496 -0.149211
v 0.621877 -0.097415 -0.151879
v -0.770278 1.957852 -0.150051
v 0.644924 -0.063109 -0.146860
v 0.058650 -0.193893 -0.148553
v 0.038253 -0.168978 -0.146385
v -0.898178 0.348618 -0.154502
v 0.838243 1.923840 -0.147879
v -0.478505 -0.053466 -0.155610
v 1.283107 1.423372 -0.150010
v -1.104847 0.867626 -0.153644
v -1.262038 1.599941 -0.148928
v 0.983682 0.324319 -0.153933
v -0.829470 1.989713 -0.146876
v -0.158881 -0.189143 -0.148562
v 0.092735 -0.235126 -0.149090
v 0.095073 -0.268020 -0.151459
v 0.217619 -0.226853 -0.153074
v 0.378954 -0.176955 -0.149487
v 0.683416 2.077987 -0.152252
v 0.498329 -0.036823 -0.158639
v 0.833177 0.170841 -0.154961
v -0.925020 1.784143 -0.146352
v -0.729103 1.884085 -0.145340
v 0.377491 2.182136 -0.152186
v 0.221151 -0.129518 -0.155384
v -0.299215 -0.186095 -0.147191
v -1.290178 1.550181 -0.150755
v 0.634809 2.130324 -0.148504
v 0.368705 2.216454 -0.151298
v 1.269780 0.633550 -0.150360
v 0.108568 -0.250057 -0.148770
v 0.746464 2.023982 -0.145956
v -0.368447 -0.158538 -0.155935
v -1.012965 0.405545 -0.146233
v -1.049407 0.172515 -0.147433
v -1.255644 1.460916 -0.151147
v -1.028583 0.503214 -0.153759
v 0.091221 2.307614 -0.147108
v 1.094975 1.811651 -0.148982
v -1.111530 0.949965 -0.155508
v -0.898061 1.806534 -0.146823
v -0.905507 1.788836 -0.145957
v -1.146335 1.387026 -0.148279
v -0.144235 2.197043 -0.143645
v -0.029007 2.332017 -0.148777
v 0.634344 -0.100628 -0.150982
v 0.273934 -0.212254 -0.151972
v -1.182128 1.174078 -0.153025
v -1.189373 1.123103 -0.146050
v 0.771612 2.079063 -0.149923
v 0.023072 2.215174 -0.153535
v -1.193322 1.103201 -0.145667
v -0.152628 -0.186172 -0.145564
v 0.375988 -0.128189 -0.147197
v -0.287766 2.231687 -0.154204
v -0.882459 1.783191 -0.149198
v -0.367209 -0.240514 -0.146694
v 0.862399 0.281881 -0.156383
v 1.223153 0.684547 -0.149227
v 0.077958 -0.244321 -0.152374
v -0.892317 0.180665 -0.152851
v 0.821182 2.021287 -0.150801
v -0.323358 2.148112 -0.154433
v -0.469493 2.177776 -0.152132
v 0.545726 -0.165001 -0.145608
v -0.291409 -0.160943 -0.153066
v -0.577064 2.106190 -0.153369
v -0.765744 0.045893 -0.145460
v -0.665755 0.079441 -0.154863
v -0.474762 -0.166043 -0.147479
v -0.155920 -0.183664 -0.154166
v -0.724053 -0.023534 -0.147035
v -1.017973 0.424774 -0.153918
v -0.996504 1.567315 -0.146562
v 1.271168 1.343538 -0.152370
v -0.779386 1.976409 -0.146760
v 0.878320 0.168755 -0.152379
v -0.575869 -0.170328 -0.148887
v 0.826928 1.810641 -0.154635
v 1.088917 1.176392 -0.143918
v -0.008301 2.187595 -0.154746
v -0.077858 2.196136 -0.145171
v 0.427583 2.229579 -0.149259
v 1.167759 0.636104 -0.151776
v 0.827029 1.837231 -0.145997
v -0.673812 -0.076661 -0.151501
v 1.074882 1.535017 -0.142423
v 1.032329 1.785047 -0.151202
v 0.071228 2.188126 -0.154549
v -0.656197 2.069987 -0.144605
v 0.708034 -0.035026 -0.151920
v -0.677265 1.876940 -0.144574
v 0.033759 2.255010 -0.152792
v -1.024917 1.576201 -0.150436
v 0.426575 -0.119718 -0.149187
v -0.117163 2.293614 -0.146119
v -0.457700 -0.206832 -0.151983
v -1.132135 0.525781 -0.146549
v 0.424907 2.275079 -0.149194
v 1.093651 1.225790 -0.144279
v 0.726651 2.105087 -0.148585
v 0.275486 2.297784 -0.148340
v -0.300170 2.284510 -0.147159
v -1.302602 1.300346 -0.150337
v 1.249802 0.896083 -0.148131
v 1.109863 1.206011 -0.145131
v -1.152353 0.275269 -0.147646
v 0.517337 2.264812 -0.148531
v -0.175677 2.162376 -0.143453
v -0.096621 2.220761 -0.153298
v 0.253311 -0.155942 -0.145715
v -1.196600 1.463634 -0.153086
v 0.676421 0.028410 -0.146646
v -0.802788 -0.002306 -0.148720
v -0.471014 2.115732 -0.154259
v 0.311569 -0.280953 -0.148552
v 1.315209 0.930223 -0.150746
v 0.779079 0.094565 -0.145235
v -0.190045 -0.180560 -0.143757
v 0.124350 -0.123608 -0.143359
v 0.161632 2.220960 -0.152554
v 1.091279 0.429254 -0.146188
v 0.710487 0.127681 -0.144491
v -0.687882 1.972279 -0.145261
v -0.653624 -0.100548 -0.148265
v -0.496671 -0.156796 -0.144774
v 0.647907 0.095564 -0.145960
v -0.247420 2.299647 -0.147549
v -1.250708 0.792095 -0.150558
v -0.979922 1.741720 -0.145477
v 0.268260 -0.247877 -0.152432
v -1.165111 0.513852 -0.152045
v -0.317104 2.294020 -0.152802
v 0.962433 0.287403 -0.152771
v 0.784969 0.248135 -0.156937
v 1.027299 0.272589 -0.152192
v 0.122638 -0.128045 -0.154680
v -0.082734 -0.171993 -0.154417
v -0.529675 2.080487 -0.154263
v -1.073957 1.363750 -0.154445
v 0.107458 -0.276529 -0.151886
v 0.208224 -0.119815 -0.157568
v -0.327282 2.317334 -0.148340
v -0.238288 -0.253221 -0.146562
v -0.491084 2.161478 -0.153252
v -1.109193 0.859295 -0.146319
v -0.770738 1.989949 -0.150560
v 1.000114 0.404287 -0.145804
v -0.020191 -0.150427 -0.145226
v -1.061976 1.538129 -0.154215
v -0.520768 -0.179360 -0.147695
v -0.955882 1.616431 -0.154086
v -0.139087 -0.224386 -0.148408
v -1.115413 0.425087 -0.151804
v -0.730308 2.033836 -0.151934
v -1.013627 0.474866 -0.153632
v 1.029573 1.536976 -0.146204
v -0.698320 2.116781 -0.152649
v 0.401150 2.255540 -0.149843
v 0.580430 -0.049584 -0.152616
v 1.111257 1.059680 -0.153908
v -0.295731 -0.265290 -0.147114
v -0.939420 1.970734 -0.147735
v 0.694467 1.913672 -0.145084
v -0.195944 2.193624 -0.154070
v 0.464890 2.218008 -0.150485
v -0.640195 2.012140 -0.143891
v -0.290368 2.320169 -0.150527
v 0.645477 2.132181 -0.148003
v -0.067472 2.195772 -0.153946
v -0.319660 2.183470 -0.149716
v 0.354310 -0.222386 -0.147419
v 0.513097 2.169188 -0.151428
v -0.339850 2.076389 -0.155047
v 0.778656 0.178493 -0.154080
v 0.249133 -0.102103 -0.145337
v -0.277136 -0.132736 -0.149737
v 0.113191 2.267583 -0.151706
v 0.136350 2.292544 -0.145843
v -0.767331 1.927819 -0.146617
v 1.213636 0.343122 -0.147689
v 1.083265 0.607444 -0.152326
v -1.077179 1.395884 -0.144587
v 0.403837 2.123751 -0.152924
v -0.707192 0.160693 -0.144744
v 0.910697 1.735784 -0.154403
v 1.087296 0.761804 -0.154861
v -1.139651 0.625682 -0.153094
v 0.099148 2.256479 -0.145198
v 0.244945 -0.181892 -0.148040
v 0.432978 -0.153844 -0.154530
v 0.325774 -0.281567 -0.151077
v -1.253231 1.211702 -0.152162
v -0.018448 2.345469 -0.150329
v -0.193742 2.283949 -0.144996
v -0.245844 2.283084 -0.155625
v 0.299312 -0.256113 -0.155929
v -1.077244 1.359061 -0.144288
v 0.711183 1.897850 -0.155303
v 1.093163 1.195818 -0.157322
v -0.518318 -0.130217 -0.147053
v -0.517884 -0.111443 -0.149114
v 0.875429 0.170885 -0.151627
v -0.794162 0.066928 -0.150135
v -0.477429 -0.149839 -0.145682
v 0.362657 -0.080944 -0.155378
v 0.648095 -0.167357 -0.150299
v 0.056311 -0.197876 -0.145521
v -1.069510 1.773772 -0.151227
v -0.341645 2.222314 -0.152783
v -0.061251 2.344024 -0.150661
v 0.848965 1.823452 -0.153150
v -0.400735 -0.116190 -0.153301
v -1.302096 1.392327 -0.149014
v -1.341810 1.290845 -0.150040
v -0.767440 2.007758 -0.146148
v 0.032498 -0.168821 -0.146169
v 0.606988 1.992822 -0.153611
v -1.098012 1.151528 -0.154744
v 0.933869 0.437721 -0.154322
v -0.391381 2.223002 -0.146579
v -0.074377 2.206069 -0.153053
v 1.081845 0.257538 -0.150545
v 0.530207 2.054834 -0.145907
v 0.195861 -0.241784 -0.148973
v 0.890042 1.929626 -0.148371
v -0.109034 -0.115540 -0.155667
v -0.042726 -0.216744 -0.149159
v 0.137499 -0.187599 -0.154065
v 1.025047 0.391810 -0.152751
v 0.052290 2.276246 -0.151530
v 1.112733 1.061197 -0.154657
v 0.897404 0.203324 -0.144694
v 1.119324 1.178133 -0.146058
v 1.282424 1.310317 -0.149240
v 0.088758 -0.128915 -0.155725
v 0.277045 -0.184043 -0.154272
v 1.164411 1.546562 -0.150563
v -1.058011 0.280800 -0.151718
v -0.637534 -0.024022 -0.150673
v 0.382411 2.242203 -0.150776
v -0.526289 0.023688 -0.155783
v -0.495789 -0.053375 -0.156648
v -0.071514 2.250883 -0.145824
v 0.346154 2.278868 -0.153567
v -0.006862 -0.174663 -0.146701
v 0.606298 2.184440 -0.148118
v -0.477970 2.106415 -0.153820
v 1.319552 1.165041 -0.149923
v -0.181176 -0.205438 -0.152499
v 0.473789 -0.169300 -0.152831
v 0.160609 -0.133846 -0.145310
v -1.062727 0.259957 -0.151870
v 0.319564 2.108998 -0.154450
v 1.102952 0.902472 -0.154045
v -0.061812 2.215972 -0.150741
v -1.193682 1.488047 -0.147671
v 0.768947 -0.096544 -0.150291
v -0.911425 0.249043 -0.154762
v 0.448825 -0.146677 -0.149917
v -0.727474 2.062224 -0.146957
v 0.815703 -0.039366 -0.150764
v 1.099407 1.358904 -0.147293
v -0.567601 -0.071191 -0.152005
v -1.115712 1.094220 -0.153960
v -0.102988 2.306371 -0.147180
v 0.355362 2.223875 -0.146803
v -0.817344 0.074857 -0.147243
v -0.560168 2.120934 -0.149763
v 0.777437 0.100992 -0.154886
v 0.508511 -0.035879 -0.154815
v 0.785021 0.119745 -0.153135
v -0.390013 2.131977 -0.154933
v -0.608921 2.084831 -0.149724
v 0.606137 -0.116425 -0.150887
v 0.635650 0.036541 -0.146854
v 0.920287 1.817129 -0.153028
v -0.405250 -0.203473 -0.152098
v -1.146459 1.090610 -0.147710
v 0.670435 2.036938 -0.152280
v 0.902163 1.799583 -0.146488
v 0.904216 1.646998 -0.154166
v -0.346436 2.268719 -0.149055
v -1.048780 0.465784 -0.146320
v 0.405203 -0.137769 -0.155280
v -1.104219 1.134174 -0.142820
v 0.895437 1.601977 -0.145095
v -1.334951 0.620316 -0.151177
v -1.016304 0.622800 -0.154704
v -0.126134 2.297610 -0.147054
v 1.014987 0.234634 -0.148954
v -0.135891 -0.270111 -0.149754
v 0.989339 1.725328 -0.146156
v 0.900871 1.993058 -0.149687
v 0.505038 -0.075826 -0.154628
v 0.248978 -0.143769 -0.147205
v -0.678716 -0.077561 -0.147540
v 1.231749 1.397305 -0.150681
v 1.309491 1.305537 -0.150718
v -1.015580 0.439258 -0.147539
v 0.114598 2.246052 -0.152374
v 0.080874 2.350484 -0.149393
v 0.452311 2.153072 -0.152271
v -0.251656 2.215379 -0.149953
v 0.729025 2.127583 -0.151342
v -0.326221 2.209786 -0.150862
v -0.559220 2.151421 -0.151361
v -0.628355 2.123441 -0.149510
v -0.106768 2.242096 -0.146393
v 0.142850 2.279804 -0.146815
v -0.725747 2.094463 -0.148340
v -1.202653 0.742261 -0.152506
v -1.173625 0.701893 -0.147895
v -0.093535 2.166537 -0.154152
v 0.078075 2.296215 -0.151387
v 0.309500 -0.293592 -0.150267
v 0.389573 2.227087 -0.149937
v 0.960335 0.339160 -0.146512
v 1.262997 0.925183 -0.153636
v -0.512787 2.175824 -0.151549
v -0.028636 2.195656 -0.145217
v 0.887294 1.953321 -0.148663
v -0.940201 1.815197 -0.150516
v 1.070604 0.667896 -0.145578
v 0.335104 -0.081725 -0.154803
v -0.893573 1.718734 -0.145377
v -0.196493 -0.220111 -0.148697
v -0.724235 0.105154 -0.151886
v -0.732429 0.035986 -0.152969
v 0.322327 2.260345 -0.149387
v -0.138185 -0.216077 -0.148609
v 0.745345 0.033877 -0.145983
v 0.254247 -0.296288 -0.150899
v 0.862211 0.332529 -0.145573
v 0.131748 -0.147342 -0.147310
v 0.174554 -0.236456 -0.152904
v -0.661035 0.129624 -0.144885
v 0.373877 2.195371 -0.152010
v 1.230927 0.858544 -0.151470
v -0.024427 -0.314824 -0.150514
v 1.144902 0.469606 -0.151991
v -0.037961 2.281508 -0.146000
v 0.485441 -0.009059 -0.145276
v -1.018704 1.641255 -0.147858
v 0.100395 -0.152479 -0.146409
v -0.510094 2.138134 -0.145057
v 0.668411 1.956606 -0.153278
v 0.121620 -0.293434 -0.150015
v 0.205401 -0.296284 -0.149332
v -1.225355 0.725653 -0.149777
v -0.235966 2.282953 -0.145868
v -0.947187 1.596338 -0.154925
v 0.367561 2.168662 -0.152070
v 1.110207 1.376796 -0.153545
v -0.005369 2.315567 -0.150759
v 0.727087 1.926460 -0.153103
v 0.010881 -0.140841 -0.145183
v -0.105626 2.166829 -0.155962
v -1.016305 1.417707 -0.144169
v -1.122090 0.872516 -0.147110
v -1.011482 0.221280 -0.151861
v 1.062045 0.271506 -0.149326
v 0.032907 2.337822 -0.149946
v 1.118617 0.229425 -0.149885
v -0.000051 2.341740 -0.150567
v -0.425107 2.105509 -0.154981
v -0.152050 -0.168071 -0.152672
v 1.081104 1.665431 -0.147781
v -0.768145 1.962398 -0.149449
v 0.095955 -0.298468 -0.148100
v -0.013946 -0.305526 -0.151185
v -1.265229 0.659477 -0.148122
v -0.082808 -0.172387 -0.145018
v -0.923957 0.183226 -0.151096
v 0.449345 -0.193900 -0.151575
v -0.257602 2.205285 -0.137707
v 0.790977 2.046789 -0.149568
v -0.022098 2.318507 -0.149399
v -0.283252 -0.246022 -0.149959
v -0.425330 2.189446 -0.146389
v -0.070852 2.191031 -0.144550
v -0.003322 2.314621 -0.150855
v -0.152284 2.306949 -0.147701
v -0.630649 -0.022211 -0.146333
v 0.723430 1.995976 -0.152669
v 0.537319 2.097732 -0.152593
v -0.963238 0.466137 -0.146227
v -0.391508 2.249375 -0.149689
v 1.084975 0.330753 -0.153807
v 0.638143 2.120814 -0.147943
v -0.810981 0.311653 -0.155028
v -0.741320 0.177350 -0.145906
v 1.060361 1.900000 -0.148928
v 1.104588 1.092204 -0.144135
v -0.650529 -0.037305 -0.147115
v 0.064826 2.250509 -0.153922
v 0.697885 2.105924 -0.149748
v 1.107606 0.218803 -0.150639
v 1.162799 0.325115 -0.149827
v -0.360835 2.164410 -0.153817
v -0.140549 2.220326 -0.145229
v -1.107095 0.703064 -0.153727
v -0.561916 -0.177215 -0.148395
v -0.059559 -0.196780 -0.152299
v -0.600067 2.186230 -0.149325
v 1.097867 1.184772 -0.145126
v -0.016352 -0.212566 -0.149659
v -0.602615 2.151885 -0.155729
v -1.251589 0.587854 -0.148742
v 1.142779 0.510738 -0.150661
v 0.362230 2.270728 -0.146985
v -0.015495 -0.130094 -0.146037
v 1.002772 0.418233 -0.156034
v -0.043121 2.359602 -0.150190
v 1.245420 0.628357 -0.148839
v 0.673436 0.023463 -0.147096
v -0.716996 -0.051040 -0.151415
v 1.014657 1.558844 -0.152465
v -0.901766 2.072335 -0.148647
v 0.289998 2.191355 -0.152678
v -0.784967 1.907558 -0.151041
v -0.418669 2.151402 -0.153383
v 0.170933 2.151470 -0.154793
v 0.199767 -0.205656 -0.153890
v 1.288287 0.716627 -0.149685
v 0.849207 0.095470 -0.151511
v -0.833455 1.860054 -0.154727
v 0.304982 2.340919 -0.151328
v 0.251804 2.223284 -0.152315
v 1.282384 1.342715 -0.151277
v 1.326002 1.358576 -0.150009
v 0.465829 2.206513 -0.148961
v -0.004646 -0.291206 -0.151125
v 0.015281 2.315538 -0.151983
v -0.617948 -0.143174 -0.149037
v 0.000327 -0.247022 -0.148784
v -0.002821 -0.237301 -0.144466
v -1.156239 0.776839 -0.153173
v -0.158739 2.160274 -0.155994
v -0.416185 2.205760 -0.152870
v -1.036588 0.685316 -0.154046
v 0.413393 2.181913 -0.151642
v 1.182769 1.515453 -0.147782
v 0.182706 -0.185297 -0.154379
v -0.794888 1.977025 -0.150218
v 0.929441 0.180485 -0.151260
v -0.291509 2.181124 -0.153529
v -0.946235 0.432282 -0.154671
v 1.290863 0.550090 -0.149327
v -0.349692 -0.082103 -0.145087
v 0.059461 -0.154056 -0.147093
v 0.297413 -0.101174 -0.145135
v 0.442994 -0.245517 -0.148581
v -1.069782 1.658016 -0.152307
v 1.376262 1.071615 -0.150214
v 0.259473 2.269275 -0.147739
v 0.679926 2.031595 -0.155854
v 0.077829 -0.251796 -0.147569
v -1.219250 1.459907 -0.151256
v -0.380478 2.144391 -0.149855
v 0.250199 2.154563 -0.153517
v 0.488665 -0.152565 -0.152174
v 0.862474 2.002290 -0.148140
v 0.856163 2.008505 -0.148848
v -0.402434 -0.149075 -0.148835
v -0.591961 -0.208483 -0.149745
v -1.051153 1.828279 -0.152674
v 0.053800 2.331749 -0.151061
v -1.121021 0.768823 -0.153748
v -1.023611 1.616900 -0.149823
v 0.900929 0.383177 -0.144330
v 0.466176 2.108837 -0.153605
v 0.218003 2.161200 -0.153103
v 0.274013 2.253280 -0.150593
v 0.517230 -0.051796 -0.147174
v -0.046333 -0.166546 -0.146645
v 0.736478 2.019597 -0.150994
v 0.148528 1.123051 0.128381
v 0.139905 1.121595 0.133823
v 0.131281 1.121499 0.139993
v 0.122293 1.121550 0.146009
v 0.113351 1.121940 0.151629
v 0.103926 1.121596 0.156842
v 0.094585 1.121619 0.161643
v 0.085014 1.121742 0.166442
v 0.075528 1.121868 0.170878
v 0.065849 1.121746 0.174587
v 0.055849 1.121793 0.177794
v 0.045814 1.122295 0.180781
v 0.035541 1.122014 0.182829
v 0.025615 1.122255 0.184488
v 0.015520 1.122126 0.184899
v 0.005528 1.122046 0.184696
v -0.004541 1.122009 0.184188
v -0.014532 1.121767 0.183197
v -0.024527 1.121426 0.181551
v -0.034498 1.121025 0.179563
v -0.044839 1.120515 0.177387
v -0.055093 1.119647 0.174968
v -0.065170 1.118360 0.172167
v -0.074885 1.117457 0.168811
v -0.084781 1.116505 0.165526
v -0.094507 1.115798 0.161741
v -0.104408 1.115367 0.157532
v -0.113923 1.115218 0.153080
v -0.123479 1.115344 0.148304
v -0.132881 1.115784 0.143200
v -0.142287 1.116389 0.137989
v -0.151399 1.117854 0.133379
v 0.051708 1.017325 0.181312
v -0.059881 1.020409 0.185595
v -0.004688 0.976925 0.191105
v -0.000294 1.060855 0.192779
v 0.103692 0.974276 0.170483
v 0.108563 1.051661 0.166094
v -0.105468 0.983406 0.165367
v -0.106310 1.063304 0.171442
v 0.048113 0.966334 0.185487
v 0.054197 1.071477 0.180843
v -0.051487 1.075674 0.184605
v -0.054754 0.976124 0.185299
v -0.125164 1.017873 0.170664
v -0.013777 1.019489 0.190264
v 0.095523 1.013574 0.169929
v 0.129471 1.086027 0.154360
v 0.136408 0.999253 0.158386
v 0.089208 1.086686 0.168940
v 0.130665 0.946686 0.169731
v -0.030384 0.946428 0.191132
v 0.020851 1.088550 0.185764
v 0.015446 0.945814 0.193315
v 0.082098 0.945073 0.183606
v -0.144337 0.969336 0.165428
v -0.085986 0.953492 0.180050
v -0.137506 1.086662 0.163887
v 0.018322 1.003690 0.189621
v -0.018550 1.091185 0.189367
v -0.031970 1.047456 0.187123
v -0.142903 1.050208 0.161895
v -0.085080 1.090044 0.185003
v 0.032091 1.045939 0.185510
v -0.139833 0.998418 0.154683
v -0.081993 0.995725 0.187726
v 0.073052 0.989038 0.177184
v 0.142342 1.033403 0.155951
v 0.076060 1.039620 0.174350
v -0.091490 1.034527 0.176313
v -0.030765 0.993957 0.193800
v 0.051440 0.938423 0.191355
v -0.062171 1.049109 0.181865
v 0.062523 1.097419 0.177431
v 0.142631 0.969606 0.157194
v 0.146771 1.061541 0.152752
v 0.006926 1.036276 0.188591
v 0.020976 0.971449 0.189230
v 0.045173 0.992251 0.183668
v 0.083604 1.063080 0.175482
v -0.057851 1.099223 0.189919
v -0.117508 0.951412 0.172993
v -0.154569 1.011233 0.164653
v -0.059707 0.939260 0.188126
v -0.119964 0.996151 0.175546
v -0.110316 1.096670 0.173450
v -0.080554 0.976161 0.176125
v -0.076335 1.068829 0.179261
v -0.030432 0.970669 0.189694
v -0.116807 1.041665 0.169252
v -0.056039 0.998655 0.192905
v -0.098635 1.011961 0.179736
v -0.022749 1.068547 0.188743
v 0.030672 1.067622 0.187403
v 0.145782 1.104288 0.145703
v 0.072982 0.965992 0.180153
v 0.027188 1.023956 0.185848
v 0.114942 1.029420 0.163870
v 0.112841 1.102059 0.160310
v 0.105869 0.951557 0.175259
v 0.154383 0.941154 0.169206
v -0.036464 1.025396 0.188475
v -0.008243 0.998640 0.192642
v -0.006878 0.932984 0.196329
v -0.005393 0.954821 0.192121
v 0.108836 0.933791 0.185603
v 0.055289 1.049960 0.180966
v 0.157821 1.009481 0.151764
v 0.002004 1.102151 0.190797
v -0.156307 1.071060 0.157437
v 0.152146 1.082305 0.146755
v -0.166981 0.961725 0.157379
v -0.155022 0.988387 0.153854
v 0.151113 0.954342 0.160373
v 0.039756 1.101950 0.183220
v -0.157183 1.031830 0.159394
v -0.145511 1.102054 0.151835
v 0.073760 1.019496 0.175560
v 0.095229 0.992950 0.170953
v 0.123909 1.066556 0.159768
v 0.155887 0.985623 0.152604
v -0.011541 1.044659 0.189355
v -0.035490 1.104332 0.191871
v 0.081195 1.104900 0.172467
v 0.030357 0.930646 0.196439
v -0.145307 0.951704 0.165689
v 0.117568 1.010618 0.163686
v 0.124385 0.982257 0.163014
v 0.001160 1.080977 0.189315
v -0.130062 1.067815 0.165521
v -0.084693 0.935331 0.185316
v -0.120356 0.970405 0.169538
v 0.109023 1.080581 0.162479
v -0.064151 0.958352 0.183530
v 0.070917 0.929756 0.191845
v 0.071943 1.078317 0.174953
v 0.135625 0.934963 0.180700
v -0.027663 0.928607 0.195995
v -0.088336 1.052913 0.175767
v 0.121019 0.963247 0.166619
v 0.031890 0.956122 0.189789
v -0.125908 0.983875 0.157280
v -0.098694 0.968011 0.173855
v 0.020127 1.106475 0.187911
v 0.159796 1.045234 0.150466
v 0.039455 1.083453 0.182394
v 0.096045 1.037468 0.169006
v -0.125869 1.102196 0.160789
v 0.131804 1.049745 0.158605
v -0.114071 1.079670 0.172713
v -0.160640 0.996039 0.155496
v -0.078126 1.012397 0.184402
v 0.061018 1.002340 0.179747
v -0.016864 1.107877 0.193006
v -0.034398 1.082369 0.187495
v -0.135281 1.032636 0.165379
v 0.035841 1.008625 0.185757
v 0.005546 1.017558 0.189445
v 0.007259 0.990335 0.190740
v 0.060297 0.952865 0.185590
v -0.158933 1.089406 0.154580
v -0.082873 1.104737 0.177365
v -0.140283 0.999758 0.170705
v -0.047577 1.038692 0.185250
v 0.011613 0.928925 0.198085
v 0.046362 1.034305 0.181714
v 0.017678 1.056933 0.189326
v -0.093471 1.076248 0.176564
v -0.067968 1.083718 0.183389
v 0.138466 1.016353 0.157395
v -0.099662 0.993788 0.178004
v -0.162990 1.048214 0.156447
v -0.039370 1.062826 0.186085
v 0.089845 0.959773 0.177296
v -0.044628 0.958571 0.187508
v 0.089695 0.931364 0.188853
v -0.045675 1.011338 0.189568
v -0.074852 1.028384 0.181222
v -0.107370 1.024969 0.173885
v 0.026810 0.988248 0.187469
v 0.160928 1.027218 0.150748
v -0.167725 0.978546 0.157510
v -0.066319 0.988733 0.185133
v 0.080535 1.004235 0.174523
v 0.086591 0.978801 0.174689
v 0.060666 0.977134 0.181261
v -0.104582 0.938444 0.180251
v -0.028288 1.010058 0.191294
v 0.128545 1.108935 0.152677
v 0.096545 1.100572 0.166342
v 0.095088 1.072246 0.168115
v 0.014171 1.070816 0.189170
v -0.021870 1.032417 0.188985
v -0.017327 0.986237 0.191977
v -0.045075 0.987545 0.190607
v -0.160058 0.995790 0.145345
v 0.006218 0.966211 0.191071
v -0.046731 0.927869 0.193974
v 0.041980 1.057380 0.186284
v 0.038538 0.978608 0.185576
v 0.061574 1.029471 0.178280
v 0.159202 0.965761 0.151726
v 0.071311 1.053226 0.177509
v 0.092069 1.051393 0.171233
v 0.135340 0.957496 0.160793
v 0.113399 0.994988 0.165567
v 0.045540 0.925406 0.197093
v -0.125888 1.053817 0.166299
v -0.130191 0.942851 0.172737
v -0.020530 0.958996 0.190864
v -0.061056 1.063946 0.181975
v -0.076846 1.042961 0.178774
v 0.160675 1.069054 0.147545
v -0.044259 1.093124 0.188162
v -0.069574 0.929074 0.190356
v 0.137021 1.073507 0.153937
v 0.140183 0.984030 0.157722
v -0.100511 1.087677 0.179824
v 0.053932 1.109501 0.182021
v -0.066878 1.106631 0.180490
v 0.097004 0.941463 0.181611
v -0.061177 1.033961 0.183185
v -0.047532 1.108803 0.184586
v 0.120884 0.938278 0.177349
v 0.054208 1.085336 0.178993
v 0.075617 1.091561 0.173213
v -0.102330 1.105953 0.167238
v 0.087671 1.025730 0.171558
v 0.151446 1.114956 0.138589
v -0.102030 0.955423 0.176500
v -0.132428 0.958403 0.167814
v -0.167067 1.019349 0.158870
v 0.068154 1.109933 0.177716
v -0.101222 1.044435 0.172912
v -0.156109 1.106170 0.141133
v -0.045664 0.944906 0.189200
v -0.072259 0.947256 0.184016
v -0.020376 1.055243 0.189247
v -0.008773 1.071475 0.189518
v -0.124488 0.996231 0.161466
v 0.045875 0.953523 0.188200
v 0.036300 0.942993 0.192012
v -0.146445 1.022863 0.164017
v 0.068954 1.065814 0.178349
v 0.108725 1.065157 0.165942
v -0.088386 1.021798 0.179375
v 0.169733 0.939622 0.169754
v 0.067792 0.942129 0.187354
v 0.021246 1.036753 0.186639
v -0.006569 1.031592 0.189840
v 0.006162 1.049604 0.189456
v 0.159849 1.094681 0.141707
v -0.091282 0.985446 0.171676
v 0.004732 1.002811 0.191535
v -0.050533 1.055525 0.183950
v -0.064785 1.008031 0.188433
v -0.019043 0.939015 0.193877
v 0.017296 0.958797 0.190927
v 0.103660 1.111298 0.164524
v -0.124545 1.092740 0.169120
v -0.071465 1.094754 0.187948
v -0.096187 1.099416 0.176618
v 0.165959 0.995606 0.149249
v -0.120600 1.029650 0.169736
v 0.160074 0.944741 0.155971
v 0.127179 1.037291 0.160272
v -0.133202 0.976666 0.164160
v -0.017544 0.973518 0.190801
v 0.059450 0.989780 0.180421
v 0.104817 1.004418 0.167648
v -0.139121 1.011991 0.168680
v -0.168755 1.003642 0.161833
v -0.181025 0.956747 0.153983
v -0.078874 0.987813 0.179169
v -0.004978 1.010694 0.191282
v 0.048063 1.004086 0.183113
v -0.074065 1.055712 0.179065
v -0.115378 1.008949 0.177405
v -0.110298 0.993986 0.168257
v -0.140504 0.986606 0.151463
v 0.101621 1.024649 0.167734
v 0.138942 1.114433 0.145910
v -0.085046 0.965225 0.177567
v -0.067599 0.977494 0.180991
v -0.080516 1.080239 0.180057
v -0.092334 1.064294 0.175004
v 0.004784 0.938784 0.195228
v -0.000426 0.922103 0.200574
v -0.015109 0.922584 0.199601
v 0.040268 1.023496 0.183480
v 0.150180 0.932365 0.176231
v -0.094599 1.001974 0.185883
v -0.056162 1.088494 0.185988
v 0.010313 0.978103 0.190317
v 0.142276 1.091903 0.148717
v -0.042152 0.975772 0.188402
v -0.029115 0.982628 0.191096
v 0.100548 0.924174 0.188617
v 0.122104 0.927690 0.183202
v 0.124809 1.097486 0.154828
v -0.168338 1.061978 0.154231
v 0.145410 1.045255 0.154655
v 0.000248 1.113579 0.191039
v -0.111030 1.052386 0.170165
v -0.042944 0.997701 0.192918
v 0.035402 0.967380 0.187442
v 0.031306 1.112145 0.188192
v 0.059550 0.923310 0.196266
v 0.109210 1.040002 0.165376
v -0.037412 0.936031 0.192479
v 0.105688 1.092164 0.162425
v -0.160555 0.950734 0.163077
v -0.108167 1.000636 0.181905
v -0.154574 1.057721 0.158350
v 0.128537 1.025629 0.160079
v -0.179751 0.968743 0.153892
v -0.022256 1.080067 0.188517
v 0.023798 1.077337 0.186351
v 0.042802 1.068559 0.184627
v 0.091301 1.111994 0.170227
v 0.118464 0.951736 0.171276
v 0.101939 0.962734 0.173145
v 0.096509 1.061901 0.171559
v -0.093286 0.944513 0.180595
v 0.140446 0.938989 0.169979
v -0.131588 1.043543 0.165314
v -0.030143 1.112871 0.186370
v 0.060542 0.965684 0.183071
v 0.074127 0.977568 0.178135
v 0.073522 0.954084 0.182637
v -0.009653 1.098967 0.189907
v 0.012744 1.097350 0.188196
v -0.069215 0.997839 0.191442
v 0.114428 1.112858 0.158496
v -0.030957 1.093785 0.189075
v -0.141523 1.061567 0.161899
v 0.029807 1.056876 0.187935
v -0.169674 1.074805 0.153192
v -0.149232 1.080794 0.159653
v -0.168489 0.992013 0.149057
v 0.159524 1.057261 0.149569
v -0.131463 1.107682 0.151186
v -0.033048 1.036251 0.187469
v -0.025321 1.021943 0.189945
v -0.047844 1.022106 0.187270
v -0.128732 1.006205 0.173685
v -0.147131 0.979971 0.160622
v 0.014299 1.026070 0.187682
v 0.017308 1.014819 0.188313
v 0.033625 1.033967 0.184472
v -0.162953 1.099484 0.148245
v 0.117278 1.088975 0.158497
v -0.020533 1.001018 0.193213
v 0.025774 0.920912 0.200900
v 0.029334 0.999329 0.187296
v 0.032379 1.092763 0.184068
v 0.050394 1.096482 0.180531
v -0.032488 0.959407 0.189490
v 0.053235 1.060679 0.183570
v 0.043760 1.046817 0.182992
v 0.064933 1.044014 0.177225
v -0.127658 1.079072 0.167824
v 0.083092 1.073522 0.172124
v 0.081220 0.922824 0.193185
v -0.010158 0.964863 0.191195
v 0.042877 1.112048 0.186005
v -0.005873 0.988011 0.191669
v 0.159517 1.106525 0.139078
v 0.111790 0.983612 0.166873
v 0.115484 0.972933 0.166964
v 0.150700 0.998371 0.153998
v -0.157954 0.969131 0.160582
v 0.150618 1.020308 0.153786
v -0.000781 1.091788 0.188348
v -0.005746 0.943675 0.193814
v 0.006556 0.953463 0.192307
v -0.113867 1.106681 0.161185
v 0.131142 0.967789 0.161397
v -0.170919 1.029893 0.155435
v -0.151992 1.042356 0.159912
v -0.110171 0.963815 0.173241
v 0.119513 1.046376 0.162505
v -0.011029 1.082353 0.189248
v -0.095668 0.930347 0.185584
v 0.158223 0.953670 0.149228
v -0.056769 0.949732 0.186442
v 0.169086 1.016109 0.148559
v 0.148214 0.944236 0.161271
v 0.108832 0.941457 0.178436
v 0.145092 0.959611 0.153768
v 0.050078 0.982063 0.183020
v -0.116992 0.941565 0.176156
v -0.062848 1.074270 0.182491
v -0.153668 1.000221 0.165498
v 0.002275 1.070473 0.190070
v 0.012432 1.081572 0.187605
v 0.020532 0.936146 0.195436
v -0.141845 1.072079 0.162203
v -0.118918 1.062785 0.168063
v 0.070074 1.009210 0.177058
v 0.065727 1.087189 0.176103
v 0.162901 1.078967 0.142977
v 0.148426 1.072179 0.150281
v -0.141688 1.108644 0.144970
v -0.146878 1.093240 0.158196
v 0.092954 1.003372 0.171098
v 0.097391 0.982887 0.171174
v 0.084509 0.988905 0.174195
v 0.134499 1.060539 0.156944
v 0.125771 1.076692 0.157244
v 0.117222 1.058380 0.163221
v 0.084439 1.016024 0.172910
v 0.062488 1.019348 0.178499
v 0.072885 1.029909 0.175314
v -0.103258 1.034689 0.173434
v 0.135588 1.099878 0.150287
v 0.165194 0.975346 0.149838
v 0.016667 1.046646 0.187994
v 0.011898 1.113797 0.190539
v -0.072981 0.967695 0.180019
v 0.040698 0.933922 0.194228
v -0.036840 0.921887 0.197985
v -0.135420 1.096452 0.161385
v 0.123775 1.001015 0.162163
v -0.040299 1.073414 0.186205
v 0.149748 0.977349 0.154785
v -0.011527 1.061470 0.191497
v 0.130855 0.990500 0.160438
v 0.171958 1.031457 0.147641
v -0.049634 1.065658 0.184313
v -0.091769 1.106840 0.171197
v -0.055542 0.986269 0.187308
v 0.131274 1.008722 0.159697
v 0.094880 0.950943 0.178491
v -0.121191 0.961100 0.171215
v -0.108607 0.973983 0.168875
v -0.116060 0.979700 0.162687
v -0.021683 1.045352 0.188468
v -0.001316 1.042423 0.189387
v -0.006237 1.053429 0.190138
v 0.107242 1.015760 0.166511
v -0.019777 0.948992 0.191949
v -0.015462 1.009778 0.191622
v -0.054241 0.965018 0.185141
v -0.097280 0.977117 0.170458
v -0.028922 1.060562 0.187793
v 0.010435 0.919665 0.201949
v 0.054865 1.040393 0.179462
v -0.075154 0.956719 0.181526
v -0.022818 1.100087 0.190399
v 0.026419 0.947257 0.192175
v -0.132215 0.967915 0.168494
v 0.162282 0.953833 0.157648
v 0.072063 1.100704 0.175067
v 0.084732 1.095656 0.170437
v 0.081615 1.114591 0.173992
v 0.169725 1.051324 0.147328
v 0.029239 1.101988 0.185304
v -0.148786 0.995663 0.158973
v -0.089102 0.991227 0.179339
v -0.099676 1.054170 0.173001
v -0.070925 0.938095 0.186659
v 0.060130 0.932437 0.192283
v 0.070480 0.920978 0.195773
v 0.079500 0.935929 0.188011
v -0.154448 0.959197 0.161242
v -0.020124 1.114755 0.187154
v -0.009833 1.114154 0.189597
v 0.099428 1.084667 0.165483
v 0.114971 1.072698 0.161585
v -0.046745 1.083904 0.186209
v 0.164319 0.944006 0.164063
v -0.040397 1.053027 0.185766
v 0.118730 1.020382 0.163026
v 0.093650 0.969426 0.174174
v 0.082968 0.969386 0.177065
v 0.146311 1.008576 0.155194
v -0.057961 0.930388 0.191418
v -0.045555 1.102256 0.190873
v 0.141691 0.951325 0.164145
v -0.082621 1.061082 0.177134
v -0.087844 1.043562 0.176170
v -0.142564 0.942886 0.170874
v -0.167571 1.002633 0.148222
v 0.080909 1.048756 0.173527
v 0.139448 1.082884 0.151270
v -0.135466 1.020879 0.167352
v -0.113417 0.933103 0.181055
v -0.134917 0.995917 0.164046
v -0.117121 0.988738 0.161848
v 0.017360 0.993640 0.189256
v -0.179295 0.978335 0.153976
v -0.103269 1.079446 0.175233
v 0.019746 0.981157 0.188931
v 0.139209 0.927963 0.176328
v -0.080980 0.926954 0.189685
v 0.153719 1.036037 0.152567
v 0.063331 1.058763 0.181052
v 0.063711 1.073903 0.177923
v 0.080672 1.082573 0.171981
v -0.003679 1.022053 0.189698
v 0.004740 1.026917 0.188954
v 0.035539 0.923297 0.198996
v 0.126895 0.955548 0.166356
v 0.111666 0.958906 0.171124
v -0.037436 1.005590 0.191596
v -0.025744 0.920019 0.200043
v -0.165027 1.038594 0.156520
v -0.118073 1.099463 0.166891
v -0.113782 1.017098 0.173954
v 0.027426 1.014279 0.186625
v -0.082431 0.944196 0.182870
v 0.046171 1.076737 0.181808
v 0.035671 1.075146 0.184305
v 0.021367 1.115311 0.189212
v -0.056953 1.111313 0.180303
v -0.074504 1.005030 0.188426
v -0.093537 0.960198 0.176943
v -0.112856 1.070745 0.170714
v -0.115497 1.088592 0.173485
v -0.132767 0.991256 0.156182
v -0.150659 0.990047 0.146785
v 0.026251 0.963882 0.189269
v -0.079372 1.097463 0.182139
v 0.104646 0.989641 0.168539
v 0.085454 1.035380 0.171883
v 0.100765 1.045623 0.167997
v 0.135053 0.976334 0.159764
v -0.068698 1.015964 0.185022
v -0.088551 1.009292 0.183303
v -0.150975 0.999820 0.150529
v 0.039334 0.999496 0.185161
v -0.174404 0.987704 0.154401
v -0.143448 0.960136 0.164369
v -0.169646 0.991369 0.141017
v 0.111419 0.925321 0.185661
v -0.169911 1.085606 0.151860
v -0.160071 1.080144 0.155764
v -0.171935 0.996614 0.152701
v -0.039434 1.113958 0.183035
v 0.029713 0.974764 0.187505
v -0.146323 1.031708 0.162511
v -0.122108 1.108417 0.155248
v 0.071144 0.998732 0.177225
v -0.172617 1.052850 0.153419
v 0.169134 0.984146 0.148384
v 0.061220 1.115377 0.181654
v -0.047915 0.936404 0.190839
v 0.049437 1.025873 0.181396
v -0.055662 1.012329 0.188186
v -0.174079 1.011161 0.159246
v -0.103563 0.946824 0.177639
v 0.008940 1.064038 0.192971
v -0.074740 1.110646 0.175477
v -0.100949 0.989983 0.170167
v -0.017741 0.930679 0.196306
v -0.062193 0.923150 0.194406
v 0.053293 0.996929 0.181781
v 0.055647 1.009226 0.180847
v -0.038138 0.951970 0.189346
v -0.039112 0.966548 0.188324
v -0.124012 0.936021 0.177670
v 0.169066 1.062107 0.146475
v -0.130064 0.997651 0.173268
v 0.036413 0.987523 0.185547
v 0.029917 1.083922 0.184415
v 0.167671 1.005650 0.148854
v -0.030520 1.073771 0.187641
v -0.061933 0.970371 0.182811
v -0.051737 0.921363 0.196635
v -0.036354 1.015728 0.189818
v -0.026421 1.107759 0.192339
v 0.088898 1.043505 0.171061
v 0.010862 1.008976 0.190351
v 0.136317 1.041173 0.157487
v -0.157001 0.977650 0.160863
v 0.041802 1.091987 0.182135
v 0.023834 1.063023 0.191318
v 0.054066 0.959564 0.185542
v 0.058226 0.944508 0.188218
v 0.042428 1.014696 0.183632
v -0.070253 1.036629 0.180966
v 0.130487 0.938946 0.173143
v -0.052128 1.030519 0.185338
v 0.143638 0.992396 0.156341
v 0.169661 1.041264 0.147927
v 0.001485 0.983374 0.191026
v -0.000255 0.994727 0.191671
v -0.172679 0.951712 0.160444
v 0.002238 0.930622 0.197466
v -0.006237 1.106861 0.192729
v -0.083120 1.110604 0.171621
v -0.041194 1.032527 0.186814
v -0.039206 1.042415 0.186277
v -0.056323 1.041713 0.183366
v -0.098807 1.020619 0.177079
v -0.085839 1.070902 0.177427
v -0.089156 1.083388 0.180200
v -0.101733 1.071223 0.173612
v 0.088237 0.938510 0.185073
v -0.156359 1.019199 0.162062
v -0.125352 1.037035 0.167533
v -0.047268 1.047466 0.184771
v -0.076423 1.087150 0.183792
v -0.071996 1.076145 0.181076
v 0.140724 1.053143 0.155577
v 0.129577 1.116755 0.148964
v 0.152169 1.051296 0.152237
v 0.104053 1.032730 0.166876
v 0.011343 1.105528 0.189212
v 0.021381 0.928035 0.198083
v 0.141386 1.024836 0.156392
v -0.168396 0.970031 0.157324
v -0.163625 0.985570 0.156362
v 0.072486 1.116910 0.177331
v 0.051510 0.919460 0.199412
v -0.089137 0.972451 0.174324
v 0.039955 0.960122 0.187945
v -0.141511 1.039907 0.162980
v 0.066388 0.959399 0.183027
v -0.009222 1.090626 0.189366
v 0.080186 0.960398 0.179625
v 0.085927 0.952288 0.180377
v -0.146647 1.006482 0.167320
v 0.128247 1.017066 0.160359
v 0.090906 0.923470 0.191024
v 0.159805 0.937416 0.174132
v 0.121306 1.104612 0.156670
v -0.029172 1.001946 0.192768
v -0.148403 1.110704 0.139033
v 0.021896 1.097122 0.186481
v 0.099407 0.931990 0.187495
v -0.127756 0.950523 0.170398
v 0.067104 1.036207 0.176712
v -0.048946 1.003814 0.191439
v 0.120955 1.117012 0.153186
v -0.138734 0.982586 0.158927
v -0.088514 1.095603 0.180130
v -0.028428 0.938650 0.192950
v 0.160368 1.113754 0.134907
v -0.067524 1.023883 0.183533
v -0.083967 1.029619 0.178884
v -0.079117 1.020611 0.181824
v 0.051831 1.117029 0.183494
v 0.023841 1.051124 0.187713
v -0.154809 1.096150 0.153217
v 0.045374 0.945119 0.190210
v -0.156045 1.110781 0.133907
v -0.085047 1.003019 0.187568
v 0.104820 1.072941 0.164796
v 0.154154 1.117321 0.130450
v -0.174611 1.039966 0.153657
v 0.028872 0.938340 0.194137
v 0.121015 0.990197 0.163520
v 0.114472 1.003144 0.164858
v 0.097193 1.092678 0.165782
v 0.086105 0.997335 0.173300
v 0.039923 1.039709 0.183546
v -0.073811 0.992801 0.186424
v -0.060360 0.992259 0.190212
v -0.136442 1.102434 0.155591
v 0.052206 0.973971 0.183523
v 0.108700 0.967873 0.170051
v 0.076967 1.068534 0.175445
v -0.153222 0.944955 0.168090
v -0.008005 0.917932 0.202547
v 0.008360 1.089745 0.187262
v -0.059549 1.081336 0.184014
v 0.162224 0.936957 0.166253
v 0.067481 0.972211 0.180476
v 0.067520 0.982516 0.179137
v 0.042631 0.918573 0.200988
v -0.108541 0.995295 0.176216
v -0.170316 1.094518 0.149051
v -0.027324 1.086385 0.188571
v -0.163940 1.012465 0.161725
v -0.160500 0.988387 0.145800
v 0.137867 1.107106 0.148650
v -0.064535 1.090479 0.185925
v -0.120398 1.074490 0.169446
v 0.124504 0.973805 0.163683
v -0.021562 1.015062 0.190876
v 0.104601 1.099797 0.163165
v 0.088732 1.102522 0.169457
v -0.111746 1.031543 0.171744
v -0.002224 0.968960 0.191087
v 0.117729 1.079923 0.159514
v -0.047106 0.969376 0.186754
v 0.159643 1.017910 0.151217
v 0.027759 1.006635 0.187718
v 0.084884 1.055720 0.174751
v 0.147008 0.939023 0.174760
v -0.055259 1.105350 0.184916
v -0.028916 1.028770 0.189089
v -0.018220 1.025935 0.190405
v -0.017270 1.039057 0.189150
v -0.140176 1.079658 0.163023
v 0.125803 1.059041 0.160092
v 0.006727 1.057419 0.190625
v 0.151353 1.090882 0.145489
v 0.153639 1.100706 0.142880
v -0.038693 0.991136 0.193805
v -0.049822 0.993246 0.193451
v -0.048937 0.981097 0.187690
v 0.007496 1.075862 0.189400
v -0.037844 0.982563 0.189953
v 0.010402 0.997373 0.190654
v 0.022320 1.069772 0.188197
v -0.123755 0.976679 0.164869
v 0.118063 1.039054 0.162876
v 0.089042 1.068092 0.171693
v 0.093190 1.079872 0.168090
v -0.055607 0.957199 0.185534
v -0.110235 1.102781 0.166975
v 0.033513 1.018983 0.185049
v -0.061235 0.981376 0.184177
v 0.128407 0.922882 0.180642
v 0.110186 1.022657 0.165395
v -0.015194 1.075999 0.189117
v 0.003107 1.009961 0.191088
v 0.133663 1.092436 0.151942
v -0.015599 0.994522 0.192649
v -0.094177 1.027207 0.176827
v 0.059380 1.065328 0.180990
v -0.154037 1.049849 0.158863
v 0.001436 0.959501 0.191761
v 0.012821 0.970557 0.190350
v -0.176451 0.999508 0.157377
v -0.037806 0.928877 0.194772
v 0.104358 1.058718 0.168181
v 0.013231 0.985274 0.189956
v -0.010856 0.981846 0.191501
v -0.024961 0.989017 0.192645
v 0.053122 0.928229 0.194916
v 0.151719 1.028432 0.153346
v 0.063350 1.051497 0.179185
v 0.077448 1.058366 0.177633
v 0.072909 1.046407 0.175336
v -0.129515 1.026925 0.167824
v -0.095562 0.937325 0.182554
v 0.054044 1.032322 0.180077
v 0.056154 1.102170 0.179784
v 0.047875 1.103677 0.181906
v 0.116486 0.944733 0.174958
v 0.036070 1.052271 0.185933
v 0.035632 1.062022 0.188347
v 0.048186 1.053154 0.183607
v -0.083255 1.037425 0.177906
v -0.071142 1.100632 0.183042
v -0.065349 1.056594 0.180994
v -0.069891 1.063471 0.180061
v -0.135445 1.055269 0.163719
v 0.043940 0.973141 0.185237
v -0.026829 0.953762 0.190641
v -0.025971 0.964255 0.190172
v -0.012724 0.957490 0.191599
v 0.165731 1.087559 0.140293
v -0.148173 1.066808 0.160008
v 0.012365 0.936358 0.195777
v 0.167157 0.950160 0.153424
v -0.081552 1.048931 0.177466
v -0.068590 1.044154 0.180605
v -0.056464 1.069714 0.183349
v 0.004204 0.973360 0.190789
v 0.118374 0.934599 0.184072
v 0.167399 0.966984 0.149262
v 0.164866 0.958564 0.149300
v 0.151161 0.969398 0.154422
v -0.062815 1.102145 0.184838
v -0.067074 1.112871 0.176401
v -0.113267 0.957442 0.173547
v 0.088650 1.009630 0.172049
v 0.102821 0.997016 0.168581
v -0.050280 1.115692 0.179147
v -0.154310 1.101900 0.148197
v -0.108226 1.085207 0.176752
v -0.057032 1.005223 0.190166
v 0.079942 0.982708 0.176075
v -0.014006 1.032245 0.189488
v 0.077901 1.011173 0.174906
v -0.174337 1.022312 0.155723
v 0.002410 0.946531 0.193527
v -0.118505 1.022947 0.171419
v -0.133122 0.937452 0.175429
v -0.136248 0.948732 0.168736
v -0.105495 1.015706 0.176622
v 0.138749 0.963499 0.157645
v -0.123476 1.046690 0.167238
v -0.129417 1.060699 0.165259
v 0.154552 0.931592 0.169780
v 0.168216 0.943086 0.156877
v 0.112975 1.094925 0.159218
v -0.104408 0.931585 0.183431
v -0.146789 0.985600 0.156299
v 0.170679 0.942009 0.162530
v -0.106423 1.007635 0.180085
v 0.024456 1.043475 0.186671
v -0.093643 0.995539 0.183647
v 0.118491 0.920987 0.184784
v -0.120828 1.083402 0.170815
v 0.172864 0.945318 0.164596
v 0.157442 0.973383 0.152354
v 0.153192 1.065763 0.150145
v 0.156206 1.075747 0.146798
v 0.169158 1.069826 0.145685
f 311 1 3687
f 311 243 1
f 3687 1 2
f 1569 309 2921
f 2271 1569 642
f 2628 2084 3377
f 2084 5 6
f 2347 2628 1232
f 302 2336 2497
f 3168 1994 791
f 1660 685 1482
f 1794 1231 521
f 2163 2756 9
f 1121 1400 1954
f 3459 2808 434
f 3772 2724 444
f 1762 521 2294
f 1710 1694 803
f 17 1710 2760
f 2831 1731 499
f 3717 14 1622
f 1738 2927 481
f 2831 2046 2830
f 1730 21 2703
f 3053 1489 3054
f 2451 1765 690
f 2676 1680 1127
f 1680 3055 1127
f 1361 991 1649
f 2724 1745 444
f 3464 2133 391
f 3294 27 28
f 3213 3294 1550
f 31 1381 30
f 2719 33 34
f 3366 3242 373
f 2720 3724 875
f 2824 2218 522
f 1419 3764 1277
f 2166 3031 2572
f 2954 1820 1062
f 3563 36 37
f 1810 41 1913
f 1861 2929 500
f 1275 1062 2255
f 2493 2363 950
f 3011 42 43
f 3435 2311 1149
f 45 2363 2493
f 2586 49 50
f 3348 1149 2311
f 2586 50 2319
f 3228 583 2384
f 2095 52 53
f 2095 2094 908
f 56 57 3276
f 1362 54 55
f 2827 55 56
f 2827 3276 1167
f 2180 2817 2401
f 3650 2180 574
f 3434 1006 3200
f 3434 3200 1217
f 1967 1494 1159
f 3037 2912 464
f 3170 2541 1006
f 1257 209 210
f 3393 2026 1438
f 1913 42 3011
f 3393 1257 3824
f 2121 1903 951
f 2156 1479 1198
f 3212 2943 550
f 1519 1351 360
f 1941 1233 713
f 3505 215 216
f 2032 1783 996
f 1979 1259 525
f 1980 736 2055
f 2987 2928 372
f 2501 2539 836
f 3268 2047 596
f 1463 2965 3064
f 3452 224 2320
f 1560 225 226
f 2288 1969 716
f 2806 3539 528
f 1877 229 230
f 2334 2973 3576
f 3248 229 1877
f 2345 1430 3042
f 1959 2901 503
f 1430 2549 985
f 2549 236 1932
f 3590 1577 667
f 1577 238 239
f 2606 3510 1200
f 3510 241 2358
f 58 3275 242
f 2358 241 3390
f 3390 3275 1151
f 2792 59 60
f 237 2173 1932
f 2312 2041 818
f 3790 2140 1148
f 1430 2880 3042
f 2140 2232 1046
f 2868 1574 634
f 2104 3266 768
f 2232 2140 65
f 2177 1297 416
f 3293 67 68
f 2292 2219 518
f 1665 1320 3105
f 2104 70 71
f 1005 2185 3266
f 1975 1472 378
f 2303 3737 625
f 3225 73 74
f 2822 2799 982
f 2370 2736 346
f 776 2405 1925
f 3636 78 2657
f 2657 78 1829
f 1829 3156 1300
f 2749 1975 378
f 3721 83 1673
f 82 3721 3722
f 1673 2862 1214
f 1766 1236 565
f 1871 2443 907
f 2098 86 87
f 1414 87 88
f 1943 2496 89
f 1709 91 92
f 2903 2666 461
f 2341 91 1709
f 3140 92 93
f 3588 834 2051
f 1394 2671 467
f 2117 453 2010
f 2402 1394 837
f 2053 1502 440
f 2039 2117 846
f 2090 1276 453
f 3327 100 101
f 2476 1526 804
f 2458 1499 688
f 804 1503 1502
f 2476 804 1725
f 2837 110 1266
f 3175 2922 947
f 2148 1266 111
f 3405 2148 112
f 113 114 2634
f 244 245 114
f 3405 112 113
f 2148 111 112
f 1266 110 111
f 3068 246 247
f 2458 109 1499
f 2951 248 249
f 1825 250 1618
f 2731 870 2485
f 2287 2033 938
f 251 3662 1618
f 3509 739 2893
f 2033 254 3509
f 3552 1591 396
f 2074 3321 739
f 2978 1248 523
f 3138 1789 622
f 2875 2978 1024
f 2878 2087 423
f 2171 1247 523
f 1610 1311 753
f 3209 2918 1398
f 2737 2556 448
f 3218 3173 1411
f 3759 2715 266
f 2702 264 265
f 2622 2034 806
f 2813 1736 515
f 2622 806 1454
f 3440 1879 376
f 1337 2109 806
f 2314 1410 588
f 3247 3181 515
f 2579 272 273
f 3780 273 274
f 2353 1918 1617
f 2991 740 2004
f 1900 1681 990
f 3786 2231 421
f 1978 1655 279
f 2112 1926 508
f 1617 1245 2353
f 3686 872 1918
f 3555 2534 2707
f 1806 2112 2963
f 2196 881 1806
f 3593 2266 1292
f 3389 1392 1937
f 2352 1395 355
f 1197 2605 897
f 3325 2184 290
f 2190 2191 758
f 3070 1724 726
f 3489 2481 1146
f 3489 296 2481
f 1418 1936 725
f 1726 3277 657
f 298 299 1936
f 1390 300 1726
f 1726 2497 3277
f 1079 1839 3536
f 2336 303 2743
f 3535 1663 305
f 3535 305 306
f 2271 1074 2583
f 3066 2522 642
f 2921 3066 1569
f 3428 1587 957
f 1644 3047 3229
f 2726 3049 613
f 2830 2046 803
f 1178 1990 3193
f 3173 1311 1610
f 1891 1890 1279
f 3033 2580 859
f 2369 2465 784
f 2089 1250 407
f 3338 3309 317
f 740 2006 2005
f 2327 1332 318
f 2680 1871 489
f 2346 1541 465
f 1896 1897 696
f 3194 1678 422
f 3591 3138 622
f 1069 2419 2071
f 1231 12 3717
f 2048 1551 3426
f 2904 1493 320
f 2487 3407 364
f 1877 1012 2976
f 2466 1679 647
f 2818 1735 911
f 1573 1722 325
f 1292 2404 2361
f 1434 2393 703
f 3753 1584 724
f 3843 1370 576
f 1905 1251 329
f 1874 1326 1008
f 2945 2222 456
f 1863 1716 409
f 2717 1951 491
f 3638 531 2559
f 1601 2761 322
f 1845 2020 447
f 3790 63 64
f 2144 1213 701
f 2602 534 2578
f 1809 38 39
f 3051 1237 334
f 2099 2900 386
f 3273 1521 315
f 3710 2325 823
f 1676 2925 386
f 3109 1536 336
f 1697 1417 370
f 2593 2752 3230
f 3341 3125 325
f 2859 1603 638
f 1260 218 219
f 1972 1757 442
f 3119 1218 726
f 3454 1822 362
f 2528 268 1454
f 2316 80 81
f 2430 2192 353
f 1510 1321 342
f 2899 1626 3130
f 2226 1433 389
f 2042 1611 460
f 3572 706 1862
f 3663 2455 884
f 1353 3202 3768
f 3761 2227 3358
f 3635 895 1604
f 3198 2614 363
f 2409 1422 347
f 2957 1708 346
f 3214 2194 348
f 1183 1876 463
f 3285 2189 3745
f 249 250 1825
f 1476 2645 455
f 1160 1177 3813
f 1593 1513 3504
f 3838 8 1660
f 2468 1641 96
f 3308 2512 867
f 2306 353 1421
f 2563 2111 318
f 3631 1516 354
f 3303 3048 2100
f 3619 672 2038
f 2153 1162 2648
f 1753 3196 3295
f 810 1659 1385
f 2685 3378 446
f 2151 1042 2406
f 2035 762 2205
f 3777 262 1610
f 2440 2168 366
f 2221 1828 1405
f 1852 360 1331
f 3352 2751 569
f 2020 2873 447
f 1229 1102 2749
f 2415 2241 362
f 3499 2159 1078
f 1230 2297 1599
f 1328 2386 392
f 798 1255 2394
f 2558 1298 3320
f 2701 1427 931
f 3666 393 2783
f 2603 988 2769
f 3281 2243 553
f 3400 1581 439
f 1439 2236 3196
f 1593 2489 571
f 2760 1710 921
f 2680 489 2233
f 1254 1886 345
f 2315 2883 1866
f 2213 2214 1263
f 2718 2753 1661
f 2457 2024 3657
f 2539 1980 836
f 3137 3482 323
f 2505 3589 2695
f 2418 1466 605
f 3755 2862 84
f 2664 1671 322
f 1268 2536 1354
f 1495 3151 371
f 1736 3247 515
f 1961 3220 1566
f 3331 875 2675
f 3237 1803 475
f 2199 1229 524
f 3709 1798 400
f 3678 1756 471
f 3846 420 2329
f 1635 3289 380
f 2642 1510 342
f 3418 2871 599
f 3134 815 2776
f 1645 3087 1012
f 1976 1480 1977
f 2059 1621 383
f 1233 1941 2944
f 3365 3565 1683
f 3519 2631 884
f 3426 1650 1060
f 2181 2182 1043
f 1997 1522 945
f 2867 1875 1050
f 2462 387 1273
f 2484 1801 816
f 1674 3463 407
f 1204 61 2312
f 1433 1287 389
f 1648 1327 636
f 1401 1559 428
f 3456 1875 328
f 2550 3682 561
f 1109 1701 3549
f 1131 2726 1237
f 3707 3416 1193
f 3779 2220 464
f 2643 2907 3434
f 3808 2408 479
f 3488 1687 435
f 2172 1384 395
f 3058 2972 469
f 1080 1591 3552
f 1719 3689 495
f 3431 1721 397
f 2223 3488 435
f 1904 2855 454
f 711 1911 2908
f 2794 2713 945
f 1983 1347 3347
f 1798 2734 400
f 1209 2430 2359
f 3157 1652 72
f 2281 614 1851
f 3310 3311 1989
f 2244 719 1534
f 3001 403 1827
f 2982 3567 394
f 1820 2954 404
f 3088 1780 874
f 1892 1893 1290
f 1938 2187 343
f 1133 3030 1819
f 2669 1970 384
f 1674 2284 1286
f 3189 68 69
f 2138 2995 408
f 2490 2553 430
f 3852 2249 486
f 3655 2318 3040
f 2391 2339 410
f 3352 2729 1191
f 3056 1732 971
f 2703 21 22
f 3708 3697 1776
f 3231 1383 2267
f 2076 2307 1235
f 3156 80 2316
f 1936 3511 298
f 2507 3696 482
f 2809 1457 689
f 3656 2662 332
f 2078 716 1560
f 1536 2178 336
f 2129 1263 417
f 2061 2277 786
f 1208 2301 3647
f 2275 2374 537
f 3161 2126 767
f 2635 2044 1172
f 1333 2329 420
f 2845 1542 1289
f 3135 2006 740
f 3816 1681 367
f 2082 3029 493
f 2744 1662 644
f 2400 1247 2337
f 2270 1440 375
f 723 1387 1340
f 2628 4 5
f 2439 1638 1313
f 1533 2626 1369
f 1576 2516 426
f 3035 1239 3036
f 2890 2486 890
f 1486 247 2952
f 3040 2318 428
f 3127 1632 342
f 1966 2250 429
f 994 1350 3190
f 2360 3669 533
f 1743 1455 994
f 1382 2073 2486
f 2208 1789 1007
f 3486 2381 432
f 2452 1375 671
f 2924 1564 611
f 3309 2013 317
f 2808 1777 434
f 1994 12 1231
f 1775 2123 502
f 2484 1431 319
f 1389 2589 864
f 1812 2031 425
f 2992 2599 437
f 1578 1696 541
f 2753 1355 438
f 3519 1611 2631
f 3400 439 2389
f 2807 1631 632
f 3265 1547 440
f 2485 103 104
f 2022 1375 441
f 2434 2065 450
f 3406 442 2265
f 2607 3437 313
f 2990 3357 443
f 3323 3825 1459
f 2552 1763 2447
f 1950 2467 690
f 1606 3000 659
f 2450 3397 3849
f 3378 2445 446
f 1367 1897 586
f 3245 3180 614
f 1605 1881 1122
f 1807 2396 448
f 3653 3206 770
f 3532 1937 838
f 3134 2355 441
f 2050 2434 811
f 3256 442 1757
f 3732 2773 451
f 3599 2575 1318
f 2939 3691 1783
f 2748 1571 3387
f 3503 846 2388
f 2591 396 1706
f 3526 1583 925
f 1372 2854 3217
f 2616 1476 455
f 1731 3386 1144
f 1413 2659 2107
f 2520 3501 556
f 3123 1636 457
f 2848 1544 630
f 1627 3124 458
f 3655 2317 808
f 3059 2706 1910
f 3557 1682 496
f 3480 1715 654
f 2145 1653 1234
f 1923 827 1924
f 1836 1650 385
f 1908 1305 462
f 2930 1597 463
f 1353 1183 807
f 2835 2018 493
f 2912 2059 748
f 2162 208 209
f 2237 3788 882
f 1651 2730 895
f 3432 3856 466
f 2079 31 32
f 3588 2511 834
f 2203 1769 468
f 2688 683 1512
f 1952 1254 345
f 3108 1481 469
f 2617 3092 476
f 3171 2474 663
f 1564 2570 433
f 2610 1901 471
f 1919 1209 709
f 3339 2816 1069
f 2447 1763 444
f 2985 2648 473
f 2850 2804 368
f 3301 1968 657
f 3858 1954 351
f 1309 1859 2483
f 3708 1599 412
f 2789 2617 476
f 1977 336 1514
f 2290 1739 477
f 3201 1514 336
f 3359 1988 718
f 2509 2590 2858
f 3444 3808 479
f 2247 1505 530
f 1262 1931 2080
f 3448 1815 676
f 2361 2179 881
f 3295 1620 845
f 3847 564 1396
f 1846 1867 450
f 1504 2062 593
f 2287 253 2033
f 2089 1026 3471
f 2281 3714 614
f 1600 3380 485
f 3257 3513 1115
f 2009 1338 805
f 2269 1253 409
f 3629 1098 1916
f 2631 1611 737
f 3240 743 1756
f 3846 2259 420
f 3246 2233 903
f 2762 1346 445
f 1922 776 1925
f 3096 2885 906
f 1951 2182 491
f 3083 1587 314
f 2258 2195 492
f 2525 1252 529
f 1822 2344 618
f 2018 1065 2239
f 3726 1881 1261
f 1986 1250 687
f 2949 1993 717
f 1769 3219 468
f 3605 2477 820
f 3557 1692 3556
f 3119 3601 497
f 2253 1390 657
f 1786 3117 516
f 2597 2244 605
f 3441 3078 499
f 1710 17 18
f 3223 1780 500
f 2311 48 1850
f 3376 501 3373
f 2538 1686 660
f 2823 2867 1050
f 1686 3375 392
f 1817 2838 1271
f 2649 1339 3174
f 2399 2818 911
f 2564 1637 337
f 1314 2068 3148
f 3215 1658 475
f 2798 2730 506
f 2483 1803 775
f 2186 1258 773
f 2571 1234 317
f 284 2963 2295
f 2381 2707 432
f 1189 2300 509
f 2377 1447 510
f 3799 2211 1171
f 3639 1429 419
f 2166 2572 869
f 2696 1379 333
f 2146 2349 1082
f 2616 455 1529
f 2681 2523 513
f 3438 2080 480
f 2114 3169 514
f 2136 1965 2900
f 2034 1337 806
f 2425 2938 589
f 1572 2356 516
f 3652 603 1467
f 1540 1202 1539
f 3585 1616 560
f 3266 2185 768
f 2608 1595 361
f 3098 1737 761
f 1511 1165 3391
f 2014 3385 520
f 2651 2290 1449
f 3447 3335 942
f 2946 670 1746
f 2658 1128 2446
f 1776 2755 2068
f 2978 1789 1024
f 2909 2400 1609
f 76 2365 2800
f 1320 2575 563
f 3581 1032 1940
f 2137 1331 538
f 3221 2213 1263
f 2276 1302 335
f 3606 837 2468
f 2060 1705 3209
f 2273 1073 2569
f 3620 1490 598
f 1899 529 1253
f 2113 2330 344
f 1051 2876 2408
f 1422 1105 1811
f 2126 1429 2383
f 2243 1335 553
f 2147 532 1307
f 1992 610 1525
f 2144 701 1848
f 2380 1255 798
f 2257 2578 534
f 1903 3212 550
f 1888 1289 535
f 3617 2444 1064
f 782 2506 1284
f 2326 1333 781
f 2374 1303 537
f 2609 2594 398
f 1368 2137 538
f 2975 2555 831
f 3859 1790 539
f 3140 93 2652
f 2342 3358 540
f 829 1324 2515
f 1781 1493 976
f 1282 2216 1576
f 1978 2124 796
f 1308 2673 532
f 3361 1006 2907
f 2220 3037 464
f 2765 2125 544
f 2241 1393 1087
f 1984 3651 1180
f 2638 905 2747
f 3120 3115 546
f 3302 2357 545
f 2623 1764 624
f 1285 2310 569
f 2625 1268 548
f 3220 2754 324
f 1326 1874 549
f 2532 1830 3671
f 3574 2580 550
f 3573 211 212
f 2019 551 1571
f 1455 1743 430
f 2340 2131 3186
f 3034 2868 634
f 2633 1435 594
f 1174 1509 2325
f 2604 3255 554
f 2843 1357 454
f 1509 1356 555
f 927 1357 2843
f 1921 2896 556
f 3478 1742 519
f 1585 2826 1230
f 1646 1168 590
f 2562 2439 558
f 1313 3349 627
f 1246 1141 3632
f 3501 1921 556
f 43 2432 3011
f 2372 1202 799
f 3113 1680 1037
f 1489 22 3227
f 1991 2433 615
f 1012 2861 2881
f 3672 2323 1851
f 2840 1793 681
f 3278 772 1199
f 3479 2507 482
f 1766 3008 1047
f 3755 84 85
f 1975 2379 797
f 3814 3008 565
f 2854 2436 567
f 1296 2114 514
f 2340 818 2131
f 2792 3275 59
f 2751 2339 904
f 2654 2291 573
f 2667 1147 3031
f 2567 2675 35
f 929 2407 1711
f 2488 1744 472
f 1400 3531 572
f 1088 1794 3335
f 2260 3197 573
f 2759 823 1615
f 3142 3650 574
f 2817 3276 202
f 3827 3420 575
f 3638 3481 531
f 3367 1533 576
f 1545 3350 425
f 2184 1197 897
f 3195 1439 3196
f 266 267 3759
f 3502 375 2536
f 1689 1464 579
f 1797 2987 2964
f 2559 1999 1429
f 2044 3019 3420
f 3222 2612 581
f 2750 2492 338
f 3006 2627 732
f 2524 1881 606
f 3587 2784 583
f 3748 3089 1139
f 1608 1465 2546
f 1975 3307 2379
f 1124 2099 1296
f 2532 1477 613
f 1371 1749 850
f 2478 1682 668
f 3623 587 3624
f 2866 1488 648
f 2911 2314 588
f 3159 3527 1409
f 2938 1567 589
f 3337 2625 548
f 3284 2504 992
f 1243 3232 3236
f 2101 1495 591
f 2630 1933 438
f 2961 1592 922
f 1653 2145 460
f 3076 593 2062
f 1526 107 2458
f 3244 2633 1341
f 3725 988 2789
f 86 2098 3063
f 3592 2233 489
f 2962 1515 2651
f 3201 336 2178
f 1977 2047 673
f 1480 1481 974
f 3620 598 2040
f 3701 2283 494
f 3680 3418 599
f 2355 2022 441
f 2971 2811 600
f 3137 788 1285
f 1464 1297 932
f 3578 975 2928
f 2696 1540 2698
f 1427 2701 1960
f 3836 1960 603
f 2678 1539 517
f 3718 1224 3719
f 3302 2624 857
f 1466 2418 3698
f 2626 2716 1369
f 1881 1605 606
f 3315 1669 767
f 3216 607 1831
f 3294 3213 27
f 2778 3766 608
f 3047 3046 1800
f 2356 3089 1120
f 3779 464 1778
f 2564 1525 2494
f 2899 1627 628
f 1796 3110 3150
f 2860 1748 592
f 3414 1623 1193
f 3375 1686 1067
f 3235 3049 1131
f 2656 392 1755
f 1274 3180 1118
f 3245 2020 913
f 233 2345 2557
f 3399 2110 382
f 2637 1579 616
f 2993 1573 892
f 3612 1571 617
f 1981 1259 736
f 3207 1822 618
f 2333 1684 645
f 2403 1413 619
f 3122 1543 381
f 2828 1551 3104
f 1625 3084 485
f 3768 3177 1364
f 1741 1507 3057
f 2780 3591 1316
f 2955 3013 358
f 1990 1433 778
f 3514 1880 653
f 2487 1561 1498
f 2709 1583 327
f 73 3225 1527
f 2303 3105 401
f 1081 1545 3351
f 1727 1983 754
f 1843 1487 1081
f 3415 1192 2439
f 1974 1626 628
f 966 1627 2426
f 2947 3299 629
f 962 1634 3129
f 1544 3342 630
f 2302 1460 599
f 3823 631 1628
f 1630 3287 632
f 3287 3832 632
f 964 1631 3125
f 1833 1346 2778
f 1059 1600 3398
f 2960 1784 634
f 2232 65 66
f 1516 2933 3626
f 3749 703 1930
f 2877 1443 636
f 1433 1990 623
f 1594 1707 637
f 2699 1357 555
f 3176 1452 3296
f 1219 2251 2244
f 2722 1476 639
f 1083 2158 1824
f 2160 3576 640
f 229 3248 228
f 1982 641 1642
f 2920 1530 348
f 3146 306 307
f 3700 2950 1340
f 1585 3809 643
f 2067 1314 377
f 3093 1662 2230
f 3258 1718 3546
f 2159 3499 3633
f 3365 1684 1097
f 3218 2740 646
f 2343 1166 2878
f 2544 647 1678
f 2718 1661 644
f 2133 2366 648
f 3567 2766 394
f 3857 1531 1530
f 2182 2560 491
f 3750 2332 650
f 1587 1586 920
f 2096 3546 651
f 2330 1272 344
f 3328 3508 652
f 3250 3648 1948
f 1841 653 1692
f 387 1444 1443
f 1096 1716 3561
f 3353 2145 832
f 3280 1664 1074
f 2743 303 304
f 3770 1733 1157
f 3577 1769 801
f 3362 1968 1014
f 3695 2336 877
f 1844 1485 2772
f 3068 2634 246
f 1816 1607 741
f 2375 1471 584
f 1801 1685 660
f 2538 1066 3364
f 3465 1946 661
f 2579 2070 272
f 3015 2454 1613
f 2551 902 1404
f 2474 1496 663
f 1567 1566 856
f 3549 1701 664
f 1928 3445 703
f 1456 1387 3791
f 655 2475 1663
f 1732 1731 666
f 1730 2364 20
f 1959 3590 667
f 2606 239 240
f 2470 2354 1273
f 3283 586 2693
f 1658 2888 669
f 992 2820 3284
f 2503 3162 1744
f 1785 1423 968
f 3490 2452 671
f 2355 1462 3342
f 3696 1283 672
f 2460 1972 814
f 3091 3090 987
f 2047 1514 596
f 1175 3854 1720
f 2175 1349 623
f 3303 1773 675
f 3560 502 2823
f 888 3172 1598
f 2959 2796 886
f 2362 1276 677
f 2948 1719 495
f 3807 1698 983
f 2502 1688 727
f 437 1590 2495
f 1591 1469 2235
f 1742 680 1165
f 2896 1921 961
f 2390 1793 2840
f 2011 1170 510
f 3046 1799 682
f 3253 1799 1001
f 2207 1512 3542
f 2264 1751 827
f 3537 1872 684
f 2648 2141 473
f 6 1482 2084
f 2808 1954 723
f 1858 1651 686
f 1859 2736 999
f 3471 3506 687
f 3506 1805 1027
f 1504 1503 688
f 3404 1486 658
f 1135 1861 3763
f 2809 1013 1457
f 1765 1950 690
f 2467 3386 411
f 2453 1596 691
f 2434 2050 810
f 2563 1189 692
f 2734 2127 400
f 2771 1781 693
f 2428 3069 1305
f 3334 694 1914
f 1668 1683 487
f 1252 1917 1474
f 1517 695 2113
f 3830 2338 1707
f 1897 1896 1366
f 2508 1468 697
f 1893 405 1290
f 1213 3760 1325
f 3667 1891 547
f 732 1640 1639
f 2172 1866 1384
f 3747 1819 700
f 1252 1819 406
f 2252 2970 777
f 3017 1849 1256
f 2077 2088 702
f 1931 1944 1048
f 2393 1928 703
f 3864 1929 1052
f 3005 1810 939
f 1912 1837 1293
f 2249 3733 705
f 2464 1432 773
f 3572 1517 706
f 1716 1823 654
f 2508 1855 1468
f 486 2249 1338
f 1113 1882 3676
f 2075 1816 741
f 3798 2127 1220
f 2105 2377 510
f 3742 1888 710
f 2547 1909 711
f 3141 916 2931
f 3648 2438 712
f 1910 1948 1304
f 3729 2477 3605
f 215 3505 1939
f 3670 2411 214
f 3354 1228 714
f 2500 1288 535
f 1301 1956 2268
f 2862 83 84
f 2288 1878 1023
f 3112 224 225
f 2235 1469 717
f 3625 2198 352
f 3360 1988 3359
f 2979 1989 1137
f 2251 1966 719
f 2692 3273 315
f 3817 2526 1206
f 483 1225 2892
f 2967 2001 2969
f 3224 355 1395
f 3100 1886 1254
f 1183 2331 807
f 1777 723 1340
f 3858 351 1747
f 2779 1693 724
f 2079 1381 31
f 3511 1936 1418
f 3278 2469 772
f 3601 1724 3602
f 2923 1846 2065
f 2741 2296 727
f 2591 1706 677
f 2128 728 2023
f 1868 1867 853
f 1188 2037 2891
f 3763 689 1457
f 1386 730 1356
f 1357 1904 454
f 3009 1649 731
f 2779 1870 1693
f 2627 1640 732
f 1185 3269 1004
f 3861 2687 733
f 1780 2733 500
f 3769 3564 1622
f 1345 2850 2851
f 3306 1873 1102
f 3156 79 80
f 1980 3740 736
f 1259 1981 360
f 1933 737 1272
f 3863 934 3828
f 2448 443 3357
f 1779 2348 813
f 1382 2893 739
f 1424 3591 622
f 276 2004 2399
f 3584 909 2814
f 1236 2075 741
f 1816 1606 659
f 3265 1548 1547
f 2502 2090 1688
f 2057 1195 743
f 1901 1329 692
f 3649 1262 744
f 3437 1813 313
f 3833 2024 745
f 3279 2414 433
f 1847 1445 2735
f 3517 1844 3817
f 1958 2066 995
f 3148 2119 787
f 2660 2058 1399
f 2282 1479 847
f 2142 2143 749
f 3756 1593 571
f 1650 1836 750
f 957 1587 3083
f 1698 2150 2149
f 3551 1080 1699
f 3185 752 1962
f 2167 2021 437
f 260 2169 1248
f 2217 1311 423
f 3274 1983 1727
f 3651 2357 1180
f 1032 2193 2852
f 1368 2611 849
f 3778 756 2177
f 2988 1538 932
f 3843 1802 757
f 1420 2007 864
f 3806 2191 2190
f 2190 3533 293
f 3436 1181 759
f 2325 1615 823
f 2192 2906 760
f 1223 2188 764
f 2435 1388 761
f 3520 1737 1176
f 2932 762 2189
f 3285 3322 1963
f 2222 1840 763
f 619 3609 3419
f 3356 1223 764
f 1336 2243 3281
f 2377 2306 765
f 3481 3356 531
f 2211 1447 766
f 3316 1845 447
f 1470 2134 2383
f 2209 2874 766
f 69 1857 3189
f 3343 1227 1027
f 2082 2018 769
f 1970 3545 1101
f 3776 770 2765
f 2155 2239 1065
f 1446 2194 771
f 3746 1133 1906
f 2352 2272 772
f 2152 1415 414
f 3543 2186 1432
f 3643 2521 559
f 2154 1435 774
f 2291 2350 1298
f 2246 1309 775
f 1505 1431 816
f 1924 1546 776
f 3145 2664 2621
f 2970 3210 940
f 2561 3579 402
f 3193 1990 778
f 2226 389 1713
f 2054 1420 2589
f 2614 1407 889
f 2321 1463 780
f 3112 2320 224
f 2620 1562 781
f 1927 1288 2500
f 2429 509 1208
f 2506 2373 536
f 3597 2151 783
f 2195 1446 771
f 2449 1365 784
f 2278 1302 786
f 1987 2329 785
f 2373 1333 536
f 2277 1691 786
f 1302 2278 537
f 2118 1314 787
f 1649 1708 731
f 1788 871 2043
f 2811 1672 3837
f 1426 2281 789
f 2324 2323 1320
f 2712 2357 790
f 3822 1583 1373
f 3168 791 2163
f 3335 2851 942
f 3013 2955 1657
f 2342 2337 1093
f 3841 2085 793
f 2086 2085 936
f 2412 1286 794
f 1986 3704 1122
f 2574 2231 795
f 2437 1307 337
f 2124 1244 796
f 279 1655 278
f 3820 2378 2202
f 2202 797 1301
f 3815 2380 798
f 2395 2394 1347
f 1222 2218 1895
f 517 1203 2015
f 2992 800 1578
f 3013 1657 1019
f 2197 1734 801
f 2613 1751 683
f 3654 2522 1834
f 1482 6 3838
f 18 1694 1710
f 3771 2046 1143
f 105 106 1725
f 3076 1501 593
f 2596 2706 967
f 1714 1344 652
f 268 2622 1454
f 3183 2270 375
f 3057 1507 385
f 2332 2331 1586
f 2186 2317 1258
f 2318 1619 2916
f 2431 1264 809
f 2429 1209 1919
f 3243 1659 810
f 1760 1620 356
f 449 2050 2049
f 811 1439 2049
f 2472 812 1461
f 2460 1758 672
f 2349 1824 813
f 2348 1779 1089
f 1757 1972 2460
f 3450 599 1460
f 1460 2302 3074
f 339 2023 1868
f 3239 319 1431
f 3752 3423 1105
f 1773 1811 817
f 2123 2122 1008
f 1211 2130 2340
f 2131 2041 1148
f 3433 2674 2088
f 1422 3422 1105
f 1682 2478 2477
f 3729 1140 1947
f 2980 2532 821
f 3711 1273 387
f 3523 2521 2093
f 2598 2520 1310
f 2514 3710 823
f 2844 1357 927
f 1404 2392 2786
f 2592 2280 1529
f 3514 1287 825
f 1349 1996 623
f 1312 2847 1709
f 2341 1943 90
f 3713 1768 827
f 369 1923 1922
f 1782 2427 2428
f 2788 1885 462
f 2517 1324 829
f 2516 3035 956
f 1428 2491 830
f 2492 2144 1848
f 2554 1455 831
f 2975 1330 538
f 3353 832 2482
f 2289 1556 2317
f 2801 2543 1835
f 2907 205 206
f 2655 1312 834
f 1641 2468 837
f 2564 2494 835
f 2570 2494 1156
f 3064 1084 2942
f 2032 219 220
f 2402 3606 1317
f 1641 2051 95
f 291 292 2200
f 1448 1937 449
f 3384 839 2416
f 1036 1533 3367
f 2346 840 1352
f 2366 2000 648
f 2653 2397 841
f 1807 3841 1166
f 2588 2607 842
f 3419 3418 1391
f 2841 3640 843
f 2412 3645 1491
f 1900 2527 1681
f 2640 2637 1580
f 3555 1753 845
f 3041 1869 441
f 98 2388 3021
f 2825 2010 1100
f 2059 2282 3595
f 1452 2859 638
f 2385 1687 848
f 3326 2386 1328
f 2995 1368 849
f 1428 2492 2750
f 3283 1676 850
f 3187 1522 604
f 3254 1765 851
f 2442 1403 587
f 3739 852 2158
f 2158 3631 354
f 1867 1846 853
f 3476 2038 1758
f 3045 2390 1408
f 3751 2646 1319
f 2822 2576 1665
f 2575 2577 1318
f 3417 2466 923
f 3297 3220 324
f 3234 857 2624
f 3302 1690 2357
f 1590 2599 3787
f 1493 3081 976
f 2257 2581 1621
f 2582 2580 1198
f 1334 357 2449
f 3026 860 2374
f 3262 2804 1345
f 2447 1745 2946
f 1867 728 1184
f 1620 2452 845
f 2031 1802 863
f 626 3472 2767
f 3038 436 1389
f 2691 2690 1378
f 1379 2696 865
f 3598 2505 866
f 3598 866 1894
f 3409 576 1370
f 1751 3713 827
f 2512 1364 2903
f 3492 2665 868
f 3381 1625 1058
f 939 2165 1809
f 3563 2567 36
f 103 2485 1654
f 727 2296 1547
f 2043 2310 788
f 2310 2729 569
f 3686 1900 872
f 2640 1580 367
f 2723 1745 873
f 3079 499 3078
f 2017 2016 874
f 2037 1554 729
f 32 33 1729
f 3764 1419 570
f 2761 1601 876
f 3583 445 1884
f 2758 3695 877
f 2743 304 305
f 2962 2651 878
f 2135 1449 1009
f 2402 527 1394
f 2688 2613 683
f 1752 2689 880
f 2511 3588 1582
f 285 286 1806
f 3553 2707 998
f 3788 2237 1381
f 2829 3294 28
f 2683 2335 883
f 2673 3184 1306
f 1933 2630 2631
f 1611 2996 460
f 1497 2533 885
f 2754 2718 1662
f 3313 3391 886
f 2959 3172 676
f 2222 887 1840
f 2947 2642 1632
f 2795 3028 1598
f 2107 3609 619
f 1378 363 1646
f 3615 612 1508
f 2518 2106 3538
f 1963 2486 431
f 2803 1580 891
f 2102 2494 610
f 2573 1581 892
f 2926 1573 325
f 2941 2805 893
f 3539 1270 2935
f 2110 894 1817
f 2880 1430 985
f 2957 1651 895
f 2798 506 2262
f 2705 896 1856
f 2350 2759 359
f 3167 577 2293
f 289 2266 288
f 1678 2230 898
f 2116 1483 769
f 2566 2457 899
f 2414 1974 2919
f 2788 1305 900
f 1876 2930 463
f 3580 2771 901
f 1157 1733 3774
f 1613 2864 2551
f 1555 2866 648
f 88 2496 1414
f 1552 2886 906
f 1280 2584 2391
f 3352 3197 1190
f 3451 2545 1764
f 2747 2639 857
f 1492 2887 2885
f 2885 3096 3677
f 2443 1922 907
f 2886 3096 906
f 2095 2423 1295
f 1494 2543 393
f 2005 2574 909
f 2814 1451 3467
f 2784 2898 910
f 2783 2801 1117
f 2003 2818 1179
f 3780 1500 273
f 2212 2874 2872
f 3744 1426 1319
f 3705 361 1605
f 3317 1845 1035
f 2777 1462 914
f 2871 3418 1458
f 3600 1606 915
f 1883 2075 374
f 3141 2547 916
f 3521 1896 696
f 2919 1974 917
f 3338 317 1234
f 1358 2857 2590
f 2510 3176 478
f 900 2530 2529
f 2529 1876 722
f 2981 1597 920
f 3633 1683 1107
f 15 2760 1761
f 1763 2045 444
f 1704 2936 922
f 2997 1653 933
f 3417 923 1440
f 1354 548 1268
f 2832 2831 924
f 2364 1694 19
f 3860 925 2709
f 3217 3718 1373
f 2856 2854 926
f 2855 926 1372
f 2325 2844 1615
f 359 2069 3783
f 1838 2153 928
f 2986 2240 1397
f 1396 473 1712
f 2902 2489 969
f 1606 2999 3000
f 3229 3047 341
f 1539 2678 931
f 3383 2416 373
f 1536 601 2351
f 2964 1703 935
f 2937 2997 1702
f 371 2456 2455
f 1854 934 1823
f 1715 2042 460
f 2966 1797 935
f 2965 2052 1402
f 2556 2625 936
f 2224 3653 770
f 841 2397 2396
f 1354 1677 548
f 252 253 2287
f 483 2890 2106
f 3706 2165 939
f 3005 1809 39
f 3462 1848 940
f 2250 1670 429
f 3826 2471 941
f 3046 3688 1799
f 3757 2849 1513
f 2804 861 1746
f 2426 943 1619
f 2565 2521 1401
f 3236 3473 2286
f 505 3097 2119
f 3765 2794 1075
f 3270 3187 1124
f 801 2203 2787
f 2688 1512 879
f 1504 688 2183
f 2922 2953 1485
f 3007 1688 948
f 3327 2039 100
f 2882 3827 949
f 2884 2315 1697
f 2493 950 1616
f 3088 874 2016
f 211 3573 2026
f 3033 3003 2580
f 3101 1723 952
f 2993 892 1581
f 1465 3027 2375
f 2774 1798 955
f 1471 3045 954
f 3044 3043 1472
f 953 2774 2773
f 1793 1791 681
f 2427 2516 956
f 2415 362 1759
f 3065 2132 957
f 1915 1624 694
f 1818 2661 958
f 2662 1399 2839
f 3037 2257 959
f 1621 2581 859
f 1835 2684 960
f 2661 1818 609
f 2917 2897 1921
f 556 2164 1310
f 1558 3126 3122
f 3312 2848 630
f 1636 3123 963
f 3128 3127 1628
f 1630 3133 3131
f 3129 1557 962
f 3124 1627 965
f 3289 3287 1015
f 3132 1627 966
f 2013 1619 808
f 1909 3060 967
f 2706 2596 2228
f 2725 2815 1423
f 1083 2677 3611
f 2407 2902 1711
f 3611 2677 512
f 969 2489 2488
f 3162 1746 670
f 3015 3839 2454
f 3227 23 3685
f 3145 2621 972
f 1882 2763 708
f 2644 2812 1500
f 272 2070 271
f 1537 3107 3108
f 1481 1480 597
f 3578 2972 975
f 2811 788 1672
f 2600 3081 1493
f 1782 3082 426
f 2568 977 1469
f 2949 2948 1993
f 2752 1637 978
f 3150 1704 980
f 3855 2474 979
f 3440 3171 1374
f 1496 3152 2101
f 3139 922 1702
f 1898 3153 2338
f 1828 398 1405
f 1153 2540 2365
f 2800 3225 74
f 1698 2161 983
f 3165 440 1502
f 2901 1959 984
f 3106 2984 1339
f 2549 1932 985
f 615 3674 1991
f 3293 2025 1574
f 1957 1857 768
f 1570 987 1384
f 1750 3091 673
f 3305 2617 988
f 3725 1437 594
f 2044 3018 989
f 3019 1570 3491
f 2298 1900 990
f 2683 883 2672
f 3097 1442 991
f 3432 466 1998
f 3810 2821 3811
f 3284 3231 1243
f 3626 2681 1186
f 993 1827 2523
f 2554 3192 1455
f 3191 3190 1890
f 2066 2067 995
f 2668 2667 1063
f 3691 2055 996
f 2032 1260 219
f 3518 2603 997
f 871 2421 2168
f 881 2179 1926
f 2382 2381 844
f 3410 1859 999
f 346 2736 1651
f 1803 3237 3844
f 3232 1243 1061
f 2940 2734 1001
f 1799 3253 682
f 2305 1808 1002
f 2471 2176 941
f 3249 1713 1003
f 3461 1841 1104
f 3793 2047 1004
f 3659 3796 1639
f 1527 3267 1005
f 72 1652 71
f 2541 3200 1006
f 2958 1030 2304
f 1789 2909 1007
f 2206 358 2205
f 2122 2385 1008
f 3075 1008 1326
f 3022 2135 1009
f 3024 1009 1342
f 2334 1739 1010
f 3425 416 1377
f 2651 3208 2290
f 1739 2178 756
f 3319 562 1645
f 2861 1877 230
f 49 2586 1850
f 1457 1315 415
f 3396 3395 1014
f 1968 414 1415
f 3130 3289 1804
f 3802 1630 457
f 2953 2952 1016
f 720 1825 1618
f 8 2756 1660
f 1568 2234 434
f 3574 2943 1018
f 3222 1770 2612
f 2205 3013 1696
f 3081 3082 976
f 2689 1020 2322
f 2680 2233 826
f 2254 1412 1021
f 2064 2923 1385
f 2822 1665 1022
f 2799 2303 625
f 227 228 1878
f 1969 1377 416
f 257 3304 1475
f 622 1789 2208
f 2874 2209 3694
f 2587 1669 447
f 1647 3344 2960
f 3463 1674 1095
f 3548 1864 1027
f 3506 3704 687
f 1988 3176 1028
f 3311 1028 1602
f 1695 478 1953
f 2839 1029 1612
f 207 2863 1518
f 2578 2257 1086
f 3496 3118 3495
f 3117 1865 3693
f 2853 2193 1032
f 3581 1940 216
f 2605 3195 1738
f 2927 1753 1154
f 3453 3029 2344
f 2333 1034 1684
f 2524 3317 1772
f 767 1669 3161
f 3366 2418 1036
f 2695 1700 866
f 2775 1177 1037
f 2248 2676 25
f 3679 2022 1038
f 3341 1038 1544
f 2109 3181 1039
f 2108 3457 578
f 3466 3388 1946
f 3455 1040 1736
f 2167 1041 2021
f 3745 2189 762
f 3346 2920 1042
f 2833 2151 1114
f 2097 2181 1043
f 2194 1951 771
f 2008 1044 1705
f 2198 2197 801
f 3695 2727 1045
f 2497 1726 301
f 64 65 2140
f 3618 2089 407
f 3743 1047 2098
f 3063 2030 85
f 1322 347 1944
f 3048 3449 1055
f 1774 3430 3431
f 1721 2029 674
f 3560 2823 2029
f 3456 328 1388
f 1945 3429 1051
f 2876 2410 819
f 2077 1930 1052
f 2088 2674 1322
f 3446 1945 1053
f 3445 3444 1929
f 3443 3438 1054
f 3692 3448 676
f 1814 2100 1055
f 3448 3449 1815
f 2261 2262 1056
f 2133 648 1488
f 3467 1451 1057
f 3388 1879 1040
f 2665 3381 1671
f 3369 3507 1601
f 3784 1600 1059
f 3857 1530 641
f 3084 1625 1060
f 3427 1060 1650
f 3238 3232 1842
f 2267 3372 1066
f 1912 404 1275
f 2446 2668 1063
f 2846 2668 1128
f 511 2166 2165
f 2444 2009 1064
f 3060 2596 967
f 770 2155 2125
f 1393 3453 1087
f 3373 3372 1383
f 3374 1066 1685
f 1686 2538 1067
f 1755 612 1478
f 3474 2755 1068
f 2888 3473 669
f 2816 2419 1069
f 3853 2797 969
f 2291 2654 1070
f 3392 1070 1436
f 2666 2903 3492
f 2665 3104 620
f 2934 1656 1072
f 2273 878 2535
f 2935 1072 3116
f 3399 1991 894
f 306 3146 1664
f 3775 424 1456
f 2413 3332 1076
f 2714 2794 945
f 3169 2114 1076
f 3332 2413 627
f 3604 1109 2366
f 3515 686 1309
f 3004 2601 3498
f 3498 314 2757
f 1162 684 1872
f 2376 2758 1215
f 3494 1591 1080
f 3550 3551 2149
f 3350 1545 1081
f 1843 1416 399
f 2146 3155 1473
f 3406 2348 442
f 3720 3739 1083
f 2677 1824 2349
f 2320 2942 1084
f 223 2501 222
f 1939 3211 1085
f 2411 2121 213
f 1030 2578 2304
f 2684 2220 960
f 2530 362 1822
f 2344 3029 1242
f 2234 791 2641
f 3458 1588 3459
f 3052 1089 1553
f 3568 1089 1779
f 2882 3144 1172
f 2242 1907 764
f 1521 3273 1091
f 2767 1727 1416
f 3260 2717 1092
f 3334 1915 694
f 2337 2087 1093
f 2227 2086 340
f 3853 1787 1094
f 321 2472 2001
f 2869 1046 3095
f 2441 1674 843
f 1795 1096 1432
f 3543 1096 1717
f 1684 3566 1097
f 3630 3541 1099
f 1914 3086 406
f 3086 3629 1917
f 3541 2330 1099
f 1916 3628 695
f 2010 3298 1100
f 2670 2918 879
f 1483 644 1970
f 3566 2096 1097
f 2499 566 1873
f 735 2199 3637
f 1682 3557 1103
f 3556 653 1444
f 3461 1104 2438
f 1947 3460 496
f 2410 530 1422
f 3424 3423 2122
f 2173 3590 1106
f 2879 3607 503
f 3099 2159 1107
f 2700 1668 1098
f 2645 2451 1108
f 2592 824 2280
f 3516 3603 3604
f 648 2000 1555
f 3741 1896 1110
f 2445 1898 446
f 1325 698 2360
f 3834 1561 364
f 2522 3066 1232
f 2686 3687 2
f 2790 490 2791
f 3677 3676 1883
f 3597 3846 1114
f 1987 785 1195
f 3513 2057 1115
f 1808 1756 1002
f 283 284 2295
f 3686 3002 1900
f 3575 1778 1117
f 2783 2420 910
f 1227 518 1728
f 3039 913 1605
f 1949 3571 1119
f 1927 329 1288
f 3089 1818 1120
f 3495 3118 1031
f 1954 2808 1121
f 3458 2641 1088
f 3726 494 1881
f 3705 3704 1864
f 3645 3701 1123
f 1484 1971 582
f 1965 2136 1224
f 1522 2714 945
f 3401 2389 1125
f 1992 1525 1307
f 2139 3272 2193
f 2852 1941 713
f 3055 3054 1127
f 561 3113 2550
f 3166 2846 1128
f 2531 2658 1062
f 2498 2269 1129
f 3734 3562 1795
f 1734 2629 3577
f 3219 867 2056
f 3050 3235 1131
f 1237 1478 612
f 1273 3711 1132
f 3049 1830 613
f 2195 3260 1133
f 3030 1914 406
f 2143 3757 1134
f 3756 571 1323
f 2929 1861 1135
f 3762 1135 2036
f 3384 1136 2245
f 3383 3589 1427
f 1989 3699 1137
f 2417 3698 839
f 1920 1138 1612
f 2618 1786 1120
f 2420 609 1666
f 2036 1572 729
f 1304 712 2201
f 3605 2479 1366
f 2187 3641 1141
f 3328 652 1344
f 2725 3080 1142
f 350 2745 1765
f 1142 3080 3079
f 2046 3771 803
f 3441 1144 1950
f 2467 411 1403
f 292 3533 2309
f 1937 1392 449
f 2746 2481 1418
f 3489 2191 295
f 2667 2118 1147
f 3522 1998 1406
f 62 63 2041
f 2869 2140 1046
f 46 3435 2363
f 2733 3792 500
f 3016 2546 1150
f 2202 2378 797
f 3529 3032 1151
f 3390 241 242
f 2557 2345 1152
f 3319 2433 1343
f 1829 3637 2657
f 3636 2365 76
f 2179 3554 3553
f 2707 2534 432
f 1488 662 2120
f 561 3500 3055
f 2102 2566 1156
f 2494 2570 835
f 3773 3770 1157
f 3774 656 1734
f 2964 372 1703
f 2019 1350 551
f 2423 3665 3587
f 3587 2898 2784
f 3682 2550 1160
f 3812 2120 662
f 1454 2894 2528
f 2715 2702 265
f 1872 351 1162
f 2648 2985 2153
f 1956 2499 1163
f 3524 1673 1214
f 3111 3073 1164
f 3527 2650 1409
f 2642 887 1510
f 1742 1511 519
f 2343 1807 1166
f 3594 3841 793
f 2180 3650 1167
f 3276 2827 56
f 2614 3376 2994
f 3372 3364 1066
f 2359 2306 1169
f 2105 510 1170
f 2127 2105 1170
f 400 1170 1791
f 1792 3800 3801
f 2212 2211 766
f 3144 2635 1172
f 3827 575 2883
f 3407 2487 1173
f 1985 3408 545
f 2214 3782 1174
f 1335 2514 553
f 2796 397 1175
f 3840 1175 1720
f 2663 3477 1310
f 2174 2435 761
f 3660 3813 1177
f 3661 1177 2775
f 2093 3716 1178
f 559 3193 1740
f 3862 2003 1179
f 2399 2819 275
f 2713 1984 1180
f 2357 3651 545
f 3436 2061 1181
f 2215 2276 335
f 2479 820 1182
f 2925 668 1359
f 1886 722 1183
f 3379 1183 1353
f 3382 1184 1760
f 2636 728 1869
f 2014 3796 1185
f 3385 1004 1515
f 2422 354 1186
f 2092 2588 1210
f 2081 2256 1187
f 2588 3357 1210
f 1467 365 1188
f 516 2891 1572
f 1902 692 1189
f 2299 2563 318
f 2728 2751 904
f 2705 2260 896
f 2168 2440 1191
f 3197 2654 573
f 3416 2439 1192
f 3333 2413 1076
f 2615 3707 1623
f 3414 3413 1237
f 1973 3681 1194
f 1826 1460 339
f 2057 488 1195
f 743 2111 2610
f 2873 2020 1196
f 1426 789 1319
f 2200 2293 1197
f 290 2184 289
f 2580 3574 1198
f 383 1479 2282
f 1935 725 1199
f 497 1199 2272
f 3314 2606 1200
f 3032 2358 1151
f 603 2072 1467
f 1201 2015 3147
f 2372 517 1202
f 1895 3804 1222
f 3861 2015 1203
f 2913 799 1820
f 60 61 2792
f 2130 1204 818
f 3737 1205 2292
f 2219 1274 1118
f 2518 746 1206
f 2526 720 1225
f 2603 3305 988
f 2617 1207 3092
f 2300 2301 1208
f 3647 2277 1265
f 2429 2430 1209
f 3736 1169 2105
f 2681 513 2092
f 2990 443 1553
f 1339 3715 3174
f 388 2841 1490
f 1837 3586 1212
f 560 1616 2732
f 2490 430 1213
f 701 1213 1849
f 1235 715 2063
f 3008 2030 1047
f 3536 2758 2376
f 3791 2480 1456
f 3530 2781 1216
f 1999 3144 580
f 2401 1217 2180
f 3821 3200 2542
f 2272 2352 1218
f 726 1218 1659
f 2252 777 2561
f 3579 2597 1466
f 3797 1220 2734
f 400 2127 1170
f 2103 2573 1221
f 2024 1635 380
f 1202 333 1895
f 3166 1958 995
f 1675 760 3481
f 3356 764 1907
f 2436 850 1224
f 3719 1771 1373
f 3662 2287 1225
f 720 2526 3817
f 1534 719 2692
f 1226 2170 3115
f 2185 518 1227
f 768 1227 1957
f 3354 2259 1228
f 3570 1949 1119
f 2576 524 1229
f 3263 2749 2577
f 2826 3810 1230
f 2504 2286 412
f 11 12 1994
f 3564 734 1762
f 3 4 2347
f 1112 1232 3066
f 2944 2943 1233
f 3211 3212 1085
f 2997 592 1653
f 2571 317 1556
f 1956 715 2268
f 413 2307 1607
f 1492 374 1236
f 565 1236 2076
f 3051 1131 1237
f 334 3413 3412
f 3831 3683 1238
f 3085 2415 828
f 2515 3776 1239
f 3831 3085 956
f 1856 896 2604
f 3255 2069 1363
f 2870 3860 1241
f 2639 2709 327
f 3029 2333 1242
f 2601 1242 1078
f 2286 2504 1243
f 1061 1243 3231
f 3845 542 2124
f 796 1244 2006
f 3845 2124 1245
f 3540 1978 280
f 3642 1141 1246
f 3508 1740 2225
f 2171 753 1247
f 523 2400 2909
f 2169 753 1248
f 260 2721 259
f 2548 2621 1249
f 2763 2761 876
f 2284 407 1250
f 2283 1986 494
f 1905 700 1251
f 329 3251 1855
f 1251 700 2525
f 3629 1916 695
f 1251 529 1899
f 707 2269 2498
f 3100 1254 1733
f 656 1952 2629
f 3669 3835 1255
f 2380 3815 1256
f 1849 533 1256
f 3815 798 2170
f 2162 209 1257
f 2581 3033 859
f 2317 3655 1258
f 773 1258 1559
f 1979 736 1259
f 2139 1852 755
f 2368 218 1260
f 3114 2032 996
f 3701 3726 1971
f 1772 2134 370
f 3649 2077 1262
f 2080 1931 480
f 3221 1263 2906
f 760 2129 1223
f 2431 3221 1264
f 353 2192 1421
f 2061 2431 1265
f 3647 3261 1208
f 109 2837 1499
f 3175 1266 2922
f 2740 3218 1267
f 3559 3759 1161
f 2737 2536 1268
f 448 2556 2085
f 2625 3337 1523
f 3206 422 2155
f 3539 2040 1270
f 3795 3439 1491
f 2941 1271 2901
f 2838 1817 894
f 3541 651 2330
f 344 1272 1934
f 2842 387 2462
f 2354 585 1359
f 3673 3672 1274
f 1205 2219 2292
f 1810 704 2238
f 2255 2658 511
f 2090 742 1276
f 3298 2362 1100
f 2572 570 1419
f 2675 2719 34
f 3667 2459 1278
f 3835 3834 1255
f 1890 3482 1279
f 547 1279 2584
f 2459 2584 1280
f 1764 2545 905
f 3286 3050 1281
f 1076 1281 3333
f 3014 2216 1282
f 3082 1282 426
f 2507 812 1283
f 3696 672 1596
f 2301 782 1284
f 418 2369 1691
f 1279 3482 3469
f 3469 2728 904
f 2595 843 1286
f 2284 1674 407
f 1996 1287 1433
f 389 1841 3461
f 3569 329 1927
f 535 1288 1892
f 2328 781 1289
f 1289 1888 2793
f 1888 535 1290
f 710 1290 1887
f 2982 394 2983
f 2410 1291 530
f 2266 2404 1292
f 2196 1806 286
f 2913 404 2687
f 733 1293 2016
f 1486 3404 1294
f 246 2634 245
f 51 52 1295
f 2319 3228 1013
f 3300 3286 1296
f 1124 1296 3270
f 2177 756 1297
f 416 1297 1464
f 2260 573 2558
f 3783 2350 359
f 3848 2450 1299
f 3766 1002 2471
f 3842 1829 1300
f 2499 2316 1163
f 2379 566 1301
f 2268 715 1235
f 2276 786 1302
f 335 2398 1386
f 1594 537 1303
f 1707 2338 981
f 1911 711 1304
f 3728 1947 1140
f 1759 900 1305
f 1908 2770 901
f 2335 367 3184
f 3402 3401 1125
f 1308 532 2147
f 2437 337 1410
f 2672 883 3233
f 2231 2147 795
f 3515 1309 2766
f 394 1309 2246
f 3477 2598 1310
f 2663 2164 680
f 3218 646 3173
f 753 2217 1247
f 2655 539 1312
f 834 2652 2051
f 1638 425 1313
f 3415 1313 627
f 2067 747 1314
f 377 1314 2118
f 2384 2784 1315
f 3226 1139 2974
f 255 3789 2074
f 2073 1424 431
f 2388 2387 1317
f 3021 2468 97
f 3599 3421 1408
f 3421 378 3043
f 2646 3744 1319
f 563 1319 2324
f 1665 855 1320
f 2323 2324 789
f 1510 680 1321
f 2895 2896 961
f 2408 819 2674
f 1944 3329 1048
f 2141 2537 1323
f 2968 2407 929
f 3358 2227 1324
f 540 1324 2517
f 1743 698 1325
f 1213 3077 1849
f 2823 502 2867
f 1875 1327 328
f 2513 1327 1875
f 3483 1880 825
f 1667 549 2682
f 2980 392 1477
f 2111 2563 1329
f 2610 471 1756
f 2491 538 1330
f 2553 2975 831
f 2555 2975 1331
f 360 1852 1259
f 2327 785 1332
f 318 1332 2299
f 1332 785 2373
f 536 1333 2326
f 2328 357 1334
f 2465 2369 1284
f 3781 3710 1335
f 2188 2243 764
f 2242 764 1336
f 316 3244 3018
f 2070 973 1337
f 3735 2034 270
f 2009 486 1338
f 2229 1938 343
f 3850 1339 2984
f 3106 2649 984
f 3012 3700 1450
f 2461 1747 665
f 3018 3244 1341
f 3020 2789 476
f 3023 2334 1342
f 3087 2160 1012
f 2433 1991 1343
f 3024 3022 1009
f 2229 3328 1344
f 2228 1714 459
f 2552 3262 1762
f 2851 2850 942
f 2473 3848 1346
f 2999 1833 930
f 2394 3407 1347
f 3347 1985 754
f 3716 390 1348
f 623 1348 2175
f 1648 825 3158
f 328 1349 1388
f 1158 2019 1571
f 551 1350 3192
f 3387 2554 1351
f 2555 2554 831
f 2346 1352 1541
f 3661 3660 1177
f 3308 2012 1364
f 3202 807 1741
f 2910 923 1354
f 2536 2737 937
f 2533 2768 1355
f 885 1355 2753
f 1405 730 2221
f 1356 1509 3071
f 1356 730 2699
f 555 1357 2844
f 2612 3411 1358
f 2590 2857 918
f 2470 585 2354
f 668 2925 1182
f 3096 2886 1360
f 3470 489 1871
f 2119 991 2956
f 3856 3009 1955
f 2094 54 1362
f 3142 574 1967
f 2069 2843 1363
f 2710 2711 925
f 1768 867 2512
f 1071 3177 2828
f 3026 2374 1365
f 784 1365 2275
f 1896 312 1366
f 2479 3605 820
f 3153 1367 2609
f 2594 1749 1371
f 2138 755 1368
f 2995 849 1770
f 1802 576 1369
f 2716 315 1521
f 1700 576 3409
f 2054 757 1420
f 2856 398 1371
f 2436 1371 850
f 2711 454 3526
f 1583 3822 327
f 3217 1373 1583
f 327 3345 1690
f 3388 376 1879
f 2938 3534 1567
f 1620 862 1375
f 671 3679 1722
f 2972 3058 1376
f 975 1376 2971
f 3425 1377 2973
f 640 1377 2976
f 2690 363 1378
f 2821 1378 992
f 3804 1585 3803
f 3468 865 1389
f 2708 2514 1380
f 774 2350 2291
f 2237 30 1381
f 3788 1693 2739
f 2892 2893 1382
f 2486 2073 431
f 590 1168 1383
f 3231 2267 1061
f 3090 395 1384
f 3092 1570 476
f 2453 691 2064
f 3243 1853 726
f 1594 637 2398
f 335 1386 1356
f 424 1340 1387
f 2480 2475 655
f 1720 674 2435
f 761 1388 2175
f 1379 865 3468
f 2691 1389 864
f 299 300 1390
f 725 2253 1415
f 2403 2914 842
f 3681 3680 1194
f 2190 758 3389
f 449 1392 1853
f 2836 2835 1393
f 3683 2241 1238
f 2670 879 1394
f 837 1394 1582
f 2064 355 3224
f 564 2469 1397
f 2240 2985 1396
f 564 3847 2002
f 2469 3278 1397
f 564 2240 1396
f 2825 1100 3336
f 2918 352 2028
f 2662 958 1399
f 1029 1399 1953
f 2142 351 1400
f 2142 1400 2143
f 2521 3643 1401
f 822 2565 1575
f 2052 617 1402
f 452 1402 1980
f 2451 690 2442
f 2454 3812 662
f 2865 326 1404
f 3623 3622 1108
f 2609 398 1828
f 730 1405 1904
f 3331 3764 1406
f 466 1406 1998
f 3198 2562 1407
f 889 1407 2615
f 2390 854 1408
f 3045 1408 3421
f 1451 588 1409
f 1057 1409 3466
f 2314 795 1410
f 3230 3111 1164
f 263 264 1411
f 263 1610 262
f 2002 721 1412
f 1021 1412 3324
f 2764 2659 1413
f 1413 2403 3368
f 2704 3743 1414
f 2496 88 89
f 1199 725 1415
f 3362 1014 1838
f 3351 626 1843
f 399 1416 1984
f 3727 1261 1417
f 2998 699 1640
f 2481 3511 1418
f 2746 1935 497
f 2619 869 3563
f 2567 1419 1277
f 1812 779 1420
f 757 2054 3843
f 2359 353 2306
f 2781 3638 1216
f 2409 819 1422
f 3424 2122 817
f 1744 3484 1785
f 968 1423 2815
f 3321 1316 1424
f 2932 2208 762
f 3622 3623 1425
f 2786 3624 1404
f 912 1196 1426
f 912 3744 2872
f 2679 931 1427
f 2505 2695 866
f 2611 538 1428
f 3411 2750 1358
f 3639 1216 1429
f 2383 2134 767
f 234 235 1430
f 3042 2433 1152
f 1803 3844 2782
f 2782 1431 1505
f 3562 1096 1795
f 705 2464 1938
f 2226 778 1433
f 1287 1996 825
f 2280 824 1434
f 1528 1930 403
f 3392 594 2154
f 774 2708 1380
f 3178 3725 1436
f 366 1436 2440
f 1341 594 1437
f 3818 3020 989
f 2026 3033 1438
f 1257 1438 534
f 2049 3167 1448
f 3196 1753 1033
f 3318 2367 1440
f 2910 1440 923
f 3181 3247 1441
f 2270 3318 1440
f 2889 2738 1442
f 991 2370 3061
f 2877 3671 1443
f 3556 1692 653
f 636 1443 1444
f 636 3483 1648
f 2313 3538 1445
f 2735 1963 752
f 2406 348 1446
f 783 1446 2258
f 2211 510 1447
f 766 1447 2209
f 2293 838 1448
f 3167 2049 1439
f 2135 878 1449
f 1009 1449 3023
f 1834 802 1450
f 424 1450 1340
f 2814 2911 1451
f 1057 1451 1409
f 2858 2859 1452
f 3296 1602 1028
f 3182 1453 2108
f 3457 937 2397
f 267 268 2528
f 2894 1454 2108
f 3192 994 1455
f 831 1455 2553
f 424 1387 1456
f 3775 2157 1532
f 2384 1315 1457
f 3763 2785 1135
f 2914 3419 1391
f 2871 914 2302
f 2107 763 1459
f 3609 1459 3610
f 3680 599 3450
f 339 3074 2023
f 2472 1461 2001
f 721 3479 1412
f 2777 630 1462
f 3134 2128 815
f 2321 579 1463
f 3064 2539 1084
f 3547 1464 1689
f 2989 1464 932
f 1608 341 1465
f 3291 1465 584
f 3699 3579 1466
f 3698 2418 839
f 3147 365 3271
f 3652 1031 2245
f 1855 707 1468
f 3617 1064 1893
f 2568 3179 1589
f 2235 1706 396
f 2884 370 1470
f 2383 767 2126
f 2375 953 1471
f 584 1471 3044
f 3043 378 1472
f 2378 1472 797
f 3370 1094 1473
f 812 3155 2265
f 529 1252 1474
f 529 3572 1862
f 2875 1024 3304
f 257 2780 256
f 3254 851 2722
f 2519 2616 852
f 1328 392 2980
f 2532 613 1830
f 1508 612 1755
f 1477 1478 613
f 3702 1198 1479
f 2509 2156 581
f 3305 597 1976
f 336 1480 3109
f 3108 974 1481
f 3355 997 1788
f 1450 802 3012
f 3072 1660 1017
f 2116 898 1483
f 2669 384 2083
f 3646 1123 1484
f 331 3006 1656
f 2922 1485 2810
f 2772 1825 720
f 2953 658 1486
f 1016 2952 2951
f 3349 1081 1487
f 3493 3765 1075
f 2120 2133 1488
f 2864 2866 902
f 3053 3675 1489
f 3227 22 23
f 2805 388 1490
f 598 1490 2595
f 3439 2412 1491
f 3646 3645 1123
f 2885 374 1492
f 3062 1766 1047
f 3787 858 2904
f 320 1493 1781
f 3666 1159 1494
f 2542 1967 574
f 2101 980 1495
f 2768 3663 1355
f 3855 1496 2474
f 1961 591 1497
f 1496 591 1961
f 2754 1497 885
f 1561 624 1498
f 3408 1498 545
f 108 109 2458
f 3067 3175 947
f 2812 973 1500
f 911 3780 2819
f 1445 349 2313
f 593 1501 3164
f 2053 804 1502
f 3165 3164 983
f 3264 688 1503
f 1502 1503 593
f 2183 3785 1504
f 1503 1504 593
f 2247 775 1505
f 530 1505 1942
f 3174 1211 1506
f 3640 552 2441
f 2332 3750 1507
f 1741 1551 621
f 1623 612 3615
f 501 1508 3364
f 3071 1509 2215
f 3782 1509 1174
f 1165 680 1510
f 1165 1510 2945
f 3840 1511 3313
f 886 3391 2795
f 2671 879 1512
f 3542 1752 880
f 2849 2850 1513
f 3504 2503 970
f 2047 1977 1514
f 596 1514 3208
f 1185 1004 3385
f 520 2962 2273
f 1529 635 2204
f 354 1516 1186
f 1474 695 1517
f 706 3121 1854
f 2162 1030 2863
f 207 3361 206
f 1402 617 1519
f 3740 1981 736
f 2815 350 1520
f 968 1520 2419
f 2626 315 2716
f 863 3149 1545
f 2136 1124 3187
f 604 1522 1997
f 3205 1269 3337
f 3025 340 2086
f 2389 439 1524
f 3403 1524 610
f 3403 610 1992
f 1307 1525 337
f 106 107 2476
f 804 3264 1503
f 2799 625 1754
f 73 3157 72
f 635 1434 1528
f 2933 3001 993
f 2204 852 1529
f 635 2280 1434
f 1531 649 1530
f 1530 2920 3346
f 3427 1531 3084
f 3398 1982 1059
f 1450 424 1834
f 3664 1074 2271
f 2418 605 3204
f 576 1533 1369
f 2251 719 2244
f 3394 2626 1533
f 3274 1535 3120
f 3010 2692 719
f 2351 756 1536
f 3107 3109 974
f 1538 601 3578
f 2972 3108 469
f 2988 601 1538
f 372 2928 2027
f 1202 517 1539
f 602 1539 2679
f 1539 602 1540
f 1202 1540 333
f 2739 465 1541
f 607 1541 3661
f 1562 714 1542
f 1289 1542 535
f 3122 962 1543
f 381 3340 2308
f 3125 3341 1544
f 964 2848 1557
f 3149 3351 1545
f 863 1545 2031
f 1924 461 1546
f 3160 972 2405
f 1548 742 1547
f 2296 2741 870
f 3690 1548 1699
f 2161 3165 983
f 3658 2931 1549
f 860 1549 2685
f 1541 607 3216
f 27 3213 26
f 2828 621 1551
f 620 2048 1625
f 2704 903 1552
f 2887 1552 906
f 3568 738 1553
f 1089 3052 1972
f 2585 1554 2037
f 3762 2929 1135
f 2865 902 1555
f 3712 1053 1928
f 2289 832 1556
f 808 1556 2013
f 3131 964 1557
f 962 3312 1543
f 1840 629 3323
f 3825 381 3610
f 3641 773 1559
f 1141 1559 3643
f 2321 780 2424
f 716 2078 1878
f 1280 2623 2459
f 1278 1561 3834
f 2620 3354 1562
f 2845 1562 1542
f 2838 3674 1563
f 503 1563 2879
f 1637 835 2924
f 2936 2961 922
f 2322 539 1565
f 880 3558 2207
f 1567 663 1566
f 3297 324 1679
f 3171 663 3534
f 589 1567 2367
f 3072 1017 1568
f 2950 1777 1340
f 2263 1112 2921
f 309 3738 308
f 3020 476 1570
f 3491 1866 575
f 3612 1158 1571
f 617 2748 1519
f 2974 1572 2036
f 2891 3693 1188
f 3103 1573 2993
f 2926 325 1631
f 1647 634 2025
f 67 1574 66
f 2916 943 1575
f 822 1575 2520
f 2216 2517 1576
f 1282 1576 426
f 2173 238 1577
f 667 3314 2984
f 2021 800 2992
f 858 1578 2600
f 3486 432 1579
f 3103 3101 952
f 2803 367 1580
f 891 1580 2802
f 2802 616 1581
f 439 1581 2573
f 1565 834 2511
f 467 1582 1394
f 3526 1372 1583
f 925 1583 2709
f 2720 466 1584
f 3724 3753 1729
f 333 1379 3804
f 3803 1585 643
f 2331 463 1586
f 650 1586 1587
f 3428 650 1587
f 2757 1587 920
f 3531 3459 1588
f 572 1588 2849
f 3787 2904 1589
f 3179 2568 1469
f 2495 1590 1614
f 679 3787 1589
f 679 1469 1591
f 3494 1080 1614
f 2961 433 1592
f 2937 2860 592
f 1134 1513 1593
f 1134 1593 3756
f 1302 537 1594
f 2398 637 1386
f 3180 3245 1595
f 1118 1595 2608
f 3324 482 2453
f 3619 2038 853
f 1586 463 2981
f 3004 618 2601
f 3172 2959 1598
f 888 3028 1964
f 3809 1230 1599
f 643 2694 2066
f 3369 1058 3507
f 3784 1059 2450
f 2473 876 1601
f 3507 1058 1600
f 2252 2561 1602
f 638 1602 3296
f 2857 338 1603
f 638 3210 2252
f 2798 840 1604
f 3635 2632 1708
f 2905 606 1605
f 913 3039 3245
f 3600 445 1606
f 1816 659 1607
f 2307 741 1607
f 3292 3016 1150
f 3000 930 1608
f 2546 3291 1150
f 2400 792 1609
f 3829 358 2206
f 263 1411 1610
f 3777 2169 261
f 2456 933 3519
f 737 3863 1934
f 3497 332 1612
f 1138 1920 3496
f 587 1403 1613
f 2551 2864 902
f 1590 679 1614
f 3550 1614 1080
f 2514 823 2759
f 3241 927 2069
f 2432 2493 1616
f 1212 1616 3585
f 2683 542 2298
f 872 1617 1918
f 250 251 1618
f 720 1618 1225
f 2917 943 2426
f 966 1619 2013
f 1760 862 1620
f 3295 845 1753
f 2059 959 1621
f 383 1621 2582
f 3769 1622 2834
f 14 3717 13
f 2371 889 1623
f 612 1623 3414
f 2560 1624 1915
f 3634 3099 1107
f 3381 620 1625
f 3380 1625 485
f 3657 380 1626
f 899 1626 1974
f 2899 965 1627
f 628 1627 3132
f 1633 631 3823
f 961 1628 2895
f 1974 628 2915
f 2915 3338 917
f 3802 3287 1630
f 3131 3133 964
f 2807 2926 1631
f 3133 1631 964
f 3299 2947 1632
f 963 1632 3127
f 3290 631 1633
f 3823 1628 961
f 1632 963 3299
f 3126 1634 962
f 3832 3287 1635
f 1221 2024 3833
f 3288 3802 1636
f 631 1636 3128
f 2752 337 1637
f 3110 2924 611
f 1812 425 1638
f 779 2562 3198
f 1640 699 1639
f 3796 3659 1185
f 1697 699 2998
f 582 2627 1484
f 837 1582 1641
f 96 1641 95
f 3397 1059 1642
f 3512 3257 1115
f 2833 488 1643
f 641 3257 1642
f 3363 3826 1644
f 930 3229 1608
f 2557 1152 1645
f 2881 2861 231
f 2994 1168 1646
f 1378 2820 992
f 3188 484 1647
f 2025 634 1574
f 328 1327 1648
f 3158 825 1349
f 3061 346 1649
f 3009 731 1955
f 3426 385 1650
f 649 1650 2181
f 2730 1651 1858
f 2736 2370 999
f 1527 1005 3157
f 2104 1857 70
f 592 1234 1653
f 2996 1653 460
f 102 103 1654
f 2279 3007 948
f 1978 796 1655
f 2991 2004 277
f 2934 331 1656
f 3136 520 2569
f 1609 792 2955
f 1019 1657 2216
f 3238 1000 1658
f 944 3215 2738
f 355 1385 1659
f 355 1659 1218
f 2756 1017 1660
f 8 3838 7
f 3545 644 1661
f 3258 438 1718
f 3093 324 1662
f 898 2744 1483
f 2475 2743 1663
f 655 1663 1664
f 2157 655 3280
f 1074 3146 2583
f 2576 855 1665
f 3105 1320 401
f 1315 910 1666
f 1315 3226 415
f 1327 549 1667
f 1327 1667 636
f 3634 1107 1668
f 1098 1668 3627
f 3315 1035 1669
f 1025 1669 2587
f 3754 1670 3017
f 3330 940 1848
f 2664 868 1671
f 322 1671 3369
f 1376 788 2811
f 1350 1672 323
f 82 83 3721
f 3721 1673 3723
f 3095 1095 2441
f 843 1674 1286
f 1421 760 1675
f 1421 1675 2781
f 2479 1182 2693
f 850 1676 1965
f 3596 2544 1677
f 923 1677 1354
f 3596 647 2544
f 3582 898 2116
f 2466 856 1679
f 2230 1662 898
f 2248 1037 1680
f 3685 23 24
f 2382 844 2527
f 3816 367 2335
f 2477 496 1682
f 668 2462 1273
f 3633 645 1683
f 1107 1683 1668
f 3442 3566 1684
f 645 3365 1683
f 1801 2484 1685
f 660 1685 2538
f 1687 660 3485
f 2386 1686 392
f 2385 435 1687
f 3485 660 1686
f 3007 727 1688
f 948 1688 2117
f 3547 1689 1969
f 716 2424 1560
f 3345 790 1690
f 327 1690 2639
f 2369 784 1691
f 418 1691 2277
f 3514 653 1841
f 3460 3557 496
f 1870 465 1693
f 724 1693 1381
f 2364 2830 1694
f 19 1694 18
f 1953 748 1695
f 478 1695 2510
f 1578 800 1696
f 541 1696 3014
f 582 1417 2998
f 2315 2884 949
f 2149 678 1698
f 349 3807 1501
f 1548 678 1699
f 3690 2091 742
f 3242 1700 2695
f 866 3409 2697
f 3603 3567 1701
f 3429 2982 1051
f 1704 922 3139
f 371 1702 2456
f 3614 3612 1703
f 935 1703 2052
f 3150 611 1704
f 3151 3139 371
f 1993 1044 2008
f 677 2060 2362
f 2091 396 2591
f 677 2008 1705
f 1594 1303 1707
f 3154 1707 981
f 1649 346 1708
f 731 2632 1870
f 1790 826 2847
f 3140 1709 92
f 16 17 2760
f 921 1710 2045
f 2967 929 1711
f 321 1711 2797
f 2969 721 1712
f 929 1712 2968
f 3249 652 1713
f 1003 2977 2438
f 2228 1344 1714
f 3250 3249 1003
f 3480 934 1715
f 654 2482 1717
f 3199 1823 1716
f 409 1716 3562
f 3561 654 1717
f 507 1717 2289
f 1661 438 3258
f 651 1718 1272
f 2285 901 1719
f 977 1719 2948
f 3854 674 1720
f 519 1720 2174
f 3431 1049 1721
f 397 1721 1175
f 3102 671 1722
f 952 1722 1573
f 3101 432 1723
f 952 1723 3102
f 3601 3119 1724
f 758 3070 1392
f 104 105 2731
f 870 1725 2053
f 300 301 1726
f 1390 1726 657
f 3472 1091 2767
f 1416 1727 754
f 2219 1118 1728
f 1227 1728 1027
f 1584 3753 3724
f 875 1729 2719
f 3675 1730 2703
f 21 1730 20
f 3386 1731 1732
f 1731 2831 2832
f 3056 411 1732
f 971 1732 3053
f 2770 462 3770
f 656 1733 1254
f 3774 1734 3689
f 495 1734 2197
f 2818 504 1735
f 911 1735 2644
f 2812 661 1736
f 2812 1736 2813
f 3477 1176 1737
f 390 1737 1348
f 3195 1033 1738
f 897 1738 2404
f 2290 1011 1739
f 477 1739 2334
f 3632 559 1740
f 3508 2225 652
f 807 1507 1741
f 807 3202 1353
f 1165 1511 1742
f 680 3684 2663
f 3760 430 1743
f 3191 1743 994
f 2488 970 1744
f 3484 2723 1423
f 2723 670 1745
f 873 1745 2724
f 3262 861 2804
f 2503 1744 970
f 2376 665 1747
f 1079 1747 1872
f 1592 917 2860
f 592 1748 1234
f 1367 586 1749
f 1367 2594 2609
f 3090 3091 1750
f 3269 3793 1004
f 2203 468 2613
f 683 2264 1752
f 3767 1752 2264
f 3542 880 2207
f 2927 1033 1753
f 1154 1753 3555
f 625 1527 1754
f 2800 74 75
f 1067 1508 1755
f 392 2656 1477
f 3240 1756 1808
f 1002 3678 2176
f 2265 442 3256
f 1283 1757 672
f 2038 672 1758
f 339 1758 1826
f 3069 828 1759
f 900 1759 2530
f 2636 862 1760
f 1184 3382 1995
f 14 15 2834
f 3371 921 1763
f 3564 1762 2294
f 521 1762 2851
f 1761 921 3371
f 2552 2447 861
f 2623 1280 1764
f 624 1764 2638
f 1520 350 3254
f 851 2451 2645
f 1492 1236 1766
f 1492 1766 595
f 2727 474 1767
f 3277 3301 657
f 2056 867 1768
f 827 1768 1924
f 2629 1130 1769
f 2203 2613 946
f 2944 408 1770
f 1018 3222 2156
f 1997 790 1771
f 604 1771 3719
f 3317 1035 1772
f 1417 1772 370
f 3329 1773 3303
f 675 3094 1775
f 3048 675 1774
f 3048 1774 3449
f 3094 2123 1775
f 3430 3560 1049
f 2068 747 1776
f 3697 412 2286
f 1568 434 1777
f 1568 1777 2950
f 2661 1117 1778
f 958 1778 2660
f 2092 738 2422
f 3163 813 1824
f 2732 950 1780
f 874 3223 1554
f 3580 1781 2771
f 693 3259 1782
f 3259 976 1782
f 2428 2427 828
f 2501 836 2939
f 221 1783 220
f 2960 1026 1784
f 634 1784 3034
f 472 1744 1785
f 472 1785 2816
f 3497 1138 2618
f 1120 1786 2356
f 2742 1094 1787
f 472 1787 2488
f 2421 871 1788
f 997 3355 3518
f 2978 523 1789
f 1024 1789 3138
f 3859 1020 1790
f 2847 826 1709
f 1793 955 1791
f 681 1791 2011
f 2646 854 1792
f 3801 3800 1171
f 2773 955 1793
f 2840 1792 854
f 1994 1231 1794
f 3819 1088 2641
f 3734 1795 3733
f 705 1795 1432
f 3111 978 1796
f 470 1796 3152
f 2989 932 1797
f 579 1797 2966
f 2774 682 1798
f 955 3709 1791
f 3252 1001 1799
f 471 3688 2176
f 3027 341 1800
f 953 1800 2774
f 2223 816 1801
f 1687 1801 660
f 2031 757 1802
f 863 1802 1369
f 2483 475 1803
f 775 2782 1505
f 3124 965 3290
f 631 1804 3288
f 3343 1027 1805
f 3344 3471 1026
f 1292 881 2196
f 2963 2112 1116
f 3559 841 2740
f 646 1807 2343
f 3512 1115 1808
f 379 1808 2305
f 3005 939 1809
f 38 1809 2619
f 1913 704 1810
f 41 1810 40
f 347 1422 1811
f 347 1811 1773
f 1420 757 1812
f 779 1812 1638
f 3437 1054 1813
f 313 1813 2764
f 3438 480 1814
f 1054 3692 1813
f 2796 2959 1815
f 3449 3448 1055
f 915 1606 1816
f 915 1816 2075
f 3731 2110 1817
f 528 1817 2806
f 3089 609 1818
f 1120 3656 2618
f 3747 1133 1819
f 700 1819 1252
f 2531 1062 2824
f 799 2913 2372
f 3525 3541 1821
f 3565 3630 487
f 3454 1087 1822
f 919 3207 2930
f 3828 934 1854
f 706 3199 1863
f 2677 1083 1824
f 813 3163 1779
f 2951 249 1825
f 1016 1825 2772
f 3794 3450 1826
f 814 1826 1758
f 1528 403 3001
f 2523 2081 513
f 3154 981 1828
f 637 1828 2221
f 78 79 1829
f 735 1829 3842
f 387 1443 3711
f 1132 1830 3049
f 607 1550 1831
f 882 2829 2237
f 3785 427 1832
f 746 1832 1206
f 445 1346 1833
f 930 3363 1644
f 3377 802 2522
f 1532 1834 3775
f 2541 543 1835
f 2543 2801 393
f 2132 750 1836
f 1507 1836 385
f 1912 704 1837
f 1293 1837 560
f 2986 414 1838
f 684 3395 1839
f 1767 474 3396
f 3395 684 1838
f 2222 763 1964
f 3323 629 1558
f 389 1287 1841
f 1104 1841 1692
f 3239 1000 1842
f 319 1842 2267
f 399 1487 1843
f 1416 1843 2767
f 427 1485 1844
f 427 3517 1832
f 2905 913 1845
f 1035 1845 3316
f 2274 853 1846
f 2923 2065 1385
f 349 1445 1847
f 3185 1962 751
f 1603 338 3462
f 940 3330 1670
f 3077 533 1849
f 701 1849 3017
f 48 49 1850
f 48 2311 47
f 2323 789 1851
f 1274 1851 614
f 2139 1259 1852
f 755 1852 2137
f 1392 726 1853
f 449 1853 2050
f 2113 344 3121
f 706 1854 1823
f 1899 707 3251
f 329 2508 1288
f 2705 1856 2545
f 905 1856 2870
f 69 70 1857
f 986 1857 1957
f 3516 506 1858
f 1077 1858 3515
f 1309 686 1859
f 475 3410 3215
f 2000 664 1860
f 1555 1860 326
f 1850 3348 2311
f 3792 1861 500
f 1253 529 1862
f 1253 1862 1863
f 1862 706 1863
f 1253 1863 409
f 3704 3506 1864
f 361 3548 2608
f 3117 1031 1865
f 1188 1865 1467
f 1639 699 2172
f 1384 1866 3491
f 1184 450 1867
f 3476 1758 339
f 728 1867 1868
f 3074 2302 815
f 1184 728 2636
f 862 3041 1375
f 1604 465 2632
f 731 2779 1955
f 1790 1020 1871
f 489 3470 2886
f 1747 351 1872
f 1079 1872 3537
f 3306 735 1873
f 1102 1873 3307
f 1328 549 3326
f 848 1874 2385
f 549 1327 2513
f 1050 3456 2463
f 2529 919 1876
f 722 1876 1183
f 2976 1023 1877
f 1012 1877 2861
f 3248 1023 1878
f 227 2078 226
f 3440 1374 1879
f 2425 3318 1441
f 1444 653 1880
f 1444 1880 636
f 3703 1122 1881
f 1261 1881 2524
f 2548 1249 1882
f 490 1882 2791
f 1884 915 1883
f 3676 3677 1113
f 2762 445 3583
f 708 1884 1883
f 3616 462 1885
f 722 1885 2529
f 3100 722 1886
f 345 3379 1353
f 1290 405 1887
f 710 2931 3658
f 2793 3742 1889
f 710 1888 1290
f 2449 357 3026
f 860 3658 1549
f 3190 323 1890
f 1891 1279 547
f 698 1890 1891
f 698 1891 3668
f 1288 697 1892
f 535 1892 1290
f 1892 697 1893
f 405 1893 3060
f 1389 865 3038
f 436 1894 2697
f 799 1202 1895
f 3805 3166 522
f 3741 312 1896
f 1110 3521 1898
f 1367 696 1897
f 586 1897 1366
f 2445 1110 1898
f 2338 3153 981
f 3251 1251 1899
f 707 1899 1253
f 3002 508 1900
f 872 1900 2298
f 2610 1329 1901
f 3252 2940 1001
f 1189 509 1902
f 692 1902 3797
f 2411 1903 2121
f 951 1903 3003
f 1405 926 1904
f 730 1904 1357
f 1906 700 1905
f 3569 1905 329
f 3571 492 1906
f 1119 1906 1905
f 3143 531 1907
f 3282 316 2635
f 693 1305 1908
f 693 1908 2771
f 3141 1909 2547
f 711 1909 3059
f 2706 459 1910
f 711 1910 1304
f 1304 312 1911
f 711 2908 2547
f 1275 704 1912
f 404 1912 1293
f 3586 704 1913
f 42 1913 41
f 3030 1092 1914
f 3086 2700 1098
f 957 1624 2560
f 491 3334 2717
f 3630 1099 1916
f 3627 1916 1098
f 1252 406 1917
f 1474 1917 695
f 282 283 1918
f 282 1918 2353
f 1902 509 1919
f 1902 1919 1220
f 2417 498 2979
f 718 1920 1612
f 2897 961 1921
f 943 3501 1575
f 2443 369 1922
f 2405 2548 490
f 2264 827 3767
f 1922 1923 776
f 1768 461 1924
f 1923 1924 776
f 907 1922 1925
f 907 2790 3470
f 2112 881 1926
f 508 1926 2382
f 3570 1119 1927
f 714 2500 1542
f 1860 1053 3712
f 2392 2393 824
f 3864 3445 1929
f 1052 1929 3433
f 1434 703 3749
f 403 1930 2077
f 1262 702 1931
f 480 1931 2100
f 236 237 1932
f 3608 1932 1106
f 1718 438 1933
f 1718 1933 1272
f 1272 737 1934
f 344 3828 1854
f 1199 497 1935
f 725 1935 1418
f 1390 725 1936
f 1390 1936 299
f 3532 1145 1937
f 838 1937 1448
f 1338 705 1938
f 1338 1938 2229
f 1940 713 1939
f 215 3670 214
f 2852 713 1940
f 1032 3581 2368
f 2138 408 1941
f 1126 1941 2852
f 1505 816 1942
f 3422 3752 1105
f 3246 903 1943
f 90 1943 89
f 702 1322 1944
f 702 1944 1931
f 3446 664 1945
f 1053 1945 3444
f 3465 1057 1946
f 661 3455 1736
f 2438 1104 1947
f 712 1947 3728
f 1910 459 1948
f 1304 1948 712
f 2258 492 1949
f 1228 1949 714
f 3441 1950 3078
f 2745 1950 1765
f 3214 1951 2194
f 771 2717 3260
f 656 1254 1952
f 1130 2115 3219
f 1399 748 1953
f 1029 1953 3360
f 2461 723 3858
f 351 1954 1400
f 1584 466 1955
f 1584 2779 724
f 1301 566 1956
f 3723 1956 1163
f 3188 986 1957
f 484 1957 1227
f 3803 643 1958
f 1222 1958 3805
f 3607 1106 1959
f 984 1959 3106
f 3836 3383 1960
f 603 2701 2072
f 663 1496 1961
f 663 1961 1566
f 1847 3185 2150
f 751 2495 1614
f 2735 890 1963
f 3322 3285 1041
f 3028 456 1964
f 888 1964 2659
f 1676 386 1965
f 850 1965 1224
f 3010 719 1966
f 3758 429 2170
f 3665 908 1967
f 1494 1967 2542
f 3301 1014 1968
f 657 1968 2253
f 2288 1377 1969
f 716 1969 1689
f 769 2669 2083
f 384 1970 3544
f 1484 1123 1971
f 3727 3726 1261
f 1973 814 3052
f 1089 1972 2348
f 3794 814 1973
f 443 1973 1553
f 2414 899 1974
f 2915 628 1629
f 2749 1102 1975
f 1472 1975 797
f 597 1480 1976
f 3475 1977 673
f 1480 336 1977
f 1976 1977 3475
f 3540 1245 1978
f 280 1978 279
f 2055 736 1979
f 996 1979 3114
f 2539 452 1980
f 2055 1979 996
f 1519 360 1981
f 1519 3740 1402
f 485 1531 1982
f 1059 1982 1642
f 546 1347 1983
f 546 1983 3274
f 1416 754 1984
f 399 1984 2713
f 3347 1173 1985
f 754 1985 1984
f 2283 1250 1986
f 3703 1986 1122
f 2833 1114 1987
f 488 1987 1195
f 3360 478 1988
f 718 1988 3310
f 3311 402 1989
f 718 1989 2979
f 1348 623 1990
f 1348 1990 3716
f 382 1343 3399
f 3674 2880 1563
f 3402 1125 1992
f 532 1992 1307
f 2008 717 1993
f 1044 1993 2197
f 10 3168 2163
f 791 1994 1794
f 2236 811 3382
f 1184 1995 450
f 1349 825 1996
f 623 1996 1433
f 1771 604 1997
f 790 1997 2712
f 3644 3432 1998
f 1147 1998 3522
f 3143 1090 1999
f 1429 1999 580
f 2366 1109 2000
f 1555 2000 1860
f 2967 321 2001
f 721 2001 1461
f 1712 721 3847
f 564 2254 1395
f 3862 740 2003
f 504 2003 2814
f 3135 740 2991
f 277 2004 276
f 2006 421 2005
f 740 3584 2003
f 1244 421 2006
f 796 3135 1655
f 1420 779 2007
f 864 2007 2690
f 1706 717 2008
f 1706 2008 677
f 2444 486 2009
f 1064 2596 3060
f 1688 453 2117
f 846 2825 2387
f 1791 1170 2011
f 3800 2011 1171
f 345 1353 2012
f 345 3308 2115
f 3132 966 3309
f 317 2013 1556
f 1656 732 2014
f 3136 2569 1072
f 2678 517 2015
f 3147 2017 365
f 1293 560 2016
f 733 2016 2017
f 2015 733 3147
f 365 2017 2585
f 2116 769 2239
f 1065 2018 2835
f 3837 1350 2019
f 3613 2019 1158
f 3714 1196 2020
f 913 2020 1845
f 2035 800 2021
f 1041 2167 3322
f 671 1375 2022
f 2355 3134 1462
f 728 1868 2023
f 728 2128 1869
f 3832 1635 2024
f 3657 1626 899
f 986 1647 2025
f 986 3293 3189
f 2121 951 3573
f 211 3824 210
f 3614 372 2027
f 1158 2027 3613
f 2787 946 2028
f 352 2918 3209
f 1721 1049 2029
f 674 2029 2463
f 3814 2030 3008
f 3063 85 86
f 1812 757 2031
f 425 2031 1545
f 3114 1260 2032
f 1783 2032 220
f 253 254 2033
f 3509 2074 739
f 2070 1337 3735
f 270 2622 269
f 2021 1041 2035
f 3829 1609 358
f 1139 1572 2974
f 415 2036 2785
f 874 1554 2585
f 365 2037 1188
f 1596 3619 2274
f 853 3476 1868
f 2279 948 3327
f 100 3503 99
f 2806 893 2040
f 1270 2040 3439
f 2312 62 2041
f 818 2041 2131
f 737 1611 2042
f 934 2042 1715
f 469 1788 3058
f 1376 2043 788
f 2635 316 2044
f 3420 3019 575
f 1710 803 2045
f 921 2045 1763
f 3079 1143 2046
f 499 2046 2831
f 1750 673 3793
f 1004 2047 3268
f 620 1551 2048
f 1625 2048 1060
f 2050 811 2049
f 449 2049 1448
f 1995 811 2434
f 810 2050 1853
f 94 95 2051
f 2652 834 1312
f 3612 617 2052
f 2965 1402 452
f 1725 804 2053
f 870 2053 2296
f 436 1370 2054
f 2589 1420 864
f 836 1980 2055
f 3691 996 1783
f 2115 867 3219
f 3730 3713 1751
f 3513 488 2057
f 1115 2057 3240
f 2660 464 2058
f 1399 2058 748
f 2912 959 2059
f 3595 2282 1695
f 677 1705 2060
f 1100 2060 3336
f 3436 526 2061
f 1181 2061 786
f 1832 746 2062
f 1832 2062 3785
f 3524 1214 2063
f 1235 2063 565
f 3224 1021 2064
f 355 2064 1385
f 1846 450 2065
f 1385 2065 810
f 1776 747 2694
f 643 2066 1958
f 2066 747 2067
f 995 2067 2846
f 1314 747 2068
f 2755 1776 1068
f 2844 927 3241
f 1240 2069 3255
f 2579 973 2070
f 3735 1337 2034
f 2419 639 2071
f 1069 3611 2742
f 3271 1467 2072
f 1201 2072 2678
f 3321 1424 2073
f 739 2073 1382
f 2780 1316 3789
f 255 3509 254
f 1883 915 2075
f 374 2075 1236
f 1236 741 2076
f 565 2076 1235
f 3649 403 2077
f 1262 2077 702
f 227 1878 2078
f 226 2078 1560
f 724 1381 2079
f 1729 2079 32
f 744 1262 2080
f 744 3443 2256
f 1827 744 2081
f 513 2081 2588
f 493 2018 2082
f 1034 3442 1684
f 2082 769 2083
f 2082 2083 1034
f 2628 5 2084
f 802 2084 1482
f 3841 448 2085
f 793 2085 2086
f 2227 793 2086
f 340 3025 2224
f 2337 423 2087
f 3761 793 2227
f 2077 1052 2088
f 702 2088 1322
f 687 1250 2089
f 1026 3618 1784
f 2502 742 2090
f 1688 2090 453
f 1276 742 2091
f 396 2091 1699
f 2422 1186 2092
f 738 2092 2990
f 3477 390 2598
f 822 2093 2521
f 3142 908 2094
f 54 2094 53
f 53 2094 2095
f 52 2095 1295
f 3544 1101 2096
f 1097 3525 3565
f 1530 649 2097
f 1530 2097 348
f 3062 1047 3743
f 1414 2098 87
f 3300 1296 2099
f 1359 2099 2925
f 1931 1048 2100
f 480 2100 1814
f 3152 980 2101
f 1496 2101 591
f 2103 745 2102
f 1524 2102 610
f 1524 439 2103
f 1524 2103 2102
f 768 1857 2104
f 1652 2104 71
f 2359 1169 3736
f 709 2105 2127
f 2526 483 2518
f 1445 2106 890
f 2659 763 2107
f 1413 2107 619
f 1039 1453 3182
f 806 2108 1454
f 1337 515 2109
f 806 2109 3182
f 2535 382 2110
f 1073 2110 3731
f 2327 318 2111
f 1195 2111 743
f 1806 881 2112
f 1116 2112 3002
f 3628 1099 2113
f 3121 344 1854
f 1281 1076 2114
f 1281 2114 3286
f 1952 345 2115
f 1952 2115 1130
f 1678 898 3582
f 2239 769 2018
f 2039 948 2117
f 846 2117 2010
f 2667 377 2118
f 1147 2118 3644
f 3148 505 2119
f 2956 991 1361
f 3813 391 2120
f 1160 2120 3812
f 1085 1903 2411
f 213 2121 212
f 3423 435 2122
f 817 2122 2123
f 3094 817 2123
f 502 2123 3075
f 2672 1244 2124
f 1245 2124 1978
f 2765 770 2125
f 544 2125 2836
f 419 1429 2126
f 419 3161 2209
f 3798 709 2127
f 1220 2127 2734
f 2023 815 2128
f 1869 2128 441
f 2906 1263 2129
f 1223 2129 417
f 3529 1204 2130
f 3715 2130 1211
f 2130 818 2340
f 552 2131 2869
f 3750 650 2132
f 750 2132 3065
f 3464 1056 2133
f 391 2133 2120
f 1772 1035 2134
f 370 2134 1470
f 2535 878 2135
f 382 2135 3022
f 2900 1124 2136
f 1224 2136 3719
f 1852 1331 2137
f 755 2137 1368
f 3272 755 2138
f 1126 2138 1941
f 525 1259 2139
f 3272 2138 1126
f 3790 64 2140
f 1148 2140 2869
f 1162 749 2141
f 473 2141 1323
f 1162 351 2142
f 1162 2142 749
f 1400 572 2143
f 749 2143 2537
f 830 1213 2144
f 2492 1848 338
f 1715 460 3353
f 832 2145 2571
f 2742 512 2146
f 1094 2146 1473
f 3786 1308 2231
f 795 2147 1307
f 658 1266 3404
f 1294 2148 3405
f 3551 678 2149
f 751 2149 2150
f 349 1847 2150
f 349 2150 1698
f 1446 783 2406
f 2833 1987 488
f 414 1397 2152
f 1415 2152 1199
f 684 1162 2153
f 684 2153 1838
f 594 1435 2154
f 1070 2154 2291
f 3194 422 3206
f 2125 2155 1065
f 3574 1018 2156
f 1479 2156 2509
f 1074 1532 2157
f 655 2157 1456
f 2519 852 3739
f 1824 2158 354
f 3498 1078 2159
f 314 2159 3099
f 562 1342 2160
f 1012 2160 2976
f 678 1548 2161
f 678 2161 1698
f 2863 208 2162
f 1030 2162 2602
f 9 10 2163
f 1017 2163 2234
f 1321 680 2164
f 1321 2164 2896
f 2255 511 3706
f 1809 2165 869
f 2446 1063 2166
f 2165 2166 869
f 1962 752 2167
f 1962 2167 437
f 2421 366 2168
f 871 2729 2310
f 1610 753 2169
f 261 2169 260
f 1966 429 3758
f 3115 2395 546
f 1248 753 2171
f 1248 2171 523
f 699 1866 2172
f 1639 2172 395
f 237 238 2173
f 1932 2173 1106
f 3478 519 3520
f 1737 2174 761
f 1388 1349 2175
f 761 2175 3098
f 2471 1002 2176
f 3688 471 1799
f 1739 756 3778
f 1010 3425 2973
f 1739 1011 2178
f 756 2178 1536
f 2361 481 2179
f 1926 2179 998
f 2542 574 3821
f 1217 2401 2643
f 1650 750 2181
f 649 2181 2097
f 2181 750 2182
f 1043 2182 1951
f 1485 427 2810
f 947 2183 3067
f 2200 1197 3325
f 289 2184 2266
f 2292 518 2185
f 768 2185 1227
f 3543 507 2186
f 1432 2186 773
f 2464 773 2187
f 343 2187 3642
f 3781 1335 2188
f 417 2188 1223
f 431 1424 2189
f 3745 2035 1041
f 293 294 2190
f 1145 2190 3389
f 294 295 3806
f 758 2191 3602
f 2430 1264 2192
f 1421 2192 760
f 525 2139 2193
f 525 2193 2853
f 1043 1951 3214
f 348 2194 1446
f 2258 1446 2195
f 3746 2195 1133
f 3593 1292 2196
f 287 2196 286
f 1993 495 2197
f 1044 2197 2198
f 1705 1044 3625
f 2787 2203 946
f 735 1229 2199
f 1153 2199 2540
f 2309 838 2200
f 291 3325 290
f 312 1304 2201
f 312 2201 3203
f 3292 1150 2202
f 413 2202 1301
f 801 1769 2203
f 801 2787 2198
f 2158 852 2204
f 1516 2204 635
f 800 2035 2205
f 800 2205 1696
f 2208 1007 2206
f 762 2206 2205
f 467 1512 2207
f 3558 880 1565
f 2932 622 2208
f 762 2208 2206
f 3161 1025 2209
f 419 2209 2210
f 1447 765 2210
f 1447 2210 2209
f 3799 510 2211
f 1171 2211 2212
f 3801 1171 2212
f 3694 2587 912
f 3221 526 2213
f 1263 2214 417
f 2213 759 2214
f 417 2214 3781
f 759 1181 2215
f 759 2215 1509
f 1657 540 2216
f 1019 2216 3014
f 753 1311 2217
f 1247 2217 423
f 799 1895 2218
f 799 2824 1820
f 3673 1274 2219
f 518 2219 1728
f 2304 1086 2684
f 960 3779 3575
f 1386 637 2221
f 1386 2221 730
f 2945 887 2222
f 456 2222 1964
f 1942 816 2223
f 1942 3752 3422
f 936 1523 3025
f 340 3776 2515
f 1740 778 2225
f 652 2225 1713
f 2225 778 2226
f 2225 2226 1713
f 2087 793 3761
f 1324 2227 340
f 805 1344 2228
f 805 2228 2596
f 805 1338 2229
f 805 2229 1344
f 647 1679 2230
f 647 2230 1678
f 1308 2147 2231
f 3487 2911 909
f 2868 1046 2232
f 1574 2232 66
f 3246 826 2233
f 903 3592 1552
f 2163 791 2234
f 1017 2234 1568
f 396 1591 2235
f 1706 2235 717
f 1439 811 2236
f 356 2236 1760
f 29 30 2237
f 29 2237 2829
f 704 1275 2238
f 1810 2238 939
f 3582 2116 2239
f 422 2239 2155
f 2986 928 2240
f 1397 2240 564
f 3683 1393 2241
f 1238 2241 2415
f 1090 1907 3282
f 316 2242 1336
f 2188 1335 2243
f 764 2243 1336
f 2597 1219 2244
f 605 2244 1534
f 3384 2245 3118
f 1031 3652 1865
f 2983 394 2246
f 1291 2247 530
f 2246 775 2247
f 2246 2247 1291
f 1550 1037 3213
f 26 2248 25
f 2498 1129 3852
f 1338 2249 705
f 940 1670 2970
f 777 2250 2251
f 2250 1966 2251
f 777 2251 1219
f 3210 2970 2252
f 638 2252 1602
f 725 1390 2253
f 1415 2253 1968
f 2002 1412 2254
f 2002 2254 564
f 2238 1275 2255
f 2238 3706 939
f 2081 744 2256
f 1187 3437 2607
f 3037 1086 2257
f 959 2257 1621
f 2259 783 2258
f 1228 2258 1949
f 3354 420 2259
f 1228 2259 2258
f 2339 1190 2705
f 2558 2291 1298
f 1352 840 2261
f 1352 2261 3660
f 2261 840 2262
f 1056 3528 2366
f 310 311 2263
f 1112 2686 2347
f 683 1751 2264
f 1752 3767 369
f 3155 1082 2265
f 812 3256 1283
f 2184 897 2266
f 288 2266 3593
f 1842 1061 2267
f 319 2267 3374
f 413 1301 2268
f 413 2268 2307
f 707 1253 2269
f 1129 2269 3734
f 3181 1441 2270
f 1039 2270 3183
f 3738 2271 2583
f 1074 3664 1532
f 1199 772 2272
f 497 2272 3119
f 2569 520 2273
f 2535 2135 382
f 691 1596 2274
f 691 2274 1846
f 1691 784 2275
f 1691 2278 786
f 1181 786 2276
f 1181 2276 2215
f 3647 418 2277
f 1265 2277 2061
f 2275 537 2278
f 2275 2278 1691
f 102 1654 2279
f 102 2279 101
f 2786 824 2592
f 1529 2280 635
f 1426 1196 2281
f 789 2281 1851
f 2059 383 2282
f 1695 2282 847
f 794 1250 2283
f 794 2283 3645
f 794 1286 2284
f 794 2284 1250
f 2568 320 2285
f 977 2285 1719
f 3708 412 3697
f 3473 3236 669
f 251 252 3662
f 1225 2287 938
f 1023 1377 2288
f 1878 2288 716
f 3851 832 2289
f 507 2289 2317
f 3208 1011 2290
f 1449 2290 477
f 2154 774 2291
f 573 2291 2558
f 3737 2292 3267
f 1005 2292 2185
f 2200 838 2293
f 1197 2293 2605
f 3717 1622 2294
f 1231 2294 521
f 2963 1116 2295
f 283 2295 1918
f 440 1547 2296
f 440 2296 2053
f 3811 992 2297
f 1599 2297 412
f 1617 872 2298
f 1617 2298 542
f 782 1189 2299
f 3621 1332 2506
f 1189 782 2300
f 509 2300 1208
f 2300 782 2301
f 418 2301 1284
f 2776 815 2302
f 914 2871 2308
f 3673 1205 2303
f 1022 2303 2799
f 1518 1030 2958
f 543 2304 2684
f 3849 379 2305
f 1299 3766 2778
f 2377 1169 2306
f 765 2306 1421
f 2076 741 2307
f 1235 2307 2268
f 2777 914 3340
f 381 2308 3610
f 3533 3532 2309
f 292 2309 2200
f 2043 871 2310
f 788 2310 1285
f 3435 47 2311
f 1149 3348 3792
f 61 62 2312
f 1204 2312 818
f 2062 746 3076
f 1501 2313 349
f 2574 795 3487
f 2911 588 1451
f 699 1697 2315
f 699 2315 1866
f 1873 1300 2499
f 3722 2316 81
f 1556 808 2317
f 507 2317 2186
f 2916 428 2318
f 1619 2318 808
f 51 1295 2319
f 51 2319 50
f 1560 780 3112
f 224 3452 223
f 1689 579 2321
f 2424 780 1560
f 2443 1020 2689
f 880 2322 1565
f 401 1320 2323
f 401 2323 3672
f 1319 789 2324
f 563 2324 1320
f 1509 555 2325
f 1174 2325 3710
f 2465 536 2326
f 1334 2326 2328
f 1195 785 2327
f 1195 2327 2111
f 2793 357 2328
f 781 2328 2326
f 1987 1114 2329
f 785 2329 1333
f 651 1272 2330
f 1099 2330 2113
f 1183 463 2331
f 2332 1586 650
f 807 2331 2332
f 807 2332 1507
f 3029 1034 2333
f 1242 3499 1078
f 3023 477 2334
f 3576 2973 640
f 2683 990 2335
f 3184 2803 1306
f 2743 877 2336
f 303 2336 302
f 1247 423 2337
f 792 2337 2342
f 446 1898 2338
f 446 2338 3830
f 2391 904 2339
f 410 2339 2705
f 1506 1211 2340
f 3186 2131 552
f 1709 826 2341
f 91 2341 90
f 1657 792 2342
f 1657 2342 540
f 1311 646 2343
f 1311 2878 423
f 1822 1087 2344
f 618 2344 2601
f 234 1430 2345
f 234 2345 233
f 1604 840 2346
f 1604 2346 465
f 2686 3 2347
f 1112 2347 1232
f 2349 813 3406
f 442 2348 1972
f 2146 512 2349
f 3406 813 2348
f 774 1380 2350
f 1298 2350 3783
f 1297 756 2351
f 1297 2351 2988
f 772 1395 2352
f 1218 2352 355
f 281 282 2353
f 281 2353 3540
f 668 1273 2354
f 668 2354 1359
f 1038 2022 2355
f 3342 1462 630
f 1572 1139 2356
f 516 2356 1786
f 2712 1180 2357
f 790 2357 1690
f 240 241 3510
f 3032 3529 568
f 2430 353 2359
f 1209 2359 709
f 3668 1111 2360
f 1325 2360 3077
f 2404 481 2361
f 1292 2361 881
f 453 1276 2362
f 1100 2362 2060
f 45 46 2363
f 950 2363 2733
f 1730 924 2364
f 20 2364 19
f 3636 1153 2365
f 76 2800 75
f 3604 2366 3528
f 1056 2366 2133
f 1567 856 2367
f 589 2367 3318
f 217 218 2368
f 1032 2368 2853
f 1334 784 2465
f 1284 2369 418
f 1442 999 2370
f 1442 2370 991
f 3376 889 2371
f 501 2371 1508
f 1203 517 2372
f 1203 2372 2913
f 785 1333 2373
f 1332 2373 2506
f 2685 1303 2374
f 1365 2374 2275
f 3027 953 2375
f 1465 2375 584
f 1747 1079 2376
f 665 2376 1215
f 765 1447 2377
f 1169 2377 2105
f 3044 1472 2378
f 584 3820 3291
f 3307 566 2379
f 797 2379 1301
f 3669 1255 2380
f 533 2380 1256
f 2382 998 2381
f 844 3486 2637
f 1926 998 2382
f 2527 844 1681
f 580 1470 2383
f 580 2383 1429
f 2423 583 3228
f 1013 2384 1457
f 2122 435 2385
f 1008 2385 1874
f 3485 1686 2386
f 848 2386 3326
f 2825 527 2387
f 846 2387 2388
f 2039 846 3503
f 99 2388 98
f 3401 891 2389
f 1125 2389 1524
f 451 1793 2390
f 451 2390 3045
f 2584 904 2391
f 1280 3451 1764
f 326 1928 2392
f 326 2392 1404
f 2392 1928 2393
f 824 2393 1434
f 3834 364 2394
f 798 2394 2395
f 2170 798 2395
f 546 2395 1347
f 2397 937 2396
f 841 2396 1807
f 3502 937 3457
f 578 2653 2894
f 1302 1594 2398
f 1302 2398 335
f 2004 1179 2399
f 276 2399 275
f 2337 792 2400
f 1247 2400 523
f 203 204 2401
f 2817 2180 1167
f 2387 527 2402
f 2387 2402 1317
f 3368 2403 2607
f 842 2914 2448
f 1738 481 2404
f 897 2404 2266
f 3145 972 3160
f 1925 2405 490
f 2920 348 2406
f 2151 2406 783
f 1323 571 2407
f 1323 2407 2968
f 1945 1051 3808
f 2674 819 1322
f 1322 819 2409
f 1322 2409 347
f 2876 1291 2410
f 819 2410 1422
f 1939 1085 3670
f 214 2411 213
f 2595 1286 2412
f 598 2412 3439
f 3415 627 2413
f 1192 3333 3412
f 2566 899 3279
f 433 2919 1592
f 3085 1238 2415
f 828 2415 1759
f 2417 839 3384
f 1136 2416 3383
f 2979 1137 2417
f 3384 2416 1136
f 3366 839 2418
f 3204 3394 1533
f 1520 639 2419
f 968 2419 2816
f 1666 910 2420
f 609 2420 2661
f 2769 366 2421
f 997 2421 1788
f 3163 354 2422
f 1779 2422 738
f 2095 908 2423
f 1295 2423 3228
f 1689 2321 2424
f 1689 2424 716
f 1040 1879 2425
f 1040 3247 1736
f 1627 458 2426
f 966 2426 1619
f 1782 426 2427
f 828 2427 3085
f 693 1782 2428
f 693 2428 1305
f 3261 809 2429
f 509 2429 1919
f 809 1264 2430
f 809 2430 2429
f 2061 526 2431
f 1265 2431 3261
f 43 44 2432
f 1212 2432 1616
f 3042 615 2433
f 3319 3024 562
f 450 1995 2434
f 2065 2434 810
f 674 1388 2435
f 1720 2435 2174
f 2854 1371 2436
f 567 2436 3718
f 795 1307 2437
f 795 2437 1410
f 3648 1003 2438
f 712 2438 1947
f 2562 1638 2439
f 558 2439 3416
f 3197 1191 2654
f 1070 2440 1436
f 1095 1674 2441
f 552 3640 3186
f 690 1403 2442
f 1108 2442 3623
f 2689 369 2443
f 1020 2443 1871
f 1468 486 2444
f 1468 2444 697
f 2908 1110 2445
f 916 3378 2931
f 2531 1128 2658
f 511 2446 2166
f 1746 861 2946
f 1745 2447 444
f 3357 842 2448
f 443 2448 3681
f 3026 1365 2449
f 1334 2449 784
f 3848 633 2450
f 3849 3397 379
f 851 1765 2451
f 1108 2451 2442
f 1620 1375 2452
f 845 3490 2534
f 482 1596 2453
f 1021 2453 2064
f 3839 1155 2454
f 1613 2454 662
f 1495 371 2455
f 1495 2455 2768
f 1702 933 2456
f 2455 2456 884
f 745 2024 2457
f 3279 2570 1156
f 107 108 2458
f 1526 2458 688
f 3667 547 2459
f 1278 2623 1561
f 672 1757 2460
f 1758 2460 814
f 1387 723 2461
f 1387 2461 665
f 1682 1103 2462
f 1682 2462 668
f 2029 1050 2463
f 674 2463 1388
f 705 1432 2464
f 1938 2464 2187
f 2326 1334 2465
f 536 2465 2506
f 2367 856 3417
f 923 3596 1677
f 1950 1144 2467
f 690 2467 1403
f 3606 2468 3021
f 97 2468 96
f 1395 772 2469
f 1395 2469 564
f 3050 585 3235
f 1132 2470 1273
f 2305 1002 3766
f 608 3826 3363
f 1473 812 2472
f 1473 2472 321
f 1601 633 2473
f 876 2473 2762
f 3152 1496 3855
f 979 3171 3440
f 2758 877 2475
f 1215 2475 2480
f 107 1526 2476
f 106 2476 1725
f 3729 496 2477
f 820 2477 2478
f 1182 820 2478
f 1182 2478 668
f 586 1366 2479
f 2693 1182 1676
f 665 1215 3791
f 1456 2480 655
f 296 297 2481
f 1146 2481 2746
f 654 1715 2482
f 1717 3851 2289
f 1859 475 2483
f 1309 2483 775
f 319 1685 2484
f 1431 2484 816
f 727 1654 2741
f 870 2731 1725
f 2890 1382 2486
f 890 2486 1963
f 3408 1173 2487
f 1561 2487 364
f 2489 970 2488
f 969 2488 1787
f 1593 970 2489
f 2902 969 1711
f 2491 1330 2490
f 830 2490 1213
f 1428 538 2491
f 830 2491 2490
f 830 2144 2492
f 830 2492 1428
f 44 45 2493
f 44 2493 2432
f 2102 1156 2494
f 610 2494 1525
f 1962 437 2495
f 1962 2495 751
f 903 1414 2496
f 903 2496 1943
f 2336 1045 2497
f 302 2497 301
f 1468 707 2498
f 1468 2498 486
f 1300 2316 2499
f 566 2499 1956
f 714 1927 2500
f 1542 2500 535
f 3452 1084 2501
f 222 2939 221
f 1547 742 2502
f 1547 2502 727
f 368 1746 2503
f 3504 970 1593
f 2297 992 2504
f 2297 2504 412
f 2679 1427 2505
f 602 3598 2698
f 2299 1332 3621
f 1284 2506 2465
f 1461 812 2507
f 1461 2507 3479
f 329 1855 2508
f 1288 2508 697
f 847 1479 2509
f 847 2509 2858
f 2858 1452 2510
f 847 2510 1695
f 3558 1565 2511
f 467 2511 1582
f 3308 1364 2512
f 1768 2512 461
f 1326 549 2513
f 1326 2513 2867
f 2708 553 2514
f 1380 2514 2759
f 1324 340 2515
f 829 2515 3035
f 1576 829 2516
f 426 2516 2427
f 2216 540 2517
f 1576 2517 829
f 3538 746 2518
f 2106 2518 483
f 639 1476 2519
f 639 3720 2071
f 2093 822 2598
f 1310 2520 556
f 3523 559 2521
f 822 2521 2565
f 3654 642 2522
f 1834 2522 802
f 1827 2081 2523
f 2681 2092 1186
f 1417 1261 2524
f 1417 2524 1772
f 700 1252 2525
f 1251 2525 529
f 2518 1206 2526
f 483 2526 1225
f 508 2382 2527
f 508 2527 1900
f 3759 267 2528
f 2894 2108 578
f 2530 919 2529
f 900 2529 1885
f 1822 919 2530
f 362 2530 1759
f 3166 1128 2531
f 522 2531 2824
f 2980 1477 2532
f 3671 1830 1443
f 1497 591 2533
f 885 2533 1355
f 1723 432 2534
f 1723 2534 3490
f 1073 2273 2535
f 1073 2535 2110
f 375 1354 2536
f 375 3502 3183
f 2143 1134 2537
f 749 2537 2141
f 3364 1067 2538
f 1066 2538 1685
f 1463 3064 2942
f 1084 2539 2501
f 2199 524 2540
f 2365 2540 982
f 1835 833 2541
f 543 3170 2958
f 833 1494 2542
f 3200 3821 1217
f 833 1835 2543
f 833 2543 1494
f 548 1677 3205
f 3205 2544 3194
f 3451 410 2545
f 905 2545 1856
f 659 1608 2546
f 659 3016 1607
f 405 1909 3141
f 916 2908 2445
f 2405 972 2548
f 490 2548 1882
f 235 236 2549
f 235 2549 1430
f 1177 1160 2550
f 1177 3113 1037
f 587 1613 2551
f 587 2551 3624
f 734 1763 2552
f 734 2552 1762
f 2490 1330 2553
f 430 2553 1455
f 3387 551 2554
f 1351 2554 2555
f 360 1351 2555
f 360 2555 1331
f 2737 1268 2556
f 2085 2556 936
f 232 233 2557
f 232 2557 2881
f 896 2260 2558
f 3320 3783 1240
f 1429 1216 2559
f 1999 2559 3143
f 3065 957 2560
f 491 2560 1915
f 777 1219 2561
f 1602 2561 402
f 779 1638 2562
f 1407 2562 558
f 692 1329 2563
f 1189 2563 2299
f 337 1525 2564
f 1637 2564 835
f 2916 1575 2565
f 428 2565 1401
f 745 2457 2566
f 745 2566 2102
f 3563 1419 2567
f 36 2567 35
f 2285 977 2568
f 320 2568 1589
f 2014 520 3136
f 1072 2569 3116
f 1564 835 2570
f 433 2570 3279
f 2145 1234 2571
f 832 2571 1556
f 3031 570 2572
f 869 2572 1419
f 2103 439 2573
f 2573 2807 3832
f 421 2231 2574
f 421 2574 2005
f 1320 855 2575
f 563 2575 3599
f 3263 855 2576
f 524 2576 2822
f 2575 855 2577
f 1318 2577 378
f 1257 534 2602
f 2304 2578 1086
f 1500 973 2579
f 1500 2579 273
f 3003 550 2580
f 859 2580 2582
f 534 1438 2581
f 534 2581 2257
f 1621 859 2582
f 383 2582 3702
f 1569 2271 3738
f 308 2583 307
f 1279 904 2584
f 547 2584 2459
f 2017 874 2585
f 365 2585 2037
f 689 1850 2809
f 1013 2586 2319
f 3694 1025 2587
f 912 2587 2873
f 2081 1187 2588
f 513 2588 2092
f 436 2054 2589
f 436 2589 1389
f 2612 1358 2590
f 581 2590 2509
f 1276 2091 2591
f 1276 2591 677
f 455 1425 2592
f 455 2592 1529
f 588 1410 2593
f 588 2593 3159
f 1367 1749 2594
f 398 2594 1371
f 1490 843 2595
f 598 2595 2412
f 2009 805 2596
f 2009 2596 1064
f 2561 1219 3579
f 1466 2597 605
f 822 2520 2598
f 2093 2598 390
f 1590 437 2599
f 858 2599 1578
f 1578 541 2600
f 858 2600 1493
f 2344 1242 2601
f 618 3004 3207
f 2162 1257 2602
f 1030 2602 2578
f 3518 597 2603
f 997 2769 2421
f 3320 1240 2604
f 1856 2604 554
f 2293 577 2605
f 897 2605 1738
f 1577 239 2606
f 3314 1200 2984
f 2588 1187 2607
f 842 2607 2403
f 1728 1118 2608
f 1728 2608 1027
f 696 1367 3153
f 981 2609 1828
f 2111 1329 2610
f 743 2610 1756
f 1368 538 2611
f 849 2611 3411
f 1770 849 2612
f 581 2612 2590
f 468 1751 2613
f 946 2613 2688
f 3198 1407 2614
f 363 2994 1646
f 1407 558 2615
f 889 2615 1623
f 2519 1476 2616
f 852 2616 1529
f 3305 1207 2617
f 2789 3020 1437
f 1138 1786 2618
f 332 2618 3656
f 1809 869 2619
f 38 2619 37
f 1333 420 2620
f 1333 2620 781
f 2548 972 2621
f 1249 2621 2761
f 270 2034 2622
f 269 2622 268
f 1278 2459 2623
f 1561 2623 624
f 2638 857 3234
f 1498 2624 545
f 2556 1268 2625
f 936 2625 1523
f 2692 315 2626
f 1534 2626 3394
f 582 1640 2627
f 3006 732 1656
f 2347 4 2628
f 3377 2084 802
f 1952 1130 2629
f 656 2629 1734
f 3663 884 2630
f 1355 2630 438
f 2630 884 2631
f 1933 2631 737
f 731 1708 2632
f 1870 2632 465
f 3281 2633 3244
f 1341 2633 594
f 3068 1294 2634
f 245 2634 114
f 2242 316 3282
f 1090 2635 3144
f 1760 1184 2636
f 862 2636 1869
f 1681 844 2640
f 1580 2637 616
f 1764 905 2638
f 624 2638 3234
f 2747 1241 2639
f 857 2639 1690
f 844 2637 2640
f 1681 2640 367
f 1794 1088 3819
f 2234 2641 434
f 2947 887 2642
f 1632 2642 342
f 204 205 2643
f 204 2643 2401
f 1735 661 2644
f 911 2644 1500
f 1476 851 2645
f 455 2645 3622
f 1792 330 2646
f 854 3751 2647
f 1319 563 3751
f 854 2647 1408
f 1162 2141 2648
f 2153 2985 928
f 2941 984 2649
f 3174 3715 1211
f 3527 979 2650
f 1409 2650 376
f 1515 596 2651
f 878 2651 1449
f 94 2051 2652
f 94 2652 93
f 578 2397 2653
f 1161 2653 3559
f 2440 1070 2654
f 2440 2654 1191
f 1565 539 2655
f 1565 2655 834
f 1478 1477 2656
f 1478 2656 1755
f 77 78 3636
f 3637 1829 735
f 2255 1062 2658
f 511 2658 2446
f 1964 763 2659
f 888 2659 2764
f 1778 464 2660
f 958 2660 1399
f 1778 958 2661
f 1117 2661 2420
f 1818 958 3656
f 2839 1399 1029
f 1310 2164 2663
f 1176 3684 3478
f 3145 868 2664
f 2621 2664 322
f 3492 3104 2665
f 868 2665 1671
f 1546 461 2666
f 1546 2666 3145
f 2668 377 2667
f 3031 3522 570
f 2846 377 2668
f 1128 2668 2446
f 1483 1970 2669
f 1483 2669 769
f 3336 1398 2670
f 527 2670 1394
f 1394 879 2671
f 467 2671 1512
f 2124 542 2672
f 3233 883 1308
f 1308 883 2673
f 532 2673 3402
f 479 2408 2674
f 479 2674 3433
f 2567 1277 2675
f 35 2675 34
f 2248 1680 2676
f 25 2676 24
f 2071 1083 3611
f 512 2677 2349
f 2072 931 2678
f 1201 2678 2015
f 1539 931 2679
f 602 2679 2505
f 1790 1871 2680
f 1790 2680 826
f 993 2523 2681
f 3626 1186 1516
f 549 1328 2682
f 1667 2682 821
f 2298 990 2683
f 542 2683 2672
f 1086 2220 2684
f 543 2684 1835
f 2374 860 2685
f 1303 2685 3830
f 2 3 2686
f 2263 2686 1112
f 1293 733 2687
f 1293 2687 404
f 2028 946 2688
f 2028 2688 879
f 1752 369 2689
f 880 2689 2322
f 2007 363 2690
f 864 2690 2691
f 3468 1389 2691
f 557 2691 1378
f 3010 1535 2692
f 1534 2692 2626
f 586 2479 2693
f 586 3283 1749
f 643 1599 2694
f 2066 2694 747
f 3367 1700 3242
f 3589 2505 1427
f 2698 865 2696
f 1540 2696 333
f 1894 866 2697
f 436 2697 1370
f 1540 602 2698
f 865 2698 1894
f 730 1357 2699
f 1356 2699 555
f 3634 1668 2700
f 694 2700 1914
f 603 1960 2701
f 2072 2701 931
f 2715 1267 2702
f 264 2702 1411
f 2832 1730 3675
f 1489 2703 22
f 1552 595 2704
f 903 2704 1414
f 1190 2260 2705
f 410 2705 2545
f 3059 967 2706
f 459 2706 2228
f 3553 1154 2707
f 998 2707 2381
f 3281 553 2708
f 1435 2708 774
f 2710 925 3860
f 1241 2709 2639
f 3255 1363 2710
f 3860 2709 1241
f 2843 454 2711
f 1363 2711 2710
f 2713 1180 2712
f 945 2712 1997
f 1487 399 3765
f 945 2713 2712
f 3169 1075 2714
f 514 2714 3270
f 3559 1267 2715
f 266 2715 265
f 863 1369 2716
f 863 2716 1521
f 771 1951 2717
f 1092 2717 3334
f 2754 885 2718
f 1662 2718 644
f 1729 33 2719
f 875 2719 2675
f 1406 466 2720
f 1406 2720 3331
f 260 1248 2721
f 259 2721 2875
f 851 1476 2722
f 1520 2722 639
f 3484 670 2723
f 1423 2723 2725
f 3080 873 2724
f 1143 2724 3772
f 2745 350 2725
f 873 2725 2723
f 1478 1237 2726
f 1478 2726 613
f 1767 1045 2727
f 474 2758 3536
f 1285 569 2728
f 3469 904 1279
f 2168 1191 2729
f 2168 2729 871
f 2798 895 2730
f 506 2730 1858
f 105 1725 2731
f 104 2731 2485
f 1616 950 2732
f 560 3088 2016
f 2363 1149 2733
f 950 2733 1780
f 3797 2734 2940
f 1001 2734 1798
f 1445 890 2735
f 1847 2735 752
f 686 1651 2736
f 686 2736 1859
f 2396 937 2737
f 2396 2737 448
f 2889 944 2738
f 1442 2738 999
f 1693 465 2739
f 882 2739 3216
f 1807 646 2740
f 1807 2740 841
f 2485 870 2741
f 2485 2741 1654
f 3339 1069 2742
f 1094 2742 2146
f 2475 877 2743
f 1663 2743 305
f 898 1662 2744
f 1483 2744 644
f 1142 1950 2745
f 1142 2745 2725
f 1418 1935 2746
f 1146 2746 3601
f 2870 1241 2747
f 2638 2747 857
f 617 1571 2748
f 1519 2748 1351
f 2576 1229 3263
f 2577 2749 378
f 2611 1428 3411
f 1358 2750 2857
f 2728 569 2751
f 2339 2751 1190
f 1410 337 2752
f 1410 2752 2593
f 2718 885 2753
f 1661 2753 438
f 3220 1497 2754
f 324 2754 1662
f 505 2068 2755
f 505 2755 2889
f 2163 1017 2756
f 9 2756 8
f 314 1587 2757
f 314 3498 2159
f 474 2727 2758
f 1215 2758 2475
f 2350 1380 2759
f 359 2759 1615
f 15 16 2760
f 1761 2760 921
f 2621 322 2761
f 1249 2761 2763
f 2473 1346 2762
f 876 3583 2763
f 1882 1249 2763
f 708 3583 1884
f 3172 888 2764
f 313 2764 3368
f 2224 770 3776
f 1239 2765 3036
f 3603 1077 3567
f 394 2766 1309
f 1091 1727 2767
f 626 2767 1843
f 591 1495 2768
f 591 2768 2533
f 1436 366 3178
f 2603 2769 997
f 1908 462 2770
f 901 2770 3773
f 320 1781 3580
f 901 2771 1908
f 1485 1016 2772
f 1844 2772 720
f 1471 953 3732
f 451 2773 1793
f 1800 682 2774
f 2773 2774 955
f 1550 607 2775
f 1550 2775 1037
f 914 1462 2776
f 914 2776 2302
f 1543 630 2777
f 3340 914 2308
f 3848 1299 2778
f 1833 2778 608
f 731 1870 2779
f 1955 2779 1584
f 257 1475 2780
f 3789 1316 2074
f 765 1421 2781
f 765 3530 2210
f 3844 1431 2782
f 1803 2782 775
f 1117 2420 2783
f 3666 2898 1159
f 2384 583 2784
f 1315 2784 910
f 2036 1135 2785
f 415 2785 1457
f 2592 1425 2786
f 824 2786 2392
f 352 2198 2787
f 352 2787 2028
f 900 1885 2788
f 1305 2788 462
f 988 2617 2789
f 988 3725 3178
f 1925 490 2790
f 1925 2790 907
f 1882 1113 2791
f 2790 2791 1360
f 3529 1151 2792
f 1204 2792 61
f 2328 1289 2793
f 357 2793 1889
f 399 2713 2794
f 1075 2794 2714
f 3391 456 2795
f 886 2795 1598
f 1815 397 2796
f 886 2796 3313
f 1711 969 2797
f 321 2797 3370
f 1604 895 2798
f 840 2798 2262
f 2822 1022 2799
f 982 2799 1754
f 982 1754 2800
f 982 2800 2365
f 1835 960 2801
f 393 2801 2783
f 1580 616 2802
f 891 3400 2389
f 3184 367 2803
f 1306 2803 3401
f 2850 1345 2804
f 368 2804 1746
f 2649 388 2805
f 893 2805 3620
f 2941 893 2806
f 1271 2806 1817
f 2573 892 2807
f 2573 3832 1221
f 3459 1121 2808
f 1777 2808 723
f 2586 1013 2809
f 2586 2809 1850
f 2183 947 2810
f 2183 2810 427
f 2971 1376 2811
f 600 2811 3837
f 2813 973 2812
f 661 2812 2644
f 1337 973 2813
f 1337 2813 515
f 2005 909 3584
f 504 2814 3467
f 2725 350 2815
f 968 2815 1520
f 1785 968 2816
f 472 2816 3339
f 203 2401 2817
f 203 2817 202
f 2003 504 2818
f 1179 2818 2399
f 2399 911 2819
f 275 2819 274
f 1646 590 2820
f 1646 2820 1378
f 557 1378 2821
f 3811 2297 1230
f 2540 524 2822
f 2540 2822 982
f 1775 502 3560
f 2029 2823 1050
f 799 2218 2824
f 1820 2824 1062
f 846 2010 2825
f 3336 2060 1398
f 3468 557 2826
f 1379 2826 1585
f 1362 55 2827
f 1362 2827 3650
f 3177 621 2828
f 3104 1551 620
f 882 1831 2829
f 29 2829 28
f 2364 924 2830
f 1694 2830 803
f 666 1731 2832
f 924 2831 2830
f 3675 666 2832
f 1730 2832 924
f 1042 2151 2833
f 1042 2833 1643
f 15 1761 2834
f 14 2834 1622
f 2836 1065 2835
f 1393 2835 3453
f 2125 1065 2836
f 544 2836 3683
f 109 110 2837
f 1499 2837 3175
f 2901 1271 2838
f 503 2838 1563
f 332 2662 2839
f 332 2839 1612
f 854 2390 2840
f 1792 2840 681
f 388 1506 2841
f 1490 2841 843
f 2462 1103 2842
f 387 2842 1444
f 2069 927 2843
f 1363 2843 2711
f 2325 555 2844
f 1615 2844 3241
f 781 1562 2845
f 781 2845 1289
f 2067 377 2846
f 995 2846 3166
f 539 1790 2847
f 539 2847 1312
f 964 1544 2848
f 3312 630 1543
f 3447 942 2849
f 572 2849 3757
f 2849 942 2850
f 1513 2850 368
f 1762 1345 2851
f 3335 3447 1088
f 2193 1126 2852
f 1032 2852 1940
f 3114 525 2853
f 1260 2853 2368
f 2856 1371 2854
f 926 2854 1372
f 1904 926 2855
f 454 2855 1372
f 1405 398 2856
f 1405 2856 926
f 2750 338 2857
f 918 2857 2859
f 2590 918 2858
f 847 2858 2510
f 2857 1603 2859
f 918 2859 2858
f 917 1748 2860
f 1592 2860 2937
f 1645 1012 2881
f 231 2861 230
f 1673 83 2862
f 1214 3755 2030
f 207 208 2863
f 1518 2863 1030
f 662 1488 2864
f 662 2864 1613
f 1555 326 2865
f 902 2865 1404
f 2864 1488 2866
f 902 2866 1555
f 2513 1875 2867
f 1326 2867 502
f 2232 1574 2868
f 1046 3034 3095
f 2131 1148 2869
f 3095 3034 1095
f 1856 554 2870
f 905 2870 2747
f 1458 2308 2871
f 599 2871 2302
f 330 2212 2872
f 3744 912 1426
f 2587 447 2873
f 912 2873 1196
f 2212 766 2874
f 2872 2874 912
f 258 259 2875
f 3304 3138 1475
f 2983 1291 2876
f 2408 2876 819
f 1667 821 2877
f 1667 2877 636
f 793 2087 3594
f 2343 2878 1311
f 3608 3607 2879
f 985 2879 1563
f 3674 615 2880
f 1563 2880 985
f 2557 1645 2881
f 232 2881 231
f 1470 580 2882
f 1470 2882 2884
f 2315 949 2883
f 1866 2883 575
f 1697 370 2884
f 949 2884 2882
f 3677 374 2885
f 906 2885 2887
f 3470 1360 2886
f 489 2886 3592
f 595 1552 2887
f 595 2887 1492
f 3474 3473 2888
f 944 2888 1658
f 3474 944 2889
f 505 2889 3097
f 2892 1382 2890
f 2106 2890 890
f 729 1572 2891
f 729 2891 2037
f 1225 938 2892
f 483 2892 2890
f 938 2033 2893
f 938 2893 2892
f 1161 2528 2894
f 1161 2894 2653
f 342 1321 2895
f 342 2895 1628
f 2164 556 2896
f 1321 2896 2895
f 458 1633 2897
f 458 2897 2917
f 3587 1159 2898
f 910 2898 2783
f 3130 965 2899
f 1626 2899 628
f 2099 1124 2900
f 386 2900 1965
f 2838 503 2901
f 1271 2941 2806
f 571 2489 2902
f 571 2902 2407
f 3177 1071 2903
f 2512 2903 461
f 858 1493 2904
f 1589 2904 320
f 1605 913 2905
f 606 2905 3317
f 2192 1264 2906
f 760 2906 2129
f 2643 205 2907
f 1006 3361 3170
f 1911 1110 2908
f 2547 2908 916
f 1789 523 2909
f 1007 2909 3829
f 375 1440 2910
f 375 2910 1354
f 3487 2314 2911
f 909 2911 2814
f 2058 464 2912
f 2058 2912 748
f 2687 1203 2913
f 404 2913 1820
f 2403 619 2914
f 2448 2914 1391
f 917 1974 2915
f 917 3338 1748
f 2565 428 2916
f 943 2916 1619
f 2426 458 2917
f 943 2917 1921
f 2670 1398 2918
f 879 2918 2028
f 433 2414 2919
f 1592 2919 917
f 641 1530 3346
f 1042 2920 2406
f 310 2263 2921
f 310 2921 309
f 1266 658 2922
f 947 2922 2810
f 691 1846 2923
f 691 2923 2064
f 835 1564 2924
f 1637 2924 3110
f 1676 1182 2925
f 386 2925 2099
f 892 1573 2926
f 892 2926 2807
f 1738 1033 2927
f 481 2927 3554
f 2987 1538 2928
f 2027 2928 975
f 3223 500 2929
f 1554 3762 729
f 3207 1597 2930
f 919 2930 1876
f 710 1887 2931
f 1549 2931 3378
f 1424 622 2932
f 1424 2932 2189
f 635 1528 2933
f 635 2933 1516
f 3795 331 2934
f 1270 2934 2935
f 3116 528 2935
f 1072 2935 2934
f 611 1564 2936
f 611 2936 1704
f 922 1592 2937
f 922 2937 1702
f 1879 1374 2938
f 1879 2938 2425
f 222 2501 2939
f 221 2939 1783
f 1901 692 2940
f 1901 2940 3252
f 2649 2805 2941
f 984 2941 2901
f 780 1463 2942
f 780 2942 2320
f 2944 1018 2943
f 1233 2943 3212
f 1770 1018 2944
f 408 2944 1941
f 1510 887 2945
f 1165 2945 3391
f 1745 670 2946
f 2447 2946 861
f 1840 887 2947
f 1840 2947 629
f 2949 977 2948
f 1993 2948 495
f 1469 977 2949
f 1469 2949 717
f 685 1568 2950
f 3700 1340 1450
f 2952 248 2951
f 1016 2951 1825
f 247 248 2952
f 1486 2952 2953
f 2922 658 2953
f 1485 2953 1016
f 1275 404 2954
f 1275 2954 1062
f 792 1657 2955
f 1609 2955 358
f 787 2119 2956
f 787 2956 3432
f 3635 1708 2957
f 1651 2957 346
f 3361 1518 3170
f 543 2958 2304
f 676 1815 2959
f 1598 2959 886
f 3344 1026 2960
f 1647 2960 634
f 1564 433 2961
f 1564 2961 2936
f 3385 1515 2962
f 2273 2962 878
f 285 1806 2963
f 285 2963 284
f 2987 372 2964
f 1797 2964 935
f 935 2052 2965
f 935 2965 2966
f 1463 579 2966
f 1463 2966 2965
f 1711 321 2967
f 929 2967 2969
f 473 1323 2968
f 473 2968 1712
f 2001 721 2969
f 929 2969 1712
f 2250 777 2970
f 2250 2970 1670
f 2027 975 2971
f 2027 2971 3613
f 3578 1537 2972
f 975 2972 1376
f 2334 1010 2973
f 640 2973 1377
f 3748 1139 3226
f 415 2974 2036
f 538 1331 2975
f 1330 2975 2553
f 1377 1023 2976
f 640 2976 2160
f 1713 389 2977
f 1713 2977 1003
f 2721 1248 2978
f 2721 2978 2875
f 1920 718 2979
f 1920 2979 498
f 2682 1328 2980
f 2682 2980 821
f 463 1597 2981
f 1586 2981 920
f 664 1701 3429
f 2983 2246 1291
f 1051 2982 2983
f 1051 2983 2876
f 3106 667 2984
f 1339 3850 3715
f 2240 928 2985
f 1396 2985 473
f 1838 928 2986
f 414 2986 1397
f 932 1538 2987
f 932 2987 1797
f 2351 601 2988
f 1297 2988 932
f 579 1464 2989
f 579 2989 1797
f 2092 1210 2990
f 738 2990 1553
f 278 1655 2991
f 278 2991 277
f 437 2021 2992
f 2599 2992 1578
f 952 1573 3103
f 616 2993 1581
f 3376 1168 2994
f 2614 2994 363
f 2138 1368 2995
f 408 2995 1770
f 933 1653 2996
f 933 2996 1611
f 2937 592 2997
f 1702 2997 933
f 1417 1697 2998
f 582 2998 1640
f 445 1833 2999
f 445 2999 1606
f 2999 930 3000
f 659 3000 1608
f 2933 1528 3001
f 993 3001 1827
f 2112 508 3002
f 1116 3002 3686
f 1903 550 3003
f 951 3003 3033
f 920 1597 3004
f 920 3004 3498
f 40 1810 3005
f 40 3005 39
f 1484 2627 3006
f 1484 3006 331
f 1654 727 3007
f 1654 3007 2279
f 1214 2030 3814
f 565 3008 1766
f 1361 1649 3009
f 3856 1955 466
f 3120 1535 3010
f 1226 3010 1966
f 3586 1913 3011
f 1212 3011 2432
f 1482 685 3012
f 1482 3012 802
f 2205 358 3013
f 1696 3013 1019
f 1696 1019 3014
f 541 3014 3081
f 1403 411 3015
f 1403 3015 1613
f 659 2546 3016
f 1607 3292 413
f 3330 701 3017
f 1670 3754 429
f 2044 316 3018
f 989 3018 3818
f 989 1570 3019
f 989 3019 2044
f 1341 1437 3818
f 989 3020 1570
f 2388 1317 3021
f 98 3021 97
f 1343 382 3022
f 1343 3022 3024
f 1449 477 3023
f 1009 3023 1342
f 3319 1343 3024
f 562 3024 1342
f 1523 2224 3025
f 936 3025 2086
f 1889 860 3026
f 1889 3026 357
f 1800 953 3027
f 341 3027 1465
f 2795 456 3028
f 1598 3028 888
f 2082 1034 3029
f 493 3029 3453
f 3260 1092 3030
f 1819 3030 406
f 1063 2667 3031
f 1063 3031 2166
f 1200 2358 3032
f 1200 3850 2984
f 2026 951 3033
f 1438 3033 2581
f 1046 2868 3034
f 1095 3034 1784
f 2515 1239 3035
f 829 3035 2516
f 2765 544 3036
f 3035 3036 956
f 2220 1086 3037
f 2912 3037 959
f 1894 436 3038
f 1894 3038 865
f 361 1595 3039
f 361 3039 1605
f 1559 1258 3040
f 1559 3040 428
f 862 1869 3041
f 1375 3041 441
f 2880 615 3042
f 2345 3042 1152
f 1318 378 3421
f 954 3043 3044
f 1471 954 3044
f 584 3044 2378
f 3732 451 3045
f 954 3045 3421
f 3047 941 3046
f 1800 3046 682
f 3826 941 3047
f 341 3047 1800
f 3303 675 3048
f 2100 3048 1055
f 3235 1132 3049
f 1131 3049 2726
f 3286 585 3050
f 1281 3050 3051
f 3050 1131 3051
f 1281 3051 3333
f 814 1972 3052
f 1973 3052 1553
f 1732 666 3053
f 3054 3227 1127
f 971 3053 3054
f 3055 1680 561
f 971 3054 3055
f 3500 3682 1155
f 3839 411 3056
f 3839 3056 3500
f 1551 1741 3057
f 1551 3057 385
f 2043 1376 3058
f 2043 3058 1788
f 1909 967 3059
f 711 3059 1910
f 1893 1064 3060
f 405 3060 1909
f 2370 346 3061
f 991 3061 1649
f 595 1766 3062
f 595 3743 2704
f 1047 2030 3063
f 1047 3063 2098
f 452 2539 3064
f 452 3064 2965
f 2182 750 3065
f 2182 3065 2560
f 2921 1112 3066
f 1569 3066 642
f 688 1499 3067
f 688 3067 2183
f 1486 1294 3068
f 1486 3068 247
f 2428 828 3069
f 1305 3069 1759
f 758 1724 3070
f 1392 3070 726
f 335 1356 3071
f 335 3071 2215
f 685 1660 3072
f 685 3072 1568
f 3111 470 3073
f 1164 3073 3527
f 339 1460 3074
f 2023 3074 815
f 2123 1008 3075
f 502 3075 1326
f 2313 1501 3076
f 2313 3076 746
f 2360 533 3077
f 1325 3077 1213
f 2046 499 3079
f 1142 3078 1950
f 3080 1143 3079
f 1142 3079 3078
f 2724 1143 3080
f 873 3080 2725
f 3014 1282 3081
f 541 3081 2600
f 3081 1282 3082
f 976 3082 1782
f 1624 957 3083
f 1624 3083 3099
f 1531 485 3084
f 1531 3427 649
f 3831 1238 3085
f 956 3085 2427
f 1914 2700 3086
f 406 3086 1917
f 562 2160 3087
f 562 3087 1645
f 2732 1780 3088
f 2732 3088 560
f 3748 609 3089
f 1139 3089 2356
f 1750 395 3090
f 987 3090 1384
f 3475 673 3091
f 1207 3091 987
f 987 1570 3092
f 987 3092 1207
f 1679 324 3093
f 1679 3093 2230
f 1773 817 3094
f 1773 3094 675
f 552 2869 3095
f 552 3095 2441
f 2791 1113 3096
f 2791 3096 1360
f 2889 1442 3097
f 2119 3097 991
f 1348 1737 3098
f 1348 3098 2175
f 3083 314 3099
f 1624 3634 694
f 1885 722 3100
f 1885 3100 3616
f 1579 432 3101
f 1579 3101 3103
f 3490 671 3102
f 952 3102 1722
f 616 1579 3103
f 616 3103 2993
f 1071 2828 3104
f 1071 3104 3492
f 1022 1665 3105
f 1022 3105 2303
f 1959 667 3106
f 2649 3106 1339
f 601 1536 3107
f 601 3107 1537
f 3107 974 3108
f 1537 3108 2972
f 3107 1536 3109
f 974 3109 1480
f 978 1637 3110
f 978 3110 1796
f 1796 470 3111
f 978 3111 3230
f 780 2320 3112
f 1560 3112 225
f 561 1680 3113
f 2550 3113 1177
f 2853 1260 3114
f 525 3114 1979
f 2170 2395 3115
f 1226 3120 3010
f 1817 528 3731
f 1073 3116 2569
f 3495 1031 3117
f 3693 1865 1188
f 3496 498 3118
f 1031 3118 2245
f 726 1724 3119
f 1218 3119 2272
f 1226 3115 3120
f 1535 3274 1091
f 1517 2113 3121
f 1517 3121 706
f 3126 962 3122
f 1558 3122 3825
f 1634 963 3123
f 1634 3123 457
f 1633 458 3124
f 1633 3124 3290
f 1631 325 3125
f 964 3125 1544
f 3299 1634 3126
f 629 3126 1558
f 3128 963 3127
f 1628 3127 342
f 1636 963 3128
f 631 3128 1628
f 3131 1557 3129
f 457 3129 1634
f 1626 380 3130
f 965 3130 1804
f 457 1630 3131
f 457 3131 3129
f 1629 628 3132
f 1629 3132 3309
f 632 1631 3133
f 632 3133 1630
f 2776 1462 3134
f 2128 3134 441
f 796 2006 3135
f 1655 3135 2991
f 1656 2014 3136
f 1656 3136 1072
f 1672 788 3137
f 1672 3137 323
f 3304 1024 3138
f 1475 3138 3591
f 3151 1704 3139
f 371 3139 1702
f 1312 1709 3140
f 1312 3140 2652
f 1887 405 3141
f 1887 3141 2931
f 2094 1362 3142
f 908 3142 1967
f 1907 1090 3143
f 531 3143 2559
f 1999 1090 3144
f 580 3144 2882
f 2666 868 3145
f 1546 3145 3160
f 1074 1664 3146
f 2583 3146 307
f 733 2017 3147
f 3271 365 1467
f 2068 505 3148
f 1314 3148 787
f 3472 626 3149
f 1521 3149 863
f 3110 611 3150
f 1796 3150 980
f 980 1704 3151
f 980 3151 1495
f 1796 980 3152
f 470 3152 3855
f 1898 696 3153
f 981 3153 2609
f 637 1707 3154
f 637 3154 1828
f 2146 1082 3155
f 1473 3155 812
f 1829 79 3156
f 1300 3156 2316
f 1005 1652 3157
f 1527 3157 73
f 328 1648 3158
f 328 3158 1349
f 2593 1164 3159
f 588 3159 1409
f 776 1546 3160
f 776 3160 2405
f 419 2126 3161
f 1025 3161 1669
f 2503 1746 3162
f 1744 3162 670
f 2422 1779 3163
f 354 3163 1824
f 1501 983 3164
f 593 3164 1502
f 1502 3164 3165
f 440 3165 3265
f 3805 1958 3166
f 522 3166 2531
f 2293 1448 3167
f 577 3167 3195
f 11 1994 3168
f 11 3168 10
f 2714 514 3169
f 1075 3169 3332
f 543 2541 3170
f 2958 3170 1518
f 979 2474 3171
f 3534 663 1567
f 1813 676 3172
f 1813 3172 2764
f 646 1311 3173
f 1411 3173 1610
f 388 2649 3174
f 388 3174 1506
f 2837 1266 3175
f 1499 3175 3067
f 2510 1452 3176
f 478 3176 1988
f 3768 621 3177
f 1364 3177 2903
f 2769 988 3178
f 2769 3178 366
f 679 1589 3179
f 679 3179 1469
f 1274 614 3180
f 1118 3180 1595
f 2109 515 3181
f 1039 3181 2270
f 2109 1039 3182
f 806 3182 2108
f 1453 1039 3183
f 1453 3183 3502
f 883 2335 3184
f 883 3184 2673
f 1847 752 3185
f 2150 3185 751
f 1506 2340 3186
f 1506 3640 2841
f 3270 1522 3187
f 2136 3187 604
f 1957 484 3188
f 986 3188 1647
f 3293 68 3189
f 986 3189 1857
f 1350 323 3190
f 994 3190 3191
f 698 1743 3191
f 698 3191 1890
f 1350 994 3192
f 551 3192 2554
f 3523 1178 3193
f 1740 3193 778
f 2544 1678 3194
f 1269 3194 3206
f 3167 1439 3195
f 577 3195 2605
f 2236 356 3196
f 3195 3196 1033
f 3352 1191 3197
f 1190 3197 2260
f 2007 779 3198
f 2007 3198 363
f 706 1823 3199
f 1863 3199 1716
f 833 2542 3200
f 833 3200 2541
f 1011 1514 3201
f 1011 3201 2178
f 2012 1353 3768
f 621 3202 1741
f 2201 1140 3203
f 312 3203 1366
f 1036 2418 3204
f 1036 3204 1533
f 3194 1269 3205
f 2544 3205 1677
f 3337 1269 3653
f 770 3206 2155
f 919 1822 3207
f 1597 3207 3004
f 1514 1011 3208
f 596 3208 2651
f 3625 352 3209
f 2060 3209 1398
f 3462 940 3210
f 1603 3210 638
f 713 1233 3211
f 713 3211 1939
f 3211 1233 3212
f 1085 3212 1903
f 2248 26 3213
f 2248 3213 1037
f 2097 1043 3214
f 2097 3214 348
f 944 1658 3215
f 2738 3410 999
f 2739 1541 3216
f 882 3216 1831
f 2854 567 3217
f 1372 3217 1583
f 2702 1267 3218
f 2702 3218 1411
f 1769 1130 3219
f 468 3219 2056
f 1961 1497 3220
f 1566 3220 3297
f 2431 526 3221
f 1264 3221 2906
f 1018 1770 3222
f 2156 3222 581
f 874 1780 3223
f 1554 3223 2929
f 2254 1021 3224
f 2254 3224 1395
f 1754 1527 3225
f 1754 3225 2800
f 1315 1666 3226
f 415 3226 2974
f 3054 1489 3227
f 1127 3685 2676
f 2319 1295 3228
f 1013 3228 2384
f 930 1644 3229
f 1608 3229 341
f 2752 978 3230
f 2593 3230 1164
f 590 1383 3231
f 590 3231 3284
f 3238 669 3232
f 1842 3232 1061
f 1244 2672 3233
f 1244 3786 421
f 1498 624 3234
f 1498 3234 2624
f 2470 1132 3235
f 2470 3235 585
f 3232 669 3236
f 1243 3236 2286
f 1658 1000 3237
f 1658 3237 475
f 1658 669 3238
f 1000 3238 1842
f 1842 319 3239
f 1000 3239 3844
f 2057 743 3240
f 1115 3240 1808
f 359 1615 3241
f 359 3241 2069
f 3366 1036 3242
f 373 3242 2695
f 810 1853 3243
f 1659 3243 726
f 1435 2633 3281
f 1336 3244 316
f 3039 1595 3245
f 2020 3245 3714
f 2341 826 3246
f 2341 3246 1943
f 2425 1441 3247
f 2425 3247 1040
f 1877 1023 3248
f 228 3248 1878
f 1714 652 3249
f 1714 3249 3250
f 459 1714 3250
f 459 3250 1948
f 329 1251 3251
f 1855 3251 707
f 471 1901 3252
f 471 3252 1799
f 1798 682 3253
f 1798 3253 1001
f 350 1765 3254
f 1520 3254 2722
f 2604 1240 3255
f 554 3255 2710
f 812 2265 3256
f 1283 3256 1757
f 641 1643 3257
f 1642 3512 379
f 1101 1661 3258
f 3546 1718 651
f 1781 976 3259
f 1781 3259 693
f 2195 771 3260
f 1133 3260 3030
f 2429 1208 3261
f 809 3261 2431
f 2552 861 3262
f 1762 3262 1345
f 2577 855 3263
f 2749 3263 1229
f 1526 688 3264
f 1526 3264 804
f 2161 1548 3265
f 2161 3265 3165
f 1652 1005 3266
f 1652 3266 2104
f 1527 625 3267
f 1005 3267 2292
f 1515 1004 3268
f 1515 3268 596
f 395 1750 3269
f 395 3269 3659
f 2714 1522 3270
f 514 3270 1296
f 1201 3147 3271
f 1201 3271 2072
f 2139 755 3272
f 2193 3272 1126
f 1535 1091 3273
f 1535 3273 2692
f 3120 546 3274
f 1091 3274 1727
f 2792 1151 3275
f 59 3275 58
f 2817 1167 3276
f 202 3276 57
f 1045 1767 3277
f 1045 3277 2497
f 2152 1397 3278
f 2152 3278 1199
f 899 2414 3279
f 2566 3279 1156
f 655 1664 3280
f 2157 3280 1074
f 3244 1336 3281
f 1435 3281 2708
f 1907 2242 3282
f 1090 3282 2635
f 2693 1676 3283
f 1749 3283 850
f 2820 590 3284
f 2504 3284 1243
f 431 2189 3285
f 431 3285 1963
f 3300 585 3286
f 1296 3286 2114
f 3289 1635 3287
f 1015 3287 3802
f 1804 1015 3288
f 631 3288 1636
f 3130 380 3289
f 1804 3289 1015
f 1804 631 3290
f 1804 3290 965
f 2546 1465 3291
f 1150 3820 2202
f 1607 3016 3292
f 413 3292 2202
f 1574 67 3293
f 2025 3293 986
f 1831 1550 3294
f 1831 3294 2829
f 356 1620 3295
f 356 3295 3196
f 1452 638 3296
f 3176 3296 1028
f 856 1566 3297
f 856 3297 1679
f 453 2362 3298
f 453 3298 2010
f 3126 629 3299
f 1634 3299 963
f 1359 585 3300
f 1359 3300 2099
f 3396 1014 3301
f 1767 3301 3277
f 857 1690 3302
f 2624 3302 545
f 347 1773 3329
f 1048 3303 2100
f 258 2875 3304
f 258 3304 257
f 1976 1207 3305
f 597 3305 2603
f 1229 735 3306
f 1229 3306 1102
f 1873 566 3307
f 1102 3307 1975
f 345 2012 3308
f 2115 3308 867
f 966 2013 3309
f 1629 3309 3338
f 1988 1028 3310
f 718 3310 1989
f 1602 402 3311
f 1028 3311 3310
f 1557 2848 3312
f 1557 3312 962
f 519 1511 3840
f 1175 3313 2796
f 1577 2606 3314
f 1577 3314 667
f 2134 1035 3315
f 2134 3315 767
f 1669 1035 3316
f 1669 3316 447
f 2905 1845 3317
f 606 3317 2524
f 2425 589 3318
f 1441 3318 2270
f 1152 2433 3319
f 1152 3319 1645
f 896 2558 3320
f 896 3320 2604
f 2074 1316 3321
f 739 3321 2073
f 752 1963 3322
f 752 3322 2167
f 763 1840 3323
f 763 3323 1459
f 3479 482 3324
f 1021 3324 2453
f 1197 2184 3325
f 2200 3325 291
f 1874 848 3326
f 1874 3326 549
f 948 2039 3327
f 2279 3327 101
f 3642 1246 3328
f 343 3328 2229
f 1944 347 3329
f 1048 3329 3303
f 3017 1670 3330
f 701 3330 1848
f 2675 1277 3331
f 875 3331 2720
f 3169 1076 3332
f 1075 3332 3493
f 1192 2413 3333
f 334 3333 3051
f 491 1915 3334
f 1092 3334 1914
f 521 2851 3335
f 521 3335 1794
f 527 2825 3336
f 527 3336 2670
f 3653 1523 3337
f 3205 3337 548
f 2915 1629 3338
f 1748 3338 1234
f 1787 472 3339
f 1787 3339 2742
f 1543 2777 3340
f 1543 3340 381
f 3679 1038 3341
f 1722 3341 325
f 1038 2355 3342
f 1038 3342 1544
f 484 1227 3343
f 484 3343 1805
f 484 1805 3344
f 484 3344 1647
f 1771 790 3345
f 1771 3345 3822
f 1643 641 3346
f 1643 3346 1042
f 3407 1173 3347
f 1983 3347 754
f 689 1861 3348
f 689 3348 1850
f 3350 1081 3349
f 627 3349 3493
f 1313 425 3350
f 1313 3350 3349
f 3149 626 3351
f 1081 3351 1843
f 569 2729 3352
f 2751 3352 1190
f 460 2145 3353
f 1715 3353 2482
f 2620 420 3354
f 1562 3354 714
f 469 1481 3355
f 469 3355 1788
f 3481 1223 3356
f 531 3356 1907
f 2588 842 3357
f 1210 3357 2990
f 2342 1093 3358
f 540 3358 1324
f 1612 1029 3359
f 1612 3359 718
f 1953 478 3360
f 1029 3360 3359
f 207 1518 3361
f 206 3361 2907
f 414 1968 3362
f 414 3362 1838
f 1833 608 3363
f 1833 3363 930
f 1508 1067 3364
f 501 3364 3372
f 645 1684 3365
f 1683 3565 487
f 2416 839 3366
f 2416 3366 373
f 3242 1036 3367
f 1700 3367 576
f 2764 1413 3368
f 313 3368 2607
f 1671 1058 3369
f 322 3369 1601
f 3853 1094 3370
f 321 3370 1473
f 3769 1761 3371
f 734 3371 1763
f 3373 501 3372
f 1383 3372 2267
f 2371 501 3376
f 1168 3373 1383
f 2267 1066 3374
f 319 3374 1685
f 1755 392 3375
f 1755 3375 1067
f 2614 889 3376
f 1168 3376 3373
f 1232 2628 3377
f 1232 3377 2522
f 916 2445 3378
f 1549 3378 2685
f 1886 1183 3379
f 1886 3379 345
f 1058 1625 3380
f 1058 3380 1600
f 2665 620 3381
f 1671 3381 1058
f 811 1995 3382
f 2236 3382 1760
f 3836 1136 3383
f 1960 3383 1427
f 498 2417 3384
f 498 3384 3118
f 2014 1185 3385
f 520 3385 2962
f 2467 1144 3386
f 411 3386 1732
f 1571 551 3387
f 2748 3387 1351
f 3466 376 3388
f 1946 3388 1040
f 758 1392 3389
f 1145 3389 1937
f 1151 2358 3390
f 3275 3390 242
f 2945 456 3391
f 1511 3391 3313
f 2154 1070 3392
f 594 3392 1436
f 3824 2026 3393
f 1257 3393 1438
f 605 1534 3394
f 605 3394 3204
f 3396 1839 3395
f 1014 3395 1838
f 474 1839 3396
f 1767 3396 3301
f 2450 1059 3397
f 379 3397 1642
f 485 1982 3398
f 485 3398 1600
f 894 2110 3399
f 1991 3399 1343
f 2802 1581 3400
f 2802 3400 891
f 2803 891 3401
f 1306 3402 2673
f 1306 3401 3402
f 532 3402 1992
f 1125 1524 3403
f 1125 3403 1992
f 2148 1294 3404
f 2148 3404 1266
f 2634 1294 3405
f 2634 3405 113
f 1082 2349 3406
f 1082 3406 2265
f 2394 364 3407
f 1347 3407 3347
f 2487 1498 3408
f 1173 3408 1985
f 866 1700 3409
f 2697 3409 1370
f 475 1859 3410
f 3215 3410 2738
f 1428 2750 3411
f 849 3411 2612
f 3333 334 3412
f 1192 3412 3416
f 334 1237 3413
f 3412 3413 1193
f 1237 612 3414
f 3413 3414 1193
f 2439 1313 3415
f 1192 3415 2413
f 3707 558 3416
f 1193 3416 3412
f 856 2466 3417
f 2367 3417 1440
f 3419 1458 3418
f 1391 3418 3680
f 3609 1458 3419
f 619 3419 2914
f 1172 2044 3420
f 1172 3420 3827
f 3599 1318 3421
f 954 3421 3043
f 530 1942 3422
f 530 3422 1422
f 2223 435 3752
f 1105 3423 3424
f 1811 1105 3424
f 1811 3424 817
f 2177 416 3425
f 2177 3425 1010
f 1551 385 3426
f 2048 3426 1060
f 3084 1060 3427
f 649 3427 1650
f 2132 650 3428
f 2132 3428 957
f 1701 2982 3429
f 664 3429 1945
f 675 1775 3430
f 675 3430 1774
f 3430 1049 3431
f 1774 3431 397
f 2956 1361 3432
f 787 3432 3644
f 1929 479 3433
f 1052 3433 2088
f 2907 1006 3434
f 2643 3434 1217
f 46 47 3435
f 2363 3435 1149
f 2213 526 3436
f 2213 3436 759
f 2256 1054 3437
f 2256 3437 1187
f 3443 2080 3438
f 1054 3438 1814
f 2040 598 3439
f 1270 3439 3795
f 2650 979 3440
f 2650 3440 376
f 1731 1144 3441
f 1731 3441 499
f 2083 384 3442
f 2083 3442 1034
f 744 2080 3443
f 2256 3443 1054
f 3445 1053 3444
f 1929 3444 479
f 1928 1053 3445
f 703 3445 3864
f 1860 664 3446
f 1860 3446 1053
f 3458 1088 3447
f 1588 3447 2849
f 1814 1055 3448
f 1814 3448 3692
f 397 1815 3449
f 397 3449 1774
f 3794 1194 3450
f 1826 3450 1460
f 2391 410 3451
f 2391 3451 1280
f 2501 223 3452
f 1084 3452 2320
f 2835 493 3453
f 1087 3453 2344
f 2241 1087 3454
f 2241 3454 362
f 1946 1040 3455
f 1946 3455 661
f 1050 1875 3456
f 2463 3456 1388
f 2108 1453 3457
f 578 3457 2397
f 3447 1588 3458
f 2641 3458 434
f 3531 1121 3459
f 3458 3459 434
f 1104 1692 3460
f 1104 3460 1947
f 2977 389 3461
f 2977 3461 2438
f 338 1848 3462
f 1603 3462 3210
f 3618 407 3463
f 1784 3463 1095
f 2261 1056 3464
f 2261 3464 391
f 3467 1057 3465
f 1735 3465 661
f 1409 376 3466
f 1057 3466 1946
f 1735 504 3467
f 1735 3467 3465
f 2826 1379 3468
f 557 3468 2691
f 1285 2728 3469
f 3482 1890 323
f 2790 1360 3470
f 907 3470 1871
f 3344 1805 3471
f 2089 3471 687
f 1521 1091 3472
f 1521 3472 3149
f 1068 2286 3473
f 1068 3473 3474
f 2889 2755 3474
f 944 3474 2888
f 1207 1976 3475
f 1207 3475 3091
f 853 2038 3476
f 1868 3476 339
f 1737 390 3477
f 1176 3477 2663
f 3684 1742 3478
f 1176 3478 3520
f 721 1461 3479
f 1412 3479 3324
f 1823 934 3480
f 1823 3480 654
f 760 1223 3481
f 1675 3481 3638
f 1285 3469 3482
f 1285 3482 3137
f 636 1880 3483
f 1648 3483 825
f 1744 670 3484
f 1785 3484 1423
f 848 1687 3485
f 848 3485 2386
f 844 2381 3486
f 2637 3486 1579
f 795 2314 3487
f 2574 3487 909
f 1801 1687 3488
f 1801 3488 2223
f 295 296 3489
f 2191 3489 1146
f 845 2452 3490
f 1723 3490 3102
f 1570 1384 3491
f 3019 3491 575
f 2903 1071 3492
f 2666 3492 868
f 3349 1487 3493
f 627 3493 3332
f 679 1591 3494
f 679 3494 1614
f 1786 1138 3495
f 1786 3495 3117
f 1920 498 3496
f 1138 3496 3495
f 2618 332 3497
f 1138 3497 1612
f 2601 1078 3498
f 920 3498 2757
f 2333 645 3499
f 2333 3499 1242
f 971 3055 3500
f 971 3500 3056
f 943 1921 3501
f 1575 3501 2520
f 3457 1453 3502
f 937 3502 2536
f 100 2039 3503
f 99 3503 2388
f 368 2503 3504
f 368 3504 1513
f 1940 1939 3505
f 1940 3505 216
f 1027 1864 3506
f 1805 3506 3471
f 633 1601 3507
f 633 3507 3784
f 3632 1740 3508
f 1246 3508 3328
f 255 2074 3509
f 2033 3509 2893
f 2606 240 3510
f 1200 3510 2358
f 297 298 3511
f 297 3511 2481
f 1642 3257 3512
f 379 3512 1808
f 1643 488 3513
f 1643 3513 3257
f 825 1880 3514
f 1287 3514 1841
f 1858 686 3515
f 1077 3515 2766
f 1858 1077 3516
f 506 3516 3604
f 427 1844 3517
f 1832 3517 1206
f 1481 597 3518
f 1481 3518 3355
f 933 1611 3519
f 2456 3519 884
f 2174 1737 3520
f 2174 3520 519
f 1110 1896 3521
f 1898 3521 696
f 3031 1147 3522
f 570 3522 3764
f 3193 559 3523
f 1178 3523 2093
f 3723 1673 3524
f 715 3524 2063
f 2096 651 3525
f 2096 3525 1097
f 454 1372 3526
f 2711 3526 925
f 3073 979 3527
f 1164 3527 3159
f 2262 506 3528
f 2262 3528 1056
f 2130 568 3529
f 1204 3529 2792
f 765 2781 3530
f 2210 3530 3639
f 1400 1121 3531
f 572 3531 1588
f 3533 1145 3532
f 2309 3532 838
f 2190 1145 3533
f 293 3533 292
f 1374 3171 3534
f 1374 3534 2938
f 1664 1663 3535
f 1664 3535 306
f 1839 474 3536
f 1079 3536 2376
f 1839 1079 3537
f 1839 3537 684
f 2313 746 3538
f 1445 3538 2106
f 2806 2040 3539
f 528 3539 2935
f 2353 1245 3540
f 281 3540 280
f 3525 651 3541
f 1821 3541 3630
f 683 1752 3542
f 683 3542 1512
f 1717 507 3543
f 1096 3543 1432
f 1970 1101 3544
f 384 3544 3566
f 1970 644 3545
f 1101 3545 1661
f 1101 3258 3546
f 1101 3546 2096
f 416 1464 3547
f 416 3547 1969
f 3705 1864 3548
f 2608 3548 1027
f 2000 1109 3549
f 2000 3549 664
f 751 1614 3550
f 751 3550 2149
f 1699 678 3551
f 1080 3551 3550
f 1699 1080 3552
f 1699 3552 396
f 3554 1154 3553
f 2179 3553 998
f 2927 1154 3554
f 481 3554 2179
f 2707 1154 3555
f 2534 3555 845
f 2842 1103 3556
f 2842 3556 1444
f 3556 1103 3557
f 1692 3557 3460
f 467 2207 3558
f 467 3558 2511
f 2740 1267 3559
f 841 3559 2653
f 3430 1775 3560
f 1049 3560 2029
f 1716 654 3561
f 1096 3561 1717
f 1716 1096 3562
f 409 3562 3734
f 869 1419 3563
f 2619 3563 37
f 3769 734 3564
f 1622 3564 2294
f 3525 1821 3565
f 1097 3565 3365
f 3544 2096 3566
f 384 3566 3442
f 1077 2766 3567
f 1701 3567 2982
f 1553 1089 3568
f 738 3568 1779
f 1119 1905 3569
f 1119 3569 1927
f 714 1949 3570
f 714 3570 1927
f 1949 492 3571
f 1119 3571 1906
f 1474 1517 3572
f 1474 3572 529
f 951 2026 3573
f 2121 3573 212
f 550 2943 3574
f 1198 3574 2156
f 2801 960 3575
f 2801 3575 1117
f 1342 2334 3576
f 1342 3576 2160
f 2629 1769 3577
f 1734 3577 801
f 601 1537 3578
f 1538 3578 2928
f 1219 2597 3579
f 3699 3698 1137
f 2285 320 3580
f 2285 3580 901
f 217 2368 3581
f 217 3581 216
f 422 1678 3582
f 422 3582 2239
f 876 2762 3583
f 2763 3583 708
f 740 2005 3584
f 2003 3584 2814
f 1837 1212 3585
f 1837 3585 560
f 1837 704 3586
f 1212 3586 3011
f 3665 1159 3587
f 2423 3587 583
f 1641 1582 3588
f 1641 3588 2051
f 373 2695 3589
f 373 3589 3383
f 2173 1577 3590
f 1106 3590 1959
f 2780 1475 3591
f 1316 3591 1424
f 903 2233 3592
f 1552 3592 2886
f 287 288 3593
f 287 3593 2196
f 2878 1166 3594
f 2878 3594 2087
f 748 2059 3595
f 748 3595 1695
f 2466 647 3596
f 2466 3596 923
f 783 2259 3597
f 2151 3597 1114
f 602 2505 3598
f 2698 3598 1894
f 2647 563 3599
f 2647 3599 1408
f 1884 445 3600
f 1884 3600 915
f 2746 497 3601
f 3602 1724 758
f 1146 3601 3602
f 1146 3602 2191
f 3516 1077 3603
f 1109 3603 1701
f 3603 1109 3604
f 506 3604 3528
f 3203 1140 3605
f 3203 3605 1366
f 2402 837 3606
f 1317 3606 3021
f 3608 1106 3607
f 503 3607 1959
f 985 1932 3608
f 985 3608 2879
f 3610 1458 3609
f 1459 3609 2107
f 2308 1458 3610
f 381 3825 3122
f 1069 2071 3611
f 2742 3611 512
f 3614 1158 3612
f 1703 3612 2052
f 3837 2019 3613
f 600 3613 2971
f 2027 1158 3614
f 372 3614 1703
f 2371 1623 3615
f 2371 3615 1508
f 3770 462 3616
f 1733 3616 3100
f 697 2444 3617
f 697 3617 1893
f 1026 2089 3618
f 1784 3618 3463
f 1596 672 3619
f 2274 3619 853
f 2805 1490 3620
f 893 3620 2040
f 782 2299 3621
f 782 3621 2506
f 2645 1108 3622
f 455 3622 1425
f 3624 1425 3623
f 587 3623 2442
f 2786 1425 3624
f 1404 3624 2551
f 1044 2198 3625
f 1705 3625 3209
f 993 2681 3626
f 993 3626 2933
f 487 1916 3627
f 487 3627 1668
f 1916 1099 3628
f 695 3628 2113
f 3086 1098 3629
f 1917 3629 695
f 3565 1821 3630
f 487 3630 1916
f 2204 1516 3631
f 2204 3631 2158
f 3643 559 3632
f 1246 3632 3508
f 3499 645 3633
f 2159 3633 1107
f 1624 3099 3634
f 694 3634 2700
f 1604 2632 3635
f 895 3635 2957
f 76 77 3636
f 1153 3636 2657
f 1153 2657 3637
f 1153 3637 2199
f 2781 1675 3638
f 1216 3638 2559
f 3530 1216 3639
f 2210 3639 419
f 1506 3186 3640
f 843 3640 2441
f 2187 773 3641
f 1141 3641 1559
f 2187 1141 3642
f 343 3642 3328
f 1559 1401 3643
f 1141 3643 3632
f 2118 787 3644
f 1147 3644 1998
f 2412 794 3645
f 3646 1484 331
f 1491 3645 3646
f 1491 3646 3795
f 1265 3261 3647
f 418 3647 2301
f 3250 1003 3648
f 1948 3648 712
f 1827 403 3649
f 1827 3649 744
f 2827 1167 3650
f 1362 3650 3142
f 1985 545 3651
f 1985 3651 1984
f 1467 1865 3652
f 603 3652 2245
f 1269 3206 3653
f 1523 3653 2224
f 3664 642 3654
f 1532 3654 1834
f 3040 1258 3655
f 2318 3655 808
f 958 2662 3656
f 1818 3656 1120
f 2024 380 3657
f 2457 3657 899
f 3742 710 3658
f 1889 3658 860
f 3269 1185 3659
f 395 3659 1639
f 2261 391 3660
f 3661 2775 607
f 1352 3660 3661
f 1352 3661 1541
f 252 2287 3662
f 1618 3662 1225
f 2768 2455 3663
f 1355 3663 2630
f 3654 1532 3664
f 642 3664 2271
f 2423 908 3665
f 1159 3665 1967
f 2783 2898 3666
f 393 3666 1494
f 1111 1891 3667
f 1111 3667 3835
f 1891 1111 3668
f 698 3668 2360
f 2360 1111 3669
f 533 3669 2380
f 1085 2411 3670
f 1939 3670 215
f 821 2532 3671
f 821 3671 2877
f 3673 401 3672
f 1274 3672 1851
f 2303 401 3673
f 1205 3673 2219
f 894 1991 3674
f 894 3674 2838
f 3053 666 3675
f 1489 3675 2703
f 708 1883 3676
f 708 3676 1882
f 1883 374 3677
f 1113 3677 3096
f 1002 1756 3678
f 2176 3678 471
f 671 2022 3679
f 1722 3679 3341
f 3681 1391 3680
f 1194 3680 3450
f 2448 1391 3681
f 443 3681 1973
f 3500 561 3682
f 1155 3682 3812
f 2836 1393 3683
f 544 3831 3036
f 680 1742 3684
f 2663 3684 1176
f 1127 3227 3685
f 2676 3685 24
f 2295 1116 3686
f 2295 3686 1918
f 2263 311 3687
f 2263 3687 2686
f 941 2176 3688
f 941 3688 3046
f 1719 1157 3689
f 495 3689 1734
f 1699 2091 3690
f 1548 3690 742
f 836 2055 3691
f 836 3691 2939
f 1054 1814 3692
f 1813 3692 676
f 516 3117 3693
f 516 3693 2891
f 2209 1025 3694
f 2874 3694 912
f 1045 2336 3695
f 2727 3695 2758
f 2507 1283 3696
f 482 3696 1596
f 1068 1776 3697
f 1068 3697 2286
f 3699 1466 3698
f 1137 3698 2417
f 402 3579 3699
f 402 3699 1989
f 685 2950 3700
f 685 3700 3012
f 3645 2283 3701
f 1123 3701 1971
f 2582 1198 3702
f 383 3702 1479
f 494 1986 3703
f 494 3703 1881
f 1986 687 3704
f 1122 3704 3705
f 1605 1122 3705
f 361 3705 3548
f 511 2165 3706
f 2255 3706 2238
f 2615 558 3707
f 1623 3707 1193
f 2694 1599 3708
f 2694 3708 1776
f 955 1798 3709
f 1791 3709 400
f 3781 1174 3710
f 1335 3710 2514
f 1830 1132 3711
f 1830 3711 1443
f 326 1860 3712
f 326 3712 1928
f 2056 1768 3713
f 2056 3713 3730
f 2281 1196 3714
f 614 3714 3245
f 568 2130 3715
f 568 3715 3850
f 2093 390 3716
f 1178 3716 1990
f 12 13 3717
f 1231 3717 2294
f 2436 1224 3718
f 567 3718 3217
f 2136 604 3719
f 3718 3719 1373
f 639 2519 3720
f 2071 3720 1083
f 81 82 3722
f 1163 3721 3723
f 1163 2316 3722
f 1163 3722 3721
f 715 1956 3723
f 715 3723 3524
f 2720 1584 3724
f 875 3724 1729
f 594 1436 3725
f 1437 3725 2789
f 3701 494 3726
f 1971 3726 3727
f 582 1971 3727
f 582 3727 1417
f 2201 712 3728
f 2201 3728 1140
f 1947 496 3729
f 1140 3729 3605
f 468 2056 3730
f 468 3730 1751
f 3116 1073 3731
f 3116 3731 528
f 953 2773 3732
f 1471 3732 3045
f 2249 1129 3733
f 705 3733 1795
f 2269 409 3734
f 1129 3734 3733
f 271 2070 3735
f 271 3735 270
f 709 2359 3736
f 709 3736 2105
f 2303 1205 3737
f 625 3737 3267
f 309 1569 3738
f 308 3738 2583
f 3720 2519 3739
f 1083 3739 2158
f 1519 1981 3740
f 1402 3740 1980
f 1911 312 3741
f 1911 3741 1110
f 2793 1888 3742
f 1889 3742 3658
f 595 3062 3743
f 1414 3743 2098
f 330 2872 3744
f 330 3744 2646
f 1041 3285 3745
f 2035 3745 762
f 492 2195 3746
f 492 3746 1906
f 1906 1133 3747
f 1906 3747 700
f 1666 609 3748
f 1666 3748 3226
f 1528 1434 3749
f 1528 3749 1930
f 1836 1507 3750
f 1836 3750 2132
f 854 2646 3751
f 2647 3751 563
f 435 3423 3752
f 2223 3752 1942
f 2079 1729 3753
f 2079 3753 724
f 2170 429 3815
f 1256 3754 3017
f 1214 2862 3755
f 2030 3755 85
f 2537 1134 3756
f 2537 3756 1323
f 2143 572 3757
f 1134 3757 1513
f 1226 1966 3758
f 1226 3758 2170
f 3559 2715 3759
f 1161 3759 2528
f 1213 430 3760
f 1325 3760 1743
f 1093 2087 3761
f 1093 3761 3358
f 1554 2929 3762
f 729 3762 2036
f 1457 2785 3763
f 689 3763 1861
f 3331 1277 3764
f 1406 3764 3522
f 399 2794 3765
f 1487 3765 3493
f 1299 2305 3766
f 608 3766 2471
f 1923 369 3767
f 1923 3767 827
f 3202 621 3768
f 2012 3768 1364
f 3371 734 3769
f 1761 3769 2834
f 3616 1733 3770
f 2770 3770 3773
f 2045 803 3771
f 2045 3771 3772
f 3771 1143 3772
f 2045 3772 444
f 1719 901 3773
f 1719 3773 1157
f 1733 656 3774
f 1157 3774 3689
f 1456 2157 3775
f 424 3775 1834
f 340 2224 3776
f 1239 3776 2765
f 261 262 3777
f 2169 3777 1610
f 1010 1739 3778
f 1010 3778 2177
f 960 2220 3779
f 3575 3779 1778
f 911 1500 3780
f 2819 3780 274
f 2214 1174 3781
f 417 3781 2188
f 759 1509 3782
f 759 3782 2214
f 3320 1298 3783
f 1240 3783 2069
f 3507 1600 3784
f 633 3784 2450
f 2183 427 3785
f 1504 3785 2062
f 3233 1308 3786
f 3233 3786 1244
f 2599 858 3787
f 1590 3787 679
f 2739 882 3788
f 1693 3788 1381
f 256 2780 3789
f 256 3789 255
f 2041 63 3790
f 2041 3790 1148
f 1215 2480 3791
f 665 3791 1387
f 3348 1861 3792
f 1149 3792 2733
f 673 2047 3793
f 1750 3793 3269
f 1826 814 3794
f 1194 3794 1973
f 2934 1270 3795
f 331 3795 3646
f 732 1639 3796
f 732 3796 2014
f 1902 1220 3797
f 692 3797 2940
f 1919 709 3798
f 1919 3798 1220
f 2011 510 3799
f 2011 3799 1171
f 681 2011 3800
f 681 3800 1792
f 330 1792 3801
f 330 3801 2212
f 3288 1015 3802
f 1636 3802 457
f 1379 1585 3804
f 1222 3803 1958
f 1895 333 3804
f 1222 3804 3803
f 2218 1222 3805
f 2218 3805 522
f 295 2191 3806
f 294 3806 2190
f 349 1698 3807
f 1501 3807 983
f 1051 2408 3808
f 1945 3808 3444
f 1585 1230 3809
f 643 3809 1599
f 557 2821 3810
f 557 3810 2826
f 2821 992 3811
f 3810 3811 1230
f 3682 1160 3812
f 1155 3812 2454
f 3660 391 3813
f 1160 3813 2120
f 2063 1214 3814
f 2063 3814 565
f 3754 1256 3815
f 3754 3815 429
f 990 1681 3816
f 990 3816 2335
f 1844 720 3817
f 3517 3817 1206
f 1437 3020 3818
f 1341 3818 3018
f 791 1794 3819
f 791 3819 2641
f 584 2378 3820
f 3291 3820 1150
f 2180 1217 3821
f 2180 3821 574
f 3345 327 3822
f 1771 3822 1373
f 2897 1633 3823
f 2897 3823 961
f 211 2026 3824
f 210 3824 1257
f 3323 1558 3825
f 1459 3825 3610
f 608 2471 3826
f 1644 3826 3047
f 2882 1172 3827
f 949 3827 2883
f 2042 934 3863
f 1934 3828 344
f 2909 1609 3829
f 1007 3829 2206
f 2685 446 3830
f 1303 3830 1707
f 544 3683 3831
f 3036 3831 956
f 2807 632 3832
f 1221 3832 2024
f 2103 1221 3833
f 2103 3833 745
f 3667 1278 3835
f 1255 3834 2394
f 1278 3834 3835
f 1111 3835 3669
f 2245 1136 3836
f 2245 3836 603
f 1672 1350 3837
f 600 3837 3613
f 6 7 3838
f 1482 3838 1660
f 3500 1155 3839
f 411 3839 3015
f 1720 519 3840
f 1175 3840 3313
f 1807 448 3841
f 1166 3841 3594
f 1873 735 3842
f 1873 3842 1300
f 576 1802 3843
f 1370 3843 2054
f 3239 1431 3844
f 1000 3844 3237
f 1617 542 3845
f 1617 3845 1245
f 3597 2259 3846
f 1114 3846 2329
f 721 2002 3847
f 1712 3847 1396
f 2473 633 3848
f 1346 3848 2778
f 1299 2450 3849
f 1299 3849 2305
f 3032 568 3850
f 3032 3850 1200
f 2482 832 3851
f 2482 3851 1717
f 1129 2249 3852
f 2498 3852 486
f 969 1787 3853
f 2797 3853 3370
f 1721 674 3854
f 1721 3854 1175
f 3073 470 3855
f 3073 3855 979
f 1361 3009 3856
f 1361 3856 3432
f 1982 1531 3857
f 1982 3857 641
f 723 1954 3858
f 2461 3858 1747
f 2322 1020 3859
f 2322 3859 539
f 554 2710 3860
f 554 3860 2870
f 733 2015 3861
f 2687 3861 1203
f 2004 740 3862
f 2004 3862 1179
f 737 2042 3863
f 1934 3863 3828
f 1930 703 3864
f 1930 3864 1052
f 194 6219 7575
f 6219 5909 4657
f 5503 7113 7364
f 7113 4331 5502
f 7282 5369 6361
f 6485 5605 192
f 5605 5870 4638
f 6541 4196 5562
f 7509 4300 5176
f 36 6185 6658
f 5281 6840 185
f 7331 4295 5710
f 6704 4027 5040
f 6048 3902 5465
f 7597 5512 183
f 5707 4130 7048
f 5927 3939 7039
f 180 181 5691
f 5321 6548 6651
f 6090 75 74
f 66 5367 67
f 6961 3996 6477
f 7117 4251 5684
f 6348 7284 6686
f 5441 71 6178
f 5139 7117 5684
f 5709 3997 7196
f 6122 69 68
f 7026 4110 6638
f 6892 6727 4667
f 5765 3951 5098
f 5690 5419 173
f 5048 6134 6599
f 6713 4516 6256
f 5957 4368 5157
f 5418 5957 170
f 6322 4612 5055
f 6725 4368 5418
f 6121 7165 63
f 5924 4368 5757
f 6892 4667 5233
f 5704 4280 5231
f 7445 7444 5927
f 5357 167 168
f 6121 4944 7165
f 6400 5321 76
f 7612 4910 6760
f 6911 4155 5864
f 6457 4217 6683
f 4537 5864 6795
f 5045 6114 4670
f 5714 4766 7225
f 6681 4537 5714
f 1 3865 3866
f 6012 59 58
f 6012 58 159
f 7225 4766 5729
f 7364 44 43
f 6890 4645 6528
f 7214 5637 4461
f 6221 5166 5909
f 6903 4813 7233
f 7509 6380 5199
f 5359 6545 6169
f 7486 4135 5697
f 4864 5463 199
f 5333 4689 6281
f 49 48 5590
f 5575 189 190
f 5481 6528 5463
f 6990 7061 5089
f 5463 4864 5481
f 5710 4295 5505
f 6990 4326 5589
f 6658 4586 5546
f 4864 199 200
f 6151 4216 7088
f 6467 4640 5695
f 6971 5700 5666
f 6249 5670 201
f 5536 4530 4922
f 52 4961 6467
f 7506 32 7212
f 4801 5670 6249
f 5623 4254 5168
f 5695 55 54
f 6821 27 26
f 6249 57 56
f 5643 4488 5826
f 5679 4023 6046
f 6389 3968 5105
f 6378 5643 3898
f 6469 22 5873
f 5900 3894 3895
f 5007 4270 4888
f 5983 4113 5852
f 5299 4112 6049
f 6461 5474 3975
f 6439 5344 19
f 6731 3890 3891
f 5878 5223 4047
f 7387 5019 6953
f 6352 4268 7398
f 6080 6357 3885
f 5797 4971 7490
f 5638 4637 6439
f 6259 4191 6142
f 5908 3887 7490
f 6801 4186 5592
f 6916 4190 5828
f 6357 3883 3884
f 6915 4607 6505
f 6915 6505 4191
f 5008 4086 5665
f 7324 5379 6103
f 7340 4779 6992
f 6253 4452 5664
f 20 19 5344
f 6024 4779 6187
f 7273 4348 5018
f 6372 4511 5260
f 7333 5597 3879
f 6371 6024 10
f 6091 3892 5058
f 3879 5597 7273
f 7409 7306 4317
f 6858 5007 4888
f 6383 4097 5855
f 5385 4283 7022
f 5935 3946 4939
f 5826 3897 5643
f 5768 5158 6
f 6454 5341 3872
f 7561 4888 5313
f 5768 4427 5158
f 5855 4097 7101
f 4693 6378 5096
f 7521 5054 4361
f 6235 3871 3872
f 6241 3950 5173
f 6006 4 3
f 5328 7350 7351
f 7523 4042 5054
f 7456 7493 5424
f 4693 5159 5613
f 3871 5328 3870
f 5932 5112 29
f 7417 6423 2
f 6626 4764 5910
f 5586 3998 7367
f 5464 3988 5014
f 7417 2 1
f 6626 5910 3867
f 7083 6529 186
f 4841 7301 5867
f 7417 1 3866
f 5298 4001 6102
f 6335 4999 79
f 5403 3947 4857
f 3907 5530 6347
f 6082 6780 4754
f 6347 3906 3907
f 6652 4219 4999
f 7604 4203 5143
f 6335 79 78
f 5530 3907 3908
f 6205 82 81
f 5682 6641 7154
f 6998 4127 5581
f 6385 4558 6384
f 6913 4838 7327
f 6854 3911 3912
f 5136 4387 5548
f 4912 5307 4474
f 6096 3984 4885
f 5226 3912 3913
f 5548 4387 4983
f 5388 3914 3915
f 4983 6846 87
f 7494 4605 6375
f 6846 88 87
f 5337 4167 7553
f 6278 91 90
f 6052 3916 3917
f 5585 3984 6757
f 7425 4095 5163
f 6278 6540 91
f 5453 6364 3919
f 7291 4166 6809
f 5785 3965 4891
f 5767 4367 5264
f 6193 3922 6040
f 5264 4367 5718
f 6431 4418 6001
f 7460 6030 4242
f 6040 3922 3923
f 5339 97 6029
f 6040 4810 6193
f 6797 5339 4519
f 6640 4024 5354
f 7211 3978 5206
f 6323 4067 7147
f 5761 100 99
f 5515 4541 5934
f 5170 4291 5364
f 5090 5708 3928
f 5596 6970 7395
f 6576 5090 4284
f 4790 7450 5522
f 6936 4291 5363
f 6492 5447 107
f 7388 3930 3931
f 7161 5941 106
f 6576 4284 7559
f 5752 4076 4914
f 5447 6480 108
f 5577 7529 109
f 5410 4763 6324
f 6480 109 108
f 6844 5410 3932
f 5663 4763 6424
f 5663 112 111
f 6424 112 5663
f 6844 4763 5410
f 113 7416 114
f 3934 3935 114
f 6444 7604 5143
f 5281 4869 7330
f 6068 4605 5863
f 6278 4902 6540
f 5350 5797 3889
f 5564 4081 6442
f 5927 4947 5928
f 6122 6226 5073
f 5605 4638 6868
f 6267 4027 4878
f 3904 4943 3903
f 6113 6630 5209
f 7456 31 30
f 5236 3936 4954
f 6928 6279 4049
f 6073 84 83
f 4931 3951 5996
f 5648 4083 4922
f 5934 3924 3925
f 5761 4769 7084
f 7046 5362 5457
f 4900 3953 5466
f 6393 4532 7103
f 5295 4069 6571
f 5917 4107 7515
f 6660 4702 5343
f 6882 4861 6355
f 6090 6400 75
f 6815 4006 5251
f 5900 6309 3894
f 5329 3974 6741
f 6511 177 178
f 5624 4116 5830
f 7176 3943 7160
f 6397 5191 6396
f 4851 5425 5903
f 6619 7057 5939
f 6217 3941 5167
f 5549 4612 6339
f 7467 6734 4886
f 5931 6914 7178
f 6773 4169 5970
f 7172 4171 6248
f 6512 4124 5221
f 5546 6622 38
f 5242 4123 7276
f 5319 4055 6237
f 7303 4022 6137
f 5942 4044 5141
f 5787 4561 5383
f 7032 4898 5472
f 5345 5439 7098
f 6648 3962 5145
f 5851 4024 4892
f 5702 7586 5358
f 7324 3883 5379
f 6207 3900 3901
f 4468 6835 6241
f 5067 5977 4627
f 7024 5902 3962
f 5540 3966 7110
f 6886 4831 6013
f 5303 3967 5493
f 7412 7599 5473
f 5700 4570 5790
f 4269 5273 5617
f 5485 4298 5070
f 5661 3942 5556
f 6623 4092 5518
f 7394 3937 5291
f 6294 6779 4527
f 5778 5090 3929
f 6177 3972 5318
f 7475 4245 7200
f 6283 7 5158
f 6748 5997 3875
f 6507 4082 6635
f 5604 5928 7440
f 7157 4047 5078
f 5638 18 17
f 6685 4031 5148
f 7500 4329 4956
f 6627 4128 5763
f 6991 4751 5834
f 6029 96 5264
f 7551 4053 5355
f 4390 5831 4842
f 5013 6841 5966
f 7320 4065 6118
f 6863 4091 5533
f 6871 4356 5183
f 6165 5454 5865
f 5203 3982 5664
f 6663 4096 5511
f 6205 4602 7204
f 7319 4003 6544
f 5889 6757 5286
f 7211 5565 3978
f 6633 4550 5057
f 6254 3963 5081
f 6629 3986 5687
f 6690 4707 6459
f 6656 5297 7035
f 6900 6899 4304
f 7248 3988 6678
f 5992 4739 7261
f 6214 5583 3989
f 6517 4180 7344
f 7410 7411 6246
f 4824 6986 6161
f 6220 4748 5646
f 6145 4025 6738
f 5068 3992 6373
f 4472 6020 5332
f 4878 4027 5645
f 6754 4621 6943
f 7006 4299 5401
f 6206 3913 3914
f 6897 5840 3995
f 5270 7228 5885
f 6028 4136 7241
f 6939 4647 6937
f 6311 4965 5326
f 5441 6163 72
f 6654 3998 5586
f 5317 5318 4521
f 6916 6917 4941
f 6258 5638 17
f 5235 4136 5994
f 5265 3957 4953
f 5171 4001 6306
f 4746 6955 5554
f 6276 6188 4207
f 7531 4005 5168
f 5662 4860 5856
f 6794 4319 5144
f 7585 5123 6086
f 6305 4639 5354
f 6403 4005 5256
f 6987 4375 5571
f 5140 4006 6581
f 5111 5676 6292
f 6837 4079 5506
f 6262 5453 3920
f 5626 4036 7485
f 7463 4025 6559
f 5010 4175 5929
f 6343 4656 6039
f 7059 5193 5395
f 6772 4385 5809
f 6830 4011 6760
f 6114 61 60
f 5330 5306 7121
f 6265 175 176
f 5312 4515 6420
f 7511 3991 5926
f 4640 4961 5915
f 5507 5508 6838
f 5957 169 170
f 5083 3955 6134
f 7329 6097 4146
f 5475 4695 6930
f 7195 4017 6215
f 5816 4194 5517
f 7016 4018 7584
f 5550 5930 7131
f 5505 4019 7544
f 4964 6961 6477
f 4698 6474 5444
f 6987 4046 5602
f 7009 4282 6826
f 5737 7372 5626
f 5479 7538 5094
f 6876 5278 4017
f 6460 4270 7392
f 5998 4032 5106
f 7578 4126 6586
f 7507 5923 4218
f 7285 4272 5334
f 6630 6113 7136
f 6541 4949 6429
f 6263 6708 5780
f 5346 5645 6515
f 5211 4814 5039
f 6548 4631 5525
f 5885 4436 6229
f 5461 4063 6519
f 5266 6374 7262
f 6565 4071 5429
f 6569 4682 6291
f 6685 5719 4031
f 6999 4893 5621
f 6999 4165 4893
f 6280 3942 6605
f 7079 5003 5856
f 5966 4004 5198
f 6729 4034 5499
f 7273 5018 3878
f 4951 4635 6827
f 5342 4905 6907
f 5087 5188 4350
f 6443 4021 7186
f 4994 4037 6325
f 6373 3992 7528
f 7173 4829 7495
f 6458 4077 5960
f 49 5590 5089
f 6120 4853 5322
f 5335 5522 6344
f 7084 5596 101
f 4335 6606 4992
f 5159 5373 4052
f 7193 4275 4940
f 5328 4940 3870
f 7210 5593 4284
f 7428 3931 3932
f 6117 4137 7245
f 6785 4257 5249
f 6038 4252 6061
f 6110 5216 6093
f 5529 5538 4376
f 6147 4237 5127
f 5100 4047 5513
f 4975 21 20
f 5220 4048 4897
f 7112 4974 6804
f 6536 4797 5372
f 5023 4149 6222
f 7104 4310 5438
f 6982 4038 5352
f 5183 5631 4792
f 7150 4116 6598
f 5817 5085 4214
f 5826 4988 7548
f 5489 5490 4414
f 5037 6395 6577
f 6672 5405 6140
f 5449 4183 4885
f 5161 4055 6298
f 4334 5273 6078
f 5880 4056 5293
f 5767 95 94
f 7363 4213 6923
f 6187 12 11
f 5657 4058 6523
f 6776 4187 6176
f 6567 4059 5435
f 6814 6815 5251
f 5246 4060 6252
f 5610 4430 5081
f 6009 4099 5194
f 7287 5796 5498
f 6934 4062 5541
f 6719 4005 5216
f 6519 4546 5461
f 7092 4269 5274
f 7554 4064 6247
f 6340 7286 5432
f 5952 4406 7393
f 5904 4085 5144
f 6746 4355 7151
f 7470 5125 5537
f 4712 7147 5595
f 4991 3923 3924
f 6464 4068 6289
f 7355 4713 5584
f 5958 4798 5654
f 5580 3978 6578
f 7399 7430 5775
f 5636 3959 7074
f 7379 7573 6016
f 6594 4010 5165
f 6109 4072 5155
f 5921 4477 5535
f 6538 5696 6342
f 6920 3977 5764
f 6711 5300 4183
f 5921 4053 5850
f 5555 6590 5922
f 5746 4160 6589
f 5812 4957 4359
f 5364 6910 104
f 7513 4378 4915
f 5901 4090 5839
f 6574 4365 5686
f 6941 4576 5427
f 6556 4527 6295
f 5845 5189 3971
f 7091 5314 4513
f 6739 4093 5622
f 6617 4173 6288
f 5563 4025 4856
f 6742 4082 5811
f 5690 173 174
f 5805 4083 5648
f 5647 4833 6848
f 6202 4138 5311
f 5719 4344 5289
f 7596 4820 5905
f 5456 7095 6065
f 7356 4311 5702
f 7281 6197 4129
f 5203 5539 6820
f 6478 6925 5476
f 4807 7481 6142
f 5731 6700 5223
f 6792 5883 4089
f 7379 4478 6015
f 6273 6438 5901
f 6788 4111 6077
f 5819 4091 5302
f 5859 4111 6788
f 6098 4276 5296
f 6343 3948 5428
f 4871 4093 5680
f 4883 5998 4371
f 7404 5888 4094
f 6206 5226 3913
f 5388 4603 6033
f 5029 6052 3917
f 6730 4634 5498
f 6775 4100 5469
f 6132 4285 5341
f 5385 6748 3876
f 7432 5588 7433
f 6391 4181 6334
f 5559 5560 4422
f 7348 4138 6032
f 5732 4694 5480
f 5156 4096 5801
f 7354 4101 5796
f 6842 3982 5701
f 6393 4102 5399
f 7086 4151 6385
f 5131 4103 5944
f 5933 4231 4972
f 5347 4394 5824
f 6409 4288 7109
f 5272 4105 6379
f 6477 5745 6228
f 5114 5713 4666
f 5334 4272 5849
f 6964 4107 5917
f 5771 4182 7138
f 5450 4108 6044
f 6553 4031 5289
f 5187 4109 5894
f 7093 5070 6921
f 70 69 5073
f 5884 4111 5859
f 4436 7228 5884
f 5041 4424 5839
f 4963 6049 6904
f 7462 4526 5240
f 5983 5678 4113
f 6731 3891 6091
f 4618 6275 5734
f 6307 4911 5532
f 5750 4474 6167
f 5750 3910 6072
f 5624 4936 4116
f 6282 5573 5052
f 7129 4221 5095
f 4687 5399 6493
f 7135 4118 5715
f 7081 4736 5113
f 6524 6336 4119
f 5833 5864 4537
f 5488 4120 5798
f 7339 4303 5876
f 6532 4424 5838
f 6339 66 65
f 5615 4122 7280
f 6703 4927 6127
f 7004 6154 4123
f 5849 7215 6803
f 5459 4124 5877
f 5074 179 180
f 6004 4125 5509
f 6961 4588 5947
f 6160 4223 5976
f 6455 5291 5423
f 6698 4602 6205
f 6027 6898 4840
f 7539 4386 5764
f 7019 4095 6033
f 6861 4348 5598
f 7221 3881 3882
f 5842 4680 5120
f 7230 4659 6496
f 6275 4131 5857
f 6483 3987 6530
f 5862 4586 5263
f 5652 4762 6632
f 5207 4133 5853
f 6426 4291 5170
f 7381 4134 4995
f 6756 4003 6316
f 7588 4135 5039
f 7233 5590 48
f 5994 4481 7452
f 5745 3996 6496
f 5668 6534 4951
f 5759 5129 4044
f 5467 4306 5004
f 7206 3946 5935
f 4876 7471 5631
f 6088 4445 6422
f 5400 5346 4140
f 5200 4300 6762
f 5758 4803 5060
f 6670 6857 4718
f 7442 4142 6066
f 6355 3949 6354
f 5501 4307 6232
f 5194 4435 6009
f 4431 6274 5990
f 7106 5558 7105
f 5055 4145 6322
f 5740 7067 6226
f 83 6074 6073
f 6898 4775 5514
f 6358 4147 5437
f 7160 3943 5627
f 7068 4148 5769
f 6694 4248 5108
f 5950 4149 5023
f 6245 3979 5065
f 7122 4462 6164
f 5869 4358 4860
f 6657 4151 7086
f 7583 6135 4218
f 5484 4196 6429
f 4753 5044 7136
f 7018 4153 5953
f 6435 4003 6756
f 5152 6264 6533
f 7385 6093 7384
f 59 6012 7037
f 5714 161 162
f 5451 5749 4887
f 5699 6333 4696
f 6832 4157 5507
f 5575 190 6868
f 7537 4158 6808
f 6139 4235 7252
f 6144 4404 5882
f 5157 5357 168
f 6589 4160 5239
f 7610 4072 5490
f 6196 4161 6079
f 7482 4567 6514
f 6866 5858 6026
f 4878 4567 5606
f 6646 5844 6978
f 7434 4338 5514
f 5808 4164 6438
f 5960 4077 7513
f 5651 4165 6201
f 5669 4341 4893
f 89 6952 7516
f 5488 4835 4120
f 6624 4167 5337
f 5823 3966 7396
f 6015 4168 7572
f 6806 4125 6004
f 6555 4657 6218
f 6838 3989 6281
f 7157 5078 4802
f 4502 6396 4900
f 4976 6248 7342
f 5361 6291 4682
f 4924 4172 6181
f 4922 4083 5536
f 5026 6584 7044
f 6286 4241 7070
f 6370 4174 5868
f 7488 4370 5988
f 7073 4175 6945
f 6039 4655 5774
f 6425 4176 5414
f 7461 5835 4476
f 7156 4177 6250
f 6740 4122 7128
f 7032 4178 5925
f 6634 5059 6761
f 5897 4875 5181
f 6673 4566 6654
f 6189 6597 5047
f 6517 5265 4953
f 6334 4812 6391
f 5333 7076 5756
f 6260 4755 6621
f 6449 3964 5254
f 5836 4569 5145
f 6661 4056 5963
f 6831 4966 5721
f 6331 7079 5123
f 7015 4185 5209
f 5887 4856 5184
f 5592 4186 6509
f 6143 4495 6080
f 6954 6955 4746
f 5657 6667 5257
f 6800 4188 5672
f 5945 4529 5536
f 6170 4189 6890
f 6131 6218 4657
f 5828 4749 6916
f 6829 7008 4694
f 6142 4191 6717
f 6491 14 6470
f 5234 4192 6534
f 6826 4282 5370
f 4615 6593 5919
f 5843 4819 5844
f 4698 5813 6473
f 7552 4377 5517
f 7065 4232 5098
f 5361 4136 6028
f 7358 4196 6536
f 6501 5470 5483
f 6774 6862 5021
f 5186 6730 5974
f 7202 4266 5309
f 5799 4399 5800
f 5039 4199 5211
f 5503 7364 42
f 7248 6679 5014
f 5700 6971 5002
f 6321 4201 7469
f 7153 4115 5343
f 54 6467 5695
f 5166 4189 6131
f 5143 4203 5381
f 6988 3904 3905
f 6782 6336 4493
f 6956 4404 6144
f 6226 4593 5740
f 5279 7380 5028
f 6309 4726 7249
f 7111 5261 5779
f 6752 4207 6188
f 7249 4206 5641
f 5146 4374 4947
f 7294 4825 6986
f 5964 5103 4209
f 5519 4316 4897
f 6064 4210 5160
f 6271 4471 5160
f 7316 4211 6549
f 6381 4836 7171
f 6364 4596 6363
f 6251 3977 5675
f 6923 4213 5725
f 7524 4544 4997
f 4980 6276 5683
f 5169 6058 6864
f 7294 4215 6499
f 6500 4209 5068
f 5243 4599 5121
f 7261 6185 36
f 6163 4590 6448
f 5635 3997 5709
f 5052 5550 6135
f 6590 4583 5417
f 5409 4219 6652
f 4999 7054 79
f 5789 4220 5105
f 4498 6389 5105
f 5807 5937 7129
f 5721 4184 6831
f 51 6770 6062
f 6958 5280 6106
f 6764 5020 5117
f 6244 7441 4828
f 6881 4662 6198
f 4923 3970 5422
f 5204 4225 6105
f 5545 3993 6513
f 6255 4226 5056
f 5549 65 64
f 4515 5766 7253
f 5242 4758 5115
f 6947 6949 4858
f 6299 4479 6300
f 7042 4327 5586
f 5208 4055 5319
f 7147 5570 6323
f 5959 4128 5150
f 6320 4231 4973
f 5377 6257 4972
f 6434 4485 5149
f 5429 4071 7573
f 7322 5178 4233
f 6296 4298 5394
f 6851 4997 4234
f 5480 3975 5732
f 4503 5743 5101
f 7033 3966 5540
f 5543 4236 7011
f 6446 4230 6332
f 5940 4302 4998
f 5267 4960 4194
f 7526 4850 5639
f 7526 5639 6535
f 6560 4239 5205
f 6891 4161 5071
f 5071 4533 5382
f 6463 4228 5161
f 6200 4852 7070
f 7044 4173 6617
f 5206 4242 6233
f 5339 98 97
f 4597 6745 5197
f 7441 4734 6456
f 5212 4244 7177
f 5948 4411 5023
f 6285 4245 7512
f 5737 4233 5179
f 7466 4791 7492
f 7128 4122 5615
f 6145 4369 5305
f 7302 4158 7537
f 7003 4598 6585
f 7424 4623 6624
f 5165 7072 6778
f 7465 4649 5871
f 6199 4677 5360
f 6346 4497 6642
f 5684 4395 5139
f 7473 177 6511
f 6399 4719 6038
f 6785 5576 4257
f 5324 4253 5217
f 7373 4062 5255
f 5784 4254 5167
f 7531 7384 4005
f 6450 5254 4255
f 5487 4058 5534
f 6208 4256 5111
f 6038 4930 6399
f 6790 4257 5576
f 6814 4258 6410
f 7562 4641 6895
f 5610 4422 5561
f 5062 6889 5061
f 5288 6952 88
f 4056 5471 5287
f 6757 4903 5585
f 6021 4261 5192
f 6201 4165 5097
f 6417 4464 5155
f 6304 4463 5154
f 6263 4433 6708
f 6113 4954 3936
f 4579 5867 5075
f 6840 7597 184
f 7010 4265 5431
f 5431 4079 7012
f 4721 7202 5309
f 6723 4009 5348
f 5456 4267 5175
f 6436 4523 5284
f 6008 4268 5310
f 6032 4613 6551
f 6706 4269 7092
f 5275 6732 5274
f 6573 4270 5100
f 4888 24 6858
f 5238 4271 7587
f 6821 26 5313
f 7216 4786 5849
f 7621 4081 5564
f 7013 4665 5663
f 6069 4284 5090
f 6743 4274 5331
f 5607 4478 6017
f 6006 4764 4918
f 7459 3869 3870
f 4539 7555 6098
f 5657 4970 6776
f 5775 4277 5317
f 6376 6239 7156
f 7375 5411 4278
f 6812 3967 5303
f 7309 4279 7085
f 5514 3983 6898
f 4880 5231 7374
f 7045 6129 4119
f 6063 4531 5551
f 5220 4897 5219
f 6827 6826 5370
f 5980 4408 5050
f 7579 5018 4283
f 5918 4405 6862
f 7243 4325 5595
f 7532 4541 5515
f 7101 4684 5855
f 4940 4275 5244
f 6116 5054 4286
f 5054 5104 4286
f 6565 6043 5396
f 6875 4824 6161
f 5497 4288 5277
f 7110 5814 6649
f 6215 4356 7400
f 5874 3936 6721
f 4857 4290 5403
f 7305 4687 6841
f 4076 6699 5363
f 5364 103 5170
f 5151 7477 7199
f 4986 6823 6884
f 5063 5062 4293
f 5962 5336 4431
f 6793 4642 5433
f 7029 4661 6662
f 5505 4295 7443
f 6459 6962 6690
f 5291 4296 5423
f 5600 4330 5746
f 7503 5376 4297
f 5356 4476 5836
f 6498 5050 4408
f 6296 5042 7485
f 5309 4568 5951
f 7041 4636 6668
f 6622 4715 6762
f 6732 4762 5274
f 7141 4301 5443
f 5442 4302 4936
f 4968 4998 7255
f 5949 4662 5258
f 5448 4303 7137
f 7242 3984 5585
f 3901 6048 6207
f 6859 4339 5553
f 6046 4305 4871
f 5620 4340 7581
f 6461 4306 5791
f 6432 4613 6032
f 6232 4307 7383
f 7310 4345 5649
f 5765 4308 6055
f 4978 6186 6935
f 5691 4626 6813
f 7315 4660 6496
f 5438 4310 4925
f 4884 4426 5968
f 6567 4467 6213
f 7000 4258 6895
f 7060 4312 4924
f 6856 4757 5766
f 5970 4313 5870
f 6868 190 191
f 5304 4314 5489
f 4160 6158 4862
f 7287 4315 6639
f 6036 5043 6861
f 6270 5222 6353
f 6805 4622 4974
f 7522 4317 6602
f 7409 4511 5215
f 7497 5462 5483
f 6418 4447 5407
f 4754 7377 5557
f 7439 4412 5904
f 5461 4320 7617
f 5961 7092 5464
f 7335 4321 4856
f 6737 4619 5563
f 6211 4322 5447
f 7014 4273 6324
f 6579 4323 5580
f 5482 6614 7455
f 5793 4914 4324
f 5516 5363 7208
f 5189 4712 5594
f 7559 5092 6576
f 7464 4326 5590
f 4873 6959 6960
f 5006 7042 5586
f 6943 5005 6754
f 5344 4637 6647
f 5480 7429 6595
f 4899 4329 5578
f 5878 4047 5100
f 6150 4881 5600
f 5599 4559 5785
f 6094 7149 5502
f 7132 41 6380
f 6711 4332 6302
f 6225 4589 5420
f 6359 4546 6518
f 6280 4724 5615
f 5893 4334 6078
f 6732 4140 6632
f 6899 4916 4992
f 5465 3903 4943
f 5960 4336 5920
f 6510 4425 6789
f 6769 5035 7235
f 5413 4282 7009
f 6869 4977 5629
f 4820 7085 5905
f 5351 4746 7139
f 5554 4969 5553
f 7581 4340 5622
f 7205 5739 5097
f 4893 4341 5633
f 5632 4692 6128
f 4877 4342 5526
f 5644 4878 5645
f 5381 4343 5143
f 4867 4041 5477
f 5387 4344 4942
f 7383 4307 5289
f 6044 4345 7310
f 4894 4165 5651
f 4816 7268 5572
f 6907 4376 5744
f 4832 4347 5647
f 7094 4381 5805
f 7332 4348 5597
f 5018 7579 3878
f 5692 4349 6610
f 5660 6236 5716
f 4927 5087 4008
f 7372 5179 4036
f 6394 4906 5380
f 6357 3884 3885
f 4946 4352 5422
f 6945 4656 6343
f 7027 5705 4353
f 7533 4907 6932
f 3908 6912 5530
f 7266 6836 4001
f 7493 5112 5436
f 6746 4428 5677
f 4752 6871 5183
f 6215 4017 4876
f 4966 4357 5721
f 7123 4720 7122
f 4860 4358 5723
f 6764 4483 6657
f 7447 4793 5752
f 5793 4324 5294
f 6034 4360 7145
f 5262 4562 5791
f 5726 4788 6712
f 6301 5260 7409
f 6682 4362 5491
f 5730 4363 5174
f 7590 4363 5697
f 6031 7577 4771
f 5224 5733 5731
f 6071 4329 5667
f 5982 4365 6124
f 6377 4180 6517
f 4068 6419 5582
f 5982 5137 4365
f 5718 4419 5264
f 5406 93 6433
f 6506 4535 5418
f 7217 4280 7357
f 7530 4369 7155
f 5108 4248 6407
f 7127 4174 6053
f 6065 4065 5456
f 6739 4883 4371
f 5105 3968 5790
f 5747 4372 5299
f 5360 7099 6834
f 6820 4373 5203
f 5362 4448 6047
f 7408 4374 5146
f 5397 4030 5292
f 5783 5571 4375
f 6264 4376 5538
f 5744 4376 5152
f 5538 4437 5134
f 7323 4377 5823
f 5822 7144 5517
f 5301 4378 5352
f 5493 3967 7108
f 5868 4174 7127
f 5352 4378 5494
f 7426 4837 6763
f 4023 7519 6046
f 5806 4381 5478
f 6736 4622 5945
f 101 5596 102
f 4767 6614 5271
f 5709 4383 6646
f 7349 4965 6554
f 4312 5391 5392
f 7431 4229 5208
f 6587 4385 4889
f 6957 4649 5340
f 6920 4386 4919
f 6001 4418 4859
f 6019 4387 6913
f 7119 85 6073
f 21 4975 5873
f 5878 5100 5879
f 5528 5082 4389
f 7392 4928 6460
f 6087 4863 5829
f 7219 7150 4717
f 6940 5711 5712
f 6068 6375 4605
f 5890 4392 5527
f 7423 4393 5964
f 6765 5103 5821
f 5820 5848 4826
f 5825 4394 4876
f 5824 4697 5347
f 7256 4395 5684
f 7602 175 6265
f 5182 6639 3982
f 6290 4496 6925
f 6833 4397 5754
f 5756 5854 4642
f 5816 4398 5267
f 5936 4237 4968
f 7180 4399 7371
f 5800 5154 5799
f 5404 4857 6783
f 7448 4683 7105
f 5173 4401 5787
f 5899 5218 5324
f 5685 6649 5813
f 5814 4959 5815
f 5987 5027 4403
f 5861 5965 4854
f 4880 4404 5881
f 6675 3974 5871
f 6484 4405 5172
f 7022 4700 5385
f 4967 4406 5953
f 6544 4003 5283
f 7201 5562 5965
f 5372 6279 4407
f 5601 4834 5980
f 6490 4643 5979
f 6932 4907 6792
f 7435 5809 4385
f 5016 6791 7125
f 5973 5022 5985
f 4797 6025 5948
f 4318 5462 5706
f 5905 4412 7596
f 7377 4319 5557
f 7240 5196 6648
f 5145 4569 6676
f 5489 4414 5190
f 5841 4737 5715
f 5772 4415 7605
f 6498 3969 5650
f 5956 4416 5348
f 5422 3970 4946
f 7386 5991 5992
f 4417 7271 5847
f 5118 5999 6000
f 6111 4736 7082
f 95 5264 96
f 6661 5471 4056
f 5922 5116 4420
f 7583 4558 5656
f 5518 4946 4421
f 5445 4302 5940
f 5250 7000 5524
f 6879 4475 6011
f 7576 4423 6004
f 6937 4012 6939
f 7613 4624 5839
f 5041 6510 4668
f 5753 4962 4425
f 5860 4701 5859
f 7175 4884 5968
f 6671 4244 5212
f 6602 4427 5259
f 6356 4 6006
f 6973 4428 5666
f 5002 5681 6349
f 7051 5136 5500
f 6074 82 6205
f 7387 4460 5081
f 5561 5560 4099
f 5962 4431 5989
f 7564 3947 5403
f 5973 6791 5801
f 5803 4613 5802
f 6701 4981 5925
f 7015 6707 4185
f 7071 4434 5307
f 6660 6669 7154
f 6475 6879 5194
f 6034 5625 4360
f 6229 4436 5533
f 5270 6644 6825
f 7224 4719 6399
f 6092 4438 5134
f 5971 4438 7385
f 6110 4253 5216
f 6107 5187 4439
f 5894 4691 5716
f 7246 4817 5942
f 5942 5141 5943
f 6552 4441 5576
f 6136 5252 6790
f 4944 4442 5741
f 5630 61 6114
f 6905 4443 5497
f 5101 4235 6139
f 3931 5237 7388
f 4273 7014 7229
f 6422 4445 6087
f 6666 6088 4831
f 6164 6165 5866
f 5060 4141 6099
f 6014 4447 5093
f 5454 4462 5407
f 5327 4989 4448
f 5974 4410 5186
f 6842 5457 4449
f 7354 5727 4101
f 7163 4450 6100
f 7192 4018 7016
f 6284 6802 5239
f 7551 5355 5376
f 5378 5008 6018
f 6253 3982 6639
f 6611 4453 5140
f 6042 6552 5576
f 7495 4454 6066
f 7458 4780 5283
f 6995 4455 5510
f 5967 4426 5212
f 6022 4456 6021
f 3976 5386 5387
f 6120 4457 7164
f 4362 5280 5542
f 6083 4458 5336
f 7189 3983 7376
f 5359 4459 5481
f 6169 6561 5076
f 5804 5358 4460
f 5081 4430 5792
f 7366 5440 6095
f 5637 44 7364
f 7123 7122 6164
f 4051 6909 6013
f 6158 4463 4862
f 6304 4262 5155
f 5155 4464 6109
f 5977 5034 4094
f 7209 4465 5374
f 6222 5486 5316
f 6238 4466 6177
f 6237 6300 4932
f 6977 4575 6213
f 6213 4059 6567
f 6850 4468 6208
f 6834 4250 5241
f 6696 4469 5888
f 3994 6312 4935
f 5373 4686 6056
f 6859 5553 6057
f 5222 4471 5068
f 5160 4531 6064
f 6020 4473 5031
f 7445 5332 4908
f 5102 4473 6269
f 6272 5031 4473
f 3911 4912 6072
f 6167 4115 5531
f 7187 4475 5559
f 6980 3976 6034
f 7461 4476 5837
f 5356 4297 5355
f 7314 5414 6209
f 6390 7034 5535
f 6016 4996 4478
f 6017 5329 5607
f 6300 4479 4932
f 5616 4334 5024
f 6462 4480 5208
f 7518 4858 7133
f 4931 4481 5995
f 5509 4125 6231
f 6314 4482 5163
f 6312 5032 6313
f 7606 5065 6051
f 6100 4450 5276
f 5531 6308 6307
f 7056 4114 4904
f 6325 4485 6434
f 6326 7250 5659
f 6315 4486 6331
f 6316 7319 6525
f 7258 4487 6140
f 6931 4431 5990
f 6950 5458 7478
f 7548 3895 3896
f 5293 5287 4489
f 5286 3984 6096
f 5447 4490 6211
f 6492 106 5941
f 5133 5963 6233
f 4332 5038 5608
f 7070 5552 6286
f 6288 4710 7057
f 6524 4493 6336
f 6471 4799 6486
f 5356 5902 7608
f 5640 7578 6586
f 7257 5908 4821
f 7064 4351 6103
f 6615 4496 5592
f 7418 4821 5908
f 5218 4497 6041
f 5241 4250 6346
f 6388 4498 5105
f 7535 5015 5537
f 6190 4499 5181
f 6709 4180 5427
f 7407 4833 7410
f 6246 4872 6248
f 7060 4924 6180
f 6181 6848 5084
f 5886 4502 4900
f 5192 4261 6397
f 5108 4503 6406
f 5742 4035 6445
f 5191 4504 5739
f 5148 4031 4895
f 6054 4505 5609
f 6258 15 4945
f 5167 4506 6217
f 5168 4005 6403
f 5254 6402 6401
f 6919 4187 6776
f 6404 5487 4508
f 5534 4506 5623
f 5185 4799 7298
f 6162 5892 5083
f 7504 4510 6077
f 6789 4425 5859
f 8 5215 6371
f 5828 4929 4749
f 6412 4512 5252
f 6011 4475 7187
f 7151 4355 7493
f 7091 27 5314
f 7412 4514 6458
f 6535 4238 7526
f 4832 5312 4013
f 4312 5392 5694
f 4799 5185 5628
f 7620 4678 5603
f 6609 4517 5285
f 6540 92 91
f 5253 4518 5570
f 6447 5118 4518
f 6030 4519 5339
f 5853 4769 5761
f 5435 4520 5702
f 6816 4256 5383
f 5317 4521 6155
f 7492 4246 7063
f 6367 5175 4522
f 6365 5284 6366
f 6613 4523 4995
f 5284 4267 6436
f 5254 4524 6449
f 5817 4214 7487
f 6860 5541 4525
f 6865 4255 5256
f 6415 4526 5523
f 6149 5085 6466
f 6575 4798 6294
f 6556 5715 4118
f 6132 4528 6383
f 6454 3874 5997
f 5946 6751 4529
f 7411 3990 6246
f 5944 4530 5536
f 5377 4231 6320
f 7472 4531 5220
f 4210 6271 5160
f 5095 4532 6085
f 5723 4358 5088
f 7207 5382 6440
f 6441 5730 5174
f 6830 4553 6487
f 6782 4493 6337
f 172 5419 7600
f 172 173 5419
f 179 5074 5655
f 6686 4587 6348
f 163 5233 6681
f 5832 4534 6487
f 6262 4538 5453
f 6431 6001 7080
f 5127 4539 6520
f 6521 5126 6522
f 5296 4540 6141
f 5460 4705 7020
f 6332 4541 7134
f 3925 3926 5515
f 7294 4542 6373
f 6500 5068 4542
f 6547 6223 4543
f 5526 4342 5400
f 6917 4749 7313
f 6845 5802 6204
f 5452 4545 6549
f 6291 4000 6569
f 5107 5692 4063
f 6518 5614 6359
f 6561 4547 5076
f 5205 4549 6419
f 5907 4548 5132
f 6214 4366 5583
f 6464 6735 4068
f 5322 4853 7179
f 6091 5058 5641
f 6633 4113 6125
f 6126 4551 5678
f 3889 3890 5350
f 7034 4552 5535
f 5837 4053 5535
f 4119 5832 5833
f 4534 6486 6487
f 5294 5335 4265
f 5482 4323 5064
f 6345 5064 6577
f 6578 6225 5420
f 6425 4556 6395
f 6294 4527 5506
f 7155 4557 5479
f 7220 3954 7002
f 7454 5656 6385
f 6386 5923 5147
f 7272 4559 5599
f 7514 4751 5799
f 6191 6479 4499
f 6247 4500 6248
f 5786 4930 6427
f 6061 5140 4561
f 5467 5791 4306
f 5578 4329 5474
f 6810 4563 5302
f 6066 4454 7231
f 7288 4564 6391
f 6629 5687 5137
f 6362 4565 5204
f 6891 6079 4161
f 5204 4566 6653
f 6654 5072 6948
f 7482 6513 4567
f 7589 4814 5211
f 5408 5951 6539
f 5428 4742 6343
f 5608 5038 6677
f 6933 5449 4413
f 5680 4570 6349
f 5790 3968 5700
f 6124 4688 5982
f 6124 4365 6574
f 5346 4572 6516
f 7326 5176 6023
f 6566 4573 5429
f 6503 5397 6043
f 6901 4574 6702
f 5521 4316 6568
f 6050 4582 4963
f 6835 4644 6637
f 5687 4576 5686
f 7344 4560 7343
f 6852 5854 4577
f 6941 5686 4576
f 6776 4578 5657
f 5297 4276 6667
f 6166 5272 4579
f 5735 4660 6781
f 6924 6478 6867
f 6588 6212 4467
f 6183 4581 5359
f 6106 5280 4362
f 6787 5983 4582
f 4582 5852 5299
f 6997 4583 5555
f 7542 5834 4559
f 5306 4584 6744
f 4082 5688 5811
f 6741 4585 6874
f 6635 4870 6507
f 6151 4586 6185
f 5862 4715 5546
f 6939 4587 6081
f 6720 5248 4536
f 5877 4588 5459
f 6813 4626 5707
f 4552 5674 6115
f 7017 7264 5420
f 71 5441 72
f 7026 6638 5315
f 70 6178 71
f 6328 5028 6327
f 5315 4592 6645
f 6638 6076 7504
f 67 6452 68
f 7067 4778 5279
f 5295 4594 6753
f 6571 6395 5654
f 6837 4595 5543
f 7031 6447 5253
f 6363 4596 5150
f 5453 4538 5959
f 5405 4597 6759
f 6758 5013 5966
f 6715 4598 5668
f 5234 7002 7069
f 7087 5717 6678
f 7415 4066 6974
f 5103 6765 6766
f 6849 4316 5519
f 7120 4601 5396
f 6778 5228 6777
f 5124 6697 6175
f 6697 7204 4602
f 3916 6052 6421
f 6319 5030 7019
f 7425 4604 6033
f 7469 4912 6854
f 5863 4605 6314
f 5993 5888 4469
f 7570 5760 6664
f 6927 4609 5725
f 12 5201 13
f 6505 4941 6717
f 6787 5592 4608
f 6509 6126 5678
f 6665 5511 6927
f 5511 6883 4609
f 6978 4610 6646
f 6645 4592 5635
f 4708 5470 5872
f 6501 5484 4611
f 6718 4612 5549
f 6322 4593 5367
f 5004 6432 6032
f 5802 4432 5803
f 6595 4614 5480
f 7174 4306 5468
f 6882 4615 5819
f 6819 4648 6229
f 5302 6863 6811
f 6596 4436 5884
f 5734 4617 5682
f 6102 4756 5298
f 7056 4618 5734
f 5696 5774 4618
f 4709 5619 6442
f 5769 4369 5033
f 5849 4620 5334
f 6803 4673 6584
f 7360 4874 5268
f 6650 5588 6755
f 4974 4622 6804
f 5946 4529 5945
f 5743 5742 4623
f 5572 4346 5180
f 7607 6273 6599
f 7613 4424 6532
f 6814 5676 4625
f 6581 4561 5140
f 5074 5691 4309
f 6767 182 5512
f 5711 6251 4391
f 5675 4464 5067
f 7162 4628 5890
f 6608 4826 5848
f 6489 4629 5598
f 6926 5499 6036
f 6488 4630 5515
f 5092 4067 5777
f 74 5077 6090
f 6683 4610 5525
f 77 6369 78
f 7558 4819 5409
f 6940 4633 5711
f 6627 5763 7539
f 5172 4634 6728
f 5499 4315 5498
f 7269 4951 6827
f 7186 4855 6443
f 5896 7041 6668
f 5401 4299 5320
f 7550 4637 6054
f 4328 4975 5344
f 6133 4638 5870
f 5642 4707 5575
f 5354 4639 6640
f 7578 4828 7441
f 4801 5695 6182
f 54 53 6467
f 6893 5246 6894
f 6895 4987 7000
f 5433 4642 6852
f 7520 4078 6941
f 6261 4643 6443
f 5979 4408 6490
f 6240 4575 6835
f 7099 4677 5523
f 6531 4645 6221
f 6528 6170 6890
f 6011 6877 6879
f 6171 5290 4344
f 6002 7483 6938
f 6939 6348 4587
f 6819 5919 4648
f 4193 5326 6983
f 5871 4649 6675
f 6957 5883 6956
f 6580 4650 6333
f 7501 5115 6502
f 6708 4651 5780
f 6428 4664 5699
f 5117 4652 6493
f 5976 4733 6456
f 6679 5243 6975
f 6974 5677 6973
f 6969 4654 5956
f 6135 4921 7584
f 6538 5428 3948
f 6035 4705 5875
f 5010 6338 4175
f 6007 4655 6039
f 196 6221 5909
f 6218 4882 5907
f 6485 4658 5605
f 4169 5132 5970
f 6662 5195 4105
f 6228 7241 6476
f 7048 4660 7315
f 7315 3996 5947
f 6662 4661 5195
f 6823 4986 5689
f 7289 4662 5573
f 6881 4923 4224
f 5672 4663 6800
f 6428 4696 7089
f 6749 4664 5749
f 6527 4106 5699
f 6659 4665 5577
f 6324 4763 5663
f 5806 5478 6557
f 7501 4227 5115
f 165 5795 6727
f 5703 4119 6129
f 6075 4668 6788
f 5840 4424 5041
f 5063 6224 6616
f 6351 4902 6278
f 160 5729 159
f 6173 4910 7612
f 7011 4671 5543
f 6753 4594 5431
f 6771 4672 7072
f 7116 4089 6957
f 5658 4673 6803
f 7474 5626 5782
f 6906 5671 4674
f 4167 5180 5342
f 5589 4675 6990
f 6106 4362 5053
f 5323 5636 4321
f 7275 4758 5698
f 6168 4677 6199
f 7100 6415 5523
f 5838 4678 6896
f 6726 4778 5603
f 6649 4679 7110
f 7251 4732 5540
f 5120 4680 6839
f 5842 4626 5512
f 5086 5236 4247
f 7463 4856 4025
f 5890 5527 6569
f 7346 4481 5994
f 5566 4683 7448
f 5557 4319 7106
f 5398 4684 6774
f 4286 4849 5855
f 5824 6472 4104
f 5278 4288 6409
f 6010 4686 6266
f 4041 5351 6060
f 6963 5399 4687
f 6841 4004 5966
f 3989 5583 6123
f 5584 4181 5982
f 5507 4689 6832
f 6281 4571 5333
f 7452 4690 5235
f 7576 6003 4423
f 5716 4691 5661
f 7322 4233 5188
f 5773 4692 7093
f 4109 5187 6128
f 6378 4693 5643
f 7478 4052 6950
f 7557 4694 5732
f 7481 4901 6142
f 5990 4695 6931
f 6360 4683 5566
f 6428 5699 4696
f 7090 6502 6993
f 7476 5347 7140
f 7142 4698 5444
f 7141 5738 7142
f 6473 4402 5815
f 5363 4699 6936
f 7161 106 105
f 4917 5390 4283
f 5997 3874 3875
f 6812 7336 5860
f 7336 5533 6596
f 6308 7153 4484
f 6668 4434 5896
f 3909 5750 6912
f 4474 5895 6167
f 6583 4704 5917
f 6141 4540 5210
f 5875 4705 6482
f 7020 5210 5460
f 5348 4706 6723
f 4175 6872 6945
f 5574 4707 5642
f 6962 5389 187
f 5470 4708 5724
f 6761 5059 4263
f 6628 5026 6618
f 7058 3954 7220
f 6617 6288 7057
f 6288 4492 6287
f 7226 4711 5891
f 6384 3937 5891
f 5594 4712 7148
f 6323 4518 6446
f 5584 4713 6334
f 7419 3956 5369
f 6769 4714 5501
f 7235 5601 7236
f 37 5546 38
f 7334 5200 6762
f 5539 6824 6924
f 5665 4086 6290
f 5831 4717 6282
f 7150 6598 7289
f 6670 4718 5830
f 5443 4301 5624
f 7224 5308 7239
f 7239 5943 4719
f 7123 5627 4720
f 6222 4465 5023
f 7203 4721 5309
f 4198 4993 5430
f 7351 4722 7193
f 7194 5245 7193
f 6768 4723 6740
f 6250 4177 5893
f 5615 4724 7128
f 7475 5153 5188
f 7328 4725 7280
f 7546 4333 5615
f 7249 4726 6350
f 5900 3895 7548
f 5798 4727 5488
f 5876 4885 3984
f 4979 5693 4120
f 7259 5448 4728
f 6310 4729 6928
f 4147 6358 5748
f 6806 6885 4125
f 6081 6687 7167
f 6476 4731 6228
f 6508 4730 5459
f 5497 4732 7251
f 7396 4809 5823
f 7226 5891 7198
f 3937 5116 5291
f 6918 4734 6244
f 4733 6455 6456
f 7311 4735 6553
f 6044 5050 4345
f 5567 5113 4736
f 5762 4386 7082
f 6497 4919 7135
f 5715 4414 5841
f 5169 4738 6950
f 7534 4002 5261
f 34 5992 7261
f 7260 5847 6929
f 5986 4740 6533
f 7300 5784 7299
f 7614 4741 5745
f 6549 4545 6028
f 6724 4742 5428
f 4706 6722 7073
f 7166 4743 5850
f 6802 5304 4743
f 7178 4744 5931
f 6079 7164 6196
f 6922 3972 7263
f 7263 6177 6376
f 5351 4867 7138
f 6955 4866 6176
f 7344 4747 6517
f 7343 4976 7342
f 7427 4748 5648
f 6220 4666 5478
f 7340 5066 5828
f 7313 4609 6414
f 5571 4750 6987
f 5822 4377 5671
f 7514 5834 4751
f 7370 5368 7371
f 6870 4752 5183
f 7234 4753 5911
f 7368 4753 5874
f 5724 4708 5044
f 6082 4754 5557
f 7377 5421 4319
f 4705 6481 6482
f 6483 4866 6620
f 4617 5857 6102
f 4755 6620 6621
f 5766 4757 7005
f 6155 4521 6965
f 5115 4758 7275
f 4123 5225 5504
f 5212 4759 6604
f 7043 4465 5316
f 6194 4760 5937
f 4995 4523 6435
f 5862 5263 4132
f 7248 4599 6679
f 6632 5051 5652
f 7087 3988 5274
f 5237 5410 4273
f 3933 3934 5906
f 3868 5244 6626
f 6329 5245 4427
f 6526 4765 6037
f 5939 4710 7058
f 6796 4766 6795
f 5729 160 7225
f 5673 7391 7390
f 7455 4323 5482
f 5580 4768 7420
f 7421 5579 4768
f 5673 4769 5853
f 7084 101 100
f 4629 6489 6625
f 6197 4452 6253
f 7486 4771 5653
f 6031 5049 4039
f 7399 4772 7430
f 6462 5006 7367
f 6437 4773 7403
f 5558 4319 6794
f 7270 5473 6368
f 7025 5808 4774
f 5124 5581 4127
f 7434 5514 4775
f 6130 4776 7204
f 6074 83 82
f 5755 4777 5754
f 4295 6459 5574
f 5603 4778 5740
f 5279 5028 4205
f 6104 6976 4190
f 11 10 6024
f 5952 4780 7457
f 7393 4934 6544
f 3881 6174 3880
f 7541 5598 7332
f 5938 4782 6194
f 6930 4695 5566
f 6564 4783 5565
f 7345 6115 4589
f 6227 4784 7482
f 7480 6440 5545
f 7300 5986 6570
f 5971 5134 4438
f 7216 5225 4786
f 7215 4927 4008
f 6119 4952 7218
f 5953 4406 5952
f 5365 6712 4057
f 5726 3973 5384
f 6430 4789 6005
f 4370 5510 5988
f 4914 5516 4324
f 7450 5271 4040
f 6153 4791 6154
f 6922 4723 5955
f 7237 4792 6014
f 6909 4051 5454
f 6210 4793 6211
f 5770 4957 4043
f 6768 6740 4794
f 6740 6374 4122
f 6638 4795 6825
f 6077 4111 6203
f 6504 4796 5947
f 4130 6781 7048
f 6025 4797 5484
f 7358 4407 5562
f 5654 4798 6575
f 5190 4414 6295
f 6162 7298 6471
f 4509 6134 6303
f 7499 4800 6053
f 5547 4370 7097
f 7525 4801 6249
f 6942 4864 5670
f 4899 5667 4329
f 7157 6853 5513
f 7183 4803 5758
f 7182 6088 6422
f 6807 4804 5282
f 5277 4288 5278
f 4804 6807 6808
f 7368 5911 4753
f 5094 7303 6600
f 6137 4443 6138
f 4941 6716 6717
f 5496 7524 4997
f 7126 4808 6982
f 6053 4800 5036
f 5337 4809 5446
f 7553 5671 7323
f 6000 4810 6902
f 7549 6262 6193
f 6101 4811 7454
f 6099 4141 4842
f 7288 4812 6362
f 6334 4713 5369
f 7464 4813 5653
f 6903 46 5440
f 6408 4814 7589
f 4363 6031 5697
f 6610 5556 4815
f 6518 4546 6519
f 7337 4951 7269
f 7268 4818 5810
f 5349 4818 6117
f 5759 4282 5129
f 5810 4818 7352
f 7268 4816 7267
f 5844 4819 7558
f 7247 4977 5898
f 6869 5629 4338
f 7085 4965 7309
f 6080 4821 6143
f 3886 3887 5908
f 6112 4822 5622
f 5466 3953 5620
f 5913 4823 7594
f 3938 6769 5501
f 5818 5292 6875
f 6985 5011 6984
f 6269 5009 7528
f 4824 6984 6986
f 4628 6607 6608
f 7158 5131 4393
f 7028 4827 6659
f 6691 4444 5237
f 7265 4828 5640
f 6918 4004 5981
f 7173 5510 4829
f 6118 4065 6065
f 5776 5347 4830
f 7476 6089 6666
f 7238 4831 4792
f 6636 4830 6666
f 4924 5591 4172
f 4013 5646 4832
f 7407 5084 4833
f 5647 4347 5164
f 5544 4834 7414
f 6822 6443 4643
f 7563 6817 4835
f 5962 5989 4835
f 7171 4836 6465
f 6453 4986 6884
f 6763 4837 5679
f 7587 6341 4928
f 7327 4838 6083
f 6097 5500 4146
f 7188 4839 6027
f 7317 4776 6130
f 6084 4840 6780
f 7188 6705 4839
f 5842 5120 4130
f 6379 4105 5735
f 6688 4842 7192
f 5829 4390 4842
f 4784 6227 7479
f 6026 4877 6866
f 7412 4844 7599
f 5920 4890 6438
f 6951 5169 7487
f 6057 3964 6449
f 6055 4846 5765
f 6002 4423 6003
f 7574 6055 7572
f 5429 4573 6565
f 6938 4848 6937
f 5330 4274 5306
f 6383 4849 6132
f 7618 5104 4285
f 5146 5846 4238
f 7527 5494 4077
f 7453 4851 5903
f 7212 31 5424
f 5552 4852 7069
f 7186 4021 5371
f 7179 4853 6079
f 3956 6563 5322
f 5861 4854 4403
f 5748 4729 7292
f 7070 4855 6200
f 7070 6261 4855
f 7335 4856 5887
f 4321 5563 4856
f 5938 4857 3947
f 4400 5807 6783
f 5072 6947 6948
f 7133 4228 7518
f 5999 4859 4418
f 7082 4386 5763
f 5856 4860 4033
f 5869 4913 4358
f 4563 7442 6882
f 4454 6067 7231
f 6284 4862 4314
f 4463 6157 4862
f 5829 4863 6670
f 6089 3952 6857
f 5670 4864 200
f 6528 4459 6170
f 7485 7078 4865
f 7077 6288 4173
f 6620 4866 6954
f 6530 4578 6176
f 5298 5771 4343
f 7138 4746 5351
f 6592 6997 4009
f 7507 4218 6968
f 6839 5281 7330
f 7083 187 5389
f 6635 5402 4870
f 5757 4368 6725
f 5679 4871 4380
f 7582 4822 6112
f 6248 4872 7172
f 5377 4972 4231
f 6770 4873 6062
f 4675 6958 6959
f 7397 5268 4874
f 6179 4064 6191
f 7432 4875 6392
f 4179 6190 5181
f 5825 4876 4017
f 4394 5776 7471
f 6866 4877 5526
f 4162 5644 4877
f 6514 4878 5644
f 5606 4199 5040
f 5882 4879 6144
f 4159 5402 4879
f 5882 4880 4159
f 4015 5231 4880
f 5116 5568 4296
f 4075 5599 4881
f 5076 5412 4189
f 6289 5582 4548
f 5788 6739 4371
f 4340 5621 4883
f 5437 4884 4310
f 5969 4426 4884
f 5449 4885 4303
f 5300 4489 6096
f 7543 5795 4886
f 166 167 6734
f 7038 5451 4651
f 4156 7335 5887
f 6341 4888 6460
f 7561 24 4888
f 6587 4889 7607
f 6438 4890 5901
f 7599 5920 4164
f 4336 5611 4890
f 5785 4891 4330
f 6159 4463 6158
f 5600 4892 4024
f 4330 4891 5746
f 5621 4893 4032
f 4165 4894 5669
f 5650 4894 4345
f 5632 4341 5669
f 6689 5148 4504
f 5649 4345 5651
f 7591 4896 7398
f 4613 5803 6551
f 5519 4897 4048
f 4316 5521 4897
f 7307 5472 4898
f 5925 4433 4898
f 6398 4899 4084
f 5667 4802 6071
f 7052 4900 5466
f 4170 4899 5886
f 5609 4901 6829
f 4807 6851 7481
f 5285 4902 4166
f 4517 6433 6540
f 7291 4903 5889
f 5585 4727 7242
f 6669 5320 4114
f 4904 6539 6342
f 7268 5810 4346
f 3960 5529 6979
f 5380 4906 6103
f 6174 3881 7221
f 5892 5025 6932
f 5881 4404 5883
f 5332 4925 6370
f 5868 4808 5135
f 5893 4909 6250
f 7279 4725 7328
f 6760 4910 6830
f 4442 5045 6173
f 5532 4911 4203
f 6306 4001 6836
f 5307 4912 4201
f 6072 3910 3911
f 5866 4913 5869
f 7369 5758 3979
f 7447 5752 4359
f 5516 4790 7451
f 7513 4915 5960
f 7108 3967 5860
f 3902 6048 3901
f 7053 4041 6060
f 6318 4917 4283
f 5978 5172 4405
f 6799 4918 4764
f 4427 5768 6356
f 5762 4919 4386
f 6497 4464 6108
f 6367 5269 7321
f 5326 7349 5843
f 5656 4921 7583
f 5550 4224 5930
f 5914 4922 4530
f 4347 5648 4922
f 5930 4923 7213
f 6881 5573 4662
f 6180 4924 4501
f 5591 4832 4172
f 5438 4925 4050
f 4310 5345 4925
f 5502 4926 7113
f 7149 5637 4926
f 7215 6127 4927
f 7512 4245 4927
f 7615 4928 7392
f 6341 5313 4888
f 7361 4929 4057
f 7361 4788 7363
f 6061 4930 6038
f 6427 5787 4401
f 5149 4931 4195
f 7065 5098 4931
f 6237 4932 6239
f 4479 5024 4932
f 7555 4933 6098
f 6684 5534 4058
f 5954 4934 7393
f 4184 6317 6525
f 5751 4935 4469
f 6601 4605 7494
f 5444 5442 4936
f 4302 5258 4936
f 7191 4937 5327
f 6070 5561 4099
f 5634 6980 7567
f 7145 5467 4138
f 4989 5935 4448
f 3946 5803 5016
f 3870 4940 7459
f 7351 7193 4940
f 6716 4941 6917
f 6505 4607 6104
f 6021 4942 4261
f 4456 5387 4942
f 5465 4943 6444
f 5736 6988 5000
f 6718 5549 6582
f 63 62 6121
f 6258 4945 6259
f 15 14 6491
f 5445 6981 3970
f 6623 5127 4092
f 5618 5846 7039
f 4374 5292 5818
f 6063 5551 7201
f 4611 6643 5872
f 7244 4949 6541
f 7307 4898 4026
f 5054 4950 7523
f 5365 4057 5260
f 7353 5668 7337
f 4192 6828 4951
f 7218 4952 7018
f 5968 4426 5967
f 5432 4953 3957
f 4577 5427 6377
f 6693 4954 4185
f 6059 4247 5236
f 5408 6696 4073
f 7404 4094 5034
f 5732 4956 7130
f 7500 5474 4329
f 5455 5770 4043
f 4359 5366 5812
f 6256 4958 6713
f 7620 5603 7603
f 5815 4959 4194
f 3966 5823 4959
f 6474 6473 4960
f 5815 4194 4960
f 6062 4961 52
f 5915 4581 6183
f 5972 4962 4336
f 7108 5860 4962
f 6212 4963 6977
f 6904 4112 5794
f 6231 4964 6477
f 5459 4588 6961
f 7309 4965 4920
f 7085 4820 6554
f 4967 6234 6831
f 7160 5627 4966
f 6604 6234 4967
f 6831 5954 4967
f 4960 5267 6172
f 5936 5126 4237
f 6402 4969 4507
f 5553 4339 5554
f 6523 4970 5657
f 4507 4969 6919
f 6967 7418 4186
f 7490 3888 5797
f 6880 4972 6257
f 6714 6607 4628
f 7172 4973 7171
f 5416 4292 6381
f 7112 6568 4974
f 4316 5520 4974
f 5492 4975 4328
f 5873 22 21
f 4560 7554 7343
f 6248 4171 7342
f 5409 5898 4219
f 5629 4820 6045
f 5765 6413 4308
f 7295 5011 6186
f 6994 4979 5475
f 5989 4431 6931
f 5683 4990 6184
f 5779 4372 5747
f 5926 4981 7511
f 4433 5925 4981
f 7132 4982 7508
f 7509 5176 4982
f 6616 5288 4259
f 87 86 5548
f 5655 5074 4984
f 6504 4588 5877
f 5885 7196 3997
f 6966 4193 6983
f 7199 7159 4292
f 4211 5195 5689
f 6895 6252 4987
f 7278 5559 4422
f 6752 4988 5826
f 6188 4726 5900
f 5362 5327 4448
f 7398 4896 7206
f 6951 4990 4738
f 6149 4526 6415
f 5934 4991 3924
f 6902 4810 6040
f 6855 4992 4916
f 6606 5143 5477
f 4266 5430 6405
f 4198 6591 4993
f 7293 4994 6434
f 4392 5848 4994
f 7381 4995 4760
f 7402 4773 6613
f 7465 5871 4996
f 3974 6017 4996
f 6851 5496 4997
f 4544 6204 4997
f 5442 4998 4302
f 4968 4237 4998
f 6175 4999 4219
f 7054 6698 80
f 3906 5000 3905
f 4354 5532 5000
f 7341 5001 6801
f 7040 5378 4495
f 6786 5002 6971
f 6349 4380 5680
f 6317 5003 4486
f 4357 5662 5856
f 5467 5004 4138
f 4306 5469 5004
f 5391 6674 4384
f 6674 6754 5005
f 7367 5006 5586
f 4229 5587 7042
f 22 6469 23
f 4388 5879 5007
f 5664 7036 4396
f 6018 4351 5378
f 6161 5009 7440
f 7528 3992 6269
f 5930 7213 4416
f 6338 5128 6872
f 6186 5011 6985
f 6326 4485 6325
f 6326 5012 6499
f 7436 5069 4542
f 5404 5013 4290
f 6841 6695 4004
f 7616 5014 6679
f 7617 5464 5014
f 5014 7616 7617
f 7535 4498 6387
f 3946 5016 4939
f 5801 4096 5973
f 6744 5017 6348
f 5017 7256 5684
f 6861 5984 4348
f 4283 5385 7579
f 7046 6843 4061
f 4373 5569 6953
f 5117 5020 4223
f 6657 5276 4151
f 7510 5760 5021
f 6862 4684 7101
f 5760 5022 4606
f 4197 5186 5985
f 6680 5023 4465
f 4411 5950 5023
f 4932 5024 4177
f 6297 3958 5616
f 6337 5025 5892
f 6537 5705 4015
f 6618 5026 6617
f 6584 4673 7044
f 5861 5027 3961
f 5987 5438 4050
f 6327 5028 6076
f 4205 7067 5279
f 6319 6052 5029
f 3917 3918 6364
f 5712 5030 4212
f 4391 5863 5030
f 6020 5031 4050
f 4210 5027 5031
f 6313 5032 4201
f 3994 5896 5032
f 6738 5033 6145
f 4619 5619 7068
f 5800 5034 7050
f 4399 7180 7404
f 6136 5035 6769
f 6655 5129 5413
f 7169 5036 6430
f 7097 4370 5036
f 6395 5037 6425
f 7017 4589 5674
f 6676 5038 4183
f 6677 4074 5608
f 6095 5039 4135
f 4461 6094 5039
f 5502 5040 4199
f 6704 5176 7326
f 5753 6510 4090
f 7007 6075 3995
f 7077 7078 4492
f 4036 5393 6296
f 4917 6318 4034
f 5984 5018 4348
f 7234 5724 4753
f 6761 4263 6630
f 6796 5045 4670
f 5630 62 61
f 6485 7575 4658
f 6219 195 5909
f 5687 6542 4576
f 6597 4499 6479
f 6303 5048 4121
f 6599 3955 7607
f 7446 5049 6196
f 7577 5589 7484
f 5980 5050 4108
f 4408 5485 6498
f 6784 5200 5051
f 5652 4761 7087
f 7584 5052 6135
f 6282 4717 5573
f 6545 5053 6216
f 6944 5915 4222
f 5104 5054 4042
f 4286 5398 6116
f 6255 5055 4226
f 6713 7603 5055
f 7413 5056 6760
f 7612 4442 6173
f 5641 5057 4550
f 4206 7111 5779
f 5057 5641 4206
f 3892 3893 5058
f 4898 5059 4026
f 4898 4433 5059
f 7163 5060 4450
f 4803 7184 5060
f 5062 5061 4016
f 6019 4983 4387
f 6817 5062 4016
f 7547 4903 6809
f 6224 5063 6809
f 6889 5062 5063
f 6577 5064 6579
f 4554 5482 5064
f 4913 6245 4358
f 3979 6051 5065
f 6992 5066 7340
f 4057 4929 5066
f 7050 5977 5067
f 5675 3977 6108
f 5222 5068 4209
f 6268 3992 5068
f 5012 7436 4542
f 4037 5820 7423
f 6921 5070 4298
f 4692 7118 5070
f 5931 5071 4225
f 4161 6441 5071
f 7611 5072 6105
f 6948 4858 5720
f 6328 5073 6226
f 6178 70 5073
f 4984 5074 4309
f 4984 4536 5655
f 7544 5075 5505
f 7330 4869 5710
f 6169 5076 6170
f 5412 4882 6131
f 73 5077 74
f 6448 5315 4217
f 7130 5078 6700
f 7130 6071 5078
f 5461 6733 4320
f 7401 5273 6706
f 6468 5080 4060
f 7592 4823 5913
f 6254 5081 4460
f 3963 5524 5610
f 7519 5082 6046
f 5528 4170 5247
f 6162 5083 4509
f 7107 5338 3955
f 6179 5084 4064
f 6848 4172 5647
f 6451 5085 4524
f 6466 4526 6149
f 6721 5236 5086
f 6600 4806 7302
f 7474 5658 4350
f 4927 4245 5087
f 7103 5723 5088
f 7190 5065 5975
f 6770 5089 7061
f 50 49 5089
f 3929 5090 3928
f 6069 5091 4284
f 5138 5091 4444
f 4043 4957 7210
f 6576 5092 4630
f 7559 5593 7243
f 5706 5093 4411
f 3981 6014 5093
f 6750 5094 6600
f 7055 4557 6694
f 5807 5095 4117
f 7103 4033 5723
f 6798 5096 6900
f 3899 3900 5096
f 7205 5097 6999
f 4504 6201 5097
f 4931 5098 3951
f 7595 4978 6413
f 6702 5099 6901
f 4663 5612 5099
f 6573 5100 4389
f 5879 4388 5878
f 6137 5101 4443
f 6406 4503 5101
f 6268 5102 3992
f 4210 6272 5102
f 5069 5964 4209
f 4393 5821 5103
f 7498 7115 5104
f 7618 6132 4849
f 5789 5105 5790
f 4220 6388 5105
f 6107 5106 4032
f 6236 5660 4220
f 6387 5107 4063
f 4220 5660 5107
f 7538 7055 5108
f 6694 6037 4248
f 6585 5109 7003
f 4248 6037 5109
f 6407 5110 5742
f 6585 4598 6715
f 5676 5111 4625
f 6850 6240 4468
f 29 5112 7456
f 5436 4080 5426
f 6111 5567 4736
f 7185 5506 5113
f 6220 5114 4666
f 6420 4515 7253
f 6502 5115 3959
f 7005 4757 7004
f 6692 5116 3937
f 5922 4075 5568
f 6160 5117 4223
f 4102 5975 6243
f 6446 5118 4230
f 4007 5999 5118
f 6332 5119 6446
f 7134 5777 4067
f 5867 5120 4264
f 7301 6781 4130
f 6946 5121 4599
f 7271 4417 5903
f 7382 5122 6315
f 4760 4995 5122
f 4221 5123 5095
f 4221 6315 6331
f 6697 5124 4127
f 4219 4977 5124
f 5537 5125 4498
f 4653 5666 5125
f 5781 5126 5936
f 6522 4539 6521
f 5940 6147 4421
f 6521 4539 5127
f 5917 5128 4352
f 7515 6007 4656
f 4817 5370 5759
f 4282 5413 5129
f 7545 7059 5130
f 4287 5397 7502
f 6751 5821 5131
f 7158 4826 7021
f 5907 5132 4169
f 6195 3989 5508
f 5963 5133 6661
f 4242 6030 5133
f 5538 5134 4154
f 5916 4045 6092
f 6747 5618 4379
f 7444 4908 5868
f 84 6073 85
f 7329 4146 6084
f 6391 5137 4181
f 4564 5897 6629
f 4043 5138 4827
f 4043 5091 5138
f 5690 5139 4395
f 6265 176 7473
f 5141 6611 4252
f 4453 6152 5140
f 5943 5141 4252
f 4044 6042 5141
f 5806 5672 4381
f 6804 4622 5142
f 5477 5143 4343
f 7604 4943 5736
f 5904 5144 7439
f 7403 4773 6794
f 6648 5145 4413
f 3962 5836 5145
f 5927 7039 4947
f 4238 7545 7408
f 5116 6692 4420
f 3937 6384 5147
f 4504 5148 4895
f 4261 4942 6685
f 7293 6434 4195
f 4485 5659 5149
f 6363 5150 4212
f 4596 5959 5150
f 7477 5151 7162
f 4231 5933 5151
f 7299 5602 4740
f 4046 5744 5152
f 6285 4724 7200
f 5495 4691 5178
f 6159 5154 4463
f 3965 5799 5154
f 6157 5155 4072
f 4262 7050 6417
f 6845 5156 4432
f 4544 6414 5156
f 7357 5357 7217
f 168 169 5157
f 7306 6283 5158
f 7 6 5158
f 6798 5159 4693
f 6266 4686 5373
f 6270 5160 4471
f 6546 5220 4531
f 5720 6463 4480
f 4228 5162 6299
f 5858 5162 4228
f 6866 6297 5162
f 6314 5163 4095
f 4482 6313 5163
f 4922 5164 4347
f 4922 5914 5164
f 6368 6771 4010
f 7072 4249 6778
f 5909 5166 4657
f 196 197 6221
f 5783 5167 3941
f 4254 5623 5167
f 7222 5623 5168
f 4254 6570 5168
f 6058 5169 4052
f 7487 4214 6951
f 102 7395 103
f 6426 5271 6543
f 7153 6641 4484
f 4617 6102 5171
f 5021 6484 4197
f 4405 4917 5978
f 6208 7325 4256
f 5899 5324 4401
f 7274 5174 6408
f 6441 4161 5730
f 6365 5175 4267
f 6367 3949 6067
f 7508 5176 6704
f 6023 4572 6515
f 6653 5177 7432
f 7433 4179 5181
f 5894 7227 4691
f 5178 7536 5772
f 5772 5179 4233
f 7605 5393 4036
f 6445 5180 4623
f 6908 4674 5671
f 7433 5181 4875
f 4499 6189 7338
f 5796 5182 4449
f 4315 6625 6639
f 6870 5183 7237
f 7238 4139 6636
f 6693 5184 7463
f 6710 4887 5887
f 6256 7290 4121
f 5628 4011 6486
f 5985 5186 4410
f 6728 4634 6730
f 6107 5633 5187
f 6128 4692 5773
f 4245 7475 5087
f 5153 7322 5188
f 7146 5189 7011
f 3971 5294 5845
f 6972 5190 6779
f 3945 5489 5190
f 6396 5191 3953
f 4261 5148 6689
f 6398 5192 4502
f 4084 6022 5192
f 7270 5193 6535
f 4010 5395 5193
f 5560 6475 4099
f 6878 3976 5634
f 6495 5195 6494
f 7598 4986 5452
f 7240 5197 5196
f 7024 4494 5902
f 6759 5197 4054
f 4243 5196 5197
f 4243 5198 4828
f 6745 4597 5966
f 39 5199 40
f 6762 4300 7509
f 5051 5200 4132
f 5051 6516 6784
f 6470 5201 4607
f 12 6187 5201
f 6545 6216 4014
f 6682 5491 4239
f 5539 5203 4396
f 4373 5457 5701
f 6362 5204 4098
f 6914 5931 4225
f 6560 5205 6735
f 4239 6562 5205
f 7420 5206 3978
f 7568 5207 4242
f 5206 7568 4242
f 7568 7422 5207
f 7431 5208 4772
f 6298 4055 5208
f 5780 5209 4263
f 4185 4954 5209
f 6141 5210 4704
f 4540 6656 7035
f 5606 7318 4199
f 4567 6513 5211
f 5967 5212 4153
f 6671 5214 4244
f 5214 6310 4244
f 4049 5948 6680
f 5969 5214 6671
f 7292 4729 6310
f 6371 5215 4511
f 8 7 6283
f 6041 6860 4253
f 6719 5256 4005
f 6092 5217 4438
f 5786 4401 5324
f 5324 5218 4253
f 6642 5241 6346
f 5220 5219 4281
f 4897 4178 5219
f 7472 5220 4281
f 4531 5160 6546
f 6512 5221 4536
f 6687 4587 5221
f 6766 5222 4209
f 6353 5519 4048
f 5731 5223 4328
f 5078 4047 5223
f 6647 5224 4328
f 4088 5733 5224
f 7466 5225 4123
f 4246 6127 7063
f 6321 5226 4604
f 6854 3912 5226
f 6586 5423 5227
f 4296 4881 6150
f 6777 5228 4071
f 4249 4996 5228
f 6192 5229 4752
f 7400 5282 6215
f 5269 5230 4279
f 4522 6366 5230
f 7374 5231 4280
f 4015 5705 7027
f 5757 5232 5924
f 4159 4880 5232
f 164 6892 163
f 7045 4119 5833
f 7003 5234 4598
f 4852 6200 5234
f 7452 5235 5994
f 4690 6004 5509
f 4681 6059 4954
f 5086 7537 6721
f 7229 6691 4273
f 4444 5778 7388
f 7232 5238 7426
f 4513 5314 6411
f 5851 6589 4451
f 4160 4862 6284
f 7462 5240 6346
f 4526 6466 5240
f 5218 6642 4497
f 6637 4644 6834
f 4227 5242 5115
f 7004 4123 5242
f 7271 7415 5121
f 6975 4200 6679
f 3869 7459 3868
f 6799 4764 6626
f 5259 5245 4042
f 4427 4918 6329
f 6894 5246 4641
f 4512 5080 6468
f 4900 5247 4170
f 4305 5082 5247
f 177 7473 176
f 4536 5221 6720
f 6152 5249 4006
f 6894 4641 7562
f 7586 5250 3963
f 4520 5676 6410
f 5249 7562 4006
f 7562 6895 5251
f 6412 5252 3938
f 4512 5246 6893
f 7152 5253 4236
f 4595 5567 7031
f 6402 5254 3964
f 4255 5255 6450
f 7373 5255 6865
f 6451 4524 6450
f 7373 6865 4525
f 6404 4508 6403
f 7556 5257 4276
f 7197 4506 6684
f 4936 5258 4116
f 7389 5445 5949
f 6602 5259 7522
f 4427 5245 5259
f 6301 5365 5260
f 4057 6372 5260
f 7534 5261 7111
f 4002 7100 6168
f 5625 5262 4360
f 6996 5578 4562
f 7088 5263 6151
f 4761 5652 7062
f 6029 5264 4419
f 5767 94 5406
f 7342 6465 5265
f 6884 3957 5265
f 7156 6250 4745
f 7280 4122 5266
f 4968 5267 4398
f 6172 4020 6474
f 6180 5268 3940
f 7397 4179 6650
f 7321 5269 7309
f 4522 5230 5269
f 6644 5270 3997
f 6203 4111 5884
f 7390 5271 6426
f 7450 4790 6543
f 6166 5433 5272
f 4294 7029 6662
f 6078 5273 7401
f 7437 4543 7168
f 5275 5274 4269
f 4762 7087 5274
f 7437 5275 4269
f 7168 5400 4140
f 6051 5276 4483
f 4450 6101 5276
f 7312 5277 6876
f 6905 6138 4443
f 7347 5278 6409
f 4017 7195 6876
f 7066 5279 4778
f 3995 6075 7380
f 6989 5280 4675
f 5542 4457 5491
f 6840 5281 6839
f 6529 4869 5281
f 5229 7359 7400
f 4289 6807 5282
f 7458 5283 4267
f 6544 4934 7319
f 6437 5284 4523
f 6366 4522 6365
f 6609 5285 4260
f 4517 4902 5285
f 7049 5286 4489
f 4260 5285 5889
f 5286 7049 4260
f 4489 5300 6302
f 4259 5288 4983
f 6952 89 88
f 5290 5289 4344
f 5289 7311 6553
f 5386 6171 4344
f 7594 4823 6232
f 7394 5291 6455
f 5116 4296 5291
f 5397 5292 4374
f 4030 6985 5292
f 5880 5293 4332
f 4056 5287 5293
f 5366 5793 3971
f 6416 4554 6345
f 5335 6416 4265
f 6416 6345 5295
f 6520 5296 4092
f 4276 5297 6656
f 6530 5297 4578
f 7035 5460 4540
f 6818 5771 5298
f 4343 5381 7266
f 5852 5747 5299
f 4372 6168 6199
f 4183 5300 4885
f 4183 5038 6711
f 6005 5301 4038
f 7565 5303 6230
f 5411 6810 4278
f 4563 5819 5302
f 6230 5303 5493
f 6811 4616 6812
f 6209 5304 7283
f 4477 5921 5304
f 7378 5305 6750
f 6559 4025 6145
f 6937 7121 4012
f 4274 6743 5306
f 5032 7071 4201
f 4434 5895 5307
f 5349 5308 3960
f 4440 7239 5308
f 7203 5309 4073
f 7096 5428 4568
f 4937 5310 4268
f 4937 7191 6070
f 6008 5311 7591
f 6202 4938 4138
f 5591 5312 4832
f 7170 5694 4515
f 5314 5313 4271
f 26 25 7561
f 6411 5314 4271
f 4513 5932 7091
f 6457 6448 4217
f 4590 6242 7026
f 7124 5316 4720
f 7043 5374 4465
f 7001 5775 5317
f 5318 3972 6153
f 4277 5318 5317
f 5318 6238 6177
f 7430 5319 6238
f 4772 5208 5319
f 4904 5320 4299
f 4904 4114 5320
f 6369 5321 4632
f 77 76 5321
f 6562 5322 4549
f 4239 6120 5322
f 7089 5323 7335
f 6993 3959 5636
f 4045 5786 5217
f 4401 5173 5899
f 6828 5325 4635
f 4192 6200 5325
f 6983 5326 4383
f 4193 6311 5326
f 7191 5327 4061
f 4937 4268 6352
f 3872 5341 6235
f 7350 7115 4722
f 6874 5329 6741
f 4274 5607 5329
f 7483 5330 4848
f 5330 6015 5607
f 5329 6874 4274
f 4585 6635 5331
f 5604 6020 4472
f 4050 4925 5332
f 6574 7076 4571
f 4397 6833 5333
f 7285 5334 7621
f 4620 6628 5334
f 4324 5335 5294
f 6344 4040 5482
f 6083 5336 4016
f 4458 6082 6274
f 5743 7424 4235
f 4623 5180 6624
f 5083 7107 3955
f 5827 4089 5809
f 6030 5339 4419
f 4519 5761 6797
f 7072 5340 4249
f 4672 5809 7116
f 7569 6235 5341
f 3872 3873 6454
f 4346 5342 5180
f 4346 4905 5342
f 7153 5343 4702
f 4115 5895 5343
f 20 5344 4975
f 19 18 6439
f 4925 5345 4174
f 7098 3980 5547
f 5275 7168 4140
f 6515 4027 7326
f 7140 5347 4697
f 4830 6636 5776
f 5956 5348 4009
f 5929 4175 6722
f 5308 5349 4440
f 7352 4818 5349
f 6125 5350 4550
f 4551 5797 5350
f 6056 6060 4339
f 4041 4867 5351
f 7126 6982 5352
f 4038 5301 5352
f 5082 7519 4389
f 7615 6330 4928
f 5851 5354 4024
f 4297 6305 5354
f 5376 5355 4297
f 4053 5837 5355
f 4476 5356 5355
f 7608 4494 6305
f 5924 7217 5157
f 6734 167 5357
f 4087 5434 5804
f 7586 4520 5250
f 6183 5359 4202
f 4581 6545 5359
f 7308 5360 6834
f 4112 6199 5360
f 5415 6291 4545
f 7346 5995 4481
f 5457 5362 4449
f 4061 5327 5362
f 6543 7208 4291
f 4076 6210 6699
f 6910 5364 6936
f 104 103 5364
f 7521 5365 4950
f 6712 4788 7361
f 5594 5366 3971
f 4359 4914 5366
f 6452 5367 4593
f 66 6339 5367
f 4955 7180 4073
f 7371 4751 7370
f 7419 5369 4713
f 6361 4565 7282
f 7245 5370 4817
f 6827 4635 6826
f 5325 7186 4635
f 5544 4337 5413
f 7438 5372 4797
f 6279 4729 5748
f 6058 5373 4470
f 5159 6266 5373
f 7177 5374 7176
f 4244 5213 7209
f 6887 5471 5375
f 4367 5406 5375
f 5354 7503 4297
f 4451 5850 5376
f 7489 5377 6320
f 3990 5914 6257
f 6143 7040 4495
f 4086 5008 5378
f 5378 7064 4495
f 7221 4906 6174
f 6018 5380 4351
f 4129 6394 5380
f 4911 5381 4203
f 7266 4001 5298
f 5071 5382 4225
f 6440 4240 7207
f 6816 5383 4625
f 4256 5787 5383
f 6664 5384 3973
f 4606 6665 5384
f 5997 6748 4700
f 3876 3877 7579
f 6878 5386 3976
f 4646 6877 6171
f 5625 6612 4456
f 5386 4344 5387
f 6206 5388 4604
f 6421 6052 4603
f 6529 7083 4869
f 187 188 6962
f 5918 5390 4917
f 4097 6382 5390
f 6674 5391 7060
f 5694 4070 6856
f 4384 5392 5391
f 4384 5775 7001
f 5179 7605 4036
f 4415 7093 6921
f 6847 6261 5394
f 4241 5042 5394
f 5130 7059 4287
f 4010 6594 5395
f 5395 7120 4287
f 4601 6777 5396
f 7502 5397 4374
f 6935 4573 6566
f 5726 5398 3973
f 4286 7102 5398
f 6493 5399 4102
f 6963 4117 6085
f 6223 5526 5400
f 4342 5346 5400
f 4636 5401 5320
f 5751 4469 5408
f 4879 5402 4585
f 4159 5757 5402
f 5405 6672 4290
f 7564 5475 3947
f 4857 5404 4290
f 4117 6963 5404
f 6140 5405 4054
f 4290 6758 5405
f 93 5406 94
f 4517 5375 5406
f 5486 5407 4462
f 6418 5093 4447
f 5951 5408 4073
f 7006 5401 5751
f 6651 5409 4632
f 5898 4977 4219
f 3931 7428 5237
f 3932 3933 6844
f 7375 6005 5411
f 7181 4142 6631
f 4547 5412 5076
f 6735 5205 4068
f 5035 5413 4337
f 5035 6655 5413
f 6390 5414 4176
f 7314 3945 5958
f 7159 5415 4545
f 7199 5416 5151
f 4231 5416 4973
f 4231 5151 5416
f 6590 5417 4075
f 7542 4198 5834
f 171 5418 170
f 4535 6507 6725
f 5688 5419 4395
f 7600 6506 172
f 4555 5420 5037
f 6578 3978 6225
f 5514 6293 3983
f 5144 4319 5421
f 5010 5422 4352
f 7213 4923 5422
f 5227 5423 4296
f 5227 6640 6586
f 7254 5424 4355
f 7212 32 31
f 5903 5425 4066
f 7254 4355 5425
f 7493 5436 7151
f 4080 5002 6786
f 5854 7520 4577
f 4576 6709 5427
f 5309 7096 4568
f 4266 6724 5428
f 7540 5429 7573
f 4308 6566 5429
f 7566 5430 7202
f 6405 4706 6724
f 7010 5431 4671
f 4594 6575 5431
f 7030 7029 5432
f 7286 4577 6377
f 5272 5433 4294
f 4019 6793 5433
f 6867 5434 4087
f 4580 6146 5434
f 6146 6567 4311
f 4059 6292 5435
f 4513 5436 5112
f 4513 5238 7232
f 4854 6358 4403
f 4147 4884 5437
f 5031 5987 4050
f 7104 5437 4310
f 4310 5439 5345
f 4310 4884 5439
f 45 7214 46
f 6095 4135 7366
f 6242 5441 4591
f 4590 6163 5441
f 4301 5444 4936
f 7255 4998 5442
f 6857 5443 4718
f 3952 7140 5443
f 7142 5444 4301
f 4020 5442 5444
f 6981 5445 4421
f 7389 5258 4302
f 7252 5446 4732
f 4235 5337 5446
f 5577 6480 4322
f 108 107 5447
f 5912 5448 4054
f 4413 5449 6873
f 6873 5449 4303
f 4413 5145 6933
f 7580 5450 7311
f 4714 7236 5450
f 6707 5451 4887
f 3991 5612 6749
f 7598 5452 4211
f 4986 6453 5452
f 6364 5453 4596
f 3919 3920 5453
f 6909 5454 5407
f 6165 4446 5866
f 4827 7028 4043
f 4322 6211 5455
f 7095 5456 5175
f 7457 4780 7458
f 6842 5701 5457
f 6843 5019 4061
f 7478 5458 6752
f 4738 5683 5458
f 6508 5459 4964
f 4730 7167 5459
f 4540 5460 5210
f 3987 6481 5460
f 6733 5461 4546
f 5015 7535 5461
f 5706 5462 3981
f 7497 4152 6192
f 6531 5463 4645
f 198 199 5463
f 5079 5961 4320
f 5274 3988 5464
f 6855 6048 5465
f 3902 3903 5465
f 7582 5466 4822
f 4305 5247 7052
f 4938 7145 4138
f 5791 4562 6461
f 7468 5468 3975
f 7174 5469 4306
f 6775 5469 7174
f 4100 6432 5469
f 5483 5470 4152
f 5872 4026 6634
f 5375 5471 4367
f 5375 4260 6887
f 7244 5472 4949
f 4281 5219 5472
f 5808 7025 4164
f 7270 4010 5193
f 5468 6461 3975
f 4562 5578 5474
f 6994 5475 7564
f 4979 6931 5475
f 6588 5476 3985
f 6925 4716 6290
f 4867 5477 4343
f 7114 4992 6606
f 6557 5478 4666
f 4381 7094 5478
f 6750 7530 5094
f 4369 5769 7155
f 7008 7429 4694
f 4614 5468 7468
f 6942 5481 4864
f 4202 5359 5481
f 6344 5482 4554
f 7455 4767 5579
f 4318 5483 5462
f 6501 4611 5470
f 6025 5484 4318
f 4797 6536 5484
f 5979 5485 4408
f 5070 3969 5485
f 5316 5486 4720
f 4149 5407 5486
f 6404 6401 5487
f 4507 4970 6523
f 5585 5488 4727
f 4293 7563 5488
f 7283 5489 3945
f 5841 4072 6109
f 4314 5490 5489
f 4314 4862 7610
f 5202 6682 4239
f 4362 5542 5491
f 7304 5492 4388
f 4328 5223 5492
f 4378 5493 4915
f 4378 6230 5493
f 7527 6747 5494
f 4379 5352 5494
f 3942 5495 5153
f 3942 5661 5495
f 6716 5496 4807
f 3999 6414 7524
f 4158 6138 6905
f 4443 6139 7365
f 6730 5498 4101
f 4634 5499 5498
f 6729 5499 4634
f 6926 4629 6625
f 4429 5500 5136
f 4429 4839 6705
f 7593 5501 4823
f 4714 5450 7580
f 5040 5502 4331
f 7149 4461 5637
f 41 7132 42
f 7508 4331 7113
f 7277 5504 7216
f 7276 4123 5504
f 5755 5505 4777
f 5710 4869 7331
f 6294 5506 4079
f 4527 5113 5506
f 5642 6133 4157
f 4313 5508 5507
f 5132 5508 4313
f 5132 4548 6195
f 6476 5509 4731
f 5235 4690 5509
f 5547 6995 4370
f 4455 6118 5510
f 6663 5511 4606
f 6883 5156 4609
f 6767 5512 4626
f 182 183 5512
f 6853 5528 5513
f 4389 5100 5513
f 5629 6045 4338
f 6293 5421 3983
f 6488 5515 3926
f 7532 5777 7134
f 4076 5516 4914
f 4076 5363 5516
f 5816 5517 4750
f 4194 4959 7552
f 7505 5518 4092
f 4704 6583 5518
f 6270 6353 4048
f 6849 5520 4316
f 6765 5520 4600
f 3944 6805 5520
f 6701 5521 4574
f 4178 4897 5521
f 4324 5522 5335
f 7451 4790 5522
f 7099 5523 7462
f 7100 4002 6415
f 5250 5524 3963
f 4987 4422 5524
f 6548 5525 4163
f 4631 6457 5525
f 4543 6223 5400
f 3958 6866 5526
f 4994 7293 4392
f 4195 5995 5527
f 5082 5528 5247
f 4389 5513 5528
f 6979 5529 4376
f 3960 5308 7223
f 5531 5530 4703
f 6347 5000 3906
f 5530 5531 4354
f 4703 6167 5531
f 5736 5532 4203
f 4354 6307 5532
f 6863 5533 4616
f 6229 4648 5885
f 5487 5534 4508
f 4058 5257 6684
f 5414 6390 4477
f 4552 5837 5535
f 5945 5536 4083
f 4529 5944 5536
f 7616 5537 5015
f 4200 6975 7470
f 6533 6264 4154
f 5529 4437 5538
f 6824 5539 4396
f 4087 5569 5539
f 7109 5540 4679
f 4732 5446 7033
f 6860 6041 5541
f 4497 6346 6934
f 4039 5542 5280
f 4039 5049 7446
f 7012 5543 4671
f 4595 7031 7152
f 4021 5544 5371
f 4021 6822 5544
f 7480 5545 4784
f 4533 5174 7274
f 6622 5546 4715
f 37 6658 5546
f 7098 5547 4800
f 3980 6119 5547
f 87 5548 4983
f 86 85 7119
f 7165 5549 64
f 6718 4226 5055
f 6968 5550 4654
f 5052 4224 5550
f 7244 5551 4281
f 4948 7201 5551
f 6287 5552 3954
f 4492 6286 5552
f 3964 5553 4969
f 3964 6057 5553
f 7139 5554 4339
f 4187 6919 5554
f 5923 5555 4420
f 6997 6592 4583
f 6518 5556 4333
f 6610 4349 5661
f 6360 5557 4683
f 4144 6082 5557
f 7402 5558 4773
f 7105 4683 7106
f 4987 7278 4422
f 4060 5080 7187
f 5310 6070 4099
f 5559 4475 5560
f 5610 5561 4430
f 4422 5560 5561
f 5965 5562 4407
f 4948 6541 5562
f 6737 5563 4321
f 4619 6738 5563
f 7075 5564 4321
f 4676 7285 7621
f 6564 5565 4491
f 7345 4589 6225
f 7405 5566 4782
f 6360 4144 5557
f 7031 5567 4007
f 4595 5506 7185
f 4881 5568 4075
f 4881 4296 5568
f 5804 5569 4087
f 6953 5019 6843
f 7146 5570 4712
f 4236 5253 5570
f 5783 5781 5571
f 4398 5816 5571
f 6445 5572 5180
f 7353 4816 5572
f 5052 5573 4224
f 7289 6598 4662
f 7609 5574 4157
f 7443 4295 5574
f 5642 5575 4638
f 4707 6690 5575
f 6042 5576 4453
f 4441 6136 6790
f 6659 5577 4322
f 4665 7013 7529
f 5262 6996 4562
f 4084 4899 5578
f 7391 5579 4767
f 7422 4768 5579
f 6579 5580 6578
f 7421 4768 5580
f 6998 5581 4775
f 5124 4977 6869
f 5907 6289 4548
f 6419 4549 5722
f 6195 6214 3989
f 4366 5584 7297
f 7297 5584 4688
f 4366 5722 7355
f 7547 5585 4903
f 4293 5488 5585
f 5177 6673 4327
f 6673 6654 5586
f 5005 6943 4229
f 4621 6755 5587
f 4327 5588 5177
f 6755 4621 6650
f 7484 5589 4326
f 4039 6989 5589
f 5089 5590 4326
f 48 47 7233
f 4312 5591 4924
f 4312 5312 5591
f 6787 6615 5592
f 4496 7341 6801
f 5091 7210 4284
f 4957 4325 5593
f 5812 5594 4325
f 3971 5189 5594
f 7148 5595 4325
f 4067 5092 5595
f 7601 5596 4769
f 7395 5170 103
f 3880 7333 3879
f 4781 7332 5597
f 6489 5598 4129
f 4629 6861 5598
f 4881 5599 4330
f 4075 5417 7272
f 5227 6150 4024
f 4881 4330 5600
f 7236 5601 4108
f 7414 4834 5601
f 5152 5602 4046
f 5152 4740 5602
f 7603 5603 4145
f 4678 6726 5603
f 5928 5604 4472
f 5009 4473 5604
f 192 5605 191
f 5870 4313 6133
f 4027 6267 5040
f 7318 5211 4199
f 5330 5607 4274
f 5330 4168 6015
f 7296 5608 4074
f 4783 6564 5608
f 6054 5609 4088
f 5609 6259 6142
f 3963 5610 5081
f 5524 4422 5610
f 4890 5611 4090
f 4336 4962 5611
f 5099 5612 3991
f 4663 6527 5612
f 7560 5613 7478
f 5159 4052 5613
f 7279 5614 4725
f 4029 7401 6359
f 5614 7546 4725
f 4333 6280 5615
f 4479 6297 5024
f 3958 6223 5616
f 4334 5617 5273
f 4334 5616 6547
f 5135 5618 3939
f 5135 4379 5618
f 6442 5619 4619
f 4709 6619 5619
f 5466 5620 4822
f 5739 4504 5097
f 4883 5621 4032
f 4340 7205 6999
f 6112 5622 4093
f 4340 4883 5622
f 6403 7222 5168
f 4506 5167 5623
f 5443 5624 4718
f 4301 4936 5624
f 6612 5625 6034
f 4456 6022 5625
f 5782 5626 4865
f 4350 5737 5626
f 4966 5627 4357
f 3943 7124 5627
f 7290 5628 5185
f 4516 5056 7413
f 4028 5629 4977
f 4028 6554 5629
f 4442 5630 5045
f 4442 4944 6121
f 4356 5631 5183
f 4356 4876 5631
f 3969 5632 4894
f 7118 4692 5632
f 4893 5633 4032
f 4341 5187 5633
f 5194 5634 4435
f 5194 4646 6878
f 6683 5635 4610
f 4592 6644 5635
f 7075 5636 4676
f 5323 4696 6993
f 5440 7214 4461
f 45 44 5637
f 16 6258 17
f 4505 6054 5638
f 7270 6535 4514
f 4850 7527 5639
f 6305 5640 4639
f 4494 7265 5640
f 6091 5641 4550
f 5058 7249 5641
f 6133 5642 4638
f 4157 5574 5642
f 3898 5643 3897
f 4693 5613 7560
f 4877 5644 4342
f 4162 6514 5644
f 4342 5645 5346
f 4342 5644 5645
f 4832 5646 4347
f 4013 6220 5646
f 4833 5647 5164
f 4172 4832 5647
f 5646 7427 4347
f 4748 7094 5648
f 4031 5649 4895
f 4031 6553 5649
f 4894 5650 3969
f 4345 5050 5650
f 5649 5651 4895
f 4345 4894 5651
f 4132 5652 5051
f 7062 5263 7088
f 7366 5653 4813
f 4771 7577 7484
f 6571 5654 4594
f 6972 3945 5190
f 6511 5655 4536
f 178 179 5655
f 6385 5656 4558
f 4811 7016 5656
f 6667 5657 4578
f 5257 4058 5657
f 5087 5658 4008
f 5087 4350 5658
f 7295 5659 5011
f 4232 5149 5659
f 5692 5660 4349
f 4220 5106 6236
f 5716 5661 4349
f 4691 5495 5661
f 5869 5662 4150
f 4357 5627 5662
f 7013 5663 111
f 4665 6324 5663
f 7036 5664 4452
f 4396 5203 5664
f 6824 5665 4716
f 4396 5008 5665
f 5125 5666 3968
f 4653 6973 5666
f 4170 5667 4899
f 4170 6853 5667
f 6715 5668 4035
f 6534 4192 4951
f 4165 5669 4893
f 4894 5632 5669
f 201 5670 200
f 4801 6942 5670
f 6908 5671 4167
f 6906 4046 5822
f 5142 5672 4188
f 5142 4381 5672
f 7391 5673 4133
f 4382 5596 7601
f 7264 7017 4176
f 6115 4074 6156
f 4627 5675 5067
f 4627 6251 5675
f 6814 6410 5676
f 6292 4059 6850
f 5425 5677 4066
f 5425 4355 6746
f 4186 6126 6509
f 4551 6125 5678
f 6763 5679 4380
f 4837 6330 5679
f 4871 5680 4380
f 4093 5788 5680
f 4080 5681 5002
f 7426 5238 4837
f 5171 5682 4617
f 6641 4702 7154
f 5458 5683 4207
f 4738 4990 5683
f 7284 5684 4251
f 7256 4584 5811
f 6472 5685 4104
f 4685 6409 5685
f 6574 5686 4078
f 4365 5687 5686
f 5137 5687 4365
f 6542 5047 6709
f 6507 5688 4082
f 4535 5419 5688
f 4661 5689 5195
f 4661 7030 6823
f 7602 5690 174
f 4395 5419 5690
f 180 5691 5074
f 181 6767 5691
f 6519 5692 4815
f 5107 5660 5692
f 7258 5693 6994
f 4728 5798 5693
f 5312 7170 4515
f 5392 4070 5694
f 6182 5695 4640
f 4801 7525 5695
f 7056 5696 4618
f 6538 4568 5428
f 7588 5697 4135
f 4814 7590 5697
f 7074 5698 4676
f 4758 7277 5698
f 6527 5699 4664
f 6333 4650 7090
f 5666 5700 3968
f 5002 6349 5700
f 5203 5701 3982
f 5203 4373 5701
f 7356 5702 5358
f 4311 5435 5702
f 6558 5703 4667
f 4353 5705 6524
f 6558 7543 4353
f 4886 7357 5704
f 5704 7027 4353
f 4015 7533 6537
f 5093 5706 3981
f 4411 5948 6025
f 7517 5707 4796
f 4626 5842 5707
f 6488 5708 4630
f 3927 3928 5708
f 6983 5709 4985
f 4610 5635 5709
f 5075 5710 5505
f 5075 4264 7330
f 5712 5711 4391
f 4633 5764 5711
f 5030 5712 4391
f 4212 5150 6940
f 6580 5713 4650
f 5114 7253 5713
f 6681 5714 162
f 7406 4766 5714
f 7135 5715 4737
f 6556 5113 4527
f 5660 5716 4349
f 7227 4109 7536
f 7088 5717 4761
f 4216 5121 6946
f 5471 6661 4367
f 5133 4419 5718
f 4344 5719 4942
f 5289 4031 5719
f 6462 7367 4480
f 3998 6948 5720
f 5003 5721 4357
f 5003 6317 5721
f 5582 5722 4366
f 4549 6563 5722
f 4532 6086 7103
f 4033 4860 5723
f 4753 5724 5044
f 4152 5470 5724
f 6923 5725 4749
f 6927 5511 4609
f 4788 5726 5384
f 4361 6116 5726
f 4939 5727 4448
f 4939 7125 5974
f 5774 5728 4618
f 4655 5875 5728
f 6796 5729 4766
f 7037 60 59
f 6196 5730 4161
f 5049 4363 5730
f 5224 5731 4328
f 6700 5078 5223
f 7500 5732 3975
f 4364 5733 7557
f 5731 5733 4364
f 4088 6829 5733
f 5728 6275 4618
f 5682 4114 5734
f 6379 5735 4841
f 4105 6495 5735
f 3904 6988 4943
f 5000 5532 5736
f 5188 5737 4350
f 5188 4233 5737
f 5824 5738 4697
f 4104 5813 5738
f 3953 5739 5620
f 3953 5191 5739
f 6322 5740 4593
f 4145 5603 5740
f 4226 5741 5056
f 4226 4944 5741
f 6407 5742 4503
f 5110 4035 5742
f 5101 5743 4235
f 4503 5742 5743
f 6906 5744 4046
f 4674 6907 5744
f 6494 7614 4659
f 6477 4731 6231
f 5600 5746 4892
f 4891 6158 5746
f 5057 5747 4113
f 5057 5779 5747
f 4407 5748 4854
f 4407 6279 5748
f 7619 5749 4156
f 5451 6749 5749
f 6912 5750 4703
f 3909 3910 5750
f 3994 5751 5401
f 3994 4935 5751
f 4359 5752 4914
f 4793 6210 5752
f 5611 5753 4090
f 5611 4962 5753
f 5755 5754 4397
f 4777 7443 7609
f 5756 6888 4397
f 4019 5505 5755
f 6888 5756 4642
f 4397 5333 5756
f 5402 5757 4870
f 4159 5232 5757
f 6245 7369 3979
f 4446 7183 5758
f 5942 5759 4044
f 5370 4282 5759
f 6664 5760 4606
f 5021 4197 7510
f 98 6797 99
f 5853 4133 5673
f 7081 5762 4736
f 4118 4919 5762
f 6001 5763 4128
f 4859 7082 5763
f 5711 5764 3977
f 7539 5763 4386
f 7571 5765 4846
f 6413 4978 6566
f 7253 5766 4227
f 4515 5694 6856
f 4367 5767 5406
f 5264 95 5767
f 5 5768 6
f 6356 4918 4427
f 7068 5769 5033
f 4148 6526 5769
f 4793 7447 5455
f 4359 4957 5770
f 4343 5771 4867
f 6818 4756 6621
f 5178 5772 4233
f 7536 4109 5773
f 5772 5773 4415
f 4109 6128 5773
f 5728 5774 4655
f 5696 3948 5774
f 4070 7001 5317
f 4384 6550 7399
f 7471 5776 4139
f 4394 5347 5776
f 5092 5777 4630
f 4067 5119 7134
f 6069 5778 4444
f 3929 3930 5778
f 4206 5779 5057
f 5261 4372 5779
f 5059 6263 4263
f 4651 6707 7015
f 5126 5781 3941
f 4398 5571 5781
f 4173 7044 4865
f 4673 5658 7474
f 5781 5783 3941
f 4375 5784 5783
f 5783 5784 5167
f 7299 4740 7300
f 5599 5785 4330
f 4559 6572 5785
f 5217 5786 5324
f 4045 4930 5786
f 5173 5787 4256
f 4401 5786 6427
f 5790 7496 4371
f 4570 5680 5788
f 5998 5789 4371
f 5106 4220 5789
f 7496 5790 4570
f 4371 5789 5790
f 4360 5791 5467
f 4360 5262 5791
f 6070 7191 4430
f 4061 5019 5792
f 3971 5793 5294
f 5366 4914 5793
f 6904 5794 4575
f 4112 5360 7308
f 166 7467 165
f 7543 5704 4353
f 6047 7354 4449
f 4101 5498 5796
f 3889 5797 3888
f 4551 6126 5797
f 5693 5798 4120
f 7137 4303 7339
f 6572 7514 3965
f 4751 7371 5799
f 5034 5800 4399
f 4262 5154 5800
f 4432 5801 5016
f 4432 5156 5801
f 6432 5802 4613
f 6845 4544 5156
f 5016 5803 4432
f 6551 4896 6032
f 5569 5804 4460
f 5434 4311 7356
f 5142 5805 4381
f 5142 6736 5805
f 6527 5806 4106
f 4663 5672 5806
f 6783 5807 4117
f 4400 5937 5807
f 4385 5808 4889
f 4385 6772 5808
f 6772 5809 4672
f 4385 5338 7435
f 4905 5810 3960
f 4905 4346 5810
f 6742 5811 4584
f 5688 4395 5811
f 5594 5812 5366
f 4325 4957 5812
f 5738 5813 4698
f 4104 5685 5813
f 6649 5814 4402
f 3966 4959 5814
f 6473 5815 4960
f 4402 5814 5815
f 4194 5816 5267
f 4750 5571 5816
f 6449 5817 4845
f 4524 5085 5817
f 4947 5818 4208
f 4947 4374 5818
f 6631 7442 4563
f 4615 5919 6819
f 5848 5820 4037
f 4826 7158 5820
f 6765 5821 3944
f 4393 5131 5821
f 7144 5822 4046
f 5517 4377 5822
f 7323 5823 4809
f 4377 7552 5823
f 5825 6472 4394
f 4104 5738 5824
f 5278 7347 4017
f 6472 5824 4394
f 3897 5826 3896
f 4488 6752 5826
f 4409 5827 5338
f 4409 6932 6792
f 7340 5828 4190
f 5066 4929 5828
f 4141 5829 4842
f 4141 6087 5829
f 6670 5830 4390
f 4718 5624 5830
f 7192 5831 4018
f 4390 5830 7219
f 5833 5832 4553
f 4119 6336 5832
f 5864 5833 4553
f 7045 5233 6129
f 5417 7542 4559
f 4198 6991 5834
f 6677 5835 4074
f 4569 5836 5835
f 5356 5836 3962
f 4476 5835 5836
f 6156 7461 4552
f 4476 5355 5837
f 5048 6532 4121
f 4424 6897 5838
f 5901 5839 4624
f 4090 5041 5839
f 4668 7007 5041
f 3995 6726 6897
f 5490 5841 4414
f 5490 4072 5841
f 5707 5842 4130
f 5512 4680 5842
f 5326 5843 4383
f 4028 7247 5843
f 5525 6978 4163
f 4383 5843 5844
f 4265 7010 5294
f 4671 5189 5845
f 7039 5846 5146
f 5618 4850 5846
f 4216 5847 5121
f 6929 4739 7260
f 4994 5848 4037
f 4392 6608 5848
f 7216 5849 4272
f 4786 7215 5849
f 5239 7166 4451
f 4743 5921 5850
f 6589 5851 4892
f 4451 5376 7503
f 6050 6787 4582
f 4113 5747 5852
f 4519 5853 5761
f 4519 7460 5853
f 6340 6852 4577
f 5756 4078 5854
f 7102 5855 4684
f 4849 6383 5855
f 7079 5856 4033
f 5003 4357 5856
f 6275 5857 4617
f 4131 6260 5857
f 7133 5858 4228
f 4843 6026 5858
f 5860 5859 4425
f 4701 5884 5859
f 4962 5860 4425
f 3967 6812 5860
f 5027 5861 4403
f 3961 5965 5861
f 4586 5862 5546
f 4132 5200 7334
f 7019 5863 4095
f 4391 6068 5863
f 6830 6911 4553
f 6795 4766 7406
f 4051 5865 5454
f 7182 4803 7183
f 6164 5866 4150
f 4446 7369 5866
f 5075 5867 4264
f 4579 6379 5867
f 7444 5868 5135
f 4908 6370 5868
f 5662 5869 4860
f 4150 5866 5869
f 4658 5870 5605
f 4658 5970 5870
f 4996 5871 3974
f 4996 4249 7465
f 4611 5872 5470
f 4611 6429 6643
f 5492 7304 4975
f 4388 5007 6469
f 6807 5874 4805
f 4753 7136 5874
f 5728 5875 4131
f 4655 6007 6035
f 5798 7339 4727
f 4303 4885 5876
f 4984 5877 4124
f 4984 4309 6504
f 5492 5878 4388
f 5492 5223 5878
f 4270 5879 5100
f 4270 5007 5879
f 5608 6564 4332
f 4491 5963 5880
f 7533 5881 4907
f 4015 4880 5881
f 4879 5882 4159
f 4404 4880 5882
f 5827 6792 4089
f 4907 5881 5883
f 6596 5884 4701
f 7228 5270 6203
f 7196 5885 4648
f 3997 5270 5885
f 4170 5886 4900
f 4899 6398 5886
f 6693 6710 5184
f 4887 7619 5887
f 6696 5888 4955
f 4469 4935 5993
f 4260 5889 5286
f 5285 4166 7291
f 7162 5890 4000
f 4628 6608 5890
f 5976 7198 4733
f 4711 6384 5891
f 5083 5892 4409
f 4204 6337 5892
f 5024 5893 4177
f 5024 4334 5893
f 4439 5894 5716
f 4439 5187 5894
f 5307 5895 4474
f 4434 5343 5895
f 7071 5896 4434
f 3994 5401 7041
f 6392 5897 4564
f 7338 6189 3986
f 4819 5898 5409
f 7247 4028 4977
f 3950 5899 5173
f 3950 5218 5899
f 6752 6188 4988
f 4726 6309 5900
f 6273 5901 4624
f 4890 4090 5901
f 3962 5902 5356
f 7024 5196 6148
f 7271 5903 4066
f 4417 5991 7453
f 5905 5904 4412
f 5230 4085 5904
f 5230 5905 4279
f 5230 5904 5905
f 7416 5906 3934
f 113 112 6424
f 6218 5907 4169
f 4882 6464 6289
f 7418 5908 4971
f 4821 6080 7257
f 6555 6219 4657
f 195 196 5909
f 3867 5910 3866
f 4764 6006 6423
f 7359 5911 4289
f 5229 6192 5911
f 6873 5912 4413
f 4054 5197 5912
f 6011 5913 4143
f 5080 4512 5913
f 6257 5914 4530
f 3990 7411 5914
f 6960 5915 4961
f 4222 6106 6944
f 4437 5916 5134
f 5916 7224 6399
f 6583 5917 4352
f 4704 6964 5917
f 5390 5918 4097
f 4917 4405 5918
f 6354 6593 4615
f 4193 6966 5919
f 5960 5920 4844
f 4336 4890 5920
f 5304 5921 4743
f 5535 4053 5921
f 5116 5922 5568
f 4420 5555 5922
f 5555 5923 4868
f 4420 5147 5923
f 4280 5924 5232
f 5157 4368 5924
f 7032 5925 4898
f 4178 6701 5925
f 5451 7038 3991
f 4433 4981 5926
f 4208 5928 4947
f 7445 4908 7444
f 5927 5928 4472
f 7440 5009 5604
f 4416 5929 5348
f 4416 5010 5929
f 5956 7131 4416
f 4224 4923 5930
f 6891 5931 4744
f 4225 5204 6914
f 28 5932 29
f 4513 5112 5932
f 6714 5933 4972
f 4628 5151 5933
f 5515 5934 3925
f 4541 6332 5934
f 4448 5935 4939
f 4989 7206 5935
f 4398 5936 4968
f 4398 5781 5936
f 6194 5937 4400
f 4760 7382 5937
f 7405 5938 3947
f 4400 4857 5938
f 6526 5939 4765
f 7057 4709 6617
f 4237 6147 4998
f 4421 5445 5940
f 6699 5941 4699
f 4490 5447 6492
f 7246 5942 4440
f 4817 5759 5942
f 6038 5943 4252
f 4440 5942 5943
f 5131 5944 4529
f 4103 6714 6880
f 6736 5945 4083
f 4622 5946 5945
f 6805 5946 4622
f 3944 5821 6751
f 6504 5947 4588
f 4796 7048 7315
f 6680 5948 5023
f 7438 4797 5948
f 3970 5949 5445
f 3970 6198 5949
f 5093 5950 4411
f 5093 6418 5950
f 5309 5951 4073
f 6539 4299 5408
f 7320 5952 4065
f 4787 5953 5952
f 7018 5953 4787
f 4153 6604 5953
f 4967 5954 4406
f 4184 6525 5954
f 7492 5955 4246
f 7491 3972 6922
f 6969 5956 4009
f 7131 5930 4416
f 4368 5957 5418
f 5157 169 5957
f 4556 5958 5654
f 4556 5414 7314
f 5453 5959 4596
f 7080 6001 4128
f 4336 5960 4915
f 4844 6458 5960
f 4320 5961 5464
f 5079 7401 6706
f 6817 5962 4835
f 4016 5336 5962
f 5880 5963 4056
f 6233 4242 5133
f 7423 5964 5069
f 4393 5103 5964
f 4854 5965 4407
f 7201 4948 5562
f 6745 5966 5198
f 4597 6758 5966
f 7018 5967 4153
f 4952 5968 5967
f 6119 5968 4952
f 3980 5439 7175
f 4147 5969 4884
f 4147 5214 5969
f 6773 5970 4658
f 5132 4313 5970
f 5986 5971 4785
f 4154 5134 5971
f 4915 5972 4336
f 4915 5493 5972
f 6791 5973 4410
f 4096 6663 5973
f 5727 5974 4101
f 5727 4939 5974
f 5088 5975 4102
f 5088 4358 7190
f 5981 6160 4734
f 7198 5891 4733
f 6375 5977 4094
f 5067 6417 7050
f 4034 5978 4917
f 4034 6729 5978
f 6847 5979 4643
f 4298 5485 5979
f 5601 5980 4108
f 4834 6490 5980
f 6695 5981 4004
f 4652 6160 5981
f 5584 5982 4688
f 4181 5137 5982
f 4582 5983 5852
f 4608 5678 5983
f 6318 5984 5043
f 4283 5018 5984
f 5973 5985 4410
f 5022 7510 5985
f 5971 5986 4154
f 7300 4254 5784
f 5027 5987 5031
f 4403 5438 5987
f 7181 5988 4142
f 4789 7488 5988
f 4120 5989 4979
f 4120 4835 5989
f 5336 6274 4431
f 4144 6360 5990
f 5992 5991 4417
f 33 32 7506
f 33 7386 34
f 4417 7260 5992
f 6601 5993 4935
f 4094 5888 5993
f 5361 5994 4136
f 5361 4682 7346
f 5527 5995 4682
f 4195 4931 5995
f 4931 5996 4481
f 3951 6003 7143
f 7023 5997 4700
f 4528 6454 5997
f 5789 5998 5106
f 4883 4032 5998
f 6000 5999 4418
f 4007 5567 6111
f 5118 6000 4230
f 4418 6431 6000
f 5763 6001 4859
f 4128 5959 7080
f 7574 6002 4846
f 7483 4848 6938
f 7571 6003 3951
f 4846 6002 6003
f 7143 7576 4690
f 4423 6938 6806
f 6430 6005 4038
f 4789 5411 6005
f 6356 6006 4918
f 6423 5910 4764
f 6872 7515 4656
f 4107 6035 6007
f 4099 6009 5310
f 4435 6202 6008
f 6008 6009 4435
f 6008 5310 6009
f 6899 6010 4304
f 4992 7114 7053
f 5913 6011 5080
f 6877 4646 6879
f 5729 6012 159
f 5729 4670 6012
f 6886 6013 4447
f 4831 6088 6013
f 7237 6014 3981
f 4792 6886 6014
f 7379 6015 4847
f 4478 5607 6015
f 5228 6016 4071
f 5228 4996 6016
f 4996 6017 4478
f 3974 5329 6017
f 7036 6018 5008
f 4452 7281 6018
f 4259 6019 5061
f 4259 4983 6019
f 5332 6020 4050
f 5604 4473 6020
f 6022 6021 5192
f 4456 4942 6021
f 5262 6022 4084
f 5262 5625 6022
f 4300 6023 5176
f 4300 5200 6784
f 9 6371 10
f 4511 6992 6024
f 5706 6025 4318
f 5706 4411 6025
f 6227 6026 4843
f 4162 4877 6026
f 7188 6027 4840
f 4839 6998 6027
f 7316 6549 6028
f 4545 5361 6028
f 5339 6029 4419
f 97 96 6029
f 5133 6030 4419
f 4242 5207 7460
f 5697 6031 4771
f 4363 5049 6031
f 7348 6032 4896
f 4138 5004 6032
f 5388 6033 4604
f 4603 6319 7019
f 6980 6034 4938
f 3976 6612 6034
f 4655 6035 5875
f 4107 5210 7020
f 4034 6036 5499
f 4034 5043 6036
f 6526 6037 4557
f 4765 7220 6037
f 4045 6399 4930
f 4719 5943 6038
f 6007 6039 4656
f 5774 3948 6039
f 4991 6040 3923
f 4991 6902 6040
f 5218 6041 4253
f 4497 5541 6041
f 5141 6042 4453
f 4044 5129 6552
f 4287 6043 5397
f 4287 5396 6043
f 5450 6044 4735
f 4108 5050 6044
f 6293 6045 4412
f 5514 4338 6045
f 5679 6046 4871
f 5082 4305 6046
f 5362 6047 4449
f 4448 5727 6047
f 4335 6855 5465
f 4916 6207 6048
f 4582 6049 4963
f 4582 5299 6049
f 6212 6050 4963
f 6787 4608 5983
f 7606 6051 4483
f 3979 6100 6051
f 4212 6319 5029
f 4603 5388 6421
f 7169 7127 6053
f 4174 5345 7499
f 5224 7550 4088
f 4637 5638 6054
f 5429 7540 4308
f 7572 4168 7574
f 5373 6056 4470
f 6060 5351 4339
f 6864 6057 4845
f 4470 6859 6057
f 5373 6058 4052
f 6864 4845 7487
f 4954 6059 5236
f 4681 5305 7378
f 4686 6060 6056
f 4686 6010 7053
f 5140 6061 4252
f 4561 6427 6061
f 51 6062 52
f 4873 6960 6062
f 5027 6063 3961
f 5027 4210 6064
f 6063 6064 4531
f 6063 5027 6064
f 7495 6065 4454
f 4829 6118 6065
f 7442 6066 4861
f 4142 7173 6066
f 7231 6067 3949
f 4454 7095 6067
f 6251 6068 4391
f 7494 4094 5993
f 5778 6069 5090
f 4444 5091 6069
f 4937 6070 5310
f 4430 5561 6070
f 5078 6071 4802
f 4956 4329 6071
f 4474 6072 4912
f 4474 5750 6072
f 5136 6073 4429
f 5136 7119 6073
f 7317 6074 4776
f 4429 6073 6074
f 7380 6075 4510
f 3995 5840 7007
f 6327 6076 4110
f 5028 4510 6076
f 7504 6077 4795
f 4510 6075 6788
f 7279 6078 4029
f 4909 5893 6078
f 7179 6079 4744
f 7164 4457 6196
f 6357 6080 4495
f 3885 3886 7257
f 6687 6081 4587
f 4730 6885 6081
f 6274 6082 4144
f 6780 4840 7189
f 7327 6083 4016
f 4838 7329 6083
f 6083 7329 4458
f 4146 7188 6084
f 5095 6085 4117
f 4532 5399 6085
f 5095 7585 4532
f 5123 7079 6086
f 7184 6422 6087
f 4445 6089 6087
f 6013 6088 4051
f 4831 6636 6666
f 6087 6089 4863
f 4445 6666 6089
f 6448 6457 5077
f 4631 6400 6090
f 5350 6731 4550
f 3891 3892 6091
f 5916 6092 5134
f 4045 5217 6092
f 6110 6093 4438
f 5216 4005 6093
f 4199 6094 5502
f 4199 5039 6094
f 4461 6095 5440
f 4461 5039 6095
f 5300 6096 4885
f 4489 5286 6096
f 6913 6097 4838
f 4387 7051 6097
f 6520 6098 5296
f 4933 7556 6098
f 6688 6099 4842
f 4450 5060 6099
f 6051 6100 5276
f 3979 5758 7163
f 5276 6101 4151
f 4450 6688 6101
f 5171 6102 4001
f 5857 4756 6102
f 7064 6103 5379
f 4351 5380 6103
f 6976 6104 4607
f 4190 6916 6104
f 5204 6105 4566
f 4225 7611 6105
f 6944 6106 5053
f 4222 6958 6106
f 5106 6107 4439
f 4032 5633 6107
f 5675 6108 4464
f 3977 6920 6108
f 6497 6109 4464
f 4737 5841 6109
f 5217 6110 4438
f 5217 4253 6110
f 5999 6111 4859
f 5999 4007 6111
f 4871 6112 4093
f 4871 4305 6112
f 7136 6113 3936
f 5209 4954 6113
f 7037 6114 60
f 5045 5630 6114
f 4589 6115 5674
f 6115 7345 7296
f 5726 6116 5398
f 4361 5054 6116
f 7246 6117 4817
f 4818 7267 6117
f 5510 6118 4829
f 4455 7218 7320
f 6995 6119 4455
f 3980 5968 6119
f 5491 6120 4239
f 5491 4457 6120
f 5630 6121 62
f 5630 4442 6121
f 69 6122 5073
f 68 6452 6122
f 6281 6123 4571
f 5583 4688 6123
f 6123 6124 4571
f 6123 4688 6124
f 5678 6125 4113
f 4551 5350 6125
f 7418 6126 4186
f 4971 5797 6126
f 7063 6127 4786
f 4246 6703 6127
f 4341 6128 5187
f 4341 5632 6128
f 4667 6129 5233
f 4667 5703 6129
f 6998 6130 4127
f 4839 4429 7317
f 5166 6131 4657
f 4189 5412 6131
f 6277 7618 4849
f 5341 6454 6132
f 5507 6133 4313
f 5507 4157 6133
f 6303 6134 5048
f 4509 5083 6134
f 6968 6135 5550
f 4218 6386 7583
f 6655 6136 4441
f 3938 5252 6136
f 7303 6137 4806
f 4022 5101 6137
f 7302 6138 4158
f 4806 6137 6138
f 7365 6139 7252
f 4443 5101 6139
f 7259 6140 4054
f 4487 6672 6140
f 5518 7505 4704
f 4092 5296 6141
f 5609 6142 4901
f 5609 4505 6259
f 6967 6143 4821
f 5001 4086 7040
f 6741 6675 4879
f 4649 6956 6144
f 4369 6145 5033
f 5305 4681 6559
f 5434 6146 4311
f 4580 6588 6146
f 4421 6147 5127
f 5940 4998 6147
f 4243 6148 5196
f 4243 4828 7265
f 4214 6149 4990
f 4214 5085 6149
f 4024 6150 5600
f 5227 4296 6150
f 6929 6151 4739
f 5263 4586 6151
f 5140 6152 4006
f 4453 6785 6152
f 5318 6153 4521
f 3972 7491 6153
f 7004 6965 6154
f 4521 6153 6154
f 6856 6155 4757
f 4070 5317 6155
f 6115 6156 4552
f 4074 5835 6156
f 7610 6157 4072
f 4463 6304 6157
f 5746 6158 4160
f 4891 6159 6158
f 3965 6159 4891
f 3965 5154 6159
f 4734 6160 5976
f 4652 5117 6160
f 6875 6161 4208
f 4825 7528 6161
f 7298 6162 4509
f 4204 5892 6162
f 73 6163 5077
f 73 72 6163
f 7123 6164 4150
f 4462 6165 6164
f 5454 6165 4462
f 5865 4446 6165
f 5075 7544 4579
f 4019 5433 6166
f 5750 6167 4703
f 5895 4115 6167
f 5261 6168 4372
f 5261 4002 6168
f 5359 6169 4459
f 4014 6561 6169
f 6169 6170 4459
f 5076 4189 6170
f 4646 6171 5386
f 4143 5290 6171
f 4968 6172 5267
f 4968 7255 6172
f 4155 6173 5045
f 4155 6911 6173
f 6394 6174 4906
f 4781 7333 6174
f 5124 6175 4219
f 4602 7054 6175
f 6955 6176 4187
f 4866 6483 6530
f 4277 6238 5318
f 7263 4745 7262
f 6328 6178 5073
f 4591 5441 6178
f 7360 6179 4874
f 4501 5084 6179
f 7060 6180 3940
f 4501 7360 6180
f 4501 6181 5084
f 4501 4924 6181
f 5915 6183 4640
f 4202 6942 6182
f 6182 6183 4202
f 6182 4640 6183
f 5683 6184 4980
f 4990 6415 6184
f 35 7261 36
f 4739 6151 6185
f 6503 6935 4030
f 4978 7595 7295
f 6024 6187 11
f 4779 7047 6187
f 4988 6188 5900
f 4207 5683 6276
f 6542 6189 5047
f 3986 5897 7338
f 7397 6190 4179
f 4874 6191 6190
f 6190 6191 4499
f 4874 6179 6191
f 7497 6192 4752
f 4152 7234 6192
f 6431 7549 4810
f 3921 3922 6193
f 5938 6194 4400
f 7449 4134 7381
f 5132 6195 5508
f 4548 6214 6195
f 7446 6196 4457
f 5049 5730 6196
f 6489 6197 4770
f 4129 5380 7281
f 5949 6198 4662
f 3970 4923 6198
f 5299 6199 4112
f 5299 4372 6199
f 5325 6200 4855
f 4192 5234 6200
f 4895 6201 4504
f 4895 5651 6201
f 6008 6202 5311
f 4435 7567 6202
f 6825 6203 5270
f 4795 6077 6203
f 4100 6204 5802
f 4100 4997 6204
f 6074 6205 4776
f 81 6698 6205
f 5388 6206 3914
f 4604 5226 6206
f 6900 6207 4916
f 5096 3900 6207
f 6292 6850 5111
f 4468 6241 7325
f 4477 6209 5414
f 4477 5304 6209
f 6699 6210 4490
f 4076 5752 6210
f 6210 6211 4490
f 4793 5455 6211
f 6146 6588 4467
f 3985 6050 6212
f 6212 6977 4467
f 4575 6240 6213
f 5582 6214 4548
f 5582 4366 6214
f 4356 6215 4876
f 5282 7195 6215
f 4014 6216 5202
f 5053 4362 6216
f 7197 6217 4506
f 4933 7555 6217
f 6773 6555 4169
f 6131 4882 6218
f 7575 6219 5046
f 194 195 6219
f 4748 6220 5478
f 4013 5114 6220
f 198 6531 197
f 4645 6890 6221
f 5486 6222 4149
f 5316 4465 6222
f 5617 6547 4543
f 3958 5526 6223
f 4902 6351 4166
f 6616 4259 6889
f 5565 6225 3978
f 5565 4783 7345
f 6328 6226 4205
f 6122 4593 6226
f 6026 6227 4162
f 4843 6949 7479
f 4741 6228 5745
f 7241 4136 6476
f 4091 6229 5533
f 4091 6819 6229
f 5301 6230 4378
f 5301 7375 7565
f 5509 6231 4731
f 4125 6885 6508
f 4143 7594 5290
f 4823 5501 6232
f 4491 6233 5963
f 4491 5565 7211
f 5953 6604 4967
f 4759 7176 7160
f 4285 7569 5341
f 5328 3871 6235
f 4439 6236 5106
f 4439 5716 6236
f 6238 6237 4466
f 4055 6300 6237
f 7430 6238 4277
f 5319 6237 6238
f 6237 6239 4466
f 4932 4177 6239
f 6213 6240 4059
f 4575 5794 6835
f 7325 6241 5173
f 6241 6835 6637
f 5441 6242 4590
f 4591 6327 6242
f 4102 6243 5117
f 5975 5065 7606
f 5198 6244 4828
f 5198 4004 6918
f 7190 6245 5065
f 4913 7369 6245
f 7410 6246 4500
f 3990 5377 7489
f 7554 6247 4976
f 4064 5084 7407
f 6247 6248 4976
f 4500 6246 6248
f 57 6249 201
f 56 7525 6249
f 7279 7328 4909
f 5266 4745 6250
f 6068 6251 4627
f 5711 3977 6251
f 5246 6252 4641
f 4060 7278 6252
f 6197 6253 4770
f 5664 3982 6253
f 5358 6254 4460
f 5358 3963 6254
f 4516 6255 5056
f 4516 6713 6255
f 7290 6256 4516
f 4121 6896 6256
f 6880 6257 4530
f 5377 3990 6257
f 5638 6258 4505
f 16 15 6258
f 6258 6259 4505
f 4945 4191 6259
f 5857 6260 4756
f 4131 6482 6260
f 5394 6261 4241
f 5394 4298 6847
f 3921 6262 3920
f 3921 6193 6262
f 4263 6263 5780
f 5059 4433 6263
f 4154 6264 5538
f 5152 4376 6264
f 6720 7117 5248
f 5139 7602 6265
f 6798 6266 5159
f 4304 6010 6266
f 5606 6267 4878
f 5606 5040 6267
f 4471 6268 5068
f 4471 5102 6268
f 5102 6269 3992
f 4473 5009 6269
f 5160 6270 4048
f 4471 5222 6270
f 5102 6271 4210
f 5102 4471 6271
f 5102 6272 4473
f 4210 5031 6272
f 6599 6273 4624
f 4889 6438 6273
f 5990 6274 4144
f 5336 4458 6274
f 5734 6275 4617
f 5728 4131 6275
f 7534 7111 4980
f 4726 6188 6276
f 4286 6277 4849
f 4286 5104 6277
f 7516 6278 90
f 4669 6351 6278
f 4049 6279 5372
f 4049 5213 6928
f 5556 6280 4333
f 5556 3942 6280
f 6838 6281 4689
f 3989 6123 6281
f 7584 6282 5052
f 4018 5831 6282
f 6602 7306 5158
f 5215 8 6283
f 6802 6284 4314
f 5239 4160 6284
f 6740 7128 4794
f 4724 6605 7200
f 7078 6286 4492
f 5042 4241 6286
f 5552 6287 4492
f 3954 7058 6287
f 4710 6288 6287
f 4173 4865 7077
f 4882 6289 5907
f 4068 5582 6289
f 5665 6290 4716
f 4086 5001 7341
f 4545 6291 5361
f 5415 4000 6291
f 4520 6292 5676
f 4520 5435 6292
f 6045 6293 5514
f 4412 7439 6293
f 6575 6294 4079
f 6779 5190 6295
f 6779 6295 4527
f 4414 5715 6295
f 4298 6296 5393
f 5394 5042 6296
f 5024 6297 5616
f 4479 5162 6297
f 4480 6298 5208
f 4480 5161 6298
f 4228 6299 5161
f 5162 4479 6299
f 5161 6300 4055
f 5161 6299 6300
f 7522 6301 4317
f 4950 5365 6301
f 5293 6302 4332
f 5293 4489 6302
f 5185 6303 4121
f 5185 4509 6303
f 4262 6304 5154
f 5155 6157 6304
f 7608 6305 4297
f 4494 5640 6305
f 6307 6306 4911
f 4484 5171 6306
f 5531 6307 4354
f 4484 6306 6307
f 6307 6308 4484
f 5531 4115 6308
f 3893 6309 5058
f 3893 3894 6309
f 4244 6310 5213
f 5214 7292 6310
f 6593 6311 4193
f 4920 4965 6311
f 6601 6312 4482
f 3994 5032 6312
f 6321 6313 4201
f 4482 6312 6313
f 5863 6314 4095
f 4605 6601 6314
f 7382 6315 4221
f 5122 6316 6315
f 6315 6316 4486
f 5122 6756 6316
f 6525 6317 4486
f 4184 5721 6317
f 5984 6318 4283
f 5043 4034 6318
f 6052 6319 4603
f 4212 5030 6319
f 7172 6320 4973
f 4872 7489 6320
f 7425 6321 4604
f 5163 6313 6321
f 5740 6322 4145
f 5367 4612 6322
f 4518 6323 5570
f 5119 4067 6323
f 7014 6324 4665
f 4273 5410 6324
f 7436 6325 4037
f 5012 6326 6325
f 6984 7250 4215
f 5659 4485 6326
f 7026 6327 4110
f 4591 6328 6327
f 5028 6328 4205
f 4591 6178 6328
f 6799 6329 4918
f 4275 7193 6329
f 5679 6330 4023
f 7587 4271 6341
f 4221 6331 5123
f 4486 5003 6331
f 6902 6332 4230
f 4991 5934 6332
f 4106 6333 5699
f 4106 6557 6580
f 4812 6334 5369
f 4181 5584 6334
f 6369 6335 78
f 4632 6652 6335
f 5832 6336 4534
f 4119 5703 6524
f 6471 6782 4204
f 4493 6537 6337
f 4352 6338 5010
f 4352 5128 6338
f 5549 6339 65
f 4612 5367 6339
f 4294 6340 5432
f 6852 4642 5854
f 6330 7587 4928
f 4271 5313 6341
f 4904 6342 5696
f 4904 4299 6539
f 6945 6343 4742
f 6039 3948 6343
f 5335 6344 4554
f 5522 4040 6344
f 5295 6345 4069
f 4554 5064 6345
f 7462 6346 4250
f 5240 6934 6346
f 4354 6347 5530
f 4354 5000 6347
f 6744 6348 4012
f 7284 4251 6686
f 5700 6349 4570
f 5681 4380 6349
f 6276 6350 4726
f 6276 4980 6350
f 6224 6351 4669
f 6224 4166 6351
f 5327 6352 4989
f 5327 4937 6352
f 6766 6353 5222
f 4600 6849 6353
f 6367 7321 3949
f 6593 4193 5919
f 7231 6355 4861
f 6354 4615 6355
f 5 6356 5768
f 5 4 6356
f 5379 6357 4495
f 5379 3883 6357
f 7104 6358 5437
f 4854 5748 6358
f 4029 6359 5614
f 5079 6733 6359
f 4695 6360 5566
f 4695 5990 6360
f 3956 6361 5369
f 6361 7179 7178
f 6392 7288 4098
f 4812 7282 6362
f 5029 6363 4212
f 5029 6364 6363
f 3917 6364 5029
f 3918 3919 6364
f 5175 6365 4522
f 4267 5284 6365
f 4085 6366 5284
f 4085 5230 6366
f 5175 6367 6067
f 4522 5269 6367
f 4774 6368 5473
f 4774 6771 6368
f 6335 6369 4632
f 77 5321 6369
f 5332 6370 4908
f 4925 4174 6370
f 6024 6371 4511
f 9 8 6371
f 5066 6372 4057
f 5066 6992 6372
f 6986 4215 7294
f 4542 5068 6373
f 7262 6374 4723
f 5266 4122 6374
f 4627 6375 6068
f 4627 5977 6375
f 4466 6376 6177
f 4466 6239 6376
f 7286 6377 4953
f 5427 4180 6377
f 3899 6378 3898
f 3899 5096 6378
f 5867 6379 4841
f 4579 5272 6379
f 40 6380 41
f 40 5199 6380
f 5416 6381 4973
f 4292 5452 6453
f 7023 6382 6383
f 4700 5390 6382
f 7023 6383 4528
f 6382 4097 6383
f 6385 6384 4711
f 4558 5147 6384
f 7086 6385 4711
f 4151 7454 6385
f 5923 6386 4218
f 5147 4558 6386
f 5461 7535 4063
f 4498 6388 6387
f 5107 6388 4220
f 5107 6387 6388
f 5125 6389 4498
f 5125 3968 6389
f 5674 7034 4176
f 5535 4477 6390
f 7288 6391 4812
f 4564 5137 6391
f 7432 6392 4098
f 4875 5897 6392
f 4102 6393 5088
f 5399 4532 6393
f 5598 7541 4129
f 4781 6174 6394
f 5654 6395 4556
f 4069 6577 6395
f 4900 6396 3953
f 4502 6397 6396
f 5192 6397 4502
f 4261 5191 6397
f 5192 6398 4084
f 4502 5886 6398
f 5916 6399 4045
f 5916 4437 7224
f 75 6400 76
f 4631 5321 6400
f 5254 6401 4255
f 4507 5487 6401
f 4969 6402 3964
f 4507 6401 6402
f 6404 6403 5256
f 4508 7222 6403
f 4255 6404 5256
f 4255 6401 6404
f 4993 6405 5430
f 4993 6723 6405
f 4022 6406 5101
f 4022 5108 6406
f 5108 6407 4503
f 4248 6585 6407
f 7274 6408 3993
f 5174 4363 6408
f 5685 6409 4679
f 4685 7347 6409
f 5250 6410 4258
f 5250 4520 6410
f 5238 6411 4271
f 5238 4513 6411
f 7593 6412 3938
f 7593 7592 6412
f 5098 6413 5765
f 5098 4232 7595
f 7313 6414 3999
f 4609 5156 6414
f 6184 6415 4002
f 4990 6149 6415
f 4265 6416 5295
f 5335 4554 6416
f 4262 6417 5155
f 5067 4464 6417
f 4149 6418 5407
f 4149 5950 6418
f 5582 6419 5722
f 4068 5205 6419
f 4013 6420 5114
f 4013 5312 6420
f 3915 6421 5388
f 3915 3916 6421
f 4141 7184 6087
f 4803 7182 6422
f 3 6423 6006
f 3 2 6423
f 5906 6424 4763
f 5906 7416 6424
f 4556 6425 5414
f 5037 7264 6425
f 6970 6426 5170
f 4382 7390 6426
f 6061 6427 4930
f 4561 5787 6427
f 5749 6428 4156
f 5749 4664 6428
f 6643 6429 4949
f 4611 5484 6429
f 7169 6430 4038
f 5036 4370 7488
f 7549 6431 4538
f 4810 6000 6431
f 5469 6432 5004
f 4100 5802 6432
f 5406 6433 4517
f 93 92 6433
f 4195 6434 5149
f 4994 6325 6434
f 6436 6435 4523
f 5283 4003 6435
f 5283 6436 4267
f 5283 6435 6436
f 5284 6437 4085
f 4523 6613 6437
f 5808 6438 4889
f 4164 5920 6438
f 5638 6439 18
f 4637 5344 6439
f 4533 6440 5382
f 4533 5545 6440
f 4533 6441 5174
f 4533 5071 6441
f 6737 6442 4619
f 4081 6618 6442
f 6261 6443 4855
f 4643 6490 6822
f 6606 6444 5143
f 4335 5465 6444
f 5742 6445 4623
f 4035 5572 6445
f 6323 6446 5119
f 4518 5118 6446
f 5253 6447 4518
f 4007 5118 6447
f 6163 6448 5077
f 4590 5315 6448
f 5817 6449 4524
f 4845 6057 6449
f 6451 6450 5255
f 4524 5254 6450
f 4062 6451 5255
f 4062 5085 6451
f 6122 6452 4593
f 67 5367 6452
f 6381 6453 4836
f 6381 4292 6453
f 3874 6454 3873
f 4528 6132 6454
f 7394 6455 4733
f 5423 4126 6455
f 5976 6456 4734
f 6455 4126 6456
f 6090 6457 4631
f 6090 5077 6457
f 5639 6458 4514
f 5639 4077 6458
f 5574 6459 4707
f 4295 5389 6459
f 6341 6460 4928
f 4888 4270 6460
f 4306 6461 5468
f 4562 5474 6461
f 4229 6462 5208
f 4229 5006 6462
f 4480 6463 5161
f 5720 4858 7518
f 5412 6464 4882
f 5412 4547 6735
f 6884 6465 4836
f 5265 4747 7342
f 4062 6466 5085
f 4062 6934 6466
f 52 6467 53
f 4961 4640 6467
f 5246 6468 4060
f 5246 4512 6468
f 4388 6469 5873
f 5007 6858 6469
f 13 6470 14
f 13 5201 6470
f 6782 6471 4534
f 4204 6162 6471
f 4685 6472 5825
f 4685 5685 6472
f 6172 6474 4960
f 5813 4402 6473
f 5444 6474 4020
f 4698 6473 6474
f 4099 6475 5194
f 5560 4475 6475
f 5235 6476 4136
f 5235 5509 6476
f 5745 6477 3996
f 6228 4731 6477
f 4580 6478 5476
f 4580 5434 6867
f 6597 6479 4560
f 6191 4064 6479
f 4322 6480 5447
f 5577 109 6480
f 6482 6481 4755
f 4705 5460 6481
f 6260 6482 4755
f 4131 5875 6482
f 6481 6483 4755
f 6481 3987 6483
f 4197 6484 5172
f 5021 6862 6484
f 193 6485 192
f 7575 5046 4658
f 6471 6486 4534
f 4799 5628 6486
f 5832 6487 4553
f 6486 4011 6487
f 3927 6488 3926
f 3927 5708 6488
f 6197 6489 4129
f 6926 4315 5499
f 5980 6490 4408
f 6822 4021 6443
f 4607 6915 6470
f 4945 15 6491
f 106 6492 107
f 5941 4490 6492
f 5117 6493 4102
f 4652 6695 6493
f 6495 6494 4659
f 5195 4211 6494
f 7230 6495 4659
f 4105 5195 6495
f 5735 7230 4660
f 4659 5745 6496
f 6109 6497 4737
f 6108 4919 6497
f 3969 6498 5485
f 5650 5050 6498
f 6326 6499 4215
f 5012 4542 6499
f 5069 6500 4542
f 5069 4209 6500
f 4318 6501 5483
f 4318 5484 6501
f 6993 6502 3959
f 4650 7501 6502
f 4573 6503 6043
f 4030 5397 6503
f 4984 6504 5877
f 7517 4796 6504
f 4941 6505 6104
f 4191 4945 6915
f 171 6506 5418
f 171 172 6506
f 6725 6507 4870
f 4535 5688 6507
f 6231 6508 4964
f 6231 4125 6508
f 4608 6509 5678
f 4608 5592 6509
f 4090 6510 5041
f 5753 4425 6510
f 5655 6511 178
f 4536 5248 7473
f 4984 6512 4536
f 4984 4124 6512
f 5545 6513 4784
f 3993 7589 6513
f 7482 6514 4162
f 4567 4878 6514
f 5346 6515 4572
f 5645 4027 6515
f 5346 6516 4140
f 4572 6784 6516
f 6377 6517 4953
f 4747 5265 6517
f 5556 6518 4815
f 4333 5614 6518
f 5692 6519 4063
f 4815 6518 6519
f 5127 6520 4092
f 4539 6098 6520
f 4237 6521 5127
f 4237 5126 6521
f 3941 6522 5126
f 3941 6217 6522
f 5487 6523 4058
f 5487 4507 6523
f 4353 6524 5703
f 5705 4493 6524
f 6316 6525 4486
f 4934 5954 6525
f 7155 6526 4557
f 4148 5939 6526
f 5612 6527 4664
f 4663 5806 6527
f 5463 6528 4645
f 5481 4459 6528
f 185 6529 5281
f 185 186 6529
f 4866 6530 6176
f 3987 5297 6530
f 197 6531 6221
f 198 5463 6531
f 4121 6532 5838
f 5048 4624 6532
f 5986 6533 4154
f 4740 5152 6533
f 4598 6534 5668
f 4598 5234 6534
f 4514 6535 5639
f 5193 7545 6535
f 7358 6536 5372
f 4196 5484 6536
f 6337 6537 5025
f 4493 5705 6537
f 5696 6538 3948
f 6342 4568 6538
f 4568 6539 5951
f 4568 6342 6539
f 4517 6540 4902
f 6433 92 6540
f 7244 6541 4948
f 6429 4196 6541
f 3986 6542 5687
f 3986 6189 6542
f 7208 6543 4790
f 4291 6426 6543
f 4780 6544 5283
f 7393 4406 5954
f 6169 6545 4014
f 4581 6944 6545
f 4048 6546 5160
f 4048 5220 6546
f 4334 6547 5617
f 5616 6223 6547
f 6651 6548 4163
f 5321 4631 6548
f 4741 7316 6028
f 4211 5452 6549
f 6674 6550 4384
f 5005 4229 7431
f 3946 6551 5803
f 3946 7206 6551
f 4044 6552 6042
f 5129 6655 6552
f 4307 7311 5289
f 4735 5649 6553
f 5629 6554 4820
f 4028 7349 6554
f 4169 6555 6218
f 5046 6219 6555
f 5715 6556 6295
f 4118 7081 6556
f 6580 6557 4666
f 4106 5806 6557
f 5703 6558 4353
f 4667 5795 6558
f 5305 6559 6145
f 4681 6693 7463
f 6561 6560 4547
f 5202 4239 6560
f 5202 6561 4014
f 5202 6560 6561
f 5205 6562 4549
f 4239 5322 6562
f 5722 6563 4713
f 4549 5322 6563
f 5880 6564 4491
f 5880 4332 6564
f 6043 6565 4573
f 5396 4071 6565
f 6413 6566 4308
f 4978 6935 6566
f 4311 6567 5435
f 6146 4467 6567
f 5521 6568 4574
f 4316 4974 6568
f 5890 6569 4000
f 5527 4682 6569
f 4785 6570 5986
f 4785 7531 6570
f 5295 6571 4594
f 4069 6395 6571
f 5785 6572 3965
f 4559 5834 6572
f 5353 6573 4389
f 5353 7392 6573
f 7076 6574 4078
f 4571 6124 6574
f 5431 6575 4079
f 4594 5654 6575
f 5708 6576 4630
f 5708 5090 6576
f 5037 6577 4555
f 4069 6345 6577
f 4555 6578 5420
f 4555 6579 6578
f 6577 6579 4555
f 5064 4323 6579
f 4106 6580 6333
f 4666 5713 6580
f 6815 6581 4006
f 5383 4561 6581
f 7165 6582 5549
f 4944 4226 6582
f 4946 6583 4352
f 4946 5518 6583
f 6628 6584 5026
f 6803 4008 5658
f 6407 6585 5110
f 4248 5109 6585
f 5640 6586 4639
f 4126 5423 6586
f 5338 6587 3955
f 5338 4385 6587
f 5476 6588 4580
f 3985 6212 6588
f 4451 6589 5239
f 4892 5746 6589
f 5922 6590 4075
f 5555 4583 6590
f 4583 6591 5417
f 4583 6592 6591
f 6723 6592 4009
f 4993 6591 6592
f 4920 6593 6354
f 4920 6311 6593
f 6778 6594 5165
f 4601 5395 6594
f 4997 6595 4234
f 4997 4100 6775
f 7336 6596 4701
f 5533 4436 6596
f 6603 6597 4560
f 6189 4499 6597
f 5258 6598 4116
f 5258 4662 6598
f 5048 6599 4624
f 6134 3955 6599
f 4247 6600 5086
f 4247 6750 6600
f 6312 6601 4935
f 4482 6314 6601
f 7306 6602 4317
f 5158 4427 6602
f 6709 6603 4180
f 5047 6597 6603
f 5212 6604 4153
f 4759 6234 6604
f 6280 6605 4724
f 3942 5153 6605
f 4041 7114 5477
f 4335 6444 6606
f 5933 6714 4628
f 4103 7021 6607
f 5890 6608 4392
f 6607 4826 6608
f 5375 6609 4260
f 5375 4517 6609
f 5692 6610 4815
f 5661 5556 6610
f 4252 6611 5140
f 5141 4453 6611
f 5387 6612 3976
f 5387 4456 6612
f 4134 7402 4995
f 4773 6437 6613
f 4040 6614 5482
f 4040 5271 6614
f 5476 6615 3985
f 5476 4496 6615
f 4669 6616 6224
f 4669 6952 6616
f 6618 6617 4709
f 5026 7044 6617
f 6442 6618 4709
f 6628 4620 6584
f 4148 6619 5939
f 4148 5619 6619
f 6621 6620 4182
f 4755 6483 6620
f 5771 6818 4182
f 4756 6260 6621
f 39 6622 5199
f 39 38 6622
f 4421 6623 5518
f 4421 5127 6623
f 7424 6624 5337
f 5180 4167 6624
f 4770 6625 6489
f 6639 5182 7287
f 3868 6626 3867
f 5244 6799 6626
f 6940 6627 4633
f 5150 4128 6627
f 4081 6628 6618
f 4081 5334 6628
f 4564 6629 5137
f 5897 3986 6629
f 6761 6630 5044
f 4263 5209 6630
f 5411 6631 4563
f 5411 4789 7181
f 6516 6632 4140
f 6516 5051 6632
f 4550 6633 6125
f 5057 4113 6633
f 5872 6634 4708
f 4026 5059 6634
f 5331 6635 4082
f 4585 5402 6635
f 7238 6636 4831
f 4139 5776 6636
f 6642 6637 5241
f 3950 6241 6637
f 5315 6638 4592
f 4110 6076 6638
f 4770 6639 6625
f 4770 6253 6639
f 6586 6640 4639
f 5227 4024 6640
f 5171 6641 5682
f 5171 4484 6641
f 3950 6642 5218
f 3950 6637 6642
f 5472 7307 4949
f 4026 5872 6643
f 5635 6644 3997
f 6825 4795 6203
f 6683 6645 5635
f 4217 5315 6645
f 5709 6646 4610
f 4383 5844 6646
f 5344 6647 4328
f 4637 7550 6647
f 7240 6648 4413
f 5196 7024 6648
f 5813 6649 4402
f 5685 4679 6649
f 5588 6650 4179
f 4621 6754 6650
f 5321 6651 4632
f 4163 7558 6651
f 6335 6652 4999
f 4632 5409 6652
f 5204 6653 4098
f 4566 6673 6653
f 6105 6654 4566
f 6105 5072 6654
f 6136 6655 5035
f 4441 6552 6655
f 5296 6656 4540
f 5296 4276 6656
f 6764 6657 5020
f 4483 5276 6657
f 36 6658 37
f 6185 4586 6658
f 5455 7028 4322
f 4827 7014 6659
f 6668 6660 5343
f 7154 4114 5682
f 5718 6661 5133
f 5718 4367 6661
f 5272 6662 4105
f 5272 4294 6662
f 5022 6663 4606
f 5022 5973 6663
f 5384 6664 4606
f 7570 5021 5760
f 7362 6665 4213
f 4606 5511 6665
f 7476 6666 4830
f 4445 6088 6666
f 5297 6667 4578
f 4276 5257 6667
f 6660 6668 4636
f 5343 4434 6668
f 4636 6669 6660
f 4636 5320 6669
f 5829 6670 4390
f 6857 3952 5443
f 4426 6671 5212
f 4426 5969 6671
f 7564 6672 4487
f 5403 4290 6672
f 4327 6673 5586
f 5177 6653 6673
f 6754 6674 3940
f 5005 6550 6674
f 6144 6675 4649
f 6144 4879 6675
f 6933 6676 4183
f 4569 6677 6676
f 6676 6677 5038
f 4569 5835 6677
f 7087 6678 3988
f 5717 4599 6678
f 7616 6679 4200
f 4599 5243 6679
f 7209 6680 4465
f 5213 4049 6680
f 163 6681 162
f 5233 4537 6681
f 6216 6682 5202
f 6216 4362 6682
f 6457 6683 5525
f 4217 6645 6683
f 7556 7197 5257
f 4506 5534 6684
f 4261 6685 5148
f 4942 5719 6685
f 7117 6720 4251
f 5221 4587 6686
f 4124 6687 5221
f 7167 4730 6081
f 6101 6688 4811
f 4450 6099 6688
f 5191 6689 4504
f 5191 4261 6689
f 189 6690 188
f 189 5575 6690
f 4273 6691 5237
f 5138 4444 6691
f 5147 6692 3937
f 5147 4420 6692
f 4954 6693 4681
f 4185 6710 6693
f 7055 6694 5108
f 4557 6037 6694
f 6493 6695 4687
f 4652 5981 6695
f 4073 6696 4955
f 5408 4469 6696
f 7204 6697 4127
f 4602 6175 6697
f 80 6698 81
f 80 79 7054
f 5941 6699 4490
f 4699 5363 6699
f 4364 6700 5731
f 7130 4956 6071
f 5521 6701 4178
f 4574 6901 6701
f 6568 7112 4574
f 4188 6800 6702
f 5955 6768 4246
f 4794 7512 6703
f 4331 6704 5040
f 4331 7508 6704
f 5500 6705 4146
f 5500 4429 6705
f 5079 6706 5961
f 5273 4269 6706
f 5451 6707 4651
f 4887 6710 6707
f 5926 6708 4433
f 5926 7038 6708
f 6542 6709 4576
f 5047 6603 6709
f 5184 6710 5887
f 4185 6707 6710
f 4332 6711 5038
f 6302 5300 6711
f 7521 6712 5365
f 4361 5726 6712
f 7603 6713 4958
f 5055 6255 6713
f 6880 6714 4972
f 4103 6607 6714
f 5110 6715 4035
f 5110 6585 6715
f 5496 6716 3999
f 6717 4191 6505
f 4807 6717 6716
f 4807 6142 6717
f 4226 6718 6582
f 5055 4612 6718
f 4525 6719 5216
f 4525 5256 6719
f 6686 6720 5221
f 6686 4251 6720
f 5874 6721 4805
f 3936 5236 6721
f 5348 6722 4706
f 5348 5929 6722
f 6405 6723 4706
f 4993 6592 6723
f 6405 6724 4266
f 4706 7073 6724
f 4535 6725 5418
f 4870 5757 6725
f 6897 6726 4678
f 3995 7066 6726
f 165 6727 164
f 5795 4667 6727
f 4197 6728 5186
f 4197 5172 6728
f 5172 6729 4634
f 5172 5978 6729
f 5974 6730 4101
f 5186 6728 6730
f 4550 6731 6091
f 5350 3890 6731
f 4140 6732 5275
f 6632 4762 6732
f 6359 6733 4546
f 5079 4320 6733
f 7357 6734 5357
f 4886 5795 7467
f 5412 6735 6464
f 4547 6560 6735
f 5805 6736 4083
f 5142 4622 6736
f 5564 6737 4321
f 5564 6442 6737
f 5563 6738 4025
f 4619 5033 6738
f 4093 6739 5788
f 5622 4883 6739
f 6703 6768 4794
f 4723 6374 6740
f 6675 6741 3974
f 4879 4585 6741
f 6743 6742 4584
f 5331 4082 6742
f 6742 6743 5331
f 4584 5306 6743
f 7121 6744 4012
f 4584 7256 6744
f 4243 6745 5198
f 4243 5197 6745
f 4428 6746 5426
f 5677 5425 6746
f 5618 6747 4850
f 4379 5494 6747
f 3876 6748 3875
f 5385 4700 6748
f 3991 6749 5451
f 5612 4664 6749
f 7378 6750 4247
f 5305 4369 6750
f 4529 6751 5131
f 5946 3944 6751
f 7478 6752 4488
f 5458 4207 6752
f 4265 6753 5431
f 4265 5295 6753
f 5268 6754 3940
f 5268 6650 6754
f 4327 6755 5588
f 4327 5587 6755
f 4995 6756 5122
f 4995 6435 6756
f 5286 6757 3984
f 5889 4903 6757
f 5405 6758 4597
f 4290 5013 6758
f 5405 6759 4054
f 4597 5197 6759
f 7413 6760 4011
f 5056 5741 7612
f 4708 6761 5044
f 4708 6634 6761
f 6622 6762 5199
f 4715 7334 6762
f 5681 6763 4380
f 5681 4080 7426
f 6243 6764 5117
f 6243 4483 6764
f 5520 6765 3944
f 4600 6766 6765
f 5103 6766 4209
f 4600 6353 6766
f 5691 6767 4626
f 181 182 6767
f 4246 6768 6703
f 5955 4723 6768
f 6136 6769 3938
f 5035 4337 7235
f 50 6770 51
f 50 5089 6770
f 4010 6771 5165
f 4774 5808 6772
f 6771 6772 4672
f 6771 4774 6772
f 5046 6773 4658
f 5046 6555 6773
f 7570 6774 5021
f 3973 5398 6774
f 6595 6775 4614
f 6595 4997 6775
f 6919 6776 4970
f 6176 4578 6776
f 5396 6777 4071
f 4601 6778 6777
f 6594 6778 4601
f 4249 5228 6778
f 4798 6779 6294
f 4798 6972 6779
f 4458 6780 6082
f 4458 6084 6780
f 5120 7301 4130
f 4841 5735 6781
f 4204 6782 6337
f 4534 6336 6782
f 5404 6783 4117
f 4857 4400 6783
f 6023 6784 4572
f 6023 4300 6784
f 6152 6785 5249
f 4453 5576 6785
f 5426 6786 4428
f 5426 4080 6786
f 3985 6787 6050
f 3985 6615 6787
f 4510 6788 6077
f 4668 6789 6788
f 6788 6789 5859
f 4668 6510 6789
f 4441 6790 5576
f 5252 6893 6790
f 7125 6791 4410
f 5016 5801 6791
f 4409 6792 5827
f 4907 5883 6792
f 5755 6793 4019
f 5755 6888 6793
f 7403 6794 5144
f 4773 5558 6794
f 4155 6795 5864
f 6796 4670 5729
f 4155 6796 6795
f 4155 5045 6796
f 99 6797 5761
f 98 5339 6797
f 5096 6798 4693
f 4304 6266 6798
f 4275 6799 5244
f 4275 6329 6799
f 5099 6800 4663
f 5099 6702 6800
f 4496 6801 5592
f 5001 6967 6801
f 5304 6802 4314
f 4743 7166 6802
f 4620 6803 6584
f 4620 5849 6803
f 4188 6804 5142
f 4188 7112 6804
f 5520 6805 4974
f 3944 5946 6805
f 4423 6806 6004
f 6885 4730 6508
f 7368 6807 4289
f 7312 4158 6905
f 4805 6808 6807
f 4805 6721 7537
f 6224 6809 4166
f 5063 4293 7547
f 4278 6810 5302
f 5411 4563 6810
f 7565 6811 5303
f 4278 5302 6811
f 6811 6812 5303
f 4616 5533 7336
f 7517 6813 5707
f 4309 5691 6813
f 6815 6814 4625
f 5251 4258 6814
f 5383 6815 4625
f 5383 6581 6815
f 5111 6816 4625
f 5111 4256 6816
f 5962 6817 4016
f 4835 5488 7563
f 4756 6818 5298
f 6621 4182 6818
f 5819 6819 4091
f 5819 4615 6819
f 5569 6820 5539
f 5569 4373 6820
f 5314 6821 5313
f 5314 27 6821
f 4834 6822 6490
f 4834 5544 6822
f 4661 6823 5689
f 3957 6884 6823
f 5665 6824 4396
f 6924 4087 5539
f 4592 6825 6644
f 4592 6638 6825
f 5371 6826 4635
f 5371 7009 6826
f 7245 6827 5370
f 4137 7269 6827
f 4951 6828 4635
f 4192 5325 6828
f 5733 6829 4694
f 4088 5609 6829
f 4011 6830 6487
f 4910 6911 6830
f 5954 6831 4184
f 6234 4966 6831
f 6833 6832 4689
f 5754 4157 6832
f 6832 6833 5754
f 4689 5333 6833
f 6637 6834 5241
f 4644 7308 6834
f 6240 6835 4468
f 5794 4644 6835
f 4911 6836 5381
f 4911 6306 6836
f 4595 6837 5506
f 5543 7012 6837
f 5507 6838 4689
f 5508 3989 6838
f 5120 6839 4264
f 4680 6840 6839
f 5512 7597 4680
f 184 185 6840
f 5404 7305 5013
f 4687 6695 6841
f 5182 6842 4449
f 5182 3982 6842
f 4373 6843 5457
f 4373 6953 6843
f 5906 6844 3933
f 5906 4763 6844
f 5802 6845 4432
f 6204 4544 6845
f 5288 6846 4983
f 5288 88 6846
f 5979 6847 4298
f 4643 6261 6847
f 5084 6848 4833
f 6181 4172 6848
f 6353 6849 5519
f 4600 5520 6849
f 5111 6850 6208
f 4059 6240 6850
f 7008 7481 4234
f 4807 5496 6851
f 4294 6852 6340
f 4294 5433 6852
f 5667 6853 4802
f 4170 5528 6853
f 7469 6854 5226
f 4912 3911 6854
f 4992 6855 4335
f 4916 6048 6855
f 4515 6856 5766
f 4070 6155 6856
f 4863 6857 6670
f 4863 6089 6857
f 23 6858 24
f 23 6469 6858
f 6056 6859 4470
f 6056 4339 6859
f 5216 6860 4525
f 5216 4253 6860
f 6036 6861 4629
f 5043 5984 6861
f 6484 6862 4405
f 6774 4684 6862
f 6811 6863 4616
f 5302 4091 6863
f 4470 6864 6058
f 4470 6057 6864
f 4525 6865 5256
f 5255 4255 6865
f 6297 6866 3958
f 5162 5858 6866
f 6924 6867 4087
f 6478 4580 6867
f 5605 6868 191
f 4638 5575 6868
f 5581 6869 4338
f 5581 5124 6869
f 5462 6870 3981
f 5462 4752 6870
f 5229 6871 4752
f 5229 4356 6871
f 6338 6872 4175
f 5128 7515 6872
f 5448 6873 4303
f 5448 5912 6873
f 5331 6874 4585
f 5331 4274 6874
f 5818 6875 4208
f 5292 4824 6875
f 7312 6876 4804
f 5277 5278 6876
f 4143 6877 6011
f 4143 6171 6877
f 5194 6878 5634
f 4646 5386 6878
f 5194 6879 4646
f 6475 4475 6879
f 5944 6880 4530
f 5944 4103 6880
f 4923 6881 6198
f 4224 5573 6881
f 4615 6882 6355
f 5819 4563 6882
f 4096 6883 5511
f 4096 5156 6883
f 6465 6884 5265
f 4836 6453 6884
f 4647 6885 6806
f 4647 6081 6885
f 6014 6886 4447
f 4792 4831 6886
f 7049 6887 4260
f 5287 5471 6887
f 6793 6888 4642
f 5755 4397 6888
f 6616 6889 5063
f 4259 5061 6889
f 5166 6890 4189
f 5166 6221 6890
f 5931 6891 5071
f 4744 6079 6891
f 163 6892 5233
f 164 6727 6892
f 6790 6893 4257
f 5252 4512 6893
f 4257 6894 5249
f 4257 6893 6894
f 5251 6895 4258
f 4641 6252 6895
f 6256 6896 4958
f 4121 5838 6896
f 5838 6897 4678
f 4424 5840 6897
f 7189 6898 3983
f 6027 4775 6898
f 6010 6899 4992
f 4304 6798 6900
f 6207 6900 5096
f 4916 6899 6900
f 3991 7511 5099
f 4981 6701 6901
f 6332 6902 4991
f 4230 6000 6902
f 46 6903 47
f 5440 4813 6903
f 6977 6904 4575
f 6049 4112 6904
f 5277 6905 5497
f 5277 7312 6905
f 5671 6906 5822
f 4674 5744 6906
f 5342 6907 4674
f 4905 6979 6907
f 5342 6908 4167
f 5342 4674 6908
f 4447 6909 5407
f 4447 6013 6909
f 5941 7161 4699
f 105 104 6910
f 4553 6911 5864
f 4910 6173 6911
f 5530 6912 4703
f 3908 3909 6912
f 6019 6913 5061
f 4387 6097 6913
f 4565 6914 5204
f 4565 7178 6914
f 6491 6915 4945
f 6491 6470 6915
f 6917 6916 4749
f 4941 6104 6916
f 5725 7313 4749
f 3999 6716 6917
f 4734 6918 5981
f 6244 5198 6918
f 4507 6919 4970
f 4969 5554 6919
f 4386 6920 5764
f 4919 6108 6920
f 5393 6921 4298
f 5393 4415 6921
f 4791 7491 5955
f 6922 7263 7262
f 4929 6923 4749
f 4929 7363 6923
f 4716 6924 6824
f 4716 6478 6924
f 5476 6925 4496
f 6478 4716 6925
f 4629 6926 6036
f 6625 4315 6926
f 4213 6927 5725
f 4213 6665 6927
f 6310 6928 5213
f 4729 6279 6928
f 4216 6929 5847
f 4216 6151 6929
f 7405 6930 5566
f 3947 5475 6930
f 5475 6931 4695
f 4979 5989 6931
f 5892 6932 4409
f 5025 7533 6932
f 6676 6933 5145
f 4183 5449 6933
f 4497 6934 5541
f 5240 6466 6934
f 4030 6935 6186
f 6503 4573 6935
f 6910 6936 4699
f 5364 4291 6936
f 6938 6937 4647
f 7121 5306 6744
f 6806 6938 4647
f 4423 6002 6938
f 4647 6939 6081
f 4012 6348 6939
f 4212 6940 5712
f 5150 6627 6940
f 7520 6941 5427
f 4078 5686 6941
f 6182 6942 4801
f 4202 5481 6942
f 5587 6943 4621
f 5587 4229 6943
f 6545 6944 5053
f 4581 5915 6944
f 7073 6945 4742
f 6872 4656 6945
f 5717 6946 4599
f 5717 4216 6946
f 7611 7207 5072
f 6949 4843 7133
f 6654 6948 3998
f 6947 4858 6948
f 4240 6949 6947
f 7479 6227 4843
f 5169 6950 4052
f 4738 5458 6950
f 4990 6951 4214
f 4738 5169 6951
f 6616 6952 5288
f 4669 6278 7516
f 4460 6953 5569
f 4460 7387 6953
f 7138 6954 4746
f 4182 6620 6954
f 5554 6955 4187
f 6954 4866 6955
f 6957 6956 4649
f 5883 4404 6956
f 7116 6957 5340
f 4089 5883 6957
f 6959 6958 4222
f 4675 5280 6958
f 6960 6959 4222
f 4873 7061 6959
f 5915 6960 4222
f 4961 6062 6960
f 3996 6961 5947
f 4964 5459 6961
f 6690 6962 188
f 6459 5389 6962
f 5399 6963 6085
f 4687 7305 6963
f 5210 6964 4704
f 5210 4107 6964
f 6155 6965 4757
f 4521 6154 6965
f 7196 6966 4985
f 4648 5919 6966
f 6801 6967 4186
f 5001 6143 6967
f 6969 7507 4654
f 4218 6135 6968
f 6997 6969 4009
f 7507 6968 4654
f 4382 6970 5596
f 4382 6426 6970
f 4428 6971 5666
f 4428 6786 6971
f 5958 6972 4798
f 5958 3945 6972
f 6974 6973 4653
f 5677 4428 6973
f 5243 7415 4653
f 4066 5677 6974
f 4653 6975 5243
f 4653 5125 7470
f 5201 6976 4607
f 5201 7047 6976
f 4467 6977 6213
f 4963 6904 6977
f 4163 6978 5844
f 5525 4610 6978
f 6907 6979 4376
f 4905 3960 6979
f 7567 6980 4938
f 5634 3976 6980
f 4946 6981 4421
f 4946 3970 6981
f 4379 7126 5352
f 4808 7127 7169
f 5709 6983 4383
f 4985 6966 6983
f 6985 6984 4824
f 7250 6326 4215
f 5292 6985 4824
f 4030 6186 6985
f 6161 6986 4825
f 6984 4215 6986
f 7144 6987 4750
f 5602 4375 6987
f 5000 6988 3905
f 5736 4943 6988
f 5589 6989 4675
f 4039 5280 6989
f 7061 6990 4675
f 5089 4326 6990
f 5430 7566 4198
f 7566 7370 6991
f 6024 6992 4779
f 4511 6372 6992
f 5323 6993 5636
f 4696 7090 6993
f 7258 6994 4487
f 5693 4979 6994
f 4370 6995 5510
f 5547 6119 6995
f 4084 6996 5262
f 4084 5578 6996
f 4868 6997 5555
f 4868 6969 6997
f 6027 6998 4775
f 4839 6130 6998
f 4340 6999 5621
f 5097 4165 6999
f 5524 7000 4987
f 5250 4258 7000
f 5392 7001 4070
f 5392 4384 7001
f 7220 7002 5109
f 7069 4852 5234
f 7002 7003 5109
f 7002 5234 7003
f 7005 7004 5242
f 4757 6965 7004
f 4227 7005 5242
f 4227 5766 7005
f 5408 7006 5751
f 5408 4299 7006
f 5041 7007 5840
f 4668 6075 7007
f 7429 7008 4234
f 6829 4901 7008
f 5544 7009 5371
f 5544 5413 7009
f 5845 7010 4671
f 5845 5294 7010
f 7146 7011 4236
f 5189 4671 7011
f 5431 7012 4671
f 4079 6837 7012
f 110 7013 111
f 7529 5577 4665
f 6659 7014 4665
f 7229 5138 6691
f 5780 7015 5209
f 5780 4651 7015
f 5656 7016 4921
f 4811 7192 7016
f 4176 7017 5674
f 5420 4589 7017
f 7218 7018 4787
f 4952 5967 7018
f 4603 7019 6033
f 5030 5863 7019
f 6035 7020 4705
f 6035 4107 7020
f 6607 7021 4826
f 4103 5131 7021
f 5390 7022 4283
f 5390 4700 7022
f 6382 7023 4700
f 4528 5997 7023
f 4494 7024 6148
f 3962 6648 7024
f 5473 7025 4774
f 5473 4164 7025
f 4590 7026 5315
f 6242 6327 7026
f 5231 7027 5704
f 5231 4015 7027
f 4322 7028 6659
f 5455 4043 7028
f 5432 7029 4294
f 5432 3957 7030
f 6823 7030 3957
f 4661 7029 7030
f 6447 7031 4007
f 5253 7152 7031
f 5219 7032 5472
f 5219 4178 7032
f 4732 7033 5540
f 5446 4809 7396
f 4176 7034 6390
f 5674 4552 7034
f 3987 7035 5297
f 3987 5460 7035
f 6018 7036 4452
f 5008 4396 7036
f 4670 7037 6012
f 4670 6114 7037
f 6708 7038 4651
f 5926 3991 7038
f 4947 7039 5146
f 3939 5618 7039
f 5001 7040 6143
f 4086 5378 7040
f 3994 7041 5896
f 5401 4636 7041
f 4229 7042 5006
f 5587 4327 7042
f 7124 7043 5316
f 3943 7176 7043
f 5782 7044 4673
f 5782 4865 7044
f 4537 7045 5833
f 4537 5233 7045
f 6843 7046 5457
f 4061 5362 7046
f 6976 7047 4190
f 5201 6187 7047
f 5707 7048 4796
f 6781 4660 7048
f 5287 7049 4489
f 5287 6887 7049
f 5800 7050 4262
f 5034 5977 7050
f 6097 7051 5500
f 4387 5136 7051
f 4305 7052 5466
f 5247 4900 7052
f 4686 7053 6060
f 6010 4992 7053
f 6175 7054 4999
f 4602 6698 7054
f 4022 7538 5108
f 5479 4557 7055
f 4114 7056 5734
f 4904 5696 7056
f 5939 7057 4710
f 6619 4709 7057
f 5939 7058 4765
f 4710 6287 7058
f 4287 7059 5395
f 5130 7408 7545
f 6674 7060 3940
f 5391 4312 7060
f 6959 7061 4675
f 4873 6770 7061
f 4132 7062 5652
f 4132 5263 7062
f 5225 7063 4786
f 5225 7492 7063
f 4495 7064 5379
f 5378 4351 7064
f 5149 7065 4931
f 5149 4232 7065
f 6726 7066 4778
f 3995 5279 7066
f 6226 7067 4205
f 5740 4778 7067
f 4619 7068 5033
f 5619 4148 7068
f 3954 7069 7002
f 3954 5552 7069
f 5552 7070 4852
f 4241 6261 7070
f 4201 7071 5307
f 5032 5896 7071
f 6771 7072 5165
f 4672 5340 7072
f 6724 7073 4742
f 6722 4175 7073
f 5636 7074 4676
f 3959 7275 7074
f 5564 7075 4676
f 4321 5636 7075
f 5756 7076 4078
f 5333 4571 7076
f 7078 7077 4865
f 4492 6288 7077
f 5626 7485 4865
f 5042 6286 7078
f 6086 7079 4033
f 6331 5003 7079
f 4538 7080 5959
f 4538 6431 7080
f 6556 7081 5113
f 4118 5762 7081
f 6111 7082 4859
f 4736 5762 7082
f 187 7083 186
f 5389 7331 7083
f 5761 7084 100
f 4769 5596 7084
f 5905 7085 4279
f 6554 4965 7085
f 7226 7086 4711
f 5020 6657 7086
f 5652 7087 4762
f 4761 5717 7087
f 5717 7088 4216
f 4761 7062 7088
f 6428 7089 4156
f 4696 5323 7089
f 6333 7090 4696
f 4650 6502 7090
f 28 7091 5932
f 28 27 7091
f 5464 7092 5274
f 5961 6706 7092
f 5773 7093 4415
f 4692 5070 7093
f 5648 7094 5805
f 4748 5478 7094
f 6067 7095 5175
f 4454 6065 7095
f 4266 7096 5309
f 4266 5428 7096
f 4800 7097 5036
f 4800 5547 7097
f 5345 7098 4800
f 5439 3980 7098
f 6834 7099 4250
f 5360 4677 7099
f 4677 7100 5523
f 4677 6168 7100
f 5918 7101 4097
f 5918 6862 7101
f 5398 7102 4684
f 4286 5855 7102
f 6393 7103 5088
f 6086 4033 7103
f 4403 7104 5438
f 4403 6358 7104
f 4134 7105 5558
f 7105 7449 7448
f 5557 7106 4683
f 4319 5558 7106
f 4409 7107 5083
f 4409 5338 7107
f 5972 7108 4962
f 5972 5493 7108
f 6409 7109 4679
f 4288 7251 7109
f 5540 7110 4679
f 3966 5814 7110
f 6350 7111 4206
f 6350 4980 7111
f 6702 7112 4188
f 6702 4574 7112
f 7364 7113 4926
f 5503 7508 7113
f 5477 7114 6606
f 4041 7053 7114
f 5104 7115 4285
f 7498 4042 7194
f 4672 7116 5340
f 5809 4089 7116
f 6265 7117 5139
f 6265 5248 7117
f 3969 7118 5632
f 3969 5070 7118
f 5548 7119 5136
f 5548 86 7119
f 4287 7120 5396
f 5395 4601 7120
f 4848 7121 6937
f 4848 5330 7121
f 5486 7122 4720
f 5486 4462 7122
f 5662 7123 4150
f 5662 5627 7123
f 5627 7124 4720
f 3943 7043 7124
f 5974 7125 4410
f 4939 5016 7125
f 5135 7126 4379
f 5135 4808 7126
f 5036 7169 6053
f 4808 5868 7127
f 6285 7128 4724
f 6285 4794 7128
f 5807 7129 5095
f 5937 4221 7129
f 4364 7130 6700
f 4364 5732 7130
f 4654 7131 5956
f 4654 5550 7131
f 4982 7132 6380
f 5503 42 7132
f 6949 7133 4858
f 4843 5858 7133
f 6332 7134 5119
f 4541 7532 7134
f 6497 7135 4737
f 4919 4118 7135
f 5874 7136 3936
f 5044 6630 7136
f 4728 7137 5798
f 4728 5448 7137
f 5771 7138 4867
f 4182 6954 7138
f 5351 7139 4339
f 4746 5554 7139
f 5443 7140 4697
f 3952 7476 7140
f 4697 7141 5443
f 4697 5738 7141
f 7141 7142 4301
f 5738 4698 7142
f 5996 7143 4690
f 5996 3951 7143
f 6987 7144 4046
f 4750 5517 7144
f 6034 7145 4938
f 4360 5467 7145
f 5570 7146 4236
f 4712 5189 7146
f 5595 7147 4067
f 4712 5570 7147
f 5594 7148 4325
f 4712 5595 7148
f 5502 7149 4926
f 6094 4461 7149
f 5831 7219 4717
f 5830 4116 7150
f 5426 7151 5436
f 5426 6746 7151
f 5543 7152 4236
f 5543 4595 7152
f 6641 7153 4702
f 6308 4115 7153
f 6660 7154 4702
f 6669 4114 7154
f 7530 7155 5479
f 5769 6526 7155
f 6376 7156 4745
f 6239 4177 7156
f 6853 7157 4802
f 5513 4047 7157
f 5131 7158 7021
f 4393 5820 7158
f 5452 7159 4545
f 5452 4292 7159
f 6234 7160 4966
f 6234 4759 7160
f 6910 7161 105
f 6910 4699 7161
f 7477 7162 4000
f 5151 4628 7162
f 3979 7163 6100
f 5758 5060 7163
f 4853 7164 6079
f 4853 6120 7164
f 63 7165 64
f 4944 6582 7165
f 4451 7166 5850
f 5239 6802 7166
f 4124 7167 6687
f 4124 5459 7167
f 7437 7168 5275
f 4543 5400 7168
f 6982 7169 4038
f 6982 4808 7169
f 4312 7170 5312
f 4312 5694 7170
f 6381 7171 4973
f 6465 4171 7171
f 6320 7172 4872
f 7171 4171 7172
f 5988 7173 4142
f 5988 5510 7173
f 4614 7174 5468
f 4614 6775 7174
f 3980 7175 5968
f 5439 4884 7175
f 7177 7176 4759
f 5374 7043 7176
f 5212 7177 4759
f 4244 5374 7177
f 6361 7178 4565
f 6361 3956 7179
f 7178 7179 4744
f 3956 5322 7179
f 4073 7180 5368
f 4955 7404 7180
f 5411 7181 6631
f 4789 5988 7181
f 4051 7182 5865
f 4051 6088 7182
f 5865 7183 4446
f 5865 7182 7183
f 5060 7184 4141
f 4803 6422 7184
f 5567 7185 5113
f 5567 4595 7185
f 4635 7186 5371
f 5325 4855 7186
f 4060 7187 5559
f 5080 6011 7187
f 6084 7188 4840
f 4146 6705 7188
f 6780 7189 4754
f 4840 6898 7189
f 5088 7190 5975
f 4358 6245 7190
f 5792 7191 4061
f 5792 4430 7191
f 6688 7192 4811
f 4842 5831 7192
f 7194 7193 4722
f 5245 6329 7193
f 7115 7498 4722
f 4042 5245 7194
f 4804 7195 5282
f 4804 6876 7195
f 6966 7196 4648
f 4985 5709 7196
f 5257 7197 6684
f 4933 6217 7197
f 4223 7198 5976
f 4223 7226 7198
f 7159 7199 5415
f 4292 5416 7199
f 6285 7200 4245
f 6605 5153 7200
f 3961 7201 5965
f 3961 6063 7201
f 7566 7202 4721
f 5430 4266 7202
f 5368 7203 4073
f 5368 7370 7203
f 6130 7204 4127
f 4776 6205 7204
f 5620 7205 4340
f 5620 5739 7205
f 7398 7206 4989
f 4896 6551 7206
f 6947 7207 4240
f 6947 5072 7207
f 5516 7208 4790
f 5363 4291 7208
f 4244 7209 5374
f 5213 6680 7209
f 4043 7210 5091
f 4957 5593 7210
f 6233 7211 5206
f 6233 4491 7211
f 4851 7212 5424
f 7506 5991 33
f 5010 7213 5422
f 5010 4416 7213
f 46 7214 5440
f 45 5637 7214
f 6803 7215 4008
f 4786 6127 7215
f 7277 7216 4272
f 5504 5225 7216
f 5157 7217 5357
f 5924 4280 7217
f 7320 7218 4787
f 4455 6119 7218
f 4390 7219 5831
f 5830 7150 7219
f 6037 7220 5109
f 4765 7058 7220
f 3883 7324 3882
f 6103 4906 7221
f 5534 7222 4508
f 5534 5623 7222
f 5529 7223 4437
f 5529 3960 7223
f 7223 7224 4437
f 7223 5308 7224
f 161 7225 160
f 161 5714 7225
f 5020 7226 4223
f 5020 7086 7226
f 4691 7227 5178
f 5894 4109 7227
f 5884 7228 6203
f 4436 5885 7228
f 4827 7229 7014
f 4827 5138 7229
f 4660 7230 6496
f 5735 6495 7230
f 6355 7231 3949
f 4861 6066 7231
f 5436 7232 4080
f 5436 4513 7232
f 6903 7233 47
f 4813 5590 7233
f 6192 7234 5911
f 4152 5724 7234
f 6769 7235 4714
f 4337 5601 7235
f 5450 7236 4108
f 4714 7235 7236
f 6870 7237 3981
f 5183 4792 7237
f 5631 7238 4792
f 5631 4139 7238
f 7224 7239 4719
f 4440 5943 7239
f 5912 7240 4413
f 5912 5197 7240
f 4741 7241 6228
f 4741 6028 7241
f 5876 7242 4727
f 5876 3984 7242
f 5092 7243 5595
f 5593 4325 7243
f 5551 7244 4948
f 4281 5472 7244
f 6117 7245 4817
f 4137 6827 7245
f 5349 7246 4440
f 5349 6117 7246
f 4819 7247 5898
f 4819 5843 7247
f 3988 7248 5014
f 6678 4599 7248
f 6309 7249 5058
f 6350 4206 7249
f 5011 7250 6984
f 5011 5659 7250
f 7109 7251 5540
f 4288 5497 7251
f 7365 7252 4732
f 4235 5446 7252
f 5713 7253 4227
f 5114 6420 7253
f 4851 7254 5425
f 4851 5424 7254
f 4020 7255 5442
f 4020 6172 7255
f 4395 7256 5811
f 5017 6744 7256
f 3885 7257 6080
f 3886 5908 7257
f 7259 7258 6140
f 4728 5693 7258
f 5448 7259 4054
f 4728 7258 7259
f 5992 7260 4739
f 4417 5847 7260
f 34 7261 35
f 4739 6185 7261
f 6922 7262 4723
f 4745 5266 7262
f 6177 7263 3972
f 6376 4745 7263
f 6425 7264 4176
f 5037 5420 7264
f 6148 7265 4494
f 6148 4243 7265
f 4343 7266 5298
f 5381 6836 7266
f 7337 7269 4816
f 4137 6117 7267
f 5572 7268 4346
f 7267 4818 7268
f 7267 7269 4137
f 7267 4816 7269
f 5473 7270 4514
f 6368 4010 7270
f 7415 7271 4066
f 5121 5847 7271
f 4075 7272 5599
f 5417 4559 7272
f 3879 7273 3878
f 5597 4348 7273
f 5545 7274 3993
f 5545 4533 7274
f 7074 7275 5698
f 3959 5115 7275
f 7277 7276 5504
f 4758 5242 7276
f 5698 7277 4272
f 4758 7276 7277
f 6252 7278 4987
f 4060 5559 7278
f 6078 7279 4909
f 4029 5614 7279
f 7328 7280 5266
f 4725 5615 7280
f 6018 7281 5380
f 4452 6197 7281
f 6362 7282 4565
f 4812 5369 7282
f 6209 7283 3945
f 5304 5489 7283
f 5017 7284 6348
f 5017 5684 7284
f 5698 7285 4676
f 5698 4272 7285
f 5432 7286 4953
f 6340 4577 7286
f 4315 7287 5498
f 5182 5796 7287
f 4098 7288 6362
f 6392 4564 7288
f 4717 7289 5573
f 4717 7150 7289
f 5628 7290 4516
f 5185 4121 7290
f 4903 7291 6809
f 5889 5285 7291
f 4147 7292 5214
f 4147 5748 7292
f 5527 7293 4195
f 5527 4392 7293
f 4542 7294 6499
f 6373 4825 7294
f 4978 7295 6186
f 4232 5659 7295
f 5608 7296 4783
f 4074 6115 7296
f 5583 7297 4688
f 5583 4366 7297
f 5185 7298 4509
f 4799 6471 7298
f 4375 7299 5784
f 4375 5602 7299
f 5986 7300 4740
f 6570 4254 7300
f 5867 7301 5120
f 4841 6781 7301
f 6600 7302 5086
f 4806 6138 7302
f 6600 7303 4806
f 5094 7538 7303
f 5873 7304 4388
f 5873 4975 7304
f 5013 7305 6841
f 5404 6963 7305
f 6301 7409 4317
f 5215 6283 7306
f 6643 7307 4026
f 6643 4949 7307
f 5794 7308 4644
f 5794 4112 7308
f 7321 7309 4920
f 5269 4279 7309
f 4735 7310 5649
f 4735 6044 7310
f 7580 7311 4307
f 5450 4735 7311
f 6808 7312 4804
f 6808 4158 7312
f 6917 7313 3999
f 5725 4609 7313
f 3945 7314 6209
f 5958 4556 7314
f 3996 7315 6496
f 5947 4796 7315
f 7614 7316 4741
f 6494 4211 7316
f 4839 7317 6130
f 4429 6074 7317
f 4567 7318 5606
f 4567 5211 7318
f 6525 7319 4934
f 6316 4003 7319
f 4455 7320 6118
f 4787 5952 7320
f 6354 7321 4920
f 6354 3949 7321
f 5495 7322 5153
f 5495 5178 7322
f 7553 7323 4809
f 5671 4377 7323
f 7221 7324 6103
f 7221 3882 7324
f 4256 7325 5173
f 6208 4468 7325
f 6515 7326 6023
f 4027 6704 7326
f 5061 7327 4016
f 5061 6913 7327
f 6250 7328 5266
f 6250 4909 7328
f 4458 7329 6084
f 4838 6097 7329
f 5075 7330 5710
f 4264 6839 7330
f 7083 7331 4869
f 5389 4295 7331
f 7541 7332 4781
f 5598 4348 7332
f 6174 7333 3880
f 4781 5597 7333
f 5862 7334 4715
f 5862 4132 7334
f 7089 7335 4156
f 5323 4321 7335
f 5860 7336 4701
f 6812 4616 7336
f 7353 7337 4816
f 5668 4951 7337
f 5181 7338 5897
f 5181 4499 7338
f 4727 7339 5876
f 5798 7137 7339
f 7047 7340 4190
f 7047 4779 7340
f 6290 7341 4496
f 6290 4086 7341
f 7343 7342 4747
f 4171 6465 7342
f 7344 7343 4747
f 4560 6479 7554
f 6603 7344 4180
f 6603 4560 7344
f 5565 7345 6225
f 4783 7296 7345
f 5361 7346 5994
f 4682 5995 7346
f 5825 7347 4685
f 5825 4017 7347
f 7591 7348 4896
f 5311 4138 7348
f 5843 7349 4028
f 5326 4965 7349
f 7569 7350 5328
f 4285 7115 7350
f 5328 7351 4940
f 7350 4722 7351
f 3960 7352 5349
f 3960 5810 7352
f 4035 7353 5572
f 4035 5668 7353
f 4449 7354 5796
f 6047 5727 7354
f 4366 7355 5584
f 5722 4713 7355
f 5804 7356 5358
f 5804 5434 7356
f 5704 7357 4280
f 4886 6734 7357
f 4407 7358 5372
f 5562 4196 7358
f 5911 7359 5229
f 4289 5282 7359
f 6180 7360 5268
f 4501 6179 7360
f 6712 7361 4057
f 4788 7362 7363
f 5384 7362 4788
f 5384 6665 7362
f 7361 7363 4929
f 7362 4213 7363
f 5637 7364 4926
f 43 42 7364
f 5497 7365 4732
f 5497 4443 7365
f 5440 7366 4813
f 4135 7486 7366
f 5720 7367 3998
f 5720 4480 7367
f 6807 7368 5874
f 4289 5911 7368
f 5866 7369 4913
f 4446 5758 7369
f 6991 7370 4751
f 4721 7203 7370
f 7180 7371 5368
f 4399 5799 7371
f 5626 7372 4036
f 5737 5179 7372
f 5541 7373 4525
f 5541 4062 7373
f 5232 7374 4280
f 5232 4880 7374
f 7565 7375 4278
f 5301 6005 7375
f 7189 7376 4754
f 3983 5421 7376
f 7376 7377 4754
f 7376 5421 7377
f 6059 7378 4247
f 6059 4681 7378
f 7573 7379 4847
f 6016 4478 7379
f 5028 7380 4510
f 5279 3995 7380
f 6194 7381 4760
f 6194 4782 7449
f 5937 7382 4221
f 4760 5122 7382
f 5290 7383 5289
f 5290 6232 7383
f 7385 7384 4785
f 6093 4005 7384
f 5971 7385 4785
f 4438 6093 7385
f 34 7386 5992
f 33 5991 7386
f 5792 7387 5081
f 5792 5019 7387
f 4444 7388 5237
f 5778 3930 7388
f 5258 7389 5949
f 4302 5445 7389
f 5673 7390 4382
f 4767 5271 7390
f 5579 7391 4133
f 4767 7390 7391
f 6573 7392 4270
f 5353 7615 7392
f 4780 7393 6544
f 4780 5952 7393
f 5891 7394 4733
f 5891 3937 7394
f 5596 7395 102
f 6970 5170 7395
f 7033 7396 3966
f 7033 5446 7396
f 5268 7397 6650
f 4874 6190 7397
f 6352 7398 4989
f 4268 6008 7591
f 4384 7399 5775
f 6550 4772 7399
f 5229 7400 4356
f 7359 5282 7400
f 6359 7401 5079
f 4029 6078 7401
f 4995 7402 6613
f 4134 5558 7402
f 4085 7403 5144
f 4085 6437 7403
f 4399 7404 5034
f 4955 5888 7404
f 5938 7405 4782
f 3947 6930 7405
f 4537 7406 5714
f 4537 6795 7406
f 6247 7407 4500
f 6247 4064 7407
f 4238 7408 5146
f 5130 7502 7408
f 4511 7409 5260
f 5215 7306 7409
f 7407 7410 4500
f 4833 7411 7410
f 5164 7411 4833
f 5164 5914 7411
f 4514 7412 5473
f 6458 4844 7412
f 5628 7413 4011
f 5628 4516 7413
f 4337 7414 5601
f 4337 5544 7414
f 4653 7415 6974
f 5243 5121 7415
f 114 7416 3934
f 113 6424 7416
f 5910 7417 3866
f 5910 6423 7417
f 6126 7418 4971
f 6967 4821 7418
f 6563 7419 4713
f 6563 3956 7419
f 5580 7420 3978
f 4768 7568 7420
f 4323 7421 5580
f 4323 5579 7421
f 4133 7422 5579
f 4133 5207 7422
f 7436 7423 5069
f 5820 4393 7423
f 4235 7424 5337
f 5743 4623 7424
f 4095 7425 6033
f 5163 6321 7425
f 5681 7426 6763
f 4080 7232 7426
f 4347 7427 5648
f 5646 4748 7427
f 5410 7428 3932
f 5410 5237 7428
f 6595 7429 4234
f 5480 4694 7429
f 5775 7430 4277
f 4772 5319 7430
f 6550 7431 4772
f 6550 5005 7431
f 6653 7432 4098
f 5177 5588 7432
f 7432 7433 4875
f 5588 4179 7433
f 5581 7434 4775
f 5581 4338 7434
f 5827 7435 5338
f 5827 5809 7435
f 6325 7436 5012
f 4037 7423 7436
f 5617 7437 4269
f 5617 4543 7437
f 4049 7438 5948
f 4049 5372 7438
f 5421 7439 5144
f 5421 6293 7439
f 4208 7440 5928
f 4208 6161 7440
f 4734 7441 6244
f 6456 4126 7441
f 6882 7442 4861
f 6631 4142 7442
f 7609 7443 5574
f 4777 5505 7443
f 3939 7444 5135
f 3939 5927 7444
f 4472 7445 5927
f 4472 5332 7445
f 5542 7446 4457
f 5542 4039 7446
f 5770 7447 4359
f 5770 5455 7447
f 4134 7449 7105
f 4782 5566 7448
f 6194 7449 7381
f 4782 7448 7449
f 5271 7450 6543
f 4040 5522 7450
f 4324 7451 5522
f 4324 5516 7451
f 5996 7452 4481
f 5996 4690 7452
f 4417 7453 5903
f 5991 4851 7453
f 6101 7454 4151
f 4811 5656 7454
f 4767 7455 6614
f 5579 4323 7455
f 31 7456 5424
f 30 29 7456
f 4065 7457 5456
f 4065 5952 7457
f 5456 7458 4267
f 5456 7457 7458
f 5244 7459 4940
f 5244 3868 7459
f 5853 7460 5207
f 4519 6030 7460
f 4552 7461 5837
f 6156 5835 7461
f 7099 7462 4250
f 5523 4526 7462
f 4681 7463 6559
f 5184 4856 7463
f 4813 7464 5590
f 5653 4326 7464
f 5340 7465 4249
f 5340 4649 7465
f 6154 7466 4123
f 6154 4791 7466
f 165 7467 5795
f 166 6734 7467
f 5480 7468 3975
f 5480 4614 7468
f 6321 7469 5226
f 4201 4912 7469
f 4200 7470 5537
f 6975 4653 7470
f 5631 7471 4139
f 4876 4394 7471
f 5551 7472 4281
f 5551 4531 7472
f 4536 7473 6511
f 5248 6265 7473
f 5626 7474 4350
f 5782 4673 7474
f 5153 7475 7200
f 5188 5087 7475
f 5347 7476 4830
f 3952 6089 7476
f 5415 7477 4000
f 5415 7199 7477
f 7560 7478 4488
f 5613 4052 7478
f 4240 7479 6949
f 4240 6440 7480
f 7479 7480 4784
f 7479 4240 7480
f 4234 7481 6851
f 7008 4901 7481
f 6227 7482 4162
f 4784 6513 7482
f 4168 7483 6002
f 4168 5330 7483
f 5653 7484 4326
f 5653 4771 7484
f 6296 7485 4036
f 5042 7078 7485
f 4771 7486 5697
f 5653 7366 7486
f 6864 7487 5169
f 4845 5817 7487
f 6430 7488 4789
f 6430 5036 7488
f 6246 7489 4872
f 6246 3990 7489
f 5908 7490 4971
f 3887 3888 7490
f 5955 7491 6922
f 4791 6153 7491
f 7466 7492 5225
f 4791 5955 7492
f 5424 7493 4355
f 7456 5112 7493
f 4094 7494 6375
f 5993 6601 7494
f 7173 7495 6066
f 4829 6065 7495
f 5788 7496 4570
f 5788 4371 7496
f 5462 7497 4752
f 5483 4152 7497
f 4722 7498 7194
f 5104 4042 7498
f 4174 7499 6053
f 5345 4800 7499
f 5732 7500 4956
f 3975 5474 7500
f 5713 7501 4650
f 5713 4227 7501
f 7408 7502 4374
f 5130 4287 7502
f 5851 7503 5354
f 5851 4451 7503
f 6638 7504 4795
f 6076 4510 7504
f 6141 7505 4092
f 6141 4704 7505
f 4851 7506 7212
f 4851 5991 7506
f 4868 7507 6969
f 4868 5923 7507
f 7132 7508 5503
f 4982 5176 7508
f 6380 7509 4982
f 5199 6762 7509
f 5985 7510 4197
f 5022 5760 7510
f 6901 7511 4981
f 6901 5099 7511
f 6703 7512 4927
f 4794 6285 7512
f 5494 7513 4077
f 5494 4378 7513
f 3965 7514 5799
f 6572 5834 7514
f 5917 7515 5128
f 4107 6007 7515
f 89 7516 90
f 6952 4669 7516
f 4309 7517 6504
f 4309 6813 7517
f 6463 7518 4228
f 6463 5720 7518
f 7615 7519 4023
f 5353 4389 7519
f 4577 7520 5427
f 5854 4078 7520
f 5054 7521 4950
f 4361 6712 7521
f 7523 7522 5259
f 4950 6301 7522
f 7522 7523 4950
f 5259 4042 7523
f 3999 7524 5496
f 6414 4544 7524
f 55 7525 56
f 55 5695 7525
f 5846 7526 4238
f 5846 4850 7526
f 5639 7527 4077
f 4850 6747 7527
f 6161 7528 5009
f 4825 6373 7528
f 110 7529 7013
f 110 109 7529
f 5094 7530 5479
f 6750 4369 7530
f 6570 7531 5168
f 4785 7384 7531
f 4630 7532 5515
f 4630 5777 7532
f 6537 7533 5025
f 4015 5881 7533
f 6184 7534 4980
f 6184 4002 7534
f 4498 7535 5537
f 6387 4063 7535
f 5772 7536 5773
f 5178 7227 7536
f 4805 7537 6808
f 5086 7302 7537
f 7303 7538 4022
f 5479 7055 7538
f 4633 7539 5764
f 4633 6627 7539
f 6055 7540 4847
f 6055 4308 7540
f 6394 7541 4781
f 6394 4129 7541
f 6591 7542 5417
f 6591 4198 7542
f 5795 7543 6558
f 4886 5704 7543
f 6166 7544 4019
f 6166 4579 7544
f 6535 7545 4238
f 5193 7059 7545
f 4725 7546 5615
f 5614 4333 7546
f 5063 7547 6809
f 4293 5585 7547
f 5826 7548 3896
f 4988 5900 7548
f 6262 7549 4538
f 6193 4810 7549
f 4088 7550 6054
f 5224 6647 7550
f 5850 7551 5376
f 5850 4053 7551
f 4194 7552 5517
f 4959 5823 7552
f 5337 7553 4809
f 4167 5671 7553
f 7343 7554 4976
f 6479 4064 7554
f 6522 7555 4539
f 6522 6217 7555
f 6098 7556 4276
f 4933 7197 7556
f 4364 7557 5732
f 5733 4694 7557
f 6651 7558 5409
f 4163 5844 7558
f 5593 7559 4284
f 7243 5092 7559
f 5643 7560 4488
f 5643 4693 7560
f 26 7561 5313
f 25 24 7561
f 4006 7562 5251
f 5249 6894 7562
f 5062 7563 4293
f 5062 6817 7563
f 6672 7564 5403
f 4487 6994 7564
f 5301 7565 6230
f 4278 6811 7565
f 7370 7566 4721
f 6991 4198 7566
f 6202 7567 4938
f 4435 5634 7567
f 7420 7568 5206
f 4768 7422 7568
f 7350 7569 4285
f 5328 6235 7569
f 3973 7570 6664
f 3973 6774 7570
f 6003 7571 4846
f 3951 5765 7571
f 4847 7572 6055
f 4847 6015 7572
f 7540 7573 4847
f 4071 6016 7573
f 6002 7574 4168
f 4846 6055 7574
f 193 7575 6485
f 193 194 7575
f 4690 7576 6004
f 7143 6003 7576
f 4039 7577 6031
f 4039 5589 7577
f 4828 7578 5640
f 7441 4126 7578
f 3876 7579 5385
f 3877 3878 7579
f 5501 7580 4307
f 5501 4714 7580
f 4822 7581 5622
f 4822 5620 7581
f 4305 7582 6112
f 4305 5466 7582
f 6135 7583 4921
f 6386 4558 7583
f 7016 7584 4921
f 4018 6282 7584
f 4532 7585 6086
f 5095 5123 7585
f 5358 7586 3963
f 5702 4520 7586
f 4837 7587 6330
f 4837 5238 7587
f 4814 7588 5039
f 4814 5697 7588
f 6513 7589 5211
f 3993 6408 7589
f 6408 7590 4814
f 6408 4363 7590
f 4268 7591 7398
f 5311 7348 7591
f 4512 7592 5913
f 4512 6412 7592
f 7592 7593 4823
f 3938 5501 7593
f 5290 7594 6232
f 4143 5913 7594
f 5098 7595 6413
f 4232 7295 7595
f 6045 7596 4412
f 6045 4820 7596
f 184 7597 183
f 6840 4680 7597
f 5689 7598 4211
f 5689 4986 7598
f 5473 7599 4164
f 4844 5920 7599
f 4535 7600 5419
f 4535 6506 7600
f 5673 7601 4769
f 5673 4382 7601
f 5690 7602 5139
f 174 175 7602
f 5055 7603 4145
f 4958 7620 7603
f 4943 7604 6444
f 5736 4203 7604
f 5772 7605 5179
f 4415 5393 7605
f 6243 7606 4483
f 6243 5975 7606
f 6587 7607 3955
f 4889 6273 7607
f 5356 7608 4297
f 5902 4494 7608
f 5754 7609 4157
f 5754 4777 7609
f 4314 7610 5490
f 4862 6157 7610
f 5382 7611 4225
f 5382 7207 7611
f 5056 7612 6760
f 5741 4442 7612
f 4424 7613 5839
f 6532 4624 7613
f 4659 7614 5745
f 6494 7316 7614
f 7519 7615 5353
f 4023 6330 7615
f 5537 7616 4200
f 7617 4320 5464
f 5015 7617 7616
f 5015 5461 7617
f 5104 7618 6277
f 4285 6132 7618
f 5887 7619 4156
f 4887 5749 7619
f 6896 7620 4958
f 6896 4678 7620
f 4676 7621 5564
f 5334 4081 7621
f 8029 202 115
f 7962 8142 7776
f 115 8295 8029
f 7971 8046 7741
f 8082 7837 8154
f 8073 7971 8142
f 8126 7897 7671
f 8154 8046 7795
f 7940 8291 7658
f 8064 7861 7692
f 7977 8206 122
f 124 8069 8229
f 7869 8055 7948
f 7791 7902 8256
f 7952 126 127
f 8300 7968 8311
f 7935 8192 7681
f 7909 8116 7685
f 8149 7935 7769
f 8017 7988 7909
f 7988 134 8043
f 7649 137 8273
f 8239 8067 7695
f 8323 8239 7806
f 7888 7665 7860
f 8041 8187 7886
f 8275 8308 8227
f 8219 140 141
f 7938 226 225
f 7888 7850 7665
f 7867 7735 7868
f 8309 8172 7858
f 8282 7942 7662
f 8313 7871 7708
f 8168 148 149
f 7922 8168 8313
f 8278 150 7913
f 8065 7965 7662
f 7853 7836 7760
f 8101 7836 153
f 7851 7905 7998
f 7974 8083 7750
f 242 158 58
f 8261 7781 7974
f 8056 8162 7781
f 8196 8321 7709
f 241 8162 8056
f 8339 7991 7826
f 239 8354 7916
f 8303 7912 7652
f 8321 8359 7709
f 8267 8241 237
f 7763 8140 7991
f 7937 7966 7650
f 7939 235 8355
f 7991 8339 7711
f 8355 233 8034
f 8201 231 230
f 8201 230 7854
f 8330 8080 144
f 8163 228 7859
f 8144 7938 7730
f 228 227 7859
f 8215 8222 7963
f 8011 8062 8223
f 7924 7779 7941
f 8139 7900 7959
f 8226 7941 221
f 8226 221 220
f 8023 7655 7841
f 8305 218 217
f 8305 217 7904
f 8100 7928 7719
f 8343 7947 7719
f 7917 215 214
f 8012 8081 212
f 8240 8012 212
f 8341 8016 8342
f 8288 8047 7693
f 8130 7743 7982
f 207 8130 208
f 7986 8169 7777
f 8170 7962 7776
f 204 203 8169
f 115 202 57
f 136 7622 135
f 8043 134 135
f 8017 133 7988
f 8102 132 8017
f 8086 7623 7624
f 129 8137 8094
f 8353 7626 8014
f 8069 125 8238
f 8057 8025 8059
f 8058 7865 7688
f 8005 7890 7736
f 7629 8009 7628
f 8002 8184 7705
f 8002 7633 7834
f 7632 8002 7890
f 8144 227 226
f 8294 7635 7636
f 8108 7855 7694
f 8332 8118 7759
f 8153 7638 7639
f 8004 7874 7738
f 7874 7641 7642
f 8004 7641 7874
f 7874 7642 8000
f 8109 8298 7644
f 8109 7644 7645
f 8307 8269 7646
f 8308 8275 7803
f 7834 7634 7944
f 7944 7849 7726
f 7817 7960 7661
f 8195 7879 7666
f 8267 236 235
f 8248 8234 7853
f 8187 8041 7653
f 7892 147 7922
f 7978 8111 7757
f 8194 7993 7920
f 8232 222 7941
f 7959 7900 7651
f 8316 7985 7656
f 8088 7636 7637
f 8237 7948 7657
f 7825 7624 8097
f 7846 7967 8302
f 8290 8113 7672
f 7982 8240 210
f 7881 8072 7658
f 8183 7699 8277
f 8221 224 223
f 8236 7719 7904
f 8185 7980 7700
f 8182 7910 7690
f 7956 8280 7664
f 7813 8008 8327
f 7915 8199 7950
f 8354 8063 7916
f 8101 153 154
f 8067 8227 7695
f 8124 7873 8275
f 8350 7907 7666
f 8294 8088 7849
f 8176 7931 7887
f 8153 7639 7934
f 7973 8244 7668
f 7976 7732 7912
f 7757 7828 8112
f 8233 8180 8037
f 8249 7670 7927
f 7842 7627 7628
f 8042 8064 7692
f 8191 7651 7900
f 8121 7756 8008
f 8270 8199 7829
f 8262 7888 7717
f 7653 7831 8187
f 8150 8026 7674
f 8355 234 233
f 8033 7933 7840
f 8303 7652 7835
f 8077 8123 7694
f 8038 8346 7690
f 7955 8013 7677
f 8234 152 7836
f 7896 8090 7678
f 8039 8179 7881
f 7997 8066 7679
f 8068 220 219
f 7704 7987 7840
f 8106 7947 7679
f 8311 7734 7952
f 7954 7896 7678
f 7816 7981 7682
f 8031 8245 7667
f 7979 7815 7683
f 8218 7651 7946
f 8257 7914 7684
f 8208 8070 7674
f 8216 7909 7685
f 8086 8043 7623
f 8112 7828 7686
f 7969 7766 7980
f 7989 8016 7743
f 8081 213 212
f 8145 8096 7767
f 8349 8030 7701
f 8229 7845 7977
f 7975 7844 8072
f 8018 7983 7794
f 7822 7957 7652
f 8152 7995 7691
f 7862 8128 8127
f 119 8276 8073
f 8064 7827 8091
f 206 7986 7848
f 7861 8064 7753
f 7943 8077 8272
f 7855 7720 7856
f 8171 8239 8323
f 8307 7646 7647
f 8167 8179 7696
f 8103 7895 7672
f 8074 8144 7730
f 8163 7854 230
f 8298 7872 8000
f 8181 7887 7784
f 8228 8340 7875
f 7914 8032 7684
f 8174 7883 8175
f 7969 7937 7650
f 8338 8045 7701
f 8059 7865 7745
f 8188 7900 7702
f 8053 8052 7818
f 7998 7906 7750
f 153 7836 152
f 8159 7926 7704
f 8157 8175 7884
f 8005 8057 7918
f 8158 7927 7802
f 7919 7880 7729
f 8098 7999 7698
f 8051 7871 7707
f 8335 7998 7703
f 146 8022 145
f 7965 7871 7662
f 8162 7916 7781
f 156 8084 155
f 8141 7710 7911
f 7835 8325 8032
f 8089 7991 7711
f 8267 237 236
f 8137 8149 7769
f 8237 7953 8265
f 8115 7915 8322
f 8119 7694 7855
f 8176 8018 7714
f 7983 8048 7722
f 7902 8255 7715
f 8076 8024 7705
f 8001 8010 7716
f 8195 7984 8194
f 142 143 7858
f 7951 7923 7729
f 8013 7955 7822
f 8155 8021 7821
f 7817 8254 7833
f 216 7904 217
f 8108 8224 7720
f 8347 8211 7876
f 8021 8155 7721
f 8044 8198 7697
f 8279 7722 7973
f 8048 7823 7690
f 8139 7959 7723
f 7960 7979 7814
f 7948 8237 7787
f 7908 7940 7786
f 7879 8195 8193
f 8015 7816 7682
f 8184 7834 7726
f 7981 7849 8134
f 7996 7814 7727
f 8066 7773 8011
f 7813 8007 7728
f 7894 8103 7672
f 7951 7729 7850
f 8352 8351 7843
f 227 8144 7859
f 7832 8230 8252
f 8031 7990 7731
f 8298 7643 7644
f 7976 7942 7732
f 8304 8065 7662
f 8003 8318 7733
f 8206 8082 121
f 8110 7968 7786
f 8148 8094 7769
f 146 7892 8022
f 8133 7965 7754
f 7630 8005 7918
f 8076 7852 8158
f 8070 7889 7737
f 8201 8034 232
f 7640 8004 7934
f 8217 8031 7667
f 8035 7937 7739
f 8185 8156 7885
f 8200 7895 7740
f 7903 8103 7755
f 117 8142 7962
f 8104 8138 7659
f 8151 7961 7742
f 8100 7917 7764
f 209 208 7982
f 8203 8104 7659
f 8049 7835 7744
f 8340 8228 7699
f 8009 7918 7745
f 8122 7901 7748
f 8316 7746 7993
f 8272 8119 7782
f 7877 8075 7747
f 8156 8185 7700
f 8096 7688 8225
f 8338 7896 7797
f 8105 8065 8304
f 7923 7886 7729
f 8359 7851 7750
f 155 7906 154
f 8172 7888 7751
f 8219 8171 140
f 8306 7752 8126
f 8190 8191 7772
f 8046 7692 7861
f 8186 7899 7702
f 8133 7754 7921
f 7932 8345 7749
f 8202 7903 7755
f 7946 8121 7728
f 8121 7894 7756
f 8209 8060 7771
f 8286 8111 7978
f 8113 8112 7830
f 8106 8011 7758
f 221 7941 222
f 8118 8332 7809
f 7995 7934 7738
f 8147 7853 7760
f 8246 8280 7792
f 8320 8026 7761
f 8155 8150 7964
f 8180 8233 7762
f 8129 8128 7770
f 8320 8117 8026
f 8208 8089 7889
f 8342 8079 8012
f 8081 7917 214
f 7925 8054 7765
f 7660 8006 8252
f 8328 7980 7766
f 8228 7949 7699
f 8301 7825 7767
f 8145 8014 7842
f 7933 8174 7768
f 8173 8157 7925
f 8207 8102 7780
f 8094 8114 128
f 8177 7931 7770
f 8233 8078 7656
f 8322 8035 7771
f 7663 8071 8036
f 7899 8189 8188
f 8191 8235 7651
f 7840 8062 7773
f 7841 7997 8329
f 7936 8193 7774
f 8316 8078 7746
f 7910 8182 7775
f 7942 8282 7793
f 116 117 7962
f 8348 7971 7741
f 8169 8029 7777
f 8169 7986 205
f 8301 8116 7825
f 7623 8043 7622
f 225 8221 7938
f 8226 8068 7758
f 131 8102 7893
f 8216 7685 7869
f 242 241 8056
f 157 7974 156
f 8250 7943 7782
f 8132 7966 7937
f 8230 7832 7783
f 7963 8231 7730
f 8245 8031 7784
f 8181 8098 7843
f 7878 8055 7785
f 8096 8019 7767
f 8220 7908 7786
f 7967 7844 7689
f 7935 8264 7787
f 8265 7724 7908
f 8204 7972 7788
f 7720 7970 7949
f 7695 8227 8308
f 8247 8131 7843
f 7857 8123 8037
f 8233 7656 8127
f 8158 7715 7927
f 8256 8286 8030
f 8280 7956 7792
f 8146 7945 7760
f 8283 7942 7793
f 7891 8051 7707
f 7930 8293 8292
f 7972 7983 7722
f 8142 7971 7776
f 8046 8154 7692
f 7947 7796 7904
f 8305 8068 219
f 8197 7797 7896
f 8045 8020 7748
f 8315 7964 7798
f 8253 8074 7832
f 7800 8090 7978
f 8256 8030 7791
f 8040 8243 8200
f 8290 8289 8113
f 7908 8165 7940
f 8291 7801 8039
f 8025 8334 7802
f 8255 7902 7791
f 8239 7695 7958
f 8269 8109 7645
f 8336 7996 7804
f 8343 8263 7947
f 8344 8065 7805
f 8345 8346 8038
f 8273 8323 7806
f 8273 8214 7648
f 7982 8341 7807
f 210 8240 211
f 8003 8319 7808
f 7733 8042 7837
f 8120 8134 7809
f 7759 8118 8153
f 7985 8358 7810
f 8125 8085 7862
f 8094 8148 7811
f 128 8114 127
f 7838 7711 7939
f 8241 8354 238
f 8075 8007 7813
f 8299 8327 7885
f 7996 7661 7814
f 7727 8135 7877
f 7979 7959 7815
f 8007 8218 7728
f 8093 7981 7816
f 8358 8015 7810
f 8285 7960 7817
f 7994 7833 7687
f 8016 7989 7818
f 7687 8052 7994
f 7992 7684 7819
f 7765 7819 8160
f 8340 8183 7820
f 8054 7992 7765
f 7819 7684 8021
f 8155 8087 7761
f 7955 7718 7822
f 8166 7652 7912
f 8018 7653 7983
f 8048 7690 7824
f 7973 7722 7824
f 8244 8141 7911
f 8116 8086 7825
f 8097 7624 7625
f 8140 7664 7991
f 7812 8196 8063
f 8317 8091 7827
f 8318 7827 7733
f 8111 8001 7828
f 8270 7936 8199
f 8326 8061 7829
f 7950 8132 7713
f 8143 8113 7830
f 8209 7771 8092
f 7887 8297 7831
f 8293 8018 7794
f 8231 7783 7832
f 8253 8252 7798
f 7994 7817 7833
f 7687 7833 8079
f 7633 7634 7834
f 8184 7726 7907
f 8032 7744 7835
f 8324 7835 7652
f 8234 7836 7853
f 7760 7836 8146
f 7977 7733 7837
f 121 8082 120
f 7889 7711 7838
f 8034 233 232
f 7871 8313 7839
f 8259 7913 7853
f 7987 7680 7840
f 8173 7933 7768
f 8033 7773 7841
f 8023 7877 8205
f 8009 7745 7842
f 7627 8014 7626
f 8351 8181 7843
f 8247 8124 7789
f 7975 7689 7844
f 8213 8110 7786
f 8302 8003 7845
f 8229 7977 123
f 7952 7734 7846
f 8069 8302 7845
f 8047 8104 7847
f 8136 7743 7848
f 207 206 7848
f 7743 8136 7989
f 7981 7726 7849
f 8088 8294 7636
f 8172 7717 7888
f 8161 7729 7880
f 7826 8331 8321
f 8359 7750 8083
f 8099 8158 7852
f 8350 7852 7907
f 150 8248 7913
f 8259 7853 8147
f 8044 7737 7854
f 8198 8163 7859
f 8119 7855 7966
f 7856 7949 8228
f 7650 7855 7856
f 7650 7929 7969
f 7788 8224 8204
f 8123 8077 7790
f 8309 7858 8080
f 142 7858 8027
f 229 228 8163
f 8074 7730 7832
f 7866 7751 8067
f 7789 8274 8131
f 8104 7741 7861
f 8138 7753 7898
f 8178 7770 7862
f 8085 7810 7863
f 8357 8120 7863
f 8125 8127 7656
f 7995 7738 7864
f 8178 8177 7770
f 8058 7745 7865
f 7688 7865 8095
f 8027 7751 8219
f 140 8171 139
f 8022 7735 7867
f 144 8080 143
f 8242 7951 7868
f 7867 7868 8309
f 8264 7712 7948
f 8212 7685 8019
f 7964 7674 7870
f 7798 7870 8253
f 8314 7707 7871
f 7708 7965 8133
f 7999 7731 7872
f 8310 8109 7873
f 8124 8310 7873
f 7873 8269 8307
f 7990 7738 7874
f 8000 7642 7643
f 8107 7766 7875
f 8258 8340 7820
f 8211 8277 7876
f 7970 8224 7788
f 8135 7683 7877
f 8329 8023 7841
f 8020 7657 7878
f 8095 8225 7688
f 7902 7715 8010
f 8193 8195 7774
f 7919 7706 7880
f 7729 8161 7850
f 8167 7752 7881
f 8179 7740 7903
f 8190 7696 7882
f 8235 7755 7946
f 8205 7747 7883
f 8174 8175 7768
f 8175 7700 7884
f 7675 8107 8258
f 8327 8036 7885
f 7747 8156 7883
f 7823 7653 8041
f 7923 7951 7673
f 8181 7706 7887
f 7667 7887 7931
f 8262 7850 7888
f 7751 7888 7860
f 7870 7674 8070
f 7737 7889 7838
f 7631 7632 7890
f 7736 7890 8024
f 8284 7793 7891
f 8266 7760 7945
f 146 147 7892
f 7735 7892 8028
f 8102 8207 7893
f 131 8137 130
f 7946 7755 7894
f 7756 7894 8143
f 8200 7800 7895
f 7740 8179 8039
f 8287 7799 7896
f 8197 7954 7724
f 8126 7752 7897
f 8189 8190 7772
f 7861 7753 8138
f 7659 7898 8053
f 8091 7671 7899
f 8186 7702 7898
f 8188 7772 7900
f 7702 8139 7961
f 8122 7670 7901
f 7748 7901 8045
f 8111 7654 8001
f 8010 8099 7879
f 7740 7895 7903
f 7696 8202 7882
f 8106 7796 7947
f 7719 8236 7917
f 8331 7664 7905
f 7703 8246 8146
f 7998 8335 7906
f 8084 7906 155
f 7852 7705 7907
f 7666 8093 7984
f 8265 7908 8192
f 8220 7786 7968
f 7988 7778 7909
f 7780 8216 8050
f 7824 7690 7910
f 7710 7910 7976
f 7910 7710 8141
f 7668 8211 8347
f 8049 7710 8303
f 7652 8166 7822
f 149 150 8278
f 8314 8259 7707
f 8211 7744 8277
f 7820 7914 8257
f 8326 7829 8356
f 7686 8115 8060
f 240 239 8162
f 7781 7916 8083
f 8081 7764 7917
f 215 8236 216
f 7629 7630 7918
f 7745 7918 8057
f 8297 7706 7919
f 7886 7919 7729
f 7936 7774 7920
f 7669 7920 7943
f 7868 7735 8242
f 7673 8210 7932
f 147 148 7922
f 7892 7922 8337
f 7749 7886 7923
f 7749 7923 7932
f 8222 7779 7924
f 8062 8011 7773
f 8157 7675 7925
f 7704 7925 8159
f 8160 7660 7926
f 7704 7926 7987
f 8333 7802 7927
f 7670 8249 7901
f 8254 8336 7928
f 8251 8100 7764
f 7650 7856 7929
f 7766 7929 7875
f 8292 7676 7930
f 7714 7930 8129
f 8177 7667 7931
f 7770 7931 8129
f 8210 8344 7932
f 7673 7932 7923
f 8033 7655 7933
f 7840 7933 7704
f 7639 7640 7934
f 7759 7934 7995
f 8149 7712 7935
f 7769 7935 8148
f 8061 7716 8270
f 7669 7936 7920
f 8035 7713 7937
f 7969 7929 7766
f 7963 7730 8215
f 8221 225 224
f 8268 8267 7939
f 8355 235 234
f 8165 7801 7940
f 7786 7940 8213
f 223 222 8232
f 7924 7941 7758
f 7976 7775 7942
f 7732 7942 8283
f 7920 7746 7943
f 7669 8250 7950
f 7634 7635 7944
f 7834 7944 7726
f 8147 7760 8266
f 8281 8246 7792
f 8202 7755 8235
f 7651 8218 7815
f 8263 7679 7947
f 7719 7947 7904
f 8055 7657 7948
f 7869 7948 7712
f 7856 7720 7949
f 7699 7949 7876
f 8199 7669 7950
f 7915 7950 7713
f 8242 7673 7951
f 7868 8262 7717
f 8238 126 7952
f 8311 8114 7811
f 8197 7724 7953
f 8260 7657 8020
f 8165 7724 7954
f 7801 7954 8040
f 8312 7718 7955
f 7792 7955 8281
f 7955 7792 8312
f 7718 7956 8117
f 7822 7718 7957
f 7652 7957 8087
f 8214 7806 7958
f 8214 8271 7648
f 7979 7723 7959
f 7815 7959 7651
f 8285 7723 7960
f 7661 7960 7814
f 7898 7702 8151
f 7742 8285 7817
f 8295 116 7962
f 7777 7962 8170
f 7987 7783 7963
f 8222 8215 7779
f 8006 7721 8315
f 7798 7964 7870
f 7708 7871 7965
f 7754 7965 8065
f 8132 7782 7966
f 7650 7966 7855
f 8213 7844 8110
f 7734 7967 7846
f 8148 7681 8300
f 7734 7968 8110
f 7739 7937 7969
f 8328 7884 7700
f 7876 7949 8347
f 7668 7970 7973
f 8073 7795 7971
f 7776 8348 8288
f 8292 7794 7972
f 7676 7972 8204
f 7972 7722 8279
f 7788 7973 7970
f 8056 7781 8261
f 156 7974 8084
f 8319 7689 7975
f 8072 8213 7658
f 7910 7775 7976
f 7710 7976 7912
f 7845 7733 7977
f 123 7977 122
f 8090 7799 7978
f 7800 7978 8289
f 7960 7723 7979
f 7814 7979 7683
f 7739 7969 7980
f 7739 8185 8036
f 8093 7726 7981
f 8134 8088 7809
f 7848 7743 8130
f 209 7982 210
f 7653 7823 7983
f 7794 7983 7972
f 7816 7725 7984
f 7816 7984 8093
f 8125 7656 7985
f 7993 7746 7920
f 206 205 7986
f 7848 8164 7693
f 7963 7680 7987
f 7783 7987 7926
f 8043 7778 7988
f 134 7988 133
f 8203 7818 7989
f 7847 8136 7693
f 7874 7731 7990
f 8217 7667 7864
f 7664 7826 7991
f 8089 7711 7889
f 8054 8257 7992
f 7765 7992 7819
f 7725 7985 7993
f 8194 7920 7774
f 7742 7817 7994
f 8052 8016 7818
f 8152 7759 7995
f 7691 7995 7864
f 8336 7661 7996
f 7804 7996 7997
f 7996 7727 7997
f 7804 7997 8263
f 7905 7703 7998
f 7851 7998 7750
f 8310 7698 7999
f 7731 7999 8031
f 7731 7874 8000
f 7731 8000 7872
f 7654 7902 8001
f 7828 8061 8326
f 7632 7633 8002
f 8296 8002 7705
f 8302 7689 8003
f 7845 8003 7733
f 7640 7641 8004
f 7934 8004 7738
f 7631 7890 8005
f 7631 8005 7630
f 7819 7721 8006
f 7819 8006 7660
f 7683 7815 8007
f 7683 8007 8075
f 7813 7728 8008
f 7663 8008 8092
f 7629 7918 8009
f 7628 8009 7842
f 8001 7902 8010
f 7716 8010 7879
f 8223 7758 8011
f 7773 8066 7841
f 8079 7764 8012
f 8240 212 211
f 8284 7677 8013
f 7732 8013 8166
f 7627 7842 8014
f 8353 8097 7625
f 7725 7816 8015
f 7810 8015 8357
f 8341 7743 8016
f 7687 8016 8052
f 132 133 8017
f 7780 8017 7909
f 7831 7653 8018
f 7831 8018 8176
f 7869 7685 8212
f 7785 8019 8096
f 7878 7748 8020
f 7657 8260 7953
f 8325 7821 8021
f 7819 8021 7721
f 7892 7735 8022
f 145 8330 144
f 7883 7655 8205
f 7877 8329 7727
f 8296 7705 8024
f 8334 8076 7802
f 8057 7736 8025
f 7670 8025 8333
f 8117 7763 8026
f 8150 7674 7964
f 7858 7751 8027
f 142 8027 141
f 8337 7708 8028
f 7735 8028 7921
f 203 202 8029
f 7777 8295 7962
f 8249 7791 8349
f 7701 8030 8287
f 7999 7784 8031
f 7990 8031 8217
f 7914 7744 8032
f 8325 7835 7821
f 7841 7655 8033
f 7773 8033 7840
f 7737 7838 8034
f 7737 8201 7854
f 8322 7713 8035
f 8071 7739 8036
f 8035 7739 8071
f 7663 8036 8327
f 8204 7857 8037
f 7676 8180 7930
f 8041 7749 8038
f 7823 8038 7690
f 8040 7740 8039
f 7658 8039 7881
f 7954 7678 8040
f 7801 8040 8039
f 8038 7823 8041
f 7749 8041 7886
f 7733 7827 8042
f 7837 8042 8154
f 8086 7778 8043
f 7622 8043 135
f 8070 7737 8044
f 7870 8044 7697
f 7901 7701 8045
f 8020 8045 8260
f 7971 7795 8046
f 7741 8046 7861
f 8348 7741 8047
f 7693 8047 7847
f 7983 7823 8048
f 7722 8048 7824
f 7911 7710 8049
f 7911 8049 7744
f 7893 8207 8149
f 7712 8050 7869
f 7662 7871 8282
f 7793 8051 7891
f 7742 7994 8052
f 8053 8203 7659
f 7742 8052 8053
f 7742 8053 8151
f 8258 7820 8054
f 7675 8054 7925
f 7878 7657 8055
f 7785 8055 8212
f 158 242 8056
f 158 8261 157
f 8005 7736 8057
f 7745 8057 8059
f 7842 7745 8058
f 7842 8058 8145
f 8122 7865 8059
f 7670 8059 8025
f 8112 7686 8060
f 7830 8209 8143
f 8001 7716 8061
f 8001 8061 7828
f 7680 7924 8062
f 7680 8062 7840
f 8241 7812 8063
f 7916 8063 7709
f 8091 7753 8064
f 7827 8064 8042
f 8344 7754 8065
f 8304 7942 7775
f 7997 7841 8066
f 7679 8066 8011
f 7751 7860 8067
f 7866 8067 8239
f 8106 7758 8068
f 8305 219 218
f 8238 7846 8069
f 125 8069 124
f 8208 7889 8070
f 7870 8070 8044
f 7771 8035 8071
f 7771 8071 8092
f 7752 7975 8072
f 7752 8072 7881
f 8276 7795 8073
f 119 8073 118
f 8198 7859 8074
f 7697 8074 8253
f 7877 7683 8075
f 7747 8075 8299
f 7705 7852 8076
f 8024 8076 8334
f 8078 7790 8077
f 7746 8077 7943
f 8077 7746 8078
f 7790 8078 8233
f 8251 7764 8079
f 8342 8012 7807
f 8330 7867 8080
f 143 8080 7858
f 8012 7764 8081
f 213 8081 214
f 8206 7837 8082
f 120 8082 8276
f 7916 7709 8083
f 7781 8083 7974
f 7750 7906 8084
f 7750 8084 7974
f 7691 7862 8085
f 7691 8085 7863
f 8116 7778 8086
f 7825 8086 7624
f 7957 7761 8087
f 7652 8087 8324
f 8134 7849 8088
f 7809 8088 8118
f 7763 7991 8089
f 7763 8208 8026
f 7896 7799 8090
f 8243 7800 8200
f 7899 7753 8091
f 7671 8091 8317
f 8008 7756 8092
f 7663 8092 8071
f 7907 7726 8093
f 7907 8093 7666
f 8137 7769 8094
f 129 8094 128
f 7748 7878 8095
f 7748 8095 7865
f 8225 7785 8096
f 8145 7767 8014
f 7767 7825 8097
f 7767 8353 8014
f 8247 7843 8098
f 7999 8098 7784
f 8010 7715 8099
f 7879 8350 7666
f 7719 7917 8100
f 7928 8251 8254
f 7703 7836 8335
f 7906 8101 154
f 8017 7780 8102
f 132 8102 131
f 7903 7895 8103
f 7755 8103 7894
f 8047 7741 8104
f 7847 8104 8203
f 7805 8065 8105
f 8346 8182 7690
f 8068 7796 8106
f 8011 8106 7679
f 8328 7766 8107
f 7884 8107 7675
f 8123 7857 8108
f 7855 8108 7720
f 8310 7872 8109
f 7873 8109 8269
f 7967 7734 8110
f 7967 8110 7844
f 8286 7654 8111
f 7757 8111 7828
f 8113 7757 8112
f 7830 8112 8060
f 8289 7757 8113
f 7672 8113 8143
f 8094 7811 8114
f 127 8114 7952
f 7686 7915 8115
f 8060 8115 7771
f 7909 7778 8116
f 7685 8301 8019
f 8140 7763 8117
f 7718 8320 7957
f 7637 7638 8118
f 7637 8118 8088
f 8272 7694 8119
f 7782 8119 7966
f 8357 7682 8120
f 7863 8120 8152
f 7946 7894 8121
f 7728 8121 8008
f 8059 7670 8122
f 7865 8122 7748
f 8108 7694 8123
f 8037 8123 7790
f 8247 7698 8124
f 8275 7873 7803
f 7810 8085 8125
f 7810 8125 7985
f 7975 7752 8306
f 8306 8126 8317
f 8128 7762 8127
f 7862 8127 8125
f 8129 7762 8128
f 7770 8128 7862
f 7930 7762 8129
f 7714 8129 7931
f 207 7848 8130
f 208 8130 7982
f 8352 7843 8131
f 8274 8227 7860
f 7950 7782 8132
f 7713 8132 7937
f 8028 7708 8133
f 8028 8133 7921
f 7682 7981 8134
f 7682 8134 8120
f 7814 7683 8135
f 7814 8135 7727
f 7847 7989 8136
f 7693 8136 7848
f 131 7893 8137
f 130 8137 129
f 8104 7861 8138
f 7659 8138 7898
f 7702 7900 8139
f 7961 8139 7723
f 7956 7664 8140
f 7956 8140 8117
f 7824 7910 8141
f 7824 8141 8244
f 118 8073 8142
f 118 8142 117
f 7894 7672 8143
f 7756 8143 8209
f 226 7938 8144
f 7859 8144 8074
f 7688 8096 8145
f 7688 8145 8058
f 8246 7945 8146
f 7703 8146 7836
f 7891 7707 8147
f 7891 8147 8266
f 8300 7811 8148
f 7681 8148 7935
f 8050 7712 8207
f 7893 8149 8137
f 7761 8026 8150
f 7761 8150 8155
f 7702 7961 8151
f 7898 8151 8053
f 8332 7759 8152
f 7863 8152 7691
f 8118 7638 8153
f 7759 8153 7934
f 8042 7692 8154
f 8082 8154 7795
f 7821 8087 8155
f 7721 8155 7964
f 7747 7885 8156
f 7883 8156 7700
f 7884 7675 8157
f 7768 8157 8173
f 8099 7715 8158
f 8076 8158 7802
f 8160 7926 8159
f 7765 8159 7925
f 7819 7660 8160
f 7765 8160 8159
f 7665 7850 8161
f 7665 8161 8352
f 239 7916 8162
f 240 8162 241
f 230 229 8163
f 7854 8198 8044
f 7986 7777 8164
f 7986 8164 7848
f 7954 7801 8165
f 7724 8165 7908
f 8013 7822 8166
f 7732 8166 7912
f 7897 7752 8167
f 7897 8167 8190
f 7922 148 8168
f 7839 8278 8314
f 203 8029 8169
f 204 8169 205
f 8164 7777 8170
f 8164 8288 7693
f 8219 7866 8171
f 139 8171 8323
f 8309 7717 8172
f 7858 8172 7751
f 7704 7933 8173
f 7704 8173 7925
f 7655 7883 8174
f 7655 8174 7933
f 7883 7700 8175
f 7768 8175 8157
f 7887 7831 8176
f 7931 8176 7714
f 7864 7667 8177
f 7864 8177 8178
f 7691 7864 8178
f 7691 8178 7862
f 8167 7881 8179
f 7696 8179 7903
f 7676 8037 8180
f 7930 8180 7762
f 8351 7706 8181
f 8098 8181 7784
f 8105 7775 8182
f 8105 8346 7805
f 7914 7820 8183
f 8277 7699 7876
f 8002 7834 8184
f 7705 8184 7907
f 7739 7980 8185
f 8036 8185 7885
f 7753 7899 8186
f 7753 8186 7898
f 7919 7886 8187
f 7919 8187 8297
f 8189 7772 8188
f 7899 8188 7702
f 7671 7897 8189
f 7671 8189 7899
f 8167 7696 8190
f 7897 8190 8189
f 8190 7882 8191
f 7772 8191 7900
f 7935 7787 8192
f 7681 8192 8220
f 7716 7879 8193
f 7716 8193 8270
f 7725 7993 8194
f 7725 8194 7984
f 8194 7774 8195
f 7984 8195 7666
f 8339 7826 8196
f 8063 8196 7709
f 7896 7954 8197
f 7797 8197 7953
f 7854 8163 8198
f 7697 8198 8074
f 7936 7669 8199
f 7829 8199 8356
f 8090 7800 8243
f 8040 8200 7740
f 232 231 8201
f 8034 8201 7737
f 7696 7903 8202
f 7882 8202 8235
f 7989 7847 8203
f 7818 8203 8053
f 8037 7676 8204
f 8224 7970 7720
f 7877 7747 8205
f 8023 8205 7655
f 7977 7837 8206
f 122 8206 121
f 7712 8149 8207
f 8050 8207 7780
f 7763 8089 8208
f 8026 8208 7674
f 7830 8060 8209
f 7756 8209 8092
f 7921 7754 8210
f 7921 8210 7673
f 7911 7744 8211
f 7911 8211 7668
f 8055 7869 8212
f 7785 8212 8019
f 8072 7844 8213
f 7658 8213 7940
f 8273 7806 8214
f 7648 8271 7647
f 7938 7779 8215
f 7938 8215 7730
f 7780 7909 8216
f 8050 8216 7869
f 7738 7990 8217
f 7738 8217 7864
f 8007 7815 8218
f 7728 8218 7946
f 7751 7866 8219
f 8027 8219 141
f 8192 7908 8220
f 7681 8220 7968
f 7779 7938 8221
f 7779 8232 7941
f 7680 7963 8222
f 7680 8222 7924
f 7924 7758 8223
f 7924 8223 8062
f 7857 8204 8224
f 7857 8224 8108
f 7878 7785 8225
f 7878 8225 8095
f 7758 7941 8226
f 8068 8226 220
f 8274 7789 8227
f 7860 8227 8067
f 7929 7856 8228
f 7929 8228 7875
f 8069 7845 8229
f 124 8229 123
f 7926 7660 8230
f 7926 8230 7783
f 7963 7783 8231
f 7730 8231 7832
f 8221 223 8232
f 8221 8232 7779
f 8037 7790 8233
f 7762 8233 8127
f 151 152 8234
f 151 8234 8248
f 8191 7882 8235
f 7651 8235 7946
f 215 7917 8236
f 216 8236 7904
f 8265 7787 8237
f 7953 8237 7657
f 125 126 8238
f 7846 8238 7952
f 8171 7866 8239
f 7806 8239 7958
f 7807 8012 8240
f 7807 8240 7982
f 8267 7812 8241
f 237 8241 238
f 7921 7673 8242
f 7921 8242 7735
f 7678 8090 8243
f 7678 8243 8040
f 7973 7824 8244
f 7668 8244 7911
f 7887 7667 8245
f 7887 8245 7784
f 7703 7905 8246
f 7945 8246 8281
f 8098 7698 8247
f 8131 8247 7789
f 150 151 8248
f 7913 8248 7853
f 7701 7901 8349
f 7791 8249 8255
f 7669 7943 8250
f 7950 8250 7782
f 7928 8100 8251
f 7833 8251 8079
f 8006 7798 8252
f 7660 8252 8230
f 7870 7697 8253
f 8252 8253 7832
f 7817 7661 8254
f 7833 8254 8251
f 7927 7715 8255
f 7927 8255 8249
f 7799 8030 8286
f 7654 8256 7902
f 8054 7820 8257
f 7992 8257 7684
f 8107 7875 8258
f 7675 8258 8054
f 8314 7913 8259
f 7707 8259 8147
f 7797 7953 8260
f 7797 8260 8045
f 158 8056 8261
f 157 8261 7974
f 7951 7850 8262
f 7951 8262 7868
f 7997 7679 8263
f 7804 8263 8343
f 7935 7712 8264
f 7787 8264 7948
f 7953 7724 8265
f 7787 8265 8192
f 8284 7891 8266
f 7677 8266 8281
f 8268 7812 8267
f 7939 8267 235
f 8196 7812 8339
f 7711 8268 7939
f 7803 7873 8307
f 7646 8269 7645
f 8193 7936 8270
f 8061 8270 7829
f 7958 7803 8271
f 7958 8271 8214
f 8077 7694 8272
f 7943 8272 7782
f 137 138 8273
f 7649 8273 7648
f 7665 8131 8274
f 7665 8274 7860
f 7789 8124 8275
f 7789 8275 8227
f 8082 7795 8276
f 120 8276 119
f 7914 8183 8277
f 7914 8277 7744
f 8168 149 8278
f 8168 8278 7839
f 7788 7972 8279
f 7788 8279 7973
f 7905 7664 8280
f 7905 8280 8246
f 8266 7945 8281
f 7677 8281 7955
f 8051 7793 8282
f 8051 8282 7871
f 8013 7732 8283
f 8013 8283 8284
f 8266 7677 8284
f 7793 8284 8283
f 7961 7723 8285
f 7961 8285 7742
f 8256 7654 8286
f 7799 8286 7978
f 8030 7799 8287
f 7701 8287 8338
f 8170 7776 8288
f 8170 8288 8164
f 7978 7757 8289
f 7800 8289 8290
f 7895 7800 8290
f 7895 8290 7672
f 7940 7801 8291
f 7658 8291 8039
f 7972 7676 8292
f 7794 8292 8293
f 7714 8018 8293
f 7714 8293 7930
f 7944 7635 8294
f 7944 8294 7849
f 115 116 8295
f 8029 8295 7777
f 7890 8002 8296
f 7890 8296 8024
f 7887 7706 8297
f 7831 8297 8187
f 8000 7643 8298
f 7872 8298 8109
f 8075 7813 8299
f 7747 8299 7885
f 8311 7811 8300
f 7968 8300 7681
f 7685 8116 8301
f 8019 8301 7767
f 7967 7689 8302
f 7846 8302 8069
f 7710 7912 8303
f 8049 8303 7835
f 7775 8105 8304
f 7942 8304 7662
f 7796 8068 8305
f 7796 8305 7904
f 8319 7975 8306
f 7808 8306 8317
f 8271 7803 8307
f 8271 8307 7647
f 7958 7695 8308
f 7958 8308 7803
f 7868 7717 8309
f 7867 8309 8080
f 7999 7872 8310
f 7698 8310 8124
f 7952 8114 8311
f 7734 8311 7968
f 7956 7718 8312
f 7956 8312 7792
f 8168 7839 8313
f 7922 8313 8337
f 8278 7913 8314
f 7839 8314 7871
f 7721 7964 8315
f 8006 8315 7798
f 7656 8078 8316
f 7985 8316 7993
f 8126 7671 8317
f 7808 8317 7827
f 7808 7827 8318
f 7808 8318 8003
f 8003 7689 8319
f 7808 8319 8306
f 7718 8117 8320
f 7957 8320 7761
f 8331 7851 8321
f 7826 8321 8196
f 7915 7713 8322
f 8115 8322 7771
f 138 139 8323
f 138 8323 8273
f 7821 7835 8324
f 7821 8324 8087
f 7684 8032 8325
f 7684 8325 8021
f 7686 7828 8326
f 8356 8199 7915
f 8008 7663 8327
f 7813 8327 8299
f 7700 7980 8328
f 7884 8328 8107
f 7877 8023 8329
f 7727 8329 7997
f 8022 7867 8330
f 8022 8330 145
f 7905 7851 8331
f 7664 8331 7826
f 8120 7809 8332
f 8120 8332 8152
f 8025 7802 8333
f 7670 8333 7927
f 7736 8024 8334
f 7736 8334 8025
f 8101 7906 8335
f 8101 8335 7836
f 8254 7661 8336
f 7928 8343 7719
f 8313 7708 8337
f 7892 8337 8028
f 7797 8045 8338
f 7896 8338 8287
f 8268 7711 8339
f 8268 8339 7812
f 7699 8183 8340
f 7875 8340 8258
f 7982 7743 8341
f 7807 8341 8342
f 7687 8079 8342
f 7687 8342 8016
f 8336 7804 8343
f 8336 8343 7928
f 8210 7754 8344
f 7932 8344 7805
f 7932 7805 8345
f 7749 8345 8038
f 8105 8182 8346
f 7805 8346 8345
f 7970 7668 8347
f 7970 8347 7949
f 7776 7971 8348
f 8288 8348 8047
f 7791 8030 8349
f 8249 8349 7901
f 8099 7852 8350
f 8099 8350 7879
f 7880 7706 8351
f 7880 8351 8352
f 8161 7880 8352
f 7665 8352 8131
f 7625 7626 8353
f 8097 8353 7767
f 8241 8063 8354
f 238 8354 239
f 7838 7939 8355
f 7838 8355 8034
f 7686 8326 8356
f 7686 8356 7915
f 8015 7682 8357
f 7810 8357 7863
f 7725 8015 8358
f 7725 8358 7985
f 8321 7851 8359
f 7709 8359 8083
f 8778 8374 8375
f 8788 147 146
f 8666 8503 8817
f 8361 8362 8641
f 8716 8936 8584
f 8588 8999 9010
f 8966 8548 8641
f 8682 8550 9070
f 8922 8572 8700
f 8693 8365 8618
f 9116 8470 8761
f 8760 8584 8858
f 8815 8367 8368
f 8611 141 140
f 8679 8549 8618
f 8470 9059 8845
f 8592 8483 8815
f 9163 8470 8762
f 8725 8371 8372
f 9164 8922 143
f 168 8985 169
f 8984 8833 8486
f 8665 8400 9112
f 8945 8856 8540
f 8985 8535 8723
f 166 9158 167
f 148 8746 8926
f 9076 9158 165
f 8622 150 149
f 8748 8459 8580
f 9161 8480 8785
f 9076 8658 9158
f 9076 165 164
f 9125 153 152
f 8854 162 9149
f 9126 154 153
f 9076 8496 8658
f 8831 8460 8986
f 9028 161 160
f 9160 8606 158
f 9119 8624 9150
f 8986 8460 9051
f 9150 156 9119
f 8606 9154 158
f 159 58 158
f 8641 8588 8361
f 9031 174 8975
f 8641 8454 8588
f 8727 139 8999
f 9007 136 135
f 9089 8397 8770
f 8823 8494 8667
f 9022 8396 8681
f 9141 8413 8735
f 8862 8484 8713
f 8827 8376 8377
f 176 175 8862
f 8713 8806 177
f 9002 8511 8888
f 8838 8440 8573
f 8951 8383 8384
f 8928 8803 8403
f 8781 184 183
f 8894 8843 121
f 8929 8837 8916
f 115 57 201
f 9142 8404 8869
f 8929 8916 186
f 8821 8443 8596
f 8894 120 8699
f 8855 190 189
f 9036 8472 8881
f 8871 8490 8821
f 9099 8490 8683
f 192 8847 193
f 8847 8751 8921
f 8892 8973 8699
f 8921 193 8847
f 8842 9024 196
f 9024 8485 8671
f 8972 8471 8731
f 8671 8485 8825
f 9024 8842 8485
f 8671 8948 198
f 8948 199 198
f 8632 8471 8675
f 200 8632 201
f 137 8360 9010
f 8950 8690 8468
f 8931 8482 8809
f 8998 8497 8616
f 8806 179 178
f 9133 8899 8380
f 8866 8497 8781
f 8636 9110 8840
f 8866 8781 183
f 8781 185 184
f 8753 8818 8522
f 8849 8501 8796
f 8672 8637 8444
f 9038 8440 8620
f 8960 8442 8602
f 8790 8521 8951
f 9084 8421 8673
f 8736 8386 8387
f 125 8910 9140
f 8997 8577 8422
f 9111 8421 8685
f 8782 8417 8619
f 8897 8469 8698
f 8782 9020 8764
f 8904 8660 129
f 8902 8507 8736
f 9134 8476 8763
f 8989 8390 8391
f 9033 8710 133
f 8619 8417 8721
f 134 133 8710
f 8594 8989 9007
f 8723 8823 170
f 8592 8433 8813
f 9000 8393 8581
f 9052 8440 8838
f 8806 8647 179
f 8707 8456 8608
f 8872 8401 8584
f 8662 8375 8376
f 8787 8408 8783
f 9066 8418 8933
f 9083 8603 8858
f 9040 8487 8729
f 8705 8404 8630
f 8892 8699 119
f 8832 8420 8805
f 8902 8736 8387
f 9021 8400 8687
f 8667 173 172
f 8725 8372 8666
f 8993 8807 9100
f 8614 8789 8570
f 9129 8381 8382
f 8929 185 8781
f 8930 8547 8703
f 9044 8623 9142
f 8910 125 124
f 8802 8634 8405
f 8789 8532 8784
f 8506 8587 8640
f 8628 8438 8750
f 8693 8458 8987
f 8965 8508 8661
f 8926 8746 8467
f 8728 8565 8884
f 9015 8549 8814
f 8815 8368 8974
f 9126 153 9125
f 8824 8414 8607
f 182 181 8648
f 8627 8553 8656
f 8817 8990 8715
f 9104 8423 8719
f 8801 8616 8734
f 8713 177 176
f 8748 8465 9124
f 9030 8426 8628
f 8935 8472 8973
f 8972 8851 8675
f 190 8855 8743
f 8976 8612 8804
f 8897 8697 8469
f 8852 8527 8957
f 9066 8850 8418
f 9004 8423 8696
f 9078 8742 8676
f 8931 8826 8686
f 9138 8481 9055
f 8809 8419 8690
f 8978 8421 8739
f 9011 128 127
f 8963 8422 8644
f 8570 9109 8614
f 8558 9104 8719
f 8712 8802 8547
f 8881 8472 9153
f 8630 8404 8846
f 8612 8633 8819
f 9061 8430 8664
f 9016 8903 8426
f 8793 8414 8580
f 9094 8540 8856
f 8945 146 145
f 9097 8428 8844
f 9009 8604 8829
f 8538 9082 8774
f 8758 8489 9148
f 9065 8656 9061
f 9081 8462 8712
f 8822 8494 8607
f 8979 8455 8687
f 8943 8523 8954
f 9110 8752 8964
f 8813 8433 8585
f 8906 8370 9003
f 8576 8887 8785
f 8744 8812 154
f 9162 8435 8700
f 8922 8816 144
f 8777 8610 8436
f 8953 8420 8832
f 8853 8437 8900
f 8617 8500 8882
f 8750 8438 8924
f 8714 8418 8850
f 8428 8932 8844
f 8857 9083 8718
f 8381 9129 8875
f 8652 9027 8830
f 9130 8740 8794
f 9144 8485 8842
f 9087 8898 8631
f 8705 8522 8923
f 8745 8493 8596
f 8574 8855 188
f 8923 8444 8705
f 9008 8425 8876
f 8868 8507 8619
f 9039 8489 8758
f 8779 8643 8446
f 8643 8542 8633
f 8527 8956 8644
f 9107 8429 9001
f 9047 8534 8920
f 9045 8724 9085
f 9044 8449 8623
f 8978 8739 8901
f 8692 8450 9136
f 8943 8704 8952
f 8889 8451 8651
f 8869 8404 8637
f 8805 8452 8927
f 8980 8488 8733
f 8873 8453 8678
f 9064 8488 8754
f 8659 8775 8548
f 9010 138 137
f 9029 8455 8688
f 8607 8939 8822
f 8870 8456 8708
f 8649 8525 8709
f 8800 8833 9077
f 9057 8508 8768
f 9037 8454 8641
f 8679 8366 8367
f 9103 8459 8748
f 8981 8455 8689
f 8747 8460 8624
f 8986 9028 8606
f 8909 8536 8704
f 8797 8481 8597
f 8726 8462 9081
f 8634 8517 8860
f 180 8647 9025
f 8627 8394 9091
f 8734 8464 8801
f 8617 8437 9086
f 8580 8959 8991
f 9158 166 165
f 9106 8466 8718
f 9023 8439 9070
f 8836 8467 8732
f 8746 147 8788
f 8733 8468 8690
f 8969 8503 8778
f 130 8660 8697
f 8673 8695 9117
f 9162 9163 8762
f 9116 141 8611
f 8935 8541 8731
f 116 115 8632
f 8996 8501 8639
f 8890 8818 8510
f 8564 8839 8749
f 8839 8684 8747
f 8373 8874 8666
f 8584 8401 8858
f 9140 8591 8738
f 9098 8404 9142
f 9007 135 8594
f 8896 9033 132
f 8918 8759 8772
f 8932 8506 8886
f 8765 8478 9132
f 8767 8544 8766
f 8769 8479 8575
f 8661 8427 8856
f 8785 8480 8576
f 8905 150 8622
f 8798 8481 8609
f 8786 8598 8452
f 8830 8514 8573
f 8826 8377 8378
f 9043 8483 8814
f 8974 8369 8906
f 175 174 9031
f 9006 8600 8601
f 195 9143 8842
f 8893 8731 8825
f 9132 8884 8565
f 8674 8427 8625
f 9013 8565 8728
f 8499 9022 8864
f 8912 8551 8754
f 9026 8691 8468
f 8878 9039 8758
f 8721 8417 9056
f 8821 8490 8574
f 8683 8589 8911
f 8811 8491 9068
f 8877 8416 8642
f 9046 8492 8829
f 8682 8439 9050
f 8596 8493 8808
f 8919 8411 9113
f 8607 8494 8824
f 9093 8566 8975
f 9023 8495 8858
f 8585 8433 8760
f 8942 8496 8684
f 164 163 8854
f 182 8648 8866
f 8998 8411 8669
f 8956 8645 8840
f 8663 8449 8593
f 8863 8499 8680
f 8487 8728 8729
f 8756 9012 8810
f 8938 8519 8979
f 8639 8501 8880
f 8491 8795 8796
f 8877 8502 8589
f 8795 8491 8740
f 8374 8778 8874
f 8778 8375 8662
f 8967 8661 8504
f 8971 8529 8732
f 8936 8505 8584
f 8925 8677 8873
f 8773 8587 8885
f 8668 8397 8886
f 9073 8736 8868
f 8388 8389 8701
f 9057 8741 8508
f 9069 8668 8457
f 8958 8852 8878
f 9159 8619 8721
f 8631 8510 8753
f 8898 122 8843
f 8876 8615 8888
f 8888 9000 9002
f 8903 8512 8628
f 8918 8940 8635
f 8694 8809 8482
f 8827 8950 8662
f 8784 8514 8830
f 9034 8419 8694
f 9147 8685 8961
f 8602 8442 8630
f 8891 8516 8714
f 8940 8649 9074
f 8708 8707 8517
f 8861 8609 8860
f 9045 9123 8394
f 8518 9090 8850
f 8979 8519 8689
f 8400 8665 8977
f 131 8697 8896
f 8698 8417 8764
f 8951 8521 8913
f 8790 8385 8586
f 8983 8522 8630
f 8923 8599 8444
f 8954 8523 8962
f 8952 8702 8953
f 8970 8524 8806
f 8647 180 179
f 9017 8525 8719
f 8772 8477 8773
f 8937 8526 8696
f 8777 8436 8608
f 8577 8852 8957
f 8840 8498 9120
f 9038 8528 9027
f 8644 8447 8964
f 8783 8792 8486
f 8408 8730 8836
f 9032 8530 8672
f 8612 8446 8633
f 128 9011 8904
f 8867 9011 8738
f 8597 8805 8420
f 8927 8514 8784
f 8681 8533 8793
f 8835 8544 8688
f 9113 8717 8919
f 9047 8655 9063
f 8723 8535 8824
f 8985 168 8657
f 8994 8536 8909
f 9054 8405 8609
f 8704 8943 8393
f 8841 8498 8593
f 9145 8538 8869
f 8774 8593 8449
f 8882 8665 8900
f 8891 8635 8516
f 8945 8540 8788
f 8746 148 147
f 8851 8541 8892
f 8935 8415 8706
f 8633 8542 9018
f 9019 8791 9062
f 9131 8543 8765
f 8759 8512 8903
f 8533 8834 8835
f 8766 8478 8767
f 8903 8628 8426
f 9021 8687 8545
f 8751 8546 8911
f 9152 191 8743
f 8865 8547 8930
f 8802 8462 8634
f 8364 8693 8995
f 9080 8407 8845
f 9015 8670 9042
f 8618 8365 8366
f 8828 9071 9009
f 9071 8859 8722
f 9067 8551 8937
f 8754 8395 8912
f 9053 8552 8702
f 9054 8609 9138
f 9092 8553 9081
f 9091 8726 8553
f 9062 8791 8554
f 9065 8448 8656
f 8843 8555 8890
f 121 120 8894
f 9123 8556 9086
f 8735 8413 8617
f 8411 8595 8669
f 8916 8574 188
f 8718 8558 9106
f 9105 8937 8696
f 8924 8559 8750
f 8539 8853 8900
f 8908 8560 9100
f 8993 8428 8720
f 151 8776 152
f 8749 8473 8744
f 9095 8562 8857
f 9050 8563 8682
f 9096 8844 9050
f 8886 8397 9089
f 8737 8564 9146
f 8839 8747 8473
f 9013 8783 8565
f 8629 8406 8765
f 173 8975 174
f 8431 9006 8780
f 8663 8567 9147
f 9148 8695 9111
f 194 8921 9143
f 9144 8590 8893
f 9114 8569 8627
f 8411 8998 8801
f 9122 8570 8789
f 9110 8636 9109
f 8941 8571 9107
f 9121 8636 8571
f 8700 8572 9162
f 9164 142 8761
f 8694 8573 8514
f 8838 8582 9052
f 8855 8574 8490
f 188 187 8916
f 8769 8575 8845
f 8479 8768 8575
f 8730 8944 8480
f 8887 8737 8434
f 8997 8621 8577
f 8445 8879 9135
f 9003 8578 8906
f 9102 8716 9101
f 8383 8913 9129
f 8883 8422 8620
f 8793 8580 8459
f 8414 8824 8959
f 9121 8941 8581
f 8941 9000 8581
f 8686 8899 8482
f 9133 8381 8875
f 8680 9103 8410
f 9124 8658 8496
f 8716 8584 8433
f 8505 8872 8584
f 8859 8585 8495
f 8814 8483 8813
f 8621 8586 8445
f 8385 8386 8586
f 8771 8587 8477
f 8968 8457 8668
f 8361 8588 9010
f 9060 8611 8727
f 8740 8589 8502
f 8911 8546 9099
f 8794 8590 8992
f 8893 8825 8485
f 8738 8591 8475
f 8910 124 9087
f 8370 8906 8369
f 8578 9101 8592
f 8841 8593 8429
f 8820 8399 8663
f 134 8594 135
f 9134 8763 8594
f 8803 9072 8534
f 8907 8557 8669
f 8683 8871 8416
f 8443 8745 8596
f 8797 8597 8420
f 8799 8395 8786
f 8597 8786 8452
f 8395 8754 8598
f 8880 8599 8424
f 8849 8796 8398
f 8601 8600 8500
f 9006 8939 8600
f 8810 8601 8500
f 8780 8566 9093
f 8901 8602 8515
f 8475 8591 8960
f 9096 8603 8857
f 8858 8401 9083
f 8770 8604 9089
f 8829 8492 9009
f 8889 8605 8451
f 9001 8429 9082
f 9154 8606 9028
f 158 157 9160
f 8689 8607 8414
f 8939 8431 8822
f 8707 8608 8436
f 8456 8709 8608
f 8860 8609 8405
f 8436 8798 8609
f 8912 9058 8526
f 8610 8799 8798
f 139 8727 140
f 9060 8654 9059
f 8914 8612 8530
f 8976 8502 8642
f 8947 8613 8462
f 8418 8708 8933
f 8954 8962 8432
f 8962 8953 8832
f 8876 8692 8615
f 9136 8994 8909
f 8915 8616 8497
f 8463 8734 8616
f 9085 8735 8556
f 8413 8810 8617
f 9042 8618 8549
f 8458 8693 8618
f 8868 8619 8445
f 8507 8782 8619
f 9128 9108 8620
f 9108 8521 8883
f 8790 8621 8521
f 8445 8577 8621
f 8730 8622 8467
f 8480 8776 8905
f 8961 8623 8449
f 9098 8846 8404
f 155 9119 156
f 8473 8747 8624
f 8674 8625 8457
f 8934 8661 8508
f 8893 8811 8415
f 9068 8796 8501
f 9114 8627 8448
f 9115 8464 8724
f 9030 8628 8545
f 8917 8438 8628
f 9014 8629 9132
f 8486 8800 8629
f 8983 8630 8442
f 8705 8444 8637
f 9035 8910 8631
f 9087 123 8898
f 201 8632 115
f 200 199 8948
f 8819 8633 8425
f 8446 8643 8633
f 8613 8634 8462
f 8613 8933 9079
f 8917 8635 8438
f 8918 8392 8940
f 9120 8636 8840
f 9110 8570 8752
f 8638 9032 8444
f 9145 8955 8538
f 8599 8638 8444
f 8398 8914 8638
f 8890 8881 8424
f 9153 8706 8996
f 8406 8640 8587
f 8800 8486 8833
f 8363 8966 8362
f 8548 8775 9037
f 8808 8779 8642
f 8976 8804 8502
f 8642 8779 8446
f 9075 8791 8542
f 8963 8644 8528
f 8957 8527 8644
f 8958 8645 8527
f 8399 8820 8645
f 8949 8646 8463
f 9118 8756 8413
f 8949 8647 8524
f 8463 8616 8915
f 9025 8648 181
f 8647 8463 8648
f 9074 8649 8456
f 8392 8908 8649
f 161 9149 162
f 9051 8684 8496
f 9155 8672 8651
f 9157 8819 8425
f 8752 9027 8528
f 8573 8440 8652
f 8946 8653 9090
f 9086 8437 8853
f 8845 8654 9080
f 9059 8611 9060
f 9063 8655 9065
f 8403 8803 9047
f 9061 8656 8430
f 8448 8627 8656
f 167 8657 168
f 8991 8535 8985
f 8583 9124 8496
f 8465 8657 8895
f 8987 8659 8548
f 9151 8670 8711
f 129 8660 130
f 9084 8739 8421
f 8700 8967 8504
f 8508 8625 8934
f 8377 8826 8827
f 8969 8691 8503
f 8498 8820 8593
f 8399 8758 8663
f 9062 8664 8994
f 8664 8988 8865
f 8900 8665 8559
f 8977 8600 8938
f 9102 8725 8474
f 8372 8373 8666
f 8975 8667 9093
f 172 171 8823
f 8968 8668 8506
f 8457 8625 9069
f 8907 8669 8595
f 9088 8781 8497
f 8711 8670 8492
f 9042 8549 9015
f 8632 8948 8471
f 198 197 9024
f 9157 8672 8530
f 8651 8451 9155
f 8660 8673 8469
f 8660 8531 8673
f 8833 8674 8457
f 8529 8971 8674
f 116 8675 117
f 116 8632 8675
f 8927 8676 8514
f 8452 8598 9078
f 8873 8677 8453
f 8412 8755 8677
f 9105 8678 8453
f 8558 8718 8678
f 9043 8679 8483
f 8618 8366 8679
f 8839 8863 8410
f 8864 8681 8459
f 8680 8864 8459
f 8396 8834 8681
f 8886 9089 8563
f 8604 8550 8682
f 8589 8683 8416
f 9099 8743 8490
f 8942 8684 8410
f 8496 8650 9051
f 9098 8961 8515
f 8567 9111 8685
f 8379 8686 8378
f 8899 8582 8482
f 9029 8687 8455
f 8400 8938 8687
f 8835 8688 8455
f 9137 8767 8426
f 8607 8689 8519
f 8982 8533 8981
f 8809 8690 8513
f 8980 8742 8488
f 8733 9026 8468
f 8990 8817 8503
f 9018 8692 8425
f 8542 9019 8692
f 8966 8995 8548
f 8364 8365 8693
f 8573 8694 8482
f 9034 8676 8419
f 8757 8695 8489
f 8673 8421 8695
f 9105 8696 9104
f 8526 8777 9004
f 130 8697 131
f 8660 8469 8697
f 8897 8698 8520
f 9117 8695 8757
f 119 8699 120
f 119 118 8892
f 8965 8967 8435
f 8816 145 144
f 8390 8763 8389
f 9020 8782 8507
f 9053 8702 8461
f 8552 8797 8702
f 8930 8703 8461
f 9041 8802 8405
f 8909 8704 8393
f 8536 8930 8704
f 8404 8705 8637
f 8630 8522 8705
f 8626 8706 8415
f 9153 8639 8881
f 8861 8707 8436
f 8933 8613 9066
f 9049 8870 8708
f 8456 8707 8708
f 9156 8709 8423
f 8456 8649 8709
f 8764 9005 8520
f 8594 134 8710
f 8659 8711 8407
f 8659 8458 9151
f 8988 8712 8547
f 8712 9092 9081
f 8756 8970 8484
f 8970 8806 8713
f 8924 8891 8714
f 8516 8870 9049
f 8817 8715 8474
f 8412 8677 8925
f 9101 8716 8433
f 8474 8715 8936
f 8920 8717 8448
f 8534 8919 8717
f 9095 8857 8466
f 8401 8678 8718
f 8709 9017 8423
f 8525 8807 8719
f 8807 8720 8466
f 8993 8773 8428
f 9159 8721 9039
f 9056 8698 8757
f 9070 8722 9023
f 8550 9071 8722
f 8823 8723 8494
f 170 169 8723
f 8627 8724 8394
f 8627 8569 8724
f 8474 8725 8666
f 8578 9003 8725
f 8946 8726 8394
f 8946 8947 8726
f 8454 8727 8588
f 8611 140 8727
f 9013 8728 8487
f 8884 8478 8766
f 8737 9040 8499
f 8728 8396 8729
f 8944 8730 8408
f 8480 8622 8730
f 8972 8731 8541
f 8893 8485 9144
f 8836 8732 8529
f 9048 8746 8540
f 8419 8742 8980
f 8488 8755 9026
f 8646 8734 8463
f 9141 8735 8464
f 8556 8735 8617
f 8464 8734 9141
f 8386 8736 8586
f 8387 8388 8902
f 8863 8737 8499
f 8434 8785 8887
f 8867 8738 8475
f 127 126 8738
f 8867 8739 8531
f 8475 8901 8739
f 8795 8740 8502
f 8491 8794 8740
f 8668 8741 8397
f 8625 8508 8741
f 8676 8742 8419
f 8598 8488 8742
f 9152 8743 9099
f 191 190 8743
f 9127 8749 8561
f 8473 8624 8812
f 8595 8745 8443
f 8595 8534 8745
f 8732 9048 8540
f 8467 8622 8926
f 8749 8839 8473
f 8684 8460 8747
f 8465 8748 8580
f 9103 8680 8459
f 8561 8749 8744
f 9146 8564 8749
f 9112 9021 8750
f 8545 8628 8750
f 8992 8751 8441
f 8921 194 193
f 9027 8752 8402
f 8964 8447 9110
f 8631 8753 8442
f 8818 8424 8848
f 9064 8754 8551
f 8488 8598 8754
f 8677 8755 8551
f 8412 8691 9026
f 9012 8756 8484
f 8413 8646 9118
f 8721 8757 8489
f 8698 8469 8757
f 8663 8758 8567
f 9039 8509 9159
f 9139 8759 8543
f 8477 8772 8759
f 8585 8760 8495
f 8433 8584 8760
f 9164 8761 8572
f 142 141 9116
f 8845 8762 8470
f 8575 8435 8762
f 9020 8763 8476
f 8701 8389 8763
f 9005 8764 8476
f 8520 8698 8764
f 8771 9131 8406
f 9016 8767 8478
f 8834 8766 8544
f 8396 8728 8766
f 8765 9016 8478
f 8426 9030 9137
f 8575 8768 8435
f 8479 8770 9057
f 8711 9046 8407
f 9046 8829 8769
f 8604 8770 8479
f 8397 8741 8770
f 8587 8771 8406
f 8477 8759 9139
f 8908 8772 8560
f 8392 8918 8772
f 8772 8773 8560
f 8477 8587 8773
f 8955 9082 8538
f 8429 8593 8774
f 8407 9080 8659
f 8654 8454 8775
f 9125 8776 9161
f 151 150 8905
f 9156 9004 8777
f 8526 8610 8777
f 8468 8969 8662
f 8874 8373 8374
f 8416 8808 8642
f 8493 8803 8928
f 9012 8780 8601
f 8484 8862 8780
f 8669 9088 8497
f 8557 8929 8781
f 8701 9020 8507
f 8764 8417 8782
f 8792 8783 8408
f 8486 9014 8783
f 8789 8784 8402
f 8532 8805 8927
f 9127 8785 8434
f 9161 8776 8480
f 8481 8799 8597
f 8395 8598 8786
f 8576 8787 8487
f 8576 8944 8787
f 145 8816 8945
f 8540 8746 8788
f 8752 9122 8402
f 8614 8532 8789
f 8385 8790 8384
f 8586 8621 8790
f 8643 9075 8542
f 8403 9063 8791
f 8836 8792 8408
f 8984 8674 8833
f 8681 8793 8459
f 8533 8982 8793
f 9130 8794 8441
f 8491 8811 8794
f 8804 8795 8502
f 9068 8501 8626
f 8398 8796 8795
f 8398 8638 8849
f 8702 8797 8420
f 9055 8481 8797
f 8610 8798 8436
f 8610 9058 8799
f 8597 8799 8786
f 8481 8798 8799
f 8406 8800 8640
f 8406 8629 8800
f 9115 8801 8464
f 8569 9113 8801
f 8703 9041 8405
f 8712 8462 8802
f 9075 8928 8403
f 9072 8745 8534
f 8398 8804 8612
f 8398 8795 8804
f 8832 8805 8532
f 8597 8452 8805
f 177 8806 178
f 8524 8647 8806
f 8719 8807 8466
f 9100 8560 8993
f 8596 8808 8416
f 8493 8779 8808
f 8931 8809 8513
f 8694 8419 8809
f 8617 8810 8500
f 8413 8756 8810
f 8415 8811 8626
f 8590 8794 8811
f 154 8812 155
f 8744 8473 8812
f 8814 8813 8585
f 8483 8592 8813
f 8409 8814 8585
f 8409 9015 8814
f 8679 8815 8483
f 8679 8367 8815
f 8504 8816 8700
f 8945 8788 146
f 8666 8817 8474
f 8503 8691 8990
f 8510 8818 8753
f 8510 8843 8890
f 9008 9157 8425
f 8530 8612 8819
f 8593 8820 8663
f 8498 8645 8820
f 8871 8821 8596
f 8574 8837 8821
f 8780 9093 8431
f 8667 8494 8822
f 172 8823 8667
f 171 170 8823
f 8723 8824 8494
f 8959 8580 8414
f 8471 8825 8731
f 8471 8671 8825
f 8686 8826 8378
f 8827 8662 8376
f 8513 8827 8826
f 8513 8690 8950
f 9071 8828 8409
f 8492 8670 8828
f 8479 8829 8604
f 8479 8769 8829
f 8652 8830 8573
f 8402 8784 8830
f 156 9150 157
f 8624 8460 8831
f 8614 8832 8532
f 8962 8523 8953
f 9077 8833 8457
f 8486 8792 8984
f 8681 8834 8533
f 8396 8766 8834
f 8981 8835 8455
f 8834 8544 8835
f 8792 8836 8529
f 8730 8467 8836
f 8907 8837 8557
f 8443 8821 8837
f 8482 8838 8573
f 8482 8582 8838
f 8863 8839 8564
f 8410 8684 8839
f 8956 8840 8447
f 8645 8498 8840
f 9107 8841 8429
f 8571 9120 8841
f 195 8842 196
f 8568 9144 8842
f 8898 8843 8510
f 122 121 8843
f 9095 9097 8562
f 8428 8885 8932
f 8769 8845 8407
f 8575 8762 8845
f 8602 8846 8515
f 8602 8630 8846
f 191 9152 192
f 8546 8751 8847
f 8818 8848 8522
f 8424 8599 8848
f 8599 8849 8638
f 8599 8501 8849
f 9090 8853 8850
f 8539 8714 8850
f 117 8851 118
f 117 8675 8851
f 9135 8852 8577
f 8509 8878 8852
f 8850 8853 8539
f 8653 9086 8853
f 162 8854 163
f 8650 8496 8854
f 8743 8855 8490
f 189 188 8855
f 8661 8856 8504
f 9094 8732 8540
f 8466 8857 8718
f 8562 9096 8857
f 9023 8858 8603
f 8495 8760 8858
f 8722 8859 8495
f 8409 8585 8859
f 8634 8860 8405
f 8861 8436 8609
f 8517 8861 8860
f 8517 8707 8861
f 176 8862 8713
f 8566 8780 8862
f 8410 8863 8680
f 8564 8737 8863
f 8499 8864 8680
f 8499 8729 9022
f 8994 8865 8536
f 8664 8430 8988
f 182 8866 183
f 8648 8497 8866
f 8739 8867 8475
f 8531 8904 9011
f 8586 9073 8445
f 8736 8507 8868
f 9155 9145 8637
f 8538 9044 9142
f 8418 9049 8708
f 8516 8940 9074
f 8416 8871 8596
f 8683 8490 8871
f 8873 8872 8505
f 8678 8401 8872
f 8872 8873 8678
f 8505 8925 8873
f 8503 8874 8778
f 8503 8666 8874
f 9128 9052 8875
f 9133 8380 8381
f 8889 9008 8511
f 8425 8692 8876
f 8416 8877 8589
f 8642 8502 8877
f 8399 8878 8758
f 8399 8958 8878
f 8852 9135 8509
f 8445 8619 8879
f 8639 8880 8424
f 8501 8599 8880
f 8424 8881 8639
f 9036 8699 8472
f 8617 8882 8437
f 8500 8665 8882
f 9108 8883 8620
f 8521 8621 8997
f 8728 8884 8766
f 8565 9014 9132
f 8773 8885 8428
f 8587 8506 8885
f 8932 8886 8563
f 8506 8668 8886
f 8487 8887 8576
f 8487 9040 8887
f 8876 8888 8511
f 8615 8909 8888
f 9157 9008 8651
f 8511 9002 8889
f 8881 8890 8555
f 8424 8818 8890
f 8539 8924 8714
f 8438 8635 8891
f 8851 8892 118
f 8973 8472 8699
f 8811 8893 8590
f 8415 8731 8893
f 9036 8894 8699
f 8555 8843 8894
f 9124 8895 8658
f 8657 167 8895
f 8710 9033 8520
f 132 131 8896
f 8896 8897 8520
f 8896 8697 8897
f 8631 8898 8510
f 123 122 8898
f 8379 8899 8686
f 8379 8380 8899
f 8924 8900 8559
f 8437 8882 8900
f 8978 8901 8515
f 8475 8602 8901
f 8701 8902 8388
f 8701 8507 8902
f 8767 9016 8426
f 8543 8759 8903
f 128 8904 129
f 8531 8660 8904
f 8480 8905 8622
f 8776 151 8905
f 8592 8906 8578
f 8592 8974 8906
f 8443 8907 8595
f 8443 8837 8907
f 8649 8908 8525
f 8392 8772 8908
f 8888 8909 8393
f 9136 8450 8994
f 8442 9035 8631
f 8591 9140 8910
f 9130 8911 8589
f 8441 8751 8911
f 9058 8912 8395
f 8526 8937 8912
f 9108 8913 8521
f 9129 8382 8383
f 9032 8914 8530
f 8398 8612 8914
f 8648 8915 8497
f 8648 8463 8915
f 186 8916 187
f 8837 8574 8916
f 8512 8917 8628
f 8512 8635 8917
f 8512 8918 8635
f 8512 8759 8918
f 8595 8919 8534
f 8595 8411 8919
f 8717 8920 8534
f 8448 8655 8920
f 8568 8921 8751
f 9143 195 194
f 8816 8922 8700
f 144 143 8922
f 8848 8923 8522
f 8848 8599 8923
f 8891 8924 8438
f 8539 8900 8924
f 8715 8925 8505
f 8715 8412 8925
f 149 8926 8622
f 149 148 8926
f 8532 8927 8784
f 8452 8676 8927
f 8779 8928 8643
f 8779 8493 8928
f 8837 8929 8557
f 186 185 8929
f 8704 8930 8461
f 8536 8865 8930
f 8826 8931 8513
f 8686 8482 8931
f 8844 8932 8563
f 8885 8506 8932
f 8517 8933 8708
f 9079 8634 8613
f 8427 8934 8625
f 8427 8661 8934
f 8415 8935 8731
f 8706 8472 8935
f 8474 8936 8716
f 8715 8505 8936
f 8677 9067 8453
f 8551 8912 8937
f 8977 8938 8400
f 8600 8519 8938
f 8519 8939 8607
f 8519 8600 8939
f 8635 8940 8516
f 8392 8649 8940
f 9000 8941 8537
f 8581 8954 9121
f 9103 8942 8410
f 8583 8496 8942
f 8393 8943 8581
f 8704 8461 8952
f 8787 8944 8408
f 8576 8480 8944
f 8504 8945 8816
f 8504 8856 8945
f 8947 8946 8518
f 8394 9123 8946
f 8726 8947 8462
f 8518 9066 8947
f 8471 8948 8671
f 8632 200 8948
f 9118 8949 8524
f 8463 8647 8949
f 8662 8950 8468
f 8827 8513 8950
f 8383 8951 8913
f 8384 8790 8951
f 8943 8952 8523
f 8461 8702 8952
f 8952 8953 8523
f 8702 8420 8953
f 9121 8954 8432
f 8581 8943 8954
f 8605 8955 8451
f 9082 8429 8774
f 8644 8956 8447
f 8527 8645 8956
f 8422 8957 8644
f 8422 8577 8957
f 8645 8958 8399
f 8527 8852 8958
f 8535 8959 8824
f 8535 8991 8959
f 8475 8960 8602
f 8591 9035 8960
f 9147 8961 8449
f 8685 8515 8961
f 8614 8962 8832
f 8614 8432 8962
f 9038 8963 8528
f 8620 8422 8963
f 8528 8964 8752
f 8528 8644 8964
f 8768 8965 8435
f 8768 8508 8965
f 8362 8966 8641
f 8995 8693 8987
f 8435 8967 8700
f 8965 8661 8967
f 8640 8968 8506
f 8640 9077 8968
f 8662 8969 8778
f 8468 8691 8969
f 8484 8970 8713
f 8756 8524 8970
f 9094 8971 8732
f 8427 8674 8971
f 8851 8972 8541
f 8675 8471 8972
f 8541 8973 8892
f 8541 8935 8973
f 8815 8974 8592
f 8368 8369 8974
f 8862 9031 8566
f 173 8667 8975
f 8446 8976 8642
f 8446 8612 8976
f 8500 8977 8665
f 8500 8600 8977
f 8685 8978 8515
f 8685 8421 8978
f 8455 8979 8689
f 8687 8938 8979
f 8690 8980 8733
f 8690 8419 8980
f 8414 8982 8689
f 8533 8835 8981
f 8689 8982 8981
f 8414 8793 8982
f 8753 8983 8442
f 8753 8522 8983
f 8529 8984 8792
f 8529 8674 8984
f 169 8985 8723
f 8657 8991 8985
f 9149 9028 8986
f 8606 8831 8986
f 8995 8987 8548
f 8458 8659 8987
f 8865 8988 8547
f 8430 8712 8988
f 8763 8989 8594
f 8763 8390 8989
f 8412 8990 8691
f 8412 8715 8990
f 8465 8991 8657
f 8465 8580 8991
f 8751 8992 8568
f 8441 8794 8992
f 8807 8993 8720
f 8560 8773 8993
f 9062 8994 8450
f 8664 8865 8994
f 8363 8995 8966
f 8363 8364 8995
f 8626 8996 8706
f 8626 8501 8996
f 8883 8997 8422
f 8883 8521 8997
f 8497 8998 8669
f 8616 8801 8998
f 8727 8999 8588
f 139 138 8999
f 9002 9000 8537
f 8888 8393 9000
f 9002 9001 8605
f 8537 8941 9107
f 9001 9002 8537
f 8605 8889 9002
f 8371 9003 8370
f 8371 8725 9003
f 8526 9004 8696
f 8777 8608 9156
f 9134 9005 8476
f 8710 8520 9005
f 8780 9006 8601
f 8431 8939 9006
f 8391 9007 8989
f 8391 136 9007
f 8511 9008 8876
f 8889 8651 9008
f 8828 9009 8492
f 8550 8604 9009
f 8361 9010 8360
f 8999 138 9010
f 8738 9011 127
f 8867 8531 9011
f 8780 9012 8484
f 8601 8810 9012
f 8787 9013 8487
f 8787 8783 9013
f 8783 9014 8565
f 8486 8629 9014
f 8828 9015 8409
f 8828 8670 9015
f 8543 9016 8765
f 8543 8903 9016
f 8423 9017 8719
f 8709 8525 9017
f 8633 9018 8425
f 8542 8692 9018
f 8692 9019 8450
f 8542 8791 9019
f 8763 9020 8701
f 8476 8764 9020
f 8750 9021 8545
f 8750 8559 9112
f 8864 9022 8681
f 8729 8396 9022
f 8495 9023 8722
f 8603 9096 9023
f 198 9024 8671
f 197 196 9024
f 180 9025 181
f 8647 8648 9025
f 8488 9026 8733
f 8755 8412 9026
f 8830 9027 8402
f 8652 9038 9027
f 9154 9028 160
f 8986 8650 9149
f 9030 9029 8688
f 8545 8687 9029
f 9029 9030 8545
f 8688 9137 9030
f 8566 9031 8975
f 8862 175 9031
f 8444 9032 8672
f 8638 8914 9032
f 132 9033 133
f 8896 8520 9033
f 8514 9034 8694
f 8514 8676 9034
f 8960 9035 8442
f 8591 8910 9035
f 8555 9036 8881
f 8555 8894 9036
f 8548 9037 8641
f 8775 8454 9037
f 8440 9038 8652
f 8620 8963 9038
f 8509 9039 8878
f 8721 8489 9039
f 8499 9040 8729
f 8737 8887 9040
f 8547 9041 8703
f 8547 8802 9041
f 9151 9042 8670
f 8458 8618 9042
f 8549 9043 8814
f 8549 8679 9043
f 8774 9044 8538
f 8774 8449 9044
f 8724 9045 8394
f 8724 8464 9085
f 8407 9046 8769
f 8711 8492 9046
f 8534 9047 8803
f 8920 8655 9047
f 8467 9048 8732
f 8467 8746 9048
f 8714 9049 8418
f 8714 8516 9049
f 9096 9050 8439
f 8844 8563 9050
f 8986 9051 8650
f 8460 8684 9051
f 8875 9052 8582
f 8875 8579 9128
f 8703 9053 8461
f 8703 9054 9053
f 9053 9054 8552
f 8703 8405 9054
f 8552 9055 8797
f 9138 8609 8481
f 8721 9056 8757
f 8417 8698 9056
f 8479 9057 8768
f 8770 8741 9057
f 8799 9058 8395
f 8610 8526 9058
f 8845 9059 8654
f 8470 9116 9059
f 8454 9060 8727
f 8454 8654 9060
f 9062 9061 8664
f 8554 9065 9061
f 9019 9062 8450
f 8554 9061 9062
f 8791 9063 8554
f 8403 9047 9063
f 8755 9064 8551
f 8755 8488 9064
f 9063 9065 8554
f 8655 8448 9065
f 8947 9066 8613
f 8518 8850 9066
f 8453 9067 8937
f 8677 8551 9067
f 8811 9068 8626
f 8491 8796 9068
f 8741 9069 8625
f 8741 8668 9069
f 8682 9070 8439
f 8550 8722 9070
f 8859 9071 8409
f 8550 9009 9071
f 8493 9072 8803
f 8493 8745 9072
f 8445 9073 8868
f 8586 8736 9073
f 8870 9074 8456
f 8870 8516 9074
f 8928 9075 8643
f 8403 8791 9075
f 8854 9076 164
f 8854 8496 9076
f 8968 9077 8457
f 8640 8800 9077
f 8452 9078 8676
f 8598 8742 9078
f 8517 9079 8933
f 8517 8634 9079
f 8775 9080 8654
f 8775 8659 9080
f 8430 9092 8712
f 8553 8726 9081
f 8605 9082 8955
f 8605 9001 9082
f 8718 9083 8401
f 8857 8603 9083
f 8531 9084 8673
f 8531 8739 9084
f 9045 9085 8556
f 8464 8735 9085
f 9123 9086 8653
f 8556 8617 9086
f 8910 9087 8631
f 124 123 9087
f 8557 9088 8669
f 8557 8781 9088
f 8682 9089 8604
f 8682 8563 9089
f 8946 9090 8518
f 8653 8853 9090
f 8627 9091 8553
f 8394 8726 9091
f 8656 9092 8430
f 8656 8553 9092
f 8822 9093 8667
f 8822 8431 9093
f 8427 9094 8856
f 8427 8971 9094
f 8720 9095 8466
f 8720 9097 9095
f 8844 9096 8562
f 8439 9023 9096
f 8562 9097 8844
f 8720 8428 9097
f 8961 9098 8623
f 8515 8846 9098
f 8911 9099 8683
f 8546 9152 9099
f 8525 9100 8807
f 8525 8908 9100
f 8592 9101 8433
f 8578 9102 9101
f 8725 9102 8578
f 8474 8716 9102
f 8583 9103 8748
f 8583 8942 9103
f 9105 9104 8558
f 8696 8423 9104
f 8678 9105 8558
f 8453 8937 9105
f 8719 9106 8558
f 8719 8466 9106
f 8537 9107 9001
f 8571 8841 9107
f 8440 9128 8620
f 8579 8913 9108
f 8432 9109 8636
f 8432 8614 9109
f 8840 9110 8447
f 9109 8570 9110
f 9148 9111 8567
f 8695 8421 9111
f 8665 9112 8559
f 8400 9021 9112
f 8801 9113 8411
f 8569 9114 9113
f 8717 9114 8448
f 8717 9113 9114
f 8569 9115 8724
f 8569 8801 9115
f 9059 9116 8611
f 8761 142 9116
f 8469 9117 8757
f 8469 8673 9117
f 8949 9118 8646
f 8524 8756 9118
f 8812 9119 155
f 8812 8624 9119
f 8841 9120 8498
f 8571 8636 9120
f 8636 9121 8432
f 8571 8941 9121
f 8402 9122 8789
f 8752 8570 9122
f 8946 9123 8653
f 9045 8556 9123
f 8748 9124 8583
f 8465 8895 9124
f 9126 9125 8561
f 152 8776 9125
f 8744 9126 8561
f 8744 154 9126
f 8749 9127 8434
f 8561 9125 9161
f 9052 9128 8440
f 8579 9108 9128
f 8579 9129 8913
f 8579 8875 9129
f 8911 9130 8441
f 8589 8740 9130
f 8406 9131 8765
f 8771 9139 9131
f 8765 9132 8629
f 8478 8884 9132
f 8582 9133 8875
f 8582 8899 9133
f 8710 9134 8594
f 8710 9005 9134
f 8445 9135 8577
f 8879 8509 9135
f 8615 9136 8909
f 8615 8692 9136
f 8544 9137 8688
f 8544 8767 9137
f 8552 9138 9055
f 8552 9054 9138
f 9131 9139 8543
f 8771 8477 9139
f 126 9140 8738
f 126 125 9140
f 8646 9141 8734
f 8646 8413 9141
f 8538 9142 8869
f 8623 9098 9142
f 8568 9143 8921
f 8568 8842 9143
f 8992 9144 8568
f 8992 8590 9144
f 8637 9145 8869
f 8451 8955 9145
f 8434 9146 8749
f 8434 8737 9146
f 8663 9147 8449
f 8567 8685 9147
f 8758 9148 8567
f 8489 8695 9148
f 8854 9149 8650
f 161 9028 9149
f 8831 9150 8624
f 8831 9160 9150
f 8659 9151 8711
f 8458 9042 9151
f 8847 9152 8546
f 8847 192 9152
f 8706 9153 8472
f 8996 8639 9153
f 159 9154 160
f 159 158 9154
f 9145 9155 8451
f 8637 8672 9155
f 8709 9156 8608
f 8423 9004 9156
f 8672 9157 8651
f 8530 8819 9157
f 8895 9158 8658
f 8895 167 9158
f 8879 9159 8509
f 8879 8619 9159
f 9150 9160 157
f 8831 8606 9160
f 9127 9161 8785
f 9127 8561 9161
f 9163 9162 8572
f 8762 8435 9162
f 8761 9163 8572
f 8761 8470 9163
f 142 9164 143
f 8572 8922 9164
