v -0.125392 0.506964 0.025275
v -0.132658 0.512574 0.028503
v -0.140246 0.517526 0.032292
v -0.135472 0.525637 0.029618
v -0.131314 0.534304 0.027296
v -0.128705 0.543615 0.025187
v -0.134326 0.551508 0.024694
v -0.138541 0.560280 0.025320
v -0.147608 0.564054 0.027091
v -0.150675 0.572784 0.023889
v -0.148334 0.578656 0.016215
v -0.155698 0.585326 0.017329
v -0.147698 0.590536 0.014346
v -0.138831 0.586109 0.014926
v -0.145016 0.579495 0.013707
v -0.143891 0.589198 0.015812
v -0.153254 0.591381 0.018874
v -0.159606 0.598513 0.021001
v -0.159173 0.608328 0.020235
v -0.161669 0.617909 0.020598
v -0.154459 0.624734 0.022653
v -0.150814 0.615806 0.019423
v -0.155059 0.624332 0.016819
v -0.164207 0.627410 0.019733
v -0.157951 0.635044 0.019218
v -0.159031 0.644964 0.016856
v -0.157371 0.654632 0.015152
v -0.166799 0.658265 0.015450
v -0.176715 0.659245 0.015291
v -0.179915 0.668600 0.014900
v -0.181844 0.678198 0.014107
v -0.175921 0.685982 0.014520
v -0.166826 0.689901 0.014286
v -0.170818 0.698109 0.010674
v -0.180584 0.699745 0.010422
v -0.173640 0.705378 0.006352
v -0.167638 0.696541 0.007822
v -0.168935 0.685890 0.005038
v -0.162298 0.678881 0.007897
v -0.171260 0.680190 0.011717
v -0.171096 0.688003 0.017625
v -0.162200 0.689247 0.014730
v -0.158323 0.683084 0.008065
v -0.167384 0.680144 0.010942
v -0.165548 0.670831 0.007828
v -0.159438 0.663567 0.005364
v -0.152534 0.656812 0.003647
v -0.161722 0.656116 0.000302
v -0.155251 0.649613 0.003694
v -0.159403 0.642148 -0.001584
v -0.156782 0.633055 0.001382
v -0.158247 0.623629 -0.001498
v -0.156533 0.614377 -0.004085
v -0.156289 0.604756 -0.006289
v -0.154633 0.594936 -0.008066
v -0.152680 0.585338 -0.010867
v -0.150304 0.575441 -0.013258
v 0.149351 0.576962 -0.020681
v 0.150382 0.587364 -0.019977
v 0.155709 0.595959 -0.019223
v 0.158689 0.605733 -0.018251
v 0.154574 0.616057 -0.018985
v 0.159972 0.625293 -0.019086
v 0.162548 0.634986 -0.019196
v 0.168581 0.643425 -0.018858
v 0.167782 0.653381 -0.018524
v 0.162155 0.661597 -0.017436
v 0.153970 0.666213 -0.014606
v 0.162134 0.663698 -0.010873
v 0.166281 0.672793 -0.010913
v 0.170704 0.681588 -0.011015
v 0.165000 0.688708 -0.007265
v 0.168036 0.698084 -0.006467
v 0.177964 0.698197 -0.007671
v 0.179513 0.707608 -0.005159
v 0.173505 0.715062 -0.004726
v 0.167059 0.722055 -0.005652
v 0.174652 0.715884 -0.006851
v 0.184336 0.717106 -0.007978
v 0.192904 0.721702 -0.008487
v 0.192130 0.711847 -0.007501
v 0.189562 0.702222 -0.007070
v 0.183006 0.694826 -0.007469
v 0.180354 0.685332 -0.006749
v 0.178162 0.675701 -0.006153
v 0.178708 0.666012 -0.004878
v 0.178686 0.656228 -0.003639
v 0.175452 0.646904 -0.002986
v 0.170668 0.638379 -0.003031
v 0.164420 0.630706 -0.003075
v 0.161009 0.621502 -0.002333
v 0.153550 0.615001 -0.001488
v 0.162569 0.612845 -0.000350
v 0.156606 0.606031 -0.004310
v 0.162573 0.598746 -0.001238
v 0.154101 0.593884 -0.002807
v 0.145153 0.589876 -0.002948
v 0.150885 0.582099 -0.005794
v 0.155995 0.589790 -0.004357
v 0.162371 0.590532 0.002426
v 0.160057 0.581525 0.004186
v 0.150833 0.584589 0.003012
v 0.144046 0.577713 0.006342
v 0.143139 0.567851 0.003348
v 0.145637 0.558988 -0.001336
v 0.143215 0.557471 0.007880
v 0.138028 0.549203 0.007224
v 0.136957 0.540082 0.004361
v 0.136504 0.530652 0.002161
v 0.141847 0.532182 0.010228
v 0.146956 0.524539 0.014342
v 0.137334 0.526103 0.012626
v 0.131265 0.524614 0.004862
v 0.138540 0.528459 0.009883
v -0.148434 0.584321 -0.013069
v -0.143923 0.591753 -0.012781
v -0.147016 0.600258 -0.012167
v -0.150292 0.608634 -0.011680
v -0.148595 0.616735 -0.010517
v -0.151519 0.623637 -0.009446
v -0.151790 0.631769 -0.008341
v -0.151247 0.640107 -0.007523
v -0.155918 0.646918 -0.007693
v -0.154917 0.655279 -0.007811
v -0.155120 0.663506 -0.007202
v -0.156806 0.672252 -0.006307
v -0.157793 0.680159 -0.005726
v -0.161152 0.687263 -0.004808
v -0.160251 0.696055 -0.002238
v -0.165594 0.703336 -0.001448
v -0.161803 0.711666 -0.002846
v -0.166138 0.719686 -0.002788
v -0.164585 0.728421 -0.001714
v -0.169028 0.735839 -0.000506
v -0.172044 0.744117 0.000352
v -0.169816 0.752281 0.002765
v 0.170681 0.749654 -0.009634
v 0.169954 0.741237 -0.009733
v 0.169600 0.732525 -0.009268
v 0.164386 0.724468 -0.008137
v 0.169788 0.716705 -0.008054
v 0.163442 0.710745 -0.007862
v 0.163953 0.701986 -0.010359
v 0.163084 0.693632 -0.010396
v 0.158979 0.686301 -0.009963
v 0.157685 0.677923 -0.011478
v 0.156670 0.669836 -0.013219
v 0.153072 0.662135 -0.013597
v 0.156371 0.654218 -0.014335
v 0.152114 0.646513 -0.015667
v 0.155933 0.638158 -0.016657
v 0.150128 0.631501 -0.017097
v 0.147879 0.623287 -0.018241
v 0.148904 0.614356 -0.018190
v 0.149412 0.605406 -0.019893
v 0.144678 0.597593 -0.020702
v 0.149125 0.590246 -0.021412
v 0.144551 0.583576 -0.020532
v 0.147998 0.577102 -0.012011
v 0.146374 0.576512 -0.004451
v 0.144998 0.574355 0.002880
v 0.143081 0.572131 0.010702
v 0.137740 0.570861 0.017170
v 0.133114 0.569944 0.024081
v 0.127691 0.568896 0.030085
v 0.120662 0.569612 0.034587
v 0.114342 0.567734 0.039871
v 0.106350 0.567202 0.044566
v 0.098004 0.567222 0.048182
v 0.090067 0.567708 0.052562
v 0.083057 0.568165 0.057286
v 0.074390 0.568251 0.057918
v 0.065471 0.568123 0.056574
v 0.056065 0.568013 0.055625
v 0.046830 0.567863 0.054847
v 0.037603 0.568347 0.054297
v 0.028573 0.568947 0.055387
v 0.020104 0.569033 0.057644
v 0.011479 0.569996 0.059005
v 0.002663 0.570371 0.059847
v -0.005850 0.570552 0.060496
v -0.014961 0.570213 0.060723
v -0.023903 0.569456 0.060664
v -0.032841 0.567788 0.060054
v -0.041770 0.568516 0.059089
v -0.050497 0.568082 0.058065
v -0.059253 0.567346 0.057425
v -0.067608 0.567188 0.056289
v -0.075770 0.566726 0.057983
v -0.084051 0.566427 0.057242
v -0.092939 0.565998 0.055384
v -0.101531 0.566229 0.052206
v -0.109122 0.567476 0.047544
v -0.117056 0.567744 0.044156
v -0.122927 0.569625 0.037879
v -0.129793 0.570019 0.033683
v -0.134826 0.570593 0.027086
v -0.137583 0.571959 0.019314
v -0.140783 0.572206 0.011056
v -0.145037 0.573364 0.003331
v -0.147701 0.574653 -0.005291
v -0.147567 0.576007 -0.021342
v -0.144099 0.576914 -0.029149
v -0.140500 0.576707 -0.036142
v -0.134973 0.576379 -0.042201
v -0.129704 0.576975 -0.048459
v -0.123400 0.577538 -0.054292
v -0.117218 0.577114 -0.060510
v -0.111025 0.575901 -0.066388
v -0.103276 0.576966 -0.068867
v -0.095161 0.577525 -0.070472
v -0.086751 0.578201 -0.070352
v -0.078067 0.577730 -0.071755
v -0.069077 0.578378 -0.072081
v -0.059942 0.578969 -0.071816
v -0.051016 0.579343 -0.071973
v -0.042024 0.580377 -0.072992
v -0.033885 0.581372 -0.073393
v -0.025659 0.582784 -0.073166
v -0.017055 0.584016 -0.072915
v -0.008529 0.584588 -0.073202
v 0.000305 0.584187 -0.074225
v 0.008984 0.583675 -0.074781
v 0.017414 0.583202 -0.075345
v 0.025537 0.584240 -0.076067
v 0.033750 0.586410 -0.077987
v 0.042631 0.587189 -0.079924
v 0.051308 0.584292 -0.079822
v 0.059510 0.581680 -0.080127
v 0.068114 0.580419 -0.079510
v 0.076929 0.579269 -0.078666
v 0.085056 0.578037 -0.076741
v 0.093454 0.578246 -0.074934
v 0.101104 0.577642 -0.075090
v 0.108854 0.577083 -0.073737
v 0.115434 0.576223 -0.069485
v 0.121796 0.576294 -0.063456
v 0.126695 0.576786 -0.055922
v 0.133522 0.575725 -0.050396
v 0.138046 0.575529 -0.043341
v 0.143063 0.575346 -0.036884
v 0.146881 0.576132 -0.029130
v -0.128693 0.505750 0.026247
v 0.138343 0.524614 0.008694
v 0.145207 0.528723 0.002878
v 0.145014 0.537746 -0.001053
v 0.145175 0.545126 -0.008261
v 0.150349 0.544935 -0.016914
v 0.145067 0.546586 -0.025343
v 0.141672 0.546418 -0.034783
v 0.145679 0.543907 -0.043643
v 0.143967 0.544489 -0.053476
v 0.135388 0.548235 -0.057009
v 0.130869 0.549302 -0.065866
v 0.123333 0.553675 -0.070845
v 0.115395 0.557719 -0.075311
v 0.106922 0.560313 -0.070770
v 0.098959 0.562262 -0.076432
v 0.092642 0.568456 -0.081037
v 0.083625 0.569039 -0.085287
v 0.074999 0.570399 -0.090191
v 0.066563 0.572129 -0.095310
v 0.059638 0.576355 -0.101270
v 0.052972 0.580969 -0.107307
v 0.045385 0.582898 -0.113668
v 0.038381 0.585151 -0.120549
v 0.032140 0.588132 -0.127855
v 0.025973 0.590467 -0.135552
v 0.020526 0.592695 -0.143882
v 0.014788 0.596370 -0.151471
v 0.009195 0.601782 -0.158130
v 0.003821 0.605554 -0.165986
v -0.001420 0.609190 -0.174008
v -0.006669 0.609321 -0.182820
v -0.010621 0.611389 -0.191928
v -0.013569 0.603350 -0.196977
v -0.020595 0.606952 -0.203169
v -0.030363 0.608014 -0.201255
v -0.039285 0.610245 -0.197371
v -0.048644 0.612599 -0.199587
v -0.053610 0.615690 -0.207733
v -0.061258 0.614052 -0.201641
v -0.059566 0.618958 -0.193145
v -0.061632 0.612858 -0.185513
v -0.063389 0.609764 -0.176018
v -0.064613 0.608528 -0.166016
v -0.067586 0.605035 -0.156922
v -0.070970 0.601521 -0.148053
v -0.073442 0.599393 -0.138473
v -0.078489 0.595555 -0.130725
v -0.079937 0.593071 -0.121170
v -0.085175 0.587000 -0.115213
v -0.091403 0.580524 -0.110666
v -0.096365 0.574886 -0.104035
v -0.100018 0.570011 -0.096094
v -0.104709 0.565180 -0.088717
v -0.110017 0.559241 -0.082685
v -0.114477 0.554631 -0.075067
v -0.119612 0.548387 -0.069264
v -0.126292 0.542482 -0.064788
v -0.130383 0.537132 -0.057426
v -0.132743 0.533588 -0.048395
v -0.140712 0.528202 -0.045859
v -0.143655 0.521610 -0.039064
v -0.146133 0.514946 -0.032159
v -0.149858 0.509926 -0.024390
v -0.151103 0.506293 -0.015174
v -0.147428 0.504157 -0.006154
v -0.142000 0.503101 0.002208
v -0.136407 0.502640 0.010430
v -0.129170 0.506373 0.016299
v -0.001324 0.732857 -0.080954
v -0.090064 0.643641 -0.081932
v 0.076170 0.665998 -0.090622
v -0.090676 0.704562 -0.087809
v 0.076444 0.691736 -0.089549
v -0.002892 0.721063 -0.129487
v 0.091732 0.718742 -0.097959
v -0.129214 0.701815 -0.075748
v 0.120294 0.591621 -0.074935
v -0.131884 0.592367 -0.063964
v 0.129885 0.655156 -0.070547
v -0.006861 0.662250 -0.086557
v 0.021695 0.649589 -0.132549
v -0.061003 0.663508 -0.131483
v -0.144991 0.624663 -0.052088
v -0.015794 0.733068 -0.075308
v -0.056872 0.689034 -0.097801
v 0.048003 0.719900 -0.093021
v 0.134887 0.723185 -0.065394
v 0.123401 0.654156 -0.072379
v -0.139105 0.650842 -0.070647
v -0.153845 0.717846 -0.049538
v -0.074960 0.739553 -0.074691
v 0.048070 0.751730 -0.071452
v 0.059975 0.636306 -0.096199
v -0.011521 0.673628 -0.181816
v -0.073009 0.645020 -0.079598
v -0.090284 0.626004 -0.092591
v 0.067625 0.603067 -0.106460
v 0.149193 0.704980 -0.078478
v -0.049073 0.685361 -0.105223
v 0.007694 0.706718 -0.094276
v 0.023731 0.691601 -0.101030
v 0.126243 0.644444 -0.077877
v -0.164857 0.681320 -0.040580
v -0.107512 0.653926 -0.084063
v 0.086053 0.689327 -0.090395
v 0.136681 0.558142 -0.044132
v -0.160826 0.609835 -0.032290
v -0.139362 0.549336 -0.031953
v 0.157747 0.608437 -0.049020
v 0.098024 0.742778 -0.080985
v -0.137187 0.636829 -0.071003
v -0.129677 0.604936 -0.083410
v -0.098407 0.630350 -0.130430
v 0.044431 0.730346 -0.083425
v 0.109349 0.582528 -0.082950
v 0.030222 0.708683 -0.077577
v -0.025877 0.617064 -0.088528
v 0.155624 0.679758 -0.065944
v 0.087232 0.633476 -0.084829
v -0.120718 0.738923 -0.069602
v -0.040544 0.693058 -0.083931
v -0.162764 0.680121 -0.043916
v 0.037866 0.676602 -0.090878
v -0.058063 0.654551 -0.177278
v -0.152621 0.584936 -0.022803
v 0.163139 0.632631 -0.045501
v 0.116890 0.682927 -0.078383
v 0.016348 0.692562 -0.150583
v 0.016563 0.622709 -0.093617
v -0.130640 0.698685 -0.067998
v 0.160321 0.661494 -0.045619
v 0.053711 0.621501 -0.150287
v 0.018361 0.638912 -0.174222
v -0.174427 0.701834 -0.028253
v 0.170642 0.733467 -0.048490
v 0.113245 0.681279 -0.090448
v -0.039072 0.696942 -0.139331
v -0.083512 0.667588 -0.108048
v 0.098579 0.621099 -0.086719
v -0.105009 0.618325 -0.074361
v 0.049092 0.668372 -0.109391
v 0.115801 0.668534 -0.092747
v -0.030842 0.748660 -0.065968
v -0.050808 0.719785 -0.084818
v 0.143214 0.620621 -0.055092
v -0.023164 0.708986 -0.082605
v -0.017523 0.673000 -0.090962
v -0.162060 0.640291 -0.026441
v -0.088825 0.704559 -0.072172
v -0.146414 0.621545 -0.046275
v -0.147561 0.659626 -0.070857
v 0.094251 0.657083 -0.096949
v 0.149075 0.580291 -0.047291
v -0.065253 0.652017 -0.083164
v 0.007025 0.762410 -0.067217
v -0.061415 0.734021 -0.081087
v 0.122566 0.721749 -0.088272
v 0.165358 0.713689 -0.048486
v -0.104708 0.671778 -0.073555
v -0.112600 0.618531 -0.067344
v -0.160093 0.692388 -0.021419
v 0.020255 0.725525 -0.076000
v 0.058204 0.698698 -0.098537
v 0.148847 0.643213 -0.050110
v -0.064193 0.609162 -0.088522
v 0.025056 0.722658 -0.118866
v 0.000297 0.697134 -0.077781
v -0.150751 0.624181 -0.017109
v -0.149263 0.711800 -0.060746
v 0.173099 0.696820 -0.047187
v -0.151992 0.574487 -0.062146
v -0.153975 0.653233 -0.030697
v 0.040673 0.609630 -0.077297
v 0.065733 0.722755 -0.083022
v 0.071607 0.749596 -0.095186
v 0.116029 0.714057 -0.084176
v 0.068291 0.705596 -0.078644
v -0.027140 0.644582 -0.198207
v 0.041417 0.631178 -0.105361
v 0.087274 0.591520 -0.106561
v -0.144236 0.537608 -0.009247
v -0.092981 0.735784 -0.070252
v 0.088853 0.598681 -0.088578
v 0.150967 0.536940 -0.023829
v 0.001604 0.692860 -0.113653
v -0.071575 0.680577 -0.082832
v -0.038782 0.648295 -0.083337
v 0.136638 0.557239 -0.074203
v -0.080581 0.648157 -0.151655
v -0.012535 0.700146 -0.158934
v -0.158534 0.558260 -0.004996
v -0.108298 0.685578 -0.093163
v -0.127001 0.725783 -0.067515
v 0.123997 0.567888 -0.066982
v 0.031708 0.679414 -0.124137
v -0.041154 0.670001 -0.157038
v 0.163266 0.564303 -0.021342
v -0.071783 0.638759 -0.113525
v -0.117816 0.618780 -0.079495
v -0.113536 0.648257 -0.091639
v -0.152512 0.599390 -0.010925
v 0.139313 0.675949 -0.065440
v 0.021055 0.748546 -0.077777
v 0.131252 0.699925 -0.075982
v 0.070112 0.606952 -0.126555
v -0.116003 0.602709 -0.117745
v -0.103596 0.619657 -0.099815
v 0.148648 0.723500 -0.069489
v 0.002190 0.599813 -0.098296
v 0.157234 0.584630 -0.024588
v 0.013328 0.731289 -0.060837
v -0.146884 0.610289 -0.052203
v -0.060575 0.656583 -0.093175
v -0.064490 0.684063 -0.122637
v -0.027749 0.702210 -0.122214
v 0.003969 0.715920 -0.084954
v 0.005537 0.702935 -0.124368
v 0.147882 0.645306 -0.072477
v 0.115282 0.618993 -0.078564
v 0.102183 0.649699 -0.089360
v -0.121680 0.626205 -0.065070
v -0.180882 0.664293 -0.018447
v -0.167011 0.690793 -0.013432
v 0.151224 0.617678 -0.023205
v 0.148429 0.635733 -0.058188
v 0.031395 0.649406 -0.096498
v 0.014528 0.667974 -0.168870
v 0.121380 0.709786 -0.096125
v -0.155708 0.603702 -0.048190
v -0.125630 0.566292 -0.051858
v -0.159701 0.547202 -0.046605
v -0.142412 0.679475 -0.060578
v 0.068790 0.673335 -0.090962
v 0.069025 0.622759 -0.078315
v -0.110713 0.643413 -0.070903
v -0.129476 0.637553 -0.075080
v -0.088591 0.633482 -0.074968
v -0.089980 0.623735 -0.151397
v -0.106674 0.593544 -0.074172
v 0.146062 0.536541 -0.053948
v 0.167125 0.665997 -0.041845
v 0.116636 0.673437 -0.087990
v 0.017895 0.733050 -0.095795
v 0.050232 0.684584 -0.096287
v 0.090807 0.694745 -0.082471
v 0.154487 0.637741 -0.027085
v 0.143881 0.638007 -0.053700
v 0.082516 0.683581 -0.104272
v 0.070280 0.703038 -0.094153
v 0.062395 0.647248 -0.093519
v 0.144932 0.655884 -0.076917
v 0.136132 0.603963 -0.066952
v -0.024520 0.720780 -0.073890
v -0.129078 0.580231 -0.087494
v -0.133159 0.671295 -0.077262
v -0.155981 0.609501 -0.009871
v -0.157645 0.664958 -0.021997
v -0.109039 0.720919 -0.071730
v -0.080714 0.675879 -0.091266
v 0.125633 0.604958 -0.075589
v -0.002130 0.628643 -0.193136
v -0.153686 0.694345 -0.041484
v -0.166871 0.655336 -0.049330
v 0.006861 0.717295 -0.118660
v -0.076692 0.632784 -0.175995
v 0.099265 0.744179 -0.093850
v 0.115703 0.737521 -0.070358
v -0.170534 0.689064 -0.019203
v -0.147102 0.613125 -0.071618
v -0.114232 0.633426 -0.074412
v -0.056399 0.744933 -0.063361
v 0.027940 0.618485 -0.166288
v -0.141945 0.662335 -0.053841
v -0.150010 0.699485 -0.036031
v 0.163773 0.687465 -0.042121
v -0.039132 0.656715 -0.088777
v 0.099881 0.648925 -0.085707
v -0.145167 0.579870 -0.005560
v -0.160128 0.713165 -0.024294
v 0.098373 0.571554 -0.091656
v 0.168093 0.725311 -0.025353
v -0.033319 0.598866 -0.090747
v 0.074912 0.745216 -0.078154
v 0.165771 0.603377 -0.024338
v 0.117762 0.630954 -0.070713
v 0.043417 0.720841 -0.099618
v -0.126010 0.672810 -0.080778
v 0.090786 0.712268 -0.085763
v -0.036287 0.665190 -0.185161
v -0.045510 0.673733 -0.086526
v -0.114193 0.600519 -0.079311
v 0.034493 0.709543 -0.077764
v 0.068848 0.726628 -0.089895
v 0.042001 0.755027 -0.089672
v -0.050111 0.626504 -0.082125
v 0.158775 0.621174 -0.021081
v 0.086369 0.590343 -0.093018
v 0.102202 0.582062 -0.075149
v -0.053959 0.640743 -0.200193
v -0.133359 0.601301 -0.059873
v 0.065314 0.620534 -0.091019
v -0.038674 0.718333 -0.075377
v -0.065461 0.700408 -0.084022
v -0.019723 0.680451 -0.081449
v 0.058442 0.625516 -0.124781
v -0.077148 0.691362 -0.085020
v -0.082957 0.603833 -0.068841
v -0.015808 0.638656 -0.085893
v 0.155425 0.635442 -0.042308
v 0.055331 0.705450 -0.083707
v 0.004808 0.717763 -0.083554
v 0.038473 0.729070 -0.065544
v -0.021446 0.685731 -0.103322
v -0.138154 0.725508 -0.060600
v -0.097728 0.740152 -0.069273
v -0.001397 0.693393 -0.089100
v -0.159175 0.691675 -0.012923
v -0.164887 0.627387 -0.004330
v 0.083356 0.603710 -0.079251
v 0.152372 0.729450 -0.054082
v -0.131566 0.584124 -0.069151
v 0.172492 0.678781 -0.028274
v 0.186967 0.715660 -0.033807
v -0.009272 0.744970 -0.058421
v 0.144423 0.601434 -0.038674
v 0.010940 0.679993 -0.094221
v -0.175963 0.702179 -0.006977
v -0.139192 0.582063 -0.045278
v -0.151223 0.568412 -0.025733
v 0.026523 0.696074 -0.082331
v -0.153486 0.600912 -0.032477
v 0.091596 0.676444 -0.090903
v -0.114655 0.711540 -0.084103
v -0.099586 0.611774 -0.132792
v 0.043573 0.603606 -0.137186
v 0.019617 0.602553 -0.087451
v 0.105142 0.693337 -0.082505
v -0.084220 0.626288 -0.085892
v 0.121267 0.660572 -0.075351
v -0.153879 0.632150 -0.023637
v 0.167255 0.716420 -0.065763
v -0.050572 0.736369 -0.069092
v -0.012526 0.752017 -0.077053
v -0.142200 0.616367 -0.032379
v 0.001774 0.652730 -0.187819
v 0.033325 0.631284 -0.159342
v -0.130305 0.717764 -0.073434
v 0.019954 0.669550 -0.146126
v 0.007790 0.707729 -0.147298
v 0.144829 0.550846 -0.022254
v 0.052508 0.685715 -0.091913
v 0.173058 0.653334 -0.027067
v 0.076390 0.645871 -0.082482
v 0.053256 0.658912 -0.102254
v 0.134889 0.641418 -0.059988
v -0.091382 0.648542 -0.099745
v 0.006341 0.643884 -0.092184
v 0.038183 0.626750 -0.098091
v -0.134791 0.706402 -0.053138
v -0.149812 0.684512 -0.063936
v -0.033117 0.739119 -0.059568
v -0.106711 0.692294 -0.077635
v 0.133822 0.676535 -0.077477
v -0.162129 0.654915 -0.007268
v 0.133787 0.688478 -0.084747
v -0.144080 0.643423 -0.048978
v -0.030547 0.684585 -0.172933
v 0.004006 0.687325 -0.168565
v -0.087878 0.725547 -0.082249
v -0.068028 0.717296 -0.076037
v 0.150942 0.702313 -0.063816
v 0.105079 0.598365 -0.085195
v -0.061975 0.660546 -0.157178
v -0.004786 0.620471 -0.095157
v 0.082832 0.648282 -0.100806
v -0.096099 0.664545 -0.091716
v 0.137813 0.668704 -0.086474
v 0.123977 0.651364 -0.079710
v 0.117135 0.556726 -0.088803
v -0.032148 0.692198 -0.096571
v -0.021349 0.703577 -0.074472
v 0.170233 0.704571 -0.029026
v -0.080280 0.721468 -0.080404
v -0.073505 0.735919 -0.078996
v -0.022929 0.712442 -0.136582
v -0.071570 0.683902 -0.102806
v -0.061405 0.659136 -0.110733
v -0.050514 0.701913 -0.120869
v -0.049072 0.681674 -0.138401
v 0.119809 0.670957 -0.075886
v 0.152683 0.651995 -0.036391
v -0.132429 0.614324 -0.068371
v -0.057680 0.697874 -0.082532
v 0.029416 0.763267 -0.075188
v -0.091252 0.655088 -0.071415
v -0.158768 0.621755 -0.053616
v 0.060322 0.602292 -0.076803
v 0.095948 0.678282 -0.080703
v -0.148150 0.523942 0.004746
v -0.158766 0.723371 -0.043782
v 0.031704 0.660249 -0.119104
v 0.065838 0.670405 -0.104695
v 0.065928 0.588775 -0.115554
v 0.039415 0.637160 -0.126488
v -0.157399 0.639381 -0.043860
v 0.105694 0.679539 -0.095251
v 0.094186 0.661963 -0.090725
v 0.036996 0.674012 -0.107780
v -0.010846 0.704708 -0.089369
v -0.036005 0.704174 -0.079441
v 0.018331 0.714047 -0.119055
v -0.157088 0.531046 -0.023139
v 0.130769 0.624597 -0.072789
v -0.141762 0.555665 -0.058137
v 0.146631 0.523655 -0.008693
v 0.156624 0.690662 -0.062652
v -0.110410 0.700396 -0.078471
v 0.016966 0.620562 -0.185323
v -0.154852 0.629842 -0.021942
v 0.020304 0.650314 -0.155970
v -0.148493 0.640812 -0.064110
v -0.158850 0.545129 -0.024737
v -0.154326 0.614743 0.002100
v 0.134733 0.597887 -0.056027
v -0.036665 0.737798 -0.081196
v -0.132737 0.697779 -0.059132
v -0.144247 0.599789 -0.029419
v -0.071210 0.644409 -0.134073
v -0.097446 0.611874 -0.079712
v 0.073800 0.651859 -0.103430
v -0.055682 0.668701 -0.094966
v -0.086336 0.657424 -0.081656
v -0.070491 0.634644 -0.083520
v 0.150866 0.600093 -0.038211
v 0.154747 0.569876 -0.043486
v 0.129023 0.585178 -0.054742
v -0.036645 0.669249 -0.101104
v 0.131919 0.730379 -0.077780
v 0.141023 0.718132 -0.092856
v 0.150264 0.632306 -0.039461
v -0.149440 0.565054 -0.043139
v -0.142745 0.551744 0.004277
v -0.161925 0.672702 -0.059196
v 0.155330 0.660629 -0.058834
v 0.141976 0.540401 -0.013986
v -0.157472 0.656287 -0.010282
v -0.157546 0.607770 -0.028642
v -0.109049 0.609960 -0.083449
v 0.110708 0.727615 -0.099192
v 0.106741 0.608927 -0.079669
v 0.066393 0.681246 -0.091113
v 0.041378 0.698108 -0.092420
v 0.007630 0.748144 -0.077618
v 0.027543 0.721154 -0.088001
v -0.026796 0.665954 -0.080860
v 0.107402 0.664910 -0.087853
v 0.063017 0.715741 -0.106304
v -0.061579 0.662834 -0.079117
v -0.108970 0.635523 -0.076615
v -0.131228 0.618927 -0.066836
v -0.168695 0.685613 -0.002960
v 0.019947 0.718285 -0.106921
v 0.027168 0.711128 -0.105927
v 0.037203 0.732211 -0.104645
v 0.146882 0.657997 -0.061116
v 0.111308 0.734970 -0.085978
v 0.027263 0.729839 -0.076739
v 0.010450 0.719738 -0.072630
v -0.014920 0.718098 -0.081998
v -0.057826 0.598543 -0.074250
v 0.052729 0.699720 -0.083337
v 0.178724 0.698309 -0.027065
v 0.034982 0.589154 -0.079606
v 0.145582 0.598253 -0.057610
v -0.120137 0.659975 -0.068672
v -0.088042 0.685415 -0.081757
v 0.143658 0.525190 -0.035992
v -0.119978 0.586634 -0.061647
v 0.115189 0.634373 -0.091414
v -0.144894 0.546286 -0.013822
v -0.174483 0.681533 -0.006501
v -0.130661 0.566096 -0.072233
v -0.127855 0.595560 -0.102104
v 0.143367 0.572199 -0.014659
v -0.085911 0.630533 -0.100856
v -0.154553 0.663426 -0.037454
v 0.026633 0.746072 -0.066602
v -0.164220 0.673922 -0.022882
v 0.113758 0.655948 -0.089861
v -0.169128 0.694311 -0.030772
v -0.142879 0.587551 0.001312
v 0.176057 0.723583 -0.026217
v -0.017358 0.602122 -0.099954
v 0.017572 0.686655 -0.120272
v -0.126671 0.638874 -0.084589
v 0.126334 0.541864 -0.072243
v -0.019576 0.626066 -0.200737
v 0.161546 0.681171 -0.044027
v 0.147905 0.573974 -0.034078
v 0.102819 0.702497 -0.096729
v -0.099292 0.623294 -0.080993
v -0.031292 0.686862 -0.153560
v 0.152495 0.548968 -0.039919
v -0.164046 0.704450 -0.046173
v -0.121928 0.628236 -0.076982
v -0.138443 0.567409 -0.036761
v 0.099126 0.675152 -0.099386
v 0.140348 0.566547 -0.056104
v 0.130416 0.549447 -0.061434
v 0.081334 0.574250 -0.099331
v -0.056547 0.716111 -0.082104
v -0.045651 0.612400 -0.093497
v 0.049990 0.626038 -0.083208
v -0.110964 0.726413 -0.074655
v -0.112458 0.583846 -0.101356
v 0.057670 0.738259 -0.076444
v 0.084459 0.729434 -0.084675
v -0.037873 0.673751 -0.096272
v 0.125652 0.571857 -0.080566
v -0.078090 0.666695 -0.093602
v 0.073773 0.707045 -0.078823
v 0.107838 0.731191 -0.082949
v 0.119381 0.718749 -0.069569
v 0.111493 0.695170 -0.082000
v 0.159742 0.677103 -0.026195
v 0.046922 0.649670 -0.103607
v 0.052885 0.615524 -0.104301
v 0.082255 0.701868 -0.104530
v -0.141985 0.590406 -0.078654
v 0.002593 0.709718 -0.111968
v 0.039788 0.700532 -0.090902
v -0.144382 0.676092 -0.079092
v 0.157969 0.650844 -0.055462
v -0.087247 0.670252 -0.081522
v -0.019093 0.697108 -0.097130
v -0.108530 0.726742 -0.074849
v 0.019928 0.584094 -0.092650
v 0.057694 0.719851 -0.077724
v 0.083483 0.735403 -0.098462
v 0.079083 0.702940 -0.081620
v 0.054275 0.741324 -0.095212
v 0.083158 0.716158 -0.082831
v 0.059377 0.760022 -0.084650
v -0.168268 0.693220 -0.029018
v 0.008975 0.661529 -0.097568
v 0.151117 0.718442 -0.060281
v -0.034062 0.735406 -0.077565
v -0.151340 0.566925 0.008581
v 0.102687 0.590812 -0.098633
v 0.085230 0.608413 -0.114063
v 0.139884 0.641371 -0.066590
v -0.016133 0.657953 -0.191052
v -0.038351 0.629295 -0.199647
v 0.176800 0.714340 -0.049557
v -0.055643 0.687188 -0.076307
v -0.162351 0.700479 -0.037541
v 0.109047 0.565533 -0.075212
v 0.149486 0.617476 -0.063768
v -0.134012 0.535764 0.008399
v -0.166845 0.598154 0.002171
v 0.151394 0.557336 -0.008477
v 0.005389 0.722339 -0.085818
v 0.033090 0.604402 -0.153553
v 0.105264 0.653508 -0.078105
v 0.002341 0.704934 -0.126464
v 0.090379 0.749959 -0.083246
v -0.120318 0.612585 -0.104059
v -0.111117 0.621098 -0.118766
v -0.122361 0.600546 -0.078525
v -0.134880 0.625122 -0.078109
v -0.106066 0.629329 -0.087072
v -0.076329 0.637695 -0.097055
v -0.124789 0.687105 -0.086942
v -0.098932 0.670305 -0.088744
v 0.157163 0.616462 -0.036863
v -0.125901 0.654350 -0.080676
v -0.021013 0.737922 -0.072632
v -0.068297 0.702005 -0.080200
v -0.004415 0.679997 -0.101054
v 0.046224 0.713471 -0.070367
v -0.134504 0.612681 -0.049826
v -0.041651 0.690552 -0.087184
v 0.162143 0.622946 -0.021131
v 0.149253 0.639593 -0.056360
v 0.089569 0.615361 -0.081008
v 0.070922 0.595895 -0.090273
v -0.054945 0.643378 -0.081004
v -0.032329 0.631977 -0.086659
v 0.009835 0.720779 -0.125963
v -0.140351 0.604992 -0.043805
v 0.160286 0.607318 -0.019163
v -0.013309 0.688583 -0.172274
v -0.006752 0.589125 -0.089390
v 0.149214 0.599882 -0.016523
v -0.097678 0.599794 -0.120035
v -0.122699 0.686411 -0.079349
v -0.172972 0.653227 -0.031542
v 0.054698 0.599009 -0.124011
v -0.104191 0.651039 -0.083527
v 0.148530 0.635360 -0.050369
v -0.071007 0.646381 -0.166621
v -0.083773 0.637941 -0.137727
v 0.156642 0.591175 -0.015551
v -0.100493 0.632630 -0.080725
v -0.094323 0.697170 -0.087991
v -0.066463 0.626330 -0.086432
v -0.017307 0.760988 -0.062928
v -0.154000 0.613562 -0.044193
v -0.144435 0.626797 -0.058640
v -0.095425 0.614378 -0.093962
v 0.138726 0.736703 -0.062345
v 0.163275 0.729053 -0.041566
v 0.031992 0.638756 -0.142717
v -0.021012 0.717908 -0.077224
v 0.118785 0.584718 -0.070665
v -0.099890 0.601899 -0.071756
v 0.035733 0.742273 -0.078610
v -0.148482 0.588992 -0.015215
v -0.088255 0.634327 -0.117666
v -0.095838 0.721277 -0.083068
v -0.125388 0.726359 -0.064437
v -0.141481 0.719574 -0.060806
v -0.125164 0.709228 -0.066795
v 0.135036 0.632109 -0.069317
v 0.144943 0.660893 -0.071663
v -0.169773 0.690845 -0.006234
v 0.156228 0.566929 -0.005217
v 0.024356 0.669949 -0.098548
v -0.068339 0.630152 -0.192694
v -0.160463 0.604550 -0.025127
v -0.163196 0.680355 -0.026760
v -0.169182 0.689815 -0.003310
v 0.133472 0.660687 -0.069539
v -0.151996 0.534908 -0.039092
v 0.088999 0.635624 -0.086691
v 0.156828 0.615306 -0.031756
v 0.158444 0.618025 -0.037713
v -0.080541 0.618187 -0.166304
v -0.177559 0.659862 -0.001800
v -0.048190 0.654648 -0.191569
v 0.022828 0.690122 -0.134715
v 0.022660 0.665824 -0.128875
v -0.055449 0.642235 -0.088275
v -0.058984 0.672610 -0.099768
v -0.076362 0.650372 -0.089887
v -0.108617 0.733642 -0.081795
v 0.147243 0.551212 -0.063168
v -0.051705 0.665111 -0.169285
v -0.049981 0.667092 -0.144012
v 0.131696 0.625734 -0.063815
v 0.111752 0.612807 -0.080728
v -0.173966 0.667449 -0.040533
v 0.011108 0.702877 -0.086474
v -0.086468 0.609035 -0.142611
v 0.030775 0.643726 -0.112932
v -0.027521 0.703323 -0.150178
v 0.103076 0.627784 -0.085370
v 0.119221 0.608521 -0.072606
v -0.146196 0.630197 -0.036288
v 0.169930 0.638984 -0.018946
v -0.004581 0.685121 -0.087961
v -0.009062 0.708568 -0.084727
v 0.162100 0.647169 -0.038549
v 0.153481 0.638519 -0.040105
v -0.161130 0.615134 -0.022242
v -0.011025 0.642632 -0.194541
v -0.144421 0.635338 -0.036683
v 0.003695 0.613052 -0.193577
v 0.131584 0.716686 -0.077434
v 0.142493 0.688804 -0.071338
v -0.075257 0.654494 -0.101275
v 0.152220 0.673654 -0.056448
v 0.022198 0.731135 -0.073312
v -0.009059 0.711216 -0.146612
v -0.086633 0.639166 -0.073871
v 0.095817 0.637424 -0.098243
v 0.091711 0.660852 -0.095564
v -0.151906 0.591177 0.001398
v 0.006323 0.700648 -0.160257
v 0.046194 0.631265 -0.140109
v -0.155887 0.609149 0.006717
v 0.000976 0.729911 -0.072069
v 0.006451 0.746143 -0.065085
v 0.024316 0.719625 -0.066346
v -0.140296 0.571264 -0.054993
v -0.132378 0.577482 -0.060949
v 0.145013 0.688947 -0.073551
v -0.148698 0.696923 -0.053358
v 0.028518 0.614532 -0.094107
v 0.006277 0.694722 -0.138235
v 0.011986 0.699524 -0.110637
v 0.008441 0.608658 -0.094050
v 0.069239 0.612349 -0.120716
v 0.057379 0.613074 -0.135975
v 0.131173 0.532400 -0.059446
v -0.171557 0.685910 -0.003794
v -0.076376 0.660344 -0.074256
v 0.138365 0.703112 -0.089802
v -0.153393 0.581887 -0.016020
v -0.014518 0.695601 -0.114599
v -0.144111 0.689782 -0.049878
v -0.049437 0.739278 -0.071818
v 0.150440 0.621975 -0.049643
v 0.148868 0.533584 -0.008338
v 0.158724 0.575941 -0.010709
v 0.106535 0.683569 -0.089892
v -0.163338 0.675001 -0.009056
v -0.089662 0.592974 -0.077674
v -0.070041 0.655896 -0.144373
v 0.151447 0.720055 -0.080138
v 0.160425 0.726614 -0.059176
v 0.136947 0.727619 -0.080509
v 0.077453 0.610414 -0.089911
v 0.085184 0.669441 -0.093684
v -0.133961 0.639437 -0.062467
v -0.119185 0.614024 -0.067450
v -0.132786 0.617676 -0.055921
v -0.034805 0.692463 -0.110516
v -0.070457 0.676417 -0.110211
v -0.060837 0.694183 -0.111246
v -0.052583 0.673527 -0.124505
v -0.037931 0.708529 -0.128933
v -0.015867 0.712844 -0.124353
v 0.007539 0.722395 -0.083735
v -0.156941 0.606514 -0.048221
v -0.146900 0.592569 -0.056326
v -0.153517 0.588367 -0.039566
v -0.159052 0.625706 -0.003705
v 0.144409 0.650241 -0.061830
v 0.017837 0.607840 -0.174860
v 0.044808 0.641021 -0.099310
v 0.019778 0.638042 -0.098318
v 0.103182 0.594422 -0.082896
v 0.133572 0.598684 -0.069091
v 0.003672 0.674293 -0.177333
v 0.020165 0.654101 -0.171473
v 0.016596 0.681324 -0.161679
v 0.014926 0.759179 -0.080278
v 0.179923 0.713864 -0.021182
v 0.149824 0.561247 -0.031462
v 0.137677 0.610510 -0.065962
v 0.117778 0.590880 -0.078451
v 0.161712 0.661464 -0.027231
v 0.078971 0.661222 -0.092546
v 0.052891 0.670354 -0.092317
v 0.076789 0.683246 -0.089804
v -0.061768 0.643068 -0.186368
v -0.155230 0.685696 -0.028421
v -0.142002 0.726217 -0.064419
v -0.118967 0.622321 -0.074712
v -0.019054 0.652498 -0.084647
v -0.170528 0.714297 -0.035159
v -0.021613 0.594189 -0.086593
v 0.039370 0.664560 -0.097619
v -0.081921 0.634885 -0.160077
v -0.152662 0.679108 -0.048515
v -0.138561 0.692100 -0.066970
v 0.126872 0.724311 -0.097138
v 0.122417 0.693993 -0.092046
v -0.007987 0.707893 -0.090963
v 0.085592 0.651251 -0.093996
v 0.160649 0.692425 -0.026846
v -0.132011 0.591896 -0.047684
v 0.113623 0.574129 -0.090353
v -0.092765 0.684643 -0.097136
v 0.082996 0.617410 -0.084954
v 0.055351 0.614888 -0.074500
v 0.063245 0.636353 -0.081544
v 0.073295 0.593929 -0.071020
v -0.157021 0.641764 -0.010292
v -0.156202 0.560528 -0.055831
v -0.049298 0.691011 -0.129400
v 0.141970 0.531157 -0.020498
v -0.151245 0.558739 0.012693
v -0.080274 0.610327 -0.083948
v 0.093858 0.578776 -0.085055
v 0.161996 0.634431 -0.028846
v -0.118724 0.597590 -0.081519
v 0.171448 0.715967 -0.034045
v 0.053418 0.588223 -0.073941
v 0.101565 0.557739 -0.088167
v 0.118166 0.708875 -0.079574
v 0.160439 0.653035 -0.046326
v 0.160046 0.671704 -0.053483
v -0.106108 0.656720 -0.073756
v -0.124559 0.645545 -0.068041
v -0.123834 0.590861 -0.069116
v -0.145366 0.669777 -0.067129
v -0.043205 0.596611 -0.077909
v -0.100621 0.625111 -0.140914
v 0.059339 0.657243 -0.105766
v 0.123422 0.687377 -0.081326
v -0.120820 0.700083 -0.079136
v -0.159357 0.640619 0.001412
v -0.064666 0.653034 -0.123609
v 0.038591 0.618859 -0.154067
v 0.027721 0.627818 -0.177056
v 0.126021 0.562412 -0.068949
v 0.088255 0.686950 -0.077839
v 0.097479 0.688325 -0.104775
v 0.146821 0.601617 -0.058127
v -0.143444 0.544606 -0.047527
v 0.163608 0.643930 -0.034815
v 0.177561 0.666938 -0.019323
v -0.096574 0.645808 -0.078737
v -0.073658 0.663908 -0.086522
v -0.067110 0.677327 -0.099159
v -0.137636 0.648540 -0.068701
v -0.120338 0.628008 -0.072591
v -0.138869 0.631133 -0.064919
v -0.085556 0.629349 -0.082316
v -0.076829 0.642141 -0.080206
v -0.166522 0.644174 -0.040330
v 0.008625 0.632472 -0.183618
v 0.125149 0.664756 -0.080742
v 0.107140 0.677368 -0.077375
v 0.119821 0.676129 -0.092894
v -0.128398 0.702772 -0.073441
v -0.170891 0.700847 -0.022809
v -0.167710 0.705024 -0.018144
v 0.016607 0.728943 -0.081778
v 0.055129 0.632999 -0.095833
v -0.117398 0.710413 -0.076576
v -0.102024 0.711518 -0.074550
v -0.144548 0.702198 -0.050972
v -0.148624 0.615086 -0.057200
v 0.039558 0.688992 -0.084207
v 0.138855 0.653533 -0.081100
v 0.113958 0.645819 -0.077435
v 0.105239 0.632020 -0.078732
v -0.155230 0.521018 -0.009899
v -0.059254 0.737636 -0.074959
v -0.070533 0.746226 -0.067704
v -0.159206 0.658637 -0.061750
v 0.078535 0.665087 -0.100496
v -0.153696 0.553157 -0.035405
v 0.142307 0.574724 -0.048335
v -0.079654 0.729530 -0.068687
v -0.131514 0.611080 -0.072679
v -0.152759 0.625688 -0.066610
v 0.007477 0.585694 -0.089941
v -0.070920 0.593711 -0.070638
v -0.124637 0.609952 -0.070625
v 0.076162 0.641726 -0.090926
v -0.158173 0.573645 -0.004012
v -0.122217 0.632180 -0.081795
v 0.090175 0.697586 -0.087259
v -0.076177 0.709788 -0.089755
v 0.070196 0.693111 -0.106012
v 0.092145 0.599820 -0.103478
v -0.142529 0.601346 -0.064790
v 0.158440 0.646452 -0.049459
v 0.012478 0.727326 -0.121895
v 0.049984 0.677648 -0.103464
v 0.053541 0.690348 -0.090377
v 0.035525 0.685473 -0.095304
v 0.162161 0.591276 -0.032780
v 0.036623 0.669368 -0.110829
v 0.182126 0.727640 -0.039966
v -0.035693 0.717692 -0.083583
v -0.017932 0.709349 -0.076267
v -0.113369 0.673961 -0.088284
v 0.128082 0.592425 -0.068092
v 0.068024 0.678468 -0.092399
v -0.148398 0.606043 -0.037611
v -0.160648 0.644897 -0.057168
v 0.009937 0.733550 -0.082285
v -0.032321 0.679396 -0.084114
v -0.146139 0.513461 0.017684
v 0.151294 0.650889 -0.049623
v 0.079581 0.701289 -0.075186
v 0.103319 0.689444 -0.089649
v -0.073570 0.620515 -0.183093
v -0.137963 0.630738 -0.051927
v 0.154211 0.690664 -0.054727
v 0.057449 0.710752 -0.090948
v -0.142839 0.652444 -0.054736
v -0.148248 0.558298 -0.016066
v 0.150996 0.667490 -0.070881
v 0.135646 0.651244 -0.076631
v -0.042630 0.751254 -0.060448
v -0.041633 0.674856 -0.174887
v -0.053019 0.599545 -0.088801
v -0.166412 0.622176 0.007277
v -0.168979 0.703464 -0.027891
v 0.028242 0.724753 -0.104215
v 0.139775 0.636137 -0.070487
v -0.063959 0.728483 -0.072404
v -0.054106 0.722090 -0.080122
v 0.069771 0.708294 -0.106329
v -0.139578 0.571998 -0.034070
v -0.155068 0.663571 -0.023675
v -0.135214 0.684484 -0.069339
v -0.119251 0.673667 -0.075850
v -0.139266 0.657604 -0.073511
v -0.153284 0.652575 -0.045102
v -0.012457 0.728702 -0.074972
v -0.002480 0.699993 -0.102704
v -0.159146 0.605670 -0.021542
v -0.166616 0.599488 -0.011706
v -0.149606 0.610030 -0.015663
v -0.101764 0.590757 -0.108929
v -0.116591 0.573598 -0.091627
v -0.169381 0.697364 -0.015752
v 0.164733 0.628902 -0.031268
v -0.156767 0.661869 -0.009621
v 0.166085 0.702688 -0.060137
v 0.152383 0.589406 -0.034343
v 0.093440 0.593232 -0.076815
v 0.175029 0.730413 -0.014758
v -0.092070 0.636539 -0.149354
v -0.155646 0.624210 -0.010926
v -0.024723 0.694689 -0.165156
v 0.127582 0.613246 -0.072622
v 0.004660 0.629607 -0.088556
v -0.151544 0.621179 -0.032001
v -0.163764 0.629113 -0.018291
v 0.045997 0.590191 -0.131836
v -0.138962 0.555483 -0.044432
v 0.187006 0.707086 -0.020216
v 0.010895 0.660656 -0.180212
v -0.048925 0.662975 -0.097036
v 0.074687 0.599412 -0.117721
v -0.148553 0.590763 -0.023226
v -0.119743 0.725065 -0.079427
v 0.109010 0.734321 -0.080821
v 0.115385 0.725796 -0.077654
v 0.128688 0.732205 -0.071895
v 0.094282 0.689373 -0.093700
v -0.044264 0.707339 -0.080719
v 0.053995 0.724379 -0.074679
v -0.052663 0.653105 -0.089542
v -0.026034 0.660647 -0.095559
v -0.161916 0.641780 -0.012370
v -0.014433 0.687150 -0.087814
v -0.007515 0.618069 -0.200989
v -0.047176 0.729402 -0.079262
v 0.061875 0.751495 -0.073639
v -0.029856 0.748669 -0.074258
v 0.107629 0.640021 -0.080657
v -0.097234 0.628456 -0.108885
v 0.099080 0.653245 -0.090801
v -0.128113 0.634331 -0.081206
v -0.101747 0.638583 -0.079779
v -0.153867 0.670096 -0.049361
v 0.097150 0.731563 -0.099271
v 0.012730 0.690327 -0.084418
v 0.025182 0.681843 -0.084833
v -0.085863 0.744045 -0.077675
v -0.088438 0.733972 -0.071989
v -0.101326 0.641275 -0.092419
v 0.092024 0.707135 -0.088947
v 0.141788 0.708711 -0.071928
v -0.089253 0.602097 -0.130698
v -0.092291 0.611080 -0.077033
v -0.137516 0.577408 -0.076699
v 0.142781 0.589553 -0.047247
v -0.159458 0.693070 -0.045765
v -0.154743 0.703554 -0.048720
v -0.160303 0.704738 -0.028845
v 0.156687 0.603389 -0.031739
v 0.167231 0.700783 -0.042655
v 0.149356 0.535587 -0.040431
v 0.064800 0.659762 -0.094639
v 0.085841 0.748686 -0.096433
v 0.099073 0.740880 -0.083047
v -0.116610 0.647037 -0.079421
v 0.145502 0.614461 -0.044726
v -0.161068 0.695227 0.000816
v -0.049708 0.656124 -0.080470
v 0.180083 0.686628 -0.018286
v -0.155144 0.539465 -0.036793
v 0.101922 0.718311 -0.083925
v -0.144049 0.590535 -0.039057
v -0.134116 0.593531 -0.089859
v -0.096482 0.679024 -0.075465
v 0.114983 0.734207 -0.090260
v -0.040486 0.679425 -0.146353
v -0.152033 0.717221 -0.035414
v 0.078099 0.717339 -0.086703
v -0.023180 0.748731 -0.059788
v 0.136900 0.528171 -0.047680
v -0.073879 0.688896 -0.082050
v 0.156760 0.675384 -0.039981
v 0.065961 0.703515 -0.081011
v 0.174265 0.735877 -0.032193
v -0.149113 0.728453 -0.052862
v -0.145633 0.580529 0.008997
v -0.138964 0.524845 0.015219
v -0.070726 0.603299 -0.076410
v 0.008919 0.717056 -0.137298
v 0.170557 0.690533 -0.035009
v 0.165135 0.670820 -0.036531
v -0.077698 0.726239 -0.072923
v 0.077092 0.623708 -0.084109
v 0.063756 0.606895 -0.094503
v 0.016777 0.710292 -0.082228
v -0.007830 0.722329 -0.080529
v 0.070456 0.654245 -0.100382
v -0.138222 0.709362 -0.066926
v -0.040639 0.642755 -0.199889
v -0.050657 0.626986 -0.200939
v -0.003714 0.699845 -0.089366
v 0.092846 0.581503 -0.099073
v 0.088722 0.562774 -0.096582
v 0.137140 0.653065 -0.058655
v 0.150465 0.648503 -0.062332
v 0.054694 0.726757 -0.103450
v 0.051988 0.710663 -0.100089
v 0.036776 0.720487 -0.111798
v 0.125117 0.631621 -0.083354
v -0.042890 0.681883 -0.076472
v -0.058617 0.677472 -0.085416
v -0.111271 0.586696 -0.076050
v 0.012632 0.704266 -0.118478
v -0.029441 0.609047 -0.098980
v -0.031469 0.591807 -0.082060
v 0.133858 0.664412 -0.082832
v -0.101812 0.626295 -0.068624
v 0.074220 0.731883 -0.076269
v 0.086828 0.740758 -0.073828
v 0.077739 0.754979 -0.084790
v 0.152569 0.528738 0.002498
v 0.055117 0.585182 -0.121180
v 0.068069 0.619267 -0.132993
v 0.050569 0.625201 -0.113991
v 0.125224 0.643948 -0.070129
v 0.123966 0.618206 -0.072307
v 0.025175 0.680992 -0.110140
v -0.040927 0.725222 -0.077315
v 0.160988 0.701987 -0.054587
v -0.165838 0.696852 -0.010281
v 0.146805 0.587709 -0.033860
v -0.182941 0.691972 0.000659
v -0.030404 0.686860 -0.077094
v -0.011644 0.673156 -0.090064
v -0.013427 0.692473 -0.075834
v -0.060950 0.741384 -0.075084
v 0.091049 0.588919 -0.078953
v -0.109144 0.604310 -0.081382
v 0.069869 0.736523 -0.098007
v 0.001635 0.670964 -0.091494
v 0.146437 0.647696 -0.055755
v -0.031088 0.697948 -0.083121
v 0.037254 0.712124 -0.090646
v 0.043976 0.719548 -0.075229
v 0.030559 0.720492 -0.084795
v -0.133840 0.663467 -0.072903
v -0.078345 0.613383 -0.153176
v -0.170840 0.698467 -0.017645
v 0.141713 0.533052 0.000337
v -0.157906 0.629362 -0.012668
v -0.048612 0.749956 -0.073115
v 0.038126 0.619762 -0.085885
v 0.027651 0.703687 -0.088650
v 0.124365 0.683665 -0.080931
v 0.189398 0.722960 -0.021138
v 0.178944 0.706216 -0.039517
v 0.046930 0.762296 -0.079447
v 0.032192 0.746789 -0.085222
v -0.003254 0.720911 -0.074474
v 0.102787 0.620441 -0.073485
v -0.049444 0.663916 -0.181548
v -0.023215 0.668782 -0.186789
v -0.034488 0.654027 -0.192937
v -0.154096 0.671727 -0.070469
v -0.020353 0.672651 -0.099576
v 0.075890 0.583845 -0.107495
v 0.165362 0.616748 -0.010926
v -0.086464 0.730818 -0.080487
v -0.161928 0.704340 -0.033167
v -0.154704 0.640063 -0.028189
v 0.117243 0.552976 -0.076136
v 0.157766 0.592756 -0.012922
v 0.157654 0.737613 -0.049819
v 0.139954 0.726069 -0.058772
v 0.153823 0.719287 -0.043919
v -0.036591 0.682621 -0.101812
v -0.116616 0.644467 -0.082771
v -0.138207 0.570241 -0.051071
v 0.077658 0.595441 -0.101829
v -0.039134 0.662781 -0.084801
v -0.079741 0.687496 -0.097340
v -0.064228 0.685931 -0.086490
v -0.083013 0.702974 -0.083781
v 0.104908 0.715460 -0.099624
v -0.044568 0.637446 -0.087411
v -0.037495 0.622950 -0.085078
v 0.079489 0.722117 -0.094120
v 0.070487 0.718694 -0.079656
v 0.055858 0.728770 -0.089937
v 0.060523 0.713829 -0.074074
v 0.066477 0.699666 -0.087127
v 0.025228 0.605813 -0.164050
v 0.010818 0.721989 -0.097993
v 0.141245 0.605526 -0.050285
v -0.153309 0.545692 -0.002050
v 0.065476 0.687367 -0.095787
v 0.071997 0.610000 -0.081969
v 0.092996 0.608753 -0.085851
v 0.000642 0.711436 -0.092104
v -0.155728 0.583149 -0.013321
v 0.132851 0.672656 -0.076513
v -0.052247 0.697930 -0.085993
v -0.026352 0.682621 -0.090001
v -0.044445 0.691242 -0.100046
v -0.006621 0.648674 -0.090075
v -0.021295 0.628703 -0.092603
v -0.164754 0.651966 -0.020674
v 0.114686 0.646112 -0.071465
v 0.058025 0.626196 -0.137801
v 0.022999 0.677994 -0.133915
v 0.039894 0.742932 -0.065059
v 0.025783 0.732943 -0.066153
v -0.075509 0.632089 -0.078233
v -0.037686 0.740285 -0.067419
v 0.151457 0.639684 -0.039632
v -0.163400 0.687108 -0.018543
v -0.154475 0.602478 -0.019188
v 0.012156 0.721324 -0.072527
v 0.132730 0.642735 -0.074825
v 0.042927 0.741933 -0.089086
v -0.009136 0.739892 -0.072489
v -0.001189 0.759106 -0.077497
v -0.056635 0.619109 -0.091354
v -0.102051 0.709977 -0.085237
v -0.118851 0.720870 -0.076626
v -0.004229 0.756758 -0.061874
v 0.000760 0.735867 -0.059053
v -0.019218 0.736250 -0.063384
v 0.027017 0.644661 -0.166127
v -0.077910 0.637804 -0.124971
v 0.015378 0.650179 -0.098323
v 0.048307 0.600140 -0.074505
v -0.134582 0.737024 -0.067535
v -0.146937 0.728545 -0.052571
v 0.042975 0.705729 -0.079652
v -0.178886 0.673128 0.002375
v 0.137392 0.543006 -0.064586
v -0.119440 0.711246 -0.076122
v 0.090088 0.668256 -0.091890
v -0.119823 0.612029 -0.090370
v 0.035843 0.755431 -0.066909
v -0.156285 0.539497 -0.013406
v -0.049254 0.678648 -0.101514
v -0.137209 0.731597 -0.063079
v -0.129796 0.555383 -0.064241
v -0.101001 0.655135 -0.091555
v -0.115861 0.595139 -0.107011
v 0.066118 0.633472 -0.088101
v 0.152436 0.605137 -0.028092
v -0.131828 0.596336 -0.073845
v -0.130414 0.572730 -0.062696
v -0.144523 0.585402 -0.065747
v 0.158983 0.603834 -0.035462
v -0.132468 0.636912 -0.075350
v -0.141331 0.560600 -0.026676
v 0.002394 0.691173 -0.101077
v -0.008173 0.608439 -0.099708
v -0.147045 0.610880 -0.020489
v -0.140914 0.619454 -0.040781
v 0.016454 0.753838 -0.066633
v -0.179597 0.690868 -0.010799
v -0.109953 0.736290 -0.069532
v 0.151150 0.732989 -0.061511
v 0.010095 0.644923 -0.181984
v -0.005625 0.663094 -0.186082
v 0.063260 0.576784 -0.113423
v -0.115153 0.588126 -0.073403
v -0.088779 0.653499 -0.090565
v 0.176018 0.649386 -0.015325
v -0.142166 0.569375 -0.068100
v -0.068029 0.722428 -0.078502
v 0.125069 0.672407 -0.077338
v -0.121820 0.565513 -0.082279
v -0.172940 0.698266 0.004373
v -0.116482 0.736486 -0.070123
v 0.096237 0.732978 -0.088238
v -0.117667 0.663612 -0.082180
v -0.157231 0.603329 -0.035989
v 0.128273 0.552746 -0.083075
v -0.137572 0.610248 -0.044022
v 0.143270 0.721270 -0.070411
v -0.142113 0.703168 -0.063405
v -0.061273 0.632816 -0.083354
v 0.105874 0.706390 -0.081752
v 0.106804 0.586607 -0.081791
v -0.133070 0.690323 -0.078062
v 0.008260 0.721176 -0.111272
v -0.029058 0.704319 -0.093873
v -0.124744 0.611857 -0.058376
v 0.052462 0.698327 -0.091485
v 0.047950 0.677554 -0.082998
v 0.062047 0.681331 -0.085239
v -0.102322 0.595993 -0.076201
v -0.102267 0.617505 -0.128407
v 0.044465 0.630169 -0.152788
v 0.039641 0.624284 -0.166059
v -0.147390 0.684142 -0.038349
v -0.059755 0.710069 -0.086651
v -0.048395 0.706847 -0.081849
v 0.146046 0.552536 -0.050323
v 0.077512 0.698340 -0.093257
v 0.118320 0.727783 -0.077852
v -0.107468 0.604057 -0.126817
v 0.079343 0.628924 -0.082387
v -0.142297 0.542185 0.002058
v -0.000651 0.640124 -0.188283
v -0.098009 0.644221 -0.070310
v 0.045639 0.613820 -0.144508
v 0.034988 0.595908 -0.143598
v -0.026853 0.643014 -0.087136
v -0.146661 0.537520 -0.021207
v -0.158583 0.649212 -0.020460
v -0.092015 0.662322 -0.098537
v -0.089744 0.671110 -0.097941
v -0.088566 0.636970 -0.097052
v -0.117054 0.590191 -0.073705
v -0.065944 0.647495 -0.106789
v 0.010332 0.593531 -0.089659
v 0.029735 0.608678 -0.083106
v 0.157800 0.708219 -0.069067
v -0.111498 0.681694 -0.081330
v -0.154954 0.681609 -0.053244
v 0.030705 0.732233 -0.093308
v 0.138182 0.589259 -0.062094
v 0.116357 0.691877 -0.087669
v 0.159555 0.724485 -0.071360
v 0.171939 0.724500 -0.057259
v -0.131732 0.602787 -0.070532
v 0.041936 0.710419 -0.092886
v 0.111282 0.557785 -0.082070
v -0.147173 0.622099 -0.049491
v -0.076256 0.707910 -0.072751
v -0.079559 0.716414 -0.081295
v -0.096260 0.621204 -0.082262
v 0.055355 0.647117 -0.099644
v 0.042941 0.653417 -0.098372
v -0.132454 0.548401 0.012277
v 0.038626 0.653118 -0.111850
v 0.126234 0.654397 -0.084055
v 0.153202 0.524825 -0.019642
v 0.141319 0.534258 -0.011705
v -0.067068 0.732180 -0.070065
v -0.156593 0.631706 -0.034211
v -0.153847 0.625234 0.009957
v 0.141412 0.631495 -0.059140
v 0.132061 0.650761 -0.067239
v 0.166797 0.658837 -0.035885
v 0.108524 0.592163 -0.072096
v -0.149755 0.611716 -0.039418
v 0.020619 0.681091 -0.150248
v 0.014212 0.662539 -0.156500
v 0.018800 0.659952 -0.138654
v -0.033477 0.706917 -0.073726
v 0.146674 0.532415 -0.005413
v 0.007656 0.607478 -0.182768
v 0.140936 0.553232 -0.033592
v 0.156567 0.554157 -0.020283
v 0.152467 0.545719 -0.013309
v 0.150882 0.539757 -0.024410
v -0.134623 0.679899 -0.085665
v 0.147106 0.626426 -0.045732
v 0.106493 0.660585 -0.089023
v -0.096856 0.722704 -0.074555
v 0.048352 0.734003 -0.070235
v -0.047162 0.675239 -0.098722
v -0.047556 0.649934 -0.096062
v 0.145720 0.622212 -0.032991
v -0.142709 0.577955 -0.023123
v 0.067351 0.644227 -0.090408
v 0.088174 0.649582 -0.082143
v -0.134030 0.625091 -0.074708
v 0.032825 0.704060 -0.098088
v -0.130539 0.586830 -0.059172
v -0.016598 0.618103 -0.096315
v -0.159799 0.616792 -0.042271
v -0.086304 0.715567 -0.086655
v -0.046035 0.740149 -0.060171
v 0.058035 0.615106 -0.115720
v -0.035001 0.676495 -0.165018
v -0.022346 0.678498 -0.179524
v 0.141363 0.550058 -0.005100
v 0.166822 0.699188 -0.018602
v -0.121547 0.611403 -0.070591
v -0.137595 0.616955 -0.057426
v 0.099532 0.689112 -0.088379
v 0.109543 0.682900 -0.083231
v -0.145899 0.528741 -0.007184
v -0.109993 0.700784 -0.085237
v -0.095866 0.695472 -0.083094
v -0.080140 0.698365 -0.087449
v 0.049620 0.630236 -0.096675
v 0.031921 0.637234 -0.096425
v 0.026346 0.625427 -0.098591
v -0.141761 0.700975 -0.045104
v -0.146555 0.709166 -0.055120
v -0.172046 0.657908 -0.013558
v 0.046258 0.708798 -0.079076
v -0.072324 0.664332 -0.111883
v -0.057283 0.662596 -0.121819
v -0.089707 0.723031 -0.072585
v 0.151139 0.655367 -0.064349
v 0.154175 0.572330 -0.023198
v 0.159770 0.575197 -0.033750
v 0.023894 0.739259 -0.079982
v -0.158376 0.652314 0.004169
v 0.125952 0.662671 -0.086570
v 0.164223 0.645133 -0.027043
v -0.116029 0.642222 -0.081675
v -0.163647 0.669220 -0.031728
v -0.147059 0.634847 -0.046739
v 0.004992 0.714197 -0.134932
v -0.062830 0.673636 -0.118894
v -0.082330 0.678168 -0.101948
v 0.008709 0.700147 -0.107088
v 0.029445 0.578975 -0.086312
v -0.029367 0.697880 -0.081433
v 0.057798 0.708202 -0.076372
v 0.116327 0.601969 -0.082042
v -0.005105 0.694569 -0.166388
v 0.164153 0.613664 -0.027957
v 0.023405 0.647368 -0.144458
v 0.026785 0.640118 -0.153804
v -0.149429 0.561205 0.001293
v -0.148224 0.512385 0.005831
v 0.079521 0.671167 -0.085708
v -0.007611 0.630268 -0.088721
v -0.143887 0.659600 -0.041799
v -0.058779 0.659116 -0.142200
v 0.159379 0.654264 -0.026740
v -0.010068 0.688856 -0.106048
v 0.080359 0.591861 -0.084063
v 0.134867 0.585521 -0.057108
v 0.110778 0.575941 -0.070160
v -0.071870 0.654835 -0.155378
v -0.062603 0.660931 -0.168659
v -0.050359 0.662518 -0.155166
v 0.157482 0.608880 -0.017045
v -0.008254 0.733965 -0.066128
v -0.162676 0.682333 -0.006287
v -0.146872 0.720371 -0.043387
v 0.090353 0.651033 -0.088068
v 0.085120 0.663335 -0.083467
v -0.154809 0.567803 -0.014138
v 0.123550 0.592482 -0.063347
v 0.127626 0.579224 -0.065149
v 0.140323 0.585900 -0.050626
v -0.003098 0.706197 -0.155495
v -0.145398 0.581693 -0.035403
v 0.037415 0.755805 -0.078937
v 0.151676 0.690660 -0.066103
v -0.100449 0.600323 -0.083562
v 0.091695 0.649055 -0.094514
v -0.066657 0.644625 -0.087911
v -0.153998 0.718150 -0.052632
v 0.114189 0.667978 -0.077582
v 0.122860 0.663618 -0.067156
v -0.097521 0.663032 -0.077252
v -0.080938 0.650035 -0.072591
v -0.178923 0.663364 -0.030365
v 0.144653 0.677629 -0.069463
v 0.147146 0.683349 -0.060937
v 0.163808 0.690028 -0.052423
v 0.153360 0.696929 -0.071657
v 0.110119 0.582864 -0.094503
v 0.071652 0.571565 -0.106294
v 0.009439 0.692073 -0.126971
v -0.130262 0.655498 -0.065283
v -0.151856 0.619389 -0.025967
v 0.136639 0.577250 -0.057623
v 0.034617 0.715332 -0.068960
v -0.162845 0.685053 -0.003790
v -0.061148 0.631625 -0.201607
v 0.139504 0.535325 -0.039312
v -0.009534 0.702077 -0.124146
v -0.090504 0.638734 -0.128219
v -0.108672 0.609047 -0.069026
v -0.142129 0.584282 0.002772
v -0.096391 0.733557 -0.081612
v 0.076951 0.676621 -0.088717
v 0.127677 0.675491 -0.084653
v -0.031784 0.705858 -0.139958
v -0.027480 0.712941 -0.126195
v -0.046348 0.693890 -0.113138
v -0.012646 0.716014 -0.132875
v -0.056425 0.683052 -0.130281
v -0.055944 0.672892 -0.135264
v -0.060455 0.684546 -0.105141
v -0.039021 0.701844 -0.121145
v -0.070034 0.687570 -0.113261
v -0.042841 0.686232 -0.137663
v -0.058504 0.693900 -0.123232
v -0.005351 0.681094 -0.175716
v -0.095681 0.725639 -0.072987
v 0.101934 0.653415 -0.087021
v 0.109895 0.658272 -0.078350
v 0.154037 0.604285 -0.007317
v 0.103850 0.685418 -0.084749
v 0.091301 0.685402 -0.088820
v 0.142458 0.695102 -0.082698
v 0.082479 0.592260 -0.077087
v -0.128121 0.728973 -0.072428
v 0.156938 0.662773 -0.037765
v -0.052600 0.687739 -0.087079
v -0.167446 0.683395 -0.029042
v 0.113044 0.674359 -0.102123
v -0.168475 0.673746 -0.049185
v 0.162120 0.685424 -0.017821
v 0.009490 0.705504 -0.136329
v 0.144747 0.579405 -0.005272
v -0.033328 0.619151 -0.201254
v 0.113291 0.656958 -0.077764
v 0.097054 0.589356 -0.088711
v -0.135193 0.686961 -0.056772
v -0.127328 0.604502 -0.094825
v -0.139612 0.557553 0.013619
v 0.027855 0.670845 -0.117858
v 0.024063 0.650917 -0.120595
v -0.154800 0.524101 -0.033331
v -0.154563 0.520030 -0.021388
v 0.160672 0.719712 -0.034991
v -0.152425 0.642194 -0.041216
v -0.067973 0.696087 -0.089686
v 0.056964 0.679605 -0.088486
v 0.122465 0.698578 -0.083042
v -0.070381 0.669959 -0.077604
v 0.134957 0.664746 -0.074750
v 0.001975 0.656175 -0.090247
v 0.187640 0.695712 -0.018234
v 0.155653 0.641769 -0.059467
v 0.092049 0.722604 -0.089231
v -0.020201 0.751138 -0.068034
v 0.050052 0.632823 -0.129114
v 0.039845 0.636998 -0.115104
v 0.030106 0.641627 -0.131826
v -0.158139 0.629683 0.004454
v -0.063490 0.644733 -0.175128
v -0.030491 0.727910 -0.081095
v 0.059608 0.679065 -0.099993
v 0.055602 0.669040 -0.108358
v -0.120598 0.702204 -0.083427
v -0.099592 0.700574 -0.074577
v -0.104180 0.691581 -0.083604
v 0.150458 0.579300 -0.017689
v 0.029253 0.597263 -0.085280
v -0.025702 0.728061 -0.077179
v 0.060176 0.751288 -0.092547
v -0.028980 0.711649 -0.074079
v -0.180306 0.671669 -0.009217
v -0.165276 0.602922 0.012316
v -0.111072 0.632710 -0.075698
v 0.099525 0.571594 -0.077854
v 0.114719 0.671694 -0.081870
v 0.147759 0.561269 -0.042695
v 0.146489 0.574818 -0.037620
v -0.123987 0.707305 -0.078382
v -0.152867 0.650842 -0.062508
v 0.005805 0.696309 -0.149572
v 0.006610 0.619067 -0.090319
v 0.012377 0.691582 -0.162211
v 0.153972 0.598351 -0.049604
v 0.151448 0.592750 -0.048219
v 0.024924 0.753422 -0.079270
v -0.168039 0.672357 -0.034017
v 0.154205 0.617645 -0.013338
v -0.159653 0.592619 0.009433
v -0.140185 0.585388 -0.060832
v -0.121831 0.575547 -0.056751
v -0.018119 0.712803 -0.091951
v -0.005435 0.710620 -0.082717
v 0.008715 0.709147 -0.115658
v 0.015917 0.722400 -0.112477
v 0.012299 0.718666 -0.128511
v 0.035506 0.683426 -0.114185
v 0.126028 0.606852 -0.063568
v -0.047316 0.661224 -0.094974
v -0.060336 0.660799 -0.088370
v -0.067187 0.654434 -0.131560
v -0.075098 0.646199 -0.142176
v -0.123871 0.584954 -0.097419
v 0.156251 0.558053 0.001902
v -0.133827 0.547779 -0.056962
v -0.066966 0.713087 -0.084384
v 0.156087 0.682058 -0.048543
v -0.169218 0.682365 0.005735
v -0.150353 0.617028 0.013702
v -0.146229 0.608817 -0.004417
v -0.151459 0.619158 -0.007778
v 0.125206 0.620670 -0.081765
v 0.137376 0.616521 -0.065975
v 0.007601 0.624037 -0.190218
v 0.022939 0.617984 -0.176319
v -0.028744 0.670678 -0.090124
v -0.091352 0.618987 -0.141393
v 0.058831 0.626651 -0.076776
v -0.010662 0.700390 -0.090095
v 0.114627 0.655532 -0.083847
v -0.039154 0.657757 -0.100081
v -0.029991 0.655461 -0.084228
v -0.151476 0.599093 -0.038256
v -0.151627 0.598090 -0.021749
v -0.153134 0.596210 -0.022677
v -0.148804 0.548829 -0.026538
v -0.000007 0.711717 -0.140392
v -0.010522 0.761935 -0.071901
v 0.084129 0.655066 -0.101082
v 0.142290 0.636487 -0.047944
v 0.154481 0.624607 -0.045944
v -0.090658 0.629844 -0.140780
v 0.176714 0.703715 -0.019992
v -0.091796 0.713115 -0.079162
v 0.113800 0.701459 -0.093730
v -0.107947 0.615275 -0.079327
v -0.095386 0.623920 -0.081987
v 0.093589 0.626113 -0.079764
v -0.098396 0.630968 -0.119517
v -0.141399 0.587236 0.004592
v -0.154301 0.585639 -0.002007
v -0.144302 0.597625 -0.003370
v -0.010374 0.703051 -0.075321
v -0.148834 0.611265 -0.033445
v 0.170305 0.666194 -0.027857
v -0.151059 0.551125 -0.052037
v 0.146459 0.635309 -0.066996
v 0.146991 0.628196 -0.066944
v -0.072083 0.616903 -0.086952
v -0.028542 0.733105 -0.068066
v 0.122182 0.677614 -0.085695
v -0.097536 0.660059 -0.083621
v -0.076061 0.654145 -0.082724
v -0.083723 0.667685 -0.084600
v -0.155575 0.705257 -0.054563
v -0.146972 0.553555 -0.006041
v -0.129004 0.630669 -0.057791
v -0.131140 0.635093 -0.075588
v -0.157965 0.675870 -0.018505
v 0.113282 0.599199 -0.080754
v 0.098751 0.603795 -0.085332
v -0.013826 0.591905 -0.079602
v 0.149730 0.652136 -0.047380
v -0.149415 0.609138 -0.040748
v -0.145939 0.657751 -0.063719
v -0.149004 0.602861 -0.056180
v 0.029286 0.660133 -0.097808
v 0.107411 0.565616 -0.092951
v 0.155342 0.631744 -0.019941
v 0.128588 0.720361 -0.078923
v 0.128874 0.732665 -0.067601
v 0.137774 0.724962 -0.069994
v -0.148591 0.571567 -0.000226
v 0.017181 0.727927 -0.111869
v 0.011657 0.678128 -0.170896
v 0.019174 0.609317 -0.095838
v 0.132761 0.720399 -0.086892
v 0.130466 0.714991 -0.093120
v 0.147275 0.712120 -0.086284
v -0.115125 0.692812 -0.085959
v -0.107370 0.720554 -0.084043
v -0.139942 0.682148 -0.070988
v -0.046083 0.701329 -0.130648
v 0.163276 0.661901 -0.051241
v -0.072293 0.613791 -0.171522
v 0.063730 0.599037 -0.118055
v 0.112564 0.690735 -0.095380
v -0.160407 0.684600 -0.002851
v -0.175125 0.691235 0.006135
v -0.107761 0.664347 -0.086520
v -0.105386 0.732035 -0.065654
v -0.080139 0.638838 -0.081285
v -0.077760 0.632690 -0.075199
v -0.065302 0.642441 -0.078653
v 0.154745 0.683963 -0.053499
v 0.115492 0.622189 -0.077218
v -0.144176 0.642956 -0.059809
v 0.059124 0.705064 -0.107744
v -0.160749 0.702852 -0.026643
v 0.042078 0.678115 -0.097918
v 0.085925 0.640138 -0.095062
v 0.016077 0.709663 -0.108480
v -0.145188 0.629320 -0.074706
v 0.145195 0.536484 -0.029961
v -0.095742 0.633955 -0.087294
v -0.108778 0.617922 -0.077797
v 0.017367 0.763527 -0.070853
v 0.180401 0.718265 -0.017855
v -0.058101 0.712194 -0.075965
v -0.168083 0.656069 0.001462
v 0.154953 0.541063 -0.033025
v 0.135581 0.683353 -0.075234
v -0.137890 0.532540 -0.001074
v -0.138771 0.608557 -0.054112
v 0.105403 0.671053 -0.091713
v -0.167107 0.697238 -0.007843
v -0.152791 0.570072 -0.052274
v -0.156301 0.557176 -0.044889
v -0.070511 0.672881 -0.099655
v -0.024589 0.701132 -0.075409
v -0.128324 0.692915 -0.069886
v -0.074531 0.730959 -0.077775
v 0.151900 0.528240 -0.029846
v 0.132209 0.689343 -0.075036
v -0.104663 0.618891 -0.088866
v 0.135333 0.549733 -0.051483
v -0.068610 0.654789 -0.078891
v -0.054343 0.667680 -0.085426
v -0.160769 0.646826 -0.005300
v 0.157433 0.710127 -0.060706
v -0.035426 0.616681 -0.093727
v -0.123478 0.602801 -0.109584
v 0.019649 0.701009 -0.103460
v 0.040860 0.727987 -0.095170
v 0.001732 0.708073 -0.087352
v 0.167424 0.667763 -0.020494
v -0.162660 0.664136 -0.053231
v -0.152163 0.676434 -0.058814
v -0.143336 0.634650 -0.056372
v -0.158169 0.654249 -0.020327
v 0.033969 0.717751 -0.101760
v 0.025863 0.721366 -0.108684
v 0.158008 0.669605 -0.063662
v -0.147464 0.674362 -0.057116
v 0.098384 0.670238 -0.085244
v -0.094292 0.625287 -0.095551
v -0.084823 0.619477 -0.098911
v -0.081456 0.636090 -0.109136
v -0.173585 0.671768 -0.017961
v 0.154376 0.629533 -0.033867
v -0.144460 0.558144 -0.035867
v 0.185349 0.725591 -0.030459
v -0.086845 0.689143 -0.089330
v -0.067136 0.687449 -0.096593
v 0.105955 0.640275 -0.094399
v 0.064226 0.587078 -0.070805
v 0.044251 0.581391 -0.071865
v 0.026500 0.634574 -0.169112
v -0.044221 0.697579 -0.079574
v 0.141806 0.669034 -0.076844
v 0.147903 0.647409 -0.059010
v 0.154311 0.662952 -0.054799
v 0.146820 0.668479 -0.064442
v 0.112943 0.624490 -0.087330
v 0.118841 0.639866 -0.083607
v 0.022582 0.727306 -0.086228
v 0.031211 0.719718 -0.074318
v 0.034691 0.731544 -0.079774
v -0.016044 0.666625 -0.082795
v -0.024451 0.673349 -0.087504
v 0.027587 0.710681 -0.085882
v 0.018228 0.718781 -0.083919
v -0.132778 0.716656 -0.065859
v -0.156963 0.711265 -0.042085
v 0.004540 0.738426 -0.074675
v -0.002766 0.747944 -0.075484
v 0.014556 0.743144 -0.084752
v 0.045244 0.726075 -0.108631
v -0.070172 0.636458 -0.183918
v 0.115072 0.717946 -0.098585
v 0.108088 0.738233 -0.097856
v -0.081152 0.594191 -0.072325
v 0.017692 0.739836 -0.065614
v 0.055418 0.716985 -0.099736
v 0.067824 0.712861 -0.097227
v 0.084455 0.704640 -0.080847
v 0.109528 0.612712 -0.070578
v 0.016644 0.717164 -0.081179
v 0.003159 0.712325 -0.074962
v 0.004883 0.724400 -0.080164
v -0.168247 0.687535 -0.014144
v -0.165916 0.686647 0.006590
v 0.064155 0.689816 -0.097499
v 0.074479 0.680890 -0.097926
v 0.043394 0.688362 -0.089274
v 0.050669 0.703320 -0.091929
v -0.067476 0.622100 -0.199351
v 0.102011 0.734244 -0.090576
v -0.129452 0.661718 -0.074140
v -0.024006 0.693075 -0.110559
v 0.161499 0.644491 -0.045860
v 0.160105 0.639240 -0.055419
v 0.156271 0.644400 -0.064956
v 0.153365 0.639771 -0.050654
v -0.083696 0.628512 -0.168728
v 0.046885 0.706210 -0.090359
v -0.139645 0.621535 -0.060767
v -0.129021 0.629728 -0.068178
v -0.121856 0.622246 -0.063873
v -0.098664 0.635669 -0.077085
v 0.120334 0.585559 -0.069546
v 0.027913 0.688263 -0.119812
v 0.021720 0.690696 -0.111394
v -0.128543 0.573112 -0.079777
v -0.124156 0.558440 -0.074916
v -0.106687 0.598522 -0.114569
v 0.014028 0.712620 -0.100447
v -0.061237 0.589486 -0.069400
v -0.051532 0.589594 -0.076413
v -0.062477 0.600115 -0.083656
v -0.123123 0.677133 -0.090726
v 0.170515 0.632039 -0.011373
v -0.106138 0.643567 -0.082571
v -0.140947 0.639163 -0.071005
v 0.018495 0.629939 -0.181308
v -0.014479 0.718649 -0.071899
v -0.005562 0.714912 -0.081077
v 0.061392 0.701219 -0.089662
v -0.148932 0.602443 -0.022669
v 0.087566 0.692684 -0.107665
v 0.132027 0.635994 -0.077061
v -0.119078 0.637510 -0.071632
v -0.146433 0.550858 -0.023789
v -0.161632 0.682348 -0.016934
v 0.182680 0.707205 -0.030178
v 0.166241 0.670530 -0.031819
v -0.161636 0.720009 -0.034589
v 0.133376 0.600949 -0.066248
v -0.141944 0.692114 -0.064178
v 0.016288 0.656079 -0.148113
v 0.131701 0.560869 -0.061691
v 0.137936 0.557135 -0.063545
v -0.070987 0.658621 -0.094261
v -0.027569 0.757881 -0.061880
v -0.079446 0.682807 -0.076287
v -0.155394 0.611474 -0.030177
v -0.147912 0.563521 -0.061499
v 0.038078 0.599140 -0.076451
v 0.041343 0.662079 -0.116314
v 0.131862 0.660887 -0.076005
v -0.112590 0.628941 -0.077327
v -0.110668 0.638518 -0.089749
v -0.019607 0.709420 -0.146236
v 0.177461 0.725730 -0.048704
v 0.062517 0.653664 -0.103109
v 0.066794 0.644376 -0.100909
v -0.043478 0.621033 -0.196370
v -0.023774 0.602740 -0.092204
v -0.007892 0.598295 -0.099980
v -0.020962 0.608970 -0.093011
v 0.103915 0.675062 -0.087444
v -0.058067 0.706966 -0.087021
v -0.056666 0.725345 -0.076894
v -0.048415 0.715482 -0.075889
v 0.152251 0.657481 -0.068314
v 0.087669 0.704205 -0.080860
v -0.115091 0.652272 -0.073241
v -0.113306 0.666438 -0.071793
v -0.024801 0.692971 -0.089213
v 0.104087 0.608793 -0.086885
v -0.032217 0.676415 -0.178733
v 0.136363 0.603208 -0.056761
v -0.156367 0.576834 0.007775
v -0.105583 0.622117 -0.109883
v -0.038074 0.699319 -0.091563
v -0.039378 0.737159 -0.068361
v -0.175122 0.689650 -0.019662
v 0.099627 0.700784 -0.086911
v -0.151938 0.641672 -0.052594
v -0.125978 0.586299 -0.070026
v -0.121739 0.580979 -0.069865
v -0.009521 0.628169 -0.200221
v -0.017688 0.616102 -0.198678
v -0.018896 0.637173 -0.200279
v -0.029245 0.634561 -0.200410
v -0.118939 0.726435 -0.072054
v 0.145376 0.603138 -0.048430
v 0.009537 0.732125 -0.088852
v 0.165143 0.591093 -0.022278
v 0.122287 0.733001 -0.080590
v 0.124570 0.642803 -0.068173
v -0.005264 0.711750 -0.126549
v 0.105046 0.657969 -0.084291
v -0.159836 0.694711 -0.035344
v -0.163034 0.690272 -0.022860
v -0.163390 0.686724 -0.035336
v 0.052763 0.643784 -0.096452
v -0.002273 0.639319 -0.087890
v 0.141279 0.698541 -0.074249
v 0.115314 0.560638 -0.067140
v -0.071733 0.645891 -0.124189
v -0.076906 0.626847 -0.097718
v -0.034848 0.687498 -0.144040
v 0.151807 0.660951 -0.029000
v -0.096749 0.587542 -0.073423
v 0.013886 0.632526 -0.091969
v 0.155041 0.616253 -0.042736
v -0.066034 0.669466 -0.092084
v 0.182845 0.676056 -0.016171
v -0.099790 0.728496 -0.075530
v -0.023247 0.592296 -0.076138
v 0.127848 0.541956 -0.059607
v 0.022998 0.602005 -0.154558
v 0.118876 0.569076 -0.073136
v -0.147121 0.660253 -0.031634
v -0.157647 0.672365 -0.040260
v -0.090120 0.615608 -0.085367
v 0.157429 0.585880 -0.006400
v 0.131656 0.635396 -0.068221
v 0.162231 0.618672 -0.027075
v 0.013600 0.698406 -0.120351
v 0.019087 0.659614 -0.097948
v 0.083726 0.688173 -0.096456
v -0.157377 0.599878 -0.001874
v -0.160069 0.602411 -0.004128
v 0.075392 0.650259 -0.093461
v 0.128643 0.670183 -0.093491
v -0.109769 0.610888 -0.119438
v -0.117526 0.614517 -0.113792
v 0.161877 0.600174 -0.011623
v -0.001525 0.611020 -0.092200
v 0.160882 0.558396 -0.012193
v -0.121420 0.729812 -0.074747
v -0.014729 0.593734 -0.094146
v 0.138943 0.633573 -0.060084
v 0.096821 0.698502 -0.089710
v -0.130087 0.627874 -0.070189
v -0.115425 0.619808 -0.075631
v 0.158794 0.594914 -0.041661
v 0.070212 0.754168 -0.078328
v 0.152736 0.549148 -0.027981
v 0.176723 0.687756 -0.027715
v -0.120071 0.607628 -0.081563
v -0.112816 0.615176 -0.097460
v -0.164617 0.714504 -0.043669
v -0.170558 0.703290 -0.037909
v -0.153752 0.703343 -0.044715
v 0.019592 0.714733 -0.073701
v 0.015243 0.604198 -0.165884
v -0.157141 0.617007 -0.062798
v -0.155886 0.691207 -0.054994
v 0.133328 0.547945 -0.075887
v 0.117276 0.545446 -0.069202
v 0.157687 0.671704 -0.047509
v 0.165576 0.680918 -0.035049
v -0.111312 0.628085 -0.069642
v 0.038345 0.578241 -0.080398
v -0.179160 0.682971 0.004932
v -0.092569 0.624217 -0.073123
v -0.104787 0.629764 -0.074807
v 0.055570 0.653612 -0.097113
v 0.050302 0.660650 -0.102366
v -0.132959 0.538189 0.017963
v 0.079528 0.610233 -0.122885
v 0.074686 0.608484 -0.112355
v 0.089038 0.599126 -0.113017
v -0.118741 0.635406 -0.078639
v 0.153777 0.650924 -0.053097
v 0.148180 0.581268 -0.027215
v 0.155154 0.578411 -0.039492
v -0.122386 0.640215 -0.075331
v -0.009300 0.679425 -0.092101
v -0.156645 0.611157 -0.013933
v -0.161607 0.620118 -0.011749
v 0.046326 0.671446 -0.110264
v 0.096707 0.683569 -0.096099
v 0.179616 0.658774 -0.013608
v -0.038947 0.749095 -0.071462
v -0.086983 0.642632 -0.078849
v 0.016268 0.673003 -0.155202
v -0.031404 0.685493 -0.163307
v -0.034969 0.677731 -0.155092
v 0.167579 0.677589 -0.019821
v 0.119253 0.734985 -0.080492
v 0.150721 0.545476 -0.055226
v -0.086624 0.661755 -0.095996
v 0.037771 0.607320 -0.144913
v 0.031697 0.612086 -0.159620
v 0.107647 0.623095 -0.083010
v 0.096907 0.710654 -0.096378
v -0.078859 0.622587 -0.175036
v 0.031439 0.694559 -0.095201
v -0.061172 0.750713 -0.070846
v 0.130759 0.641384 -0.068462
v 0.039086 0.644013 -0.106932
v 0.163284 0.583012 -0.016381
v -0.165599 0.701499 -0.024041
v -0.159385 0.693368 -0.033244
v -0.162350 0.627471 -0.027632
v -0.083468 0.585254 -0.075940
v -0.100767 0.678544 -0.094519
v -0.091014 0.676413 -0.090884
v -0.046111 0.634862 -0.197497
v 0.056199 0.622202 -0.096494
v 0.114663 0.704045 -0.086556
v 0.111299 0.725983 -0.087565
v -0.072904 0.632833 -0.104807
v 0.075070 0.725981 -0.083722
v 0.150718 0.608877 -0.037268
v 0.158689 0.625708 -0.038117
v 0.095419 0.671853 -0.090827
v -0.164523 0.634706 -0.038857
v 0.110942 0.685547 -0.084976
v 0.088292 0.625693 -0.086491
v -0.033047 0.748952 -0.057761
v -0.046022 0.621661 -0.089983
v -0.054245 0.609747 -0.089444
v -0.038652 0.605588 -0.095917
v 0.166692 0.637709 -0.027790
v -0.131886 0.567705 -0.044133
v -0.136152 0.558128 -0.034756
v -0.147220 0.564434 -0.033728
v -0.059150 0.653083 -0.081253
v 0.007719 0.711587 -0.128865
v -0.140571 0.605655 -0.073244
v -0.028698 0.661229 -0.189732
v 0.143642 0.523596 0.004565
v 0.149179 0.566339 -0.051332
v 0.141487 0.556958 -0.053510
v 0.087718 0.697414 -0.079668
v -0.147293 0.577491 -0.070559
v -0.140610 0.564706 -0.047484
v 0.044750 0.692298 -0.091901
v 0.049574 0.627379 -0.101495
v -0.087339 0.617331 -0.084366
v -0.149839 0.529588 -0.016341
v -0.145240 0.633666 -0.065821
v 0.075402 0.673427 -0.097162
v 0.070295 0.602623 -0.075502
v 0.157621 0.566154 -0.034527
v -0.117206 0.583381 -0.068008
v -0.156535 0.566306 0.017685
v -0.029322 0.676145 -0.101216
v -0.163497 0.686380 -0.012319
v -0.165134 0.696248 -0.013565
v 0.122725 0.555559 -0.062927
v 0.028129 0.677998 -0.093613
v 0.078991 0.564750 -0.097357
v -0.065614 0.685607 -0.076432
v 0.090680 0.572191 -0.097578
v 0.096072 0.661113 -0.088376
v 0.126184 0.585053 -0.061746
v -0.037923 0.664032 -0.095278
v -0.037632 0.683648 -0.098623
v 0.128244 0.702654 -0.092404
v 0.046843 0.617711 -0.078249
v 0.055646 0.633626 -0.087433
v -0.089287 0.627881 -0.160509
v -0.151192 0.591189 -0.032811
v 0.104582 0.680863 -0.105157
v 0.091991 0.680189 -0.103865
v 0.154466 0.538327 -0.015164
v -0.080346 0.604606 -0.133783
v 0.160894 0.682176 -0.034339
v 0.012000 0.712114 -0.112134
v 0.005208 0.706193 -0.103578
v 0.069962 0.715999 -0.077363
v 0.130249 0.562489 -0.080501
v -0.102421 0.582900 -0.102495
v -0.108367 0.575595 -0.097179
v 0.091826 0.735136 -0.079829
v -0.043344 0.598487 -0.090974
v 0.086736 0.695497 -0.098160
v 0.078642 0.707240 -0.097285
v -0.073075 0.611985 -0.161642
v 0.144319 0.609411 -0.065614
v 0.151437 0.610652 -0.056461
v 0.171593 0.733988 -0.023166
v -0.087809 0.599232 -0.121313
v -0.006932 0.725458 -0.082283
v 0.170930 0.706033 -0.051485
v 0.149982 0.624949 -0.058565
v -0.137102 0.624167 -0.064870
v 0.112180 0.574667 -0.077629
v 0.118589 0.578932 -0.083484
v 0.154992 0.623749 -0.030589
v 0.119368 0.566483 -0.086694
v 0.111748 0.715542 -0.075322
v 0.114315 0.723275 -0.084786
v 0.119493 0.728725 -0.068360
v 0.128145 0.722528 -0.072717
v 0.067543 0.739327 -0.074900
v 0.060908 0.729453 -0.078595
v 0.055295 0.745313 -0.070079
v 0.085012 0.583382 -0.086047
v 0.084207 0.583064 -0.102842
v -0.157388 0.707808 -0.032493
v 0.162471 0.693424 -0.050041
v -0.127104 0.617095 -0.063736
v 0.025857 0.756984 -0.068573
v -0.064966 0.665234 -0.097824
v -0.116090 0.683110 -0.088003
v 0.060566 0.610096 -0.107440
v -0.014901 0.705751 -0.097800
v -0.020320 0.703298 -0.089881
v 0.080499 0.601579 -0.108885
v -0.004166 0.719982 -0.088996
v 0.009293 0.714499 -0.089096
v 0.032326 0.642238 -0.122388
v -0.024637 0.653949 -0.195414
v 0.167294 0.649172 -0.027470
v 0.160713 0.633422 -0.019138
v -0.158522 0.558948 0.005439
v 0.147736 0.588489 -0.056279
v -0.105022 0.625879 -0.124757
v -0.179461 0.663559 0.006864
v -0.172385 0.696081 -0.002489
v 0.045680 0.639152 -0.101381
v -0.139029 0.577861 -0.062342
v 0.075705 0.632916 -0.086862
v 0.075690 0.699348 -0.083881
v 0.064677 0.707315 -0.082350
v -0.095782 0.688324 -0.076945
v -0.143373 0.679100 -0.069583
v -0.142885 0.667452 -0.074858
v -0.135647 0.671708 -0.080205
v -0.158550 0.638107 0.010400
v 0.020602 0.722229 -0.098130
v -0.078104 0.673465 -0.082329
v -0.087030 0.677803 -0.075957
v -0.088392 0.663597 -0.074787
v -0.136885 0.561475 -0.066527
v -0.124467 0.590126 -0.072427
v -0.174761 0.693938 -0.011771
v -0.094877 0.631756 -0.079867
v -0.118127 0.610123 -0.077249
v 0.072162 0.707881 -0.086384
v 0.072197 0.696831 -0.078358
v 0.016811 0.698227 -0.079481
v -0.164748 0.648824 -0.029714
v -0.171437 0.652405 -0.041249
v -0.138363 0.507918 0.018065
v 0.150035 0.631268 -0.051521
v -0.121819 0.609914 -0.075622
v -0.077247 0.608209 -0.145176
v -0.120139 0.704476 -0.069211
v 0.176526 0.697282 -0.038065
v 0.030999 0.727889 -0.113237
v 0.045811 0.622935 -0.158916
v -0.151570 0.517584 -0.001605
v -0.136706 0.585472 -0.085228
v 0.098386 0.638691 -0.082997
v -0.099987 0.609608 -0.086802
v 0.048050 0.748621 -0.093647
v 0.054183 0.755031 -0.078298
v 0.068403 0.757003 -0.088917
v 0.051415 0.755155 -0.087237
v 0.154079 0.576796 -0.002210
v -0.133948 0.607855 -0.058798
v 0.149235 0.713793 -0.068240
v -0.107451 0.625428 -0.080759
v 0.144956 0.648760 -0.070141
v 0.142831 0.639903 -0.057552
v 0.123572 0.599511 -0.069621
v -0.141845 0.705887 -0.059054
v 0.139227 0.535522 -0.053953
v 0.042672 0.591031 -0.073969
v 0.000983 0.717134 -0.126679
v 0.071080 0.632173 -0.078756
v 0.031714 0.695446 -0.090325
v 0.162927 0.695329 -0.035972
v -0.098307 0.603254 -0.128678
v -0.150002 0.577616 0.001705
v -0.068620 0.617345 -0.190534
v 0.156733 0.568754 -0.014779
v -0.149483 0.721468 -0.060546
v -0.062147 0.637259 -0.193951
v 0.088574 0.727508 -0.098648
v 0.090873 0.740682 -0.096199
v 0.077290 0.741999 -0.095678
v -0.083095 0.644612 -0.096558
v 0.172221 0.707420 -0.038203
v -0.128430 0.600483 -0.068543
v 0.122611 0.684427 -0.090721
v 0.099547 0.733102 -0.079205
v 0.167419 0.690013 -0.043766
v -0.083748 0.659208 -0.103031
v -0.092345 0.593496 -0.114945
v 0.013884 0.670737 -0.097893
v -0.153803 0.653391 -0.005573
v 0.157399 0.610812 -0.025970
v 0.146085 0.555566 -0.041319
v -0.007198 0.654740 -0.190218
v 0.108842 0.674618 -0.088392
v 0.193050 0.715754 -0.016212
v 0.008198 0.710521 -0.124882
v -0.001671 0.701011 -0.118326
v -0.152669 0.634667 -0.006373
v 0.015839 0.587605 -0.084471
v 0.021515 0.593385 -0.090008
v 0.158237 0.625054 -0.030568
v 0.158555 0.717131 -0.054345
v 0.148693 0.721238 -0.051360
v 0.045971 0.723352 -0.068849
v 0.061688 0.721901 -0.086092
v 0.085192 0.715203 -0.092058
v 0.052038 0.725444 -0.082026
v 0.077087 0.708538 -0.082192
v 0.029418 0.684245 -0.102367
v 0.097322 0.648272 -0.081222
v 0.099288 0.656738 -0.084653
v 0.068009 0.661057 -0.107558
v 0.064212 0.614120 -0.077944
v -0.054428 0.649753 -0.185344
v -0.139790 0.537150 -0.043227
v 0.097043 0.592014 -0.106522
v 0.018793 0.752978 -0.086143
v 0.002957 0.689321 -0.083220
v 0.153593 0.619981 -0.044408
v 0.162058 0.622652 -0.011645
v 0.094819 0.595121 -0.095820
v 0.074414 0.591639 -0.112442
v 0.074003 0.645206 -0.099455
v 0.100268 0.587224 -0.074276
v -0.174813 0.658496 -0.022984
v -0.142882 0.520809 0.023333
v -0.125623 0.623384 -0.079836
v -0.138759 0.617265 -0.074456
v 0.035697 0.707143 -0.085521
v 0.044373 0.624526 -0.091355
v -0.136337 0.598114 -0.081877
v -0.059545 0.622822 -0.205292
v -0.038526 0.733178 -0.073261
v -0.066735 0.647506 -0.116195
v -0.149360 0.659491 -0.049989
v -0.037976 0.726915 -0.080532
v 0.143929 0.585010 -0.038792
v 0.106914 0.743489 -0.078461
v -0.037081 0.671521 -0.082396
v -0.085171 0.618462 -0.157977
v 0.153085 0.594290 -0.031404
v -0.159640 0.668432 -0.002879
v -0.162210 0.612650 0.012421
v 0.178271 0.720126 -0.012912
v -0.164852 0.641610 -0.049259
v 0.035358 0.632699 -0.149755
v -0.037160 0.590060 -0.074769
v 0.063440 0.743450 -0.096818
v -0.155613 0.679360 -0.039287
v -0.104911 0.725115 -0.079102
v -0.155719 0.706772 -0.037173
v 0.076502 0.722919 -0.085383
v 0.040971 0.748859 -0.083010
v 0.159080 0.715590 -0.075529
v -0.160424 0.546791 -0.033910
v 0.110253 0.729818 -0.072825
v 0.172734 0.715164 -0.058033
v 0.182256 0.714539 -0.041795
v -0.050675 0.678856 -0.080732
v -0.079451 0.644686 -0.161166
v -0.074335 0.636656 -0.166860
v 0.109694 0.697263 -0.090856
v -0.151974 0.640372 -0.018835
v -0.099549 0.690643 -0.093231
v -0.092367 0.702242 -0.080411
v 0.164944 0.594853 -0.019247
v 0.162361 0.584642 -0.010291
v -0.043943 0.670436 -0.166433
v 0.144693 0.731888 -0.068074
v -0.005460 0.689389 -0.079478
v -0.136548 0.621359 -0.051946
v -0.133081 0.615476 -0.058466
v -0.049450 0.688707 -0.083003
v -0.059263 0.693666 -0.082119
v 0.060011 0.606649 -0.128351
v 0.051361 0.606486 -0.132414
v 0.039682 0.762524 -0.072584
v -0.006499 0.608666 -0.200020
v 0.102117 0.581552 -0.099062
v -0.148102 0.582620 -0.035865
v 0.158649 0.601204 -0.017223
v -0.097000 0.656240 -0.086720
v -0.087054 0.615012 -0.149640
v 0.147208 0.646283 -0.053718
v 0.079739 0.694143 -0.084831
v -0.139392 0.578601 -0.054721
v -0.129739 0.647490 -0.074530
v -0.116680 0.653610 -0.082371
v -0.126703 0.663640 -0.080029
v -0.074071 0.585724 -0.073464
v 0.139044 0.649296 -0.061557
v -0.077886 0.741365 -0.072371
v -0.019456 0.705049 -0.154702
v 0.086255 0.624143 -0.084479
v -0.129145 0.690871 -0.073605
v -0.126774 0.677916 -0.079425
v -0.114796 0.690438 -0.082109
v -0.158373 0.612668 -0.054622
v -0.144492 0.634097 -0.046012
v 0.033904 0.672106 -0.097854
v -0.134106 0.642017 -0.080327
v -0.161304 0.625582 -0.021798
v 0.027859 0.588024 -0.085919
v 0.034410 0.630101 -0.171081
v -0.018640 0.703821 -0.123905
v 0.086885 0.608454 -0.087691
v 0.098136 0.612105 -0.081453
v 0.091662 0.742563 -0.088251
v 0.093621 0.747087 -0.074886
v 0.082719 0.750006 -0.078510
v -0.165271 0.688089 0.005226
v 0.096656 0.600980 -0.081247
v -0.112380 0.616799 -0.106589
v -0.046331 0.670342 -0.097641
v -0.012609 0.753216 -0.061322
v -0.014544 0.665581 -0.186235
v -0.010143 0.709874 -0.081602
v -0.092423 0.734978 -0.074621
v 0.034659 0.680686 -0.082561
v 0.156754 0.635335 -0.052950
v -0.145547 0.608725 -0.029367
v 0.162685 0.639370 -0.037932
v 0.022800 0.732174 -0.088054
v 0.017600 0.736831 -0.078842
v -0.173565 0.698086 -0.021335
v -0.144739 0.597248 -0.015207
v -0.110152 0.656859 -0.088183
v 0.049327 0.735311 -0.090390
v 0.116476 0.679662 -0.077471
v -0.156820 0.610250 -0.036065
v -0.082718 0.643334 -0.130383
v -0.109892 0.600676 -0.084027
v -0.149150 0.623756 -0.018222
v 0.020870 0.687963 -0.143744
v 0.015653 0.694488 -0.139348
v -0.030441 0.694555 -0.148371
v 0.144087 0.541130 -0.002181
v -0.021421 0.688055 -0.076416
v -0.104671 0.623317 -0.080875
v -0.149804 0.541343 -0.020461
v -0.038604 0.726131 -0.086439
v -0.057831 0.677249 -0.097783
v 0.011763 0.712444 -0.109603
v 0.062739 0.731815 -0.094639
v 0.036482 0.635427 -0.135114
v -0.155234 0.613979 -0.022611
v 0.146463 0.598464 -0.007163
v -0.138555 0.591155 -0.070132
v -0.049235 0.730297 -0.076861
v 0.131629 0.694068 -0.091692
v -0.125496 0.595738 -0.070759
v 0.127531 0.665628 -0.074974
v 0.017218 0.656112 -0.162719
v -0.159620 0.531717 -0.035140
v 0.148280 0.552885 0.001018
v -0.025511 0.729814 -0.073279
v -0.029587 0.739627 -0.075708
v -0.016325 0.745647 -0.071843
v -0.151738 0.536307 -0.028747
v -0.113685 0.566780 -0.086259
v 0.013188 0.710419 -0.124427
v -0.146146 0.675779 -0.068004
v -0.126765 0.695246 -0.082969
v 0.150598 0.573876 0.000218
v 0.141268 0.549616 -0.070185
v -0.037339 0.701649 -0.080187
v -0.153488 0.593405 -0.049156
v -0.147001 0.587121 -0.046216
v -0.047210 0.646036 -0.085147
v -0.052596 0.634970 -0.083450
v -0.063882 0.645246 -0.080352
v -0.166058 0.678351 0.002046
v -0.022618 0.689485 -0.172708
v 0.131563 0.570297 -0.061613
v 0.174855 0.641192 -0.010829
v -0.137292 0.540271 -0.052461
v 0.028434 0.733644 -0.101927
v 0.190388 0.714621 -0.025068
v 0.040250 0.704749 -0.084040
v 0.001069 0.589119 -0.083116
v 0.145840 0.572299 -0.023256
v -0.151608 0.590554 -0.029958
v -0.143079 0.716772 -0.065168
v -0.132873 0.706174 -0.062653
v 0.074139 0.728689 -0.096623
v -0.114268 0.596897 -0.079613
v 0.037272 0.721762 -0.088710
v -0.092660 0.629244 -0.083526
v -0.104139 0.638369 -0.074719
v 0.159150 0.616667 -0.019740
v 0.140195 0.640386 -0.071070
v -0.072786 0.685377 -0.089987
v 0.050621 0.709918 -0.077406
v 0.067586 0.599406 -0.098179
v 0.079513 0.598887 -0.090158
v 0.077430 0.589959 -0.092483
v 0.148958 0.541669 -0.047108
v -0.152236 0.627807 -0.054543
v -0.013472 0.680923 -0.102794
v -0.002916 0.686717 -0.095026
v -0.139467 0.526925 0.006159
v -0.112175 0.625654 -0.080460
v 0.130500 0.672687 -0.085117
v 0.051295 0.718500 -0.104362
v 0.145697 0.530488 -0.046829
v -0.069189 0.637621 -0.174955
v 0.035144 0.590960 -0.135948
v 0.102504 0.631519 -0.094328
v 0.095026 0.633681 -0.089803
v -0.164018 0.705863 -0.019675
v -0.066914 0.708286 -0.074031
v 0.021438 0.669522 -0.137113
v -0.083640 0.644105 -0.144272
v 0.099583 0.630116 -0.085659
v 0.059572 0.618648 -0.143438
v -0.142719 0.572594 -0.042994
v -0.108870 0.709324 -0.080640
v 0.000866 0.590333 -0.095743
v 0.175563 0.721667 -0.021515
v -0.134971 0.600735 -0.050603
v -0.146870 0.603434 -0.037874
v -0.145079 0.612190 -0.046997
v 0.045700 0.633486 -0.121130
v -0.002553 0.705558 -0.079192
v 0.159515 0.698769 -0.065219
v 0.019322 0.722449 -0.074179
v 0.138575 0.643999 -0.057993
v 0.115405 0.581619 -0.077819
v -0.161212 0.632916 -0.010574
v -0.149715 0.622350 -0.033923
v -0.143938 0.589429 -0.007429
v -0.036545 0.639635 -0.084138
v -0.023711 0.634420 -0.086100
v -0.029285 0.624902 -0.091299
v 0.073995 0.615579 -0.127467
v 0.090009 0.585297 -0.078729
v 0.019938 0.699238 -0.087797
v 0.099498 0.710191 -0.088268
v 0.082446 0.676578 -0.098566
v -0.098249 0.671470 -0.079592
v -0.101847 0.732457 -0.071276
v 0.099671 0.722951 -0.100026
v -0.014104 0.681114 -0.177427
v -0.001512 0.685969 -0.107345
v -0.027185 0.694279 -0.156600
v -0.179872 0.700807 0.001161
v 0.128555 0.591002 -0.070958
v 0.106056 0.643433 -0.081782
v -0.014039 0.695151 -0.166184
v 0.005654 0.723641 -0.133495
v -0.168228 0.699425 -0.003409
v -0.046790 0.673646 -0.150360
v -0.018642 0.647156 -0.196377
v 0.155619 0.730225 -0.045867
v 0.164873 0.727093 -0.033263
v 0.164493 0.737700 -0.043629
v -0.120421 0.601865 -0.072612
v 0.008587 0.608130 -0.173520
v -0.092359 0.606765 -0.069191
v -0.105724 0.603714 -0.078311
v -0.102270 0.609521 -0.075561
v -0.152083 0.511518 -0.008054
v -0.012443 0.685361 -0.083544
v -0.163362 0.677206 -0.035203
v -0.150548 0.645499 -0.003667
v 0.126746 0.706419 -0.080498
v -0.110044 0.640931 -0.078247
v -0.125939 0.734893 -0.067989
v -0.084120 0.633166 -0.080186
v 0.151994 0.586773 -0.041231
v -0.138722 0.605181 -0.051720
v 0.002653 0.660685 -0.183808
v -0.001750 0.762217 -0.069516
v 0.141582 0.639089 -0.054399
v 0.002460 0.730201 -0.083586
v -0.102769 0.683769 -0.080089
v -0.011685 0.672622 -0.097464
v 0.119835 0.575456 -0.070065
v 0.110831 0.583835 -0.074156
v 0.078854 0.656342 -0.099305
v -0.116877 0.593708 -0.074363
v 0.048484 0.666771 -0.099871
v 0.009889 0.711706 -0.087582
v -0.091314 0.612135 -0.135908
v 0.135248 0.584446 -0.047772
v -0.098414 0.644865 -0.085745
v 0.157256 0.682970 -0.057671
v 0.007646 0.757539 -0.074839
v 0.109574 0.708029 -0.097965
v -0.058687 0.624487 -0.082808
v -0.075400 0.627282 -0.085674
v 0.145270 0.628552 -0.046099
v -0.115053 0.737720 -0.076505
v -0.102457 0.737526 -0.076561
v -0.146320 0.617697 -0.057042
v 0.061726 0.668886 -0.095193
v -0.137935 0.653469 -0.062087
v -0.164062 0.693297 0.000216
v 0.065041 0.712956 -0.074800
v 0.136732 0.650266 -0.067216
v 0.026817 0.598691 -0.146846
v -0.020946 0.696372 -0.079425
v -0.029771 0.714968 -0.076097
v 0.065609 0.619894 -0.124203
v -0.099062 0.702178 -0.087644
v 0.116827 0.652373 -0.081843
v -0.136428 0.529739 0.021932
v 0.138823 0.627264 -0.070329
v 0.027957 0.684432 -0.130261
v 0.022168 0.691596 -0.125980
v -0.172154 0.668345 -0.026628
v 0.057988 0.692089 -0.094707
v 0.137241 0.527227 -0.002145
v 0.085100 0.690473 -0.088076
v -0.089826 0.633209 -0.109162
v -0.069836 0.655788 -0.164722
v -0.018558 0.709538 -0.081687
v -0.016454 0.725286 -0.079755
v -0.064047 0.652556 -0.171077
v -0.158886 0.565689 -0.000071
v -0.054416 0.680089 -0.100457
v -0.141008 0.582914 -0.042240
v 0.010462 0.615824 -0.188902
v -0.145998 0.614830 -0.044528
v 0.137213 0.730477 -0.066198
v 0.144364 0.734002 -0.055785
v -0.132811 0.561361 -0.050282
v 0.142754 0.611268 -0.057300
v 0.017023 0.647504 -0.176792
v 0.081010 0.637902 -0.082325
v 0.164469 0.607959 -0.009218
v 0.048616 0.598439 -0.130332
v 0.031320 0.688673 -0.080793
v 0.166236 0.615182 -0.019699
v -0.083923 0.711238 -0.075698
v 0.172770 0.721776 -0.013609
v -0.165239 0.696150 -0.018307
v -0.079898 0.658259 -0.091612
v -0.126207 0.634602 -0.065082
v -0.136731 0.639590 -0.053752
v -0.138952 0.641484 -0.070117
v -0.027991 0.667981 -0.099362
v 0.137014 0.659322 -0.068062
v 0.142394 0.664621 -0.079559
v 0.149285 0.653698 -0.073013
v -0.176558 0.702803 -0.018625
v -0.173852 0.709574 -0.023691
v 0.045936 0.656702 -0.108753
v 0.163659 0.609387 -0.030489
v 0.148321 0.614216 -0.030479
v -0.048238 0.648104 -0.198241
v -0.043430 0.660448 -0.187089
v -0.123112 0.643162 -0.077498
v -0.176938 0.692775 0.007288
v -0.159141 0.628453 0.013002
v -0.145714 0.621848 -0.070056
v -0.149765 0.698064 -0.044502
v -0.141974 0.701811 -0.054013
v 0.161127 0.631771 -0.028108
v -0.120859 0.628557 -0.080072
v -0.074595 0.701140 -0.086227
v -0.055467 0.644646 -0.192465
v -0.129793 0.609499 -0.058888
v 0.029860 0.748206 -0.076744
v -0.140728 0.512579 0.024973
v -0.168008 0.701511 -0.025620
v 0.147960 0.620279 -0.041207
v 0.158974 0.626994 -0.039613
v -0.126959 0.733049 -0.068788
v -0.130785 0.729765 -0.057666
v -0.088472 0.696286 -0.087152
v -0.020997 0.751496 -0.076450
v -0.159209 0.711407 -0.049921
v -0.130619 0.705859 -0.072944
v -0.147388 0.718008 -0.055322
v -0.125597 0.717700 -0.070073
v -0.136370 0.712080 -0.059659
v 0.033978 0.736485 -0.066783
v 0.061098 0.687206 -0.087890
v -0.150282 0.693015 -0.061278
v 0.054749 0.578220 -0.115597
v -0.158309 0.620002 0.016269
v 0.171096 0.646689 -0.022100
v 0.008281 0.701026 -0.078308
v -0.000997 0.722476 -0.081427
v -0.086549 0.641657 -0.155215
v 0.047987 0.700724 -0.084584
v -0.007107 0.730089 -0.076414
v 0.005058 0.723819 -0.077266
v 0.008465 0.727746 -0.067312
v -0.042318 0.738477 -0.076901
v -0.052165 0.737359 -0.080493
v -0.052812 0.736960 -0.064495
v 0.046694 0.583739 -0.122141
v -0.094413 0.713393 -0.086147
v 0.078821 0.690972 -0.107053
v 0.023136 0.659863 -0.122073
v -0.167271 0.692203 0.005274
v -0.170589 0.684061 -0.009292
v 0.090891 0.566629 -0.089236
v -0.154846 0.622231 -0.045961
v -0.152411 0.603992 -0.029401
v -0.157985 0.601466 -0.017510
v -0.164458 0.601596 -0.032147
v -0.073705 0.722647 -0.079561
v -0.152078 0.543206 -0.048113
v 0.001456 0.680060 -0.093159
v 0.019706 0.681077 -0.092010
v -0.167981 0.665699 -0.046613
v 0.152220 0.565782 0.002534
v -0.160089 0.682908 -0.011509
v -0.161211 0.668633 -0.014958
v 0.123490 0.730172 -0.090910
v 0.139053 0.549319 -0.059669
v -0.159852 0.674562 -0.050718
v 0.065330 0.611147 -0.133281
v -0.144728 0.681839 -0.046473
v -0.178934 0.661553 -0.010307
v 0.058303 0.592343 -0.117606
v 0.148550 0.570067 -0.007801
v -0.144000 0.610416 -0.063494
v -0.147499 0.528453 -0.035324
v 0.031439 0.652118 -0.116388
v -0.153023 0.606558 -0.027795
v -0.123392 0.572784 -0.086580
v -0.013015 0.715692 -0.079787
v -0.013277 0.625716 -0.093581
v 0.172642 0.736289 -0.040633
v -0.069263 0.637123 -0.082074
v 0.007923 0.683417 -0.086801
v -0.003253 0.670316 -0.181355
v 0.028265 0.671739 -0.126360
v 0.020307 0.657717 -0.130448
v -0.149903 0.695622 -0.049164
v -0.145405 0.561673 0.018810
v 0.084266 0.663379 -0.091964
v -0.158528 0.538738 -0.044504
v 0.038147 0.710459 -0.074667
v -0.146934 0.592307 0.008409
v 0.128823 0.658856 -0.062596
v 0.133042 0.669505 -0.067874
v 0.140109 0.656836 -0.066094
v -0.083869 0.647853 -0.086278
v 0.058216 0.613441 -0.097420
v -0.154515 0.663579 -0.067205
v -0.073025 0.718968 -0.084429
v 0.022770 0.677108 -0.142736
v 0.042602 0.672450 -0.096689
v 0.117078 0.616750 -0.070638
v 0.111541 0.604181 -0.073543
v 0.143932 0.525930 -0.027186
v 0.146574 0.727810 -0.077968
v 0.143532 0.723981 -0.085842
v -0.159524 0.648032 -0.002980
v -0.072536 0.645652 -0.100403
v -0.069068 0.658645 -0.106157
v 0.132676 0.680428 -0.082701
v -0.169662 0.679119 -0.014450
v 0.108456 0.552382 -0.075797
v 0.098544 0.725864 -0.084450
v -0.138629 0.684187 -0.079215
v -0.142264 0.627522 -0.040615
v -0.148918 0.635246 -0.029734
v -0.153117 0.655708 -0.022057
v -0.142565 0.615985 -0.048314
v 0.156933 0.616634 -0.052605
v 0.108073 0.622799 -0.079897
v 0.059843 0.673247 -0.087755
v 0.150347 0.633372 -0.045663
v 0.149931 0.642094 -0.047801
v 0.157276 0.594799 -0.028068
v 0.039267 0.724182 -0.080816
v -0.053001 0.731805 -0.074246
v -0.059968 0.648125 -0.092435
v -0.058359 0.646999 -0.081930
v -0.139653 0.593794 -0.060682
v -0.172322 0.659792 -0.037034
v 0.177402 0.710173 -0.029197
v 0.181333 0.708432 -0.014031
v -0.138843 0.622155 -0.051479
v -0.055182 0.661743 -0.162279
v -0.057427 0.662721 -0.175026
v -0.157315 0.589984 -0.018268
v 0.139628 0.623620 -0.062009
v 0.125081 0.626295 -0.069169
v -0.052029 0.675083 -0.142185
v -0.151795 0.551188 -0.012746
v -0.152517 0.649114 -0.011138
v 0.149245 0.531884 -0.016872
v 0.008600 0.652032 -0.093568
v 0.016168 0.614379 -0.179665
v 0.022134 0.613097 -0.169604
v -0.005909 0.636078 -0.193542
v -0.160761 0.609448 -0.040981
v -0.148202 0.607227 -0.048921
v -0.149085 0.583563 -0.027697
v -0.001445 0.620170 -0.194853
v -0.002977 0.608123 -0.192220
v -0.133715 0.723891 -0.067623
v -0.140369 0.733787 -0.061200
v 0.169954 0.716952 -0.025611
v -0.073466 0.672813 -0.094743
v -0.165352 0.709234 -0.029756
v 0.160343 0.597393 -0.025764
v -0.145040 0.721094 -0.052686
v -0.150776 0.595048 -0.015980
v 0.130702 0.655532 -0.084137
v -0.172020 0.657463 0.008697
v -0.160682 0.602760 0.005357
v -0.153932 0.611413 -0.001341
v -0.148218 0.611675 0.006663
v 0.082527 0.691885 -0.081911
v -0.146550 0.587119 0.010493
v 0.059633 0.638968 -0.091197
v 0.060898 0.627876 -0.091814
v 0.144225 0.536512 0.002628
v 0.119817 0.609578 -0.080192
v -0.132124 0.645656 -0.072172
v 0.136726 0.733907 -0.070998
v 0.141989 0.629532 -0.051068
v -0.044274 0.714918 -0.081587
v 0.016147 0.723515 -0.064777
v 0.032395 0.722824 -0.065577
v 0.052416 0.714017 -0.080797
v -0.176494 0.709173 -0.031906
v 0.156754 0.625898 -0.013120
v -0.059136 0.666938 -0.114628
v -0.151022 0.575734 -0.021733
v -0.145681 0.584557 -0.017927
v -0.151707 0.575623 -0.010444
v -0.051050 0.599864 -0.080037
v -0.037522 0.597649 -0.083531
v -0.001897 0.748252 -0.062292
v 0.009835 0.738707 -0.062811
v 0.008289 0.754523 -0.064306
v -0.078749 0.642087 -0.074450
v -0.095148 0.636962 -0.074956
v -0.088773 0.647174 -0.072287
v -0.000448 0.709491 -0.148337
v 0.072712 0.586347 -0.075470
v 0.185961 0.689484 -0.013077
v -0.123487 0.583079 -0.062543
v -0.150297 0.631297 -0.029001
v -0.144264 0.627597 -0.044167
v -0.151110 0.636041 -0.039677
v -0.073423 0.682701 -0.099917
v 0.161420 0.652152 -0.034891
v 0.164261 0.635710 -0.038225
v -0.002875 0.714201 -0.084195
v -0.084288 0.652848 -0.097444
v 0.131341 0.715921 -0.068819
v 0.133248 0.708436 -0.075001
v 0.124879 0.713394 -0.073266
v 0.098467 0.565183 -0.086065
v -0.131052 0.655500 -0.073919
v -0.064557 0.703269 -0.087678
v 0.082381 0.594090 -0.113050
v 0.120084 0.598580 -0.075303
v 0.112380 0.594577 -0.083814
v 0.081719 0.584626 -0.073100
v 0.107554 0.691640 -0.090291
v 0.099496 0.678621 -0.088008
v 0.114369 0.683551 -0.086629
v 0.159947 0.655196 -0.039789
v 0.156948 0.642296 -0.033975
v 0.167474 0.650173 -0.032619
v -0.137754 0.693842 -0.053594
v -0.145983 0.691816 -0.041810
v 0.143634 0.544746 -0.059515
v -0.150218 0.663961 -0.044839
v 0.138903 0.536305 -0.058943
v 0.127970 0.536456 -0.066010
v 0.041591 0.595613 -0.138564
v -0.041017 0.688759 -0.105751
v -0.029283 0.688108 -0.106072
v -0.032920 0.698148 -0.116614
v -0.149217 0.628205 -0.035948
v -0.030945 0.710569 -0.133322
v -0.035436 0.755133 -0.062882
v 0.129614 0.611443 -0.070747
v -0.141137 0.587829 -0.052432
v 0.140911 0.646510 -0.076909
v 0.116174 0.593325 -0.067956
v 0.136886 0.682790 -0.073079
v 0.083415 0.732465 -0.076257
v -0.131635 0.584066 -0.044462
v 0.016256 0.728565 -0.079243
v 0.105371 0.576539 -0.090949
v 0.050106 0.628234 -0.146850
v -0.004203 0.647007 -0.192034
v -0.126511 0.619709 -0.067355
v -0.156990 0.696428 -0.028971
v -0.103843 0.662257 -0.089285
v -0.014691 0.713523 -0.140658
v -0.006237 0.695975 -0.113810
v -0.022248 0.697594 -0.117595
v 0.159144 0.611164 -0.039449
v -0.011234 0.706562 -0.153316
v 0.092221 0.691085 -0.084414
v -0.143548 0.508098 0.011448
v 0.153744 0.527406 -0.011533
v -0.112556 0.615895 -0.089205
v -0.003841 0.688059 -0.171415
v -0.029500 0.741109 -0.070061
v -0.055087 0.664969 -0.137668
v -0.097282 0.631122 -0.145725
v 0.019218 0.629471 -0.097562
v -0.162044 0.661738 -0.028576
v 0.098298 0.643640 -0.093389
v 0.019054 0.732271 -0.080680
v 0.123567 0.559453 -0.084354
v -0.125633 0.618578 -0.070974
v 0.117794 0.648745 -0.069845
v 0.118407 0.639456 -0.073629
v 0.004389 0.693626 -0.163556
v 0.005044 0.705681 -0.154353
v 0.031879 0.638279 -0.163748
v -0.006288 0.589246 -0.079781
v 0.118759 0.725318 -0.099066
v 0.134094 0.617849 -0.064284
v 0.013432 0.588548 -0.095649
v -0.079487 0.604720 -0.077230
v -0.072364 0.608739 -0.086517
v -0.056807 0.664886 -0.097996
v -0.144415 0.593744 -0.022992
v -0.065350 0.678438 -0.102875
v 0.131231 0.599070 -0.061474
v 0.140564 0.596766 -0.064470
v -0.150820 0.552803 0.001969
v 0.144133 0.538953 -0.022102
v 0.148785 0.536515 -0.015317
v 0.145322 0.524063 -0.017066
v -0.163204 0.700079 -0.019366
v 0.105369 0.587337 -0.088968
v -0.160838 0.691425 -0.025327
v -0.170603 0.675395 -0.041323
v -0.130868 0.594140 -0.063398
v -0.062831 0.637888 -0.085216
v 0.154107 0.657093 -0.042679
v -0.004552 0.700302 -0.160790
v 0.092206 0.643321 -0.086059
v -0.068726 0.615472 -0.178739
v 0.013464 0.615077 -0.092633
v 0.002330 0.603846 -0.091127
v 0.014341 0.602815 -0.093861
v -0.132832 0.584249 -0.065824
v -0.129358 0.571391 -0.056632
v -0.124960 0.580239 -0.062640
v -0.080191 0.665928 -0.079278
v 0.013862 0.640752 -0.093295
v 0.026307 0.643097 -0.098153
v 0.052968 0.607344 -0.078765
v -0.150215 0.655943 -0.038132
v -0.040228 0.630177 -0.088784
v 0.060535 0.593200 -0.076090
v -0.015374 0.706337 -0.087216
v 0.094572 0.559708 -0.091758
v -0.121251 0.665115 -0.075885
v -0.076734 0.701759 -0.078148
v 0.096166 0.655322 -0.091927
v -0.145205 0.652815 -0.066016
v -0.139369 0.656744 -0.070919
v 0.141796 0.596784 -0.051147
v -0.132341 0.569232 -0.055462
v -0.145868 0.577352 -0.057139
v 0.022255 0.618425 -0.097663
v 0.035020 0.619960 -0.093859
v 0.025337 0.607793 -0.090434
v -0.122874 0.646380 -0.084865
v -0.026026 0.615102 -0.199506
v 0.113394 0.568358 -0.068901
v -0.057343 0.661552 -0.150247
v -0.120864 0.732412 -0.074060
v -0.064195 0.617337 -0.088998
v 0.006589 0.699547 -0.131632
v 0.008047 0.700770 -0.143430
v 0.114747 0.665581 -0.076500
v 0.142527 0.681496 -0.071028
v 0.150381 0.690459 -0.067892
v -0.115527 0.615093 -0.074480
v -0.071699 0.628556 -0.181295
v -0.089266 0.598994 -0.071586
v 0.086839 0.654881 -0.098230
v -0.172687 0.683488 0.004153
v 0.120236 0.659428 -0.081349
v 0.150950 0.573060 -0.011662
v 0.177838 0.674567 -0.023118
v -0.169022 0.681543 -0.020920
v -0.082141 0.691007 -0.083841
v -0.158438 0.691822 0.007657
v -0.139515 0.545801 0.008879
v 0.101575 0.579093 -0.081647
v 0.093633 0.580813 -0.076686
v -0.153189 0.616281 -0.017515
v 0.162932 0.694636 -0.059030
v -0.060978 0.670713 -0.081299
v 0.074232 0.687464 -0.096499
v 0.083585 0.678386 -0.088709
v 0.070414 0.679624 -0.085196
v 0.151643 0.590300 -0.007779
v 0.090706 0.617894 -0.087903
v 0.074696 0.617850 -0.082173
v 0.086696 0.611985 -0.079202
v 0.066261 0.609272 -0.113566
v 0.038157 0.737192 -0.084442
v 0.152953 0.712080 -0.080341
v -0.068292 0.652425 -0.089782
v 0.062415 0.650966 -0.101365
v 0.062624 0.697307 -0.105814
v -0.172874 0.707456 -0.012007
v 0.142667 0.593437 -0.039901
v -0.095019 0.599541 -0.078181
v 0.156920 0.651369 -0.043101
v 0.070631 0.604828 -0.088763
v 0.069548 0.613292 -0.089363
v -0.121262 0.617557 -0.073988
v -0.133758 0.724240 -0.063288
v 0.149706 0.683935 -0.070137
v 0.008045 0.698041 -0.114989
v -0.078916 0.637170 -0.116879
v 0.101430 0.592057 -0.081216
v 0.166480 0.729249 -0.054053
v 0.166694 0.724215 -0.063498
v 0.153047 0.725122 -0.062579
v 0.139576 0.711173 -0.088567
v 0.145234 0.704258 -0.085659
v -0.081719 0.648536 -0.080714
v -0.062875 0.723808 -0.079536
v -0.058731 0.734986 -0.069710
v -0.067549 0.736160 -0.072003
v -0.110801 0.634419 -0.082985
v -0.152701 0.623128 0.001912
v -0.160339 0.625700 0.003717
v -0.164546 0.619416 -0.001431
v -0.153984 0.626459 -0.009807
v 0.118024 0.660938 -0.089480
v 0.023518 0.652307 -0.097945
v 0.009076 0.715539 -0.079454
v 0.011035 0.725005 -0.075805
v -0.160813 0.683232 -0.033798
v 0.174469 0.660741 -0.023730
v 0.181957 0.668595 -0.012185
v 0.007884 0.594137 -0.097398
v 0.090839 0.673288 -0.098923
v -0.148240 0.518559 0.011260
v 0.148840 0.541041 -0.010323
v 0.137779 0.538493 -0.005127
v 0.095907 0.618757 -0.077488
v -0.121161 0.590857 -0.102438
v 0.047677 0.744890 -0.067036
v -0.144828 0.558524 0.007981
v 0.016330 0.661274 -0.173436
v -0.082182 0.632404 -0.095838
v -0.085764 0.681476 -0.094405
v 0.148934 0.553430 -0.033760
v -0.046379 0.665927 -0.085761
v -0.153478 0.605759 -0.016623
v -0.162127 0.605975 -0.014308
v -0.166990 0.601660 -0.019874
v 0.099348 0.586721 -0.081525
v 0.095657 0.596552 -0.085080
v 0.081481 0.670654 -0.086766
v 0.117156 0.682070 -0.087132
v 0.082262 0.615090 -0.084899
v 0.060313 0.694434 -0.091859
v 0.077629 0.599346 -0.075377
v -0.159197 0.683906 -0.020375
v -0.148768 0.647097 -0.054518
v 0.086585 0.658902 -0.094596
v 0.076471 0.657630 -0.098863
v 0.074281 0.667330 -0.090711
v 0.027698 0.647360 -0.126809
v -0.092277 0.666717 -0.084836
v 0.162371 0.640190 -0.044859
v 0.156714 0.646413 -0.045103
v -0.153944 0.688112 -0.035830
v -0.032614 0.677749 -0.091692
v 0.070237 0.671471 -0.088397
v 0.120024 0.628587 -0.088823
v -0.073310 0.650173 -0.148860
v -0.068564 0.649896 -0.139273
v -0.066824 0.659104 -0.150902
v 0.137260 0.660641 -0.084646
v 0.166184 0.717622 -0.040931
v 0.140208 0.603796 -0.057778
v 0.042356 0.633516 -0.097885
v 0.037252 0.643546 -0.096963
v 0.052074 0.637874 -0.097188
v 0.002033 0.680597 -0.172504
v 0.010557 0.671395 -0.174898
v 0.023463 0.584617 -0.086146
v -0.158979 0.632963 -0.002926
v -0.027647 0.599521 -0.083791
v -0.066970 0.692379 -0.080313
v 0.112429 0.634712 -0.075630
v -0.143062 0.668054 -0.059479
v -0.140307 0.672374 -0.073246
v -0.131097 0.586309 -0.093130
v -0.072692 0.696522 -0.084452
v 0.026280 0.699201 -0.099158
v -0.077686 0.673618 -0.107112
v -0.063302 0.689494 -0.117077
v -0.033569 0.707823 -0.122383
v -0.054428 0.666604 -0.128311
v -0.075283 0.682820 -0.109676
v -0.053341 0.690883 -0.109779
v -0.053883 0.697819 -0.114283
v -0.066710 0.679959 -0.116184
v -0.039548 0.703461 -0.134799
v -0.057824 0.679556 -0.123297
v -0.020189 0.716047 -0.129981
v -0.050395 0.677248 -0.131588
v -0.068838 0.639880 -0.106312
v -0.028180 0.626075 -0.201632
v 0.109373 0.650905 -0.081876
v 0.001877 0.663366 -0.093532
v 0.109155 0.555713 -0.089603
v 0.010486 0.695751 -0.155794
v 0.158599 0.618670 -0.006677
v 0.024233 0.721210 -0.080955
v -0.159043 0.606613 -0.023727
v 0.091811 0.704591 -0.083972
v 0.096904 0.693712 -0.083886
v 0.143905 0.658165 -0.063752
v -0.152795 0.514287 -0.015778
v -0.165381 0.687965 -0.043196
v -0.159739 0.699015 -0.038606
v -0.087157 0.717741 -0.078742
v 0.011049 0.684938 -0.166014
v 0.017176 0.687694 -0.156917
v 0.015291 0.673525 -0.163242
v 0.008493 0.754688 -0.082319
v 0.022272 0.760822 -0.077723
v -0.128439 0.605457 -0.077192
v 0.186454 0.722719 -0.013481
v 0.164492 0.692526 -0.014592
v -0.049459 0.688281 -0.094472
v 0.008581 0.653065 -0.182961
v 0.150136 0.652974 -0.056765
v 0.113273 0.702450 -0.078354
v -0.152283 0.598658 -0.030213
v -0.139459 0.634248 -0.078494
v 0.151166 0.554370 -0.026874
v 0.155459 0.561325 -0.024493
v -0.165539 0.715891 -0.029199
v -0.107464 0.611518 -0.130348
v -0.155246 0.574221 0.015644
v -0.062805 0.744029 -0.067222
v -0.132602 0.593624 -0.055509
v 0.020925 0.649196 -0.163807
v -0.073019 0.642162 -0.083546
v 0.070635 0.578462 -0.110467
v 0.140127 0.615338 -0.050317
v 0.151968 0.536241 -0.000844
v -0.105011 0.649513 -0.069782
v 0.131599 0.649683 -0.078805
v 0.045093 0.673402 -0.089155
v 0.130166 0.588353 -0.061929
v 0.151636 0.695726 -0.060001
v 0.033519 0.619806 -0.160455
v 0.034893 0.612013 -0.152163
v 0.046178 0.619584 -0.151756
v -0.052307 0.657434 -0.185275
v 0.136001 0.553948 -0.058231
v 0.155189 0.627995 -0.045775
v -0.039362 0.744295 -0.059395
v 0.164681 0.663356 -0.034571
v 0.159642 0.661443 -0.018781
v -0.013834 0.658809 -0.084121
v -0.023177 0.659016 -0.082500
v -0.019399 0.645331 -0.088378
v -0.013220 0.693216 -0.093238
v 0.044702 0.630705 -0.113918
v -0.103655 0.618093 -0.136866
v -0.097285 0.622529 -0.133537
v 0.020229 0.691336 -0.081806
v -0.112835 0.729253 -0.067941
v 0.021205 0.715314 -0.109555
v -0.141574 0.597882 -0.040199
v 0.061436 0.639111 -0.088718
v 0.116312 0.651352 -0.077250
v -0.009169 0.735202 -0.079578
v -0.112751 0.697265 -0.078842
v 0.051652 0.628021 -0.121480
v 0.047978 0.621659 -0.107049
v 0.089910 0.644108 -0.100416
v 0.070505 0.640200 -0.080634
v 0.158134 0.602171 -0.044549
v -0.083448 0.657819 -0.072105
v -0.064050 0.596998 -0.069581
v -0.076362 0.598898 -0.068252
v -0.155893 0.648129 0.010544
v 0.093063 0.690410 -0.098230
v -0.141271 0.683461 -0.053961
v -0.171083 0.657665 -0.005731
v -0.007572 0.736981 -0.058847
v 0.059928 0.583919 -0.114249
v 0.143905 0.638853 -0.064234
v 0.019052 0.652067 -0.139872
v 0.079588 0.739368 -0.075679
v -0.080060 0.617755 -0.087184
v -0.159238 0.671964 -0.025545
v -0.124267 0.596887 -0.076003
v 0.173518 0.698886 -0.014255
v -0.154870 0.649264 -0.037893
v -0.159252 0.618821 0.010735
v -0.157112 0.636067 -0.015198
v 0.148808 0.696857 -0.078157
v 0.005759 0.666870 -0.179789
v -0.127824 0.710503 -0.075828
v -0.129752 0.699887 -0.066153
v -0.040389 0.650174 -0.196950
v -0.026788 0.707936 -0.077983
v -0.057149 0.729077 -0.076872
v -0.134570 0.704933 -0.061205
v -0.137764 0.685107 -0.063733
v -0.131877 0.691056 -0.063413
v -0.134522 0.697166 -0.071850
v 0.105595 0.695059 -0.095035
v 0.027150 0.714307 -0.071327
v -0.123543 0.702590 -0.072020
v -0.124412 0.602732 -0.101857
v 0.065249 0.694621 -0.092835
v 0.147675 0.694807 -0.071374
v 0.166903 0.626618 -0.016027
v 0.033361 0.622452 -0.170232
v 0.052109 0.580912 -0.072606
v -0.012286 0.711901 -0.086270
v -0.001470 0.711758 -0.089052
v 0.046778 0.728954 -0.101170
v 0.122658 0.717629 -0.096383
v 0.134130 0.721534 -0.095152
v -0.154618 0.615629 -0.036572
v 0.011283 0.715527 -0.078476
v -0.114734 0.611570 -0.078370
v 0.099138 0.682635 -0.091550
v 0.032634 0.675895 -0.113684
v 0.106398 0.601691 -0.083909
v 0.074011 0.700774 -0.107832
v 0.084645 0.752682 -0.089056
v -0.151686 0.589886 -0.008086
v 0.167492 0.733915 -0.035422
v 0.144876 0.547667 -0.011829
v 0.162763 0.568884 -0.028857
v 0.159418 0.684845 -0.025235
v 0.165581 0.698179 -0.029166
v 0.082125 0.648968 -0.087170
v 0.090860 0.650877 -0.099701
v -0.049310 0.747144 -0.060911
v -0.160646 0.686125 -0.049550
v -0.047713 0.604998 -0.091570
v -0.082909 0.705673 -0.088969
v -0.068600 0.706442 -0.088801
v 0.150823 0.583975 -0.027883
v -0.147837 0.584014 -0.017671
v -0.143263 0.550856 -0.052171
v -0.145404 0.584774 -0.073687
v -0.023202 0.700259 -0.159800
v -0.156689 0.526024 -0.016878
v 0.058522 0.698204 -0.085957
v 0.083084 0.696941 -0.084115
v -0.017214 0.758164 -0.069902
v -0.136479 0.716275 -0.069278
v 0.132765 0.564479 -0.072945
v -0.053720 0.743363 -0.071765
v -0.046877 0.683862 -0.131384
v -0.052278 0.697776 -0.127201
v -0.044705 0.694686 -0.134503
v -0.044529 0.705834 -0.124524
v 0.163452 0.709791 -0.063242
v 0.169648 0.698856 -0.054165
v 0.152467 0.662543 -0.021220
v -0.164159 0.655761 0.008356
v -0.092420 0.634047 -0.134294
v -0.099041 0.654707 -0.070603
v 0.028361 0.644707 -0.138929
v 0.158305 0.592289 -0.026070
v -0.066783 0.688886 -0.106445
v -0.044498 0.744489 -0.068363
v -0.148941 0.557785 -0.056336
v -0.032037 0.722607 -0.076568
v -0.093972 0.653698 -0.080050
v 0.105279 0.562509 -0.083426
v 0.059098 0.663398 -0.099577
v 0.178226 0.725791 -0.033424
v 0.181651 0.721067 -0.035886
v 0.127844 0.635255 -0.069547
v -0.009676 0.718181 -0.126122
v -0.112539 0.658993 -0.070110
v -0.105869 0.664236 -0.072161
v -0.066739 0.668681 -0.114781
v -0.048316 0.646568 -0.087875
v 0.136753 0.590863 -0.052035
v 0.117162 0.690688 -0.084007
v 0.126916 0.693759 -0.078400
v 0.129351 0.683074 -0.078781
v 0.041130 0.629370 -0.160014
v 0.089597 0.599644 -0.077915
v 0.017385 0.706647 -0.089156
v 0.125715 0.547602 -0.077666
v 0.130025 0.556199 -0.065720
v -0.077787 0.674286 -0.096386
v -0.111942 0.595495 -0.079213
v -0.082488 0.601430 -0.126802
v -0.086295 0.696974 -0.087966
v 0.161383 0.580103 -0.004487
v 0.002991 0.704777 -0.087630
v -0.101173 0.649669 -0.083303
v -0.069281 0.662480 -0.079201
v -0.176451 0.686899 -0.005017
v -0.070135 0.738972 -0.072287
v -0.073648 0.747384 -0.074685
v 0.070996 0.687422 -0.100530
v -0.153190 0.580003 -0.004263
v 0.164461 0.599885 -0.031369
v 0.054827 0.621262 -0.119350
v -0.004862 0.715651 -0.135248
v -0.153234 0.609065 -0.054416
v -0.076751 0.660695 -0.106477
v -0.060225 0.656302 -0.128926
v -0.061768 0.653547 -0.116212
v 0.162510 0.668431 -0.047261
v 0.164280 0.659291 -0.044102
v -0.026594 0.735361 -0.074991
v 0.089336 0.681222 -0.082977
v -0.051364 0.709872 -0.083560
v -0.156748 0.649107 -0.011570
v -0.073703 0.730096 -0.073809
v -0.084543 0.735031 -0.073546
v -0.081404 0.727702 -0.076048
v 0.015410 0.683237 -0.085975
v 0.005293 0.712011 -0.121808
v 0.062608 0.701734 -0.074401
v 0.035571 0.655624 -0.098135
v 0.083104 0.711697 -0.084534
v -0.111546 0.652382 -0.081704
v 0.087604 0.595174 -0.099038
v -0.123349 0.653082 -0.068035
v -0.118126 0.645341 -0.072560
v -0.132039 0.582886 -0.052456
v -0.154186 0.567328 -0.059266
v 0.138569 0.689373 -0.079057
v -0.106783 0.716699 -0.078130
v 0.055611 0.672367 -0.101125
v -0.121549 0.693074 -0.075267
v -0.116323 0.706266 -0.078605
v -0.092961 0.650214 -0.084832
v 0.124505 0.660386 -0.074314
v -0.135201 0.599382 -0.063415
v -0.143653 0.594762 0.003789
v -0.113110 0.713888 -0.070763
v -0.115708 0.718901 -0.076187
v -0.122380 0.704793 -0.076347
v -0.095097 0.708348 -0.074243
v -0.112208 0.726723 -0.080972
v -0.136945 0.532417 0.014710
v 0.021424 0.738979 -0.072694
v 0.115285 0.639430 -0.076461
v 0.121828 0.670632 -0.083593
v 0.132243 0.667253 -0.081380
v -0.104541 0.624739 -0.117112
v -0.135633 0.692313 -0.069093
v -0.132317 0.678551 -0.073871
v 0.094330 0.654591 -0.084170
v -0.147530 0.617168 -0.014551
v -0.014755 0.632423 -0.090259
v 0.021866 0.632141 -0.174762
v -0.109069 0.592903 -0.109889
v 0.149775 0.581052 -0.035045
v -0.054963 0.652517 -0.096587
v 0.046733 0.687003 -0.086710
v -0.103969 0.588550 -0.075378
v -0.103396 0.697106 -0.083933
v -0.154120 0.563301 -0.048874
v -0.158091 0.554120 -0.051587
v 0.109223 0.679776 -0.084309
v 0.110564 0.675065 -0.083786
v 0.104842 0.616359 -0.086030
v -0.047958 0.665071 -0.162229
v -0.048335 0.669757 -0.175473
v -0.042622 0.668232 -0.181024
v -0.036052 0.679477 -0.172896
v 0.141657 0.526017 -0.002731
v 0.139946 0.529869 0.006696
v -0.131193 0.618871 -0.075819
v -0.044938 0.699538 -0.083578
v -0.041799 0.711520 -0.074759
v -0.121565 0.713735 -0.074680
v -0.146771 0.678378 -0.053783
v -0.068423 0.629758 -0.079837
v -0.082511 0.740404 -0.071072
v -0.081030 0.733397 -0.075307
v -0.086495 0.727564 -0.075066
v -0.080716 0.738326 -0.079217
v -0.092947 0.743466 -0.074346
v 0.038820 0.633378 -0.142501
v -0.096391 0.655276 -0.098773
v -0.099939 0.662097 -0.097828
v 0.089907 0.682965 -0.095144
v 0.159528 0.731317 -0.053720
v -0.120125 0.672958 -0.085499
v -0.108671 0.677545 -0.093587
v -0.106263 0.671615 -0.087784
v 0.048066 0.611149 -0.073918
v 0.121656 0.670322 -0.097517
v 0.113140 0.678464 -0.095600
v 0.090376 0.667456 -0.087173
v -0.144740 0.645392 -0.068876
v -0.079721 0.661510 -0.082409
v -0.069686 0.657803 -0.084821
v -0.169263 0.686944 -0.024186
v -0.122781 0.635252 -0.071540
v -0.138852 0.589990 -0.044656
v -0.154833 0.662411 -0.001560
v 0.067953 0.746987 -0.075400
v -0.088938 0.636076 -0.082353
v -0.085283 0.626756 -0.075191
v 0.129590 0.641658 -0.064946
v 0.023110 0.647210 -0.172170
v -0.150058 0.604411 -0.010544
v 0.052689 0.662103 -0.109176
v -0.091553 0.624835 -0.080551
v -0.134582 0.633748 -0.070602
v -0.135002 0.625214 -0.065589
v -0.141637 0.637903 -0.063305
v -0.155382 0.575405 -0.011683
v -0.071632 0.637680 -0.076558
v -0.070952 0.647174 -0.081018
v -0.094671 0.638062 -0.093323
v -0.007007 0.696335 -0.076557
v 0.009335 0.583718 -0.082686
v 0.069757 0.645592 -0.093128
v 0.081574 0.637566 -0.087683
v 0.022865 0.623720 -0.181308
v -0.061949 0.683119 -0.100232
v 0.047637 0.609987 -0.138158
v -0.155614 0.567123 -0.006625
v -0.152335 0.560785 -0.009725
v -0.021066 0.714607 -0.072067
v -0.018280 0.703414 -0.080819
v -0.075447 0.653094 -0.076585
v 0.152297 0.648845 -0.054181
v -0.164584 0.642179 -0.033307
v 0.013396 0.627220 -0.186248
v 0.013745 0.635245 -0.178877
v 0.003633 0.630185 -0.188610
v -0.140815 0.731633 -0.056068
v -0.004495 0.675369 -0.091487
v 0.148683 0.633809 -0.036129
v 0.157274 0.657453 -0.051805
v -0.079471 0.715733 -0.085023
v -0.137181 0.701290 -0.053923
v -0.141387 0.696456 -0.047706
v 0.068795 0.656941 -0.100333
v -0.086660 0.619437 -0.091143
v -0.019263 0.665931 -0.095208
v -0.033307 0.656536 -0.094621
v -0.112291 0.593659 -0.068484
v 0.015201 0.705534 -0.114816
v 0.085700 0.717828 -0.089004
v -0.004344 0.669097 -0.087316
v -0.047910 0.694354 -0.085607
v -0.146874 0.605895 -0.034088
v -0.098094 0.696826 -0.081197
v -0.075162 0.650901 -0.162114
v -0.011971 0.650110 -0.193925
v -0.110017 0.687131 -0.085902
v -0.109712 0.570069 -0.091982
v -0.078273 0.646778 -0.135327
v 0.086406 0.671937 -0.086979
v 0.144988 0.657232 -0.078435
v -0.065944 0.734739 -0.077333
v 0.134852 0.581139 -0.051135
v -0.142351 0.662592 -0.068282
v -0.137650 0.665305 -0.075167
v -0.138607 0.658118 -0.066965
v 0.085844 0.664477 -0.099208
v 0.072046 0.666928 -0.103808
v -0.158634 0.618619 -0.006346
v -0.017391 0.691025 -0.107237
v 0.052534 0.615900 -0.141505
v 0.163674 0.590029 -0.005382
v -0.151061 0.583129 -0.030312
v -0.054913 0.585688 -0.070919
v 0.161171 0.665343 -0.057874
v 0.116972 0.666498 -0.070585
v -0.006585 0.703327 -0.095916
v 0.122284 0.541429 -0.064939
v 0.142489 0.581618 -0.046331
v -0.117914 0.560214 -0.078691
v 0.106579 0.683645 -0.093926
v 0.097168 0.692153 -0.085901
v -0.036677 0.696411 -0.078276
v -0.157909 0.666211 -0.060769
v -0.162226 0.656821 -0.055117
v 0.150217 0.535110 -0.032908
v 0.045718 0.659870 -0.101254
v 0.016505 0.693441 -0.131433
v -0.031564 0.662910 -0.091519
v 0.009889 0.741064 -0.079220
v -0.176675 0.695734 -0.015846
v -0.006575 0.687280 -0.088272
v 0.180596 0.692129 -0.023207
v 0.043459 0.673896 -0.103929
v 0.001943 0.730532 -0.064434
v 0.013665 0.654147 -0.177608
v -0.168766 0.647765 -0.046800
v 0.148655 0.595728 -0.035722
v 0.106215 0.724432 -0.085479
v -0.149361 0.565340 -0.018824
v -0.099476 0.595516 -0.114209
v -0.094670 0.587632 -0.110238
v 0.024607 0.644886 -0.159041
v -0.151730 0.518868 -0.028500
v -0.159204 0.550980 -0.040063
v -0.151315 0.558839 -0.039544
v 0.151770 0.548691 -0.047680
v 0.124188 0.636044 -0.070425
v -0.049434 0.619809 -0.200450
v 0.034967 0.679768 -0.100043
v 0.155907 0.626950 -0.038203
v 0.013803 0.718729 -0.115548
v 0.042300 0.665785 -0.107521
v 0.035362 0.666650 -0.117716
v 0.040203 0.675039 -0.114525
v 0.035989 0.604757 -0.081130
v 0.159379 0.676157 -0.060030
v -0.154210 0.642177 -0.059643
v 0.143506 0.573447 -0.055537
v 0.147901 0.571054 -0.046264
v 0.142747 0.579479 -0.042883
v -0.087716 0.634117 -0.155122
v -0.093977 0.629978 -0.152376
v -0.085878 0.636899 -0.144952
v -0.038144 0.711470 -0.079420
v -0.029084 0.717736 -0.078878
v 0.157487 0.617032 -0.027477
v 0.050876 0.587859 -0.126704
v -0.077867 0.669300 -0.089290
v 0.014836 0.720208 -0.121572
v 0.019487 0.727898 -0.119171
v -0.167346 0.700433 0.000544
v -0.146630 0.582648 -0.002930
v 0.049380 0.677243 -0.096090
v 0.047932 0.670456 -0.102796
v -0.153434 0.656049 -0.067626
v -0.124231 0.638034 -0.077625
v 0.051794 0.713832 -0.094538
v 0.054778 0.704303 -0.088703
v 0.063837 0.707106 -0.093028
v 0.034772 0.711597 -0.096836
v -0.089394 0.587317 -0.072211
v -0.084561 0.610660 -0.077455
v -0.134568 0.625723 -0.056304
v 0.064821 0.607058 -0.080356
v 0.142621 0.621948 -0.066869
v 0.025970 0.632680 -0.096797
v -0.106887 0.678971 -0.075839
v 0.116046 0.597952 -0.074345
v -0.044129 0.587370 -0.076108
v 0.036557 0.636824 -0.108192
v 0.140000 0.664908 -0.068173
v -0.011386 0.635630 -0.198855
v -0.161088 0.693625 -0.006204
v -0.167419 0.692030 0.001912
v -0.153529 0.624776 -0.025235
v 0.160098 0.607736 -0.010638
v -0.136585 0.704718 -0.068585
v 0.130855 0.590460 -0.061282
v 0.115392 0.551268 -0.083465
v 0.161905 0.638150 -0.024818
v -0.074181 0.607111 -0.152018
v 0.081904 0.601526 -0.114928
v -0.114212 0.626580 -0.078024
v 0.043434 0.634918 -0.132199
v 0.080089 0.695545 -0.079372
v -0.129129 0.712110 -0.060939
v 0.149818 0.735697 -0.050766
v 0.146800 0.676307 -0.064289
v -0.122104 0.579622 -0.091438
v -0.114849 0.579115 -0.096262
v -0.161061 0.651626 -0.060377
v -0.165046 0.649257 -0.053183
v -0.016393 0.734850 -0.077776
v 0.152901 0.597676 -0.010301
v 0.126417 0.599102 -0.071163
v 0.122293 0.592034 -0.072777
v -0.096290 0.668210 -0.099727
v -0.090381 0.666640 -0.104590
v -0.151249 0.612515 -0.064961
v 0.001082 0.623976 -0.092074
v 0.004285 0.636805 -0.090755
v 0.011024 0.625930 -0.089899
v -0.098019 0.726365 -0.081021
v 0.118798 0.624450 -0.082845
v 0.021338 0.725145 -0.086212
v 0.154862 0.646820 -0.046375
v -0.092994 0.608259 -0.085039
v 0.134515 0.632184 -0.061934
v 0.081231 0.728238 -0.098539
v -0.147357 0.607549 -0.045046
v -0.141054 0.608856 -0.035104
v -0.144436 0.612906 -0.039899
v 0.151176 0.605198 -0.051138
v -0.126304 0.624805 -0.074780
v 0.049553 0.684294 -0.088929
v 0.037574 0.691835 -0.092191
v 0.048564 0.696106 -0.090879
v 0.042897 0.685587 -0.096127
v -0.137304 0.629552 -0.069977
v -0.008011 0.693930 -0.092115
v 0.068562 0.675103 -0.099390
v 0.066429 0.676894 -0.085131
v -0.174844 0.669425 -0.033477
v 0.172906 0.727296 -0.008075
v 0.172595 0.725668 -0.020035
v 0.096391 0.716931 -0.088403
v 0.109349 0.717560 -0.084468
v 0.151728 0.628929 -0.051551
v 0.000749 0.703185 -0.108704
v 0.002090 0.702932 -0.097651
v 0.001463 0.697292 -0.095907
v -0.170277 0.695869 -0.022762
v 0.134558 0.644597 -0.072242
v 0.127683 0.647647 -0.072356
v 0.079087 0.751472 -0.094266
v -0.009526 0.714499 -0.087513
v -0.105410 0.619297 -0.070772
v -0.152870 0.597638 -0.025319
v -0.043819 0.723184 -0.077120
v -0.147435 0.677495 -0.063698
v 0.053753 0.618864 -0.110864
v -0.143393 0.527778 -0.000105
v 0.005122 0.703595 -0.118928
v -0.143015 0.646412 -0.066054
v -0.033815 0.699767 -0.144041
v 0.029447 0.735740 -0.077020
v 0.098388 0.651181 -0.097674
v -0.160992 0.645052 -0.019678
v -0.160592 0.650728 -0.013968
v 0.138287 0.535431 -0.046553
v 0.023719 0.683275 -0.139016
v -0.150363 0.524743 -0.002578
v -0.156089 0.618137 -0.026784
v -0.149179 0.621675 -0.039202
v -0.026065 0.676972 -0.081298
v -0.029684 0.672859 -0.081639
v -0.039686 0.678129 -0.084977
v -0.067600 0.585346 -0.069428
v -0.062723 0.708193 -0.080020
v 0.161688 0.710435 -0.054249
v 0.163553 0.705984 -0.047608
v 0.110162 0.606076 -0.083060
v -0.157287 0.618672 0.008444
v 0.150350 0.656262 -0.054785
v 0.156061 0.655594 -0.046308
v 0.121000 0.702820 -0.093554
v -0.066131 0.647876 -0.128657
v -0.097364 0.648457 -0.093871
v -0.105635 0.648659 -0.093393
v -0.164355 0.623821 -0.012006
v 0.069182 0.625862 -0.086185
v -0.033179 0.662419 -0.098922
v -0.164272 0.622689 0.014164
v -0.070723 0.625169 -0.187794
v -0.132624 0.507552 0.022841
v 0.133385 0.708347 -0.091493
v 0.134939 0.610861 -0.070930
v 0.153500 0.578738 -0.032269
v -0.013461 0.591373 -0.087146
v -0.077446 0.632114 -0.082655
v -0.147962 0.667749 -0.053907
v 0.123845 0.713582 -0.080532
v -0.147286 0.539202 -0.043435
v -0.104264 0.600210 -0.076751
v -0.148412 0.705719 -0.055845
v -0.119571 0.679704 -0.080334
v -0.112089 0.672758 -0.074518
v -0.147892 0.546458 0.004262
v 0.140368 0.654749 -0.071457
v -0.098004 0.615694 -0.075249
v 0.147710 0.661361 -0.073011
v 0.154391 0.663564 -0.065545
v 0.152362 0.673350 -0.066997
v -0.170435 0.688153 -0.012106
v -0.096313 0.733862 -0.073737
v -0.155364 0.712232 -0.056378
v 0.128430 0.725424 -0.084171
v 0.053618 0.713276 -0.071772
v -0.050706 0.714865 -0.078534
v -0.142089 0.627787 -0.058187
v 0.146144 0.634456 -0.059873
v 0.145585 0.701489 -0.068879
v 0.143692 0.608854 -0.040044
v -0.018882 0.680594 -0.088623
v -0.147433 0.588062 0.006973
v -0.017393 0.742715 -0.058640
v -0.025131 0.740540 -0.059542
v -0.154981 0.623377 -0.059865
v 0.189980 0.702337 -0.014951
v 0.189641 0.709703 -0.014025
v 0.184721 0.702374 -0.025233
v -0.164945 0.684806 0.000116
v 0.055451 0.677909 -0.083732
v 0.137589 0.658097 -0.080183
v 0.127124 0.661610 -0.080709
v -0.010955 0.722053 -0.077386
v -0.019266 0.725877 -0.074700
v 0.143008 0.632216 -0.053804
v 0.111250 0.627964 -0.078221
v 0.153019 0.727162 -0.073909
v 0.021207 0.725317 -0.104221
v 0.023690 0.723473 -0.111037
v 0.016759 0.601444 -0.158957
v 0.113442 0.739946 -0.080493
v 0.168157 0.701934 -0.035475
v -0.148499 0.510003 -0.001458
v -0.150193 0.630411 -0.061330
v -0.013900 0.606794 -0.095076
v 0.004396 0.731145 -0.076795
v 0.031895 0.725341 -0.079043
v 0.176432 0.655394 -0.019348
v 0.138067 0.717871 -0.067387
v 0.126463 0.568913 -0.073499
v 0.072259 0.706023 -0.100200
v 0.063815 0.709702 -0.102274
v -0.150547 0.646467 -0.047639
v -0.120729 0.614805 -0.063978
v 0.099988 0.666257 -0.091469
v 0.144412 0.731081 -0.063118
v -0.116001 0.678359 -0.093341
v -0.173437 0.684757 0.000109
v -0.065538 0.676260 -0.082878
v 0.184243 0.682327 -0.012446
v -0.137441 0.576633 -0.039959
v -0.144968 0.569806 -0.029404
v -0.072536 0.684245 -0.076577
v 0.042302 0.588239 -0.125860
v -0.037383 0.655460 -0.085291
v 0.087466 0.603964 -0.107550
v -0.155231 0.660922 -0.030594
v -0.153996 0.660227 -0.016244
v -0.181182 0.696349 -0.005744
v -0.060046 0.731073 -0.072015
v 0.129547 0.686963 -0.090505
v 0.158055 0.631726 -0.051399
v 0.126201 0.645846 -0.075209
v -0.149212 0.587367 0.003836
v 0.121902 0.619665 -0.075282
v -0.166801 0.600740 -0.004637
v -0.159649 0.600951 -0.010555
v 0.122288 0.612904 -0.067709
v 0.133442 0.617613 -0.074414
v -0.143374 0.531815 -0.013481
v 0.060177 0.607268 -0.100820
v 0.072633 0.568302 -0.096738
v 0.053364 0.621371 -0.077009
v -0.128853 0.623231 -0.059849
v 0.000339 0.607535 -0.185286
v 0.058901 0.722496 -0.079821
v 0.054359 0.731610 -0.076305
v 0.023395 0.708467 -0.085244
v 0.113704 0.674231 -0.073778
v 0.156806 0.543358 -0.026283
v -0.033119 0.648883 -0.197964
v 0.122814 0.585169 -0.064206
v -0.179761 0.666469 0.000109
v 0.113138 0.551321 -0.070311
v 0.164779 0.625546 -0.024791
v -0.151972 0.542035 -0.024160
v -0.161636 0.661169 -0.016474
v 0.080482 0.649410 -0.098761
v -0.104031 0.636210 -0.087944
v 0.124256 0.650574 -0.065106
v 0.106805 0.652620 -0.093440
v 0.116354 0.732164 -0.097161
v 0.109066 0.730451 -0.091586
v 0.121919 0.734467 -0.072047
v 0.124774 0.728400 -0.075853
v 0.133934 0.726897 -0.071411
v -0.054461 0.687835 -0.124966
v -0.154724 0.716356 -0.042765
v -0.153961 0.722808 -0.041974
v -0.155450 0.714161 -0.029671
v -0.101472 0.576536 -0.099171
v 0.144787 0.558776 -0.036496
v -0.135066 0.642696 -0.074028
v -0.154912 0.724910 -0.049873
v -0.142493 0.727704 -0.055602
v -0.147751 0.728661 -0.060392
v -0.158844 0.622752 -0.018127
v -0.161082 0.633614 -0.023500
v 0.176838 0.681904 -0.023335
v -0.062849 0.682892 -0.082707
v -0.058869 0.646452 -0.180555
v 0.149766 0.529038 -0.036959
v 0.069551 0.684962 -0.090175
v -0.154919 0.570810 0.003017
v 0.168346 0.709288 -0.057637
v -0.147217 0.596888 -0.034601
v -0.020582 0.730944 -0.069116
v -0.040195 0.697406 -0.115360
v -0.101307 0.583013 -0.071277
v -0.086951 0.672948 -0.104328
v 0.136812 0.696453 -0.087130
v 0.099739 0.684422 -0.092976
v 0.017186 0.695124 -0.107401
v 0.114965 0.581148 -0.089381
v 0.023501 0.748124 -0.084521
v 0.072593 0.619394 -0.087524
v -0.042464 0.678877 -0.139173
v -0.034354 0.682036 -0.149141
v -0.037694 0.686736 -0.080232
v -0.035856 0.679953 -0.077436
v -0.141727 0.684968 -0.065752
v -0.000052 0.645881 -0.089526
v -0.135972 0.552567 0.017606
v -0.149170 0.621219 -0.010446
v -0.045720 0.653714 -0.086991
v 0.073385 0.606867 -0.119564
v 0.182877 0.723392 -0.024040
v -0.113736 0.724003 -0.081403
v -0.139333 0.688752 -0.073472
v -0.052892 0.633678 -0.199542
v 0.075166 0.702370 -0.080647
v -0.123361 0.575931 -0.064207
v 0.123260 0.676934 -0.077581
v 0.117768 0.681442 -0.084387
v 0.141512 0.599143 -0.044891
v 0.007394 0.713713 -0.127607
v 0.023440 0.728657 -0.100077
v -0.143175 0.598801 -0.057092
v -0.054126 0.662235 -0.092225
v 0.014071 0.661319 -0.166422
v -0.168171 0.683675 -0.014013
v 0.103069 0.679683 -0.081887
v -0.143819 0.543853 -0.024227
v 0.159070 0.628877 -0.024937
v -0.001209 0.719287 -0.079487
v -0.163172 0.698214 -0.029929
v -0.013882 0.621597 -0.201452
v 0.017198 0.695384 -0.114708
v -0.125936 0.623200 -0.069637
v -0.126872 0.506006 0.028512
v -0.118838 0.511438 0.031030
v -0.115594 0.516781 0.038746
v -0.111415 0.520988 0.046568
v -0.107816 0.527788 0.053058
v -0.104598 0.534986 0.059304
v -0.101010 0.541112 0.066581
v -0.097978 0.547650 0.073620
v -0.094200 0.553401 0.080918
v -0.090619 0.559643 0.087907
v -0.086082 0.564345 0.095585
v -0.082520 0.569935 0.103272
v -0.078896 0.578226 0.107778
v -0.075492 0.586868 0.111786
v -0.072063 0.594782 0.117111
v -0.068738 0.601994 0.123414
v -0.065386 0.610375 0.127995
v -0.062089 0.617805 0.133962
v -0.058709 0.625408 0.139656
v -0.055338 0.632104 0.146434
v -0.052080 0.638427 0.153618
v -0.048972 0.643915 0.161532
v -0.045840 0.650339 0.168707
v -0.042921 0.656569 0.176122
v -0.040435 0.662792 0.183695
v -0.038569 0.668367 0.191896
v -0.037141 0.674160 0.199983
v -0.033187 0.681167 0.205974
v -0.028610 0.688499 0.211238
v -0.023887 0.695946 0.216181
v -0.018632 0.703372 0.220496
v -0.015755 0.711079 0.226255
v -0.009077 0.717794 0.229480
v -0.005754 0.725262 0.235244
v 0.004206 0.725982 0.234655
v -0.001111 0.726534 0.226223
v 0.002647 0.717930 0.222461
v 0.006206 0.710025 0.217168
v 0.009539 0.702538 0.211185
v 0.013396 0.694660 0.206035
v 0.018048 0.686677 0.201735
v 0.023119 0.678756 0.197826
v 0.028478 0.670948 0.194068
v 0.032920 0.663442 0.188742
v 0.036253 0.655981 0.182637
v 0.039713 0.648731 0.176347
v 0.044466 0.641689 0.170780
v 0.049516 0.635645 0.164372
v 0.054427 0.629470 0.157926
v 0.057348 0.622502 0.151118
v 0.058185 0.615415 0.143784
v 0.059085 0.609289 0.135681
v 0.061029 0.602842 0.127990
v 0.065129 0.595735 0.121905
v 0.068414 0.589892 0.114198
v 0.071573 0.584328 0.106276
v 0.075299 0.578532 0.098853
v 0.079035 0.572988 0.091197
v 0.082971 0.567422 0.083688
v 0.087251 0.560880 0.077287
v 0.092014 0.555825 0.070093
v 0.096467 0.550180 0.063097
v 0.100426 0.542928 0.057388
v 0.104853 0.536907 0.050717
v 0.109222 0.530249 0.044607
v 0.114497 0.533357 0.036725
v 0.117278 0.530208 0.027680
v 0.123231 0.527161 0.020236
v 0.129231 0.519806 0.023357
v 0.134357 0.526965 0.018578
v 0.140306 0.531319 0.011811
v -0.007788 0.749287 0.052405
v 0.068061 0.676204 0.089759
v -0.057798 0.680813 0.105238
v 0.095337 0.695183 0.087761
v -0.092498 0.693803 0.087112
v 0.013100 0.776459 0.117307
v -0.127259 0.732230 0.093741
v 0.086120 0.740649 0.091475
v 0.002129 0.705095 0.075482
v 0.123844 0.625160 0.069801
v -0.093248 0.610140 0.083183
v 0.139079 0.673744 0.073441
v 0.050900 0.716569 0.121945
v 0.152544 0.726431 0.061867
v -0.002968 0.693908 0.136111
v 0.037530 0.634130 0.082700
v 0.034901 0.745422 0.082085
v -0.123309 0.653036 0.081219
v -0.043822 0.739587 0.099110
v 0.144464 0.635712 0.061389
v -0.133678 0.645689 0.062438
v -0.044708 0.633614 0.073577
v -0.140747 0.686572 0.078315
v -0.058596 0.743440 0.097505
v -0.000098 0.719809 0.091780
v 0.055578 0.734703 0.092303
v 0.114805 0.631206 0.075338
v -0.047792 0.653613 0.103672
v 0.010011 0.750042 0.175172
v 0.080993 0.666970 0.092346
v 0.016625 0.766442 0.065357
v 0.143593 0.689242 0.063028
v -0.157073 0.689584 0.066084
v -0.088821 0.689106 0.099613
v 0.024728 0.728164 0.094244
v 0.118323 0.567301 0.047501
v -0.110051 0.721388 0.101704
v -0.114156 0.584849 0.072004
v 0.089512 0.615097 0.067854
v -0.124764 0.607253 0.066802
v -0.084081 0.637882 0.083346
v 0.066977 0.631945 0.089339
v 0.131350 0.583839 0.038943
v 0.079446 0.715992 0.088154
v 0.103768 0.727877 0.094505
v 0.034117 0.749787 0.073786
v -0.090448 0.633322 0.115276
v 0.173874 0.704862 0.045622
v 0.150283 0.628118 0.047828
v -0.058492 0.675678 0.144970
v -0.089216 0.650492 0.079239
v 0.026640 0.744892 0.148214
v -0.161078 0.715597 0.041357
v -0.101696 0.611309 0.070246
v -0.041936 0.679461 0.084852
v -0.007814 0.736596 0.099166
v 0.050867 0.697753 0.073978
v -0.158041 0.676004 0.047067
v 0.050125 0.672057 0.132209
v 0.166778 0.669870 0.034024
v -0.001049 0.604576 0.066053
v 0.176499 0.697692 0.039805
v -0.126641 0.678656 0.076892
v -0.129451 0.585682 0.053882
v -0.005454 0.650422 0.090687
v 0.043961 0.714017 0.172589
v -0.021363 0.709264 0.177446
v 0.130030 0.724289 0.078265
v 0.102947 0.664386 0.075203
v 0.015515 0.735391 0.131310
v -0.012693 0.675494 0.095058
v 0.082085 0.590940 0.065994
v -0.093316 0.761162 0.096476
v 0.039171 0.687267 0.097078
v 0.104160 0.652839 0.074769
v 0.147314 0.620590 0.019367
v 0.051922 0.598505 0.059508
v -0.056693 0.709670 0.097629
v -0.147282 0.615048 0.032217
v 0.126938 0.602449 0.059139
v 0.162333 0.664606 0.034023
v 0.016444 0.754287 0.058925
v 0.043316 0.706927 0.082950
v -0.054741 0.603359 0.079984
v 0.018214 0.758502 0.085051
v -0.050893 0.700750 0.088298
v -0.021256 0.770360 0.075493
v -0.155879 0.652439 0.055875
v 0.073684 0.637818 0.073232
v -0.042339 0.750584 0.074561
v 0.023454 0.735275 0.070658
v -0.154823 0.673833 0.043659
v 0.165183 0.728749 0.033200
v -0.143220 0.722630 0.075572
v 0.066898 0.667120 0.087995
v -0.091070 0.669714 0.090833
v -0.122266 0.682598 0.083464
v 0.099421 0.709521 0.088127
v -0.111786 0.598796 0.105618
v -0.019460 0.734688 0.070368
v -0.081452 0.726196 0.107028
v 0.021834 0.673865 0.081670
v 0.120018 0.705763 0.076145
v -0.159879 0.652657 0.029633
v 0.152281 0.579426 0.035291
v 0.023403 0.739498 0.197367
v -0.114131 0.550191 0.055648
v 0.125644 0.546009 0.032368
v -0.029986 0.705421 0.105738
v 0.003042 0.711819 0.109800
v 0.010095 0.756246 0.096357
v -0.142620 0.622509 0.048179
v 0.029766 0.717602 0.084144
v 0.063654 0.750806 0.082225
v 0.072769 0.715374 0.094816
v 0.051952 0.731331 0.076893
v -0.007281 0.738244 0.202888
v 0.097978 0.611503 0.068776
v 0.123874 0.646236 0.070178
v -0.118837 0.689327 0.093999
v 0.154110 0.603324 0.034549
v -0.137127 0.570269 0.051310
v 0.013020 0.766996 0.145033
v -0.032064 0.678721 0.122431
v -0.040093 0.655995 0.091478
v -0.077875 0.636210 0.099207
v 0.004820 0.720095 0.158660
v -0.147510 0.721154 0.068205
v -0.073510 0.666402 0.087282
v 0.128711 0.743571 0.076594
v -0.178675 0.696314 0.041719
v 0.095234 0.558871 0.059038
v -0.128488 0.615694 0.053390
v 0.139164 0.603802 0.052035
v -0.080431 0.705218 0.096560
v 0.076617 0.644187 0.067842
v 0.100468 0.641722 0.091141
v 0.069435 0.688611 0.112725
v 0.123440 0.605509 0.058641
v 0.056203 0.661897 0.087105
v 0.145639 0.561996 0.029696
v 0.121954 0.681810 0.075917
v -0.074112 0.626820 0.079945
v 0.112479 0.596393 0.065077
v -0.166546 0.663010 0.046830
v -0.064540 0.757290 0.091685
v 0.081028 0.587100 0.054058
v -0.029734 0.705252 0.081204
v -0.107094 0.634026 0.071434
v 0.162386 0.724335 0.071752
v -0.077838 0.647461 0.146935
v -0.070093 0.659806 0.119292
v -0.141054 0.594736 0.045875
v 0.118088 0.621913 0.071965
v 0.155780 0.665251 0.059893
v 0.157795 0.704489 0.064682
v 0.014397 0.748530 0.118363
v -0.142955 0.662516 0.076206
v 0.060235 0.660742 0.103831
v 0.051028 0.637707 0.123775
v -0.121927 0.609882 0.072367
v -0.111321 0.571669 0.092300
v -0.118492 0.660143 0.074832
v -0.056492 0.629872 0.084031
v -0.098937 0.589515 0.059875
v -0.098676 0.619674 0.088968
v 0.096605 0.692274 0.080037
v -0.010455 0.679948 0.088073
v 0.022436 0.765081 0.070381
v -0.028591 0.609595 0.078851
v -0.035930 0.725821 0.097164
v 0.033100 0.730564 0.122783
v -0.069813 0.677634 0.083963
v -0.111852 0.707907 0.096755
v 0.167683 0.686595 0.020440
v 0.157846 0.680481 0.044367
v -0.031898 0.693709 0.150796
v -0.051111 0.685222 0.174364
v 0.054884 0.699047 0.147282
v 0.046187 0.678975 0.167613
v 0.035145 0.732944 0.077201
v 0.112348 0.681622 0.081511
v 0.090092 0.616168 0.079968
v 0.143693 0.596911 0.033617
v 0.142595 0.651026 0.049783
v 0.155083 0.645101 0.034100
v -0.124254 0.739402 0.091270
v -0.082748 0.731166 0.103788
v 0.024175 0.583865 0.064943
v 0.026801 0.611782 0.070552
v 0.089201 0.655488 0.086003
v 0.183693 0.710232 0.020600
v 0.069876 0.601618 0.093370
v -0.093988 0.613932 0.131398
v -0.014778 0.586205 0.077385
v 0.034158 0.720952 0.147220
v -0.175363 0.692248 0.031899
v 0.148107 0.583342 0.015203
v 0.147085 0.701143 0.075115
v -0.165403 0.662795 0.024317
v 0.005108 0.630016 0.079069
v -0.024691 0.714665 0.079776
v -0.083787 0.614125 0.068449
v 0.032306 0.739565 0.070216
v -0.157965 0.689997 0.054922
v 0.054099 0.726116 0.089837
v 0.140127 0.719089 0.084513
v -0.067952 0.658070 0.094186
v 0.160945 0.681378 0.057780
v 0.168233 0.656540 0.011238
v 0.179099 0.684316 0.027791
v 0.077245 0.739267 0.094208
v -0.043342 0.759894 0.091511
v 0.060452 0.744472 0.079697
v 0.077602 0.718834 0.080406
v 0.064696 0.692096 0.090205
v 0.020710 0.755876 0.055698
v 0.107125 0.753033 0.088639
v -0.002407 0.737729 0.110830
v 0.156763 0.598540 0.004191
v -0.032866 0.749245 0.093616
v -0.079937 0.593705 0.068068
v -0.008374 0.768249 0.059993
v 0.103993 0.593274 0.068646
v 0.090253 0.642108 0.085809
v -0.151275 0.650274 0.054020
v -0.148865 0.689511 0.056504
v 0.174477 0.710436 0.019017
v 0.132564 0.657264 0.073959
v -0.104636 0.668321 0.091658
v 0.162371 0.631839 0.023833
v 0.006569 0.742415 0.074720
v 0.058104 0.623296 0.068486
v -0.114269 0.591230 0.053659
v -0.133730 0.633397 0.071476
v -0.049148 0.653591 0.082951
v -0.065374 0.691535 0.089005
v -0.066980 0.750436 0.107601
v 0.096531 0.706434 0.087115
v 0.031605 0.705346 0.114911
v 0.122428 0.601442 0.062840
v -0.131426 0.710735 0.093747
v 0.014145 0.727867 0.094462
v -0.100723 0.671444 0.092304
v -0.067175 0.636620 0.087903
v -0.111696 0.639914 0.078209
v 0.029574 0.735617 0.171553
v 0.127072 0.627461 0.051622
v 0.108068 0.732830 0.090860
v -0.020026 0.740709 0.072192
v -0.067266 0.662529 0.165850
v 0.021542 0.759854 0.166695
v -0.010782 0.709212 0.099745
v -0.137331 0.592507 0.043582
v -0.142938 0.589975 0.038232
v -0.134231 0.583739 0.038244
v -0.035713 0.720985 0.085067
v 0.165045 0.712389 0.052058
v 0.003048 0.764397 0.087600
v 0.021289 0.651297 0.095454
v 0.046979 0.744778 0.072937
v -0.113240 0.604876 0.082575
v 0.060402 0.678884 0.103653
v -0.155464 0.676280 0.029276
v -0.164193 0.713377 0.052691
v 0.045570 0.651138 0.145392
v -0.149557 0.599097 0.010730
v 0.030136 0.706230 0.192108
v 0.138367 0.620498 0.044839
v 0.156292 0.667183 0.012439
v -0.037659 0.698783 0.190990
v -0.019331 0.715080 0.200393
v 0.070818 0.689087 0.087157
v 0.025539 0.696813 0.073165
v 0.050084 0.717447 0.084153
v -0.019208 0.628558 0.072106
v 0.062509 0.616849 0.113040
v -0.135632 0.593255 0.061953
v -0.003558 0.726440 0.181740
v 0.046881 0.675035 0.086507
v -0.182710 0.715860 0.029615
v 0.177314 0.694364 0.016836
v 0.048830 0.692748 0.084213
v 0.177583 0.729259 0.012495
v -0.134629 0.699831 0.070488
v 0.120601 0.703732 0.082576
v -0.164341 0.627598 0.017718
v 0.080066 0.675580 0.079509
v 0.032246 0.708691 0.082190
v -0.131292 0.661814 0.061736
v 0.164520 0.632947 0.005700
v -0.065609 0.720169 0.096104
v -0.132614 0.679316 0.076935
v -0.113661 0.690656 0.092904
v 0.090515 0.575821 0.076308
v -0.025416 0.661667 0.081509
v 0.043869 0.657128 0.088398
v -0.104031 0.729989 0.098963
v -0.122720 0.587995 0.053834
v -0.005110 0.759974 0.062305
v 0.101488 0.577876 0.059025
v 0.022481 0.762618 0.099817
v 0.102945 0.672856 0.085695
v -0.141816 0.629428 0.049809
v -0.140663 0.680958 0.060572
v -0.057528 0.719706 0.101389
v 0.145792 0.580409 0.029390
v 0.107064 0.645763 0.071568
v 0.085004 0.758792 0.085359
v -0.111755 0.750258 0.097157
v -0.101373 0.741242 0.104519
v -0.024202 0.761884 0.061476
v -0.025765 0.748202 0.086209
v 0.099024 0.636375 0.064380
v -0.011368 0.703843 0.155843
v 0.049211 0.580466 0.066480
v -0.008718 0.699952 0.095501
v 0.002737 0.715683 0.129687
v 0.010158 0.753974 0.119630
v 0.012737 0.741336 0.153514
v -0.008883 0.678816 0.118023
v -0.035354 0.676543 0.100718
v -0.024585 0.656345 0.101306
v 0.160430 0.653458 0.014965
v 0.147198 0.617114 0.027861
v -0.106813 0.653244 0.083721
v 0.083698 0.656301 0.101711
v 0.002686 0.744550 0.069128
v -0.039413 0.584321 0.077347
v 0.125431 0.588274 0.049336
v 0.055206 0.700899 0.105517
v 0.148005 0.736681 0.084900
v -0.074058 0.617977 0.083294
v -0.157874 0.710829 0.063894
v -0.152242 0.637548 0.039787
v -0.152264 0.653295 0.036721
v -0.078370 0.750606 0.099034
v 0.130756 0.527326 0.024667
v 0.071750 0.609079 0.056230
v -0.128008 0.531622 0.053289
v 0.017630 0.762164 0.136843
v -0.100831 0.701211 0.096184
v 0.136125 0.702500 0.071465
v 0.159735 0.732414 0.053739
v 0.116719 0.585652 0.055231
v 0.035069 0.732130 0.086173
v -0.043032 0.705842 0.087915
v -0.100926 0.579970 0.109969
v 0.115975 0.549779 0.049376
v -0.118152 0.547701 0.076604
v -0.108221 0.565702 0.071456
v 0.085030 0.657385 0.081622
v 0.010705 0.776340 0.060383
v 0.002509 0.752589 0.056104
v 0.118771 0.665759 0.067802
v 0.152945 0.567561 0.017892
v -0.025745 0.641333 0.088719
v 0.157025 0.648300 0.038520
v -0.044992 0.622149 0.085895
v -0.059645 0.585875 0.067734
v 0.070514 0.659667 0.075145
v 0.094668 0.632183 0.067332
v -0.075284 0.706707 0.099044
v 0.054783 0.690167 0.127036
v -0.165115 0.671274 0.029703
v 0.022975 0.744544 0.069348
v 0.028794 0.747034 0.089493
v 0.131283 0.634311 0.052545
v 0.009359 0.741045 0.217053
v -0.143537 0.654032 0.074280
v -0.103977 0.609917 0.066590
v -0.078260 0.672308 0.100586
v 0.054997 0.644135 0.073797
v 0.005002 0.588345 0.074177
v 0.084715 0.720161 0.098689
v -0.051320 0.670674 0.115133
v -0.079317 0.707353 0.093659
v -0.098459 0.591030 0.067062
v 0.107710 0.636878 0.074617
v -0.104551 0.618538 0.109063
v 0.013209 0.708640 0.092912
v -0.127761 0.561572 0.040966
v 0.041725 0.757414 0.063811
v 0.163804 0.701254 0.063503
v -0.154899 0.729704 0.055449
v -0.051559 0.744148 0.092127
v 0.134586 0.545216 0.013021
v 0.143084 0.594931 0.028021
v 0.133628 0.575066 0.035450
v 0.109765 0.558850 0.046250
v -0.159842 0.652295 0.017133
v -0.119693 0.679771 0.087804
v -0.145173 0.608165 0.034437
v -0.117857 0.625334 0.059552
v 0.071293 0.648012 0.090820
v -0.154871 0.673570 0.027252
v 0.142697 0.610508 0.052634
v -0.135977 0.738927 0.079035
v -0.145581 0.705938 0.079457
v 0.019962 0.719894 0.205651
v 0.139181 0.674626 0.067011
v -0.058300 0.692259 0.087669
v 0.178418 0.723105 0.036502
v 0.016261 0.756438 0.186813
v -0.124230 0.670339 0.077060
v -0.108529 0.687678 0.098008
v -0.149192 0.677295 0.061420
v 0.035202 0.725437 0.187299
v -0.086435 0.651714 0.099025
v -0.085960 0.670971 0.090592
v -0.006571 0.729553 0.076422
v -0.049624 0.700649 0.081543
v -0.092616 0.596717 0.119476
v -0.134203 0.716815 0.082064
v -0.091844 0.744017 0.108501
v -0.080487 0.627107 0.143575
v 0.018829 0.721184 0.112484
v 0.136882 0.586508 0.050259
v 0.037508 0.687749 0.184710
v -0.177552 0.676650 0.035164
v 0.018144 0.741831 0.058461
v 0.090421 0.725856 0.089410
v 0.080493 0.704202 0.091075
v 0.127881 0.556232 0.037497
v -0.096751 0.621710 0.082367
v -0.121032 0.568209 0.063054
v -0.151001 0.634381 0.031560
v -0.166836 0.657395 0.044408
v -0.130219 0.605356 0.047596
v -0.092348 0.634709 0.082452
v -0.113196 0.625610 0.062300
v 0.155189 0.607949 0.015506
v 0.098018 0.586263 0.053029
v -0.034141 0.768658 0.075729
v 0.121187 0.718234 0.091888
v -0.141777 0.681359 0.073199
v -0.037242 0.699022 0.171356
v -0.078674 0.647386 0.105301
v 0.083929 0.673930 0.086278
v 0.000156 0.766512 0.109889
v 0.006752 0.736844 0.098530
v 0.009742 0.761238 0.079866
v 0.135817 0.696996 0.081817
v 0.115970 0.696489 0.087210
v -0.154310 0.657346 0.060694
v -0.030246 0.707554 0.099437
v 0.151026 0.579072 0.020838
v 0.168738 0.714617 0.033271
v -0.098721 0.700660 0.099355
v 0.126671 0.639998 0.069515
v 0.070620 0.614797 0.079117
v 0.173767 0.669511 0.014708
v -0.157398 0.619382 0.035673
v -0.148812 0.635658 0.058538
v 0.041193 0.722779 0.078116
v 0.055705 0.633076 0.105076
v 0.008064 0.663952 0.089964
v 0.008930 0.687896 0.078604
v 0.035455 0.757083 0.062911
v 0.064358 0.575082 0.053802
v -0.084480 0.648142 0.127896
v -0.072882 0.609888 0.077331
v 0.010829 0.776755 0.098522
v 0.079194 0.675523 0.104941
v 0.129962 0.688146 0.081058
v -0.000701 0.696583 0.116872
v 0.010146 0.774592 0.074464
v 0.066143 0.723845 0.092919
v 0.109338 0.609141 0.064549
v -0.106261 0.589367 0.089940
v 0.122432 0.745027 0.092638
v 0.061373 0.740299 0.083159
v -0.070328 0.689444 0.096462
v 0.129617 0.623561 0.057535
v -0.112774 0.622499 0.080002
v 0.049628 0.758390 0.081523
v 0.169843 0.721149 0.054656
v 0.125051 0.637615 0.068917
v 0.106756 0.626372 0.080150
v -0.093108 0.713765 0.096492
v 0.025519 0.700598 0.097587
v -0.177818 0.698401 0.024986
v 0.077943 0.587910 0.082750
v 0.148285 0.590044 0.013933
v 0.053676 0.675123 0.083875
v 0.015989 0.744870 0.100121
v -0.041374 0.636571 0.095184
v 0.043583 0.618049 0.075718
v 0.157919 0.659549 0.044105
v 0.150208 0.674281 0.054808
v 0.092538 0.741180 0.087489
v -0.130856 0.542941 0.044907
v -0.166886 0.682344 0.050778
v 0.181280 0.690678 0.010606
v -0.059977 0.634925 0.094214
v 0.152751 0.665960 0.049876
v -0.106637 0.597699 0.076905
v 0.006466 0.738005 0.086653
v 0.045451 0.669885 0.150595
v -0.071842 0.625143 0.074529
v 0.162213 0.697730 0.047708
v 0.004801 0.726044 0.098322
v 0.005962 0.724847 0.122281
v -0.125213 0.699916 0.086309
v -0.014092 0.714762 0.103009
v -0.042909 0.691916 0.106867
v 0.163436 0.614731 -0.001798
v -0.006149 0.777086 0.067323
v 0.126252 0.534893 0.042041
v 0.049970 0.742016 0.083945
v 0.061586 0.715769 0.079004
v 0.048098 0.740906 0.065808
v -0.086449 0.627679 0.083413
v -0.094460 0.635293 0.097698
v 0.062843 0.710338 0.093236
v 0.087061 0.624713 0.078983
v -0.090857 0.631653 0.131092
v -0.022680 0.689477 0.101089
v 0.136783 0.730155 0.070233
v 0.119370 0.733821 0.087277
v -0.097775 0.639985 0.086021
v -0.153161 0.646390 0.045038
v 0.167399 0.680483 0.041413
v -0.141425 0.598864 0.026919
v -0.065151 0.658169 0.101788
v -0.160264 0.677025 0.017788
v 0.065406 0.728538 0.074062
v 0.097094 0.658579 0.089525
v 0.082187 0.641015 0.090987
v 0.071272 0.750621 0.092332
v -0.117494 0.705004 0.101098
v -0.046519 0.676376 0.131421
v -0.018465 0.687831 0.129654
v 0.062394 0.672799 0.118190
v 0.001087 0.748803 0.191665
v 0.040224 0.711028 0.071270
v 0.081379 0.703758 0.085245
v 0.060093 0.707056 0.084832
v 0.041258 0.661840 0.165102
v -0.056141 0.647607 0.085339
v 0.108877 0.618742 0.063366
v 0.111240 0.615324 0.067109
v 0.075483 0.626481 0.067987
v -0.134316 0.687658 0.090114
v -0.114453 0.682486 0.078167
v 0.019574 0.634051 0.088464
v 0.047970 0.654695 0.128104
v 0.079253 0.698108 0.085285
v 0.044360 0.696346 0.171025
v 0.034129 0.663791 0.088309
v 0.114399 0.719601 0.081981
v 0.134282 0.659480 0.064715
v -0.012728 0.725100 0.214380
v 0.137981 0.614207 0.043003
v 0.145478 0.550650 0.015874
v 0.143072 0.593524 0.043257
v -0.058966 0.734779 0.108908
v 0.138270 0.603645 0.045524
v 0.103292 0.644274 0.075730
v -0.070389 0.638400 0.152386
v -0.071125 0.663790 0.148751
v 0.002857 0.707364 0.146302
v -0.149453 0.705236 0.064093
v -0.086335 0.660265 0.093970
v -0.056357 0.668857 0.084601
v -0.079336 0.682603 0.083018
v -0.118645 0.641618 0.081832
v -0.013488 0.754804 0.076068
v -0.110764 0.658035 0.081472
v -0.142665 0.587445 0.033358
v 0.017802 0.768163 0.127753
v 0.010161 0.756937 0.159143
v 0.014397 0.750863 0.139174
v 0.146670 0.633942 0.043174
v 0.163311 0.673443 0.028376
v -0.136378 0.572481 0.034714
v -0.050362 0.669100 0.095904
v -0.168374 0.655079 0.032446
v 0.113558 0.666464 0.075583
v -0.070367 0.711324 0.106935
v 0.153308 0.637391 0.018283
v 0.156169 0.611864 0.014914
v 0.086742 0.574361 0.062743
v 0.153079 0.586052 0.014048
v -0.034949 0.666557 0.110309
v -0.092337 0.717757 0.103215
v 0.152233 0.732392 0.068796
v 0.146629 0.722937 0.075082
v 0.008145 0.734151 0.168380
v 0.009742 0.727112 0.143993
v -0.007242 0.714078 0.168947
v 0.105377 0.609464 0.074415
v -0.106442 0.557005 0.091253
v -0.014164 0.695197 0.077163
v -0.026815 0.686655 0.086756
v 0.046446 0.719499 0.087760
v 0.101024 0.695055 0.086706
v -0.146005 0.666386 0.053278
v 0.145291 0.610648 0.033277
v 0.079736 0.584836 0.059640
v 0.028482 0.575878 0.070826
v 0.148939 0.588124 0.017159
v 0.081525 0.590837 0.099146
v 0.019299 0.764389 0.116127
v 0.018930 0.745476 0.134472
v 0.103379 0.564291 0.073592
v 0.038196 0.687567 0.079434
v -0.147568 0.696996 0.065368
v -0.115530 0.588161 0.064537
v -0.010565 0.634351 0.084838
v -0.147125 0.735640 0.069755
v -0.142899 0.613076 0.048479
v -0.115683 0.607054 0.061815
v -0.133120 0.628723 0.064307
v -0.049142 0.681476 0.190681
v -0.057509 0.669304 0.179787
v 0.108910 0.603579 0.059739
v 0.154358 0.605242 0.019699
v 0.142124 0.588597 0.044879
v 0.135795 0.598639 0.042680
v 0.130732 0.616199 0.060250
v -0.036681 0.755162 0.077389
v 0.060213 0.689973 0.094193
v 0.067021 0.661978 0.099988
v -0.071524 0.652121 0.093297
v -0.002219 0.685601 0.104284
v -0.111608 0.620098 0.077699
v 0.150349 0.707220 0.077910
v -0.104255 0.654007 0.072715
v -0.128816 0.646601 0.071974
v -0.126939 0.669660 0.076745
v -0.152437 0.687752 0.041222
v 0.060500 0.703531 0.119171
v 0.122175 0.620961 0.063488
v -0.150714 0.674033 0.064670
v -0.089873 0.621932 0.077138
v -0.160091 0.679594 0.041840
v 0.067931 0.653835 0.078412
v 0.002632 0.718777 0.101238
v -0.032725 0.684647 0.136994
v -0.078097 0.640853 0.077987
v -0.058290 0.633648 0.084779
v 0.025279 0.761212 0.150706
v -0.038329 0.599769 0.085339
v -0.061526 0.668931 0.130027
v -0.154198 0.614393 0.017007
v -0.047366 0.685163 0.156348
v 0.051847 0.676801 0.093695
v 0.066269 0.594298 0.055156
v 0.083680 0.600945 0.062438
v -0.180560 0.697847 0.018295
v 0.038619 0.588854 0.059313
v 0.008550 0.590445 0.068850
v 0.120175 0.591208 0.049178
v 0.174123 0.694212 0.006674
v 0.163274 0.680734 0.004715
v 0.170062 0.698532 0.025478
v 0.163523 0.667158 -0.000383
v 0.127358 0.597993 0.061790
v 0.097995 0.590573 0.068210
v 0.071567 0.601867 0.110949
v 0.112425 0.657888 0.071236
v -0.025537 0.733125 0.085753
v -0.175959 0.716871 0.044117
v 0.018015 0.703608 0.077921
v 0.090827 0.645607 0.073789
v 0.189320 0.718384 0.007410
v 0.059651 0.623298 0.129317
v 0.051873 0.635651 0.141300
v 0.053617 0.649505 0.113428
v -0.125584 0.596326 0.074970
v -0.143312 0.583877 0.024791
v -0.059945 0.676238 0.161079
v -0.126351 0.599510 0.062590
v 0.170107 0.698832 0.028205
v 0.035572 0.742179 0.061876
v 0.167509 0.646530 -0.002586
v -0.089742 0.598401 0.071298
v -0.112803 0.596636 0.063156
v 0.156132 0.710391 0.060451
v 0.144943 0.699243 0.059126
v 0.046876 0.712607 0.155916
v 0.050957 0.714145 0.139068
v -0.055313 0.756042 0.082320
v -0.078960 0.758683 0.093274
v -0.104892 0.684478 0.083645
v -0.011243 0.707543 0.084151
v -0.008947 0.747242 0.072456
v 0.153294 0.650517 0.057756
v -0.016239 0.668633 0.107828
v -0.010386 0.584903 0.067016
v 0.062285 0.645642 0.097380
v -0.006927 0.664896 0.084587
v -0.102208 0.607692 0.119201
v 0.112177 0.551487 0.065546
v 0.174617 0.707375 0.010742
v 0.177627 0.715322 0.004630
v 0.064749 0.617544 0.094740
v -0.106490 0.606825 0.095042
v -0.037584 0.709701 0.074168
v 0.053019 0.682703 0.144804
v -0.149860 0.602480 0.034100
v -0.090863 0.577020 0.067993
v 0.086639 0.642764 0.076493
v -0.163055 0.605860 0.006273
v -0.027462 0.664117 0.094621
v -0.060245 0.616914 0.084898
v -0.060750 0.701985 0.100173
v -0.017155 0.693951 0.144560
v -0.143209 0.583116 0.030250
v -0.070949 0.645350 0.085305
v 0.040740 0.604253 0.068741
v 0.163927 0.707815 0.050635
v 0.102374 0.619904 0.074171
v -0.051804 0.728652 0.102061
v -0.009594 0.738391 0.083054
v 0.093235 0.676549 0.080125
v -0.166708 0.697676 0.050241
v 0.033488 0.692192 0.086162
v 0.040726 0.724272 0.132937
v 0.038542 0.714613 0.125505
v -0.124454 0.583634 0.043951
v -0.107695 0.578891 0.061081
v -0.015748 0.612896 0.069667
v -0.011280 0.599785 0.077369
v -0.036342 0.620445 0.073768
v 0.031856 0.725425 0.080792
v -0.021372 0.721064 0.097081
v -0.024634 0.736986 0.101402
v 0.134356 0.527861 0.022790
v -0.047739 0.719096 0.105496
v 0.138374 0.583129 0.033569
v 0.155643 0.668846 0.040565
v 0.161511 0.637631 0.009638
v 0.157612 0.590813 -0.007400
v 0.114469 0.584280 0.057257
v 0.114685 0.637221 0.069460
v -0.080848 0.753810 0.102976
v -0.000179 0.747073 0.088812
v -0.168607 0.642908 0.020468
v -0.062547 0.754340 0.095607
v -0.024568 0.703022 0.163729
v 0.157035 0.659439 0.028529
v 0.014526 0.771576 0.068790
v -0.029267 0.580141 0.068936
v -0.028448 0.747842 0.067033
v 0.007811 0.644032 0.091558
v 0.153596 0.690093 0.066612
v -0.106615 0.578475 0.079396
v 0.021960 0.767342 0.060674
v 0.011689 0.749232 0.203004
v 0.108638 0.675549 0.082184
v -0.102524 0.627517 0.073474
v -0.087531 0.606715 0.072218
v 0.027721 0.623024 0.080302
v -0.121819 0.717886 0.091254
v -0.099220 0.699803 0.095621
v -0.003937 0.735651 0.222878
v -0.133424 0.595715 0.058902
v 0.147648 0.674607 0.062402
v -0.044261 0.742507 0.101485
v 0.027982 0.755249 0.072445
v 0.015978 0.758500 0.071180
v 0.147807 0.560889 0.010784
v -0.100219 0.567770 0.100471
v 0.149201 0.686897 0.054655
v 0.050553 0.690517 0.158955
v 0.039075 0.670685 0.177059
v 0.017688 0.733364 0.121178
v 0.034485 0.733541 0.138591
v 0.041560 0.693115 0.110390
v -0.073901 0.582322 0.060949
v 0.017036 0.746696 0.062208
v -0.057761 0.761709 0.100001
v -0.056049 0.747440 0.097789
v 0.069238 0.679575 0.086312
v 0.104762 0.562847 0.060195
v -0.121584 0.636912 0.067860
v -0.066142 0.682541 0.094874
v -0.174475 0.681021 0.019744
v -0.074840 0.658937 0.134278
v 0.039642 0.721644 0.080948
v 0.036631 0.734708 0.071950
v -0.002212 0.713371 0.094646
v 0.077537 0.732871 0.080769
v 0.066653 0.691429 0.100778
v -0.123947 0.541903 0.063595
v -0.114297 0.733172 0.101606
v -0.125593 0.746530 0.091019
v -0.135011 0.731425 0.084290
v -0.030843 0.704176 0.204650
v 0.143087 0.640591 0.047571
v 0.136118 0.646283 0.060655
v 0.071101 0.750072 0.086596
v 0.028182 0.598387 0.063375
v 0.009986 0.616387 0.070663
v 0.004014 0.770809 0.057406
v 0.081979 0.669926 0.087535
v 0.096136 0.667628 0.081303
v -0.081256 0.671453 0.090222
v 0.081875 0.604232 0.074732
v 0.092029 0.629582 0.087216
v -0.014318 0.728456 0.193289
v -0.177716 0.710143 0.015622
v -0.001719 0.751633 0.111727
v -0.005212 0.622617 0.072048
v 0.043852 0.707845 0.113220
v 0.102598 0.622692 0.078182
v -0.136814 0.644576 0.058212
v -0.120564 0.720310 0.097822
v 0.021324 0.747658 0.175807
v -0.058846 0.647494 0.085810
v -0.043315 0.710377 0.091547
v -0.137756 0.597088 0.047558
v 0.010079 0.770381 0.098904
v 0.074314 0.679245 0.096399
v 0.022266 0.755469 0.066672
v 0.006189 0.754439 0.051145
v 0.169359 0.692905 0.053008
v 0.029089 0.734297 0.155033
v 0.032208 0.721701 0.164683
v -0.080761 0.720049 0.093024
v -0.073201 0.741117 0.097819
v 0.093750 0.752335 0.096453
v 0.135010 0.701710 0.083154
v -0.172012 0.706885 0.036054
v -0.160610 0.700613 0.043980
v 0.130469 0.513561 0.017213
v -0.130123 0.517256 0.045380
v -0.042464 0.751876 0.091705
v 0.155696 0.584182 0.004322
v 0.147212 0.579139 0.026446
v 0.141550 0.580388 0.028526
v 0.152782 0.591146 0.012744
v -0.099905 0.624620 0.121763
v -0.165137 0.650736 0.030496
v -0.100606 0.692023 0.087668
v 0.154048 0.712825 0.068409
v 0.118406 0.648839 0.075214
v 0.176702 0.708805 0.033336
v 0.185784 0.703941 0.007310
v -0.066372 0.598113 0.071365
v 0.169413 0.663123 0.019340
v -0.146006 0.581097 0.031531
v 0.135766 0.742089 0.088614
v -0.082766 0.605775 0.126002
v 0.143346 0.686934 0.076298
v 0.131578 0.599644 0.048827
v -0.147459 0.684890 0.047919
v 0.010120 0.738479 0.118455
v -0.089058 0.749014 0.101700
v 0.118646 0.743511 0.086929
v -0.130047 0.579697 0.060002
v 0.130199 0.711454 0.084270
v 0.145588 0.567784 0.030820
v -0.098545 0.729296 0.106121
v 0.037354 0.736722 0.064196
v 0.136700 0.552706 0.026818
v -0.110532 0.743271 0.091952
v 0.163787 0.686679 0.032176
v -0.000592 0.588924 0.076794
v 0.054441 0.752694 0.071027
v 0.119852 0.610039 0.067877
v 0.141930 0.626400 0.032110
v 0.106206 0.714817 0.095220
v -0.156292 0.589362 0.001470
v -0.132983 0.623068 0.060326
v 0.061397 0.729741 0.082308
v 0.001870 0.757438 0.059388
v -0.010433 0.754067 0.055072
v -0.017100 0.771313 0.061287
v -0.124727 0.574732 0.044364
v 0.111061 0.708756 0.088496
v 0.012353 0.753758 0.068781
v 0.089817 0.580842 0.091002
v 0.056235 0.701337 0.083514
v -0.118204 0.653755 0.075975
v -0.157481 0.653778 0.016988
v -0.162633 0.668596 0.036823
v -0.141170 0.728809 0.078739
v -0.016441 0.721078 0.069271
v -0.022563 0.710540 0.093767
v -0.010188 0.717116 0.081790
v 0.164723 0.719938 0.022782
v 0.171985 0.731751 0.045634
v -0.064104 0.647557 0.163634
v -0.132776 0.660977 0.070050
v -0.063522 0.669977 0.099953
v 0.062120 0.677742 0.089889
v 0.055057 0.685365 0.080159
v 0.004311 0.677013 0.087124
v 0.131283 0.536621 0.023069
v 0.102940 0.652202 0.084026
v 0.131997 0.732290 0.083426
v 0.042984 0.743993 0.076199
v 0.040776 0.727936 0.075299
v -0.063130 0.705545 0.085919
v -0.055719 0.682616 0.089156
v -0.062000 0.691140 0.087520
v 0.149739 0.657168 0.038751
v -0.039435 0.646746 0.081640
v -0.152488 0.648442 0.048999
v 0.167771 0.674638 0.026285
v 0.179097 0.697622 0.022738
v 0.173110 0.692241 0.039212
v -0.023565 0.595806 0.084669
v 0.048489 0.713713 0.085706
v -0.139301 0.679561 0.063087
v 0.126627 0.669717 0.070796
v 0.003693 0.738867 0.181743
v 0.048813 0.631345 0.074634
v 0.065176 0.635948 0.068319
v 0.054645 0.609845 0.067880
v -0.115175 0.561619 0.083138
v 0.111933 0.684078 0.084723
v -0.175312 0.685011 0.029418
v -0.044559 0.725604 0.096487
v -0.147721 0.644616 0.058198
v 0.062351 0.736636 0.097423
v -0.047911 0.712054 0.094182
v -0.039130 0.742018 0.085519
v 0.125416 0.677291 0.073098
v -0.132812 0.686720 0.074031
v 0.071576 0.600042 0.079157
v 0.086986 0.716473 0.088344
v 0.144094 0.717753 0.070914
v 0.102415 0.647798 0.081810
v 0.043772 0.733237 0.084773
v -0.142571 0.586388 0.008868
v -0.072707 0.737489 0.107362
v 0.025502 0.745991 0.160503
v 0.028897 0.737781 0.184501
v 0.040771 0.679532 0.085932
v -0.049064 0.578946 0.067846
v 0.091632 0.581810 0.062046
v -0.140804 0.658880 0.062111
v -0.043707 0.666473 0.078000
v -0.169224 0.634344 0.008646
v -0.088428 0.671683 0.084922
v -0.106020 0.665076 0.081939
v 0.025784 0.748273 0.067673
v -0.151736 0.688046 0.070274
v -0.161177 0.683546 0.051512
v 0.095887 0.604378 0.068656
v 0.116877 0.597693 0.067859
v 0.061712 0.650544 0.080965
v -0.126299 0.600909 0.048428
v -0.134908 0.676095 0.084089
v 0.089034 0.733146 0.098287
v 0.140176 0.624075 0.056677
v 0.123818 0.579202 0.045559
v -0.021684 0.745709 0.085378
v -0.163494 0.634597 0.032064
v 0.138605 0.646763 0.067432
v 0.142969 0.661616 0.064490
v 0.084122 0.653095 0.093649
v 0.078998 0.635300 0.085351
v -0.115719 0.676291 0.093817
v -0.096267 0.677511 0.097563
v -0.098323 0.665324 0.079747
v -0.082431 0.608885 0.077942
v 0.023639 0.717414 0.096696
v 0.015802 0.729800 0.080910
v -0.120489 0.630498 0.072472
v -0.132457 0.642883 0.081474
v -0.134292 0.585283 0.046590
v 0.158698 0.625295 0.011404
v 0.157788 0.634215 0.037328
v 0.052040 0.702027 0.133972
v -0.001374 0.732899 0.088791
v -0.077080 0.617381 0.133114
v 0.119317 0.614486 0.057617
v 0.093037 0.704481 0.094909
v -0.140439 0.719393 0.088255
v 0.154232 0.611800 0.007396
v 0.037275 0.704237 0.180119
v 0.042080 0.648973 0.158950
v 0.069890 0.708554 0.083066
v 0.137682 0.563737 0.042096
v 0.136033 0.683806 0.076965
v 0.011955 0.726707 0.216583
v -0.111034 0.585325 0.102239
v -0.130160 0.529924 0.040486
v 0.079547 0.625176 0.082110
v 0.164659 0.725373 0.058934
v 0.052704 0.701683 0.090486
v -0.037422 0.694012 0.082411
v 0.024597 0.714144 0.092426
v -0.078512 0.693553 0.091277
v 0.084146 0.713569 0.086308
v -0.161740 0.678767 0.015632
v -0.099264 0.749911 0.091540
v -0.160927 0.645424 0.045290
v -0.133659 0.583725 0.051551
v 0.002000 0.698880 0.105209
v 0.029720 0.643096 0.089098
v -0.128792 0.697556 0.098261
v 0.021886 0.771300 0.127479
v 0.121925 0.734075 0.085032
v 0.051822 0.665011 0.120499
v 0.021960 0.738445 0.081749
v -0.070304 0.625080 0.095028
v -0.084095 0.622478 0.079505
v -0.099042 0.621942 0.078567
v -0.117626 0.529941 0.061979
v -0.130827 0.586243 0.038630
v -0.097304 0.652095 0.091334
v 0.021906 0.705887 0.205402
v 0.160408 0.627353 -0.006278
v -0.137808 0.577548 0.025819
v 0.017451 0.732229 0.104660
v 0.084123 0.687131 0.092435
v 0.043447 0.740400 0.084709
v 0.032707 0.741373 0.078793
v -0.117413 0.562986 0.050122
v -0.029949 0.721114 0.072671
v 0.105328 0.738097 0.085027
v -0.058611 0.633038 0.075088
v -0.018513 0.742620 0.058556
v 0.070231 0.674923 0.112099
v -0.121694 0.612737 0.055552
v 0.115191 0.554646 0.034499
v 0.159514 0.649543 0.019736
v 0.009085 0.762935 0.076251
v 0.013881 0.767601 0.078193
v -0.168360 0.619017 0.007313
v 0.152073 0.680545 0.067286
v -0.044992 0.683263 0.143010
v 0.012171 0.603500 0.065860
v 0.167041 0.727042 0.045810
v 0.098608 0.736332 0.090209
v 0.109515 0.744758 0.097230
v 0.010101 0.763931 0.093438
v 0.010874 0.762789 0.171332
v 0.016403 0.768512 0.157920
v -0.056777 0.657806 0.172019
v -0.022904 0.674699 0.085186
v -0.036325 0.655416 0.087151
v -0.000077 0.705788 0.091543
v -0.149317 0.613346 0.023254
v -0.062198 0.657215 0.084332
v 0.177284 0.731889 0.026220
v 0.055532 0.653935 0.082657
v 0.145995 0.661752 0.057699
v -0.026078 0.708296 0.189143
v 0.001385 0.727903 0.093838
v -0.164470 0.679012 0.026899
v 0.171494 0.657400 0.008144
v 0.017524 0.582442 0.076073
v 0.174262 0.707544 0.043445
v -0.030292 0.637236 0.075051
v -0.031347 0.646595 0.093628
v -0.021682 0.714828 0.213843
v -0.085448 0.616347 0.090815
v -0.014439 0.718690 0.184002
v 0.096074 0.568439 0.083126
v 0.018736 0.732871 0.207306
v 0.047456 0.682839 0.106051
v 0.021093 0.662803 0.088479
v 0.139920 0.711840 0.076443
v 0.088328 0.628012 0.065342
v -0.109772 0.583488 0.053455
v 0.020643 0.758007 0.087443
v 0.184562 0.726671 0.001417
v 0.029181 0.690560 0.195049
v -0.073385 0.654029 0.157753
v -0.160211 0.673249 0.054112
v 0.101609 0.719651 0.084457
v -0.092524 0.604757 0.063818
v -0.100679 0.690734 0.096666
v -0.116714 0.683650 0.082300
v -0.151506 0.629147 0.029353
v -0.085012 0.640550 0.138495
v 0.063195 0.695975 0.077499
v 0.022521 0.709788 0.106689
v 0.053916 0.666236 0.094861
v 0.034474 0.675757 0.084288
v 0.107286 0.663856 0.073656
v -0.165500 0.724995 0.050249
v -0.156880 0.722222 0.058417
v -0.105927 0.610806 0.080007
v 0.055003 0.588042 0.056814
v -0.088878 0.585963 0.112335
v -0.072998 0.648162 0.098040
v 0.075659 0.686339 0.086345
v -0.106543 0.594115 0.077744
v -0.117540 0.606343 0.079058
v 0.059544 0.753448 0.088587
v -0.140221 0.700208 0.090595
v 0.129110 0.612121 0.048822
v -0.070463 0.760998 0.101261
v 0.059252 0.727505 0.081166
v 0.155222 0.679557 0.019249
v 0.069779 0.609662 0.121200
v 0.057315 0.627859 0.117589
v 0.061234 0.718118 0.090106
v 0.046085 0.662112 0.138979
v -0.045054 0.762615 0.078472
v 0.073209 0.663479 0.104666
v -0.054680 0.692457 0.100320
v 0.113053 0.712465 0.084439
v 0.131848 0.604309 0.054019
v 0.130061 0.615586 0.054420
v -0.169099 0.675766 0.027190
v -0.165984 0.674652 0.036216
v 0.164513 0.669423 0.050060
v -0.068078 0.725063 0.106431
v -0.104055 0.595378 0.115212
v 0.005605 0.743295 0.056976
v 0.162614 0.602811 -0.006435
v -0.115414 0.579928 0.050650
v -0.077913 0.647487 0.086177
v 0.151572 0.644483 0.046619
v -0.155501 0.657129 0.040776
v -0.076233 0.678427 0.093979
v -0.165388 0.688846 0.041186
v 0.042460 0.707380 0.090611
v -0.152972 0.623295 0.025178
v -0.109141 0.561403 0.059488
v 0.162209 0.645404 0.008851
v 0.156756 0.626158 0.013263
v -0.045229 0.691463 0.183784
v -0.037376 0.692991 0.202563
v 0.012959 0.741246 0.075664
v 0.066514 0.722712 0.091267
v 0.159821 0.665199 0.021113
v 0.154135 0.656641 0.028936
v 0.161202 0.645247 0.026039
v 0.145041 0.600266 0.041109
v 0.084203 0.705258 0.080436
v -0.141858 0.578690 0.042586
v 0.073911 0.650583 0.094509
v 0.038315 0.698370 0.072709
v 0.025576 0.685827 0.077542
v -0.087074 0.701647 0.099788
v -0.142701 0.656312 0.060095
v -0.134097 0.673023 0.069258
v 0.157305 0.670373 -0.000479
v 0.008198 0.576629 0.069591
v -0.047653 0.593653 0.079138
v -0.142520 0.603446 0.039988
v 0.174948 0.691961 0.003855
v -0.131997 0.615772 0.050106
v -0.150754 0.726735 0.066957
v -0.052595 0.656783 0.093604
v -0.058330 0.647699 0.097785
v -0.145373 0.647246 0.063164
v 0.138122 0.629790 0.051798
v -0.068216 0.678481 0.090617
v 0.001112 0.723277 0.170378
v -0.016558 0.764157 0.050723
v -0.100968 0.752063 0.104073
v 0.089482 0.695509 0.090194
v -0.167046 0.647424 0.007763
v 0.118153 0.536977 0.052964
v 0.115695 0.541476 0.039637
v 0.104951 0.551702 0.055267
v 0.046085 0.747730 0.076058
v -0.024327 0.762315 0.066625
v 0.114281 0.693399 0.088319
v 0.007637 0.735914 0.227699
v -0.111322 0.669691 0.080078
v 0.041415 0.645425 0.085462
v -0.008566 0.723351 0.098145
v -0.153011 0.629097 0.049045
v -0.009888 0.766067 0.072310
v 0.053028 0.710322 0.074787
v 0.012984 0.697925 0.072497
v -0.117152 0.555321 0.066735
v -0.145482 0.694090 0.067849
v -0.127090 0.691848 0.076614
v -0.139614 0.711315 0.068312
v -0.023461 0.759649 0.081910
v -0.035152 0.742933 0.093387
v -0.021813 0.742818 0.079728
v -0.020919 0.673771 0.118801
v -0.176433 0.664985 0.027816
v 0.094215 0.604337 0.076076
v -0.060725 0.717291 0.106566
v -0.063178 0.732179 0.098192
v 0.064181 0.669759 0.079113
v 0.085846 0.686565 0.077330
v 0.079930 0.579922 0.071631
v 0.092315 0.566218 0.068730
v -0.026821 0.585151 0.080051
v -0.178210 0.706460 0.037377
v 0.127740 0.712410 0.082393
v 0.109016 0.704709 0.086693
v 0.184879 0.722993 0.020809
v -0.160783 0.700473 0.060944
v 0.019488 0.772375 0.107364
v 0.017067 0.755153 0.108276
v 0.030356 0.719829 0.117232
v -0.040802 0.701704 0.099716
v 0.092714 0.665742 0.087278
v -0.004051 0.687366 0.079404
v -0.109664 0.595968 0.064541
v 0.149272 0.592613 0.026336
v 0.005845 0.728207 0.110259
v 0.105735 0.699330 0.093956
v 0.182183 0.677522 0.007454
v -0.100099 0.643482 0.077760
v 0.121754 0.534065 0.030490
v 0.052303 0.577093 0.054877
v -0.012046 0.688012 0.095081
v -0.020167 0.701586 0.099454
v -0.020354 0.706308 0.092345
v 0.027579 0.718561 0.195164
v 0.166715 0.714067 0.064376
v 0.115824 0.631185 0.062755
v 0.093897 0.679953 0.090200
v 0.061344 0.684675 0.083677
v -0.104129 0.663823 0.090370
v 0.033782 0.654339 0.095674
v 0.065963 0.608818 0.102626
v -0.014977 0.655581 0.084792
v 0.000553 0.748209 0.099640
v -0.115433 0.737479 0.099792
v 0.091593 0.665301 0.098473
v 0.090938 0.648420 0.095270
v -0.116157 0.599552 0.068749
v 0.104993 0.576098 0.053698
v -0.128296 0.552252 0.036203
v -0.001414 0.742329 0.212812
v 0.039297 0.720916 0.077811
v -0.124616 0.683470 0.085175
v -0.139754 0.689330 0.079377
v 0.047441 0.644011 0.133746
v -0.047101 0.690573 0.088166
v 0.102898 0.641056 0.074204
v -0.134833 0.582056 0.039505
v 0.008078 0.765769 0.120604
v 0.017325 0.747373 0.127426
v -0.004943 0.736191 0.189864
v 0.157371 0.577533 0.009924
v 0.049663 0.705817 0.165560
v -0.114326 0.598052 0.092493
v -0.003278 0.687638 0.125150
v -0.155539 0.663866 0.045862
v 0.141879 0.729563 0.076069
v -0.155009 0.676013 0.035995
v -0.119165 0.667744 0.084533
v -0.110525 0.719874 0.095625
v -0.092732 0.725014 0.101101
v -0.002700 0.737450 0.068218
v -0.097608 0.660015 0.089155
v -0.095278 0.626162 0.106124
v 0.028000 0.744955 0.064765
v -0.032154 0.740123 0.074919
v 0.146243 0.637837 0.031151
v -0.111340 0.615097 0.088914
v -0.114928 0.696600 0.092842
v -0.104210 0.740698 0.103966
v 0.110088 0.573357 0.054035
v 0.113611 0.619527 0.072600
v -0.116211 0.652056 0.090816
v -0.107960 0.644407 0.076674
v 0.104329 0.663978 0.078713
v -0.065483 0.636401 0.078843
v -0.024721 0.618609 0.070038
v 0.119404 0.642391 0.074263
v 0.114674 0.649395 0.063076
v 0.097317 0.653772 0.074309
v -0.166350 0.671504 0.018293
v -0.168473 0.682428 0.031624
v -0.152213 0.591750 0.027651
v -0.146736 0.622347 0.041789
v -0.082203 0.642951 0.116651
v -0.129496 0.657973 0.074335
v -0.139047 0.620922 0.056987
v 0.136972 0.588275 0.029445
v 0.141867 0.589271 0.023679
v -0.107786 0.682468 0.087829
v -0.009268 0.744085 0.066570
v 0.025439 0.736546 0.129674
v -0.162310 0.681158 0.037740
v 0.095754 0.753312 0.084694
v 0.072447 0.759285 0.084899
v 0.081897 0.748080 0.088907
v -0.140520 0.560827 0.038237
v 0.007585 0.726449 0.132157
v 0.009405 0.713419 0.119993
v 0.001567 0.704834 0.134522
v 0.024835 0.726688 0.089644
v 0.036244 0.722494 0.092838
v 0.035299 0.585026 0.069884
v 0.028086 0.708074 0.071850
v -0.137804 0.616563 0.039095
v -0.146223 0.605593 0.045617
v -0.090896 0.738936 0.108141
v 0.048711 0.639802 0.152699
v 0.077073 0.649664 0.072907
v 0.087708 0.639017 0.070466
v 0.014662 0.753383 0.057586
v 0.163529 0.733951 0.064879
v 0.124219 0.591246 0.061203
v 0.109399 0.594138 0.058087
v 0.137872 0.583952 0.021352
v -0.033658 0.728884 0.093431
v 0.016576 0.627037 0.080655
v -0.018969 0.752963 0.052677
v 0.125038 0.523846 0.035479
v -0.163336 0.652290 0.043092
v 0.095484 0.631724 0.082826
v -0.002457 0.711047 0.158561
v -0.006851 0.699292 0.145968
v -0.075069 0.729468 0.094537
v -0.173739 0.706803 0.049827
v -0.121398 0.521969 0.052661
v -0.119972 0.540109 0.050738
v -0.038862 0.666507 0.096345
v -0.141544 0.642168 0.073645
v 0.038222 0.575755 0.061919
v -0.023870 0.674681 0.098435
v -0.036058 0.655981 0.104897
v -0.016818 0.664285 0.096753
v -0.047089 0.679133 0.100978
v 0.092434 0.584175 0.062866
v 0.011545 0.744761 0.164675
v 0.010136 0.730034 0.155570
v 0.013771 0.737894 0.142429
v 0.021554 0.773500 0.139020
v 0.033303 0.735243 0.088790
v -0.122151 0.552600 0.046761
v -0.129759 0.566111 0.042409
v -0.032342 0.705534 0.179736
v -0.105685 0.629129 0.081884
v -0.177749 0.703115 0.027901
v 0.156363 0.597051 0.008954
v -0.050282 0.642596 0.079136
v -0.127652 0.727935 0.092189
v 0.009751 0.773836 0.086992
v -0.093940 0.682598 0.082122
v 0.154127 0.723805 0.061349
v 0.164219 0.696274 0.039982
v 0.158852 0.574855 0.026313
v -0.037917 0.612013 0.086462
v -0.152958 0.714871 0.074795
v -0.160527 0.709771 0.051996
v -0.156389 0.700193 0.059502
v 0.071606 0.701714 0.093549
v 0.002715 0.769115 0.054723
v 0.013846 0.765348 0.057985
v 0.163938 0.672660 0.022738
v -0.158413 0.641131 0.025171
v -0.038461 0.573184 0.069739
v 0.008199 0.749298 0.065536
v 0.137089 0.733614 0.080291
v 0.155157 0.729299 0.079522
v 0.157829 0.620423 0.024193
v 0.146300 0.621734 0.038624
v 0.143685 0.609349 0.033089
v 0.164673 0.648404 0.004993
v -0.087235 0.663762 0.101623
v -0.076825 0.657961 0.101586
v 0.072945 0.665136 0.085850
v 0.073924 0.675103 0.092592
v 0.149236 0.611931 0.042916
v 0.124987 0.576860 0.044910
v 0.134989 0.593323 0.054274
v 0.015691 0.754665 0.128188
v 0.019912 0.753503 0.144043
v 0.035096 0.721117 0.176206
v -0.039386 0.693500 0.160617
v 0.137048 0.625668 0.045867
v 0.132550 0.707137 0.075151
v 0.146984 0.702190 0.067922
v 0.134027 0.694992 0.063941
v 0.109363 0.626642 0.069478
v -0.029412 0.759328 0.069872
v 0.061141 0.604536 0.056198
v 0.045201 0.658889 0.154019
v -0.003761 0.720147 0.102590
v 0.065967 0.699234 0.109401
v -0.063204 0.620551 0.086871
v -0.072676 0.612045 0.072675
v -0.068961 0.711874 0.095031
v -0.156103 0.644418 0.028771
v -0.158031 0.657425 0.027058
v 0.166358 0.693059 0.015829
v 0.074317 0.740326 0.088761
v -0.091553 0.709317 0.094465
v -0.102334 0.712972 0.097627
v -0.109819 0.695913 0.092958
v 0.055784 0.691924 0.138317
v 0.165764 0.713418 0.004537
v -0.139917 0.636433 0.059608
v -0.043594 0.752480 0.095291
v 0.000947 0.706307 0.122976
v -0.040756 0.710782 0.085216
v 0.161602 0.717418 0.041935
v -0.081869 0.626205 0.095509
v -0.112812 0.538349 0.070266
v 0.081367 0.612832 0.060913
v 0.062867 0.615270 0.060997
v 0.076669 0.598340 0.053982
v 0.081381 0.708021 0.095720
v -0.083028 0.613617 0.080785
v -0.071911 0.749733 0.090684
v 0.135371 0.580114 0.045955
v 0.161561 0.670597 0.044143
v 0.001253 0.752050 0.071391
v 0.133709 0.631373 0.065616
v 0.145477 0.581596 0.004887
v 0.107466 0.628951 0.069723
v -0.106929 0.547330 0.082476
v -0.003845 0.740154 0.080165
v 0.046241 0.680046 0.156223
v -0.157214 0.611472 0.031589
v 0.093645 0.715184 0.093398
v -0.151492 0.681390 0.050039
v 0.039349 0.754457 0.073917
v 0.032126 0.693747 0.104064
v -0.011861 0.719471 0.092839
v -0.048230 0.670853 0.186302
v 0.022522 0.746799 0.188466
v 0.126154 0.703765 0.086680
v -0.150725 0.643669 0.050512
v 0.084005 0.635881 0.067806
v 0.098462 0.622069 0.062140
v 0.105038 0.625293 0.072011
v 0.115112 0.575465 0.050208
v -0.054595 0.663536 0.105451
v -0.147484 0.606350 0.019643
v -0.020907 0.698050 0.154285
v 0.000766 0.634638 0.089331
v -0.085747 0.637695 0.090001
v 0.141876 0.565847 0.019320
v 0.153848 0.567693 0.006849
v -0.125705 0.570406 0.053161
v 0.127700 0.560304 0.048345
v 0.167937 0.657869 -0.007010
v 0.076144 0.685620 0.104085
v -0.122391 0.648745 0.065962
v -0.032601 0.711648 0.087656
v -0.045986 0.702310 0.077762
v 0.062179 0.744661 0.073184
v 0.000458 0.748002 0.203097
v 0.082021 0.753296 0.095151
v 0.145264 0.613850 0.017162
v 0.088308 0.622515 0.067586
v -0.033740 0.671703 0.083258
v -0.081228 0.636807 0.149635
v -0.068853 0.629173 0.144748
v -0.086993 0.620407 0.137329
v 0.033792 0.714266 0.184703
v -0.140721 0.668130 0.063427
v -0.008157 0.676365 0.107094
v -0.124532 0.586971 0.067551
v -0.092491 0.575113 0.104235
v -0.081316 0.648028 0.088953
v -0.089961 0.642847 0.093689
v 0.058624 0.626354 0.140390
v -0.059476 0.574779 0.066074
v -0.109338 0.574015 0.103265
v -0.087792 0.698715 0.095015
v -0.089063 0.704830 0.103825
v -0.082289 0.715991 0.101157
v -0.067892 0.715410 0.100011
v 0.093811 0.656129 0.075175
v 0.080873 0.648323 0.076816
v 0.078545 0.663464 0.090115
v -0.107616 0.576607 0.068480
v 0.100220 0.682876 0.087128
v -0.149164 0.687610 0.059275
v 0.056927 0.681244 0.134377
v 0.092292 0.593319 0.064952
v 0.130227 0.667525 0.069153
v 0.112448 0.674080 0.072389
v 0.122743 0.656880 0.073828
v 0.151348 0.612559 0.004289
v 0.057700 0.737143 0.071127
v 0.058986 0.684773 0.117282
v 0.170573 0.720257 0.012695
v 0.123859 0.517226 0.025947
v 0.139670 0.705003 0.082229
v -0.137593 0.601529 0.050320
v -0.050163 0.699754 0.093668
v 0.119870 0.612592 0.060282
v -0.014298 0.643108 0.091295
v -0.025819 0.651780 0.086254
v 0.057682 0.667054 0.096348
v 0.090211 0.579160 0.058468
v 0.069326 0.578826 0.062632
v 0.130830 0.593291 0.052129
v 0.167899 0.707465 0.054951
v 0.023859 0.719927 0.101959
v 0.080059 0.657442 0.080155
v -0.182860 0.677754 0.025290
v -0.182142 0.686164 0.038729
v -0.169473 0.673923 0.042310
v -0.067683 0.635875 0.076914
v 0.054622 0.709910 0.112360
v 0.065956 0.645570 0.071495
v 0.056040 0.689140 0.102483
v 0.118269 0.595202 0.055654
v -0.050579 0.623956 0.075865
v -0.050141 0.613189 0.082054
v -0.060665 0.665933 0.119274
v -0.040505 0.673351 0.117192
v -0.173516 0.662700 0.038400
v 0.078355 0.729113 0.097928
v 0.077735 0.724410 0.089720
v 0.095264 0.724275 0.100647
v -0.155080 0.666094 0.016174
v 0.172794 0.684610 -0.000092
v 0.017612 0.747146 0.087278
v 0.033811 0.745103 0.070921
v 0.021332 0.751499 0.077533
v 0.020587 0.738701 0.091518
v 0.005593 0.762467 0.065011
v 0.144775 0.539227 0.013400
v 0.128069 0.640433 0.062277
v 0.129343 0.628692 0.063002
v -0.070572 0.672284 0.092734
v -0.015455 0.740116 0.092192
v -0.020585 0.635455 0.080249
v 0.078666 0.592866 0.110143
v 0.056449 0.727354 0.067248
v 0.127300 0.548584 0.021253
v 0.136359 0.737347 0.082755
v -0.087498 0.644003 0.099209
v -0.013355 0.724011 0.203518
v 0.018464 0.594452 0.066273
v 0.029134 0.743079 0.137617
v -0.154976 0.728853 0.066763
v 0.032423 0.760772 0.070244
v -0.143589 0.581430 0.019088
v -0.154884 0.719450 0.050145
v 0.016193 0.712205 0.212731
v -0.133682 0.654370 0.078526
v -0.094541 0.612736 0.073855
v -0.114053 0.606201 0.068293
v -0.101975 0.599664 0.062609
v 0.027348 0.747600 0.057161
v 0.150293 0.607350 0.024881
v 0.025869 0.732927 0.080042
v 0.121221 0.658991 0.071767
v -0.120775 0.618812 0.069466
v 0.143840 0.665873 0.067620
v -0.065068 0.668066 0.140507
v 0.028639 0.729694 0.195364
v -0.040501 0.710903 0.102362
v -0.034096 0.764163 0.071985
v -0.123510 0.597029 0.062793
v -0.142323 0.593977 0.017115
v 0.150087 0.590677 0.036399
v 0.031151 0.758353 0.059767
v 0.047848 0.748181 0.063207
v -0.079324 0.694090 0.100315
v 0.067784 0.736935 0.079700
v 0.014519 0.756711 0.148790
v 0.144899 0.647806 0.040070
v 0.117681 0.631208 0.078031
v 0.110171 0.636495 0.086238
v -0.148379 0.635966 0.043008
v -0.146881 0.618829 0.032462
v 0.142450 0.692403 0.074046
v 0.124686 0.692883 0.079501
v -0.118583 0.726765 0.096645
v -0.120430 0.579007 0.053704
v 0.001007 0.780494 0.060185
v -0.102029 0.615979 0.098674
v -0.110119 0.609684 0.105230
v 0.181958 0.682221 0.017471
v -0.068230 0.678412 0.104591
v -0.164882 0.672036 0.024322
v -0.161913 0.679571 0.020445
v -0.081303 0.742949 0.104772
v -0.055778 0.595227 0.071990
v 0.103055 0.599808 0.069513
v -0.089931 0.595301 0.072642
v -0.102431 0.600356 0.071383
v 0.020482 0.620641 0.072526
v 0.127004 0.727355 0.091552
v -0.131354 0.604286 0.070761
v -0.019971 0.580172 0.062559
v -0.143869 0.625987 0.058670
v 0.177967 0.714158 0.042342
v 0.102486 0.553853 0.071290
v 0.135452 0.564861 0.031661
v 0.013849 0.766444 0.088672
v 0.014703 0.739259 0.112605
v 0.023104 0.710272 0.088540
v 0.008951 0.704582 0.083793
v 0.013233 0.717890 0.098734
v 0.143651 0.574229 0.039289
v -0.015398 0.708511 0.164706
v -0.040066 0.647476 0.099628
v 0.168372 0.701776 0.017759
v -0.142486 0.683149 0.067966
v 0.010562 0.654339 0.094357
v -0.143166 0.633907 0.067011
v -0.002427 0.731693 0.092237
v 0.034223 0.676585 0.185787
v 0.039790 0.681494 0.176038
v 0.033413 0.697311 0.187186
v 0.154486 0.702524 0.054489
v 0.015260 0.761231 0.135848
v 0.107517 0.605559 0.070333
v -0.027159 0.694820 0.079560
v -0.157359 0.711490 0.060758
v -0.004169 0.730905 0.102671
v -0.078720 0.652906 0.119907
v 0.006049 0.766251 0.066551
v 0.005685 0.717864 0.147952
v -0.156561 0.643862 0.035145
v 0.107088 0.584817 0.065256
v -0.049282 0.692444 0.081753
v -0.149711 0.676319 0.053751
v -0.175163 0.689752 0.012747
v 0.112944 0.723002 0.096609
v 0.175150 0.666450 0.004846
v 0.165636 0.638528 -0.009783
v 0.039156 0.700773 0.083469
v 0.045394 0.729664 0.085563
v -0.050377 0.732052 0.102754
v 0.007780 0.758857 0.180831
v 0.019168 0.759272 0.176915
v 0.045528 0.670156 0.088167
v -0.137706 0.733674 0.088640
v 0.163101 0.691069 0.061193
v 0.153945 0.702188 0.067006
v -0.046196 0.646336 0.091597
v -0.052193 0.638698 0.087056
v -0.050166 0.629868 0.092978
v 0.052278 0.745864 0.082446
v -0.047499 0.747923 0.083269
v -0.059880 0.748433 0.086910
v 0.133239 0.594815 0.038844
v 0.150148 0.680612 0.071440
v 0.089330 0.596447 0.071183
v 0.058719 0.660502 0.076675
v -0.072546 0.655382 0.109549
v 0.096815 0.570227 0.064508
v 0.002290 0.775398 0.104573
v -0.010521 0.730070 0.066873
v 0.033905 0.717142 0.088224
v -0.070563 0.589766 0.067661
v -0.080621 0.574390 0.064630
v -0.033236 0.686976 0.103894
v 0.131104 0.533763 0.012827
v -0.110127 0.624000 0.067493
v 0.139812 0.587005 0.021041
v 0.140496 0.588650 0.035435
v 0.182071 0.716830 0.028913
v -0.120030 0.616817 0.060183
v -0.104003 0.620358 0.064881
v -0.112193 0.631245 0.071565
v 0.152874 0.638429 0.045804
v -0.117265 0.673893 0.079979
v -0.109663 0.680032 0.093095
v -0.111430 0.673103 0.089543
v -0.157698 0.644750 0.024503
v -0.161307 0.660241 0.010054
v -0.071052 0.700887 0.091409
v -0.066488 0.668736 0.157035
v 0.108310 0.549322 0.041363
v 0.115029 0.560529 0.055289
v 0.100279 0.559297 0.049928
v 0.158396 0.582341 0.014252
v -0.082048 0.597356 0.119498
v -0.094871 0.604697 0.126088
v 0.063126 0.654843 0.090621
v 0.070146 0.641031 0.082826
v -0.059681 0.682097 0.083558
v 0.002205 0.758456 0.103118
v 0.160292 0.658687 0.018315
v 0.070324 0.702955 0.082507
v -0.099277 0.572411 0.061122
v -0.157124 0.678599 0.039631
v 0.073385 0.618858 0.061030
v 0.133997 0.606372 0.056488
v -0.144282 0.584718 0.043287
v -0.049284 0.642775 0.097892
v 0.147907 0.670897 0.062704
v -0.016489 0.730386 0.099998
v -0.007763 0.733942 0.212379
v -0.135765 0.729619 0.074128
v -0.126357 0.736398 0.081816
v -0.145849 0.695456 0.082429
v -0.149371 0.706257 0.070027
v 0.106351 0.692688 0.086080
v -0.053400 0.763966 0.090218
v -0.123143 0.660641 0.074148
v -0.123306 0.672650 0.087433
v -0.133642 0.666522 0.079909
v 0.017692 0.757770 0.126307
v 0.026251 0.734131 0.073930
v -0.098663 0.630448 0.089261
v -0.083780 0.736480 0.107654
v 0.088006 0.733632 0.082483
v 0.146994 0.630526 0.023321
v 0.174050 0.733293 0.035728
v 0.156343 0.610798 -0.010011
v 0.024733 0.735071 0.064380
v -0.098338 0.687658 0.096824
v -0.115078 0.685918 0.090172
v -0.074853 0.632531 0.081888
v 0.178737 0.693531 0.029950
v -0.053168 0.752960 0.099703
v -0.168654 0.671839 0.017632
v -0.151932 0.592366 0.029703
v 0.115709 0.675231 0.080932
v 0.095163 0.645355 0.081955
v -0.043218 0.689789 0.194157
v -0.083572 0.584267 0.066529
v -0.010621 0.727315 0.224692
v -0.156864 0.684441 0.061012
v -0.154271 0.672566 0.054067
v -0.053312 0.705398 0.089297
v -0.056112 0.695729 0.087648
v -0.040288 0.705495 0.082702
v -0.088179 0.666617 0.081160
v -0.086386 0.680186 0.095012
v -0.095814 0.672127 0.087691
v -0.169859 0.697536 0.038944
v -0.161867 0.658582 0.024907
v 0.130323 0.607529 0.065977
v 0.018576 0.575743 0.066225
v 0.052840 0.692017 0.087036
v 0.021904 0.771049 0.149193
v -0.090873 0.752221 0.102380
v 0.042941 0.665552 0.094000
v -0.132496 0.709000 0.075035
v -0.130406 0.723089 0.089729
v 0.087626 0.722034 0.080413
v 0.139699 0.518295 0.018866
v -0.090561 0.639915 0.123975
v -0.080514 0.650551 0.137288
v -0.164952 0.689855 0.058367
v -0.126633 0.629548 0.064781
v -0.021776 0.726719 0.077523
v -0.105968 0.678486 0.094496
v -0.148032 0.583233 0.001159
v 0.006354 0.751050 0.081469
v -0.020766 0.711561 0.100991
v 0.151205 0.589265 0.022541
v 0.115702 0.595043 0.058191
v 0.069695 0.641682 0.091281
v -0.024926 0.666394 0.112886
v -0.174380 0.687514 0.045377
v -0.057788 0.676870 0.171855
v -0.147380 0.656462 0.052663
v -0.151259 0.663980 0.068862
v -0.158655 0.662659 0.053359
v 0.051937 0.703643 0.155916
v -0.020551 0.720537 0.191925
v 0.058780 0.580065 0.062053
v 0.024183 0.775072 0.067344
v -0.081650 0.633184 0.084306
v -0.088149 0.640672 0.075175
v 0.075733 0.576871 0.053355
v -0.029390 0.628089 0.070177
v 0.058843 0.574479 0.062820
v -0.001334 0.579259 0.065465
v -0.139584 0.719821 0.074157
v 0.139347 0.654870 0.058102
v -0.079849 0.708411 0.106013
v -0.162159 0.598142 -0.001537
v 0.054708 0.711425 0.130016
v -0.167340 0.660147 0.033688
v -0.068492 0.749418 0.102008
v -0.035490 0.735468 0.102810
v -0.158199 0.680092 0.061940
v -0.085743 0.638653 0.107925
v -0.045030 0.666465 0.108371
v 0.137789 0.591226 0.039819
v 0.126619 0.584752 0.053251
v 0.133849 0.596708 0.052757
v 0.039841 0.758200 0.077440
v -0.006340 0.580924 0.075228
v 0.111064 0.541994 0.059803
v 0.176530 0.705201 0.033410
v -0.052389 0.585792 0.074778
v 0.060089 0.627508 0.096345
v 0.058789 0.622957 0.105556
v -0.056071 0.719860 0.098291
v 0.146310 0.582245 0.008837
v 0.097876 0.622031 0.083209
v -0.126863 0.710360 0.085805
v -0.173428 0.716743 0.034142
v 0.151783 0.598867 0.018935
v -0.091542 0.659927 0.093068
v -0.122017 0.686854 0.073701
v 0.100260 0.726549 0.092556
v -0.123073 0.628858 0.062027
v 0.090699 0.705376 0.091423
v 0.014172 0.748077 0.053101
v -0.133005 0.600639 0.055565
v -0.120084 0.577547 0.067707
v -0.095757 0.628378 0.084660
v 0.041015 0.716942 0.140535
v 0.149463 0.586103 -0.003553
v -0.159158 0.655267 0.050286
v -0.137365 0.606532 0.040500
v -0.130696 0.605919 0.058153
v -0.138755 0.602599 0.051792
v 0.051366 0.708440 0.147265
v -0.020442 0.603786 0.079387
v 0.026115 0.699579 0.198608
v -0.093084 0.735117 0.103891
v 0.022473 0.757050 0.064190
v -0.118820 0.661620 0.083087
v 0.167611 0.666673 0.009508
v 0.162639 0.622480 0.005455
v -0.019245 0.748285 0.070939
v -0.012291 0.753878 0.065982
v 0.008556 0.746044 0.094315
v -0.005479 0.613642 0.068308
v 0.081555 0.643745 0.090367
v -0.043904 0.692033 0.173900
v 0.065880 0.743417 0.091538
v -0.023402 0.745603 0.095735
v 0.041016 0.660893 0.175166
v 0.058242 0.674589 0.127002
v 0.136441 0.560562 0.032630
v 0.157585 0.675139 0.061196
v -0.075670 0.601840 0.072125
v -0.063511 0.606403 0.075956
v -0.070790 0.617903 0.083943
v 0.101534 0.585552 0.062940
v 0.071312 0.719943 0.081499
v -0.032288 0.705813 0.095948
v -0.115601 0.597326 0.074498
v 0.148462 0.587448 0.003333
v 0.080622 0.613825 0.078273
v 0.068904 0.607613 0.085648
v 0.066287 0.622064 0.085688
v 0.045506 0.640933 0.076935
v -0.074368 0.718254 0.100635
v 0.158712 0.605940 0.005894
v -0.129061 0.542404 0.035104
v -0.038164 0.766044 0.084828
v 0.123405 0.555184 0.028246
v 0.029543 0.729083 0.179167
v -0.100491 0.720713 0.096825
v -0.101965 0.709236 0.098050
v 0.046208 0.716366 0.130586
v -0.092360 0.699728 0.090966
v 0.037955 0.747629 0.066112
v 0.103784 0.556910 0.064030
v 0.118978 0.529481 0.046289
v -0.037697 0.697390 0.181316
v -0.004556 0.740008 0.074442
v 0.012050 0.778919 0.107882
v -0.079172 0.745203 0.107253
v 0.009714 0.769199 0.111583
v 0.006083 0.759480 0.112966
v 0.074566 0.655474 0.097027
v 0.005730 0.703027 0.113320
v -0.003929 0.687116 0.115028
v -0.146581 0.672191 0.074230
v -0.137232 0.689919 0.070553
v -0.149958 0.685995 0.071660
v -0.102173 0.618738 0.074348
v -0.067978 0.639396 0.098772
v 0.127823 0.567693 0.042254
v -0.026465 0.690083 0.142973
v 0.130779 0.575983 0.037952
v -0.099669 0.626643 0.096690
v -0.050452 0.662679 0.177768
v 0.134739 0.644958 0.050491
v 0.083839 0.675508 0.096277
v 0.082482 0.665964 0.104604
v -0.114143 0.605305 0.077832
v -0.099968 0.596618 0.067983
v -0.097252 0.602449 0.077548
v -0.063100 0.662808 0.110307
v -0.029445 0.709672 0.089894
v -0.030764 0.717319 0.096844
v 0.119854 0.688473 0.081142
v 0.130647 0.647884 0.073364
v 0.122245 0.631336 0.073424
v -0.006233 0.724828 0.086381
v 0.068898 0.584277 0.054399
v 0.119351 0.557648 0.043379
v 0.013623 0.768081 0.066858
v 0.008389 0.768404 0.068870
v 0.005831 0.771655 0.082047
v 0.002221 0.772345 0.093253
v 0.003329 0.730848 0.176210
v 0.077900 0.682160 0.087207
v 0.156321 0.712260 0.070693
v 0.012664 0.678737 0.080899
v 0.003672 0.695301 0.074780
v 0.005691 0.760647 0.088784
v 0.017731 0.760851 0.073776
v 0.032483 0.764238 0.069610
v 0.026081 0.758145 0.058323
v -0.016929 0.719297 0.221078
v 0.124922 0.625753 0.065483
v -0.141679 0.586809 0.047205
v 0.045119 0.722891 0.087156
v 0.035857 0.725380 0.070251
v 0.040803 0.713164 0.075815
v 0.151042 0.602886 0.029580
v 0.149201 0.596848 0.021708
v 0.068137 0.672321 0.100971
v 0.117840 0.612181 0.063771
v 0.115353 0.621348 0.071727
v 0.102378 0.613017 0.060002
v 0.153670 0.654498 0.036674
v 0.160714 0.660807 0.053529
v 0.158640 0.669711 0.041223
v 0.101405 0.632404 0.088209
v -0.019906 0.579219 0.072502
v 0.160962 0.720129 0.032013
v 0.166425 0.710622 0.024686
v 0.115788 0.578571 0.048348
v 0.101780 0.684039 0.085460
v -0.181906 0.706507 0.028377
v 0.013803 0.671557 0.087399
v -0.085903 0.751885 0.092654
v 0.094218 0.618050 0.075664
v 0.078609 0.629780 0.076762
v -0.046912 0.689255 0.165154
v 0.143538 0.590612 0.010745
v -0.064704 0.625995 0.081738
v -0.111405 0.570615 0.082624
v 0.096632 0.718856 0.091276
v 0.038801 0.719514 0.156721
v -0.139304 0.684046 0.071661
v 0.148473 0.680441 0.047304
v 0.143364 0.680528 0.058603
v 0.064302 0.732374 0.088817
v -0.173714 0.690470 0.022332
v 0.052773 0.635938 0.114252
v 0.154991 0.597681 0.013719
v 0.054953 0.722204 0.075266
v 0.070467 0.714484 0.075364
v -0.034179 0.591484 0.081643
v 0.101988 0.708472 0.094811
v 0.078259 0.712562 0.086514
v -0.099351 0.581335 0.065615
v 0.095975 0.622647 0.067288
v 0.025257 0.740067 0.062455
v -0.159337 0.615942 0.025308
v -0.003164 0.757152 0.049208
v 0.031477 0.723742 0.137653
v 0.141010 0.633409 0.053855
v 0.014130 0.582561 0.066785
v -0.149692 0.618659 0.041930
v -0.156493 0.628607 0.039648
v 0.144072 0.603801 0.044097
v 0.119120 0.607140 0.063534
v 0.108871 0.601302 0.070484
v 0.113576 0.618763 0.063853
v 0.158484 0.688452 0.051092
v 0.172141 0.701152 0.048446
v -0.125827 0.635876 0.078916
v -0.030840 0.745989 0.082581
v 0.061980 0.669876 0.108589
v 0.154926 0.624653 0.033452
v -0.000706 0.659095 0.089766
v 0.077422 0.677430 0.092073
v 0.129833 0.621993 0.047889
v -0.140185 0.709934 0.090145
v -0.118591 0.708915 0.089844
v 0.046490 0.670653 0.160997
v 0.046887 0.671654 0.141258
v -0.098473 0.654595 0.080556
v 0.173010 0.724820 0.021058
v 0.000078 0.697075 0.126882
v -0.026096 0.705563 0.213496
v 0.151826 0.657512 0.063913
v 0.105899 0.634863 0.074671
v -0.182133 0.694053 0.032650
v 0.164812 0.723214 0.062508
v 0.168776 0.730506 0.057466
v 0.127317 0.522104 0.014257
v -0.118502 0.600673 0.054804
v -0.055322 0.649669 0.167010
v -0.129781 0.574792 0.043063
v -0.124545 0.513621 0.038522
v 0.008007 0.760247 0.058547
v 0.117962 0.640510 0.064153
v -0.059990 0.663230 0.093775
v -0.036305 0.686595 0.089274
v -0.163882 0.617196 0.016146
v 0.006541 0.719606 0.105103
v 0.023167 0.725514 0.120070
v -0.106532 0.580356 0.094591
v 0.166113 0.705979 0.059480
v 0.134994 0.666217 0.067730
v 0.105065 0.614049 0.074447
v 0.051163 0.666534 0.080623
v 0.049922 0.683421 0.086658
v 0.107198 0.585968 0.051361
v 0.008405 0.728476 0.086733
v -0.000317 0.737382 0.093235
v 0.085803 0.696923 0.091097
v 0.076645 0.695506 0.083104
v 0.029468 0.702980 0.105900
v 0.026829 0.705097 0.089332
v -0.133941 0.652891 0.061830
v -0.173138 0.656721 0.024038
v -0.016735 0.665161 0.084666
v 0.096705 0.559668 0.078861
v -0.092357 0.619243 0.084969
v 0.014345 0.767503 0.101135
v 0.126945 0.697280 0.080140
v 0.133614 0.680462 0.076887
v -0.051753 0.754061 0.091595
v 0.019257 0.749132 0.091627
v 0.152473 0.552562 0.008900
v -0.023614 0.712893 0.103096
v -0.013723 0.708077 0.095988
v -0.016836 0.687221 0.083871
v -0.020803 0.702229 0.078582
v -0.007596 0.702848 0.076201
v -0.000260 0.594984 0.069017
v 0.059073 0.758769 0.080683
v 0.024707 0.732748 0.085740
v 0.052884 0.749385 0.082557
v 0.062822 0.694119 0.117390
v 0.126035 0.749200 0.084486
v 0.116174 0.751928 0.091586
v 0.115520 0.739205 0.090447
v -0.106845 0.733820 0.107839
v 0.031161 0.691695 0.095045
v 0.095992 0.576871 0.051523
v 0.128828 0.616467 0.069888
v 0.074190 0.597378 0.102122
v 0.129828 0.678555 0.071889
v -0.154453 0.721126 0.059878
v 0.154790 0.665039 0.040482
v 0.147659 0.595599 0.035502
v 0.017826 0.691357 0.077384
v 0.056840 0.744013 0.090905
v 0.106510 0.655899 0.078683
v 0.100702 0.745887 0.088579
v 0.098058 0.733337 0.089024
v 0.086457 0.742225 0.094749
v -0.104899 0.588208 0.060725
v 0.002295 0.733187 0.117529
v 0.143261 0.681648 0.070555
v -0.120090 0.615749 0.079876
v -0.106928 0.623804 0.087958
v 0.092899 0.701030 0.083186
v 0.089417 0.674981 0.083246
v 0.068294 0.657429 0.098915
v -0.108406 0.593599 0.098403
v -0.070154 0.698640 0.101130
v -0.067154 0.680933 0.092772
v 0.096055 0.671225 0.072059
v -0.103236 0.634863 0.079856
v -0.053465 0.682776 0.163152
v -0.097062 0.589050 0.116032
v -0.110465 0.613119 0.079495
v 0.004338 0.744293 0.113276
v 0.070013 0.719632 0.085446
v 0.132265 0.718818 0.090412
v 0.146050 0.659559 0.048691
v 0.154701 0.673842 0.055621
v -0.170125 0.692031 0.023925
v -0.171125 0.703073 0.019262
v 0.055775 0.663420 0.111813
v 0.010335 0.630914 0.087290
v 0.017569 0.643474 0.090387
v 0.028757 0.630905 0.085970
v -0.095034 0.561137 0.096097
v -0.130383 0.683129 0.079237
v 0.076736 0.588983 0.073449
v 0.083070 0.580114 0.080571
v 0.074047 0.595502 0.087148
v 0.048597 0.623073 0.069189
v 0.041555 0.626748 0.078503
v 0.033690 0.617523 0.074668
v 0.127582 0.702789 0.081607
v -0.136542 0.522610 0.039924
v 0.032527 0.722002 0.127852
v -0.066266 0.617766 0.077750
v -0.064201 0.627229 0.079530
v 0.015299 0.742172 0.209047
v -0.060912 0.652344 0.091806
v 0.153527 0.584156 -0.011784
v 0.046332 0.730919 0.068378
v 0.040741 0.746515 0.068056
v 0.066359 0.627130 0.066591
v 0.079349 0.635260 0.066371
v 0.081266 0.619087 0.069065
v -0.088458 0.631592 0.140439
v 0.165522 0.661321 0.014518
v 0.068575 0.707862 0.090328
v -0.100771 0.647598 0.082358
v -0.100711 0.635962 0.078388
v -0.162103 0.670519 0.039216
v -0.141063 0.574648 0.025983
v 0.047717 0.759246 0.072133
v -0.144238 0.687720 0.064413
v 0.176133 0.698682 0.032353
v -0.004717 0.630260 0.077951
v 0.150421 0.589367 0.005052
v 0.147079 0.580981 0.018072
v -0.162061 0.649721 0.039476
v -0.083973 0.604791 0.066659
v 0.055589 0.631801 0.132806
v -0.090238 0.628449 0.082996
v 0.029207 0.730340 0.131404
v -0.107469 0.603745 0.112428
v -0.034609 0.749291 0.087342
v -0.000193 0.704270 0.097515
v 0.043277 0.722138 0.123848
v 0.088253 0.571680 0.090086
v 0.004062 0.713058 0.138774
v -0.029538 0.695990 0.103271
v 0.076354 0.654255 0.082314
v -0.079347 0.678794 0.084853
v 0.174443 0.722696 0.044726
v -0.148782 0.655380 0.066505
v -0.089138 0.629288 0.092434
v 0.011178 0.717727 0.218730
v -0.040284 0.688359 0.150104
v -0.052066 0.681286 0.149093
v 0.080534 0.706604 0.089220
v 0.065728 0.614652 0.129629
v 0.103934 0.712423 0.086385
v -0.148501 0.593720 0.039290
v 0.055972 0.635565 0.070309
v 0.009440 0.754093 0.194134
v 0.005306 0.747933 0.183144
v -0.000498 0.740961 0.196847
v -0.023518 0.750450 0.060040
v 0.017636 0.749905 0.195759
v -0.002951 0.693535 0.099048
v -0.163861 0.627319 0.004768
v 0.051769 0.726457 0.091697
v 0.050110 0.726969 0.082721
v 0.129194 0.734156 0.074423
v 0.137699 0.722478 0.075958
v 0.146063 0.731622 0.067481
v 0.056365 0.643456 0.105351
v 0.121995 0.542440 0.046407
v -0.061028 0.625662 0.094367
v -0.125791 0.620952 0.054460
v 0.043613 0.652786 0.168152
v 0.182309 0.685969 0.002550
v 0.182045 0.696286 0.002246
v 0.158396 0.665520 0.031989
v 0.161601 0.682382 0.026098
v 0.162681 0.678158 0.036587
v -0.147275 0.717457 0.081970
v -0.142676 0.647272 0.050926
v -0.061458 0.640880 0.156429
v 0.037680 0.597944 0.062150
v 0.168023 0.682960 0.050940
v 0.164099 0.673948 0.035094
v 0.174137 0.683512 0.035739
v 0.105389 0.688419 0.081100
v 0.102965 0.701807 0.093066
v 0.051250 0.734889 0.090240
v 0.044396 0.733738 0.082442
v 0.041513 0.741770 0.087970
v 0.175251 0.701935 0.002171
v -0.042933 0.681199 0.197801
v 0.004831 0.719539 0.114763
v 0.014021 0.728176 0.125598
v -0.161410 0.681815 0.025629
v -0.164438 0.668680 0.018110
v 0.144788 0.619247 0.049109
v 0.174108 0.679336 0.021599
v 0.020947 0.762244 0.128298
v 0.058514 0.718207 0.090912
v 0.072056 0.711081 0.091376
v 0.063389 0.701515 0.089685
v 0.038908 0.715206 0.164936
v -0.073314 0.622968 0.139530
v -0.136727 0.588781 0.030547
v -0.125773 0.667945 0.067015
v -0.157264 0.631569 0.025278
v -0.121155 0.691615 0.085723
v 0.075674 0.635085 0.086910
v 0.091498 0.638456 0.090808
v 0.011158 0.719192 0.127313
v 0.076988 0.597741 0.070529
v -0.140889 0.665132 0.068179
v -0.008927 0.742086 0.057710
v 0.154906 0.601207 -0.011432
v 0.119607 0.600500 0.051537
v -0.110397 0.569607 0.063265
v -0.016569 0.713659 0.087529
v 0.126181 0.739651 0.084577
v 0.110496 0.731687 0.089303
v -0.146838 0.636549 0.053047
v 0.159452 0.619580 -0.011682
v 0.153449 0.663258 -0.005462
v -0.095956 0.622005 0.069771
v -0.093442 0.630085 0.074301
v -0.054423 0.677526 0.183684
v -0.062558 0.664841 0.173416
v -0.098663 0.749796 0.101091
v -0.107715 0.696991 0.098989
v 0.137667 0.591826 0.028020
v 0.180977 0.703004 0.015348
v -0.128220 0.591844 0.046957
v -0.113104 0.553179 0.086075
v -0.090673 0.585963 0.071795
v 0.146994 0.638062 0.052057
v 0.044314 0.697830 0.090872
v -0.050022 0.685787 0.106558
v -0.015360 0.775432 0.069539
v -0.010404 0.777419 0.059106
v -0.004398 0.768369 0.065406
v 0.130268 0.652893 0.070168
v 0.017743 0.740636 0.126733
v -0.138237 0.577488 0.044131
v -0.071770 0.644926 0.159009
v 0.102996 0.610045 0.072618
v -0.037752 0.760401 0.073387
v -0.052961 0.671735 0.125095
v 0.019007 0.753880 0.099485
v 0.112287 0.646199 0.079400
v -0.005524 0.720013 0.175622
v 0.068576 0.645907 0.075052
v -0.183521 0.705959 0.021274
v -0.018182 0.681962 0.098401
v -0.101124 0.720199 0.102780
v -0.090839 0.727960 0.100162
v -0.085274 0.712058 0.100556
v 0.115344 0.608705 0.055347
v 0.099740 0.650681 0.093650
v 0.091803 0.651042 0.088429
v 0.088739 0.662439 0.090425
v 0.087157 0.673379 0.074254
v 0.063757 0.687746 0.081102
v 0.138212 0.630068 0.043111
v 0.166454 0.695330 0.002467
v 0.069519 0.722500 0.080044
v 0.062936 0.720580 0.071245
v -0.044301 0.606380 0.083371
v 0.041299 0.671386 0.168349
v -0.028863 0.702644 0.171773
v -0.143778 0.606812 0.031110
v -0.141382 0.595508 0.035706
v -0.075003 0.652611 0.094081
v 0.015449 0.766663 0.087059
v 0.157372 0.606621 0.000431
v -0.074651 0.609982 0.127921
v 0.186006 0.726372 0.010258
v 0.023806 0.755373 0.158377
v -0.111197 0.711981 0.100394
v 0.162527 0.677160 -0.003591
v -0.079250 0.673805 0.086228
v -0.087082 0.686753 0.086089
v -0.070833 0.685502 0.084600
v -0.156851 0.599055 0.005538
v -0.155129 0.606964 0.011093
v -0.023087 0.715446 0.184080
v -0.181674 0.702828 0.010236
v 0.058337 0.662563 0.087302
v -0.149032 0.584168 0.023399
v -0.025002 0.711107 0.206335
v -0.084594 0.654744 0.086490
v -0.092856 0.666695 0.092929
v -0.082495 0.664176 0.086058
v 0.016813 0.761277 0.061863
v 0.084084 0.577469 0.097184
v 0.137888 0.692941 0.080959
v -0.107459 0.605119 0.064896
v -0.148853 0.654406 0.046249
v -0.093967 0.623022 0.128950
v 0.025790 0.721969 0.087133
v -0.031231 0.698116 0.159164
v -0.043223 0.718970 0.089842
v -0.104104 0.661911 0.085658
v -0.078906 0.616995 0.075801
v 0.160011 0.688252 0.040051
v -0.106583 0.590826 0.064703
v 0.189358 0.707882 0.000059
v 0.054082 0.633098 0.149667
v 0.007774 0.727240 0.224629
v -0.016384 0.680547 0.123813
v 0.117824 0.621199 0.064351
v 0.143638 0.556824 0.022582
v 0.140464 0.544172 0.019694
v -0.051295 0.677591 0.139324
v -0.038402 0.681907 0.129326
v -0.111032 0.615464 0.060595
v 0.017024 0.749667 0.066629
v -0.149180 0.623538 0.033246
v 0.010751 0.772950 0.125141
v -0.119590 0.594009 0.046994
v -0.121876 0.575981 0.045678
v -0.049170 0.711604 0.101195
v -0.138677 0.576283 0.033348
v 0.068173 0.746555 0.084718
v -0.145582 0.690699 0.071775
v 0.162848 0.639515 0.018647
v 0.124931 0.590742 0.040805
v 0.156236 0.662380 0.003946
v -0.144371 0.681070 0.055589
v 0.001332 0.616105 0.074737
v 0.163099 0.702213 0.057861
v 0.134318 0.696057 0.072916
v 0.017707 0.611053 0.067622
v -0.071684 0.665814 0.102590
v 0.144516 0.586790 0.036839
v 0.099655 0.744205 0.095995
v -0.105630 0.542337 0.074634
v -0.129332 0.700687 0.077906
v -0.119724 0.696576 0.099464
v -0.109139 0.701509 0.099855
v -0.126530 0.706330 0.100063
v -0.027995 0.685447 0.128408
v -0.009423 0.689015 0.131735
v 0.169842 0.686110 0.008335
v 0.087656 0.693122 0.083962
v 0.097388 0.659018 0.080543
v 0.078334 0.710626 0.082407
v -0.047495 0.672084 0.085608
v -0.064934 0.666009 0.083757
v -0.054554 0.660757 0.080881
v -0.155006 0.581462 -0.003878
v -0.131085 0.719384 0.090209
v 0.061977 0.636527 0.095705
v -0.031235 0.655663 0.094185
v -0.095716 0.632658 0.122506
v -0.056818 0.655267 0.102520
v 0.158043 0.634660 0.011375
v 0.155613 0.643102 0.025171
v -0.031395 0.679017 0.088203
v -0.141302 0.585915 0.024189
v -0.140087 0.578753 0.034161
v 0.030536 0.724651 0.155404
v -0.060080 0.710920 0.101533
v 0.080575 0.583563 0.104466
v 0.004050 0.739986 0.077045
v -0.001735 0.739382 0.099881
v 0.042665 0.575964 0.054023
v 0.006316 0.746473 0.210054
v -0.163336 0.676473 0.045687
v 0.045118 0.704426 0.074622
v 0.057064 0.702133 0.078256
v 0.035359 0.712952 0.078750
v 0.046186 0.715713 0.076150
v 0.058515 0.715409 0.081272
v 0.145741 0.650441 0.062816
v 0.162082 0.675620 0.051304
v 0.043550 0.717865 0.149221
v -0.024870 0.708537 0.197890
v -0.115178 0.560436 0.074065
v 0.164429 0.626216 0.004724
v 0.069578 0.745561 0.078945
v -0.133294 0.742089 0.087701
v -0.093570 0.612896 0.075970
v 0.042835 0.715873 0.087252
v -0.136657 0.554420 0.032997
v 0.100253 0.638908 0.079544
v -0.116676 0.749921 0.089293
v -0.060146 0.728138 0.103063
v -0.052217 0.741561 0.104616
v -0.060859 0.744211 0.105458
v -0.120673 0.610035 0.054257
v -0.076469 0.656605 0.143637
v -0.004980 0.641476 0.092276
v -0.031663 0.670852 0.117854
v 0.173986 0.712812 0.050562
v 0.111461 0.603543 0.070802
v 0.104207 0.617756 0.078231
v -0.074743 0.720419 0.102706
v -0.142690 0.686659 0.087183
v -0.115940 0.685712 0.086355
v -0.131927 0.686582 0.081481
v -0.126231 0.691152 0.089703
v -0.126692 0.562227 0.049729
v 0.143817 0.618941 0.046816
v 0.148226 0.641899 0.038947
v 0.092272 0.656326 0.099023
v 0.094915 0.640788 0.071308
v 0.043822 0.705175 0.172047
v 0.040620 0.695246 0.179674
v 0.044958 0.687278 0.171478
v -0.031931 0.696396 0.208830
v 0.078634 0.753330 0.083015
v 0.162612 0.721095 0.051135
v 0.049090 0.663237 0.130640
v 0.045828 0.653340 0.136733
v 0.049541 0.647089 0.121947
v 0.118773 0.711947 0.084304
v 0.123069 0.719891 0.081370
v 0.109084 0.723557 0.088965
v -0.105742 0.587983 0.109549
v 0.061415 0.620835 0.120930
v -0.034521 0.663477 0.080246
v 0.046644 0.642741 0.142544
v 0.169201 0.654686 0.001920
v 0.089918 0.566714 0.060277
v 0.131289 0.522828 0.015726
v 0.028303 0.669941 0.086178
v 0.041117 0.668420 0.085939
v 0.162250 0.683068 0.013692
v 0.157764 0.674344 0.007425
v -0.124364 0.534327 0.045667
v -0.158569 0.654611 0.046896
v 0.110148 0.711877 0.081577
v 0.097598 0.571367 0.073517
v -0.042701 0.729939 0.101427
v -0.118084 0.643005 0.072300
v 0.179153 0.723225 -0.004447
v 0.146986 0.603354 0.040238
v 0.134700 0.611762 0.041634
v 0.024164 0.714402 0.114006
v 0.168790 0.649619 -0.010662
v -0.050788 0.628457 0.083471
v -0.157441 0.645857 0.037169
v 0.056949 0.703498 0.126969
v 0.043421 0.715500 0.117775
v 0.144954 0.583592 0.037968
v 0.141828 0.595990 0.049006
v -0.003741 0.705484 0.151790
v 0.032586 0.683666 0.190738
v 0.046718 0.591568 0.056549
v -0.154270 0.668300 0.058569
v -0.031901 0.704420 0.194535
v 0.163994 0.631320 0.015172
v -0.077586 0.620066 0.091079
v 0.025555 0.707285 0.080502
v 0.158705 0.719330 0.063518
v 0.149728 0.717022 0.063360
v -0.135011 0.535547 0.035531
v -0.063289 0.633930 0.149725
v 0.071134 0.734541 0.098266
v -0.142250 0.728077 0.068627
v 0.155255 0.679120 0.064063
v -0.130795 0.652542 0.066367
v -0.121258 0.652355 0.068342
v 0.067044 0.609264 0.112835
v 0.072133 0.600943 0.119808
v 0.150229 0.735860 0.076463
v 0.159968 0.732904 0.072807
v 0.149942 0.723845 0.069626
v 0.112863 0.654829 0.071644
v 0.170482 0.719862 0.001990
v 0.089366 0.711929 0.093303
v -0.144579 0.568150 0.034672
v -0.138292 0.568462 0.042424
v 0.047239 0.689615 0.077608
v -0.122093 0.732897 0.097223
v 0.058488 0.651874 0.102942
v -0.119503 0.713309 0.103135
v -0.065333 0.629851 0.081837
v -0.001496 0.731252 0.230291
v -0.029392 0.603351 0.085744
v -0.165109 0.681075 0.018057
v -0.032953 0.647147 0.089279
v -0.108697 0.566298 0.098700
v -0.113242 0.562959 0.091745
v 0.068350 0.684963 0.093547
v 0.059193 0.686255 0.086122
v 0.057828 0.692719 0.086039
v -0.146824 0.713494 0.064100
v -0.142482 0.702973 0.068679
v -0.153319 0.697321 0.064203
v 0.114955 0.607217 0.065374
v -0.110241 0.649771 0.078103
v -0.109560 0.661154 0.074389
v 0.095104 0.689198 0.089244
v -0.085138 0.613970 0.131410
v 0.136746 0.611806 0.054977
v -0.122855 0.646995 0.087488
v -0.112727 0.647356 0.083515
v -0.113817 0.638525 0.075219
v 0.003483 0.712225 0.101166
v 0.174646 0.712460 0.003479
v 0.013919 0.750094 0.154805
v 0.010751 0.753057 0.166969
v 0.013313 0.742938 0.135494
v 0.013390 0.745735 0.146034
v 0.049292 0.691145 0.107360
v -0.017166 0.762700 0.075750
v -0.017841 0.750104 0.082472
v -0.162806 0.668206 0.045723
v 0.017101 0.772828 0.056449
v -0.029020 0.660475 0.107802
v -0.160400 0.656533 0.035700
v -0.055019 0.676213 0.098314
v 0.050613 0.646916 0.080841
v -0.123838 0.590559 0.060465
v -0.013377 0.714021 0.175992
v 0.132908 0.588839 0.046764
v 0.082324 0.648591 0.095531
v 0.053010 0.744389 0.072327
v -0.126899 0.621309 0.060035
v -0.063348 0.709637 0.102673
v 0.062399 0.619031 0.136757
v 0.055819 0.736007 0.083298
v -0.133069 0.515280 0.037070
v 0.134178 0.518326 0.010413
v 0.127224 0.607836 0.060408
v 0.159092 0.577488 0.018187
v 0.001350 0.691645 0.109884
v -0.031230 0.743013 0.099911
v 0.037374 0.744054 0.070877
v 0.121553 0.711879 0.082174
v 0.081307 0.585284 0.091279
v -0.092338 0.595329 0.062919
v 0.159219 0.611592 0.007088
v 0.027818 0.658060 0.090616
v 0.138572 0.725340 0.077563
v 0.146487 0.730797 0.078743
v 0.155119 0.721474 0.075587
v 0.140719 0.654915 0.070213
v -0.156328 0.603531 0.027690
v -0.141818 0.673212 0.056686
v -0.149476 0.658474 0.050163
v -0.060631 0.761644 0.086266
v -0.052543 0.704306 0.096278
v 0.024610 0.713439 0.201761
v -0.011489 0.738921 0.069450
v 0.085575 0.571557 0.070618
v 0.084089 0.582498 0.064457
v 0.171966 0.688466 0.011442
v 0.008634 0.741008 0.174488
v 0.010600 0.737124 0.160656
v 0.006713 0.727389 0.163027
v 0.164089 0.665455 -0.009495
v -0.031515 0.642559 0.082164
v -0.100625 0.552097 0.086718
v 0.082553 0.661057 0.087921
v 0.090732 0.664060 0.086983
v 0.178287 0.699390 0.009880
v 0.119154 0.673029 0.073407
v -0.065246 0.580808 0.063029
v -0.161254 0.637502 0.040506
v -0.114302 0.613932 0.072387
v -0.111847 0.689457 0.084520
v -0.123503 0.679325 0.077544
v -0.131313 0.607664 0.051101
v -0.046762 0.645970 0.086969
v -0.001072 0.717471 0.164143
v -0.164875 0.612343 0.000314
v -0.045697 0.661737 0.094503
v -0.151204 0.622294 0.024267
v -0.141679 0.592145 0.020700
v 0.141399 0.618843 0.036837
v 0.030333 0.765315 0.061124
v 0.007951 0.765711 0.072836
v 0.011384 0.759447 0.079133
v -0.061756 0.640008 0.087401
v 0.010485 0.623984 0.074891
v 0.004491 0.610585 0.068546
v -0.067886 0.664062 0.133415
v -0.075954 0.657973 0.087933
v 0.139301 0.533415 0.010048
v 0.033761 0.738177 0.147258
v 0.029829 0.729480 0.146697
v 0.032608 0.743031 0.155038
v -0.110904 0.594875 0.085186
v -0.106800 0.572607 0.054630
v 0.143683 0.618212 0.027612
v 0.148647 0.612048 0.022646
v 0.104689 0.547022 0.064000
v -0.099074 0.615411 0.123645
v -0.062553 0.693792 0.096037
v -0.143023 0.582702 0.021739
v 0.146737 0.545859 0.008453
v 0.098456 0.683638 0.078116
v -0.017091 0.620238 0.073974
v -0.023656 0.610188 0.071689
v -0.009771 0.605614 0.069211
v 0.083489 0.631382 0.086877
v -0.080072 0.685688 0.097433
v 0.041490 0.679726 0.081248
v 0.031638 0.691201 0.075516
v 0.034803 0.750642 0.060881
v -0.055854 0.735992 0.100576
v 0.072117 0.661089 0.085059
v 0.005470 0.582271 0.068931
v -0.139971 0.580829 0.032515
v 0.082274 0.576582 0.058777
v 0.084842 0.578934 0.056134
v 0.020726 0.602857 0.064690
v -0.061644 0.670766 0.167392
v 0.158612 0.675476 0.052412
v 0.026325 0.570896 0.063754
v 0.027159 0.584032 0.072915
v -0.150861 0.678854 0.041718
v -0.154617 0.689598 0.049580
v -0.161000 0.675357 0.049346
v -0.162376 0.684856 0.048756
v -0.058286 0.640173 0.080871
v -0.145006 0.737046 0.078848
v -0.149442 0.727993 0.073345
v 0.018693 0.756312 0.119972
v 0.020190 0.762961 0.107910
v 0.020542 0.772686 0.115806
v 0.011421 0.763582 0.152828
v 0.140916 0.595019 0.047285
v 0.116872 0.726768 0.086126
v -0.043977 0.756037 0.083331
v -0.024775 0.728068 0.100950
v -0.142714 0.590304 0.025197
v -0.045881 0.571227 0.065991
v 0.028128 0.753033 0.151144
v -0.142978 0.575158 0.025760
v 0.152263 0.653062 0.045012
v -0.003444 0.744986 0.106402
v -0.028160 0.725119 0.083752
v 0.110094 0.668902 0.083069
v 0.054450 0.744486 0.068534
v 0.131131 0.604275 0.049747
v 0.053882 0.708602 0.120683
v 0.055879 0.696523 0.121430
v 0.153577 0.618895 0.006401
v 0.040999 0.745496 0.078313
v -0.084109 0.644275 0.081519
v 0.150483 0.572402 0.024738
v 0.130950 0.734833 0.086913
v -0.152742 0.614715 0.025508
v 0.038079 0.718172 0.085744
v -0.147322 0.698874 0.074438
v 0.167104 0.711388 0.013542
v -0.013354 0.631720 0.077285
v -0.103930 0.697924 0.092857
v -0.089201 0.604042 0.079300
v -0.037087 0.698560 0.106736
v -0.084650 0.663906 0.093256
v 0.166115 0.734676 0.039792
v -0.120449 0.585904 0.050125
v 0.097514 0.612375 0.077639
v -0.037597 0.718764 0.101826
v 0.134387 0.583014 0.041782
v -0.034877 0.752486 0.070643
v -0.144453 0.621318 0.050058
v -0.144861 0.614287 0.040308
v -0.136208 0.629205 0.056297
v -0.133828 0.637571 0.065574
v 0.139892 0.599165 0.048981
v 0.073223 0.649888 0.073206
v 0.060795 0.649449 0.077020
v -0.046127 0.676594 0.122784
v 0.005081 0.711020 0.096878
v 0.002588 0.650581 0.094093
v 0.007674 0.746149 0.120910
v 0.132660 0.603866 0.058204
v 0.073900 0.666538 0.097584
v -0.147535 0.635746 0.049995
v -0.082365 0.626661 0.078114
v 0.119420 0.601053 0.067245
v 0.115788 0.548923 0.058031
v 0.139170 0.606099 0.043875
v 0.134692 0.590156 0.044514
v 0.138575 0.597472 0.034607
v -0.046842 0.723297 0.097892
v -0.007232 0.680187 0.099751
v 0.164303 0.634051 -0.002693
v 0.017980 0.731379 0.112956
v -0.078896 0.761371 0.100270
v -0.023541 0.740809 0.088065
v 0.084366 0.650862 0.077113
v 0.136951 0.639061 0.064040
v -0.058897 0.672781 0.137038
v 0.087601 0.634077 0.085711
v 0.053939 0.670166 0.088849
v 0.054588 0.673265 0.100975
v 0.046633 0.683015 0.097451
v 0.165290 0.717079 0.058938
v 0.097862 0.648430 0.076878
v -0.114794 0.589075 0.058287
v 0.153180 0.694303 0.054135
v -0.080425 0.653164 0.094175
v 0.038301 0.730217 0.084299
v 0.149862 0.642397 0.058616
v -0.022418 0.767748 0.055772
v 0.051661 0.655873 0.119918
v -0.130039 0.554133 0.044230
v -0.071881 0.643718 0.091683
v 0.103747 0.751180 0.096154
v -0.123464 0.739974 0.096482
v 0.024028 0.724390 0.199892
v -0.004171 0.673327 0.087165
v 0.002872 0.668761 0.085102
v 0.152674 0.613534 0.022365
v -0.135877 0.726458 0.084517
v -0.015943 0.694278 0.099172
v -0.091876 0.635972 0.090230
v 0.146638 0.714849 0.072019
v 0.151311 0.585874 0.029507
v -0.065529 0.670210 0.148694
v 0.160285 0.645671 0.012019
v -0.063499 0.758179 0.105502
v -0.064783 0.764798 0.096002
v -0.049808 0.759853 0.097302
v 0.030681 0.738671 0.163058
v 0.028875 0.730048 0.164568
v -0.167164 0.679712 0.015126
v 0.015434 0.747212 0.110203
v -0.001023 0.744267 0.072248
v -0.103739 0.618356 0.117400
v -0.121310 0.516762 0.045821
v 0.066425 0.609274 0.094349
v -0.071486 0.761297 0.091566
v -0.095559 0.649500 0.073752
v -0.001724 0.741888 0.062522
v 0.144839 0.711779 0.083077
v -0.162074 0.693102 0.047355
v -0.049861 0.684521 0.182916
v 0.016204 0.739368 0.067062
v 0.085871 0.592971 0.058537
v 0.040685 0.736481 0.072633
v -0.009780 0.693302 0.140885
v 0.171113 0.690213 0.028344
v -0.099880 0.624735 0.113205
v 0.080284 0.642203 0.071038
v 0.051371 0.698220 0.162202
v -0.000286 0.700216 0.141084
v 0.030413 0.739754 0.071038
v 0.171382 0.695136 0.033333
v 0.172048 0.691044 0.022336
v 0.168458 0.706296 0.031758
v -0.151925 0.608556 0.039398
v 0.116791 0.638223 0.067407
v 0.017456 0.776885 0.072499
v -0.099418 0.678882 0.087704
v 0.176394 0.714642 0.012672
v 0.177895 0.721945 0.009098
v -0.124445 0.662771 0.080271
v -0.120849 0.674044 0.073043
v -0.047777 0.697433 0.101421
v 0.016681 0.753866 0.136346
v 0.074639 0.693934 0.090381
v -0.174290 0.698892 0.012830
v 0.137222 0.538440 0.017113
v 0.050931 0.685647 0.152237
v 0.155092 0.599167 0.026670
v -0.033155 0.616773 0.080957
v -0.125934 0.604524 0.077246
v -0.120010 0.590196 0.074514
v -0.131603 0.595865 0.068965
v 0.048000 0.738021 0.076991
v 0.019295 0.763781 0.145152
v 0.047300 0.677682 0.148249
v 0.054484 0.690699 0.146711
v 0.037086 0.730211 0.079799
v 0.089472 0.748756 0.086574
v 0.126494 0.660212 0.067114
v -0.124498 0.673892 0.083695
v -0.092623 0.692103 0.095224
v 0.096884 0.614685 0.070369
v 0.122825 0.621271 0.055390
v 0.126498 0.613059 0.062663
v -0.168658 0.719111 0.040573
v -0.172139 0.714745 0.050989
v 0.066751 0.757709 0.091046
v 0.140701 0.579741 0.014309
v -0.146226 0.630312 0.037206
v 0.175628 0.701297 0.021869
v 0.014894 0.769679 0.135565
v -0.097554 0.659638 0.087030
v 0.043005 0.586261 0.066049
v 0.031700 0.586022 0.062574
v 0.055295 0.708866 0.088433
v -0.110813 0.658583 0.090257
v -0.072939 0.574524 0.057037
v 0.128525 0.531355 0.034617
v 0.064250 0.677119 0.082551
v -0.027115 0.739857 0.068066
v -0.030009 0.754822 0.083822
v 0.100581 0.670949 0.080916
v 0.065314 0.679662 0.116477
v 0.185884 0.716528 0.015163
v 0.190647 0.716076 -0.000489
v 0.150795 0.556821 0.017854
v -0.131601 0.612089 0.043010
v 0.008213 0.724401 0.098842
v -0.005635 0.715976 0.101617
v -0.102703 0.743006 0.095938
v -0.160299 0.670122 0.032523
v 0.179889 0.689417 0.021317
v -0.155622 0.717842 0.067375
v -0.015717 0.743405 0.079258
v -0.001645 0.737617 0.085140
v -0.072834 0.638810 0.082645
v -0.024780 0.741778 0.078749
v 0.136935 0.619617 0.051841
v -0.128922 0.571218 0.060709
v 0.160636 0.641663 0.016175
v -0.014716 0.673240 0.085509
v -0.021111 0.734863 0.078493
v -0.130958 0.580300 0.045754
v -0.129156 0.575717 0.036807
v 0.162972 0.640565 0.002320
v 0.009847 0.732335 0.137618
v 0.041158 0.578654 0.068894
v -0.012611 0.753512 0.046828
v 0.034427 0.698073 0.111132
v 0.038024 0.688023 0.104936
v 0.047043 0.699374 0.108116
v 0.091422 0.588520 0.057388
v 0.162412 0.664263 0.024507
v 0.136659 0.574448 0.031931
v -0.113283 0.607319 0.090440
v -0.113137 0.603537 0.098849
v -0.102715 0.613019 0.091087
v -0.043595 0.675263 0.191792
v -0.156928 0.698309 0.051357
v -0.150067 0.733455 0.062181
v 0.119034 0.572961 0.043819
v -0.136496 0.613562 0.053784
v -0.022386 0.708073 0.084371
v -0.052342 0.751773 0.088741
v -0.048507 0.754978 0.077839
v -0.141210 0.670074 0.080078
v -0.115688 0.737484 0.094761
v 0.086005 0.608156 0.065865
v 0.073711 0.590856 0.055835
v 0.069108 0.601499 0.055064
v 0.058350 0.597359 0.054561
v 0.105272 0.654289 0.070357
v -0.175976 0.679754 0.042903
v 0.117047 0.690106 0.081587
v -0.091937 0.567612 0.100522
v -0.016576 0.738911 0.100420
v -0.031110 0.765703 0.064930
v -0.004097 0.695516 0.077830
v -0.016091 0.719284 0.209653
v 0.126602 0.593154 0.055486
v -0.098590 0.689705 0.083727
v -0.112123 0.682796 0.086308
v 0.132968 0.716474 0.076436
v 0.151748 0.629042 0.039635
v 0.116941 0.662921 0.075217
v 0.117697 0.651612 0.070222
v 0.151911 0.619064 0.011861
v 0.008610 0.746874 0.063715
v -0.170672 0.674882 0.024396
v -0.157850 0.653933 0.054049
v 0.080133 0.690979 0.081694
v 0.010470 0.705441 0.075088
v 0.021529 0.703080 0.070365
v -0.012671 0.577484 0.064068
v -0.107398 0.737563 0.100336
v -0.061253 0.687040 0.100361
v -0.163595 0.637460 0.003380
v 0.111919 0.642540 0.075516
v 0.120427 0.640964 0.075375
v -0.112554 0.585596 0.059215
v -0.105878 0.585910 0.074631
v -0.106108 0.592665 0.061676
v 0.022951 0.763551 0.158160
v 0.084240 0.646519 0.069267
v 0.094458 0.641903 0.067745
v 0.112988 0.611350 0.072208
v 0.172538 0.686112 0.044751
v -0.015060 0.593619 0.082259
v 0.143331 0.611706 0.041123
v 0.120353 0.680254 0.079169
v -0.167357 0.676944 0.038221
v -0.026756 0.682039 0.101536
v -0.167892 0.674307 0.050737
v -0.057832 0.676812 0.153098
v 0.154723 0.676321 0.037804
v 0.151420 0.672708 0.046619
v -0.040128 0.682596 0.103450
v -0.112541 0.614624 0.076847
v 0.119402 0.622028 0.061349
v -0.057624 0.610898 0.080249
v 0.160786 0.708458 0.066329
v 0.156383 0.591522 0.008424
v 0.159015 0.591421 0.000394
v 0.153614 0.581431 0.002612
v 0.001777 0.740940 0.220169
v -0.129164 0.523759 0.050606
v -0.014483 0.716491 0.098233
v -0.069791 0.661375 0.158268
v 0.103430 0.631058 0.078696
v -0.085481 0.762714 0.095299
v -0.012209 0.706781 0.092107
v -0.003014 0.707082 0.082063
v 0.034961 0.609567 0.071996
v -0.004767 0.751992 0.061684
v -0.007638 0.759895 0.060425
v 0.160488 0.637736 0.029956
v 0.143746 0.703379 0.075303
v 0.139259 0.701792 0.064186
v 0.139408 0.693593 0.057411
v -0.003216 0.587355 0.071036
v -0.019854 0.662512 0.103950
v -0.011601 0.671071 0.101715
v -0.012607 0.673430 0.113246
v 0.158217 0.657578 0.036949
v 0.030159 0.725801 0.171577
v 0.162953 0.711608 0.064523
v -0.076718 0.649305 0.112934
v -0.157269 0.650228 0.023081
v -0.058030 0.697597 0.090438
v -0.036431 0.632379 0.071887
v -0.078824 0.654554 0.128213
v 0.164043 0.694943 0.030380
v -0.041289 0.708261 0.080839
v -0.031198 0.709258 0.079642
v -0.035829 0.714764 0.080096
v -0.137471 0.590853 0.052776
v 0.152019 0.611864 0.015282
v 0.104084 0.737492 0.096049
v -0.083294 0.600458 0.070285
v -0.080365 0.607204 0.075528
v -0.014252 0.699203 0.149916
v -0.020076 0.690178 0.137616
v 0.039879 0.712052 0.179515
v 0.105434 0.592584 0.065821
v -0.095907 0.605687 0.072332
v -0.034549 0.578236 0.074996
v -0.030873 0.572481 0.066355
v 0.107574 0.666809 0.081341
v -0.090767 0.632865 0.104875
v -0.081095 0.648797 0.097777
v 0.122802 0.516466 0.017853
v -0.111988 0.592786 0.070485
v 0.171824 0.651585 0.002479
v -0.067388 0.707127 0.100715
v -0.062628 0.684864 0.084880
v 0.016501 0.706963 0.085299
v -0.024332 0.679186 0.124806
v -0.120346 0.582383 0.046625
v -0.052897 0.620776 0.085309
v -0.138127 0.628580 0.063681
v 0.046041 0.641838 0.160300
v 0.016436 0.720695 0.213088
v -0.077118 0.712717 0.094810
v 0.037270 0.737718 0.082423
v -0.157215 0.629602 0.023074
v 0.004690 0.754836 0.187412
v 0.007367 0.720200 0.140383
v -0.099661 0.600179 0.121197
v -0.104756 0.585728 0.082764
v 0.150140 0.704793 0.061093
v 0.002708 0.741167 0.189452
v 0.011384 0.734621 0.149216
v -0.147493 0.690594 0.076752
v -0.065364 0.663018 0.125557
v -0.089410 0.571464 0.061202
v 0.178538 0.724274 0.028588
v 0.029926 0.753495 0.068199
v 0.018695 0.748792 0.063111
v 0.032645 0.712045 0.120021
v 0.129040 0.635128 0.058895
v 0.079037 0.605426 0.057510
v 0.069961 0.680766 0.088213
v 0.007271 0.761992 0.055776
v -0.068476 0.651976 0.089097
v -0.076593 0.639416 0.086207
v -0.063491 0.647269 0.083445
v -0.020795 0.681779 0.088630
v 0.029290 0.716806 0.081480
v 0.148457 0.711473 0.068940
v -0.123516 0.602465 0.070245
v -0.042658 0.640209 0.077771
v 0.033131 0.604213 0.066112
v 0.042704 0.737561 0.070710
v 0.143201 0.610835 0.025177
v -0.065888 0.612358 0.080881
v 0.158724 0.652499 0.023115
v -0.141000 0.587003 0.037805
v -0.144277 0.648614 0.058403
v 0.136449 0.576917 0.024250
v -0.042371 0.673004 0.098941
v -0.030786 0.670800 0.097621
v -0.023387 0.657245 0.093443
v 0.158242 0.651625 0.030310
v 0.156318 0.662799 0.036330
v 0.178182 0.703018 0.038969
v 0.014308 0.735419 0.213637
v 0.011823 0.734367 0.221082
v -0.001691 0.725818 0.101505
v 0.093747 0.576773 0.084195
v -0.153929 0.660761 0.010346
v -0.034580 0.688721 0.144067
v -0.003169 0.774970 0.055831
v 0.003936 0.752678 0.092815
v 0.000708 0.739770 0.093127
v 0.003039 0.743510 0.082066
v 0.052847 0.734726 0.064963
v 0.149994 0.565187 0.000702
v 0.153939 0.604081 0.009384
v 0.036498 0.664080 0.181375
v 0.166592 0.670282 0.019057
v -0.128258 0.653983 0.067474
v -0.135787 0.585053 0.025046
v -0.135271 0.593821 0.039974
v -0.135420 0.588560 0.047467
v 0.094605 0.663377 0.073973
v 0.016315 0.766280 0.166062
v 0.072425 0.628016 0.084701
v -0.082942 0.708419 0.098759
v -0.111971 0.727428 0.106637
v -0.134636 0.593162 0.053853
v -0.071960 0.658385 0.126869
v -0.071404 0.662437 0.140745
v -0.107237 0.611847 0.112488
v -0.133997 0.601848 0.063436
v 0.070375 0.753732 0.079349
v -0.180938 0.713094 0.022429
v 0.145923 0.673243 0.070231
v 0.147727 0.669465 0.055340
v 0.126001 0.617897 0.053496
v 0.122814 0.631169 0.058405
v 0.003618 0.713530 0.154215
v 0.064456 0.658607 0.083716
v 0.147598 0.568608 0.011876
v 0.048824 0.603786 0.065508
v 0.046071 0.610708 0.071454
v 0.045301 0.595696 0.063115
v 0.062004 0.615972 0.102225
v -0.072983 0.634113 0.083612
v -0.150352 0.590612 0.007551
v -0.102993 0.684708 0.091606
v -0.156942 0.621419 0.018500
v 0.039979 0.708768 0.120114
v -0.179857 0.714110 0.037927
v -0.137783 0.681308 0.068899
v -0.130207 0.680759 0.068955
v -0.136893 0.687525 0.063807
v -0.011207 0.731424 0.200369
v -0.008124 0.728939 0.188072
v 0.166640 0.640436 0.003904
v -0.072648 0.655223 0.101670
v 0.024571 0.742747 0.168937
v 0.022189 0.751038 0.167110
v 0.107197 0.615990 0.068583
v 0.110080 0.622162 0.073997
v -0.163339 0.635006 0.021615
v -0.169813 0.633699 0.016707
v -0.169924 0.626151 0.012159
v 0.006532 0.598027 0.066608
v -0.066023 0.572746 0.061867
v 0.105662 0.681467 0.077220
v 0.025471 0.732759 0.122556
v -0.086926 0.720785 0.098097
v 0.171291 0.707016 0.052200
v -0.068674 0.654401 0.164608
v 0.040904 0.693170 0.082868
v 0.034533 0.684773 0.090612
v 0.150833 0.579730 0.012528
v -0.165240 0.681362 0.058351
v 0.121002 0.617538 0.070191
v -0.167093 0.690104 0.050918
v -0.173993 0.694908 0.048307
v -0.165688 0.705819 0.049943
v -0.144269 0.590734 0.028429
v -0.039984 0.681506 0.137098
v 0.172185 0.705308 0.023895
v 0.005329 0.731094 0.093017
v -0.082342 0.630231 0.082492
v 0.020261 0.737844 0.099514
v 0.118632 0.707361 0.084446
v 0.167838 0.712159 0.041102
v 0.054848 0.672693 0.089700
v 0.062262 0.671310 0.094503
v 0.053542 0.679534 0.085740
v 0.006570 0.765459 0.104791
v 0.020299 0.694624 0.201510
v -0.164688 0.647630 0.025636
v -0.162586 0.644535 0.014610
v 0.066687 0.679918 0.098937
v -0.144329 0.573750 0.035961
v -0.051641 0.745405 0.096181
v 0.142056 0.658665 0.064535
v 0.118754 0.728314 0.093369
v -0.106598 0.626661 0.074247
v 0.043420 0.676810 0.093086
v 0.177560 0.704146 0.027004
v -0.115375 0.673878 0.085726
v -0.032754 0.650524 0.100358
v -0.087025 0.700678 0.097053
v -0.038463 0.735441 0.094354
v -0.031230 0.736052 0.090789
v -0.080140 0.725520 0.099032
v -0.072814 0.720735 0.093002
v 0.055567 0.682170 0.126789
v 0.162669 0.663876 0.039154
v -0.129800 0.589465 0.051351
v -0.045485 0.699005 0.084611
v 0.118085 0.585942 0.050881
v 0.109197 0.579088 0.059407
v 0.113837 0.589559 0.062621
v 0.140819 0.526044 0.018726
v 0.127911 0.530000 0.017508
v -0.012093 0.740273 0.072808
v 0.049165 0.698319 0.084274
v 0.123559 0.593032 0.056292
v 0.108722 0.745014 0.087649
v 0.055474 0.631022 0.124780
v 0.033387 0.737081 0.131309
v -0.002381 0.682199 0.086042
v -0.101574 0.574686 0.104102
v -0.102685 0.563103 0.094669
v 0.113818 0.638503 0.078379
v 0.125523 0.653465 0.075291
v 0.173288 0.689057 0.014869
v 0.131036 0.589995 0.055769
v 0.134135 0.544579 0.021313
v -0.043456 0.619877 0.078130
v -0.041585 0.626449 0.073359
v 0.090167 0.591310 0.065087
v 0.020797 0.732124 0.086341
v 0.010971 0.765049 0.060122
v 0.114835 0.599383 0.065098
v 0.024529 0.747842 0.141486
v -0.088555 0.639227 0.131588
v 0.151912 0.592122 -0.013147
v -0.007933 0.737984 0.091435
v 0.094971 0.687250 0.087829
v -0.077268 0.641607 0.154573
v 0.051467 0.677628 0.138758
v -0.112141 0.678234 0.085757
v 0.079568 0.745354 0.093344
v -0.074632 0.751594 0.107588
v 0.145900 0.589440 0.025180
v -0.081453 0.641413 0.094988
v -0.149933 0.587731 0.034734
v -0.007291 0.593011 0.079597
v 0.141355 0.615451 0.036021
v 0.076225 0.658434 0.099522
v 0.177617 0.676189 0.015401
v -0.137385 0.647571 0.077442
v 0.018155 0.744432 0.201739
v 0.191565 0.723431 0.001897
v -0.029884 0.760221 0.076934
v 0.053655 0.706734 0.140075
v -0.055080 0.754800 0.100202
v -0.047587 0.746342 0.099973
v 0.096037 0.662823 0.079969
v -0.084441 0.697180 0.088703
v -0.169644 0.641071 0.013189
v -0.175122 0.699783 0.034118
v -0.094601 0.744662 0.105082
v -0.075638 0.631656 0.147617
v 0.035395 0.648723 0.089997
v 0.169074 0.667601 0.026382
v 0.162693 0.662508 0.014305
v -0.046587 0.765013 0.086089
v -0.042024 0.731976 0.100269
v -0.050617 0.719717 0.097003
v 0.045691 0.662548 0.147016
v 0.106354 0.638748 0.067318
v 0.038959 0.702228 0.116090
v -0.060103 0.749944 0.101151
v -0.056656 0.749560 0.093725
v -0.078840 0.620308 0.080520
v -0.065404 0.739720 0.110125
v -0.067453 0.732066 0.110006
v 0.106730 0.711931 0.088515
v 0.075181 0.593634 0.094944
v 0.087034 0.608924 0.078431
v 0.073753 0.607294 0.075018
v -0.052420 0.574058 0.062718
v 0.159847 0.588883 0.009774
v 0.161842 0.732767 0.046177
v 0.067944 0.687256 0.084171
v -0.163405 0.707349 0.038603
v -0.178581 0.709649 0.032361
v -0.038658 0.747670 0.099102
v -0.048257 0.735776 0.100237
v -0.165056 0.655947 0.023085
v -0.156540 0.714812 0.056240
v -0.095013 0.706157 0.097492
v -0.035816 0.710164 0.094465
v 0.136534 0.736583 0.074806
v 0.060157 0.704660 0.110104
v 0.113794 0.716051 0.093423
v 0.105319 0.721661 0.098710
v -0.018097 0.703401 0.159586
v -0.022028 0.706060 0.170375
v -0.108082 0.577120 0.087279
v -0.109016 0.572181 0.075555
v 0.095478 0.699523 0.093194
v 0.073596 0.722797 0.096516
v 0.150871 0.696051 0.070692
v 0.157809 0.696286 0.064094
v 0.135961 0.628243 0.059014
v 0.148028 0.686939 0.068310
v 0.012819 0.769054 0.061909
v 0.010655 0.772065 0.062963
v -0.031323 0.703078 0.186983
v -0.003140 0.709675 0.097713
v -0.155596 0.673619 0.018504
v 0.022479 0.732193 0.200334
v -0.121087 0.548104 0.068659
v 0.115342 0.629521 0.070900
v 0.047330 0.576490 0.060303
v -0.093868 0.693984 0.095942
v 0.177769 0.673173 0.001681
v 0.086997 0.652504 0.074599
v 0.054841 0.605780 0.061040
v 0.070465 0.730148 0.079225
v 0.080096 0.725474 0.082371
v 0.081232 0.737957 0.085871
v -0.106232 0.619133 0.077368
v 0.113277 0.701999 0.092150
v 0.104151 0.705022 0.088211
v -0.120758 0.744434 0.085659
v 0.120658 0.695262 0.084276
v -0.125626 0.611410 0.048480
v 0.028099 0.697335 0.090805
v -0.166030 0.685978 0.023543
v -0.134777 0.678283 0.069364
v 0.099111 0.562338 0.067425
v 0.090158 0.622848 0.083901
v -0.001927 0.744722 0.054481
v 0.135099 0.639836 0.056635
v 0.025440 0.740312 0.177108
v 0.019865 0.752929 0.181101
v 0.032936 0.752298 0.078392
v 0.028385 0.749603 0.067241
v 0.019032 0.751502 0.068743
v 0.034830 0.626870 0.082685
v 0.008270 0.765482 0.093684
v -0.090776 0.618436 0.078008
v 0.102152 0.570009 0.059344
v 0.097924 0.566385 0.057640
v 0.107066 0.558616 0.053766
v -0.166657 0.681225 0.020428
v 0.033686 0.725368 0.077831
v -0.175530 0.670020 0.038750
v 0.099834 0.584732 0.062271
v 0.048409 0.685870 0.164669
v 0.053217 0.694521 0.153151
v -0.033181 0.762922 0.079896
v -0.125824 0.714200 0.098150
v -0.138458 0.622399 0.054752
v 0.004101 0.682138 0.081245
v -0.017353 0.637532 0.086864
v 0.093444 0.741931 0.092360
v 0.152819 0.559229 0.004529
v -0.007536 0.656656 0.086895
v 0.072117 0.718416 0.088718
v -0.150352 0.648782 0.051944
v 0.160262 0.632775 -0.011820
v 0.095186 0.624247 0.080232
v 0.026493 0.591110 0.064828
v -0.150408 0.695428 0.058261
v 0.113051 0.706998 0.079247
v -0.075802 0.711039 0.099401
v -0.043467 0.652801 0.088293
v -0.043259 0.658919 0.082793
v 0.133577 0.725875 0.087787
v -0.108453 0.602724 0.064443
v 0.096115 0.730815 0.096268
v 0.087602 0.747244 0.095454
v 0.088629 0.756553 0.091737
v -0.132642 0.644865 0.065255
v -0.141538 0.649945 0.061403
v 0.072090 0.679030 0.105773
v 0.137689 0.711301 0.086167
v 0.054457 0.726420 0.081579
v 0.061874 0.723238 0.078428
v 0.059150 0.732066 0.089427
v 0.096679 0.597376 0.073165
v -0.044337 0.703848 0.085452
v -0.049995 0.652005 0.087955
v 0.177908 0.690844 0.032658
v 0.173845 0.693555 0.046770
v 0.087802 0.705050 0.087625
v -0.071412 0.632698 0.096388
v 0.051641 0.707682 0.080783
v -0.126021 0.539189 0.055983
v -0.120116 0.544967 0.057225
v 0.008948 0.755135 0.060254
v 0.167528 0.704251 0.043946
v 0.018534 0.775667 0.132525
v 0.082695 0.678803 0.086102
v -0.020876 0.647344 0.090389
v -0.117330 0.744729 0.098521
v 0.050343 0.739975 0.089419
v 0.060130 0.695489 0.102413
v 0.071924 0.691796 0.106310
v 0.185942 0.709022 0.013161
v -0.116936 0.664979 0.076574
v -0.085430 0.610020 0.085535
v -0.140352 0.675149 0.065483
v 0.147851 0.565331 0.023882
v 0.076720 0.755126 0.089845
v 0.113364 0.547396 0.035638
v 0.140191 0.593177 0.035126
v -0.178516 0.681264 0.020057
v 0.023224 0.712459 0.099716
v -0.163279 0.666459 0.014819
v -0.093211 0.755289 0.101214
v -0.083946 0.744881 0.097704
v 0.110911 0.580205 0.055386
v 0.112837 0.735890 0.083121
v 0.035929 0.718879 0.074378
v -0.043548 0.743993 0.092542
v -0.069662 0.619107 0.133875
v 0.014729 0.754436 0.132437
v -0.003038 0.727514 0.099212
v -0.001190 0.721111 0.095305
v 0.151933 0.579874 -0.000716
v 0.074412 0.681183 0.080377
v -0.113955 0.713962 0.092796
v 0.164501 0.690900 0.045489
v 0.124976 0.532298 0.023870
v -0.015865 0.604574 0.073493
v 0.147812 0.723502 0.067307
v -0.168711 0.657729 0.041869
v -0.157751 0.653246 0.008717
v 0.013042 0.756185 0.054453
v -0.062210 0.686411 0.089824
v -0.064707 0.678659 0.088448
v 0.034732 0.742540 0.069599
v 0.031634 0.732123 0.066084
v -0.008827 0.713414 0.098014
v 0.122870 0.645036 0.068011
v 0.001382 0.624068 0.075352
v 0.147357 0.634810 0.049974
v 0.103827 0.554254 0.045357
v 0.038748 0.735770 0.079627
v -0.025094 0.713863 0.087389
v -0.019009 0.716332 0.097415
v 0.168751 0.724245 0.027842
v -0.170947 0.721177 0.047342
v -0.035705 0.698935 0.198178
v 0.048631 0.667737 0.088938
v 0.005066 0.773583 0.064523
v -0.000122 0.765106 0.060030
v -0.067374 0.720334 0.103515
v -0.181599 0.682421 0.032584
v 0.014069 0.753618 0.088310
v 0.062621 0.588235 0.055687
v -0.056618 0.645028 0.160879
v 0.133074 0.652627 0.063189
v 0.131316 0.646039 0.067277
v -0.178247 0.704827 0.020888
v -0.180343 0.703493 0.016987
v -0.118574 0.727151 0.100757
v -0.116823 0.720065 0.104607
v 0.128613 0.598530 0.058356
v 0.105648 0.645138 0.083016
v 0.039076 0.718997 0.182203
v -0.016960 0.716549 0.076557
v -0.012269 0.723490 0.076591
v -0.023252 0.716407 0.071565
v 0.110295 0.659338 0.077233
v -0.182723 0.700403 0.036952
v 0.062915 0.661962 0.093520
v -0.082273 0.590190 0.115215
v -0.152630 0.671121 0.048180
v -0.065824 0.744455 0.098005
v -0.079221 0.737082 0.100561
v -0.074735 0.745933 0.103211
v -0.038998 0.648877 0.094622
v -0.140574 0.725619 0.082789
v -0.130067 0.735475 0.088291
v -0.091951 0.625731 0.135646
v -0.125985 0.653515 0.073084
v 0.117040 0.628392 0.067829
v 0.048809 0.585857 0.061021
v -0.070483 0.753814 0.096801
v -0.057200 0.627331 0.079948
v -0.099145 0.621603 0.102101
v -0.114856 0.657137 0.069416
v 0.035247 0.724229 0.087086
v 0.151117 0.636105 0.025465
v 0.157712 0.630695 0.029925
v 0.075235 0.746138 0.091618
v 0.017475 0.656548 0.091096
v 0.048179 0.682806 0.080918
v 0.050916 0.660806 0.089651
v 0.126537 0.599001 0.054746
v -0.108365 0.625137 0.068985
v 0.142838 0.631145 0.037751
v -0.001201 0.759173 0.111496
v 0.003209 0.751533 0.117576
v -0.021370 0.590282 0.080092
v -0.013043 0.771647 0.054758
v -0.019628 0.769235 0.068175
v -0.153379 0.617146 0.029362
v 0.106054 0.671297 0.076533
v -0.133245 0.560366 0.036013
v 0.025414 0.739448 0.076709
v -0.023465 0.694115 0.148484
v 0.158133 0.725219 0.055018
v -0.084941 0.674046 0.084087
v -0.076483 0.667965 0.094645
v -0.001971 0.763727 0.057211
v -0.130714 0.592827 0.057498
v 0.123491 0.616509 0.065066
v -0.005218 0.599879 0.072485
v -0.012314 0.625662 0.071730
v 0.181792 0.698087 0.009777
v -0.155670 0.684250 0.035194
v 0.123244 0.727267 0.082094
v 0.122089 0.744590 0.080054
v 0.159985 0.726698 0.064477
v -0.112065 0.730381 0.100000
v 0.010258 0.754575 0.076024
v -0.066022 0.624121 0.138240
v -0.010044 0.684155 0.126027
v -0.161289 0.677454 0.042170
v 0.162386 0.669914 0.028850
v -0.134265 0.726196 0.089542
v 0.172773 0.680094 0.029069
v -0.045903 0.581878 0.074070
v -0.055798 0.580346 0.070942
v -0.088567 0.602080 0.122931
v -0.076587 0.602185 0.122619
v -0.173874 0.684523 0.026647
v -0.039548 0.749228 0.089097
v 0.145801 0.693910 0.054069
v -0.023338 0.723844 0.070691
v -0.091941 0.655674 0.084076
v 0.136624 0.637677 0.049268
v -0.146981 0.584259 0.041202
v -0.072986 0.656495 0.150447
v -0.052597 0.650286 0.088511
v -0.063505 0.652447 0.090926
v -0.065420 0.643857 0.086764
v 0.127087 0.593817 0.048951
v 0.012905 0.637727 0.089129
v 0.020067 0.761931 0.055919
v -0.078682 0.607508 0.071513
v 0.162148 0.724029 0.038330
v -0.119047 0.541835 0.071978
v -0.119279 0.536111 0.066558
v -0.006206 0.717568 0.088087
v -0.017314 0.728190 0.068161
v -0.094495 0.624731 0.091730
v -0.116742 0.631400 0.065371
v -0.056794 0.666509 0.111981
v 0.120847 0.580376 0.052191
v 0.055325 0.742590 0.076019
v 0.008878 0.748245 0.058059
v -0.086681 0.679788 0.083574
v -0.136631 0.577175 0.055814
v -0.131249 0.586942 0.063437
v -0.136688 0.586479 0.058176
v -0.156169 0.676866 0.011852
v -0.000281 0.774029 0.063274
v -0.164168 0.657917 0.018228
v -0.123766 0.684340 0.081574
v 0.001652 0.759936 0.054391
v 0.066900 0.715278 0.085007
v 0.071510 0.685906 0.098354
v 0.080443 0.681061 0.099886
v -0.087372 0.730477 0.105250
v 0.008986 0.724119 0.150842
v 0.115809 0.589996 0.061159
v 0.132713 0.699783 0.077349
v 0.171623 0.699737 0.050559
v 0.167637 0.699953 0.057071
v -0.028131 0.755820 0.063153
v 0.071966 0.632928 0.065355
v 0.157719 0.669311 0.025483
v 0.139696 0.699391 0.077324
v 0.127702 0.703636 0.084383
v -0.079245 0.665062 0.102732
v 0.014520 0.735593 0.123871
v 0.008498 0.731778 0.121282
v -0.169231 0.696032 0.017719
v -0.065697 0.646551 0.097327
v 0.118387 0.526742 0.038779
v 0.026535 0.740018 0.087376
v 0.154708 0.580951 0.027542
v 0.146651 0.583738 0.021472
v -0.155902 0.639175 0.046695
v 0.128534 0.740750 0.091337
v 0.075317 0.670337 0.090665
v 0.152585 0.577944 0.004777
v 0.012334 0.759934 0.065532
v -0.094159 0.673123 0.089239
v -0.081249 0.616120 0.084357
v -0.097003 0.695029 0.094543
v 0.013020 0.744241 0.063248
v -0.149410 0.720303 0.070927
v 0.149452 0.707792 0.071766
v 0.158992 0.717883 0.070585
v 0.069173 0.667464 0.109958
v 0.144229 0.678672 0.077295
v 0.152246 0.585500 0.010214
v -0.063048 0.673128 0.085930
v 0.091105 0.672923 0.089551
v -0.134810 0.561010 0.043137
v -0.054302 0.675403 0.087372
v -0.047870 0.682929 0.089275
v 0.120724 0.665917 0.074094
v 0.151528 0.626792 0.018606
v -0.059001 0.688986 0.081158
v -0.177408 0.701186 0.046787
v 0.131500 0.527931 0.011706
v -0.126144 0.510792 0.031833
v -0.062047 0.653287 0.168553
v -0.127231 0.642303 0.067726
v 0.135554 0.581478 0.032843
v 0.141570 0.587645 0.028350
v 0.144210 0.580341 0.021402
v 0.018186 0.684140 0.079866
v -0.005882 0.753482 0.069651
v 0.051026 0.637555 0.134225
v -0.162223 0.656910 0.048853
v -0.045943 0.704540 0.087706
v 0.120735 0.523865 0.026305
v -0.125705 0.593907 0.056248
v -0.103854 0.698838 0.089582
v -0.108197 0.693435 0.088255
v -0.113497 0.662162 0.080870
v -0.106267 0.667639 0.089234
v 0.177253 0.716088 0.034432
v 0.126586 0.632277 0.067422
v 0.028121 0.678516 0.080193
v -0.153620 0.704619 0.064374
v 0.058063 0.752058 0.077541
v 0.169847 0.714387 0.057684
v 0.069514 0.692699 0.080559
v 0.095700 0.658664 0.087086
v 0.141719 0.716175 0.077756
v -0.063587 0.592202 0.068052
v 0.097879 0.698772 0.094031
v 0.089183 0.703093 0.088323
v -0.156119 0.650041 0.039499
v 0.130376 0.553366 0.030946
v 0.148773 0.689036 0.071855
v 0.144319 0.694244 0.075013
v 0.148855 0.574228 0.031627
v 0.139919 0.571751 0.033487
v 0.022091 0.627749 0.085467
v -0.175666 0.692701 0.029003
v 0.059292 0.695591 0.086756
v 0.144272 0.587508 0.027207
v -0.180216 0.670584 0.022873
v 0.134172 0.744191 0.081515
v 0.142459 0.741748 0.085273
v -0.115163 0.526174 0.055573
v 0.149721 0.586654 0.021575
v 0.109597 0.612993 0.058027
v -0.009023 0.708690 0.160918
v -0.036997 0.745511 0.073072
v -0.161725 0.659616 0.017511
v 0.100066 0.629293 0.067971
v -0.089784 0.732141 0.105908
v 0.123288 0.575684 0.038430
v -0.119236 0.602863 0.064238
v 0.044792 0.645112 0.149396
v -0.161142 0.706655 0.056174
v 0.031285 0.744619 0.063946
v 0.039078 0.725924 0.086911
v 0.031397 0.574388 0.059535
v -0.086033 0.748753 0.107102
v -0.110239 0.744418 0.101455
v 0.042310 0.747008 0.082827
v -0.014030 0.650286 0.089904
v -0.009704 0.728089 0.208366
v -0.140864 0.687154 0.056541
v -0.144313 0.681467 0.053454
v -0.127130 0.583859 0.047145
v -0.151338 0.683657 0.052784
v 0.053879 0.617525 0.066763
v -0.161140 0.651331 0.024167
v -0.074186 0.728275 0.108804
v -0.168402 0.656444 0.027117
v -0.000084 0.732771 0.182388
v 0.125264 0.716657 0.086023
v -0.041063 0.672393 0.081812
v -0.049884 0.656429 0.173933
v -0.104863 0.726547 0.103151
v -0.099630 0.735977 0.108987
v -0.178507 0.670489 0.031937
v 0.056908 0.656418 0.108963
v 0.134685 0.729743 0.077112
v -0.148737 0.678965 0.073007
v 0.024585 0.761322 0.062428
v -0.117403 0.549288 0.062521
v 0.100105 0.712121 0.092576
v -0.123083 0.614051 0.063516
v -0.058294 0.726681 0.098932
v 0.085296 0.666973 0.089542
v 0.082825 0.628219 0.069677
v 0.166977 0.679961 0.030769
v 0.015558 0.741325 0.119670
v -0.173440 0.685803 0.022413
v 0.039258 0.686687 0.085485
v -0.157504 0.680406 0.026176
v -0.160583 0.673439 0.023332
v -0.111833 0.603762 0.075170
v -0.001833 0.732436 0.098680
v -0.109139 0.750276 0.090203
v 0.128309 0.685813 0.078764
v 0.077135 0.672600 0.095200
v 0.035363 0.723524 0.121334
v 0.165366 0.633239 0.003704
v 0.002771 0.581998 0.076033
v -0.127862 0.681536 0.071674
v -0.150156 0.647460 0.056966
v -0.065937 0.632854 0.083038
v -0.120111 0.566630 0.055977
v -0.121464 0.560230 0.044641
v -0.115832 0.555403 0.050170
v -0.120046 0.584161 0.059445
v -0.157999 0.588507 -0.005752
v 0.106945 0.678860 0.085374
v 0.118844 0.683040 0.082411
v 0.054028 0.691262 0.075451
v 0.134856 0.528178 0.015500
v -0.027832 0.767139 0.071707
v 0.013882 0.742935 0.122758
v 0.108727 0.557102 0.069381
v 0.122524 0.607779 0.057217
v -0.027840 0.710349 0.182462
v -0.152337 0.716681 0.060432
v -0.107585 0.713778 0.097983
v -0.010516 0.763597 0.054860
v -0.027939 0.767130 0.074789
v 0.068058 0.614986 0.085926
v 0.060588 0.641157 0.069860
v -0.089116 0.608684 0.128217
v 0.061210 0.669889 0.102445
v 0.130098 0.583655 0.047189
v -0.048196 0.600328 0.081826
v 0.100488 0.666211 0.084492
v -0.131326 0.733644 0.077763
v 0.157217 0.641429 0.035599
v -0.018254 0.712310 0.219632
v 0.086341 0.584377 0.096571
v -0.146015 0.600586 0.040215
v 0.092995 0.616902 0.068633
v 0.012963 0.767721 0.080943
v 0.010083 0.748197 0.072553
v -0.069141 0.660174 0.085795
v 0.023065 0.768187 0.121043
v 0.022191 0.767154 0.133686
v -0.131747 0.601037 0.053066
v 0.170222 0.715618 0.020909
v 0.108676 0.550069 0.048677
v -0.008946 0.729897 0.218212
v -0.159965 0.638145 0.026244
v -0.021803 0.668829 0.093962
v 0.156811 0.651872 0.032921
v 0.136850 0.663948 0.069833
v 0.130471 0.699841 0.068042
v 0.062164 0.685764 0.100096
v -0.077230 0.626006 0.079301
v 0.135548 0.583699 0.023530
v -0.112806 0.542819 0.076024
v -0.112899 0.590696 0.076355
v 0.043211 0.633907 0.078330
v 0.060830 0.630095 0.070519
v 0.071018 0.639804 0.066586
v 0.053584 0.628678 0.070051
v -0.110403 0.574737 0.049261
v 0.037559 0.620788 0.079831
v -0.160129 0.645877 0.032399
v 0.095205 0.651646 0.085299
v -0.086825 0.579621 0.107758
v -0.072283 0.675900 0.098999
v -0.129550 0.666449 0.073768
v -0.139229 0.659992 0.073376
v 0.057612 0.696620 0.092430
v 0.050363 0.705808 0.084832
v 0.109599 0.698736 0.090979
v -0.042953 0.659260 0.106332
v -0.151283 0.653309 0.044213
v -0.164383 0.666159 0.030374
v -0.162812 0.674344 0.041648
v -0.165802 0.663518 0.040790
v -0.077578 0.614232 0.077998
v -0.057547 0.669734 0.095923
v -0.061961 0.677061 0.100599
v -0.067470 0.664681 0.096805
v 0.048146 0.653469 0.083487
v 0.170240 0.726147 0.049619
v -0.026392 0.576394 0.061675
v -0.025054 0.632472 0.073778
v 0.130290 0.663918 0.072749
v 0.075543 0.578723 0.058881
v 0.152681 0.585421 0.016873
v 0.052473 0.572473 0.060143
v 0.165158 0.653378 0.017008
v 0.026476 0.706935 0.198628
v -0.088752 0.719154 0.099802
v 0.085652 0.699657 0.083498
v 0.144270 0.642982 0.063112
v 0.098273 0.634175 0.074160
v -0.073275 0.595630 0.070083
v 0.106710 0.643661 0.086932
v -0.132152 0.668786 0.063708
v 0.157534 0.618529 0.006573
v 0.155670 0.656442 0.050551
v -0.010845 0.617684 0.070892
v -0.156401 0.649025 0.050023
v -0.164495 0.720663 0.056854
v -0.162304 0.728117 0.057457
v -0.114800 0.555353 0.079352
v -0.027240 0.746838 0.089792
v 0.160759 0.654809 0.024445
v -0.065636 0.751788 0.087279
v -0.168486 0.752846 -0.011069
v -0.164350 0.753300 -0.025670
v -0.156301 0.754784 -0.039031
v -0.145420 0.757342 -0.048575
v -0.133551 0.758798 -0.055455
v -0.120900 0.759931 -0.061547
v -0.107776 0.760543 -0.068239
v -0.093598 0.761065 -0.070415
v -0.079105 0.760773 -0.073056
v -0.064424 0.762092 -0.070729
v -0.048964 0.762230 -0.070817
v -0.034033 0.762434 -0.071980
v -0.018656 0.762860 -0.072290
v -0.004308 0.762436 -0.074358
v 0.009200 0.761102 -0.076914
v 0.023267 0.759959 -0.074672
v 0.037366 0.759724 -0.073678
v 0.051177 0.760619 -0.076019
v 0.065304 0.760523 -0.076051
v 0.079103 0.759827 -0.073148
v 0.093449 0.759248 -0.073240
v 0.107470 0.758600 -0.071400
v 0.120515 0.757130 -0.068729
v 0.133001 0.756142 -0.063833
v 0.143420 0.754354 -0.055940
v 0.153020 0.752567 -0.046881
v 0.160582 0.751040 -0.035276
v 0.166290 0.751892 -0.022760
v 0.013011 0.672074 -0.074614
v -0.082894 0.647122 -0.070124
v 0.093953 0.639801 -0.075760
v 0.099164 0.700171 -0.079195
v -0.064647 0.706446 -0.072741
v -0.013649 0.628190 -0.070093
v 0.031141 0.715719 -0.075224
v -0.128303 0.716989 -0.059620
v -0.124989 0.675938 -0.060437
v -0.122585 0.617472 -0.062445
v 0.043722 0.618864 -0.073003
v -0.065162 0.613946 -0.069914
v 0.134122 0.662980 -0.062526
v -0.035330 0.660453 -0.071463
v 0.124522 0.612002 -0.063312
v 0.140418 0.720528 -0.055867
v -0.022241 0.728000 -0.072206
v 0.083299 0.729584 -0.074656
v 0.067611 0.670747 -0.076557
v -0.008795 0.699345 -0.074843
v -0.082940 0.732899 -0.070441
v -0.125607 0.645871 -0.061506
v -0.072955 0.676206 -0.070988
v 0.138161 0.689510 -0.055278
v 0.084899 0.610957 -0.076442
v 0.021747 0.644624 -0.074826
v 0.059111 0.696448 -0.075833
v 0.129811 0.638879 -0.063318
v -0.099210 0.693129 -0.068785
v -0.030876 0.605581 -0.067409
v 0.009071 0.605342 -0.072473
v -0.147944 0.694688 -0.041402
v 0.014081 0.738328 -0.070610
v -0.051736 0.637302 -0.070945
v 0.057274 0.640569 -0.076545
v -0.152710 0.731833 -0.041132
v -0.039746 0.687100 -0.072286
v -0.096292 0.602193 -0.068817
v -0.118673 0.738148 -0.064295
v -0.147215 0.661960 -0.042988
v 0.104379 0.676051 -0.078726
v 0.049536 0.734468 -0.073789
v -0.140404 0.631119 -0.042145
v -0.133973 0.598501 -0.047400
v 0.023682 0.692075 -0.075787
v 0.159551 0.732799 -0.043706
v -0.105311 0.661706 -0.072879
v 0.059127 0.601500 -0.074349
v 0.124010 0.736591 -0.065977
v 0.041981 0.659755 -0.074703
v -0.006937 0.648749 -0.070210
v -0.092652 0.713638 -0.070332
v -0.106023 0.632616 -0.070719
v 0.143886 0.620657 -0.046254
v 0.016661 0.624808 -0.073145
v -0.041517 0.743819 -0.070015
v 0.111374 0.719459 -0.072374
v 0.147460 0.649331 -0.046686
v 0.151908 0.667186 -0.043127
v 0.134064 0.595020 -0.054994
v 0.092205 0.659035 -0.077838
v 0.107401 0.597373 -0.071380
v -0.150697 0.712658 -0.038571
v -0.013627 0.680807 -0.076177
v 0.075562 0.711716 -0.077947
v -0.055899 0.722993 -0.065602
v -0.036318 0.710179 -0.071422
v 0.154183 0.704005 -0.039833
v 0.112633 0.626553 -0.074591
v -0.055083 0.597269 -0.066305
v 0.041479 0.678587 -0.077943
v 0.067701 0.624450 -0.073496
v 0.080202 0.686103 -0.079937
v -0.080854 0.628550 -0.069796
v -0.125710 0.699679 -0.063678
v 0.005724 0.722281 -0.073443
v -0.012900 0.745152 -0.069006
v -0.042513 0.621100 -0.071526
v -0.059870 0.653599 -0.071595
v 0.130607 0.706068 -0.066838
v 0.033308 0.598615 -0.069285
v 0.099027 0.742914 -0.072834
v 0.113349 0.650602 -0.070841
v -0.146273 0.645570 -0.033297
v -0.152163 0.678442 -0.033060
v 0.151678 0.683914 -0.035323
v -0.068557 0.746029 -0.068400
v 0.081032 0.594657 -0.074559
v 0.071471 0.743889 -0.077818
v -0.011757 0.665023 -0.073715
v -0.102301 0.677351 -0.073326
v -0.140102 0.615031 -0.045094
v -0.099236 0.618210 -0.071707
v -0.117913 0.593844 -0.064525
v 0.068275 0.654861 -0.074797
v -0.096696 0.746236 -0.067103
v 0.013210 0.705908 -0.074459
v -0.028459 0.640465 -0.068179
v -0.107220 0.727264 -0.069157
v 0.119796 0.688272 -0.070839
v 0.144655 0.603137 -0.041380
v 0.160516 0.717359 -0.032962
v -0.127778 0.661377 -0.062000
v -0.126398 0.631823 -0.060520
v 0.138148 0.675015 -0.055718
v -0.082991 0.662716 -0.073332
v -0.054212 0.668221 -0.071526
v -0.063746 0.690490 -0.071924
v -0.012526 0.595772 -0.065498
v 0.044191 0.747671 -0.072574
v 0.141143 0.634982 -0.046421
v 0.090809 0.625013 -0.079060
v 0.052675 0.711093 -0.075371
v 0.105959 0.611051 -0.075284
v -0.077516 0.593794 -0.066476
v 0.035621 0.632932 -0.071109
v 0.010531 0.657557 -0.073143
v -0.138335 0.743249 -0.053157
v 0.004073 0.636672 -0.071731
v -0.158106 0.700939 -0.024865
v 0.063544 0.724517 -0.076475
v -0.032743 0.673301 -0.072364
v -0.105745 0.647359 -0.069055
v -0.011572 0.613269 -0.069554
v -0.012971 0.715156 -0.071436
v 0.114229 0.664309 -0.071268
v -0.144709 0.604332 -0.031801
v -0.142401 0.589689 -0.032996
v -0.165691 0.738803 -0.025377
v 0.012992 0.593936 -0.065965
v -0.161135 0.720696 -0.025176
v 0.139845 0.588965 -0.037985
v 0.003432 0.688541 -0.075337
v 0.029045 0.610299 -0.075109
v 0.104345 0.730978 -0.072833
v -0.133867 0.730974 -0.054077
v -0.139624 0.683417 -0.048892
v -0.141881 0.706085 -0.051855
v 0.061717 0.683977 -0.078082
v 0.142714 0.732497 -0.058980
v 0.034341 0.703371 -0.075726
v -0.073231 0.717073 -0.071270
v 0.128680 0.625017 -0.064403
v 0.131584 0.651411 -0.063756
v 0.077384 0.699171 -0.080813
v -0.145912 0.621740 -0.027230
v -0.031944 0.592418 -0.065529
v -0.111115 0.709680 -0.064716
v 0.060577 0.612485 -0.076376
v -0.084580 0.702395 -0.070667
v -0.083480 0.687315 -0.072489
v -0.117528 0.687056 -0.066361
v -0.063698 0.734873 -0.071012
v 0.149977 0.742873 -0.052324
v -0.047891 0.608818 -0.071646
v 0.123511 0.677174 -0.068504
v 0.161906 0.739972 -0.028550
v -0.102284 0.589300 -0.068928
v -0.139367 0.652697 -0.048961
v 0.023017 0.749257 -0.072577
v 0.024325 0.726849 -0.071352
v -0.155000 0.688919 -0.023550
v 0.122431 0.589067 -0.067368
v -0.044202 0.648843 -0.070068
v -0.058219 0.625521 -0.070819
v -0.067447 0.642219 -0.072042
v -0.001288 0.733366 -0.073023
v -0.082008 0.616871 -0.068946
v -0.112738 0.606999 -0.064528
v 0.051872 0.629360 -0.073026
v 0.040959 0.647872 -0.075181
v 0.075214 0.635870 -0.078846
v 0.111319 0.638931 -0.074951
v 0.100509 0.688039 -0.080946
v 0.086596 0.674748 -0.077450
v -0.152861 0.743562 -0.043039
v 0.124090 0.599811 -0.065746
v -0.138148 0.640444 -0.047075
v -0.049756 0.697407 -0.073038
v -0.030494 0.697429 -0.074507
v -0.054737 0.678938 -0.071372
v 0.095873 0.712248 -0.077352
v 0.043751 0.606604 -0.072862
v -0.080578 0.605147 -0.069670
v -0.025563 0.752076 -0.071228
v 0.079760 0.647239 -0.076762
v 0.147513 0.627574 -0.033590
v -0.151139 0.634679 -0.027690
v 0.095739 0.588084 -0.071698
v 0.150862 0.657970 -0.032652
v 0.003768 0.616932 -0.073283
v -0.024109 0.619536 -0.072249
v -0.114328 0.749189 -0.065235
v 0.125470 0.725624 -0.068608
v -0.139555 0.671594 -0.048765
v -0.151878 0.654837 -0.026277
v -0.153812 0.667180 -0.025751
v -0.130619 0.607536 -0.056653
v -0.131867 0.588683 -0.055647
v 0.003015 0.750616 -0.073988
v 0.141083 0.708008 -0.053904
v 0.138187 0.605310 -0.055175
v -0.042248 0.732611 -0.069024
v 0.146792 0.639360 -0.033419
v 0.067295 0.590786 -0.072828
v 0.024076 0.680254 -0.078106
v 0.030495 0.670400 -0.073172
v 0.043089 0.689362 -0.076002
v 0.158659 0.707490 -0.023200
v 0.049233 0.590516 -0.068442
v 0.152226 0.723962 -0.047039
v -0.131645 0.623536 -0.050217
v 0.046934 0.723410 -0.073138
v 0.033655 0.735420 -0.071729
v 0.066817 0.733383 -0.075729
v -0.103639 0.737942 -0.069473
v 0.164663 0.726427 -0.027228
v 0.160339 0.692972 -0.029331
v 0.153021 0.694316 -0.044607
v -0.147764 0.723021 -0.046214
v 0.071181 0.606153 -0.073812
v 0.141836 0.660764 -0.047699
v 0.115959 0.747492 -0.072017
v 0.136203 0.745522 -0.062670
v 0.085891 0.749777 -0.076247
v 0.025541 0.654454 -0.073817
v 0.055667 0.662877 -0.077143
v -0.037698 0.632352 -0.070786
v -0.121893 0.727778 -0.060796
v -0.031712 0.720054 -0.072383
v 0.124929 0.716603 -0.066637
v -0.119774 0.668593 -0.068347
v -0.094844 0.655242 -0.072118
v -0.013659 0.639265 -0.070252
v 0.007591 0.647139 -0.071380
v -0.025290 0.651034 -0.071687
v 0.118606 0.699895 -0.072482
v 0.095315 0.722329 -0.074164
v 0.152837 0.713499 -0.045640
v 0.092761 0.600475 -0.073639
v -0.056721 0.753403 -0.069134
v 0.140236 0.644797 -0.056824
v 0.157503 0.675212 -0.027220
v -0.159351 0.710127 -0.018945
v -0.068949 0.666164 -0.070934
v -0.087381 0.677601 -0.070890
v -0.099842 0.703862 -0.068533
v -0.117478 0.654461 -0.063470
v -0.115568 0.626555 -0.064839
v -0.116114 0.638629 -0.063978
v -0.095513 0.640478 -0.068225
v -0.091541 0.724062 -0.068854
v -0.059084 0.715583 -0.072089
v -0.095317 0.668930 -0.070165
v -0.045056 0.589332 -0.066777
v 0.135376 0.617622 -0.056229
v 0.144043 0.612461 -0.032573
v -0.026878 0.738539 -0.068593
v -0.135105 0.692817 -0.054949
v -0.159955 0.730706 -0.027134
v 0.099982 0.667080 -0.077259
v 0.077199 0.662551 -0.079312
v 0.099832 0.649772 -0.077293
v 0.149292 0.648566 -0.029768
v 0.055216 0.650047 -0.074081
v -0.025024 0.687866 -0.075333
v 0.137379 0.585505 -0.050705
v -0.065333 0.588032 -0.066290
v -0.086365 0.753300 -0.067759
v 0.116612 0.710125 -0.073188
v -0.002269 0.708716 -0.075553
v 0.145023 0.681886 -0.047769
v 0.153226 0.665544 -0.026691
v 0.130862 0.694656 -0.066347
v 0.001142 0.599599 -0.065799
v 0.021894 0.634488 -0.072812
v 0.029827 0.620318 -0.072697
v -0.069149 0.726683 -0.068696
v -0.064462 0.603698 -0.069828
v 0.020369 0.664347 -0.074962
v 0.064413 0.705555 -0.077669
v 0.078204 0.721602 -0.077698
v 0.131804 0.683244 -0.066050
v 0.001052 0.626902 -0.071086
v 0.057802 0.751659 -0.077112
v -0.150873 0.703044 -0.039805
v -0.018293 0.707372 -0.075250
v -0.003078 0.673412 -0.073990
v 0.025930 0.590739 -0.067720
v 0.107806 0.586386 -0.070415
v -0.130235 0.684475 -0.060625
v -0.001519 0.589607 -0.065023
v 0.122662 0.657539 -0.067421
v 0.005652 0.698116 -0.075224
v -0.010088 0.753668 -0.074055
v 0.139430 0.630847 -0.057487
v -0.073788 0.654861 -0.068392
v -0.041095 0.599312 -0.065935
v -0.139974 0.715074 -0.048856
v 0.045122 0.669248 -0.077000
v -0.010916 0.690285 -0.077198
v 0.143382 0.698400 -0.056384
v -0.155206 0.676957 -0.018712
v -0.124203 0.708614 -0.060414
v -0.112993 0.696181 -0.066137
v 0.121722 0.632340 -0.067927
v 0.118953 0.619855 -0.067824
v 0.101159 0.632683 -0.077344
v 0.160074 0.741596 -0.042264
v -0.080220 0.638023 -0.071177
v -0.072337 0.621915 -0.070632
v -0.094397 0.626984 -0.067752
v -0.143291 0.596667 -0.023848
v 0.022088 0.602308 -0.072288
v 0.073459 0.615827 -0.077655
v 0.144066 0.667290 -0.057055
v 0.009335 0.680621 -0.078328
v -0.146437 0.671183 -0.037438
v -0.150165 0.685583 -0.040546
v 0.002786 0.664828 -0.075163
v 0.055831 0.675375 -0.076945
v -0.147370 0.613434 -0.033663
v 0.070479 0.691723 -0.077355
v 0.072551 0.679110 -0.076040
v 0.145448 0.594488 -0.032100
v -0.138408 0.662541 -0.053749
v 0.107061 0.657197 -0.075156
v -0.153022 0.644531 -0.019564
v -0.075804 0.695556 -0.072638
v -0.067570 0.632598 -0.069493
v -0.003611 0.657205 -0.073215
v 0.001312 0.742389 -0.070556
v -0.112966 0.585319 -0.067673
v 0.087515 0.693478 -0.082646
v -0.008713 0.725118 -0.073048
v 0.019163 0.719235 -0.074697
v -0.139160 0.585910 -0.044167
v 0.016636 0.613277 -0.076077
v -0.166749 0.732504 -0.014285
v -0.122259 0.602128 -0.062433
v 0.084638 0.740256 -0.074481
v 0.112695 0.604717 -0.069095
v 0.045128 0.637108 -0.075783
v 0.008022 0.713889 -0.073756
v -0.090916 0.610510 -0.069748
v 0.056117 0.741994 -0.073512
v -0.052650 0.616866 -0.070996
v -0.036770 0.612934 -0.070915
v 0.143491 0.611342 -0.046161
v 0.111316 0.738334 -0.073473
v 0.100989 0.751656 -0.073521
v -0.051147 0.706980 -0.071642
v -0.041213 0.754749 -0.069454
v -0.143573 0.654765 -0.037695
v 0.072048 0.752808 -0.076381
v -0.071870 0.754729 -0.068656
v 0.057173 0.621065 -0.073718
v -0.055781 0.645411 -0.071189
v -0.048892 0.659646 -0.071742
v -0.100415 0.754003 -0.068485
v -0.045273 0.717009 -0.071016
v -0.017437 0.604773 -0.066585
v -0.088891 0.587759 -0.066860
v 0.120560 0.643673 -0.069373
v -0.128264 0.749957 -0.058397
v 0.012115 0.730326 -0.073428
v -0.108125 0.598898 -0.068118
v -0.164850 0.724150 -0.014413
v 0.086813 0.704965 -0.078298
v -0.144436 0.735182 -0.052017
v -0.115686 0.720292 -0.064738
v 0.064414 0.632365 -0.073563
v 0.155469 0.686802 -0.022228
v -0.026464 0.628587 -0.070096
v -0.055422 0.745082 -0.070403
v -0.074952 0.739742 -0.072243
v 0.095693 0.616558 -0.075799
v 0.164329 0.713903 -0.019296
v 0.152856 0.675987 -0.040456
v -0.141895 0.584011 -0.023814
v -0.081655 0.710858 -0.073630
v 0.093731 0.735583 -0.076944
v 0.066830 0.646347 -0.076353
v -0.007476 0.621000 -0.072539
v 0.086351 0.587166 -0.074791
v -0.017219 0.672742 -0.073650
v -0.022614 0.659560 -0.072287
v 0.045704 0.697964 -0.074918
v 0.112620 0.683620 -0.078119
v -0.115122 0.676921 -0.068608
v -0.104665 0.686240 -0.070919
v 0.109333 0.694066 -0.076170
v -0.143399 0.637864 -0.038484
v -0.166949 0.744075 -0.014214
v 0.070046 0.598048 -0.077108
v -0.104424 0.716286 -0.066518
v -0.138567 0.622719 -0.040078
v -0.137705 0.606757 -0.046795
v 0.092094 0.681601 -0.080426
v 0.081346 0.655607 -0.076675
v -0.153034 0.720104 -0.034239
v 0.138579 0.653933 -0.053873
v -0.102864 0.610279 -0.070361
v -0.111121 0.615451 -0.066755
v 0.033913 0.641304 -0.075038
v -0.135709 0.722027 -0.054021
v 0.142290 0.582918 -0.031608
v -0.082645 0.745985 -0.071459
v -0.109764 0.743059 -0.066629
v -0.089494 0.739654 -0.069090
v -0.042424 0.678415 -0.072127
v -0.040062 0.702630 -0.072837
v -0.003444 0.606702 -0.069599
v 0.130080 0.588153 -0.059334
v -0.135744 0.634348 -0.052165
v 0.132620 0.671881 -0.064581
v -0.023408 0.610941 -0.070352
v 0.158065 0.725834 -0.038456
v -0.022049 0.587505 -0.065922
v -0.151591 0.659963 -0.018236
v 0.081527 0.602960 -0.075217
v -0.025325 0.667694 -0.073354
v -0.132137 0.668724 -0.059320
v -0.147956 0.614721 -0.021865
v 0.048348 0.599039 -0.070663
v -0.040848 0.640033 -0.069199
v -0.052354 0.737616 -0.070130
v 0.022155 0.700375 -0.075186
v 0.025506 0.708489 -0.076617
v -0.088419 0.596460 -0.068112
v 0.164613 0.699356 -0.022089
v -0.076396 0.585473 -0.067817
v -0.149994 0.627695 -0.020824
v 0.137335 0.596353 -0.043112
v 0.147035 0.605489 -0.030228
v 0.039368 0.729302 -0.074403
v -0.159988 0.745958 -0.030147
v 0.086687 0.632736 -0.076951
v 0.014722 0.754279 -0.076212
v 0.101817 0.604177 -0.073335
v -0.088502 0.695152 -0.073205
v -0.127915 0.638766 -0.055724
v -0.040983 0.668010 -0.071617
v -0.013267 0.736583 -0.068485
v -0.157025 0.695161 -0.015219
v -0.113803 0.732835 -0.066535
v -0.131387 0.738078 -0.059646
v -0.147460 0.749140 -0.051206
v 0.117326 0.731507 -0.070669
v -0.042828 0.724183 -0.068791
v -0.066810 0.596142 -0.067181
v 0.145890 0.619039 -0.027067
v -0.161105 0.716313 -0.013284
v -0.081036 0.670761 -0.072115
v -0.132489 0.615794 -0.054600
v 0.121877 0.669982 -0.071833
v -0.025297 0.599295 -0.065305
v 0.016514 0.651003 -0.072982
v 0.035019 0.683873 -0.078070
v 0.126457 0.750517 -0.067429
v -0.146439 0.676648 -0.045695
v -0.062406 0.698660 -0.070867
v -0.052789 0.686304 -0.073911
v -0.065775 0.682441 -0.072437
v -0.157553 0.682894 -0.015838
v -0.031689 0.681242 -0.073787
v -0.159484 0.735997 -0.036932
v 0.107113 0.619489 -0.076293
v 0.030408 0.754391 -0.075064
v 0.014841 0.687049 -0.076860
v 0.025877 0.741724 -0.071428
v -0.060399 0.661445 -0.070973
v -0.096126 0.731532 -0.072014
v 0.034207 0.695365 -0.074776
v 0.134553 0.737815 -0.060332
v 0.033999 0.722963 -0.071702
v -0.127409 0.653594 -0.059169
v 0.043642 0.715757 -0.073175
v 0.054684 0.719117 -0.075952
v 0.064191 0.714298 -0.077393
v -0.121863 0.585302 -0.059531
v 0.137047 0.726258 -0.063005
v -0.002264 0.682641 -0.078224
v 0.146118 0.671712 -0.048790
v 0.012624 0.745508 -0.072810
v -0.048359 0.629890 -0.070247
v -0.125684 0.595448 -0.055138
v -0.159846 0.703795 -0.013544
v -0.124231 0.624330 -0.058437
v -0.089654 0.633144 -0.071017
v 0.115439 0.612185 -0.069326
v 0.087389 0.665379 -0.077615
v -0.150565 0.607136 -0.023098
v -0.062104 0.671813 -0.071780
v 0.037802 0.591288 -0.067387
v -0.123703 0.743267 -0.059886
v 0.140680 0.627339 -0.048351
v 0.143362 0.642605 -0.046810
v -0.151910 0.698085 -0.031164
v -0.153897 0.707947 -0.028001
v 0.084602 0.618717 -0.075416
v -0.104611 0.626246 -0.066794
v 0.042207 0.739862 -0.070275
v 0.045802 0.754087 -0.076431
v -0.145006 0.629197 -0.031430
v 0.079056 0.627106 -0.074364
v -0.018137 0.645787 -0.068741
v 0.013065 0.639942 -0.073539
v -0.054371 0.730462 -0.067701
v 0.027394 0.627766 -0.071295
v 0.037839 0.625099 -0.071080
v 0.134035 0.713980 -0.059630
v 0.138306 0.582966 -0.041729
v 0.058088 0.586560 -0.072703
v -0.140972 0.593599 -0.043139
v -0.126719 0.692073 -0.062878
v 0.106800 0.645422 -0.074677
v -0.116686 0.661350 -0.067683
v 0.155079 0.659249 -0.023302
v -0.137710 0.583766 -0.033515
v -0.141577 0.597303 -0.033906
v 0.164657 0.729965 -0.018331
v 0.156276 0.710257 -0.035094
v 0.010489 0.630311 -0.071929
v -0.005807 0.633244 -0.070254
v -0.000765 0.643099 -0.071211
v 0.086013 0.716594 -0.080639
v 0.072308 0.726992 -0.074250
v 0.058849 0.730116 -0.073607
v -0.107519 0.668647 -0.069494
v 0.053570 0.702964 -0.077168
v 0.112327 0.726355 -0.073143
v 0.109752 0.670050 -0.074285
v 0.046517 0.653156 -0.073298
v -0.029607 0.745706 -0.068670
v -0.014368 0.654133 -0.072741
v -0.117987 0.632612 -0.067824
v 0.108148 0.704888 -0.074144
v -0.107285 0.639972 -0.069280
v -0.115073 0.647027 -0.064004
v -0.107113 0.654732 -0.068443
v -0.095862 0.648278 -0.070144
v -0.141334 0.699117 -0.049629
v -0.024965 0.713789 -0.072394
v -0.002871 0.717673 -0.071081
v -0.017316 0.721404 -0.073822
v 0.129057 0.594365 -0.063998
v -0.116301 0.703747 -0.068029
v 0.058474 0.594215 -0.072333
v -0.019637 0.695186 -0.075661
v -0.095167 0.682225 -0.071770
v 0.075908 0.585981 -0.074878
v -0.093191 0.662425 -0.072503
v -0.121070 0.609540 -0.060370
v 0.054686 0.689360 -0.076910
v -0.022446 0.635160 -0.070718
v -0.153457 0.636046 -0.016163
v -0.156674 0.714611 -0.027611
v 0.093780 0.607348 -0.076630
v -0.047186 0.672376 -0.070719
v 0.139872 0.681777 -0.058078
v 0.065982 0.661492 -0.075895
v -0.143921 0.729243 -0.048744
v -0.134331 0.679358 -0.054366
v 0.163085 0.744069 -0.035018
v 0.023230 0.597687 -0.066804
v -0.157443 0.726314 -0.034686
v 0.076779 0.737434 -0.076582
v -0.068071 0.649739 -0.071412
v 0.167715 0.719956 -0.019249
v -0.143006 0.689794 -0.046731
v 0.016976 0.589183 -0.070394
v 0.013543 0.601019 -0.068146
v -0.008161 0.602393 -0.065197
v 0.047941 0.684157 -0.078628
v -0.126374 0.732589 -0.061510
v -0.011652 0.586478 -0.065813
v 0.151621 0.731176 -0.050265
v 0.031876 0.663449 -0.076804
v -0.157102 0.652606 -0.016151
v 0.036642 0.615479 -0.074242
v 0.031869 0.603498 -0.074464
v 0.007426 0.589478 -0.068255
v 0.041545 0.708689 -0.074892
v 0.152022 0.634999 -0.025123
v -0.084783 0.654297 -0.070187
v -0.054992 0.585280 -0.067035
v -0.133041 0.711770 -0.054512
v -0.155271 0.670204 -0.015792
v 0.163252 0.733556 -0.031804
v -0.097309 0.584493 -0.069235
v 0.125870 0.583058 -0.063914
v 0.146998 0.689189 -0.048007
v -0.093702 0.689068 -0.072601
v 0.078840 0.669994 -0.079588
v 0.093978 0.729240 -0.075482
v 0.136937 0.623806 -0.058213
v 0.132111 0.732680 -0.065789
v 0.152504 0.643737 -0.023905
v -0.078828 0.722468 -0.069857
v -0.002587 0.693774 -0.075351
v -0.073938 0.600161 -0.068054
v 0.049610 0.612645 -0.075949
v 0.054440 0.607643 -0.071623
v -0.071089 0.608844 -0.070442
v -0.066107 0.720300 -0.066822
v -0.070938 0.711664 -0.075192
v 0.047707 0.643739 -0.077350
v 0.030070 0.647570 -0.074918
v 0.146717 0.644871 -0.039001
v -0.118905 0.713879 -0.064011
v 0.144531 0.588545 -0.029942
v 0.147876 0.702620 -0.049326
v -0.040382 0.606844 -0.068929
v -0.145185 0.709303 -0.044291
v -0.133682 0.702676 -0.057037
v 0.138033 0.638204 -0.057794
v 0.116300 0.583546 -0.067582
v 0.114566 0.592127 -0.072132
v 0.138808 0.751669 -0.061061
v -0.029617 0.704870 -0.073879
v 0.156024 0.746060 -0.047282
v 0.013468 0.693870 -0.074661
v 0.164500 0.745345 -0.023899
v 0.146107 0.725239 -0.056236
v 0.145821 0.738599 -0.057079
v -0.150813 0.621219 -0.018253
v 0.055048 0.656291 -0.075671
v 0.152654 0.653148 -0.025530
v 0.070846 0.684956 -0.080235
v 0.126436 0.618938 -0.061200
v 0.130370 0.631815 -0.061619
v 0.135241 0.656444 -0.060479
v 0.123589 0.649569 -0.069145
v 0.128571 0.645102 -0.062467
v -0.086221 0.623011 -0.069837
v -0.073410 0.702844 -0.069780
v -0.091057 0.707020 -0.071612
v -0.139095 0.602968 -0.039197
v -0.072893 0.687491 -0.071198
v -0.078383 0.681193 -0.069160
v -0.123207 0.681003 -0.066657
v 0.067945 0.698964 -0.079005
v 0.076823 0.704728 -0.076243
v -0.000076 0.756009 -0.076768
v -0.145084 0.589866 -0.021533
v -0.048438 0.749551 -0.069976
v 0.106331 0.714046 -0.075798
v 0.113799 0.753766 -0.069737
v -0.035412 0.645531 -0.068189
v -0.151296 0.690493 -0.033073
v -0.152227 0.737263 -0.047006
v -0.149827 0.661429 -0.029175
v 0.088727 0.650979 -0.077174
v 0.125797 0.664008 -0.069012
v -0.031325 0.585534 -0.067737
v -0.132553 0.657632 -0.052975
v 0.147495 0.748787 -0.054716
v 0.155157 0.739000 -0.049138
v 0.160057 0.700520 -0.032020
v 0.125868 0.743618 -0.068489
v -0.152338 0.682179 -0.025783
v 0.121132 0.626026 -0.070507
v 0.149185 0.664084 -0.034841
v 0.150321 0.652799 -0.037845
v 0.065213 0.617861 -0.075591
v 0.017724 0.711420 -0.075718
v -0.133370 0.649120 -0.055805
v -0.142964 0.648647 -0.041179
v -0.141714 0.658313 -0.046545
v 0.101784 0.625207 -0.078843
v 0.132667 0.600394 -0.059599
v -0.023180 0.677551 -0.074828
v 0.166498 0.736546 -0.019547
v 0.084520 0.638973 -0.076703
v 0.067590 0.639911 -0.075990
v -0.039083 0.696001 -0.072555
v -0.035152 0.653181 -0.070750
v 0.003766 0.653006 -0.073126
v -0.032625 0.623451 -0.072272
v 0.162460 0.689988 -0.019281
v 0.131024 0.606303 -0.061794
v 0.033342 0.745928 -0.071401
v -0.073247 0.733035 -0.072273
v -0.064399 0.741594 -0.071696
v 0.145195 0.618308 -0.036931
v -0.058475 0.608674 -0.072024
v 0.156390 0.670851 -0.035302
v -0.100128 0.710678 -0.067791
v 0.117451 0.598363 -0.069783
v 0.036032 0.652803 -0.072314
v -0.109513 0.592323 -0.068267
v -0.098479 0.595478 -0.068902
v -0.052786 0.603840 -0.069374
v 0.130605 0.677302 -0.061329
v 0.122112 0.682545 -0.073844
v 0.115001 0.675425 -0.075397
v 0.058132 0.669175 -0.075357
v -0.142343 0.609072 -0.038919
v -0.083413 0.717703 -0.073318
v -0.034077 0.728816 -0.070560
v 0.119174 0.722626 -0.069033
v 0.130188 0.722244 -0.062282
v -0.138382 0.752529 -0.055065
v 0.131842 0.582255 -0.056991
v 0.101164 0.585069 -0.075949
v -0.031455 0.691312 -0.072161
v 0.020408 0.732599 -0.072031
v 0.015069 0.724301 -0.072405
v 0.138575 0.599362 -0.051388
v 0.169747 0.749332 0.004381
v 0.170018 0.747317 0.017954
v 0.163590 0.747454 0.030962
v 0.159216 0.747341 0.043954
v 0.151642 0.747537 0.055202
v 0.141578 0.747653 0.065972
v 0.130571 0.747357 0.075716
v 0.118061 0.747790 0.083677
v 0.104730 0.747526 0.086504
v 0.091904 0.747252 0.087775
v 0.079061 0.747562 0.087139
v 0.066354 0.748337 0.087721
v 0.052639 0.748085 0.089444
v 0.038468 0.748436 0.090376
v 0.024849 0.747858 0.090377
v 0.010893 0.746761 0.091268
v -0.003325 0.746140 0.092386
v -0.017430 0.746553 0.091121
v -0.031323 0.746040 0.088538
v -0.045994 0.745724 0.088688
v -0.060103 0.745339 0.091214
v -0.073362 0.745289 0.090951
v -0.086171 0.746639 0.094454
v -0.099380 0.746190 0.093780
v -0.112694 0.747276 0.088304
v -0.127237 0.747085 0.084203
v -0.138359 0.747501 0.074388
v -0.148162 0.747851 0.064125
v -0.154891 0.747795 0.052159
v -0.161819 0.747294 0.040522
v -0.165085 0.749016 0.027542
v -0.167251 0.749616 0.015168
v 0.066625 0.659027 0.075377
v -0.070730 0.660976 0.079371
v -0.002583 0.625879 0.068607
v 0.003324 0.696715 0.080428
v 0.122017 0.622494 0.051453
v 0.134725 0.686563 0.065379
v -0.116564 0.620690 0.058017
v -0.127672 0.697079 0.071835
v 0.061265 0.615263 0.064122
v 0.073023 0.705477 0.083296
v -0.065157 0.707602 0.086463
v -0.061219 0.621616 0.070189
v -0.138406 0.658638 0.052991
v -0.013553 0.662174 0.077054
v 0.118137 0.653366 0.068982
v 0.153305 0.714344 0.044758
v 0.149172 0.644678 0.031936
v 0.118698 0.717554 0.076904
v 0.139892 0.601048 0.028546
v -0.029810 0.600164 0.062776
v 0.030772 0.720927 0.082630
v 0.021106 0.601388 0.058640
v 0.097897 0.597950 0.057119
v -0.140089 0.601182 0.031963
v -0.087658 0.598407 0.061238
v -0.156074 0.718041 0.047045
v 0.026531 0.648830 0.069514
v -0.021228 0.720679 0.087798
v -0.037401 0.685023 0.081331
v -0.152218 0.687742 0.038355
v -0.105412 0.718551 0.089987
v 0.044533 0.684951 0.076802
v -0.145405 0.631238 0.031983
v -0.092290 0.639075 0.073441
v 0.091116 0.633283 0.064086
v 0.153258 0.672123 0.031690
v 0.096773 0.677057 0.076116
v -0.110523 0.672260 0.077328
v -0.034862 0.640327 0.072067
v 0.062120 0.593330 0.054826
v -0.075087 0.684857 0.083586
v 0.086413 0.725863 0.085703
v 0.148595 0.623958 0.018653
v 0.157555 0.695583 0.026882
v 0.012736 0.675713 0.078630
v 0.029898 0.620347 0.069139
v 0.059565 0.638389 0.064886
v 0.108194 0.696697 0.077748
v -0.071692 0.725803 0.088156
v -0.116349 0.589498 0.053891
v -0.151801 0.656045 0.024420
v -0.058452 0.590984 0.058016
v -0.132179 0.638709 0.056408
v -0.137382 0.725052 0.075355
v -0.090623 0.618576 0.065982
v -0.095842 0.699832 0.087811
v -0.032443 0.620493 0.066325
v -0.136396 0.677957 0.066181
v -0.063681 0.642046 0.072903
v -0.114769 0.652568 0.071719
v -0.024745 0.702123 0.083597
v 0.042349 0.703184 0.082778
v 0.163326 0.728945 0.022133
v 0.088497 0.615165 0.063404
v 0.037997 0.665942 0.075451
v 0.138916 0.667500 0.056293
v 0.147332 0.729125 0.062664
v 0.124076 0.601514 0.049899
v 0.141858 0.590548 0.005458
v -0.040925 0.665444 0.083336
v -0.007187 0.644254 0.072720
v -0.002239 0.589428 0.055966
v -0.001947 0.608611 0.060684
v 0.119810 0.585708 0.044272
v 0.073664 0.687084 0.078348
v 0.152026 0.656552 0.011759
v 0.005906 0.729337 0.090959
v -0.158491 0.704997 0.025954
v 0.163276 0.710222 0.018193
v -0.144364 0.591127 0.013036
v -0.145614 0.616924 0.015812
v 0.149781 0.608326 0.005074
v 0.056297 0.730570 0.086766
v -0.156831 0.673897 0.022350
v -0.166219 0.731651 0.032926
v 0.093949 0.659865 0.071418
v 0.114764 0.637569 0.060791
v 0.149277 0.698538 0.053603
v 0.153832 0.638848 0.008900
v -0.011579 0.682908 0.079016
v -0.044084 0.730872 0.089469
v 0.109746 0.731819 0.084851
v 0.038179 0.587525 0.054808
v -0.134574 0.586310 0.033834
v 0.138826 0.650712 0.052842
v 0.142244 0.629614 0.039319
v 0.004556 0.714047 0.083203
v -0.149353 0.700816 0.053923
v -0.080533 0.583215 0.056586
v -0.123619 0.606012 0.050643
v 0.142121 0.710972 0.066820
v -0.067742 0.605809 0.064660
v 0.082227 0.585247 0.052684
v 0.099490 0.710087 0.085334
v 0.138656 0.585166 0.026634
v -0.023401 0.583832 0.059192
v -0.110509 0.687282 0.082285
v 0.135243 0.614093 0.036600
v 0.042351 0.607698 0.064211
v -0.133118 0.619532 0.042549
v -0.105771 0.606774 0.063251
v 0.030019 0.734167 0.088730
v 0.160277 0.682378 0.013784
v 0.055653 0.715874 0.084324
v 0.120691 0.673560 0.072176
v -0.151327 0.732413 0.055457
v 0.149921 0.684992 0.041922
v -0.136911 0.710851 0.070731
v -0.151790 0.640258 0.014438
v -0.091545 0.654066 0.075028
v 0.076936 0.646539 0.068992
v -0.018691 0.733122 0.091740
v -0.042316 0.713453 0.086067
v -0.146877 0.672797 0.044547
v 0.047576 0.651857 0.073118
v 0.011117 0.660143 0.075573
v 0.012581 0.637263 0.070173
v 0.074223 0.605836 0.060109
v -0.162815 0.720237 0.021095
v -0.107264 0.732233 0.090717
v -0.144988 0.644208 0.037596
v -0.056963 0.676247 0.081032
v 0.017710 0.586617 0.054923
v 0.061150 0.673874 0.073981
v 0.025155 0.693297 0.079449
v -0.114859 0.707716 0.080947
v -0.085457 0.712976 0.088495
v 0.150734 0.657842 0.034466
v -0.113044 0.634269 0.068126
v -0.158113 0.687851 0.017931
v -0.048934 0.697941 0.081379
v 0.107053 0.609094 0.058749
v -0.046917 0.608297 0.065577
v 0.101702 0.585646 0.051446
v -0.051989 0.653158 0.077476
v -0.091257 0.666640 0.078324
v -0.124916 0.664176 0.067576
v 0.035985 0.635036 0.067063
v 0.159003 0.669087 0.011774
v -0.148040 0.605206 0.008820
v -0.075492 0.632178 0.072127
v 0.099673 0.646679 0.066627
v 0.105506 0.624697 0.062815
v 0.075705 0.624655 0.065673
v -0.099548 0.581215 0.053038
v -0.030958 0.653400 0.075650
v 0.159914 0.733323 0.042766
v 0.128436 0.728604 0.076467
v 0.123954 0.704041 0.074762
v 0.022178 0.706103 0.079517
v -0.024565 0.671904 0.080959
v -0.017733 0.632068 0.074151
v -0.050483 0.632645 0.069946
v -0.150435 0.628789 0.010936
v 0.012058 0.616942 0.066359
v -0.042617 0.581943 0.059830
v 0.056979 0.693715 0.079812
v 0.051590 0.626243 0.066690
v 0.079010 0.670249 0.073390
v 0.148989 0.625089 0.000343
v 0.092774 0.688295 0.082009
v 0.116396 0.685761 0.074867
v 0.145252 0.612937 0.021614
v 0.131320 0.639505 0.049887
v 0.054799 0.581491 0.050524
v -0.142881 0.690062 0.056513
v -0.120938 0.581272 0.043983
v -0.018528 0.610957 0.065398
v -0.074865 0.697093 0.083433
v -0.094653 0.678173 0.083550
v 0.162850 0.700438 0.009578
v -0.054277 0.721115 0.090576
v -0.065488 0.579940 0.057327
v 0.158715 0.703735 0.039272
v 0.145835 0.634772 0.023149
v -0.123085 0.717427 0.082763
v 0.075573 0.736358 0.088339
v -0.085647 0.734078 0.091022
v 0.111058 0.596159 0.049451
v -0.074511 0.671884 0.084496
v -0.061152 0.735330 0.092700
v 0.132336 0.592257 0.036959
v 0.074419 0.717422 0.084504
v 0.102360 0.721441 0.081694
v -0.131409 0.736031 0.077084
v 0.109385 0.664122 0.073210
v 0.169662 0.737315 0.011564
v -0.103249 0.596041 0.058445
v -0.128007 0.593959 0.041912
v -0.154995 0.665556 0.010995
v 0.093289 0.735809 0.087066
v -0.122158 0.680764 0.076447
v -0.170020 0.738915 0.015648
v -0.045181 0.597013 0.060644
v -0.072545 0.595526 0.060473
v -0.021946 0.691368 0.079135
v -0.007303 0.705365 0.082972
v -0.135586 0.630201 0.046226
v 0.058312 0.605619 0.061820
v 0.046134 0.598828 0.056576
v -0.149923 0.665554 0.032716
v 0.091458 0.700103 0.081468
v 0.135105 0.699508 0.065239
v -0.106096 0.661624 0.076892
v 0.146765 0.583052 -0.005668
v 0.081589 0.596604 0.056131
v 0.030207 0.676937 0.075665
v -0.004396 0.671385 0.080696
v 0.011898 0.687254 0.080332
v 0.166772 0.720237 0.007468
v -0.104425 0.624647 0.066090
v 0.008080 0.647827 0.071611
v -0.062488 0.691086 0.082280
v -0.074514 0.650412 0.076800
v -0.015298 0.593980 0.059037
v 0.025177 0.609708 0.066526
v 0.138814 0.736645 0.072658
v -0.148683 0.722051 0.061872
v -0.088569 0.721895 0.088130
v -0.122706 0.728502 0.085590
v 0.150944 0.648772 0.000376
v -0.137484 0.668543 0.058830
v 0.148011 0.598565 -0.004319
v 0.144472 0.674404 0.045029
v -0.133667 0.609603 0.037574
v -0.017636 0.623907 0.065609
v 0.075733 0.635535 0.065122
v 0.126259 0.646351 0.060383
v -0.144742 0.655333 0.039104
v -0.154685 0.651431 0.010821
v -0.142702 0.585041 0.000855
v -0.090278 0.629183 0.069545
v -0.002500 0.655166 0.073099
v 0.062102 0.648601 0.069298
v -0.089989 0.688716 0.087619
v -0.127653 0.650329 0.058830
v -0.125696 0.628706 0.058946
v -0.142224 0.620554 0.030391
v 0.124924 0.662689 0.066882
v 0.166073 0.737260 0.029000
v -0.091856 0.608338 0.062131
v -0.077392 0.622427 0.066607
v -0.100851 0.709680 0.088434
v -0.115646 0.697070 0.083403
v 0.009562 0.595160 0.059014
v 0.005481 0.580092 0.053190
v -0.010153 0.579844 0.053630
v 0.053884 0.664864 0.078873
v 0.142800 0.580953 0.013954
v -0.107577 0.643970 0.069156
v -0.068192 0.716809 0.090771
v 0.015687 0.626655 0.069029
v 0.164430 0.718954 0.029146
v -0.045864 0.623280 0.068492
v -0.031017 0.630706 0.070367
v 0.111009 0.578311 0.043869
v 0.130629 0.578395 0.036181
v 0.155370 0.724195 0.050813
v -0.164213 0.698046 0.013707
v 0.157556 0.682178 0.029406
v 0.003783 0.738812 0.087254
v -0.131962 0.687654 0.067960
v -0.047900 0.643339 0.071006
v 0.047690 0.616512 0.066843
v 0.044948 0.739063 0.088691
v 0.070310 0.579029 0.052633
v 0.133331 0.676259 0.063155
v -0.034963 0.590134 0.060093
v 0.136430 0.720424 0.065409
v -0.138784 0.583188 0.021241
v -0.121279 0.641538 0.066179
v -0.158391 0.693991 0.028572
v 0.149431 0.664311 0.045120
v -0.142603 0.595845 -0.000341
v -0.026771 0.712097 0.083798
v 0.034480 0.711229 0.081376
v 0.057737 0.703411 0.081082
v 0.122759 0.737873 0.080879
v 0.134773 0.603530 0.040250
v 0.119378 0.611451 0.051918
v 0.122125 0.694683 0.073689
v -0.091579 0.589104 0.057700
v 0.141328 0.593925 0.018718
v -0.148005 0.681415 0.050512
v -0.038514 0.739503 0.093012
v 0.074785 0.614895 0.062822
v 0.091963 0.625099 0.061769
v 0.089148 0.604765 0.061891
v -0.009851 0.726277 0.090804
v 0.021236 0.726663 0.087233
v -0.077822 0.642183 0.071575
v 0.149054 0.738659 0.059953
v -0.036695 0.722586 0.088851
v -0.151644 0.696800 0.041992
v 0.039701 0.694040 0.078559
v -0.161446 0.707875 0.011470
v -0.161269 0.712793 0.034236
v -0.150993 0.618833 0.002788
v 0.162270 0.691646 0.013267
v -0.159682 0.738831 0.047429
v -0.038237 0.674929 0.080202
v -0.027615 0.663089 0.079614
v -0.055245 0.662351 0.079576
v -0.137125 0.648620 0.047677
v -0.143026 0.610415 0.027115
v 0.021614 0.667738 0.076163
v 0.025880 0.658188 0.074103
v 0.046019 0.674348 0.076217
v -0.167178 0.728476 0.013363
v 0.146296 0.717081 0.056595
v -0.022343 0.645947 0.072302
v 0.033013 0.578499 0.052648
v 0.039245 0.644187 0.070162
v 0.046372 0.723302 0.084729
v 0.070519 0.727155 0.085693
v -0.033837 0.610124 0.066702
v 0.070855 0.696662 0.079987
v 0.059239 0.685240 0.075635
v 0.084542 0.681688 0.075373
v -0.148489 0.710757 0.055064
v 0.110893 0.705611 0.079424
v 0.092310 0.578195 0.051617
v -0.007499 0.616965 0.063454
v 0.061416 0.739273 0.085871
v -0.004819 0.634673 0.072328
v 0.167792 0.729502 0.005377
v 0.131865 0.629683 0.050932
v 0.132547 0.622284 0.043050
v 0.155343 0.646599 0.018053
v -0.143666 0.598837 0.020142
v 0.155604 0.662464 0.021710
v 0.001134 0.723214 0.084747
v -0.002225 0.598944 0.059014
v 0.011825 0.607158 0.061762
v -0.143452 0.737988 0.066409
v 0.144701 0.619441 0.029190
v -0.156514 0.675257 0.007183
v -0.156264 0.681707 0.028709
v -0.113599 0.601594 0.056210
v 0.140161 0.682710 0.053199
v -0.012089 0.713880 0.085076
v -0.088886 0.575926 0.056324
v 0.153676 0.615992 -0.003835
v -0.057955 0.600643 0.060581
v 0.154623 0.663356 0.001204
v 0.144958 0.600193 0.008264
v 0.121911 0.595302 0.042852
v 0.152582 0.615964 0.011863
v 0.063953 0.629289 0.066160
v -0.111492 0.581451 0.050960
v -0.078205 0.705723 0.086906
v -0.152065 0.645981 0.025255
v 0.007612 0.705479 0.079693
v 0.019793 0.715250 0.082384
v 0.027625 0.593020 0.055605
v -0.155318 0.705397 0.041566
v -0.139495 0.696723 0.063047
v 0.087720 0.651709 0.069252
v 0.090649 0.718046 0.087787
v 0.165794 0.708451 0.006376
v 0.164842 0.702914 0.026031
v -0.164917 0.740633 0.032132
v -0.160896 0.723800 0.035184
v 0.112959 0.646535 0.063780
v 0.118203 0.628372 0.060478
v 0.103532 0.633544 0.062180
v 0.153892 0.693670 0.041956
v 0.152738 0.706792 0.049727
v 0.141751 0.693313 0.060016
v 0.105447 0.656742 0.067858
v 0.079677 0.660858 0.072178
v 0.092653 0.668977 0.073831
v -0.123513 0.671347 0.073477
v 0.159935 0.725463 0.036035
v 0.155149 0.632990 -0.004003
v 0.025356 0.683410 0.082877
v 0.019397 0.739661 0.087010
v -0.080309 0.612383 0.066347
v 0.050142 0.589993 0.053933
v -0.032411 0.577479 0.056483
v -0.157629 0.726468 0.049162
v 0.140806 0.644328 0.044100
v -0.050666 0.706452 0.085960
v 0.151616 0.631056 0.014023
v -0.010969 0.696054 0.081486
v 0.144163 0.637273 0.033717
v 0.156318 0.673702 -0.001405
v -0.061755 0.700466 0.082076
v -0.119255 0.736769 0.087513
v -0.062628 0.630769 0.070140
v 0.147819 0.650246 0.040358
v 0.112519 0.600991 0.057640
v -0.122148 0.597393 0.050907
v -0.117516 0.610780 0.059856
v -0.125556 0.616494 0.052801
v -0.025095 0.683130 0.080428
v 0.001986 0.680966 0.080897
v -0.003666 0.690124 0.079834
v 0.130023 0.656109 0.060298
v -0.017478 0.602820 0.061815
v -0.015985 0.653600 0.074072
v -0.058718 0.612566 0.066662
v -0.109332 0.615514 0.065781
v -0.035035 0.696025 0.080033
v 0.017418 0.577405 0.053481
v 0.072342 0.679434 0.073784
v -0.078695 0.603542 0.060821
v -0.027097 0.727205 0.091885
v 0.034321 0.602125 0.059131
v -0.132410 0.601486 0.043191
v 0.150346 0.607644 -0.007177
v 0.099761 0.727601 0.086549
v 0.115016 0.724376 0.082068
v 0.109092 0.740184 0.083001
v 0.160981 0.687312 0.002223
v 0.042091 0.730152 0.088423
v -0.148312 0.638156 0.026475
v -0.101698 0.632144 0.071862
v -0.123791 0.689479 0.078718
v -0.068705 0.587486 0.060346
v 0.071443 0.588345 0.051368
v 0.081241 0.576716 0.054059
v 0.092545 0.590388 0.055183
v -0.140866 0.591253 0.025546
v -0.024366 0.740197 0.092070
v -0.010695 0.739178 0.088184
v 0.129772 0.714789 0.071484
v 0.143722 0.704167 0.060672
v -0.058630 0.714095 0.087173
v 0.143059 0.590779 -0.005506
v -0.049436 0.689323 0.080078
v 0.139607 0.659979 0.051720
v 0.111859 0.617325 0.057125
v 0.100251 0.617230 0.061881
v 0.150245 0.653498 0.024704
v -0.054648 0.582808 0.059737
v -0.057622 0.729021 0.089016
v 0.146924 0.605402 0.017133
v -0.101668 0.693940 0.084962
v -0.107312 0.678633 0.083234
v -0.129979 0.579341 0.038460
v -0.149831 0.637012 0.004700
v 0.104043 0.683042 0.079157
v 0.159202 0.711705 0.033371
v -0.145271 0.661918 0.044276
v -0.104768 0.574913 0.049334
v -0.141346 0.635687 0.038606
v -0.128971 0.624097 0.051960
v 0.024679 0.639948 0.068514
v -0.148787 0.602485 -0.001827
v -0.126619 0.709840 0.078850
v 0.027220 0.628719 0.068327
v 0.141510 0.576418 0.022593
v -0.075379 0.575689 0.054187
v 0.157494 0.676018 0.019866
v 0.083692 0.693680 0.082399
v 0.086995 0.707885 0.084291
v 0.109164 0.713882 0.079325
v -0.000178 0.663795 0.077659
v 0.009189 0.667784 0.079206
v 0.044280 0.579938 0.053266
v 0.142166 0.608170 0.031891
v 0.127959 0.609539 0.044748
v -0.042584 0.649772 0.074283
v -0.020911 0.576336 0.054834
v -0.159722 0.679742 0.014942
v -0.143875 0.728831 0.065928
v -0.129586 0.658596 0.061275
v 0.038219 0.657534 0.074207
v -0.081146 0.591106 0.060108
v 0.062911 0.710203 0.083725
v 0.049865 0.709215 0.080916
v 0.032216 0.741969 0.087210
v -0.074550 0.737087 0.094484
v -0.085550 0.646947 0.075371
v -0.097473 0.600736 0.064670
v -0.135075 0.702582 0.070913
v -0.140944 0.718425 0.070252
v -0.139842 0.625616 0.038005
v -0.145498 0.624072 0.019339
v 0.036367 0.613316 0.067730
v -0.099961 0.725461 0.090888
v 0.123158 0.634615 0.054407
v 0.107286 0.673631 0.074348
v 0.125738 0.680913 0.070761
v 0.147896 0.627209 0.028353
v -0.080588 0.657053 0.077872
v -0.103161 0.650061 0.075498
v -0.148667 0.632375 0.020058
v 0.051917 0.644117 0.070172
v -0.145176 0.611827 -0.001128
v -0.134280 0.594000 0.032273
v -0.147440 0.625826 0.000493
v 0.121376 0.577552 0.040222
v -0.165337 0.716196 0.009873
v -0.164607 0.711730 0.021630
v -0.151001 0.644759 0.002828
v -0.052208 0.740258 0.092693
v 0.040290 0.623201 0.067679
v -0.152853 0.673003 0.033869
v -0.151207 0.740213 0.056976
v 0.088881 0.642188 0.067450
v -0.164855 0.691146 0.007327
v 0.154398 0.641504 -0.005807
v 0.084251 0.740274 0.084809
v -0.046003 0.589466 0.056450
v 0.065816 0.666898 0.076335
v -0.064790 0.654126 0.078330
v -0.157042 0.659164 0.004058
v -0.101839 0.588809 0.054693
v 0.015730 0.699581 0.079639
v -0.097145 0.737840 0.093213
v -0.114524 0.628113 0.061281
v -0.013346 0.586338 0.057288
v -0.057002 0.575472 0.056250
v 0.068511 0.642848 0.064734
v 0.071065 0.653057 0.070685
v -0.038087 0.603157 0.065101
v -0.041829 0.615751 0.067772
v -0.114114 0.575803 0.045707
v 0.162404 0.695685 0.001022
v -0.137402 0.641781 0.045263
v 0.048709 0.634468 0.065119
v 0.042668 0.716110 0.083739
v 0.153656 0.656260 -0.000283
v -0.037192 0.706387 0.084952
v -0.069127 0.616399 0.067370
v -0.046672 0.575653 0.056155
v -0.040999 0.657024 0.079870
v -0.031978 0.733350 0.091095
v 0.111914 0.679521 0.072353
v 0.017034 0.652953 0.073313
v 0.152525 0.677951 0.038313
v -0.143539 0.606157 0.018539
v 0.060072 0.722978 0.083750
v 0.032818 0.698722 0.081619
v 0.067162 0.610352 0.060061
v 0.069933 0.599094 0.056265
v 0.056481 0.657026 0.075215
v -0.086860 0.673643 0.082209
v 0.138116 0.593811 0.029275
v -0.061960 0.669024 0.082602
v 0.153283 0.639270 0.023937
v 0.159032 0.679940 0.003031
v 0.005582 0.631246 0.070305
v 0.003078 0.641066 0.071334
v -0.142161 0.580630 0.011258
v 0.008041 0.588082 0.055789
v -0.004875 0.733295 0.090230
v -0.108544 0.739878 0.091738
v -0.048812 0.670975 0.078763
v -0.047340 0.680061 0.079807
v -0.068472 0.679023 0.081058
v -0.117053 0.660715 0.072960
v -0.107162 0.702124 0.085507
v -0.112650 0.712441 0.087561
v -0.123383 0.702959 0.075943
v 0.101726 0.593564 0.051405
v -0.151958 0.663624 0.021347
v -0.142855 0.675494 0.056090
v -0.058354 0.683983 0.080388
v -0.094245 0.715760 0.088645
v -0.089998 0.706660 0.089541
v 0.156780 0.688523 0.034393
v 0.163304 0.740929 0.039741
v 0.160954 0.686825 0.022608
v 0.129250 0.670071 0.065379
v 0.017162 0.732888 0.088894
v 0.028191 0.585095 0.055103
v 0.154193 0.664418 0.031739
v -0.146230 0.597998 0.009624
v -0.144115 0.612578 0.008492
v 0.097983 0.741777 0.084614
v 0.061036 0.575558 0.053993
v -0.099117 0.613649 0.063952
v 0.052333 0.610271 0.063629
v -0.150286 0.679194 0.039231
v 0.080687 0.609407 0.062548
v -0.008782 0.720579 0.085804
v 0.097048 0.609460 0.063447
v 0.102978 0.602504 0.061980
v -0.149009 0.651351 0.031886
v 0.146469 0.656702 0.045060
v 0.101723 0.578433 0.047790
v 0.146527 0.583728 0.004612
v 0.155865 0.731019 0.055115
v -0.033336 0.647433 0.071362
v -0.169892 0.743733 0.022387
v 0.033610 0.725812 0.088108
v 0.110531 0.585555 0.047348
v -0.123268 0.586937 0.046753
v 0.085417 0.674915 0.071774
v -0.056334 0.647873 0.073737
v 0.156559 0.741464 0.049784
v -0.137731 0.614801 0.032206
v -0.112474 0.724123 0.089320
v -0.025328 0.593113 0.061774
v 0.169926 0.735770 0.000218
v -0.081849 0.662962 0.081354
v -0.101803 0.667620 0.077425
v -0.094038 0.659900 0.079567
v 0.072724 0.742413 0.085316
v 0.033215 0.688578 0.079020
v -0.163297 0.727095 0.024195
v 0.056532 0.599355 0.056720
v -0.172263 0.744814 0.011261
v -0.097696 0.644655 0.073379
v 0.135083 0.704975 0.070484
v 0.171460 0.742778 0.001676
v -0.158124 0.683200 0.004231
v 0.037970 0.594973 0.055335
v 0.136815 0.635090 0.041959
v 0.133397 0.645236 0.052706
v 0.129130 0.721670 0.075003
v 0.104831 0.640826 0.065013
v 0.053499 0.678877 0.076742
v -0.083620 0.636455 0.071445
v -0.068040 0.636663 0.070957
v -0.160691 0.732801 0.043609
v 0.066569 0.621260 0.067549
v 0.126505 0.617400 0.047326
v 0.101528 0.702425 0.079311
v -0.134527 0.578444 0.028736
v -0.002164 0.576761 0.055987
v 0.014278 0.721908 0.083399
v -0.073530 0.711264 0.089780
v 0.141135 0.580458 -0.000160
v 0.082873 0.620674 0.062005
v 0.085040 0.628365 0.066342
v 0.051915 0.574879 0.053916
v -0.122867 0.635249 0.063035
v -0.165494 0.723665 0.007332
v -0.032479 0.716567 0.086648
v -0.155967 0.658893 0.015018
v -0.146946 0.622530 0.009473
v 0.162682 0.731149 0.032114
v -0.080295 0.718603 0.090218
v -0.142104 0.706555 0.063055
v 0.142164 0.621913 0.037379
v -0.022544 0.657541 0.076585
v 0.138461 0.726360 0.069690
v 0.118723 0.730221 0.080373
v -0.130116 0.669242 0.065872
v 0.002373 0.620063 0.065259
v 0.149732 0.709393 0.058542
v -0.051371 0.617347 0.067005
v 0.153129 0.663924 0.011605
v 0.037193 0.650812 0.072341
v 0.109237 0.689572 0.078325
v 0.141394 0.588010 0.013915
v -0.069828 0.732067 0.091026
v -0.031884 0.668642 0.081110
v -0.019374 0.667076 0.079523
v -0.018896 0.677801 0.078258
v -0.156201 0.712020 0.043728
v 0.147563 0.692699 0.050014
v 0.011360 0.693991 0.079672
v 0.165693 0.717191 0.018683
v 0.166376 0.725675 0.014638
v -0.043527 0.637344 0.071613
v -0.055625 0.638115 0.072112
v -0.054008 0.626697 0.071590
v 0.013372 0.710948 0.079911
v -0.041683 0.629098 0.071286
v 0.015781 0.643440 0.069250
v 0.031706 0.705133 0.082531
v -0.127913 0.611878 0.045782
v 0.139168 0.675956 0.054169
v 0.114798 0.700598 0.076321
v 0.122003 0.710835 0.074828
v -0.058344 0.605525 0.065916
v -0.140088 0.733487 0.072935
v 0.046261 0.661793 0.075930
v -0.069342 0.626123 0.069736
v 0.132181 0.573964 0.029731
v 0.132993 0.662444 0.059181
v -0.017017 0.708804 0.083045
v 0.007049 0.654319 0.073538
v 0.160294 0.719617 0.040604
v -0.015571 0.639985 0.074368
v -0.112103 0.666296 0.073009
v 0.079987 0.700511 0.081827
v -0.156694 0.687729 0.027744
v 0.005329 0.612050 0.062810
v 0.019323 0.619956 0.069398
v -0.156085 0.649276 0.000517
v -0.033558 0.582992 0.060714
v 0.129767 0.693163 0.068454
v 0.018711 0.632734 0.068507
v -0.010280 0.629170 0.070762
v -0.026286 0.635487 0.074137
v 0.063204 0.584188 0.051002
v 0.157448 0.669311 0.022368
v 0.083484 0.686920 0.080350
v 0.099866 0.692615 0.081331
v 0.093628 0.682758 0.078217
v -0.141408 0.667247 0.050339
v -0.091285 0.582653 0.055133
v 0.071052 0.671853 0.073873
v 0.078383 0.729782 0.087605
v 0.067550 0.732172 0.088909
v 0.128416 0.599168 0.038081
v 0.049593 0.690218 0.077213
v 0.047203 0.697765 0.081411
v 0.064929 0.689726 0.078612
v -0.100717 0.674650 0.079864
v -0.091151 0.728197 0.090815
v -0.079339 0.691176 0.086412
v -0.087129 0.695999 0.084646
v -0.151209 0.691409 0.048626
v 0.057636 0.620828 0.067673
v -0.026243 0.605885 0.065124
v -0.026375 0.615164 0.066555
v -0.010508 0.610397 0.061776
v 0.166448 0.714839 0.003267
v -0.156713 0.701437 0.035124
v 0.018112 0.593046 0.057228
v 0.149326 0.601842 -0.012453
v -0.100802 0.683495 0.084765
v -0.082976 0.679960 0.082543
v -0.070449 0.703596 0.082270
v 0.008768 0.622592 0.068698
v 0.127491 0.585679 0.037956
v 0.150096 0.629246 -0.007482
v 0.148663 0.621299 -0.008333
v 0.150881 0.625737 0.009287
v -0.079811 0.728632 0.090225
v -0.087189 0.740647 0.090788
v -0.113565 0.595497 0.054510
v 0.108800 0.650293 0.069999
v 0.122037 0.641577 0.056741
v -0.066441 0.740920 0.093752
v -0.168336 0.732290 0.022269
v -0.132640 0.715075 0.077391
v -0.065761 0.647195 0.076943
v 0.097979 0.627706 0.065387
v -0.014600 0.672041 0.081454
v 0.097838 0.652810 0.068022
v -0.154764 0.669573 0.002439
v 0.006833 0.601749 0.059523
v -0.133230 0.663490 0.057980
v -0.121165 0.575224 0.041645
v -0.126146 0.585558 0.038325
v -0.122230 0.655794 0.067329
v 0.149439 0.618149 0.020373
v -0.142702 0.683103 0.060407
v -0.146848 0.694855 0.053533
v 0.140705 0.578004 0.007956
v 0.145647 0.595752 -0.012117
v 0.145412 0.722638 0.061741
v -0.096675 0.574967 0.052300
v -0.141549 0.616414 0.024250
v 0.142476 0.579738 -0.008843
v -0.119649 0.648885 0.064915
v 0.035135 0.682391 0.077567
v -0.105308 0.638005 0.068175
v 0.126515 0.572253 0.037347
v -0.141921 0.714325 0.062992
v 0.147876 0.587788 -0.012099
v 0.152857 0.629970 0.003638
v 0.162499 0.697968 0.019657
v 0.166909 0.704764 0.015055
v 0.164167 0.701443 -0.000544
f 311 1 3687
f 311 243 1
f 3687 1 2
f 1569 309 2921
f 2271 1569 642
f 2628 2084 3377
f 2084 5 6
f 2347 2628 1232
f 302 2336 2497
f 3168 1994 791
f 1660 685 1482
f 1794 1231 521
f 2163 2756 9
f 1121 1400 1954
f 3459 2808 434
f 3772 2724 444
f 1762 521 2294
f 1710 1694 803
f 17 1710 2760
f 2831 1731 499
f 3717 14 1622
f 1738 2927 481
f 2831 2046 2830
f 1730 21 2703
f 3053 1489 3054
f 2451 1765 690
f 2676 1680 1127
f 1680 3055 1127
f 1361 991 1649
f 2724 1745 444
f 3464 2133 391
f 3294 27 28
f 3213 3294 1550
f 31 1381 30
f 2719 33 34
f 3366 3242 373
f 2720 3724 875
f 2824 2218 522
f 1419 3764 1277
f 2166 3031 2572
f 2954 1820 1062
f 3563 36 37
f 1810 41 1913
f 1861 2929 500
f 1275 1062 2255
f 2493 2363 950
f 3011 42 43
f 3435 2311 1149
f 45 2363 2493
f 2586 49 50
f 3348 1149 2311
f 2586 50 2319
f 3228 583 2384
f 2095 52 53
f 2095 2094 908
f 56 57 3276
f 1362 54 55
f 2827 55 56
f 2827 3276 1167
f 2180 2817 2401
f 3650 2180 574
f 3434 1006 3200
f 3434 3200 1217
f 1967 1494 1159
f 3037 2912 464
f 3170 2541 1006
f 1257 209 210
f 3393 2026 1438
f 1913 42 3011
f 3393 1257 3824
f 2121 1903 951
f 2156 1479 1198
f 3212 2943 550
f 1519 1351 360
f 1941 1233 713
f 3505 215 216
f 2032 1783 996
f 1979 1259 525
f 1980 736 2055
f 2987 2928 372
f 2501 2539 836
f 3268 2047 596
f 1463 2965 3064
f 3452 224 2320
f 1560 225 226
f 2288 1969 716
f 2806 3539 528
f 1877 229 230
f 2334 2973 3576
f 3248 229 1877
f 2345 1430 3042
f 1959 2901 503
f 1430 2549 985
f 2549 236 1932
f 3590 1577 667
f 1577 238 239
f 2606 3510 1200
f 3510 241 2358
f 58 3275 242
f 2358 241 3390
f 3390 3275 1151
f 2792 59 60
f 237 2173 1932
f 2312 2041 818
f 3790 2140 1148
f 1430 2880 3042
f 2140 2232 1046
f 2868 1574 634
f 2104 3266 768
f 2232 2140 65
f 2177 1297 416
f 3293 67 68
f 2292 2219 518
f 1665 1320 3105
f 2104 70 71
f 1005 2185 3266
f 1975 1472 378
f 2303 3737 625
f 3225 73 74
f 2822 2799 982
f 2370 2736 346
f 776 2405 1925
f 3636 78 2657
f 2657 78 1829
f 1829 3156 1300
f 2749 1975 378
f 3721 83 1673
f 82 3721 3722
f 1673 2862 1214
f 1766 1236 565
f 1871 2443 907
f 2098 86 87
f 1414 87 88
f 1943 2496 89
f 1709 91 92
f 2903 2666 461
f 2341 91 1709
f 3140 92 93
f 3588 834 2051
f 1394 2671 467
f 2117 453 2010
f 2402 1394 837
f 2053 1502 440
f 2039 2117 846
f 2090 1276 453
f 3327 100 101
f 2476 1526 804
f 2458 1499 688
f 804 1503 1502
f 2476 804 1725
f 2837 110 1266
f 3175 2922 947
f 2148 1266 111
f 3405 2148 112
f 113 114 2634
f 244 245 114
f 3405 112 113
f 2148 111 112
f 1266 110 111
f 3068 246 247
f 2458 109 1499
f 2951 248 249
f 1825 250 1618
f 2731 870 2485
f 2287 2033 938
f 251 3662 1618
f 3509 739 2893
f 2033 254 3509
f 3552 1591 396
f 2074 3321 739
f 2978 1248 523
f 3138 1789 622
f 2875 2978 1024
f 2878 2087 423
f 2171 1247 523
f 1610 1311 753
f 3209 2918 1398
f 2737 2556 448
f 3218 3173 1411
f 3759 2715 266
f 2702 264 265
f 2622 2034 806
f 2813 1736 515
f 2622 806 1454
f 3440 1879 376
f 1337 2109 806
f 2314 1410 588
f 3247 3181 515
f 2579 272 273
f 3780 273 274
f 2353 1918 1617
f 2991 740 2004
f 1900 1681 990
f 3786 2231 421
f 1978 1655 279
f 2112 1926 508
f 1617 1245 2353
f 3686 872 1918
f 3555 2534 2707
f 1806 2112 2963
f 2196 881 1806
f 3593 2266 1292
f 3389 1392 1937
f 2352 1395 355
f 1197 2605 897
f 3325 2184 290
f 2190 2191 758
f 3070 1724 726
f 3489 2481 1146
f 3489 296 2481
f 1418 1936 725
f 1726 3277 657
f 298 299 1936
f 1390 300 1726
f 1726 2497 3277
f 1079 1839 3536
f 2336 303 2743
f 3535 1663 305
f 3535 305 306
f 2271 1074 2583
f 3066 2522 642
f 2921 3066 1569
f 3428 1587 957
f 1644 3047 3229
f 2726 3049 613
f 2830 2046 803
f 1178 1990 3193
f 3173 1311 1610
f 1891 1890 1279
f 3033 2580 859
f 2369 2465 784
f 2089 1250 407
f 3338 3309 317
f 740 2006 2005
f 2327 1332 318
f 2680 1871 489
f 2346 1541 465
f 1896 1897 696
f 3194 1678 422
f 3591 3138 622
f 1069 2419 2071
f 1231 12 3717
f 2048 1551 3426
f 2904 1493 320
f 2487 3407 364
f 1877 1012 2976
f 2466 1679 647
f 2818 1735 911
f 1573 1722 325
f 1292 2404 2361
f 1434 2393 703
f 3753 1584 724
f 3843 1370 576
f 1905 1251 329
f 1874 1326 1008
f 2945 2222 456
f 1863 1716 409
f 2717 1951 491
f 3638 531 2559
f 1601 2761 322
f 1845 2020 447
f 3790 63 64
f 2144 1213 701
f 2602 534 2578
f 1809 38 39
f 3051 1237 334
f 2099 2900 386
f 3273 1521 315
f 3710 2325 823
f 1676 2925 386
f 3109 1536 336
f 1697 1417 370
f 2593 2752 3230
f 3341 3125 325
f 2859 1603 638
f 1260 218 219
f 1972 1757 442
f 3119 1218 726
f 3454 1822 362
f 2528 268 1454
f 2316 80 81
f 2430 2192 353
f 1510 1321 342
f 2899 1626 3130
f 2226 1433 389
f 2042 1611 460
f 3572 706 1862
f 3663 2455 884
f 1353 3202 3768
f 3761 2227 3358
f 3635 895 1604
f 3198 2614 363
f 2409 1422 347
f 2957 1708 346
f 3214 2194 348
f 1183 1876 463
f 3285 2189 3745
f 249 250 1825
f 1476 2645 455
f 1160 1177 3813
f 1593 1513 3504
f 3838 8 1660
f 2468 1641 96
f 3308 2512 867
f 2306 353 1421
f 2563 2111 318
f 3631 1516 354
f 3303 3048 2100
f 3619 672 2038
f 2153 1162 2648
f 1753 3196 3295
f 810 1659 1385
f 2685 3378 446
f 2151 1042 2406
f 2035 762 2205
f 3777 262 1610
f 2440 2168 366
f 2221 1828 1405
f 1852 360 1331
f 3352 2751 569
f 2020 2873 447
f 1229 1102 2749
f 2415 2241 362
f 3499 2159 1078
f 1230 2297 1599
f 1328 2386 392
f 798 1255 2394
f 2558 1298 3320
f 2701 1427 931
f 3666 393 2783
f 2603 988 2769
f 3281 2243 553
f 3400 1581 439
f 1439 2236 3196
f 1593 2489 571
f 2760 1710 921
f 2680 489 2233
f 1254 1886 345
f 2315 2883 1866
f 2213 2214 1263
f 2718 2753 1661
f 2457 2024 3657
f 2539 1980 836
f 3137 3482 323
f 2505 3589 2695
f 2418 1466 605
f 3755 2862 84
f 2664 1671 322
f 1268 2536 1354
f 1495 3151 371
f 1736 3247 515
f 1961 3220 1566
f 3331 875 2675
f 3237 1803 475
f 2199 1229 524
f 3709 1798 400
f 3678 1756 471
f 3846 420 2329
f 1635 3289 380
f 2642 1510 342
f 3418 2871 599
f 3134 815 2776
f 1645 3087 1012
f 1976 1480 1977
f 2059 1621 383
f 1233 1941 2944
f 3365 3565 1683
f 3519 2631 884
f 3426 1650 1060
f 2181 2182 1043
f 1997 1522 945
f 2867 1875 1050
f 2462 387 1273
f 2484 1801 816
f 1674 3463 407
f 1204 61 2312
f 1433 1287 389
f 1648 1327 636
f 1401 1559 428
f 3456 1875 328
f 2550 3682 561
f 1109 1701 3549
f 1131 2726 1237
f 3707 3416 1193
f 3779 2220 464
f 2643 2907 3434
f 3808 2408 479
f 3488 1687 435
f 2172 1384 395
f 3058 2972 469
f 1080 1591 3552
f 1719 3689 495
f 3431 1721 397
f 2223 3488 435
f 1904 2855 454
f 711 1911 2908
f 2794 2713 945
f 1983 1347 3347
f 1798 2734 400
f 1209 2430 2359
f 3157 1652 72
f 2281 614 1851
f 3310 3311 1989
f 2244 719 1534
f 3001 403 1827
f 2982 3567 394
f 1820 2954 404
f 3088 1780 874
f 1892 1893 1290
f 1938 2187 343
f 1133 3030 1819
f 2669 1970 384
f 1674 2284 1286
f 3189 68 69
f 2138 2995 408
f 2490 2553 430
f 3852 2249 486
f 3655 2318 3040
f 2391 2339 410
f 3352 2729 1191
f 3056 1732 971
f 2703 21 22
f 3708 3697 1776
f 3231 1383 2267
f 2076 2307 1235
f 3156 80 2316
f 1936 3511 298
f 2507 3696 482
f 2809 1457 689
f 3656 2662 332
f 2078 716 1560
f 1536 2178 336
f 2129 1263 417
f 2061 2277 786
f 1208 2301 3647
f 2275 2374 537
f 3161 2126 767
f 2635 2044 1172
f 1333 2329 420
f 2845 1542 1289
f 3135 2006 740
f 3816 1681 367
f 2082 3029 493
f 2744 1662 644
f 2400 1247 2337
f 2270 1440 375
f 723 1387 1340
f 2628 4 5
f 2439 1638 1313
f 1533 2626 1369
f 1576 2516 426
f 3035 1239 3036
f 2890 2486 890
f 1486 247 2952
f 3040 2318 428
f 3127 1632 342
f 1966 2250 429
f 994 1350 3190
f 2360 3669 533
f 1743 1455 994
f 1382 2073 2486
f 2208 1789 1007
f 3486 2381 432
f 2452 1375 671
f 2924 1564 611
f 3309 2013 317
f 2808 1777 434
f 1994 12 1231
f 1775 2123 502
f 2484 1431 319
f 1389 2589 864
f 1812 2031 425
f 2992 2599 437
f 1578 1696 541
f 2753 1355 438
f 3519 1611 2631
f 3400 439 2389
f 2807 1631 632
f 3265 1547 440
f 2485 103 104
f 2022 1375 441
f 2434 2065 450
f 3406 442 2265
f 2607 3437 313
f 2990 3357 443
f 3323 3825 1459
f 2552 1763 2447
f 1950 2467 690
f 1606 3000 659
f 2450 3397 3849
f 3378 2445 446
f 1367 1897 586
f 3245 3180 614
f 1605 1881 1122
f 1807 2396 448
f 3653 3206 770
f 3532 1937 838
f 3134 2355 441
f 2050 2434 811
f 3256 442 1757
f 3732 2773 451
f 3599 2575 1318
f 2939 3691 1783
f 2748 1571 3387
f 3503 846 2388
f 2591 396 1706
f 3526 1583 925
f 1372 2854 3217
f 2616 1476 455
f 1731 3386 1144
f 1413 2659 2107
f 2520 3501 556
f 3123 1636 457
f 2848 1544 630
f 1627 3124 458
f 3655 2317 808
f 3059 2706 1910
f 3557 1682 496
f 3480 1715 654
f 2145 1653 1234
f 1923 827 1924
f 1836 1650 385
f 1908 1305 462
f 2930 1597 463
f 1353 1183 807
f 2835 2018 493
f 2912 2059 748
f 2162 208 209
f 2237 3788 882
f 1651 2730 895
f 3432 3856 466
f 2079 31 32
f 3588 2511 834
f 2203 1769 468
f 2688 683 1512
f 1952 1254 345
f 3108 1481 469
f 2617 3092 476
f 3171 2474 663
f 1564 2570 433
f 2610 1901 471
f 1919 1209 709
f 3339 2816 1069
f 2447 1763 444
f 2985 2648 473
f 2850 2804 368
f 3301 1968 657
f 3858 1954 351
f 1309 1859 2483
f 3708 1599 412
f 2789 2617 476
f 1977 336 1514
f 2290 1739 477
f 3201 1514 336
f 3359 1988 718
f 2509 2590 2858
f 3444 3808 479
f 2247 1505 530
f 1262 1931 2080
f 3448 1815 676
f 2361 2179 881
f 3295 1620 845
f 3847 564 1396
f 1846 1867 450
f 1504 2062 593
f 2287 253 2033
f 2089 1026 3471
f 2281 3714 614
f 1600 3380 485
f 3257 3513 1115
f 2009 1338 805
f 2269 1253 409
f 3629 1098 1916
f 2631 1611 737
f 3240 743 1756
f 3846 2259 420
f 3246 2233 903
f 2762 1346 445
f 1922 776 1925
f 3096 2885 906
f 1951 2182 491
f 3083 1587 314
f 2258 2195 492
f 2525 1252 529
f 1822 2344 618
f 2018 1065 2239
f 3726 1881 1261
f 1986 1250 687
f 2949 1993 717
f 1769 3219 468
f 3605 2477 820
f 3557 1692 3556
f 3119 3601 497
f 2253 1390 657
f 1786 3117 516
f 2597 2244 605
f 3441 3078 499
f 1710 17 18
f 3223 1780 500
f 2311 48 1850
f 3376 501 3373
f 2538 1686 660
f 2823 2867 1050
f 1686 3375 392
f 1817 2838 1271
f 2649 1339 3174
f 2399 2818 911
f 2564 1637 337
f 1314 2068 3148
f 3215 1658 475
f 2798 2730 506
f 2483 1803 775
f 2186 1258 773
f 2571 1234 317
f 284 2963 2295
f 2381 2707 432
f 1189 2300 509
f 2377 1447 510
f 3799 2211 1171
f 3639 1429 419
f 2166 2572 869
f 2696 1379 333
f 2146 2349 1082
f 2616 455 1529
f 2681 2523 513
f 3438 2080 480
f 2114 3169 514
f 2136 1965 2900
f 2034 1337 806
f 2425 2938 589
f 1572 2356 516
f 3652 603 1467
f 1540 1202 1539
f 3585 1616 560
f 3266 2185 768
f 2608 1595 361
f 3098 1737 761
f 1511 1165 3391
f 2014 3385 520
f 2651 2290 1449
f 3447 3335 942
f 2946 670 1746
f 2658 1128 2446
f 1776 2755 2068
f 2978 1789 1024
f 2909 2400 1609
f 76 2365 2800
f 1320 2575 563
f 3581 1032 1940
f 2137 1331 538
f 3221 2213 1263
f 2276 1302 335
f 3606 837 2468
f 2060 1705 3209
f 2273 1073 2569
f 3620 1490 598
f 1899 529 1253
f 2113 2330 344
f 1051 2876 2408
f 1422 1105 1811
f 2126 1429 2383
f 2243 1335 553
f 2147 532 1307
f 1992 610 1525
f 2144 701 1848
f 2380 1255 798
f 2257 2578 534
f 1903 3212 550
f 1888 1289 535
f 3617 2444 1064
f 782 2506 1284
f 2326 1333 781
f 2374 1303 537
f 2609 2594 398
f 1368 2137 538
f 2975 2555 831
f 3859 1790 539
f 3140 93 2652
f 2342 3358 540
f 829 1324 2515
f 1781 1493 976
f 1282 2216 1576
f 1978 2124 796
f 1308 2673 532
f 3361 1006 2907
f 2220 3037 464
f 2765 2125 544
f 2241 1393 1087
f 1984 3651 1180
f 2638 905 2747
f 3120 3115 546
f 3302 2357 545
f 2623 1764 624
f 1285 2310 569
f 2625 1268 548
f 3220 2754 324
f 1326 1874 549
f 2532 1830 3671
f 3574 2580 550
f 3573 211 212
f 2019 551 1571
f 1455 1743 430
f 2340 2131 3186
f 3034 2868 634
f 2633 1435 594
f 1174 1509 2325
f 2604 3255 554
f 2843 1357 454
f 1509 1356 555
f 927 1357 2843
f 1921 2896 556
f 3478 1742 519
f 1585 2826 1230
f 1646 1168 590
f 2562 2439 558
f 1313 3349 627
f 1246 1141 3632
f 3501 1921 556
f 43 2432 3011
f 2372 1202 799
f 3113 1680 1037
f 1489 22 3227
f 1991 2433 615
f 1012 2861 2881
f 3672 2323 1851
f 2840 1793 681
f 3278 772 1199
f 3479 2507 482
f 1766 3008 1047
f 3755 84 85
f 1975 2379 797
f 3814 3008 565
f 2854 2436 567
f 1296 2114 514
f 2340 818 2131
f 2792 3275 59
f 2751 2339 904
f 2654 2291 573
f 2667 1147 3031
f 2567 2675 35
f 929 2407 1711
f 2488 1744 472
f 1400 3531 572
f 1088 1794 3335
f 2260 3197 573
f 2759 823 1615
f 3142 3650 574
f 2817 3276 202
f 3827 3420 575
f 3638 3481 531
f 3367 1533 576
f 1545 3350 425
f 2184 1197 897
f 3195 1439 3196
f 266 267 3759
f 3502 375 2536
f 1689 1464 579
f 1797 2987 2964
f 2559 1999 1429
f 2044 3019 3420
f 3222 2612 581
f 2750 2492 338
f 3006 2627 732
f 2524 1881 606
f 3587 2784 583
f 3748 3089 1139
f 1608 1465 2546
f 1975 3307 2379
f 1124 2099 1296
f 2532 1477 613
f 1371 1749 850
f 2478 1682 668
f 3623 587 3624
f 2866 1488 648
f 2911 2314 588
f 3159 3527 1409
f 2938 1567 589
f 3337 2625 548
f 3284 2504 992
f 1243 3232 3236
f 2101 1495 591
f 2630 1933 438
f 2961 1592 922
f 1653 2145 460
f 3076 593 2062
f 1526 107 2458
f 3244 2633 1341
f 3725 988 2789
f 86 2098 3063
f 3592 2233 489
f 2962 1515 2651
f 3201 336 2178
f 1977 2047 673
f 1480 1481 974
f 3620 598 2040
f 3701 2283 494
f 3680 3418 599
f 2355 2022 441
f 2971 2811 600
f 3137 788 1285
f 1464 1297 932
f 3578 975 2928
f 2696 1540 2698
f 1427 2701 1960
f 3836 1960 603
f 2678 1539 517
f 3718 1224 3719
f 3302 2624 857
f 1466 2418 3698
f 2626 2716 1369
f 1881 1605 606
f 3315 1669 767
f 3216 607 1831
f 3294 3213 27
f 2778 3766 608
f 3047 3046 1800
f 2356 3089 1120
f 3779 464 1778
f 2564 1525 2494
f 2899 1627 628
f 1796 3110 3150
f 2860 1748 592
f 3414 1623 1193
f 3375 1686 1067
f 3235 3049 1131
f 2656 392 1755
f 1274 3180 1118
f 3245 2020 913
f 233 2345 2557
f 3399 2110 382
f 2637 1579 616
f 2993 1573 892
f 3612 1571 617
f 1981 1259 736
f 3207 1822 618
f 2333 1684 645
f 2403 1413 619
f 3122 1543 381
f 2828 1551 3104
f 1625 3084 485
f 3768 3177 1364
f 1741 1507 3057
f 2780 3591 1316
f 2955 3013 358
f 1990 1433 778
f 3514 1880 653
f 2487 1561 1498
f 2709 1583 327
f 73 3225 1527
f 2303 3105 401
f 1081 1545 3351
f 1727 1983 754
f 1843 1487 1081
f 3415 1192 2439
f 1974 1626 628
f 966 1627 2426
f 2947 3299 629
f 962 1634 3129
f 1544 3342 630
f 2302 1460 599
f 3823 631 1628
f 1630 3287 632
f 3287 3832 632
f 964 1631 3125
f 1833 1346 2778
f 1059 1600 3398
f 2960 1784 634
f 2232 65 66
f 1516 2933 3626
f 3749 703 1930
f 2877 1443 636
f 1433 1990 623
f 1594 1707 637
f 2699 1357 555
f 3176 1452 3296
f 1219 2251 2244
f 2722 1476 639
f 1083 2158 1824
f 2160 3576 640
f 229 3248 228
f 1982 641 1642
f 2920 1530 348
f 3146 306 307
f 3700 2950 1340
f 1585 3809 643
f 2067 1314 377
f 3093 1662 2230
f 3258 1718 3546
f 2159 3499 3633
f 3365 1684 1097
f 3218 2740 646
f 2343 1166 2878
f 2544 647 1678
f 2718 1661 644
f 2133 2366 648
f 3567 2766 394
f 3857 1531 1530
f 2182 2560 491
f 3750 2332 650
f 1587 1586 920
f 2096 3546 651
f 2330 1272 344
f 3328 3508 652
f 3250 3648 1948
f 1841 653 1692
f 387 1444 1443
f 1096 1716 3561
f 3353 2145 832
f 3280 1664 1074
f 2743 303 304
f 3770 1733 1157
f 3577 1769 801
f 3362 1968 1014
f 3695 2336 877
f 1844 1485 2772
f 3068 2634 246
f 1816 1607 741
f 2375 1471 584
f 1801 1685 660
f 2538 1066 3364
f 3465 1946 661
f 2579 2070 272
f 3015 2454 1613
f 2551 902 1404
f 2474 1496 663
f 1567 1566 856
f 3549 1701 664
f 1928 3445 703
f 1456 1387 3791
f 655 2475 1663
f 1732 1731 666
f 1730 2364 20
f 1959 3590 667
f 2606 239 240
f 2470 2354 1273
f 3283 586 2693
f 1658 2888 669
f 992 2820 3284
f 2503 3162 1744
f 1785 1423 968
f 3490 2452 671
f 2355 1462 3342
f 3696 1283 672
f 2460 1972 814
f 3091 3090 987
f 2047 1514 596
f 1175 3854 1720
f 2175 1349 623
f 3303 1773 675
f 3560 502 2823
f 888 3172 1598
f 2959 2796 886
f 2362 1276 677
f 2948 1719 495
f 3807 1698 983
f 2502 1688 727
f 437 1590 2495
f 1591 1469 2235
f 1742 680 1165
f 2896 1921 961
f 2390 1793 2840
f 2011 1170 510
f 3046 1799 682
f 3253 1799 1001
f 2207 1512 3542
f 2264 1751 827
f 3537 1872 684
f 2648 2141 473
f 6 1482 2084
f 2808 1954 723
f 1858 1651 686
f 1859 2736 999
f 3471 3506 687
f 3506 1805 1027
f 1504 1503 688
f 3404 1486 658
f 1135 1861 3763
f 2809 1013 1457
f 1765 1950 690
f 2467 3386 411
f 2453 1596 691
f 2434 2050 810
f 2563 1189 692
f 2734 2127 400
f 2771 1781 693
f 2428 3069 1305
f 3334 694 1914
f 1668 1683 487
f 1252 1917 1474
f 1517 695 2113
f 3830 2338 1707
f 1897 1896 1366
f 2508 1468 697
f 1893 405 1290
f 1213 3760 1325
f 3667 1891 547
f 732 1640 1639
f 2172 1866 1384
f 3747 1819 700
f 1252 1819 406
f 2252 2970 777
f 3017 1849 1256
f 2077 2088 702
f 1931 1944 1048
f 2393 1928 703
f 3864 1929 1052
f 3005 1810 939
f 1912 1837 1293
f 2249 3733 705
f 2464 1432 773
f 3572 1517 706
f 1716 1823 654
f 2508 1855 1468
f 486 2249 1338
f 1113 1882 3676
f 2075 1816 741
f 3798 2127 1220
f 2105 2377 510
f 3742 1888 710
f 2547 1909 711
f 3141 916 2931
f 3648 2438 712
f 1910 1948 1304
f 3729 2477 3605
f 215 3505 1939
f 3670 2411 214
f 3354 1228 714
f 2500 1288 535
f 1301 1956 2268
f 2862 83 84
f 2288 1878 1023
f 3112 224 225
f 2235 1469 717
f 3625 2198 352
f 3360 1988 3359
f 2979 1989 1137
f 2251 1966 719
f 2692 3273 315
f 3817 2526 1206
f 483 1225 2892
f 2967 2001 2969
f 3224 355 1395
f 3100 1886 1254
f 1183 2331 807
f 1777 723 1340
f 3858 351 1747
f 2779 1693 724
f 2079 1381 31
f 3511 1936 1418
f 3278 2469 772
f 3601 1724 3602
f 2923 1846 2065
f 2741 2296 727
f 2591 1706 677
f 2128 728 2023
f 1868 1867 853
f 1188 2037 2891
f 3763 689 1457
f 1386 730 1356
f 1357 1904 454
f 3009 1649 731
f 2779 1870 1693
f 2627 1640 732
f 1185 3269 1004
f 3861 2687 733
f 1780 2733 500
f 3769 3564 1622
f 1345 2850 2851
f 3306 1873 1102
f 3156 79 80
f 1980 3740 736
f 1259 1981 360
f 1933 737 1272
f 3863 934 3828
f 2448 443 3357
f 1779 2348 813
f 1382 2893 739
f 1424 3591 622
f 276 2004 2399
f 3584 909 2814
f 1236 2075 741
f 1816 1606 659
f 3265 1548 1547
f 2502 2090 1688
f 2057 1195 743
f 1901 1329 692
f 3649 1262 744
f 3437 1813 313
f 3833 2024 745
f 3279 2414 433
f 1847 1445 2735
f 3517 1844 3817
f 1958 2066 995
f 3148 2119 787
f 2660 2058 1399
f 2282 1479 847
f 2142 2143 749
f 3756 1593 571
f 1650 1836 750
f 957 1587 3083
f 1698 2150 2149
f 3551 1080 1699
f 3185 752 1962
f 2167 2021 437
f 260 2169 1248
f 2217 1311 423
f 3274 1983 1727
f 3651 2357 1180
f 1032 2193 2852
f 1368 2611 849
f 3778 756 2177
f 2988 1538 932
f 3843 1802 757
f 1420 2007 864
f 3806 2191 2190
f 2190 3533 293
f 3436 1181 759
f 2325 1615 823
f 2192 2906 760
f 1223 2188 764
f 2435 1388 761
f 3520 1737 1176
f 2932 762 2189
f 3285 3322 1963
f 2222 1840 763
f 619 3609 3419
f 3356 1223 764
f 1336 2243 3281
f 2377 2306 765
f 3481 3356 531
f 2211 1447 766
f 3316 1845 447
f 1470 2134 2383
f 2209 2874 766
f 69 1857 3189
f 3343 1227 1027
f 2082 2018 769
f 1970 3545 1101
f 3776 770 2765
f 2155 2239 1065
f 1446 2194 771
f 3746 1133 1906
f 2352 2272 772
f 2152 1415 414
f 3543 2186 1432
f 3643 2521 559
f 2154 1435 774
f 2291 2350 1298
f 2246 1309 775
f 1505 1431 816
f 1924 1546 776
f 3145 2664 2621
f 2970 3210 940
f 2561 3579 402
f 3193 1990 778
f 2226 389 1713
f 2054 1420 2589
f 2614 1407 889
f 2321 1463 780
f 3112 2320 224
f 2620 1562 781
f 1927 1288 2500
f 2429 509 1208
f 2506 2373 536
f 3597 2151 783
f 2195 1446 771
f 2449 1365 784
f 2278 1302 786
f 1987 2329 785
f 2373 1333 536
f 2277 1691 786
f 1302 2278 537
f 2118 1314 787
f 1649 1708 731
f 1788 871 2043
f 2811 1672 3837
f 1426 2281 789
f 2324 2323 1320
f 2712 2357 790
f 3822 1583 1373
f 3168 791 2163
f 3335 2851 942
f 3013 2955 1657
f 2342 2337 1093
f 3841 2085 793
f 2086 2085 936
f 2412 1286 794
f 1986 3704 1122
f 2574 2231 795
f 2437 1307 337
f 2124 1244 796
f 279 1655 278
f 3820 2378 2202
f 2202 797 1301
f 3815 2380 798
f 2395 2394 1347
f 1222 2218 1895
f 517 1203 2015
f 2992 800 1578
f 3013 1657 1019
f 2197 1734 801
f 2613 1751 683
f 3654 2522 1834
f 1482 6 3838
f 18 1694 1710
f 3771 2046 1143
f 105 106 1725
f 3076 1501 593
f 2596 2706 967
f 1714 1344 652
f 268 2622 1454
f 3183 2270 375
f 3057 1507 385
f 2332 2331 1586
f 2186 2317 1258
f 2318 1619 2916
f 2431 1264 809
f 2429 1209 1919
f 3243 1659 810
f 1760 1620 356
f 449 2050 2049
f 811 1439 2049
f 2472 812 1461
f 2460 1758 672
f 2349 1824 813
f 2348 1779 1089
f 1757 1972 2460
f 3450 599 1460
f 1460 2302 3074
f 339 2023 1868
f 3239 319 1431
f 3752 3423 1105
f 1773 1811 817
f 2123 2122 1008
f 1211 2130 2340
f 2131 2041 1148
f 3433 2674 2088
f 1422 3422 1105
f 1682 2478 2477
f 3729 1140 1947
f 2980 2532 821
f 3711 1273 387
f 3523 2521 2093
f 2598 2520 1310
f 2514 3710 823
f 2844 1357 927
f 1404 2392 2786
f 2592 2280 1529
f 3514 1287 825
f 1349 1996 623
f 1312 2847 1709
f 2341 1943 90
f 3713 1768 827
f 369 1923 1922
f 1782 2427 2428
f 2788 1885 462
f 2517 1324 829
f 2516 3035 956
f 1428 2491 830
f 2492 2144 1848
f 2554 1455 831
f 2975 1330 538
f 3353 832 2482
f 2289 1556 2317
f 2801 2543 1835
f 2907 205 206
f 2655 1312 834
f 1641 2468 837
f 2564 2494 835
f 2570 2494 1156
f 3064 1084 2942
f 2032 219 220
f 2402 3606 1317
f 1641 2051 95
f 291 292 2200
f 1448 1937 449
f 3384 839 2416
f 1036 1533 3367
f 2346 840 1352
f 2366 2000 648
f 2653 2397 841
f 1807 3841 1166
f 2588 2607 842
f 3419 3418 1391
f 2841 3640 843
f 2412 3645 1491
f 1900 2527 1681
f 2640 2637 1580
f 3555 1753 845
f 3041 1869 441
f 98 2388 3021
f 2825 2010 1100
f 2059 2282 3595
f 1452 2859 638
f 2385 1687 848
f 3326 2386 1328
f 2995 1368 849
f 1428 2492 2750
f 3283 1676 850
f 3187 1522 604
f 3254 1765 851
f 2442 1403 587
f 3739 852 2158
f 2158 3631 354
f 1867 1846 853
f 3476 2038 1758
f 3045 2390 1408
f 3751 2646 1319
f 2822 2576 1665
f 2575 2577 1318
f 3417 2466 923
f 3297 3220 324
f 3234 857 2624
f 3302 1690 2357
f 1590 2599 3787
f 1493 3081 976
f 2257 2581 1621
f 2582 2580 1198
f 1334 357 2449
f 3026 860 2374
f 3262 2804 1345
f 2447 1745 2946
f 1867 728 1184
f 1620 2452 845
f 2031 1802 863
f 626 3472 2767
f 3038 436 1389
f 2691 2690 1378
f 1379 2696 865
f 3598 2505 866
f 3598 866 1894
f 3409 576 1370
f 1751 3713 827
f 2512 1364 2903
f 3492 2665 868
f 3381 1625 1058
f 939 2165 1809
f 3563 2567 36
f 103 2485 1654
f 727 2296 1547
f 2043 2310 788
f 2310 2729 569
f 3686 1900 872
f 2640 1580 367
f 2723 1745 873
f 3079 499 3078
f 2017 2016 874
f 2037 1554 729
f 32 33 1729
f 3764 1419 570
f 2761 1601 876
f 3583 445 1884
f 2758 3695 877
f 2743 304 305
f 2962 2651 878
f 2135 1449 1009
f 2402 527 1394
f 2688 2613 683
f 1752 2689 880
f 2511 3588 1582
f 285 286 1806
f 3553 2707 998
f 3788 2237 1381
f 2829 3294 28
f 2683 2335 883
f 2673 3184 1306
f 1933 2630 2631
f 1611 2996 460
f 1497 2533 885
f 2754 2718 1662
f 3313 3391 886
f 2959 3172 676
f 2222 887 1840
f 2947 2642 1632
f 2795 3028 1598
f 2107 3609 619
f 1378 363 1646
f 3615 612 1508
f 2518 2106 3538
f 1963 2486 431
f 2803 1580 891
f 2102 2494 610
f 2573 1581 892
f 2926 1573 325
f 2941 2805 893
f 3539 1270 2935
f 2110 894 1817
f 2880 1430 985
f 2957 1651 895
f 2798 506 2262
f 2705 896 1856
f 2350 2759 359
f 3167 577 2293
f 289 2266 288
f 1678 2230 898
f 2116 1483 769
f 2566 2457 899
f 2414 1974 2919
f 2788 1305 900
f 1876 2930 463
f 3580 2771 901
f 1157 1733 3774
f 1613 2864 2551
f 1555 2866 648
f 88 2496 1414
f 1552 2886 906
f 1280 2584 2391
f 3352 3197 1190
f 3451 2545 1764
f 2747 2639 857
f 1492 2887 2885
f 2885 3096 3677
f 2443 1922 907
f 2886 3096 906
f 2095 2423 1295
f 1494 2543 393
f 2005 2574 909
f 2814 1451 3467
f 2784 2898 910
f 2783 2801 1117
f 2003 2818 1179
f 3780 1500 273
f 2212 2874 2872
f 3744 1426 1319
f 3705 361 1605
f 3317 1845 1035
f 2777 1462 914
f 2871 3418 1458
f 3600 1606 915
f 1883 2075 374
f 3141 2547 916
f 3521 1896 696
f 2919 1974 917
f 3338 317 1234
f 1358 2857 2590
f 2510 3176 478
f 900 2530 2529
f 2529 1876 722
f 2981 1597 920
f 3633 1683 1107
f 15 2760 1761
f 1763 2045 444
f 1704 2936 922
f 2997 1653 933
f 3417 923 1440
f 1354 548 1268
f 2832 2831 924
f 2364 1694 19
f 3860 925 2709
f 3217 3718 1373
f 2856 2854 926
f 2855 926 1372
f 2325 2844 1615
f 359 2069 3783
f 1838 2153 928
f 2986 2240 1397
f 1396 473 1712
f 2902 2489 969
f 1606 2999 3000
f 3229 3047 341
f 1539 2678 931
f 3383 2416 373
f 1536 601 2351
f 2964 1703 935
f 2937 2997 1702
f 371 2456 2455
f 1854 934 1823
f 1715 2042 460
f 2966 1797 935
f 2965 2052 1402
f 2556 2625 936
f 2224 3653 770
f 841 2397 2396
f 1354 1677 548
f 252 253 2287
f 483 2890 2106
f 3706 2165 939
f 3005 1809 39
f 3462 1848 940
f 2250 1670 429
f 3826 2471 941
f 3046 3688 1799
f 3757 2849 1513
f 2804 861 1746
f 2426 943 1619
f 2565 2521 1401
f 3236 3473 2286
f 505 3097 2119
f 3765 2794 1075
f 3270 3187 1124
f 801 2203 2787
f 2688 1512 879
f 1504 688 2183
f 2922 2953 1485
f 3007 1688 948
f 3327 2039 100
f 2882 3827 949
f 2884 2315 1697
f 2493 950 1616
f 3088 874 2016
f 211 3573 2026
f 3033 3003 2580
f 3101 1723 952
f 2993 892 1581
f 1465 3027 2375
f 2774 1798 955
f 1471 3045 954
f 3044 3043 1472
f 953 2774 2773
f 1793 1791 681
f 2427 2516 956
f 2415 362 1759
f 3065 2132 957
f 1915 1624 694
f 1818 2661 958
f 2662 1399 2839
f 3037 2257 959
f 1621 2581 859
f 1835 2684 960
f 2661 1818 609
f 2917 2897 1921
f 556 2164 1310
f 1558 3126 3122
f 3312 2848 630
f 1636 3123 963
f 3128 3127 1628
f 1630 3133 3131
f 3129 1557 962
f 3124 1627 965
f 3289 3287 1015
f 3132 1627 966
f 2013 1619 808
f 1909 3060 967
f 2706 2596 2228
f 2725 2815 1423
f 1083 2677 3611
f 2407 2902 1711
f 3611 2677 512
f 969 2489 2488
f 3162 1746 670
f 3015 3839 2454
f 3227 23 3685
f 3145 2621 972
f 1882 2763 708
f 2644 2812 1500
f 272 2070 271
f 1537 3107 3108
f 1481 1480 597
f 3578 2972 975
f 2811 788 1672
f 2600 3081 1493
f 1782 3082 426
f 2568 977 1469
f 2949 2948 1993
f 2752 1637 978
f 3150 1704 980
f 3855 2474 979
f 3440 3171 1374
f 1496 3152 2101
f 3139 922 1702
f 1898 3153 2338
f 1828 398 1405
f 1153 2540 2365
f 2800 3225 74
f 1698 2161 983
f 3165 440 1502
f 2901 1959 984
f 3106 2984 1339
f 2549 1932 985
f 615 3674 1991
f 3293 2025 1574
f 1957 1857 768
f 1570 987 1384
f 1750 3091 673
f 3305 2617 988
f 3725 1437 594
f 2044 3018 989
f 3019 1570 3491
f 2298 1900 990
f 2683 883 2672
f 3097 1442 991
f 3432 466 1998
f 3810 2821 3811
f 3284 3231 1243
f 3626 2681 1186
f 993 1827 2523
f 2554 3192 1455
f 3191 3190 1890
f 2066 2067 995
f 2668 2667 1063
f 3691 2055 996
f 2032 1260 219
f 3518 2603 997
f 871 2421 2168
f 881 2179 1926
f 2382 2381 844
f 3410 1859 999
f 346 2736 1651
f 1803 3237 3844
f 3232 1243 1061
f 2940 2734 1001
f 1799 3253 682
f 2305 1808 1002
f 2471 2176 941
f 3249 1713 1003
f 3461 1841 1104
f 3793 2047 1004
f 3659 3796 1639
f 1527 3267 1005
f 72 1652 71
f 2541 3200 1006
f 2958 1030 2304
f 1789 2909 1007
f 2206 358 2205
f 2122 2385 1008
f 3075 1008 1326
f 3022 2135 1009
f 3024 1009 1342
f 2334 1739 1010
f 3425 416 1377
f 2651 3208 2290
f 1739 2178 756
f 3319 562 1645
f 2861 1877 230
f 49 2586 1850
f 1457 1315 415
f 3396 3395 1014
f 1968 414 1415
f 3130 3289 1804
f 3802 1630 457
f 2953 2952 1016
f 720 1825 1618
f 8 2756 1660
f 1568 2234 434
f 3574 2943 1018
f 3222 1770 2612
f 2205 3013 1696
f 3081 3082 976
f 2689 1020 2322
f 2680 2233 826
f 2254 1412 1021
f 2064 2923 1385
f 2822 1665 1022
f 2799 2303 625
f 227 228 1878
f 1969 1377 416
f 257 3304 1475
f 622 1789 2208
f 2874 2209 3694
f 2587 1669 447
f 1647 3344 2960
f 3463 1674 1095
f 3548 1864 1027
f 3506 3704 687
f 1988 3176 1028
f 3311 1028 1602
f 1695 478 1953
f 2839 1029 1612
f 207 2863 1518
f 2578 2257 1086
f 3496 3118 3495
f 3117 1865 3693
f 2853 2193 1032
f 3581 1940 216
f 2605 3195 1738
f 2927 1753 1154
f 3453 3029 2344
f 2333 1034 1684
f 2524 3317 1772
f 767 1669 3161
f 3366 2418 1036
f 2695 1700 866
f 2775 1177 1037
f 2248 2676 25
f 3679 2022 1038
f 3341 1038 1544
f 2109 3181 1039
f 2108 3457 578
f 3466 3388 1946
f 3455 1040 1736
f 2167 1041 2021
f 3745 2189 762
f 3346 2920 1042
f 2833 2151 1114
f 2097 2181 1043
f 2194 1951 771
f 2008 1044 1705
f 2198 2197 801
f 3695 2727 1045
f 2497 1726 301
f 64 65 2140
f 3618 2089 407
f 3743 1047 2098
f 3063 2030 85
f 1322 347 1944
f 3048 3449 1055
f 1774 3430 3431
f 1721 2029 674
f 3560 2823 2029
f 3456 328 1388
f 1945 3429 1051
f 2876 2410 819
f 2077 1930 1052
f 2088 2674 1322
f 3446 1945 1053
f 3445 3444 1929
f 3443 3438 1054
f 3692 3448 676
f 1814 2100 1055
f 3448 3449 1815
f 2261 2262 1056
f 2133 648 1488
f 3467 1451 1057
f 3388 1879 1040
f 2665 3381 1671
f 3369 3507 1601
f 3784 1600 1059
f 3857 1530 641
f 3084 1625 1060
f 3427 1060 1650
f 3238 3232 1842
f 2267 3372 1066
f 1912 404 1275
f 2446 2668 1063
f 2846 2668 1128
f 511 2166 2165
f 2444 2009 1064
f 3060 2596 967
f 770 2155 2125
f 1393 3453 1087
f 3373 3372 1383
f 3374 1066 1685
f 1686 2538 1067
f 1755 612 1478
f 3474 2755 1068
f 2888 3473 669
f 2816 2419 1069
f 3853 2797 969
f 2291 2654 1070
f 3392 1070 1436
f 2666 2903 3492
f 2665 3104 620
f 2934 1656 1072
f 2273 878 2535
f 2935 1072 3116
f 3399 1991 894
f 306 3146 1664
f 3775 424 1456
f 2413 3332 1076
f 2714 2794 945
f 3169 2114 1076
f 3332 2413 627
f 3604 1109 2366
f 3515 686 1309
f 3004 2601 3498
f 3498 314 2757
f 1162 684 1872
f 2376 2758 1215
f 3494 1591 1080
f 3550 3551 2149
f 3350 1545 1081
f 1843 1416 399
f 2146 3155 1473
f 3406 2348 442
f 3720 3739 1083
f 2677 1824 2349
f 2320 2942 1084
f 223 2501 222
f 1939 3211 1085
f 2411 2121 213
f 1030 2578 2304
f 2684 2220 960
f 2530 362 1822
f 2344 3029 1242
f 2234 791 2641
f 3458 1588 3459
f 3052 1089 1553
f 3568 1089 1779
f 2882 3144 1172
f 2242 1907 764
f 1521 3273 1091
f 2767 1727 1416
f 3260 2717 1092
f 3334 1915 694
f 2337 2087 1093
f 2227 2086 340
f 3853 1787 1094
f 321 2472 2001
f 2869 1046 3095
f 2441 1674 843
f 1795 1096 1432
f 3543 1096 1717
f 1684 3566 1097
f 3630 3541 1099
f 1914 3086 406
f 3086 3629 1917
f 3541 2330 1099
f 1916 3628 695
f 2010 3298 1100
f 2670 2918 879
f 1483 644 1970
f 3566 2096 1097
f 2499 566 1873
f 735 2199 3637
f 1682 3557 1103
f 3556 653 1444
f 3461 1104 2438
f 1947 3460 496
f 2410 530 1422
f 3424 3423 2122
f 2173 3590 1106
f 2879 3607 503
f 3099 2159 1107
f 2700 1668 1098
f 2645 2451 1108
f 2592 824 2280
f 3516 3603 3604
f 648 2000 1555
f 3741 1896 1110
f 2445 1898 446
f 1325 698 2360
f 3834 1561 364
f 2522 3066 1232
f 2686 3687 2
f 2790 490 2791
f 3677 3676 1883
f 3597 3846 1114
f 1987 785 1195
f 3513 2057 1115
f 1808 1756 1002
f 283 284 2295
f 3686 3002 1900
f 3575 1778 1117
f 2783 2420 910
f 1227 518 1728
f 3039 913 1605
f 1949 3571 1119
f 1927 329 1288
f 3089 1818 1120
f 3495 3118 1031
f 1954 2808 1121
f 3458 2641 1088
f 3726 494 1881
f 3705 3704 1864
f 3645 3701 1123
f 1484 1971 582
f 1965 2136 1224
f 1522 2714 945
f 3401 2389 1125
f 1992 1525 1307
f 2139 3272 2193
f 2852 1941 713
f 3055 3054 1127
f 561 3113 2550
f 3166 2846 1128
f 2531 2658 1062
f 2498 2269 1129
f 3734 3562 1795
f 1734 2629 3577
f 3219 867 2056
f 3050 3235 1131
f 1237 1478 612
f 1273 3711 1132
f 3049 1830 613
f 2195 3260 1133
f 3030 1914 406
f 2143 3757 1134
f 3756 571 1323
f 2929 1861 1135
f 3762 1135 2036
f 3384 1136 2245
f 3383 3589 1427
f 1989 3699 1137
f 2417 3698 839
f 1920 1138 1612
f 2618 1786 1120
f 2420 609 1666
f 2036 1572 729
f 1304 712 2201
f 3605 2479 1366
f 2187 3641 1141
f 3328 652 1344
f 2725 3080 1142
f 350 2745 1765
f 1142 3080 3079
f 2046 3771 803
f 3441 1144 1950
f 2467 411 1403
f 292 3533 2309
f 1937 1392 449
f 2746 2481 1418
f 3489 2191 295
f 2667 2118 1147
f 3522 1998 1406
f 62 63 2041
f 2869 2140 1046
f 46 3435 2363
f 2733 3792 500
f 3016 2546 1150
f 2202 2378 797
f 3529 3032 1151
f 3390 241 242
f 2557 2345 1152
f 3319 2433 1343
f 1829 3637 2657
f 3636 2365 76
f 2179 3554 3553
f 2707 2534 432
f 1488 662 2120
f 561 3500 3055
f 2102 2566 1156
f 2494 2570 835
f 3773 3770 1157
f 3774 656 1734
f 2964 372 1703
f 2019 1350 551
f 2423 3665 3587
f 3587 2898 2784
f 3682 2550 1160
f 3812 2120 662
f 1454 2894 2528
f 2715 2702 265
f 1872 351 1162
f 2648 2985 2153
f 1956 2499 1163
f 3524 1673 1214
f 3111 3073 1164
f 3527 2650 1409
f 2642 887 1510
f 1742 1511 519
f 2343 1807 1166
f 3594 3841 793
f 2180 3650 1167
f 3276 2827 56
f 2614 3376 2994
f 3372 3364 1066
f 2359 2306 1169
f 2105 510 1170
f 2127 2105 1170
f 400 1170 1791
f 1792 3800 3801
f 2212 2211 766
f 3144 2635 1172
f 3827 575 2883
f 3407 2487 1173
f 1985 3408 545
f 2214 3782 1174
f 1335 2514 553
f 2796 397 1175
f 3840 1175 1720
f 2663 3477 1310
f 2174 2435 761
f 3660 3813 1177
f 3661 1177 2775
f 2093 3716 1178
f 559 3193 1740
f 3862 2003 1179
f 2399 2819 275
f 2713 1984 1180
f 2357 3651 545
f 3436 2061 1181
f 2215 2276 335
f 2479 820 1182
f 2925 668 1359
f 1886 722 1183
f 3379 1183 1353
f 3382 1184 1760
f 2636 728 1869
f 2014 3796 1185
f 3385 1004 1515
f 2422 354 1186
f 2092 2588 1210
f 2081 2256 1187
f 2588 3357 1210
f 1467 365 1188
f 516 2891 1572
f 1902 692 1189
f 2299 2563 318
f 2728 2751 904
f 2705 2260 896
f 2168 2440 1191
f 3197 2654 573
f 3416 2439 1192
f 3333 2413 1076
f 2615 3707 1623
f 3414 3413 1237
f 1973 3681 1194
f 1826 1460 339
f 2057 488 1195
f 743 2111 2610
f 2873 2020 1196
f 1426 789 1319
f 2200 2293 1197
f 290 2184 289
f 2580 3574 1198
f 383 1479 2282
f 1935 725 1199
f 497 1199 2272
f 3314 2606 1200
f 3032 2358 1151
f 603 2072 1467
f 1201 2015 3147
f 2372 517 1202
f 1895 3804 1222
f 3861 2015 1203
f 2913 799 1820
f 60 61 2792
f 2130 1204 818
f 3737 1205 2292
f 2219 1274 1118
f 2518 746 1206
f 2526 720 1225
f 2603 3305 988
f 2617 1207 3092
f 2300 2301 1208
f 3647 2277 1265
f 2429 2430 1209
f 3736 1169 2105
f 2681 513 2092
f 2990 443 1553
f 1339 3715 3174
f 388 2841 1490
f 1837 3586 1212
f 560 1616 2732
f 2490 430 1213
f 701 1213 1849
f 1235 715 2063
f 3008 2030 1047
f 3536 2758 2376
f 3791 2480 1456
f 3530 2781 1216
f 1999 3144 580
f 2401 1217 2180
f 3821 3200 2542
f 2272 2352 1218
f 726 1218 1659
f 2252 777 2561
f 3579 2597 1466
f 3797 1220 2734
f 400 2127 1170
f 2103 2573 1221
f 2024 1635 380
f 1202 333 1895
f 3166 1958 995
f 1675 760 3481
f 3356 764 1907
f 2436 850 1224
f 3719 1771 1373
f 3662 2287 1225
f 720 2526 3817
f 1534 719 2692
f 1226 2170 3115
f 2185 518 1227
f 768 1227 1957
f 3354 2259 1228
f 3570 1949 1119
f 2576 524 1229
f 3263 2749 2577
f 2826 3810 1230
f 2504 2286 412
f 11 12 1994
f 3564 734 1762
f 3 4 2347
f 1112 1232 3066
f 2944 2943 1233
f 3211 3212 1085
f 2997 592 1653
f 2571 317 1556
f 1956 715 2268
f 413 2307 1607
f 1492 374 1236
f 565 1236 2076
f 3051 1131 1237
f 334 3413 3412
f 3831 3683 1238
f 3085 2415 828
f 2515 3776 1239
f 3831 3085 956
f 1856 896 2604
f 3255 2069 1363
f 2870 3860 1241
f 2639 2709 327
f 3029 2333 1242
f 2601 1242 1078
f 2286 2504 1243
f 1061 1243 3231
f 3845 542 2124
f 796 1244 2006
f 3845 2124 1245
f 3540 1978 280
f 3642 1141 1246
f 3508 1740 2225
f 2171 753 1247
f 523 2400 2909
f 2169 753 1248
f 260 2721 259
f 2548 2621 1249
f 2763 2761 876
f 2284 407 1250
f 2283 1986 494
f 1905 700 1251
f 329 3251 1855
f 1251 700 2525
f 3629 1916 695
f 1251 529 1899
f 707 2269 2498
f 3100 1254 1733
f 656 1952 2629
f 3669 3835 1255
f 2380 3815 1256
f 1849 533 1256
f 3815 798 2170
f 2162 209 1257
f 2581 3033 859
f 2317 3655 1258
f 773 1258 1559
f 1979 736 1259
f 2139 1852 755
f 2368 218 1260
f 3114 2032 996
f 3701 3726 1971
f 1772 2134 370
f 3649 2077 1262
f 2080 1931 480
f 3221 1263 2906
f 760 2129 1223
f 2431 3221 1264
f 353 2192 1421
f 2061 2431 1265
f 3647 3261 1208
f 109 2837 1499
f 3175 1266 2922
f 2740 3218 1267
f 3559 3759 1161
f 2737 2536 1268
f 448 2556 2085
f 2625 3337 1523
f 3206 422 2155
f 3539 2040 1270
f 3795 3439 1491
f 2941 1271 2901
f 2838 1817 894
f 3541 651 2330
f 344 1272 1934
f 2842 387 2462
f 2354 585 1359
f 3673 3672 1274
f 1205 2219 2292
f 1810 704 2238
f 2255 2658 511
f 2090 742 1276
f 3298 2362 1100
f 2572 570 1419
f 2675 2719 34
f 3667 2459 1278
f 3835 3834 1255
f 1890 3482 1279
f 547 1279 2584
f 2459 2584 1280
f 1764 2545 905
f 3286 3050 1281
f 1076 1281 3333
f 3014 2216 1282
f 3082 1282 426
f 2507 812 1283
f 3696 672 1596
f 2301 782 1284
f 418 2369 1691
f 1279 3482 3469
f 3469 2728 904
f 2595 843 1286
f 2284 1674 407
f 1996 1287 1433
f 389 1841 3461
f 3569 329 1927
f 535 1288 1892
f 2328 781 1289
f 1289 1888 2793
f 1888 535 1290
f 710 1290 1887
f 2982 394 2983
f 2410 1291 530
f 2266 2404 1292
f 2196 1806 286
f 2913 404 2687
f 733 1293 2016
f 1486 3404 1294
f 246 2634 245
f 51 52 1295
f 2319 3228 1013
f 3300 3286 1296
f 1124 1296 3270
f 2177 756 1297
f 416 1297 1464
f 2260 573 2558
f 3783 2350 359
f 3848 2450 1299
f 3766 1002 2471
f 3842 1829 1300
f 2499 2316 1163
f 2379 566 1301
f 2268 715 1235
f 2276 786 1302
f 335 2398 1386
f 1594 537 1303
f 1707 2338 981
f 1911 711 1304
f 3728 1947 1140
f 1759 900 1305
f 1908 2770 901
f 2335 367 3184
f 3402 3401 1125
f 1308 532 2147
f 2437 337 1410
f 2672 883 3233
f 2231 2147 795
f 3515 1309 2766
f 394 1309 2246
f 3477 2598 1310
f 2663 2164 680
f 3218 646 3173
f 753 2217 1247
f 2655 539 1312
f 834 2652 2051
f 1638 425 1313
f 3415 1313 627
f 2067 747 1314
f 377 1314 2118
f 2384 2784 1315
f 3226 1139 2974
f 255 3789 2074
f 2073 1424 431
f 2388 2387 1317
f 3021 2468 97
f 3599 3421 1408
f 3421 378 3043
f 2646 3744 1319
f 563 1319 2324
f 1665 855 1320
f 2323 2324 789
f 1510 680 1321
f 2895 2896 961
f 2408 819 2674
f 1944 3329 1048
f 2141 2537 1323
f 2968 2407 929
f 3358 2227 1324
f 540 1324 2517
f 1743 698 1325
f 1213 3077 1849
f 2823 502 2867
f 1875 1327 328
f 2513 1327 1875
f 3483 1880 825
f 1667 549 2682
f 2980 392 1477
f 2111 2563 1329
f 2610 471 1756
f 2491 538 1330
f 2553 2975 831
f 2555 2975 1331
f 360 1852 1259
f 2327 785 1332
f 318 1332 2299
f 1332 785 2373
f 536 1333 2326
f 2328 357 1334
f 2465 2369 1284
f 3781 3710 1335
f 2188 2243 764
f 2242 764 1336
f 316 3244 3018
f 2070 973 1337
f 3735 2034 270
f 2009 486 1338
f 2229 1938 343
f 3850 1339 2984
f 3106 2649 984
f 3012 3700 1450
f 2461 1747 665
f 3018 3244 1341
f 3020 2789 476
f 3023 2334 1342
f 3087 2160 1012
f 2433 1991 1343
f 3024 3022 1009
f 2229 3328 1344
f 2228 1714 459
f 2552 3262 1762
f 2851 2850 942
f 2473 3848 1346
f 2999 1833 930
f 2394 3407 1347
f 3347 1985 754
f 3716 390 1348
f 623 1348 2175
f 1648 825 3158
f 328 1349 1388
f 1158 2019 1571
f 551 1350 3192
f 3387 2554 1351
f 2555 2554 831
f 2346 1352 1541
f 3661 3660 1177
f 3308 2012 1364
f 3202 807 1741
f 2910 923 1354
f 2536 2737 937
f 2533 2768 1355
f 885 1355 2753
f 1405 730 2221
f 1356 1509 3071
f 1356 730 2699
f 555 1357 2844
f 2612 3411 1358
f 2590 2857 918
f 2470 585 2354
f 668 2925 1182
f 3096 2886 1360
f 3470 489 1871
f 2119 991 2956
f 3856 3009 1955
f 2094 54 1362
f 3142 574 1967
f 2069 2843 1363
f 2710 2711 925
f 1768 867 2512
f 1071 3177 2828
f 3026 2374 1365
f 784 1365 2275
f 1896 312 1366
f 2479 3605 820
f 3153 1367 2609
f 2594 1749 1371
f 2138 755 1368
f 2995 849 1770
f 1802 576 1369
f 2716 315 1521
f 1700 576 3409
f 2054 757 1420
f 2856 398 1371
f 2436 1371 850
f 2711 454 3526
f 1583 3822 327
f 3217 1373 1583
f 327 3345 1690
f 3388 376 1879
f 2938 3534 1567
f 1620 862 1375
f 671 3679 1722
f 2972 3058 1376
f 975 1376 2971
f 3425 1377 2973
f 640 1377 2976
f 2690 363 1378
f 2821 1378 992
f 3804 1585 3803
f 3468 865 1389
f 2708 2514 1380
f 774 2350 2291
f 2237 30 1381
f 3788 1693 2739
f 2892 2893 1382
f 2486 2073 431
f 590 1168 1383
f 3231 2267 1061
f 3090 395 1384
f 3092 1570 476
f 2453 691 2064
f 3243 1853 726
f 1594 637 2398
f 335 1386 1356
f 424 1340 1387
f 2480 2475 655
f 1720 674 2435
f 761 1388 2175
f 1379 865 3468
f 2691 1389 864
f 299 300 1390
f 725 2253 1415
f 2403 2914 842
f 3681 3680 1194
f 2190 758 3389
f 449 1392 1853
f 2836 2835 1393
f 3683 2241 1238
f 2670 879 1394
f 837 1394 1582
f 2064 355 3224
f 564 2469 1397
f 2240 2985 1396
f 564 3847 2002
f 2469 3278 1397
f 564 2240 1396
f 2825 1100 3336
f 2918 352 2028
f 2662 958 1399
f 1029 1399 1953
f 2142 351 1400
f 2142 1400 2143
f 2521 3643 1401
f 822 2565 1575
f 2052 617 1402
f 452 1402 1980
f 2451 690 2442
f 2454 3812 662
f 2865 326 1404
f 3623 3622 1108
f 2609 398 1828
f 730 1405 1904
f 3331 3764 1406
f 466 1406 1998
f 3198 2562 1407
f 889 1407 2615
f 2390 854 1408
f 3045 1408 3421
f 1451 588 1409
f 1057 1409 3466
f 2314 795 1410
f 3230 3111 1164
f 263 264 1411
f 263 1610 262
f 2002 721 1412
f 1021 1412 3324
f 2764 2659 1413
f 1413 2403 3368
f 2704 3743 1414
f 2496 88 89
f 1199 725 1415
f 3362 1014 1838
f 3351 626 1843
f 399 1416 1984
f 3727 1261 1417
f 2998 699 1640
f 2481 3511 1418
f 2746 1935 497
f 2619 869 3563
f 2567 1419 1277
f 1812 779 1420
f 757 2054 3843
f 2359 353 2306
f 2781 3638 1216
f 2409 819 1422
f 3424 2122 817
f 1744 3484 1785
f 968 1423 2815
f 3321 1316 1424
f 2932 2208 762
f 3622 3623 1425
f 2786 3624 1404
f 912 1196 1426
f 912 3744 2872
f 2679 931 1427
f 2505 2695 866
f 2611 538 1428
f 3411 2750 1358
f 3639 1216 1429
f 2383 2134 767
f 234 235 1430
f 3042 2433 1152
f 1803 3844 2782
f 2782 1431 1505
f 3562 1096 1795
f 705 2464 1938
f 2226 778 1433
f 1287 1996 825
f 2280 824 1434
f 1528 1930 403
f 3392 594 2154
f 774 2708 1380
f 3178 3725 1436
f 366 1436 2440
f 1341 594 1437
f 3818 3020 989
f 2026 3033 1438
f 1257 1438 534
f 2049 3167 1448
f 3196 1753 1033
f 3318 2367 1440
f 2910 1440 923
f 3181 3247 1441
f 2270 3318 1440
f 2889 2738 1442
f 991 2370 3061
f 2877 3671 1443
f 3556 1692 653
f 636 1443 1444
f 636 3483 1648
f 2313 3538 1445
f 2735 1963 752
f 2406 348 1446
f 783 1446 2258
f 2211 510 1447
f 766 1447 2209
f 2293 838 1448
f 3167 2049 1439
f 2135 878 1449
f 1009 1449 3023
f 1834 802 1450
f 424 1450 1340
f 2814 2911 1451
f 1057 1451 1409
f 2858 2859 1452
f 3296 1602 1028
f 3182 1453 2108
f 3457 937 2397
f 267 268 2528
f 2894 1454 2108
f 3192 994 1455
f 831 1455 2553
f 424 1387 1456
f 3775 2157 1532
f 2384 1315 1457
f 3763 2785 1135
f 2914 3419 1391
f 2871 914 2302
f 2107 763 1459
f 3609 1459 3610
f 3680 599 3450
f 339 3074 2023
f 2472 1461 2001
f 721 3479 1412
f 2777 630 1462
f 3134 2128 815
f 2321 579 1463
f 3064 2539 1084
f 3547 1464 1689
f 2989 1464 932
f 1608 341 1465
f 3291 1465 584
f 3699 3579 1466
f 3698 2418 839
f 3147 365 3271
f 3652 1031 2245
f 1855 707 1468
f 3617 1064 1893
f 2568 3179 1589
f 2235 1706 396
f 2884 370 1470
f 2383 767 2126
f 2375 953 1471
f 584 1471 3044
f 3043 378 1472
f 2378 1472 797
f 3370 1094 1473
f 812 3155 2265
f 529 1252 1474
f 529 3572 1862
f 2875 1024 3304
f 257 2780 256
f 3254 851 2722
f 2519 2616 852
f 1328 392 2980
f 2532 613 1830
f 1508 612 1755
f 1477 1478 613
f 3702 1198 1479
f 2509 2156 581
f 3305 597 1976
f 336 1480 3109
f 3108 974 1481
f 3355 997 1788
f 1450 802 3012
f 3072 1660 1017
f 2116 898 1483
f 2669 384 2083
f 3646 1123 1484
f 331 3006 1656
f 2922 1485 2810
f 2772 1825 720
f 2953 658 1486
f 1016 2952 2951
f 3349 1081 1487
f 3493 3765 1075
f 2120 2133 1488
f 2864 2866 902
f 3053 3675 1489
f 3227 22 23
f 2805 388 1490
f 598 1490 2595
f 3439 2412 1491
f 3646 3645 1123
f 2885 374 1492
f 3062 1766 1047
f 3787 858 2904
f 320 1493 1781
f 3666 1159 1494
f 2542 1967 574
f 2101 980 1495
f 2768 3663 1355
f 3855 1496 2474
f 1961 591 1497
f 1496 591 1961
f 2754 1497 885
f 1561 624 1498
f 3408 1498 545
f 108 109 2458
f 3067 3175 947
f 2812 973 1500
f 911 3780 2819
f 1445 349 2313
f 593 1501 3164
f 2053 804 1502
f 3165 3164 983
f 3264 688 1503
f 1502 1503 593
f 2183 3785 1504
f 1503 1504 593
f 2247 775 1505
f 530 1505 1942
f 3174 1211 1506
f 3640 552 2441
f 2332 3750 1507
f 1741 1551 621
f 1623 612 3615
f 501 1508 3364
f 3071 1509 2215
f 3782 1509 1174
f 1165 680 1510
f 1165 1510 2945
f 3840 1511 3313
f 886 3391 2795
f 2671 879 1512
f 3542 1752 880
f 2849 2850 1513
f 3504 2503 970
f 2047 1977 1514
f 596 1514 3208
f 1185 1004 3385
f 520 2962 2273
f 1529 635 2204
f 354 1516 1186
f 1474 695 1517
f 706 3121 1854
f 2162 1030 2863
f 207 3361 206
f 1402 617 1519
f 3740 1981 736
f 2815 350 1520
f 968 1520 2419
f 2626 315 2716
f 863 3149 1545
f 2136 1124 3187
f 604 1522 1997
f 3205 1269 3337
f 3025 340 2086
f 2389 439 1524
f 3403 1524 610
f 3403 610 1992
f 1307 1525 337
f 106 107 2476
f 804 3264 1503
f 2799 625 1754
f 73 3157 72
f 635 1434 1528
f 2933 3001 993
f 2204 852 1529
f 635 2280 1434
f 1531 649 1530
f 1530 2920 3346
f 3427 1531 3084
f 3398 1982 1059
f 1450 424 1834
f 3664 1074 2271
f 2418 605 3204
f 576 1533 1369
f 2251 719 2244
f 3394 2626 1533
f 3274 1535 3120
f 3010 2692 719
f 2351 756 1536
f 3107 3109 974
f 1538 601 3578
f 2972 3108 469
f 2988 601 1538
f 372 2928 2027
f 1202 517 1539
f 602 1539 2679
f 1539 602 1540
f 1202 1540 333
f 2739 465 1541
f 607 1541 3661
f 1562 714 1542
f 1289 1542 535
f 3122 962 1543
f 381 3340 2308
f 3125 3341 1544
f 964 2848 1557
f 3149 3351 1545
f 863 1545 2031
f 1924 461 1546
f 3160 972 2405
f 1548 742 1547
f 2296 2741 870
f 3690 1548 1699
f 2161 3165 983
f 3658 2931 1549
f 860 1549 2685
f 1541 607 3216
f 27 3213 26
f 2828 621 1551
f 620 2048 1625
f 2704 903 1552
f 2887 1552 906
f 3568 738 1553
f 1089 3052 1972
f 2585 1554 2037
f 3762 2929 1135
f 2865 902 1555
f 3712 1053 1928
f 2289 832 1556
f 808 1556 2013
f 3131 964 1557
f 962 3312 1543
f 1840 629 3323
f 3825 381 3610
f 3641 773 1559
f 1141 1559 3643
f 2321 780 2424
f 716 2078 1878
f 1280 2623 2459
f 1278 1561 3834
f 2620 3354 1562
f 2845 1562 1542
f 2838 3674 1563
f 503 1563 2879
f 1637 835 2924
f 2936 2961 922
f 2322 539 1565
f 880 3558 2207
f 1567 663 1566
f 3297 324 1679
f 3171 663 3534
f 589 1567 2367
f 3072 1017 1568
f 2950 1777 1340
f 2263 1112 2921
f 309 3738 308
f 3020 476 1570
f 3491 1866 575
f 3612 1158 1571
f 617 2748 1519
f 2974 1572 2036
f 2891 3693 1188
f 3103 1573 2993
f 2926 325 1631
f 1647 634 2025
f 67 1574 66
f 2916 943 1575
f 822 1575 2520
f 2216 2517 1576
f 1282 1576 426
f 2173 238 1577
f 667 3314 2984
f 2021 800 2992
f 858 1578 2600
f 3486 432 1579
f 3103 3101 952
f 2803 367 1580
f 891 1580 2802
f 2802 616 1581
f 439 1581 2573
f 1565 834 2511
f 467 1582 1394
f 3526 1372 1583
f 925 1583 2709
f 2720 466 1584
f 3724 3753 1729
f 333 1379 3804
f 3803 1585 643
f 2331 463 1586
f 650 1586 1587
f 3428 650 1587
f 2757 1587 920
f 3531 3459 1588
f 572 1588 2849
f 3787 2904 1589
f 3179 2568 1469
f 2495 1590 1614
f 679 3787 1589
f 679 1469 1591
f 3494 1080 1614
f 2961 433 1592
f 2937 2860 592
f 1134 1513 1593
f 1134 1593 3756
f 1302 537 1594
f 2398 637 1386
f 3180 3245 1595
f 1118 1595 2608
f 3324 482 2453
f 3619 2038 853
f 1586 463 2981
f 3004 618 2601
f 3172 2959 1598
f 888 3028 1964
f 3809 1230 1599
f 643 2694 2066
f 3369 1058 3507
f 3784 1059 2450
f 2473 876 1601
f 3507 1058 1600
f 2252 2561 1602
f 638 1602 3296
f 2857 338 1603
f 638 3210 2252
f 2798 840 1604
f 3635 2632 1708
f 2905 606 1605
f 913 3039 3245
f 3600 445 1606
f 1816 659 1607
f 2307 741 1607
f 3292 3016 1150
f 3000 930 1608
f 2546 3291 1150
f 2400 792 1609
f 3829 358 2206
f 263 1411 1610
f 3777 2169 261
f 2456 933 3519
f 737 3863 1934
f 3497 332 1612
f 1138 1920 3496
f 587 1403 1613
f 2551 2864 902
f 1590 679 1614
f 3550 1614 1080
f 2514 823 2759
f 3241 927 2069
f 2432 2493 1616
f 1212 1616 3585
f 2683 542 2298
f 872 1617 1918
f 250 251 1618
f 720 1618 1225
f 2917 943 2426
f 966 1619 2013
f 1760 862 1620
f 3295 845 1753
f 2059 959 1621
f 383 1621 2582
f 3769 1622 2834
f 14 3717 13
f 2371 889 1623
f 612 1623 3414
f 2560 1624 1915
f 3634 3099 1107
f 3381 620 1625
f 3380 1625 485
f 3657 380 1626
f 899 1626 1974
f 2899 965 1627
f 628 1627 3132
f 1633 631 3823
f 961 1628 2895
f 1974 628 2915
f 2915 3338 917
f 3802 3287 1630
f 3131 3133 964
f 2807 2926 1631
f 3133 1631 964
f 3299 2947 1632
f 963 1632 3127
f 3290 631 1633
f 3823 1628 961
f 1632 963 3299
f 3126 1634 962
f 3832 3287 1635
f 1221 2024 3833
f 3288 3802 1636
f 631 1636 3128
f 2752 337 1637
f 3110 2924 611
f 1812 425 1638
f 779 2562 3198
f 1640 699 1639
f 3796 3659 1185
f 1697 699 2998
f 582 2627 1484
f 837 1582 1641
f 96 1641 95
f 3397 1059 1642
f 3512 3257 1115
f 2833 488 1643
f 641 3257 1642
f 3363 3826 1644
f 930 3229 1608
f 2557 1152 1645
f 2881 2861 231
f 2994 1168 1646
f 1378 2820 992
f 3188 484 1647
f 2025 634 1574
f 328 1327 1648
f 3158 825 1349
f 3061 346 1649
f 3009 731 1955
f 3426 385 1650
f 649 1650 2181
f 2730 1651 1858
f 2736 2370 999
f 1527 1005 3157
f 2104 1857 70
f 592 1234 1653
f 2996 1653 460
f 102 103 1654
f 2279 3007 948
f 1978 796 1655
f 2991 2004 277
f 2934 331 1656
f 3136 520 2569
f 1609 792 2955
f 1019 1657 2216
f 3238 1000 1658
f 944 3215 2738
f 355 1385 1659
f 355 1659 1218
f 2756 1017 1660
f 8 3838 7
f 3545 644 1661
f 3258 438 1718
f 3093 324 1662
f 898 2744 1483
f 2475 2743 1663
f 655 1663 1664
f 2157 655 3280
f 1074 3146 2583
f 2576 855 1665
f 3105 1320 401
f 1315 910 1666
f 1315 3226 415
f 1327 549 1667
f 1327 1667 636
f 3634 1107 1668
f 1098 1668 3627
f 3315 1035 1669
f 1025 1669 2587
f 3754 1670 3017
f 3330 940 1848
f 2664 868 1671
f 322 1671 3369
f 1376 788 2811
f 1350 1672 323
f 82 83 3721
f 3721 1673 3723
f 3095 1095 2441
f 843 1674 1286
f 1421 760 1675
f 1421 1675 2781
f 2479 1182 2693
f 850 1676 1965
f 3596 2544 1677
f 923 1677 1354
f 3596 647 2544
f 3582 898 2116
f 2466 856 1679
f 2230 1662 898
f 2248 1037 1680
f 3685 23 24
f 2382 844 2527
f 3816 367 2335
f 2477 496 1682
f 668 2462 1273
f 3633 645 1683
f 1107 1683 1668
f 3442 3566 1684
f 645 3365 1683
f 1801 2484 1685
f 660 1685 2538
f 1687 660 3485
f 2386 1686 392
f 2385 435 1687
f 3485 660 1686
f 3007 727 1688
f 948 1688 2117
f 3547 1689 1969
f 716 2424 1560
f 3345 790 1690
f 327 1690 2639
f 2369 784 1691
f 418 1691 2277
f 3514 653 1841
f 3460 3557 496
f 1870 465 1693
f 724 1693 1381
f 2364 2830 1694
f 19 1694 18
f 1953 748 1695
f 478 1695 2510
f 1578 800 1696
f 541 1696 3014
f 582 1417 2998
f 2315 2884 949
f 2149 678 1698
f 349 3807 1501
f 1548 678 1699
f 3690 2091 742
f 3242 1700 2695
f 866 3409 2697
f 3603 3567 1701
f 3429 2982 1051
f 1704 922 3139
f 371 1702 2456
f 3614 3612 1703
f 935 1703 2052
f 3150 611 1704
f 3151 3139 371
f 1993 1044 2008
f 677 2060 2362
f 2091 396 2591
f 677 2008 1705
f 1594 1303 1707
f 3154 1707 981
f 1649 346 1708
f 731 2632 1870
f 1790 826 2847
f 3140 1709 92
f 16 17 2760
f 921 1710 2045
f 2967 929 1711
f 321 1711 2797
f 2969 721 1712
f 929 1712 2968
f 3249 652 1713
f 1003 2977 2438
f 2228 1344 1714
f 3250 3249 1003
f 3480 934 1715
f 654 2482 1717
f 3199 1823 1716
f 409 1716 3562
f 3561 654 1717
f 507 1717 2289
f 1661 438 3258
f 651 1718 1272
f 2285 901 1719
f 977 1719 2948
f 3854 674 1720
f 519 1720 2174
f 3431 1049 1721
f 397 1721 1175
f 3102 671 1722
f 952 1722 1573
f 3101 432 1723
f 952 1723 3102
f 3601 3119 1724
f 758 3070 1392
f 104 105 2731
f 870 1725 2053
f 300 301 1726
f 1390 1726 657
f 3472 1091 2767
f 1416 1727 754
f 2219 1118 1728
f 1227 1728 1027
f 1584 3753 3724
f 875 1729 2719
f 3675 1730 2703
f 21 1730 20
f 3386 1731 1732
f 1731 2831 2832
f 3056 411 1732
f 971 1732 3053
f 2770 462 3770
f 656 1733 1254
f 3774 1734 3689
f 495 1734 2197
f 2818 504 1735
f 911 1735 2644
f 2812 661 1736
f 2812 1736 2813
f 3477 1176 1737
f 390 1737 1348
f 3195 1033 1738
f 897 1738 2404
f 2290 1011 1739
f 477 1739 2334
f 3632 559 1740
f 3508 2225 652
f 807 1507 1741
f 807 3202 1353
f 1165 1511 1742
f 680 3684 2663
f 3760 430 1743
f 3191 1743 994
f 2488 970 1744
f 3484 2723 1423
f 2723 670 1745
f 873 1745 2724
f 3262 861 2804
f 2503 1744 970
f 2376 665 1747
f 1079 1747 1872
f 1592 917 2860
f 592 1748 1234
f 1367 586 1749
f 1367 2594 2609
f 3090 3091 1750
f 3269 3793 1004
f 2203 468 2613
f 683 2264 1752
f 3767 1752 2264
f 3542 880 2207
f 2927 1033 1753
f 1154 1753 3555
f 625 1527 1754
f 2800 74 75
f 1067 1508 1755
f 392 2656 1477
f 3240 1756 1808
f 1002 3678 2176
f 2265 442 3256
f 1283 1757 672
f 2038 672 1758
f 339 1758 1826
f 3069 828 1759
f 900 1759 2530
f 2636 862 1760
f 1184 3382 1995
f 14 15 2834
f 3371 921 1763
f 3564 1762 2294
f 521 1762 2851
f 1761 921 3371
f 2552 2447 861
f 2623 1280 1764
f 624 1764 2638
f 1520 350 3254
f 851 2451 2645
f 1492 1236 1766
f 1492 1766 595
f 2727 474 1767
f 3277 3301 657
f 2056 867 1768
f 827 1768 1924
f 2629 1130 1769
f 2203 2613 946
f 2944 408 1770
f 1018 3222 2156
f 1997 790 1771
f 604 1771 3719
f 3317 1035 1772
f 1417 1772 370
f 3329 1773 3303
f 675 3094 1775
f 3048 675 1774
f 3048 1774 3449
f 3094 2123 1775
f 3430 3560 1049
f 2068 747 1776
f 3697 412 2286
f 1568 434 1777
f 1568 1777 2950
f 2661 1117 1778
f 958 1778 2660
f 2092 738 2422
f 3163 813 1824
f 2732 950 1780
f 874 3223 1554
f 3580 1781 2771
f 693 3259 1782
f 3259 976 1782
f 2428 2427 828
f 2501 836 2939
f 221 1783 220
f 2960 1026 1784
f 634 1784 3034
f 472 1744 1785
f 472 1785 2816
f 3497 1138 2618
f 1120 1786 2356
f 2742 1094 1787
f 472 1787 2488
f 2421 871 1788
f 997 3355 3518
f 2978 523 1789
f 1024 1789 3138
f 3859 1020 1790
f 2847 826 1709
f 1793 955 1791
f 681 1791 2011
f 2646 854 1792
f 3801 3800 1171
f 2773 955 1793
f 2840 1792 854
f 1994 1231 1794
f 3819 1088 2641
f 3734 1795 3733
f 705 1795 1432
f 3111 978 1796
f 470 1796 3152
f 2989 932 1797
f 579 1797 2966
f 2774 682 1798
f 955 3709 1791
f 3252 1001 1799
f 471 3688 2176
f 3027 341 1800
f 953 1800 2774
f 2223 816 1801
f 1687 1801 660
f 2031 757 1802
f 863 1802 1369
f 2483 475 1803
f 775 2782 1505
f 3124 965 3290
f 631 1804 3288
f 3343 1027 1805
f 3344 3471 1026
f 1292 881 2196
f 2963 2112 1116
f 3559 841 2740
f 646 1807 2343
f 3512 1115 1808
f 379 1808 2305
f 3005 939 1809
f 38 1809 2619
f 1913 704 1810
f 41 1810 40
f 347 1422 1811
f 347 1811 1773
f 1420 757 1812
f 779 1812 1638
f 3437 1054 1813
f 313 1813 2764
f 3438 480 1814
f 1054 3692 1813
f 2796 2959 1815
f 3449 3448 1055
f 915 1606 1816
f 915 1816 2075
f 3731 2110 1817
f 528 1817 2806
f 3089 609 1818
f 1120 3656 2618
f 3747 1133 1819
f 700 1819 1252
f 2531 1062 2824
f 799 2913 2372
f 3525 3541 1821
f 3565 3630 487
f 3454 1087 1822
f 919 3207 2930
f 3828 934 1854
f 706 3199 1863
f 2677 1083 1824
f 813 3163 1779
f 2951 249 1825
f 1016 1825 2772
f 3794 3450 1826
f 814 1826 1758
f 1528 403 3001
f 2523 2081 513
f 3154 981 1828
f 637 1828 2221
f 78 79 1829
f 735 1829 3842
f 387 1443 3711
f 1132 1830 3049
f 607 1550 1831
f 882 2829 2237
f 3785 427 1832
f 746 1832 1206
f 445 1346 1833
f 930 3363 1644
f 3377 802 2522
f 1532 1834 3775
f 2541 543 1835
f 2543 2801 393
f 2132 750 1836
f 1507 1836 385
f 1912 704 1837
f 1293 1837 560
f 2986 414 1838
f 684 3395 1839
f 1767 474 3396
f 3395 684 1838
f 2222 763 1964
f 3323 629 1558
f 389 1287 1841
f 1104 1841 1692
f 3239 1000 1842
f 319 1842 2267
f 399 1487 1843
f 1416 1843 2767
f 427 1485 1844
f 427 3517 1832
f 2905 913 1845
f 1035 1845 3316
f 2274 853 1846
f 2923 2065 1385
f 349 1445 1847
f 3185 1962 751
f 1603 338 3462
f 940 3330 1670
f 3077 533 1849
f 701 1849 3017
f 48 49 1850
f 48 2311 47
f 2323 789 1851
f 1274 1851 614
f 2139 1259 1852
f 755 1852 2137
f 1392 726 1853
f 449 1853 2050
f 2113 344 3121
f 706 1854 1823
f 1899 707 3251
f 329 2508 1288
f 2705 1856 2545
f 905 1856 2870
f 69 70 1857
f 986 1857 1957
f 3516 506 1858
f 1077 1858 3515
f 1309 686 1859
f 475 3410 3215
f 2000 664 1860
f 1555 1860 326
f 1850 3348 2311
f 3792 1861 500
f 1253 529 1862
f 1253 1862 1863
f 1862 706 1863
f 1253 1863 409
f 3704 3506 1864
f 361 3548 2608
f 3117 1031 1865
f 1188 1865 1467
f 1639 699 2172
f 1384 1866 3491
f 1184 450 1867
f 3476 1758 339
f 728 1867 1868
f 3074 2302 815
f 1184 728 2636
f 862 3041 1375
f 1604 465 2632
f 731 2779 1955
f 1790 1020 1871
f 489 3470 2886
f 1747 351 1872
f 1079 1872 3537
f 3306 735 1873
f 1102 1873 3307
f 1328 549 3326
f 848 1874 2385
f 549 1327 2513
f 1050 3456 2463
f 2529 919 1876
f 722 1876 1183
f 2976 1023 1877
f 1012 1877 2861
f 3248 1023 1878
f 227 2078 226
f 3440 1374 1879
f 2425 3318 1441
f 1444 653 1880
f 1444 1880 636
f 3703 1122 1881
f 1261 1881 2524
f 2548 1249 1882
f 490 1882 2791
f 1884 915 1883
f 3676 3677 1113
f 2762 445 3583
f 708 1884 1883
f 3616 462 1885
f 722 1885 2529
f 3100 722 1886
f 345 3379 1353
f 1290 405 1887
f 710 2931 3658
f 2793 3742 1889
f 710 1888 1290
f 2449 357 3026
f 860 3658 1549
f 3190 323 1890
f 1891 1279 547
f 698 1890 1891
f 698 1891 3668
f 1288 697 1892
f 535 1892 1290
f 1892 697 1893
f 405 1893 3060
f 1389 865 3038
f 436 1894 2697
f 799 1202 1895
f 3805 3166 522
f 3741 312 1896
f 1110 3521 1898
f 1367 696 1897
f 586 1897 1366
f 2445 1110 1898
f 2338 3153 981
f 3251 1251 1899
f 707 1899 1253
f 3002 508 1900
f 872 1900 2298
f 2610 1329 1901
f 3252 2940 1001
f 1189 509 1902
f 692 1902 3797
f 2411 1903 2121
f 951 1903 3003
f 1405 926 1904
f 730 1904 1357
f 1906 700 1905
f 3569 1905 329
f 3571 492 1906
f 1119 1906 1905
f 3143 531 1907
f 3282 316 2635
f 693 1305 1908
f 693 1908 2771
f 3141 1909 2547
f 711 1909 3059
f 2706 459 1910
f 711 1910 1304
f 1304 312 1911
f 711 2908 2547
f 1275 704 1912
f 404 1912 1293
f 3586 704 1913
f 42 1913 41
f 3030 1092 1914
f 3086 2700 1098
f 957 1624 2560
f 491 3334 2717
f 3630 1099 1916
f 3627 1916 1098
f 1252 406 1917
f 1474 1917 695
f 282 283 1918
f 282 1918 2353
f 1902 509 1919
f 1902 1919 1220
f 2417 498 2979
f 718 1920 1612
f 2897 961 1921
f 943 3501 1575
f 2443 369 1922
f 2405 2548 490
f 2264 827 3767
f 1922 1923 776
f 1768 461 1924
f 1923 1924 776
f 907 1922 1925
f 907 2790 3470
f 2112 881 1926
f 508 1926 2382
f 3570 1119 1927
f 714 2500 1542
f 1860 1053 3712
f 2392 2393 824
f 3864 3445 1929
f 1052 1929 3433
f 1434 703 3749
f 403 1930 2077
f 1262 702 1931
f 480 1931 2100
f 236 237 1932
f 3608 1932 1106
f 1718 438 1933
f 1718 1933 1272
f 1272 737 1934
f 344 3828 1854
f 1199 497 1935
f 725 1935 1418
f 1390 725 1936
f 1390 1936 299
f 3532 1145 1937
f 838 1937 1448
f 1338 705 1938
f 1338 1938 2229
f 1940 713 1939
f 215 3670 214
f 2852 713 1940
f 1032 3581 2368
f 2138 408 1941
f 1126 1941 2852
f 1505 816 1942
f 3422 3752 1105
f 3246 903 1943
f 90 1943 89
f 702 1322 1944
f 702 1944 1931
f 3446 664 1945
f 1053 1945 3444
f 3465 1057 1946
f 661 3455 1736
f 2438 1104 1947
f 712 1947 3728
f 1910 459 1948
f 1304 1948 712
f 2258 492 1949
f 1228 1949 714
f 3441 1950 3078
f 2745 1950 1765
f 3214 1951 2194
f 771 2717 3260
f 656 1254 1952
f 1130 2115 3219
f 1399 748 1953
f 1029 1953 3360
f 2461 723 3858
f 351 1954 1400
f 1584 466 1955
f 1584 2779 724
f 1301 566 1956
f 3723 1956 1163
f 3188 986 1957
f 484 1957 1227
f 3803 643 1958
f 1222 1958 3805
f 3607 1106 1959
f 984 1959 3106
f 3836 3383 1960
f 603 2701 2072
f 663 1496 1961
f 663 1961 1566
f 1847 3185 2150
f 751 2495 1614
f 2735 890 1963
f 3322 3285 1041
f 3028 456 1964
f 888 1964 2659
f 1676 386 1965
f 850 1965 1224
f 3010 719 1966
f 3758 429 2170
f 3665 908 1967
f 1494 1967 2542
f 3301 1014 1968
f 657 1968 2253
f 2288 1377 1969
f 716 1969 1689
f 769 2669 2083
f 384 1970 3544
f 1484 1123 1971
f 3727 3726 1261
f 1973 814 3052
f 1089 1972 2348
f 3794 814 1973
f 443 1973 1553
f 2414 899 1974
f 2915 628 1629
f 2749 1102 1975
f 1472 1975 797
f 597 1480 1976
f 3475 1977 673
f 1480 336 1977
f 1976 1977 3475
f 3540 1245 1978
f 280 1978 279
f 2055 736 1979
f 996 1979 3114
f 2539 452 1980
f 2055 1979 996
f 1519 360 1981
f 1519 3740 1402
f 485 1531 1982
f 1059 1982 1642
f 546 1347 1983
f 546 1983 3274
f 1416 754 1984
f 399 1984 2713
f 3347 1173 1985
f 754 1985 1984
f 2283 1250 1986
f 3703 1986 1122
f 2833 1114 1987
f 488 1987 1195
f 3360 478 1988
f 718 1988 3310
f 3311 402 1989
f 718 1989 2979
f 1348 623 1990
f 1348 1990 3716
f 382 1343 3399
f 3674 2880 1563
f 3402 1125 1992
f 532 1992 1307
f 2008 717 1993
f 1044 1993 2197
f 10 3168 2163
f 791 1994 1794
f 2236 811 3382
f 1184 1995 450
f 1349 825 1996
f 623 1996 1433
f 1771 604 1997
f 790 1997 2712
f 3644 3432 1998
f 1147 1998 3522
f 3143 1090 1999
f 1429 1999 580
f 2366 1109 2000
f 1555 2000 1860
f 2967 321 2001
f 721 2001 1461
f 1712 721 3847
f 564 2254 1395
f 3862 740 2003
f 504 2003 2814
f 3135 740 2991
f 277 2004 276
f 2006 421 2005
f 740 3584 2003
f 1244 421 2006
f 796 3135 1655
f 1420 779 2007
f 864 2007 2690
f 1706 717 2008
f 1706 2008 677
f 2444 486 2009
f 1064 2596 3060
f 1688 453 2117
f 846 2825 2387
f 1791 1170 2011
f 3800 2011 1171
f 345 1353 2012
f 345 3308 2115
f 3132 966 3309
f 317 2013 1556
f 1656 732 2014
f 3136 2569 1072
f 2678 517 2015
f 3147 2017 365
f 1293 560 2016
f 733 2016 2017
f 2015 733 3147
f 365 2017 2585
f 2116 769 2239
f 1065 2018 2835
f 3837 1350 2019
f 3613 2019 1158
f 3714 1196 2020
f 913 2020 1845
f 2035 800 2021
f 1041 2167 3322
f 671 1375 2022
f 2355 3134 1462
f 728 1868 2023
f 728 2128 1869
f 3832 1635 2024
f 3657 1626 899
f 986 1647 2025
f 986 3293 3189
f 2121 951 3573
f 211 3824 210
f 3614 372 2027
f 1158 2027 3613
f 2787 946 2028
f 352 2918 3209
f 1721 1049 2029
f 674 2029 2463
f 3814 2030 3008
f 3063 85 86
f 1812 757 2031
f 425 2031 1545
f 3114 1260 2032
f 1783 2032 220
f 253 254 2033
f 3509 2074 739
f 2070 1337 3735
f 270 2622 269
f 2021 1041 2035
f 3829 1609 358
f 1139 1572 2974
f 415 2036 2785
f 874 1554 2585
f 365 2037 1188
f 1596 3619 2274
f 853 3476 1868
f 2279 948 3327
f 100 3503 99
f 2806 893 2040
f 1270 2040 3439
f 2312 62 2041
f 818 2041 2131
f 737 1611 2042
f 934 2042 1715
f 469 1788 3058
f 1376 2043 788
f 2635 316 2044
f 3420 3019 575
f 1710 803 2045
f 921 2045 1763
f 3079 1143 2046
f 499 2046 2831
f 1750 673 3793
f 1004 2047 3268
f 620 1551 2048
f 1625 2048 1060
f 2050 811 2049
f 449 2049 1448
f 1995 811 2434
f 810 2050 1853
f 94 95 2051
f 2652 834 1312
f 3612 617 2052
f 2965 1402 452
f 1725 804 2053
f 870 2053 2296
f 436 1370 2054
f 2589 1420 864
f 836 1980 2055
f 3691 996 1783
f 2115 867 3219
f 3730 3713 1751
f 3513 488 2057
f 1115 2057 3240
f 2660 464 2058
f 1399 2058 748
f 2912 959 2059
f 3595 2282 1695
f 677 1705 2060
f 1100 2060 3336
f 3436 526 2061
f 1181 2061 786
f 1832 746 2062
f 1832 2062 3785
f 3524 1214 2063
f 1235 2063 565
f 3224 1021 2064
f 355 2064 1385
f 1846 450 2065
f 1385 2065 810
f 1776 747 2694
f 643 2066 1958
f 2066 747 2067
f 995 2067 2846
f 1314 747 2068
f 2755 1776 1068
f 2844 927 3241
f 1240 2069 3255
f 2579 973 2070
f 3735 1337 2034
f 2419 639 2071
f 1069 3611 2742
f 3271 1467 2072
f 1201 2072 2678
f 3321 1424 2073
f 739 2073 1382
f 2780 1316 3789
f 255 3509 254
f 1883 915 2075
f 374 2075 1236
f 1236 741 2076
f 565 2076 1235
f 3649 403 2077
f 1262 2077 702
f 227 1878 2078
f 226 2078 1560
f 724 1381 2079
f 1729 2079 32
f 744 1262 2080
f 744 3443 2256
f 1827 744 2081
f 513 2081 2588
f 493 2018 2082
f 1034 3442 1684
f 2082 769 2083
f 2082 2083 1034
f 2628 5 2084
f 802 2084 1482
f 3841 448 2085
f 793 2085 2086
f 2227 793 2086
f 340 3025 2224
f 2337 423 2087
f 3761 793 2227
f 2077 1052 2088
f 702 2088 1322
f 687 1250 2089
f 1026 3618 1784
f 2502 742 2090
f 1688 2090 453
f 1276 742 2091
f 396 2091 1699
f 2422 1186 2092
f 738 2092 2990
f 3477 390 2598
f 822 2093 2521
f 3142 908 2094
f 54 2094 53
f 53 2094 2095
f 52 2095 1295
f 3544 1101 2096
f 1097 3525 3565
f 1530 649 2097
f 1530 2097 348
f 3062 1047 3743
f 1414 2098 87
f 3300 1296 2099
f 1359 2099 2925
f 1931 1048 2100
f 480 2100 1814
f 3152 980 2101
f 1496 2101 591
f 2103 745 2102
f 1524 2102 610
f 1524 439 2103
f 1524 2103 2102
f 768 1857 2104
f 1652 2104 71
f 2359 1169 3736
f 709 2105 2127
f 2526 483 2518
f 1445 2106 890
f 2659 763 2107
f 1413 2107 619
f 1039 1453 3182
f 806 2108 1454
f 1337 515 2109
f 806 2109 3182
f 2535 382 2110
f 1073 2110 3731
f 2327 318 2111
f 1195 2111 743
f 1806 881 2112
f 1116 2112 3002
f 3628 1099 2113
f 3121 344 1854
f 1281 1076 2114
f 1281 2114 3286
f 1952 345 2115
f 1952 2115 1130
f 1678 898 3582
f 2239 769 2018
f 2039 948 2117
f 846 2117 2010
f 2667 377 2118
f 1147 2118 3644
f 3148 505 2119
f 2956 991 1361
f 3813 391 2120
f 1160 2120 3812
f 1085 1903 2411
f 213 2121 212
f 3423 435 2122
f 817 2122 2123
f 3094 817 2123
f 502 2123 3075
f 2672 1244 2124
f 1245 2124 1978
f 2765 770 2125
f 544 2125 2836
f 419 1429 2126
f 419 3161 2209
f 3798 709 2127
f 1220 2127 2734
f 2023 815 2128
f 1869 2128 441
f 2906 1263 2129
f 1223 2129 417
f 3529 1204 2130
f 3715 2130 1211
f 2130 818 2340
f 552 2131 2869
f 3750 650 2132
f 750 2132 3065
f 3464 1056 2133
f 391 2133 2120
f 1772 1035 2134
f 370 2134 1470
f 2535 878 2135
f 382 2135 3022
f 2900 1124 2136
f 1224 2136 3719
f 1852 1331 2137
f 755 2137 1368
f 3272 755 2138
f 1126 2138 1941
f 525 1259 2139
f 3272 2138 1126
f 3790 64 2140
f 1148 2140 2869
f 1162 749 2141
f 473 2141 1323
f 1162 351 2142
f 1162 2142 749
f 1400 572 2143
f 749 2143 2537
f 830 1213 2144
f 2492 1848 338
f 1715 460 3353
f 832 2145 2571
f 2742 512 2146
f 1094 2146 1473
f 3786 1308 2231
f 795 2147 1307
f 658 1266 3404
f 1294 2148 3405
f 3551 678 2149
f 751 2149 2150
f 349 1847 2150
f 349 2150 1698
f 1446 783 2406
f 2833 1987 488
f 414 1397 2152
f 1415 2152 1199
f 684 1162 2153
f 684 2153 1838
f 594 1435 2154
f 1070 2154 2291
f 3194 422 3206
f 2125 2155 1065
f 3574 1018 2156
f 1479 2156 2509
f 1074 1532 2157
f 655 2157 1456
f 2519 852 3739
f 1824 2158 354
f 3498 1078 2159
f 314 2159 3099
f 562 1342 2160
f 1012 2160 2976
f 678 1548 2161
f 678 2161 1698
f 2863 208 2162
f 1030 2162 2602
f 9 10 2163
f 1017 2163 2234
f 1321 680 2164
f 1321 2164 2896
f 2255 511 3706
f 1809 2165 869
f 2446 1063 2166
f 2165 2166 869
f 1962 752 2167
f 1962 2167 437
f 2421 366 2168
f 871 2729 2310
f 1610 753 2169
f 261 2169 260
f 1966 429 3758
f 3115 2395 546
f 1248 753 2171
f 1248 2171 523
f 699 1866 2172
f 1639 2172 395
f 237 238 2173
f 1932 2173 1106
f 3478 519 3520
f 1737 2174 761
f 1388 1349 2175
f 761 2175 3098
f 2471 1002 2176
f 3688 471 1799
f 1739 756 3778
f 1010 3425 2973
f 1739 1011 2178
f 756 2178 1536
f 2361 481 2179
f 1926 2179 998
f 2542 574 3821
f 1217 2401 2643
f 1650 750 2181
f 649 2181 2097
f 2181 750 2182
f 1043 2182 1951
f 1485 427 2810
f 947 2183 3067
f 2200 1197 3325
f 289 2184 2266
f 2292 518 2185
f 768 2185 1227
f 3543 507 2186
f 1432 2186 773
f 2464 773 2187
f 343 2187 3642
f 3781 1335 2188
f 417 2188 1223
f 431 1424 2189
f 3745 2035 1041
f 293 294 2190
f 1145 2190 3389
f 294 295 3806
f 758 2191 3602
f 2430 1264 2192
f 1421 2192 760
f 525 2139 2193
f 525 2193 2853
f 1043 1951 3214
f 348 2194 1446
f 2258 1446 2195
f 3746 2195 1133
f 3593 1292 2196
f 287 2196 286
f 1993 495 2197
f 1044 2197 2198
f 1705 1044 3625
f 2787 2203 946
f 735 1229 2199
f 1153 2199 2540
f 2309 838 2200
f 291 3325 290
f 312 1304 2201
f 312 2201 3203
f 3292 1150 2202
f 413 2202 1301
f 801 1769 2203
f 801 2787 2198
f 2158 852 2204
f 1516 2204 635
f 800 2035 2205
f 800 2205 1696
f 2208 1007 2206
f 762 2206 2205
f 467 1512 2207
f 3558 880 1565
f 2932 622 2208
f 762 2208 2206
f 3161 1025 2209
f 419 2209 2210
f 1447 765 2210
f 1447 2210 2209
f 3799 510 2211
f 1171 2211 2212
f 3801 1171 2212
f 3694 2587 912
f 3221 526 2213
f 1263 2214 417
f 2213 759 2214
f 417 2214 3781
f 759 1181 2215
f 759 2215 1509
f 1657 540 2216
f 1019 2216 3014
f 753 1311 2217
f 1247 2217 423
f 799 1895 2218
f 799 2824 1820
f 3673 1274 2219
f 518 2219 1728
f 2304 1086 2684
f 960 3779 3575
f 1386 637 2221
f 1386 2221 730
f 2945 887 2222
f 456 2222 1964
f 1942 816 2223
f 1942 3752 3422
f 936 1523 3025
f 340 3776 2515
f 1740 778 2225
f 652 2225 1713
f 2225 778 2226
f 2225 2226 1713
f 2087 793 3761
f 1324 2227 340
f 805 1344 2228
f 805 2228 2596
f 805 1338 2229
f 805 2229 1344
f 647 1679 2230
f 647 2230 1678
f 1308 2147 2231
f 3487 2911 909
f 2868 1046 2232
f 1574 2232 66
f 3246 826 2233
f 903 3592 1552
f 2163 791 2234
f 1017 2234 1568
f 396 1591 2235
f 1706 2235 717
f 1439 811 2236
f 356 2236 1760
f 29 30 2237
f 29 2237 2829
f 704 1275 2238
f 1810 2238 939
f 3582 2116 2239
f 422 2239 2155
f 2986 928 2240
f 1397 2240 564
f 3683 1393 2241
f 1238 2241 2415
f 1090 1907 3282
f 316 2242 1336
f 2188 1335 2243
f 764 2243 1336
f 2597 1219 2244
f 605 2244 1534
f 3384 2245 3118
f 1031 3652 1865
f 2983 394 2246
f 1291 2247 530
f 2246 775 2247
f 2246 2247 1291
f 1550 1037 3213
f 26 2248 25
f 2498 1129 3852
f 1338 2249 705
f 940 1670 2970
f 777 2250 2251
f 2250 1966 2251
f 777 2251 1219
f 3210 2970 2252
f 638 2252 1602
f 725 1390 2253
f 1415 2253 1968
f 2002 1412 2254
f 2002 2254 564
f 2238 1275 2255
f 2238 3706 939
f 2081 744 2256
f 1187 3437 2607
f 3037 1086 2257
f 959 2257 1621
f 2259 783 2258
f 1228 2258 1949
f 3354 420 2259
f 1228 2259 2258
f 2339 1190 2705
f 2558 2291 1298
f 1352 840 2261
f 1352 2261 3660
f 2261 840 2262
f 1056 3528 2366
f 310 311 2263
f 1112 2686 2347
f 683 1751 2264
f 1752 3767 369
f 3155 1082 2265
f 812 3256 1283
f 2184 897 2266
f 288 2266 3593
f 1842 1061 2267
f 319 2267 3374
f 413 1301 2268
f 413 2268 2307
f 707 1253 2269
f 1129 2269 3734
f 3181 1441 2270
f 1039 2270 3183
f 3738 2271 2583
f 1074 3664 1532
f 1199 772 2272
f 497 2272 3119
f 2569 520 2273
f 2535 2135 382
f 691 1596 2274
f 691 2274 1846
f 1691 784 2275
f 1691 2278 786
f 1181 786 2276
f 1181 2276 2215
f 3647 418 2277
f 1265 2277 2061
f 2275 537 2278
f 2275 2278 1691
f 102 1654 2279
f 102 2279 101
f 2786 824 2592
f 1529 2280 635
f 1426 1196 2281
f 789 2281 1851
f 2059 383 2282
f 1695 2282 847
f 794 1250 2283
f 794 2283 3645
f 794 1286 2284
f 794 2284 1250
f 2568 320 2285
f 977 2285 1719
f 3708 412 3697
f 3473 3236 669
f 251 252 3662
f 1225 2287 938
f 1023 1377 2288
f 1878 2288 716
f 3851 832 2289
f 507 2289 2317
f 3208 1011 2290
f 1449 2290 477
f 2154 774 2291
f 573 2291 2558
f 3737 2292 3267
f 1005 2292 2185
f 2200 838 2293
f 1197 2293 2605
f 3717 1622 2294
f 1231 2294 521
f 2963 1116 2295
f 283 2295 1918
f 440 1547 2296
f 440 2296 2053
f 3811 992 2297
f 1599 2297 412
f 1617 872 2298
f 1617 2298 542
f 782 1189 2299
f 3621 1332 2506
f 1189 782 2300
f 509 2300 1208
f 2300 782 2301
f 418 2301 1284
f 2776 815 2302
f 914 2871 2308
f 3673 1205 2303
f 1022 2303 2799
f 1518 1030 2958
f 543 2304 2684
f 3849 379 2305
f 1299 3766 2778
f 2377 1169 2306
f 765 2306 1421
f 2076 741 2307
f 1235 2307 2268
f 2777 914 3340
f 381 2308 3610
f 3533 3532 2309
f 292 2309 2200
f 2043 871 2310
f 788 2310 1285
f 3435 47 2311
f 1149 3348 3792
f 61 62 2312
f 1204 2312 818
f 2062 746 3076
f 1501 2313 349
f 2574 795 3487
f 2911 588 1451
f 699 1697 2315
f 699 2315 1866
f 1873 1300 2499
f 3722 2316 81
f 1556 808 2317
f 507 2317 2186
f 2916 428 2318
f 1619 2318 808
f 51 1295 2319
f 51 2319 50
f 1560 780 3112
f 224 3452 223
f 1689 579 2321
f 2424 780 1560
f 2443 1020 2689
f 880 2322 1565
f 401 1320 2323
f 401 2323 3672
f 1319 789 2324
f 563 2324 1320
f 1509 555 2325
f 1174 2325 3710
f 2465 536 2326
f 1334 2326 2328
f 1195 785 2327
f 1195 2327 2111
f 2793 357 2328
f 781 2328 2326
f 1987 1114 2329
f 785 2329 1333
f 651 1272 2330
f 1099 2330 2113
f 1183 463 2331
f 2332 1586 650
f 807 2331 2332
f 807 2332 1507
f 3029 1034 2333
f 1242 3499 1078
f 3023 477 2334
f 3576 2973 640
f 2683 990 2335
f 3184 2803 1306
f 2743 877 2336
f 303 2336 302
f 1247 423 2337
f 792 2337 2342
f 446 1898 2338
f 446 2338 3830
f 2391 904 2339
f 410 2339 2705
f 1506 1211 2340
f 3186 2131 552
f 1709 826 2341
f 91 2341 90
f 1657 792 2342
f 1657 2342 540
f 1311 646 2343
f 1311 2878 423
f 1822 1087 2344
f 618 2344 2601
f 234 1430 2345
f 234 2345 233
f 1604 840 2346
f 1604 2346 465
f 2686 3 2347
f 1112 2347 1232
f 2349 813 3406
f 442 2348 1972
f 2146 512 2349
f 3406 813 2348
f 774 1380 2350
f 1298 2350 3783
f 1297 756 2351
f 1297 2351 2988
f 772 1395 2352
f 1218 2352 355
f 281 282 2353
f 281 2353 3540
f 668 1273 2354
f 668 2354 1359
f 1038 2022 2355
f 3342 1462 630
f 1572 1139 2356
f 516 2356 1786
f 2712 1180 2357
f 790 2357 1690
f 240 241 3510
f 3032 3529 568
f 2430 353 2359
f 1209 2359 709
f 3668 1111 2360
f 1325 2360 3077
f 2404 481 2361
f 1292 2361 881
f 453 1276 2362
f 1100 2362 2060
f 45 46 2363
f 950 2363 2733
f 1730 924 2364
f 20 2364 19
f 3636 1153 2365
f 76 2800 75
f 3604 2366 3528
f 1056 2366 2133
f 1567 856 2367
f 589 2367 3318
f 217 218 2368
f 1032 2368 2853
f 1334 784 2465
f 1284 2369 418
f 1442 999 2370
f 1442 2370 991
f 3376 889 2371
f 501 2371 1508
f 1203 517 2372
f 1203 2372 2913
f 785 1333 2373
f 1332 2373 2506
f 2685 1303 2374
f 1365 2374 2275
f 3027 953 2375
f 1465 2375 584
f 1747 1079 2376
f 665 2376 1215
f 765 1447 2377
f 1169 2377 2105
f 3044 1472 2378
f 584 3820 3291
f 3307 566 2379
f 797 2379 1301
f 3669 1255 2380
f 533 2380 1256
f 2382 998 2381
f 844 3486 2637
f 1926 998 2382
f 2527 844 1681
f 580 1470 2383
f 580 2383 1429
f 2423 583 3228
f 1013 2384 1457
f 2122 435 2385
f 1008 2385 1874
f 3485 1686 2386
f 848 2386 3326
f 2825 527 2387
f 846 2387 2388
f 2039 846 3503
f 99 2388 98
f 3401 891 2389
f 1125 2389 1524
f 451 1793 2390
f 451 2390 3045
f 2584 904 2391
f 1280 3451 1764
f 326 1928 2392
f 326 2392 1404
f 2392 1928 2393
f 824 2393 1434
f 3834 364 2394
f 798 2394 2395
f 2170 798 2395
f 546 2395 1347
f 2397 937 2396
f 841 2396 1807
f 3502 937 3457
f 578 2653 2894
f 1302 1594 2398
f 1302 2398 335
f 2004 1179 2399
f 276 2399 275
f 2337 792 2400
f 1247 2400 523
f 203 204 2401
f 2817 2180 1167
f 2387 527 2402
f 2387 2402 1317
f 3368 2403 2607
f 842 2914 2448
f 1738 481 2404
f 897 2404 2266
f 3145 972 3160
f 1925 2405 490
f 2920 348 2406
f 2151 2406 783
f 1323 571 2407
f 1323 2407 2968
f 1945 1051 3808
f 2674 819 1322
f 1322 819 2409
f 1322 2409 347
f 2876 1291 2410
f 819 2410 1422
f 1939 1085 3670
f 214 2411 213
f 2595 1286 2412
f 598 2412 3439
f 3415 627 2413
f 1192 3333 3412
f 2566 899 3279
f 433 2919 1592
f 3085 1238 2415
f 828 2415 1759
f 2417 839 3384
f 1136 2416 3383
f 2979 1137 2417
f 3384 2416 1136
f 3366 839 2418
f 3204 3394 1533
f 1520 639 2419
f 968 2419 2816
f 1666 910 2420
f 609 2420 2661
f 2769 366 2421
f 997 2421 1788
f 3163 354 2422
f 1779 2422 738
f 2095 908 2423
f 1295 2423 3228
f 1689 2321 2424
f 1689 2424 716
f 1040 1879 2425
f 1040 3247 1736
f 1627 458 2426
f 966 2426 1619
f 1782 426 2427
f 828 2427 3085
f 693 1782 2428
f 693 2428 1305
f 3261 809 2429
f 509 2429 1919
f 809 1264 2430
f 809 2430 2429
f 2061 526 2431
f 1265 2431 3261
f 43 44 2432
f 1212 2432 1616
f 3042 615 2433
f 3319 3024 562
f 450 1995 2434
f 2065 2434 810
f 674 1388 2435
f 1720 2435 2174
f 2854 1371 2436
f 567 2436 3718
f 795 1307 2437
f 795 2437 1410
f 3648 1003 2438
f 712 2438 1947
f 2562 1638 2439
f 558 2439 3416
f 3197 1191 2654
f 1070 2440 1436
f 1095 1674 2441
f 552 3640 3186
f 690 1403 2442
f 1108 2442 3623
f 2689 369 2443
f 1020 2443 1871
f 1468 486 2444
f 1468 2444 697
f 2908 1110 2445
f 916 3378 2931
f 2531 1128 2658
f 511 2446 2166
f 1746 861 2946
f 1745 2447 444
f 3357 842 2448
f 443 2448 3681
f 3026 1365 2449
f 1334 2449 784
f 3848 633 2450
f 3849 3397 379
f 851 1765 2451
f 1108 2451 2442
f 1620 1375 2452
f 845 3490 2534
f 482 1596 2453
f 1021 2453 2064
f 3839 1155 2454
f 1613 2454 662
f 1495 371 2455
f 1495 2455 2768
f 1702 933 2456
f 2455 2456 884
f 745 2024 2457
f 3279 2570 1156
f 107 108 2458
f 1526 2458 688
f 3667 547 2459
f 1278 2623 1561
f 672 1757 2460
f 1758 2460 814
f 1387 723 2461
f 1387 2461 665
f 1682 1103 2462
f 1682 2462 668
f 2029 1050 2463
f 674 2463 1388
f 705 1432 2464
f 1938 2464 2187
f 2326 1334 2465
f 536 2465 2506
f 2367 856 3417
f 923 3596 1677
f 1950 1144 2467
f 690 2467 1403
f 3606 2468 3021
f 97 2468 96
f 1395 772 2469
f 1395 2469 564
f 3050 585 3235
f 1132 2470 1273
f 2305 1002 3766
f 608 3826 3363
f 1473 812 2472
f 1473 2472 321
f 1601 633 2473
f 876 2473 2762
f 3152 1496 3855
f 979 3171 3440
f 2758 877 2475
f 1215 2475 2480
f 107 1526 2476
f 106 2476 1725
f 3729 496 2477
f 820 2477 2478
f 1182 820 2478
f 1182 2478 668
f 586 1366 2479
f 2693 1182 1676
f 665 1215 3791
f 1456 2480 655
f 296 297 2481
f 1146 2481 2746
f 654 1715 2482
f 1717 3851 2289
f 1859 475 2483
f 1309 2483 775
f 319 1685 2484
f 1431 2484 816
f 727 1654 2741
f 870 2731 1725
f 2890 1382 2486
f 890 2486 1963
f 3408 1173 2487
f 1561 2487 364
f 2489 970 2488
f 969 2488 1787
f 1593 970 2489
f 2902 969 1711
f 2491 1330 2490
f 830 2490 1213
f 1428 538 2491
f 830 2491 2490
f 830 2144 2492
f 830 2492 1428
f 44 45 2493
f 44 2493 2432
f 2102 1156 2494
f 610 2494 1525
f 1962 437 2495
f 1962 2495 751
f 903 1414 2496
f 903 2496 1943
f 2336 1045 2497
f 302 2497 301
f 1468 707 2498
f 1468 2498 486
f 1300 2316 2499
f 566 2499 1956
f 714 1927 2500
f 1542 2500 535
f 3452 1084 2501
f 222 2939 221
f 1547 742 2502
f 1547 2502 727
f 368 1746 2503
f 3504 970 1593
f 2297 992 2504
f 2297 2504 412
f 2679 1427 2505
f 602 3598 2698
f 2299 1332 3621
f 1284 2506 2465
f 1461 812 2507
f 1461 2507 3479
f 329 1855 2508
f 1288 2508 697
f 847 1479 2509
f 847 2509 2858
f 2858 1452 2510
f 847 2510 1695
f 3558 1565 2511
f 467 2511 1582
f 3308 1364 2512
f 1768 2512 461
f 1326 549 2513
f 1326 2513 2867
f 2708 553 2514
f 1380 2514 2759
f 1324 340 2515
f 829 2515 3035
f 1576 829 2516
f 426 2516 2427
f 2216 540 2517
f 1576 2517 829
f 3538 746 2518
f 2106 2518 483
f 639 1476 2519
f 639 3720 2071
f 2093 822 2598
f 1310 2520 556
f 3523 559 2521
f 822 2521 2565
f 3654 642 2522
f 1834 2522 802
f 1827 2081 2523
f 2681 2092 1186
f 1417 1261 2524
f 1417 2524 1772
f 700 1252 2525
f 1251 2525 529
f 2518 1206 2526
f 483 2526 1225
f 508 2382 2527
f 508 2527 1900
f 3759 267 2528
f 2894 2108 578
f 2530 919 2529
f 900 2529 1885
f 1822 919 2530
f 362 2530 1759
f 3166 1128 2531
f 522 2531 2824
f 2980 1477 2532
f 3671 1830 1443
f 1497 591 2533
f 885 2533 1355
f 1723 432 2534
f 1723 2534 3490
f 1073 2273 2535
f 1073 2535 2110
f 375 1354 2536
f 375 3502 3183
f 2143 1134 2537
f 749 2537 2141
f 3364 1067 2538
f 1066 2538 1685
f 1463 3064 2942
f 1084 2539 2501
f 2199 524 2540
f 2365 2540 982
f 1835 833 2541
f 543 3170 2958
f 833 1494 2542
f 3200 3821 1217
f 833 1835 2543
f 833 2543 1494
f 548 1677 3205
f 3205 2544 3194
f 3451 410 2545
f 905 2545 1856
f 659 1608 2546
f 659 3016 1607
f 405 1909 3141
f 916 2908 2445
f 2405 972 2548
f 490 2548 1882
f 235 236 2549
f 235 2549 1430
f 1177 1160 2550
f 1177 3113 1037
f 587 1613 2551
f 587 2551 3624
f 734 1763 2552
f 734 2552 1762
f 2490 1330 2553
f 430 2553 1455
f 3387 551 2554
f 1351 2554 2555
f 360 1351 2555
f 360 2555 1331
f 2737 1268 2556
f 2085 2556 936
f 232 233 2557
f 232 2557 2881
f 896 2260 2558
f 3320 3783 1240
f 1429 1216 2559
f 1999 2559 3143
f 3065 957 2560
f 491 2560 1915
f 777 1219 2561
f 1602 2561 402
f 779 1638 2562
f 1407 2562 558
f 692 1329 2563
f 1189 2563 2299
f 337 1525 2564
f 1637 2564 835
f 2916 1575 2565
f 428 2565 1401
f 745 2457 2566
f 745 2566 2102
f 3563 1419 2567
f 36 2567 35
f 2285 977 2568
f 320 2568 1589
f 2014 520 3136
f 1072 2569 3116
f 1564 835 2570
f 433 2570 3279
f 2145 1234 2571
f 832 2571 1556
f 3031 570 2572
f 869 2572 1419
f 2103 439 2573
f 2573 2807 3832
f 421 2231 2574
f 421 2574 2005
f 1320 855 2575
f 563 2575 3599
f 3263 855 2576
f 524 2576 2822
f 2575 855 2577
f 1318 2577 378
f 1257 534 2602
f 2304 2578 1086
f 1500 973 2579
f 1500 2579 273
f 3003 550 2580
f 859 2580 2582
f 534 1438 2581
f 534 2581 2257
f 1621 859 2582
f 383 2582 3702
f 1569 2271 3738
f 308 2583 307
f 1279 904 2584
f 547 2584 2459
f 2017 874 2585
f 365 2585 2037
f 689 1850 2809
f 1013 2586 2319
f 3694 1025 2587
f 912 2587 2873
f 2081 1187 2588
f 513 2588 2092
f 436 2054 2589
f 436 2589 1389
f 2612 1358 2590
f 581 2590 2509
f 1276 2091 2591
f 1276 2591 677
f 455 1425 2592
f 455 2592 1529
f 588 1410 2593
f 588 2593 3159
f 1367 1749 2594
f 398 2594 1371
f 1490 843 2595
f 598 2595 2412
f 2009 805 2596
f 2009 2596 1064
f 2561 1219 3579
f 1466 2597 605
f 822 2520 2598
f 2093 2598 390
f 1590 437 2599
f 858 2599 1578
f 1578 541 2600
f 858 2600 1493
f 2344 1242 2601
f 618 3004 3207
f 2162 1257 2602
f 1030 2602 2578
f 3518 597 2603
f 997 2769 2421
f 3320 1240 2604
f 1856 2604 554
f 2293 577 2605
f 897 2605 1738
f 1577 239 2606
f 3314 1200 2984
f 2588 1187 2607
f 842 2607 2403
f 1728 1118 2608
f 1728 2608 1027
f 696 1367 3153
f 981 2609 1828
f 2111 1329 2610
f 743 2610 1756
f 1368 538 2611
f 849 2611 3411
f 1770 849 2612
f 581 2612 2590
f 468 1751 2613
f 946 2613 2688
f 3198 1407 2614
f 363 2994 1646
f 1407 558 2615
f 889 2615 1623
f 2519 1476 2616
f 852 2616 1529
f 3305 1207 2617
f 2789 3020 1437
f 1138 1786 2618
f 332 2618 3656
f 1809 869 2619
f 38 2619 37
f 1333 420 2620
f 1333 2620 781
f 2548 972 2621
f 1249 2621 2761
f 270 2034 2622
f 269 2622 268
f 1278 2459 2623
f 1561 2623 624
f 2638 857 3234
f 1498 2624 545
f 2556 1268 2625
f 936 2625 1523
f 2692 315 2626
f 1534 2626 3394
f 582 1640 2627
f 3006 732 1656
f 2347 4 2628
f 3377 2084 802
f 1952 1130 2629
f 656 2629 1734
f 3663 884 2630
f 1355 2630 438
f 2630 884 2631
f 1933 2631 737
f 731 1708 2632
f 1870 2632 465
f 3281 2633 3244
f 1341 2633 594
f 3068 1294 2634
f 245 2634 114
f 2242 316 3282
f 1090 2635 3144
f 1760 1184 2636
f 862 2636 1869
f 1681 844 2640
f 1580 2637 616
f 1764 905 2638
f 624 2638 3234
f 2747 1241 2639
f 857 2639 1690
f 844 2637 2640
f 1681 2640 367
f 1794 1088 3819
f 2234 2641 434
f 2947 887 2642
f 1632 2642 342
f 204 205 2643
f 204 2643 2401
f 1735 661 2644
f 911 2644 1500
f 1476 851 2645
f 455 2645 3622
f 1792 330 2646
f 854 3751 2647
f 1319 563 3751
f 854 2647 1408
f 1162 2141 2648
f 2153 2985 928
f 2941 984 2649
f 3174 3715 1211
f 3527 979 2650
f 1409 2650 376
f 1515 596 2651
f 878 2651 1449
f 94 2051 2652
f 94 2652 93
f 578 2397 2653
f 1161 2653 3559
f 2440 1070 2654
f 2440 2654 1191
f 1565 539 2655
f 1565 2655 834
f 1478 1477 2656
f 1478 2656 1755
f 77 78 3636
f 3637 1829 735
f 2255 1062 2658
f 511 2658 2446
f 1964 763 2659
f 888 2659 2764
f 1778 464 2660
f 958 2660 1399
f 1778 958 2661
f 1117 2661 2420
f 1818 958 3656
f 2839 1399 1029
f 1310 2164 2663
f 1176 3684 3478
f 3145 868 2664
f 2621 2664 322
f 3492 3104 2665
f 868 2665 1671
f 1546 461 2666
f 1546 2666 3145
f 2668 377 2667
f 3031 3522 570
f 2846 377 2668
f 1128 2668 2446
f 1483 1970 2669
f 1483 2669 769
f 3336 1398 2670
f 527 2670 1394
f 1394 879 2671
f 467 2671 1512
f 2124 542 2672
f 3233 883 1308
f 1308 883 2673
f 532 2673 3402
f 479 2408 2674
f 479 2674 3433
f 2567 1277 2675
f 35 2675 34
f 2248 1680 2676
f 25 2676 24
f 2071 1083 3611
f 512 2677 2349
f 2072 931 2678
f 1201 2678 2015
f 1539 931 2679
f 602 2679 2505
f 1790 1871 2680
f 1790 2680 826
f 993 2523 2681
f 3626 1186 1516
f 549 1328 2682
f 1667 2682 821
f 2298 990 2683
f 542 2683 2672
f 1086 2220 2684
f 543 2684 1835
f 2374 860 2685
f 1303 2685 3830
f 2 3 2686
f 2263 2686 1112
f 1293 733 2687
f 1293 2687 404
f 2028 946 2688
f 2028 2688 879
f 1752 369 2689
f 880 2689 2322
f 2007 363 2690
f 864 2690 2691
f 3468 1389 2691
f 557 2691 1378
f 3010 1535 2692
f 1534 2692 2626
f 586 2479 2693
f 586 3283 1749
f 643 1599 2694
f 2066 2694 747
f 3367 1700 3242
f 3589 2505 1427
f 2698 865 2696
f 1540 2696 333
f 1894 866 2697
f 436 2697 1370
f 1540 602 2698
f 865 2698 1894
f 730 1357 2699
f 1356 2699 555
f 3634 1668 2700
f 694 2700 1914
f 603 1960 2701
f 2072 2701 931
f 2715 1267 2702
f 264 2702 1411
f 2832 1730 3675
f 1489 2703 22
f 1552 595 2704
f 903 2704 1414
f 1190 2260 2705
f 410 2705 2545
f 3059 967 2706
f 459 2706 2228
f 3553 1154 2707
f 998 2707 2381
f 3281 553 2708
f 1435 2708 774
f 2710 925 3860
f 1241 2709 2639
f 3255 1363 2710
f 3860 2709 1241
f 2843 454 2711
f 1363 2711 2710
f 2713 1180 2712
f 945 2712 1997
f 1487 399 3765
f 945 2713 2712
f 3169 1075 2714
f 514 2714 3270
f 3559 1267 2715
f 266 2715 265
f 863 1369 2716
f 863 2716 1521
f 771 1951 2717
f 1092 2717 3334
f 2754 885 2718
f 1662 2718 644
f 1729 33 2719
f 875 2719 2675
f 1406 466 2720
f 1406 2720 3331
f 260 1248 2721
f 259 2721 2875
f 851 1476 2722
f 1520 2722 639
f 3484 670 2723
f 1423 2723 2725
f 3080 873 2724
f 1143 2724 3772
f 2745 350 2725
f 873 2725 2723
f 1478 1237 2726
f 1478 2726 613
f 1767 1045 2727
f 474 2758 3536
f 1285 569 2728
f 3469 904 1279
f 2168 1191 2729
f 2168 2729 871
f 2798 895 2730
f 506 2730 1858
f 105 1725 2731
f 104 2731 2485
f 1616 950 2732
f 560 3088 2016
f 2363 1149 2733
f 950 2733 1780
f 3797 2734 2940
f 1001 2734 1798
f 1445 890 2735
f 1847 2735 752
f 686 1651 2736
f 686 2736 1859
f 2396 937 2737
f 2396 2737 448
f 2889 944 2738
f 1442 2738 999
f 1693 465 2739
f 882 2739 3216
f 1807 646 2740
f 1807 2740 841
f 2485 870 2741
f 2485 2741 1654
f 3339 1069 2742
f 1094 2742 2146
f 2475 877 2743
f 1663 2743 305
f 898 1662 2744
f 1483 2744 644
f 1142 1950 2745
f 1142 2745 2725
f 1418 1935 2746
f 1146 2746 3601
f 2870 1241 2747
f 2638 2747 857
f 617 1571 2748
f 1519 2748 1351
f 2576 1229 3263
f 2577 2749 378
f 2611 1428 3411
f 1358 2750 2857
f 2728 569 2751
f 2339 2751 1190
f 1410 337 2752
f 1410 2752 2593
f 2718 885 2753
f 1661 2753 438
f 3220 1497 2754
f 324 2754 1662
f 505 2068 2755
f 505 2755 2889
f 2163 1017 2756
f 9 2756 8
f 314 1587 2757
f 314 3498 2159
f 474 2727 2758
f 1215 2758 2475
f 2350 1380 2759
f 359 2759 1615
f 15 16 2760
f 1761 2760 921
f 2621 322 2761
f 1249 2761 2763
f 2473 1346 2762
f 876 3583 2763
f 1882 1249 2763
f 708 3583 1884
f 3172 888 2764
f 313 2764 3368
f 2224 770 3776
f 1239 2765 3036
f 3603 1077 3567
f 394 2766 1309
f 1091 1727 2767
f 626 2767 1843
f 591 1495 2768
f 591 2768 2533
f 1436 366 3178
f 2603 2769 997
f 1908 462 2770
f 901 2770 3773
f 320 1781 3580
f 901 2771 1908
f 1485 1016 2772
f 1844 2772 720
f 1471 953 3732
f 451 2773 1793
f 1800 682 2774
f 2773 2774 955
f 1550 607 2775
f 1550 2775 1037
f 914 1462 2776
f 914 2776 2302
f 1543 630 2777
f 3340 914 2308
f 3848 1299 2778
f 1833 2778 608
f 731 1870 2779
f 1955 2779 1584
f 257 1475 2780
f 3789 1316 2074
f 765 1421 2781
f 765 3530 2210
f 3844 1431 2782
f 1803 2782 775
f 1117 2420 2783
f 3666 2898 1159
f 2384 583 2784
f 1315 2784 910
f 2036 1135 2785
f 415 2785 1457
f 2592 1425 2786
f 824 2786 2392
f 352 2198 2787
f 352 2787 2028
f 900 1885 2788
f 1305 2788 462
f 988 2617 2789
f 988 3725 3178
f 1925 490 2790
f 1925 2790 907
f 1882 1113 2791
f 2790 2791 1360
f 3529 1151 2792
f 1204 2792 61
f 2328 1289 2793
f 357 2793 1889
f 399 2713 2794
f 1075 2794 2714
f 3391 456 2795
f 886 2795 1598
f 1815 397 2796
f 886 2796 3313
f 1711 969 2797
f 321 2797 3370
f 1604 895 2798
f 840 2798 2262
f 2822 1022 2799
f 982 2799 1754
f 982 1754 2800
f 982 2800 2365
f 1835 960 2801
f 393 2801 2783
f 1580 616 2802
f 891 3400 2389
f 3184 367 2803
f 1306 2803 3401
f 2850 1345 2804
f 368 2804 1746
f 2649 388 2805
f 893 2805 3620
f 2941 893 2806
f 1271 2806 1817
f 2573 892 2807
f 2573 3832 1221
f 3459 1121 2808
f 1777 2808 723
f 2586 1013 2809
f 2586 2809 1850
f 2183 947 2810
f 2183 2810 427
f 2971 1376 2811
f 600 2811 3837
f 2813 973 2812
f 661 2812 2644
f 1337 973 2813
f 1337 2813 515
f 2005 909 3584
f 504 2814 3467
f 2725 350 2815
f 968 2815 1520
f 1785 968 2816
f 472 2816 3339
f 203 2401 2817
f 203 2817 202
f 2003 504 2818
f 1179 2818 2399
f 2399 911 2819
f 275 2819 274
f 1646 590 2820
f 1646 2820 1378
f 557 1378 2821
f 3811 2297 1230
f 2540 524 2822
f 2540 2822 982
f 1775 502 3560
f 2029 2823 1050
f 799 2218 2824
f 1820 2824 1062
f 846 2010 2825
f 3336 2060 1398
f 3468 557 2826
f 1379 2826 1585
f 1362 55 2827
f 1362 2827 3650
f 3177 621 2828
f 3104 1551 620
f 882 1831 2829
f 29 2829 28
f 2364 924 2830
f 1694 2830 803
f 666 1731 2832
f 924 2831 2830
f 3675 666 2832
f 1730 2832 924
f 1042 2151 2833
f 1042 2833 1643
f 15 1761 2834
f 14 2834 1622
f 2836 1065 2835
f 1393 2835 3453
f 2125 1065 2836
f 544 2836 3683
f 109 110 2837
f 1499 2837 3175
f 2901 1271 2838
f 503 2838 1563
f 332 2662 2839
f 332 2839 1612
f 854 2390 2840
f 1792 2840 681
f 388 1506 2841
f 1490 2841 843
f 2462 1103 2842
f 387 2842 1444
f 2069 927 2843
f 1363 2843 2711
f 2325 555 2844
f 1615 2844 3241
f 781 1562 2845
f 781 2845 1289
f 2067 377 2846
f 995 2846 3166
f 539 1790 2847
f 539 2847 1312
f 964 1544 2848
f 3312 630 1543
f 3447 942 2849
f 572 2849 3757
f 2849 942 2850
f 1513 2850 368
f 1762 1345 2851
f 3335 3447 1088
f 2193 1126 2852
f 1032 2852 1940
f 3114 525 2853
f 1260 2853 2368
f 2856 1371 2854
f 926 2854 1372
f 1904 926 2855
f 454 2855 1372
f 1405 398 2856
f 1405 2856 926
f 2750 338 2857
f 918 2857 2859
f 2590 918 2858
f 847 2858 2510
f 2857 1603 2859
f 918 2859 2858
f 917 1748 2860
f 1592 2860 2937
f 1645 1012 2881
f 231 2861 230
f 1673 83 2862
f 1214 3755 2030
f 207 208 2863
f 1518 2863 1030
f 662 1488 2864
f 662 2864 1613
f 1555 326 2865
f 902 2865 1404
f 2864 1488 2866
f 902 2866 1555
f 2513 1875 2867
f 1326 2867 502
f 2232 1574 2868
f 1046 3034 3095
f 2131 1148 2869
f 3095 3034 1095
f 1856 554 2870
f 905 2870 2747
f 1458 2308 2871
f 599 2871 2302
f 330 2212 2872
f 3744 912 1426
f 2587 447 2873
f 912 2873 1196
f 2212 766 2874
f 2872 2874 912
f 258 259 2875
f 3304 3138 1475
f 2983 1291 2876
f 2408 2876 819
f 1667 821 2877
f 1667 2877 636
f 793 2087 3594
f 2343 2878 1311
f 3608 3607 2879
f 985 2879 1563
f 3674 615 2880
f 1563 2880 985
f 2557 1645 2881
f 232 2881 231
f 1470 580 2882
f 1470 2882 2884
f 2315 949 2883
f 1866 2883 575
f 1697 370 2884
f 949 2884 2882
f 3677 374 2885
f 906 2885 2887
f 3470 1360 2886
f 489 2886 3592
f 595 1552 2887
f 595 2887 1492
f 3474 3473 2888
f 944 2888 1658
f 3474 944 2889
f 505 2889 3097
f 2892 1382 2890
f 2106 2890 890
f 729 1572 2891
f 729 2891 2037
f 1225 938 2892
f 483 2892 2890
f 938 2033 2893
f 938 2893 2892
f 1161 2528 2894
f 1161 2894 2653
f 342 1321 2895
f 342 2895 1628
f 2164 556 2896
f 1321 2896 2895
f 458 1633 2897
f 458 2897 2917
f 3587 1159 2898
f 910 2898 2783
f 3130 965 2899
f 1626 2899 628
f 2099 1124 2900
f 386 2900 1965
f 2838 503 2901
f 1271 2941 2806
f 571 2489 2902
f 571 2902 2407
f 3177 1071 2903
f 2512 2903 461
f 858 1493 2904
f 1589 2904 320
f 1605 913 2905
f 606 2905 3317
f 2192 1264 2906
f 760 2906 2129
f 2643 205 2907
f 1006 3361 3170
f 1911 1110 2908
f 2547 2908 916
f 1789 523 2909
f 1007 2909 3829
f 375 1440 2910
f 375 2910 1354
f 3487 2314 2911
f 909 2911 2814
f 2058 464 2912
f 2058 2912 748
f 2687 1203 2913
f 404 2913 1820
f 2403 619 2914
f 2448 2914 1391
f 917 1974 2915
f 917 3338 1748
f 2565 428 2916
f 943 2916 1619
f 2426 458 2917
f 943 2917 1921
f 2670 1398 2918
f 879 2918 2028
f 433 2414 2919
f 1592 2919 917
f 641 1530 3346
f 1042 2920 2406
f 310 2263 2921
f 310 2921 309
f 1266 658 2922
f 947 2922 2810
f 691 1846 2923
f 691 2923 2064
f 835 1564 2924
f 1637 2924 3110
f 1676 1182 2925
f 386 2925 2099
f 892 1573 2926
f 892 2926 2807
f 1738 1033 2927
f 481 2927 3554
f 2987 1538 2928
f 2027 2928 975
f 3223 500 2929
f 1554 3762 729
f 3207 1597 2930
f 919 2930 1876
f 710 1887 2931
f 1549 2931 3378
f 1424 622 2932
f 1424 2932 2189
f 635 1528 2933
f 635 2933 1516
f 3795 331 2934
f 1270 2934 2935
f 3116 528 2935
f 1072 2935 2934
f 611 1564 2936
f 611 2936 1704
f 922 1592 2937
f 922 2937 1702
f 1879 1374 2938
f 1879 2938 2425
f 222 2501 2939
f 221 2939 1783
f 1901 692 2940
f 1901 2940 3252
f 2649 2805 2941
f 984 2941 2901
f 780 1463 2942
f 780 2942 2320
f 2944 1018 2943
f 1233 2943 3212
f 1770 1018 2944
f 408 2944 1941
f 1510 887 2945
f 1165 2945 3391
f 1745 670 2946
f 2447 2946 861
f 1840 887 2947
f 1840 2947 629
f 2949 977 2948
f 1993 2948 495
f 1469 977 2949
f 1469 2949 717
f 685 1568 2950
f 3700 1340 1450
f 2952 248 2951
f 1016 2951 1825
f 247 248 2952
f 1486 2952 2953
f 2922 658 2953
f 1485 2953 1016
f 1275 404 2954
f 1275 2954 1062
f 792 1657 2955
f 1609 2955 358
f 787 2119 2956
f 787 2956 3432
f 3635 1708 2957
f 1651 2957 346
f 3361 1518 3170
f 543 2958 2304
f 676 1815 2959
f 1598 2959 886
f 3344 1026 2960
f 1647 2960 634
f 1564 433 2961
f 1564 2961 2936
f 3385 1515 2962
f 2273 2962 878
f 285 1806 2963
f 285 2963 284
f 2987 372 2964
f 1797 2964 935
f 935 2052 2965
f 935 2965 2966
f 1463 579 2966
f 1463 2966 2965
f 1711 321 2967
f 929 2967 2969
f 473 1323 2968
f 473 2968 1712
f 2001 721 2969
f 929 2969 1712
f 2250 777 2970
f 2250 2970 1670
f 2027 975 2971
f 2027 2971 3613
f 3578 1537 2972
f 975 2972 1376
f 2334 1010 2973
f 640 2973 1377
f 3748 1139 3226
f 415 2974 2036
f 538 1331 2975
f 1330 2975 2553
f 1377 1023 2976
f 640 2976 2160
f 1713 389 2977
f 1713 2977 1003
f 2721 1248 2978
f 2721 2978 2875
f 1920 718 2979
f 1920 2979 498
f 2682 1328 2980
f 2682 2980 821
f 463 1597 2981
f 1586 2981 920
f 664 1701 3429
f 2983 2246 1291
f 1051 2982 2983
f 1051 2983 2876
f 3106 667 2984
f 1339 3850 3715
f 2240 928 2985
f 1396 2985 473
f 1838 928 2986
f 414 2986 1397
f 932 1538 2987
f 932 2987 1797
f 2351 601 2988
f 1297 2988 932
f 579 1464 2989
f 579 2989 1797
f 2092 1210 2990
f 738 2990 1553
f 278 1655 2991
f 278 2991 277
f 437 2021 2992
f 2599 2992 1578
f 952 1573 3103
f 616 2993 1581
f 3376 1168 2994
f 2614 2994 363
f 2138 1368 2995
f 408 2995 1770
f 933 1653 2996
f 933 2996 1611
f 2937 592 2997
f 1702 2997 933
f 1417 1697 2998
f 582 2998 1640
f 445 1833 2999
f 445 2999 1606
f 2999 930 3000
f 659 3000 1608
f 2933 1528 3001
f 993 3001 1827
f 2112 508 3002
f 1116 3002 3686
f 1903 550 3003
f 951 3003 3033
f 920 1597 3004
f 920 3004 3498
f 40 1810 3005
f 40 3005 39
f 1484 2627 3006
f 1484 3006 331
f 1654 727 3007
f 1654 3007 2279
f 1214 2030 3814
f 565 3008 1766
f 1361 1649 3009
f 3856 1955 466
f 3120 1535 3010
f 1226 3010 1966
f 3586 1913 3011
f 1212 3011 2432
f 1482 685 3012
f 1482 3012 802
f 2205 358 3013
f 1696 3013 1019
f 1696 1019 3014
f 541 3014 3081
f 1403 411 3015
f 1403 3015 1613
f 659 2546 3016
f 1607 3292 413
f 3330 701 3017
f 1670 3754 429
f 2044 316 3018
f 989 3018 3818
f 989 1570 3019
f 989 3019 2044
f 1341 1437 3818
f 989 3020 1570
f 2388 1317 3021
f 98 3021 97
f 1343 382 3022
f 1343 3022 3024
f 1449 477 3023
f 1009 3023 1342
f 3319 1343 3024
f 562 3024 1342
f 1523 2224 3025
f 936 3025 2086
f 1889 860 3026
f 1889 3026 357
f 1800 953 3027
f 341 3027 1465
f 2795 456 3028
f 1598 3028 888
f 2082 1034 3029
f 493 3029 3453
f 3260 1092 3030
f 1819 3030 406
f 1063 2667 3031
f 1063 3031 2166
f 1200 2358 3032
f 1200 3850 2984
f 2026 951 3033
f 1438 3033 2581
f 1046 2868 3034
f 1095 3034 1784
f 2515 1239 3035
f 829 3035 2516
f 2765 544 3036
f 3035 3036 956
f 2220 1086 3037
f 2912 3037 959
f 1894 436 3038
f 1894 3038 865
f 361 1595 3039
f 361 3039 1605
f 1559 1258 3040
f 1559 3040 428
f 862 1869 3041
f 1375 3041 441
f 2880 615 3042
f 2345 3042 1152
f 1318 378 3421
f 954 3043 3044
f 1471 954 3044
f 584 3044 2378
f 3732 451 3045
f 954 3045 3421
f 3047 941 3046
f 1800 3046 682
f 3826 941 3047
f 341 3047 1800
f 3303 675 3048
f 2100 3048 1055
f 3235 1132 3049
f 1131 3049 2726
f 3286 585 3050
f 1281 3050 3051
f 3050 1131 3051
f 1281 3051 3333
f 814 1972 3052
f 1973 3052 1553
f 1732 666 3053
f 3054 3227 1127
f 971 3053 3054
f 3055 1680 561
f 971 3054 3055
f 3500 3682 1155
f 3839 411 3056
f 3839 3056 3500
f 1551 1741 3057
f 1551 3057 385
f 2043 1376 3058
f 2043 3058 1788
f 1909 967 3059
f 711 3059 1910
f 1893 1064 3060
f 405 3060 1909
f 2370 346 3061
f 991 3061 1649
f 595 1766 3062
f 595 3743 2704
f 1047 2030 3063
f 1047 3063 2098
f 452 2539 3064
f 452 3064 2965
f 2182 750 3065
f 2182 3065 2560
f 2921 1112 3066
f 1569 3066 642
f 688 1499 3067
f 688 3067 2183
f 1486 1294 3068
f 1486 3068 247
f 2428 828 3069
f 1305 3069 1759
f 758 1724 3070
f 1392 3070 726
f 335 1356 3071
f 335 3071 2215
f 685 1660 3072
f 685 3072 1568
f 3111 470 3073
f 1164 3073 3527
f 339 1460 3074
f 2023 3074 815
f 2123 1008 3075
f 502 3075 1326
f 2313 1501 3076
f 2313 3076 746
f 2360 533 3077
f 1325 3077 1213
f 2046 499 3079
f 1142 3078 1950
f 3080 1143 3079
f 1142 3079 3078
f 2724 1143 3080
f 873 3080 2725
f 3014 1282 3081
f 541 3081 2600
f 3081 1282 3082
f 976 3082 1782
f 1624 957 3083
f 1624 3083 3099
f 1531 485 3084
f 1531 3427 649
f 3831 1238 3085
f 956 3085 2427
f 1914 2700 3086
f 406 3086 1917
f 562 2160 3087
f 562 3087 1645
f 2732 1780 3088
f 2732 3088 560
f 3748 609 3089
f 1139 3089 2356
f 1750 395 3090
f 987 3090 1384
f 3475 673 3091
f 1207 3091 987
f 987 1570 3092
f 987 3092 1207
f 1679 324 3093
f 1679 3093 2230
f 1773 817 3094
f 1773 3094 675
f 552 2869 3095
f 552 3095 2441
f 2791 1113 3096
f 2791 3096 1360
f 2889 1442 3097
f 2119 3097 991
f 1348 1737 3098
f 1348 3098 2175
f 3083 314 3099
f 1624 3634 694
f 1885 722 3100
f 1885 3100 3616
f 1579 432 3101
f 1579 3101 3103
f 3490 671 3102
f 952 3102 1722
f 616 1579 3103
f 616 3103 2993
f 1071 2828 3104
f 1071 3104 3492
f 1022 1665 3105
f 1022 3105 2303
f 1959 667 3106
f 2649 3106 1339
f 601 1536 3107
f 601 3107 1537
f 3107 974 3108
f 1537 3108 2972
f 3107 1536 3109
f 974 3109 1480
f 978 1637 3110
f 978 3110 1796
f 1796 470 3111
f 978 3111 3230
f 780 2320 3112
f 1560 3112 225
f 561 1680 3113
f 2550 3113 1177
f 2853 1260 3114
f 525 3114 1979
f 2170 2395 3115
f 1226 3120 3010
f 1817 528 3731
f 1073 3116 2569
f 3495 1031 3117
f 3693 1865 1188
f 3496 498 3118
f 1031 3118 2245
f 726 1724 3119
f 1218 3119 2272
f 1226 3115 3120
f 1535 3274 1091
f 1517 2113 3121
f 1517 3121 706
f 3126 962 3122
f 1558 3122 3825
f 1634 963 3123
f 1634 3123 457
f 1633 458 3124
f 1633 3124 3290
f 1631 325 3125
f 964 3125 1544
f 3299 1634 3126
f 629 3126 1558
f 3128 963 3127
f 1628 3127 342
f 1636 963 3128
f 631 3128 1628
f 3131 1557 3129
f 457 3129 1634
f 1626 380 3130
f 965 3130 1804
f 457 1630 3131
f 457 3131 3129
f 1629 628 3132
f 1629 3132 3309
f 632 1631 3133
f 632 3133 1630
f 2776 1462 3134
f 2128 3134 441
f 796 2006 3135
f 1655 3135 2991
f 1656 2014 3136
f 1656 3136 1072
f 1672 788 3137
f 1672 3137 323
f 3304 1024 3138
f 1475 3138 3591
f 3151 1704 3139
f 371 3139 1702
f 1312 1709 3140
f 1312 3140 2652
f 1887 405 3141
f 1887 3141 2931
f 2094 1362 3142
f 908 3142 1967
f 1907 1090 3143
f 531 3143 2559
f 1999 1090 3144
f 580 3144 2882
f 2666 868 3145
f 1546 3145 3160
f 1074 1664 3146
f 2583 3146 307
f 733 2017 3147
f 3271 365 1467
f 2068 505 3148
f 1314 3148 787
f 3472 626 3149
f 1521 3149 863
f 3110 611 3150
f 1796 3150 980
f 980 1704 3151
f 980 3151 1495
f 1796 980 3152
f 470 3152 3855
f 1898 696 3153
f 981 3153 2609
f 637 1707 3154
f 637 3154 1828
f 2146 1082 3155
f 1473 3155 812
f 1829 79 3156
f 1300 3156 2316
f 1005 1652 3157
f 1527 3157 73
f 328 1648 3158
f 328 3158 1349
f 2593 1164 3159
f 588 3159 1409
f 776 1546 3160
f 776 3160 2405
f 419 2126 3161
f 1025 3161 1669
f 2503 1746 3162
f 1744 3162 670
f 2422 1779 3163
f 354 3163 1824
f 1501 983 3164
f 593 3164 1502
f 1502 3164 3165
f 440 3165 3265
f 3805 1958 3166
f 522 3166 2531
f 2293 1448 3167
f 577 3167 3195
f 11 1994 3168
f 11 3168 10
f 2714 514 3169
f 1075 3169 3332
f 543 2541 3170
f 2958 3170 1518
f 979 2474 3171
f 3534 663 1567
f 1813 676 3172
f 1813 3172 2764
f 646 1311 3173
f 1411 3173 1610
f 388 2649 3174
f 388 3174 1506
f 2837 1266 3175
f 1499 3175 3067
f 2510 1452 3176
f 478 3176 1988
f 3768 621 3177
f 1364 3177 2903
f 2769 988 3178
f 2769 3178 366
f 679 1589 3179
f 679 3179 1469
f 1274 614 3180
f 1118 3180 1595
f 2109 515 3181
f 1039 3181 2270
f 2109 1039 3182
f 806 3182 2108
f 1453 1039 3183
f 1453 3183 3502
f 883 2335 3184
f 883 3184 2673
f 1847 752 3185
f 2150 3185 751
f 1506 2340 3186
f 1506 3640 2841
f 3270 1522 3187
f 2136 3187 604
f 1957 484 3188
f 986 3188 1647
f 3293 68 3189
f 986 3189 1857
f 1350 323 3190
f 994 3190 3191
f 698 1743 3191
f 698 3191 1890
f 1350 994 3192
f 551 3192 2554
f 3523 1178 3193
f 1740 3193 778
f 2544 1678 3194
f 1269 3194 3206
f 3167 1439 3195
f 577 3195 2605
f 2236 356 3196
f 3195 3196 1033
f 3352 1191 3197
f 1190 3197 2260
f 2007 779 3198
f 2007 3198 363
f 706 1823 3199
f 1863 3199 1716
f 833 2542 3200
f 833 3200 2541
f 1011 1514 3201
f 1011 3201 2178
f 2012 1353 3768
f 621 3202 1741
f 2201 1140 3203
f 312 3203 1366
f 1036 2418 3204
f 1036 3204 1533
f 3194 1269 3205
f 2544 3205 1677
f 3337 1269 3653
f 770 3206 2155
f 919 1822 3207
f 1597 3207 3004
f 1514 1011 3208
f 596 3208 2651
f 3625 352 3209
f 2060 3209 1398
f 3462 940 3210
f 1603 3210 638
f 713 1233 3211
f 713 3211 1939
f 3211 1233 3212
f 1085 3212 1903
f 2248 26 3213
f 2248 3213 1037
f 2097 1043 3214
f 2097 3214 348
f 944 1658 3215
f 2738 3410 999
f 2739 1541 3216
f 882 3216 1831
f 2854 567 3217
f 1372 3217 1583
f 2702 1267 3218
f 2702 3218 1411
f 1769 1130 3219
f 468 3219 2056
f 1961 1497 3220
f 1566 3220 3297
f 2431 526 3221
f 1264 3221 2906
f 1018 1770 3222
f 2156 3222 581
f 874 1780 3223
f 1554 3223 2929
f 2254 1021 3224
f 2254 3224 1395
f 1754 1527 3225
f 1754 3225 2800
f 1315 1666 3226
f 415 3226 2974
f 3054 1489 3227
f 1127 3685 2676
f 2319 1295 3228
f 1013 3228 2384
f 930 1644 3229
f 1608 3229 341
f 2752 978 3230
f 2593 3230 1164
f 590 1383 3231
f 590 3231 3284
f 3238 669 3232
f 1842 3232 1061
f 1244 2672 3233
f 1244 3786 421
f 1498 624 3234
f 1498 3234 2624
f 2470 1132 3235
f 2470 3235 585
f 3232 669 3236
f 1243 3236 2286
f 1658 1000 3237
f 1658 3237 475
f 1658 669 3238
f 1000 3238 1842
f 1842 319 3239
f 1000 3239 3844
f 2057 743 3240
f 1115 3240 1808
f 359 1615 3241
f 359 3241 2069
f 3366 1036 3242
f 373 3242 2695
f 810 1853 3243
f 1659 3243 726
f 1435 2633 3281
f 1336 3244 316
f 3039 1595 3245
f 2020 3245 3714
f 2341 826 3246
f 2341 3246 1943
f 2425 1441 3247
f 2425 3247 1040
f 1877 1023 3248
f 228 3248 1878
f 1714 652 3249
f 1714 3249 3250
f 459 1714 3250
f 459 3250 1948
f 329 1251 3251
f 1855 3251 707
f 471 1901 3252
f 471 3252 1799
f 1798 682 3253
f 1798 3253 1001
f 350 1765 3254
f 1520 3254 2722
f 2604 1240 3255
f 554 3255 2710
f 812 2265 3256
f 1283 3256 1757
f 641 1643 3257
f 1642 3512 379
f 1101 1661 3258
f 3546 1718 651
f 1781 976 3259
f 1781 3259 693
f 2195 771 3260
f 1133 3260 3030
f 2429 1208 3261
f 809 3261 2431
f 2552 861 3262
f 1762 3262 1345
f 2577 855 3263
f 2749 3263 1229
f 1526 688 3264
f 1526 3264 804
f 2161 1548 3265
f 2161 3265 3165
f 1652 1005 3266
f 1652 3266 2104
f 1527 625 3267
f 1005 3267 2292
f 1515 1004 3268
f 1515 3268 596
f 395 1750 3269
f 395 3269 3659
f 2714 1522 3270
f 514 3270 1296
f 1201 3147 3271
f 1201 3271 2072
f 2139 755 3272
f 2193 3272 1126
f 1535 1091 3273
f 1535 3273 2692
f 3120 546 3274
f 1091 3274 1727
f 2792 1151 3275
f 59 3275 58
f 2817 1167 3276
f 202 3276 57
f 1045 1767 3277
f 1045 3277 2497
f 2152 1397 3278
f 2152 3278 1199
f 899 2414 3279
f 2566 3279 1156
f 655 1664 3280
f 2157 3280 1074
f 3244 1336 3281
f 1435 3281 2708
f 1907 2242 3282
f 1090 3282 2635
f 2693 1676 3283
f 1749 3283 850
f 2820 590 3284
f 2504 3284 1243
f 431 2189 3285
f 431 3285 1963
f 3300 585 3286
f 1296 3286 2114
f 3289 1635 3287
f 1015 3287 3802
f 1804 1015 3288
f 631 3288 1636
f 3130 380 3289
f 1804 3289 1015
f 1804 631 3290
f 1804 3290 965
f 2546 1465 3291
f 1150 3820 2202
f 1607 3016 3292
f 413 3292 2202
f 1574 67 3293
f 2025 3293 986
f 1831 1550 3294
f 1831 3294 2829
f 356 1620 3295
f 356 3295 3196
f 1452 638 3296
f 3176 3296 1028
f 856 1566 3297
f 856 3297 1679
f 453 2362 3298
f 453 3298 2010
f 3126 629 3299
f 1634 3299 963
f 1359 585 3300
f 1359 3300 2099
f 3396 1014 3301
f 1767 3301 3277
f 857 1690 3302
f 2624 3302 545
f 347 1773 3329
f 1048 3303 2100
f 258 2875 3304
f 258 3304 257
f 1976 1207 3305
f 597 3305 2603
f 1229 735 3306
f 1229 3306 1102
f 1873 566 3307
f 1102 3307 1975
f 345 2012 3308
f 2115 3308 867
f 966 2013 3309
f 1629 3309 3338
f 1988 1028 3310
f 718 3310 1989
f 1602 402 3311
f 1028 3311 3310
f 1557 2848 3312
f 1557 3312 962
f 519 1511 3840
f 1175 3313 2796
f 1577 2606 3314
f 1577 3314 667
f 2134 1035 3315
f 2134 3315 767
f 1669 1035 3316
f 1669 3316 447
f 2905 1845 3317
f 606 3317 2524
f 2425 589 3318
f 1441 3318 2270
f 1152 2433 3319
f 1152 3319 1645
f 896 2558 3320
f 896 3320 2604
f 2074 1316 3321
f 739 3321 2073
f 752 1963 3322
f 752 3322 2167
f 763 1840 3323
f 763 3323 1459
f 3479 482 3324
f 1021 3324 2453
f 1197 2184 3325
f 2200 3325 291
f 1874 848 3326
f 1874 3326 549
f 948 2039 3327
f 2279 3327 101
f 3642 1246 3328
f 343 3328 2229
f 1944 347 3329
f 1048 3329 3303
f 3017 1670 3330
f 701 3330 1848
f 2675 1277 3331
f 875 3331 2720
f 3169 1076 3332
f 1075 3332 3493
f 1192 2413 3333
f 334 3333 3051
f 491 1915 3334
f 1092 3334 1914
f 521 2851 3335
f 521 3335 1794
f 527 2825 3336
f 527 3336 2670
f 3653 1523 3337
f 3205 3337 548
f 2915 1629 3338
f 1748 3338 1234
f 1787 472 3339
f 1787 3339 2742
f 1543 2777 3340
f 1543 3340 381
f 3679 1038 3341
f 1722 3341 325
f 1038 2355 3342
f 1038 3342 1544
f 484 1227 3343
f 484 3343 1805
f 484 1805 3344
f 484 3344 1647
f 1771 790 3345
f 1771 3345 3822
f 1643 641 3346
f 1643 3346 1042
f 3407 1173 3347
f 1983 3347 754
f 689 1861 3348
f 689 3348 1850
f 3350 1081 3349
f 627 3349 3493
f 1313 425 3350
f 1313 3350 3349
f 3149 626 3351
f 1081 3351 1843
f 569 2729 3352
f 2751 3352 1190
f 460 2145 3353
f 1715 3353 2482
f 2620 420 3354
f 1562 3354 714
f 469 1481 3355
f 469 3355 1788
f 3481 1223 3356
f 531 3356 1907
f 2588 842 3357
f 1210 3357 2990
f 2342 1093 3358
f 540 3358 1324
f 1612 1029 3359
f 1612 3359 718
f 1953 478 3360
f 1029 3360 3359
f 207 1518 3361
f 206 3361 2907
f 414 1968 3362
f 414 3362 1838
f 1833 608 3363
f 1833 3363 930
f 1508 1067 3364
f 501 3364 3372
f 645 1684 3365
f 1683 3565 487
f 2416 839 3366
f 2416 3366 373
f 3242 1036 3367
f 1700 3367 576
f 2764 1413 3368
f 313 3368 2607
f 1671 1058 3369
f 322 3369 1601
f 3853 1094 3370
f 321 3370 1473
f 3769 1761 3371
f 734 3371 1763
f 3373 501 3372
f 1383 3372 2267
f 2371 501 3376
f 1168 3373 1383
f 2267 1066 3374
f 319 3374 1685
f 1755 392 3375
f 1755 3375 1067
f 2614 889 3376
f 1168 3376 3373
f 1232 2628 3377
f 1232 3377 2522
f 916 2445 3378
f 1549 3378 2685
f 1886 1183 3379
f 1886 3379 345
f 1058 1625 3380
f 1058 3380 1600
f 2665 620 3381
f 1671 3381 1058
f 811 1995 3382
f 2236 3382 1760
f 3836 1136 3383
f 1960 3383 1427
f 498 2417 3384
f 498 3384 3118
f 2014 1185 3385
f 520 3385 2962
f 2467 1144 3386
f 411 3386 1732
f 1571 551 3387
f 2748 3387 1351
f 3466 376 3388
f 1946 3388 1040
f 758 1392 3389
f 1145 3389 1937
f 1151 2358 3390
f 3275 3390 242
f 2945 456 3391
f 1511 3391 3313
f 2154 1070 3392
f 594 3392 1436
f 3824 2026 3393
f 1257 3393 1438
f 605 1534 3394
f 605 3394 3204
f 3396 1839 3395
f 1014 3395 1838
f 474 1839 3396
f 1767 3396 3301
f 2450 1059 3397
f 379 3397 1642
f 485 1982 3398
f 485 3398 1600
f 894 2110 3399
f 1991 3399 1343
f 2802 1581 3400
f 2802 3400 891
f 2803 891 3401
f 1306 3402 2673
f 1306 3401 3402
f 532 3402 1992
f 1125 1524 3403
f 1125 3403 1992
f 2148 1294 3404
f 2148 3404 1266
f 2634 1294 3405
f 2634 3405 113
f 1082 2349 3406
f 1082 3406 2265
f 2394 364 3407
f 1347 3407 3347
f 2487 1498 3408
f 1173 3408 1985
f 866 1700 3409
f 2697 3409 1370
f 475 1859 3410
f 3215 3410 2738
f 1428 2750 3411
f 849 3411 2612
f 3333 334 3412
f 1192 3412 3416
f 334 1237 3413
f 3412 3413 1193
f 1237 612 3414
f 3413 3414 1193
f 2439 1313 3415
f 1192 3415 2413
f 3707 558 3416
f 1193 3416 3412
f 856 2466 3417
f 2367 3417 1440
f 3419 1458 3418
f 1391 3418 3680
f 3609 1458 3419
f 619 3419 2914
f 1172 2044 3420
f 1172 3420 3827
f 3599 1318 3421
f 954 3421 3043
f 530 1942 3422
f 530 3422 1422
f 2223 435 3752
f 1105 3423 3424
f 1811 1105 3424
f 1811 3424 817
f 2177 416 3425
f 2177 3425 1010
f 1551 385 3426
f 2048 3426 1060
f 3084 1060 3427
f 649 3427 1650
f 2132 650 3428
f 2132 3428 957
f 1701 2982 3429
f 664 3429 1945
f 675 1775 3430
f 675 3430 1774
f 3430 1049 3431
f 1774 3431 397
f 2956 1361 3432
f 787 3432 3644
f 1929 479 3433
f 1052 3433 2088
f 2907 1006 3434
f 2643 3434 1217
f 46 47 3435
f 2363 3435 1149
f 2213 526 3436
f 2213 3436 759
f 2256 1054 3437
f 2256 3437 1187
f 3443 2080 3438
f 1054 3438 1814
f 2040 598 3439
f 1270 3439 3795
f 2650 979 3440
f 2650 3440 376
f 1731 1144 3441
f 1731 3441 499
f 2083 384 3442
f 2083 3442 1034
f 744 2080 3443
f 2256 3443 1054
f 3445 1053 3444
f 1929 3444 479
f 1928 1053 3445
f 703 3445 3864
f 1860 664 3446
f 1860 3446 1053
f 3458 1088 3447
f 1588 3447 2849
f 1814 1055 3448
f 1814 3448 3692
f 397 1815 3449
f 397 3449 1774
f 3794 1194 3450
f 1826 3450 1460
f 2391 410 3451
f 2391 3451 1280
f 2501 223 3452
f 1084 3452 2320
f 2835 493 3453
f 1087 3453 2344
f 2241 1087 3454
f 2241 3454 362
f 1946 1040 3455
f 1946 3455 661
f 1050 1875 3456
f 2463 3456 1388
f 2108 1453 3457
f 578 3457 2397
f 3447 1588 3458
f 2641 3458 434
f 3531 1121 3459
f 3458 3459 434
f 1104 1692 3460
f 1104 3460 1947
f 2977 389 3461
f 2977 3461 2438
f 338 1848 3462
f 1603 3462 3210
f 3618 407 3463
f 1784 3463 1095
f 2261 1056 3464
f 2261 3464 391
f 3467 1057 3465
f 1735 3465 661
f 1409 376 3466
f 1057 3466 1946
f 1735 504 3467
f 1735 3467 3465
f 2826 1379 3468
f 557 3468 2691
f 1285 2728 3469
f 3482 1890 323
f 2790 1360 3470
f 907 3470 1871
f 3344 1805 3471
f 2089 3471 687
f 1521 1091 3472
f 1521 3472 3149
f 1068 2286 3473
f 1068 3473 3474
f 2889 2755 3474
f 944 3474 2888
f 1207 1976 3475
f 1207 3475 3091
f 853 2038 3476
f 1868 3476 339
f 1737 390 3477
f 1176 3477 2663
f 3684 1742 3478
f 1176 3478 3520
f 721 1461 3479
f 1412 3479 3324
f 1823 934 3480
f 1823 3480 654
f 760 1223 3481
f 1675 3481 3638
f 1285 3469 3482
f 1285 3482 3137
f 636 1880 3483
f 1648 3483 825
f 1744 670 3484
f 1785 3484 1423
f 848 1687 3485
f 848 3485 2386
f 844 2381 3486
f 2637 3486 1579
f 795 2314 3487
f 2574 3487 909
f 1801 1687 3488
f 1801 3488 2223
f 295 296 3489
f 2191 3489 1146
f 845 2452 3490
f 1723 3490 3102
f 1570 1384 3491
f 3019 3491 575
f 2903 1071 3492
f 2666 3492 868
f 3349 1487 3493
f 627 3493 3332
f 679 1591 3494
f 679 3494 1614
f 1786 1138 3495
f 1786 3495 3117
f 1920 498 3496
f 1138 3496 3495
f 2618 332 3497
f 1138 3497 1612
f 2601 1078 3498
f 920 3498 2757
f 2333 645 3499
f 2333 3499 1242
f 971 3055 3500
f 971 3500 3056
f 943 1921 3501
f 1575 3501 2520
f 3457 1453 3502
f 937 3502 2536
f 100 2039 3503
f 99 3503 2388
f 368 2503 3504
f 368 3504 1513
f 1940 1939 3505
f 1940 3505 216
f 1027 1864 3506
f 1805 3506 3471
f 633 1601 3507
f 633 3507 3784
f 3632 1740 3508
f 1246 3508 3328
f 255 2074 3509
f 2033 3509 2893
f 2606 240 3510
f 1200 3510 2358
f 297 298 3511
f 297 3511 2481
f 1642 3257 3512
f 379 3512 1808
f 1643 488 3513
f 1643 3513 3257
f 825 1880 3514
f 1287 3514 1841
f 1858 686 3515
f 1077 3515 2766
f 1858 1077 3516
f 506 3516 3604
f 427 1844 3517
f 1832 3517 1206
f 1481 597 3518
f 1481 3518 3355
f 933 1611 3519
f 2456 3519 884
f 2174 1737 3520
f 2174 3520 519
f 1110 1896 3521
f 1898 3521 696
f 3031 1147 3522
f 570 3522 3764
f 3193 559 3523
f 1178 3523 2093
f 3723 1673 3524
f 715 3524 2063
f 2096 651 3525
f 2096 3525 1097
f 454 1372 3526
f 2711 3526 925
f 3073 979 3527
f 1164 3527 3159
f 2262 506 3528
f 2262 3528 1056
f 2130 568 3529
f 1204 3529 2792
f 765 2781 3530
f 2210 3530 3639
f 1400 1121 3531
f 572 3531 1588
f 3533 1145 3532
f 2309 3532 838
f 2190 1145 3533
f 293 3533 292
f 1374 3171 3534
f 1374 3534 2938
f 1664 1663 3535
f 1664 3535 306
f 1839 474 3536
f 1079 3536 2376
f 1839 1079 3537
f 1839 3537 684
f 2313 746 3538
f 1445 3538 2106
f 2806 2040 3539
f 528 3539 2935
f 2353 1245 3540
f 281 3540 280
f 3525 651 3541
f 1821 3541 3630
f 683 1752 3542
f 683 3542 1512
f 1717 507 3543
f 1096 3543 1432
f 1970 1101 3544
f 384 3544 3566
f 1970 644 3545
f 1101 3545 1661
f 1101 3258 3546
f 1101 3546 2096
f 416 1464 3547
f 416 3547 1969
f 3705 1864 3548
f 2608 3548 1027
f 2000 1109 3549
f 2000 3549 664
f 751 1614 3550
f 751 3550 2149
f 1699 678 3551
f 1080 3551 3550
f 1699 1080 3552
f 1699 3552 396
f 3554 1154 3553
f 2179 3553 998
f 2927 1154 3554
f 481 3554 2179
f 2707 1154 3555
f 2534 3555 845
f 2842 1103 3556
f 2842 3556 1444
f 3556 1103 3557
f 1692 3557 3460
f 467 2207 3558
f 467 3558 2511
f 2740 1267 3559
f 841 3559 2653
f 3430 1775 3560
f 1049 3560 2029
f 1716 654 3561
f 1096 3561 1717
f 1716 1096 3562
f 409 3562 3734
f 869 1419 3563
f 2619 3563 37
f 3769 734 3564
f 1622 3564 2294
f 3525 1821 3565
f 1097 3565 3365
f 3544 2096 3566
f 384 3566 3442
f 1077 2766 3567
f 1701 3567 2982
f 1553 1089 3568
f 738 3568 1779
f 1119 1905 3569
f 1119 3569 1927
f 714 1949 3570
f 714 3570 1927
f 1949 492 3571
f 1119 3571 1906
f 1474 1517 3572
f 1474 3572 529
f 951 2026 3573
f 2121 3573 212
f 550 2943 3574
f 1198 3574 2156
f 2801 960 3575
f 2801 3575 1117
f 1342 2334 3576
f 1342 3576 2160
f 2629 1769 3577
f 1734 3577 801
f 601 1537 3578
f 1538 3578 2928
f 1219 2597 3579
f 3699 3698 1137
f 2285 320 3580
f 2285 3580 901
f 217 2368 3581
f 217 3581 216
f 422 1678 3582
f 422 3582 2239
f 876 2762 3583
f 2763 3583 708
f 740 2005 3584
f 2003 3584 2814
f 1837 1212 3585
f 1837 3585 560
f 1837 704 3586
f 1212 3586 3011
f 3665 1159 3587
f 2423 3587 583
f 1641 1582 3588
f 1641 3588 2051
f 373 2695 3589
f 373 3589 3383
f 2173 1577 3590
f 1106 3590 1959
f 2780 1475 3591
f 1316 3591 1424
f 903 2233 3592
f 1552 3592 2886
f 287 288 3593
f 287 3593 2196
f 2878 1166 3594
f 2878 3594 2087
f 748 2059 3595
f 748 3595 1695
f 2466 647 3596
f 2466 3596 923
f 783 2259 3597
f 2151 3597 1114
f 602 2505 3598
f 2698 3598 1894
f 2647 563 3599
f 2647 3599 1408
f 1884 445 3600
f 1884 3600 915
f 2746 497 3601
f 3602 1724 758
f 1146 3601 3602
f 1146 3602 2191
f 3516 1077 3603
f 1109 3603 1701
f 3603 1109 3604
f 506 3604 3528
f 3203 1140 3605
f 3203 3605 1366
f 2402 837 3606
f 1317 3606 3021
f 3608 1106 3607
f 503 3607 1959
f 985 1932 3608
f 985 3608 2879
f 3610 1458 3609
f 1459 3609 2107
f 2308 1458 3610
f 381 3825 3122
f 1069 2071 3611
f 2742 3611 512
f 3614 1158 3612
f 1703 3612 2052
f 3837 2019 3613
f 600 3613 2971
f 2027 1158 3614
f 372 3614 1703
f 2371 1623 3615
f 2371 3615 1508
f 3770 462 3616
f 1733 3616 3100
f 697 2444 3617
f 697 3617 1893
f 1026 2089 3618
f 1784 3618 3463
f 1596 672 3619
f 2274 3619 853
f 2805 1490 3620
f 893 3620 2040
f 782 2299 3621
f 782 3621 2506
f 2645 1108 3622
f 455 3622 1425
f 3624 1425 3623
f 587 3623 2442
f 2786 1425 3624
f 1404 3624 2551
f 1044 2198 3625
f 1705 3625 3209
f 993 2681 3626
f 993 3626 2933
f 487 1916 3627
f 487 3627 1668
f 1916 1099 3628
f 695 3628 2113
f 3086 1098 3629
f 1917 3629 695
f 3565 1821 3630
f 487 3630 1916
f 2204 1516 3631
f 2204 3631 2158
f 3643 559 3632
f 1246 3632 3508
f 3499 645 3633
f 2159 3633 1107
f 1624 3099 3634
f 694 3634 2700
f 1604 2632 3635
f 895 3635 2957
f 76 77 3636
f 1153 3636 2657
f 1153 2657 3637
f 1153 3637 2199
f 2781 1675 3638
f 1216 3638 2559
f 3530 1216 3639
f 2210 3639 419
f 1506 3186 3640
f 843 3640 2441
f 2187 773 3641
f 1141 3641 1559
f 2187 1141 3642
f 343 3642 3328
f 1559 1401 3643
f 1141 3643 3632
f 2118 787 3644
f 1147 3644 1998
f 2412 794 3645
f 3646 1484 331
f 1491 3645 3646
f 1491 3646 3795
f 1265 3261 3647
f 418 3647 2301
f 3250 1003 3648
f 1948 3648 712
f 1827 403 3649
f 1827 3649 744
f 2827 1167 3650
f 1362 3650 3142
f 1985 545 3651
f 1985 3651 1984
f 1467 1865 3652
f 603 3652 2245
f 1269 3206 3653
f 1523 3653 2224
f 3664 642 3654
f 1532 3654 1834
f 3040 1258 3655
f 2318 3655 808
f 958 2662 3656
f 1818 3656 1120
f 2024 380 3657
f 2457 3657 899
f 3742 710 3658
f 1889 3658 860
f 3269 1185 3659
f 395 3659 1639
f 2261 391 3660
f 3661 2775 607
f 1352 3660 3661
f 1352 3661 1541
f 252 2287 3662
f 1618 3662 1225
f 2768 2455 3663
f 1355 3663 2630
f 3654 1532 3664
f 642 3664 2271
f 2423 908 3665
f 1159 3665 1967
f 2783 2898 3666
f 393 3666 1494
f 1111 1891 3667
f 1111 3667 3835
f 1891 1111 3668
f 698 3668 2360
f 2360 1111 3669
f 533 3669 2380
f 1085 2411 3670
f 1939 3670 215
f 821 2532 3671
f 821 3671 2877
f 3673 401 3672
f 1274 3672 1851
f 2303 401 3673
f 1205 3673 2219
f 894 1991 3674
f 894 3674 2838
f 3053 666 3675
f 1489 3675 2703
f 708 1883 3676
f 708 3676 1882
f 1883 374 3677
f 1113 3677 3096
f 1002 1756 3678
f 2176 3678 471
f 671 2022 3679
f 1722 3679 3341
f 3681 1391 3680
f 1194 3680 3450
f 2448 1391 3681
f 443 3681 1973
f 3500 561 3682
f 1155 3682 3812
f 2836 1393 3683
f 544 3831 3036
f 680 1742 3684
f 2663 3684 1176
f 1127 3227 3685
f 2676 3685 24
f 2295 1116 3686
f 2295 3686 1918
f 2263 311 3687
f 2263 3687 2686
f 941 2176 3688
f 941 3688 3046
f 1719 1157 3689
f 495 3689 1734
f 1699 2091 3690
f 1548 3690 742
f 836 2055 3691
f 836 3691 2939
f 1054 1814 3692
f 1813 3692 676
f 516 3117 3693
f 516 3693 2891
f 2209 1025 3694
f 2874 3694 912
f 1045 2336 3695
f 2727 3695 2758
f 2507 1283 3696
f 482 3696 1596
f 1068 1776 3697
f 1068 3697 2286
f 3699 1466 3698
f 1137 3698 2417
f 402 3579 3699
f 402 3699 1989
f 685 2950 3700
f 685 3700 3012
f 3645 2283 3701
f 1123 3701 1971
f 2582 1198 3702
f 383 3702 1479
f 494 1986 3703
f 494 3703 1881
f 1986 687 3704
f 1122 3704 3705
f 1605 1122 3705
f 361 3705 3548
f 511 2165 3706
f 2255 3706 2238
f 2615 558 3707
f 1623 3707 1193
f 2694 1599 3708
f 2694 3708 1776
f 955 1798 3709
f 1791 3709 400
f 3781 1174 3710
f 1335 3710 2514
f 1830 1132 3711
f 1830 3711 1443
f 326 1860 3712
f 326 3712 1928
f 2056 1768 3713
f 2056 3713 3730
f 2281 1196 3714
f 614 3714 3245
f 568 2130 3715
f 568 3715 3850
f 2093 390 3716
f 1178 3716 1990
f 12 13 3717
f 1231 3717 2294
f 2436 1224 3718
f 567 3718 3217
f 2136 604 3719
f 3718 3719 1373
f 639 2519 3720
f 2071 3720 1083
f 81 82 3722
f 1163 3721 3723
f 1163 2316 3722
f 1163 3722 3721
f 715 1956 3723
f 715 3723 3524
f 2720 1584 3724
f 875 3724 1729
f 594 1436 3725
f 1437 3725 2789
f 3701 494 3726
f 1971 3726 3727
f 582 1971 3727
f 582 3727 1417
f 2201 712 3728
f 2201 3728 1140
f 1947 496 3729
f 1140 3729 3605
f 468 2056 3730
f 468 3730 1751
f 3116 1073 3731
f 3116 3731 528
f 953 2773 3732
f 1471 3732 3045
f 2249 1129 3733
f 705 3733 1795
f 2269 409 3734
f 1129 3734 3733
f 271 2070 3735
f 271 3735 270
f 709 2359 3736
f 709 3736 2105
f 2303 1205 3737
f 625 3737 3267
f 309 1569 3738
f 308 3738 2583
f 3720 2519 3739
f 1083 3739 2158
f 1519 1981 3740
f 1402 3740 1980
f 1911 312 3741
f 1911 3741 1110
f 2793 1888 3742
f 1889 3742 3658
f 595 3062 3743
f 1414 3743 2098
f 330 2872 3744
f 330 3744 2646
f 1041 3285 3745
f 2035 3745 762
f 492 2195 3746
f 492 3746 1906
f 1906 1133 3747
f 1906 3747 700
f 1666 609 3748
f 1666 3748 3226
f 1528 1434 3749
f 1528 3749 1930
f 1836 1507 3750
f 1836 3750 2132
f 854 2646 3751
f 2647 3751 563
f 435 3423 3752
f 2223 3752 1942
f 2079 1729 3753
f 2079 3753 724
f 2170 429 3815
f 1256 3754 3017
f 1214 2862 3755
f 2030 3755 85
f 2537 1134 3756
f 2537 3756 1323
f 2143 572 3757
f 1134 3757 1513
f 1226 1966 3758
f 1226 3758 2170
f 3559 2715 3759
f 1161 3759 2528
f 1213 430 3760
f 1325 3760 1743
f 1093 2087 3761
f 1093 3761 3358
f 1554 2929 3762
f 729 3762 2036
f 1457 2785 3763
f 689 3763 1861
f 3331 1277 3764
f 1406 3764 3522
f 399 2794 3765
f 1487 3765 3493
f 1299 2305 3766
f 608 3766 2471
f 1923 369 3767
f 1923 3767 827
f 3202 621 3768
f 2012 3768 1364
f 3371 734 3769
f 1761 3769 2834
f 3616 1733 3770
f 2770 3770 3773
f 2045 803 3771
f 2045 3771 3772
f 3771 1143 3772
f 2045 3772 444
f 1719 901 3773
f 1719 3773 1157
f 1733 656 3774
f 1157 3774 3689
f 1456 2157 3775
f 424 3775 1834
f 340 2224 3776
f 1239 3776 2765
f 261 262 3777
f 2169 3777 1610
f 1010 1739 3778
f 1010 3778 2177
f 960 2220 3779
f 3575 3779 1778
f 911 1500 3780
f 2819 3780 274
f 2214 1174 3781
f 417 3781 2188
f 759 1509 3782
f 759 3782 2214
f 3320 1298 3783
f 1240 3783 2069
f 3507 1600 3784
f 633 3784 2450
f 2183 427 3785
f 1504 3785 2062
f 3233 1308 3786
f 3233 3786 1244
f 2599 858 3787
f 1590 3787 679
f 2739 882 3788
f 1693 3788 1381
f 256 2780 3789
f 256 3789 255
f 2041 63 3790
f 2041 3790 1148
f 1215 2480 3791
f 665 3791 1387
f 3348 1861 3792
f 1149 3792 2733
f 673 2047 3793
f 1750 3793 3269
f 1826 814 3794
f 1194 3794 1973
f 2934 1270 3795
f 331 3795 3646
f 732 1639 3796
f 732 3796 2014
f 1902 1220 3797
f 692 3797 2940
f 1919 709 3798
f 1919 3798 1220
f 2011 510 3799
f 2011 3799 1171
f 681 2011 3800
f 681 3800 1792
f 330 1792 3801
f 330 3801 2212
f 3288 1015 3802
f 1636 3802 457
f 1379 1585 3804
f 1222 3803 1958
f 1895 333 3804
f 1222 3804 3803
f 2218 1222 3805
f 2218 3805 522
f 295 2191 3806
f 294 3806 2190
f 349 1698 3807
f 1501 3807 983
f 1051 2408 3808
f 1945 3808 3444
f 1585 1230 3809
f 643 3809 1599
f 557 2821 3810
f 557 3810 2826
f 2821 992 3811
f 3810 3811 1230
f 3682 1160 3812
f 1155 3812 2454
f 3660 391 3813
f 1160 3813 2120
f 2063 1214 3814
f 2063 3814 565
f 3754 1256 3815
f 3754 3815 429
f 990 1681 3816
f 990 3816 2335
f 1844 720 3817
f 3517 3817 1206
f 1437 3020 3818
f 1341 3818 3018
f 791 1794 3819
f 791 3819 2641
f 584 2378 3820
f 3291 3820 1150
f 2180 1217 3821
f 2180 3821 574
f 3345 327 3822
f 1771 3822 1373
f 2897 1633 3823
f 2897 3823 961
f 211 2026 3824
f 210 3824 1257
f 3323 1558 3825
f 1459 3825 3610
f 608 2471 3826
f 1644 3826 3047
f 2882 1172 3827
f 949 3827 2883
f 2042 934 3863
f 1934 3828 344
f 2909 1609 3829
f 1007 3829 2206
f 2685 446 3830
f 1303 3830 1707
f 544 3683 3831
f 3036 3831 956
f 2807 632 3832
f 1221 3832 2024
f 2103 1221 3833
f 2103 3833 745
f 3667 1278 3835
f 1255 3834 2394
f 1278 3834 3835
f 1111 3835 3669
f 2245 1136 3836
f 2245 3836 603
f 1672 1350 3837
f 600 3837 3613
f 6 7 3838
f 1482 3838 1660
f 3500 1155 3839
f 411 3839 3015
f 1720 519 3840
f 1175 3840 3313
f 1807 448 3841
f 1166 3841 3594
f 1873 735 3842
f 1873 3842 1300
f 576 1802 3843
f 1370 3843 2054
f 3239 1431 3844
f 1000 3844 3237
f 1617 542 3845
f 1617 3845 1245
f 3597 2259 3846
f 1114 3846 2329
f 721 2002 3847
f 1712 3847 1396
f 2473 633 3848
f 1346 3848 2778
f 1299 2450 3849
f 1299 3849 2305
f 3032 568 3850
f 3032 3850 1200
f 2482 832 3851
f 2482 3851 1717
f 1129 2249 3852
f 2498 3852 486
f 969 1787 3853
f 2797 3853 3370
f 1721 674 3854
f 1721 3854 1175
f 3073 470 3855
f 3073 3855 979
f 1361 3009 3856
f 1361 3856 3432
f 1982 1531 3857
f 1982 3857 641
f 723 1954 3858
f 2461 3858 1747
f 2322 1020 3859
f 2322 3859 539
f 554 2710 3860
f 554 3860 2870
f 733 2015 3861
f 2687 3861 1203
f 2004 740 3862
f 2004 3862 1179
f 737 2042 3863
f 1934 3863 3828
f 1930 703 3864
f 1930 3864 1052
f 194 6219 7575
f 6219 5909 4657
f 5503 7113 7364
f 7113 4331 5502
f 7282 5369 6361
f 6485 5605 192
f 5605 5870 4638
f 6541 4196 5562
f 7509 4300 5176
f 36 6185 6658
f 5281 6840 185
f 7331 4295 5710
f 6704 4027 5040
f 6048 3902 5465
f 7597 5512 183
f 5707 4130 7048
f 5927 3939 7039
f 180 181 5691
f 5321 6548 6651
f 6090 75 74
f 66 5367 67
f 6961 3996 6477
f 7117 4251 5684
f 6348 7284 6686
f 5441 71 6178
f 5139 7117 5684
f 5709 3997 7196
f 6122 69 68
f 7026 4110 6638
f 6892 6727 4667
f 5765 3951 5098
f 5690 5419 173
f 5048 6134 6599
f 6713 4516 6256
f 5957 4368 5157
f 5418 5957 170
f 6322 4612 5055
f 6725 4368 5418
f 6121 7165 63
f 5924 4368 5757
f 6892 4667 5233
f 5704 4280 5231
f 7445 7444 5927
f 5357 167 168
f 6121 4944 7165
f 6400 5321 76
f 7612 4910 6760
f 6911 4155 5864
f 6457 4217 6683
f 4537 5864 6795
f 5045 6114 4670
f 5714 4766 7225
f 6681 4537 5714
f 1 3865 3866
f 6012 59 58
f 6012 58 159
f 7225 4766 5729
f 7364 44 43
f 6890 4645 6528
f 7214 5637 4461
f 6221 5166 5909
f 6903 4813 7233
f 7509 6380 5199
f 5359 6545 6169
f 7486 4135 5697
f 4864 5463 199
f 5333 4689 6281
f 49 48 5590
f 5575 189 190
f 5481 6528 5463
f 6990 7061 5089
f 5463 4864 5481
f 5710 4295 5505
f 6990 4326 5589
f 6658 4586 5546
f 4864 199 200
f 6151 4216 7088
f 6467 4640 5695
f 6971 5700 5666
f 6249 5670 201
f 5536 4530 4922
f 52 4961 6467
f 7506 32 7212
f 4801 5670 6249
f 5623 4254 5168
f 5695 55 54
f 6821 27 26
f 6249 57 56
f 5643 4488 5826
f 5679 4023 6046
f 6389 3968 5105
f 6378 5643 3898
f 6469 22 5873
f 5900 3894 3895
f 5007 4270 4888
f 5983 4113 5852
f 5299 4112 6049
f 6461 5474 3975
f 6439 5344 19
f 6731 3890 3891
f 5878 5223 4047
f 7387 5019 6953
f 6352 4268 7398
f 6080 6357 3885
f 5797 4971 7490
f 5638 4637 6439
f 6259 4191 6142
f 5908 3887 7490
f 6801 4186 5592
f 6916 4190 5828
f 6357 3883 3884
f 6915 4607 6505
f 6915 6505 4191
f 5008 4086 5665
f 7324 5379 6103
f 7340 4779 6992
f 6253 4452 5664
f 20 19 5344
f 6024 4779 6187
f 7273 4348 5018
f 6372 4511 5260
f 7333 5597 3879
f 6371 6024 10
f 6091 3892 5058
f 3879 5597 7273
f 7409 7306 4317
f 6858 5007 4888
f 6383 4097 5855
f 5385 4283 7022
f 5935 3946 4939
f 5826 3897 5643
f 5768 5158 6
f 6454 5341 3872
f 7561 4888 5313
f 5768 4427 5158
f 5855 4097 7101
f 4693 6378 5096
f 7521 5054 4361
f 6235 3871 3872
f 6241 3950 5173
f 6006 4 3
f 5328 7350 7351
f 7523 4042 5054
f 7456 7493 5424
f 4693 5159 5613
f 3871 5328 3870
f 5932 5112 29
f 7417 6423 2
f 6626 4764 5910
f 5586 3998 7367
f 5464 3988 5014
f 7417 2 1
f 6626 5910 3867
f 7083 6529 186
f 4841 7301 5867
f 7417 1 3866
f 5298 4001 6102
f 6335 4999 79
f 5403 3947 4857
f 3907 5530 6347
f 6082 6780 4754
f 6347 3906 3907
f 6652 4219 4999
f 7604 4203 5143
f 6335 79 78
f 5530 3907 3908
f 6205 82 81
f 5682 6641 7154
f 6998 4127 5581
f 6385 4558 6384
f 6913 4838 7327
f 6854 3911 3912
f 5136 4387 5548
f 4912 5307 4474
f 6096 3984 4885
f 5226 3912 3913
f 5548 4387 4983
f 5388 3914 3915
f 4983 6846 87
f 7494 4605 6375
f 6846 88 87
f 5337 4167 7553
f 6278 91 90
f 6052 3916 3917
f 5585 3984 6757
f 7425 4095 5163
f 6278 6540 91
f 5453 6364 3919
f 7291 4166 6809
f 5785 3965 4891
f 5767 4367 5264
f 6193 3922 6040
f 5264 4367 5718
f 6431 4418 6001
f 7460 6030 4242
f 6040 3922 3923
f 5339 97 6029
f 6040 4810 6193
f 6797 5339 4519
f 6640 4024 5354
f 7211 3978 5206
f 6323 4067 7147
f 5761 100 99
f 5515 4541 5934
f 5170 4291 5364
f 5090 5708 3928
f 5596 6970 7395
f 6576 5090 4284
f 4790 7450 5522
f 6936 4291 5363
f 6492 5447 107
f 7388 3930 3931
f 7161 5941 106
f 6576 4284 7559
f 5752 4076 4914
f 5447 6480 108
f 5577 7529 109
f 5410 4763 6324
f 6480 109 108
f 6844 5410 3932
f 5663 4763 6424
f 5663 112 111
f 6424 112 5663
f 6844 4763 5410
f 113 7416 114
f 3934 3935 114
f 6444 7604 5143
f 5281 4869 7330
f 6068 4605 5863
f 6278 4902 6540
f 5350 5797 3889
f 5564 4081 6442
f 5927 4947 5928
f 6122 6226 5073
f 5605 4638 6868
f 6267 4027 4878
f 3904 4943 3903
f 6113 6630 5209
f 7456 31 30
f 5236 3936 4954
f 6928 6279 4049
f 6073 84 83
f 4931 3951 5996
f 5648 4083 4922
f 5934 3924 3925
f 5761 4769 7084
f 7046 5362 5457
f 4900 3953 5466
f 6393 4532 7103
f 5295 4069 6571
f 5917 4107 7515
f 6660 4702 5343
f 6882 4861 6355
f 6090 6400 75
f 6815 4006 5251
f 5900 6309 3894
f 5329 3974 6741
f 6511 177 178
f 5624 4116 5830
f 7176 3943 7160
f 6397 5191 6396
f 4851 5425 5903
f 6619 7057 5939
f 6217 3941 5167
f 5549 4612 6339
f 7467 6734 4886
f 5931 6914 7178
f 6773 4169 5970
f 7172 4171 6248
f 6512 4124 5221
f 5546 6622 38
f 5242 4123 7276
f 5319 4055 6237
f 7303 4022 6137
f 5942 4044 5141
f 5787 4561 5383
f 7032 4898 5472
f 5345 5439 7098
f 6648 3962 5145
f 5851 4024 4892
f 5702 7586 5358
f 7324 3883 5379
f 6207 3900 3901
f 4468 6835 6241
f 5067 5977 4627
f 7024 5902 3962
f 5540 3966 7110
f 6886 4831 6013
f 5303 3967 5493
f 7412 7599 5473
f 5700 4570 5790
f 4269 5273 5617
f 5485 4298 5070
f 5661 3942 5556
f 6623 4092 5518
f 7394 3937 5291
f 6294 6779 4527
f 5778 5090 3929
f 6177 3972 5318
f 7475 4245 7200
f 6283 7 5158
f 6748 5997 3875
f 6507 4082 6635
f 5604 5928 7440
f 7157 4047 5078
f 5638 18 17
f 6685 4031 5148
f 7500 4329 4956
f 6627 4128 5763
f 6991 4751 5834
f 6029 96 5264
f 7551 4053 5355
f 4390 5831 4842
f 5013 6841 5966
f 7320 4065 6118
f 6863 4091 5533
f 6871 4356 5183
f 6165 5454 5865
f 5203 3982 5664
f 6663 4096 5511
f 6205 4602 7204
f 7319 4003 6544
f 5889 6757 5286
f 7211 5565 3978
f 6633 4550 5057
f 6254 3963 5081
f 6629 3986 5687
f 6690 4707 6459
f 6656 5297 7035
f 6900 6899 4304
f 7248 3988 6678
f 5992 4739 7261
f 6214 5583 3989
f 6517 4180 7344
f 7410 7411 6246
f 4824 6986 6161
f 6220 4748 5646
f 6145 4025 6738
f 5068 3992 6373
f 4472 6020 5332
f 4878 4027 5645
f 6754 4621 6943
f 7006 4299 5401
f 6206 3913 3914
f 6897 5840 3995
f 5270 7228 5885
f 6028 4136 7241
f 6939 4647 6937
f 6311 4965 5326
f 5441 6163 72
f 6654 3998 5586
f 5317 5318 4521
f 6916 6917 4941
f 6258 5638 17
f 5235 4136 5994
f 5265 3957 4953
f 5171 4001 6306
f 4746 6955 5554
f 6276 6188 4207
f 7531 4005 5168
f 5662 4860 5856
f 6794 4319 5144
f 7585 5123 6086
f 6305 4639 5354
f 6403 4005 5256
f 6987 4375 5571
f 5140 4006 6581
f 5111 5676 6292
f 6837 4079 5506
f 6262 5453 3920
f 5626 4036 7485
f 7463 4025 6559
f 5010 4175 5929
f 6343 4656 6039
f 7059 5193 5395
f 6772 4385 5809
f 6830 4011 6760
f 6114 61 60
f 5330 5306 7121
f 6265 175 176
f 5312 4515 6420
f 7511 3991 5926
f 4640 4961 5915
f 5507 5508 6838
f 5957 169 170
f 5083 3955 6134
f 7329 6097 4146
f 5475 4695 6930
f 7195 4017 6215
f 5816 4194 5517
f 7016 4018 7584
f 5550 5930 7131
f 5505 4019 7544
f 4964 6961 6477
f 4698 6474 5444
f 6987 4046 5602
f 7009 4282 6826
f 5737 7372 5626
f 5479 7538 5094
f 6876 5278 4017
f 6460 4270 7392
f 5998 4032 5106
f 7578 4126 6586
f 7507 5923 4218
f 7285 4272 5334
f 6630 6113 7136
f 6541 4949 6429
f 6263 6708 5780
f 5346 5645 6515
f 5211 4814 5039
f 6548 4631 5525
f 5885 4436 6229
f 5461 4063 6519
f 5266 6374 7262
f 6565 4071 5429
f 6569 4682 6291
f 6685 5719 4031
f 6999 4893 5621
f 6999 4165 4893
f 6280 3942 6605
f 7079 5003 5856
f 5966 4004 5198
f 6729 4034 5499
f 7273 5018 3878
f 4951 4635 6827
f 5342 4905 6907
f 5087 5188 4350
f 6443 4021 7186
f 4994 4037 6325
f 6373 3992 7528
f 7173 4829 7495
f 6458 4077 5960
f 49 5590 5089
f 6120 4853 5322
f 5335 5522 6344
f 7084 5596 101
f 4335 6606 4992
f 5159 5373 4052
f 7193 4275 4940
f 5328 4940 3870
f 7210 5593 4284
f 7428 3931 3932
f 6117 4137 7245
f 6785 4257 5249
f 6038 4252 6061
f 6110 5216 6093
f 5529 5538 4376
f 6147 4237 5127
f 5100 4047 5513
f 4975 21 20
f 5220 4048 4897
f 7112 4974 6804
f 6536 4797 5372
f 5023 4149 6222
f 7104 4310 5438
f 6982 4038 5352
f 5183 5631 4792
f 7150 4116 6598
f 5817 5085 4214
f 5826 4988 7548
f 5489 5490 4414
f 5037 6395 6577
f 6672 5405 6140
f 5449 4183 4885
f 5161 4055 6298
f 4334 5273 6078
f 5880 4056 5293
f 5767 95 94
f 7363 4213 6923
f 6187 12 11
f 5657 4058 6523
f 6776 4187 6176
f 6567 4059 5435
f 6814 6815 5251
f 5246 4060 6252
f 5610 4430 5081
f 6009 4099 5194
f 7287 5796 5498
f 6934 4062 5541
f 6719 4005 5216
f 6519 4546 5461
f 7092 4269 5274
f 7554 4064 6247
f 6340 7286 5432
f 5952 4406 7393
f 5904 4085 5144
f 6746 4355 7151
f 7470 5125 5537
f 4712 7147 5595
f 4991 3923 3924
f 6464 4068 6289
f 7355 4713 5584
f 5958 4798 5654
f 5580 3978 6578
f 7399 7430 5775
f 5636 3959 7074
f 7379 7573 6016
f 6594 4010 5165
f 6109 4072 5155
f 5921 4477 5535
f 6538 5696 6342
f 6920 3977 5764
f 6711 5300 4183
f 5921 4053 5850
f 5555 6590 5922
f 5746 4160 6589
f 5812 4957 4359
f 5364 6910 104
f 7513 4378 4915
f 5901 4090 5839
f 6574 4365 5686
f 6941 4576 5427
f 6556 4527 6295
f 5845 5189 3971
f 7091 5314 4513
f 6739 4093 5622
f 6617 4173 6288
f 5563 4025 4856
f 6742 4082 5811
f 5690 173 174
f 5805 4083 5648
f 5647 4833 6848
f 6202 4138 5311
f 5719 4344 5289
f 7596 4820 5905
f 5456 7095 6065
f 7356 4311 5702
f 7281 6197 4129
f 5203 5539 6820
f 6478 6925 5476
f 4807 7481 6142
f 5731 6700 5223
f 6792 5883 4089
f 7379 4478 6015
f 6273 6438 5901
f 6788 4111 6077
f 5819 4091 5302
f 5859 4111 6788
f 6098 4276 5296
f 6343 3948 5428
f 4871 4093 5680
f 4883 5998 4371
f 7404 5888 4094
f 6206 5226 3913
f 5388 4603 6033
f 5029 6052 3917
f 6730 4634 5498
f 6775 4100 5469
f 6132 4285 5341
f 5385 6748 3876
f 7432 5588 7433
f 6391 4181 6334
f 5559 5560 4422
f 7348 4138 6032
f 5732 4694 5480
f 5156 4096 5801
f 7354 4101 5796
f 6842 3982 5701
f 6393 4102 5399
f 7086 4151 6385
f 5131 4103 5944
f 5933 4231 4972
f 5347 4394 5824
f 6409 4288 7109
f 5272 4105 6379
f 6477 5745 6228
f 5114 5713 4666
f 5334 4272 5849
f 6964 4107 5917
f 5771 4182 7138
f 5450 4108 6044
f 6553 4031 5289
f 5187 4109 5894
f 7093 5070 6921
f 70 69 5073
f 5884 4111 5859
f 4436 7228 5884
f 5041 4424 5839
f 4963 6049 6904
f 7462 4526 5240
f 5983 5678 4113
f 6731 3891 6091
f 4618 6275 5734
f 6307 4911 5532
f 5750 4474 6167
f 5750 3910 6072
f 5624 4936 4116
f 6282 5573 5052
f 7129 4221 5095
f 4687 5399 6493
f 7135 4118 5715
f 7081 4736 5113
f 6524 6336 4119
f 5833 5864 4537
f 5488 4120 5798
f 7339 4303 5876
f 6532 4424 5838
f 6339 66 65
f 5615 4122 7280
f 6703 4927 6127
f 7004 6154 4123
f 5849 7215 6803
f 5459 4124 5877
f 5074 179 180
f 6004 4125 5509
f 6961 4588 5947
f 6160 4223 5976
f 6455 5291 5423
f 6698 4602 6205
f 6027 6898 4840
f 7539 4386 5764
f 7019 4095 6033
f 6861 4348 5598
f 7221 3881 3882
f 5842 4680 5120
f 7230 4659 6496
f 6275 4131 5857
f 6483 3987 6530
f 5862 4586 5263
f 5652 4762 6632
f 5207 4133 5853
f 6426 4291 5170
f 7381 4134 4995
f 6756 4003 6316
f 7588 4135 5039
f 7233 5590 48
f 5994 4481 7452
f 5745 3996 6496
f 5668 6534 4951
f 5759 5129 4044
f 5467 4306 5004
f 7206 3946 5935
f 4876 7471 5631
f 6088 4445 6422
f 5400 5346 4140
f 5200 4300 6762
f 5758 4803 5060
f 6670 6857 4718
f 7442 4142 6066
f 6355 3949 6354
f 5501 4307 6232
f 5194 4435 6009
f 4431 6274 5990
f 7106 5558 7105
f 5055 4145 6322
f 5740 7067 6226
f 83 6074 6073
f 6898 4775 5514
f 6358 4147 5437
f 7160 3943 5627
f 7068 4148 5769
f 6694 4248 5108
f 5950 4149 5023
f 6245 3979 5065
f 7122 4462 6164
f 5869 4358 4860
f 6657 4151 7086
f 7583 6135 4218
f 5484 4196 6429
f 4753 5044 7136
f 7018 4153 5953
f 6435 4003 6756
f 5152 6264 6533
f 7385 6093 7384
f 59 6012 7037
f 5714 161 162
f 5451 5749 4887
f 5699 6333 4696
f 6832 4157 5507
f 5575 190 6868
f 7537 4158 6808
f 6139 4235 7252
f 6144 4404 5882
f 5157 5357 168
f 6589 4160 5239
f 7610 4072 5490
f 6196 4161 6079
f 7482 4567 6514
f 6866 5858 6026
f 4878 4567 5606
f 6646 5844 6978
f 7434 4338 5514
f 5808 4164 6438
f 5960 4077 7513
f 5651 4165 6201
f 5669 4341 4893
f 89 6952 7516
f 5488 4835 4120
f 6624 4167 5337
f 5823 3966 7396
f 6015 4168 7572
f 6806 4125 6004
f 6555 4657 6218
f 6838 3989 6281
f 7157 5078 4802
f 4502 6396 4900
f 4976 6248 7342
f 5361 6291 4682
f 4924 4172 6181
f 4922 4083 5536
f 5026 6584 7044
f 6286 4241 7070
f 6370 4174 5868
f 7488 4370 5988
f 7073 4175 6945
f 6039 4655 5774
f 6425 4176 5414
f 7461 5835 4476
f 7156 4177 6250
f 6740 4122 7128
f 7032 4178 5925
f 6634 5059 6761
f 5897 4875 5181
f 6673 4566 6654
f 6189 6597 5047
f 6517 5265 4953
f 6334 4812 6391
f 5333 7076 5756
f 6260 4755 6621
f 6449 3964 5254
f 5836 4569 5145
f 6661 4056 5963
f 6831 4966 5721
f 6331 7079 5123
f 7015 4185 5209
f 5887 4856 5184
f 5592 4186 6509
f 6143 4495 6080
f 6954 6955 4746
f 5657 6667 5257
f 6800 4188 5672
f 5945 4529 5536
f 6170 4189 6890
f 6131 6218 4657
f 5828 4749 6916
f 6829 7008 4694
f 6142 4191 6717
f 6491 14 6470
f 5234 4192 6534
f 6826 4282 5370
f 4615 6593 5919
f 5843 4819 5844
f 4698 5813 6473
f 7552 4377 5517
f 7065 4232 5098
f 5361 4136 6028
f 7358 4196 6536
f 6501 5470 5483
f 6774 6862 5021
f 5186 6730 5974
f 7202 4266 5309
f 5799 4399 5800
f 5039 4199 5211
f 5503 7364 42
f 7248 6679 5014
f 5700 6971 5002
f 6321 4201 7469
f 7153 4115 5343
f 54 6467 5695
f 5166 4189 6131
f 5143 4203 5381
f 6988 3904 3905
f 6782 6336 4493
f 6956 4404 6144
f 6226 4593 5740
f 5279 7380 5028
f 6309 4726 7249
f 7111 5261 5779
f 6752 4207 6188
f 7249 4206 5641
f 5146 4374 4947
f 7294 4825 6986
f 5964 5103 4209
f 5519 4316 4897
f 6064 4210 5160
f 6271 4471 5160
f 7316 4211 6549
f 6381 4836 7171
f 6364 4596 6363
f 6251 3977 5675
f 6923 4213 5725
f 7524 4544 4997
f 4980 6276 5683
f 5169 6058 6864
f 7294 4215 6499
f 6500 4209 5068
f 5243 4599 5121
f 7261 6185 36
f 6163 4590 6448
f 5635 3997 5709
f 5052 5550 6135
f 6590 4583 5417
f 5409 4219 6652
f 4999 7054 79
f 5789 4220 5105
f 4498 6389 5105
f 5807 5937 7129
f 5721 4184 6831
f 51 6770 6062
f 6958 5280 6106
f 6764 5020 5117
f 6244 7441 4828
f 6881 4662 6198
f 4923 3970 5422
f 5204 4225 6105
f 5545 3993 6513
f 6255 4226 5056
f 5549 65 64
f 4515 5766 7253
f 5242 4758 5115
f 6947 6949 4858
f 6299 4479 6300
f 7042 4327 5586
f 5208 4055 5319
f 7147 5570 6323
f 5959 4128 5150
f 6320 4231 4973
f 5377 6257 4972
f 6434 4485 5149
f 5429 4071 7573
f 7322 5178 4233
f 6296 4298 5394
f 6851 4997 4234
f 5480 3975 5732
f 4503 5743 5101
f 7033 3966 5540
f 5543 4236 7011
f 6446 4230 6332
f 5940 4302 4998
f 5267 4960 4194
f 7526 4850 5639
f 7526 5639 6535
f 6560 4239 5205
f 6891 4161 5071
f 5071 4533 5382
f 6463 4228 5161
f 6200 4852 7070
f 7044 4173 6617
f 5206 4242 6233
f 5339 98 97
f 4597 6745 5197
f 7441 4734 6456
f 5212 4244 7177
f 5948 4411 5023
f 6285 4245 7512
f 5737 4233 5179
f 7466 4791 7492
f 7128 4122 5615
f 6145 4369 5305
f 7302 4158 7537
f 7003 4598 6585
f 7424 4623 6624
f 5165 7072 6778
f 7465 4649 5871
f 6199 4677 5360
f 6346 4497 6642
f 5684 4395 5139
f 7473 177 6511
f 6399 4719 6038
f 6785 5576 4257
f 5324 4253 5217
f 7373 4062 5255
f 5784 4254 5167
f 7531 7384 4005
f 6450 5254 4255
f 5487 4058 5534
f 6208 4256 5111
f 6038 4930 6399
f 6790 4257 5576
f 6814 4258 6410
f 7562 4641 6895
f 5610 4422 5561
f 5062 6889 5061
f 5288 6952 88
f 4056 5471 5287
f 6757 4903 5585
f 6021 4261 5192
f 6201 4165 5097
f 6417 4464 5155
f 6304 4463 5154
f 6263 4433 6708
f 6113 4954 3936
f 4579 5867 5075
f 6840 7597 184
f 7010 4265 5431
f 5431 4079 7012
f 4721 7202 5309
f 6723 4009 5348
f 5456 4267 5175
f 6436 4523 5284
f 6008 4268 5310
f 6032 4613 6551
f 6706 4269 7092
f 5275 6732 5274
f 6573 4270 5100
f 4888 24 6858
f 5238 4271 7587
f 6821 26 5313
f 7216 4786 5849
f 7621 4081 5564
f 7013 4665 5663
f 6069 4284 5090
f 6743 4274 5331
f 5607 4478 6017
f 6006 4764 4918
f 7459 3869 3870
f 4539 7555 6098
f 5657 4970 6776
f 5775 4277 5317
f 6376 6239 7156
f 7375 5411 4278
f 6812 3967 5303
f 7309 4279 7085
f 5514 3983 6898
f 4880 5231 7374
f 7045 6129 4119
f 6063 4531 5551
f 5220 4897 5219
f 6827 6826 5370
f 5980 4408 5050
f 7579 5018 4283
f 5918 4405 6862
f 7243 4325 5595
f 7532 4541 5515
f 7101 4684 5855
f 4940 4275 5244
f 6116 5054 4286
f 5054 5104 4286
f 6565 6043 5396
f 6875 4824 6161
f 5497 4288 5277
f 7110 5814 6649
f 6215 4356 7400
f 5874 3936 6721
f 4857 4290 5403
f 7305 4687 6841
f 4076 6699 5363
f 5364 103 5170
f 5151 7477 7199
f 4986 6823 6884
f 5063 5062 4293
f 5962 5336 4431
f 6793 4642 5433
f 7029 4661 6662
f 5505 4295 7443
f 6459 6962 6690
f 5291 4296 5423
f 5600 4330 5746
f 7503 5376 4297
f 5356 4476 5836
f 6498 5050 4408
f 6296 5042 7485
f 5309 4568 5951
f 7041 4636 6668
f 6622 4715 6762
f 6732 4762 5274
f 7141 4301 5443
f 5442 4302 4936
f 4968 4998 7255
f 5949 4662 5258
f 5448 4303 7137
f 7242 3984 5585
f 3901 6048 6207
f 6859 4339 5553
f 6046 4305 4871
f 5620 4340 7581
f 6461 4306 5791
f 6432 4613 6032
f 6232 4307 7383
f 7310 4345 5649
f 5765 4308 6055
f 4978 6186 6935
f 5691 4626 6813
f 7315 4660 6496
f 5438 4310 4925
f 4884 4426 5968
f 6567 4467 6213
f 7000 4258 6895
f 7060 4312 4924
f 6856 4757 5766
f 5970 4313 5870
f 6868 190 191
f 5304 4314 5489
f 4160 6158 4862
f 7287 4315 6639
f 6036 5043 6861
f 6270 5222 6353
f 6805 4622 4974
f 7522 4317 6602
f 7409 4511 5215
f 7497 5462 5483
f 6418 4447 5407
f 4754 7377 5557
f 7439 4412 5904
f 5461 4320 7617
f 5961 7092 5464
f 7335 4321 4856
f 6737 4619 5563
f 6211 4322 5447
f 7014 4273 6324
f 6579 4323 5580
f 5482 6614 7455
f 5793 4914 4324
f 5516 5363 7208
f 5189 4712 5594
f 7559 5092 6576
f 7464 4326 5590
f 4873 6959 6960
f 5006 7042 5586
f 6943 5005 6754
f 5344 4637 6647
f 5480 7429 6595
f 4899 4329 5578
f 5878 4047 5100
f 6150 4881 5600
f 5599 4559 5785
f 6094 7149 5502
f 7132 41 6380
f 6711 4332 6302
f 6225 4589 5420
f 6359 4546 6518
f 6280 4724 5615
f 5893 4334 6078
f 6732 4140 6632
f 6899 4916 4992
f 5465 3903 4943
f 5960 4336 5920
f 6510 4425 6789
f 6769 5035 7235
f 5413 4282 7009
f 6869 4977 5629
f 4820 7085 5905
f 5351 4746 7139
f 5554 4969 5553
f 7581 4340 5622
f 7205 5739 5097
f 4893 4341 5633
f 5632 4692 6128
f 4877 4342 5526
f 5644 4878 5645
f 5381 4343 5143
f 4867 4041 5477
f 5387 4344 4942
f 7383 4307 5289
f 6044 4345 7310
f 4894 4165 5651
f 4816 7268 5572
f 6907 4376 5744
f 4832 4347 5647
f 7094 4381 5805
f 7332 4348 5597
f 5018 7579 3878
f 5692 4349 6610
f 5660 6236 5716
f 4927 5087 4008
f 7372 5179 4036
f 6394 4906 5380
f 6357 3884 3885
f 4946 4352 5422
f 6945 4656 6343
f 7027 5705 4353
f 7533 4907 6932
f 3908 6912 5530
f 7266 6836 4001
f 7493 5112 5436
f 6746 4428 5677
f 4752 6871 5183
f 6215 4017 4876
f 4966 4357 5721
f 7123 4720 7122
f 4860 4358 5723
f 6764 4483 6657
f 7447 4793 5752
f 5793 4324 5294
f 6034 4360 7145
f 5262 4562 5791
f 5726 4788 6712
f 6301 5260 7409
f 6682 4362 5491
f 5730 4363 5174
f 7590 4363 5697
f 6031 7577 4771
f 5224 5733 5731
f 6071 4329 5667
f 5982 4365 6124
f 6377 4180 6517
f 4068 6419 5582
f 5982 5137 4365
f 5718 4419 5264
f 5406 93 6433
f 6506 4535 5418
f 7217 4280 7357
f 7530 4369 7155
f 5108 4248 6407
f 7127 4174 6053
f 6065 4065 5456
f 6739 4883 4371
f 5105 3968 5790
f 5747 4372 5299
f 5360 7099 6834
f 6820 4373 5203
f 5362 4448 6047
f 7408 4374 5146
f 5397 4030 5292
f 5783 5571 4375
f 6264 4376 5538
f 5744 4376 5152
f 5538 4437 5134
f 7323 4377 5823
f 5822 7144 5517
f 5301 4378 5352
f 5493 3967 7108
f 5868 4174 7127
f 5352 4378 5494
f 7426 4837 6763
f 4023 7519 6046
f 5806 4381 5478
f 6736 4622 5945
f 101 5596 102
f 4767 6614 5271
f 5709 4383 6646
f 7349 4965 6554
f 4312 5391 5392
f 7431 4229 5208
f 6587 4385 4889
f 6957 4649 5340
f 6920 4386 4919
f 6001 4418 4859
f 6019 4387 6913
f 7119 85 6073
f 21 4975 5873
f 5878 5100 5879
f 5528 5082 4389
f 7392 4928 6460
f 6087 4863 5829
f 7219 7150 4717
f 6940 5711 5712
f 6068 6375 4605
f 5890 4392 5527
f 7423 4393 5964
f 6765 5103 5821
f 5820 5848 4826
f 5825 4394 4876
f 5824 4697 5347
f 7256 4395 5684
f 7602 175 6265
f 5182 6639 3982
f 6290 4496 6925
f 6833 4397 5754
f 5756 5854 4642
f 5816 4398 5267
f 5936 4237 4968
f 7180 4399 7371
f 5800 5154 5799
f 5404 4857 6783
f 7448 4683 7105
f 5173 4401 5787
f 5899 5218 5324
f 5685 6649 5813
f 5814 4959 5815
f 5987 5027 4403
f 5861 5965 4854
f 4880 4404 5881
f 6675 3974 5871
f 6484 4405 5172
f 7022 4700 5385
f 4967 4406 5953
f 6544 4003 5283
f 7201 5562 5965
f 5372 6279 4407
f 5601 4834 5980
f 6490 4643 5979
f 6932 4907 6792
f 7435 5809 4385
f 5016 6791 7125
f 5973 5022 5985
f 4797 6025 5948
f 4318 5462 5706
f 5905 4412 7596
f 7377 4319 5557
f 7240 5196 6648
f 5145 4569 6676
f 5489 4414 5190
f 5841 4737 5715
f 5772 4415 7605
f 6498 3969 5650
f 5956 4416 5348
f 5422 3970 4946
f 7386 5991 5992
f 4417 7271 5847
f 5118 5999 6000
f 6111 4736 7082
f 95 5264 96
f 6661 5471 4056
f 5922 5116 4420
f 7583 4558 5656
f 5518 4946 4421
f 5445 4302 5940
f 5250 7000 5524
f 6879 4475 6011
f 7576 4423 6004
f 6937 4012 6939
f 7613 4624 5839
f 5041 6510 4668
f 5753 4962 4425
f 5860 4701 5859
f 7175 4884 5968
f 6671 4244 5212
f 6602 4427 5259
f 6356 4 6006
f 6973 4428 5666
f 5002 5681 6349
f 7051 5136 5500
f 6074 82 6205
f 7387 4460 5081
f 5561 5560 4099
f 5962 4431 5989
f 7564 3947 5403
f 5973 6791 5801
f 5803 4613 5802
f 6701 4981 5925
f 7015 6707 4185
f 7071 4434 5307
f 6660 6669 7154
f 6475 6879 5194
f 6034 5625 4360
f 6229 4436 5533
f 5270 6644 6825
f 7224 4719 6399
f 6092 4438 5134
f 5971 4438 7385
f 6110 4253 5216
f 6107 5187 4439
f 5894 4691 5716
f 7246 4817 5942
f 5942 5141 5943
f 6552 4441 5576
f 6136 5252 6790
f 4944 4442 5741
f 5630 61 6114
f 6905 4443 5497
f 5101 4235 6139
f 3931 5237 7388
f 4273 7014 7229
f 6422 4445 6087
f 6666 6088 4831
f 6164 6165 5866
f 5060 4141 6099
f 6014 4447 5093
f 5454 4462 5407
f 5327 4989 4448
f 5974 4410 5186
f 6842 5457 4449
f 7354 5727 4101
f 7163 4450 6100
f 7192 4018 7016
f 6284 6802 5239
f 7551 5355 5376
f 5378 5008 6018
f 6253 3982 6639
f 6611 4453 5140
f 6042 6552 5576
f 7495 4454 6066
f 7458 4780 5283
f 6995 4455 5510
f 5967 4426 5212
f 6022 4456 6021
f 3976 5386 5387
f 6120 4457 7164
f 4362 5280 5542
f 6083 4458 5336
f 7189 3983 7376
f 5359 4459 5481
f 6169 6561 5076
f 5804 5358 4460
f 5081 4430 5792
f 7366 5440 6095
f 5637 44 7364
f 7123 7122 6164
f 4051 6909 6013
f 6158 4463 4862
f 6304 4262 5155
f 5155 4464 6109
f 5977 5034 4094
f 7209 4465 5374
f 6222 5486 5316
f 6238 4466 6177
f 6237 6300 4932
f 6977 4575 6213
f 6213 4059 6567
f 6850 4468 6208
f 6834 4250 5241
f 6696 4469 5888
f 3994 6312 4935
f 5373 4686 6056
f 6859 5553 6057
f 5222 4471 5068
f 5160 4531 6064
f 6020 4473 5031
f 7445 5332 4908
f 5102 4473 6269
f 6272 5031 4473
f 3911 4912 6072
f 6167 4115 5531
f 7187 4475 5559
f 6980 3976 6034
f 7461 4476 5837
f 5356 4297 5355
f 7314 5414 6209
f 6390 7034 5535
f 6016 4996 4478
f 6017 5329 5607
f 6300 4479 4932
f 5616 4334 5024
f 6462 4480 5208
f 7518 4858 7133
f 4931 4481 5995
f 5509 4125 6231
f 6314 4482 5163
f 6312 5032 6313
f 7606 5065 6051
f 6100 4450 5276
f 5531 6308 6307
f 7056 4114 4904
f 6325 4485 6434
f 6326 7250 5659
f 6315 4486 6331
f 6316 7319 6525
f 7258 4487 6140
f 6931 4431 5990
f 6950 5458 7478
f 7548 3895 3896
f 5293 5287 4489
f 5286 3984 6096
f 5447 4490 6211
f 6492 106 5941
f 5133 5963 6233
f 4332 5038 5608
f 7070 5552 6286
f 6288 4710 7057
f 6524 4493 6336
f 6471 4799 6486
f 5356 5902 7608
f 5640 7578 6586
f 7257 5908 4821
f 7064 4351 6103
f 6615 4496 5592
f 7418 4821 5908
f 5218 4497 6041
f 5241 4250 6346
f 6388 4498 5105
f 7535 5015 5537
f 6190 4499 5181
f 6709 4180 5427
f 7407 4833 7410
f 6246 4872 6248
f 7060 4924 6180
f 6181 6848 5084
f 5886 4502 4900
f 5192 4261 6397
f 5108 4503 6406
f 5742 4035 6445
f 5191 4504 5739
f 5148 4031 4895
f 6054 4505 5609
f 6258 15 4945
f 5167 4506 6217
f 5168 4005 6403
f 5254 6402 6401
f 6919 4187 6776
f 6404 5487 4508
f 5534 4506 5623
f 5185 4799 7298
f 6162 5892 5083
f 7504 4510 6077
f 6789 4425 5859
f 8 5215 6371
f 5828 4929 4749
f 6412 4512 5252
f 6011 4475 7187
f 7151 4355 7493
f 7091 27 5314
f 7412 4514 6458
f 6535 4238 7526
f 4832 5312 4013
f 4312 5392 5694
f 4799 5185 5628
f 7620 4678 5603
f 6609 4517 5285
f 6540 92 91
f 5253 4518 5570
f 6447 5118 4518
f 6030 4519 5339
f 5853 4769 5761
f 5435 4520 5702
f 6816 4256 5383
f 5317 4521 6155
f 7492 4246 7063
f 6367 5175 4522
f 6365 5284 6366
f 6613 4523 4995
f 5284 4267 6436
f 5254 4524 6449
f 5817 4214 7487
f 6860 5541 4525
f 6865 4255 5256
f 6415 4526 5523
f 6149 5085 6466
f 6575 4798 6294
f 6556 5715 4118
f 6132 4528 6383
f 6454 3874 5997
f 5946 6751 4529
f 7411 3990 6246
f 5944 4530 5536
f 5377 4231 6320
f 7472 4531 5220
f 4210 6271 5160
f 5095 4532 6085
f 5723 4358 5088
f 7207 5382 6440
f 6441 5730 5174
f 6830 4553 6487
f 6782 4493 6337
f 172 5419 7600
f 172 173 5419
f 179 5074 5655
f 6686 4587 6348
f 163 5233 6681
f 5832 4534 6487
f 6262 4538 5453
f 6431 6001 7080
f 5127 4539 6520
f 6521 5126 6522
f 5296 4540 6141
f 5460 4705 7020
f 6332 4541 7134
f 3925 3926 5515
f 7294 4542 6373
f 6500 5068 4542
f 6547 6223 4543
f 5526 4342 5400
f 6917 4749 7313
f 6845 5802 6204
f 5452 4545 6549
f 6291 4000 6569
f 5107 5692 4063
f 6518 5614 6359
f 6561 4547 5076
f 5205 4549 6419
f 5907 4548 5132
f 6214 4366 5583
f 6464 6735 4068
f 5322 4853 7179
f 6091 5058 5641
f 6633 4113 6125
f 6126 4551 5678
f 3889 3890 5350
f 7034 4552 5535
f 5837 4053 5535
f 4119 5832 5833
f 4534 6486 6487
f 5294 5335 4265
f 5482 4323 5064
f 6345 5064 6577
f 6578 6225 5420
f 6425 4556 6395
f 6294 4527 5506
f 7155 4557 5479
f 7220 3954 7002
f 7454 5656 6385
f 6386 5923 5147
f 7272 4559 5599
f 7514 4751 5799
f 6191 6479 4499
f 6247 4500 6248
f 5786 4930 6427
f 6061 5140 4561
f 5467 5791 4306
f 5578 4329 5474
f 6810 4563 5302
f 6066 4454 7231
f 7288 4564 6391
f 6629 5687 5137
f 6362 4565 5204
f 6891 6079 4161
f 5204 4566 6653
f 6654 5072 6948
f 7482 6513 4567
f 7589 4814 5211
f 5408 5951 6539
f 5428 4742 6343
f 5608 5038 6677
f 6933 5449 4413
f 5680 4570 6349
f 5790 3968 5700
f 6124 4688 5982
f 6124 4365 6574
f 5346 4572 6516
f 7326 5176 6023
f 6566 4573 5429
f 6503 5397 6043
f 6901 4574 6702
f 5521 4316 6568
f 6050 4582 4963
f 6835 4644 6637
f 5687 4576 5686
f 7344 4560 7343
f 6852 5854 4577
f 6941 5686 4576
f 6776 4578 5657
f 5297 4276 6667
f 6166 5272 4579
f 5735 4660 6781
f 6924 6478 6867
f 6588 6212 4467
f 6183 4581 5359
f 6106 5280 4362
f 6787 5983 4582
f 4582 5852 5299
f 6997 4583 5555
f 7542 5834 4559
f 5306 4584 6744
f 4082 5688 5811
f 6741 4585 6874
f 6635 4870 6507
f 6151 4586 6185
f 5862 4715 5546
f 6939 4587 6081
f 6720 5248 4536
f 5877 4588 5459
f 6813 4626 5707
f 4552 5674 6115
f 7017 7264 5420
f 71 5441 72
f 7026 6638 5315
f 70 6178 71
f 6328 5028 6327
f 5315 4592 6645
f 6638 6076 7504
f 67 6452 68
f 7067 4778 5279
f 5295 4594 6753
f 6571 6395 5654
f 6837 4595 5543
f 7031 6447 5253
f 6363 4596 5150
f 5453 4538 5959
f 5405 4597 6759
f 6758 5013 5966
f 6715 4598 5668
f 5234 7002 7069
f 7087 5717 6678
f 7415 4066 6974
f 5103 6765 6766
f 6849 4316 5519
f 7120 4601 5396
f 6778 5228 6777
f 5124 6697 6175
f 6697 7204 4602
f 3916 6052 6421
f 6319 5030 7019
f 7425 4604 6033
f 7469 4912 6854
f 5863 4605 6314
f 5993 5888 4469
f 7570 5760 6664
f 6927 4609 5725
f 12 5201 13
f 6505 4941 6717
f 6787 5592 4608
f 6509 6126 5678
f 6665 5511 6927
f 5511 6883 4609
f 6978 4610 6646
f 6645 4592 5635
f 4708 5470 5872
f 6501 5484 4611
f 6718 4612 5549
f 6322 4593 5367
f 5004 6432 6032
f 5802 4432 5803
f 6595 4614 5480
f 7174 4306 5468
f 6882 4615 5819
f 6819 4648 6229
f 5302 6863 6811
f 6596 4436 5884
f 5734 4617 5682
f 6102 4756 5298
f 7056 4618 5734
f 5696 5774 4618
f 4709 5619 6442
f 5769 4369 5033
f 5849 4620 5334
f 6803 4673 6584
f 7360 4874 5268
f 6650 5588 6755
f 4974 4622 6804
f 5946 4529 5945
f 5743 5742 4623
f 5572 4346 5180
f 7607 6273 6599
f 7613 4424 6532
f 6814 5676 4625
f 6581 4561 5140
f 5074 5691 4309
f 6767 182 5512
f 5711 6251 4391
f 5675 4464 5067
f 7162 4628 5890
f 6608 4826 5848
f 6489 4629 5598
f 6926 5499 6036
f 6488 4630 5515
f 5092 4067 5777
f 74 5077 6090
f 6683 4610 5525
f 77 6369 78
f 7558 4819 5409
f 6940 4633 5711
f 6627 5763 7539
f 5172 4634 6728
f 5499 4315 5498
f 7269 4951 6827
f 7186 4855 6443
f 5896 7041 6668
f 5401 4299 5320
f 7550 4637 6054
f 4328 4975 5344
f 6133 4638 5870
f 5642 4707 5575
f 5354 4639 6640
f 7578 4828 7441
f 4801 5695 6182
f 54 53 6467
f 6893 5246 6894
f 6895 4987 7000
f 5433 4642 6852
f 7520 4078 6941
f 6261 4643 6443
f 5979 4408 6490
f 6240 4575 6835
f 7099 4677 5523
f 6531 4645 6221
f 6528 6170 6890
f 6011 6877 6879
f 6171 5290 4344
f 6002 7483 6938
f 6939 6348 4587
f 6819 5919 4648
f 4193 5326 6983
f 5871 4649 6675
f 6957 5883 6956
f 6580 4650 6333
f 7501 5115 6502
f 6708 4651 5780
f 6428 4664 5699
f 5117 4652 6493
f 5976 4733 6456
f 6679 5243 6975
f 6974 5677 6973
f 6969 4654 5956
f 6135 4921 7584
f 6538 5428 3948
f 6035 4705 5875
f 5010 6338 4175
f 6007 4655 6039
f 196 6221 5909
f 6218 4882 5907
f 6485 4658 5605
f 4169 5132 5970
f 6662 5195 4105
f 6228 7241 6476
f 7048 4660 7315
f 7315 3996 5947
f 6662 4661 5195
f 6823 4986 5689
f 7289 4662 5573
f 6881 4923 4224
f 5672 4663 6800
f 6428 4696 7089
f 6749 4664 5749
f 6527 4106 5699
f 6659 4665 5577
f 6324 4763 5663
f 5806 5478 6557
f 7501 4227 5115
f 165 5795 6727
f 5703 4119 6129
f 6075 4668 6788
f 5840 4424 5041
f 5063 6224 6616
f 6351 4902 6278
f 160 5729 159
f 6173 4910 7612
f 7011 4671 5543
f 6753 4594 5431
f 6771 4672 7072
f 7116 4089 6957
f 5658 4673 6803
f 7474 5626 5782
f 6906 5671 4674
f 4167 5180 5342
f 5589 4675 6990
f 6106 4362 5053
f 5323 5636 4321
f 7275 4758 5698
f 6168 4677 6199
f 7100 6415 5523
f 5838 4678 6896
f 6726 4778 5603
f 6649 4679 7110
f 7251 4732 5540
f 5120 4680 6839
f 5842 4626 5512
f 5086 5236 4247
f 7463 4856 4025
f 5890 5527 6569
f 7346 4481 5994
f 5566 4683 7448
f 5557 4319 7106
f 5398 4684 6774
f 4286 4849 5855
f 5824 6472 4104
f 5278 4288 6409
f 6010 4686 6266
f 4041 5351 6060
f 6963 5399 4687
f 6841 4004 5966
f 3989 5583 6123
f 5584 4181 5982
f 5507 4689 6832
f 6281 4571 5333
f 7452 4690 5235
f 7576 6003 4423
f 5716 4691 5661
f 7322 4233 5188
f 5773 4692 7093
f 4109 5187 6128
f 6378 4693 5643
f 7478 4052 6950
f 7557 4694 5732
f 7481 4901 6142
f 5990 4695 6931
f 6360 4683 5566
f 6428 5699 4696
f 7090 6502 6993
f 7476 5347 7140
f 7142 4698 5444
f 7141 5738 7142
f 6473 4402 5815
f 5363 4699 6936
f 7161 106 105
f 4917 5390 4283
f 5997 3874 3875
f 6812 7336 5860
f 7336 5533 6596
f 6308 7153 4484
f 6668 4434 5896
f 3909 5750 6912
f 4474 5895 6167
f 6583 4704 5917
f 6141 4540 5210
f 5875 4705 6482
f 7020 5210 5460
f 5348 4706 6723
f 4175 6872 6945
f 5574 4707 5642
f 6962 5389 187
f 5470 4708 5724
f 6761 5059 4263
f 6628 5026 6618
f 7058 3954 7220
f 6617 6288 7057
f 6288 4492 6287
f 7226 4711 5891
f 6384 3937 5891
f 5594 4712 7148
f 6323 4518 6446
f 5584 4713 6334
f 7419 3956 5369
f 6769 4714 5501
f 7235 5601 7236
f 37 5546 38
f 7334 5200 6762
f 5539 6824 6924
f 5665 4086 6290
f 5831 4717 6282
f 7150 6598 7289
f 6670 4718 5830
f 5443 4301 5624
f 7224 5308 7239
f 7239 5943 4719
f 7123 5627 4720
f 6222 4465 5023
f 7203 4721 5309
f 4198 4993 5430
f 7351 4722 7193
f 7194 5245 7193
f 6768 4723 6740
f 6250 4177 5893
f 5615 4724 7128
f 7475 5153 5188
f 7328 4725 7280
f 7546 4333 5615
f 7249 4726 6350
f 5900 3895 7548
f 5798 4727 5488
f 5876 4885 3984
f 4979 5693 4120
f 7259 5448 4728
f 6310 4729 6928
f 4147 6358 5748
f 6806 6885 4125
f 6081 6687 7167
f 6476 4731 6228
f 6508 4730 5459
f 5497 4732 7251
f 7396 4809 5823
f 7226 5891 7198
f 3937 5116 5291
f 6918 4734 6244
f 4733 6455 6456
f 7311 4735 6553
f 6044 5050 4345
f 5567 5113 4736
f 5762 4386 7082
f 6497 4919 7135
f 5715 4414 5841
f 5169 4738 6950
f 7534 4002 5261
f 34 5992 7261
f 7260 5847 6929
f 5986 4740 6533
f 7300 5784 7299
f 7614 4741 5745
f 6549 4545 6028
f 6724 4742 5428
f 4706 6722 7073
f 7166 4743 5850
f 6802 5304 4743
f 7178 4744 5931
f 6079 7164 6196
f 6922 3972 7263
f 7263 6177 6376
f 5351 4867 7138
f 6955 4866 6176
f 7344 4747 6517
f 7343 4976 7342
f 7427 4748 5648
f 6220 4666 5478
f 7340 5066 5828
f 7313 4609 6414
f 5571 4750 6987
f 5822 4377 5671
f 7514 5834 4751
f 7370 5368 7371
f 6870 4752 5183
f 7234 4753 5911
f 7368 4753 5874
f 5724 4708 5044
f 6082 4754 5557
f 7377 5421 4319
f 4705 6481 6482
f 6483 4866 6620
f 4617 5857 6102
f 4755 6620 6621
f 5766 4757 7005
f 6155 4521 6965
f 5115 4758 7275
f 4123 5225 5504
f 5212 4759 6604
f 7043 4465 5316
f 6194 4760 5937
f 4995 4523 6435
f 5862 5263 4132
f 7248 4599 6679
f 6632 5051 5652
f 7087 3988 5274
f 5237 5410 4273
f 3933 3934 5906
f 3868 5244 6626
f 6329 5245 4427
f 6526 4765 6037
f 5939 4710 7058
f 6796 4766 6795
f 5729 160 7225
f 5673 7391 7390
f 7455 4323 5482
f 5580 4768 7420
f 7421 5579 4768
f 5673 4769 5853
f 7084 101 100
f 4629 6489 6625
f 6197 4452 6253
f 7486 4771 5653
f 6031 5049 4039
f 7399 4772 7430
f 6462 5006 7367
f 6437 4773 7403
f 5558 4319 6794
f 7270 5473 6368
f 7025 5808 4774
f 5124 5581 4127
f 7434 5514 4775
f 6130 4776 7204
f 6074 83 82
f 5755 4777 5754
f 4295 6459 5574
f 5603 4778 5740
f 5279 5028 4205
f 6104 6976 4190
f 11 10 6024
f 5952 4780 7457
f 7393 4934 6544
f 3881 6174 3880
f 7541 5598 7332
f 5938 4782 6194
f 6930 4695 5566
f 6564 4783 5565
f 7345 6115 4589
f 6227 4784 7482
f 7480 6440 5545
f 7300 5986 6570
f 5971 5134 4438
f 7216 5225 4786
f 7215 4927 4008
f 6119 4952 7218
f 5953 4406 5952
f 5365 6712 4057
f 5726 3973 5384
f 6430 4789 6005
f 4370 5510 5988
f 4914 5516 4324
f 7450 5271 4040
f 6153 4791 6154
f 6922 4723 5955
f 7237 4792 6014
f 6909 4051 5454
f 6210 4793 6211
f 5770 4957 4043
f 6768 6740 4794
f 6740 6374 4122
f 6638 4795 6825
f 6077 4111 6203
f 6504 4796 5947
f 4130 6781 7048
f 6025 4797 5484
f 7358 4407 5562
f 5654 4798 6575
f 5190 4414 6295
f 6162 7298 6471
f 4509 6134 6303
f 7499 4800 6053
f 5547 4370 7097
f 7525 4801 6249
f 6942 4864 5670
f 4899 5667 4329
f 7157 6853 5513
f 7183 4803 5758
f 7182 6088 6422
f 6807 4804 5282
f 5277 4288 5278
f 4804 6807 6808
f 7368 5911 4753
f 5094 7303 6600
f 6137 4443 6138
f 4941 6716 6717
f 5496 7524 4997
f 7126 4808 6982
f 6053 4800 5036
f 5337 4809 5446
f 7553 5671 7323
f 6000 4810 6902
f 7549 6262 6193
f 6101 4811 7454
f 6099 4141 4842
f 7288 4812 6362
f 6334 4713 5369
f 7464 4813 5653
f 6903 46 5440
f 6408 4814 7589
f 4363 6031 5697
f 6610 5556 4815
f 6518 4546 6519
f 7337 4951 7269
f 7268 4818 5810
f 5349 4818 6117
f 5759 4282 5129
f 5810 4818 7352
f 7268 4816 7267
f 5844 4819 7558
f 7247 4977 5898
f 6869 5629 4338
f 7085 4965 7309
f 6080 4821 6143
f 3886 3887 5908
f 6112 4822 5622
f 5466 3953 5620
f 5913 4823 7594
f 3938 6769 5501
f 5818 5292 6875
f 6985 5011 6984
f 6269 5009 7528
f 4824 6984 6986
f 4628 6607 6608
f 7158 5131 4393
f 7028 4827 6659
f 6691 4444 5237
f 7265 4828 5640
f 6918 4004 5981
f 7173 5510 4829
f 6118 4065 6065
f 5776 5347 4830
f 7476 6089 6666
f 7238 4831 4792
f 6636 4830 6666
f 4924 5591 4172
f 4013 5646 4832
f 7407 5084 4833
f 5647 4347 5164
f 5544 4834 7414
f 6822 6443 4643
f 7563 6817 4835
f 5962 5989 4835
f 7171 4836 6465
f 6453 4986 6884
f 6763 4837 5679
f 7587 6341 4928
f 7327 4838 6083
f 6097 5500 4146
f 7188 4839 6027
f 7317 4776 6130
f 6084 4840 6780
f 7188 6705 4839
f 5842 5120 4130
f 6379 4105 5735
f 6688 4842 7192
f 5829 4390 4842
f 4784 6227 7479
f 6026 4877 6866
f 7412 4844 7599
f 5920 4890 6438
f 6951 5169 7487
f 6057 3964 6449
f 6055 4846 5765
f 6002 4423 6003
f 7574 6055 7572
f 5429 4573 6565
f 6938 4848 6937
f 5330 4274 5306
f 6383 4849 6132
f 7618 5104 4285
f 5146 5846 4238
f 7527 5494 4077
f 7453 4851 5903
f 7212 31 5424
f 5552 4852 7069
f 7186 4021 5371
f 7179 4853 6079
f 3956 6563 5322
f 5861 4854 4403
f 5748 4729 7292
f 7070 4855 6200
f 7070 6261 4855
f 7335 4856 5887
f 4321 5563 4856
f 5938 4857 3947
f 4400 5807 6783
f 5072 6947 6948
f 7133 4228 7518
f 5999 4859 4418
f 7082 4386 5763
f 5856 4860 4033
f 5869 4913 4358
f 4563 7442 6882
f 4454 6067 7231
f 6284 4862 4314
f 4463 6157 4862
f 5829 4863 6670
f 6089 3952 6857
f 5670 4864 200
f 6528 4459 6170
f 7485 7078 4865
f 7077 6288 4173
f 6620 4866 6954
f 6530 4578 6176
f 5298 5771 4343
f 7138 4746 5351
f 6592 6997 4009
f 7507 4218 6968
f 6839 5281 7330
f 7083 187 5389
f 6635 5402 4870
f 5757 4368 6725
f 5679 4871 4380
f 7582 4822 6112
f 6248 4872 7172
f 5377 4972 4231
f 6770 4873 6062
f 4675 6958 6959
f 7397 5268 4874
f 6179 4064 6191
f 7432 4875 6392
f 4179 6190 5181
f 5825 4876 4017
f 4394 5776 7471
f 6866 4877 5526
f 4162 5644 4877
f 6514 4878 5644
f 5606 4199 5040
f 5882 4879 6144
f 4159 5402 4879
f 5882 4880 4159
f 4015 5231 4880
f 5116 5568 4296
f 4075 5599 4881
f 5076 5412 4189
f 6289 5582 4548
f 5788 6739 4371
f 4340 5621 4883
f 5437 4884 4310
f 5969 4426 4884
f 5449 4885 4303
f 5300 4489 6096
f 7543 5795 4886
f 166 167 6734
f 7038 5451 4651
f 4156 7335 5887
f 6341 4888 6460
f 7561 24 4888
f 6587 4889 7607
f 6438 4890 5901
f 7599 5920 4164
f 4336 5611 4890
f 5785 4891 4330
f 6159 4463 6158
f 5600 4892 4024
f 4330 4891 5746
f 5621 4893 4032
f 4165 4894 5669
f 5650 4894 4345
f 5632 4341 5669
f 6689 5148 4504
f 5649 4345 5651
f 7591 4896 7398
f 4613 5803 6551
f 5519 4897 4048
f 4316 5521 4897
f 7307 5472 4898
f 5925 4433 4898
f 6398 4899 4084
f 5667 4802 6071
f 7052 4900 5466
f 4170 4899 5886
f 5609 4901 6829
f 4807 6851 7481
f 5285 4902 4166
f 4517 6433 6540
f 7291 4903 5889
f 5585 4727 7242
f 6669 5320 4114
f 4904 6539 6342
f 7268 5810 4346
f 3960 5529 6979
f 5380 4906 6103
f 6174 3881 7221
f 5892 5025 6932
f 5881 4404 5883
f 5332 4925 6370
f 5868 4808 5135
f 5893 4909 6250
f 7279 4725 7328
f 6760 4910 6830
f 4442 5045 6173
f 5532 4911 4203
f 6306 4001 6836
f 5307 4912 4201
f 6072 3910 3911
f 5866 4913 5869
f 7369 5758 3979
f 7447 5752 4359
f 5516 4790 7451
f 7513 4915 5960
f 7108 3967 5860
f 3902 6048 3901
f 7053 4041 6060
f 6318 4917 4283
f 5978 5172 4405
f 6799 4918 4764
f 4427 5768 6356
f 5762 4919 4386
f 6497 4464 6108
f 6367 5269 7321
f 5326 7349 5843
f 5656 4921 7583
f 5550 4224 5930
f 5914 4922 4530
f 4347 5648 4922
f 5930 4923 7213
f 6881 5573 4662
f 6180 4924 4501
f 5591 4832 4172
f 5438 4925 4050
f 4310 5345 4925
f 5502 4926 7113
f 7149 5637 4926
f 7215 6127 4927
f 7512 4245 4927
f 7615 4928 7392
f 6341 5313 4888
f 7361 4929 4057
f 7361 4788 7363
f 6061 4930 6038
f 6427 5787 4401
f 5149 4931 4195
f 7065 5098 4931
f 6237 4932 6239
f 4479 5024 4932
f 7555 4933 6098
f 6684 5534 4058
f 5954 4934 7393
f 4184 6317 6525
f 5751 4935 4469
f 6601 4605 7494
f 5444 5442 4936
f 4302 5258 4936
f 7191 4937 5327
f 6070 5561 4099
f 5634 6980 7567
f 7145 5467 4138
f 4989 5935 4448
f 3946 5803 5016
f 3870 4940 7459
f 7351 7193 4940
f 6716 4941 6917
f 6505 4607 6104
f 6021 4942 4261
f 4456 5387 4942
f 5465 4943 6444
f 5736 6988 5000
f 6718 5549 6582
f 63 62 6121
f 6258 4945 6259
f 15 14 6491
f 5445 6981 3970
f 6623 5127 4092
f 5618 5846 7039
f 4374 5292 5818
f 6063 5551 7201
f 4611 6643 5872
f 7244 4949 6541
f 7307 4898 4026
f 5054 4950 7523
f 5365 4057 5260
f 7353 5668 7337
f 4192 6828 4951
f 7218 4952 7018
f 5968 4426 5967
f 5432 4953 3957
f 4577 5427 6377
f 6693 4954 4185
f 6059 4247 5236
f 5408 6696 4073
f 7404 4094 5034
f 5732 4956 7130
f 7500 5474 4329
f 5455 5770 4043
f 4359 5366 5812
f 6256 4958 6713
f 7620 5603 7603
f 5815 4959 4194
f 3966 5823 4959
f 6474 6473 4960
f 5815 4194 4960
f 6062 4961 52
f 5915 4581 6183
f 5972 4962 4336
f 7108 5860 4962
f 6212 4963 6977
f 6904 4112 5794
f 6231 4964 6477
f 5459 4588 6961
f 7309 4965 4920
f 7085 4820 6554
f 4967 6234 6831
f 7160 5627 4966
f 6604 6234 4967
f 6831 5954 4967
f 4960 5267 6172
f 5936 5126 4237
f 6402 4969 4507
f 5553 4339 5554
f 6523 4970 5657
f 4507 4969 6919
f 6967 7418 4186
f 7490 3888 5797
f 6880 4972 6257
f 6714 6607 4628
f 7172 4973 7171
f 5416 4292 6381
f 7112 6568 4974
f 4316 5520 4974
f 5492 4975 4328
f 5873 22 21
f 4560 7554 7343
f 6248 4171 7342
f 5409 5898 4219
f 5629 4820 6045
f 5765 6413 4308
f 7295 5011 6186
f 6994 4979 5475
f 5989 4431 6931
f 5683 4990 6184
f 5779 4372 5747
f 5926 4981 7511
f 4433 5925 4981
f 7132 4982 7508
f 7509 5176 4982
f 6616 5288 4259
f 87 86 5548
f 5655 5074 4984
f 6504 4588 5877
f 5885 7196 3997
f 6966 4193 6983
f 7199 7159 4292
f 4211 5195 5689
f 6895 6252 4987
f 7278 5559 4422
f 6752 4988 5826
f 6188 4726 5900
f 5362 5327 4448
f 7398 4896 7206
f 6951 4990 4738
f 6149 4526 6415
f 5934 4991 3924
f 6902 4810 6040
f 6855 4992 4916
f 6606 5143 5477
f 4266 5430 6405
f 4198 6591 4993
f 7293 4994 6434
f 4392 5848 4994
f 7381 4995 4760
f 7402 4773 6613
f 7465 5871 4996
f 3974 6017 4996
f 6851 5496 4997
f 4544 6204 4997
f 5442 4998 4302
f 4968 4237 4998
f 6175 4999 4219
f 7054 6698 80
f 3906 5000 3905
f 4354 5532 5000
f 7341 5001 6801
f 7040 5378 4495
f 6786 5002 6971
f 6349 4380 5680
f 6317 5003 4486
f 4357 5662 5856
f 5467 5004 4138
f 4306 5469 5004
f 5391 6674 4384
f 6674 6754 5005
f 7367 5006 5586
f 4229 5587 7042
f 22 6469 23
f 4388 5879 5007
f 5664 7036 4396
f 6018 4351 5378
f 6161 5009 7440
f 7528 3992 6269
f 5930 7213 4416
f 6338 5128 6872
f 6186 5011 6985
f 6326 4485 6325
f 6326 5012 6499
f 7436 5069 4542
f 5404 5013 4290
f 6841 6695 4004
f 7616 5014 6679
f 7617 5464 5014
f 5014 7616 7617
f 7535 4498 6387
f 3946 5016 4939
f 5801 4096 5973
f 6744 5017 6348
f 5017 7256 5684
f 6861 5984 4348
f 4283 5385 7579
f 7046 6843 4061
f 4373 5569 6953
f 5117 5020 4223
f 6657 5276 4151
f 7510 5760 5021
f 6862 4684 7101
f 5760 5022 4606
f 4197 5186 5985
f 6680 5023 4465
f 4411 5950 5023
f 4932 5024 4177
f 6297 3958 5616
f 6337 5025 5892
f 6537 5705 4015
f 6618 5026 6617
f 6584 4673 7044
f 5861 5027 3961
f 5987 5438 4050
f 6327 5028 6076
f 4205 7067 5279
f 6319 6052 5029
f 3917 3918 6364
f 5712 5030 4212
f 4391 5863 5030
f 6020 5031 4050
f 4210 5027 5031
f 6313 5032 4201
f 3994 5896 5032
f 6738 5033 6145
f 4619 5619 7068
f 5800 5034 7050
f 4399 7180 7404
f 6136 5035 6769
f 6655 5129 5413
f 7169 5036 6430
f 7097 4370 5036
f 6395 5037 6425
f 7017 4589 5674
f 6676 5038 4183
f 6677 4074 5608
f 6095 5039 4135
f 4461 6094 5039
f 5502 5040 4199
f 6704 5176 7326
f 5753 6510 4090
f 7007 6075 3995
f 7077 7078 4492
f 4036 5393 6296
f 4917 6318 4034
f 5984 5018 4348
f 7234 5724 4753
f 6761 4263 6630
f 6796 5045 4670
f 5630 62 61
f 6485 7575 4658
f 6219 195 5909
f 5687 6542 4576
f 6597 4499 6479
f 6303 5048 4121
f 6599 3955 7607
f 7446 5049 6196
f 7577 5589 7484
f 5980 5050 4108
f 4408 5485 6498
f 6784 5200 5051
f 5652 4761 7087
f 7584 5052 6135
f 6282 4717 5573
f 6545 5053 6216
f 6944 5915 4222
f 5104 5054 4042
f 4286 5398 6116
f 6255 5055 4226
f 6713 7603 5055
f 7413 5056 6760
f 7612 4442 6173
f 5641 5057 4550
f 4206 7111 5779
f 5057 5641 4206
f 3892 3893 5058
f 4898 5059 4026
f 4898 4433 5059
f 7163 5060 4450
f 4803 7184 5060
f 5062 5061 4016
f 6019 4983 4387
f 6817 5062 4016
f 7547 4903 6809
f 6224 5063 6809
f 6889 5062 5063
f 6577 5064 6579
f 4554 5482 5064
f 4913 6245 4358
f 3979 6051 5065
f 6992 5066 7340
f 4057 4929 5066
f 7050 5977 5067
f 5675 3977 6108
f 5222 5068 4209
f 6268 3992 5068
f 5012 7436 4542
f 4037 5820 7423
f 6921 5070 4298
f 4692 7118 5070
f 5931 5071 4225
f 4161 6441 5071
f 7611 5072 6105
f 6948 4858 5720
f 6328 5073 6226
f 6178 70 5073
f 4984 5074 4309
f 4984 4536 5655
f 7544 5075 5505
f 7330 4869 5710
f 6169 5076 6170
f 5412 4882 6131
f 73 5077 74
f 6448 5315 4217
f 7130 5078 6700
f 7130 6071 5078
f 5461 6733 4320
f 7401 5273 6706
f 6468 5080 4060
f 7592 4823 5913
f 6254 5081 4460
f 3963 5524 5610
f 7519 5082 6046
f 5528 4170 5247
f 6162 5083 4509
f 7107 5338 3955
f 6179 5084 4064
f 6848 4172 5647
f 6451 5085 4524
f 6466 4526 6149
f 6721 5236 5086
f 6600 4806 7302
f 7474 5658 4350
f 4927 4245 5087
f 7103 5723 5088
f 7190 5065 5975
f 6770 5089 7061
f 50 49 5089
f 3929 5090 3928
f 6069 5091 4284
f 5138 5091 4444
f 4043 4957 7210
f 6576 5092 4630
f 7559 5593 7243
f 5706 5093 4411
f 3981 6014 5093
f 6750 5094 6600
f 7055 4557 6694
f 5807 5095 4117
f 7103 4033 5723
f 6798 5096 6900
f 3899 3900 5096
f 7205 5097 6999
f 4504 6201 5097
f 4931 5098 3951
f 7595 4978 6413
f 6702 5099 6901
f 4663 5612 5099
f 6573 5100 4389
f 5879 4388 5878
f 6137 5101 4443
f 6406 4503 5101
f 6268 5102 3992
f 4210 6272 5102
f 5069 5964 4209
f 4393 5821 5103
f 7498 7115 5104
f 7618 6132 4849
f 5789 5105 5790
f 4220 6388 5105
f 6107 5106 4032
f 6236 5660 4220
f 6387 5107 4063
f 4220 5660 5107
f 7538 7055 5108
f 6694 6037 4248
f 6585 5109 7003
f 4248 6037 5109
f 6407 5110 5742
f 6585 4598 6715
f 5676 5111 4625
f 6850 6240 4468
f 29 5112 7456
f 5436 4080 5426
f 6111 5567 4736
f 7185 5506 5113
f 6220 5114 4666
f 6420 4515 7253
f 6502 5115 3959
f 7005 4757 7004
f 6692 5116 3937
f 5922 4075 5568
f 6160 5117 4223
f 4102 5975 6243
f 6446 5118 4230
f 4007 5999 5118
f 6332 5119 6446
f 7134 5777 4067
f 5867 5120 4264
f 7301 6781 4130
f 6946 5121 4599
f 7271 4417 5903
f 7382 5122 6315
f 4760 4995 5122
f 4221 5123 5095
f 4221 6315 6331
f 6697 5124 4127
f 4219 4977 5124
f 5537 5125 4498
f 4653 5666 5125
f 5781 5126 5936
f 6522 4539 6521
f 5940 6147 4421
f 6521 4539 5127
f 5917 5128 4352
f 7515 6007 4656
f 4817 5370 5759
f 4282 5413 5129
f 7545 7059 5130
f 4287 5397 7502
f 6751 5821 5131
f 7158 4826 7021
f 5907 5132 4169
f 6195 3989 5508
f 5963 5133 6661
f 4242 6030 5133
f 5538 5134 4154
f 5916 4045 6092
f 6747 5618 4379
f 7444 4908 5868
f 84 6073 85
f 7329 4146 6084
f 6391 5137 4181
f 4564 5897 6629
f 4043 5138 4827
f 4043 5091 5138
f 5690 5139 4395
f 6265 176 7473
f 5141 6611 4252
f 4453 6152 5140
f 5943 5141 4252
f 4044 6042 5141
f 5806 5672 4381
f 6804 4622 5142
f 5477 5143 4343
f 7604 4943 5736
f 5904 5144 7439
f 7403 4773 6794
f 6648 5145 4413
f 3962 5836 5145
f 5927 7039 4947
f 4238 7545 7408
f 5116 6692 4420
f 3937 6384 5147
f 4504 5148 4895
f 4261 4942 6685
f 7293 6434 4195
f 4485 5659 5149
f 6363 5150 4212
f 4596 5959 5150
f 7477 5151 7162
f 4231 5933 5151
f 7299 5602 4740
f 4046 5744 5152
f 6285 4724 7200
f 5495 4691 5178
f 6159 5154 4463
f 3965 5799 5154
f 6157 5155 4072
f 4262 7050 6417
f 6845 5156 4432
f 4544 6414 5156
f 7357 5357 7217
f 168 169 5157
f 7306 6283 5158
f 7 6 5158
f 6798 5159 4693
f 6266 4686 5373
f 6270 5160 4471
f 6546 5220 4531
f 5720 6463 4480
f 4228 5162 6299
f 5858 5162 4228
f 6866 6297 5162
f 6314 5163 4095
f 4482 6313 5163
f 4922 5164 4347
f 4922 5914 5164
f 6368 6771 4010
f 7072 4249 6778
f 5909 5166 4657
f 196 197 6221
f 5783 5167 3941
f 4254 5623 5167
f 7222 5623 5168
f 4254 6570 5168
f 6058 5169 4052
f 7487 4214 6951
f 102 7395 103
f 6426 5271 6543
f 7153 6641 4484
f 4617 6102 5171
f 5021 6484 4197
f 4405 4917 5978
f 6208 7325 4256
f 5899 5324 4401
f 7274 5174 6408
f 6441 4161 5730
f 6365 5175 4267
f 6367 3949 6067
f 7508 5176 6704
f 6023 4572 6515
f 6653 5177 7432
f 7433 4179 5181
f 5894 7227 4691
f 5178 7536 5772
f 5772 5179 4233
f 7605 5393 4036
f 6445 5180 4623
f 6908 4674 5671
f 7433 5181 4875
f 4499 6189 7338
f 5796 5182 4449
f 4315 6625 6639
f 6870 5183 7237
f 7238 4139 6636
f 6693 5184 7463
f 6710 4887 5887
f 6256 7290 4121
f 5628 4011 6486
f 5985 5186 4410
f 6728 4634 6730
f 6107 5633 5187
f 6128 4692 5773
f 4245 7475 5087
f 5153 7322 5188
f 7146 5189 7011
f 3971 5294 5845
f 6972 5190 6779
f 3945 5489 5190
f 6396 5191 3953
f 4261 5148 6689
f 6398 5192 4502
f 4084 6022 5192
f 7270 5193 6535
f 4010 5395 5193
f 5560 6475 4099
f 6878 3976 5634
f 6495 5195 6494
f 7598 4986 5452
f 7240 5197 5196
f 7024 4494 5902
f 6759 5197 4054
f 4243 5196 5197
f 4243 5198 4828
f 6745 4597 5966
f 39 5199 40
f 6762 4300 7509
f 5051 5200 4132
f 5051 6516 6784
f 6470 5201 4607
f 12 6187 5201
f 6545 6216 4014
f 6682 5491 4239
f 5539 5203 4396
f 4373 5457 5701
f 6362 5204 4098
f 6914 5931 4225
f 6560 5205 6735
f 4239 6562 5205
f 7420 5206 3978
f 7568 5207 4242
f 5206 7568 4242
f 7568 7422 5207
f 7431 5208 4772
f 6298 4055 5208
f 5780 5209 4263
f 4185 4954 5209
f 6141 5210 4704
f 4540 6656 7035
f 5606 7318 4199
f 4567 6513 5211
f 5967 5212 4153
f 6671 5214 4244
f 5214 6310 4244
f 4049 5948 6680
f 5969 5214 6671
f 7292 4729 6310
f 6371 5215 4511
f 8 7 6283
f 6041 6860 4253
f 6719 5256 4005
f 6092 5217 4438
f 5786 4401 5324
f 5324 5218 4253
f 6642 5241 6346
f 5220 5219 4281
f 4897 4178 5219
f 7472 5220 4281
f 4531 5160 6546
f 6512 5221 4536
f 6687 4587 5221
f 6766 5222 4209
f 6353 5519 4048
f 5731 5223 4328
f 5078 4047 5223
f 6647 5224 4328
f 4088 5733 5224
f 7466 5225 4123
f 4246 6127 7063
f 6321 5226 4604
f 6854 3912 5226
f 6586 5423 5227
f 4296 4881 6150
f 6777 5228 4071
f 4249 4996 5228
f 6192 5229 4752
f 7400 5282 6215
f 5269 5230 4279
f 4522 6366 5230
f 7374 5231 4280
f 4015 5705 7027
f 5757 5232 5924
f 4159 4880 5232
f 164 6892 163
f 7045 4119 5833
f 7003 5234 4598
f 4852 6200 5234
f 7452 5235 5994
f 4690 6004 5509
f 4681 6059 4954
f 5086 7537 6721
f 7229 6691 4273
f 4444 5778 7388
f 7232 5238 7426
f 4513 5314 6411
f 5851 6589 4451
f 4160 4862 6284
f 7462 5240 6346
f 4526 6466 5240
f 5218 6642 4497
f 6637 4644 6834
f 4227 5242 5115
f 7004 4123 5242
f 7271 7415 5121
f 6975 4200 6679
f 3869 7459 3868
f 6799 4764 6626
f 5259 5245 4042
f 4427 4918 6329
f 6894 5246 4641
f 4512 5080 6468
f 4900 5247 4170
f 4305 5082 5247
f 177 7473 176
f 4536 5221 6720
f 6152 5249 4006
f 6894 4641 7562
f 7586 5250 3963
f 4520 5676 6410
f 5249 7562 4006
f 7562 6895 5251
f 6412 5252 3938
f 4512 5246 6893
f 7152 5253 4236
f 4595 5567 7031
f 6402 5254 3964
f 4255 5255 6450
f 7373 5255 6865
f 6451 4524 6450
f 7373 6865 4525
f 6404 4508 6403
f 7556 5257 4276
f 7197 4506 6684
f 4936 5258 4116
f 7389 5445 5949
f 6602 5259 7522
f 4427 5245 5259
f 6301 5365 5260
f 4057 6372 5260
f 7534 5261 7111
f 4002 7100 6168
f 5625 5262 4360
f 6996 5578 4562
f 7088 5263 6151
f 4761 5652 7062
f 6029 5264 4419
f 5767 94 5406
f 7342 6465 5265
f 6884 3957 5265
f 7156 6250 4745
f 7280 4122 5266
f 4968 5267 4398
f 6172 4020 6474
f 6180 5268 3940
f 7397 4179 6650
f 7321 5269 7309
f 4522 5230 5269
f 6644 5270 3997
f 6203 4111 5884
f 7390 5271 6426
f 7450 4790 6543
f 6166 5433 5272
f 4294 7029 6662
f 6078 5273 7401
f 7437 4543 7168
f 5275 5274 4269
f 4762 7087 5274
f 7437 5275 4269
f 7168 5400 4140
f 6051 5276 4483
f 4450 6101 5276
f 7312 5277 6876
f 6905 6138 4443
f 7347 5278 6409
f 4017 7195 6876
f 7066 5279 4778
f 3995 6075 7380
f 6989 5280 4675
f 5542 4457 5491
f 6840 5281 6839
f 6529 4869 5281
f 5229 7359 7400
f 4289 6807 5282
f 7458 5283 4267
f 6544 4934 7319
f 6437 5284 4523
f 6366 4522 6365
f 6609 5285 4260
f 4517 4902 5285
f 7049 5286 4489
f 4260 5285 5889
f 5286 7049 4260
f 4489 5300 6302
f 4259 5288 4983
f 6952 89 88
f 5290 5289 4344
f 5289 7311 6553
f 5386 6171 4344
f 7594 4823 6232
f 7394 5291 6455
f 5116 4296 5291
f 5397 5292 4374
f 4030 6985 5292
f 5880 5293 4332
f 4056 5287 5293
f 5366 5793 3971
f 6416 4554 6345
f 5335 6416 4265
f 6416 6345 5295
f 6520 5296 4092
f 4276 5297 6656
f 6530 5297 4578
f 7035 5460 4540
f 6818 5771 5298
f 4343 5381 7266
f 5852 5747 5299
f 4372 6168 6199
f 4183 5300 4885
f 4183 5038 6711
f 6005 5301 4038
f 7565 5303 6230
f 5411 6810 4278
f 4563 5819 5302
f 6230 5303 5493
f 6811 4616 6812
f 6209 5304 7283
f 4477 5921 5304
f 7378 5305 6750
f 6559 4025 6145
f 6937 7121 4012
f 4274 6743 5306
f 5032 7071 4201
f 4434 5895 5307
f 5349 5308 3960
f 4440 7239 5308
f 7203 5309 4073
f 7096 5428 4568
f 4937 5310 4268
f 4937 7191 6070
f 6008 5311 7591
f 6202 4938 4138
f 5591 5312 4832
f 7170 5694 4515
f 5314 5313 4271
f 26 25 7561
f 6411 5314 4271
f 4513 5932 7091
f 6457 6448 4217
f 4590 6242 7026
f 7124 5316 4720
f 7043 5374 4465
f 7001 5775 5317
f 5318 3972 6153
f 4277 5318 5317
f 5318 6238 6177
f 7430 5319 6238
f 4772 5208 5319
f 4904 5320 4299
f 4904 4114 5320
f 6369 5321 4632
f 77 76 5321
f 6562 5322 4549
f 4239 6120 5322
f 7089 5323 7335
f 6993 3959 5636
f 4045 5786 5217
f 4401 5173 5899
f 6828 5325 4635
f 4192 6200 5325
f 6983 5326 4383
f 4193 6311 5326
f 7191 5327 4061
f 4937 4268 6352
f 3872 5341 6235
f 7350 7115 4722
f 6874 5329 6741
f 4274 5607 5329
f 7483 5330 4848
f 5330 6015 5607
f 5329 6874 4274
f 4585 6635 5331
f 5604 6020 4472
f 4050 4925 5332
f 6574 7076 4571
f 4397 6833 5333
f 7285 5334 7621
f 4620 6628 5334
f 4324 5335 5294
f 6344 4040 5482
f 6083 5336 4016
f 4458 6082 6274
f 5743 7424 4235
f 4623 5180 6624
f 5083 7107 3955
f 5827 4089 5809
f 6030 5339 4419
f 4519 5761 6797
f 7072 5340 4249
f 4672 5809 7116
f 7569 6235 5341
f 3872 3873 6454
f 4346 5342 5180
f 4346 4905 5342
f 7153 5343 4702
f 4115 5895 5343
f 20 5344 4975
f 19 18 6439
f 4925 5345 4174
f 7098 3980 5547
f 5275 7168 4140
f 6515 4027 7326
f 7140 5347 4697
f 4830 6636 5776
f 5956 5348 4009
f 5929 4175 6722
f 5308 5349 4440
f 7352 4818 5349
f 6125 5350 4550
f 4551 5797 5350
f 6056 6060 4339
f 4041 4867 5351
f 7126 6982 5352
f 4038 5301 5352
f 5082 7519 4389
f 7615 6330 4928
f 5851 5354 4024
f 4297 6305 5354
f 5376 5355 4297
f 4053 5837 5355
f 4476 5356 5355
f 7608 4494 6305
f 5924 7217 5157
f 6734 167 5357
f 4087 5434 5804
f 7586 4520 5250
f 6183 5359 4202
f 4581 6545 5359
f 7308 5360 6834
f 4112 6199 5360
f 5415 6291 4545
f 7346 5995 4481
f 5457 5362 4449
f 4061 5327 5362
f 6543 7208 4291
f 4076 6210 6699
f 6910 5364 6936
f 104 103 5364
f 7521 5365 4950
f 6712 4788 7361
f 5594 5366 3971
f 4359 4914 5366
f 6452 5367 4593
f 66 6339 5367
f 4955 7180 4073
f 7371 4751 7370
f 7419 5369 4713
f 6361 4565 7282
f 7245 5370 4817
f 6827 4635 6826
f 5325 7186 4635
f 5544 4337 5413
f 7438 5372 4797
f 6279 4729 5748
f 6058 5373 4470
f 5159 6266 5373
f 7177 5374 7176
f 4244 5213 7209
f 6887 5471 5375
f 4367 5406 5375
f 5354 7503 4297
f 4451 5850 5376
f 7489 5377 6320
f 3990 5914 6257
f 6143 7040 4495
f 4086 5008 5378
f 5378 7064 4495
f 7221 4906 6174
f 6018 5380 4351
f 4129 6394 5380
f 4911 5381 4203
f 7266 4001 5298
f 5071 5382 4225
f 6440 4240 7207
f 6816 5383 4625
f 4256 5787 5383
f 6664 5384 3973
f 4606 6665 5384
f 5997 6748 4700
f 3876 3877 7579
f 6878 5386 3976
f 4646 6877 6171
f 5625 6612 4456
f 5386 4344 5387
f 6206 5388 4604
f 6421 6052 4603
f 6529 7083 4869
f 187 188 6962
f 5918 5390 4917
f 4097 6382 5390
f 6674 5391 7060
f 5694 4070 6856
f 4384 5392 5391
f 4384 5775 7001
f 5179 7605 4036
f 4415 7093 6921
f 6847 6261 5394
f 4241 5042 5394
f 5130 7059 4287
f 4010 6594 5395
f 5395 7120 4287
f 4601 6777 5396
f 7502 5397 4374
f 6935 4573 6566
f 5726 5398 3973
f 4286 7102 5398
f 6493 5399 4102
f 6963 4117 6085
f 6223 5526 5400
f 4342 5346 5400
f 4636 5401 5320
f 5751 4469 5408
f 4879 5402 4585
f 4159 5757 5402
f 5405 6672 4290
f 7564 5475 3947
f 4857 5404 4290
f 4117 6963 5404
f 6140 5405 4054
f 4290 6758 5405
f 93 5406 94
f 4517 5375 5406
f 5486 5407 4462
f 6418 5093 4447
f 5951 5408 4073
f 7006 5401 5751
f 6651 5409 4632
f 5898 4977 4219
f 3931 7428 5237
f 3932 3933 6844
f 7375 6005 5411
f 7181 4142 6631
f 4547 5412 5076
f 6735 5205 4068
f 5035 5413 4337
f 5035 6655 5413
f 6390 5414 4176
f 7314 3945 5958
f 7159 5415 4545
f 7199 5416 5151
f 4231 5416 4973
f 4231 5151 5416
f 6590 5417 4075
f 7542 4198 5834
f 171 5418 170
f 4535 6507 6725
f 5688 5419 4395
f 7600 6506 172
f 4555 5420 5037
f 6578 3978 6225
f 5514 6293 3983
f 5144 4319 5421
f 5010 5422 4352
f 7213 4923 5422
f 5227 5423 4296
f 5227 6640 6586
f 7254 5424 4355
f 7212 32 31
f 5903 5425 4066
f 7254 4355 5425
f 7493 5436 7151
f 4080 5002 6786
f 5854 7520 4577
f 4576 6709 5427
f 5309 7096 4568
f 4266 6724 5428
f 7540 5429 7573
f 4308 6566 5429
f 7566 5430 7202
f 6405 4706 6724
f 7010 5431 4671
f 4594 6575 5431
f 7030 7029 5432
f 7286 4577 6377
f 5272 5433 4294
f 4019 6793 5433
f 6867 5434 4087
f 4580 6146 5434
f 6146 6567 4311
f 4059 6292 5435
f 4513 5436 5112
f 4513 5238 7232
f 4854 6358 4403
f 4147 4884 5437
f 5031 5987 4050
f 7104 5437 4310
f 4310 5439 5345
f 4310 4884 5439
f 45 7214 46
f 6095 4135 7366
f 6242 5441 4591
f 4590 6163 5441
f 4301 5444 4936
f 7255 4998 5442
f 6857 5443 4718
f 3952 7140 5443
f 7142 5444 4301
f 4020 5442 5444
f 6981 5445 4421
f 7389 5258 4302
f 7252 5446 4732
f 4235 5337 5446
f 5577 6480 4322
f 108 107 5447
f 5912 5448 4054
f 4413 5449 6873
f 6873 5449 4303
f 4413 5145 6933
f 7580 5450 7311
f 4714 7236 5450
f 6707 5451 4887
f 3991 5612 6749
f 7598 5452 4211
f 4986 6453 5452
f 6364 5453 4596
f 3919 3920 5453
f 6909 5454 5407
f 6165 4446 5866
f 4827 7028 4043
f 4322 6211 5455
f 7095 5456 5175
f 7457 4780 7458
f 6842 5701 5457
f 6843 5019 4061
f 7478 5458 6752
f 4738 5683 5458
f 6508 5459 4964
f 4730 7167 5459
f 4540 5460 5210
f 3987 6481 5460
f 6733 5461 4546
f 5015 7535 5461
f 5706 5462 3981
f 7497 4152 6192
f 6531 5463 4645
f 198 199 5463
f 5079 5961 4320
f 5274 3988 5464
f 6855 6048 5465
f 3902 3903 5465
f 7582 5466 4822
f 4305 5247 7052
f 4938 7145 4138
f 5791 4562 6461
f 7468 5468 3975
f 7174 5469 4306
f 6775 5469 7174
f 4100 6432 5469
f 5483 5470 4152
f 5872 4026 6634
f 5375 5471 4367
f 5375 4260 6887
f 7244 5472 4949
f 4281 5219 5472
f 5808 7025 4164
f 7270 4010 5193
f 5468 6461 3975
f 4562 5578 5474
f 6994 5475 7564
f 4979 6931 5475
f 6588 5476 3985
f 6925 4716 6290
f 4867 5477 4343
f 7114 4992 6606
f 6557 5478 4666
f 4381 7094 5478
f 6750 7530 5094
f 4369 5769 7155
f 7008 7429 4694
f 4614 5468 7468
f 6942 5481 4864
f 4202 5359 5481
f 6344 5482 4554
f 7455 4767 5579
f 4318 5483 5462
f 6501 4611 5470
f 6025 5484 4318
f 4797 6536 5484
f 5979 5485 4408
f 5070 3969 5485
f 5316 5486 4720
f 4149 5407 5486
f 6404 6401 5487
f 4507 4970 6523
f 5585 5488 4727
f 4293 7563 5488
f 7283 5489 3945
f 5841 4072 6109
f 4314 5490 5489
f 4314 4862 7610
f 5202 6682 4239
f 4362 5542 5491
f 7304 5492 4388
f 4328 5223 5492
f 4378 5493 4915
f 4378 6230 5493
f 7527 6747 5494
f 4379 5352 5494
f 3942 5495 5153
f 3942 5661 5495
f 6716 5496 4807
f 3999 6414 7524
f 4158 6138 6905
f 4443 6139 7365
f 6730 5498 4101
f 4634 5499 5498
f 6729 5499 4634
f 6926 4629 6625
f 4429 5500 5136
f 4429 4839 6705
f 7593 5501 4823
f 4714 5450 7580
f 5040 5502 4331
f 7149 4461 5637
f 41 7132 42
f 7508 4331 7113
f 7277 5504 7216
f 7276 4123 5504
f 5755 5505 4777
f 5710 4869 7331
f 6294 5506 4079
f 4527 5113 5506
f 5642 6133 4157
f 4313 5508 5507
f 5132 5508 4313
f 5132 4548 6195
f 6476 5509 4731
f 5235 4690 5509
f 5547 6995 4370
f 4455 6118 5510
f 6663 5511 4606
f 6883 5156 4609
f 6767 5512 4626
f 182 183 5512
f 6853 5528 5513
f 4389 5100 5513
f 5629 6045 4338
f 6293 5421 3983
f 6488 5515 3926
f 7532 5777 7134
f 4076 5516 4914
f 4076 5363 5516
f 5816 5517 4750
f 4194 4959 7552
f 7505 5518 4092
f 4704 6583 5518
f 6270 6353 4048
f 6849 5520 4316
f 6765 5520 4600
f 3944 6805 5520
f 6701 5521 4574
f 4178 4897 5521
f 4324 5522 5335
f 7451 4790 5522
f 7099 5523 7462
f 7100 4002 6415
f 5250 5524 3963
f 4987 4422 5524
f 6548 5525 4163
f 4631 6457 5525
f 4543 6223 5400
f 3958 6866 5526
f 4994 7293 4392
f 4195 5995 5527
f 5082 5528 5247
f 4389 5513 5528
f 6979 5529 4376
f 3960 5308 7223
f 5531 5530 4703
f 6347 5000 3906
f 5530 5531 4354
f 4703 6167 5531
f 5736 5532 4203
f 4354 6307 5532
f 6863 5533 4616
f 6229 4648 5885
f 5487 5534 4508
f 4058 5257 6684
f 5414 6390 4477
f 4552 5837 5535
f 5945 5536 4083
f 4529 5944 5536
f 7616 5537 5015
f 4200 6975 7470
f 6533 6264 4154
f 5529 4437 5538
f 6824 5539 4396
f 4087 5569 5539
f 7109 5540 4679
f 4732 5446 7033
f 6860 6041 5541
f 4497 6346 6934
f 4039 5542 5280
f 4039 5049 7446
f 7012 5543 4671
f 4595 7031 7152
f 4021 5544 5371
f 4021 6822 5544
f 7480 5545 4784
f 4533 5174 7274
f 6622 5546 4715
f 37 6658 5546
f 7098 5547 4800
f 3980 6119 5547
f 87 5548 4983
f 86 85 7119
f 7165 5549 64
f 6718 4226 5055
f 6968 5550 4654
f 5052 4224 5550
f 7244 5551 4281
f 4948 7201 5551
f 6287 5552 3954
f 4492 6286 5552
f 3964 5553 4969
f 3964 6057 5553
f 7139 5554 4339
f 4187 6919 5554
f 5923 5555 4420
f 6997 6592 4583
f 6518 5556 4333
f 6610 4349 5661
f 6360 5557 4683
f 4144 6082 5557
f 7402 5558 4773
f 7105 4683 7106
f 4987 7278 4422
f 4060 5080 7187
f 5310 6070 4099
f 5559 4475 5560
f 5610 5561 4430
f 4422 5560 5561
f 5965 5562 4407
f 4948 6541 5562
f 6737 5563 4321
f 4619 6738 5563
f 7075 5564 4321
f 4676 7285 7621
f 6564 5565 4491
f 7345 4589 6225
f 7405 5566 4782
f 6360 4144 5557
f 7031 5567 4007
f 4595 5506 7185
f 4881 5568 4075
f 4881 4296 5568
f 5804 5569 4087
f 6953 5019 6843
f 7146 5570 4712
f 4236 5253 5570
f 5783 5781 5571
f 4398 5816 5571
f 6445 5572 5180
f 7353 4816 5572
f 5052 5573 4224
f 7289 6598 4662
f 7609 5574 4157
f 7443 4295 5574
f 5642 5575 4638
f 4707 6690 5575
f 6042 5576 4453
f 4441 6136 6790
f 6659 5577 4322
f 4665 7013 7529
f 5262 6996 4562
f 4084 4899 5578
f 7391 5579 4767
f 7422 4768 5579
f 6579 5580 6578
f 7421 4768 5580
f 6998 5581 4775
f 5124 4977 6869
f 5907 6289 4548
f 6419 4549 5722
f 6195 6214 3989
f 4366 5584 7297
f 7297 5584 4688
f 4366 5722 7355
f 7547 5585 4903
f 4293 5488 5585
f 5177 6673 4327
f 6673 6654 5586
f 5005 6943 4229
f 4621 6755 5587
f 4327 5588 5177
f 6755 4621 6650
f 7484 5589 4326
f 4039 6989 5589
f 5089 5590 4326
f 48 47 7233
f 4312 5591 4924
f 4312 5312 5591
f 6787 6615 5592
f 4496 7341 6801
f 5091 7210 4284
f 4957 4325 5593
f 5812 5594 4325
f 3971 5189 5594
f 7148 5595 4325
f 4067 5092 5595
f 7601 5596 4769
f 7395 5170 103
f 3880 7333 3879
f 4781 7332 5597
f 6489 5598 4129
f 4629 6861 5598
f 4881 5599 4330
f 4075 5417 7272
f 5227 6150 4024
f 4881 4330 5600
f 7236 5601 4108
f 7414 4834 5601
f 5152 5602 4046
f 5152 4740 5602
f 7603 5603 4145
f 4678 6726 5603
f 5928 5604 4472
f 5009 4473 5604
f 192 5605 191
f 5870 4313 6133
f 4027 6267 5040
f 7318 5211 4199
f 5330 5607 4274
f 5330 4168 6015
f 7296 5608 4074
f 4783 6564 5608
f 6054 5609 4088
f 5609 6259 6142
f 3963 5610 5081
f 5524 4422 5610
f 4890 5611 4090
f 4336 4962 5611
f 5099 5612 3991
f 4663 6527 5612
f 7560 5613 7478
f 5159 4052 5613
f 7279 5614 4725
f 4029 7401 6359
f 5614 7546 4725
f 4333 6280 5615
f 4479 6297 5024
f 3958 6223 5616
f 4334 5617 5273
f 4334 5616 6547
f 5135 5618 3939
f 5135 4379 5618
f 6442 5619 4619
f 4709 6619 5619
f 5466 5620 4822
f 5739 4504 5097
f 4883 5621 4032
f 4340 7205 6999
f 6112 5622 4093
f 4340 4883 5622
f 6403 7222 5168
f 4506 5167 5623
f 5443 5624 4718
f 4301 4936 5624
f 6612 5625 6034
f 4456 6022 5625
f 5782 5626 4865
f 4350 5737 5626
f 4966 5627 4357
f 3943 7124 5627
f 7290 5628 5185
f 4516 5056 7413
f 4028 5629 4977
f 4028 6554 5629
f 4442 5630 5045
f 4442 4944 6121
f 4356 5631 5183
f 4356 4876 5631
f 3969 5632 4894
f 7118 4692 5632
f 4893 5633 4032
f 4341 5187 5633
f 5194 5634 4435
f 5194 4646 6878
f 6683 5635 4610
f 4592 6644 5635
f 7075 5636 4676
f 5323 4696 6993
f 5440 7214 4461
f 45 44 5637
f 16 6258 17
f 4505 6054 5638
f 7270 6535 4514
f 4850 7527 5639
f 6305 5640 4639
f 4494 7265 5640
f 6091 5641 4550
f 5058 7249 5641
f 6133 5642 4638
f 4157 5574 5642
f 3898 5643 3897
f 4693 5613 7560
f 4877 5644 4342
f 4162 6514 5644
f 4342 5645 5346
f 4342 5644 5645
f 4832 5646 4347
f 4013 6220 5646
f 4833 5647 5164
f 4172 4832 5647
f 5646 7427 4347
f 4748 7094 5648
f 4031 5649 4895
f 4031 6553 5649
f 4894 5650 3969
f 4345 5050 5650
f 5649 5651 4895
f 4345 4894 5651
f 4132 5652 5051
f 7062 5263 7088
f 7366 5653 4813
f 4771 7577 7484
f 6571 5654 4594
f 6972 3945 5190
f 6511 5655 4536
f 178 179 5655
f 6385 5656 4558
f 4811 7016 5656
f 6667 5657 4578
f 5257 4058 5657
f 5087 5658 4008
f 5087 4350 5658
f 7295 5659 5011
f 4232 5149 5659
f 5692 5660 4349
f 4220 5106 6236
f 5716 5661 4349
f 4691 5495 5661
f 5869 5662 4150
f 4357 5627 5662
f 7013 5663 111
f 4665 6324 5663
f 7036 5664 4452
f 4396 5203 5664
f 6824 5665 4716
f 4396 5008 5665
f 5125 5666 3968
f 4653 6973 5666
f 4170 5667 4899
f 4170 6853 5667
f 6715 5668 4035
f 6534 4192 4951
f 4165 5669 4893
f 4894 5632 5669
f 201 5670 200
f 4801 6942 5670
f 6908 5671 4167
f 6906 4046 5822
f 5142 5672 4188
f 5142 4381 5672
f 7391 5673 4133
f 4382 5596 7601
f 7264 7017 4176
f 6115 4074 6156
f 4627 5675 5067
f 4627 6251 5675
f 6814 6410 5676
f 6292 4059 6850
f 5425 5677 4066
f 5425 4355 6746
f 4186 6126 6509
f 4551 6125 5678
f 6763 5679 4380
f 4837 6330 5679
f 4871 5680 4380
f 4093 5788 5680
f 4080 5681 5002
f 7426 5238 4837
f 5171 5682 4617
f 6641 4702 7154
f 5458 5683 4207
f 4738 4990 5683
f 7284 5684 4251
f 7256 4584 5811
f 6472 5685 4104
f 4685 6409 5685
f 6574 5686 4078
f 4365 5687 5686
f 5137 5687 4365
f 6542 5047 6709
f 6507 5688 4082
f 4535 5419 5688
f 4661 5689 5195
f 4661 7030 6823
f 7602 5690 174
f 4395 5419 5690
f 180 5691 5074
f 181 6767 5691
f 6519 5692 4815
f 5107 5660 5692
f 7258 5693 6994
f 4728 5798 5693
f 5312 7170 4515
f 5392 4070 5694
f 6182 5695 4640
f 4801 7525 5695
f 7056 5696 4618
f 6538 4568 5428
f 7588 5697 4135
f 4814 7590 5697
f 7074 5698 4676
f 4758 7277 5698
f 6527 5699 4664
f 6333 4650 7090
f 5666 5700 3968
f 5002 6349 5700
f 5203 5701 3982
f 5203 4373 5701
f 7356 5702 5358
f 4311 5435 5702
f 6558 5703 4667
f 4353 5705 6524
f 6558 7543 4353
f 4886 7357 5704
f 5704 7027 4353
f 4015 7533 6537
f 5093 5706 3981
f 4411 5948 6025
f 7517 5707 4796
f 4626 5842 5707
f 6488 5708 4630
f 3927 3928 5708
f 6983 5709 4985
f 4610 5635 5709
f 5075 5710 5505
f 5075 4264 7330
f 5712 5711 4391
f 4633 5764 5711
f 5030 5712 4391
f 4212 5150 6940
f 6580 5713 4650
f 5114 7253 5713
f 6681 5714 162
f 7406 4766 5714
f 7135 5715 4737
f 6556 5113 4527
f 5660 5716 4349
f 7227 4109 7536
f 7088 5717 4761
f 4216 5121 6946
f 5471 6661 4367
f 5133 4419 5718
f 4344 5719 4942
f 5289 4031 5719
f 6462 7367 4480
f 3998 6948 5720
f 5003 5721 4357
f 5003 6317 5721
f 5582 5722 4366
f 4549 6563 5722
f 4532 6086 7103
f 4033 4860 5723
f 4753 5724 5044
f 4152 5470 5724
f 6923 5725 4749
f 6927 5511 4609
f 4788 5726 5384
f 4361 6116 5726
f 4939 5727 4448
f 4939 7125 5974
f 5774 5728 4618
f 4655 5875 5728
f 6796 5729 4766
f 7037 60 59
f 6196 5730 4161
f 5049 4363 5730
f 5224 5731 4328
f 6700 5078 5223
f 7500 5732 3975
f 4364 5733 7557
f 5731 5733 4364
f 4088 6829 5733
f 5728 6275 4618
f 5682 4114 5734
f 6379 5735 4841
f 4105 6495 5735
f 3904 6988 4943
f 5000 5532 5736
f 5188 5737 4350
f 5188 4233 5737
f 5824 5738 4697
f 4104 5813 5738
f 3953 5739 5620
f 3953 5191 5739
f 6322 5740 4593
f 4145 5603 5740
f 4226 5741 5056
f 4226 4944 5741
f 6407 5742 4503
f 5110 4035 5742
f 5101 5743 4235
f 4503 5742 5743
f 6906 5744 4046
f 4674 6907 5744
f 6494 7614 4659
f 6477 4731 6231
f 5600 5746 4892
f 4891 6158 5746
f 5057 5747 4113
f 5057 5779 5747
f 4407 5748 4854
f 4407 6279 5748
f 7619 5749 4156
f 5451 6749 5749
f 6912 5750 4703
f 3909 3910 5750
f 3994 5751 5401
f 3994 4935 5751
f 4359 5752 4914
f 4793 6210 5752
f 5611 5753 4090
f 5611 4962 5753
f 5755 5754 4397
f 4777 7443 7609
f 5756 6888 4397
f 4019 5505 5755
f 6888 5756 4642
f 4397 5333 5756
f 5402 5757 4870
f 4159 5232 5757
f 6245 7369 3979
f 4446 7183 5758
f 5942 5759 4044
f 5370 4282 5759
f 6664 5760 4606
f 5021 4197 7510
f 98 6797 99
f 5853 4133 5673
f 7081 5762 4736
f 4118 4919 5762
f 6001 5763 4128
f 4859 7082 5763
f 5711 5764 3977
f 7539 5763 4386
f 7571 5765 4846
f 6413 4978 6566
f 7253 5766 4227
f 4515 5694 6856
f 4367 5767 5406
f 5264 95 5767
f 5 5768 6
f 6356 4918 4427
f 7068 5769 5033
f 4148 6526 5769
f 4793 7447 5455
f 4359 4957 5770
f 4343 5771 4867
f 6818 4756 6621
f 5178 5772 4233
f 7536 4109 5773
f 5772 5773 4415
f 4109 6128 5773
f 5728 5774 4655
f 5696 3948 5774
f 4070 7001 5317
f 4384 6550 7399
f 7471 5776 4139
f 4394 5347 5776
f 5092 5777 4630
f 4067 5119 7134
f 6069 5778 4444
f 3929 3930 5778
f 4206 5779 5057
f 5261 4372 5779
f 5059 6263 4263
f 4651 6707 7015
f 5126 5781 3941
f 4398 5571 5781
f 4173 7044 4865
f 4673 5658 7474
f 5781 5783 3941
f 4375 5784 5783
f 5783 5784 5167
f 7299 4740 7300
f 5599 5785 4330
f 4559 6572 5785
f 5217 5786 5324
f 4045 4930 5786
f 5173 5787 4256
f 4401 5786 6427
f 5790 7496 4371
f 4570 5680 5788
f 5998 5789 4371
f 5106 4220 5789
f 7496 5790 4570
f 4371 5789 5790
f 4360 5791 5467
f 4360 5262 5791
f 6070 7191 4430
f 4061 5019 5792
f 3971 5793 5294
f 5366 4914 5793
f 6904 5794 4575
f 4112 5360 7308
f 166 7467 165
f 7543 5704 4353
f 6047 7354 4449
f 4101 5498 5796
f 3889 5797 3888
f 4551 6126 5797
f 5693 5798 4120
f 7137 4303 7339
f 6572 7514 3965
f 4751 7371 5799
f 5034 5800 4399
f 4262 5154 5800
f 4432 5801 5016
f 4432 5156 5801
f 6432 5802 4613
f 6845 4544 5156
f 5016 5803 4432
f 6551 4896 6032
f 5569 5804 4460
f 5434 4311 7356
f 5142 5805 4381
f 5142 6736 5805
f 6527 5806 4106
f 4663 5672 5806
f 6783 5807 4117
f 4400 5937 5807
f 4385 5808 4889
f 4385 6772 5808
f 6772 5809 4672
f 4385 5338 7435
f 4905 5810 3960
f 4905 4346 5810
f 6742 5811 4584
f 5688 4395 5811
f 5594 5812 5366
f 4325 4957 5812
f 5738 5813 4698
f 4104 5685 5813
f 6649 5814 4402
f 3966 4959 5814
f 6473 5815 4960
f 4402 5814 5815
f 4194 5816 5267
f 4750 5571 5816
f 6449 5817 4845
f 4524 5085 5817
f 4947 5818 4208
f 4947 4374 5818
f 6631 7442 4563
f 4615 5919 6819
f 5848 5820 4037
f 4826 7158 5820
f 6765 5821 3944
f 4393 5131 5821
f 7144 5822 4046
f 5517 4377 5822
f 7323 5823 4809
f 4377 7552 5823
f 5825 6472 4394
f 4104 5738 5824
f 5278 7347 4017
f 6472 5824 4394
f 3897 5826 3896
f 4488 6752 5826
f 4409 5827 5338
f 4409 6932 6792
f 7340 5828 4190
f 5066 4929 5828
f 4141 5829 4842
f 4141 6087 5829
f 6670 5830 4390
f 4718 5624 5830
f 7192 5831 4018
f 4390 5830 7219
f 5833 5832 4553
f 4119 6336 5832
f 5864 5833 4553
f 7045 5233 6129
f 5417 7542 4559
f 4198 6991 5834
f 6677 5835 4074
f 4569 5836 5835
f 5356 5836 3962
f 4476 5835 5836
f 6156 7461 4552
f 4476 5355 5837
f 5048 6532 4121
f 4424 6897 5838
f 5901 5839 4624
f 4090 5041 5839
f 4668 7007 5041
f 3995 6726 6897
f 5490 5841 4414
f 5490 4072 5841
f 5707 5842 4130
f 5512 4680 5842
f 5326 5843 4383
f 4028 7247 5843
f 5525 6978 4163
f 4383 5843 5844
f 4265 7010 5294
f 4671 5189 5845
f 7039 5846 5146
f 5618 4850 5846
f 4216 5847 5121
f 6929 4739 7260
f 4994 5848 4037
f 4392 6608 5848
f 7216 5849 4272
f 4786 7215 5849
f 5239 7166 4451
f 4743 5921 5850
f 6589 5851 4892
f 4451 5376 7503
f 6050 6787 4582
f 4113 5747 5852
f 4519 5853 5761
f 4519 7460 5853
f 6340 6852 4577
f 5756 4078 5854
f 7102 5855 4684
f 4849 6383 5855
f 7079 5856 4033
f 5003 4357 5856
f 6275 5857 4617
f 4131 6260 5857
f 7133 5858 4228
f 4843 6026 5858
f 5860 5859 4425
f 4701 5884 5859
f 4962 5860 4425
f 3967 6812 5860
f 5027 5861 4403
f 3961 5965 5861
f 4586 5862 5546
f 4132 5200 7334
f 7019 5863 4095
f 4391 6068 5863
f 6830 6911 4553
f 6795 4766 7406
f 4051 5865 5454
f 7182 4803 7183
f 6164 5866 4150
f 4446 7369 5866
f 5075 5867 4264
f 4579 6379 5867
f 7444 5868 5135
f 4908 6370 5868
f 5662 5869 4860
f 4150 5866 5869
f 4658 5870 5605
f 4658 5970 5870
f 4996 5871 3974
f 4996 4249 7465
f 4611 5872 5470
f 4611 6429 6643
f 5492 7304 4975
f 4388 5007 6469
f 6807 5874 4805
f 4753 7136 5874
f 5728 5875 4131
f 4655 6007 6035
f 5798 7339 4727
f 4303 4885 5876
f 4984 5877 4124
f 4984 4309 6504
f 5492 5878 4388
f 5492 5223 5878
f 4270 5879 5100
f 4270 5007 5879
f 5608 6564 4332
f 4491 5963 5880
f 7533 5881 4907
f 4015 4880 5881
f 4879 5882 4159
f 4404 4880 5882
f 5827 6792 4089
f 4907 5881 5883
f 6596 5884 4701
f 7228 5270 6203
f 7196 5885 4648
f 3997 5270 5885
f 4170 5886 4900
f 4899 6398 5886
f 6693 6710 5184
f 4887 7619 5887
f 6696 5888 4955
f 4469 4935 5993
f 4260 5889 5286
f 5285 4166 7291
f 7162 5890 4000
f 4628 6608 5890
f 5976 7198 4733
f 4711 6384 5891
f 5083 5892 4409
f 4204 6337 5892
f 5024 5893 4177
f 5024 4334 5893
f 4439 5894 5716
f 4439 5187 5894
f 5307 5895 4474
f 4434 5343 5895
f 7071 5896 4434
f 3994 5401 7041
f 6392 5897 4564
f 7338 6189 3986
f 4819 5898 5409
f 7247 4028 4977
f 3950 5899 5173
f 3950 5218 5899
f 6752 6188 4988
f 4726 6309 5900
f 6273 5901 4624
f 4890 4090 5901
f 3962 5902 5356
f 7024 5196 6148
f 7271 5903 4066
f 4417 5991 7453
f 5905 5904 4412
f 5230 4085 5904
f 5230 5905 4279
f 5230 5904 5905
f 7416 5906 3934
f 113 112 6424
f 6218 5907 4169
f 4882 6464 6289
f 7418 5908 4971
f 4821 6080 7257
f 6555 6219 4657
f 195 196 5909
f 3867 5910 3866
f 4764 6006 6423
f 7359 5911 4289
f 5229 6192 5911
f 6873 5912 4413
f 4054 5197 5912
f 6011 5913 4143
f 5080 4512 5913
f 6257 5914 4530
f 3990 7411 5914
f 6960 5915 4961
f 4222 6106 6944
f 4437 5916 5134
f 5916 7224 6399
f 6583 5917 4352
f 4704 6964 5917
f 5390 5918 4097
f 4917 4405 5918
f 6354 6593 4615
f 4193 6966 5919
f 5960 5920 4844
f 4336 4890 5920
f 5304 5921 4743
f 5535 4053 5921
f 5116 5922 5568
f 4420 5555 5922
f 5555 5923 4868
f 4420 5147 5923
f 4280 5924 5232
f 5157 4368 5924
f 7032 5925 4898
f 4178 6701 5925
f 5451 7038 3991
f 4433 4981 5926
f 4208 5928 4947
f 7445 4908 7444
f 5927 5928 4472
f 7440 5009 5604
f 4416 5929 5348
f 4416 5010 5929
f 5956 7131 4416
f 4224 4923 5930
f 6891 5931 4744
f 4225 5204 6914
f 28 5932 29
f 4513 5112 5932
f 6714 5933 4972
f 4628 5151 5933
f 5515 5934 3925
f 4541 6332 5934
f 4448 5935 4939
f 4989 7206 5935
f 4398 5936 4968
f 4398 5781 5936
f 6194 5937 4400
f 4760 7382 5937
f 7405 5938 3947
f 4400 4857 5938
f 6526 5939 4765
f 7057 4709 6617
f 4237 6147 4998
f 4421 5445 5940
f 6699 5941 4699
f 4490 5447 6492
f 7246 5942 4440
f 4817 5759 5942
f 6038 5943 4252
f 4440 5942 5943
f 5131 5944 4529
f 4103 6714 6880
f 6736 5945 4083
f 4622 5946 5945
f 6805 5946 4622
f 3944 5821 6751
f 6504 5947 4588
f 4796 7048 7315
f 6680 5948 5023
f 7438 4797 5948
f 3970 5949 5445
f 3970 6198 5949
f 5093 5950 4411
f 5093 6418 5950
f 5309 5951 4073
f 6539 4299 5408
f 7320 5952 4065
f 4787 5953 5952
f 7018 5953 4787
f 4153 6604 5953
f 4967 5954 4406
f 4184 6525 5954
f 7492 5955 4246
f 7491 3972 6922
f 6969 5956 4009
f 7131 5930 4416
f 4368 5957 5418
f 5157 169 5957
f 4556 5958 5654
f 4556 5414 7314
f 5453 5959 4596
f 7080 6001 4128
f 4336 5960 4915
f 4844 6458 5960
f 4320 5961 5464
f 5079 7401 6706
f 6817 5962 4835
f 4016 5336 5962
f 5880 5963 4056
f 6233 4242 5133
f 7423 5964 5069
f 4393 5103 5964
f 4854 5965 4407
f 7201 4948 5562
f 6745 5966 5198
f 4597 6758 5966
f 7018 5967 4153
f 4952 5968 5967
f 6119 5968 4952
f 3980 5439 7175
f 4147 5969 4884
f 4147 5214 5969
f 6773 5970 4658
f 5132 4313 5970
f 5986 5971 4785
f 4154 5134 5971
f 4915 5972 4336
f 4915 5493 5972
f 6791 5973 4410
f 4096 6663 5973
f 5727 5974 4101
f 5727 4939 5974
f 5088 5975 4102
f 5088 4358 7190
f 5981 6160 4734
f 7198 5891 4733
f 6375 5977 4094
f 5067 6417 7050
f 4034 5978 4917
f 4034 6729 5978
f 6847 5979 4643
f 4298 5485 5979
f 5601 5980 4108
f 4834 6490 5980
f 6695 5981 4004
f 4652 6160 5981
f 5584 5982 4688
f 4181 5137 5982
f 4582 5983 5852
f 4608 5678 5983
f 6318 5984 5043
f 4283 5018 5984
f 5973 5985 4410
f 5022 7510 5985
f 5971 5986 4154
f 7300 4254 5784
f 5027 5987 5031
f 4403 5438 5987
f 7181 5988 4142
f 4789 7488 5988
f 4120 5989 4979
f 4120 4835 5989
f 5336 6274 4431
f 4144 6360 5990
f 5992 5991 4417
f 33 32 7506
f 33 7386 34
f 4417 7260 5992
f 6601 5993 4935
f 4094 5888 5993
f 5361 5994 4136
f 5361 4682 7346
f 5527 5995 4682
f 4195 4931 5995
f 4931 5996 4481
f 3951 6003 7143
f 7023 5997 4700
f 4528 6454 5997
f 5789 5998 5106
f 4883 4032 5998
f 6000 5999 4418
f 4007 5567 6111
f 5118 6000 4230
f 4418 6431 6000
f 5763 6001 4859
f 4128 5959 7080
f 7574 6002 4846
f 7483 4848 6938
f 7571 6003 3951
f 4846 6002 6003
f 7143 7576 4690
f 4423 6938 6806
f 6430 6005 4038
f 4789 5411 6005
f 6356 6006 4918
f 6423 5910 4764
f 6872 7515 4656
f 4107 6035 6007
f 4099 6009 5310
f 4435 6202 6008
f 6008 6009 4435
f 6008 5310 6009
f 6899 6010 4304
f 4992 7114 7053
f 5913 6011 5080
f 6877 4646 6879
f 5729 6012 159
f 5729 4670 6012
f 6886 6013 4447
f 4831 6088 6013
f 7237 6014 3981
f 4792 6886 6014
f 7379 6015 4847
f 4478 5607 6015
f 5228 6016 4071
f 5228 4996 6016
f 4996 6017 4478
f 3974 5329 6017
f 7036 6018 5008
f 4452 7281 6018
f 4259 6019 5061
f 4259 4983 6019
f 5332 6020 4050
f 5604 4473 6020
f 6022 6021 5192
f 4456 4942 6021
f 5262 6022 4084
f 5262 5625 6022
f 4300 6023 5176
f 4300 5200 6784
f 9 6371 10
f 4511 6992 6024
f 5706 6025 4318
f 5706 4411 6025
f 6227 6026 4843
f 4162 4877 6026
f 7188 6027 4840
f 4839 6998 6027
f 7316 6549 6028
f 4545 5361 6028
f 5339 6029 4419
f 97 96 6029
f 5133 6030 4419
f 4242 5207 7460
f 5697 6031 4771
f 4363 5049 6031
f 7348 6032 4896
f 4138 5004 6032
f 5388 6033 4604
f 4603 6319 7019
f 6980 6034 4938
f 3976 6612 6034
f 4655 6035 5875
f 4107 5210 7020
f 4034 6036 5499
f 4034 5043 6036
f 6526 6037 4557
f 4765 7220 6037
f 4045 6399 4930
f 4719 5943 6038
f 6007 6039 4656
f 5774 3948 6039
f 4991 6040 3923
f 4991 6902 6040
f 5218 6041 4253
f 4497 5541 6041
f 5141 6042 4453
f 4044 5129 6552
f 4287 6043 5397
f 4287 5396 6043
f 5450 6044 4735
f 4108 5050 6044
f 6293 6045 4412
f 5514 4338 6045
f 5679 6046 4871
f 5082 4305 6046
f 5362 6047 4449
f 4448 5727 6047
f 4335 6855 5465
f 4916 6207 6048
f 4582 6049 4963
f 4582 5299 6049
f 6212 6050 4963
f 6787 4608 5983
f 7606 6051 4483
f 3979 6100 6051
f 4212 6319 5029
f 4603 5388 6421
f 7169 7127 6053
f 4174 5345 7499
f 5224 7550 4088
f 4637 5638 6054
f 5429 7540 4308
f 7572 4168 7574
f 5373 6056 4470
f 6060 5351 4339
f 6864 6057 4845
f 4470 6859 6057
f 5373 6058 4052
f 6864 4845 7487
f 4954 6059 5236
f 4681 5305 7378
f 4686 6060 6056
f 4686 6010 7053
f 5140 6061 4252
f 4561 6427 6061
f 51 6062 52
f 4873 6960 6062
f 5027 6063 3961
f 5027 4210 6064
f 6063 6064 4531
f 6063 5027 6064
f 7495 6065 4454
f 4829 6118 6065
f 7442 6066 4861
f 4142 7173 6066
f 7231 6067 3949
f 4454 7095 6067
f 6251 6068 4391
f 7494 4094 5993
f 5778 6069 5090
f 4444 5091 6069
f 4937 6070 5310
f 4430 5561 6070
f 5078 6071 4802
f 4956 4329 6071
f 4474 6072 4912
f 4474 5750 6072
f 5136 6073 4429
f 5136 7119 6073
f 7317 6074 4776
f 4429 6073 6074
f 7380 6075 4510
f 3995 5840 7007
f 6327 6076 4110
f 5028 4510 6076
f 7504 6077 4795
f 4510 6075 6788
f 7279 6078 4029
f 4909 5893 6078
f 7179 6079 4744
f 7164 4457 6196
f 6357 6080 4495
f 3885 3886 7257
f 6687 6081 4587
f 4730 6885 6081
f 6274 6082 4144
f 6780 4840 7189
f 7327 6083 4016
f 4838 7329 6083
f 6083 7329 4458
f 4146 7188 6084
f 5095 6085 4117
f 4532 5399 6085
f 5095 7585 4532
f 5123 7079 6086
f 7184 6422 6087
f 4445 6089 6087
f 6013 6088 4051
f 4831 6636 6666
f 6087 6089 4863
f 4445 6666 6089
f 6448 6457 5077
f 4631 6400 6090
f 5350 6731 4550
f 3891 3892 6091
f 5916 6092 5134
f 4045 5217 6092
f 6110 6093 4438
f 5216 4005 6093
f 4199 6094 5502
f 4199 5039 6094
f 4461 6095 5440
f 4461 5039 6095
f 5300 6096 4885
f 4489 5286 6096
f 6913 6097 4838
f 4387 7051 6097
f 6520 6098 5296
f 4933 7556 6098
f 6688 6099 4842
f 4450 5060 6099
f 6051 6100 5276
f 3979 5758 7163
f 5276 6101 4151
f 4450 6688 6101
f 5171 6102 4001
f 5857 4756 6102
f 7064 6103 5379
f 4351 5380 6103
f 6976 6104 4607
f 4190 6916 6104
f 5204 6105 4566
f 4225 7611 6105
f 6944 6106 5053
f 4222 6958 6106
f 5106 6107 4439
f 4032 5633 6107
f 5675 6108 4464
f 3977 6920 6108
f 6497 6109 4464
f 4737 5841 6109
f 5217 6110 4438
f 5217 4253 6110
f 5999 6111 4859
f 5999 4007 6111
f 4871 6112 4093
f 4871 4305 6112
f 7136 6113 3936
f 5209 4954 6113
f 7037 6114 60
f 5045 5630 6114
f 4589 6115 5674
f 6115 7345 7296
f 5726 6116 5398
f 4361 5054 6116
f 7246 6117 4817
f 4818 7267 6117
f 5510 6118 4829
f 4455 7218 7320
f 6995 6119 4455
f 3980 5968 6119
f 5491 6120 4239
f 5491 4457 6120
f 5630 6121 62
f 5630 4442 6121
f 69 6122 5073
f 68 6452 6122
f 6281 6123 4571
f 5583 4688 6123
f 6123 6124 4571
f 6123 4688 6124
f 5678 6125 4113
f 4551 5350 6125
f 7418 6126 4186
f 4971 5797 6126
f 7063 6127 4786
f 4246 6703 6127
f 4341 6128 5187
f 4341 5632 6128
f 4667 6129 5233
f 4667 5703 6129
f 6998 6130 4127
f 4839 4429 7317
f 5166 6131 4657
f 4189 5412 6131
f 6277 7618 4849
f 5341 6454 6132
f 5507 6133 4313
f 5507 4157 6133
f 6303 6134 5048
f 4509 5083 6134
f 6968 6135 5550
f 4218 6386 7583
f 6655 6136 4441
f 3938 5252 6136
f 7303 6137 4806
f 4022 5101 6137
f 7302 6138 4158
f 4806 6137 6138
f 7365 6139 7252
f 4443 5101 6139
f 7259 6140 4054
f 4487 6672 6140
f 5518 7505 4704
f 4092 5296 6141
f 5609 6142 4901
f 5609 4505 6259
f 6967 6143 4821
f 5001 4086 7040
f 6741 6675 4879
f 4649 6956 6144
f 4369 6145 5033
f 5305 4681 6559
f 5434 6146 4311
f 4580 6588 6146
f 4421 6147 5127
f 5940 4998 6147
f 4243 6148 5196
f 4243 4828 7265
f 4214 6149 4990
f 4214 5085 6149
f 4024 6150 5600
f 5227 4296 6150
f 6929 6151 4739
f 5263 4586 6151
f 5140 6152 4006
f 4453 6785 6152
f 5318 6153 4521
f 3972 7491 6153
f 7004 6965 6154
f 4521 6153 6154
f 6856 6155 4757
f 4070 5317 6155
f 6115 6156 4552
f 4074 5835 6156
f 7610 6157 4072
f 4463 6304 6157
f 5746 6158 4160
f 4891 6159 6158
f 3965 6159 4891
f 3965 5154 6159
f 4734 6160 5976
f 4652 5117 6160
f 6875 6161 4208
f 4825 7528 6161
f 7298 6162 4509
f 4204 5892 6162
f 73 6163 5077
f 73 72 6163
f 7123 6164 4150
f 4462 6165 6164
f 5454 6165 4462
f 5865 4446 6165
f 5075 7544 4579
f 4019 5433 6166
f 5750 6167 4703
f 5895 4115 6167
f 5261 6168 4372
f 5261 4002 6168
f 5359 6169 4459
f 4014 6561 6169
f 6169 6170 4459
f 5076 4189 6170
f 4646 6171 5386
f 4143 5290 6171
f 4968 6172 5267
f 4968 7255 6172
f 4155 6173 5045
f 4155 6911 6173
f 6394 6174 4906
f 4781 7333 6174
f 5124 6175 4219
f 4602 7054 6175
f 6955 6176 4187
f 4866 6483 6530
f 4277 6238 5318
f 7263 4745 7262
f 6328 6178 5073
f 4591 5441 6178
f 7360 6179 4874
f 4501 5084 6179
f 7060 6180 3940
f 4501 7360 6180
f 4501 6181 5084
f 4501 4924 6181
f 5915 6183 4640
f 4202 6942 6182
f 6182 6183 4202
f 6182 4640 6183
f 5683 6184 4980
f 4990 6415 6184
f 35 7261 36
f 4739 6151 6185
f 6503 6935 4030
f 4978 7595 7295
f 6024 6187 11
f 4779 7047 6187
f 4988 6188 5900
f 4207 5683 6276
f 6542 6189 5047
f 3986 5897 7338
f 7397 6190 4179
f 4874 6191 6190
f 6190 6191 4499
f 4874 6179 6191
f 7497 6192 4752
f 4152 7234 6192
f 6431 7549 4810
f 3921 3922 6193
f 5938 6194 4400
f 7449 4134 7381
f 5132 6195 5508
f 4548 6214 6195
f 7446 6196 4457
f 5049 5730 6196
f 6489 6197 4770
f 4129 5380 7281
f 5949 6198 4662
f 3970 4923 6198
f 5299 6199 4112
f 5299 4372 6199
f 5325 6200 4855
f 4192 5234 6200
f 4895 6201 4504
f 4895 5651 6201
f 6008 6202 5311
f 4435 7567 6202
f 6825 6203 5270
f 4795 6077 6203
f 4100 6204 5802
f 4100 4997 6204
f 6074 6205 4776
f 81 6698 6205
f 5388 6206 3914
f 4604 5226 6206
f 6900 6207 4916
f 5096 3900 6207
f 6292 6850 5111
f 4468 6241 7325
f 4477 6209 5414
f 4477 5304 6209
f 6699 6210 4490
f 4076 5752 6210
f 6210 6211 4490
f 4793 5455 6211
f 6146 6588 4467
f 3985 6050 6212
f 6212 6977 4467
f 4575 6240 6213
f 5582 6214 4548
f 5582 4366 6214
f 4356 6215 4876
f 5282 7195 6215
f 4014 6216 5202
f 5053 4362 6216
f 7197 6217 4506
f 4933 7555 6217
f 6773 6555 4169
f 6131 4882 6218
f 7575 6219 5046
f 194 195 6219
f 4748 6220 5478
f 4013 5114 6220
f 198 6531 197
f 4645 6890 6221
f 5486 6222 4149
f 5316 4465 6222
f 5617 6547 4543
f 3958 5526 6223
f 4902 6351 4166
f 6616 4259 6889
f 5565 6225 3978
f 5565 4783 7345
f 6328 6226 4205
f 6122 4593 6226
f 6026 6227 4162
f 4843 6949 7479
f 4741 6228 5745
f 7241 4136 6476
f 4091 6229 5533
f 4091 6819 6229
f 5301 6230 4378
f 5301 7375 7565
f 5509 6231 4731
f 4125 6885 6508
f 4143 7594 5290
f 4823 5501 6232
f 4491 6233 5963
f 4491 5565 7211
f 5953 6604 4967
f 4759 7176 7160
f 4285 7569 5341
f 5328 3871 6235
f 4439 6236 5106
f 4439 5716 6236
f 6238 6237 4466
f 4055 6300 6237
f 7430 6238 4277
f 5319 6237 6238
f 6237 6239 4466
f 4932 4177 6239
f 6213 6240 4059
f 4575 5794 6835
f 7325 6241 5173
f 6241 6835 6637
f 5441 6242 4590
f 4591 6327 6242
f 4102 6243 5117
f 5975 5065 7606
f 5198 6244 4828
f 5198 4004 6918
f 7190 6245 5065
f 4913 7369 6245
f 7410 6246 4500
f 3990 5377 7489
f 7554 6247 4976
f 4064 5084 7407
f 6247 6248 4976
f 4500 6246 6248
f 57 6249 201
f 56 7525 6249
f 7279 7328 4909
f 5266 4745 6250
f 6068 6251 4627
f 5711 3977 6251
f 5246 6252 4641
f 4060 7278 6252
f 6197 6253 4770
f 5664 3982 6253
f 5358 6254 4460
f 5358 3963 6254
f 4516 6255 5056
f 4516 6713 6255
f 7290 6256 4516
f 4121 6896 6256
f 6880 6257 4530
f 5377 3990 6257
f 5638 6258 4505
f 16 15 6258
f 6258 6259 4505
f 4945 4191 6259
f 5857 6260 4756
f 4131 6482 6260
f 5394 6261 4241
f 5394 4298 6847
f 3921 6262 3920
f 3921 6193 6262
f 4263 6263 5780
f 5059 4433 6263
f 4154 6264 5538
f 5152 4376 6264
f 6720 7117 5248
f 5139 7602 6265
f 6798 6266 5159
f 4304 6010 6266
f 5606 6267 4878
f 5606 5040 6267
f 4471 6268 5068
f 4471 5102 6268
f 5102 6269 3992
f 4473 5009 6269
f 5160 6270 4048
f 4471 5222 6270
f 5102 6271 4210
f 5102 4471 6271
f 5102 6272 4473
f 4210 5031 6272
f 6599 6273 4624
f 4889 6438 6273
f 5990 6274 4144
f 5336 4458 6274
f 5734 6275 4617
f 5728 4131 6275
f 7534 7111 4980
f 4726 6188 6276
f 4286 6277 4849
f 4286 5104 6277
f 7516 6278 90
f 4669 6351 6278
f 4049 6279 5372
f 4049 5213 6928
f 5556 6280 4333
f 5556 3942 6280
f 6838 6281 4689
f 3989 6123 6281
f 7584 6282 5052
f 4018 5831 6282
f 6602 7306 5158
f 5215 8 6283
f 6802 6284 4314
f 5239 4160 6284
f 6740 7128 4794
f 4724 6605 7200
f 7078 6286 4492
f 5042 4241 6286
f 5552 6287 4492
f 3954 7058 6287
f 4710 6288 6287
f 4173 4865 7077
f 4882 6289 5907
f 4068 5582 6289
f 5665 6290 4716
f 4086 5001 7341
f 4545 6291 5361
f 5415 4000 6291
f 4520 6292 5676
f 4520 5435 6292
f 6045 6293 5514
f 4412 7439 6293
f 6575 6294 4079
f 6779 5190 6295
f 6779 6295 4527
f 4414 5715 6295
f 4298 6296 5393
f 5394 5042 6296
f 5024 6297 5616
f 4479 5162 6297
f 4480 6298 5208
f 4480 5161 6298
f 4228 6299 5161
f 5162 4479 6299
f 5161 6300 4055
f 5161 6299 6300
f 7522 6301 4317
f 4950 5365 6301
f 5293 6302 4332
f 5293 4489 6302
f 5185 6303 4121
f 5185 4509 6303
f 4262 6304 5154
f 5155 6157 6304
f 7608 6305 4297
f 4494 5640 6305
f 6307 6306 4911
f 4484 5171 6306
f 5531 6307 4354
f 4484 6306 6307
f 6307 6308 4484
f 5531 4115 6308
f 3893 6309 5058
f 3893 3894 6309
f 4244 6310 5213
f 5214 7292 6310
f 6593 6311 4193
f 4920 4965 6311
f 6601 6312 4482
f 3994 5032 6312
f 6321 6313 4201
f 4482 6312 6313
f 5863 6314 4095
f 4605 6601 6314
f 7382 6315 4221
f 5122 6316 6315
f 6315 6316 4486
f 5122 6756 6316
f 6525 6317 4486
f 4184 5721 6317
f 5984 6318 4283
f 5043 4034 6318
f 6052 6319 4603
f 4212 5030 6319
f 7172 6320 4973
f 4872 7489 6320
f 7425 6321 4604
f 5163 6313 6321
f 5740 6322 4145
f 5367 4612 6322
f 4518 6323 5570
f 5119 4067 6323
f 7014 6324 4665
f 4273 5410 6324
f 7436 6325 4037
f 5012 6326 6325
f 6984 7250 4215
f 5659 4485 6326
f 7026 6327 4110
f 4591 6328 6327
f 5028 6328 4205
f 4591 6178 6328
f 6799 6329 4918
f 4275 7193 6329
f 5679 6330 4023
f 7587 4271 6341
f 4221 6331 5123
f 4486 5003 6331
f 6902 6332 4230
f 4991 5934 6332
f 4106 6333 5699
f 4106 6557 6580
f 4812 6334 5369
f 4181 5584 6334
f 6369 6335 78
f 4632 6652 6335
f 5832 6336 4534
f 4119 5703 6524
f 6471 6782 4204
f 4493 6537 6337
f 4352 6338 5010
f 4352 5128 6338
f 5549 6339 65
f 4612 5367 6339
f 4294 6340 5432
f 6852 4642 5854
f 6330 7587 4928
f 4271 5313 6341
f 4904 6342 5696
f 4904 4299 6539
f 6945 6343 4742
f 6039 3948 6343
f 5335 6344 4554
f 5522 4040 6344
f 5295 6345 4069
f 4554 5064 6345
f 7462 6346 4250
f 5240 6934 6346
f 4354 6347 5530
f 4354 5000 6347
f 6744 6348 4012
f 7284 4251 6686
f 5700 6349 4570
f 5681 4380 6349
f 6276 6350 4726
f 6276 4980 6350
f 6224 6351 4669
f 6224 4166 6351
f 5327 6352 4989
f 5327 4937 6352
f 6766 6353 5222
f 4600 6849 6353
f 6367 7321 3949
f 6593 4193 5919
f 7231 6355 4861
f 6354 4615 6355
f 5 6356 5768
f 5 4 6356
f 5379 6357 4495
f 5379 3883 6357
f 7104 6358 5437
f 4854 5748 6358
f 4029 6359 5614
f 5079 6733 6359
f 4695 6360 5566
f 4695 5990 6360
f 3956 6361 5369
f 6361 7179 7178
f 6392 7288 4098
f 4812 7282 6362
f 5029 6363 4212
f 5029 6364 6363
f 3917 6364 5029
f 3918 3919 6364
f 5175 6365 4522
f 4267 5284 6365
f 4085 6366 5284
f 4085 5230 6366
f 5175 6367 6067
f 4522 5269 6367
f 4774 6368 5473
f 4774 6771 6368
f 6335 6369 4632
f 77 5321 6369
f 5332 6370 4908
f 4925 4174 6370
f 6024 6371 4511
f 9 8 6371
f 5066 6372 4057
f 5066 6992 6372
f 6986 4215 7294
f 4542 5068 6373
f 7262 6374 4723
f 5266 4122 6374
f 4627 6375 6068
f 4627 5977 6375
f 4466 6376 6177
f 4466 6239 6376
f 7286 6377 4953
f 5427 4180 6377
f 3899 6378 3898
f 3899 5096 6378
f 5867 6379 4841
f 4579 5272 6379
f 40 6380 41
f 40 5199 6380
f 5416 6381 4973
f 4292 5452 6453
f 7023 6382 6383
f 4700 5390 6382
f 7023 6383 4528
f 6382 4097 6383
f 6385 6384 4711
f 4558 5147 6384
f 7086 6385 4711
f 4151 7454 6385
f 5923 6386 4218
f 5147 4558 6386
f 5461 7535 4063
f 4498 6388 6387
f 5107 6388 4220
f 5107 6387 6388
f 5125 6389 4498
f 5125 3968 6389
f 5674 7034 4176
f 5535 4477 6390
f 7288 6391 4812
f 4564 5137 6391
f 7432 6392 4098
f 4875 5897 6392
f 4102 6393 5088
f 5399 4532 6393
f 5598 7541 4129
f 4781 6174 6394
f 5654 6395 4556
f 4069 6577 6395
f 4900 6396 3953
f 4502 6397 6396
f 5192 6397 4502
f 4261 5191 6397
f 5192 6398 4084
f 4502 5886 6398
f 5916 6399 4045
f 5916 4437 7224
f 75 6400 76
f 4631 5321 6400
f 5254 6401 4255
f 4507 5487 6401
f 4969 6402 3964
f 4507 6401 6402
f 6404 6403 5256
f 4508 7222 6403
f 4255 6404 5256
f 4255 6401 6404
f 4993 6405 5430
f 4993 6723 6405
f 4022 6406 5101
f 4022 5108 6406
f 5108 6407 4503
f 4248 6585 6407
f 7274 6408 3993
f 5174 4363 6408
f 5685 6409 4679
f 4685 7347 6409
f 5250 6410 4258
f 5250 4520 6410
f 5238 6411 4271
f 5238 4513 6411
f 7593 6412 3938
f 7593 7592 6412
f 5098 6413 5765
f 5098 4232 7595
f 7313 6414 3999
f 4609 5156 6414
f 6184 6415 4002
f 4990 6149 6415
f 4265 6416 5295
f 5335 4554 6416
f 4262 6417 5155
f 5067 4464 6417
f 4149 6418 5407
f 4149 5950 6418
f 5582 6419 5722
f 4068 5205 6419
f 4013 6420 5114
f 4013 5312 6420
f 3915 6421 5388
f 3915 3916 6421
f 4141 7184 6087
f 4803 7182 6422
f 3 6423 6006
f 3 2 6423
f 5906 6424 4763
f 5906 7416 6424
f 4556 6425 5414
f 5037 7264 6425
f 6970 6426 5170
f 4382 7390 6426
f 6061 6427 4930
f 4561 5787 6427
f 5749 6428 4156
f 5749 4664 6428
f 6643 6429 4949
f 4611 5484 6429
f 7169 6430 4038
f 5036 4370 7488
f 7549 6431 4538
f 4810 6000 6431
f 5469 6432 5004
f 4100 5802 6432
f 5406 6433 4517
f 93 92 6433
f 4195 6434 5149
f 4994 6325 6434
f 6436 6435 4523
f 5283 4003 6435
f 5283 6436 4267
f 5283 6435 6436
f 5284 6437 4085
f 4523 6613 6437
f 5808 6438 4889
f 4164 5920 6438
f 5638 6439 18
f 4637 5344 6439
f 4533 6440 5382
f 4533 5545 6440
f 4533 6441 5174
f 4533 5071 6441
f 6737 6442 4619
f 4081 6618 6442
f 6261 6443 4855
f 4643 6490 6822
f 6606 6444 5143
f 4335 5465 6444
f 5742 6445 4623
f 4035 5572 6445
f 6323 6446 5119
f 4518 5118 6446
f 5253 6447 4518
f 4007 5118 6447
f 6163 6448 5077
f 4590 5315 6448
f 5817 6449 4524
f 4845 6057 6449
f 6451 6450 5255
f 4524 5254 6450
f 4062 6451 5255
f 4062 5085 6451
f 6122 6452 4593
f 67 5367 6452
f 6381 6453 4836
f 6381 4292 6453
f 3874 6454 3873
f 4528 6132 6454
f 7394 6455 4733
f 5423 4126 6455
f 5976 6456 4734
f 6455 4126 6456
f 6090 6457 4631
f 6090 5077 6457
f 5639 6458 4514
f 5639 4077 6458
f 5574 6459 4707
f 4295 5389 6459
f 6341 6460 4928
f 4888 4270 6460
f 4306 6461 5468
f 4562 5474 6461
f 4229 6462 5208
f 4229 5006 6462
f 4480 6463 5161
f 5720 4858 7518
f 5412 6464 4882
f 5412 4547 6735
f 6884 6465 4836
f 5265 4747 7342
f 4062 6466 5085
f 4062 6934 6466
f 52 6467 53
f 4961 4640 6467
f 5246 6468 4060
f 5246 4512 6468
f 4388 6469 5873
f 5007 6858 6469
f 13 6470 14
f 13 5201 6470
f 6782 6471 4534
f 4204 6162 6471
f 4685 6472 5825
f 4685 5685 6472
f 6172 6474 4960
f 5813 4402 6473
f 5444 6474 4020
f 4698 6473 6474
f 4099 6475 5194
f 5560 4475 6475
f 5235 6476 4136
f 5235 5509 6476
f 5745 6477 3996
f 6228 4731 6477
f 4580 6478 5476
f 4580 5434 6867
f 6597 6479 4560
f 6191 4064 6479
f 4322 6480 5447
f 5577 109 6480
f 6482 6481 4755
f 4705 5460 6481
f 6260 6482 4755
f 4131 5875 6482
f 6481 6483 4755
f 6481 3987 6483
f 4197 6484 5172
f 5021 6862 6484
f 193 6485 192
f 7575 5046 4658
f 6471 6486 4534
f 4799 5628 6486
f 5832 6487 4553
f 6486 4011 6487
f 3927 6488 3926
f 3927 5708 6488
f 6197 6489 4129
f 6926 4315 5499
f 5980 6490 4408
f 6822 4021 6443
f 4607 6915 6470
f 4945 15 6491
f 106 6492 107
f 5941 4490 6492
f 5117 6493 4102
f 4652 6695 6493
f 6495 6494 4659
f 5195 4211 6494
f 7230 6495 4659
f 4105 5195 6495
f 5735 7230 4660
f 4659 5745 6496
f 6109 6497 4737
f 6108 4919 6497
f 3969 6498 5485
f 5650 5050 6498
f 6326 6499 4215
f 5012 4542 6499
f 5069 6500 4542
f 5069 4209 6500
f 4318 6501 5483
f 4318 5484 6501
f 6993 6502 3959
f 4650 7501 6502
f 4573 6503 6043
f 4030 5397 6503
f 4984 6504 5877
f 7517 4796 6504
f 4941 6505 6104
f 4191 4945 6915
f 171 6506 5418
f 171 172 6506
f 6725 6507 4870
f 4535 5688 6507
f 6231 6508 4964
f 6231 4125 6508
f 4608 6509 5678
f 4608 5592 6509
f 4090 6510 5041
f 5753 4425 6510
f 5655 6511 178
f 4536 5248 7473
f 4984 6512 4536
f 4984 4124 6512
f 5545 6513 4784
f 3993 7589 6513
f 7482 6514 4162
f 4567 4878 6514
f 5346 6515 4572
f 5645 4027 6515
f 5346 6516 4140
f 4572 6784 6516
f 6377 6517 4953
f 4747 5265 6517
f 5556 6518 4815
f 4333 5614 6518
f 5692 6519 4063
f 4815 6518 6519
f 5127 6520 4092
f 4539 6098 6520
f 4237 6521 5127
f 4237 5126 6521
f 3941 6522 5126
f 3941 6217 6522
f 5487 6523 4058
f 5487 4507 6523
f 4353 6524 5703
f 5705 4493 6524
f 6316 6525 4486
f 4934 5954 6525
f 7155 6526 4557
f 4148 5939 6526
f 5612 6527 4664
f 4663 5806 6527
f 5463 6528 4645
f 5481 4459 6528
f 185 6529 5281
f 185 186 6529
f 4866 6530 6176
f 3987 5297 6530
f 197 6531 6221
f 198 5463 6531
f 4121 6532 5838
f 5048 4624 6532
f 5986 6533 4154
f 4740 5152 6533
f 4598 6534 5668
f 4598 5234 6534
f 4514 6535 5639
f 5193 7545 6535
f 7358 6536 5372
f 4196 5484 6536
f 6337 6537 5025
f 4493 5705 6537
f 5696 6538 3948
f 6342 4568 6538
f 4568 6539 5951
f 4568 6342 6539
f 4517 6540 4902
f 6433 92 6540
f 7244 6541 4948
f 6429 4196 6541
f 3986 6542 5687
f 3986 6189 6542
f 7208 6543 4790
f 4291 6426 6543
f 4780 6544 5283
f 7393 4406 5954
f 6169 6545 4014
f 4581 6944 6545
f 4048 6546 5160
f 4048 5220 6546
f 4334 6547 5617
f 5616 6223 6547
f 6651 6548 4163
f 5321 4631 6548
f 4741 7316 6028
f 4211 5452 6549
f 6674 6550 4384
f 5005 4229 7431
f 3946 6551 5803
f 3946 7206 6551
f 4044 6552 6042
f 5129 6655 6552
f 4307 7311 5289
f 4735 5649 6553
f 5629 6554 4820
f 4028 7349 6554
f 4169 6555 6218
f 5046 6219 6555
f 5715 6556 6295
f 4118 7081 6556
f 6580 6557 4666
f 4106 5806 6557
f 5703 6558 4353
f 4667 5795 6558
f 5305 6559 6145
f 4681 6693 7463
f 6561 6560 4547
f 5202 4239 6560
f 5202 6561 4014
f 5202 6560 6561
f 5205 6562 4549
f 4239 5322 6562
f 5722 6563 4713
f 4549 5322 6563
f 5880 6564 4491
f 5880 4332 6564
f 6043 6565 4573
f 5396 4071 6565
f 6413 6566 4308
f 4978 6935 6566
f 4311 6567 5435
f 6146 4467 6567
f 5521 6568 4574
f 4316 4974 6568
f 5890 6569 4000
f 5527 4682 6569
f 4785 6570 5986
f 4785 7531 6570
f 5295 6571 4594
f 4069 6395 6571
f 5785 6572 3965
f 4559 5834 6572
f 5353 6573 4389
f 5353 7392 6573
f 7076 6574 4078
f 4571 6124 6574
f 5431 6575 4079
f 4594 5654 6575
f 5708 6576 4630
f 5708 5090 6576
f 5037 6577 4555
f 4069 6345 6577
f 4555 6578 5420
f 4555 6579 6578
f 6577 6579 4555
f 5064 4323 6579
f 4106 6580 6333
f 4666 5713 6580
f 6815 6581 4006
f 5383 4561 6581
f 7165 6582 5549
f 4944 4226 6582
f 4946 6583 4352
f 4946 5518 6583
f 6628 6584 5026
f 6803 4008 5658
f 6407 6585 5110
f 4248 5109 6585
f 5640 6586 4639
f 4126 5423 6586
f 5338 6587 3955
f 5338 4385 6587
f 5476 6588 4580
f 3985 6212 6588
f 4451 6589 5239
f 4892 5746 6589
f 5922 6590 4075
f 5555 4583 6590
f 4583 6591 5417
f 4583 6592 6591
f 6723 6592 4009
f 4993 6591 6592
f 4920 6593 6354
f 4920 6311 6593
f 6778 6594 5165
f 4601 5395 6594
f 4997 6595 4234
f 4997 4100 6775
f 7336 6596 4701
f 5533 4436 6596
f 6603 6597 4560
f 6189 4499 6597
f 5258 6598 4116
f 5258 4662 6598
f 5048 6599 4624
f 6134 3955 6599
f 4247 6600 5086
f 4247 6750 6600
f 6312 6601 4935
f 4482 6314 6601
f 7306 6602 4317
f 5158 4427 6602
f 6709 6603 4180
f 5047 6597 6603
f 5212 6604 4153
f 4759 6234 6604
f 6280 6605 4724
f 3942 5153 6605
f 4041 7114 5477
f 4335 6444 6606
f 5933 6714 4628
f 4103 7021 6607
f 5890 6608 4392
f 6607 4826 6608
f 5375 6609 4260
f 5375 4517 6609
f 5692 6610 4815
f 5661 5556 6610
f 4252 6611 5140
f 5141 4453 6611
f 5387 6612 3976
f 5387 4456 6612
f 4134 7402 4995
f 4773 6437 6613
f 4040 6614 5482
f 4040 5271 6614
f 5476 6615 3985
f 5476 4496 6615
f 4669 6616 6224
f 4669 6952 6616
f 6618 6617 4709
f 5026 7044 6617
f 6442 6618 4709
f 6628 4620 6584
f 4148 6619 5939
f 4148 5619 6619
f 6621 6620 4182
f 4755 6483 6620
f 5771 6818 4182
f 4756 6260 6621
f 39 6622 5199
f 39 38 6622
f 4421 6623 5518
f 4421 5127 6623
f 7424 6624 5337
f 5180 4167 6624
f 4770 6625 6489
f 6639 5182 7287
f 3868 6626 3867
f 5244 6799 6626
f 6940 6627 4633
f 5150 4128 6627
f 4081 6628 6618
f 4081 5334 6628
f 4564 6629 5137
f 5897 3986 6629
f 6761 6630 5044
f 4263 5209 6630
f 5411 6631 4563
f 5411 4789 7181
f 6516 6632 4140
f 6516 5051 6632
f 4550 6633 6125
f 5057 4113 6633
f 5872 6634 4708
f 4026 5059 6634
f 5331 6635 4082
f 4585 5402 6635
f 7238 6636 4831
f 4139 5776 6636
f 6642 6637 5241
f 3950 6241 6637
f 5315 6638 4592
f 4110 6076 6638
f 4770 6639 6625
f 4770 6253 6639
f 6586 6640 4639
f 5227 4024 6640
f 5171 6641 5682
f 5171 4484 6641
f 3950 6642 5218
f 3950 6637 6642
f 5472 7307 4949
f 4026 5872 6643
f 5635 6644 3997
f 6825 4795 6203
f 6683 6645 5635
f 4217 5315 6645
f 5709 6646 4610
f 4383 5844 6646
f 5344 6647 4328
f 4637 7550 6647
f 7240 6648 4413
f 5196 7024 6648
f 5813 6649 4402
f 5685 4679 6649
f 5588 6650 4179
f 4621 6754 6650
f 5321 6651 4632
f 4163 7558 6651
f 6335 6652 4999
f 4632 5409 6652
f 5204 6653 4098
f 4566 6673 6653
f 6105 6654 4566
f 6105 5072 6654
f 6136 6655 5035
f 4441 6552 6655
f 5296 6656 4540
f 5296 4276 6656
f 6764 6657 5020
f 4483 5276 6657
f 36 6658 37
f 6185 4586 6658
f 5455 7028 4322
f 4827 7014 6659
f 6668 6660 5343
f 7154 4114 5682
f 5718 6661 5133
f 5718 4367 6661
f 5272 6662 4105
f 5272 4294 6662
f 5022 6663 4606
f 5022 5973 6663
f 5384 6664 4606
f 7570 5021 5760
f 7362 6665 4213
f 4606 5511 6665
f 7476 6666 4830
f 4445 6088 6666
f 5297 6667 4578
f 4276 5257 6667
f 6660 6668 4636
f 5343 4434 6668
f 4636 6669 6660
f 4636 5320 6669
f 5829 6670 4390
f 6857 3952 5443
f 4426 6671 5212
f 4426 5969 6671
f 7564 6672 4487
f 5403 4290 6672
f 4327 6673 5586
f 5177 6653 6673
f 6754 6674 3940
f 5005 6550 6674
f 6144 6675 4649
f 6144 4879 6675
f 6933 6676 4183
f 4569 6677 6676
f 6676 6677 5038
f 4569 5835 6677
f 7087 6678 3988
f 5717 4599 6678
f 7616 6679 4200
f 4599 5243 6679
f 7209 6680 4465
f 5213 4049 6680
f 163 6681 162
f 5233 4537 6681
f 6216 6682 5202
f 6216 4362 6682
f 6457 6683 5525
f 4217 6645 6683
f 7556 7197 5257
f 4506 5534 6684
f 4261 6685 5148
f 4942 5719 6685
f 7117 6720 4251
f 5221 4587 6686
f 4124 6687 5221
f 7167 4730 6081
f 6101 6688 4811
f 4450 6099 6688
f 5191 6689 4504
f 5191 4261 6689
f 189 6690 188
f 189 5575 6690
f 4273 6691 5237
f 5138 4444 6691
f 5147 6692 3937
f 5147 4420 6692
f 4954 6693 4681
f 4185 6710 6693
f 7055 6694 5108
f 4557 6037 6694
f 6493 6695 4687
f 4652 5981 6695
f 4073 6696 4955
f 5408 4469 6696
f 7204 6697 4127
f 4602 6175 6697
f 80 6698 81
f 80 79 7054
f 5941 6699 4490
f 4699 5363 6699
f 4364 6700 5731
f 7130 4956 6071
f 5521 6701 4178
f 4574 6901 6701
f 6568 7112 4574
f 4188 6800 6702
f 5955 6768 4246
f 4794 7512 6703
f 4331 6704 5040
f 4331 7508 6704
f 5500 6705 4146
f 5500 4429 6705
f 5079 6706 5961
f 5273 4269 6706
f 5451 6707 4651
f 4887 6710 6707
f 5926 6708 4433
f 5926 7038 6708
f 6542 6709 4576
f 5047 6603 6709
f 5184 6710 5887
f 4185 6707 6710
f 4332 6711 5038
f 6302 5300 6711
f 7521 6712 5365
f 4361 5726 6712
f 7603 6713 4958
f 5055 6255 6713
f 6880 6714 4972
f 4103 6607 6714
f 5110 6715 4035
f 5110 6585 6715
f 5496 6716 3999
f 6717 4191 6505
f 4807 6717 6716
f 4807 6142 6717
f 4226 6718 6582
f 5055 4612 6718
f 4525 6719 5216
f 4525 5256 6719
f 6686 6720 5221
f 6686 4251 6720
f 5874 6721 4805
f 3936 5236 6721
f 5348 6722 4706
f 5348 5929 6722
f 6405 6723 4706
f 4993 6592 6723
f 6405 6724 4266
f 4706 7073 6724
f 4535 6725 5418
f 4870 5757 6725
f 6897 6726 4678
f 3995 7066 6726
f 165 6727 164
f 5795 4667 6727
f 4197 6728 5186
f 4197 5172 6728
f 5172 6729 4634
f 5172 5978 6729
f 5974 6730 4101
f 5186 6728 6730
f 4550 6731 6091
f 5350 3890 6731
f 4140 6732 5275
f 6632 4762 6732
f 6359 6733 4546
f 5079 4320 6733
f 7357 6734 5357
f 4886 5795 7467
f 5412 6735 6464
f 4547 6560 6735
f 5805 6736 4083
f 5142 4622 6736
f 5564 6737 4321
f 5564 6442 6737
f 5563 6738 4025
f 4619 5033 6738
f 4093 6739 5788
f 5622 4883 6739
f 6703 6768 4794
f 4723 6374 6740
f 6675 6741 3974
f 4879 4585 6741
f 6743 6742 4584
f 5331 4082 6742
f 6742 6743 5331
f 4584 5306 6743
f 7121 6744 4012
f 4584 7256 6744
f 4243 6745 5198
f 4243 5197 6745
f 4428 6746 5426
f 5677 5425 6746
f 5618 6747 4850
f 4379 5494 6747
f 3876 6748 3875
f 5385 4700 6748
f 3991 6749 5451
f 5612 4664 6749
f 7378 6750 4247
f 5305 4369 6750
f 4529 6751 5131
f 5946 3944 6751
f 7478 6752 4488
f 5458 4207 6752
f 4265 6753 5431
f 4265 5295 6753
f 5268 6754 3940
f 5268 6650 6754
f 4327 6755 5588
f 4327 5587 6755
f 4995 6756 5122
f 4995 6435 6756
f 5286 6757 3984
f 5889 4903 6757
f 5405 6758 4597
f 4290 5013 6758
f 5405 6759 4054
f 4597 5197 6759
f 7413 6760 4011
f 5056 5741 7612
f 4708 6761 5044
f 4708 6634 6761
f 6622 6762 5199
f 4715 7334 6762
f 5681 6763 4380
f 5681 4080 7426
f 6243 6764 5117
f 6243 4483 6764
f 5520 6765 3944
f 4600 6766 6765
f 5103 6766 4209
f 4600 6353 6766
f 5691 6767 4626
f 181 182 6767
f 4246 6768 6703
f 5955 4723 6768
f 6136 6769 3938
f 5035 4337 7235
f 50 6770 51
f 50 5089 6770
f 4010 6771 5165
f 4774 5808 6772
f 6771 6772 4672
f 6771 4774 6772
f 5046 6773 4658
f 5046 6555 6773
f 7570 6774 5021
f 3973 5398 6774
f 6595 6775 4614
f 6595 4997 6775
f 6919 6776 4970
f 6176 4578 6776
f 5396 6777 4071
f 4601 6778 6777
f 6594 6778 4601
f 4249 5228 6778
f 4798 6779 6294
f 4798 6972 6779
f 4458 6780 6082
f 4458 6084 6780
f 5120 7301 4130
f 4841 5735 6781
f 4204 6782 6337
f 4534 6336 6782
f 5404 6783 4117
f 4857 4400 6783
f 6023 6784 4572
f 6023 4300 6784
f 6152 6785 5249
f 4453 5576 6785
f 5426 6786 4428
f 5426 4080 6786
f 3985 6787 6050
f 3985 6615 6787
f 4510 6788 6077
f 4668 6789 6788
f 6788 6789 5859
f 4668 6510 6789
f 4441 6790 5576
f 5252 6893 6790
f 7125 6791 4410
f 5016 5801 6791
f 4409 6792 5827
f 4907 5883 6792
f 5755 6793 4019
f 5755 6888 6793
f 7403 6794 5144
f 4773 5558 6794
f 4155 6795 5864
f 6796 4670 5729
f 4155 6796 6795
f 4155 5045 6796
f 99 6797 5761
f 98 5339 6797
f 5096 6798 4693
f 4304 6266 6798
f 4275 6799 5244
f 4275 6329 6799
f 5099 6800 4663
f 5099 6702 6800
f 4496 6801 5592
f 5001 6967 6801
f 5304 6802 4314
f 4743 7166 6802
f 4620 6803 6584
f 4620 5849 6803
f 4188 6804 5142
f 4188 7112 6804
f 5520 6805 4974
f 3944 5946 6805
f 4423 6806 6004
f 6885 4730 6508
f 7368 6807 4289
f 7312 4158 6905
f 4805 6808 6807
f 4805 6721 7537
f 6224 6809 4166
f 5063 4293 7547
f 4278 6810 5302
f 5411 4563 6810
f 7565 6811 5303
f 4278 5302 6811
f 6811 6812 5303
f 4616 5533 7336
f 7517 6813 5707
f 4309 5691 6813
f 6815 6814 4625
f 5251 4258 6814
f 5383 6815 4625
f 5383 6581 6815
f 5111 6816 4625
f 5111 4256 6816
f 5962 6817 4016
f 4835 5488 7563
f 4756 6818 5298
f 6621 4182 6818
f 5819 6819 4091
f 5819 4615 6819
f 5569 6820 5539
f 5569 4373 6820
f 5314 6821 5313
f 5314 27 6821
f 4834 6822 6490
f 4834 5544 6822
f 4661 6823 5689
f 3957 6884 6823
f 5665 6824 4396
f 6924 4087 5539
f 4592 6825 6644
f 4592 6638 6825
f 5371 6826 4635
f 5371 7009 6826
f 7245 6827 5370
f 4137 7269 6827
f 4951 6828 4635
f 4192 5325 6828
f 5733 6829 4694
f 4088 5609 6829
f 4011 6830 6487
f 4910 6911 6830
f 5954 6831 4184
f 6234 4966 6831
f 6833 6832 4689
f 5754 4157 6832
f 6832 6833 5754
f 4689 5333 6833
f 6637 6834 5241
f 4644 7308 6834
f 6240 6835 4468
f 5794 4644 6835
f 4911 6836 5381
f 4911 6306 6836
f 4595 6837 5506
f 5543 7012 6837
f 5507 6838 4689
f 5508 3989 6838
f 5120 6839 4264
f 4680 6840 6839
f 5512 7597 4680
f 184 185 6840
f 5404 7305 5013
f 4687 6695 6841
f 5182 6842 4449
f 5182 3982 6842
f 4373 6843 5457
f 4373 6953 6843
f 5906 6844 3933
f 5906 4763 6844
f 5802 6845 4432
f 6204 4544 6845
f 5288 6846 4983
f 5288 88 6846
f 5979 6847 4298
f 4643 6261 6847
f 5084 6848 4833
f 6181 4172 6848
f 6353 6849 5519
f 4600 5520 6849
f 5111 6850 6208
f 4059 6240 6850
f 7008 7481 4234
f 4807 5496 6851
f 4294 6852 6340
f 4294 5433 6852
f 5667 6853 4802
f 4170 5528 6853
f 7469 6854 5226
f 4912 3911 6854
f 4992 6855 4335
f 4916 6048 6855
f 4515 6856 5766
f 4070 6155 6856
f 4863 6857 6670
f 4863 6089 6857
f 23 6858 24
f 23 6469 6858
f 6056 6859 4470
f 6056 4339 6859
f 5216 6860 4525
f 5216 4253 6860
f 6036 6861 4629
f 5043 5984 6861
f 6484 6862 4405
f 6774 4684 6862
f 6811 6863 4616
f 5302 4091 6863
f 4470 6864 6058
f 4470 6057 6864
f 4525 6865 5256
f 5255 4255 6865
f 6297 6866 3958
f 5162 5858 6866
f 6924 6867 4087
f 6478 4580 6867
f 5605 6868 191
f 4638 5575 6868
f 5581 6869 4338
f 5581 5124 6869
f 5462 6870 3981
f 5462 4752 6870
f 5229 6871 4752
f 5229 4356 6871
f 6338 6872 4175
f 5128 7515 6872
f 5448 6873 4303
f 5448 5912 6873
f 5331 6874 4585
f 5331 4274 6874
f 5818 6875 4208
f 5292 4824 6875
f 7312 6876 4804
f 5277 5278 6876
f 4143 6877 6011
f 4143 6171 6877
f 5194 6878 5634
f 4646 5386 6878
f 5194 6879 4646
f 6475 4475 6879
f 5944 6880 4530
f 5944 4103 6880
f 4923 6881 6198
f 4224 5573 6881
f 4615 6882 6355
f 5819 4563 6882
f 4096 6883 5511
f 4096 5156 6883
f 6465 6884 5265
f 4836 6453 6884
f 4647 6885 6806
f 4647 6081 6885
f 6014 6886 4447
f 4792 4831 6886
f 7049 6887 4260
f 5287 5471 6887
f 6793 6888 4642
f 5755 4397 6888
f 6616 6889 5063
f 4259 5061 6889
f 5166 6890 4189
f 5166 6221 6890
f 5931 6891 5071
f 4744 6079 6891
f 163 6892 5233
f 164 6727 6892
f 6790 6893 4257
f 5252 4512 6893
f 4257 6894 5249
f 4257 6893 6894
f 5251 6895 4258
f 4641 6252 6895
f 6256 6896 4958
f 4121 5838 6896
f 5838 6897 4678
f 4424 5840 6897
f 7189 6898 3983
f 6027 4775 6898
f 6010 6899 4992
f 4304 6798 6900
f 6207 6900 5096
f 4916 6899 6900
f 3991 7511 5099
f 4981 6701 6901
f 6332 6902 4991
f 4230 6000 6902
f 46 6903 47
f 5440 4813 6903
f 6977 6904 4575
f 6049 4112 6904
f 5277 6905 5497
f 5277 7312 6905
f 5671 6906 5822
f 4674 5744 6906
f 5342 6907 4674
f 4905 6979 6907
f 5342 6908 4167
f 5342 4674 6908
f 4447 6909 5407
f 4447 6013 6909
f 5941 7161 4699
f 105 104 6910
f 4553 6911 5864
f 4910 6173 6911
f 5530 6912 4703
f 3908 3909 6912
f 6019 6913 5061
f 4387 6097 6913
f 4565 6914 5204
f 4565 7178 6914
f 6491 6915 4945
f 6491 6470 6915
f 6917 6916 4749
f 4941 6104 6916
f 5725 7313 4749
f 3999 6716 6917
f 4734 6918 5981
f 6244 5198 6918
f 4507 6919 4970
f 4969 5554 6919
f 4386 6920 5764
f 4919 6108 6920
f 5393 6921 4298
f 5393 4415 6921
f 4791 7491 5955
f 6922 7263 7262
f 4929 6923 4749
f 4929 7363 6923
f 4716 6924 6824
f 4716 6478 6924
f 5476 6925 4496
f 6478 4716 6925
f 4629 6926 6036
f 6625 4315 6926
f 4213 6927 5725
f 4213 6665 6927
f 6310 6928 5213
f 4729 6279 6928
f 4216 6929 5847
f 4216 6151 6929
f 7405 6930 5566
f 3947 5475 6930
f 5475 6931 4695
f 4979 5989 6931
f 5892 6932 4409
f 5025 7533 6932
f 6676 6933 5145
f 4183 5449 6933
f 4497 6934 5541
f 5240 6466 6934
f 4030 6935 6186
f 6503 4573 6935
f 6910 6936 4699
f 5364 4291 6936
f 6938 6937 4647
f 7121 5306 6744
f 6806 6938 4647
f 4423 6002 6938
f 4647 6939 6081
f 4012 6348 6939
f 4212 6940 5712
f 5150 6627 6940
f 7520 6941 5427
f 4078 5686 6941
f 6182 6942 4801
f 4202 5481 6942
f 5587 6943 4621
f 5587 4229 6943
f 6545 6944 5053
f 4581 5915 6944
f 7073 6945 4742
f 6872 4656 6945
f 5717 6946 4599
f 5717 4216 6946
f 7611 7207 5072
f 6949 4843 7133
f 6654 6948 3998
f 6947 4858 6948
f 4240 6949 6947
f 7479 6227 4843
f 5169 6950 4052
f 4738 5458 6950
f 4990 6951 4214
f 4738 5169 6951
f 6616 6952 5288
f 4669 6278 7516
f 4460 6953 5569
f 4460 7387 6953
f 7138 6954 4746
f 4182 6620 6954
f 5554 6955 4187
f 6954 4866 6955
f 6957 6956 4649
f 5883 4404 6956
f 7116 6957 5340
f 4089 5883 6957
f 6959 6958 4222
f 4675 5280 6958
f 6960 6959 4222
f 4873 7061 6959
f 5915 6960 4222
f 4961 6062 6960
f 3996 6961 5947
f 4964 5459 6961
f 6690 6962 188
f 6459 5389 6962
f 5399 6963 6085
f 4687 7305 6963
f 5210 6964 4704
f 5210 4107 6964
f 6155 6965 4757
f 4521 6154 6965
f 7196 6966 4985
f 4648 5919 6966
f 6801 6967 4186
f 5001 6143 6967
f 6969 7507 4654
f 4218 6135 6968
f 6997 6969 4009
f 7507 6968 4654
f 4382 6970 5596
f 4382 6426 6970
f 4428 6971 5666
f 4428 6786 6971
f 5958 6972 4798
f 5958 3945 6972
f 6974 6973 4653
f 5677 4428 6973
f 5243 7415 4653
f 4066 5677 6974
f 4653 6975 5243
f 4653 5125 7470
f 5201 6976 4607
f 5201 7047 6976
f 4467 6977 6213
f 4963 6904 6977
f 4163 6978 5844
f 5525 4610 6978
f 6907 6979 4376
f 4905 3960 6979
f 7567 6980 4938
f 5634 3976 6980
f 4946 6981 4421
f 4946 3970 6981
f 4379 7126 5352
f 4808 7127 7169
f 5709 6983 4383
f 4985 6966 6983
f 6985 6984 4824
f 7250 6326 4215
f 5292 6985 4824
f 4030 6186 6985
f 6161 6986 4825
f 6984 4215 6986
f 7144 6987 4750
f 5602 4375 6987
f 5000 6988 3905
f 5736 4943 6988
f 5589 6989 4675
f 4039 5280 6989
f 7061 6990 4675
f 5089 4326 6990
f 5430 7566 4198
f 7566 7370 6991
f 6024 6992 4779
f 4511 6372 6992
f 5323 6993 5636
f 4696 7090 6993
f 7258 6994 4487
f 5693 4979 6994
f 4370 6995 5510
f 5547 6119 6995
f 4084 6996 5262
f 4084 5578 6996
f 4868 6997 5555
f 4868 6969 6997
f 6027 6998 4775
f 4839 6130 6998
f 4340 6999 5621
f 5097 4165 6999
f 5524 7000 4987
f 5250 4258 7000
f 5392 7001 4070
f 5392 4384 7001
f 7220 7002 5109
f 7069 4852 5234
f 7002 7003 5109
f 7002 5234 7003
f 7005 7004 5242
f 4757 6965 7004
f 4227 7005 5242
f 4227 5766 7005
f 5408 7006 5751
f 5408 4299 7006
f 5041 7007 5840
f 4668 6075 7007
f 7429 7008 4234
f 6829 4901 7008
f 5544 7009 5371
f 5544 5413 7009
f 5845 7010 4671
f 5845 5294 7010
f 7146 7011 4236
f 5189 4671 7011
f 5431 7012 4671
f 4079 6837 7012
f 110 7013 111
f 7529 5577 4665
f 6659 7014 4665
f 7229 5138 6691
f 5780 7015 5209
f 5780 4651 7015
f 5656 7016 4921
f 4811 7192 7016
f 4176 7017 5674
f 5420 4589 7017
f 7218 7018 4787
f 4952 5967 7018
f 4603 7019 6033
f 5030 5863 7019
f 6035 7020 4705
f 6035 4107 7020
f 6607 7021 4826
f 4103 5131 7021
f 5390 7022 4283
f 5390 4700 7022
f 6382 7023 4700
f 4528 5997 7023
f 4494 7024 6148
f 3962 6648 7024
f 5473 7025 4774
f 5473 4164 7025
f 4590 7026 5315
f 6242 6327 7026
f 5231 7027 5704
f 5231 4015 7027
f 4322 7028 6659
f 5455 4043 7028
f 5432 7029 4294
f 5432 3957 7030
f 6823 7030 3957
f 4661 7029 7030
f 6447 7031 4007
f 5253 7152 7031
f 5219 7032 5472
f 5219 4178 7032
f 4732 7033 5540
f 5446 4809 7396
f 4176 7034 6390
f 5674 4552 7034
f 3987 7035 5297
f 3987 5460 7035
f 6018 7036 4452
f 5008 4396 7036
f 4670 7037 6012
f 4670 6114 7037
f 6708 7038 4651
f 5926 3991 7038
f 4947 7039 5146
f 3939 5618 7039
f 5001 7040 6143
f 4086 5378 7040
f 3994 7041 5896
f 5401 4636 7041
f 4229 7042 5006
f 5587 4327 7042
f 7124 7043 5316
f 3943 7176 7043
f 5782 7044 4673
f 5782 4865 7044
f 4537 7045 5833
f 4537 5233 7045
f 6843 7046 5457
f 4061 5362 7046
f 6976 7047 4190
f 5201 6187 7047
f 5707 7048 4796
f 6781 4660 7048
f 5287 7049 4489
f 5287 6887 7049
f 5800 7050 4262
f 5034 5977 7050
f 6097 7051 5500
f 4387 5136 7051
f 4305 7052 5466
f 5247 4900 7052
f 4686 7053 6060
f 6010 4992 7053
f 6175 7054 4999
f 4602 6698 7054
f 4022 7538 5108
f 5479 4557 7055
f 4114 7056 5734
f 4904 5696 7056
f 5939 7057 4710
f 6619 4709 7057
f 5939 7058 4765
f 4710 6287 7058
f 4287 7059 5395
f 5130 7408 7545
f 6674 7060 3940
f 5391 4312 7060
f 6959 7061 4675
f 4873 6770 7061
f 4132 7062 5652
f 4132 5263 7062
f 5225 7063 4786
f 5225 7492 7063
f 4495 7064 5379
f 5378 4351 7064
f 5149 7065 4931
f 5149 4232 7065
f 6726 7066 4778
f 3995 5279 7066
f 6226 7067 4205
f 5740 4778 7067
f 4619 7068 5033
f 5619 4148 7068
f 3954 7069 7002
f 3954 5552 7069
f 5552 7070 4852
f 4241 6261 7070
f 4201 7071 5307
f 5032 5896 7071
f 6771 7072 5165
f 4672 5340 7072
f 6724 7073 4742
f 6722 4175 7073
f 5636 7074 4676
f 3959 7275 7074
f 5564 7075 4676
f 4321 5636 7075
f 5756 7076 4078
f 5333 4571 7076
f 7078 7077 4865
f 4492 6288 7077
f 5626 7485 4865
f 5042 6286 7078
f 6086 7079 4033
f 6331 5003 7079
f 4538 7080 5959
f 4538 6431 7080
f 6556 7081 5113
f 4118 5762 7081
f 6111 7082 4859
f 4736 5762 7082
f 187 7083 186
f 5389 7331 7083
f 5761 7084 100
f 4769 5596 7084
f 5905 7085 4279
f 6554 4965 7085
f 7226 7086 4711
f 5020 6657 7086
f 5652 7087 4762
f 4761 5717 7087
f 5717 7088 4216
f 4761 7062 7088
f 6428 7089 4156
f 4696 5323 7089
f 6333 7090 4696
f 4650 6502 7090
f 28 7091 5932
f 28 27 7091
f 5464 7092 5274
f 5961 6706 7092
f 5773 7093 4415
f 4692 5070 7093
f 5648 7094 5805
f 4748 5478 7094
f 6067 7095 5175
f 4454 6065 7095
f 4266 7096 5309
f 4266 5428 7096
f 4800 7097 5036
f 4800 5547 7097
f 5345 7098 4800
f 5439 3980 7098
f 6834 7099 4250
f 5360 4677 7099
f 4677 7100 5523
f 4677 6168 7100
f 5918 7101 4097
f 5918 6862 7101
f 5398 7102 4684
f 4286 5855 7102
f 6393 7103 5088
f 6086 4033 7103
f 4403 7104 5438
f 4403 6358 7104
f 4134 7105 5558
f 7105 7449 7448
f 5557 7106 4683
f 4319 5558 7106
f 4409 7107 5083
f 4409 5338 7107
f 5972 7108 4962
f 5972 5493 7108
f 6409 7109 4679
f 4288 7251 7109
f 5540 7110 4679
f 3966 5814 7110
f 6350 7111 4206
f 6350 4980 7111
f 6702 7112 4188
f 6702 4574 7112
f 7364 7113 4926
f 5503 7508 7113
f 5477 7114 6606
f 4041 7053 7114
f 5104 7115 4285
f 7498 4042 7194
f 4672 7116 5340
f 5809 4089 7116
f 6265 7117 5139
f 6265 5248 7117
f 3969 7118 5632
f 3969 5070 7118
f 5548 7119 5136
f 5548 86 7119
f 4287 7120 5396
f 5395 4601 7120
f 4848 7121 6937
f 4848 5330 7121
f 5486 7122 4720
f 5486 4462 7122
f 5662 7123 4150
f 5662 5627 7123
f 5627 7124 4720
f 3943 7043 7124
f 5974 7125 4410
f 4939 5016 7125
f 5135 7126 4379
f 5135 4808 7126
f 5036 7169 6053
f 4808 5868 7127
f 6285 7128 4724
f 6285 4794 7128
f 5807 7129 5095
f 5937 4221 7129
f 4364 7130 6700
f 4364 5732 7130
f 4654 7131 5956
f 4654 5550 7131
f 4982 7132 6380
f 5503 42 7132
f 6949 7133 4858
f 4843 5858 7133
f 6332 7134 5119
f 4541 7532 7134
f 6497 7135 4737
f 4919 4118 7135
f 5874 7136 3936
f 5044 6630 7136
f 4728 7137 5798
f 4728 5448 7137
f 5771 7138 4867
f 4182 6954 7138
f 5351 7139 4339
f 4746 5554 7139
f 5443 7140 4697
f 3952 7476 7140
f 4697 7141 5443
f 4697 5738 7141
f 7141 7142 4301
f 5738 4698 7142
f 5996 7143 4690
f 5996 3951 7143
f 6987 7144 4046
f 4750 5517 7144
f 6034 7145 4938
f 4360 5467 7145
f 5570 7146 4236
f 4712 5189 7146
f 5595 7147 4067
f 4712 5570 7147
f 5594 7148 4325
f 4712 5595 7148
f 5502 7149 4926
f 6094 4461 7149
f 5831 7219 4717
f 5830 4116 7150
f 5426 7151 5436
f 5426 6746 7151
f 5543 7152 4236
f 5543 4595 7152
f 6641 7153 4702
f 6308 4115 7153
f 6660 7154 4702
f 6669 4114 7154
f 7530 7155 5479
f 5769 6526 7155
f 6376 7156 4745
f 6239 4177 7156
f 6853 7157 4802
f 5513 4047 7157
f 5131 7158 7021
f 4393 5820 7158
f 5452 7159 4545
f 5452 4292 7159
f 6234 7160 4966
f 6234 4759 7160
f 6910 7161 105
f 6910 4699 7161
f 7477 7162 4000
f 5151 4628 7162
f 3979 7163 6100
f 5758 5060 7163
f 4853 7164 6079
f 4853 6120 7164
f 63 7165 64
f 4944 6582 7165
f 4451 7166 5850
f 5239 6802 7166
f 4124 7167 6687
f 4124 5459 7167
f 7437 7168 5275
f 4543 5400 7168
f 6982 7169 4038
f 6982 4808 7169
f 4312 7170 5312
f 4312 5694 7170
f 6381 7171 4973
f 6465 4171 7171
f 6320 7172 4872
f 7171 4171 7172
f 5988 7173 4142
f 5988 5510 7173
f 4614 7174 5468
f 4614 6775 7174
f 3980 7175 5968
f 5439 4884 7175
f 7177 7176 4759
f 5374 7043 7176
f 5212 7177 4759
f 4244 5374 7177
f 6361 7178 4565
f 6361 3956 7179
f 7178 7179 4744
f 3956 5322 7179
f 4073 7180 5368
f 4955 7404 7180
f 5411 7181 6631
f 4789 5988 7181
f 4051 7182 5865
f 4051 6088 7182
f 5865 7183 4446
f 5865 7182 7183
f 5060 7184 4141
f 4803 6422 7184
f 5567 7185 5113
f 5567 4595 7185
f 4635 7186 5371
f 5325 4855 7186
f 4060 7187 5559
f 5080 6011 7187
f 6084 7188 4840
f 4146 6705 7188
f 6780 7189 4754
f 4840 6898 7189
f 5088 7190 5975
f 4358 6245 7190
f 5792 7191 4061
f 5792 4430 7191
f 6688 7192 4811
f 4842 5831 7192
f 7194 7193 4722
f 5245 6329 7193
f 7115 7498 4722
f 4042 5245 7194
f 4804 7195 5282
f 4804 6876 7195
f 6966 7196 4648
f 4985 5709 7196
f 5257 7197 6684
f 4933 6217 7197
f 4223 7198 5976
f 4223 7226 7198
f 7159 7199 5415
f 4292 5416 7199
f 6285 7200 4245
f 6605 5153 7200
f 3961 7201 5965
f 3961 6063 7201
f 7566 7202 4721
f 5430 4266 7202
f 5368 7203 4073
f 5368 7370 7203
f 6130 7204 4127
f 4776 6205 7204
f 5620 7205 4340
f 5620 5739 7205
f 7398 7206 4989
f 4896 6551 7206
f 6947 7207 4240
f 6947 5072 7207
f 5516 7208 4790
f 5363 4291 7208
f 4244 7209 5374
f 5213 6680 7209
f 4043 7210 5091
f 4957 5593 7210
f 6233 7211 5206
f 6233 4491 7211
f 4851 7212 5424
f 7506 5991 33
f 5010 7213 5422
f 5010 4416 7213
f 46 7214 5440
f 45 5637 7214
f 6803 7215 4008
f 4786 6127 7215
f 7277 7216 4272
f 5504 5225 7216
f 5157 7217 5357
f 5924 4280 7217
f 7320 7218 4787
f 4455 6119 7218
f 4390 7219 5831
f 5830 7150 7219
f 6037 7220 5109
f 4765 7058 7220
f 3883 7324 3882
f 6103 4906 7221
f 5534 7222 4508
f 5534 5623 7222
f 5529 7223 4437
f 5529 3960 7223
f 7223 7224 4437
f 7223 5308 7224
f 161 7225 160
f 161 5714 7225
f 5020 7226 4223
f 5020 7086 7226
f 4691 7227 5178
f 5894 4109 7227
f 5884 7228 6203
f 4436 5885 7228
f 4827 7229 7014
f 4827 5138 7229
f 4660 7230 6496
f 5735 6495 7230
f 6355 7231 3949
f 4861 6066 7231
f 5436 7232 4080
f 5436 4513 7232
f 6903 7233 47
f 4813 5590 7233
f 6192 7234 5911
f 4152 5724 7234
f 6769 7235 4714
f 4337 5601 7235
f 5450 7236 4108
f 4714 7235 7236
f 6870 7237 3981
f 5183 4792 7237
f 5631 7238 4792
f 5631 4139 7238
f 7224 7239 4719
f 4440 5943 7239
f 5912 7240 4413
f 5912 5197 7240
f 4741 7241 6228
f 4741 6028 7241
f 5876 7242 4727
f 5876 3984 7242
f 5092 7243 5595
f 5593 4325 7243
f 5551 7244 4948
f 4281 5472 7244
f 6117 7245 4817
f 4137 6827 7245
f 5349 7246 4440
f 5349 6117 7246
f 4819 7247 5898
f 4819 5843 7247
f 3988 7248 5014
f 6678 4599 7248
f 6309 7249 5058
f 6350 4206 7249
f 5011 7250 6984
f 5011 5659 7250
f 7109 7251 5540
f 4288 5497 7251
f 7365 7252 4732
f 4235 5446 7252
f 5713 7253 4227
f 5114 6420 7253
f 4851 7254 5425
f 4851 5424 7254
f 4020 7255 5442
f 4020 6172 7255
f 4395 7256 5811
f 5017 6744 7256
f 3885 7257 6080
f 3886 5908 7257
f 7259 7258 6140
f 4728 5693 7258
f 5448 7259 4054
f 4728 7258 7259
f 5992 7260 4739
f 4417 5847 7260
f 34 7261 35
f 4739 6185 7261
f 6922 7262 4723
f 4745 5266 7262
f 6177 7263 3972
f 6376 4745 7263
f 6425 7264 4176
f 5037 5420 7264
f 6148 7265 4494
f 6148 4243 7265
f 4343 7266 5298
f 5381 6836 7266
f 7337 7269 4816
f 4137 6117 7267
f 5572 7268 4346
f 7267 4818 7268
f 7267 7269 4137
f 7267 4816 7269
f 5473 7270 4514
f 6368 4010 7270
f 7415 7271 4066
f 5121 5847 7271
f 4075 7272 5599
f 5417 4559 7272
f 3879 7273 3878
f 5597 4348 7273
f 5545 7274 3993
f 5545 4533 7274
f 7074 7275 5698
f 3959 5115 7275
f 7277 7276 5504
f 4758 5242 7276
f 5698 7277 4272
f 4758 7276 7277
f 6252 7278 4987
f 4060 5559 7278
f 6078 7279 4909
f 4029 5614 7279
f 7328 7280 5266
f 4725 5615 7280
f 6018 7281 5380
f 4452 6197 7281
f 6362 7282 4565
f 4812 5369 7282
f 6209 7283 3945
f 5304 5489 7283
f 5017 7284 6348
f 5017 5684 7284
f 5698 7285 4676
f 5698 4272 7285
f 5432 7286 4953
f 6340 4577 7286
f 4315 7287 5498
f 5182 5796 7287
f 4098 7288 6362
f 6392 4564 7288
f 4717 7289 5573
f 4717 7150 7289
f 5628 7290 4516
f 5185 4121 7290
f 4903 7291 6809
f 5889 5285 7291
f 4147 7292 5214
f 4147 5748 7292
f 5527 7293 4195
f 5527 4392 7293
f 4542 7294 6499
f 6373 4825 7294
f 4978 7295 6186
f 4232 5659 7295
f 5608 7296 4783
f 4074 6115 7296
f 5583 7297 4688
f 5583 4366 7297
f 5185 7298 4509
f 4799 6471 7298
f 4375 7299 5784
f 4375 5602 7299
f 5986 7300 4740
f 6570 4254 7300
f 5867 7301 5120
f 4841 6781 7301
f 6600 7302 5086
f 4806 6138 7302
f 6600 7303 4806
f 5094 7538 7303
f 5873 7304 4388
f 5873 4975 7304
f 5013 7305 6841
f 5404 6963 7305
f 6301 7409 4317
f 5215 6283 7306
f 6643 7307 4026
f 6643 4949 7307
f 5794 7308 4644
f 5794 4112 7308
f 7321 7309 4920
f 5269 4279 7309
f 4735 7310 5649
f 4735 6044 7310
f 7580 7311 4307
f 5450 4735 7311
f 6808 7312 4804
f 6808 4158 7312
f 6917 7313 3999
f 5725 4609 7313
f 3945 7314 6209
f 5958 4556 7314
f 3996 7315 6496
f 5947 4796 7315
f 7614 7316 4741
f 6494 4211 7316
f 4839 7317 6130
f 4429 6074 7317
f 4567 7318 5606
f 4567 5211 7318
f 6525 7319 4934
f 6316 4003 7319
f 4455 7320 6118
f 4787 5952 7320
f 6354 7321 4920
f 6354 3949 7321
f 5495 7322 5153
f 5495 5178 7322
f 7553 7323 4809
f 5671 4377 7323
f 7221 7324 6103
f 7221 3882 7324
f 4256 7325 5173
f 6208 4468 7325
f 6515 7326 6023
f 4027 6704 7326
f 5061 7327 4016
f 5061 6913 7327
f 6250 7328 5266
f 6250 4909 7328
f 4458 7329 6084
f 4838 6097 7329
f 5075 7330 5710
f 4264 6839 7330
f 7083 7331 4869
f 5389 4295 7331
f 7541 7332 4781
f 5598 4348 7332
f 6174 7333 3880
f 4781 5597 7333
f 5862 7334 4715
f 5862 4132 7334
f 7089 7335 4156
f 5323 4321 7335
f 5860 7336 4701
f 6812 4616 7336
f 7353 7337 4816
f 5668 4951 7337
f 5181 7338 5897
f 5181 4499 7338
f 4727 7339 5876
f 5798 7137 7339
f 7047 7340 4190
f 7047 4779 7340
f 6290 7341 4496
f 6290 4086 7341
f 7343 7342 4747
f 4171 6465 7342
f 7344 7343 4747
f 4560 6479 7554
f 6603 7344 4180
f 6603 4560 7344
f 5565 7345 6225
f 4783 7296 7345
f 5361 7346 5994
f 4682 5995 7346
f 5825 7347 4685
f 5825 4017 7347
f 7591 7348 4896
f 5311 4138 7348
f 5843 7349 4028
f 5326 4965 7349
f 7569 7350 5328
f 4285 7115 7350
f 5328 7351 4940
f 7350 4722 7351
f 3960 7352 5349
f 3960 5810 7352
f 4035 7353 5572
f 4035 5668 7353
f 4449 7354 5796
f 6047 5727 7354
f 4366 7355 5584
f 5722 4713 7355
f 5804 7356 5358
f 5804 5434 7356
f 5704 7357 4280
f 4886 6734 7357
f 4407 7358 5372
f 5562 4196 7358
f 5911 7359 5229
f 4289 5282 7359
f 6180 7360 5268
f 4501 6179 7360
f 6712 7361 4057
f 4788 7362 7363
f 5384 7362 4788
f 5384 6665 7362
f 7361 7363 4929
f 7362 4213 7363
f 5637 7364 4926
f 43 42 7364
f 5497 7365 4732
f 5497 4443 7365
f 5440 7366 4813
f 4135 7486 7366
f 5720 7367 3998
f 5720 4480 7367
f 6807 7368 5874
f 4289 5911 7368
f 5866 7369 4913
f 4446 5758 7369
f 6991 7370 4751
f 4721 7203 7370
f 7180 7371 5368
f 4399 5799 7371
f 5626 7372 4036
f 5737 5179 7372
f 5541 7373 4525
f 5541 4062 7373
f 5232 7374 4280
f 5232 4880 7374
f 7565 7375 4278
f 5301 6005 7375
f 7189 7376 4754
f 3983 5421 7376
f 7376 7377 4754
f 7376 5421 7377
f 6059 7378 4247
f 6059 4681 7378
f 7573 7379 4847
f 6016 4478 7379
f 5028 7380 4510
f 5279 3995 7380
f 6194 7381 4760
f 6194 4782 7449
f 5937 7382 4221
f 4760 5122 7382
f 5290 7383 5289
f 5290 6232 7383
f 7385 7384 4785
f 6093 4005 7384
f 5971 7385 4785
f 4438 6093 7385
f 34 7386 5992
f 33 5991 7386
f 5792 7387 5081
f 5792 5019 7387
f 4444 7388 5237
f 5778 3930 7388
f 5258 7389 5949
f 4302 5445 7389
f 5673 7390 4382
f 4767 5271 7390
f 5579 7391 4133
f 4767 7390 7391
f 6573 7392 4270
f 5353 7615 7392
f 4780 7393 6544
f 4780 5952 7393
f 5891 7394 4733
f 5891 3937 7394
f 5596 7395 102
f 6970 5170 7395
f 7033 7396 3966
f 7033 5446 7396
f 5268 7397 6650
f 4874 6190 7397
f 6352 7398 4989
f 4268 6008 7591
f 4384 7399 5775
f 6550 4772 7399
f 5229 7400 4356
f 7359 5282 7400
f 6359 7401 5079
f 4029 6078 7401
f 4995 7402 6613
f 4134 5558 7402
f 4085 7403 5144
f 4085 6437 7403
f 4399 7404 5034
f 4955 5888 7404
f 5938 7405 4782
f 3947 6930 7405
f 4537 7406 5714
f 4537 6795 7406
f 6247 7407 4500
f 6247 4064 7407
f 4238 7408 5146
f 5130 7502 7408
f 4511 7409 5260
f 5215 7306 7409
f 7407 7410 4500
f 4833 7411 7410
f 5164 7411 4833
f 5164 5914 7411
f 4514 7412 5473
f 6458 4844 7412
f 5628 7413 4011
f 5628 4516 7413
f 4337 7414 5601
f 4337 5544 7414
f 4653 7415 6974
f 5243 5121 7415
f 114 7416 3934
f 113 6424 7416
f 5910 7417 3866
f 5910 6423 7417
f 6126 7418 4971
f 6967 4821 7418
f 6563 7419 4713
f 6563 3956 7419
f 5580 7420 3978
f 4768 7568 7420
f 4323 7421 5580
f 4323 5579 7421
f 4133 7422 5579
f 4133 5207 7422
f 7436 7423 5069
f 5820 4393 7423
f 4235 7424 5337
f 5743 4623 7424
f 4095 7425 6033
f 5163 6321 7425
f 5681 7426 6763
f 4080 7232 7426
f 4347 7427 5648
f 5646 4748 7427
f 5410 7428 3932
f 5410 5237 7428
f 6595 7429 4234
f 5480 4694 7429
f 5775 7430 4277
f 4772 5319 7430
f 6550 7431 4772
f 6550 5005 7431
f 6653 7432 4098
f 5177 5588 7432
f 7432 7433 4875
f 5588 4179 7433
f 5581 7434 4775
f 5581 4338 7434
f 5827 7435 5338
f 5827 5809 7435
f 6325 7436 5012
f 4037 7423 7436
f 5617 7437 4269
f 5617 4543 7437
f 4049 7438 5948
f 4049 5372 7438
f 5421 7439 5144
f 5421 6293 7439
f 4208 7440 5928
f 4208 6161 7440
f 4734 7441 6244
f 6456 4126 7441
f 6882 7442 4861
f 6631 4142 7442
f 7609 7443 5574
f 4777 5505 7443
f 3939 7444 5135
f 3939 5927 7444
f 4472 7445 5927
f 4472 5332 7445
f 5542 7446 4457
f 5542 4039 7446
f 5770 7447 4359
f 5770 5455 7447
f 4134 7449 7105
f 4782 5566 7448
f 6194 7449 7381
f 4782 7448 7449
f 5271 7450 6543
f 4040 5522 7450
f 4324 7451 5522
f 4324 5516 7451
f 5996 7452 4481
f 5996 4690 7452
f 4417 7453 5903
f 5991 4851 7453
f 6101 7454 4151
f 4811 5656 7454
f 4767 7455 6614
f 5579 4323 7455
f 31 7456 5424
f 30 29 7456
f 4065 7457 5456
f 4065 5952 7457
f 5456 7458 4267
f 5456 7457 7458
f 5244 7459 4940
f 5244 3868 7459
f 5853 7460 5207
f 4519 6030 7460
f 4552 7461 5837
f 6156 5835 7461
f 7099 7462 4250
f 5523 4526 7462
f 4681 7463 6559
f 5184 4856 7463
f 4813 7464 5590
f 5653 4326 7464
f 5340 7465 4249
f 5340 4649 7465
f 6154 7466 4123
f 6154 4791 7466
f 165 7467 5795
f 166 6734 7467
f 5480 7468 3975
f 5480 4614 7468
f 6321 7469 5226
f 4201 4912 7469
f 4200 7470 5537
f 6975 4653 7470
f 5631 7471 4139
f 4876 4394 7471
f 5551 7472 4281
f 5551 4531 7472
f 4536 7473 6511
f 5248 6265 7473
f 5626 7474 4350
f 5782 4673 7474
f 5153 7475 7200
f 5188 5087 7475
f 5347 7476 4830
f 3952 6089 7476
f 5415 7477 4000
f 5415 7199 7477
f 7560 7478 4488
f 5613 4052 7478
f 4240 7479 6949
f 4240 6440 7480
f 7479 7480 4784
f 7479 4240 7480
f 4234 7481 6851
f 7008 4901 7481
f 6227 7482 4162
f 4784 6513 7482
f 4168 7483 6002
f 4168 5330 7483
f 5653 7484 4326
f 5653 4771 7484
f 6296 7485 4036
f 5042 7078 7485
f 4771 7486 5697
f 5653 7366 7486
f 6864 7487 5169
f 4845 5817 7487
f 6430 7488 4789
f 6430 5036 7488
f 6246 7489 4872
f 6246 3990 7489
f 5908 7490 4971
f 3887 3888 7490
f 5955 7491 6922
f 4791 6153 7491
f 7466 7492 5225
f 4791 5955 7492
f 5424 7493 4355
f 7456 5112 7493
f 4094 7494 6375
f 5993 6601 7494
f 7173 7495 6066
f 4829 6065 7495
f 5788 7496 4570
f 5788 4371 7496
f 5462 7497 4752
f 5483 4152 7497
f 4722 7498 7194
f 5104 4042 7498
f 4174 7499 6053
f 5345 4800 7499
f 5732 7500 4956
f 3975 5474 7500
f 5713 7501 4650
f 5713 4227 7501
f 7408 7502 4374
f 5130 4287 7502
f 5851 7503 5354
f 5851 4451 7503
f 6638 7504 4795
f 6076 4510 7504
f 6141 7505 4092
f 6141 4704 7505
f 4851 7506 7212
f 4851 5991 7506
f 4868 7507 6969
f 4868 5923 7507
f 7132 7508 5503
f 4982 5176 7508
f 6380 7509 4982
f 5199 6762 7509
f 5985 7510 4197
f 5022 5760 7510
f 6901 7511 4981
f 6901 5099 7511
f 6703 7512 4927
f 4794 6285 7512
f 5494 7513 4077
f 5494 4378 7513
f 3965 7514 5799
f 6572 5834 7514
f 5917 7515 5128
f 4107 6007 7515
f 89 7516 90
f 6952 4669 7516
f 4309 7517 6504
f 4309 6813 7517
f 6463 7518 4228
f 6463 5720 7518
f 7615 7519 4023
f 5353 4389 7519
f 4577 7520 5427
f 5854 4078 7520
f 5054 7521 4950
f 4361 6712 7521
f 7523 7522 5259
f 4950 6301 7522
f 7522 7523 4950
f 5259 4042 7523
f 3999 7524 5496
f 6414 4544 7524
f 55 7525 56
f 55 5695 7525
f 5846 7526 4238
f 5846 4850 7526
f 5639 7527 4077
f 4850 6747 7527
f 6161 7528 5009
f 4825 6373 7528
f 110 7529 7013
f 110 109 7529
f 5094 7530 5479
f 6750 4369 7530
f 6570 7531 5168
f 4785 7384 7531
f 4630 7532 5515
f 4630 5777 7532
f 6537 7533 5025
f 4015 5881 7533
f 6184 7534 4980
f 6184 4002 7534
f 4498 7535 5537
f 6387 4063 7535
f 5772 7536 5773
f 5178 7227 7536
f 4805 7537 6808
f 5086 7302 7537
f 7303 7538 4022
f 5479 7055 7538
f 4633 7539 5764
f 4633 6627 7539
f 6055 7540 4847
f 6055 4308 7540
f 6394 7541 4781
f 6394 4129 7541
f 6591 7542 5417
f 6591 4198 7542
f 5795 7543 6558
f 4886 5704 7543
f 6166 7544 4019
f 6166 4579 7544
f 6535 7545 4238
f 5193 7059 7545
f 4725 7546 5615
f 5614 4333 7546
f 5063 7547 6809
f 4293 5585 7547
f 5826 7548 3896
f 4988 5900 7548
f 6262 7549 4538
f 6193 4810 7549
f 4088 7550 6054
f 5224 6647 7550
f 5850 7551 5376
f 5850 4053 7551
f 4194 7552 5517
f 4959 5823 7552
f 5337 7553 4809
f 4167 5671 7553
f 7343 7554 4976
f 6479 4064 7554
f 6522 7555 4539
f 6522 6217 7555
f 6098 7556 4276
f 4933 7197 7556
f 4364 7557 5732
f 5733 4694 7557
f 6651 7558 5409
f 4163 5844 7558
f 5593 7559 4284
f 7243 5092 7559
f 5643 7560 4488
f 5643 4693 7560
f 26 7561 5313
f 25 24 7561
f 4006 7562 5251
f 5249 6894 7562
f 5062 7563 4293
f 5062 6817 7563
f 6672 7564 5403
f 4487 6994 7564
f 5301 7565 6230
f 4278 6811 7565
f 7370 7566 4721
f 6991 4198 7566
f 6202 7567 4938
f 4435 5634 7567
f 7420 7568 5206
f 4768 7422 7568
f 7350 7569 4285
f 5328 6235 7569
f 3973 7570 6664
f 3973 6774 7570
f 6003 7571 4846
f 3951 5765 7571
f 4847 7572 6055
f 4847 6015 7572
f 7540 7573 4847
f 4071 6016 7573
f 6002 7574 4168
f 4846 6055 7574
f 193 7575 6485
f 193 194 7575
f 4690 7576 6004
f 7143 6003 7576
f 4039 7577 6031
f 4039 5589 7577
f 4828 7578 5640
f 7441 4126 7578
f 3876 7579 5385
f 3877 3878 7579
f 5501 7580 4307
f 5501 4714 7580
f 4822 7581 5622
f 4822 5620 7581
f 4305 7582 6112
f 4305 5466 7582
f 6135 7583 4921
f 6386 4558 7583
f 7016 7584 4921
f 4018 6282 7584
f 4532 7585 6086
f 5095 5123 7585
f 5358 7586 3963
f 5702 4520 7586
f 4837 7587 6330
f 4837 5238 7587
f 4814 7588 5039
f 4814 5697 7588
f 6513 7589 5211
f 3993 6408 7589
f 6408 7590 4814
f 6408 4363 7590
f 4268 7591 7398
f 5311 7348 7591
f 4512 7592 5913
f 4512 6412 7592
f 7592 7593 4823
f 3938 5501 7593
f 5290 7594 6232
f 4143 5913 7594
f 5098 7595 6413
f 4232 7295 7595
f 6045 7596 4412
f 6045 4820 7596
f 184 7597 183
f 6840 4680 7597
f 5689 7598 4211
f 5689 4986 7598
f 5473 7599 4164
f 4844 5920 7599
f 4535 7600 5419
f 4535 6506 7600
f 5673 7601 4769
f 5673 4382 7601
f 5690 7602 5139
f 174 175 7602
f 5055 7603 4145
f 4958 7620 7603
f 4943 7604 6444
f 5736 4203 7604
f 5772 7605 5179
f 4415 5393 7605
f 6243 7606 4483
f 6243 5975 7606
f 6587 7607 3955
f 4889 6273 7607
f 5356 7608 4297
f 5902 4494 7608
f 5754 7609 4157
f 5754 4777 7609
f 4314 7610 5490
f 4862 6157 7610
f 5382 7611 4225
f 5382 7207 7611
f 5056 7612 6760
f 5741 4442 7612
f 4424 7613 5839
f 6532 4624 7613
f 4659 7614 5745
f 6494 7316 7614
f 7519 7615 5353
f 4023 6330 7615
f 5537 7616 4200
f 7617 4320 5464
f 5015 7617 7616
f 5015 5461 7617
f 5104 7618 6277
f 4285 6132 7618
f 5887 7619 4156
f 4887 5749 7619
f 6896 7620 4958
f 6896 4678 7620
f 4676 7621 5564
f 5334 4081 7621
f 8029 202 115
f 7962 8142 7776
f 115 8295 8029
f 7971 8046 7741
f 8082 7837 8154
f 8073 7971 8142
f 8126 7897 7671
f 8154 8046 7795
f 7940 8291 7658
f 8064 7861 7692
f 7977 8206 122
f 124 8069 8229
f 7869 8055 7948
f 7791 7902 8256
f 7952 126 127
f 8300 7968 8311
f 7935 8192 7681
f 7909 8116 7685
f 8149 7935 7769
f 8017 7988 7909
f 7988 134 8043
f 7649 137 8273
f 8239 8067 7695
f 8323 8239 7806
f 7888 7665 7860
f 8041 8187 7886
f 8275 8308 8227
f 8219 140 141
f 7938 226 225
f 7888 7850 7665
f 7867 7735 7868
f 8309 8172 7858
f 8282 7942 7662
f 8313 7871 7708
f 8168 148 149
f 7922 8168 8313
f 8278 150 7913
f 8065 7965 7662
f 7853 7836 7760
f 8101 7836 153
f 7851 7905 7998
f 7974 8083 7750
f 242 158 58
f 8261 7781 7974
f 8056 8162 7781
f 8196 8321 7709
f 241 8162 8056
f 8339 7991 7826
f 239 8354 7916
f 8303 7912 7652
f 8321 8359 7709
f 8267 8241 237
f 7763 8140 7991
f 7937 7966 7650
f 7939 235 8355
f 7991 8339 7711
f 8355 233 8034
f 8201 231 230
f 8201 230 7854
f 8330 8080 144
f 8163 228 7859
f 8144 7938 7730
f 228 227 7859
f 8215 8222 7963
f 8011 8062 8223
f 7924 7779 7941
f 8139 7900 7959
f 8226 7941 221
f 8226 221 220
f 8023 7655 7841
f 8305 218 217
f 8305 217 7904
f 8100 7928 7719
f 8343 7947 7719
f 7917 215 214
f 8012 8081 212
f 8240 8012 212
f 8341 8016 8342
f 8288 8047 7693
f 8130 7743 7982
f 207 8130 208
f 7986 8169 7777
f 8170 7962 7776
f 204 203 8169
f 115 202 57
f 136 7622 135
f 8043 134 135
f 8017 133 7988
f 8102 132 8017
f 8086 7623 7624
f 129 8137 8094
f 8353 7626 8014
f 8069 125 8238
f 8057 8025 8059
f 8058 7865 7688
f 8005 7890 7736
f 7629 8009 7628
f 8002 8184 7705
f 8002 7633 7834
f 7632 8002 7890
f 8144 227 226
f 8294 7635 7636
f 8108 7855 7694
f 8332 8118 7759
f 8153 7638 7639
f 8004 7874 7738
f 7874 7641 7642
f 8004 7641 7874
f 7874 7642 8000
f 8109 8298 7644
f 8109 7644 7645
f 8307 8269 7646
f 8308 8275 7803
f 7834 7634 7944
f 7944 7849 7726
f 7817 7960 7661
f 8195 7879 7666
f 8267 236 235
f 8248 8234 7853
f 8187 8041 7653
f 7892 147 7922
f 7978 8111 7757
f 8194 7993 7920
f 8232 222 7941
f 7959 7900 7651
f 8316 7985 7656
f 8088 7636 7637
f 8237 7948 7657
f 7825 7624 8097
f 7846 7967 8302
f 8290 8113 7672
f 7982 8240 210
f 7881 8072 7658
f 8183 7699 8277
f 8221 224 223
f 8236 7719 7904
f 8185 7980 7700
f 8182 7910 7690
f 7956 8280 7664
f 7813 8008 8327
f 7915 8199 7950
f 8354 8063 7916
f 8101 153 154
f 8067 8227 7695
f 8124 7873 8275
f 8350 7907 7666
f 8294 8088 7849
f 8176 7931 7887
f 8153 7639 7934
f 7973 8244 7668
f 7976 7732 7912
f 7757 7828 8112
f 8233 8180 8037
f 8249 7670 7927
f 7842 7627 7628
f 8042 8064 7692
f 8191 7651 7900
f 8121 7756 8008
f 8270 8199 7829
f 8262 7888 7717
f 7653 7831 8187
f 8150 8026 7674
f 8355 234 233
f 8033 7933 7840
f 8303 7652 7835
f 8077 8123 7694
f 8038 8346 7690
f 7955 8013 7677
f 8234 152 7836
f 7896 8090 7678
f 8039 8179 7881
f 7997 8066 7679
f 8068 220 219
f 7704 7987 7840
f 8106 7947 7679
f 8311 7734 7952
f 7954 7896 7678
f 7816 7981 7682
f 8031 8245 7667
f 7979 7815 7683
f 8218 7651 7946
f 8257 7914 7684
f 8208 8070 7674
f 8216 7909 7685
f 8086 8043 7623
f 8112 7828 7686
f 7969 7766 7980
f 7989 8016 7743
f 8081 213 212
f 8145 8096 7767
f 8349 8030 7701
f 8229 7845 7977
f 7975 7844 8072
f 8018 7983 7794
f 7822 7957 7652
f 8152 7995 7691
f 7862 8128 8127
f 119 8276 8073
f 8064 7827 8091
f 206 7986 7848
f 7861 8064 7753
f 7943 8077 8272
f 7855 7720 7856
f 8171 8239 8323
f 8307 7646 7647
f 8167 8179 7696
f 8103 7895 7672
f 8074 8144 7730
f 8163 7854 230
f 8298 7872 8000
f 8181 7887 7784
f 8228 8340 7875
f 7914 8032 7684
f 8174 7883 8175
f 7969 7937 7650
f 8338 8045 7701
f 8059 7865 7745
f 8188 7900 7702
f 8053 8052 7818
f 7998 7906 7750
f 153 7836 152
f 8159 7926 7704
f 8157 8175 7884
f 8005 8057 7918
f 8158 7927 7802
f 7919 7880 7729
f 8098 7999 7698
f 8051 7871 7707
f 8335 7998 7703
f 146 8022 145
f 7965 7871 7662
f 8162 7916 7781
f 156 8084 155
f 8141 7710 7911
f 7835 8325 8032
f 8089 7991 7711
f 8267 237 236
f 8137 8149 7769
f 8237 7953 8265
f 8115 7915 8322
f 8119 7694 7855
f 8176 8018 7714
f 7983 8048 7722
f 7902 8255 7715
f 8076 8024 7705
f 8001 8010 7716
f 8195 7984 8194
f 142 143 7858
f 7951 7923 7729
f 8013 7955 7822
f 8155 8021 7821
f 7817 8254 7833
f 216 7904 217
f 8108 8224 7720
f 8347 8211 7876
f 8021 8155 7721
f 8044 8198 7697
f 8279 7722 7973
f 8048 7823 7690
f 8139 7959 7723
f 7960 7979 7814
f 7948 8237 7787
f 7908 7940 7786
f 7879 8195 8193
f 8015 7816 7682
f 8184 7834 7726
f 7981 7849 8134
f 7996 7814 7727
f 8066 7773 8011
f 7813 8007 7728
f 7894 8103 7672
f 7951 7729 7850
f 8352 8351 7843
f 227 8144 7859
f 7832 8230 8252
f 8031 7990 7731
f 8298 7643 7644
f 7976 7942 7732
f 8304 8065 7662
f 8003 8318 7733
f 8206 8082 121
f 8110 7968 7786
f 8148 8094 7769
f 146 7892 8022
f 8133 7965 7754
f 7630 8005 7918
f 8076 7852 8158
f 8070 7889 7737
f 8201 8034 232
f 7640 8004 7934
f 8217 8031 7667
f 8035 7937 7739
f 8185 8156 7885
f 8200 7895 7740
f 7903 8103 7755
f 117 8142 7962
f 8104 8138 7659
f 8151 7961 7742
f 8100 7917 7764
f 209 208 7982
f 8203 8104 7659
f 8049 7835 7744
f 8340 8228 7699
f 8009 7918 7745
f 8122 7901 7748
f 8316 7746 7993
f 8272 8119 7782
f 7877 8075 7747
f 8156 8185 7700
f 8096 7688 8225
f 8338 7896 7797
f 8105 8065 8304
f 7923 7886 7729
f 8359 7851 7750
f 155 7906 154
f 8172 7888 7751
f 8219 8171 140
f 8306 7752 8126
f 8190 8191 7772
f 8046 7692 7861
f 8186 7899 7702
f 8133 7754 7921
f 7932 8345 7749
f 8202 7903 7755
f 7946 8121 7728
f 8121 7894 7756
f 8209 8060 7771
f 8286 8111 7978
f 8113 8112 7830
f 8106 8011 7758
f 221 7941 222
f 8118 8332 7809
f 7995 7934 7738
f 8147 7853 7760
f 8246 8280 7792
f 8320 8026 7761
f 8155 8150 7964
f 8180 8233 7762
f 8129 8128 7770
f 8320 8117 8026
f 8208 8089 7889
f 8342 8079 8012
f 8081 7917 214
f 7925 8054 7765
f 7660 8006 8252
f 8328 7980 7766
f 8228 7949 7699
f 8301 7825 7767
f 8145 8014 7842
f 7933 8174 7768
f 8173 8157 7925
f 8207 8102 7780
f 8094 8114 128
f 8177 7931 7770
f 8233 8078 7656
f 8322 8035 7771
f 7663 8071 8036
f 7899 8189 8188
f 8191 8235 7651
f 7840 8062 7773
f 7841 7997 8329
f 7936 8193 7774
f 8316 8078 7746
f 7910 8182 7775
f 7942 8282 7793
f 116 117 7962
f 8348 7971 7741
f 8169 8029 7777
f 8169 7986 205
f 8301 8116 7825
f 7623 8043 7622
f 225 8221 7938
f 8226 8068 7758
f 131 8102 7893
f 8216 7685 7869
f 242 241 8056
f 157 7974 156
f 8250 7943 7782
f 8132 7966 7937
f 8230 7832 7783
f 7963 8231 7730
f 8245 8031 7784
f 8181 8098 7843
f 7878 8055 7785
f 8096 8019 7767
f 8220 7908 7786
f 7967 7844 7689
f 7935 8264 7787
f 8265 7724 7908
f 8204 7972 7788
f 7720 7970 7949
f 7695 8227 8308
f 8247 8131 7843
f 7857 8123 8037
f 8233 7656 8127
f 8158 7715 7927
f 8256 8286 8030
f 8280 7956 7792
f 8146 7945 7760
f 8283 7942 7793
f 7891 8051 7707
f 7930 8293 8292
f 7972 7983 7722
f 8142 7971 7776
f 8046 8154 7692
f 7947 7796 7904
f 8305 8068 219
f 8197 7797 7896
f 8045 8020 7748
f 8315 7964 7798
f 8253 8074 7832
f 7800 8090 7978
f 8256 8030 7791
f 8040 8243 8200
f 8290 8289 8113
f 7908 8165 7940
f 8291 7801 8039
f 8025 8334 7802
f 8255 7902 7791
f 8239 7695 7958
f 8269 8109 7645
f 8336 7996 7804
f 8343 8263 7947
f 8344 8065 7805
f 8345 8346 8038
f 8273 8323 7806
f 8273 8214 7648
f 7982 8341 7807
f 210 8240 211
f 8003 8319 7808
f 7733 8042 7837
f 8120 8134 7809
f 7759 8118 8153
f 7985 8358 7810
f 8125 8085 7862
f 8094 8148 7811
f 128 8114 127
f 7838 7711 7939
f 8241 8354 238
f 8075 8007 7813
f 8299 8327 7885
f 7996 7661 7814
f 7727 8135 7877
f 7979 7959 7815
f 8007 8218 7728
f 8093 7981 7816
f 8358 8015 7810
f 8285 7960 7817
f 7994 7833 7687
f 8016 7989 7818
f 7687 8052 7994
f 7992 7684 7819
f 7765 7819 8160
f 8340 8183 7820
f 8054 7992 7765
f 7819 7684 8021
f 8155 8087 7761
f 7955 7718 7822
f 8166 7652 7912
f 8018 7653 7983
f 8048 7690 7824
f 7973 7722 7824
f 8244 8141 7911
f 8116 8086 7825
f 8097 7624 7625
f 8140 7664 7991
f 7812 8196 8063
f 8317 8091 7827
f 8318 7827 7733
f 8111 8001 7828
f 8270 7936 8199
f 8326 8061 7829
f 7950 8132 7713
f 8143 8113 7830
f 8209 7771 8092
f 7887 8297 7831
f 8293 8018 7794
f 8231 7783 7832
f 8253 8252 7798
f 7994 7817 7833
f 7687 7833 8079
f 7633 7634 7834
f 8184 7726 7907
f 8032 7744 7835
f 8324 7835 7652
f 8234 7836 7853
f 7760 7836 8146
f 7977 7733 7837
f 121 8082 120
f 7889 7711 7838
f 8034 233 232
f 7871 8313 7839
f 8259 7913 7853
f 7987 7680 7840
f 8173 7933 7768
f 8033 7773 7841
f 8023 7877 8205
f 8009 7745 7842
f 7627 8014 7626
f 8351 8181 7843
f 8247 8124 7789
f 7975 7689 7844
f 8213 8110 7786
f 8302 8003 7845
f 8229 7977 123
f 7952 7734 7846
f 8069 8302 7845
f 8047 8104 7847
f 8136 7743 7848
f 207 206 7848
f 7743 8136 7989
f 7981 7726 7849
f 8088 8294 7636
f 8172 7717 7888
f 8161 7729 7880
f 7826 8331 8321
f 8359 7750 8083
f 8099 8158 7852
f 8350 7852 7907
f 150 8248 7913
f 8259 7853 8147
f 8044 7737 7854
f 8198 8163 7859
f 8119 7855 7966
f 7856 7949 8228
f 7650 7855 7856
f 7650 7929 7969
f 7788 8224 8204
f 8123 8077 7790
f 8309 7858 8080
f 142 7858 8027
f 229 228 8163
f 8074 7730 7832
f 7866 7751 8067
f 7789 8274 8131
f 8104 7741 7861
f 8138 7753 7898
f 8178 7770 7862
f 8085 7810 7863
f 8357 8120 7863
f 8125 8127 7656
f 7995 7738 7864
f 8178 8177 7770
f 8058 7745 7865
f 7688 7865 8095
f 8027 7751 8219
f 140 8171 139
f 8022 7735 7867
f 144 8080 143
f 8242 7951 7868
f 7867 7868 8309
f 8264 7712 7948
f 8212 7685 8019
f 7964 7674 7870
f 7798 7870 8253
f 8314 7707 7871
f 7708 7965 8133
f 7999 7731 7872
f 8310 8109 7873
f 8124 8310 7873
f 7873 8269 8307
f 7990 7738 7874
f 8000 7642 7643
f 8107 7766 7875
f 8258 8340 7820
f 8211 8277 7876
f 7970 8224 7788
f 8135 7683 7877
f 8329 8023 7841
f 8020 7657 7878
f 8095 8225 7688
f 7902 7715 8010
f 8193 8195 7774
f 7919 7706 7880
f 7729 8161 7850
f 8167 7752 7881
f 8179 7740 7903
f 8190 7696 7882
f 8235 7755 7946
f 8205 7747 7883
f 8174 8175 7768
f 8175 7700 7884
f 7675 8107 8258
f 8327 8036 7885
f 7747 8156 7883
f 7823 7653 8041
f 7923 7951 7673
f 8181 7706 7887
f 7667 7887 7931
f 8262 7850 7888
f 7751 7888 7860
f 7870 7674 8070
f 7737 7889 7838
f 7631 7632 7890
f 7736 7890 8024
f 8284 7793 7891
f 8266 7760 7945
f 146 147 7892
f 7735 7892 8028
f 8102 8207 7893
f 131 8137 130
f 7946 7755 7894
f 7756 7894 8143
f 8200 7800 7895
f 7740 8179 8039
f 8287 7799 7896
f 8197 7954 7724
f 8126 7752 7897
f 8189 8190 7772
f 7861 7753 8138
f 7659 7898 8053
f 8091 7671 7899
f 8186 7702 7898
f 8188 7772 7900
f 7702 8139 7961
f 8122 7670 7901
f 7748 7901 8045
f 8111 7654 8001
f 8010 8099 7879
f 7740 7895 7903
f 7696 8202 7882
f 8106 7796 7947
f 7719 8236 7917
f 8331 7664 7905
f 7703 8246 8146
f 7998 8335 7906
f 8084 7906 155
f 7852 7705 7907
f 7666 8093 7984
f 8265 7908 8192
f 8220 7786 7968
f 7988 7778 7909
f 7780 8216 8050
f 7824 7690 7910
f 7710 7910 7976
f 7910 7710 8141
f 7668 8211 8347
f 8049 7710 8303
f 7652 8166 7822
f 149 150 8278
f 8314 8259 7707
f 8211 7744 8277
f 7820 7914 8257
f 8326 7829 8356
f 7686 8115 8060
f 240 239 8162
f 7781 7916 8083
f 8081 7764 7917
f 215 8236 216
f 7629 7630 7918
f 7745 7918 8057
f 8297 7706 7919
f 7886 7919 7729
f 7936 7774 7920
f 7669 7920 7943
f 7868 7735 8242
f 7673 8210 7932
f 147 148 7922
f 7892 7922 8337
f 7749 7886 7923
f 7749 7923 7932
f 8222 7779 7924
f 8062 8011 7773
f 8157 7675 7925
f 7704 7925 8159
f 8160 7660 7926
f 7704 7926 7987
f 8333 7802 7927
f 7670 8249 7901
f 8254 8336 7928
f 8251 8100 7764
f 7650 7856 7929
f 7766 7929 7875
f 8292 7676 7930
f 7714 7930 8129
f 8177 7667 7931
f 7770 7931 8129
f 8210 8344 7932
f 7673 7932 7923
f 8033 7655 7933
f 7840 7933 7704
f 7639 7640 7934
f 7759 7934 7995
f 8149 7712 7935
f 7769 7935 8148
f 8061 7716 8270
f 7669 7936 7920
f 8035 7713 7937
f 7969 7929 7766
f 7963 7730 8215
f 8221 225 224
f 8268 8267 7939
f 8355 235 234
f 8165 7801 7940
f 7786 7940 8213
f 223 222 8232
f 7924 7941 7758
f 7976 7775 7942
f 7732 7942 8283
f 7920 7746 7943
f 7669 8250 7950
f 7634 7635 7944
f 7834 7944 7726
f 8147 7760 8266
f 8281 8246 7792
f 8202 7755 8235
f 7651 8218 7815
f 8263 7679 7947
f 7719 7947 7904
f 8055 7657 7948
f 7869 7948 7712
f 7856 7720 7949
f 7699 7949 7876
f 8199 7669 7950
f 7915 7950 7713
f 8242 7673 7951
f 7868 8262 7717
f 8238 126 7952
f 8311 8114 7811
f 8197 7724 7953
f 8260 7657 8020
f 8165 7724 7954
f 7801 7954 8040
f 8312 7718 7955
f 7792 7955 8281
f 7955 7792 8312
f 7718 7956 8117
f 7822 7718 7957
f 7652 7957 8087
f 8214 7806 7958
f 8214 8271 7648
f 7979 7723 7959
f 7815 7959 7651
f 8285 7723 7960
f 7661 7960 7814
f 7898 7702 8151
f 7742 8285 7817
f 8295 116 7962
f 7777 7962 8170
f 7987 7783 7963
f 8222 8215 7779
f 8006 7721 8315
f 7798 7964 7870
f 7708 7871 7965
f 7754 7965 8065
f 8132 7782 7966
f 7650 7966 7855
f 8213 7844 8110
f 7734 7967 7846
f 8148 7681 8300
f 7734 7968 8110
f 7739 7937 7969
f 8328 7884 7700
f 7876 7949 8347
f 7668 7970 7973
f 8073 7795 7971
f 7776 8348 8288
f 8292 7794 7972
f 7676 7972 8204
f 7972 7722 8279
f 7788 7973 7970
f 8056 7781 8261
f 156 7974 8084
f 8319 7689 7975
f 8072 8213 7658
f 7910 7775 7976
f 7710 7976 7912
f 7845 7733 7977
f 123 7977 122
f 8090 7799 7978
f 7800 7978 8289
f 7960 7723 7979
f 7814 7979 7683
f 7739 7969 7980
f 7739 8185 8036
f 8093 7726 7981
f 8134 8088 7809
f 7848 7743 8130
f 209 7982 210
f 7653 7823 7983
f 7794 7983 7972
f 7816 7725 7984
f 7816 7984 8093
f 8125 7656 7985
f 7993 7746 7920
f 206 205 7986
f 7848 8164 7693
f 7963 7680 7987
f 7783 7987 7926
f 8043 7778 7988
f 134 7988 133
f 8203 7818 7989
f 7847 8136 7693
f 7874 7731 7990
f 8217 7667 7864
f 7664 7826 7991
f 8089 7711 7889
f 8054 8257 7992
f 7765 7992 7819
f 7725 7985 7993
f 8194 7920 7774
f 7742 7817 7994
f 8052 8016 7818
f 8152 7759 7995
f 7691 7995 7864
f 8336 7661 7996
f 7804 7996 7997
f 7996 7727 7997
f 7804 7997 8263
f 7905 7703 7998
f 7851 7998 7750
f 8310 7698 7999
f 7731 7999 8031
f 7731 7874 8000
f 7731 8000 7872
f 7654 7902 8001
f 7828 8061 8326
f 7632 7633 8002
f 8296 8002 7705
f 8302 7689 8003
f 7845 8003 7733
f 7640 7641 8004
f 7934 8004 7738
f 7631 7890 8005
f 7631 8005 7630
f 7819 7721 8006
f 7819 8006 7660
f 7683 7815 8007
f 7683 8007 8075
f 7813 7728 8008
f 7663 8008 8092
f 7629 7918 8009
f 7628 8009 7842
f 8001 7902 8010
f 7716 8010 7879
f 8223 7758 8011
f 7773 8066 7841
f 8079 7764 8012
f 8240 212 211
f 8284 7677 8013
f 7732 8013 8166
f 7627 7842 8014
f 8353 8097 7625
f 7725 7816 8015
f 7810 8015 8357
f 8341 7743 8016
f 7687 8016 8052
f 132 133 8017
f 7780 8017 7909
f 7831 7653 8018
f 7831 8018 8176
f 7869 7685 8212
f 7785 8019 8096
f 7878 7748 8020
f 7657 8260 7953
f 8325 7821 8021
f 7819 8021 7721
f 7892 7735 8022
f 145 8330 144
f 7883 7655 8205
f 7877 8329 7727
f 8296 7705 8024
f 8334 8076 7802
f 8057 7736 8025
f 7670 8025 8333
f 8117 7763 8026
f 8150 7674 7964
f 7858 7751 8027
f 142 8027 141
f 8337 7708 8028
f 7735 8028 7921
f 203 202 8029
f 7777 8295 7962
f 8249 7791 8349
f 7701 8030 8287
f 7999 7784 8031
f 7990 8031 8217
f 7914 7744 8032
f 8325 7835 7821
f 7841 7655 8033
f 7773 8033 7840
f 7737 7838 8034
f 7737 8201 7854
f 8322 7713 8035
f 8071 7739 8036
f 8035 7739 8071
f 7663 8036 8327
f 8204 7857 8037
f 7676 8180 7930
f 8041 7749 8038
f 7823 8038 7690
f 8040 7740 8039
f 7658 8039 7881
f 7954 7678 8040
f 7801 8040 8039
f 8038 7823 8041
f 7749 8041 7886
f 7733 7827 8042
f 7837 8042 8154
f 8086 7778 8043
f 7622 8043 135
f 8070 7737 8044
f 7870 8044 7697
f 7901 7701 8045
f 8020 8045 8260
f 7971 7795 8046
f 7741 8046 7861
f 8348 7741 8047
f 7693 8047 7847
f 7983 7823 8048
f 7722 8048 7824
f 7911 7710 8049
f 7911 8049 7744
f 7893 8207 8149
f 7712 8050 7869
f 7662 7871 8282
f 7793 8051 7891
f 7742 7994 8052
f 8053 8203 7659
f 7742 8052 8053
f 7742 8053 8151
f 8258 7820 8054
f 7675 8054 7925
f 7878 7657 8055
f 7785 8055 8212
f 158 242 8056
f 158 8261 157
f 8005 7736 8057
f 7745 8057 8059
f 7842 7745 8058
f 7842 8058 8145
f 8122 7865 8059
f 7670 8059 8025
f 8112 7686 8060
f 7830 8209 8143
f 8001 7716 8061
f 8001 8061 7828
f 7680 7924 8062
f 7680 8062 7840
f 8241 7812 8063
f 7916 8063 7709
f 8091 7753 8064
f 7827 8064 8042
f 8344 7754 8065
f 8304 7942 7775
f 7997 7841 8066
f 7679 8066 8011
f 7751 7860 8067
f 7866 8067 8239
f 8106 7758 8068
f 8305 219 218
f 8238 7846 8069
f 125 8069 124
f 8208 7889 8070
f 7870 8070 8044
f 7771 8035 8071
f 7771 8071 8092
f 7752 7975 8072
f 7752 8072 7881
f 8276 7795 8073
f 119 8073 118
f 8198 7859 8074
f 7697 8074 8253
f 7877 7683 8075
f 7747 8075 8299
f 7705 7852 8076
f 8024 8076 8334
f 8078 7790 8077
f 7746 8077 7943
f 8077 7746 8078
f 7790 8078 8233
f 8251 7764 8079
f 8342 8012 7807
f 8330 7867 8080
f 143 8080 7858
f 8012 7764 8081
f 213 8081 214
f 8206 7837 8082
f 120 8082 8276
f 7916 7709 8083
f 7781 8083 7974
f 7750 7906 8084
f 7750 8084 7974
f 7691 7862 8085
f 7691 8085 7863
f 8116 7778 8086
f 7825 8086 7624
f 7957 7761 8087
f 7652 8087 8324
f 8134 7849 8088
f 7809 8088 8118
f 7763 7991 8089
f 7763 8208 8026
f 7896 7799 8090
f 8243 7800 8200
f 7899 7753 8091
f 7671 8091 8317
f 8008 7756 8092
f 7663 8092 8071
f 7907 7726 8093
f 7907 8093 7666
f 8137 7769 8094
f 129 8094 128
f 7748 7878 8095
f 7748 8095 7865
f 8225 7785 8096
f 8145 7767 8014
f 7767 7825 8097
f 7767 8353 8014
f 8247 7843 8098
f 7999 8098 7784
f 8010 7715 8099
f 7879 8350 7666
f 7719 7917 8100
f 7928 8251 8254
f 7703 7836 8335
f 7906 8101 154
f 8017 7780 8102
f 132 8102 131
f 7903 7895 8103
f 7755 8103 7894
f 8047 7741 8104
f 7847 8104 8203
f 7805 8065 8105
f 8346 8182 7690
f 8068 7796 8106
f 8011 8106 7679
f 8328 7766 8107
f 7884 8107 7675
f 8123 7857 8108
f 7855 8108 7720
f 8310 7872 8109
f 7873 8109 8269
f 7967 7734 8110
f 7967 8110 7844
f 8286 7654 8111
f 7757 8111 7828
f 8113 7757 8112
f 7830 8112 8060
f 8289 7757 8113
f 7672 8113 8143
f 8094 7811 8114
f 127 8114 7952
f 7686 7915 8115
f 8060 8115 7771
f 7909 7778 8116
f 7685 8301 8019
f 8140 7763 8117
f 7718 8320 7957
f 7637 7638 8118
f 7637 8118 8088
f 8272 7694 8119
f 7782 8119 7966
f 8357 7682 8120
f 7863 8120 8152
f 7946 7894 8121
f 7728 8121 8008
f 8059 7670 8122
f 7865 8122 7748
f 8108 7694 8123
f 8037 8123 7790
f 8247 7698 8124
f 8275 7873 7803
f 7810 8085 8125
f 7810 8125 7985
f 7975 7752 8306
f 8306 8126 8317
f 8128 7762 8127
f 7862 8127 8125
f 8129 7762 8128
f 7770 8128 7862
f 7930 7762 8129
f 7714 8129 7931
f 207 7848 8130
f 208 8130 7982
f 8352 7843 8131
f 8274 8227 7860
f 7950 7782 8132
f 7713 8132 7937
f 8028 7708 8133
f 8028 8133 7921
f 7682 7981 8134
f 7682 8134 8120
f 7814 7683 8135
f 7814 8135 7727
f 7847 7989 8136
f 7693 8136 7848
f 131 7893 8137
f 130 8137 129
f 8104 7861 8138
f 7659 8138 7898
f 7702 7900 8139
f 7961 8139 7723
f 7956 7664 8140
f 7956 8140 8117
f 7824 7910 8141
f 7824 8141 8244
f 118 8073 8142
f 118 8142 117
f 7894 7672 8143
f 7756 8143 8209
f 226 7938 8144
f 7859 8144 8074
f 7688 8096 8145
f 7688 8145 8058
f 8246 7945 8146
f 7703 8146 7836
f 7891 7707 8147
f 7891 8147 8266
f 8300 7811 8148
f 7681 8148 7935
f 8050 7712 8207
f 7893 8149 8137
f 7761 8026 8150
f 7761 8150 8155
f 7702 7961 8151
f 7898 8151 8053
f 8332 7759 8152
f 7863 8152 7691
f 8118 7638 8153
f 7759 8153 7934
f 8042 7692 8154
f 8082 8154 7795
f 7821 8087 8155
f 7721 8155 7964
f 7747 7885 8156
f 7883 8156 7700
f 7884 7675 8157
f 7768 8157 8173
f 8099 7715 8158
f 8076 8158 7802
f 8160 7926 8159
f 7765 8159 7925
f 7819 7660 8160
f 7765 8160 8159
f 7665 7850 8161
f 7665 8161 8352
f 239 7916 8162
f 240 8162 241
f 230 229 8163
f 7854 8198 8044
f 7986 7777 8164
f 7986 8164 7848
f 7954 7801 8165
f 7724 8165 7908
f 8013 7822 8166
f 7732 8166 7912
f 7897 7752 8167
f 7897 8167 8190
f 7922 148 8168
f 7839 8278 8314
f 203 8029 8169
f 204 8169 205
f 8164 7777 8170
f 8164 8288 7693
f 8219 7866 8171
f 139 8171 8323
f 8309 7717 8172
f 7858 8172 7751
f 7704 7933 8173
f 7704 8173 7925
f 7655 7883 8174
f 7655 8174 7933
f 7883 7700 8175
f 7768 8175 8157
f 7887 7831 8176
f 7931 8176 7714
f 7864 7667 8177
f 7864 8177 8178
f 7691 7864 8178
f 7691 8178 7862
f 8167 7881 8179
f 7696 8179 7903
f 7676 8037 8180
f 7930 8180 7762
f 8351 7706 8181
f 8098 8181 7784
f 8105 7775 8182
f 8105 8346 7805
f 7914 7820 8183
f 8277 7699 7876
f 8002 7834 8184
f 7705 8184 7907
f 7739 7980 8185
f 8036 8185 7885
f 7753 7899 8186
f 7753 8186 7898
f 7919 7886 8187
f 7919 8187 8297
f 8189 7772 8188
f 7899 8188 7702
f 7671 7897 8189
f 7671 8189 7899
f 8167 7696 8190
f 7897 8190 8189
f 8190 7882 8191
f 7772 8191 7900
f 7935 7787 8192
f 7681 8192 8220
f 7716 7879 8193
f 7716 8193 8270
f 7725 7993 8194
f 7725 8194 7984
f 8194 7774 8195
f 7984 8195 7666
f 8339 7826 8196
f 8063 8196 7709
f 7896 7954 8197
f 7797 8197 7953
f 7854 8163 8198
f 7697 8198 8074
f 7936 7669 8199
f 7829 8199 8356
f 8090 7800 8243
f 8040 8200 7740
f 232 231 8201
f 8034 8201 7737
f 7696 7903 8202
f 7882 8202 8235
f 7989 7847 8203
f 7818 8203 8053
f 8037 7676 8204
f 8224 7970 7720
f 7877 7747 8205
f 8023 8205 7655
f 7977 7837 8206
f 122 8206 121
f 7712 8149 8207
f 8050 8207 7780
f 7763 8089 8208
f 8026 8208 7674
f 7830 8060 8209
f 7756 8209 8092
f 7921 7754 8210
f 7921 8210 7673
f 7911 7744 8211
f 7911 8211 7668
f 8055 7869 8212
f 7785 8212 8019
f 8072 7844 8213
f 7658 8213 7940
f 8273 7806 8214
f 7648 8271 7647
f 7938 7779 8215
f 7938 8215 7730
f 7780 7909 8216
f 8050 8216 7869
f 7738 7990 8217
f 7738 8217 7864
f 8007 7815 8218
f 7728 8218 7946
f 7751 7866 8219
f 8027 8219 141
f 8192 7908 8220
f 7681 8220 7968
f 7779 7938 8221
f 7779 8232 7941
f 7680 7963 8222
f 7680 8222 7924
f 7924 7758 8223
f 7924 8223 8062
f 7857 8204 8224
f 7857 8224 8108
f 7878 7785 8225
f 7878 8225 8095
f 7758 7941 8226
f 8068 8226 220
f 8274 7789 8227
f 7860 8227 8067
f 7929 7856 8228
f 7929 8228 7875
f 8069 7845 8229
f 124 8229 123
f 7926 7660 8230
f 7926 8230 7783
f 7963 7783 8231
f 7730 8231 7832
f 8221 223 8232
f 8221 8232 7779
f 8037 7790 8233
f 7762 8233 8127
f 151 152 8234
f 151 8234 8248
f 8191 7882 8235
f 7651 8235 7946
f 215 7917 8236
f 216 8236 7904
f 8265 7787 8237
f 7953 8237 7657
f 125 126 8238
f 7846 8238 7952
f 8171 7866 8239
f 7806 8239 7958
f 7807 8012 8240
f 7807 8240 7982
f 8267 7812 8241
f 237 8241 238
f 7921 7673 8242
f 7921 8242 7735
f 7678 8090 8243
f 7678 8243 8040
f 7973 7824 8244
f 7668 8244 7911
f 7887 7667 8245
f 7887 8245 7784
f 7703 7905 8246
f 7945 8246 8281
f 8098 7698 8247
f 8131 8247 7789
f 150 151 8248
f 7913 8248 7853
f 7701 7901 8349
f 7791 8249 8255
f 7669 7943 8250
f 7950 8250 7782
f 7928 8100 8251
f 7833 8251 8079
f 8006 7798 8252
f 7660 8252 8230
f 7870 7697 8253
f 8252 8253 7832
f 7817 7661 8254
f 7833 8254 8251
f 7927 7715 8255
f 7927 8255 8249
f 7799 8030 8286
f 7654 8256 7902
f 8054 7820 8257
f 7992 8257 7684
f 8107 7875 8258
f 7675 8258 8054
f 8314 7913 8259
f 7707 8259 8147
f 7797 7953 8260
f 7797 8260 8045
f 158 8056 8261
f 157 8261 7974
f 7951 7850 8262
f 7951 8262 7868
f 7997 7679 8263
f 7804 8263 8343
f 7935 7712 8264
f 7787 8264 7948
f 7953 7724 8265
f 7787 8265 8192
f 8284 7891 8266
f 7677 8266 8281
f 8268 7812 8267
f 7939 8267 235
f 8196 7812 8339
f 7711 8268 7939
f 7803 7873 8307
f 7646 8269 7645
f 8193 7936 8270
f 8061 8270 7829
f 7958 7803 8271
f 7958 8271 8214
f 8077 7694 8272
f 7943 8272 7782
f 137 138 8273
f 7649 8273 7648
f 7665 8131 8274
f 7665 8274 7860
f 7789 8124 8275
f 7789 8275 8227
f 8082 7795 8276
f 120 8276 119
f 7914 8183 8277
f 7914 8277 7744
f 8168 149 8278
f 8168 8278 7839
f 7788 7972 8279
f 7788 8279 7973
f 7905 7664 8280
f 7905 8280 8246
f 8266 7945 8281
f 7677 8281 7955
f 8051 7793 8282
f 8051 8282 7871
f 8013 7732 8283
f 8013 8283 8284
f 8266 7677 8284
f 7793 8284 8283
f 7961 7723 8285
f 7961 8285 7742
f 8256 7654 8286
f 7799 8286 7978
f 8030 7799 8287
f 7701 8287 8338
f 8170 7776 8288
f 8170 8288 8164
f 7978 7757 8289
f 7800 8289 8290
f 7895 7800 8290
f 7895 8290 7672
f 7940 7801 8291
f 7658 8291 8039
f 7972 7676 8292
f 7794 8292 8293
f 7714 8018 8293
f 7714 8293 7930
f 7944 7635 8294
f 7944 8294 7849
f 115 116 8295
f 8029 8295 7777
f 7890 8002 8296
f 7890 8296 8024
f 7887 7706 8297
f 7831 8297 8187
f 8000 7643 8298
f 7872 8298 8109
f 8075 7813 8299
f 7747 8299 7885
f 8311 7811 8300
f 7968 8300 7681
f 7685 8116 8301
f 8019 8301 7767
f 7967 7689 8302
f 7846 8302 8069
f 7710 7912 8303
f 8049 8303 7835
f 7775 8105 8304
f 7942 8304 7662
f 7796 8068 8305
f 7796 8305 7904
f 8319 7975 8306
f 7808 8306 8317
f 8271 7803 8307
f 8271 8307 7647
f 7958 7695 8308
f 7958 8308 7803
f 7868 7717 8309
f 7867 8309 8080
f 7999 7872 8310
f 7698 8310 8124
f 7952 8114 8311
f 7734 8311 7968
f 7956 7718 8312
f 7956 8312 7792
f 8168 7839 8313
f 7922 8313 8337
f 8278 7913 8314
f 7839 8314 7871
f 7721 7964 8315
f 8006 8315 7798
f 7656 8078 8316
f 7985 8316 7993
f 8126 7671 8317
f 7808 8317 7827
f 7808 7827 8318
f 7808 8318 8003
f 8003 7689 8319
f 7808 8319 8306
f 7718 8117 8320
f 7957 8320 7761
f 8331 7851 8321
f 7826 8321 8196
f 7915 7713 8322
f 8115 8322 7771
f 138 139 8323
f 138 8323 8273
f 7821 7835 8324
f 7821 8324 8087
f 7684 8032 8325
f 7684 8325 8021
f 7686 7828 8326
f 8356 8199 7915
f 8008 7663 8327
f 7813 8327 8299
f 7700 7980 8328
f 7884 8328 8107
f 7877 8023 8329
f 7727 8329 7997
f 8022 7867 8330
f 8022 8330 145
f 7905 7851 8331
f 7664 8331 7826
f 8120 7809 8332
f 8120 8332 8152
f 8025 7802 8333
f 7670 8333 7927
f 7736 8024 8334
f 7736 8334 8025
f 8101 7906 8335
f 8101 8335 7836
f 8254 7661 8336
f 7928 8343 7719
f 8313 7708 8337
f 7892 8337 8028
f 7797 8045 8338
f 7896 8338 8287
f 8268 7711 8339
f 8268 8339 7812
f 7699 8183 8340
f 7875 8340 8258
f 7982 7743 8341
f 7807 8341 8342
f 7687 8079 8342
f 7687 8342 8016
f 8336 7804 8343
f 8336 8343 7928
f 8210 7754 8344
f 7932 8344 7805
f 7932 7805 8345
f 7749 8345 8038
f 8105 8182 8346
f 7805 8346 8345
f 7970 7668 8347
f 7970 8347 7949
f 7776 7971 8348
f 8288 8348 8047
f 7791 8030 8349
f 8249 8349 7901
f 8099 7852 8350
f 8099 8350 7879
f 7880 7706 8351
f 7880 8351 8352
f 8161 7880 8352
f 7665 8352 8131
f 7625 7626 8353
f 8097 8353 7767
f 8241 8063 8354
f 238 8354 239
f 7838 7939 8355
f 7838 8355 8034
f 7686 8326 8356
f 7686 8356 7915
f 8015 7682 8357
f 7810 8357 7863
f 7725 8015 8358
f 7725 8358 7985
f 8321 7851 8359
f 7709 8359 8083
f 8778 8374 8375
f 8788 147 146
f 8666 8503 8817
f 8361 8362 8641
f 8716 8936 8584
f 8588 8999 9010
f 8966 8548 8641
f 8682 8550 9070
f 8922 8572 8700
f 8693 8365 8618
f 9116 8470 8761
f 8760 8584 8858
f 8815 8367 8368
f 8611 141 140
f 8679 8549 8618
f 8470 9059 8845
f 8592 8483 8815
f 9163 8470 8762
f 8725 8371 8372
f 9164 8922 143
f 168 8985 169
f 8984 8833 8486
f 8665 8400 9112
f 8945 8856 8540
f 8985 8535 8723
f 166 9158 167
f 148 8746 8926
f 9076 9158 165
f 8622 150 149
f 8748 8459 8580
f 9161 8480 8785
f 9076 8658 9158
f 9076 165 164
f 9125 153 152
f 8854 162 9149
f 9126 154 153
f 9076 8496 8658
f 8831 8460 8986
f 9028 161 160
f 9160 8606 158
f 9119 8624 9150
f 8986 8460 9051
f 9150 156 9119
f 8606 9154 158
f 159 58 158
f 8641 8588 8361
f 9031 174 8975
f 8641 8454 8588
f 8727 139 8999
f 9007 136 135
f 9089 8397 8770
f 8823 8494 8667
f 9022 8396 8681
f 9141 8413 8735
f 8862 8484 8713
f 8827 8376 8377
f 176 175 8862
f 8713 8806 177
f 9002 8511 8888
f 8838 8440 8573
f 8951 8383 8384
f 8928 8803 8403
f 8781 184 183
f 8894 8843 121
f 8929 8837 8916
f 115 57 201
f 9142 8404 8869
f 8929 8916 186
f 8821 8443 8596
f 8894 120 8699
f 8855 190 189
f 9036 8472 8881
f 8871 8490 8821
f 9099 8490 8683
f 192 8847 193
f 8847 8751 8921
f 8892 8973 8699
f 8921 193 8847
f 8842 9024 196
f 9024 8485 8671
f 8972 8471 8731
f 8671 8485 8825
f 9024 8842 8485
f 8671 8948 198
f 8948 199 198
f 8632 8471 8675
f 200 8632 201
f 137 8360 9010
f 8950 8690 8468
f 8931 8482 8809
f 8998 8497 8616
f 8806 179 178
f 9133 8899 8380
f 8866 8497 8781
f 8636 9110 8840
f 8866 8781 183
f 8781 185 184
f 8753 8818 8522
f 8849 8501 8796
f 8672 8637 8444
f 9038 8440 8620
f 8960 8442 8602
f 8790 8521 8951
f 9084 8421 8673
f 8736 8386 8387
f 125 8910 9140
f 8997 8577 8422
f 9111 8421 8685
f 8782 8417 8619
f 8897 8469 8698
f 8782 9020 8764
f 8904 8660 129
f 8902 8507 8736
f 9134 8476 8763
f 8989 8390 8391
f 9033 8710 133
f 8619 8417 8721
f 134 133 8710
f 8594 8989 9007
f 8723 8823 170
f 8592 8433 8813
f 9000 8393 8581
f 9052 8440 8838
f 8806 8647 179
f 8707 8456 8608
f 8872 8401 8584
f 8662 8375 8376
f 8787 8408 8783
f 9066 8418 8933
f 9083 8603 8858
f 9040 8487 8729
f 8705 8404 8630
f 8892 8699 119
f 8832 8420 8805
f 8902 8736 8387
f 9021 8400 8687
f 8667 173 172
f 8725 8372 8666
f 8993 8807 9100
f 8614 8789 8570
f 9129 8381 8382
f 8929 185 8781
f 8930 8547 8703
f 9044 8623 9142
f 8910 125 124
f 8802 8634 8405
f 8789 8532 8784
f 8506 8587 8640
f 8628 8438 8750
f 8693 8458 8987
f 8965 8508 8661
f 8926 8746 8467
f 8728 8565 8884
f 9015 8549 8814
f 8815 8368 8974
f 9126 153 9125
f 8824 8414 8607
f 182 181 8648
f 8627 8553 8656
f 8817 8990 8715
f 9104 8423 8719
f 8801 8616 8734
f 8713 177 176
f 8748 8465 9124
f 9030 8426 8628
f 8935 8472 8973
f 8972 8851 8675
f 190 8855 8743
f 8976 8612 8804
f 8897 8697 8469
f 8852 8527 8957
f 9066 8850 8418
f 9004 8423 8696
f 9078 8742 8676
f 8931 8826 8686
f 9138 8481 9055
f 8809 8419 8690
f 8978 8421 8739
f 9011 128 127
f 8963 8422 8644
f 8570 9109 8614
f 8558 9104 8719
f 8712 8802 8547
f 8881 8472 9153
f 8630 8404 8846
f 8612 8633 8819
f 9061 8430 8664
f 9016 8903 8426
f 8793 8414 8580
f 9094 8540 8856
f 8945 146 145
f 9097 8428 8844
f 9009 8604 8829
f 8538 9082 8774
f 8758 8489 9148
f 9065 8656 9061
f 9081 8462 8712
f 8822 8494 8607
f 8979 8455 8687
f 8943 8523 8954
f 9110 8752 8964
f 8813 8433 8585
f 8906 8370 9003
f 8576 8887 8785
f 8744 8812 154
f 9162 8435 8700
f 8922 8816 144
f 8777 8610 8436
f 8953 8420 8832
f 8853 8437 8900
f 8617 8500 8882
f 8750 8438 8924
f 8714 8418 8850
f 8428 8932 8844
f 8857 9083 8718
f 8381 9129 8875
f 8652 9027 8830
f 9130 8740 8794
f 9144 8485 8842
f 9087 8898 8631
f 8705 8522 8923
f 8745 8493 8596
f 8574 8855 188
f 8923 8444 8705
f 9008 8425 8876
f 8868 8507 8619
f 9039 8489 8758
f 8779 8643 8446
f 8643 8542 8633
f 8527 8956 8644
f 9107 8429 9001
f 9047 8534 8920
f 9045 8724 9085
f 9044 8449 8623
f 8978 8739 8901
f 8692 8450 9136
f 8943 8704 8952
f 8889 8451 8651
f 8869 8404 8637
f 8805 8452 8927
f 8980 8488 8733
f 8873 8453 8678
f 9064 8488 8754
f 8659 8775 8548
f 9010 138 137
f 9029 8455 8688
f 8607 8939 8822
f 8870 8456 8708
f 8649 8525 8709
f 8800 8833 9077
f 9057 8508 8768
f 9037 8454 8641
f 8679 8366 8367
f 9103 8459 8748
f 8981 8455 8689
f 8747 8460 8624
f 8986 9028 8606
f 8909 8536 8704
f 8797 8481 8597
f 8726 8462 9081
f 8634 8517 8860
f 180 8647 9025
f 8627 8394 9091
f 8734 8464 8801
f 8617 8437 9086
f 8580 8959 8991
f 9158 166 165
f 9106 8466 8718
f 9023 8439 9070
f 8836 8467 8732
f 8746 147 8788
f 8733 8468 8690
f 8969 8503 8778
f 130 8660 8697
f 8673 8695 9117
f 9162 9163 8762
f 9116 141 8611
f 8935 8541 8731
f 116 115 8632
f 8996 8501 8639
f 8890 8818 8510
f 8564 8839 8749
f 8839 8684 8747
f 8373 8874 8666
f 8584 8401 8858
f 9140 8591 8738
f 9098 8404 9142
f 9007 135 8594
f 8896 9033 132
f 8918 8759 8772
f 8932 8506 8886
f 8765 8478 9132
f 8767 8544 8766
f 8769 8479 8575
f 8661 8427 8856
f 8785 8480 8576
f 8905 150 8622
f 8798 8481 8609
f 8786 8598 8452
f 8830 8514 8573
f 8826 8377 8378
f 9043 8483 8814
f 8974 8369 8906
f 175 174 9031
f 9006 8600 8601
f 195 9143 8842
f 8893 8731 8825
f 9132 8884 8565
f 8674 8427 8625
f 9013 8565 8728
f 8499 9022 8864
f 8912 8551 8754
f 9026 8691 8468
f 8878 9039 8758
f 8721 8417 9056
f 8821 8490 8574
f 8683 8589 8911
f 8811 8491 9068
f 8877 8416 8642
f 9046 8492 8829
f 8682 8439 9050
f 8596 8493 8808
f 8919 8411 9113
f 8607 8494 8824
f 9093 8566 8975
f 9023 8495 8858
f 8585 8433 8760
f 8942 8496 8684
f 164 163 8854
f 182 8648 8866
f 8998 8411 8669
f 8956 8645 8840
f 8663 8449 8593
f 8863 8499 8680
f 8487 8728 8729
f 8756 9012 8810
f 8938 8519 8979
f 8639 8501 8880
f 8491 8795 8796
f 8877 8502 8589
f 8795 8491 8740
f 8374 8778 8874
f 8778 8375 8662
f 8967 8661 8504
f 8971 8529 8732
f 8936 8505 8584
f 8925 8677 8873
f 8773 8587 8885
f 8668 8397 8886
f 9073 8736 8868
f 8388 8389 8701
f 9057 8741 8508
f 9069 8668 8457
f 8958 8852 8878
f 9159 8619 8721
f 8631 8510 8753
f 8898 122 8843
f 8876 8615 8888
f 8888 9000 9002
f 8903 8512 8628
f 8918 8940 8635
f 8694 8809 8482
f 8827 8950 8662
f 8784 8514 8830
f 9034 8419 8694
f 9147 8685 8961
f 8602 8442 8630
f 8891 8516 8714
f 8940 8649 9074
f 8708 8707 8517
f 8861 8609 8860
f 9045 9123 8394
f 8518 9090 8850
f 8979 8519 8689
f 8400 8665 8977
f 131 8697 8896
f 8698 8417 8764
f 8951 8521 8913
f 8790 8385 8586
f 8983 8522 8630
f 8923 8599 8444
f 8954 8523 8962
f 8952 8702 8953
f 8970 8524 8806
f 8647 180 179
f 9017 8525 8719
f 8772 8477 8773
f 8937 8526 8696
f 8777 8436 8608
f 8577 8852 8957
f 8840 8498 9120
f 9038 8528 9027
f 8644 8447 8964
f 8783 8792 8486
f 8408 8730 8836
f 9032 8530 8672
f 8612 8446 8633
f 128 9011 8904
f 8867 9011 8738
f 8597 8805 8420
f 8927 8514 8784
f 8681 8533 8793
f 8835 8544 8688
f 9113 8717 8919
f 9047 8655 9063
f 8723 8535 8824
f 8985 168 8657
f 8994 8536 8909
f 9054 8405 8609
f 8704 8943 8393
f 8841 8498 8593
f 9145 8538 8869
f 8774 8593 8449
f 8882 8665 8900
f 8891 8635 8516
f 8945 8540 8788
f 8746 148 147
f 8851 8541 8892
f 8935 8415 8706
f 8633 8542 9018
f 9019 8791 9062
f 9131 8543 8765
f 8759 8512 8903
f 8533 8834 8835
f 8766 8478 8767
f 8903 8628 8426
f 9021 8687 8545
f 8751 8546 8911
f 9152 191 8743
f 8865 8547 8930
f 8802 8462 8634
f 8364 8693 8995
f 9080 8407 8845
f 9015 8670 9042
f 8618 8365 8366
f 8828 9071 9009
f 9071 8859 8722
f 9067 8551 8937
f 8754 8395 8912
f 9053 8552 8702
f 9054 8609 9138
f 9092 8553 9081
f 9091 8726 8553
f 9062 8791 8554
f 9065 8448 8656
f 8843 8555 8890
f 121 120 8894
f 9123 8556 9086
f 8735 8413 8617
f 8411 8595 8669
f 8916 8574 188
f 8718 8558 9106
f 9105 8937 8696
f 8924 8559 8750
f 8539 8853 8900
f 8908 8560 9100
f 8993 8428 8720
f 151 8776 152
f 8749 8473 8744
f 9095 8562 8857
f 9050 8563 8682
f 9096 8844 9050
f 8886 8397 9089
f 8737 8564 9146
f 8839 8747 8473
f 9013 8783 8565
f 8629 8406 8765
f 173 8975 174
f 8431 9006 8780
f 8663 8567 9147
f 9148 8695 9111
f 194 8921 9143
f 9144 8590 8893
f 9114 8569 8627
f 8411 8998 8801
f 9122 8570 8789
f 9110 8636 9109
f 8941 8571 9107
f 9121 8636 8571
f 8700 8572 9162
f 9164 142 8761
f 8694 8573 8514
f 8838 8582 9052
f 8855 8574 8490
f 188 187 8916
f 8769 8575 8845
f 8479 8768 8575
f 8730 8944 8480
f 8887 8737 8434
f 8997 8621 8577
f 8445 8879 9135
f 9003 8578 8906
f 9102 8716 9101
f 8383 8913 9129
f 8883 8422 8620
f 8793 8580 8459
f 8414 8824 8959
f 9121 8941 8581
f 8941 9000 8581
f 8686 8899 8482
f 9133 8381 8875
f 8680 9103 8410
f 9124 8658 8496
f 8716 8584 8433
f 8505 8872 8584
f 8859 8585 8495
f 8814 8483 8813
f 8621 8586 8445
f 8385 8386 8586
f 8771 8587 8477
f 8968 8457 8668
f 8361 8588 9010
f 9060 8611 8727
f 8740 8589 8502
f 8911 8546 9099
f 8794 8590 8992
f 8893 8825 8485
f 8738 8591 8475
f 8910 124 9087
f 8370 8906 8369
f 8578 9101 8592
f 8841 8593 8429
f 8820 8399 8663
f 134 8594 135
f 9134 8763 8594
f 8803 9072 8534
f 8907 8557 8669
f 8683 8871 8416
f 8443 8745 8596
f 8797 8597 8420
f 8799 8395 8786
f 8597 8786 8452
f 8395 8754 8598
f 8880 8599 8424
f 8849 8796 8398
f 8601 8600 8500
f 9006 8939 8600
f 8810 8601 8500
f 8780 8566 9093
f 8901 8602 8515
f 8475 8591 8960
f 9096 8603 8857
f 8858 8401 9083
f 8770 8604 9089
f 8829 8492 9009
f 8889 8605 8451
f 9001 8429 9082
f 9154 8606 9028
f 158 157 9160
f 8689 8607 8414
f 8939 8431 8822
f 8707 8608 8436
f 8456 8709 8608
f 8860 8609 8405
f 8436 8798 8609
f 8912 9058 8526
f 8610 8799 8798
f 139 8727 140
f 9060 8654 9059
f 8914 8612 8530
f 8976 8502 8642
f 8947 8613 8462
f 8418 8708 8933
f 8954 8962 8432
f 8962 8953 8832
f 8876 8692 8615
f 9136 8994 8909
f 8915 8616 8497
f 8463 8734 8616
f 9085 8735 8556
f 8413 8810 8617
f 9042 8618 8549
f 8458 8693 8618
f 8868 8619 8445
f 8507 8782 8619
f 9128 9108 8620
f 9108 8521 8883
f 8790 8621 8521
f 8445 8577 8621
f 8730 8622 8467
f 8480 8776 8905
f 8961 8623 8449
f 9098 8846 8404
f 155 9119 156
f 8473 8747 8624
f 8674 8625 8457
f 8934 8661 8508
f 8893 8811 8415
f 9068 8796 8501
f 9114 8627 8448
f 9115 8464 8724
f 9030 8628 8545
f 8917 8438 8628
f 9014 8629 9132
f 8486 8800 8629
f 8983 8630 8442
f 8705 8444 8637
f 9035 8910 8631
f 9087 123 8898
f 201 8632 115
f 200 199 8948
f 8819 8633 8425
f 8446 8643 8633
f 8613 8634 8462
f 8613 8933 9079
f 8917 8635 8438
f 8918 8392 8940
f 9120 8636 8840
f 9110 8570 8752
f 8638 9032 8444
f 9145 8955 8538
f 8599 8638 8444
f 8398 8914 8638
f 8890 8881 8424
f 9153 8706 8996
f 8406 8640 8587
f 8800 8486 8833
f 8363 8966 8362
f 8548 8775 9037
f 8808 8779 8642
f 8976 8804 8502
f 8642 8779 8446
f 9075 8791 8542
f 8963 8644 8528
f 8957 8527 8644
f 8958 8645 8527
f 8399 8820 8645
f 8949 8646 8463
f 9118 8756 8413
f 8949 8647 8524
f 8463 8616 8915
f 9025 8648 181
f 8647 8463 8648
f 9074 8649 8456
f 8392 8908 8649
f 161 9149 162
f 9051 8684 8496
f 9155 8672 8651
f 9157 8819 8425
f 8752 9027 8528
f 8573 8440 8652
f 8946 8653 9090
f 9086 8437 8853
f 8845 8654 9080
f 9059 8611 9060
f 9063 8655 9065
f 8403 8803 9047
f 9061 8656 8430
f 8448 8627 8656
f 167 8657 168
f 8991 8535 8985
f 8583 9124 8496
f 8465 8657 8895
f 8987 8659 8548
f 9151 8670 8711
f 129 8660 130
f 9084 8739 8421
f 8700 8967 8504
f 8508 8625 8934
f 8377 8826 8827
f 8969 8691 8503
f 8498 8820 8593
f 8399 8758 8663
f 9062 8664 8994
f 8664 8988 8865
f 8900 8665 8559
f 8977 8600 8938
f 9102 8725 8474
f 8372 8373 8666
f 8975 8667 9093
f 172 171 8823
f 8968 8668 8506
f 8457 8625 9069
f 8907 8669 8595
f 9088 8781 8497
f 8711 8670 8492
f 9042 8549 9015
f 8632 8948 8471
f 198 197 9024
f 9157 8672 8530
f 8651 8451 9155
f 8660 8673 8469
f 8660 8531 8673
f 8833 8674 8457
f 8529 8971 8674
f 116 8675 117
f 116 8632 8675
f 8927 8676 8514
f 8452 8598 9078
f 8873 8677 8453
f 8412 8755 8677
f 9105 8678 8453
f 8558 8718 8678
f 9043 8679 8483
f 8618 8366 8679
f 8839 8863 8410
f 8864 8681 8459
f 8680 8864 8459
f 8396 8834 8681
f 8886 9089 8563
f 8604 8550 8682
f 8589 8683 8416
f 9099 8743 8490
f 8942 8684 8410
f 8496 8650 9051
f 9098 8961 8515
f 8567 9111 8685
f 8379 8686 8378
f 8899 8582 8482
f 9029 8687 8455
f 8400 8938 8687
f 8835 8688 8455
f 9137 8767 8426
f 8607 8689 8519
f 8982 8533 8981
f 8809 8690 8513
f 8980 8742 8488
f 8733 9026 8468
f 8990 8817 8503
f 9018 8692 8425
f 8542 9019 8692
f 8966 8995 8548
f 8364 8365 8693
f 8573 8694 8482
f 9034 8676 8419
f 8757 8695 8489
f 8673 8421 8695
f 9105 8696 9104
f 8526 8777 9004
f 130 8697 131
f 8660 8469 8697
f 8897 8698 8520
f 9117 8695 8757
f 119 8699 120
f 119 118 8892
f 8965 8967 8435
f 8816 145 144
f 8390 8763 8389
f 9020 8782 8507
f 9053 8702 8461
f 8552 8797 8702
f 8930 8703 8461
f 9041 8802 8405
f 8909 8704 8393
f 8536 8930 8704
f 8404 8705 8637
f 8630 8522 8705
f 8626 8706 8415
f 9153 8639 8881
f 8861 8707 8436
f 8933 8613 9066
f 9049 8870 8708
f 8456 8707 8708
f 9156 8709 8423
f 8456 8649 8709
f 8764 9005 8520
f 8594 134 8710
f 8659 8711 8407
f 8659 8458 9151
f 8988 8712 8547
f 8712 9092 9081
f 8756 8970 8484
f 8970 8806 8713
f 8924 8891 8714
f 8516 8870 9049
f 8817 8715 8474
f 8412 8677 8925
f 9101 8716 8433
f 8474 8715 8936
f 8920 8717 8448
f 8534 8919 8717
f 9095 8857 8466
f 8401 8678 8718
f 8709 9017 8423
f 8525 8807 8719
f 8807 8720 8466
f 8993 8773 8428
f 9159 8721 9039
f 9056 8698 8757
f 9070 8722 9023
f 8550 9071 8722
f 8823 8723 8494
f 170 169 8723
f 8627 8724 8394
f 8627 8569 8724
f 8474 8725 8666
f 8578 9003 8725
f 8946 8726 8394
f 8946 8947 8726
f 8454 8727 8588
f 8611 140 8727
f 9013 8728 8487
f 8884 8478 8766
f 8737 9040 8499
f 8728 8396 8729
f 8944 8730 8408
f 8480 8622 8730
f 8972 8731 8541
f 8893 8485 9144
f 8836 8732 8529
f 9048 8746 8540
f 8419 8742 8980
f 8488 8755 9026
f 8646 8734 8463
f 9141 8735 8464
f 8556 8735 8617
f 8464 8734 9141
f 8386 8736 8586
f 8387 8388 8902
f 8863 8737 8499
f 8434 8785 8887
f 8867 8738 8475
f 127 126 8738
f 8867 8739 8531
f 8475 8901 8739
f 8795 8740 8502
f 8491 8794 8740
f 8668 8741 8397
f 8625 8508 8741
f 8676 8742 8419
f 8598 8488 8742
f 9152 8743 9099
f 191 190 8743
f 9127 8749 8561
f 8473 8624 8812
f 8595 8745 8443
f 8595 8534 8745
f 8732 9048 8540
f 8467 8622 8926
f 8749 8839 8473
f 8684 8460 8747
f 8465 8748 8580
f 9103 8680 8459
f 8561 8749 8744
f 9146 8564 8749
f 9112 9021 8750
f 8545 8628 8750
f 8992 8751 8441
f 8921 194 193
f 9027 8752 8402
f 8964 8447 9110
f 8631 8753 8442
f 8818 8424 8848
f 9064 8754 8551
f 8488 8598 8754
f 8677 8755 8551
f 8412 8691 9026
f 9012 8756 8484
f 8413 8646 9118
f 8721 8757 8489
f 8698 8469 8757
f 8663 8758 8567
f 9039 8509 9159
f 9139 8759 8543
f 8477 8772 8759
f 8585 8760 8495
f 8433 8584 8760
f 9164 8761 8572
f 142 141 9116
f 8845 8762 8470
f 8575 8435 8762
f 9020 8763 8476
f 8701 8389 8763
f 9005 8764 8476
f 8520 8698 8764
f 8771 9131 8406
f 9016 8767 8478
f 8834 8766 8544
f 8396 8728 8766
f 8765 9016 8478
f 8426 9030 9137
f 8575 8768 8435
f 8479 8770 9057
f 8711 9046 8407
f 9046 8829 8769
f 8604 8770 8479
f 8397 8741 8770
f 8587 8771 8406
f 8477 8759 9139
f 8908 8772 8560
f 8392 8918 8772
f 8772 8773 8560
f 8477 8587 8773
f 8955 9082 8538
f 8429 8593 8774
f 8407 9080 8659
f 8654 8454 8775
f 9125 8776 9161
f 151 150 8905
f 9156 9004 8777
f 8526 8610 8777
f 8468 8969 8662
f 8874 8373 8374
f 8416 8808 8642
f 8493 8803 8928
f 9012 8780 8601
f 8484 8862 8780
f 8669 9088 8497
f 8557 8929 8781
f 8701 9020 8507
f 8764 8417 8782
f 8792 8783 8408
f 8486 9014 8783
f 8789 8784 8402
f 8532 8805 8927
f 9127 8785 8434
f 9161 8776 8480
f 8481 8799 8597
f 8395 8598 8786
f 8576 8787 8487
f 8576 8944 8787
f 145 8816 8945
f 8540 8746 8788
f 8752 9122 8402
f 8614 8532 8789
f 8385 8790 8384
f 8586 8621 8790
f 8643 9075 8542
f 8403 9063 8791
f 8836 8792 8408
f 8984 8674 8833
f 8681 8793 8459
f 8533 8982 8793
f 9130 8794 8441
f 8491 8811 8794
f 8804 8795 8502
f 9068 8501 8626
f 8398 8796 8795
f 8398 8638 8849
f 8702 8797 8420
f 9055 8481 8797
f 8610 8798 8436
f 8610 9058 8799
f 8597 8799 8786
f 8481 8798 8799
f 8406 8800 8640
f 8406 8629 8800
f 9115 8801 8464
f 8569 9113 8801
f 8703 9041 8405
f 8712 8462 8802
f 9075 8928 8403
f 9072 8745 8534
f 8398 8804 8612
f 8398 8795 8804
f 8832 8805 8532
f 8597 8452 8805
f 177 8806 178
f 8524 8647 8806
f 8719 8807 8466
f 9100 8560 8993
f 8596 8808 8416
f 8493 8779 8808
f 8931 8809 8513
f 8694 8419 8809
f 8617 8810 8500
f 8413 8756 8810
f 8415 8811 8626
f 8590 8794 8811
f 154 8812 155
f 8744 8473 8812
f 8814 8813 8585
f 8483 8592 8813
f 8409 8814 8585
f 8409 9015 8814
f 8679 8815 8483
f 8679 8367 8815
f 8504 8816 8700
f 8945 8788 146
f 8666 8817 8474
f 8503 8691 8990
f 8510 8818 8753
f 8510 8843 8890
f 9008 9157 8425
f 8530 8612 8819
f 8593 8820 8663
f 8498 8645 8820
f 8871 8821 8596
f 8574 8837 8821
f 8780 9093 8431
f 8667 8494 8822
f 172 8823 8667
f 171 170 8823
f 8723 8824 8494
f 8959 8580 8414
f 8471 8825 8731
f 8471 8671 8825
f 8686 8826 8378
f 8827 8662 8376
f 8513 8827 8826
f 8513 8690 8950
f 9071 8828 8409
f 8492 8670 8828
f 8479 8829 8604
f 8479 8769 8829
f 8652 8830 8573
f 8402 8784 8830
f 156 9150 157
f 8624 8460 8831
f 8614 8832 8532
f 8962 8523 8953
f 9077 8833 8457
f 8486 8792 8984
f 8681 8834 8533
f 8396 8766 8834
f 8981 8835 8455
f 8834 8544 8835
f 8792 8836 8529
f 8730 8467 8836
f 8907 8837 8557
f 8443 8821 8837
f 8482 8838 8573
f 8482 8582 8838
f 8863 8839 8564
f 8410 8684 8839
f 8956 8840 8447
f 8645 8498 8840
f 9107 8841 8429
f 8571 9120 8841
f 195 8842 196
f 8568 9144 8842
f 8898 8843 8510
f 122 121 8843
f 9095 9097 8562
f 8428 8885 8932
f 8769 8845 8407
f 8575 8762 8845
f 8602 8846 8515
f 8602 8630 8846
f 191 9152 192
f 8546 8751 8847
f 8818 8848 8522
f 8424 8599 8848
f 8599 8849 8638
f 8599 8501 8849
f 9090 8853 8850
f 8539 8714 8850
f 117 8851 118
f 117 8675 8851
f 9135 8852 8577
f 8509 8878 8852
f 8850 8853 8539
f 8653 9086 8853
f 162 8854 163
f 8650 8496 8854
f 8743 8855 8490
f 189 188 8855
f 8661 8856 8504
f 9094 8732 8540
f 8466 8857 8718
f 8562 9096 8857
f 9023 8858 8603
f 8495 8760 8858
f 8722 8859 8495
f 8409 8585 8859
f 8634 8860 8405
f 8861 8436 8609
f 8517 8861 8860
f 8517 8707 8861
f 176 8862 8713
f 8566 8780 8862
f 8410 8863 8680
f 8564 8737 8863
f 8499 8864 8680
f 8499 8729 9022
f 8994 8865 8536
f 8664 8430 8988
f 182 8866 183
f 8648 8497 8866
f 8739 8867 8475
f 8531 8904 9011
f 8586 9073 8445
f 8736 8507 8868
f 9155 9145 8637
f 8538 9044 9142
f 8418 9049 8708
f 8516 8940 9074
f 8416 8871 8596
f 8683 8490 8871
f 8873 8872 8505
f 8678 8401 8872
f 8872 8873 8678
f 8505 8925 8873
f 8503 8874 8778
f 8503 8666 8874
f 9128 9052 8875
f 9133 8380 8381
f 8889 9008 8511
f 8425 8692 8876
f 8416 8877 8589
f 8642 8502 8877
f 8399 8878 8758
f 8399 8958 8878
f 8852 9135 8509
f 8445 8619 8879
f 8639 8880 8424
f 8501 8599 8880
f 8424 8881 8639
f 9036 8699 8472
f 8617 8882 8437
f 8500 8665 8882
f 9108 8883 8620
f 8521 8621 8997
f 8728 8884 8766
f 8565 9014 9132
f 8773 8885 8428
f 8587 8506 8885
f 8932 8886 8563
f 8506 8668 8886
f 8487 8887 8576
f 8487 9040 8887
f 8876 8888 8511
f 8615 8909 8888
f 9157 9008 8651
f 8511 9002 8889
f 8881 8890 8555
f 8424 8818 8890
f 8539 8924 8714
f 8438 8635 8891
f 8851 8892 118
f 8973 8472 8699
f 8811 8893 8590
f 8415 8731 8893
f 9036 8894 8699
f 8555 8843 8894
f 9124 8895 8658
f 8657 167 8895
f 8710 9033 8520
f 132 131 8896
f 8896 8897 8520
f 8896 8697 8897
f 8631 8898 8510
f 123 122 8898
f 8379 8899 8686
f 8379 8380 8899
f 8924 8900 8559
f 8437 8882 8900
f 8978 8901 8515
f 8475 8602 8901
f 8701 8902 8388
f 8701 8507 8902
f 8767 9016 8426
f 8543 8759 8903
f 128 8904 129
f 8531 8660 8904
f 8480 8905 8622
f 8776 151 8905
f 8592 8906 8578
f 8592 8974 8906
f 8443 8907 8595
f 8443 8837 8907
f 8649 8908 8525
f 8392 8772 8908
f 8888 8909 8393
f 9136 8450 8994
f 8442 9035 8631
f 8591 9140 8910
f 9130 8911 8589
f 8441 8751 8911
f 9058 8912 8395
f 8526 8937 8912
f 9108 8913 8521
f 9129 8382 8383
f 9032 8914 8530
f 8398 8612 8914
f 8648 8915 8497
f 8648 8463 8915
f 186 8916 187
f 8837 8574 8916
f 8512 8917 8628
f 8512 8635 8917
f 8512 8918 8635
f 8512 8759 8918
f 8595 8919 8534
f 8595 8411 8919
f 8717 8920 8534
f 8448 8655 8920
f 8568 8921 8751
f 9143 195 194
f 8816 8922 8700
f 144 143 8922
f 8848 8923 8522
f 8848 8599 8923
f 8891 8924 8438
f 8539 8900 8924
f 8715 8925 8505
f 8715 8412 8925
f 149 8926 8622
f 149 148 8926
f 8532 8927 8784
f 8452 8676 8927
f 8779 8928 8643
f 8779 8493 8928
f 8837 8929 8557
f 186 185 8929
f 8704 8930 8461
f 8536 8865 8930
f 8826 8931 8513
f 8686 8482 8931
f 8844 8932 8563
f 8885 8506 8932
f 8517 8933 8708
f 9079 8634 8613
f 8427 8934 8625
f 8427 8661 8934
f 8415 8935 8731
f 8706 8472 8935
f 8474 8936 8716
f 8715 8505 8936
f 8677 9067 8453
f 8551 8912 8937
f 8977 8938 8400
f 8600 8519 8938
f 8519 8939 8607
f 8519 8600 8939
f 8635 8940 8516
f 8392 8649 8940
f 9000 8941 8537
f 8581 8954 9121
f 9103 8942 8410
f 8583 8496 8942
f 8393 8943 8581
f 8704 8461 8952
f 8787 8944 8408
f 8576 8480 8944
f 8504 8945 8816
f 8504 8856 8945
f 8947 8946 8518
f 8394 9123 8946
f 8726 8947 8462
f 8518 9066 8947
f 8471 8948 8671
f 8632 200 8948
f 9118 8949 8524
f 8463 8647 8949
f 8662 8950 8468
f 8827 8513 8950
f 8383 8951 8913
f 8384 8790 8951
f 8943 8952 8523
f 8461 8702 8952
f 8952 8953 8523
f 8702 8420 8953
f 9121 8954 8432
f 8581 8943 8954
f 8605 8955 8451
f 9082 8429 8774
f 8644 8956 8447
f 8527 8645 8956
f 8422 8957 8644
f 8422 8577 8957
f 8645 8958 8399
f 8527 8852 8958
f 8535 8959 8824
f 8535 8991 8959
f 8475 8960 8602
f 8591 9035 8960
f 9147 8961 8449
f 8685 8515 8961
f 8614 8962 8832
f 8614 8432 8962
f 9038 8963 8528
f 8620 8422 8963
f 8528 8964 8752
f 8528 8644 8964
f 8768 8965 8435
f 8768 8508 8965
f 8362 8966 8641
f 8995 8693 8987
f 8435 8967 8700
f 8965 8661 8967
f 8640 8968 8506
f 8640 9077 8968
f 8662 8969 8778
f 8468 8691 8969
f 8484 8970 8713
f 8756 8524 8970
f 9094 8971 8732
f 8427 8674 8971
f 8851 8972 8541
f 8675 8471 8972
f 8541 8973 8892
f 8541 8935 8973
f 8815 8974 8592
f 8368 8369 8974
f 8862 9031 8566
f 173 8667 8975
f 8446 8976 8642
f 8446 8612 8976
f 8500 8977 8665
f 8500 8600 8977
f 8685 8978 8515
f 8685 8421 8978
f 8455 8979 8689
f 8687 8938 8979
f 8690 8980 8733
f 8690 8419 8980
f 8414 8982 8689
f 8533 8835 8981
f 8689 8982 8981
f 8414 8793 8982
f 8753 8983 8442
f 8753 8522 8983
f 8529 8984 8792
f 8529 8674 8984
f 169 8985 8723
f 8657 8991 8985
f 9149 9028 8986
f 8606 8831 8986
f 8995 8987 8548
f 8458 8659 8987
f 8865 8988 8547
f 8430 8712 8988
f 8763 8989 8594
f 8763 8390 8989
f 8412 8990 8691
f 8412 8715 8990
f 8465 8991 8657
f 8465 8580 8991
f 8751 8992 8568
f 8441 8794 8992
f 8807 8993 8720
f 8560 8773 8993
f 9062 8994 8450
f 8664 8865 8994
f 8363 8995 8966
f 8363 8364 8995
f 8626 8996 8706
f 8626 8501 8996
f 8883 8997 8422
f 8883 8521 8997
f 8497 8998 8669
f 8616 8801 8998
f 8727 8999 8588
f 139 138 8999
f 9002 9000 8537
f 8888 8393 9000
f 9002 9001 8605
f 8537 8941 9107
f 9001 9002 8537
f 8605 8889 9002
f 8371 9003 8370
f 8371 8725 9003
f 8526 9004 8696
f 8777 8608 9156
f 9134 9005 8476
f 8710 8520 9005
f 8780 9006 8601
f 8431 8939 9006
f 8391 9007 8989
f 8391 136 9007
f 8511 9008 8876
f 8889 8651 9008
f 8828 9009 8492
f 8550 8604 9009
f 8361 9010 8360
f 8999 138 9010
f 8738 9011 127
f 8867 8531 9011
f 8780 9012 8484
f 8601 8810 9012
f 8787 9013 8487
f 8787 8783 9013
f 8783 9014 8565
f 8486 8629 9014
f 8828 9015 8409
f 8828 8670 9015
f 8543 9016 8765
f 8543 8903 9016
f 8423 9017 8719
f 8709 8525 9017
f 8633 9018 8425
f 8542 8692 9018
f 8692 9019 8450
f 8542 8791 9019
f 8763 9020 8701
f 8476 8764 9020
f 8750 9021 8545
f 8750 8559 9112
f 8864 9022 8681
f 8729 8396 9022
f 8495 9023 8722
f 8603 9096 9023
f 198 9024 8671
f 197 196 9024
f 180 9025 181
f 8647 8648 9025
f 8488 9026 8733
f 8755 8412 9026
f 8830 9027 8402
f 8652 9038 9027
f 9154 9028 160
f 8986 8650 9149
f 9030 9029 8688
f 8545 8687 9029
f 9029 9030 8545
f 8688 9137 9030
f 8566 9031 8975
f 8862 175 9031
f 8444 9032 8672
f 8638 8914 9032
f 132 9033 133
f 8896 8520 9033
f 8514 9034 8694
f 8514 8676 9034
f 8960 9035 8442
f 8591 8910 9035
f 8555 9036 8881
f 8555 8894 9036
f 8548 9037 8641
f 8775 8454 9037
f 8440 9038 8652
f 8620 8963 9038
f 8509 9039 8878
f 8721 8489 9039
f 8499 9040 8729
f 8737 8887 9040
f 8547 9041 8703
f 8547 8802 9041
f 9151 9042 8670
f 8458 8618 9042
f 8549 9043 8814
f 8549 8679 9043
f 8774 9044 8538
f 8774 8449 9044
f 8724 9045 8394
f 8724 8464 9085
f 8407 9046 8769
f 8711 8492 9046
f 8534 9047 8803
f 8920 8655 9047
f 8467 9048 8732
f 8467 8746 9048
f 8714 9049 8418
f 8714 8516 9049
f 9096 9050 8439
f 8844 8563 9050
f 8986 9051 8650
f 8460 8684 9051
f 8875 9052 8582
f 8875 8579 9128
f 8703 9053 8461
f 8703 9054 9053
f 9053 9054 8552
f 8703 8405 9054
f 8552 9055 8797
f 9138 8609 8481
f 8721 9056 8757
f 8417 8698 9056
f 8479 9057 8768
f 8770 8741 9057
f 8799 9058 8395
f 8610 8526 9058
f 8845 9059 8654
f 8470 9116 9059
f 8454 9060 8727
f 8454 8654 9060
f 9062 9061 8664
f 8554 9065 9061
f 9019 9062 8450
f 8554 9061 9062
f 8791 9063 8554
f 8403 9047 9063
f 8755 9064 8551
f 8755 8488 9064
f 9063 9065 8554
f 8655 8448 9065
f 8947 9066 8613
f 8518 8850 9066
f 8453 9067 8937
f 8677 8551 9067
f 8811 9068 8626
f 8491 8796 9068
f 8741 9069 8625
f 8741 8668 9069
f 8682 9070 8439
f 8550 8722 9070
f 8859 9071 8409
f 8550 9009 9071
f 8493 9072 8803
f 8493 8745 9072
f 8445 9073 8868
f 8586 8736 9073
f 8870 9074 8456
f 8870 8516 9074
f 8928 9075 8643
f 8403 8791 9075
f 8854 9076 164
f 8854 8496 9076
f 8968 9077 8457
f 8640 8800 9077
f 8452 9078 8676
f 8598 8742 9078
f 8517 9079 8933
f 8517 8634 9079
f 8775 9080 8654
f 8775 8659 9080
f 8430 9092 8712
f 8553 8726 9081
f 8605 9082 8955
f 8605 9001 9082
f 8718 9083 8401
f 8857 8603 9083
f 8531 9084 8673
f 8531 8739 9084
f 9045 9085 8556
f 8464 8735 9085
f 9123 9086 8653
f 8556 8617 9086
f 8910 9087 8631
f 124 123 9087
f 8557 9088 8669
f 8557 8781 9088
f 8682 9089 8604
f 8682 8563 9089
f 8946 9090 8518
f 8653 8853 9090
f 8627 9091 8553
f 8394 8726 9091
f 8656 9092 8430
f 8656 8553 9092
f 8822 9093 8667
f 8822 8431 9093
f 8427 9094 8856
f 8427 8971 9094
f 8720 9095 8466
f 8720 9097 9095
f 8844 9096 8562
f 8439 9023 9096
f 8562 9097 8844
f 8720 8428 9097
f 8961 9098 8623
f 8515 8846 9098
f 8911 9099 8683
f 8546 9152 9099
f 8525 9100 8807
f 8525 8908 9100
f 8592 9101 8433
f 8578 9102 9101
f 8725 9102 8578
f 8474 8716 9102
f 8583 9103 8748
f 8583 8942 9103
f 9105 9104 8558
f 8696 8423 9104
f 8678 9105 8558
f 8453 8937 9105
f 8719 9106 8558
f 8719 8466 9106
f 8537 9107 9001
f 8571 8841 9107
f 8440 9128 8620
f 8579 8913 9108
f 8432 9109 8636
f 8432 8614 9109
f 8840 9110 8447
f 9109 8570 9110
f 9148 9111 8567
f 8695 8421 9111
f 8665 9112 8559
f 8400 9021 9112
f 8801 9113 8411
f 8569 9114 9113
f 8717 9114 8448
f 8717 9113 9114
f 8569 9115 8724
f 8569 8801 9115
f 9059 9116 8611
f 8761 142 9116
f 8469 9117 8757
f 8469 8673 9117
f 8949 9118 8646
f 8524 8756 9118
f 8812 9119 155
f 8812 8624 9119
f 8841 9120 8498
f 8571 8636 9120
f 8636 9121 8432
f 8571 8941 9121
f 8402 9122 8789
f 8752 8570 9122
f 8946 9123 8653
f 9045 8556 9123
f 8748 9124 8583
f 8465 8895 9124
f 9126 9125 8561
f 152 8776 9125
f 8744 9126 8561
f 8744 154 9126
f 8749 9127 8434
f 8561 9125 9161
f 9052 9128 8440
f 8579 9108 9128
f 8579 9129 8913
f 8579 8875 9129
f 8911 9130 8441
f 8589 8740 9130
f 8406 9131 8765
f 8771 9139 9131
f 8765 9132 8629
f 8478 8884 9132
f 8582 9133 8875
f 8582 8899 9133
f 8710 9134 8594
f 8710 9005 9134
f 8445 9135 8577
f 8879 8509 9135
f 8615 9136 8909
f 8615 8692 9136
f 8544 9137 8688
f 8544 8767 9137
f 8552 9138 9055
f 8552 9054 9138
f 9131 9139 8543
f 8771 8477 9139
f 126 9140 8738
f 126 125 9140
f 8646 9141 8734
f 8646 8413 9141
f 8538 9142 8869
f 8623 9098 9142
f 8568 9143 8921
f 8568 8842 9143
f 8992 9144 8568
f 8992 8590 9144
f 8637 9145 8869
f 8451 8955 9145
f 8434 9146 8749
f 8434 8737 9146
f 8663 9147 8449
f 8567 8685 9147
f 8758 9148 8567
f 8489 8695 9148
f 8854 9149 8650
f 161 9028 9149
f 8831 9150 8624
f 8831 9160 9150
f 8659 9151 8711
f 8458 9042 9151
f 8847 9152 8546
f 8847 192 9152
f 8706 9153 8472
f 8996 8639 9153
f 159 9154 160
f 159 158 9154
f 9145 9155 8451
f 8637 8672 9155
f 8709 9156 8608
f 8423 9004 9156
f 8672 9157 8651
f 8530 8819 9157
f 8895 9158 8658
f 8895 167 9158
f 8879 9159 8509
f 8879 8619 9159
f 9150 9160 157
f 8831 8606 9160
f 9127 9161 8785
f 9127 8561 9161
f 9163 9162 8572
f 8762 8435 9162
f 8761 9163 8572
f 8761 8470 9163
f 142 9164 143
f 8572 8922 9164
